Filter(s),,,Name,Tier,Team(s),Franchise(s),Conference,SBV,TS,GP,PWE,WP,W,L,P,SP,NP,G,A,Sv,S,S%,P/A,SP/A,NP/A,G/A,A/A,Sv/A,S/A,P/G,SP/G,NP/G,G/G,A/G,Sv/G,S/G,tm_G,opp_G,tm_G/A,opp_G/A,tm_G/G,opp_G/G
Stat,Condition,,Lockdown3501,Prospect,Sparks,Electric Mayhem,Lunar,115.0,161,11,0.609,0.636,7,4,5328,3440,1888,21,8,9,49,42.9%,417.8,269.7,148.0,1.65,0.63,0.71,3.84,484.4,312.7,171.6,1.91,0.73,0.82,4.45,37,28,2.90,2.20,3.36,2.55
GP,,,Zoose,Prospect,Dolphins,The Ocean,Solar,101.6,642,53,0.677,0.660,35,18,20602,12220,8382,70,31,40,167,41.9%,405.1,240.3,164.8,1.38,0.61,0.79,3.28,388.7,230.6,158.2,1.32,0.58,0.75,3.15,159,100,3.13,1.97,3.00,1.89
,,,Niceguydbone98,Prospect,Fire Ants,The Swarm,Solar,99.8,133,11,0.542,0.545,6,5,4333,2580,1753,14,8,10,28,50.0%,411.3,244.9,166.4,1.33,0.76,0.95,2.66,393.9,234.5,159.4,1.27,0.73,0.91,2.55,31,28,2.94,2.66,2.82,2.55
,,,Major Bumbo,Prospect,Breadsticks,Fifty-Fifty Pizzeria,Lunar,99.3,159,12,0.702,0.667,8,4,4656,2890,1766,12,10,15,44,27.3%,369.7,229.5,140.2,0.95,0.79,1.19,3.49,388.0,240.8,147.2,1.00,0.83,1.25,3.67,32,18,2.54,1.43,2.67,1.50
,,,Jutsin,Prospect,Firecrackers,Fallout Shelter,Solar,88.4,574,45,0.668,0.689,31,14,17105,9640,7465,48,35,38,119,40.3%,376.2,212.0,164.2,1.06,0.77,0.84,2.62,380.1,214.2,165.9,1.07,0.78,0.84,2.64,130,83,2.86,1.83,2.89,1.84
,,,Foolproofanne,Prospect,"Fire Ants
Drizzle","The Swarm
Storm",Solar,85.3,104,8,0.845,0.875,7,1,3309,1960,1349,9,4,13,21,42.9%,401.7,237.9,163.8,1.09,0.49,1.58,2.55,413.6,245.0,168.6,1.13,0.50,1.63,2.63,25,8,3.03,0.97,3.13,1.00
,,,Clint9Smith,Prospect,Dolphins,The Ocean,Solar,82.6,151,11,0.764,0.818,9,2,4080,2510,1570,9,11,15,31,29.0%,341.1,209.9,131.3,0.75,0.92,1.25,2.59,370.9,228.2,142.7,0.82,1.00,1.36,2.82,40,19,3.34,1.59,3.64,1.73
,,,Confetti.,Prospect,Huskies,Dog Pound,Solar,81.1,622,51,0.595,0.569,29,22,18463,10510,7953,51,29,54,126,40.5%,374.7,213.3,161.4,1.04,0.59,1.10,2.56,362.0,206.1,155.9,1.00,0.57,1.06,2.47,140,110,2.84,2.23,2.75,2.16
,,,Packrat31306,Prospect,Huskies,Dog Pound,Solar,75.6,615,50,0.590,0.540,27,23,17392,10380,7012,65,22,29,133,48.9%,357.0,213.1,143.9,1.33,0.45,0.60,2.73,347.8,207.6,140.2,1.30,0.44,0.58,2.66,143,114,2.94,2.34,2.86,2.28
,,,Wolfocus,Prospect,Spirits,The Astronauts,Solar,74.9,55,4,0.695,1.000,4,0,1671,1030,641,2,3,12,8,25.0%,383.6,236.4,147.1,0.46,0.69,2.75,1.84,417.8,257.5,160.3,0.50,0.75,3.00,2.00,9,5,2.07,1.15,2.25,1.25
,,,Robwobwob,Prospect,Firecrackers,Fallout Shelter,Solar,72.0,686,52,0.619,0.673,35,17,18378,11130,7248,58,37,44,128,45.3%,338.2,204.8,133.4,1.07,0.68,0.81,2.36,353.4,214.0,139.4,1.12,0.71,0.85,2.46,151,111,2.78,2.04,2.90,2.13
,,,Iwumbo Zz,Prospect,Compost Bins,Waste Management,Solar,67.8,470,37,0.571,0.486,18,19,11952,6780,5172,26,26,39,93,28.0%,321.0,182.1,138.9,0.70,0.70,1.05,2.50,323.0,183.2,139.8,0.70,0.70,1.05,2.51,95,79,2.55,2.12,2.57,2.14
Sort(s),,,Thewaterboy357,Prospect,Dolphins,The Ocean,Solar,67.2,616,52,0.679,0.654,34,18,15775,9170,6605,49,34,29,112,43.8%,323.3,187.9,135.4,1.00,0.70,0.59,2.30,303.4,176.3,127.0,0.94,0.65,0.56,2.15,155,97,3.18,1.99,2.98,1.87
Stat,Order,,Neeks,Prospect,Gorgons,πολύ κεφάλη,Lunar,66.4,586,51,0.566,0.608,31,20,16579,9000,7579,44,20,51,105,41.9%,357.2,193.9,163.3,0.95,0.43,1.10,2.26,325.1,176.5,148.6,0.86,0.39,1.00,2.06,106,89,2.28,1.92,2.08,1.75
Tier,,,Shadowasders,Prospect,Drizzle,Storm,Solar,66.0,50,4,0.500,0.750,3,1,1530,930,600,4,1,8,8,50.0%,386.3,234.8,151.5,1.01,0.25,2.02,2.02,382.5,232.5,150.0,1.00,0.25,2.00,2.00,9,9,2.27,2.27,2.25,2.25
Tier,Desc,,Limitedd—,Prospect,Compost Bins,Waste Management,Solar,64.5,663,51,0.603,0.569,29,22,17511,10290,7221,58,18,43,144,40.3%,333.4,195.9,137.5,1.10,0.34,0.82,2.74,343.4,201.8,141.6,1.14,0.35,0.84,2.82,129,98,2.46,1.87,2.53,1.92
SBV,Desc,,A.,Prospect,Leopards,Apex Predators,Solar,63.2,503,39,0.430,0.410,16,23,13138,7230,5908,38,15,32,108,35.2%,329.8,181.5,148.3,0.95,0.38,0.80,2.71,336.9,185.4,151.5,0.97,0.38,0.82,2.77,86,103,2.16,2.59,2.21,2.64
,,,Drkincaid,Prospect,"Pickles
Fire Ants","The Garden
The Swarm",Solar,62.2,437,36,0.431,0.306,11,25,11814,5820,5994,19,20,44,72,26.4%,341.3,168.1,173.2,0.55,0.58,1.27,2.08,328.2,161.7,166.5,0.53,0.56,1.22,2.00,64,77,1.85,2.22,1.78,2.14
,,,Dirtyrandii,Prospect,Ravens,The Birdcage,Lunar,60.9,141,10,0.561,0.500,5,5,3563,2280,1283,11,5,13,28,39.3%,319.0,204.1,114.9,0.98,0.45,1.16,2.51,356.3,228.0,128.3,1.10,0.50,1.30,2.80,27,23,2.42,2.06,2.70,2.30
,,,Dfitz,Prospect,Drizzle,Storm,Solar,60.6,389,29,0.517,0.483,14,15,10197,5990,4207,25,13,42,74,33.8%,330.9,194.4,136.5,0.81,0.42,1.36,2.40,351.6,206.6,145.1,0.86,0.45,1.45,2.55,68,65,2.21,2.11,2.34,2.24
,,,Zach Is Cobra,Prospect,Sparks,Electric Mayhem,Lunar,58.4,693,54,0.506,0.519,28,26,18120,9930,8190,38,29,71,113,33.6%,330.1,180.9,149.2,0.69,0.53,1.29,2.06,335.6,183.9,151.7,0.70,0.54,1.31,2.09,128,126,2.33,2.30,2.37,2.33
,,,Geeky Tahm,Prospect,"Spartans
Penguins","The Sovereign
Polar Vortex",Lunar,58.3,733,58,0.421,0.414,24,34,19415,10240,9175,48,18,62,144,33.3%,334.4,176.4,158.0,0.83,0.31,1.07,2.48,334.7,176.6,158.2,0.83,0.31,1.07,2.48,112,138,1.93,2.38,1.93,2.38
,,,Its A Cookie Dusta,Prospect,"Pickles
Spirits","The Garden
The Astronauts",Solar,58.3,103,8,0.673,0.875,7,1,2644,1550,1094,8,3,8,20,40.0%,324.1,190.0,134.1,0.98,0.37,0.98,2.45,330.5,193.8,136.8,1.00,0.38,1.00,2.50,21,13,2.57,1.59,2.63,1.63
,,,Beerliveshere,Prospect,Firecrackers,Fallout Shelter,Solar,58.2,542,41,0.610,0.659,27,14,12443,7180,5263,32,30,29,103,31.1%,289.8,167.2,122.6,0.75,0.70,0.68,2.40,303.5,175.1,128.4,0.78,0.73,0.71,2.51,117,88,2.73,2.05,2.85,2.15
,,,Heartless,Prospect,Gorgons,πολύ κεφάλη,Lunar,57.1,618,54,0.504,0.556,30,24,16107,8100,8007,36,15,50,125,28.8%,329.0,165.5,163.6,0.74,0.31,1.02,2.55,298.3,150.0,148.3,0.67,0.28,0.93,2.31,102,101,2.08,2.06,1.89,1.87
,,,That Guy From That Thing,Prospect,Ravens,The Birdcage,Lunar,54.5,653,53,0.529,0.472,25,28,16270,8870,7400,40,25,50,112,35.7%,314.6,171.5,143.1,0.77,0.48,0.97,2.17,307.0,167.4,139.6,0.75,0.47,0.94,2.11,125,116,2.42,2.24,2.36,2.19
,,,Hype_Ezy,Prospect,Gorgons,πολύ κεφάλη,Lunar,54.4,101,10,0.730,0.800,8,2,2325,1140,1185,5,5,4,19,26.3%,290.6,142.5,148.1,0.62,0.62,0.50,2.37,232.5,114.0,118.5,0.50,0.50,0.40,1.90,23,12,2.87,1.50,2.30,1.20
,,,Vartonex,Prospect,Spirits,The Astronauts,Solar,54.2,545,42,0.460,0.524,22,20,13104,7650,5454,36,25,38,90,40.0%,303.6,177.2,126.3,0.83,0.58,0.88,2.08,312.0,182.1,129.9,0.86,0.60,0.90,2.14,103,114,2.39,2.64,2.45,2.71
,,,Jpass,Prospect,Breadsticks,Fifty-Fifty Pizzeria,Lunar,54.0,64,4,0.299,0.000,0,4,1220,750,470,2,6,3,10,20.0%,240.7,147.9,92.7,0.39,1.18,0.59,1.97,305.0,187.5,117.5,0.50,1.50,0.75,2.50,8,14,1.58,2.76,2.00,3.50
,,,Lucky Ducky,Prospect,Stargazers,The Abyss,Lunar,53.2,553,43,0.457,0.465,20,23,13248,7450,5798,31,20,46,105,29.5%,302.4,170.1,132.4,0.71,0.46,1.05,2.40,308.1,173.3,134.8,0.72,0.47,1.07,2.44,104,116,2.37,2.65,2.42,2.70
,,,Hexzy.,Prospect,"Fire Ants
Stargazers","The Swarm
The Abyss",Solar,52.8,414,31,0.438,0.419,13,18,10143,5170,4973,22,14,30,77,28.6%,309.3,157.7,151.6,0.67,0.43,0.91,2.35,327.2,166.8,160.4,0.71,0.45,0.97,2.48,60,71,1.83,2.17,1.94,2.29
,,,Humble Potato,Prospect,Breadsticks,Fifty-Fifty Pizzeria,Lunar,52.2,666,52,0.469,0.462,24,28,16483,9130,7353,42,19,55,123,34.1%,312.5,173.1,139.4,0.80,0.36,1.04,2.33,317.0,175.6,141.4,0.81,0.37,1.06,2.37,119,129,2.26,2.45,2.29,2.48
,,,Zcgentry,Prospect,Drizzle,Storm,Solar,52.0,570,45,0.598,0.622,28,17,14002,7820,6182,37,22,42,92,40.2%,310.1,173.2,136.9,0.82,0.49,0.93,2.04,311.2,173.8,137.4,0.82,0.49,0.93,2.04,109,84,2.41,1.86,2.42,1.87
,,,Johnmoney4,Prospect,Compost Bins,Waste Management,Solar,51.9,368,28,0.592,0.536,15,13,9328,5300,4028,20,16,40,50,40.0%,320.0,181.8,138.2,0.69,0.55,1.37,1.72,333.1,189.3,143.9,0.71,0.57,1.43,1.79,69,54,2.37,1.85,2.46,1.93
,,,Marq,Prospect,Spirits,The Astronauts,Solar,51.9,648,49,0.402,0.388,19,30,15524,8510,7014,39,28,43,106,36.8%,302.4,165.8,136.7,0.76,0.55,0.84,2.07,316.8,173.7,143.1,0.80,0.57,0.88,2.16,117,150,2.28,2.92,2.39,3.06
,,,Intrude_N313,Prospect,Breadsticks,Fifty-Fifty Pizzeria,Lunar,51.6,435,35,0.586,0.629,22,13,10086,5700,4386,30,21,19,70,42.9%,292.7,165.4,127.3,0.87,0.61,0.55,2.03,288.2,162.9,125.3,0.86,0.60,0.54,2.00,83,66,2.41,1.92,2.37,1.89
,,,Xdarkassassin50,Prospect,Breadsticks,Fifty-Fifty Pizzeria,Lunar,51.1,784,60,0.500,0.500,30,30,18966,10420,8546,43,30,66,132,32.6%,305.4,167.8,137.6,0.69,0.48,1.06,2.13,316.1,173.7,142.4,0.72,0.50,1.10,2.20,141,141,2.27,2.27,2.35,2.35
,,,Greedy Snake Lord,Prospect,Drizzle,Storm,Solar,50.4,673,53,0.603,0.642,34,19,15486,8870,6616,39,27,48,122,32.0%,290.5,166.4,124.1,0.73,0.51,0.90,2.29,292.2,167.4,124.8,0.74,0.51,0.91,2.30,123,93,2.31,1.74,2.32,1.75
,,,Kozaky,Prospect,"Ravens
Dolphins","The Birdcage
The Ocean",Lunar,49.5,523,45,0.550,0.489,22,23,12620,6750,5870,34,15,33,95,35.8%,304.6,162.9,141.7,0.82,0.36,0.80,2.29,280.4,150.0,130.4,0.76,0.33,0.73,2.11,108,95,2.61,2.29,2.40,2.11
,,,Electrify7,Prospect,Pickles,The Garden,Lunar,49.3,594,51,0.381,0.471,24,27,15071,8110,6961,35,16,57,96,36.5%,320.3,172.4,147.9,0.74,0.34,1.21,2.04,295.5,159.0,136.5,0.69,0.31,1.12,1.88,93,127,1.98,2.70,1.82,2.49
,,,Treefrog,Prospect,Ravens,The Birdcage,Lunar,49.3,595,48,0.497,0.417,20,28,13691,7620,6071,41,26,25,97,42.3%,290.5,161.7,128.8,0.87,0.55,0.53,2.06,285.2,158.8,126.5,0.85,0.54,0.52,2.02,113,114,2.40,2.42,2.35,2.38
,,,Ukcats019,Prospect,Dolphins,The Ocean,Solar,47.5,553,46,0.677,0.674,31,15,12796,7670,5126,38,22,38,87,43.7%,292.1,175.1,117.0,0.87,0.50,0.87,1.99,278.2,166.7,111.4,0.83,0.48,0.83,1.89,138,87,3.15,1.99,3.00,1.89
,,,S1Nnerreborn,Prospect,Leopards,Apex Predators,Solar,45.4,670,54,0.399,0.407,22,32,15535,8170,7365,35,25,47,107,32.7%,292.7,153.9,138.8,0.66,0.47,0.89,2.02,287.7,151.3,136.4,0.65,0.46,0.87,1.98,115,149,2.17,2.81,2.13,2.76
,,,Alienhealer,Prospect,Spartans,The Sovereign,Lunar,44.7,642,47,0.507,0.489,23,24,14606,7810,6796,31,26,48,101,30.7%,287.2,153.6,133.6,0.61,0.51,0.94,1.99,310.8,166.2,144.6,0.66,0.55,1.02,2.15,101,99,1.99,1.95,2.15,2.11
,,,Larry The Lizard,Prospect,Stargazers,The Abyss,Lunar,44.7,62,4,0.542,0.750,3,1,1448,900,548,3,2,8,10,30.0%,294.8,183.3,111.6,0.61,0.41,1.63,2.04,362.0,225.0,137.0,0.75,0.50,2.00,2.50,9,8,1.83,1.63,2.25,2.00
,,,Superduperbam,Prospect,Firecrackers,Fallout Shelter,Solar,44.2,550,42,0.594,0.643,27,15,12349,7300,5049,33,20,42,90,36.7%,283.5,167.6,115.9,0.76,0.46,0.96,2.07,294.0,173.8,120.2,0.79,0.48,1.00,2.14,115,90,2.64,2.07,2.74,2.14
,,,Young_Dylon,Prospect,Penguins,Polar Vortex,Lunar,44.1,678,57,0.401,0.404,23,34,16607,8140,8467,30,19,63,104,28.8%,309.2,151.6,157.7,0.56,0.35,1.17,1.94,291.4,142.8,148.5,0.53,0.33,1.11,1.82,108,140,2.01,2.61,1.89,2.46
,,,Honeybadgermo,Prospect,Spartans,The Sovereign,Lunar,43.2,802,59,0.491,0.492,29,30,18221,10300,7921,44,33,62,115,38.3%,286.8,162.1,124.7,0.69,0.52,0.98,1.81,308.8,174.6,134.3,0.75,0.56,1.05,1.95,129,132,2.03,2.08,2.19,2.24
,,,Dspencer96,Prospect,Spirits,The Astronauts,Solar,43.0,225,17,0.420,0.412,7,10,5346,2740,2606,11,7,19,34,32.4%,300.0,153.7,146.2,0.62,0.39,1.07,1.91,314.5,161.2,153.3,0.65,0.41,1.12,2.00,40,49,2.24,2.75,2.35,2.88
,,,Jayhawks1985,Prospect,Leopards,Apex Predators,Solar,42.4,494,40,0.388,0.375,15,25,11106,5890,5216,30,17,25,79,38.0%,283.8,150.5,133.3,0.77,0.43,0.64,2.02,277.7,147.3,130.4,0.75,0.43,0.63,1.98,80,107,2.04,2.73,2.00,2.68
,,,Riptidebongolio,Prospect,"Penguins
Spartans","Polar Vortex
The Sovereign",Lunar,41.7,492,38,0.513,0.526,20,18,11386,6390,4996,31,15,36,74,41.9%,292.2,164.0,128.2,0.80,0.38,0.92,1.90,299.6,168.2,131.5,0.82,0.39,0.95,1.95,87,84,2.23,2.16,2.29,2.21
,,,Flyinhi13,Prospect,"Ravens
Huskies
Drizzle","The Birdcage
Dog Pound
Storm",Solar,40.9,195,15,0.527,0.533,8,7,4488,2450,2038,9,4,20,35,25.7%,290.6,158.6,131.9,0.58,0.26,1.29,2.27,299.2,163.3,135.9,0.60,0.27,1.33,2.33,27,25,1.75,1.62,1.80,1.67
,,,Sacoza029,Prospect,Pickles,The Garden,Lunar,40.8,631,53,0.386,0.472,25,28,15300,8020,7280,38,18,50,82,46.3%,306.1,160.5,145.7,0.76,0.36,1.00,1.64,288.7,151.3,137.4,0.72,0.34,0.94,1.55,102,137,2.04,2.74,1.92,2.58
,,,Flez,Prospect,Sparks,Electric Mayhem,Lunar,40.1,752,57,0.531,0.561,32,25,16293,9400,6893,40,31,55,110,36.4%,273.5,157.8,115.7,0.67,0.52,0.92,1.85,285.8,164.9,120.9,0.70,0.54,0.96,1.93,143,132,2.40,2.22,2.51,2.32
,,,Billyspleen13,Prospect,Spirits,The Astronauts,Solar,39.7,703,52,0.430,0.462,24,28,15805,9280,6525,48,20,48,108,44.4%,283.8,166.7,117.2,0.86,0.36,0.86,1.94,303.9,178.5,125.5,0.92,0.38,0.92,2.08,130,155,2.33,2.78,2.50,2.98
,,,Reinhardt,Prospect,Sparks,Electric Mayhem,Lunar,39.2,665,52,0.528,0.577,30,22,15002,8660,6342,48,20,38,96,50.0%,284.8,164.4,120.4,0.91,0.38,0.72,1.82,288.5,166.5,122.0,0.92,0.38,0.73,1.85,132,123,2.51,2.34,2.54,2.37
,,,Kazbeatz,Prospect,"Ravens
Fire Ants","The Birdcage
The Swarm",Lunar,38.9,155,12,0.500,0.417,5,7,3712,1990,1722,6,5,19,19,31.6%,302.3,162.1,140.3,0.49,0.41,1.55,1.55,309.3,165.8,143.5,0.50,0.42,1.58,1.58,26,26,2.12,2.12,2.17,2.17
,,,Way2S1Kk,Prospect,Compost Bins,Waste Management,Solar,38.7,602,47,0.618,0.574,27,20,12166,6930,5236,33,24,28,103,32.0%,255.1,145.3,109.8,0.69,0.50,0.59,2.16,258.9,147.4,111.4,0.70,0.51,0.60,2.19,118,86,2.47,1.80,2.51,1.83
,,,Native Killer63,Prospect,Stargazers,The Abyss,Lunar,38.7,143,11,0.445,0.455,5,6,3056,1700,1356,9,4,7,25,36.0%,269.8,150.1,119.7,0.79,0.35,0.62,2.21,277.8,154.5,123.3,0.82,0.36,0.64,2.27,27,31,2.38,2.74,2.45,2.82
,,,Salad Fingers,Prospect,"Fire Ants
Pickles","The Swarm
The Garden",Lunar,38.3,542,46,0.408,0.457,21,25,12066,6220,5846,29,19,32,77,37.7%,281.1,144.9,136.2,0.68,0.44,0.75,1.79,262.3,135.2,127.1,0.63,0.41,0.70,1.67,100,126,2.33,2.93,2.17,2.74
,,,Juststopbrah,Prospect,Huskies,Dog Pound,Solar,37.2,720,58,0.542,0.500,29,29,15289,8220,7069,32,36,47,87,36.8%,268.1,144.1,124.0,0.56,0.63,0.82,1.53,263.6,141.7,121.9,0.55,0.62,0.81,1.50,150,135,2.63,2.37,2.59,2.33
,,,Thatjuanguy,Prospect,Stargazers,The Abyss,Lunar,37.2,389,30,0.433,0.433,13,17,8360,4940,3420,28,10,20,64,43.8%,271.3,160.3,111.0,0.91,0.32,0.65,2.08,278.7,164.7,114.0,0.93,0.33,0.67,2.13,70,83,2.27,2.69,2.33,2.77
,,,Thunderama,Prospect,"Ravens
Sparks","The Birdcage
Electric Mayhem",Lunar,37.2,100,8,0.699,0.625,5,3,2397,1450,947,8,1,9,15,53.3%,302.6,183.1,119.6,1.01,0.13,1.14,1.89,299.6,181.3,118.4,1.00,0.13,1.13,1.88,21,12,2.65,1.51,2.63,1.50
,,,Plunger Hat,Prospect,Penguins,Polar Vortex,Lunar,34.4,458,38,0.340,0.289,11,27,10026,5420,4606,19,19,41,52,36.5%,276.4,149.4,127.0,0.52,0.52,1.13,1.43,263.8,142.6,121.2,0.50,0.50,1.08,1.37,71,108,1.96,2.98,1.87,2.84
,,,P1Ckle_Sm00Cher,Prospect,"Stargazers
Fire Ants","The Abyss
The Swarm",Lunar,34.0,520,42,0.426,0.357,15,27,10994,5940,5054,23,18,40,74,31.1%,266.9,144.2,122.7,0.56,0.44,0.97,1.80,261.8,141.4,120.3,0.55,0.43,0.95,1.76,91,110,2.21,2.67,2.17,2.62
,,,Ethansallpr0,Prospect,Gorgons,πολύ κεφάλη,Lunar,33.9,183,14,0.359,0.429,6,8,4087,2160,1927,5,7,22,21,23.8%,282.0,149.0,132.9,0.34,0.48,1.52,1.45,291.9,154.3,137.6,0.36,0.50,1.57,1.50,23,34,1.59,2.35,1.64,2.43
,,,Psychowolf3408,Prospect,Drizzle,Storm,Solar,33.8,473,37,0.486,0.514,19,18,10196,5550,4646,24,13,36,70,34.3%,272.1,148.1,124.0,0.64,0.35,0.96,1.87,275.6,150.0,125.6,0.65,0.35,0.97,1.89,77,80,2.06,2.14,2.08,2.16
,,,Quasimodo-Wilson,Prospect,Fire Ants,The Swarm,Solar,31.0,36,3,0.335,0.333,1,2,658,300,358,1,2,1,5,20.0%,230.8,105.2,125.5,0.35,0.70,0.35,1.75,219.3,100.0,119.3,0.33,0.67,0.33,1.67,3,5,1.05,1.75,1.00,1.67
,,,Xxsetupking97Xx,Prospect,Leopards,Apex Predators,Solar,30.3,586,47,0.355,0.340,16,31,12149,6040,6109,21,24,41,69,30.4%,261.7,130.1,131.6,0.45,0.52,0.88,1.49,258.5,128.5,130.0,0.45,0.51,0.87,1.47,91,133,1.96,2.87,1.94,2.83
,,,Ttv/Vivify_Gaming,Prospect,"Breadsticks
Compost Bins","Fifty-Fifty Pizzeria
Waste Management",Lunar,30.0,293,21,0.377,0.333,7,14,5909,3300,2609,15,8,19,45,33.3%,254.6,142.2,112.4,0.65,0.34,0.82,1.94,281.4,157.1,124.2,0.71,0.38,0.90,2.14,48,66,2.07,2.84,2.29,3.14
,,,Lazaryo,Prospect,Fire Ants,The Swarm,Solar,29.2,589,48,0.382,0.313,15,33,12165,6490,5675,34,13,31,89,38.2%,260.7,139.1,121.6,0.73,0.28,0.66,1.91,253.4,135.2,118.2,0.71,0.27,0.65,1.85,90,123,1.93,2.64,1.88,2.56
,,,Italialu,Prospect,Penguins,Polar Vortex,Lunar,26.2,423,35,0.395,0.429,15,20,9102,4590,4512,21,6,32,59,35.6%,271.7,137.0,134.7,0.63,0.18,0.96,1.76,260.1,131.1,128.9,0.60,0.17,0.91,1.69,66,87,1.97,2.60,1.89,2.49
,,,Johnr636,Prospect,Spartans,The Sovereign,Lunar,26.1,332,25,0.462,0.560,14,11,7332,4120,3212,20,4,30,42,47.6%,278.8,156.7,122.1,0.76,0.15,1.14,1.60,293.3,164.8,128.5,0.80,0.16,1.20,1.68,58,64,2.21,2.43,2.32,2.56
,,,Joker853,Prospect,Stargazers,The Abyss,Lunar,25.8,413,30,0.370,0.333,10,20,8487,4400,4087,18,12,30,50,36.0%,259.4,134.5,124.9,0.55,0.37,0.92,1.53,282.9,146.7,136.2,0.60,0.40,1.00,1.67,64,90,1.96,2.75,2.13,3.00
,,,Noahcole1103,Prospect,"Pickles
Spirits","The Garden
The Astronauts",Lunar,23.5,86,7,0.459,0.571,4,3,1635,950,685,5,3,4,10,50.0%,240.0,139.5,100.6,0.73,0.44,0.59,1.47,233.6,135.7,97.9,0.71,0.43,0.57,1.43,19,21,2.79,3.08,2.71,3.00
,,,Zignian,Prospect,Fire Ants,The Swarm,Solar,20.2,296,24,0.229,0.125,3,21,5641,2710,2931,8,7,23,41,19.5%,240.6,115.6,125.0,0.34,0.30,0.98,1.75,235.0,112.9,122.1,0.33,0.29,0.96,1.71,31,69,1.32,2.94,1.29,2.88
,,,Porkins,Prospect,Gorgons,πολύ κεφάλη,Lunar,19.1,481,42,0.461,0.524,22,20,9667,5210,4457,20,11,43,51,39.2%,253.7,136.7,117.0,0.52,0.29,1.13,1.34,230.2,124.0,106.1,0.48,0.26,1.02,1.21,73,81,1.92,2.13,1.74,1.93
,,,Themysterydeuce,Prospect,"Drizzle
Spirits","Storm
The Astronauts",Solar,17.0,111,8,0.377,0.500,4,4,1691,840,851,1,8,5,9,11.1%,192.3,95.5,96.8,0.11,0.91,0.57,1.02,211.4,105.0,106.4,0.13,1.00,0.63,1.13,19,26,2.16,2.96,2.38,3.25
,,,Nemisistic,Prospect,Ravens,The Birdcage,Lunar,0.6,106,8,0.289,0.125,1,7,1761,860,901,4,1,6,11,36.4%,209.7,102.4,107.3,0.48,0.12,0.71,1.31,220.1,107.5,112.6,0.50,0.13,0.75,1.38,14,25,1.67,2.98,1.75,3.13
,,,Xxned1Ooxx,Prospect,Huskies,Dog Pound,Solar,0.3,188,13,0.268,0.154,2,11,2580,1330,1250,4,5,9,23,17.4%,173.3,89.3,83.9,0.27,0.34,0.60,1.54,198.5,102.3,96.2,0.31,0.38,0.69,1.77,28,52,1.88,3.49,2.15,4.00
,,,Fallen,Prospect,Pickles,The Garden,Lunar,-4.1,115,10,0.169,0.100,1,9,1865,900,965,4,1,7,10,40.0%,204.7,98.8,105.9,0.44,0.11,0.77,1.10,186.5,90.0,96.5,0.40,0.10,0.70,1.00,15,39,1.65,4.28,1.50,3.90
,,,Surge Starbound,Prospect,Sparks,Electric Mayhem,Lunar,-7.5,29,2,0.121,0.000,0,2,496,270,226,1,0,3,2,50.0%,215.9,117.5,98.4,0.44,0.00,1.31,0.87,248.0,135.0,113.0,0.50,0.00,1.50,1.00,3,10,1.31,4.35,1.50,5.00
,,,Demonickarnie8,Prospect,Compost Bins,Waste Management,Solar,-22.5,14,1,0.284,0.000,0,1,194,10,184,0,0,0,1,0.0%,174.9,9.0,165.9,0.00,0.00,0.00,0.90,194.0,10.0,184.0,0.00,0.00,0.00,1.00,1,2,0.90,1.80,1.00,2.00
,,,Hayhay217,Prospect,Huskies,Dog Pound,Solar,-30.0,53,4,0.252,0.250,1,3,532,200,332,0,0,3,5,0.0%,126.7,47.6,79.1,0.00,0.00,0.71,1.19,133.0,50.0,83.0,0.00,0.00,0.75,1.25,3,7,0.71,1.67,0.75,1.75
,,,Premium Manatee,Premier,Quasars,Interstellar,Lunar,104.3,28,2,0.660,1.000,2,0,884,500,384,3,2,1,5,60.0%,493.3,279.0,214.3,1.67,1.12,0.56,2.79,442.0,250.0,192.0,1.50,1.00,0.50,2.50,6,4,3.35,2.23,3.00,2.00
,,,Xgatman,Premier,Nukes,Fallout Shelter,Solar,96.8,875,52,0.703,0.750,39,13,24094,14380,9714,70,59,45,218,32.1%,430.3,256.8,173.5,1.25,1.05,0.80,3.89,463.3,276.5,186.8,1.35,1.13,0.87,4.19,186,109,3.32,1.95,3.58,2.10
,,,Adverse,Premier,Nukes,Fallout Shelter,Solar,95.4,876,52,0.706,0.750,39,13,24969,15740,9229,80,53,59,214,37.4%,445.4,280.8,164.6,1.43,0.95,1.05,3.82,480.2,302.7,177.5,1.54,1.02,1.13,4.12,186,108,3.32,1.93,3.58,2.08
,,,Comp,Premier,Garbage Trucks,Waste Management,Solar,94.8,392,24,0.766,0.875,21,3,11713,7190,4523,37,22,30,89,41.6%,466.9,286.6,180.3,1.47,0.88,1.20,3.55,488.0,299.6,188.5,1.54,0.92,1.25,3.71,88,42,3.51,1.67,3.67,1.75
,,,Sinatra,Premier,Quasars,Interstellar,Lunar,93.1,60,4,0.458,0.500,2,2,1827,1150,677,4,3,9,15,26.7%,475.8,299.5,176.3,1.04,0.78,2.34,3.91,456.8,287.5,169.3,1.00,0.75,2.25,3.75,9,10,2.34,2.60,2.25,2.50
,,,Bits.,Premier,Chargers,Electric Mayhem,Lunar,74.2,350,24,0.523,0.583,14,10,10673,5710,4963,23,10,44,71,32.4%,476.5,254.9,221.6,1.03,0.45,1.96,3.17,444.7,237.9,206.8,0.96,0.42,1.83,2.96,51,48,2.28,2.14,2.13,2.00
,,,Reeves,Premier,Garbage Trucks,Waste Management,Solar,67.8,704,44,0.672,0.682,30,14,18952,11460,7492,50,30,74,126,39.7%,420.6,254.4,166.3,1.11,0.67,1.64,2.80,430.7,260.5,170.3,1.14,0.68,1.68,2.86,137,87,3.04,1.93,3.11,1.98
,,,.Tristn,Premier,"Demons
Aces
Oathbreakers
Garbage Trucks","The Afterlife
House of Cards
Middle Earth
Waste Management",Lunar,63.9,245,15,0.541,0.467,7,8,5794,3420,2374,16,11,15,52,30.8%,369.5,218.1,151.4,1.02,0.70,0.96,3.32,386.3,228.0,158.3,1.07,0.73,1.00,3.47,40,36,2.55,2.30,2.67,2.40
,,,Seb,Premier,Aces,House of Cards,Lunar,63.8,854,56,0.577,0.607,34,22,22296,12960,9336,51,31,92,171,29.8%,407.9,237.1,170.8,0.93,0.57,1.68,3.13,398.1,231.4,166.7,0.91,0.55,1.64,3.05,131,107,2.40,1.96,2.34,1.91
,,,Crayman,Premier,Quasars,Interstellar,Lunar,63.3,338,21,0.588,0.667,14,7,8254,4770,3484,22,11,24,82,26.8%,381.6,220.5,161.1,1.02,0.51,1.11,3.79,393.0,227.1,165.9,1.05,0.52,1.14,3.90,53,42,2.45,1.94,2.52,2.00
,,,Canadiyan,Premier,Wheels,The Quad Dynasty,Solar,59.6,932,59,0.397,0.390,23,36,25690,14950,10740,64,26,113,160,40.0%,430.7,250.6,180.1,1.07,0.44,1.89,2.68,435.4,253.4,182.0,1.08,0.44,1.92,2.71,129,168,2.16,2.82,2.19,2.85
,,,Venators,Premier,Quasars,Interstellar,Lunar,58.3,771,47,0.564,0.596,28,19,18373,10470,7903,43,32,62,147,29.3%,372.4,212.2,160.2,0.87,0.65,1.26,2.98,390.9,222.8,168.1,0.91,0.68,1.32,3.13,116,98,2.35,1.99,2.47,2.09
,,,Owlet,Premier,Orochii,πολύ κεφάλη,Lunar,57.5,457,32,0.495,0.531,17,15,11615,6760,4855,34,15,36,81,42.0%,397.1,231.1,166.0,1.16,0.51,1.23,2.77,363.0,211.3,151.7,1.06,0.47,1.13,2.53,74,75,2.53,2.56,2.31,2.34
,,,Yung Clipz,Premier,Orochii,πολύ κεφάλη,Lunar,56.8,675,49,0.511,0.490,24,25,17198,8820,8378,32,25,65,112,28.6%,398.1,204.2,193.9,0.74,0.58,1.50,2.59,351.0,180.0,171.0,0.65,0.51,1.33,2.29,105,102,2.43,2.36,2.14,2.08
,,,Southpaw,Premier,"Demons
Chargers","The Afterlife
Electric Mayhem",Lunar,55.9,697,44,0.417,0.409,18,26,17401,9370,8031,36,25,66,122,29.5%,390.1,210.1,180.0,0.81,0.56,1.48,2.74,395.5,213.0,182.5,0.82,0.57,1.50,2.77,91,113,2.04,2.53,2.07,2.57
,,,Justify,Premier,Hurricanes,Storm,Solar,55.3,309,20,0.455,0.450,9,11,8443,4640,3803,14,10,46,44,31.8%,426.9,234.6,192.3,0.71,0.51,2.33,2.22,422.2,232.0,190.2,0.70,0.50,2.30,2.20,40,45,2.02,2.28,2.00,2.25
,,,Dribbs,Premier,"Quasars
Garbage Trucks
Oathbreakers","Interstellar
Waste Management
Middle Earth",Lunar,54.7,621,39,0.569,0.564,22,17,14157,7620,6537,21,30,59,107,19.6%,356.2,191.7,164.5,0.53,0.75,1.48,2.69,363.0,195.4,167.6,0.54,0.77,1.51,2.74,96,80,2.42,2.01,2.46,2.05
,,,Jarl,Premier,Aces,House of Cards,Lunar,54.6,776,51,0.560,0.608,31,20,19660,10840,8820,47,23,72,139,33.8%,395.9,218.3,177.6,0.95,0.46,1.45,2.80,385.5,212.5,172.9,0.92,0.45,1.41,2.73,115,98,2.32,1.97,2.25,1.92
,,,Atokad,Premier,Garbage Trucks,Waste Management,Solar,54.0,755,46,0.657,0.674,31,15,17427,9740,7687,40,34,56,124,32.3%,360.7,201.6,159.1,0.83,0.70,1.16,2.57,378.8,211.7,167.1,0.87,0.74,1.22,2.70,142,94,2.94,1.95,3.09,2.04
,,,Gumbachi,Premier,"Wheels
Oathbreakers","The Quad Dynasty
Middle Earth",Lunar,54.0,736,47,0.387,0.362,17,30,17929,10420,7509,41,22,75,147,27.9%,380.6,221.2,159.4,0.87,0.47,1.59,3.12,381.5,221.7,159.8,0.87,0.47,1.60,3.13,97,130,2.06,2.76,2.06,2.77
,,,Rascel,Premier,"Garbage Trucks
Quasars","Waste Management
Interstellar",Solar,53.3,213,14,0.512,0.357,5,9,4737,2800,1937,12,9,15,40,30.0%,347.5,205.4,142.1,0.88,0.66,1.10,2.93,338.4,200.0,138.4,0.86,0.64,1.07,2.86,34,33,2.49,2.42,2.43,2.36
,,,Nips,Premier,Hurricanes,Storm,Solar,52.7,790,52,0.453,0.442,23,29,18557,9990,8567,43,27,57,149,28.9%,367.0,197.6,169.4,0.85,0.53,1.13,2.95,356.9,192.1,164.8,0.83,0.52,1.10,2.87,109,123,2.16,2.43,2.10,2.37
,,,Etchedtree,Premier,Orochii,πολύ κεφάλη,Lunar,51.1,761,55,0.461,0.455,25,30,18726,9810,8916,34,30,77,106,32.1%,384.5,201.4,183.1,0.70,0.62,1.58,2.18,340.5,178.4,162.1,0.62,0.55,1.40,1.93,116,128,2.38,2.63,2.11,2.33
,,,Vaerous,Premier,Chargers,Electric Mayhem,Lunar,50.8,46,3,0.451,0.333,1,2,1382,940,442,4,1,9,4,100.0%,469.4,319.3,150.1,1.36,0.34,3.06,1.36,460.7,313.3,147.3,1.33,0.33,3.00,1.33,8,9,2.72,3.06,2.67,3.00
,,,Henry,Premier,"Hurricanes
Chargers","Storm
Electric Mayhem",Solar,49.1,752,48,0.482,0.458,22,26,18130,9820,8310,36,26,75,117,30.8%,376.7,204.0,172.7,0.75,0.54,1.56,2.43,377.7,204.6,173.1,0.75,0.54,1.56,2.44,106,111,2.20,2.31,2.21,2.31
,,,Whiffles,Premier,Oathbreakers,Middle Earth,Lunar,48.7,126,7,0.340,0.429,3,4,3071,1940,1131,9,4,13,19,47.4%,380.8,240.6,140.3,1.12,0.50,1.61,2.36,438.7,277.1,161.6,1.29,0.57,1.86,2.71,18,27,2.23,3.35,2.57,3.86
,,,Mako,Premier,Demons,The Afterlife,Solar,48.7,648,41,0.468,0.439,18,23,14663,8190,6473,32,26,53,104,30.8%,353.6,197.5,156.1,0.77,0.63,1.28,2.51,357.6,199.8,157.9,0.78,0.63,1.29,2.54,93,101,2.24,2.44,2.27,2.46
,,,Dirtyeagle56,Premier,Quasars,Interstellar,Lunar,48.2,742,46,0.589,0.630,29,17,15631,9140,6491,44,28,38,144,30.6%,329.2,192.5,136.7,0.93,0.59,0.80,3.03,339.8,198.7,141.1,0.96,0.61,0.83,3.13,121,96,2.55,2.02,2.63,2.09
,,,Swoops,Premier,"Oathbreakers
Demons","Middle Earth
The Afterlife",Solar,47.1,260,18,0.412,0.333,6,12,5562,3290,2272,14,12,18,39,35.9%,334.3,197.7,136.5,0.84,0.72,1.08,2.34,309.0,182.8,126.2,0.78,0.67,1.00,2.17,41,51,2.46,3.07,2.28,2.83
,,,Kuunalem,Premier,"Garbage Trucks
Wheels","Waste Management
The Quad Dynasty",Solar,46.7,875,53,0.401,0.415,22,31,20698,11360,9338,42,29,87,136,30.9%,369.6,202.9,166.8,0.75,0.52,1.55,2.43,390.5,214.3,176.2,0.79,0.55,1.64,2.57,122,157,2.18,2.80,2.30,2.96
,,,Ls -_-,Premier,Orochii,πολύ κεφάλη,Lunar,46.4,55,4,0.125,0.000,0,4,1523,900,623,5,0,6,10,50.0%,432.7,255.7,177.0,1.42,0.00,1.70,2.84,380.8,225.0,155.8,1.25,0.00,1.50,2.50,5,16,1.42,4.55,1.25,4.00
,,,Bismarck,Premier,Hurricanes,Storm,Solar,44.8,763,49,0.456,0.469,23,26,16024,8590,7434,31,30,53,134,23.1%,328.2,175.9,152.2,0.63,0.61,1.09,2.74,327.0,175.3,151.7,0.63,0.61,1.08,2.73,107,120,2.19,2.46,2.18,2.45
,,,Cearu,Premier,Demons,The Afterlife,Solar,44.6,878,56,0.438,0.411,23,33,20020,11380,8640,35,31,99,138,25.4%,356.3,202.5,153.8,0.62,0.55,1.76,2.46,357.5,203.2,154.3,0.63,0.55,1.77,2.46,122,143,2.17,2.54,2.18,2.55
,,,Lex,Premier,Demons,The Afterlife,Solar,41.4,252,16,0.378,0.250,4,12,5626,2930,2696,9,11,24,28,32.1%,348.8,181.7,167.2,0.56,0.68,1.49,1.74,351.6,183.1,168.5,0.56,0.69,1.50,1.75,36,49,2.23,3.04,2.25,3.06
,,,Forest5Ire,Premier,Demons,The Afterlife,Solar,38.7,290,19,0.451,0.421,8,11,6258,3480,2778,15,8,22,48,31.3%,337.2,187.5,149.7,0.81,0.43,1.19,2.59,329.4,183.2,146.2,0.79,0.42,1.16,2.53,36,41,1.94,2.21,1.89,2.16
,,,Neb♡,Premier,Oathbreakers,Middle Earth,Lunar,38.4,534,34,0.348,0.353,12,22,11678,6350,5328,21,18,52,75,28.0%,341.7,185.8,155.9,0.61,0.53,1.52,2.19,343.5,186.8,156.7,0.62,0.53,1.53,2.21,71,105,2.08,3.07,2.09,3.09
,,,Se7En,Premier,"Chargers
Hurricanes","Electric Mayhem
Storm",Lunar,37.7,733,50,0.436,0.480,24,26,15259,7680,7579,25,29,55,98,25.5%,325.3,163.7,161.6,0.53,0.62,1.17,2.09,305.2,153.6,151.6,0.50,0.58,1.10,1.96,100,118,2.13,2.52,2.00,2.36
,,,Dgallub,Premier,Garbage Trucks,Waste Management,Solar,36.0,234,14,0.468,0.429,6,8,5114,2870,2244,11,7,22,32,34.4%,341.5,191.6,149.8,0.73,0.47,1.47,2.14,365.3,205.0,160.3,0.79,0.50,1.57,2.29,35,38,2.34,2.54,2.50,2.71
,,,Sonu,Premier,Chargers,Electric Mayhem,Lunar,35.2,254,16,0.367,0.313,5,11,5623,2840,2783,8,5,27,44,18.2%,345.9,174.7,171.2,0.49,0.31,1.66,2.71,351.4,177.5,173.9,0.50,0.31,1.69,2.75,24,35,1.48,2.15,1.50,2.19
,,,Chrisakamrxd,Premier,Garbage Trucks,Waste Management,Solar,34.4,61,4,0.459,0.250,1,3,1193,750,443,3,2,5,10,30.0%,305.6,192.1,113.5,0.77,0.51,1.28,2.56,298.3,187.5,110.8,0.75,0.50,1.25,2.50,9,10,2.31,2.56,2.25,2.50
,,,Whitebark,Premier,Nukes,Fallout Shelter,Solar,33.2,839,50,0.696,0.740,37,13,16558,9970,6588,37,33,71,107,34.6%,308.4,185.7,122.7,0.69,0.61,1.32,1.99,331.2,199.4,131.8,0.74,0.66,1.42,2.14,176,105,3.28,1.96,3.52,2.10
,,,Mezberry,Premier,Nukes,Fallout Shelter,Solar,32.3,62,4,0.272,0.250,1,3,1179,490,689,2,1,2,14,14.3%,297.1,123.5,173.6,0.50,0.25,0.50,3.53,294.8,122.5,172.3,0.50,0.25,0.50,3.50,7,13,1.76,3.28,1.75,3.25
,,,Satisfied Onion,Premier,Orochii,πολύ κεφάλη,Lunar,31.8,286,21,0.388,0.333,7,14,5737,2900,2837,8,12,24,30,26.7%,313.4,158.4,155.0,0.44,0.66,1.31,1.64,273.2,138.1,135.1,0.38,0.57,1.14,1.43,39,52,2.13,2.84,1.86,2.48
,,,Jdeleven11,Premier,Demons,The Afterlife,Solar,30.7,72,4,0.500,0.500,2,2,1479,800,679,3,2,6,10,30.0%,321.0,173.6,147.4,0.65,0.43,1.30,2.17,369.8,200.0,169.8,0.75,0.50,1.50,2.50,9,9,1.95,1.95,2.25,2.25
,,,Jobin<3,Premier,Quasars,Interstellar,Lunar,30.4,259,16,0.442,0.438,7,9,4828,2730,2098,7,11,23,33,21.2%,291.3,164.7,126.6,0.42,0.66,1.39,1.99,301.8,170.6,131.1,0.44,0.69,1.44,2.06,38,44,2.29,2.65,2.38,2.75
,,,Crophlin,Premier,"Aces
Demons
Wheels","House of Cards
The Afterlife
The Quad Dynasty",Solar,29.6,568,37,0.500,0.541,20,17,10306,5560,4746,16,26,40,66,24.2%,283.5,153.0,130.6,0.44,0.72,1.10,1.82,278.5,150.3,128.3,0.43,0.70,1.08,1.78,88,88,2.42,2.42,2.38,2.38
,,,Luckky,Premier,Oathbreakers,Middle Earth,Lunar,29.2,682,42,0.335,0.310,13,29,14100,7290,6810,24,20,61,84,28.6%,323.0,167.0,156.0,0.55,0.46,1.40,1.92,335.7,173.6,162.1,0.57,0.48,1.45,2.00,85,131,1.95,3.00,2.02,3.12
,,,Braidedaxe,Premier,Oathbreakers,Middle Earth,Lunar,28.4,71,5,0.457,0.400,2,3,1393,660,733,1,2,7,11,9.1%,306.6,145.3,161.3,0.22,0.44,1.54,2.42,278.6,132.0,146.6,0.20,0.40,1.40,2.20,8,9,1.76,1.98,1.60,1.80
,,,Veer,Premier,"Garbage Trucks
Orochii
Aces","Waste Management
πολύ κεφάλη
House of Cards",Lunar,28.2,575,38,0.414,0.421,16,22,11031,5670,5361,15,22,48,67,22.4%,299.8,154.1,145.7,0.41,0.60,1.30,1.82,290.3,149.2,141.1,0.39,0.58,1.26,1.76,76,95,2.07,2.58,2.00,2.50
,,,Justdyce,Premier,Oathbreakers,Middle Earth,Lunar,27.6,57,4,0.663,0.500,2,2,1284,750,534,4,0,5,10,40.0%,352.0,205.6,146.4,1.10,0.00,1.37,2.74,321.0,187.5,133.5,1.00,0.00,1.25,2.50,8,5,2.19,1.37,2.00,1.25
,,,Mimike,Premier,Chargers,Electric Mayhem,Lunar,24.5,645,44,0.433,0.455,20,24,11637,6600,5037,25,20,44,90,27.8%,281.9,159.9,122.0,0.61,0.48,1.07,2.18,264.5,150.0,114.5,0.57,0.45,1.00,2.05,91,108,2.20,2.62,2.07,2.45
,,,C-Voltss,Premier,Aces,House of Cards,Lunar,21.1,195,11,0.642,0.636,7,4,3510,1880,1630,6,5,15,28,21.4%,281.3,150.6,130.6,0.48,0.40,1.20,2.24,319.1,170.9,148.2,0.55,0.45,1.36,2.55,27,18,2.16,1.44,2.45,1.64
,,,El Diablo Rojo,Premier,Aces,House of Cards,Lunar,21.0,173,11,0.673,0.636,7,4,2735,1340,1395,3,8,9,19,15.8%,247.0,121.0,126.0,0.27,0.72,0.81,1.72,248.6,121.8,126.8,0.27,0.73,0.82,1.73,29,18,2.62,1.63,2.64,1.64
,,,Ehnkay,Premier,Hurricanes,Storm,Solar,19.1,29,2,0.137,0.000,0,2,544,210,334,1,0,1,6,16.7%,293.1,113.2,180.0,0.54,0.00,0.54,3.23,272.0,105.0,167.0,0.50,0.00,0.50,3.00,1,4,0.54,2.16,0.50,2.00
,,,Bjax,Premier,"Chargers
Quasars","Electric Mayhem
Interstellar",Lunar,18.5,134,8,0.263,0.375,3,5,2833,1450,1383,4,3,16,10,40.0%,330.4,169.1,161.3,0.47,0.35,1.87,1.17,354.1,181.3,172.9,0.50,0.38,2.00,1.25,14,27,1.63,3.15,1.75,3.38
,,,Fuze,Premier,"Wheels
Garbage Trucks","The Quad Dynasty
Waste Management",Solar,15.9,362,24,0.339,0.250,6,18,6800,3680,3120,7,9,43,38,18.4%,293.5,158.8,134.7,0.30,0.39,1.86,1.64,283.3,153.3,130.0,0.29,0.38,1.79,1.58,46,70,1.99,3.02,1.92,2.92
,,,Stray,Premier,Wheels,The Quad Dynasty,Solar,8.9,357,24,0.424,0.458,11,13,5871,2700,3171,11,6,17,45,24.4%,257.0,118.2,138.8,0.48,0.26,0.74,1.97,244.6,112.5,132.1,0.46,0.25,0.71,1.88,45,55,1.97,2.41,1.88,2.29
,,,Evster,Premier,Nukes,Fallout Shelter,Solar,5.2,162,10,0.439,0.400,4,6,2470,1100,1370,4,3,7,20,20.0%,238.2,106.1,132.1,0.39,0.29,0.68,1.93,247.0,110.0,137.0,0.40,0.30,0.70,2.00,24,28,2.31,2.70,2.40,2.80
,,,Whale,Premier,Oathbreakers,Middle Earth,Lunar,1.7,134,8,0.191,0.125,1,7,1991,970,1021,3,2,8,17,17.6%,232.2,113.1,119.1,0.35,0.23,0.93,1.98,248.9,121.3,127.6,0.38,0.25,1.00,2.13,9,24,1.05,2.80,1.13,3.00
,,,Melted,Premier,Orochii,πολύ κεφάλη,Lunar,-6.8,39,3,0.276,0.333,1,2,656,380,276,2,0,3,3,66.7%,262.8,152.2,110.6,0.80,0.00,1.20,1.20,218.7,126.7,92.0,0.67,0.00,1.00,1.00,5,9,2.00,3.61,1.67,3.00
,,,Flurry,Minor,Swordfish,The Ocean,Solar,188.0,55,4,0.858,1.000,4,0,2285,1600,685,8,9,5,10,80.0%,569.8,399.0,170.8,1.99,2.24,1.25,2.49,571.3,400.0,171.3,2.00,2.25,1.25,2.50,22,8,5.49,1.99,5.50,2.00
,,,Sock Hop,Minor,Jacks,House of Cards,Lunar,123.3,56,4,0.882,1.000,4,0,1655,1020,635,2,7,7,12,16.7%,405.3,249.8,155.5,0.49,1.71,1.71,2.94,413.8,255.0,158.8,0.50,1.75,1.75,3.00,12,3,2.94,0.73,3.00,0.75
,,,Moondog,Minor,Swordfish,The Ocean,Solar,100.0,55,4,0.858,1.000,4,0,1911,1160,751,8,2,3,11,72.7%,476.5,289.3,187.3,1.99,0.50,0.75,2.74,477.8,290.0,187.8,2.00,0.50,0.75,2.75,22,8,5.49,1.99,5.50,2.00
,,,Jno28,Minor,Flailers,The Quad Dynasty,Solar,98.9,50,4,0.820,0.750,3,1,1478,970,508,6,3,2,12,50.0%,405.4,266.1,139.3,1.65,0.82,0.55,3.29,369.5,242.5,127.0,1.50,0.75,0.50,3.00,15,6,4.11,1.65,3.75,1.50
,,,Tuna146,Minor,Fangtooths,The Abyss,Lunar,98.0,776,58,0.563,0.552,32,26,25114,14250,10864,70,36,74,175,40.0%,443.9,251.9,192.0,1.24,0.64,1.31,3.09,433.0,245.7,187.3,1.21,0.62,1.28,3.02,139,118,2.46,2.09,2.40,2.03
,,,Zuberite,Minor,Phantoms,The Afterlife,Solar,95.3,258,15,0.774,0.800,12,3,7381,4820,2561,22,16,24,62,35.5%,392.4,256.2,136.1,1.17,0.85,1.28,3.30,492.1,321.3,170.7,1.47,1.07,1.60,4.13,58,26,3.08,1.38,3.87,1.73
,,,Keiko,Minor,"Draconis
Dynamite","πολύ κεφάλη
Fallout Shelter",Lunar,90.4,804,56,0.675,0.625,35,21,23770,14270,9500,68,45,70,172,39.5%,405.5,243.4,162.1,1.16,0.77,1.19,2.93,424.5,254.8,169.6,1.21,0.80,1.25,3.07,168,105,2.87,1.79,3.00,1.88
,,,Rishu,Minor,Dire Wolves,Polar Vortex,Lunar,88.5,720,55,0.681,0.691,38,17,21919,12880,9039,69,31,57,158,43.7%,417.5,245.3,172.2,1.31,0.59,1.09,3.01,398.5,234.2,164.3,1.25,0.56,1.04,2.87,147,90,2.80,1.71,2.67,1.64
,,,Nathanryrl,Minor,Griffins,The Birdcage,Lunar,87.2,544,43,0.604,0.581,25,18,16583,9820,6763,46,23,58,117,39.3%,418.1,247.6,170.5,1.16,0.58,1.46,2.95,385.7,228.4,157.3,1.07,0.53,1.35,2.72,105,80,2.65,2.02,2.44,1.86
,,,Bun,Minor,Phantoms,The Afterlife,Solar,85.7,931,63,0.676,0.667,42,21,27319,15620,11699,66,51,92,187,35.3%,402.5,230.1,172.3,0.97,0.75,1.36,2.75,433.6,247.9,185.7,1.05,0.81,1.46,2.97,187,116,2.75,1.71,2.97,1.84
,,,Prolly,Minor,Wasps,The Swarm,Solar,85.4,808,61,0.579,0.639,39,22,23699,14050,9649,71,36,67,180,39.4%,402.3,238.5,163.8,1.21,0.61,1.14,3.06,388.5,230.3,158.2,1.16,0.59,1.10,2.95,158,129,2.68,2.19,2.59,2.11
,,,Rylax24,Minor,Labradors,Dog Pound,Solar,79.1,920,64,0.656,0.656,42,22,25461,14790,10671,61,52,86,179,34.1%,379.6,220.5,159.1,0.91,0.78,1.28,2.67,397.8,231.1,166.7,0.95,0.81,1.34,2.80,185,122,2.76,1.82,2.89,1.91
,,,Sauceoninfinity,Minor,Jaguars,Apex Predators,Solar,76.1,846,59,0.568,0.559,33,26,22653,13900,8753,68,36,67,195,34.9%,367.2,225.3,141.9,1.10,0.58,1.09,3.16,383.9,235.6,148.4,1.15,0.61,1.14,3.31,155,130,2.51,2.11,2.63,2.20
,,,Jatt,Minor,Orangutans,Planet of the Apes,Solar,75.0,762,59,0.529,0.542,32,27,21340,11790,9550,55,35,61,149,36.9%,384.1,212.2,171.9,0.99,0.63,1.10,2.68,361.7,199.8,161.9,0.93,0.59,1.03,2.53,138,128,2.48,2.30,2.34,2.17
,,,Simba,Minor,"Fangtooths
Hammerheads","The Abyss
Shark Attack",Solar,73.4,1004,63,0.512,0.508,32,31,27560,15230,12330,65,38,92,223,29.1%,376.5,208.0,168.4,0.89,0.52,1.26,3.05,437.5,241.7,195.7,1.03,0.60,1.46,3.54,158,153,2.16,2.09,2.51,2.43
,,,Rondo,Minor,Vikings,The Sovereign,Lunar,72.5,736,52,0.591,0.654,34,18,20289,11500,8789,46,34,76,140,32.9%,378.1,214.3,163.8,0.86,0.63,1.42,2.61,390.2,221.2,169.0,0.88,0.65,1.46,2.69,131,103,2.44,1.92,2.52,1.98
,,,Moosey,Minor,"Dire Wolves
Blizzards","Polar Vortex
Storm",Lunar,71.3,386,29,0.654,0.690,20,9,10127,5760,4367,23,20,34,76,30.3%,359.8,204.7,155.2,0.82,0.71,1.21,2.70,349.2,198.6,150.6,0.79,0.69,1.17,2.62,77,51,2.74,1.81,2.66,1.76
,,,Scrubbzy62,Minor,Labradors,Dog Pound,Solar,71.3,897,62,0.669,0.677,42,20,24455,13870,10585,63,44,75,162,38.9%,373.9,212.1,161.8,0.96,0.67,1.15,2.48,394.4,223.7,170.7,1.02,0.71,1.21,2.61,184,117,2.81,1.79,2.97,1.89
,,,Alex.Hershfield,Minor,Fire,The Elements,Solar,70.8,73,6,0.280,0.167,1,5,2135,1240,895,6,2,8,14,42.9%,401.1,233.0,168.2,1.13,0.38,1.50,2.63,355.8,206.7,149.2,1.00,0.33,1.33,2.33,12,21,2.25,3.95,2.00,3.50
,,,Konarske,Minor,"Surge
Draconis","Electric Mayhem
πολύ κεφάλη",Lunar,70.3,672,54,0.467,0.519,28,26,20043,10020,10023,34,24,86,112,30.4%,409.1,204.5,204.6,0.69,0.49,1.76,2.29,371.2,185.6,185.6,0.63,0.44,1.59,2.07,99,108,2.02,2.20,1.83,2.00
,,,Ewok_360,Minor,"Orangutans
Surge","Planet of the Apes
Electric Mayhem",Solar,69.9,461,36,0.539,0.556,20,16,11480,6770,4710,38,26,15,92,41.3%,341.5,201.4,140.1,1.13,0.77,0.45,2.74,318.9,188.1,130.8,1.06,0.72,0.42,2.56,98,89,2.92,2.65,2.72,2.47
,,,Crltn,Minor,Vikings,The Sovereign,Lunar,69.9,736,52,0.602,0.673,35,17,18836,11170,7666,49,38,58,147,33.3%,351.0,208.1,142.9,0.91,0.71,1.08,2.74,362.2,214.8,147.4,0.94,0.73,1.12,2.83,136,104,2.53,1.94,2.62,2.00
,,,Chunkylover,Minor,Jacks,House of Cards,Lunar,68.1,114,8,0.535,0.625,5,3,3226,1900,1326,9,4,12,20,45.0%,388.1,228.6,159.5,1.08,0.48,1.44,2.41,403.3,237.5,165.8,1.13,0.50,1.50,2.50,24,22,2.89,2.65,3.00,2.75
,,,Scias,Minor,Swordfish,The Ocean,Solar,68.0,54,4,0.585,0.750,3,1,1299,740,559,2,4,5,9,22.2%,329.9,187.9,142.0,0.51,1.02,1.27,2.29,324.8,185.0,139.8,0.50,1.00,1.25,2.25,10,8,2.54,2.03,2.50,2.00
,,,Trunkles,Minor,"Draconis
Surge","πολύ κεφάλη
Electric Mayhem",Lunar,67.8,822,58,0.626,0.534,31,27,20914,12300,8614,52,40,69,165,31.5%,349.0,205.2,143.7,0.87,0.67,1.15,2.75,360.6,212.1,148.5,0.90,0.69,1.19,2.84,158,113,2.64,1.89,2.72,1.95
,,,Laprius_,Minor,Jacks,House of Cards,Lunar,66.4,646,48,0.507,0.583,28,20,16514,9660,6854,50,28,39,131,38.2%,350.6,205.1,145.5,1.06,0.59,0.83,2.78,344.0,201.3,142.8,1.04,0.58,0.81,2.73,113,111,2.40,2.36,2.35,2.31
,,,Jwanderz,Minor,Swordfish,The Ocean,Solar,65.3,412,27,0.610,0.556,15,12,10892,5970,4922,32,8,27,102,31.4%,362.6,198.7,163.8,1.07,0.27,0.90,3.40,403.4,221.1,182.3,1.19,0.30,1.00,3.78,59,43,1.96,1.43,2.19,1.59
,,,Yullbrenna,Minor,Griffins,The Birdcage,Lunar,63.7,791,60,0.612,0.567,34,26,19988,11000,8988,46,48,56,120,38.3%,346.6,190.7,155.8,0.80,0.83,0.97,2.08,333.1,183.3,149.8,0.77,0.80,0.93,2.00,158,118,2.74,2.05,2.63,1.97
,,,Z0Vvy18,Minor,TDM,Rocket League Noob Series,Lunar,62.4,610,49,0.534,0.449,22,27,16096,8830,7266,38,28,53,98,38.8%,361.9,198.5,163.4,0.85,0.63,1.19,2.20,328.5,180.2,148.3,0.78,0.57,1.08,2.00,107,98,2.41,2.20,2.18,2.00
,,,Sir Viks,Minor,Trashbags,Waste Management,Solar,62.0,577,43,0.588,0.581,25,18,15350,8330,7020,35,27,52,88,39.8%,364.9,198.0,166.9,0.83,0.64,1.24,2.09,357.0,193.7,163.3,0.81,0.63,1.21,2.05,101,80,2.40,1.90,2.35,1.86
,,,Sterile_Stark,Minor,TDM,Rocket League Noob Series,Lunar,61.8,558,45,0.512,0.489,22,23,14185,7810,6375,35,25,41,101,34.7%,348.7,192.0,156.7,0.86,0.61,1.01,2.48,315.2,173.6,141.7,0.78,0.56,0.91,2.24,98,95,2.41,2.34,2.18,2.11
,,,Magnus,Minor,Ospreys,Birds of Prey,Solar,61.7,44,4,0.764,0.750,3,1,1116,580,536,3,2,2,8,37.5%,347.9,180.8,167.1,0.94,0.62,0.62,2.49,279.0,145.0,134.0,0.75,0.50,0.50,2.00,7,3,2.18,0.94,1.75,0.75
,,,Yoder,Minor,Trashbags,Waste Management,Solar,61.5,413,29,0.603,0.621,18,11,9831,5470,4361,23,21,26,82,28.0%,326.5,181.7,144.8,0.76,0.70,0.86,2.72,339.0,188.6,150.4,0.79,0.72,0.90,2.83,81,62,2.69,2.06,2.79,2.14
,,,Mikeismyike,Minor,Blizzards,Storm,Solar,61.5,749,56,0.509,0.500,28,28,19609,10770,8839,41,34,75,122,33.6%,359.1,197.2,161.9,0.75,0.62,1.37,2.23,350.2,192.3,157.8,0.73,0.61,1.34,2.18,129,126,2.36,2.31,2.30,2.25
,,,Inedibledeer342,Minor,Dynamite,Fallout Shelter,Solar,61.3,665,47,0.483,0.532,25,22,17624,9490,8134,46,17,53,139,33.1%,363.5,195.7,167.8,0.95,0.35,1.09,2.87,375.0,201.9,173.1,0.98,0.36,1.13,2.96,109,114,2.25,2.35,2.32,2.43
,,,Trspriggs,Minor,Trashbags,Waste Management,Solar,61.1,853,61,0.586,0.590,36,25,20490,12100,8390,56,36,58,180,31.1%,329.5,194.6,134.9,0.90,0.58,0.93,2.89,335.9,198.4,137.5,0.92,0.59,0.95,2.95,159,127,2.56,2.04,2.61,2.08
,,,Gengar,Minor,"Blizzards
Draconis","Storm
πολύ κεφάλη",Solar,60.6,477,36,0.556,0.556,20,16,12748,7380,5368,39,12,39,93,41.9%,366.5,212.2,154.3,1.12,0.35,1.12,2.67,354.1,205.0,149.1,1.08,0.33,1.08,2.58,90,78,2.59,2.24,2.50,2.17
,,,Ace,Minor,Griffins,The Birdcage,Lunar,59.4,445,35,0.565,0.486,17,18,11293,6330,4963,27,17,39,83,32.5%,348.1,195.1,153.0,0.83,0.52,1.20,2.56,322.7,180.9,141.8,0.77,0.49,1.11,2.37,84,71,2.59,2.19,2.40,2.03
,,,Noc | Ryryboltwrap,Minor,Jacks,House of Cards,Lunar,59.1,732,55,0.549,0.618,34,21,17581,9910,7671,43,39,48,126,34.1%,329.4,185.7,143.7,0.81,0.73,0.90,2.36,319.7,180.2,139.5,0.78,0.71,0.87,2.29,136,120,2.55,2.25,2.47,2.18
,,,Idrake,Minor,Vikings,The Sovereign,Lunar,58.9,20,1,0.878,1.000,1,0,386,230,156,0,2,2,3,0.0%,264.7,157.7,107.0,0.00,1.37,1.37,2.06,386.0,230.0,156.0,0.00,2.00,2.00,3.00,4,1,2.74,0.69,4.00,1.00
,,,Kontoris,Minor,Jacks,House of Cards,Lunar,58.7,337,25,0.592,0.680,17,8,8205,4940,3265,25,14,22,64,39.1%,333.9,201.0,132.9,1.02,0.57,0.90,2.60,328.2,197.6,130.6,1.00,0.56,0.88,2.56,66,52,2.69,2.12,2.64,2.08
,,,Kmf Ferret,Minor,House Lannister,Houses of Westeros,Lunar,57.9,61,4,0.500,0.500,2,2,1429,890,539,4,2,5,14,28.6%,321.3,200.1,121.2,0.90,0.45,1.12,3.15,357.3,222.5,134.8,1.00,0.50,1.25,3.50,11,11,2.47,2.47,2.75,2.75
,,,J.,Minor,Mimics,The Dungeon,Lunar,55.8,831,62,0.511,0.516,32,30,20884,11020,9864,48,31,64,147,32.7%,344.7,181.9,162.8,0.79,0.51,1.06,2.43,336.8,177.7,159.1,0.77,0.50,1.03,2.37,141,137,2.33,2.26,2.27,2.21
,,,Scoot Zrg,Minor,Blizzards,Storm,Solar,55.7,831,63,0.527,0.540,34,29,20064,11830,8234,51,37,69,143,35.7%,331.1,195.2,135.9,0.84,0.61,1.14,2.36,318.5,187.8,130.7,0.81,0.59,1.10,2.27,150,140,2.48,2.31,2.38,2.22
,,,Andrew,Minor,Uruks,Middle Earth,Lunar,55.5,842,63,0.385,0.429,27,36,22814,12540,10274,42,25,116,129,32.6%,371.6,204.3,167.4,0.68,0.41,1.89,2.10,362.1,199.0,163.1,0.67,0.40,1.84,2.05,119,161,1.94,2.62,1.89,2.56
,,,Evan,Minor,Mimics,The Dungeon,Lunar,55.3,794,59,0.523,0.525,31,28,20382,11810,8572,54,20,78,151,35.8%,352.1,204.0,148.1,0.93,0.35,1.35,2.61,345.5,200.2,145.3,0.92,0.34,1.32,2.56,137,129,2.37,2.23,2.32,2.19
,,,Lil Rodge,Minor,Trashbags,Waste Management,Solar,55.1,815,59,0.568,0.593,35,24,20047,11560,8487,49,36,71,131,37.4%,337.4,194.5,142.8,0.82,0.61,1.19,2.20,339.8,195.9,143.8,0.83,0.61,1.20,2.22,148,124,2.49,2.09,2.51,2.10
,,,Beckols,Minor,Phantoms,The Afterlife,Solar,54.4,874,59,0.657,0.644,38,21,20734,11840,8894,58,33,54,169,34.3%,325.4,185.8,139.6,0.91,0.52,0.85,2.65,351.4,200.7,150.7,0.98,0.56,0.92,2.86,171,112,2.68,1.76,2.90,1.90
,,,Tyty0804 | Bean King,Minor,Chicken Parm,Fifty-Fifty Pizzeria,Lunar,53.5,738,58,0.433,0.397,23,35,18873,10290,8583,40,29,75,109,36.7%,350.7,191.2,159.5,0.74,0.54,1.39,2.03,325.4,177.4,148.0,0.69,0.50,1.29,1.88,116,138,2.16,2.56,2.00,2.38
,,,Pandaz,Minor,"Fangtooths
Carrots","The Abyss
The Garden",Lunar,53.2,163,12,0.685,0.750,9,3,3857,2330,1527,13,5,9,33,39.4%,324.5,196.1,128.5,1.09,0.42,0.76,2.78,321.4,194.2,127.3,1.08,0.42,0.75,2.75,36,22,3.03,1.85,3.00,1.83
,,,Wittinghalo64,Minor,Voyagers,The Astronauts,Solar,52.8,867,60,0.452,0.467,28,32,20622,11320,9302,54,34,53,157,34.4%,326.2,179.1,147.1,0.85,0.54,0.84,2.48,343.7,188.7,155.0,0.90,0.57,0.88,2.62,135,153,2.14,2.42,2.25,2.55
,,,Korsa,Minor,Fire,The Elements,Solar,52.4,423,33,0.368,0.333,11,22,10631,5280,5351,20,16,36,68,29.4%,344.7,171.2,173.5,0.65,0.52,1.17,2.20,322.2,160.0,162.2,0.61,0.48,1.09,2.06,64,90,2.08,2.92,1.94,2.73
,,,S-I-N-Dalu,Minor,Carrots,The Garden,Lunar,52.2,740,53,0.439,0.472,25,28,17982,9920,8062,41,28,63,127,32.3%,333.3,183.9,149.4,0.76,0.52,1.17,2.35,339.3,187.2,152.1,0.77,0.53,1.19,2.40,101,119,1.87,2.21,1.91,2.25
,,,Pulfer,Minor,Wasps,The Swarm,Solar,52.2,721,56,0.608,0.679,38,18,17468,9300,8168,36,35,58,105,34.3%,332.3,176.9,155.4,0.68,0.67,1.10,2.00,311.9,166.1,145.9,0.64,0.63,1.04,1.88,149,113,2.83,2.15,2.66,2.02
,,,M3Mario,Minor,Dire Wolves,Polar Vortex,Lunar,52.1,405,29,0.631,0.621,18,11,9267,5220,4047,20,17,32,77,26.0%,313.8,176.8,137.0,0.68,0.58,1.08,2.61,319.6,180.0,139.6,0.69,0.59,1.10,2.66,74,52,2.51,1.76,2.55,1.79
,,,Hexic,Minor,Griffins,The Birdcage,Lunar,50.4,671,51,0.646,0.627,32,19,15751,9040,6711,44,25,44,119,37.0%,321.9,184.8,137.2,0.90,0.51,0.90,2.43,308.8,177.3,131.6,0.86,0.49,0.86,2.33,142,97,2.90,1.98,2.78,1.90
,,,Topsg0D,Minor,"Flailers
Dire Wolves","The Quad Dynasty
Polar Vortex",Solar,50.2,104,8,0.282,0.250,2,6,2390,1200,1190,5,4,6,20,25.0%,315.2,158.3,156.9,0.66,0.53,0.79,2.64,298.8,150.0,148.8,0.63,0.50,0.75,2.50,12,22,1.58,2.90,1.50,2.75
,,,Dirtydan6969,Minor,Jaguars,Apex Predators,Solar,50.2,373,26,0.430,0.423,11,15,8786,4600,4186,15,15,34,65,23.1%,323.1,169.1,153.9,0.55,0.55,1.25,2.39,337.9,176.9,161.0,0.58,0.58,1.31,2.50,54,65,1.99,2.39,2.08,2.50
,,,Tyni,Minor,Fire,The Elements,Solar,49.4,654,50,0.350,0.320,16,34,15562,8700,6862,36,26,55,105,34.3%,326.4,182.4,143.9,0.75,0.55,1.15,2.20,311.2,174.0,137.2,0.72,0.52,1.10,2.10,96,142,2.01,2.98,1.92,2.84
,,,Bananalytics,Minor,House Lannister,Houses of Westeros,Lunar,49.1,779,58,0.333,0.345,20,38,19628,10760,8868,46,20,77,131,35.1%,345.6,189.4,156.1,0.81,0.35,1.36,2.31,338.4,185.5,152.9,0.79,0.34,1.33,2.26,106,165,1.87,2.90,1.83,2.84
,,,Loaded,Minor,Swordfish,The Ocean,Solar,49.0,636,44,0.583,0.614,27,17,16248,8700,7548,29,23,76,85,34.1%,350.4,187.6,162.8,0.63,0.50,1.64,1.83,369.3,197.7,171.5,0.66,0.52,1.73,1.93,98,78,2.11,1.68,2.23,1.77
,,,Zackaryvink,Minor,Voyagers,The Astronauts,Solar,48.9,820,57,0.444,0.456,26,31,19532,10900,8632,40,29,81,140,28.6%,326.7,182.3,144.4,0.67,0.49,1.35,2.34,342.7,191.2,151.4,0.70,0.51,1.42,2.46,127,147,2.12,2.46,2.23,2.58
,,,Drupenson,Minor,Orangutans,Planet of the Apes,Solar,48.9,521,38,0.504,0.526,20,18,12034,7200,4834,30,20,46,90,33.3%,316.8,189.5,127.3,0.79,0.53,1.21,2.37,316.7,189.5,127.2,0.79,0.53,1.21,2.37,94,93,2.47,2.45,2.47,2.45
,,,Wtfisvhs,Minor,Ospreys,Birds of Prey,Solar,48.7,47,4,0.200,0.000,0,4,1191,630,561,1,3,7,3,33.3%,347.5,183.8,163.7,0.29,0.88,2.04,0.88,297.8,157.5,140.3,0.25,0.75,1.75,0.75,5,12,1.46,3.50,1.25,3.00
,,,Ithefreshprince,Minor,TDM,Rocket League Noob Series,Lunar,48.6,399,31,0.581,0.516,16,15,9560,5280,4280,21,17,35,58,36.2%,328.6,181.5,147.1,0.72,0.58,1.20,1.99,308.4,170.3,138.1,0.68,0.55,1.13,1.87,74,60,2.54,2.06,2.39,1.94
,,,Thepaperboy,Minor,Flailers,The Quad Dynasty,Solar,48.1,791,56,0.408,0.357,20,36,18435,9880,8555,36,33,67,128,28.1%,319.6,171.3,148.3,0.62,0.57,1.16,2.22,329.2,176.4,152.8,0.64,0.59,1.20,2.29,113,144,1.96,2.50,2.02,2.57
,,,Aloza,Minor,Mimics,The Dungeon,Lunar,47.6,536,38,0.521,0.553,21,17,12278,6890,5388,32,20,35,94,34.0%,314.2,176.3,137.9,0.82,0.51,0.90,2.41,323.1,181.3,141.8,0.84,0.53,0.92,2.47,93,88,2.38,2.25,2.45,2.32
,,,Typhon,Minor,TDM,Rocket League Noob Series,Lunar,47.4,789,63,0.538,0.476,30,33,18189,9690,8499,46,27,46,144,31.9%,316.2,168.4,147.7,0.80,0.47,0.80,2.50,288.7,153.8,134.9,0.73,0.43,0.73,2.29,141,128,2.45,2.23,2.24,2.03
,,,Lays,Minor,Uruks,Middle Earth,Lunar,47.2,177,14,0.447,0.500,7,7,4359,2410,1949,10,6,17,26,38.5%,337.8,186.7,151.0,0.77,0.46,1.32,2.01,311.4,172.1,139.2,0.71,0.43,1.21,1.86,27,31,2.09,2.40,1.93,2.21
,,,Frosty2200,Minor,"Dynamite
Draconis","Fallout Shelter
πολύ κεφάλη",Solar,47.2,668,50,0.493,0.560,28,22,15794,9040,6754,40,25,55,104,38.5%,324.3,185.6,138.7,0.82,0.51,1.13,2.14,315.9,180.8,135.1,0.80,0.50,1.10,2.08,114,116,2.34,2.38,2.28,2.32
,,,Sirkitboard,Minor,Carrots,The Garden,Lunar,46.7,634,43,0.462,0.512,22,21,14849,8370,6479,31,20,63,112,27.7%,321.2,181.1,140.2,0.67,0.43,1.36,2.42,345.3,194.7,150.7,0.72,0.47,1.47,2.60,96,106,2.08,2.29,2.23,2.47
,,,Sir Bacon,Minor,Chicken Parm,Fifty-Fifty Pizzeria,Lunar,46.4,10,1,0.143,0.000,0,1,308,160,148,1,0,1,1,100.0%,422.4,219.4,203.0,1.37,0.00,1.37,1.37,308.0,160.0,148.0,1.00,0.00,1.00,1.00,1,3,1.37,4.11,1.00,3.00
,,,Computerimac,Minor,Carrots,The Garden,Lunar,46.1,254,17,0.491,0.471,8,9,5733,3100,2633,14,13,14,35,40.0%,309.6,167.4,142.2,0.76,0.70,0.76,1.89,337.2,182.4,154.9,0.82,0.76,0.82,2.06,41,42,2.21,2.27,2.41,2.47
,,,Akipz,Minor,Swordfish,The Ocean,Solar,45.9,594,40,0.549,0.500,20,20,13296,7490,5806,24,25,57,99,24.2%,307.0,172.9,134.1,0.55,0.58,1.32,2.29,332.4,187.3,145.2,0.60,0.63,1.43,2.48,88,77,2.03,1.78,2.20,1.93
,,,Yuseithree,Minor,Vikings,The Sovereign,Lunar,45.6,524,36,0.519,0.556,20,16,12380,6950,5430,34,15,38,90,37.8%,324.0,181.9,142.1,0.89,0.39,0.99,2.36,343.9,193.1,150.8,0.94,0.42,1.06,2.50,84,80,2.20,2.09,2.33,2.22
,,,Blahmonster8U,Minor,Blizzards,Storm,Solar,45.5,303,24,0.593,0.625,15,9,7526,4040,3486,14,11,34,39,35.9%,340.7,182.9,157.8,0.63,0.50,1.54,1.77,313.6,168.3,145.3,0.58,0.46,1.42,1.63,55,43,2.49,1.95,2.29,1.79
,,,Just_Hollywood,Minor,Ospreys,Birds of Prey,Solar,45.1,304,23,0.227,0.174,4,19,7411,3900,3511,12,10,35,45,26.7%,334.4,176.0,158.4,0.54,0.45,1.58,2.03,322.2,169.6,152.7,0.52,0.43,1.52,1.96,34,74,1.53,3.34,1.48,3.22
,,,Ignite,Minor,Chicken Parm,Fifty-Fifty Pizzeria,Lunar,44.9,732,56,0.387,0.393,22,34,17679,9880,7799,41,22,71,113,36.3%,331.2,185.1,146.1,0.77,0.41,1.33,2.12,315.7,176.4,139.3,0.73,0.39,1.27,2.02,108,145,2.02,2.72,1.93,2.59
,,,Gavinator,Minor,Dynamite,Fallout Shelter,Solar,44.7,890,64,0.438,0.453,29,35,19751,11120,8631,40,44,73,127,31.5%,304.4,171.4,133.0,0.62,0.68,1.12,1.96,308.6,173.8,134.9,0.63,0.69,1.14,1.98,137,161,2.11,2.48,2.14,2.52
,,,Touchmydirtbox,Minor,"Hammerheads
Fangtooths","Shark Attack
The Abyss",Lunar,44.3,579,43,0.555,0.605,26,17,12970,7050,5920,25,25,48,90,27.8%,307.2,167.0,140.2,0.59,0.59,1.14,2.13,301.6,164.0,137.7,0.58,0.58,1.12,2.09,107,93,2.53,2.20,2.49,2.16
,,,Baba--Yetu,Minor,Dire Wolves,Polar Vortex,Lunar,43.4,123,8,0.543,0.375,3,5,2564,1360,1204,4,6,9,21,19.0%,285.9,151.6,134.3,0.45,0.67,1.00,2.34,320.5,170.0,150.5,0.50,0.75,1.13,2.63,18,16,2.01,1.78,2.25,2.00
,,,Orozes,Minor,"Fire
Dire Wolves","The Elements
Polar Vortex",Lunar,43.3,603,46,0.489,0.457,21,25,14001,7800,6201,35,18,48,100,35.0%,318.4,177.4,141.0,0.80,0.41,1.09,2.27,304.4,169.6,134.8,0.76,0.39,1.04,2.17,100,103,2.27,2.34,2.17,2.24
,,,Slayerof666,Minor,Phantoms,The Afterlife,Solar,42.8,669,48,0.664,0.667,32,16,14330,8560,5770,40,26,42,116,34.5%,293.8,175.5,118.3,0.82,0.53,0.86,2.38,298.5,178.3,120.2,0.83,0.54,0.88,2.42,134,86,2.75,1.76,2.79,1.79
,,,Jbomb,Minor,Wasps,The Swarm,Solar,42.8,853,64,0.573,0.641,41,23,19252,11090,8162,54,29,57,139,38.8%,309.5,178.3,131.2,0.87,0.47,0.92,2.23,300.8,173.3,127.5,0.84,0.45,0.89,2.17,164,136,2.64,2.19,2.56,2.13
,,,Funke,Minor,Jaguars,Apex Predators,Solar,42.6,715,50,0.579,0.560,28,22,15872,8830,7042,37,30,51,108,34.3%,304.5,169.4,135.1,0.71,0.58,0.98,2.07,317.4,176.6,140.8,0.74,0.60,1.02,2.16,135,110,2.59,2.11,2.70,2.20
,,,Sirandrew,Minor,Ospreys,Birds of Prey,Solar,41.9,158,11,0.171,0.091,1,10,3874,2130,1744,10,2,15,28,35.7%,336.3,184.9,151.4,0.87,0.17,1.30,2.43,352.2,193.6,158.5,0.91,0.18,1.36,2.55,17,45,1.48,3.91,1.55,4.09
,,,Spoilt,Minor,Labradors,Dog Pound,Solar,41.6,833,58,0.651,0.655,38,20,18591,11430,7161,57,26,61,138,41.3%,306.1,188.2,117.9,0.94,0.43,1.00,2.27,320.5,197.1,123.5,0.98,0.45,1.05,2.38,166,111,2.73,1.83,2.86,1.91
,,,Zer0Vibes,Minor,Discovery,Interstellar,Lunar,41.2,607,45,0.328,0.200,9,36,13774,7810,5964,33,25,49,81,40.7%,311.2,176.5,134.8,0.75,0.56,1.11,1.83,306.1,173.6,132.5,0.73,0.56,1.09,1.80,94,146,2.12,3.30,2.09,3.24
,,,Burritoman62,Minor,"Voyagers
Uruks","The Astronauts
Middle Earth",Lunar,40.5,159,12,0.231,0.083,1,11,3449,2100,1349,9,6,13,25,36.0%,297.5,181.1,116.4,0.78,0.52,1.12,2.16,287.4,175.0,112.4,0.75,0.50,1.08,2.08,20,42,1.73,3.62,1.67,3.50
,,,Aviontequila,Minor,Discovery,Interstellar,Lunar,40.3,821,60,0.323,0.250,15,45,18851,9610,9241,43,28,54,121,35.5%,314.9,160.5,154.4,0.72,0.47,0.90,2.02,314.2,160.2,154.0,0.72,0.47,0.90,2.02,121,192,2.02,3.21,2.02,3.20
,,,Voidrl,Minor,Uruks,Middle Earth,Lunar,40.3,389,27,0.383,0.481,13,14,8831,4840,3991,24,11,25,64,37.5%,311.4,170.6,140.7,0.85,0.39,0.88,2.26,327.1,179.3,147.8,0.89,0.41,0.93,2.37,56,76,1.97,2.68,2.07,2.81
,,,Warrior,Minor,Vikings,The Sovereign,Lunar,40.2,723,51,0.575,0.647,33,18,15439,8380,7059,32,29,51,118,27.1%,292.9,159.0,133.9,0.61,0.55,0.97,2.24,302.7,164.3,138.4,0.63,0.57,1.00,2.31,128,105,2.43,1.99,2.51,2.06
,,,Bobadine,Minor,Chicken Parm,Fifty-Fifty Pizzeria,Lunar,39.9,573,44,0.430,0.455,20,24,13122,6750,6372,23,23,51,75,30.7%,314.1,161.6,152.5,0.55,0.55,1.22,1.80,298.2,153.4,144.8,0.52,0.52,1.16,1.70,85,102,2.03,2.44,1.93,2.32
,,,Waffleman,Minor,Hammerheads,Shark Attack,Solar,39.9,893,58,0.562,0.586,34,24,19748,11270,8478,50,30,67,142,35.2%,303.3,173.1,130.2,0.77,0.46,1.03,2.18,340.5,194.3,146.2,0.86,0.52,1.16,2.45,152,129,2.33,1.98,2.62,2.22
,,,Sabre,Minor,Jaguars,Apex Predators,Solar,39.8,705,51,0.560,0.549,28,23,15533,8670,6863,37,28,51,102,36.3%,302.2,168.7,133.5,0.72,0.54,0.99,1.98,304.6,170.0,134.6,0.73,0.55,1.00,2.00,124,106,2.41,2.06,2.43,2.08
,,,Visionaryone,Minor,Swordfish,The Ocean,Solar,39.6,785,53,0.598,0.585,31,22,17365,9700,7665,43,28,56,120,35.8%,303.4,169.5,133.9,0.75,0.49,0.98,2.10,327.6,183.0,144.6,0.81,0.53,1.06,2.26,133,102,2.32,1.78,2.51,1.92
,,,Kitaera,Minor,House Lannister,Houses of Westeros,Lunar,38.9,673,50,0.403,0.400,20,30,15279,8160,7119,27,27,65,86,31.4%,311.4,166.3,145.1,0.55,0.55,1.32,1.75,305.6,163.2,142.4,0.54,0.54,1.30,1.72,102,131,2.08,2.67,2.04,2.62
,,,Pana_,Minor,Draconis,πολύ κεφάλη,Lunar,38.6,672,48,0.589,0.563,27,21,14627,8620,6007,39,24,50,102,38.2%,298.5,175.9,122.6,0.80,0.49,1.02,2.08,304.7,179.6,125.1,0.81,0.50,1.04,2.13,126,100,2.57,2.04,2.63,2.08
,,,Squishysquirrel,Minor,"Dire Wolves
Fire","Polar Vortex
The Elements",Solar,38.4,731,53,0.478,0.434,23,30,16102,9140,6962,41,22,55,119,34.5%,302.1,171.5,130.6,0.77,0.41,1.03,2.23,303.8,172.5,131.4,0.77,0.42,1.04,2.25,123,130,2.31,2.44,2.32,2.45
,,,Cronus,Minor,Ospreys,Birds of Prey,Solar,38.4,716,50,0.262,0.200,10,40,16176,8210,7966,29,24,61,106,27.4%,309.9,157.3,152.6,0.56,0.46,1.17,2.03,323.5,164.2,159.3,0.58,0.48,1.22,2.12,86,166,1.65,3.18,1.72,3.32
,,,Bringusdingus,Minor,Ospreys,Birds of Prey,Solar,37.8,426,31,0.344,0.290,9,22,9400,4800,4600,13,15,42,65,20.0%,302.6,154.5,148.1,0.42,0.48,1.35,2.09,303.2,154.8,148.4,0.42,0.48,1.35,2.10,59,89,1.90,2.87,1.90,2.87
,,,Jam,Minor,Jacks,House of Cards,Lunar,37.3,576,45,0.492,0.511,23,22,12543,6560,5983,21,23,50,81,25.9%,298.7,156.2,142.5,0.50,0.55,1.19,1.93,278.7,145.8,133.0,0.47,0.51,1.11,1.80,100,102,2.38,2.43,2.22,2.27
,,,Dwightschrute,Minor,"Carrots
Jacks","The Garden
House of Cards",Lunar,37.1,182,13,0.317,0.385,5,8,3755,1840,1915,6,6,12,34,17.6%,283.0,138.7,144.3,0.45,0.45,0.90,2.56,288.8,141.5,147.3,0.46,0.46,0.92,2.62,19,32,1.43,2.41,1.46,2.46
,,,Blastpatern4191,Minor,Discovery,Interstellar,Lunar,37.0,495,35,0.372,0.286,10,25,11042,6380,4662,26,15,46,73,35.6%,305.9,176.8,129.2,0.72,0.42,1.27,2.02,315.5,182.3,133.2,0.74,0.43,1.31,2.09,77,107,2.13,2.96,2.20,3.06
,,,Koda,Minor,Flailers,The Quad Dynasty,Solar,36.7,438,31,0.414,0.355,11,20,9426,5330,4096,17,15,44,68,25.0%,295.2,166.9,128.3,0.53,0.47,1.38,2.13,304.1,171.9,132.1,0.55,0.48,1.42,2.19,57,72,1.78,2.25,1.84,2.32
,,,Eightfingers,Minor,Orangutans,Planet of the Apes,Solar,36.6,82,8,0.248,0.375,3,5,1945,920,1025,1,2,12,12,8.3%,325.3,153.9,171.4,0.17,0.33,2.01,2.01,243.1,115.0,128.1,0.13,0.25,1.50,1.50,7,15,1.17,2.51,0.88,1.88
,,,Tomoose0529,Minor,Surge,Electric Mayhem,Lunar,36.6,576,42,0.410,0.429,18,24,13324,6810,6514,27,16,50,81,33.3%,317.3,162.2,155.1,0.64,0.38,1.19,1.93,317.2,162.1,155.1,0.64,0.38,1.19,1.93,77,98,1.83,2.33,1.83,2.33
,,,Xiluym,Minor,"Hammerheads
Dire Wolves","Shark Attack
Polar Vortex",Solar,36.3,883,58,0.581,0.621,36,22,18006,9900,8106,49,34,37,145,33.8%,279.7,153.8,125.9,0.76,0.53,0.57,2.25,310.4,170.7,139.8,0.84,0.59,0.64,2.50,155,125,2.41,1.94,2.67,2.16
,,,Pumpkant,Minor,Orangutans,Planet of the Apes,Solar,36.2,708,55,0.528,0.564,31,24,14980,8010,6970,30,31,50,96,31.3%,290.2,155.2,135.0,0.58,0.60,0.97,1.86,272.4,145.6,126.7,0.55,0.56,0.91,1.75,130,121,2.52,2.34,2.36,2.20
,,,Jimjamrl,Minor,Draconis,πολύ κεφάλη,Lunar,36.1,69,5,0.466,0.400,2,3,1344,720,624,2,3,5,12,16.7%,267.1,143.1,124.0,0.40,0.60,0.99,2.39,268.8,144.0,124.8,0.40,0.60,1.00,2.40,11,12,2.19,2.39,2.20,2.40
,,,Primed,Minor,Chicken Parm,Fifty-Fifty Pizzeria,Lunar,35.5,404,33,0.436,0.485,16,17,8645,4560,4085,21,14,23,61,34.4%,293.5,154.8,138.7,0.71,0.48,0.78,2.07,262.0,138.2,123.8,0.64,0.42,0.70,1.85,68,80,2.31,2.72,2.06,2.42
,,,Zeta,Minor,Wasps,The Swarm,Solar,35.1,177,11,0.371,0.455,5,6,3370,1970,1400,3,11,18,22,13.6%,261.1,152.6,108.5,0.23,0.85,1.39,1.70,306.4,179.1,127.3,0.27,1.00,1.64,2.00,21,30,1.63,2.32,1.91,2.73
,,,Mcgroom,Minor,"Jaguars
Fangtooths","Apex Predators
The Abyss",Lunar,34.2,407,30,0.462,0.533,16,14,8512,4720,3792,21,14,26,62,33.9%,286.8,159.1,127.8,0.71,0.47,0.88,2.09,283.7,157.3,126.4,0.70,0.47,0.87,2.07,68,75,2.29,2.53,2.27,2.50
,,,Paco4235,Minor,Dynamite,Fallout Shelter,Solar,33.3,305,21,0.377,0.381,8,13,6821,3750,3071,14,9,30,40,35.0%,306.7,168.6,138.1,0.63,0.40,1.35,1.80,324.8,178.6,146.2,0.67,0.43,1.43,1.90,45,62,2.02,2.79,2.14,2.95
,,,Taquito7,Minor,Surge,Electric Mayhem,Lunar,32.8,741,57,0.419,0.439,25,32,15420,7960,7460,26,28,58,106,24.5%,285.4,147.3,138.1,0.48,0.52,1.07,1.96,270.5,139.6,130.9,0.46,0.49,1.02,1.86,98,122,1.81,2.26,1.72,2.14
,,,Shadowvail,Minor,Voyagers,The Astronauts,Solar,32.1,594,42,0.473,0.476,20,22,12406,7000,5406,24,22,54,80,30.0%,286.4,161.6,124.8,0.55,0.51,1.25,1.85,295.4,166.7,128.7,0.57,0.52,1.29,1.90,96,103,2.22,2.38,2.29,2.45
,,,Suckiest Sucker,Minor,Carrots,The Garden,Lunar,32.0,750,54,0.430,0.481,26,28,15901,8360,7541,32,23,58,111,28.8%,290.8,152.9,137.9,0.59,0.42,1.06,2.03,294.5,154.8,139.6,0.59,0.43,1.07,2.06,108,130,1.97,2.38,2.00,2.41
,,,Feen,Minor,Uruks,Middle Earth,Lunar,31.8,733,57,0.418,0.456,26,31,15710,8130,7580,31,23,57,103,30.1%,293.9,152.1,141.8,0.58,0.43,1.07,1.93,275.6,142.6,133.0,0.54,0.40,1.00,1.81,109,135,2.04,2.53,1.91,2.37
,,,Falco5,Minor,Discovery,Interstellar,Lunar,31.2,645,48,0.318,0.292,14,34,13522,7140,6382,26,24,50,84,31.0%,287.5,151.8,135.7,0.55,0.51,1.06,1.79,281.7,148.8,133.0,0.54,0.50,1.04,1.75,96,154,2.04,3.27,2.00,3.21
,,,Xtratos,Minor,Ospreys,Birds of Prey,Solar,29.1,128,10,0.294,0.200,2,8,2511,1620,891,6,5,12,17,35.3%,269.1,173.6,95.5,0.64,0.54,1.29,1.82,251.1,162.0,89.1,0.60,0.50,1.20,1.70,20,34,2.14,3.64,2.00,3.40
,,,Ence,Minor,Flailers,The Quad Dynasty,Solar,28.7,755,54,0.342,0.315,17,37,16542,8590,7952,40,11,57,119,33.6%,300.5,156.0,144.5,0.73,0.20,1.04,2.16,306.3,159.1,147.3,0.74,0.20,1.06,2.20,93,143,1.69,2.60,1.72,2.65
,,,Roup,Minor,Flailers,The Quad Dynasty,Solar,26.9,244,19,0.349,0.316,6,13,5140,2380,2760,9,5,17,38,23.7%,288.9,133.8,155.1,0.51,0.28,0.96,2.14,270.5,125.3,145.3,0.47,0.26,0.89,2.00,32,48,1.80,2.70,1.68,2.53
,,,Sykoshaggy,Minor,"Draconis
Discovery
Hammerheads","πολύ κεφάλη
Interstellar
Shark Attack",Lunar,26.5,361,24,0.558,0.500,12,12,6863,3900,2963,15,14,24,50,30.0%,260.7,148.2,112.6,0.57,0.53,0.91,1.90,286.0,162.5,123.5,0.63,0.58,1.00,2.08,64,55,2.43,2.09,2.67,2.29
,,,Padmesdefense,Minor,"Dire Wolves
Flailers","Polar Vortex
The Quad Dynasty",Lunar,26.3,150,12,0.656,0.667,8,4,2804,1560,1244,8,6,5,21,38.1%,256.4,142.6,113.7,0.73,0.55,0.46,1.92,233.7,130.0,103.7,0.67,0.50,0.42,1.75,33,22,3.02,2.01,2.75,1.83
,,,Mike,Minor,Flailers,The Quad Dynasty,Solar,25.8,63,4,0.466,0.250,1,3,1281,680,601,3,2,4,8,37.5%,278.9,148.0,130.8,0.65,0.44,0.87,1.74,320.3,170.0,150.3,0.75,0.50,1.00,2.00,11,12,2.39,2.61,2.75,3.00
,,,The Rogers Effect,Minor,House Lannister,Houses of Westeros,Lunar,25.7,543,40,0.342,0.350,14,26,12136,6040,6096,30,9,38,69,43.5%,306.5,152.6,154.0,0.76,0.23,0.96,1.74,303.4,151.0,152.4,0.75,0.23,0.95,1.73,75,114,1.89,2.88,1.88,2.85
,,,Chiefskapski,Minor,House Lannister,Houses of Westeros,Lunar,24.2,539,40,0.263,0.250,10,30,10952,5330,5622,12,17,52,68,17.6%,278.7,135.6,143.1,0.31,0.43,1.32,1.73,273.8,133.3,140.6,0.30,0.43,1.30,1.70,63,122,1.60,3.10,1.58,3.05
,,,Liquid Cight,Minor,Surge,Electric Mayhem,Lunar,24.1,287,24,0.343,0.333,8,16,5776,2990,2786,10,8,24,39,25.6%,276.0,142.9,133.1,0.48,0.38,1.15,1.86,240.7,124.6,116.1,0.42,0.33,1.00,1.63,33,51,1.58,2.44,1.38,2.13
,,,Soul,Minor,TDM,Rocket League Noob Series,Lunar,24.0,59,4,0.260,0.000,0,4,1126,610,516,2,1,5,11,18.2%,261.7,141.8,119.9,0.46,0.23,1.16,2.56,281.5,152.5,129.0,0.50,0.25,1.25,2.75,6,12,1.39,2.79,1.50,3.00
,,,Krum_Kyle,Minor,Fangtooths,The Abyss,Lunar,23.4,597,46,0.576,0.587,27,19,11335,5720,5615,18,21,41,82,22.0%,260.4,131.4,129.0,0.41,0.48,0.94,1.88,246.4,124.3,122.1,0.39,0.46,0.89,1.78,104,85,2.39,1.95,2.26,1.85
,,,Shadowaid,Minor,Surge,Electric Mayhem,Lunar,22.7,49,4,0.205,0.000,0,4,961,480,481,1,1,5,8,12.5%,269.0,134.4,134.6,0.28,0.28,1.40,2.24,240.3,120.0,120.3,0.25,0.25,1.25,2.00,4,10,1.12,2.80,1.00,2.50
,,,Lonelyastronot,Minor,Labradors,Dog Pound,Solar,17.9,110,8,0.585,0.500,4,4,1915,950,965,4,4,4,15,26.7%,238.8,118.4,120.3,0.50,0.50,0.50,1.87,239.4,118.8,120.6,0.50,0.50,0.50,1.88,20,16,2.49,1.99,2.50,2.00
,,,Kirby Griffin,Minor,Blizzards,Storm,Solar,17.7,227,17,0.427,0.471,8,9,4183,2550,1633,10,6,19,30,33.3%,252.7,154.1,98.7,0.60,0.36,1.15,1.81,246.1,150.0,96.1,0.59,0.35,1.12,1.76,40,48,2.42,2.90,2.35,2.82
,,,Shaqctus,Minor,Mimics,The Dungeon,Lunar,17.3,380,30,0.450,0.400,12,18,6476,3420,3056,9,18,24,42,21.4%,233.7,123.4,110.3,0.32,0.65,0.87,1.52,215.9,114.0,101.9,0.30,0.60,0.80,1.40,58,66,2.09,2.38,1.93,2.20
,,,A Flappy Sumo,Minor,Carrots,The Garden,Lunar,14.6,96,8,0.473,0.500,4,4,1766,720,1046,2,1,6,17,11.8%,252.3,102.9,149.4,0.29,0.14,0.86,2.43,220.8,90.0,130.8,0.25,0.13,0.75,2.13,13,14,1.86,2.00,1.63,1.75
,,,Bousquet,Minor,Uruks,Middle Earth,Lunar,13.3,324,23,0.320,0.348,8,15,5798,3140,2658,13,9,20,39,33.3%,245.4,132.9,112.5,0.55,0.38,0.85,1.65,252.1,136.5,115.6,0.57,0.39,0.87,1.70,44,71,1.86,3.01,1.91,3.09
,,,Nate Likes Cats,Minor,"Fire
Swordfish","The Elements
The Ocean",Solar,7.6,94,6,0.403,0.333,2,4,1538,900,638,4,3,5,10,40.0%,224.4,131.3,93.1,0.58,0.44,0.73,1.46,256.3,150.0,106.3,0.67,0.50,0.83,1.67,14,18,2.04,2.63,2.33,3.00
,,,Doubeleveinmagic,Minor,Voyagers,The Astronauts,Solar,7.4,250,16,0.500,0.563,9,7,4262,2360,1902,10,7,15,26,38.5%,233.8,129.5,104.3,0.55,0.38,0.82,1.43,266.4,147.5,118.9,0.63,0.44,0.94,1.63,38,38,2.08,2.08,2.38,2.38
,,,Connor,Minor,Hammerheads,Shark Attack,Solar,6.6,40,2,0.434,0.500,1,1,578,270,308,0,1,3,7,0.0%,198.2,92.6,105.6,0.00,0.34,1.03,2.40,289.0,135.0,154.0,0.00,0.50,1.50,3.50,5,6,1.71,2.06,2.50,3.00
,,,Jastnorn,Minor,Ospreys,Birds of Prey,Solar,4.5,597,43,0.288,0.233,10,33,10658,5710,4948,25,10,42,61,41.0%,244.9,131.2,113.7,0.57,0.23,0.96,1.40,247.9,132.8,115.1,0.58,0.23,0.98,1.42,68,123,1.56,2.83,1.58,2.86
,,,Thefirstvirus,Minor,Phantoms,The Afterlife,Solar,3.8,61,4,0.618,0.500,2,2,879,480,399,1,2,4,8,12.5%,197.6,107.9,89.7,0.22,0.45,0.90,1.80,219.8,120.0,99.8,0.25,0.50,1.00,2.00,11,8,2.47,1.80,2.75,2.00
,,,Mcmonkey,Minor,Fire,The Elements,Solar,2.9,430,33,0.280,0.212,7,26,7313,3260,4053,9,11,28,41,22.0%,233.3,104.0,129.3,0.29,0.35,0.89,1.31,221.6,98.8,122.8,0.27,0.33,0.85,1.24,57,103,1.82,3.29,1.73,3.12
,,,Lilprsnwithangr,Minor,Dynamite,Fallout Shelter,Solar,-2.3,52,4,0.113,0.000,0,4,1089,430,659,1,0,6,3,33.3%,287.2,113.4,173.8,0.26,0.00,1.58,0.79,272.3,107.5,164.8,0.25,0.00,1.50,0.75,3,12,0.79,3.17,0.75,3.00
,,,Miracle,Minor,Carrots,The Garden,Lunar,-3.4,49,4,0.111,0.000,0,4,829,340,489,0,1,5,4,0.0%,232.0,95.2,136.9,0.00,0.28,1.40,1.12,207.3,85.0,122.3,0.00,0.25,1.25,1.00,2,9,0.56,2.52,0.50,2.25
,,,Wheelchair,Minor,Flailers,The Quad Dynasty,Solar,-7.0,230,16,0.211,0.125,2,14,3613,1780,1833,4,3,20,23,17.4%,215.4,106.1,109.3,0.24,0.18,1.19,1.37,225.8,111.3,114.6,0.25,0.19,1.25,1.44,22,52,1.31,3.10,1.38,3.25
,,,Echofiend,Minor,"Hammerheads
Blizzards","Shark Attack
Storm",Solar,-11.6,182,12,0.271,0.167,2,10,2507,1070,1437,3,4,8,17,17.6%,188.9,80.6,108.3,0.23,0.30,0.60,1.28,208.9,89.2,119.8,0.25,0.33,0.67,1.42,23,43,1.73,3.24,1.92,3.58
,,,Shwae,Minor,Dynamite,Fallout Shelter,Solar,-15.5,129,10,0.177,0.000,0,10,1862,680,1182,2,1,6,13,15.4%,198.0,72.3,125.7,0.21,0.11,0.64,1.38,186.2,68.0,118.2,0.20,0.10,0.60,1.30,10,28,1.06,2.98,1.00,2.80
,,,Juanma,Minor,Voyagers,The Astronauts,Solar,-33.1,14,1,0.000,0.000,0,1,128,20,108,0,0,0,2,0.0%,125.4,19.6,105.8,0.00,0.00,0.00,1.96,128.0,20.0,108.0,0.00,0.00,0.00,2.00,0,6,0.00,5.88,0.00,6.00
,,,Rcon,Minor,Ospreys,Birds of Prey,Solar,-38.7,82,4,0.194,0.000,0,4,847,360,487,2,0,2,6,33.3%,141.7,60.2,81.5,0.33,0.00,0.33,1.00,211.8,90.0,121.8,0.50,0.00,0.50,1.50,7,18,1.17,3.01,1.75,4.50
,,,Lieutenantsolo,Minor,Dire Wolves,Polar Vortex,Lunar,-43.4,21,2,0.391,0.500,1,1,278,50,228,0,0,1,0,,181.6,32.7,148.9,0.00,0.00,0.65,0.00,139.0,25.0,114.0,0.00,0.00,0.50,0.00,3,4,1.96,2.61,1.50,2.00
,,,Frosty2200,Major,Rockets,Fallout Shelter,Solar,135.5,10,0,0.500,,0,0,418,210,208,1,1,1,1,100.0%,598.2,300.5,297.7,1.43,1.43,1.43,1.43,,,,,,,,2,2,2.86,2.86,,
,,,Mako,Major,"Mastodons
Gorillas","Polar Vortex
Planet of the Apes",Lunar,115.7,70,5,0.727,0.400,2,3,2388,1560,828,8,3,8,21,38.1%,488.2,318.9,169.3,1.64,0.61,1.64,4.29,477.6,312.0,165.6,1.60,0.60,1.60,4.20,15,8,3.07,1.64,3.00,1.60
,,,Tide,Major,Celery,The Garden,Lunar,106.8,695,49,0.653,0.714,35,14,22479,13190,9289,63,42,62,169,37.3%,462.9,271.6,191.3,1.30,0.86,1.28,3.48,458.8,269.2,189.6,1.29,0.86,1.27,3.45,146,98,3.01,2.02,2.98,2.00
,,,Ence,Major,Quads,The Quad Dynasty,Solar,106.6,59,4,0.798,0.750,3,1,2149,1470,679,10,2,5,12,83.3%,521.3,356.6,164.7,2.43,0.49,1.21,2.91,537.3,367.5,169.8,2.50,0.50,1.25,3.00,18,8,4.37,1.94,4.50,2.00
,,,Icey6,Major,Monsoons,Storm,Solar,98.7,906,59,0.745,0.763,45,14,27860,17920,9940,100,40,70,242,41.3%,440.1,283.1,157.0,1.58,0.63,1.11,3.82,472.2,303.7,168.5,1.69,0.68,1.19,4.10,194,97,3.06,1.53,3.29,1.64
,,,Saucey,Major,Yellow Jackets,The Swarm,Solar,98.4,779,56,0.679,0.714,40,16,24448,13950,10498,64,43,72,180,35.6%,449.1,256.3,192.9,1.18,0.79,1.32,3.31,436.6,249.1,187.5,1.14,0.77,1.29,3.21,150,92,2.76,1.69,2.68,1.64
,,,Yung Veeny,Major,"Mastodons
Celery
Rockets","Polar Vortex
The Garden
Fallout Shelter",Lunar,93.8,157,12,0.660,0.750,9,3,4824,2810,2014,11,10,18,31,35.5%,439.7,256.1,183.6,1.00,0.91,1.64,2.83,402.0,234.2,167.8,0.92,0.83,1.50,2.58,32,21,2.92,1.91,2.67,1.75
,,,Petey,Major,Rockets,Fallout Shelter,Solar,93.6,70,4,0.461,0.500,2,2,1866,1110,756,3,6,7,16,18.8%,381.5,226.9,154.6,0.61,1.23,1.43,3.27,466.5,277.5,189.0,0.75,1.50,1.75,4.00,9,10,1.84,2.04,2.25,2.50
,,,Tragic,Major,Gladiators,The Sovereign,Lunar,86.4,959,64,0.679,0.656,42,22,27941,15700,12241,75,51,72,205,36.6%,417.0,234.3,182.7,1.12,0.76,1.07,3.06,436.6,245.3,191.3,1.17,0.80,1.13,3.20,187,115,2.79,1.72,2.92,1.80
,,,Blaze It Ben,Major,House Stark,Houses of Westeros,Lunar,86.0,816,64,0.565,0.547,35,29,24944,13170,11774,66,26,66,197,33.5%,437.5,231.0,206.5,1.16,0.46,1.16,3.46,389.8,205.8,184.0,1.03,0.41,1.03,3.08,150,127,2.63,2.23,2.34,1.98
,,,Moondog,Major,"Wind
Apollos","The Elements
The Astronauts",Solar,85.1,94,8,0.637,0.750,6,2,2928,1680,1248,8,4,10,18,44.4%,445.8,255.8,190.0,1.22,0.61,1.52,2.74,366.0,210.0,156.0,1.00,0.50,1.25,2.25,16,11,2.44,1.67,2.00,1.38
,,,Nathan.,Major,Trashcans,Waste Management,Solar,83.4,688,51,0.547,0.569,29,22,19884,11490,8394,48,37,69,139,34.5%,413.6,239.0,174.6,1.00,0.77,1.44,2.89,389.9,225.3,164.6,0.94,0.73,1.35,2.73,123,109,2.56,2.27,2.41,2.14
,,,Thunder,Major,Mastodons,Polar Vortex,Lunar,80.9,797,58,0.529,0.552,32,26,23648,12920,10728,55,41,79,142,38.7%,424.6,232.0,192.6,0.99,0.74,1.42,2.55,407.7,222.8,185.0,0.95,0.71,1.36,2.45,144,134,2.59,2.41,2.48,2.31
,,,Pxlbuzzard,Major,"Gladiators
Anglers","The Sovereign
The Abyss",Lunar,80.6,89,6,0.860,0.833,5,1,2377,1590,787,9,5,5,19,47.4%,382.2,255.7,126.6,1.45,0.80,0.80,3.06,396.2,265.0,131.2,1.50,0.83,0.83,3.17,27,9,4.34,1.45,4.50,1.50
,,,Royal,Major,Celery,The Garden,Lunar,78.4,564,40,0.648,0.650,26,14,15898,8660,7238,37,27,49,116,31.9%,403.4,219.7,183.7,0.94,0.69,1.24,2.94,397.5,216.5,181.0,0.93,0.68,1.23,2.90,111,75,2.82,1.90,2.78,1.88
,,,Delephant,Major,Thunder Eagles,The Birdcage,Lunar,78.0,909,63,0.571,0.571,36,27,25805,14390,11415,64,42,81,184,34.8%,406.3,226.6,179.7,1.01,0.66,1.28,2.90,409.6,228.4,181.2,1.02,0.67,1.29,2.92,160,133,2.52,2.09,2.54,2.11
,,,Freebo,Major,Wind,The Elements,Solar,76.7,632,44,0.481,0.432,19,25,18720,10750,7970,42,23,83,125,33.6%,423.9,243.4,180.5,0.95,0.52,1.88,2.83,425.5,244.3,181.1,0.95,0.52,1.89,2.84,98,103,2.22,2.33,2.23,2.34
,,,Infinite,Major,Anglers,The Abyss,Lunar,76.0,823,59,0.670,0.678,40,19,21791,12790,9001,66,39,48,184,35.9%,378.9,222.4,156.5,1.15,0.68,0.83,3.20,369.3,216.8,152.6,1.12,0.66,0.81,3.12,168,107,2.92,1.86,2.85,1.81
,,,Panzler ^-^,Major,Tigers,Apex Predators,Solar,75.6,484,35,0.562,0.629,22,13,13450,7370,6080,37,22,32,97,38.1%,397.7,217.9,179.8,1.09,0.65,0.95,2.87,384.3,210.6,173.7,1.06,0.63,0.91,2.77,98,84,2.90,2.48,2.80,2.40
,,,Shaunold_,Major,House Stark,Houses of Westeros,Lunar,74.9,344,27,0.641,0.630,17,10,9181,5170,4011,25,17,22,72,34.7%,382.0,215.1,166.9,1.04,0.71,0.92,3.00,340.0,191.5,148.6,0.93,0.63,0.81,2.67,68,47,2.83,1.96,2.52,1.74
,,,Klarityk,Major,Lasagna,Fifty-Fifty Pizzeria,Lunar,73.2,62,4,0.843,1.000,4,0,1560,990,570,4,5,5,9,44.4%,360.1,228.5,131.6,0.92,1.15,1.15,2.08,390.0,247.5,142.5,1.00,1.25,1.25,2.25,17,6,3.92,1.38,4.25,1.50
,,,Harrisonwc,Major,"Quads
Wind","The Quad Dynasty
The Elements",Solar,69.3,119,8,0.302,0.125,1,7,2996,1550,1446,7,6,6,25,28.0%,360.3,186.4,173.9,0.84,0.72,0.72,3.01,374.5,193.8,180.8,0.88,0.75,0.75,3.13,16,27,1.92,3.25,2.00,3.38
,,,Ogkrish,Major,Trashcans,Waste Management,Solar,67.5,795,59,0.590,0.593,35,24,20669,12030,8639,56,36,62,153,36.6%,372.1,216.6,155.5,1.01,0.65,1.12,2.75,350.3,203.9,146.4,0.95,0.61,1.05,2.59,151,120,2.72,2.16,2.56,2.03
,,,Nikolai,Major,Pointers,Dog Pound,Solar,67.5,774,54,0.509,0.519,28,26,19773,11580,8193,56,36,53,153,36.6%,365.6,214.1,151.5,1.04,0.67,0.98,2.83,366.2,214.4,151.7,1.04,0.67,0.98,2.83,132,129,2.44,2.39,2.44,2.39
,,,Grez,Major,Banshees,The Afterlife,Solar,67.0,390,25,0.447,0.440,11,14,10091,6070,4021,29,15,32,82,35.4%,370.3,222.7,147.6,1.06,0.55,1.17,3.01,403.6,242.8,160.8,1.16,0.60,1.28,3.28,62,71,2.28,2.61,2.48,2.84
,,,Gb_97,Major,Anglers,The Abyss,Lunar,66.7,856,62,0.670,0.677,42,20,21748,12780,8968,56,44,68,158,35.4%,363.6,213.7,149.9,0.94,0.74,1.14,2.64,350.8,206.1,144.6,0.90,0.71,1.10,2.55,176,112,2.94,1.87,2.84,1.81
,,,Fuda,Major,Gorillas,Planet of the Apes,Solar,66.6,781,53,0.600,0.642,34,19,21096,12150,8946,54,30,76,145,37.2%,386.6,222.6,163.9,0.99,0.55,1.39,2.66,398.0,229.2,168.8,1.02,0.57,1.43,2.74,150,116,2.75,2.13,2.83,2.19
,,,Easy359,Major,Tigers,Apex Predators,Solar,64.3,748,57,0.571,0.649,37,20,20091,10390,9701,44,27,65,139,31.7%,384.4,198.8,185.6,0.84,0.52,1.24,2.66,352.5,182.3,170.2,0.77,0.47,1.14,2.44,131,109,2.51,2.09,2.30,1.91
,,,Pletheros,Major,Energy,Rocket League Noob Series,Lunar,62.7,611,38,0.512,0.500,19,19,15143,8260,6883,32,29,49,116,27.6%,354.7,193.5,161.2,0.75,0.68,1.15,2.72,398.5,217.4,181.1,0.84,0.76,1.29,3.05,95,92,2.23,2.15,2.50,2.42
,,,Crazy Vulpix,Major,Hydras,πολύ κεφάλη,Lunar,62.2,432,33,0.445,0.515,17,16,11317,5820,5497,21,21,40,67,31.3%,374.9,192.8,182.1,0.70,0.70,1.33,2.22,342.9,176.4,166.6,0.64,0.64,1.21,2.03,65,75,2.15,2.48,1.97,2.27
,,,Czexmix,Major,Endeavor,Interstellar,Lunar,60.7,549,42,0.635,0.595,25,17,13565,7260,6305,30,25,40,101,29.7%,353.6,189.3,164.4,0.78,0.65,1.04,2.63,323.0,172.9,150.1,0.71,0.60,0.95,2.40,99,69,2.58,1.80,2.36,1.64
,,,Gotmott,Major,Monsoons,Storm,Solar,60.6,871,57,0.742,0.737,42,15,19587,12000,7587,52,55,50,155,33.5%,321.8,197.2,124.7,0.85,0.90,0.82,2.55,343.6,210.5,133.1,0.91,0.96,0.88,2.72,184,93,3.02,1.53,3.23,1.63
,,,Packerssquad,Major,Rockets,Fallout Shelter,Solar,60.3,434,29,0.560,0.517,15,14,10752,6010,4742,22,19,41,81,27.2%,354.6,198.2,156.4,0.73,0.63,1.35,2.67,370.8,207.2,163.5,0.76,0.66,1.41,2.79,68,58,2.24,1.91,2.34,2.00
,,,Distant Force,Major,Energy,Rocket League Noob Series,Lunar,60.3,896,57,0.516,0.509,29,28,23414,13800,9614,59,31,95,160,36.9%,374.0,220.4,153.6,0.94,0.50,1.52,2.56,410.8,242.1,168.7,1.04,0.54,1.67,2.81,145,139,2.32,2.22,2.54,2.44
,,,Mrfelon,Major,Mastodons,Polar Vortex,Lunar,60.1,677,50,0.520,0.560,28,22,17363,9820,7543,45,27,56,117,38.5%,367.0,207.6,159.5,0.95,0.57,1.18,2.47,347.3,196.4,150.9,0.90,0.54,1.12,2.34,122,116,2.58,2.45,2.44,2.32
,,,Cookie :>,Major,Anglers,The Abyss,Lunar,60.1,322,24,0.591,0.625,15,9,8004,4530,3474,22,12,22,63,34.9%,355.7,201.3,154.4,0.98,0.53,0.98,2.80,333.5,188.8,144.8,0.92,0.50,0.92,2.63,63,50,2.80,2.22,2.63,2.08
,,,Mangooooo,Major,Lasagna,Fifty-Fifty Pizzeria,Lunar,59.7,54,4,0.791,0.750,3,1,1180,520,660,1,3,3,12,8.3%,312.7,137.8,174.9,0.27,0.80,0.80,3.18,295.0,130.0,165.0,0.25,0.75,0.75,3.00,8,3,2.12,0.80,2.00,0.75
,,,Krypto,Major,"Wind
Killer Whales","The Elements
The Ocean",Solar,59.1,60,5,0.635,0.600,3,2,1489,740,749,3,5,3,4,75.0%,355.2,176.5,178.7,0.72,1.19,0.72,0.95,297.8,148.0,149.8,0.60,1.00,0.60,0.80,14,10,3.34,2.39,2.80,2.00
,,,Plg,Major,Thunder Eagles,The Birdcage,Lunar,57.7,234,16,0.580,0.500,8,8,5398,3230,2168,13,12,18,43,30.2%,330.1,197.5,132.6,0.80,0.73,1.10,2.63,337.4,201.9,135.5,0.81,0.75,1.13,2.69,43,35,2.63,2.14,2.69,2.19
,,,Splatmonkey14,Major,Gorillas,Planet of the Apes,Solar,57.2,847,56,0.555,0.589,33,23,21450,12970,8480,61,28,79,152,40.1%,362.4,219.1,143.3,1.03,0.47,1.33,2.57,383.0,231.6,151.4,1.09,0.50,1.41,2.71,151,131,2.55,2.21,2.70,2.34
,,,Chinchilla,Major,Yellow Jackets,The Swarm,Solar,57.2,245,18,0.636,0.667,12,6,6310,3180,3130,9,7,29,48,18.8%,368.6,185.8,182.8,0.53,0.41,1.69,2.80,350.6,176.7,173.9,0.50,0.39,1.61,2.67,42,29,2.45,1.69,2.33,1.61
,,,Wall2Wall3,Major,Monsoons,Storm,Solar,56.5,557,37,0.815,0.865,32,5,12343,7310,5033,26,32,42,101,25.7%,317.1,187.8,129.3,0.67,0.82,1.08,2.60,333.6,197.6,136.0,0.70,0.86,1.14,2.73,134,52,3.44,1.34,3.62,1.41
,,,Jkmad_,Major,Lasagna,Fifty-Fifty Pizzeria,Lunar,56.2,508,35,0.491,0.429,15,20,12041,6580,5461,30,22,31,93,32.3%,339.2,185.4,153.8,0.85,0.62,0.87,2.62,344.0,188.0,156.0,0.86,0.63,0.89,2.66,83,85,2.34,2.39,2.37,2.43
,,,Tterb86,Major,Gladiators,The Sovereign,Lunar,55.6,636,42,0.686,0.643,27,15,14355,8260,6095,37,34,35,111,33.3%,323.0,185.9,137.1,0.83,0.77,0.79,2.50,341.8,196.7,145.1,0.88,0.81,0.83,2.64,126,76,2.84,1.71,3.00,1.81
,,,K0Rn0,Major,"Makos
Mastodons","Shark Attack
Polar Vortex",Solar,55.2,507,36,0.567,0.583,21,15,12226,7220,5006,33,21,40,87,37.9%,345.1,203.8,141.3,0.93,0.59,1.13,2.46,339.6,200.6,139.1,0.92,0.58,1.11,2.42,104,88,2.94,2.48,2.89,2.44
,,,Badb0Yz143,Major,Queens,House of Cards,Lunar,54.8,576,43,0.496,0.512,22,21,14438,7930,6508,35,20,49,98,35.7%,358.7,197.0,161.7,0.87,0.50,1.22,2.43,335.8,184.4,151.3,0.81,0.47,1.14,2.28,98,99,2.43,2.46,2.28,2.30
,,,Akratic,Major,Tigers,Apex Predators,Solar,54.8,721,55,0.569,0.618,34,21,16865,9230,7635,42,34,42,123,34.1%,334.8,183.2,151.5,0.83,0.67,0.83,2.44,306.6,167.8,138.8,0.76,0.62,0.76,2.24,129,108,2.56,2.14,2.35,1.96
,,,Itonydelatorre,Major,Anglers,The Abyss,Lunar,54.7,582,42,0.724,0.738,31,11,13252,7380,5872,33,27,33,108,30.6%,325.9,181.5,144.4,0.81,0.66,0.81,2.66,315.5,175.7,139.8,0.79,0.64,0.79,2.57,126,68,3.10,1.67,3.00,1.62
,,,Leerg,Major,Liches,The Dungeon,Lunar,54.2,879,60,0.487,0.450,27,33,20319,10940,9379,35,48,73,139,25.2%,330.8,178.1,152.7,0.57,0.78,1.19,2.26,338.7,182.3,156.3,0.58,0.80,1.22,2.32,148,153,2.41,2.49,2.47,2.55
,,,Hell,Major,Banshees,The Afterlife,Solar,54.0,910,60,0.454,0.483,29,31,20805,12650,8155,57,34,68,185,30.8%,327.2,198.9,128.3,0.90,0.53,1.07,2.91,346.8,210.8,135.9,0.95,0.57,1.13,3.08,133,150,2.09,2.36,2.22,2.50
,,,Froop,Major,Thunder Eagles,The Birdcage,Lunar,54.0,770,54,0.584,0.593,32,22,17805,10410,7395,52,34,43,136,38.2%,330.9,193.5,137.4,0.97,0.63,0.80,2.53,329.7,192.8,136.9,0.96,0.63,0.80,2.52,138,111,2.56,2.06,2.56,2.06
,,,Big Boi Johnny,Major,"Trashcans
Apollos
Quads","Waste Management
The Astronauts
The Quad Dynasty",Solar,53.9,578,37,0.463,0.378,14,23,13703,7890,5813,29,27,54,94,30.9%,339.3,195.4,143.9,0.72,0.67,1.34,2.33,370.4,213.2,157.1,0.78,0.73,1.46,2.54,91,100,2.25,2.48,2.46,2.70
,,,Júdd,Major,Wind,The Elements,Solar,53.7,172,13,0.538,0.462,6,7,4106,2300,1806,9,7,15,30,30.0%,341.6,191.4,150.3,0.75,0.58,1.25,2.50,315.8,176.9,138.9,0.69,0.54,1.15,2.31,33,30,2.75,2.50,2.54,2.31
,,,Plasmid,Major,Rockets,Fallout Shelter,Solar,53.5,876,57,0.545,0.526,30,27,21721,13110,8611,58,32,86,141,41.1%,354.9,214.2,140.7,0.95,0.52,1.40,2.30,381.1,230.0,151.1,1.02,0.56,1.51,2.47,146,130,2.39,2.12,2.56,2.28
,,,Clyde,Major,House Stark,Houses of Westeros,Lunar,53.1,459,36,0.526,0.500,18,18,10510,5810,4700,23,23,32,76,30.3%,327.7,181.2,146.5,0.72,0.72,1.00,2.37,291.9,161.4,130.6,0.64,0.64,0.89,2.11,79,74,2.46,2.31,2.19,2.06
,,,Dapperstarfishh,Major,Black Riders,Middle Earth,Lunar,53.1,691,50,0.388,0.400,20,30,16721,9010,7711,36,29,57,111,32.4%,346.3,186.6,159.7,0.75,0.60,1.18,2.30,334.4,180.2,154.2,0.72,0.58,1.14,2.22,102,136,2.11,2.82,2.04,2.72
,,,Lord Ironskull,Major,Gladiators,The Sovereign,Lunar,52.9,594,40,0.669,0.675,27,13,14179,8500,5679,37,22,53,105,35.2%,341.6,204.8,136.8,0.89,0.53,1.28,2.53,354.5,212.5,142.0,0.93,0.55,1.33,2.63,118,75,2.84,1.81,2.95,1.88
,,,Ifsh,Major,Liches,The Dungeon,Lunar,52.6,656,45,0.460,0.444,20,25,15429,9080,6349,36,29,59,108,33.3%,336.6,198.1,138.5,0.79,0.63,1.29,2.36,342.9,201.8,141.1,0.80,0.64,1.31,2.40,103,114,2.25,2.49,2.29,2.53
,,,Zen,Major,Gladiators,The Sovereign,Lunar,52.1,552,38,0.609,0.579,22,16,13126,7580,5546,30,22,51,93,32.3%,340.3,196.5,143.8,0.78,0.57,1.32,2.41,345.4,199.5,145.9,0.79,0.58,1.34,2.45,90,67,2.33,1.74,2.37,1.76
,,,Stefek,Major,Rockets,Fallout Shelter,Solar,51.7,310,21,0.604,0.571,12,9,7230,4090,3140,13,13,32,54,24.1%,333.8,188.8,145.0,0.60,0.60,1.48,2.49,344.3,194.8,149.5,0.62,0.62,1.52,2.57,54,41,2.49,1.89,2.57,1.95
,,,Aceofaidan,Major,"Lightning
Celery
Apollos","Electric Mayhem
The Garden
The Astronauts",Lunar,51.3,521,37,0.369,0.432,16,21,12420,6700,5720,31,15,37,100,31.0%,341.2,184.0,157.1,0.85,0.41,1.02,2.75,335.7,181.1,154.6,0.84,0.41,1.00,2.70,74,104,2.03,2.86,2.00,2.81
,,,Beans,Major,Black Riders,Middle Earth,Lunar,51.2,746,54,0.397,0.444,24,30,18675,10060,8615,37,27,78,111,33.3%,358.3,193.0,165.3,0.71,0.52,1.50,2.13,345.8,186.3,159.5,0.69,0.50,1.44,2.06,112,146,2.15,2.80,2.07,2.70
,,,Jatt,Major,Gorillas,Planet of the Apes,Solar,50.6,71,4,0.376,0.250,1,3,1807,940,867,4,1,7,14,28.6%,364.2,189.5,174.8,0.81,0.20,1.41,2.82,451.8,235.0,216.8,1.00,0.25,1.75,3.50,7,10,1.41,2.02,1.75,2.50
,,,Homie,Major,Apollos,The Astronauts,Solar,50.4,393,24,0.352,0.333,8,16,9990,5570,4420,23,9,43,67,34.3%,363.8,202.8,161.0,0.84,0.33,1.57,2.44,416.3,232.1,184.2,0.96,0.38,1.79,2.79,49,73,1.78,2.66,2.04,3.04
,,,Adeadm0053,Major,Lightning,Electric Mayhem,Lunar,50.4,606,43,0.386,0.349,15,28,14901,8130,6771,35,16,55,108,32.4%,351.9,192.0,159.9,0.83,0.38,1.30,2.55,346.5,189.1,157.5,0.81,0.37,1.28,2.51,79,107,1.87,2.53,1.84,2.49
,,,Cheapshot,Major,Hydras,πολύ κεφάλη,Lunar,50.1,439,33,0.331,0.303,10,23,10653,5760,4893,27,13,33,76,35.5%,347.3,187.8,159.5,0.88,0.42,1.08,2.48,322.8,174.5,148.3,0.82,0.39,1.00,2.30,59,92,1.92,3.00,1.79,2.79
,,,Sebbymcwester,Major,Yellow Jackets,The Swarm,Solar,49.9,793,55,0.717,0.745,41,14,18957,10950,8007,49,26,68,135,36.3%,342.1,197.6,144.5,0.88,0.47,1.23,2.44,344.7,199.1,145.6,0.89,0.47,1.24,2.45,158,86,2.85,1.55,2.87,1.56
,,,Novacainrl,Major,Queens,House of Cards,Lunar,49.9,887,64,0.472,0.500,32,32,20963,11330,9633,44,35,75,143,30.8%,338.2,182.8,155.4,0.71,0.56,1.21,2.31,327.5,177.0,150.5,0.69,0.55,1.17,2.23,149,160,2.40,2.58,2.33,2.50
,,,Zach,Major,Banshees,The Afterlife,Solar,49.5,772,52,0.503,0.538,28,24,18164,10530,7634,36,33,82,118,30.5%,336.7,195.2,141.5,0.67,0.61,1.52,2.19,349.3,202.5,146.8,0.69,0.63,1.58,2.27,118,117,2.19,2.17,2.27,2.25
,,,Perlion,Major,Pointers,Dog Pound,Solar,49.1,661,45,0.566,0.533,24,21,15252,8670,6582,28,30,67,102,27.5%,330.2,187.7,142.5,0.61,0.65,1.45,2.21,338.9,192.7,146.3,0.62,0.67,1.49,2.27,115,97,2.49,2.10,2.56,2.16
,,,Latumos,Major,Makos,Shark Attack,Solar,48.7,666,45,0.410,0.378,17,28,16112,8530,7582,38,21,52,108,35.2%,346.2,183.3,162.9,0.82,0.45,1.12,2.32,358.0,189.6,168.5,0.84,0.47,1.16,2.40,95,120,2.04,2.58,2.11,2.67
,,,Bmorr,Major,Killer Whales,The Ocean,Solar,48.3,45,4,0.330,0.500,2,2,1261,650,611,2,1,7,5,40.0%,401.0,206.7,194.3,0.64,0.32,2.23,1.59,315.3,162.5,152.8,0.50,0.25,1.75,1.25,5,8,1.59,2.54,1.25,2.00
,,,Deezmuffinz,Major,Queens,House of Cards,Lunar,48.1,873,63,0.477,0.508,32,31,20434,11680,8754,52,29,71,148,35.1%,335.0,191.5,143.5,0.85,0.48,1.16,2.43,324.3,185.4,139.0,0.83,0.46,1.13,2.35,148,157,2.43,2.57,2.35,2.49
,,,Seltri,Major,Endeavor,Interstellar,Lunar,47.9,772,55,0.544,0.491,27,28,17950,9560,8390,44,30,49,121,36.4%,332.8,177.2,155.5,0.82,0.56,0.91,2.24,326.4,173.8,152.5,0.80,0.55,0.89,2.20,131,117,2.43,2.17,2.38,2.13
,,,Sug,Major,Endeavor,Interstellar,Lunar,47.9,824,57,0.512,0.491,28,29,20023,10860,9163,43,29,78,121,35.5%,347.8,188.6,159.1,0.75,0.50,1.35,2.10,351.3,190.5,160.8,0.75,0.51,1.37,2.12,129,125,2.24,2.17,2.26,2.19
,,,Daft,Major,Liches,The Dungeon,Lunar,47.8,635,42,0.523,0.500,21,21,15457,9080,6377,45,17,54,103,43.7%,348.4,204.6,143.7,1.01,0.38,1.22,2.32,368.0,216.2,151.8,1.07,0.40,1.29,2.45,106,100,2.39,2.25,2.52,2.38
,,,Rex,Major,Lasagna,Fifty-Fifty Pizzeria,Lunar,47.7,744,52,0.453,0.442,23,29,16968,8980,7988,33,30,59,123,26.8%,326.4,172.7,153.7,0.63,0.58,1.13,2.37,326.3,172.7,153.6,0.63,0.58,1.13,2.37,116,131,2.23,2.52,2.23,2.52
,,,Meatrius,Major,Pointers,Dog Pound,Solar,47.6,670,48,0.507,0.521,25,23,15126,8250,6876,35,24,47,120,29.2%,323.1,176.2,146.9,0.75,0.51,1.00,2.56,315.1,171.9,143.3,0.73,0.50,0.98,2.50,111,109,2.37,2.33,2.31,2.27
,,,Gillz,Major,Hawks,Birds of Prey,Solar,47.1,806,51,0.428,0.373,19,32,18429,10870,7559,51,26,61,142,35.9%,327.2,193.0,134.2,0.91,0.46,1.08,2.52,361.4,213.1,148.2,1.00,0.51,1.20,2.78,116,140,2.06,2.49,2.27,2.75
,,,Trudustgaming,Major,"Gorillas
Queens","Planet of the Apes
House of Cards",Solar,46.7,415,28,0.555,0.536,15,13,10039,5330,4709,23,13,35,63,36.5%,346.2,183.8,162.4,0.79,0.45,1.21,2.17,358.5,190.4,168.2,0.82,0.46,1.25,2.25,77,67,2.66,2.31,2.75,2.39
,,,Ghouly,Major,Liches,The Dungeon,Lunar,46.7,542,37,0.482,0.405,15,22,12441,7040,5401,34,19,36,89,38.2%,328.5,185.9,142.6,0.90,0.50,0.95,2.35,336.2,190.3,146.0,0.92,0.51,0.97,2.41,87,91,2.30,2.40,2.35,2.46
,,,Ghaleon,Major,House Stark,Houses of Westeros,Lunar,46.0,13,1,0.208,0.000,0,1,344,220,124,2,0,0,2,100.0%,378.7,242.2,136.5,2.20,0.00,0.00,2.20,344.0,220.0,124.0,2.00,0.00,0.00,2.00,3,6,3.30,6.61,3.00,6.00
,,,Hippo,Major,Quads,The Quad Dynasty,Solar,45.7,689,48,0.342,0.292,14,34,16222,9290,6932,37,22,68,109,33.9%,336.9,193.0,144.0,0.77,0.46,1.41,2.26,338.0,193.5,144.4,0.77,0.46,1.42,2.27,96,145,1.99,3.01,2.00,3.02
,,,Obijuankenoi,Major,"Rockets
Gladiators
Tigers
Queens","Fallout Shelter
The Sovereign
Apex Predators
House of Cards",Solar,45.0,425,30,0.601,0.600,18,12,9582,5260,4322,23,13,31,76,30.3%,322.7,177.1,145.5,0.77,0.44,1.04,2.56,319.4,175.3,144.1,0.77,0.43,1.03,2.53,78,60,2.63,2.02,2.60,2.00
,,,Matt.,Major,"Killer Whales
Lightning","The Ocean
Electric Mayhem",Lunar,44.6,293,21,0.412,0.381,8,13,7215,3620,3595,15,8,26,42,35.7%,352.4,176.8,175.6,0.73,0.39,1.27,2.05,343.6,172.4,171.2,0.71,0.38,1.24,2.00,43,54,2.10,2.64,2.05,2.57
,,,Mm2,Major,Endeavor,Interstellar,Lunar,43.6,540,38,0.473,0.421,16,22,13099,7500,5599,30,12,61,85,35.3%,347.2,198.8,148.4,0.80,0.32,1.62,2.25,344.7,197.4,147.3,0.79,0.32,1.61,2.24,82,88,2.17,2.33,2.16,2.32
,,,Tehblister,Major,Lasagna,Fifty-Fifty Pizzeria,Lunar,43.1,840,58,0.480,0.466,27,31,18640,10710,7930,48,31,61,131,36.6%,317.6,182.5,135.1,0.82,0.53,1.04,2.23,321.4,184.7,136.7,0.83,0.53,1.05,2.26,134,141,2.28,2.40,2.31,2.43
,,,Theblobofglob22,Major,Killer Whales,The Ocean,Solar,43.1,578,41,0.289,0.293,12,29,14235,8070,6165,37,8,60,97,38.1%,352.5,199.8,152.6,0.92,0.20,1.49,2.40,347.2,196.8,150.4,0.90,0.20,1.46,2.37,66,118,1.63,2.92,1.61,2.88
,,,Kagge,Major,Makos,Shark Attack,Solar,42.6,581,41,0.381,0.390,16,25,13687,7200,6487,23,20,62,80,28.8%,337.1,177.4,159.8,0.57,0.49,1.53,1.97,333.8,175.6,158.2,0.56,0.49,1.51,1.95,83,113,2.04,2.78,2.02,2.76
,,,Mack,Major,Yellow Jackets,The Swarm,Solar,42.0,892,63,0.683,0.714,45,18,18926,10860,8066,51,33,52,151,33.8%,303.6,174.2,129.4,0.82,0.53,0.83,2.42,300.4,172.4,128.0,0.81,0.52,0.83,2.40,169,102,2.71,1.64,2.68,1.62
,,,Unearthlylegend,Major,Monsoons,Storm,Solar,41.5,615,39,0.654,0.641,25,14,12935,7540,5395,31,27,43,94,33.0%,301.0,175.5,125.5,0.72,0.63,1.00,2.19,331.7,193.3,138.3,0.79,0.69,1.10,2.41,115,76,2.68,1.77,2.95,1.95
,,,Bravenewwrld,Major,Lightning,Electric Mayhem,Lunar,41.0,778,56,0.410,0.411,23,33,16913,8900,8013,31,30,62,120,25.8%,311.1,163.7,147.4,0.57,0.55,1.14,2.21,302.0,158.9,143.1,0.55,0.54,1.11,2.14,109,138,2.01,2.54,1.95,2.46
,,,Desolatekill,Major,Hydras,πολύ κεφάλη,Lunar,40.7,732,55,0.347,0.364,20,35,16596,8640,7956,34,20,61,119,28.6%,324.5,168.9,155.5,0.66,0.39,1.19,2.33,301.7,157.1,144.7,0.62,0.36,1.11,2.16,99,148,1.94,2.89,1.80,2.69
,,,Shovel94,Major,Thunder Eagles,The Birdcage,Lunar,40.7,760,52,0.560,0.596,31,21,17062,8610,8452,30,27,63,111,27.0%,321.3,162.1,159.2,0.56,0.51,1.19,2.09,328.1,165.6,162.5,0.58,0.52,1.21,2.13,133,114,2.50,2.15,2.56,2.19
,,,Kareemostyle,Major,Wind,The Elements,Solar,40.6,682,46,0.528,0.478,22,24,15297,8130,7167,33,17,56,118,28.0%,321.0,170.6,150.4,0.69,0.36,1.18,2.48,332.5,176.7,155.8,0.72,0.37,1.22,2.57,113,105,2.37,2.20,2.46,2.28
,,,Estoymuybien,Major,Gorillas,Planet of the Apes,Solar,40.6,486,30,0.453,0.500,15,15,9760,5600,4160,19,26,34,70,27.1%,287.4,164.9,122.5,0.56,0.77,1.00,2.06,325.3,186.7,138.7,0.63,0.87,1.13,2.33,80,90,2.36,2.65,2.67,3.00
,,,Blackhawk,Major,Trashcans,Waste Management,Solar,40.2,790,59,0.579,0.576,34,25,17220,9530,7690,40,29,58,118,33.9%,311.9,172.6,139.3,0.72,0.53,1.05,2.14,291.9,161.5,130.3,0.68,0.49,0.98,2.00,148,121,2.68,2.19,2.51,2.05
,,,Shankster,Major,Black Riders,Middle Earth,Lunar,39.6,619,43,0.410,0.465,20,23,13183,7430,5753,32,24,42,93,34.4%,304.8,171.8,133.0,0.74,0.55,0.97,2.15,306.6,172.8,133.8,0.74,0.56,0.98,2.16,92,116,2.13,2.68,2.14,2.70
,,,Tubzy,Major,Hawks,Birds of Prey,Solar,38.2,605,39,0.403,0.359,14,25,13448,6850,6598,17,25,63,75,22.7%,318.1,162.0,156.1,0.40,0.59,1.49,1.77,344.8,175.6,169.2,0.44,0.64,1.62,1.92,78,101,1.85,2.39,2.00,2.59
,,,Sykro,Major,Rockets,Fallout Shelter,Solar,38.1,67,4,0.283,0.000,0,4,1325,710,615,2,3,5,11,18.2%,283.0,151.7,131.4,0.43,0.64,1.07,2.35,331.3,177.5,153.8,0.50,0.75,1.25,2.75,9,16,1.92,3.42,2.25,4.00
,,,Fluffy_Eagle,Major,Tigers,Apex Predators,Solar,37.8,368,27,0.464,0.593,16,11,7825,4120,3705,14,13,30,57,24.6%,304.3,160.2,144.1,0.54,0.51,1.17,2.22,289.8,152.6,137.2,0.52,0.48,1.11,2.11,50,55,1.94,2.14,1.85,2.04
,,,Keube,Major,Lasagna,Fifty-Fifty Pizzeria,Lunar,37.2,490,33,0.326,0.242,8,25,10929,6170,4759,25,10,47,82,30.5%,319.2,180.2,139.0,0.73,0.29,1.37,2.39,331.2,187.0,144.2,0.76,0.30,1.42,2.48,65,103,1.90,3.01,1.97,3.12
,,,Zekk,Major,Hawks,Birds of Prey,Solar,37.2,743,47,0.390,0.340,16,31,15743,8830,6913,34,24,61,118,28.8%,303.2,170.1,133.2,0.65,0.46,1.17,2.27,335.0,187.9,147.1,0.72,0.51,1.30,2.51,106,141,2.04,2.72,2.26,3.00
,,,Gunt,Major,"Queens
Apollos","House of Cards
The Astronauts",Lunar,37.1,181,12,0.355,0.417,5,7,3655,2070,1585,10,4,10,37,27.0%,289.0,163.7,125.3,0.79,0.32,0.79,2.93,304.6,172.5,132.1,0.83,0.33,0.83,3.08,30,43,2.37,3.40,2.50,3.58
,,,Denslow19,Major,Killer Whales,The Ocean,Solar,37.1,638,47,0.354,0.383,18,29,13857,7140,6717,29,17,47,104,27.9%,310.8,160.2,150.7,0.65,0.38,1.05,2.33,294.8,151.9,142.9,0.62,0.36,1.00,2.21,85,125,1.91,2.80,1.81,2.66
,,,Ty26,Major,Energy,Rocket League Noob Series,Lunar,36.9,717,43,0.524,0.512,22,21,15216,8740,6476,33,26,62,104,31.7%,303.7,174.5,129.3,0.66,0.52,1.24,2.08,353.9,203.3,150.6,0.77,0.60,1.44,2.42,118,111,2.36,2.22,2.74,2.58
,,,Brindle,Major,Hawks,Birds of Prey,Solar,36.5,60,4,0.462,0.500,2,2,1604,1020,584,5,0,9,7,71.4%,382.6,243.3,139.3,1.19,0.00,2.15,1.67,401.0,255.0,146.0,1.25,0.00,2.25,1.75,10,11,2.39,2.62,2.50,2.75
,,,Tink,Major,Pointers,Dog Pound,Solar,36.2,567,41,0.428,0.415,17,24,11850,6500,5350,27,20,39,85,31.8%,299.1,164.1,135.0,0.68,0.50,0.98,2.15,289.0,158.5,130.5,0.66,0.49,0.95,2.07,82,99,2.07,2.50,2.00,2.41
,,,Mackenzielittle,Major,Mastodons,Polar Vortex,Lunar,35.8,474,34,0.556,0.559,19,15,9733,5720,4013,26,15,32,77,33.8%,293.9,172.7,121.2,0.79,0.45,0.97,2.32,286.3,168.2,118.0,0.76,0.44,0.94,2.26,91,79,2.75,2.39,2.68,2.32
,,,Strudel,Major,Celery,The Garden,Lunar,35.7,325,24,0.529,0.542,13,11,6691,3830,2861,18,10,20,53,34.0%,294.6,168.7,126.0,0.79,0.44,0.88,2.33,278.8,159.6,119.2,0.75,0.42,0.83,2.21,56,52,2.47,2.29,2.33,2.17
,,,Noitsdee,Major,Apollos,The Astronauts,Solar,34.7,535,34,0.340,0.324,11,23,12089,6220,5869,24,10,50,82,29.3%,323.4,166.4,157.0,0.64,0.27,1.34,2.19,355.6,182.9,172.6,0.71,0.29,1.47,2.41,70,107,1.87,2.86,2.06,3.15
,,,Biggins,Major,Quads,The Quad Dynasty,Solar,34.3,618,43,0.350,0.256,11,32,13260,7140,6120,24,24,56,74,32.4%,307.1,165.3,141.7,0.56,0.56,1.30,1.71,308.4,166.0,142.3,0.56,0.56,1.30,1.72,92,135,2.13,3.13,2.14,3.14
,,,Untamed-Chaos,Major,Makos,Shark Attack,Solar,33.3,714,48,0.329,0.313,15,33,15437,8670,6767,31,21,71,97,32.0%,309.4,173.8,135.6,0.62,0.42,1.42,1.94,321.6,180.6,141.0,0.65,0.44,1.48,2.02,94,148,1.88,2.97,1.96,3.08
,,,Mattt,Major,"Energy
Killer Whales","Rocket League Noob Series
The Ocean",Lunar,31.9,837,55,0.558,0.545,30,25,16852,9960,6892,43,26,62,126,34.1%,288.1,170.3,117.8,0.74,0.44,1.06,2.15,306.4,181.1,125.3,0.78,0.47,1.13,2.29,144,124,2.46,2.12,2.62,2.25
,,,Nunstoppable,Major,Rockets,Fallout Shelter,Solar,31.7,755,50,0.552,0.520,26,24,15118,8570,6548,34,25,56,112,30.4%,286.6,162.4,124.1,0.64,0.47,1.06,2.12,302.4,171.4,131.0,0.68,0.50,1.12,2.24,127,111,2.41,2.10,2.54,2.22
,,,Flurry,Major,"Killer Whales
Celery","The Ocean
The Garden",Solar,31.7,163,12,0.262,0.417,5,7,3301,1650,1651,6,5,11,25,24.0%,289.8,144.9,145.0,0.53,0.44,0.97,2.19,275.1,137.5,137.6,0.50,0.42,0.92,2.08,18,35,1.58,3.07,1.50,2.92
,,,Rymaster,Major,"Tigers
Hydras","Apex Predators
πολύ κεφάλη",Lunar,30.5,225,16,0.292,0.250,4,12,4796,2870,1926,12,5,22,32,37.5%,305.1,182.5,122.5,0.76,0.32,1.40,2.04,299.8,179.4,120.4,0.75,0.31,1.38,2.00,32,55,2.04,3.50,2.00,3.44
,,,Spoon,Major,Hawks,Birds of Prey,Solar,30.4,654,44,0.385,0.318,14,30,13521,7300,6221,27,23,53,80,33.8%,295.9,159.7,136.1,0.59,0.50,1.16,1.75,307.3,165.9,141.4,0.61,0.52,1.20,1.82,91,123,1.99,2.69,2.07,2.80
,,,Zebu,Major,Banshees,The Afterlife,Solar,29.9,811,55,0.531,0.564,31,24,16074,8290,7784,25,34,62,99,25.3%,283.6,146.3,137.4,0.44,0.60,1.09,1.75,292.3,150.7,141.5,0.45,0.62,1.13,1.80,128,118,2.26,2.08,2.33,2.15
,,,Specialk,Major,House Stark,Houses of Westeros,Lunar,28.9,816,64,0.565,0.547,35,29,16471,8960,7511,34,27,63,106,32.1%,288.9,157.1,131.7,0.60,0.47,1.10,1.86,257.4,140.0,117.4,0.53,0.42,0.98,1.66,150,127,2.63,2.23,2.34,1.98
,,,Kmf Ferret,Major,Apollos,The Astronauts,Solar,28.6,50,4,0.126,0.250,1,3,1040,530,510,1,1,6,8,12.5%,297.7,151.7,146.0,0.29,0.29,1.72,2.29,260.0,132.5,127.5,0.25,0.25,1.50,2.00,3,11,0.86,3.15,0.75,2.75
,,,Drumline Pro,Major,Queens,House of Cards,Lunar,27.7,59,4,0.500,0.500,2,2,1208,790,418,4,1,5,9,44.4%,293.0,191.6,101.4,0.97,0.24,1.21,2.18,302.0,197.5,104.5,1.00,0.25,1.25,2.25,9,9,2.18,2.18,2.25,2.25
,,,Call Me Steve,Major,Thunder Eagles,The Birdcage,Lunar,27.6,54,4,0.500,0.250,1,3,1056,450,606,1,1,4,10,10.0%,279.9,119.3,160.6,0.27,0.27,1.06,2.65,264.0,112.5,151.5,0.25,0.25,1.00,2.50,6,6,1.59,1.59,1.50,1.50
,,,Viperstrike15,Major,Lightning,Electric Mayhem,Lunar,27.3,729,53,0.385,0.396,21,32,14356,7450,6906,24,25,57,95,25.3%,281.8,146.3,135.6,0.47,0.49,1.12,1.86,270.9,140.6,130.3,0.45,0.47,1.08,1.79,95,129,1.86,2.53,1.79,2.43
,,,Dondochaka,Major,"Wind
Hydras","The Elements
πολύ κεφάλη",Solar,27.1,619,44,0.492,0.477,21,23,12534,6300,6234,29,14,36,90,32.2%,289.8,145.7,144.1,0.67,0.32,0.83,2.08,284.9,143.2,141.7,0.66,0.32,0.82,2.05,95,97,2.20,2.24,2.16,2.20
,,,Wray,Major,"Wind
Makos","The Elements
Shark Attack",Solar,26.7,429,31,0.240,0.194,6,25,8773,3970,4803,15,6,29,72,20.8%,292.7,132.4,160.2,0.50,0.20,0.97,2.40,283.0,128.1,154.9,0.48,0.19,0.94,2.32,43,91,1.43,3.04,1.39,2.94
,,,Arj18,Major,"Quads
Gorillas","The Quad Dynasty
Planet of the Apes",Solar,25.4,646,46,0.257,0.239,11,35,13281,6850,6431,27,18,50,75,36.0%,294.2,151.8,142.5,0.60,0.40,1.11,1.66,288.7,148.9,139.8,0.59,0.39,1.09,1.63,75,147,1.66,3.26,1.63,3.20
,,,Dsav619,Major,Celery,The Garden,Lunar,23.9,44,4,0.638,0.750,3,1,902,500,402,3,1,2,5,60.0%,293.4,162.6,130.8,0.98,0.33,0.65,1.63,225.5,125.0,100.5,0.75,0.25,0.50,1.25,6,4,1.95,1.30,1.50,1.00
,,,Hairyman,Major,Lasagna,Fifty-Fifty Pizzeria,Lunar,23.3,56,3,0.421,0.333,1,2,1063,640,423,3,1,4,9,33.3%,271.7,163.6,108.1,0.77,0.26,1.02,2.30,354.3,213.3,141.0,1.00,0.33,1.33,3.00,9,11,2.30,2.81,3.00,3.67
,,,Abomin4Ble,Major,"Hydras
Apollos","πολύ κεφάλη
The Astronauts",Solar,23.2,662,48,0.304,0.333,16,32,13213,7090,6123,26,16,57,84,31.0%,285.6,153.3,132.4,0.56,0.35,1.23,1.82,275.3,147.7,127.6,0.54,0.33,1.19,1.75,84,142,1.82,3.07,1.75,2.96
,,,Noc | Lordmaccus,Major,Mastodons,Polar Vortex,Lunar,23.2,328,26,0.366,0.423,11,15,6285,3090,3195,9,13,24,34,26.5%,274.2,134.8,139.4,0.39,0.57,1.05,1.48,241.7,118.8,122.9,0.35,0.50,0.92,1.31,49,69,2.14,3.01,1.88,2.65
,,,Bdbr,Major,Black Riders,Middle Earth,Lunar,23.0,626,45,0.294,0.311,14,31,11886,6280,5606,23,20,44,78,29.5%,271.7,143.6,128.2,0.53,0.46,1.01,1.78,264.1,139.6,124.6,0.51,0.44,0.98,1.73,78,136,1.78,3.11,1.73,3.02
,,,Leaf,Major,Celery,The Garden,Lunar,21.0,698,49,0.506,0.551,27,22,12728,7110,5618,29,25,43,81,35.8%,261.0,145.8,115.2,0.59,0.51,0.88,1.66,259.8,145.1,114.7,0.59,0.51,0.88,1.65,127,125,2.60,2.56,2.59,2.55
,,,Slim,Major,"Apollos
Killer Whales","The Astronauts
The Ocean",Solar,20.8,118,8,0.198,0.250,2,6,2145,1100,1045,1,6,12,10,10.0%,260.2,133.4,126.7,0.12,0.73,1.46,1.21,268.1,137.5,130.6,0.13,0.75,1.50,1.25,12,29,1.46,3.52,1.50,3.63
,,,Pibro3,Major,Killer Whales,The Ocean,Solar,20.6,568,41,0.407,0.415,17,24,11174,5410,5764,18,11,46,76,23.7%,281.5,136.3,145.2,0.45,0.28,1.16,1.91,272.5,132.0,140.6,0.44,0.27,1.12,1.85,80,102,2.02,2.57,1.95,2.49
,,,Wustenspinne,Major,"Wind
Celery
Liches","The Elements
The Garden
The Dungeon",Lunar,19.9,160,12,0.369,0.333,4,8,3158,1580,1578,5,4,14,18,27.8%,282.5,141.3,141.1,0.45,0.36,1.25,1.61,263.2,131.7,131.5,0.42,0.33,1.17,1.50,22,31,1.97,2.77,1.83,2.58
,,,Strutt,Major,Apollos,The Astronauts,Solar,19.3,722,51,0.238,0.275,14,37,14080,7400,6680,17,23,77,70,24.3%,279.1,146.7,132.4,0.34,0.46,1.53,1.39,276.1,145.1,131.0,0.33,0.45,1.51,1.37,77,162,1.53,3.21,1.51,3.18
,,,Scrubbzy62,Major,Pointers,Dog Pound,Solar,15.5,55,4,0.500,0.500,2,2,1094,580,514,3,0,4,8,37.5%,284.7,150.9,133.7,0.78,0.00,1.04,2.08,273.5,145.0,128.5,0.75,0.00,1.00,2.00,7,7,1.82,1.82,1.75,1.75
,,,Orlanden,Major,Hawks,Birds of Prey,Solar,12.8,48,4,0.152,0.250,1,3,1041,400,641,1,0,5,5,20.0%,310.4,119.3,191.1,0.30,0.00,1.49,1.49,260.3,100.0,160.3,0.25,0.00,1.25,1.25,4,12,1.19,3.58,1.00,3.00
,,,Konarske,Major,Lightning,Electric Mayhem,Lunar,10.3,64,4,0.500,0.500,2,2,1284,630,654,1,0,9,8,12.5%,287.1,140.9,146.2,0.22,0.00,2.01,1.79,321.0,157.5,163.5,0.25,0.00,2.25,2.00,6,6,1.34,1.34,1.50,1.50
,,,Polish Hammer,Major,Makos,Shark Attack,Solar,9.8,60,4,0.122,0.000,0,4,1236,520,716,0,0,9,7,0.0%,294.8,124.0,170.8,0.00,0.00,2.15,1.67,309.0,130.0,179.0,0.00,0.00,2.25,1.75,5,17,1.19,4.05,1.25,4.25
,,,Shaqctus,Major,Liches,The Dungeon,Lunar,9.8,54,4,0.539,0.750,3,1,1099,630,469,2,1,7,3,66.7%,291.3,167.0,124.3,0.53,0.27,1.86,0.80,274.8,157.5,117.3,0.50,0.25,1.75,0.75,11,10,2.92,2.65,2.75,2.50
,,,Slywolf,Major,Apollos,The Astronauts,Solar,9.3,19,2,0.256,0.000,0,2,430,160,270,1,0,1,1,100.0%,323.9,120.5,203.4,0.75,0.00,0.75,0.75,215.0,80.0,135.0,0.50,0.00,0.50,0.50,2,4,1.51,3.01,1.00,2.00
,,,General Mills,Major,Quads,The Quad Dynasty,Solar,7.2,417,29,0.200,0.172,5,24,7058,3300,3758,10,9,28,45,22.2%,242.2,113.3,129.0,0.34,0.31,0.96,1.54,243.4,113.8,129.6,0.34,0.31,0.97,1.55,49,114,1.68,3.91,1.69,3.93
,,,Laprius_,Major,Queens,House of Cards,Lunar,6.6,57,4,0.186,0.250,1,3,1031,500,531,2,1,4,5,40.0%,258.9,125.5,133.3,0.50,0.25,1.00,1.26,257.8,125.0,132.8,0.50,0.25,1.00,1.25,6,15,1.51,3.77,1.50,3.75
,,,Coates,Major,Killer Whales,The Ocean,Solar,6.4,200,14,0.333,0.286,4,10,3124,1470,1654,5,4,10,27,18.5%,223.5,105.2,118.4,0.36,0.29,0.72,1.93,223.1,105.0,118.1,0.36,0.29,0.71,1.93,22,35,1.57,2.50,1.57,2.50
,,,Muffinz,Major,Quads,The Quad Dynasty,Solar,6.3,105,8,0.148,0.125,1,7,1781,770,1011,1,2,9,12,8.3%,242.7,104.9,137.8,0.14,0.27,1.23,1.64,222.6,96.3,126.4,0.13,0.25,1.13,1.50,8,25,1.09,3.41,1.00,3.13
,,,Bavarian,Major,Trashcans,Waste Management,Solar,6.0,156,10,0.348,0.300,3,7,2555,1260,1295,5,2,9,21,23.8%,234.4,115.6,118.8,0.46,0.18,0.83,1.93,255.5,126.0,129.5,0.50,0.20,0.90,2.10,20,30,1.83,2.75,2.00,3.00
,,,Madcat,Major,Apollos,The Astronauts,Solar,2.1,87,6,0.249,0.167,1,5,1526,710,816,2,0,8,11,18.2%,251.0,116.8,134.2,0.33,0.00,1.32,1.81,254.3,118.3,136.0,0.33,0.00,1.33,1.83,7,15,1.15,2.47,1.17,2.50
,,,Fieryprophet,Major,"Hydras
Wind","πολύ κεφάλη
The Elements",Solar,1.5,426,33,0.308,0.273,9,24,7008,3130,3878,6,9,34,38,15.8%,235.4,105.2,130.3,0.20,0.30,1.14,1.28,212.4,94.8,117.5,0.18,0.27,1.03,1.15,49,83,1.65,2.79,1.48,2.52
,,,Heatslammer,Major,Celery,The Garden,Lunar,-12.1,68,4,0.053,0.000,0,4,869,470,399,1,1,5,7,14.3%,182.9,98.9,84.0,0.21,0.21,1.05,1.47,217.3,117.5,99.8,0.25,0.25,1.25,1.75,4,23,0.84,4.84,1.00,5.75
,,,Idrake,Major,Apollos,The Astronauts,Solar,-16.4,62,4,0.271,0.250,1,3,970,340,630,0,0,6,4,0.0%,223.9,78.5,145.4,0.00,0.00,1.38,0.92,242.5,85.0,157.5,0.00,0.00,1.50,1.00,5,10,1.15,2.31,1.25,2.50
,,,Brainiakt,Major,Wind,The Elements,Solar,-49.3,51,4,0.048,0.000,0,4,384,70,314,0,0,1,2,0.0%,107.8,19.6,88.1,0.00,0.00,0.28,0.56,96.0,17.5,78.5,0.00,0.00,0.25,0.50,2,14,0.56,3.93,0.50,3.50
,,,Ridethefire,Major,Lightning,Electric Mayhem,Lunar,-49.4,16,1,0.000,0.000,0,1,102,60,42,0,0,1,1,0.0%,91.2,53.7,37.6,0.00,0.00,0.89,0.89,102.0,60.0,42.0,0.00,0.00,1.00,1.00,0,3,0.00,2.68,0.00,3.00
,,,Aeb311,Elite,Lions,Apex Predators,Solar,123.6,23,2,0.735,1.000,2,0,791,450,341,1,2,4,5,20.0%,510.0,290.2,219.9,0.64,1.29,2.58,3.22,395.5,225.0,170.5,0.50,1.00,2.00,2.50,4,2,2.58,1.29,2.00,1.00
,,,Danger,Elite,Lions,Apex Predators,Solar,113.2,60,4,0.622,0.500,2,2,2149,1230,919,6,2,8,13,46.2%,531.2,304.0,227.1,1.48,0.49,1.98,3.21,537.3,307.5,229.8,1.50,0.50,2.00,3.25,11,8,2.72,1.98,2.75,2.00
,,,Pixel,Elite,Sabertooths,Polar Vortex,Lunar,99.8,71,4,0.734,1.000,4,0,2307,1380,927,7,1,9,18,38.9%,481.9,288.2,193.6,1.46,0.21,1.88,3.76,576.8,345.0,231.8,1.75,0.25,2.25,4.50,12,6,2.51,1.25,3.00,1.50
,,,Apocalypse,Elite,Great Apes,Planet of the Apes,Solar,90.6,626,45,0.694,0.689,31,14,17685,10440,7245,48,40,45,139,34.5%,419.0,247.3,171.6,1.14,0.95,1.07,3.29,393.0,232.0,161.0,1.07,0.89,1.00,3.09,141,85,3.34,2.01,3.13,1.89
,,,Justdyce,Elite,Balrogs,Middle Earth,Lunar,88.4,547,34,0.766,0.794,27,7,14839,9120,5719,37,42,43,117,31.6%,402.3,247.3,155.1,1.00,1.14,1.17,3.17,436.4,268.2,168.2,1.09,1.24,1.26,3.44,116,54,3.14,1.46,3.41,1.59
,,,Taelo,Elite,"Megalodons
Falcons","Shark Attack
Birds of Prey",Solar,87.6,79,6,0.712,0.667,4,2,2087,990,1097,2,6,6,19,10.5%,391.8,185.8,205.9,0.38,1.13,1.13,3.57,347.8,165.0,182.8,0.33,1.00,1.00,3.17,13,7,2.44,1.31,2.17,1.17
,,,Tyty,Elite,Wraiths,The Afterlife,Solar,85.6,646,45,0.625,0.667,30,15,19029,11270,7759,55,27,62,132,41.7%,436.8,258.7,178.1,1.26,0.62,1.42,3.03,422.9,250.4,172.4,1.22,0.60,1.38,2.93,118,85,2.71,1.95,2.62,1.89
,,,El Diablo Rojo,Elite,Kings,House of Cards,Lunar,80.6,538,36,0.593,0.611,22,14,15723,8440,7283,37,15,57,114,32.5%,433.4,232.7,200.8,1.02,0.41,1.57,3.14,436.8,234.4,202.3,1.03,0.42,1.58,3.17,86,67,2.37,1.85,2.39,1.86
,,,Anthage,Elite,Hornets,The Swarm,Solar,80.4,931,59,0.566,0.644,38,21,27010,15850,11160,67,39,109,175,38.3%,430.2,252.5,177.8,1.07,0.62,1.74,2.79,457.8,268.6,189.2,1.14,0.66,1.85,2.97,169,143,2.69,2.28,2.86,2.42
,,,Timthebull,Elite,Sharks,The Ocean,Solar,78.1,636,41,0.608,0.537,22,19,17619,10970,6649,54,25,60,132,40.9%,410.8,255.8,155.0,1.26,0.58,1.40,3.08,429.7,267.6,162.2,1.32,0.61,1.46,3.22,120,91,2.80,2.12,2.93,2.22
,,,Mranderson213,Elite,Falcons,Birds of Prey,Solar,76.7,179,14,0.525,0.571,8,6,4887,2590,2297,9,13,15,29,31.0%,404.9,214.6,190.3,0.75,1.08,1.24,2.40,349.1,185.0,164.1,0.64,0.93,1.07,2.07,34,32,2.82,2.65,2.43,2.29
,,,Jmelly,Elite,Balrogs,Middle Earth,Lunar,76.1,643,45,0.725,0.733,33,12,17057,10260,6797,53,31,41,136,39.0%,393.4,236.6,156.8,1.22,0.71,0.95,3.14,379.0,228.0,151.0,1.18,0.69,0.91,3.02,137,74,3.16,1.71,3.04,1.64
,,,M__A__Y__B__E,Elite,"House Targaryen
Sharks","Houses of Westeros
The Ocean",Solar,75.4,80,5,0.746,0.600,3,2,2027,1300,727,5,9,5,10,50.0%,375.8,241.0,134.8,0.93,1.67,0.93,1.85,405.4,260.0,145.4,1.00,1.80,1.00,2.00,21,11,3.89,2.04,4.20,2.20
,,,Storm I Dc,Elite,"Falcons
Balrogs","Birds of Prey
Middle Earth",Solar,73.0,67,6,0.660,0.667,4,2,1770,860,910,2,5,6,11,18.2%,391.8,190.4,201.4,0.44,1.11,1.33,2.43,295.0,143.3,151.7,0.33,0.83,1.00,1.83,15,10,3.32,2.21,2.50,1.67
,,,Vitali.,Elite,Knights,The Sovereign,Lunar,72.1,612,40,0.524,0.575,23,17,16532,9260,7272,40,27,55,116,34.5%,400.6,224.4,176.2,0.97,0.65,1.33,2.81,413.3,231.5,181.8,1.00,0.68,1.38,2.90,103,97,2.50,2.35,2.58,2.43
,,,Sparcnova,Elite,Sharks,The Ocean,Solar,71.2,604,41,0.655,0.585,24,17,16295,9260,7035,44,27,48,111,39.6%,400.1,227.4,172.7,1.08,0.66,1.18,2.73,397.4,225.9,171.6,1.07,0.66,1.17,2.71,128,86,3.14,2.11,3.12,2.10
,,,Sersero,Elite,Balrogs,Middle Earth,Lunar,70.9,630,44,0.702,0.750,33,11,16718,9630,7088,43,27,55,123,35.0%,393.5,226.7,166.9,1.01,0.64,1.29,2.90,380.0,218.9,161.1,0.98,0.61,1.25,2.80,134,78,3.15,1.84,3.05,1.77
,,,Mountainguy(Emito),Elite,Megalodons,Shark Attack,Solar,70.2,646,44,0.538,0.614,27,17,16705,9650,7055,40,33,55,125,32.0%,383.5,221.5,162.0,0.92,0.76,1.26,2.87,379.7,219.3,160.3,0.91,0.75,1.25,2.84,107,97,2.46,2.23,2.43,2.20
,,,Alpha,Elite,"Tempests
Bolts","Storm
Electric Mayhem",Solar,70.1,369,24,0.444,0.458,11,13,10303,6320,3983,28,10,47,67,41.8%,414.1,254.0,160.1,1.13,0.40,1.89,2.69,429.3,263.3,166.0,1.17,0.42,1.96,2.79,60,69,2.41,2.77,2.50,2.88
,,,Dead Medic,Elite,Enterprise,Interstellar,Lunar,69.6,748,51,0.620,0.608,31,20,19679,11530,8149,46,33,77,143,32.2%,390.2,228.6,161.6,0.91,0.65,1.53,2.84,385.9,226.1,159.8,0.90,0.65,1.51,2.80,142,104,2.82,2.06,2.78,2.04
,,,Solize,Elite,Sabertooths,Polar Vortex,Lunar,69.1,753,52,0.615,0.635,33,19,19688,10900,8788,48,40,55,135,35.6%,387.7,214.7,173.1,0.95,0.79,1.08,2.66,378.6,209.6,169.0,0.92,0.77,1.06,2.60,139,103,2.74,2.03,2.67,1.98
,,,Chum,Elite,Lions,Apex Predators,Solar,67.1,733,48,0.487,0.479,23,25,18788,10670,8118,37,42,72,127,29.1%,380.1,215.9,164.2,0.75,0.85,1.46,2.57,391.4,222.3,169.1,0.77,0.88,1.50,2.65,116,120,2.35,2.43,2.42,2.50
,,,Morgan,Elite,Enterprise,Interstellar,Lunar,66.1,683,47,0.625,0.596,28,19,17684,10150,7534,45,36,54,115,39.1%,384.0,220.4,163.6,0.98,0.78,1.17,2.50,376.3,216.0,160.3,0.96,0.77,1.15,2.45,130,94,2.82,2.04,2.77,2.00
,,,Virginitytrife,Elite,Great Apes,Planet of the Apes,Solar,65.1,604,43,0.645,0.558,24,19,14742,8640,6102,35,38,43,109,32.1%,362.0,212.1,149.8,0.86,0.93,1.06,2.68,342.8,200.9,141.9,0.81,0.88,1.00,2.53,126,87,3.09,2.14,2.93,2.02
,,,Spensah,Elite,Enterprise,Interstellar,Lunar,64.5,696,47,0.576,0.553,26,21,17443,10900,6543,47,38,62,120,39.2%,371.7,232.3,139.4,1.00,0.81,1.32,2.56,371.1,231.9,139.2,1.00,0.81,1.32,2.55,125,103,2.66,2.19,2.66,2.19
,,,Darf01,Elite,Great Apes,Planet of the Apes,Solar,62.5,700,49,0.571,0.531,26,23,17344,10140,7204,50,27,48,139,36.0%,367.4,214.8,152.6,1.06,0.57,1.02,2.94,354.0,206.9,147.0,1.02,0.55,0.98,2.84,128,107,2.71,2.27,2.61,2.18
,,,Ccashio,Elite,Wraiths,The Afterlife,Solar,62.4,622,44,0.577,0.682,30,14,15846,8230,7616,33,29,48,108,30.6%,377.8,196.2,181.6,0.79,0.69,1.14,2.58,360.1,187.0,173.1,0.75,0.66,1.09,2.45,112,92,2.67,2.19,2.55,2.09
,,,Nurve,Elite,"Chairs
Tempests","The Quad Dynasty
Storm",Solar,62.4,597,43,0.475,0.442,19,24,15192,7920,7272,31,23,51,112,27.7%,377.4,196.7,180.6,0.77,0.57,1.27,2.78,353.3,184.2,169.1,0.72,0.53,1.19,2.60,88,94,2.19,2.34,2.05,2.19
,,,Calster2017,Elite,Phoenix,The Birdcage,Lunar,62.3,459,31,0.399,0.387,12,19,11678,6120,5558,23,17,42,87,26.4%,377.3,197.7,179.6,0.74,0.55,1.36,2.81,376.7,197.4,179.3,0.74,0.55,1.35,2.81,58,76,1.87,2.46,1.87,2.45
,,,Yolkk,Elite,Hornets,The Swarm,Solar,62.1,623,39,0.616,0.718,28,11,14861,9370,5491,43,34,44,117,36.8%,353.8,223.0,130.7,1.02,0.81,1.05,2.79,381.1,240.3,140.8,1.10,0.87,1.13,3.00,125,93,2.98,2.21,3.21,2.38
,,,Mattybananas,Elite,Gelato,Fifty-Fifty Pizzeria,Lunar,62.0,530,35,0.393,0.314,11,24,13235,7870,5365,37,11,49,117,31.6%,370.3,220.2,150.1,1.04,0.31,1.37,3.27,378.1,224.9,153.3,1.06,0.31,1.40,3.34,71,94,1.99,2.63,2.03,2.69
,,,Clamhammer,Elite,Sharks,The Ocean,Solar,61.0,861,56,0.621,0.554,31,25,21256,12560,8696,52,42,75,151,34.4%,366.1,216.3,149.8,0.90,0.72,1.29,2.60,379.6,224.3,155.3,0.93,0.75,1.34,2.70,174,128,3.00,2.20,3.11,2.29
,,,Stryyk3R,Elite,Bolts,Electric Mayhem,Lunar,60.3,716,46,0.422,0.370,17,29,17859,9920,7939,40,34,60,122,32.8%,369.9,205.5,164.4,0.83,0.70,1.24,2.53,388.2,215.7,172.6,0.87,0.74,1.30,2.65,103,126,2.13,2.61,2.24,2.74
,,,Calí,Elite,Sabertooths,Polar Vortex,Lunar,59.9,744,51,0.616,0.667,34,17,18686,10460,8226,45,36,59,121,37.2%,372.5,208.5,164.0,0.90,0.72,1.18,2.41,366.4,205.1,161.3,0.88,0.71,1.16,2.37,144,107,2.87,2.13,2.82,2.10
,,,Indecisivesquirrel,Elite,Tarrasques,The Dungeon,Lunar,58.2,693,47,0.537,0.511,24,23,17499,9820,7679,38,29,69,112,33.9%,374.5,210.1,164.3,0.81,0.62,1.48,2.40,372.3,208.9,163.4,0.81,0.62,1.47,2.38,109,99,2.33,2.12,2.32,2.11
,,,Barra,Elite,Precipitate 4,Rocket League Noob Series,Lunar,58.0,781,49,0.413,0.408,20,29,19954,11000,8954,42,30,81,125,33.6%,378.9,208.9,170.0,0.80,0.57,1.54,2.37,407.2,224.5,182.7,0.86,0.61,1.65,2.55,106,133,2.01,2.53,2.16,2.71
,,,Melted,Elite,Cerberii,πολύ κεφάλη,Lunar,58.0,376,28,0.479,0.500,14,14,8871,4640,4231,14,17,33,74,18.9%,349.9,183.0,166.9,0.55,0.67,1.30,2.92,316.8,165.7,151.1,0.50,0.61,1.18,2.64,51,54,2.01,2.13,1.82,1.93
,,,Memlo,Elite,Missiles,Fallout Shelter,Solar,57.4,955,60,0.513,0.533,32,28,23059,13820,9239,62,34,82,182,34.1%,358.1,214.6,143.5,0.96,0.53,1.27,2.83,384.3,230.3,154.0,1.03,0.57,1.37,3.03,160,155,2.48,2.41,2.67,2.58
,,,Nightpanda,Elite,Megalodons,Shark Attack,Solar,57.3,585,38,0.517,0.500,19,19,14297,7970,6327,34,28,44,97,35.1%,362.4,202.0,160.4,0.86,0.71,1.12,2.46,376.2,209.7,166.5,0.89,0.74,1.16,2.55,96,92,2.43,2.33,2.53,2.42
,,,Jkr,Elite,Balrogs,Middle Earth,Lunar,56.7,750,51,0.682,0.725,37,14,17630,10200,7430,48,37,44,135,35.6%,348.6,201.7,146.9,0.95,0.73,0.87,2.67,345.7,200.0,145.7,0.94,0.73,0.86,2.65,154,95,3.05,1.88,3.02,1.86
,,,Vengeance,Elite,Falcons,Birds of Prey,Solar,56.7,617,43,0.533,0.512,22,21,15689,9060,6629,34,23,71,96,35.4%,377.1,217.8,159.3,0.82,0.55,1.71,2.31,364.9,210.7,154.2,0.79,0.53,1.65,2.23,99,91,2.38,2.19,2.30,2.12
,,,Rumble,Elite,Cerberii,πολύ κεφάλη,Lunar,56.6,283,20,0.317,0.300,6,14,6824,3500,3324,11,16,23,45,24.4%,357.6,183.4,174.2,0.58,0.84,1.21,2.36,341.2,175.0,166.2,0.55,0.80,1.15,2.25,35,57,1.83,2.99,1.75,2.85
,,,Classé,Elite,Wraiths,The Afterlife,Solar,56.0,629,44,0.550,0.659,29,15,15025,8350,6675,35,29,46,110,31.8%,354.2,196.9,157.4,0.83,0.68,1.08,2.59,341.5,189.8,151.7,0.80,0.66,1.05,2.50,109,96,2.57,2.26,2.48,2.18
,,,Ace7711,Elite,Enterprise,Interstellar,Lunar,55.3,342,23,0.637,0.609,14,9,7813,4510,3303,18,19,23,61,29.5%,338.8,195.6,143.2,0.78,0.82,1.00,2.65,339.7,196.1,143.6,0.78,0.83,1.00,2.65,71,50,3.08,2.17,3.09,2.17
,,,Leaf,Elite,Tarrasques,The Dungeon,Lunar,54.9,54,3,0.555,0.333,1,2,1031,480,551,1,4,1,13,7.7%,283.1,131.8,151.3,0.27,1.10,0.27,3.57,343.7,160.0,183.7,0.33,1.33,0.33,4.33,7,6,1.92,1.65,2.33,2.00
,,,Vollux,Elite,Tarrasques,The Dungeon,Lunar,54.2,427,28,0.500,0.500,14,14,10256,6320,3936,27,14,43,77,35.1%,356.2,219.5,136.7,0.94,0.49,1.49,2.67,366.3,225.7,140.6,0.96,0.50,1.54,2.75,67,67,2.33,2.33,2.39,2.39
,,,Kip,Elite,Sabertooths,Polar Vortex,Lunar,53.9,475,33,0.520,0.545,18,15,11259,6910,4349,29,17,46,86,33.7%,351.5,215.7,135.8,0.91,0.53,1.44,2.69,341.2,209.4,131.8,0.88,0.52,1.39,2.61,79,75,2.47,2.34,2.39,2.27
,,,Delta Hx,Elite,Earth,The Elements,Solar,53.6,852,59,0.319,0.339,20,39,20299,10880,9419,45,26,69,163,27.6%,353.3,189.4,163.9,0.78,0.45,1.20,2.84,344.1,184.4,159.6,0.76,0.44,1.17,2.76,104,169,1.81,2.94,1.76,2.86
,,,Jekka,Elite,Falcons,Birds of Prey,Solar,52.5,660,47,0.504,0.511,24,23,15998,9160,6838,38,25,61,106,35.8%,359.5,205.8,153.6,0.85,0.56,1.37,2.38,340.4,194.9,145.5,0.81,0.53,1.30,2.26,108,107,2.43,2.40,2.30,2.28
,,,Reverse Fridge,Elite,Tempests,Storm,Solar,52.2,468,32,0.453,0.531,17,15,10879,5830,5049,22,20,36,83,26.5%,344.7,184.7,160.0,0.70,0.63,1.14,2.63,340.0,182.2,157.8,0.69,0.63,1.13,2.59,71,80,2.25,2.54,2.22,2.50
,,,Matutu,Elite,Missiles,Fallout Shelter,Solar,52.2,574,36,0.435,0.444,16,20,13366,7540,5826,33,25,40,99,33.3%,345.3,194.8,150.5,0.85,0.65,1.03,2.56,371.3,209.4,161.8,0.92,0.69,1.11,2.75,89,105,2.30,2.71,2.47,2.92
,,,Mattg,Elite,House Targaryen,Houses of Westeros,Lunar,50.8,635,42,0.430,0.381,16,26,14834,8110,6724,29,27,56,106,27.4%,346.4,189.4,157.0,0.68,0.63,1.31,2.48,353.2,193.1,160.1,0.69,0.64,1.33,2.52,98,117,2.29,2.73,2.33,2.79
,,,Relax,Elite,Sabertooths,Polar Vortex,Lunar,50.7,544,36,0.570,0.556,20,16,12325,7230,5095,27,23,48,98,27.6%,336.0,197.1,138.9,0.74,0.63,1.31,2.67,342.4,200.8,141.5,0.75,0.64,1.33,2.72,97,81,2.64,2.21,2.69,2.25
,,,Kruncho,Elite,Sabertooths,Polar Vortex,Lunar,50.5,62,4,0.500,0.500,2,2,1563,950,613,4,1,8,10,40.0%,373.9,227.2,146.6,0.96,0.24,1.91,2.39,390.8,237.5,153.3,1.00,0.25,2.00,2.50,9,9,2.15,2.15,2.25,2.25
,,,Geherpaderp,Elite,Great Apes,Planet of the Apes,Solar,49.9,600,42,0.661,0.571,24,18,14209,8590,5619,40,23,50,94,42.6%,351.2,212.3,138.9,0.99,0.57,1.24,2.32,338.3,204.5,133.8,0.95,0.55,1.19,2.24,122,80,3.02,1.98,2.90,1.90
,,,Jazz,Elite,Tarrasques,The Dungeon,Lunar,49.9,448,31,0.571,0.548,17,14,10532,5970,4562,24,18,39,72,33.3%,348.6,197.6,151.0,0.79,0.60,1.29,2.38,339.7,192.6,147.2,0.77,0.58,1.26,2.32,70,58,2.32,1.92,2.26,1.87
,,,Mered4,Elite,Precipitate 4,Rocket League Noob Series,Lunar,49.5,195,12,0.334,0.250,3,9,4603,2700,1903,10,8,20,30,33.3%,350.1,205.3,144.7,0.76,0.61,1.52,2.28,383.6,225.0,158.6,0.83,0.67,1.67,2.50,23,36,1.75,2.74,1.92,3.00
,,,Murloc,Elite,Knights,The Sovereign,Lunar,49.1,732,48,0.519,0.521,25,23,16796,9870,6926,42,27,61,127,33.1%,340.3,200.0,140.3,0.85,0.55,1.24,2.57,349.9,205.6,144.3,0.88,0.56,1.27,2.65,126,120,2.55,2.43,2.63,2.50
,,,E=Mc_Hammer,Elite,Falcons,Birds of Prey,Solar,48.8,603,42,0.488,0.476,20,22,13968,7660,6308,35,23,40,101,34.7%,343.5,188.4,155.1,0.86,0.57,0.98,2.48,332.6,182.4,150.2,0.83,0.55,0.95,2.40,95,98,2.34,2.41,2.26,2.33
,,,Vision617,Elite,"Kings
Precipitate 4","House of Cards
Rocket League Noob Series",Lunar,48.4,526,34,0.536,0.588,20,14,12707,7050,5657,26,17,56,80,32.5%,358.3,198.8,159.5,0.73,0.48,1.58,2.26,373.7,207.4,166.4,0.76,0.50,1.65,2.35,77,70,2.17,1.97,2.26,2.06
,,,P0Larbear,Elite,"Dumpsters
Chairs","Waste Management
The Quad Dynasty",Solar,48.1,443,34,0.438,0.500,17,17,10386,5310,5076,18,14,41,76,23.7%,347.7,177.8,169.9,0.60,0.47,1.37,2.54,305.5,156.2,149.3,0.53,0.41,1.21,2.24,55,65,1.84,2.18,1.62,1.91
,,,Subzero | Uconn,Elite,"Kings
Great Apes","House of Cards
Planet of the Apes",Lunar,47.9,660,43,0.565,0.628,27,16,14869,8500,6369,33,23,57,120,27.5%,334.1,191.0,143.1,0.74,0.52,1.28,2.70,345.8,197.7,148.1,0.77,0.53,1.33,2.79,101,85,2.27,1.91,2.35,1.98
,,,Benji,Elite,Kings,House of Cards,Lunar,47.1,182,12,0.618,0.583,7,5,3788,2280,1508,12,10,5,33,36.4%,308.7,185.8,122.9,0.98,0.81,0.41,2.69,315.7,190.0,125.7,1.00,0.83,0.42,2.75,34,25,2.77,2.04,2.83,2.08
,,,Al1Ttle,Elite,House Targaryen,Houses of Westeros,Lunar,46.7,681,46,0.429,0.435,20,26,15595,8590,7005,35,24,55,114,30.7%,339.6,187.1,152.5,0.76,0.52,1.20,2.48,339.0,186.7,152.3,0.76,0.52,1.20,2.48,99,119,2.16,2.59,2.15,2.59
,,,Splitparadox,Elite,Precipitate 4,Rocket League Noob Series,Lunar,46.6,460,29,0.401,0.414,12,17,10817,5860,4957,20,13,49,76,26.3%,348.7,188.9,159.8,0.64,0.42,1.58,2.45,373.0,202.1,170.9,0.69,0.45,1.69,2.62,65,84,2.10,2.71,2.24,2.90
,,,Vague,Elite,Lions,Apex Predators,Solar,46.1,806,52,0.488,0.481,25,27,18509,10960,7549,50,21,70,141,35.5%,340.6,201.7,138.9,0.92,0.39,1.29,2.59,355.9,210.8,145.2,0.96,0.40,1.35,2.71,131,135,2.41,2.48,2.52,2.60
,,,Crabasaur,Elite,"Earth
Sharks","The Elements
The Ocean",Solar,45.8,163,12,0.558,0.500,6,6,3281,1800,1481,6,10,8,30,20.0%,298.5,163.8,134.7,0.55,0.91,0.73,2.73,273.4,150.0,123.4,0.50,0.83,0.67,2.50,29,25,2.64,2.27,2.42,2.08
,,,Chrisakamrxd,Elite,"Dumpsters
Knights","Waste Management
The Sovereign",Solar,45.2,604,45,0.369,0.444,20,25,14356,6960,7396,24,16,56,96,25.0%,352.5,170.9,181.6,0.59,0.39,1.37,2.36,319.0,154.7,164.4,0.53,0.36,1.24,2.13,70,100,1.72,2.46,1.56,2.22
,,,Apple.,Elite,Chairs,The Quad Dynasty,Solar,44.7,392,29,0.425,0.379,11,18,9454,4910,4544,18,11,40,56,32.1%,357.7,185.8,171.9,0.68,0.42,1.51,2.12,326.0,169.3,156.7,0.62,0.38,1.38,1.93,49,60,1.85,2.27,1.69,2.07
,,,Arctic,Elite,Missiles,Fallout Shelter,Solar,44.5,806,51,0.563,0.569,29,22,16994,9180,7814,37,30,48,158,23.4%,312.7,168.9,143.8,0.68,0.55,0.88,2.91,333.2,180.0,153.2,0.73,0.59,0.94,3.10,141,120,2.59,2.21,2.76,2.35
,,,Alexb621,Elite,Kings,House of Cards,Lunar,43.9,112,7,0.545,0.571,4,3,2380,1330,1050,4,6,9,18,22.2%,315.1,176.1,139.0,0.53,0.79,1.19,2.38,340.0,190.0,150.0,0.57,0.86,1.29,2.57,18,16,2.38,2.12,2.57,2.29
,,,Prussia,Elite,Knights,The Sovereign,Lunar,43.9,757,50,0.552,0.500,25,25,16989,9590,7399,40,32,57,114,35.1%,332.8,187.9,145.0,0.78,0.63,1.12,2.23,339.8,191.8,148.0,0.80,0.64,1.14,2.28,129,113,2.53,2.21,2.58,2.26
,,,Sillybunny,Elite,Tempests,Storm,Solar,43.1,322,23,0.385,0.391,9,14,7004,3870,3134,15,17,21,47,31.9%,322.6,178.2,144.3,0.69,0.78,0.97,2.16,304.5,168.3,136.3,0.65,0.74,0.91,2.04,47,63,2.16,2.90,2.04,2.74
,,,Ahmi,Elite,Kings,House of Cards,Lunar,43.1,130,8,0.673,0.625,5,3,2713,1530,1183,4,9,10,18,22.2%,309.5,174.5,135.0,0.46,1.03,1.14,2.05,339.1,191.3,147.9,0.50,1.13,1.25,2.25,24,15,2.74,1.71,3.00,1.88
,,,Aki_Ha,Elite,Gelato,Fifty-Fifty Pizzeria,Lunar,42.9,295,20,0.562,0.600,12,8,6547,3930,2617,14,16,27,38,36.8%,329.1,197.6,131.6,0.70,0.80,1.36,1.91,327.4,196.5,130.9,0.70,0.80,1.35,1.90,56,48,2.82,2.41,2.80,2.40
,,,Jooshman,Elite,Megalodons,Shark Attack,Solar,42.0,425,28,0.462,0.464,13,15,9054,5370,3684,20,17,36,72,27.8%,315.9,187.4,128.6,0.70,0.59,1.26,2.51,323.4,191.8,131.6,0.71,0.61,1.29,2.57,69,76,2.41,2.65,2.46,2.71
,,,Greenzoid,Elite,Wraiths,The Afterlife,Solar,41.9,689,47,0.532,0.596,28,19,15037,8260,6777,28,33,56,101,27.7%,323.7,177.8,145.9,0.60,0.71,1.21,2.17,319.9,175.7,144.2,0.60,0.70,1.19,2.15,114,105,2.45,2.26,2.43,2.23
,,,Oreotv_,Elite,Lions,Apex Predators,Solar,41.6,721,47,0.536,0.553,26,21,15262,9300,5962,42,33,46,115,36.5%,313.9,191.3,122.6,0.86,0.68,0.95,2.37,324.7,197.9,126.9,0.89,0.70,0.98,2.45,125,114,2.57,2.34,2.66,2.43
,,,Foretrix,Elite,"Phoenix
Megalodons","The Birdcage
Shark Attack",Lunar,41.5,366,25,0.391,0.400,10,15,8255,4510,3745,15,9,39,61,24.6%,334.5,182.7,151.7,0.61,0.36,1.58,2.47,330.2,180.4,149.8,0.60,0.36,1.56,2.44,48,64,1.94,2.59,1.92,2.56
,,,Other Ninja,Elite,Earth,The Elements,Solar,41.5,713,50,0.333,0.380,19,31,15974,8300,7674,28,25,63,110,25.5%,332.3,172.6,159.6,0.58,0.52,1.31,2.29,319.5,166.0,153.5,0.56,0.50,1.26,2.20,92,143,1.91,2.97,1.84,2.86
,,,Fenixnuke,Elite,House Targaryen,Houses of Westeros,Lunar,41.0,708,47,0.449,0.447,21,26,15765,8660,7105,37,23,54,111,33.3%,330.2,181.4,148.8,0.78,0.48,1.13,2.33,335.4,184.3,151.2,0.79,0.49,1.15,2.36,107,122,2.24,2.56,2.28,2.60
,,,Sccrdude,Elite,Cerberii,πολύ κεφάλη,Lunar,40.2,552,40,0.399,0.375,15,25,11712,6590,5122,25,17,45,99,25.3%,314.7,177.0,137.6,0.67,0.46,1.21,2.66,292.8,164.8,128.1,0.63,0.43,1.13,2.48,67,88,1.80,2.36,1.68,2.20
,,,Kittenduck,Elite,Kings,House of Cards,Lunar,40.1,246,17,0.588,0.647,11,6,5326,3170,2156,10,10,26,37,27.0%,321.1,191.1,130.0,0.60,0.60,1.57,2.23,313.3,186.5,126.8,0.59,0.59,1.53,2.18,38,30,2.29,1.81,2.24,1.76
,,,Fikison,Elite,Missiles,Fallout Shelter,Solar,39.6,154,10,0.531,0.600,6,4,3246,1870,1376,7,8,11,22,31.8%,312.6,180.1,132.5,0.67,0.77,1.06,2.12,324.6,187.0,137.6,0.70,0.80,1.10,2.20,26,24,2.50,2.31,2.60,2.40
,,,Cheesepie,Elite,Chairs,The Quad Dynasty,Solar,39.4,746,54,0.432,0.389,21,33,16561,8270,8291,22,20,77,122,18.0%,329.2,164.4,164.8,0.44,0.40,1.53,2.43,306.7,153.1,153.5,0.41,0.37,1.43,2.26,95,114,1.89,2.27,1.76,2.11
,,,Legend,Elite,Phoenix,The Birdcage,Lunar,39.1,442,31,0.407,0.355,11,20,9957,5430,4527,19,17,42,58,32.8%,334.1,182.2,151.9,0.64,0.57,1.41,1.95,321.2,175.2,146.0,0.61,0.55,1.35,1.87,57,73,1.91,2.45,1.84,2.35
,,,Double,Elite,Earth,The Elements,Solar,39.0,67,4,0.418,0.250,1,3,1575,930,645,3,2,9,8,37.5%,348.6,205.9,142.8,0.66,0.44,1.99,1.77,393.8,232.5,161.3,0.75,0.50,2.25,2.00,8,10,1.77,2.21,2.00,2.50
,,,Poofy,Elite,Dumpsters,Waste Management,Solar,37.9,312,22,0.353,0.364,8,14,7062,3590,3472,11,12,30,39,28.2%,335.7,170.6,165.0,0.52,0.57,1.43,1.85,321.0,163.2,157.8,0.50,0.55,1.36,1.77,40,59,1.90,2.80,1.82,2.68
,,,Buck,Elite,Hornets,The Swarm,Solar,37.5,774,50,0.579,0.660,33,17,16629,9050,7579,35,35,55,105,33.3%,318.6,173.4,145.2,0.67,0.67,1.05,2.01,332.6,181.0,151.6,0.70,0.70,1.10,2.10,142,116,2.72,2.22,2.84,2.32
,,,Relic,Elite,Tempests,Storm,Solar,37.4,428,31,0.379,0.387,12,19,9598,5030,4568,18,14,39,58,31.0%,332.6,174.3,158.3,0.62,0.49,1.35,2.01,309.6,162.3,147.4,0.58,0.45,1.26,1.87,56,77,1.94,2.67,1.81,2.48
,,,Dannylotus,Elite,Gelato,Fifty-Fifty Pizzeria,Lunar,36.1,622,40,0.443,0.425,17,23,13569,7710,5859,29,21,58,86,33.7%,323.5,183.8,139.7,0.69,0.50,1.38,2.05,339.2,192.8,146.5,0.73,0.53,1.45,2.15,88,102,2.10,2.43,2.20,2.55
,,,Hollis,Elite,Cerberii,πολύ κεφάλη,Lunar,35.5,328,24,0.303,0.250,6,18,7012,4010,3002,16,9,29,51,31.4%,317.0,181.3,135.7,0.72,0.41,1.31,2.31,292.2,167.1,125.1,0.67,0.38,1.21,2.13,36,62,1.63,2.80,1.50,2.58
,,,Bestpayload,Elite,Megalodons,Shark Attack,Solar,33.5,888,59,0.514,0.542,32,27,18339,10560,7779,46,23,67,146,31.5%,306.3,176.4,129.9,0.77,0.38,1.12,2.44,310.8,179.0,131.8,0.78,0.39,1.14,2.47,145,140,2.42,2.34,2.46,2.37
,,,Jilith,Elite,"Knights
Dumpsters","The Sovereign
Waste Management",Solar,33.2,513,33,0.379,0.394,13,20,11174,6130,5044,24,15,46,68,35.3%,323.0,177.2,145.8,0.69,0.43,1.33,1.97,338.6,185.8,152.8,0.73,0.45,1.39,2.06,70,96,2.02,2.78,2.12,2.91
,,,Hmc,Elite,House Targaryen,Houses of Westeros,Lunar,32.8,390,25,0.367,0.400,10,15,8030,4570,3460,16,14,34,57,28.1%,305.3,173.8,131.6,0.61,0.53,1.29,2.17,321.2,182.8,138.4,0.64,0.56,1.36,2.28,53,75,2.02,2.85,2.12,3.00
,,,Stemantics,Elite,Dumpsters,Waste Management,Solar,32.2,557,38,0.398,0.447,17,21,11549,5980,5569,23,12,43,93,24.7%,307.5,159.2,148.3,0.61,0.32,1.14,2.48,303.9,157.4,146.6,0.61,0.32,1.13,2.45,70,92,1.86,2.45,1.84,2.42
,,,Finalfear55,Elite,"Bolts
Tempests","Electric Mayhem
Storm",Lunar,31.0,234,16,0.389,0.375,6,10,5071,2560,2511,10,6,19,31,32.3%,321.4,162.2,159.1,0.63,0.38,1.20,1.96,316.9,160.0,156.9,0.63,0.38,1.19,1.94,38,50,2.41,3.17,2.38,3.13
,,,Freebo,Elite,Earth,The Elements,Solar,30.7,233,16,0.454,0.375,6,10,4897,2620,2277,9,7,21,32,28.1%,311.7,166.8,144.9,0.57,0.45,1.34,2.04,306.1,163.8,142.3,0.56,0.44,1.31,2.00,31,35,1.97,2.23,1.94,2.19
,,,Thecarter117,Elite,"Missiles
Gelato","Fallout Shelter
Fifty-Fifty Pizzeria",Lunar,30.7,842,54,0.406,0.389,21,33,16317,9440,6877,33,35,62,129,25.6%,287.4,166.3,121.1,0.58,0.62,1.09,2.27,302.2,174.8,127.4,0.61,0.65,1.15,2.39,116,148,2.04,2.61,2.15,2.74
,,,Kid,Elite,"Sharks
Bolts","The Ocean
Electric Mayhem",Solar,30.1,124,8,0.397,0.375,3,5,2535,1280,1255,6,4,6,18,33.3%,303.2,153.1,150.1,0.72,0.48,0.72,2.15,316.9,160.0,156.9,0.75,0.50,0.75,2.25,16,21,1.91,2.51,2.00,2.63
,,,Laggy,Elite,"Dumpsters
Knights","Waste Management
The Sovereign",Solar,30.1,704,50,0.389,0.360,18,32,14272,7860,6412,30,21,55,106,28.3%,300.6,165.6,135.1,0.63,0.44,1.16,2.23,285.4,157.2,128.2,0.60,0.42,1.10,2.12,91,122,1.92,2.57,1.82,2.44
,,,Rayem Whisperwind,Elite,Chairs,The Quad Dynasty,Solar,29.9,748,55,0.409,0.382,21,34,16159,8420,7739,36,18,59,97,37.1%,320.4,166.9,153.4,0.71,0.36,1.17,1.92,293.8,153.1,140.7,0.65,0.33,1.07,1.76,90,115,1.78,2.28,1.64,2.09
,,,Sequence210,Elite,Phoenix,The Birdcage,Lunar,29.1,399,29,0.459,0.483,14,15,8069,4610,3459,19,16,28,51,37.3%,299.9,171.3,128.6,0.71,0.59,1.04,1.90,278.2,159.0,119.3,0.66,0.55,0.97,1.76,51,57,1.90,2.12,1.76,1.97
,,,Keystone_,Elite,Tarrasques,The Dungeon,Lunar,29.1,457,32,0.538,0.500,16,16,9062,5020,4042,19,19,31,62,30.6%,294.1,162.9,131.2,0.62,0.62,1.01,2.01,283.2,156.9,126.3,0.59,0.59,0.97,1.94,74,67,2.40,2.17,2.31,2.09
,,,Dart,Elite,Hornets,The Swarm,Solar,28.7,222,13,0.478,0.538,7,6,4583,2460,2123,11,6,15,31,35.5%,306.2,164.3,141.8,0.73,0.40,1.00,2.07,352.5,189.2,163.3,0.85,0.46,1.15,2.38,35,37,2.34,2.47,2.69,2.85
,,,Sheezle,Elite,"Precipitate 4
Dumpsters","Rocket League Noob Series
Waste Management",Solar,28.4,502,31,0.385,0.355,11,20,10307,5310,4997,17,14,44,71,23.9%,304.5,156.9,147.6,0.50,0.41,1.30,2.10,332.5,171.3,161.2,0.55,0.45,1.42,2.29,65,88,1.92,2.60,2.10,2.84
,,,Cannibal,Elite,Cerberii,πολύ κεφάλη,Lunar,27.8,827,60,0.374,0.367,22,38,17372,8500,8872,29,21,69,110,26.4%,311.5,152.4,159.1,0.52,0.38,1.24,1.97,289.5,141.7,147.9,0.48,0.35,1.15,1.83,102,143,1.83,2.56,1.70,2.38
,,,Siefkerb1,Elite,"Tempests
Sharks
Falcons","Storm
The Ocean
Birds of Prey",Solar,27.6,403,25,0.451,0.520,13,12,8028,4840,3188,18,14,36,54,33.3%,295.4,178.1,117.3,0.66,0.52,1.32,1.99,321.1,193.6,127.5,0.72,0.56,1.44,2.16,59,67,2.17,2.47,2.36,2.68
,,,Distant Force,Elite,Precipitate 4,Rocket League Noob Series,Lunar,27.1,66,4,0.543,0.500,2,2,1439,830,609,4,1,6,8,50.0%,323.3,186.5,136.8,0.90,0.22,1.35,1.80,359.8,207.5,152.3,1.00,0.25,1.50,2.00,9,8,2.02,1.80,2.25,2.00
,,,Ritter,Elite,Gelato,Fifty-Fifty Pizzeria,Lunar,26.6,622,42,0.389,0.357,15,27,12872,6940,5932,26,17,54,79,32.9%,306.9,165.5,141.4,0.62,0.41,1.29,1.88,306.5,165.2,141.2,0.62,0.40,1.29,1.88,87,116,2.07,2.77,2.07,2.76
,,,Vaerous,Elite,Bolts,Electric Mayhem,Lunar,25.1,581,37,0.344,0.324,12,25,11272,5860,5412,16,17,51,86,18.6%,287.7,149.6,138.1,0.41,0.43,1.30,2.20,304.6,158.4,146.3,0.43,0.46,1.38,2.32,69,105,1.76,2.68,1.86,2.84
,,,Namdorin,Elite,Lions,Apex Predators,Solar,24.4,324,21,0.463,0.429,9,12,6229,3350,2879,10,11,27,45,22.2%,285.1,153.3,131.8,0.46,0.50,1.24,2.06,296.6,159.5,137.1,0.48,0.52,1.29,2.14,51,56,2.33,2.56,2.43,2.67
,,,Tamil Camel,Elite,Precipitate 4,Rocket League Noob Series,Lunar,23.1,783,49,0.381,0.347,17,32,14960,7950,7010,32,24,49,110,29.1%,283.3,150.6,132.8,0.61,0.45,0.93,2.08,305.3,162.2,143.1,0.65,0.49,1.00,2.24,104,142,1.97,2.69,2.12,2.90
,,,Shadowxd,Elite,Bolts,Electric Mayhem,Lunar,22.7,448,28,0.320,0.250,7,21,8565,4840,3725,16,12,40,64,25.0%,283.5,160.2,123.3,0.53,0.40,1.32,2.12,305.9,172.9,133.0,0.57,0.43,1.43,2.29,48,79,1.59,2.62,1.71,2.82
,,,Mezmer,Elite,"Bolts
Earth","Electric Mayhem
The Elements",Solar,22.6,606,40,0.295,0.275,11,29,12148,6770,5378,23,14,60,77,29.9%,297.3,165.7,131.6,0.56,0.34,1.47,1.88,303.7,169.3,134.5,0.58,0.35,1.50,1.93,71,124,1.74,3.03,1.78,3.10
,,,Euronate,Elite,"Kings
Tempests","House of Cards
Storm",Lunar,21.8,312,20,0.458,0.500,10,10,6008,3490,2518,12,7,30,44,27.3%,285.6,165.9,119.7,0.57,0.33,1.43,2.09,300.4,174.5,125.9,0.60,0.35,1.50,2.20,43,48,2.04,2.28,2.15,2.40
,,,Izkey,Elite,Phoenix,The Birdcage,Lunar,21.1,68,4,0.429,0.250,1,3,1226,560,666,2,2,3,11,18.2%,267.4,122.1,145.2,0.44,0.44,0.65,2.40,306.5,140.0,166.5,0.50,0.50,0.75,2.75,10,12,2.18,2.62,2.50,3.00
,,,Starfax,Elite,"Hornets
Cerberii","The Swarm
πολύ κεφάλη",Solar,19.6,397,27,0.399,0.407,11,16,7191,4070,3121,22,9,16,62,35.5%,268.6,152.0,116.6,0.82,0.34,0.60,2.32,266.3,150.7,115.6,0.81,0.33,0.59,2.30,57,74,2.13,2.76,2.11,2.74
,,,Harrisonwc,Elite,Tempests,Storm,Solar,18.6,52,4,0.259,0.000,0,4,1130,460,670,2,0,4,6,33.3%,322.3,131.2,191.1,0.57,0.00,1.14,1.71,282.5,115.0,167.5,0.50,0.00,1.00,1.50,5,10,1.43,2.85,1.25,2.50
,,,Damian20,Elite,"Sharks
Earth","The Ocean
The Elements",Solar,18.3,564,38,0.405,0.447,17,21,10388,5510,4878,22,19,33,71,31.0%,273.1,144.9,128.3,0.58,0.50,0.87,1.87,273.4,145.0,128.4,0.58,0.50,0.87,1.87,84,107,2.21,2.81,2.21,2.82
,,,Kugelblitz,Elite,Bolts,Electric Mayhem,Lunar,18.2,135,9,0.314,0.333,3,6,2670,1630,1040,4,4,18,13,30.8%,293.3,179.1,114.2,0.44,0.44,1.98,1.43,296.7,181.1,115.6,0.44,0.44,2.00,1.44,15,25,1.65,2.75,1.67,2.78
,,,Tytheguy801,Elite,Sharks,The Ocean,Solar,11.7,14,1,0.342,0.000,0,1,303,160,143,1,0,1,1,100.0%,321.0,169.5,151.5,1.06,0.00,1.06,1.06,303.0,160.0,143.0,1.00,0.00,1.00,1.00,2,3,2.12,3.18,2.00,3.00
,,,Beans,Elite,Balrogs,Middle Earth,Lunar,4.0,9,1,0.000,0.000,0,1,128,20,108,0,0,0,2,0.0%,210.9,33.0,178.0,0.00,0.00,0.00,3.30,128.0,20.0,108.0,0.00,0.00,0.00,2.00,0,3,0.00,4.94,0.00,3.00
,,,Twigler,Elite,Tempests,Storm,Solar,-1.0,60,4,0.231,0.250,1,3,874,420,454,2,2,1,7,28.6%,216.0,103.8,112.2,0.49,0.49,0.25,1.73,218.5,105.0,113.5,0.50,0.50,0.25,1.75,6,13,1.48,3.21,1.50,3.25
,,,Bravenewwrld,Elite,Bolts,Electric Mayhem,Lunar,-9.6,57,4,0.414,0.250,1,3,892,490,402,1,1,6,4,25.0%,232.1,127.5,104.6,0.26,0.26,1.56,1.04,223.0,122.5,100.5,0.25,0.25,1.50,1.00,8,10,2.08,2.60,2.00,2.50
,,,Plg,Elite,Phoenix,The Birdcage,Lunar,-17.3,71,4,0.392,0.500,2,2,848,470,378,0,2,6,7,0.0%,177.1,98.2,79.0,0.00,0.42,1.25,1.46,212.0,117.5,94.5,0.00,0.50,1.50,1.75,9,12,1.88,2.51,2.25,3.00
,,,Shadowstorm2253,Contender,Arctic Foxes,Polar Vortex,Lunar,87.1,563,47,0.518,0.489,23,24,19427,10690,8737,54,20,59,134,40.3%,421.9,232.2,189.8,1.17,0.43,1.28,2.91,413.3,227.4,185.9,1.15,0.43,1.26,2.85,108,103,2.35,2.24,2.30,2.19
,,,Major Bumbo,Contender,Cheetahs,Apex Predators,Solar,85.6,45,4,0.959,0.750,3,1,1554,930,624,6,1,3,13,46.2%,422.2,252.7,169.6,1.63,0.27,0.82,3.53,388.5,232.5,156.0,1.50,0.25,0.75,3.25,10,1,2.72,0.27,2.50,0.25
,,,Heat,Contender,Snap-Its,Fallout Shelter,Solar,82.3,608,46,0.712,0.761,35,11,19419,11600,7819,65,24,48,150,43.3%,390.5,233.3,157.2,1.31,0.48,0.97,3.02,422.2,252.2,170.0,1.41,0.52,1.04,3.26,147,82,2.96,1.65,3.20,1.78
,,,Roadome,Contender,Snap-Its,Fallout Shelter,Solar,78.0,653,49,0.682,0.776,38,11,18405,11360,7045,53,41,54,131,40.5%,344.6,212.7,131.9,0.99,0.77,1.01,2.45,375.6,231.8,143.8,1.08,0.84,1.10,2.67,155,95,2.90,1.78,3.16,1.94
,,,Shooter12133,Contender,Hellions,πολύ κεφάλη,Lunar,76.2,84,8,0.823,0.625,5,3,2462,1550,912,9,5,5,15,60.0%,358.4,225.6,132.8,1.31,0.73,0.73,2.18,307.8,193.8,114.0,1.13,0.63,0.63,1.88,24,9,3.49,1.31,3.00,1.13
,,,Idunnie,Contender,Hellions,πολύ κεφάλη,Lunar,74.9,585,52,0.557,0.500,26,26,18085,9330,8755,43,23,54,118,36.4%,378.0,195.0,183.0,0.90,0.48,1.13,2.47,347.8,179.4,168.4,0.83,0.44,1.04,2.27,116,100,2.42,2.09,2.23,1.92
,,,Dr. Mite,Contender,Thunder Buddies,Electric Mayhem,Lunar,74.8,635,54,0.672,0.741,40,14,18719,11440,7279,66,26,41,149,44.3%,360.4,220.3,140.2,1.27,0.50,0.79,2.87,346.6,211.9,134.8,1.22,0.48,0.76,2.76,149,94,2.87,1.81,2.76,1.74
,,,Clemsontiger206,Contender,Sea Turtles,The Ocean,Solar,73.0,766,59,0.701,0.729,43,16,22648,13010,9638,69,32,58,161,42.9%,361.5,207.7,153.8,1.10,0.51,0.93,2.57,383.9,220.5,163.4,1.17,0.54,0.98,2.73,164,93,2.62,1.48,2.78,1.58
,,,Beyondteddie,Contender,Marinara,Fifty-Fifty Pizzeria,Lunar,69.4,447,36,0.400,0.417,15,21,12959,6940,6019,32,20,39,79,40.5%,354.5,189.8,164.6,0.88,0.55,1.07,2.16,360.0,192.8,167.2,0.89,0.56,1.08,2.19,69,90,1.89,2.46,1.92,2.50
,,,Reeecede,Contender,Mongols,The Sovereign,Lunar,69.3,122,12,0.364,0.417,5,7,3722,1910,1812,8,3,14,26,30.8%,373.0,191.4,181.6,0.80,0.30,1.40,2.61,310.2,159.2,151.0,0.67,0.25,1.17,2.17,15,22,1.50,2.20,1.25,1.83
,,,C0P3X,Contender,Cheetahs,Apex Predators,Solar,67.7,441,32,0.699,0.750,24,8,11373,6080,5293,27,21,26,103,26.2%,315.3,168.6,146.8,0.75,0.58,0.72,2.86,355.4,190.0,165.4,0.84,0.66,0.81,3.22,87,49,2.41,1.36,2.72,1.53
,,,Beeg Yoshi,Contender,Sea Turtles,The Ocean,Solar,67.4,754,58,0.702,0.724,42,16,21650,13080,8570,63,28,79,143,44.1%,351.1,212.1,139.0,1.02,0.45,1.28,2.32,373.3,225.5,147.8,1.09,0.48,1.36,2.47,161,91,2.61,1.48,2.78,1.57
,,,Adiously,Contender,Strix,The Birdcage,Lunar,66.7,428,36,0.491,0.417,15,21,12416,6970,5446,39,13,30,92,42.4%,354.7,199.1,155.6,1.11,0.37,0.86,2.63,344.9,193.6,151.3,1.08,0.36,0.83,2.56,82,84,2.34,2.40,2.28,2.33
,,,Trepidy,Contender,Thunder Buddies,Electric Mayhem,Lunar,65.5,626,52,0.671,0.712,37,15,16404,9600,6804,48,30,41,125,38.4%,320.4,187.5,132.9,0.94,0.59,0.80,2.44,315.5,184.6,130.8,0.92,0.58,0.79,2.40,140,88,2.73,1.72,2.69,1.69
,,,Jaywalk,Contender,Boxers,Dog Pound,Solar,63.6,700,59,0.611,0.559,33,26,18419,10200,8219,52,28,42,150,34.7%,321.7,178.2,143.6,0.91,0.49,0.73,2.62,312.2,172.9,139.3,0.88,0.47,0.71,2.54,150,112,2.62,1.96,2.54,1.90
,,,Cmonnow,Contender,Hellions,πολύ κεφάλη,Lunar,63.1,540,48,0.581,0.521,25,23,14601,8630,5971,49,18,33,118,41.5%,330.6,195.4,135.2,1.11,0.41,0.75,2.67,304.2,179.8,124.4,1.02,0.38,0.69,2.46,110,89,2.49,2.02,2.29,1.85
,,,Lukemac18,Contender,Boxers,Dog Pound,Solar,62.7,702,59,0.610,0.559,33,26,17972,10400,7572,57,29,34,155,36.8%,313.0,181.1,131.9,0.99,0.51,0.59,2.70,304.6,176.3,128.3,0.97,0.49,0.58,2.63,151,113,2.63,1.97,2.56,1.92
,,,Shadowasders,Contender,Arctic Foxes,Polar Vortex,Lunar,60.6,21,2,0.311,0.500,1,1,713,340,373,3,0,0,4,75.0%,415.1,198.0,217.2,1.75,0.00,0.00,2.33,356.5,170.0,186.5,1.50,0.00,0.00,2.00,3,5,1.75,2.91,1.50,2.50
,,,Prem1X,Contender,Sea Turtles,The Ocean,Solar,59.8,374,31,0.736,0.806,25,6,8093,4840,3253,21,29,15,54,38.9%,264.6,158.2,106.4,0.69,0.95,0.49,1.77,261.1,156.1,104.9,0.68,0.94,0.48,1.74,93,48,3.04,1.57,3.00,1.55
,,,Shebloong,Contender,Mongols,The Sovereign,Lunar,56.9,467,40,0.487,0.500,20,20,11629,6510,5119,25,19,45,81,30.9%,304.5,170.4,134.0,0.65,0.50,1.18,2.12,290.7,162.8,128.0,0.63,0.48,1.13,2.03,87,90,2.28,2.36,2.18,2.25
,,,Dwachz,Contender,Cheetahs,Apex Predators,Solar,56.2,288,24,0.385,0.375,9,15,8219,4420,3799,17,5,40,47,36.2%,348.9,187.7,161.3,0.72,0.21,1.70,2.00,342.5,184.2,158.3,0.71,0.21,1.67,1.96,37,51,1.57,2.17,1.54,2.13
,,,Beanfuzz,Contender,Strix,The Birdcage,Lunar,55.1,454,38,0.518,0.421,16,22,11423,6650,4773,33,15,35,85,38.8%,307.6,179.1,128.5,0.89,0.40,0.94,2.29,300.6,175.0,125.6,0.87,0.39,0.92,2.24,89,85,2.40,2.29,2.34,2.24
,,,Xpertsassasin,Contender,Arctic Foxes,Polar Vortex,Lunar,51.2,204,16,0.459,0.563,9,7,4800,2490,2310,13,6,9,44,29.5%,287.7,149.2,138.5,0.78,0.36,0.54,2.64,300.0,155.6,144.4,0.81,0.38,0.56,2.75,35,39,2.10,2.34,2.19,2.44
,,,Vote4Jr,Contender,Locusts,The Swarm,Solar,50.8,617,51,0.454,0.490,25,26,15130,8430,6700,42,19,44,108,38.9%,299.8,167.1,132.8,0.83,0.38,0.87,2.14,296.7,165.3,131.4,0.82,0.37,0.86,2.12,111,125,2.20,2.48,2.18,2.45
,,,Lustlizard8585,Contender,Thunder Buddies,Electric Mayhem,Lunar,50.2,567,47,0.597,0.638,30,17,12871,6980,5891,33,25,30,93,35.5%,277.6,150.5,127.0,0.71,0.54,0.65,2.01,273.9,148.5,125.3,0.70,0.53,0.64,1.98,126,98,2.72,2.11,2.68,2.09
,,,Tip,Contender,Boxers,Dog Pound,Solar,50.0,581,49,0.625,0.571,28,21,13407,7230,6177,34,22,34,103,33.0%,282.2,152.2,130.0,0.72,0.46,0.72,2.17,273.6,147.6,126.1,0.69,0.45,0.69,2.10,124,89,2.61,1.87,2.53,1.82
,,,Xblaze Dat Assx,Contender,Sea Turtles,The Ocean,Solar,49.2,404,29,0.659,0.655,19,10,8993,5100,3893,11,21,50,45,24.4%,272.2,154.4,117.8,0.33,0.64,1.51,1.36,310.1,175.9,134.2,0.38,0.72,1.72,1.55,74,47,2.24,1.42,2.55,1.62
,,,Maxox,Contender,Locusts,The Swarm,Solar,48.3,691,56,0.452,0.482,27,29,15744,8320,7424,36,27,45,112,32.1%,278.6,147.2,131.4,0.64,0.48,0.80,1.98,281.1,148.6,132.6,0.64,0.48,0.80,2.00,120,136,2.12,2.41,2.14,2.43
,,,Mario_Rl,Contender,Opportunities,The Astronauts,Solar,48.1,222,18,0.230,0.278,5,13,5496,3330,2166,15,6,24,33,45.5%,302.7,183.4,119.3,0.83,0.33,1.32,1.82,305.3,185.0,120.3,0.83,0.33,1.33,1.83,33,69,1.82,3.80,1.83,3.83
,,,Blackmage426,Contender,Hellions,πολύ κεφάλη,Lunar,47.5,283,24,0.557,0.542,13,11,6064,3020,3044,13,13,12,47,27.7%,262.0,130.5,131.5,0.56,0.56,0.52,2.03,252.7,125.8,126.8,0.54,0.54,0.50,1.96,59,51,2.55,2.20,2.46,2.13
,,,Theholycannula,Contender,Locusts,The Swarm,Solar,46.9,474,37,0.433,0.459,17,20,11649,6130,5519,26,12,44,73,35.6%,300.5,158.1,142.4,0.67,0.31,1.14,1.88,314.8,165.7,149.2,0.70,0.32,1.19,1.97,77,92,1.99,2.37,2.08,2.49
,,,Codemanx,Contender,Strix,The Birdcage,Lunar,44.6,419,36,0.549,0.500,18,18,9282,4970,4312,24,15,23,67,35.8%,270.9,145.0,125.8,0.70,0.44,0.67,1.96,257.8,138.1,119.8,0.67,0.42,0.64,1.86,85,75,2.48,2.19,2.36,2.08
,,,Sef_Assasin666,Contender,Marinara,Fifty-Fifty Pizzeria,Lunar,44.5,576,48,0.335,0.292,14,34,13854,7270,6584,26,13,63,87,29.9%,294.1,154.3,139.8,0.55,0.28,1.34,1.85,288.6,151.5,137.2,0.54,0.27,1.31,1.81,79,124,1.68,2.63,1.65,2.58
,,,Animalnoise,Contender,"Locusts
Opportunities","The Swarm
The Astronauts",Solar,43.6,303,24,0.467,0.500,12,12,6291,3630,2661,17,14,16,43,39.5%,253.9,146.5,107.4,0.69,0.56,0.65,1.74,262.1,151.3,110.9,0.71,0.58,0.67,1.79,57,62,2.30,2.50,2.38,2.58
,,,Dtduno,Contender,Mongols,The Sovereign,Lunar,43.2,594,48,0.365,0.313,15,33,13147,7330,5817,31,20,47,88,35.2%,270.6,150.9,119.7,0.64,0.41,0.97,1.81,273.9,152.7,121.2,0.65,0.42,0.98,1.83,87,125,1.79,2.57,1.81,2.60
,,,Itskengu,Contender,Cheetahs,Apex Predators,Solar,41.3,215,16,0.617,0.625,10,6,4689,2890,1799,16,4,13,44,36.4%,266.7,164.4,102.3,0.91,0.23,0.74,2.50,293.1,180.6,112.4,1.00,0.25,0.81,2.75,40,29,2.27,1.65,2.50,1.81
,,,Ragegamingis1,Contender,Marinara,Fifty-Fifty Pizzeria,Lunar,41.0,214,18,0.332,0.333,6,12,4431,2290,2141,11,8,9,34,32.4%,253.2,130.8,122.3,0.63,0.46,0.51,1.94,246.2,127.2,118.9,0.61,0.44,0.50,1.89,29,46,1.66,2.63,1.61,2.56
,,,Fartsypartsio,Contender,Boxers,Dog Pound,Solar,40.8,162,13,0.575,0.615,8,5,3522,2080,1442,10,4,12,28,35.7%,265.8,157.0,108.8,0.75,0.30,0.91,2.11,270.9,160.0,110.9,0.77,0.31,0.92,2.15,34,28,2.57,2.11,2.62,2.15
,,,Zar235,Contender,Opportunities,The Astronauts,Solar,40.7,620,49,0.225,0.245,12,37,14346,7840,6506,37,17,50,79,46.8%,282.9,154.6,128.3,0.73,0.34,0.99,1.56,292.8,160.0,132.8,0.76,0.35,1.02,1.61,85,183,1.68,3.61,1.73,3.73
,,,Sanch3Z0200,Contender,Mongols,The Sovereign,Lunar,39.6,480,40,0.354,0.300,12,28,11089,5880,5209,25,10,44,68,36.8%,282.5,149.8,132.7,0.64,0.25,1.12,1.73,277.2,147.0,130.2,0.63,0.25,1.10,1.70,68,101,1.73,2.57,1.70,2.53
,,,Papahoff420,Contender,Arctic Foxes,Polar Vortex,Lunar,39.5,694,59,0.413,0.407,24,35,15036,7880,7156,35,24,46,88,39.8%,264.9,138.8,126.1,0.62,0.42,0.81,1.55,254.8,133.6,121.3,0.59,0.41,0.78,1.49,119,149,2.10,2.63,2.02,2.53
,,,Wait A Minute!,Contender,Cheetahs,Apex Predators,Solar,39.4,560,44,0.525,0.523,23,21,12067,6890,5177,32,11,42,104,30.8%,263.5,150.4,113.0,0.70,0.24,0.92,2.27,274.3,156.6,117.7,0.73,0.25,0.95,2.36,92,86,2.01,1.88,2.09,1.95
,,,Muzik Villain,Contender,Opportunities,The Astronauts,Solar,38.9,111,9,0.340,0.222,2,7,2494,1470,1024,4,3,16,12,33.3%,274.7,161.9,112.8,0.44,0.33,1.76,1.32,277.1,163.3,113.8,0.44,0.33,1.78,1.33,17,26,1.87,2.86,1.89,2.89
,,,Kylbrew,Contender,Snap-Its,Fallout Shelter,Solar,38.7,534,41,0.627,0.659,27,14,10813,6290,4523,31,17,29,89,34.8%,247.6,144.0,103.6,0.71,0.39,0.66,2.04,263.7,153.4,110.3,0.76,0.41,0.71,2.17,115,82,2.63,1.88,2.80,2.00
,,,Themysterydeuce,Contender,Opportunities,The Astronauts,Solar,38.0,165,15,0.465,0.467,7,8,3485,1700,1785,7,6,10,20,35.0%,258.3,126.0,132.3,0.52,0.44,0.74,1.48,232.3,113.3,119.0,0.47,0.40,0.67,1.33,32,35,2.37,2.59,2.13,2.33
,,,Swisha-House-Y2K,Contender,Snap-Its,Fallout Shelter,Solar,37.2,385,29,0.679,0.759,22,7,7390,4250,3140,21,16,16,55,38.2%,234.7,135.0,99.7,0.67,0.51,0.51,1.75,254.8,146.6,108.3,0.72,0.55,0.55,1.90,92,57,2.92,1.81,3.17,1.97
,,,Ncreds72,Contender,Strix,The Birdcage,Lunar,32.4,493,43,0.474,0.395,17,26,9282,4680,4602,18,19,27,58,31.0%,230.2,116.1,114.1,0.45,0.47,0.67,1.44,215.9,108.8,107.0,0.42,0.44,0.63,1.35,86,92,2.13,2.28,2.00,2.14
,,,Purpletoad K1Ng,Contender,"Thunder Buddies
Marinara","Electric Mayhem
Fifty-Fifty Pizzeria",Lunar,26.7,326,27,0.294,0.333,9,18,5721,2840,2881,8,9,23,44,18.2%,214.6,106.5,108.1,0.30,0.34,0.86,1.65,211.9,105.2,106.7,0.30,0.33,0.85,1.63,39,70,1.46,2.63,1.44,2.59
,,,Koaltrain07,Contender,Marinara,Fifty-Fifty Pizzeria,Lunar,26.2,353,29,0.326,0.276,8,21,6250,3170,3080,10,13,24,32,31.3%,216.5,109.8,106.7,0.35,0.45,0.83,1.11,215.5,109.3,106.2,0.34,0.45,0.83,1.10,47,76,1.63,2.63,1.62,2.62
,,,Hugo_C_21,Contender,Mongols,The Sovereign,Lunar,25.7,464,36,0.369,0.306,11,25,8494,4690,3804,20,12,31,54,37.0%,223.8,123.6,100.2,0.53,0.32,0.82,1.42,235.9,130.3,105.7,0.56,0.33,0.86,1.50,66,94,1.74,2.48,1.83,2.61
,,,L3G1T L3Ge3Nd,Contender,"Marinara
Opportunities","Fifty-Fifty Pizzeria
The Astronauts",Solar,21.4,489,38,0.229,0.211,8,30,9059,4740,4319,20,9,36,49,40.8%,226.5,118.5,108.0,0.50,0.23,0.90,1.23,238.4,124.7,113.7,0.53,0.24,0.95,1.29,65,139,1.63,3.48,1.71,3.66
,,,Mtiptonatc,Contender,Arctic Foxes,Polar Vortex,Lunar,21.0,379,33,0.328,0.303,10,23,6518,3470,3048,13,10,26,37,35.1%,210.3,111.9,98.3,0.42,0.32,0.84,1.19,197.5,105.2,92.4,0.39,0.30,0.79,1.12,62,97,2.00,3.13,1.88,2.94
,,,Savedbyblood2,Contender,Thunder Buddies,Electric Mayhem,Lunar,20.5,94,10,0.780,0.900,9,1,1814,800,1014,3,1,7,10,30.0%,236.0,104.1,131.9,0.39,0.13,0.91,1.30,181.4,80.0,101.4,0.30,0.10,0.70,1.00,23,10,2.99,1.30,2.30,1.00
,,,G8Rnc,Contender,Hellions,πολύ κεφάλη,Lunar,18.8,398,36,0.361,0.333,12,24,6778,3470,3308,9,10,35,32,28.1%,208.2,106.6,101.6,0.28,0.31,1.08,0.98,188.3,96.4,91.9,0.25,0.28,0.97,0.89,60,87,1.84,2.67,1.67,2.42
,,,Dirkdiggler1041,Contender,Cheetahs,Apex Predators,Solar,18.4,449,36,0.490,0.500,18,18,7032,3620,3412,15,12,20,52,28.8%,191.5,98.6,92.9,0.41,0.33,0.54,1.42,195.3,100.6,94.8,0.42,0.33,0.56,1.44,73,75,1.99,2.04,2.03,2.08
,,,Astro,Contender,Locusts,The Swarm,Solar,17.4,46,4,0.068,0.250,1,3,891,400,491,1,0,5,5,20.0%,236.8,106.3,130.5,0.27,0.00,1.33,1.33,222.8,100.0,122.8,0.25,0.00,1.25,1.25,2,12,0.53,3.19,0.50,3.00
,,,Droogin,Contender,Snap-Its,Fallout Shelter,Solar,13.8,26,2,0.500,0.500,1,1,515,220,295,1,0,2,2,50.0%,242.2,103.5,138.7,0.47,0.00,0.94,0.94,257.5,110.0,147.5,0.50,0.00,1.00,1.00,4,4,1.88,1.88,2.00,2.00
,,,Ler_Lar,Contender,Arctic Foxes,Polar Vortex,Lunar,9.0,254,23,0.330,0.348,8,15,3601,1670,1931,3,5,18,22,13.6%,173.3,80.4,93.0,0.14,0.24,0.87,1.06,156.6,72.6,84.0,0.13,0.22,0.78,0.96,36,57,1.73,2.74,1.57,2.48
,,,Rogueum,Contender,"Thunder Buddies
Opportunities","Electric Mayhem
The Astronauts",Solar,8.1,461,36,0.220,0.194,7,29,7031,3760,3271,15,5,32,41,36.6%,186.5,99.7,86.8,0.40,0.13,0.85,1.09,195.3,104.4,90.9,0.42,0.14,0.89,1.14,63,138,1.67,3.66,1.75,3.83
,,,Binxzk,Contender,Opportunities,The Astronauts,Solar,6.8,58,4,0.135,0.000,0,4,904,370,534,0,1,6,2,0.0%,190.6,78.0,112.6,0.00,0.21,1.26,0.42,226.0,92.5,133.5,0.00,0.25,1.50,0.50,6,19,1.26,4.01,1.50,4.75
,,,Inwardlicense54,Contender,Opportunities,The Astronauts,Solar,-8.5,58,4,0.135,0.000,0,4,656,350,306,2,0,2,5,40.0%,138.3,73.8,64.5,0.42,0.00,0.42,1.05,164.0,87.5,76.5,0.50,0.00,0.50,1.25,6,19,1.26,4.01,1.50,4.75
,,,Mintiemiller,Contender,"Marinara
Mongols","Fifty-Fifty Pizzeria
The Sovereign",Lunar,-26.9,121,10,0.050,0.000,0,10,901,310,591,0,0,6,1,0.0%,91.0,31.3,59.7,0.00,0.00,0.61,0.10,90.1,31.0,59.1,0.00,0.00,0.60,0.10,6,40,0.61,4.04,0.60,4.00
,,,Rob,Challenger,Spastics,The Quad Dynasty,Solar,106.9,43,4,0.448,0.500,2,2,1577,930,647,5,2,5,8,62.5%,482.9,284.8,198.1,1.53,0.61,1.53,2.45,394.3,232.5,161.8,1.25,0.50,1.25,2.00,7,8,2.14,2.45,1.75,2.00
,,,Sparky_13,Challenger,Water,The Elements,Solar,98.0,43,4,0.827,0.750,3,1,1523,900,623,6,1,3,10,60.0%,466.4,275.6,190.8,1.84,0.31,0.92,3.06,380.8,225.0,155.8,1.50,0.25,0.75,2.50,11,4,3.37,1.22,2.75,1.00
,,,Eviix,Challenger,Zombies,The Dungeon,Lunar,97.4,538,39,0.605,0.513,20,19,17804,10550,7254,50,20,66,125,40.0%,435.8,258.2,177.5,1.22,0.49,1.62,3.06,456.5,270.5,186.0,1.28,0.51,1.69,3.21,103,78,2.52,1.91,2.64,2.00
,,,Cryke,Challenger,Killer Bees,The Swarm,Solar,97.2,768,59,0.710,0.763,45,14,24024,13500,10524,66,39,60,195,33.8%,411.9,231.5,180.4,1.13,0.67,1.03,3.34,407.2,228.8,178.4,1.12,0.66,1.02,3.31,159,88,2.73,1.51,2.69,1.49
,,,Bmorr,Challenger,Stingrays,The Ocean,Solar,88.3,661,49,0.777,0.796,39,10,20577,12120,8457,56,29,74,137,40.9%,409.9,241.4,168.5,1.12,0.58,1.47,2.73,419.9,247.3,172.6,1.14,0.59,1.51,2.80,150,66,2.99,1.31,3.06,1.35
,,,Timotheum,Challenger,House Tyrell,Houses of Westeros,Lunar,84.1,622,52,0.630,0.635,33,19,18464,10600,7864,51,35,51,120,42.5%,390.9,224.4,166.5,1.08,0.74,1.08,2.54,355.1,203.8,151.2,0.98,0.67,0.98,2.31,141,101,2.99,2.14,2.71,1.94
,,,Shanerbaner1188,Challenger,Threshers,Shark Attack,Solar,81.2,826,60,0.566,0.550,33,27,24487,13980,10507,69,33,73,178,38.8%,390.4,222.9,167.5,1.10,0.53,1.16,2.84,408.1,233.0,175.1,1.15,0.55,1.22,2.97,151,127,2.41,2.02,2.52,2.12
,,,21Average,Challenger,Wainriders,Middle Earth,Lunar,80.9,556,42,0.621,0.643,27,15,15305,8660,6645,37,31,43,126,29.4%,362.5,205.1,157.4,0.88,0.73,1.02,2.98,364.4,206.2,158.2,0.88,0.74,1.02,3.00,99,71,2.34,1.68,2.36,1.69
,,,Neophite,Challenger,Water,The Elements,Solar,80.5,690,54,0.506,0.519,28,26,20328,11210,9118,44,39,74,116,37.9%,387.9,213.9,174.0,0.84,0.74,1.41,2.21,376.4,207.6,168.9,0.81,0.72,1.37,2.15,121,119,2.31,2.27,2.24,2.20
,,,Todd Bonzalez,Challenger,Leviathans,πολύ κεφάλη,Lunar,79.3,584,48,0.600,0.625,30,18,16724,9380,7344,45,26,46,128,35.2%,377.1,211.5,165.6,1.01,0.59,1.04,2.89,348.4,195.4,153.0,0.94,0.54,0.96,2.67,118,91,2.66,2.05,2.46,1.90
,,,Ttv.Dirtygirty31,Challenger,Shock,Electric Mayhem,Lunar,79.1,798,60,0.428,0.450,27,33,23360,12550,10810,58,34,68,165,35.2%,385.5,207.1,178.4,0.96,0.56,1.12,2.72,389.3,209.2,180.2,0.97,0.57,1.13,2.75,125,151,2.06,2.49,2.08,2.52
,,,Scias,Challenger,Stingrays,The Ocean,Solar,76.9,763,58,0.734,0.724,42,16,21580,12910,8670,67,32,59,166,40.4%,372.4,222.8,149.6,1.16,0.55,1.02,2.86,372.1,222.6,149.5,1.16,0.55,1.02,2.86,167,86,2.88,1.48,2.88,1.48
,,,Lackluster,Challenger,"Derechos
Bulldogs
Isopods
Killer Bees
Stingrays
Wings","Storm
Dog Pound
The Abyss
The Swarm
The Ocean
Fifty-Fifty Pizzeria",Solar,75.7,326,24,0.801,0.792,19,5,9256,5570,3686,30,14,24,67,44.8%,373.9,225.0,148.9,1.21,0.57,0.97,2.71,385.7,232.1,153.6,1.25,0.58,1.00,2.79,79,32,3.19,1.29,3.29,1.33
,,,Limon,Challenger,Bulldogs,Dog Pound,Solar,74.9,591,48,0.527,0.542,26,22,16839,9410,7429,47,22,47,126,37.3%,375.2,209.7,165.5,1.05,0.49,1.05,2.81,350.8,196.0,154.8,0.98,0.46,0.98,2.63,104,97,2.32,2.16,2.17,2.02
,,,Unknown S Iv,Challenger,Pioneers,The Astronauts,Solar,74.8,723,52,0.551,0.596,31,21,20066,12230,7836,65,28,54,163,39.9%,365.5,222.7,142.7,1.18,0.51,0.98,2.97,385.9,235.2,150.7,1.25,0.54,1.04,3.13,137,120,2.50,2.19,2.63,2.31
,,,Olchristmaslo,Challenger,Threshers,Shark Attack,Solar,74.6,591,43,0.646,0.628,27,16,16521,9540,6981,39,25,64,119,32.8%,368.1,212.6,155.5,0.87,0.56,1.43,2.65,384.2,221.9,162.3,0.91,0.58,1.49,2.77,121,82,2.70,1.83,2.81,1.91
,,,Twitch | Itsripman,Challenger,Revenants,The Afterlife,Solar,73.8,711,52,0.468,0.481,25,27,19826,11060,8766,54,27,55,156,34.6%,367.2,204.8,162.4,1.00,0.50,1.02,2.89,381.3,212.7,168.6,1.04,0.52,1.06,3.00,113,123,2.09,2.28,2.17,2.37
,,,Flyinhi13,Challenger,The Clay,Rocket League Noob Series,Lunar,72.6,41,4,0.779,1.000,4,0,1199,660,539,3,2,4,6,50.0%,385.1,212.0,173.1,0.96,0.64,1.28,1.93,299.8,165.0,134.8,0.75,0.50,1.00,1.50,11,5,3.53,1.61,2.75,1.25
,,,Mochi,Challenger,Barbarians,The Sovereign,Lunar,71.9,653,51,0.567,0.608,31,20,17851,10140,7711,46,34,53,119,38.7%,360.0,204.5,155.5,0.93,0.69,1.07,2.40,350.0,198.8,151.2,0.90,0.67,1.04,2.33,125,105,2.52,2.12,2.45,2.06
,,,Themikeyk,Challenger,House Tyrell,Houses of Westeros,Lunar,71.0,577,50,0.628,0.640,32,18,15606,8760,6846,42,29,40,111,37.8%,356.2,199.9,156.2,0.96,0.66,0.91,2.53,312.1,175.2,136.9,0.84,0.58,0.80,2.22,133,96,3.04,2.19,2.66,1.92
,,,Reven,Challenger,Waste Baskets,Waste Management,Solar,67.8,716,51,0.561,0.510,26,25,18183,10950,7233,49,33,57,155,31.6%,334.4,201.4,133.0,0.90,0.61,1.05,2.85,356.5,214.7,141.8,0.96,0.65,1.12,3.04,128,109,2.35,2.00,2.51,2.14
,,,Artagan,Challenger,Bulldogs,Dog Pound,Solar,67.4,545,43,0.517,0.535,23,20,14338,7770,6568,34,23,42,112,30.4%,346.4,187.7,158.7,0.82,0.56,1.01,2.71,333.4,180.7,152.7,0.79,0.53,0.98,2.60,92,88,2.22,2.13,2.14,2.05
,,,Chris,Challenger,The Clay,Rocket League Noob Series,Lunar,67.0,593,48,0.410,0.500,24,24,15308,8110,7198,25,34,58,101,24.8%,339.9,180.1,159.8,0.56,0.76,1.29,2.24,318.9,169.0,150.0,0.52,0.71,1.21,2.10,91,115,2.02,2.55,1.90,2.40
,,,Rippluto,Challenger,Rocs,The Birdcage,Lunar,65.0,776,58,0.494,0.448,26,32,19449,11070,8379,51,37,50,162,31.5%,330.0,187.8,142.2,0.87,0.63,0.85,2.75,335.3,190.9,144.5,0.88,0.64,0.86,2.79,138,140,2.34,2.38,2.38,2.41
,,,Itsjustfruity,Challenger,Cougars,Apex Predators,Solar,64.3,214,16,0.466,0.500,8,8,5733,3030,2703,15,5,16,48,31.3%,352.8,186.4,166.3,0.92,0.31,0.98,2.95,358.3,189.4,168.9,0.94,0.31,1.00,3.00,31,34,1.91,2.09,1.94,2.13
,,,Monkeyman,Challenger,Killer Bees,The Swarm,Solar,64.1,467,36,0.701,0.778,28,8,11518,6590,4928,24,25,41,89,27.0%,324.8,185.8,139.0,0.68,0.70,1.16,2.51,319.9,183.1,136.9,0.67,0.69,1.14,2.47,92,52,2.59,1.47,2.56,1.44
,,,Rotendo,Challenger,Wings,Fifty-Fifty Pizzeria,Lunar,63.9,676,51,0.510,0.471,24,27,18010,9950,8060,44,27,60,120,36.7%,350.8,193.8,157.0,0.86,0.53,1.17,2.34,353.1,195.1,158.0,0.86,0.53,1.18,2.35,112,109,2.18,2.12,2.20,2.14
,,,Dynasty_Icy,Challenger,Wainriders,Middle Earth,Lunar,63.5,637,48,0.666,0.688,33,15,16092,9090,7002,42,28,44,129,32.6%,332.7,187.9,144.7,0.87,0.58,0.91,2.67,335.3,189.4,145.9,0.88,0.58,0.92,2.69,126,80,2.60,1.65,2.63,1.67
,,,Firestorm,Challenger,House Tyrell,Houses of Westeros,Lunar,63.2,305,25,0.642,0.640,16,9,7569,4500,3069,21,15,21,60,35.0%,326.8,194.3,132.5,0.91,0.65,0.91,2.59,302.8,180.0,122.8,0.84,0.60,0.84,2.40,64,44,2.76,1.90,2.56,1.76
,,,Larry The Lizard,Challenger,"Zombies
Tens
Chimps","The Dungeon
House of Cards
Planet of the Apes",Lunar,62.0,141,11,0.664,0.727,8,3,3682,2120,1562,10,7,11,22,45.5%,343.9,198.0,145.9,0.93,0.65,1.03,2.05,334.7,192.7,142.0,0.91,0.64,1.00,2.00,35,23,3.27,2.15,3.18,2.09
,,,Rahn,Challenger,Stingrays,The Ocean,Solar,61.0,535,41,0.767,0.756,31,10,12899,7850,5049,37,25,36,110,33.6%,317.5,193.2,124.3,0.91,0.62,0.89,2.71,314.6,191.5,123.1,0.90,0.61,0.88,2.68,124,57,3.05,1.40,3.02,1.39
,,,Vegitus,Challenger,"Flares
Challenger","Fallout Shelter
Interstellar",Solar,60.1,544,40,0.524,0.500,20,20,13574,7380,6194,33,24,37,103,32.0%,328.6,178.6,149.9,0.80,0.58,0.90,2.49,339.4,184.5,154.9,0.83,0.60,0.93,2.58,101,95,2.44,2.30,2.53,2.38
,,,Noahbez,Challenger,Lettuce,The Garden,Lunar,59.5,330,23,0.448,0.478,11,12,8486,4920,3566,23,11,29,62,37.1%,338.6,196.3,142.3,0.92,0.44,1.16,2.47,369.0,213.9,155.0,1.00,0.48,1.26,2.70,57,65,2.27,2.59,2.48,2.83
,,,Skillz_2424,Challenger,House Tyrell,Houses of Westeros,Lunar,59.0,410,35,0.667,0.686,24,11,10353,6050,4303,32,19,24,70,45.7%,332.5,194.3,138.2,1.03,0.61,0.77,2.25,295.8,172.9,122.9,0.91,0.54,0.69,2.00,100,65,3.21,2.09,2.86,1.86
,,,Dem | Sleegi,Challenger,Chimps,Planet of the Apes,Solar,58.2,408,29,0.489,0.655,19,10,9728,5850,3878,28,19,26,80,35.0%,314.0,188.8,125.2,0.90,0.61,0.84,2.58,335.4,201.7,133.7,0.97,0.66,0.90,2.76,70,72,2.26,2.32,2.41,2.48
,,,Miso,Challenger,"Water
Lettuce
Spastics","The Elements
The Garden
The Quad Dynasty",Solar,58.1,530,39,0.448,0.462,18,21,13232,7180,6052,31,21,41,98,31.6%,328.8,178.4,150.4,0.77,0.52,1.02,2.43,339.3,184.1,155.2,0.79,0.54,1.05,2.51,82,94,2.04,2.34,2.10,2.41
,,,Ducks_Own,Challenger,"Polar Bears
Barbarians
Leviathans","Polar Vortex
The Sovereign
πολύ κεφάλη",Lunar,58.0,247,20,0.383,0.400,8,12,6328,3830,2498,20,7,20,48,41.7%,337.4,204.2,133.2,1.07,0.37,1.07,2.56,316.4,191.5,124.9,1.00,0.35,1.00,2.40,36,49,1.92,2.61,1.80,2.45
,,,The Big C,Challenger,Polar Bears,Polar Vortex,Lunar,57.7,41,4,0.654,0.750,3,1,953,510,443,2,3,2,6,33.3%,306.1,163.8,142.3,0.64,0.96,0.64,1.93,238.3,127.5,110.8,0.50,0.75,0.50,1.50,9,6,2.89,1.93,2.25,1.50
,,,Hewhogrins,Challenger,Killer Bees,The Swarm,Solar,56.9,505,39,0.659,0.718,28,11,12929,7580,5349,42,12,35,103,40.8%,337.1,197.7,139.5,1.10,0.31,0.91,2.69,331.5,194.4,137.2,1.08,0.31,0.90,2.64,99,64,2.58,1.67,2.54,1.64
,,,Lord Carr,Challenger,Lettuce,The Garden,Lunar,56.8,717,51,0.548,0.549,28,23,17453,10080,7373,41,35,61,118,34.7%,320.5,185.1,135.4,0.75,0.64,1.12,2.17,342.2,197.6,144.6,0.80,0.69,1.20,2.31,138,122,2.53,2.24,2.71,2.39
,,,Yote51Ayer,Challenger,Pioneers,The Astronauts,Solar,56.4,726,52,0.536,0.558,29,23,18366,10400,7966,42,29,72,115,36.5%,333.1,188.6,144.5,0.76,0.53,1.31,2.09,353.2,200.0,153.2,0.81,0.56,1.38,2.21,136,124,2.47,2.25,2.62,2.38
,,,Kasook,Challenger,"Leviathans
Wings
Zombies","πολύ κεφάλη
Fifty-Fifty Pizzeria
The Dungeon",Lunar,55.8,482,40,0.538,0.525,21,19,11961,6760,5201,30,22,38,76,39.5%,326.8,184.7,142.1,0.82,0.60,1.04,2.08,299.0,169.0,130.0,0.75,0.55,0.95,1.90,100,91,2.73,2.49,2.50,2.28
,,,Marcus071903,Challenger,"Pioneers
Polar Bears","The Astronauts
Polar Vortex",Lunar,55.4,613,47,0.449,0.447,21,26,15370,7990,7380,31,27,52,94,33.0%,330.2,171.6,158.5,0.67,0.58,1.12,2.02,327.0,170.0,157.0,0.66,0.57,1.11,2.00,98,112,2.11,2.41,2.09,2.38
,,,Rugerplays,Challenger,Leviathans,πολύ κεφάλη,Lunar,55.4,688,57,0.574,0.579,33,24,16507,9310,7197,38,35,53,111,34.2%,315.9,178.2,137.7,0.73,0.67,1.01,2.12,289.6,163.3,126.3,0.67,0.61,0.93,1.95,140,116,2.68,2.22,2.46,2.04
,,,C_Stan,Challenger,Barbarians,The Sovereign,Lunar,55.4,711,55,0.563,0.600,33,22,17367,9760,7607,39,32,62,116,33.6%,321.6,180.8,140.9,0.72,0.59,1.15,2.15,315.8,177.5,138.3,0.71,0.58,1.13,2.11,131,111,2.43,2.06,2.38,2.02
,,,Slothjones,Challenger,Isopods,The Abyss,Lunar,54.9,557,44,0.406,0.341,15,29,14271,8070,6201,38,22,47,82,46.3%,337.4,190.8,146.6,0.90,0.52,1.11,1.94,324.3,183.4,140.9,0.86,0.50,1.07,1.86,87,111,2.06,2.62,1.98,2.52
,,,Moatsart,Challenger,Wainriders,Middle Earth,Lunar,54.8,650,50,0.657,0.660,33,17,15720,8870,6850,38,24,53,122,31.1%,318.5,179.7,138.8,0.77,0.49,1.07,2.47,314.4,177.4,137.0,0.76,0.48,1.06,2.44,122,79,2.47,1.60,2.44,1.58
,,,You Are A Star In My Sky,Challenger,Water,The Elements,Solar,53.5,461,36,0.575,0.583,21,15,11884,6700,5184,29,14,48,70,41.4%,339.5,191.4,148.1,0.83,0.40,1.37,2.00,330.1,186.1,144.0,0.81,0.39,1.33,1.94,83,68,2.37,1.94,2.31,1.89
,,,Cousin Nicky,Challenger,Derechos,Storm,Solar,53.3,515,41,0.445,0.390,16,25,13607,7540,6067,38,11,47,84,45.2%,347.9,192.8,155.1,0.97,0.28,1.20,2.15,331.9,183.9,148.0,0.93,0.27,1.15,2.05,86,99,2.20,2.53,2.10,2.41
,,,Kingatlas71,Challenger,"Revenants
Rocs","The Afterlife
The Birdcage",Lunar,51.4,335,23,0.481,0.478,11,12,8134,4570,3564,18,13,32,52,34.6%,319.7,179.6,140.1,0.71,0.51,1.26,2.04,353.7,198.7,155.0,0.78,0.57,1.39,2.26,60,63,2.36,2.48,2.61,2.74
,,,Bossinator132,Challenger,"Challenger
Flares","Interstellar
Fallout Shelter",Lunar,51.3,226,18,0.667,0.611,11,7,5056,2510,2546,10,14,9,36,27.8%,294.6,146.2,148.3,0.58,0.82,0.52,2.10,280.9,139.4,141.4,0.56,0.78,0.50,2.00,43,27,2.51,1.57,2.39,1.50
,,,Topsg0D,Challenger,"Rocs
Polar Bears
Spastics","The Birdcage
Polar Vortex
The Quad Dynasty",Lunar,51.1,187,12,0.522,0.500,6,6,4046,2650,1396,13,10,10,35,37.1%,284.9,186.6,98.3,0.92,0.70,0.70,2.46,337.2,220.8,116.3,1.08,0.83,0.83,2.92,37,35,2.61,2.46,3.08,2.92
,,,Stealthnader,Challenger,Challenger,Interstellar,Lunar,51.1,664,52,0.533,0.481,25,27,15947,8060,7887,24,28,65,101,23.8%,316.3,159.8,156.4,0.48,0.56,1.29,2.00,306.7,155.0,151.7,0.46,0.54,1.25,1.94,106,97,2.10,1.92,2.04,1.87
,,,Ledbone,Challenger,Tens,House of Cards,Lunar,51.0,52,4,0.386,0.250,1,3,1168,710,458,4,2,2,11,36.4%,295.8,179.8,116.0,1.01,0.51,0.51,2.79,292.0,177.5,114.5,1.00,0.50,0.50,2.75,9,12,2.28,3.04,2.25,3.00
,,,Shwae,Challenger,Flares,Fallout Shelter,Solar,51.0,302,19,0.523,0.474,9,10,7127,4120,3007,19,12,22,52,36.5%,310.8,179.6,131.1,0.83,0.52,0.96,2.27,375.1,216.8,158.3,1.00,0.63,1.16,2.74,51,48,2.22,2.09,2.68,2.53
,,,Nach0,Challenger,"Challenger
Flares","Interstellar
Fallout Shelter",Lunar,50.9,715,55,0.538,0.473,26,29,17606,9670,7936,46,22,55,122,37.7%,324.2,178.1,146.2,0.85,0.41,1.01,2.25,320.1,175.8,144.3,0.84,0.40,1.00,2.22,114,103,2.10,1.90,2.07,1.87
,,,Brain,Challenger,Derechos,Storm,Solar,50.4,608,49,0.360,0.347,17,32,15248,7630,7618,26,18,64,93,28.0%,330.2,165.3,165.0,0.56,0.39,1.39,2.01,311.2,155.7,155.5,0.53,0.37,1.31,1.90,83,121,1.80,2.62,1.69,2.47
,,,Hoyci43265,Challenger,The Clay,Rocket League Noob Series,Lunar,50.3,657,51,0.431,0.549,28,23,16242,9120,7122,47,21,46,107,43.9%,325.5,182.8,142.7,0.94,0.42,0.92,2.14,318.5,178.8,139.6,0.92,0.41,0.90,2.10,108,129,2.16,2.59,2.12,2.53
,,,Quarlth,Challenger,Lettuce,The Garden,Lunar,50.3,551,38,0.587,0.605,23,15,13350,7610,5740,36,19,43,91,39.6%,319.0,181.9,137.2,0.86,0.45,1.03,2.17,351.3,200.3,151.1,0.95,0.50,1.13,2.39,109,87,2.60,2.08,2.87,2.29
,,,Tinselcascade05,Challenger,Zombies,The Dungeon,Lunar,50.2,579,43,0.589,0.535,23,20,13614,7650,5964,32,26,45,90,35.6%,309.6,174.0,135.6,0.73,0.59,1.02,2.05,316.6,177.9,138.7,0.74,0.60,1.05,2.09,110,87,2.50,1.98,2.56,2.02
,,,Hendo,Challenger,Cougars,Apex Predators,Solar,50.1,805,60,0.378,0.367,22,38,19304,10810,8494,49,26,64,141,34.8%,315.8,176.8,138.9,0.80,0.43,1.05,2.31,321.7,180.2,141.6,0.82,0.43,1.07,2.35,111,154,1.82,2.52,1.85,2.57
,,,Mike,Challenger,Spastics,The Quad Dynasty,Solar,50.0,543,41,0.539,0.537,22,19,12746,7230,5516,37,16,33,108,34.3%,309.1,175.3,133.8,0.90,0.39,0.80,2.62,310.9,176.3,134.5,0.90,0.39,0.80,2.63,93,84,2.26,2.04,2.27,2.05
,,,Snow8P,Challenger,Chimps,Planet of the Apes,Solar,49.9,564,41,0.558,0.610,25,16,13269,6910,6359,27,22,43,96,28.1%,309.8,161.3,148.5,0.63,0.51,1.00,2.24,323.6,168.5,155.1,0.66,0.54,1.05,2.34,99,85,2.31,1.98,2.41,2.07
,,,Kaeso Clarus,Challenger,Flares,Fallout Shelter,Solar,49.7,651,47,0.464,0.362,17,30,15962,9110,6852,40,17,63,111,36.0%,322.9,184.3,138.6,0.81,0.34,1.27,2.25,339.6,193.8,145.8,0.85,0.36,1.34,2.36,102,112,2.06,2.27,2.17,2.38
,,,Superfast Moose,Challenger,Rocs,The Birdcage,Lunar,48.8,588,45,0.474,0.444,20,25,14240,7450,6790,30,23,49,85,35.3%,318.9,166.8,152.1,0.67,0.52,1.10,1.90,316.4,165.6,150.9,0.67,0.51,1.09,1.89,104,111,2.33,2.49,2.31,2.47
,,,Robangel 2012,Challenger,Chimps,Planet of the Apes,Solar,48.5,589,42,0.523,0.619,26,16,14219,7990,6229,40,18,42,99,40.4%,317.9,178.6,139.3,0.89,0.40,0.94,2.21,338.5,190.2,148.3,0.95,0.43,1.00,2.36,103,97,2.30,2.17,2.45,2.31
,,,Varenine,Challenger,Challenger,Interstellar,Lunar,48.4,649,51,0.504,0.451,23,28,15155,8540,6615,41,25,42,109,37.6%,307.5,173.3,134.2,0.83,0.51,0.85,2.21,297.2,167.5,129.7,0.80,0.49,0.82,2.14,106,105,2.15,2.13,2.08,2.06
,,,Vsizzle Wecookin,Challenger,Lettuce,The Garden,Lunar,48.3,667,47,0.530,0.532,25,22,14924,9180,5744,46,27,40,123,37.4%,294.6,181.2,113.4,0.91,0.53,0.79,2.43,317.5,195.3,122.2,0.98,0.57,0.85,2.62,123,114,2.43,2.25,2.62,2.43
,,,Hrshuvinztuff,Challenger,Tens,House of Cards,Lunar,48.2,474,36,0.356,0.361,13,23,11195,6660,4535,31,17,39,76,40.8%,311.0,185.0,126.0,0.86,0.47,1.08,2.11,311.0,185.0,126.0,0.86,0.47,1.08,2.11,76,110,2.11,3.06,2.11,3.06
,,,Hudx,Challenger,Leviathans,πολύ κεφάλη,Lunar,48.0,355,31,0.518,0.484,15,16,9080,4680,4400,22,8,31,53,41.5%,336.8,173.6,163.2,0.82,0.30,1.15,1.97,292.9,151.0,141.9,0.71,0.26,1.00,1.71,66,63,2.45,2.34,2.13,2.03
,,,Klikind,Challenger,Barbarians,The Sovereign,Lunar,46.6,489,38,0.590,0.605,23,15,11379,6350,5029,32,12,32,95,33.7%,306.4,171.0,135.4,0.86,0.32,0.86,2.56,299.4,167.1,132.3,0.84,0.32,0.84,2.50,89,70,2.40,1.89,2.34,1.84
,,,Jno28,Challenger,"Spastics
Flares","The Quad Dynasty
Fallout Shelter",Solar,46.4,541,42,0.442,0.381,16,26,12762,6960,5802,31,14,44,96,32.3%,310.6,169.4,141.2,0.75,0.34,1.07,2.34,303.9,165.7,138.1,0.74,0.33,1.05,2.29,78,91,1.90,2.21,1.86,2.17
,,,Contagious_Tomfoolery,Challenger,Tens,House of Cards,Lunar,45.7,664,49,0.448,0.490,24,25,15859,9280,6579,47,18,52,108,43.5%,314.5,184.0,130.5,0.93,0.36,1.03,2.14,323.7,189.4,134.3,0.96,0.37,1.06,2.20,121,138,2.40,2.74,2.47,2.82
,,,Digital Spoon,Challenger,Barbarians,The Sovereign,Lunar,45.5,263,20,0.534,0.600,12,8,5504,3020,2484,14,14,9,47,29.8%,275.6,151.2,124.4,0.70,0.70,0.45,2.35,275.2,151.0,124.2,0.70,0.70,0.45,2.35,47,43,2.35,2.15,2.35,2.15
,,,Cisic,Challenger,Waste Baskets,Waste Management,Solar,45.3,789,56,0.573,0.500,28,28,18042,10370,7672,47,31,58,122,38.5%,301.1,173.1,128.0,0.78,0.52,0.97,2.04,322.2,185.2,137.0,0.84,0.55,1.04,2.18,143,118,2.39,1.97,2.55,2.11
,,,Coltyb123,Challenger,Tens,House of Cards,Lunar,45.2,631,46,0.477,0.522,24,22,13755,7470,6285,28,34,41,92,30.4%,287.0,155.9,131.2,0.58,0.71,0.86,1.92,299.0,162.4,136.6,0.61,0.74,0.89,2.00,120,127,2.50,2.65,2.61,2.76
,,,Ryan,Challenger,"Chimps
Bulldogs","Planet of the Apes
Dog Pound",Solar,45.0,121,8,0.722,0.875,7,1,2594,1420,1174,5,5,9,22,22.7%,282.3,154.5,127.8,0.54,0.54,0.98,2.39,324.3,177.5,146.8,0.63,0.63,1.13,2.75,23,12,2.50,1.31,2.88,1.50
,,,Speddybob,Challenger,Chimps,Planet of the Apes,Solar,43.1,554,41,0.504,0.585,24,17,12550,7210,5340,30,21,47,81,37.0%,298.3,171.4,126.9,0.71,0.50,1.12,1.93,306.1,175.9,130.2,0.73,0.51,1.15,1.98,96,95,2.28,2.26,2.34,2.32
,,,Kinda Close,Challenger,Derechos,Storm,Solar,42.4,283,24,0.371,0.333,8,16,6540,3330,3210,14,9,21,43,32.6%,304.3,154.9,149.4,0.65,0.42,0.98,2.00,272.5,138.8,133.8,0.58,0.38,0.88,1.79,46,64,2.14,2.98,1.92,2.67
,,,Calltopower1,Challenger,Wings,Fifty-Fifty Pizzeria,Lunar,42.4,606,45,0.492,0.467,21,24,13561,6720,6841,26,24,40,92,28.3%,294.7,146.0,148.7,0.56,0.52,0.87,2.00,301.4,149.3,152.0,0.58,0.53,0.89,2.04,93,95,2.02,2.06,2.07,2.11
,,,Friskywombats,Challenger,"Owls
Shock
Chimps","Birds of Prey
Electric Mayhem
Planet of the Apes",Solar,41.5,157,12,0.337,0.333,4,8,3571,2020,1551,6,7,18,17,35.3%,299.5,169.4,130.1,0.50,0.59,1.51,1.43,297.6,168.3,129.3,0.50,0.58,1.50,1.42,22,34,1.85,2.85,1.83,2.83
,,,Edge,Challenger,Revenants,The Afterlife,Solar,40.6,513,38,0.455,0.447,17,21,11163,6320,4843,25,18,42,82,30.5%,286.5,162.2,124.3,0.64,0.46,1.08,2.10,293.8,166.3,127.4,0.66,0.47,1.11,2.16,80,90,2.05,2.31,2.11,2.37
,,,Scud_Buster,Challenger,"Shock
Chimps","Electric Mayhem
Planet of the Apes",Solar,40.3,110,8,0.500,0.500,4,4,2378,1370,1008,5,4,10,17,29.4%,284.7,164.0,120.7,0.60,0.48,1.20,2.04,297.3,171.3,126.0,0.63,0.50,1.25,2.13,16,16,1.92,1.92,2.00,2.00
,,,Zilch121,Challenger,"Rocs
Polar Bears","The Birdcage
Polar Vortex",Lunar,40.1,630,49,0.353,0.327,16,33,13906,7550,6356,30,20,51,100,30.0%,290.7,157.8,132.9,0.63,0.42,1.07,2.09,283.8,154.1,129.7,0.61,0.41,1.04,2.04,90,133,1.88,2.78,1.84,2.71
,,,Thefirstvirus,Challenger,"Revenants
Polar Bears","The Afterlife
Polar Vortex",Lunar,39.9,559,41,0.332,0.366,15,26,12215,6910,5305,25,25,49,71,35.2%,287.7,162.8,125.0,0.59,0.59,1.15,1.67,297.9,168.5,129.4,0.61,0.61,1.20,1.73,78,122,1.84,2.87,1.90,2.98
,,,Impalerv,Challenger,"Isopods
Pioneers","The Abyss
The Astronauts",Lunar,39.6,513,38,0.426,0.395,15,23,11415,6700,4715,30,17,42,75,40.0%,293.0,172.0,121.0,0.77,0.44,1.08,1.93,300.4,176.3,124.1,0.79,0.45,1.11,1.97,80,97,2.05,2.49,2.11,2.55
,,,Bgatsby,Challenger,"Flares
Challenger","Fallout Shelter
Interstellar",Solar,39.4,552,41,0.451,0.366,15,26,12085,6530,5555,24,19,47,83,28.9%,288.3,155.8,132.5,0.57,0.45,1.12,1.98,294.8,159.3,135.5,0.59,0.46,1.15,2.02,87,99,2.08,2.36,2.12,2.41
,,,Sir Bacon,Challenger,Wings,Fifty-Fifty Pizzeria,Lunar,38.5,626,48,0.482,0.438,21,27,14683,8280,6403,35,14,65,83,42.2%,308.9,174.2,134.7,0.74,0.29,1.37,1.75,305.9,172.5,133.4,0.73,0.29,1.35,1.73,105,110,2.21,2.31,2.19,2.29
,,,The Instigant,Challenger,"Zombies
Water","The Dungeon
The Elements",Lunar,37.7,600,44,0.569,0.545,24,20,13038,7280,5758,33,21,41,88,37.5%,286.1,159.8,126.4,0.72,0.46,0.90,1.93,296.3,165.5,130.9,0.75,0.48,0.93,2.00,116,97,2.55,2.13,2.64,2.20
,,,Ziggy.,Challenger,"Water
The Clay
Threshers","The Elements
Rocket League Noob Series
Shark Attack",Solar,37.2,117,10,0.403,0.500,5,5,2535,1330,1205,7,2,6,23,30.4%,285.3,149.7,135.6,0.79,0.23,0.68,2.59,253.5,133.0,120.5,0.70,0.20,0.60,2.30,17,22,1.91,2.48,1.70,2.20
,,,Kd35Beastnation,Challenger,"Shock
Derechos","Electric Mayhem
Storm",Lunar,36.3,236,19,0.413,0.316,6,13,5061,2760,2301,10,7,21,36,27.8%,282.4,154.0,128.4,0.56,0.39,1.17,2.01,266.4,145.3,121.1,0.53,0.37,1.11,1.89,35,44,1.95,2.46,1.84,2.32
,,,Xobananayt/Ttv,Challenger,"Waste Baskets
The Clay
Spastics","Waste Management
Rocket League Noob Series
The Quad Dynasty",Solar,35.6,149,12,0.500,0.417,5,7,3378,1660,1718,5,5,15,16,31.3%,298.5,146.7,151.8,0.44,0.44,1.33,1.41,281.5,138.3,143.2,0.42,0.42,1.25,1.33,26,26,2.30,2.30,2.17,2.17
,,,Legisis Aldent,Challenger,Wainriders,Middle Earth,Lunar,35.4,386,30,0.613,0.600,18,12,8338,4720,3618,24,12,23,57,42.1%,284.4,161.0,123.4,0.82,0.41,0.78,1.94,277.9,157.3,120.6,0.80,0.40,0.77,1.90,73,54,2.49,1.84,2.43,1.80
,,,Kiimmmiiii_,Challenger,Tens,House of Cards,Lunar,35.2,380,29,0.347,0.345,10,19,8617,4410,4207,18,11,32,46,39.1%,298.6,152.8,145.8,0.62,0.38,1.11,1.59,297.1,152.1,145.1,0.62,0.38,1.10,1.59,57,85,1.98,2.95,1.97,2.93
,,,Freezin,Challenger,Spastics,The Quad Dynasty,Solar,35.1,653,48,0.528,0.563,27,21,12948,7170,5778,28,22,42,117,23.9%,261.1,144.6,116.5,0.56,0.44,0.85,2.36,269.8,149.4,120.4,0.58,0.46,0.88,2.44,111,103,2.24,2.08,2.31,2.15
,,,Kntihasdbfh,Challenger,Killer Bees,The Swarm,Solar,34.3,551,42,0.712,0.738,31,11,10759,5540,5219,24,27,19,84,28.6%,257.1,132.4,124.7,0.57,0.65,0.45,2.01,256.2,131.9,124.3,0.57,0.64,0.45,2.00,113,62,2.70,1.48,2.69,1.48
,,,Jerms,Challenger,Isopods,The Abyss,Lunar,33.7,356,28,0.316,0.179,5,23,7594,3820,3774,9,13,37,42,21.4%,280.9,141.3,139.6,0.33,0.48,1.37,1.55,271.2,136.4,134.8,0.32,0.46,1.32,1.50,51,83,1.89,3.07,1.82,2.96
,,,Eddievf7,Challenger,Waste Baskets,Waste Management,Solar,33.4,789,56,0.573,0.500,28,28,16129,9160,6969,43,21,49,136,31.6%,269.2,152.9,116.3,0.72,0.35,0.82,2.27,288.0,163.6,124.4,0.77,0.38,0.88,2.43,143,118,2.39,1.97,2.55,2.11
,,,Doctor Es,Challenger,Revenants,The Afterlife,Solar,32.8,618,44,0.439,0.455,20,24,12756,7060,5696,29,22,44,86,33.7%,271.8,150.4,121.4,0.62,0.47,0.94,1.83,289.9,160.5,129.5,0.66,0.50,1.00,1.95,99,116,2.11,2.47,2.25,2.64
,,,Xxjoe_D4Ddyxx,Challenger,Polar Bears,Polar Vortex,Lunar,32.2,196,15,0.286,0.133,2,13,4166,2220,1946,11,4,12,32,34.4%,279.9,149.1,130.7,0.74,0.27,0.81,2.15,277.7,148.0,129.7,0.73,0.27,0.80,2.13,27,48,1.81,3.22,1.80,3.20
,,,Brackennn,Challenger,"Spastics
Water","The Quad Dynasty
The Elements",Solar,32.1,254,19,0.490,0.526,10,9,5355,2780,2575,9,8,23,33,27.3%,277.6,144.1,133.5,0.47,0.41,1.19,1.71,281.8,146.3,135.5,0.47,0.42,1.21,1.74,38,39,1.97,2.02,2.00,2.05
,,,Kylar Stern,Challenger,Pioneers,The Astronauts,Solar,32.0,448,32,0.581,0.563,18,14,9133,5140,3993,23,20,26,54,42.6%,268.4,151.1,117.4,0.68,0.59,0.76,1.59,285.4,160.6,124.8,0.72,0.63,0.81,1.69,91,74,2.67,2.18,2.84,2.31
,,,Hahaplayer01,Challenger,Isopods,The Abyss,Lunar,31.7,247,18,0.391,0.333,6,12,4934,2650,2284,8,9,21,35,22.9%,263.0,141.3,121.8,0.43,0.48,1.12,1.87,274.1,147.2,126.9,0.44,0.50,1.17,1.94,36,48,1.92,2.56,2.00,2.67
,,,Érid,Challenger,Bulldogs,Dog Pound,Solar,31.6,337,28,0.434,0.464,13,15,7046,3430,3616,12,12,24,43,27.9%,275.3,134.0,141.3,0.47,0.47,0.94,1.68,251.6,122.5,129.1,0.43,0.43,0.86,1.54,53,63,2.07,2.46,1.89,2.25
,,,Accidental Wolverine,Challenger,Shock,Electric Mayhem,Lunar,31.4,725,55,0.441,0.473,26,29,14203,8380,5823,32,31,53,98,32.7%,258.0,152.2,105.8,0.58,0.56,0.96,1.78,258.2,152.4,105.9,0.58,0.56,0.96,1.78,115,134,2.09,2.43,2.09,2.44
,,,Reddeadpain,Challenger,Isopods,The Abyss,Lunar,30.7,490,38,0.348,0.316,12,26,10000,5420,4580,21,12,39,77,27.3%,268.7,145.7,123.1,0.56,0.32,1.05,2.07,263.2,142.6,120.5,0.55,0.32,1.03,2.03,71,106,1.91,2.85,1.87,2.79
,,,Gettercopter,Challenger,Cougars,Apex Predators,Solar,29.7,681,50,0.367,0.340,17,33,13897,7160,6737,26,24,50,86,30.2%,268.7,138.4,130.3,0.50,0.46,0.97,1.66,277.9,143.2,134.7,0.52,0.48,1.00,1.72,93,133,1.80,2.57,1.86,2.66
,,,Vrou,Challenger,Rocs,The Birdcage,Lunar,29.5,521,39,0.478,0.436,17,22,10293,5670,4623,27,16,27,82,32.9%,260.2,143.3,116.8,0.68,0.40,0.68,2.07,263.9,145.4,118.5,0.69,0.41,0.69,2.10,85,90,2.15,2.27,2.18,2.31
,,,Gat0Rbait,Challenger,Cougars,Apex Predators,Solar,29.3,715,54,0.364,0.352,19,35,14669,7480,7189,21,23,67,88,23.9%,270.2,137.8,132.4,0.39,0.42,1.23,1.62,271.6,138.5,133.1,0.39,0.43,1.24,1.63,98,141,1.80,2.60,1.81,2.61
,,,Umbriago,Challenger,Owls,Birds of Prey,Solar,29.1,588,45,0.239,0.222,10,35,12172,6400,5772,22,19,51,70,31.4%,272.6,143.3,129.3,0.49,0.43,1.14,1.57,270.5,142.2,128.3,0.49,0.42,1.13,1.56,70,146,1.57,3.27,1.56,3.24
,,,A Toaster,Challenger,The Clay,Rocket League Noob Series,Lunar,29.1,525,42,0.331,0.405,17,25,11165,5660,5505,21,13,45,66,31.8%,280.0,142.0,138.1,0.53,0.33,1.13,1.66,265.8,134.8,131.1,0.50,0.31,1.07,1.57,74,116,1.86,2.91,1.76,2.76
,,,Brindle,Challenger,Owls,Birds of Prey,Solar,28.4,661,51,0.240,0.216,11,40,13688,6840,6848,21,20,59,79,26.6%,272.7,136.3,136.4,0.42,0.40,1.18,1.57,268.4,134.1,134.3,0.41,0.39,1.16,1.55,80,166,1.59,3.31,1.57,3.25
,,,Planet_Asylum,Challenger,Shock,Electric Mayhem,Lunar,28.2,640,48,0.424,0.458,22,26,13083,7050,6033,29,16,49,90,32.2%,269.2,145.1,124.1,0.60,0.33,1.01,1.85,272.6,146.9,125.7,0.60,0.33,1.02,1.88,100,122,2.06,2.51,2.08,2.54
,,,[N Ξ X U S] Action Chugger,Challenger,Threshers,Shark Attack,Solar,28.2,678,49,0.625,0.612,30,19,13046,7570,5476,30,28,46,87,34.5%,253.4,147.0,106.4,0.58,0.54,0.89,1.69,266.2,154.5,111.8,0.61,0.57,0.94,1.78,135,97,2.62,1.88,2.76,1.98
,,,Friends Forever,Challenger,Owls,Birds of Prey,Solar,27.5,591,45,0.225,0.222,10,35,11892,6280,5612,29,17,34,83,34.9%,265.0,139.9,125.0,0.65,0.38,0.76,1.85,264.3,139.6,124.7,0.64,0.38,0.76,1.84,69,151,1.54,3.36,1.53,3.36
,,,Wheelchair,Challenger,Spastics,The Quad Dynasty,Solar,26.9,138,10,0.439,0.500,5,5,3115,1740,1375,8,2,14,14,57.1%,297.2,166.0,131.2,0.76,0.19,1.34,1.34,311.5,174.0,137.5,0.80,0.20,1.40,1.40,24,28,2.29,2.67,2.40,2.80
,,,Golden,Challenger,Zombies,The Dungeon,Lunar,26.2,355,26,0.480,0.423,11,15,7185,3710,3475,13,7,31,51,25.5%,266.5,137.6,128.9,0.48,0.26,1.15,1.89,276.3,142.7,133.7,0.50,0.27,1.19,1.96,54,57,2.00,2.11,2.08,2.19
,,,Low Gravitas,Challenger,Derechos,Storm,Solar,25.8,563,48,0.407,0.396,19,29,11565,5690,5875,19,14,48,69,27.5%,270.5,133.1,137.4,0.44,0.33,1.12,1.61,240.9,118.5,122.4,0.40,0.29,1.00,1.44,82,105,1.92,2.46,1.71,2.19
,,,Mega_Dookie,Challenger,Water,The Elements,Solar,24.0,464,34,0.427,0.412,14,20,9331,5340,3991,23,8,40,64,35.9%,264.8,151.5,113.3,0.65,0.23,1.14,1.82,274.4,157.1,117.4,0.68,0.24,1.18,1.88,71,86,2.01,2.44,2.09,2.53
,,,Ty,Challenger,Water,The Elements,Solar,23.7,343,25,0.506,0.560,14,11,6269,3390,2879,13,12,20,49,26.5%,240.7,130.1,110.5,0.50,0.46,0.77,1.88,250.8,135.6,115.2,0.52,0.48,0.80,1.96,63,62,2.42,2.38,2.52,2.48
,,,Chandler,Challenger,"Polar Bears
Revenants","Polar Vortex
The Afterlife",Solar,23.6,560,44,0.402,0.432,19,25,10607,5560,5047,16,16,48,76,21.1%,249.4,130.7,118.7,0.38,0.38,1.13,1.79,241.1,126.4,114.7,0.36,0.36,1.09,1.73,85,110,2.00,2.59,1.93,2.50
,,,Theunequal Yeti,Challenger,"Bulldogs
Threshers","Dog Pound
Shark Attack",Solar,23.0,581,44,0.475,0.432,19,25,10941,5550,5391,23,16,32,85,27.1%,248.0,125.8,122.2,0.52,0.36,0.73,1.93,248.7,126.1,122.5,0.52,0.36,0.73,1.93,88,94,1.99,2.13,2.00,2.14
,,,Kartracer,Challenger,The Clay,Rocket League Noob Series,Lunar,21.9,345,28,0.264,0.357,10,18,6932,3350,3582,13,6,26,45,28.9%,264.6,127.9,136.7,0.50,0.23,0.99,1.72,247.6,119.6,127.9,0.46,0.21,0.93,1.61,42,81,1.60,3.09,1.50,2.89
,,,Repulse,Challenger,Wings,Fifty-Fifty Pizzeria,Lunar,21.8,104,8,0.348,0.250,2,6,2101,1170,931,5,0,10,17,29.4%,266.0,148.1,117.9,0.63,0.00,1.27,2.15,262.6,146.3,116.4,0.63,0.00,1.25,2.13,11,17,1.39,2.15,1.38,2.13
,,,Rjsaurus,Challenger,Bulldogs,Dog Pound,Solar,21.1,216,17,0.351,0.294,5,12,4101,2220,1881,5,7,23,22,22.7%,250.0,135.3,114.7,0.30,0.43,1.40,1.34,241.2,130.6,110.6,0.29,0.41,1.35,1.29,28,42,1.71,2.56,1.65,2.47
,,,Sadik_Cat,Challenger,Wings,Fifty-Fifty Pizzeria,Lunar,20.7,55,4,0.379,0.250,1,3,1058,580,478,3,1,3,8,37.5%,253.3,138.9,114.4,0.72,0.24,0.72,1.92,264.5,145.0,119.5,0.75,0.25,0.75,2.00,8,11,1.92,2.63,2.00,2.75
,,,Xx_Pink_Man95_Xx,Challenger,"Lettuce
Water","The Garden
The Elements",Lunar,20.4,100,8,0.543,0.625,5,3,2120,970,1150,5,1,6,12,41.7%,279.2,127.7,151.4,0.66,0.13,0.79,1.58,265.0,121.3,143.8,0.63,0.13,0.75,1.50,19,17,2.50,2.24,2.38,2.13
,,,Rdales,Challenger,Owls,Birds of Prey,Solar,19.6,310,23,0.211,0.174,4,19,6263,3160,3103,10,4,32,36,27.8%,266.0,134.2,131.8,0.42,0.17,1.36,1.53,272.3,137.4,134.9,0.43,0.17,1.39,1.57,33,77,1.40,3.27,1.43,3.35
,,,Clemons9,Challenger,"Threshers
Flares","Shark Attack
Fallout Shelter",Solar,18.2,224,17,0.418,0.412,7,10,4027,2380,1647,7,10,20,18,38.9%,236.7,139.9,96.8,0.41,0.59,1.18,1.06,236.9,140.0,96.9,0.41,0.59,1.18,1.06,33,41,1.94,2.41,1.94,2.41
,,,Hero,Challenger,Wainriders,Middle Earth,Lunar,13.8,45,4,0.635,0.750,3,1,845,300,545,1,1,2,5,20.0%,247.3,87.8,159.5,0.29,0.29,0.59,1.46,211.3,75.0,136.3,0.25,0.25,0.50,1.25,6,4,1.76,1.17,1.50,1.00
,,,Polarpandah,Challenger,Polar Bears,Polar Vortex,Lunar,13.3,249,20,0.257,0.300,6,14,4331,2120,2211,8,8,13,27,29.6%,229.0,112.1,116.9,0.42,0.42,0.69,1.43,216.6,106.0,110.6,0.40,0.40,0.65,1.35,28,56,1.48,2.96,1.40,2.80
,,,Ptuller99,Challenger,Stingrays,The Ocean,Solar,12.2,259,20,0.528,0.500,10,10,4477,2240,2237,7,7,18,29,24.1%,227.6,113.9,113.7,0.36,0.36,0.92,1.47,223.9,112.0,111.9,0.35,0.35,0.90,1.45,41,38,2.08,1.93,2.05,1.90
,,,Blun,Challenger,Bulldogs,Dog Pound,Solar,11.1,48,4,0.000,0.000,0,4,800,290,510,0,0,4,9,0.0%,219.5,79.6,139.9,0.00,0.00,1.10,2.47,200.0,72.5,127.5,0.00,0.00,1.00,2.25,0,11,0.00,3.02,0.00,2.75
,,,Greeneggs,Challenger,Wings,Fifty-Fifty Pizzeria,Lunar,11.1,163,12,0.308,0.333,4,8,2663,1490,1173,5,5,11,19,26.3%,215.1,120.4,94.8,0.40,0.40,0.89,1.53,221.9,124.2,97.8,0.42,0.42,0.92,1.58,20,34,1.62,2.75,1.67,2.83
,,,Ghettoblasterob,Challenger,"Flares
Stingrays","Fallout Shelter
The Ocean",Solar,3.1,166,14,0.606,0.571,8,6,2694,1280,1414,5,5,8,13,38.5%,213.7,101.5,112.2,0.40,0.40,0.63,1.03,192.4,91.4,101.0,0.36,0.36,0.57,0.93,33,25,2.62,1.98,2.36,1.79
,,,Dfitz,Challenger,Derechos,Storm,Solar,-5.8,51,4,0.154,0.250,1,3,729,270,459,0,0,4,7,0.0%,188.2,69.7,118.5,0.00,0.00,1.03,1.81,182.3,67.5,114.8,0.00,0.00,1.00,1.75,3,10,0.77,2.58,0.75,2.50
,,,Brad2681,Challenger,"Polar Bears
Pioneers
Stingrays","Polar Vortex
The Astronauts
The Ocean",Solar,-13.8,240,18,0.277,0.389,7,11,3193,1650,1543,3,2,21,20,15.0%,175.2,90.5,84.7,0.16,0.11,1.15,1.10,177.4,91.7,85.7,0.17,0.11,1.17,1.11,31,57,1.70,3.13,1.72,3.17
,,,Progmoney1100,Amateur,Corgis,Dog Pound,N/A,102.0,35,3,0.836,1.000,3,0,1553,920,633,6,1,3,12,50.0%,513.4,304.2,209.3,1.98,0.33,0.99,3.97,517.7,306.7,211.0,2.00,0.33,1.00,4.00,9,3,2.98,0.99,3.00,1.00
,,,Wolfocus,Amateur,Curiosities,The Astronauts,N/A,87.5,583,52,0.549,0.442,23,29,21689,12730,8959,63,30,67,158,39.9%,430.5,252.7,177.8,1.25,0.60,1.33,3.14,417.1,244.8,172.3,1.21,0.58,1.29,3.04,128,113,2.54,2.24,2.46,2.17
,,,Ricostealth,Amateur,Fireflies,The Swarm,N/A,83.7,641,56,0.627,0.554,31,25,22695,13700,8995,76,32,56,170,44.7%,409.7,247.3,162.4,1.37,0.58,1.01,3.07,405.3,244.6,160.6,1.36,0.57,1.00,3.04,147,105,2.65,1.90,2.63,1.88
,,,Jordayumm,Amateur,Huns,The Sovereign,N/A,76.4,376,32,0.739,0.813,26,6,11243,6810,4433,38,29,15,81,46.9%,346.0,209.6,136.4,1.17,0.89,0.46,2.49,351.3,212.8,138.5,1.19,0.91,0.47,2.53,106,55,3.26,1.69,3.31,1.72
,,,Genie,Amateur,Ocelots,Apex Predators,N/A,74.4,140,13,0.549,0.538,7,6,5000,2780,2220,20,3,6,33,60.6%,413.3,229.8,183.5,1.65,0.25,0.50,2.73,384.6,213.8,170.8,1.54,0.23,0.46,2.54,35,31,2.89,2.56,2.69,2.38
,,,Shualrl,Amateur,Ocelots,Apex Predators,N/A,72.4,118,12,0.701,0.833,10,2,4109,2350,1759,13,5,12,20,65.0%,402.9,230.4,172.5,1.27,0.49,1.18,1.96,342.4,195.8,146.6,1.08,0.42,1.00,1.67,31,18,3.04,1.77,2.58,1.50
,,,Way2Luckeee,Amateur,Huns,The Sovereign,N/A,70.3,523,45,0.701,0.778,35,10,15959,9560,6399,55,22,34,126,43.7%,353.1,211.5,141.6,1.22,0.49,0.75,2.79,354.6,212.4,142.2,1.22,0.49,0.76,2.80,136,79,3.01,1.75,3.02,1.76
,,,Biggz1313,Amateur,Otters,The Ocean,N/A,70.2,632,51,0.562,0.529,27,24,19208,11280,7928,55,31,56,143,38.5%,351.7,206.5,145.2,1.01,0.57,1.03,2.62,376.6,221.2,155.5,1.08,0.61,1.10,2.80,135,115,2.47,2.11,2.65,2.25
,,,Khariaintshxt,Amateur,Garuda,The Birdcage,N/A,68.5,478,43,0.534,0.535,23,20,14556,8760,5796,49,20,36,106,46.2%,352.4,212.1,140.3,1.19,0.48,0.87,2.57,338.5,203.7,134.8,1.14,0.47,0.84,2.47,108,99,2.61,2.40,2.51,2.30
,,,Stale Popcorn,Amateur,"Garuda
Curiosities","The Birdcage
The Astronauts",N/A,60.1,404,34,0.675,0.588,20,14,9745,5770,3975,28,27,17,77,36.4%,279.1,165.3,113.9,0.80,0.77,0.49,2.21,286.6,169.7,116.9,0.82,0.79,0.50,2.26,109,69,3.12,1.98,3.21,2.03
,,,Aking1,Amateur,"Garuda
Cheese Fries","The Birdcage
Fifty-Fifty Pizzeria",N/A,59.9,392,34,0.514,0.559,19,15,10797,6420,4377,32,17,33,72,44.4%,318.7,189.5,129.2,0.94,0.50,0.97,2.13,317.6,188.8,128.7,0.94,0.50,0.97,2.12,83,80,2.45,2.36,2.44,2.35
,,,Destroya,Amateur,"Ocelots
Curiosities","Apex Predators
The Astronauts",N/A,59.7,154,15,0.526,0.533,8,7,4878,2470,2408,13,3,15,27,48.1%,366.5,185.6,180.9,0.98,0.23,1.13,2.03,325.2,164.7,160.5,0.87,0.20,1.00,1.80,31,29,2.33,2.18,2.07,1.93
,,,H2O Demonaiboss,Amateur,Otters,The Ocean,N/A,59.1,451,36,0.664,0.639,23,13,11699,7180,4519,40,18,26,98,40.8%,300.2,184.2,115.9,1.03,0.46,0.67,2.51,325.0,199.4,125.5,1.11,0.50,0.72,2.72,110,71,2.82,1.82,3.06,1.97
,,,Themysterydeuce,Amateur,Ocelots,Apex Predators,N/A,58.1,189,18,0.428,0.444,8,10,4832,2540,2292,11,12,11,29,37.9%,295.8,155.5,140.3,0.67,0.73,0.67,1.78,268.4,141.1,127.3,0.61,0.67,0.61,1.61,41,49,2.51,3.00,2.28,2.72
,,,Buildabear,Amateur,"Curiosities
Huns","The Astronauts
The Sovereign",N/A,58.1,116,12,0.629,0.750,9,3,3164,1560,1604,8,5,6,21,38.1%,315.6,155.6,160.0,0.80,0.50,0.60,2.09,263.7,130.0,133.7,0.67,0.42,0.50,1.75,28,20,2.79,2.00,2.33,1.67
,,,Chucklesgoalie (Da Best),Amateur,Corgis,Dog Pound,N/A,56.8,44,4,0.500,0.500,2,2,1098,610,488,2,3,4,6,33.3%,288.8,160.4,128.3,0.53,0.79,1.05,1.58,274.5,152.5,122.0,0.50,0.75,1.00,1.50,10,10,2.63,2.63,2.50,2.50
,,,Jcol13,Amateur,Huns,The Sovereign,N/A,56.5,295,26,0.717,0.731,19,7,8103,4800,3303,24,12,27,45,53.3%,317.8,188.3,129.6,0.94,0.47,1.06,1.77,311.7,184.6,127.0,0.92,0.46,1.04,1.73,81,45,3.18,1.77,3.12,1.73
,,,Ryuki Sanyo,Amateur,Garuda,The Birdcage,N/A,55.5,461,41,0.594,0.585,24,17,11039,6790,4249,36,24,23,84,42.9%,277.1,170.4,106.7,0.90,0.60,0.58,2.11,269.2,165.6,103.6,0.88,0.59,0.56,2.05,106,83,2.66,2.08,2.59,2.02
,,,Jerplane27,Amateur,Ocelots,Apex Predators,N/A,54.8,233,22,0.380,0.409,9,13,6171,3340,2831,17,6,17,49,34.7%,306.5,165.9,140.6,0.84,0.30,0.84,2.43,280.5,151.8,128.7,0.77,0.27,0.77,2.23,45,61,2.23,3.03,2.05,2.77
,,,Inwardlicense54,Amateur,Cheese Fries,Fifty-Fifty Pizzeria,N/A,54.5,33,4,0.641,0.750,3,1,749,270,479,0,2,2,7,0.0%,262.6,94.7,168.0,0.00,0.70,0.70,2.45,187.3,67.5,119.8,0.00,0.50,0.50,1.75,6,4,2.10,1.40,1.50,1.00
,,,Doctor Vegas,Amateur,Huns,The Sovereign,N/A,48.5,432,37,0.710,0.811,30,7,10079,5710,4369,27,18,29,66,40.9%,270.0,152.9,117.0,0.72,0.48,0.78,1.77,272.4,154.3,118.1,0.73,0.49,0.78,1.78,106,59,2.84,1.58,2.86,1.59
,,,Averytt10,Amateur,Cheese Fries,Fifty-Fifty Pizzeria,N/A,48.5,491,40,0.131,0.175,7,33,13694,6810,6884,23,11,67,61,37.7%,322.7,160.5,162.2,0.54,0.26,1.58,1.44,342.4,170.3,172.1,0.58,0.28,1.68,1.53,53,171,1.25,4.03,1.33,4.28
,,,Sgtboom,Amateur,Fireflies,The Swarm,N/A,46.7,432,36,0.663,0.528,19,17,9072,4930,4142,22,19,20,78,28.2%,243.0,132.1,110.9,0.59,0.51,0.54,2.09,252.0,136.9,115.1,0.61,0.53,0.56,2.17,101,65,2.71,1.74,2.81,1.81
,,,Astro,Amateur,Corgis,Dog Pound,N/A,45.0,469,38,0.355,0.342,13,25,11700,6280,5420,31,8,41,73,42.5%,288.7,154.9,133.7,0.76,0.20,1.01,1.80,307.9,165.3,142.6,0.82,0.21,1.08,1.92,71,105,1.75,2.59,1.87,2.76
,,,Trash Panda 272,Amateur,Cheese Fries,Fifty-Fifty Pizzeria,N/A,43.5,73,8,0.558,0.625,5,3,1781,840,941,4,2,5,9,44.4%,282.3,133.2,149.2,0.63,0.32,0.79,1.43,222.6,105.0,117.6,0.50,0.25,0.63,1.13,14,12,2.22,1.90,1.75,1.50
,,,Doriangray,Amateur,Garuda,The Birdcage,N/A,40.7,39,4,0.176,0.000,0,4,817,310,507,0,3,3,1,0.0%,242.4,92.0,150.4,0.00,0.89,0.89,0.30,204.3,77.5,126.8,0.00,0.75,0.75,0.25,5,13,1.48,3.86,1.25,3.25
,,,Wombat Npples,Amateur,Corgis,Dog Pound,N/A,40.3,441,38,0.385,0.421,16,22,9363,5210,4153,24,15,30,56,42.9%,245.7,136.7,109.0,0.63,0.39,0.79,1.47,246.4,137.1,109.3,0.63,0.39,0.79,1.47,69,94,1.81,2.47,1.82,2.47
,,,Krucialxxkilla,Amateur,Fireflies,The Swarm,N/A,38.4,535,48,0.627,0.563,27,21,10621,6100,4521,36,18,18,70,51.4%,229.7,131.9,97.8,0.78,0.39,0.39,1.51,221.3,127.1,94.2,0.75,0.38,0.38,1.46,127,91,2.75,1.97,2.65,1.90
,,,Zofficialwinner,Amateur,Fireflies,The Swarm,N/A,37.0,315,28,0.576,0.571,16,12,6282,3370,2912,13,8,24,47,27.7%,230.8,123.8,107.0,0.48,0.29,0.88,1.73,224.4,120.4,104.0,0.46,0.29,0.86,1.68,66,54,2.42,1.98,2.36,1.93
,,,Draconium,Amateur,Ocelots,Apex Predators,N/A,36.8,118,12,0.701,0.833,10,2,1991,1010,981,4,6,3,16,25.0%,195.2,99.0,96.2,0.39,0.59,0.29,1.57,165.9,84.2,81.8,0.33,0.50,0.25,1.33,31,18,3.04,1.77,2.58,1.50
,,,French Fry,Amateur,Garuda,The Birdcage,N/A,36.4,384,34,0.515,0.471,16,18,8229,4380,3849,20,9,30,43,46.5%,248.0,132.0,116.0,0.60,0.27,0.90,1.30,242.0,128.8,113.2,0.59,0.26,0.88,1.26,81,78,2.44,2.35,2.38,2.29
,,,Bernatra,Amateur,Otters,The Ocean,N/A,34.8,364,29,0.563,0.517,15,14,6672,3850,2822,18,11,20,50,36.0%,212.1,122.4,89.7,0.57,0.35,0.64,1.59,230.1,132.8,97.3,0.62,0.38,0.69,1.72,80,68,2.54,2.16,2.76,2.34
,,,Sdngsa,Amateur,"Ocelots
Curiosities","Apex Predators
The Astronauts",N/A,33.5,272,25,0.322,0.320,8,17,4784,2590,2194,13,8,10,39,33.3%,203.5,110.2,93.3,0.55,0.34,0.43,1.66,191.4,103.6,87.8,0.52,0.32,0.40,1.56,40,65,1.70,2.77,1.60,2.60
,,,Mbolt05,Amateur,Corgis,Dog Pound,N/A,32.9,487,40,0.351,0.325,13,27,10249,5320,4929,17,8,54,52,32.7%,243.5,126.4,117.1,0.40,0.19,1.28,1.24,256.2,133.0,123.2,0.43,0.20,1.35,1.30,72,108,1.71,2.57,1.80,2.70
,,,Drunkbatman51,Amateur,Otters,The Ocean,N/A,32.2,506,40,0.504,0.475,19,21,8831,5150,3681,28,13,20,70,40.0%,202.0,117.8,84.2,0.64,0.30,0.46,1.60,220.8,128.8,92.0,0.70,0.33,0.50,1.75,98,97,2.24,2.22,2.45,2.43
,,,Sarkasticrage,Amateur,Curiosities,The Astronauts,N/A,29.0,541,48,0.552,0.458,22,26,8880,5500,3380,29,14,25,65,44.6%,189.9,117.6,72.3,0.62,0.30,0.53,1.39,185.0,114.6,70.4,0.60,0.29,0.52,1.35,120,105,2.57,2.25,2.50,2.19
,,,Xxsavegehill99,Amateur,Curiosities,The Astronauts,N/A,27.0,55,4,0.296,0.000,0,4,755,470,285,2,2,2,7,28.6%,158.8,98.9,60.0,0.42,0.42,0.42,1.47,188.8,117.5,71.3,0.50,0.50,0.50,1.75,8,14,1.68,2.95,2.00,3.50
,,,Charlieharley1,Amateur,"Corgis
Garuda
Curiosities","Dog Pound
The Birdcage
The Astronauts",N/A,25.9,303,26,0.296,0.269,7,19,5152,2320,2832,9,6,16,32,28.1%,196.8,88.6,108.2,0.34,0.23,0.61,1.22,198.2,89.2,108.9,0.35,0.23,0.62,1.23,40,71,1.53,2.71,1.54,2.73
,,,Cobrakairl,Amateur,Cheese Fries,Fifty-Fifty Pizzeria,N/A,13.9,498,40,0.133,0.150,6,34,5686,3090,2596,12,13,19,29,41.4%,132.1,71.8,60.3,0.28,0.30,0.44,0.67,142.2,77.3,64.9,0.30,0.33,0.48,0.73,55,175,1.28,4.07,1.38,4.38
,,,Kootenay Dean,Amateur,Ocelots,Apex Predators,N/A,9.3,196,19,0.314,0.368,7,12,1792,680,1112,1,5,4,13,7.7%,105.8,40.1,65.7,0.06,0.30,0.24,0.77,94.3,35.8,58.5,0.05,0.26,0.21,0.68,31,51,1.83,3.01,1.63,2.68
,,,Kma81,Amateur,"Cheese Fries
Garuda","Fifty-Fifty Pizzeria
The Birdcage",N/A,8.2,359,29,0.105,0.103,3,26,3791,1820,1971,11,2,7,27,40.7%,122.2,58.7,63.5,0.35,0.06,0.23,0.87,130.7,62.8,68.0,0.38,0.07,0.24,0.93,37,137,1.19,4.42,1.28,4.72