Filter(s),,,Name,Tier,Team(s),Franchise(s),Conference,SBV,TS,GP,PWE,WP,W,L,P,SP,NP,G,A,Sv,S,S%,P/A,SP/A,NP/A,G/A,A/A,Sv/A,S/A,P/G,SP/G,NP/G,G/G,A/G,Sv/G,S/G,tm_G,opp_G,tm_G/A,opp_G/A,tm_G/G,opp_G/G
Stat,Condition,,Wheats :),Prospect,Compost Bins,Waste Management,Solar,102.1,528,39,0.676,0.615,24,15,16645,10470,6175,61,27,34,132,46.2%,418.1,263.0,155.1,1.53,0.68,0.85,3.32,426.8,268.5,158.3,1.56,0.69,0.87,3.38,121,76,3.04,1.91,3.10,1.95
,,,Gorillacream707,Prospect,Squalls,Storm,Solar,98.5,577,43,0.744,0.814,35,8,18316,11200,7116,59,27,52,135,43.7%,421.0,257.4,163.6,1.36,0.62,1.20,3.10,426.0,260.5,165.5,1.37,0.63,1.21,3.14,130,65,2.99,1.49,3.02,1.51
,,,Turtle_Supreme,Prospect,Punch-Outs,8-Bit Brigade,Lunar,79.7,662,51,0.672,0.725,37,14,18703,11260,7443,51,36,62,126,40.5%,374.7,225.6,149.1,1.02,0.72,1.24,2.52,366.7,220.8,145.9,1.00,0.71,1.22,2.47,140,88,2.80,1.76,2.75,1.73
,,,Spiffy,Prospect,Pioneer,Mission Control,Solar,79.3,806,58,0.598,0.621,36,22,22634,13060,9574,62,42,64,156,39.7%,372.4,214.9,157.5,1.02,0.69,1.05,2.57,390.2,225.2,165.1,1.07,0.72,1.10,2.69,166,129,2.73,2.12,2.86,2.22
,,,Blaze,Prospect,Mambas,The Serpents,Solar,78.9,49,4,0.458,0.500,2,2,1364,710,654,2,4,5,6,33.3%,369.2,192.2,177.0,0.54,1.08,1.35,1.62,341.0,177.5,163.5,0.50,1.00,1.25,1.50,9,10,2.44,2.71,2.25,2.50
,,,Shadowstorm,Prospect,Snow Owls,Polar Vortex,Lunar,76.0,510,38,0.478,0.474,18,20,13591,7310,6281,41,17,22,126,32.5%,353.4,190.1,163.3,1.07,0.44,0.57,3.28,357.7,192.4,165.3,1.08,0.45,0.58,3.32,87,92,2.26,2.39,2.29,2.42
,,,Revolution,Prospect,Punch-Outs,8-Bit Brigade,Lunar,74.7,669,51,0.691,0.745,38,13,17811,10080,7731,40,42,56,118,33.9%,353.1,199.8,153.3,0.79,0.83,1.11,2.34,349.2,197.6,151.6,0.78,0.82,1.10,2.31,146,87,2.89,1.72,2.86,1.71
,,,Alienhealer,Prospect,Pickles,The Garden,Lunar,73.3,792,60,0.570,0.550,33,27,21707,12230,9477,53,31,75,163,32.5%,363.5,204.8,158.7,0.89,0.52,1.26,2.73,361.8,203.8,158.0,0.88,0.52,1.25,2.72,150,125,2.51,2.09,2.50,2.08
,,,Zakaronincheese,Prospect,Compost Bins,Waste Management,Solar,70.5,511,38,0.678,0.605,23,15,12850,7910,4940,34,31,39,101,33.7%,333.5,205.3,128.2,0.88,0.80,1.01,2.62,338.2,208.2,130.0,0.89,0.82,1.03,2.66,110,68,2.85,1.76,2.89,1.79
,,,† Booterzzz,Prospect,Punch-Outs,8-Bit Brigade,Lunar,69.8,452,33,0.660,0.758,25,8,12307,7330,4977,41,19,29,83,49.4%,361.1,215.1,146.0,1.20,0.56,0.85,2.44,372.9,222.1,150.8,1.24,0.58,0.88,2.52,95,62,2.79,1.82,2.88,1.88
,,,Flamez_Gamez,Prospect,"Do Re Migos
Isopods
Templars","The Jukebox
The Abyss
The Order",Lunar,66.9,221,18,0.597,0.667,12,6,6050,3130,2920,13,10,20,33,39.4%,363.0,187.8,175.2,0.78,0.60,1.20,1.98,336.1,173.9,162.2,0.72,0.56,1.11,1.83,45,35,2.70,2.10,2.50,1.94
,,,Ned1Oo,Prospect,Spartans,The Sovereign,Lunar,65.9,618,46,0.514,0.500,23,23,15661,8750,6911,35,33,50,110,31.8%,336.1,187.8,148.3,0.75,0.71,1.07,2.36,340.5,190.2,150.2,0.76,0.72,1.09,2.39,119,115,2.55,2.47,2.59,2.50
Sort(s),,,Nytro,Prospect,Squalls,Storm,Solar,65.9,532,41,0.737,0.780,32,9,13310,7310,6000,32,27,35,101,31.7%,331.8,182.2,149.6,0.80,0.67,0.87,2.52,324.6,178.3,146.3,0.78,0.66,0.85,2.46,119,61,2.97,1.52,2.90,1.49
Stat,Order,,Greensleeves,Prospect,Squalls,Storm,Solar,65.8,661,50,0.712,0.760,38,12,17304,10600,6704,51,28,57,125,40.8%,347.2,212.7,134.5,1.02,0.56,1.14,2.51,346.1,212.0,134.1,1.02,0.56,1.14,2.50,138,76,2.77,1.52,2.76,1.52
Name,Desc,,Viv1D,Prospect,Breadsticks,Fifty-Fifty Pizzeria,Lunar,65.3,778,56,0.565,0.554,31,25,20249,11470,8779,57,25,58,162,35.2%,345.2,195.5,149.6,0.97,0.43,0.99,2.76,361.6,204.8,156.8,1.02,0.45,1.04,2.89,150,127,2.56,2.16,2.68,2.27
Conference,Desc,,Jaywalk,Prospect,Air Buds,Dog Pound,Solar,64.5,661,54,0.437,0.407,22,32,18196,10340,7856,41,23,80,109,37.6%,365.1,207.4,157.6,0.82,0.46,1.61,2.19,337.0,191.5,145.5,0.76,0.43,1.48,2.02,107,126,2.15,2.53,1.98,2.33
TS,Desc,,Flyinhi13,Prospect,Templars,The Order,Lunar,63.7,438,31,0.515,0.452,14,17,11205,6730,4475,27,21,44,78,34.6%,339.3,203.8,135.5,0.82,0.64,1.33,2.36,361.5,217.1,144.4,0.87,0.68,1.42,2.52,83,80,2.51,2.42,2.68,2.58
,,,Flipbaker516,Prospect,Ravagers,The Swarm,Solar,63.2,756,57,0.563,0.561,32,25,19751,11380,8371,58,24,58,148,39.2%,346.5,199.6,146.8,1.02,0.42,1.02,2.60,346.5,199.6,146.9,1.02,0.42,1.02,2.60,146,124,2.56,2.18,2.56,2.18
,,,Ben5Tein,Prospect,Do Re Migos,The Jukebox,Lunar,62.4,761,58,0.488,0.517,30,28,20058,10930,9128,48,27,69,133,36.1%,349.5,190.5,159.1,0.84,0.47,1.20,2.32,345.8,188.4,157.4,0.83,0.47,1.19,2.29,122,126,2.13,2.20,2.10,2.17
,,,Xxsetupking97Xx,Prospect,Firecrackers,Fallout Shelter,Solar,62.3,76,6,0.525,0.500,3,3,2019,1330,689,7,3,7,13,53.8%,352.3,232.1,120.2,1.22,0.52,1.22,2.27,336.5,221.7,114.8,1.17,0.50,1.17,2.17,17,16,2.97,2.79,2.83,2.67
,,,Slmrnchr,Prospect,Firecrackers,Fallout Shelter,Solar,60.7,826,59,0.564,0.559,33,26,19711,10840,8871,49,36,49,169,29.0%,316.5,174.0,142.4,0.79,0.58,0.79,2.71,334.1,183.7,150.4,0.83,0.61,0.83,2.86,158,134,2.54,2.15,2.68,2.27
,,,Quitstalin,Prospect,Gallimimus,Dino Park,Solar,60.5,698,53,0.548,0.566,30,23,17411,10660,6751,45,34,65,121,37.2%,330.8,202.5,128.3,0.85,0.65,1.23,2.30,328.5,201.1,127.4,0.85,0.64,1.23,2.28,139,123,2.64,2.34,2.62,2.32
,,,Marq,Prospect,Pioneer,Mission Control,Solar,59.6,730,53,0.626,0.642,34,19,18300,11400,6900,62,25,50,145,42.8%,332.4,207.1,125.3,1.13,0.45,0.91,2.63,345.3,215.1,130.2,1.17,0.47,0.94,2.74,154,111,2.80,2.02,2.91,2.09
,,,Johnmoney4,Prospect,Mambas,The Serpents,Solar,59.5,61,4,0.146,0.000,0,4,1758,1020,738,3,2,11,7,42.9%,382.2,221.7,160.4,0.65,0.43,2.39,1.52,439.5,255.0,184.5,0.75,0.50,2.75,1.75,6,18,1.30,3.91,1.50,4.50
,,,Honeybadgermo,Prospect,Spartans,The Sovereign,Lunar,57.8,595,45,0.525,0.511,23,22,15063,8260,6803,36,24,50,96,37.5%,335.7,184.1,151.6,0.80,0.53,1.11,2.14,334.7,183.6,151.2,0.80,0.53,1.11,2.13,112,105,2.50,2.34,2.49,2.33
,,,Moose.,Prospect,Gallimimus,Dino Park,Solar,56.8,616,48,0.541,0.583,28,20,15546,8840,6706,46,20,43,109,42.2%,334.7,190.3,144.4,0.99,0.43,0.93,2.35,323.9,184.2,139.7,0.96,0.42,0.90,2.27,121,109,2.60,2.35,2.52,2.27
,,,Kingbonkk,Prospect,Breadsticks,Fifty-Fifty Pizzeria,Lunar,56.7,763,54,0.578,0.593,32,22,18539,10950,7589,49,33,61,135,36.3%,322.2,190.3,131.9,0.85,0.57,1.06,2.35,343.3,202.8,140.5,0.91,0.61,1.13,2.50,147,120,2.55,2.09,2.72,2.22
,,,Sadmello,Prospect,Snow Owls,Polar Vortex,Lunar,55.9,629,49,0.490,0.510,25,24,14928,8590,6338,36,24,51,124,29.0%,314.7,181.1,133.6,0.76,0.51,1.08,2.61,304.7,175.3,129.3,0.73,0.49,1.04,2.53,112,115,2.36,2.42,2.29,2.35
,,,Atoll,Prospect,Templars,The Order,Lunar,55.3,698,49,0.521,0.449,22,27,16189,9580,6609,50,31,34,133,37.6%,307.6,182.0,125.6,0.95,0.59,0.65,2.53,330.4,195.5,134.9,1.02,0.63,0.69,2.71,134,127,2.55,2.41,2.73,2.59
,,,Marcus,Prospect,Gallimimus,Dino Park,Solar,55.0,666,50,0.513,0.560,28,22,16301,9010,7291,35,29,60,106,33.0%,324.6,179.4,145.2,0.70,0.58,1.19,2.11,326.0,180.2,145.8,0.70,0.58,1.20,2.12,126,122,2.51,2.43,2.52,2.44
,,,Kylbrew,Prospect,Dolphins,The Ocean,Solar,54.6,51,4,0.221,0.250,1,3,1350,760,590,4,2,4,6,66.7%,351.0,197.6,153.4,1.04,0.52,1.04,1.56,337.5,190.0,147.5,1.00,0.50,1.00,1.50,7,15,1.82,3.90,1.75,3.75
,,,Vote4Jr,Prospect,Ravagers,The Swarm,Solar,54.5,760,57,0.550,0.544,31,26,17700,10090,7610,44,38,50,129,34.1%,308.9,176.1,132.8,0.77,0.66,0.87,2.25,310.5,177.0,133.5,0.77,0.67,0.88,2.26,140,123,2.44,2.15,2.46,2.16
,,,Treefrog,Prospect,Templars,The Order,Lunar,54.4,621,44,0.570,0.545,24,20,15009,8690,6319,43,26,41,104,41.3%,320.5,185.6,134.9,0.92,0.56,0.88,2.22,341.1,197.5,143.6,0.98,0.59,0.93,2.36,130,109,2.78,2.33,2.95,2.48
,,,Tigertopaz,Prospect,Firecrackers,Fallout Shelter,Solar,52.9,826,59,0.564,0.559,33,26,19367,11050,8317,60,32,39,150,40.0%,310.9,177.4,133.5,0.96,0.51,0.63,2.41,328.3,187.3,141.0,1.02,0.54,0.66,2.54,159,135,2.55,2.17,2.69,2.29
,,,Thunderama,Prospect,Pioneer,Mission Control,Solar,52.6,748,53,0.604,0.642,34,19,17019,10070,6949,39,43,57,117,33.3%,301.7,178.5,123.2,0.69,0.76,1.01,2.07,321.1,190.0,131.1,0.74,0.81,1.08,2.21,153,117,2.71,2.07,2.89,2.21
,,,Ukcats,Prospect,Gallimimus,Dino Park,Solar,52.2,302,23,0.585,0.565,13,10,7671,4520,3151,24,9,24,47,51.1%,336.8,198.5,138.4,1.05,0.40,1.05,2.06,333.5,196.5,137.0,1.04,0.39,1.04,2.04,61,49,2.68,2.15,2.65,2.13
,,,Clemsontiger206,Prospect,Dolphins,The Ocean,Solar,51.0,731,56,0.333,0.357,20,36,18023,9990,8033,36,29,78,104,34.6%,327.0,181.2,145.7,0.65,0.53,1.42,1.89,321.8,178.4,143.4,0.64,0.52,1.39,1.86,104,162,1.89,2.94,1.86,2.89
,,,Sexy Horse,Prospect,Pickles,The Garden,Lunar,50.9,495,39,0.579,0.590,23,16,11848,6610,5238,34,20,29,76,44.7%,317.4,177.1,140.3,0.91,0.54,0.78,2.04,303.8,169.5,134.3,0.87,0.51,0.74,1.95,98,80,2.63,2.14,2.51,2.05
,,,Cobra910,Prospect,Sparks,Electric Mayhem,Lunar,50.8,658,49,0.486,0.531,26,23,16530,9570,6960,37,18,78,107,34.6%,333.1,192.9,140.3,0.75,0.36,1.57,2.16,337.3,195.3,142.0,0.76,0.37,1.59,2.18,112,116,2.26,2.34,2.29,2.37
,,,Tr1Ppn,Prospect,Compost Bins,Waste Management,Solar,50.1,563,42,0.694,0.667,28,14,12892,7250,5642,36,20,32,105,34.3%,303.7,170.8,132.9,0.85,0.47,0.75,2.47,307.0,172.6,134.3,0.86,0.48,0.76,2.50,125,74,2.94,1.74,2.98,1.76
,,,D__E__R__K,Prospect,Pickles,The Garden,Lunar,50.0,780,59,0.583,0.559,33,26,18309,10080,8229,48,28,51,133,36.1%,311.3,171.4,139.9,0.82,0.48,0.87,2.26,310.3,170.8,139.5,0.81,0.47,0.86,2.25,148,119,2.52,2.02,2.51,2.02
,,,Duffy Doug,Prospect,Chimps,Planet of the Apes,Solar,49.8,692,50,0.328,0.340,17,33,15594,8350,7244,34,28,46,125,27.2%,298.8,160.0,138.8,0.65,0.54,0.88,2.40,311.9,167.0,144.9,0.68,0.56,0.92,2.50,91,145,1.74,2.78,1.82,2.90
,,,C'Mon Now,Prospect,Gorgons,πολύ κεφάλη,Lunar,48.8,517,40,0.364,0.350,14,26,12453,7120,5333,35,17,39,82,42.7%,319.4,182.6,136.8,0.90,0.44,1.00,2.10,311.3,178.0,133.3,0.88,0.43,0.98,2.05,84,119,2.15,3.05,2.10,2.98
,,,Roadome,Prospect,Firecrackers,Fallout Shelter,Solar,48.4,792,56,0.581,0.589,33,23,18166,10710,7456,46,31,64,136,33.8%,304.2,179.3,124.8,0.77,0.52,1.07,2.28,324.4,191.3,133.1,0.82,0.55,1.14,2.43,152,123,2.55,2.06,2.71,2.20
,,,Tip,Prospect,Air Buds,Dog Pound,Solar,47.7,575,46,0.410,0.370,17,29,13991,7860,6131,34,12,57,101,33.7%,322.7,181.3,141.4,0.78,0.28,1.31,2.33,304.2,170.9,133.3,0.74,0.26,1.24,2.20,87,110,2.01,2.54,1.89,2.39
,,,Its A Cookie Dusta,Prospect,Dolphins,The Ocean,Solar,46.8,482,36,0.410,0.417,15,21,11783,6210,5573,30,9,39,81,37.0%,324.2,170.9,153.3,0.83,0.25,1.07,2.23,327.3,172.5,154.8,0.83,0.25,1.08,2.25,76,96,2.09,2.64,2.11,2.67
,,,Stealth69King-,Prospect,Pickles,The Garden,Lunar,46.7,115,8,0.647,0.625,5,3,2668,1380,1288,7,4,6,18,38.9%,307.7,159.1,148.5,0.81,0.46,0.69,2.08,333.5,172.5,161.0,0.88,0.50,0.75,2.25,21,14,2.42,1.61,2.63,1.75
,,,Blood12Aven,Prospect,Spartans,The Sovereign,Lunar,46.6,538,41,0.393,0.341,14,27,12372,7610,4762,40,13,38,106,37.7%,305.0,187.6,117.4,0.99,0.32,0.94,2.61,301.8,185.6,116.1,0.98,0.32,0.93,2.59,90,118,2.22,2.91,2.20,2.88
,,,Trepidy,Prospect,Sparks,Electric Mayhem,Lunar,46.5,686,52,0.497,0.558,29,23,15576,8340,7236,38,25,43,114,33.3%,301.1,161.2,139.9,0.73,0.48,0.83,2.20,299.5,160.4,139.2,0.73,0.48,0.83,2.19,116,117,2.24,2.26,2.23,2.25
,,,Whiffles Mccantscore,Prospect,Isopods,The Abyss,Lunar,46.5,506,40,0.393,0.350,14,26,12120,6470,5650,29,11,43,87,33.3%,317.6,169.6,148.1,0.76,0.29,1.13,2.28,303.0,161.8,141.3,0.73,0.28,1.08,2.18,74,98,1.94,2.57,1.85,2.45
,,,Jack,Prospect,Pickles,The Garden,Lunar,46.0,67,4,0.750,0.500,2,2,1457,860,597,6,1,1,16,37.5%,288.4,170.2,118.2,1.19,0.20,0.20,3.17,364.3,215.0,149.3,1.50,0.25,0.25,4.00,11,5,2.18,0.99,2.75,1.25
,,,Leshazimiz,Prospect,Punch-Outs,8-Bit Brigade,Lunar,45.9,42,4,0.771,1.000,4,0,962,500,462,4,0,0,10,40.0%,303.8,157.9,145.9,1.26,0.00,0.00,3.16,240.5,125.0,115.5,1.00,0.00,0.00,2.50,9,4,2.84,1.26,2.25,1.00
,,,Lazaryo,Prospect,Ravagers,The Swarm,Solar,45.5,768,57,0.569,0.561,32,25,16535,9670,6865,42,35,48,132,31.8%,285.5,167.0,118.5,0.73,0.60,0.83,2.28,290.1,169.6,120.4,0.74,0.61,0.84,2.32,146,122,2.52,2.11,2.56,2.14
,,,Goose,Prospect,Squalls,Storm,Solar,45.1,603,46,0.684,0.717,33,13,12649,7080,5569,28,32,34,98,28.6%,278.2,155.7,122.5,0.62,0.70,0.75,2.16,275.0,153.9,121.1,0.61,0.70,0.74,2.13,123,74,2.71,1.63,2.67,1.61
,,,Leet,Prospect,Templars,The Order,Lunar,44.6,517,35,0.533,0.486,17,18,11715,6970,4745,29,26,42,67,43.3%,300.5,178.8,121.7,0.74,0.67,1.08,1.72,334.7,199.1,135.6,0.83,0.74,1.20,1.91,98,90,2.51,2.31,2.80,2.57
,,,Sentir,Prospect,Punch-Outs,8-Bit Brigade,Lunar,43.7,383,29,0.654,0.655,19,10,8076,4690,3386,22,18,19,64,34.4%,279.6,162.4,117.2,0.76,0.62,0.66,2.22,278.5,161.7,116.8,0.76,0.62,0.66,2.21,84,56,2.91,1.94,2.90,1.93
,,,Thedrprofessornoah,Prospect,Air Buds,Dog Pound,Solar,43.0,444,36,0.396,0.333,12,24,10003,4820,5183,21,15,26,67,31.3%,298.8,144.0,154.8,0.63,0.45,0.78,2.00,277.9,133.9,144.0,0.58,0.42,0.72,1.86,67,88,2.00,2.63,1.86,2.44
,,,Prometiumz,Prospect,"Mambas
Chimps","The Serpents
Planet of the Apes",Solar,42.7,561,43,0.386,0.372,16,27,12608,6750,5858,31,18,37,90,34.4%,298.0,159.6,138.5,0.73,0.43,0.87,2.13,293.2,157.0,136.2,0.72,0.42,0.86,2.09,88,118,2.08,2.79,2.05,2.74
,,,Flez,Prospect,Sparks,Electric Mayhem,Lunar,42.7,657,50,0.493,0.560,28,22,14445,8130,6315,37,28,41,98,37.8%,291.6,164.1,127.5,0.75,0.57,0.83,1.98,288.9,162.6,126.3,0.74,0.56,0.82,1.96,116,118,2.34,2.38,2.32,2.36
,,,Blindvisionary,Prospect,Spartans,The Sovereign,Lunar,42.7,637,48,0.497,0.500,24,24,14060,7680,6380,34,25,41,98,34.7%,292.7,159.9,132.8,0.71,0.52,0.85,2.04,292.9,160.0,132.9,0.71,0.52,0.85,2.04,114,115,2.37,2.39,2.38,2.40
,,,Heartless,Prospect,Gorgons,πολύ κεφάλη,Lunar,41.2,684,55,0.369,0.382,21,34,16004,8810,7194,46,17,47,101,45.5%,310.3,170.8,139.5,0.89,0.33,0.91,1.96,291.0,160.2,130.8,0.84,0.31,0.85,1.84,110,154,2.13,2.99,2.00,2.80
,,,Potato Prophecy,Prospect,Do Re Migos,The Jukebox,Lunar,38.3,761,58,0.488,0.517,30,28,16720,9330,7390,38,21,65,123,30.9%,291.4,162.6,128.8,0.66,0.37,1.13,2.14,288.3,160.9,127.4,0.66,0.36,1.12,2.12,122,126,2.13,2.20,2.10,2.17
,,,Porkins,Prospect,Gorgons,πολύ κεφάλη,Lunar,37.8,584,48,0.400,0.417,20,28,13383,7560,5823,28,20,61,71,39.4%,303.9,171.7,132.2,0.64,0.45,1.39,1.61,278.8,157.5,121.3,0.58,0.42,1.27,1.48,96,124,2.18,2.82,2.00,2.58
,,,Intrude_N313,Prospect,Breadsticks,Fifty-Fifty Pizzeria,Lunar,37.5,436,33,0.510,0.455,15,18,9258,4970,4288,24,15,23,67,35.8%,281.6,151.2,130.4,0.73,0.46,0.70,2.04,280.5,150.6,129.9,0.73,0.45,0.70,2.03,80,78,2.43,2.37,2.42,2.36
,,,Totoro,Prospect,Compost Bins,Waste Management,Solar,37.2,618,48,0.586,0.542,26,22,12856,7150,5706,33,24,34,95,34.7%,275.9,153.4,122.4,0.71,0.52,0.73,2.04,267.8,149.0,118.9,0.69,0.50,0.71,1.98,126,101,2.70,2.17,2.63,2.10
,,,Hayhay,Prospect,Isopods,The Abyss,Lunar,36.1,595,46,0.371,0.304,14,32,13046,7120,5926,29,17,50,87,33.3%,290.8,158.7,132.1,0.65,0.38,1.11,1.94,283.6,154.8,128.8,0.63,0.37,1.09,1.89,83,117,1.85,2.61,1.80,2.54
,,,Joez,Prospect,Chimps,Planet of the Apes,Solar,34.8,554,41,0.330,0.341,14,27,11202,5850,5352,24,17,33,95,25.3%,268.1,140.0,128.1,0.57,0.41,0.79,2.27,273.2,142.7,130.5,0.59,0.41,0.80,2.32,77,121,1.84,2.90,1.88,2.95
,,,Gat0Rbait,Prospect,Mambas,The Serpents,Solar,34.3,731,55,0.327,0.309,17,38,16251,8650,7601,34,18,67,100,34.0%,294.8,156.9,137.9,0.62,0.33,1.22,1.81,295.5,157.3,138.2,0.62,0.33,1.22,1.82,98,156,1.78,2.83,1.78,2.84
,,,Lustlizard,Prospect,Sparks,Electric Mayhem,Lunar,34.2,333,25,0.478,0.520,13,12,7413,3900,3513,18,8,25,45,40.0%,295.2,155.3,139.9,0.72,0.32,1.00,1.79,296.5,156.0,140.5,0.72,0.32,1.00,1.80,49,52,1.95,2.07,1.96,2.08
,,,Dirtdawg12,Prospect,Isopods,The Abyss,Lunar,33.6,655,52,0.334,0.269,14,38,14222,7300,6922,24,16,63,95,25.3%,287.9,147.8,140.1,0.49,0.32,1.28,1.92,273.5,140.4,133.1,0.46,0.31,1.21,1.83,84,132,1.70,2.67,1.62,2.54
,,,Beeg Yoshi,Prospect,"Breadsticks
Dolphins","Fifty-Fifty Pizzeria
The Ocean",Lunar,32.6,562,40,0.492,0.500,20,20,11691,6330,5361,26,17,41,83,31.3%,275.9,149.4,126.5,0.61,0.40,0.97,1.96,292.3,158.3,134.0,0.65,0.43,1.03,2.08,96,98,2.27,2.31,2.40,2.45
,,,Kai.,Prospect,Gorgons,πολύ κεφάλη,Lunar,31.9,266,21,0.407,0.429,9,12,5853,2980,2873,8,7,30,33,24.2%,291.8,148.6,143.2,0.40,0.35,1.50,1.65,278.7,141.9,136.8,0.38,0.33,1.43,1.57,45,57,2.24,2.84,2.14,2.71
,,,Buckwild,Prospect,Chimps,Planet of the Apes,Solar,30.7,715,52,0.304,0.327,17,35,14908,7810,7098,26,18,65,106,24.5%,276.5,144.9,131.7,0.48,0.33,1.21,1.97,286.7,150.2,136.5,0.50,0.35,1.25,2.04,86,148,1.60,2.75,1.65,2.85
,,,Drip2Ez,Prospect,Isopods,The Abyss,Lunar,30.5,351,26,0.334,0.269,7,19,6989,3660,3329,15,10,22,56,26.8%,264.1,138.3,125.8,0.57,0.38,0.83,2.12,268.8,140.8,128.0,0.58,0.38,0.85,2.15,46,72,1.74,2.72,1.77,2.77
,,,Thomasuh,Prospect,Gorgons,πολύ κεφάλη,Lunar,29.4,59,6,0.577,0.667,4,2,1266,500,766,3,0,2,10,30.0%,284.6,112.4,172.2,0.67,0.00,0.45,2.25,211.0,83.3,127.7,0.50,0.00,0.33,1.67,11,9,2.47,2.02,1.83,1.50
,,,Vartonex,Prospect,"Mambas
Pioneer","The Serpents
Mission Control",Solar,28.4,426,33,0.331,0.333,11,22,8509,4400,4109,17,13,29,60,28.3%,264.9,137.0,127.9,0.53,0.40,0.90,1.87,257.8,133.3,124.5,0.52,0.39,0.88,1.82,60,94,1.87,2.93,1.82,2.85
,,,Shooter12133,Prospect,Do Re Migos,The Jukebox,Lunar,28.2,258,19,0.563,0.632,12,7,5087,3020,2067,11,11,21,32,34.4%,261.5,155.2,106.2,0.57,0.57,1.08,1.64,267.7,158.9,108.8,0.58,0.58,1.11,1.68,46,39,2.36,2.00,2.42,2.05
,,,Beyond Teddie,Prospect,"Dolphins
Breadsticks","The Ocean
Fifty-Fifty Pizzeria",Lunar,27.6,365,29,0.360,0.379,11,18,8076,4660,3416,18,8,41,41,43.9%,293.4,169.3,124.1,0.65,0.29,1.49,1.49,278.5,160.7,117.8,0.62,0.28,1.41,1.41,51,74,1.85,2.69,1.76,2.55
,,,Bak3R,Prospect,Ravagers,The Swarm,Solar,27.1,110,9,0.375,0.444,4,5,2381,1210,1171,5,3,9,11,45.5%,287.1,145.9,141.2,0.60,0.36,1.09,1.33,264.6,134.4,130.1,0.56,0.33,1.00,1.22,15,21,1.81,2.53,1.67,2.33
,,,Itsdapperdyl,Prospect,Chimps,Planet of the Apes,Solar,26.6,330,25,0.242,0.320,8,17,6965,3220,3745,14,6,22,42,33.3%,279.9,129.4,150.5,0.56,0.24,0.88,1.69,278.6,128.8,149.8,0.56,0.24,0.88,1.68,35,74,1.41,2.97,1.40,2.96
,,,Anomaly,Prospect,Snow Owls,Polar Vortex,Lunar,25.5,530,40,0.435,0.425,17,23,10438,5710,4728,23,16,38,71,32.4%,261.2,142.9,118.3,0.58,0.40,0.95,1.78,261.0,142.8,118.2,0.58,0.40,0.95,1.78,88,104,2.20,2.60,2.20,2.60
,,,Lukemac18,Prospect,Air Buds,Dog Pound,Solar,25.3,528,44,0.379,0.341,15,29,10004,4900,5104,18,23,27,60,30.0%,251.3,123.1,128.2,0.45,0.58,0.68,1.51,227.4,111.4,116.0,0.41,0.52,0.61,1.36,81,111,2.03,2.79,1.84,2.52
,,,Heiz.,Prospect,Dolphins,The Ocean,Solar,24.7,51,4,0.221,0.250,1,3,1066,590,476,2,0,6,9,22.2%,277.2,153.4,123.8,0.52,0.00,1.56,2.34,266.5,147.5,119.0,0.50,0.00,1.50,2.25,7,15,1.82,3.90,1.75,3.75
,,,Ricostealth,Prospect,"Do Re Migos
Compost Bins","The Jukebox
Waste Management",Lunar,24.1,529,40,0.406,0.350,14,26,10404,5510,4894,22,12,39,76,28.9%,260.8,138.1,122.7,0.55,0.30,0.98,1.91,260.1,137.8,122.4,0.55,0.30,0.98,1.90,73,94,1.83,2.36,1.83,2.35
,,,Munski,Prospect,Isopods,The Abyss,Lunar,23.7,115,10,0.318,0.200,2,8,2389,1010,1379,4,3,7,11,36.4%,275.5,116.5,159.0,0.46,0.35,0.81,1.27,238.9,101.0,137.9,0.40,0.30,0.70,1.10,16,26,1.85,3.00,1.60,2.60
,,,Rum,Prospect,Snow Owls,Polar Vortex,Lunar,23.3,518,41,0.449,0.439,18,23,9606,5150,4456,24,14,25,80,30.0%,245.9,131.8,114.1,0.61,0.36,0.64,2.05,234.3,125.6,108.7,0.59,0.34,0.61,1.95,85,97,2.18,2.48,2.07,2.37
,,,Biggz1313,Prospect,Dolphins,The Ocean,Solar,21.4,391,31,0.293,0.323,10,21,7666,3900,3766,14,13,29,40,35.0%,260.0,132.3,127.7,0.47,0.44,0.98,1.36,247.3,125.8,121.5,0.45,0.42,0.94,1.29,56,97,1.90,3.29,1.81,3.13
,,,Prem1X,Prospect,"Sparks
Dolphins
Gallimimus","Electric Mayhem
The Ocean
Dino Park",Solar,18.0,222,17,0.330,0.471,8,9,4370,2050,2320,9,4,14,25,36.0%,261.0,122.5,138.6,0.54,0.24,0.84,1.49,257.1,120.6,136.5,0.53,0.24,0.82,1.47,29,46,1.73,2.75,1.71,2.71
,,,Rkr,Prospect,Mambas,The Serpents,Solar,15.0,375,28,0.312,0.214,6,22,6984,3910,3074,15,10,30,41,36.6%,247.0,138.3,108.7,0.53,0.35,1.06,1.45,249.4,139.6,109.8,0.54,0.36,1.07,1.46,50,83,1.77,2.94,1.79,2.96
,,,Xblaze Dat Assx,Prospect,"Pickles
Mambas","The Garden
The Serpents",Solar,14.3,466,35,0.285,0.229,8,27,8588,4310,4278,10,12,44,51,19.6%,244.4,122.7,121.7,0.28,0.34,1.25,1.45,245.4,123.1,122.2,0.29,0.34,1.26,1.46,58,105,1.65,2.99,1.66,3.00
,,,Maxox,Prospect,Gallimimus,Dino Park,Solar,11.8,49,3,0.375,0.333,1,2,928,470,458,2,0,4,7,28.6%,251.2,127.2,124.0,0.54,0.00,1.08,1.89,309.3,156.7,152.7,0.67,0.00,1.33,2.33,8,11,2.17,2.98,2.67,3.67
,,,Neatcheapshot,Prospect,Gorgons,πολύ κεφάλη,Lunar,2.0,143,10,0.380,0.400,4,6,2506,1250,1256,4,3,12,10,40.0%,232.4,115.9,116.5,0.37,0.28,1.11,0.93,250.6,125.0,125.6,0.40,0.30,1.20,1.00,26,35,2.41,3.25,2.60,3.50
,,,Bsye375,Prospect,Mambas,The Serpents,Solar,-4.9,56,4,0.370,0.500,2,2,907,280,627,1,1,2,3,33.3%,214.8,66.3,148.5,0.24,0.24,0.47,0.71,226.8,70.0,156.8,0.25,0.25,0.50,0.75,7,10,1.66,2.37,1.75,2.50
,,,Frank Tartare,Prospect,Dolphins,The Ocean,Solar,-21.4,43,4,0.120,0.000,0,4,588,230,358,1,0,2,3,33.3%,181.3,70.9,110.4,0.31,0.00,0.62,0.93,147.0,57.5,89.5,0.25,0.00,0.50,0.75,5,16,1.54,4.93,1.25,4.00
,,,Adverse,Premier,Chargers,Electric Mayhem,Lunar,92.8,899,51,0.567,0.608,31,20,25138,15170,9968,68,42,85,202,33.7%,445.9,269.1,176.8,1.21,0.74,1.51,3.58,492.9,297.5,195.5,1.33,0.82,1.67,3.96,154,130,2.73,2.31,3.02,2.55
,,,Gatman,Premier,Nukes,Fallout Shelter,Solar,81.2,820,52,0.487,0.519,27,25,21800,12760,9040,53,39,78,161,32.9%,423.9,248.1,175.8,1.03,0.76,1.52,3.13,419.2,245.4,173.8,1.02,0.75,1.50,3.10,122,126,2.37,2.45,2.35,2.42
,,,Bits,Premier,Aces,House of Cards,Lunar,78.5,889,56,0.541,0.536,30,26,22935,12490,10445,48,42,77,174,27.6%,411.4,224.0,187.3,0.86,0.75,1.38,3.12,409.6,223.0,186.5,0.86,0.75,1.38,3.11,139,125,2.49,2.24,2.48,2.23
,,,Gumbachi,Premier,Wheelchairs,The Quad Dynasty,Solar,69.9,783,50,0.583,0.500,25,25,19829,11620,8209,47,35,75,142,33.1%,403.8,236.6,167.2,0.96,0.71,1.53,2.89,396.6,232.4,164.2,0.94,0.70,1.50,2.84,123,99,2.50,2.02,2.46,1.98
,,,Deluxe,Premier,Metal,The Elements,Lunar,69.8,635,43,0.467,0.558,24,19,15921,9460,6461,40,21,59,146,27.4%,399.8,237.5,162.2,1.00,0.53,1.48,3.67,370.3,220.0,150.3,0.93,0.49,1.37,3.40,92,100,2.31,2.51,2.14,2.33
,,,Jimmylikebeans,Premier,Garbage Trucks,Waste Management,Solar,68.9,967,60,0.410,0.367,22,38,25234,14440,10794,48,33,120,199,24.1%,416.1,238.1,178.0,0.79,0.54,1.98,3.28,420.6,240.7,179.9,0.80,0.55,2.00,3.32,120,152,1.98,2.51,2.00,2.53
,,,Neb,Premier,Oathbreakers,Middle Earth,Lunar,68.7,658,44,0.440,0.409,18,26,17241,9790,7451,41,24,67,114,36.0%,417.8,237.2,180.6,0.99,0.58,1.62,2.76,391.8,222.5,169.3,0.93,0.55,1.52,2.59,82,96,1.99,2.33,1.86,2.18
,,,Venators,Premier,"Nukes
Demon-Os","Fallout Shelter
Spooky Breakfast Gang",Solar,64.4,523,34,0.559,0.706,24,10,12530,6980,5550,25,22,47,103,24.3%,382.0,212.8,169.2,0.76,0.67,1.43,3.14,368.5,205.3,163.2,0.74,0.65,1.38,3.03,77,66,2.35,2.01,2.26,1.94
,,,Ryzai,Premier,Demon-Os,Spooky Breakfast Gang,Solar,64.4,464,28,0.500,0.536,15,13,11293,6040,5253,25,18,36,84,29.8%,388.1,207.6,180.5,0.86,0.62,1.24,2.89,403.3,215.7,187.6,0.89,0.64,1.29,3.00,65,65,2.23,2.23,2.32,2.32
,,,Etchedtree,Premier,Orochii,πολύ κεφάλη,Lunar,63.1,661,40,0.508,0.550,22,18,15884,9300,6584,34,33,63,110,30.9%,383.2,224.3,158.8,0.82,0.80,1.52,2.65,397.1,232.5,164.6,0.85,0.83,1.58,2.75,103,101,2.48,2.44,2.58,2.53
,,,Southpaw,Premier,Demon-Os,Spooky Breakfast Gang,Solar,62.8,816,52,0.558,0.596,31,21,20120,11330,8790,44,31,78,148,29.7%,393.2,221.4,171.8,0.86,0.61,1.52,2.89,386.9,217.9,169.0,0.85,0.60,1.50,2.85,121,104,2.36,2.03,2.33,2.00
,,,Oni,Premier,Wheelchairs,The Quad Dynasty,Solar,61.2,858,54,0.590,0.519,28,26,20183,11130,9053,43,36,69,158,27.2%,375.1,206.8,168.2,0.80,0.67,1.28,2.94,373.8,206.1,167.6,0.80,0.67,1.28,2.93,139,110,2.58,2.04,2.57,2.04
,,,Vitali.,Premier,Orochii,πολύ κεφάλη,Lunar,59.7,647,38,0.469,0.447,17,21,15595,9250,6345,39,28,58,105,37.1%,384.3,228.0,156.4,0.96,0.69,1.43,2.59,410.4,243.4,167.0,1.03,0.74,1.53,2.76,97,105,2.39,2.59,2.55,2.76
,,,Ls,Premier,Aces,House of Cards,Lunar,56.1,456,28,0.648,0.679,19,9,9943,6000,3943,24,24,32,80,30.0%,347.7,209.8,137.9,0.84,0.84,1.12,2.80,355.1,214.3,140.8,0.86,0.86,1.14,2.86,80,54,2.80,1.89,2.86,1.93
,,,Zeke,Premier,Hurricanes,Storm,Solar,53.6,694,43,0.524,0.558,24,19,15657,8780,6877,34,24,56,138,24.6%,359.7,201.7,158.0,0.78,0.55,1.29,3.17,364.1,204.2,159.9,0.79,0.56,1.30,3.21,100,94,2.30,2.16,2.33,2.19
,,,Cearu,Premier,Demon-Os,Spooky Breakfast Gang,Solar,53.3,560,36,0.554,0.583,21,15,13854,8010,5844,26,20,71,86,30.2%,394.5,228.1,166.4,0.74,0.57,2.02,2.45,384.8,222.5,162.3,0.72,0.56,1.97,2.39,83,72,2.36,2.05,2.31,2.00
,,,Dirtyeagle56,Premier,Metal,The Elements,Lunar,52.6,638,43,0.476,0.581,25,18,14372,7870,6502,32,28,46,97,33.0%,359.2,196.7,162.5,0.80,0.70,1.15,2.42,334.2,183.0,151.2,0.74,0.65,1.07,2.26,95,101,2.37,2.52,2.21,2.35
,,,Bismarck,Premier,Hurricanes,Storm,Solar,51.5,492,32,0.540,0.625,20,12,11107,6520,4587,29,18,37,87,33.3%,360.0,211.3,148.7,0.94,0.58,1.20,2.82,347.1,203.8,143.3,0.91,0.56,1.16,2.72,71,64,2.30,2.07,2.22,2.00
,,,Bjax,Premier,Chargers,Electric Mayhem,Lunar,51.2,795,45,0.567,0.644,29,16,18805,10770,8035,48,28,68,117,41.0%,377.2,216.0,161.2,0.96,0.56,1.36,2.35,417.9,239.3,178.6,1.07,0.62,1.51,2.60,133,112,2.67,2.25,2.96,2.49
,,,El Diablo Rojo,Premier,Aces,House of Cards,Lunar,48.3,305,20,0.536,0.500,10,10,6894,4000,2894,14,12,30,50,28.0%,360.4,209.1,151.3,0.73,0.63,1.57,2.61,344.7,200.0,144.7,0.70,0.60,1.50,2.50,45,41,2.35,2.14,2.25,2.05
,,,Robo,Premier,"Garbage Trucks
Chargers
Nukes","Waste Management
Electric Mayhem
Fallout Shelter",Solar,48.0,521,32,0.495,0.438,14,18,12036,6700,5336,23,19,53,80,28.8%,368.4,205.1,163.3,0.70,0.58,1.62,2.45,376.1,209.4,166.8,0.72,0.59,1.66,2.50,76,77,2.33,2.36,2.38,2.41
,,,Canadiyan.,Premier,Wheelchairs,The Quad Dynasty,Solar,46.4,918,58,0.555,0.466,27,31,19884,11360,8524,42,38,75,151,27.8%,345.4,197.3,148.1,0.73,0.66,1.30,2.62,342.8,195.9,147.0,0.72,0.66,1.29,2.60,143,124,2.48,2.15,2.47,2.14
,,,Volts,Premier,Hurricanes,Storm,Solar,45.8,561,35,0.546,0.600,21,14,12047,6730,5317,25,20,44,103,24.3%,342.4,191.3,151.1,0.71,0.57,1.25,2.93,344.2,192.3,151.9,0.71,0.57,1.26,2.94,79,70,2.25,1.99,2.26,2.00
,,,Seb,Premier,Aces,House of Cards,Lunar,45.7,905,56,0.558,0.536,30,26,20524,11850,8674,55,18,73,180,30.6%,361.6,208.8,152.8,0.97,0.32,1.29,3.17,366.5,211.6,154.9,0.98,0.32,1.30,3.21,144,124,2.54,2.18,2.57,2.21
,,,Sparcnova,Premier,Garbage Trucks,Waste Management,Solar,44.0,534,33,0.582,0.515,17,16,11430,6600,4830,32,18,32,90,35.6%,341.3,197.1,144.2,0.96,0.54,0.96,2.69,346.4,200.0,146.4,0.97,0.55,0.97,2.73,82,66,2.45,1.97,2.48,2.00
,,,Jpablo,Premier,Orochii,πολύ κεφάλη,Lunar,44.0,685,41,0.500,0.512,21,20,15288,8660,6628,31,26,65,101,30.7%,355.9,201.6,154.3,0.72,0.61,1.51,2.35,372.9,211.2,161.7,0.76,0.63,1.59,2.46,109,109,2.54,2.54,2.66,2.66
,,,Twst,Premier,Nukes,Fallout Shelter,Solar,43.9,284,19,0.466,0.421,8,11,6348,3450,2898,14,10,23,40,35.0%,356.4,193.7,162.7,0.79,0.56,1.29,2.25,334.1,181.6,152.5,0.74,0.53,1.21,2.11,45,49,2.53,2.75,2.37,2.58
,,,Lmc,Premier,"Wheelchairs
Hurricanes","The Quad Dynasty
Storm",Solar,42.0,634,38,0.545,0.526,20,18,13744,7760,5984,32,20,50,106,30.2%,345.7,195.2,150.5,0.80,0.50,1.26,2.67,361.7,204.2,157.5,0.84,0.53,1.32,2.79,100,89,2.52,2.24,2.63,2.34
,,,Speedyy,Premier,Wheelchairs,The Quad Dynasty,Solar,41.4,178,11,0.456,0.273,3,8,3809,2030,1779,8,6,13,28,28.6%,341.2,181.8,159.4,0.72,0.54,1.16,2.51,346.3,184.5,161.7,0.73,0.55,1.18,2.55,25,28,2.24,2.51,2.27,2.55
,,,Luckky,Premier,Oathbreakers,Middle Earth,Lunar,40.1,655,42,0.430,0.381,16,26,14644,7850,6794,22,22,72,95,23.2%,356.5,191.1,165.4,0.54,0.54,1.75,2.31,348.7,186.9,161.8,0.52,0.52,1.71,2.26,77,93,1.87,2.26,1.83,2.21
,,,Se7En,Premier,Chargers,Electric Mayhem,Lunar,38.1,451,25,0.570,0.600,15,10,9357,5590,3767,19,23,40,54,35.2%,330.8,197.6,133.2,0.67,0.81,1.41,1.91,374.3,223.6,150.7,0.76,0.92,1.60,2.16,81,68,2.86,2.40,3.24,2.72
,,,Jackbo,Premier,Chargers,Electric Mayhem,Lunar,36.9,70,4,0.697,0.500,2,2,1549,940,609,5,2,5,9,55.6%,352.8,214.1,138.7,1.14,0.46,1.14,2.05,387.3,235.0,152.3,1.25,0.50,1.25,2.25,15,9,3.42,2.05,3.75,2.25
,,,Fishingrl,Premier,Demon-Os,Spooky Breakfast Gang,Solar,35.6,66,4,0.680,0.500,2,2,1375,860,515,4,2,5,11,36.4%,332.2,207.8,124.4,0.97,0.48,1.21,2.66,343.8,215.0,128.8,1.00,0.50,1.25,2.75,10,6,2.42,1.45,2.50,1.50
,,,Dribbs,Premier,"Nukes
Demon-Os","Fallout Shelter
Spooky Breakfast Gang",Solar,32.6,125,8,0.521,0.500,4,4,2489,1460,1029,6,4,9,21,28.6%,317.5,186.2,131.3,0.77,0.51,1.15,2.68,311.1,182.5,128.6,0.75,0.50,1.13,2.63,19,18,2.42,2.30,2.38,2.25
,,,Stryyk3R,Premier,Chargers,Electric Mayhem,Lunar,31.3,620,36,0.534,0.556,20,16,12117,6520,5597,19,27,49,82,23.2%,311.6,167.7,143.9,0.49,0.69,1.26,2.11,336.6,181.1,155.5,0.53,0.75,1.36,2.28,95,87,2.44,2.24,2.64,2.42
,,,Timbo,Premier,Nukes,Fallout Shelter,Solar,30.1,160,11,0.483,0.636,7,4,2900,1690,1210,5,8,11,24,20.8%,289.0,168.4,120.6,0.50,0.80,1.10,2.39,263.6,153.6,110.0,0.45,0.73,1.00,2.18,22,23,2.19,2.29,2.00,2.09
,,,Whitebark,Premier,Nukes,Fallout Shelter,Solar,29.7,567,36,0.441,0.417,15,21,11849,6990,4859,25,19,56,74,33.8%,333.2,196.6,136.6,0.70,0.53,1.57,2.08,329.1,194.2,135.0,0.69,0.53,1.56,2.06,80,93,2.25,2.62,2.22,2.58
,,,Sersero,Premier,Metal,The Elements,Lunar,29.1,274,18,0.641,0.778,14,4,5392,3120,2272,13,10,19,37,35.1%,313.8,181.6,132.2,0.76,0.58,1.11,2.15,299.6,173.3,126.2,0.72,0.56,1.06,2.06,53,37,3.08,2.15,2.94,2.06
,,,Jarl,Premier,Garbage Trucks,Waste Management,Solar,27.4,828,52,0.415,0.365,19,33,16345,8490,7855,27,27,66,114,23.7%,314.8,163.5,151.3,0.52,0.52,1.27,2.20,314.3,163.3,151.1,0.52,0.52,1.27,2.19,104,130,2.00,2.50,2.00,2.50
,,,Mako,Premier,Demon-Os,Spooky Breakfast Gang,Solar,26.9,358,24,0.568,0.625,15,9,6942,3700,3242,13,12,26,50,26.0%,309.2,164.8,144.4,0.58,0.53,1.16,2.23,289.3,154.2,135.1,0.54,0.50,1.08,2.08,55,46,2.45,2.05,2.29,1.92
,,,Snappy,Premier,Oathbreakers,Middle Earth,Lunar,26.1,746,49,0.406,0.367,18,31,15414,8480,6934,15,27,94,93,16.1%,329.5,181.3,148.2,0.32,0.58,2.01,1.99,314.6,173.1,141.5,0.31,0.55,1.92,1.90,88,113,1.88,2.42,1.80,2.31
,,,Tyty,Premier,Oathbreakers,Middle Earth,Lunar,25.6,300,20,0.438,0.350,7,13,6234,3290,2944,12,7,27,39,30.8%,331.3,174.9,156.5,0.64,0.37,1.44,2.07,311.7,164.5,147.2,0.60,0.35,1.35,1.95,32,38,1.70,2.02,1.60,1.90
,,,Atokad,Premier,Metal,The Elements,Lunar,25.2,200,15,0.309,0.467,7,8,3961,1940,2021,6,5,16,29,20.7%,315.8,154.7,161.1,0.48,0.40,1.28,2.31,264.1,129.3,134.7,0.40,0.33,1.07,1.93,20,34,1.59,2.71,1.33,2.27
,,,Grass(Change),Premier,Oathbreakers,Middle Earth,Lunar,23.0,138,9,0.225,0.111,1,8,2905,1570,1335,7,1,12,22,31.8%,335.7,181.4,154.3,0.81,0.12,1.39,2.54,322.8,174.4,148.3,0.78,0.11,1.33,2.44,11,25,1.27,2.89,1.22,2.78
,,,Owlet,Premier,Orochii,πολύ κεφάλη,Lunar,22.8,560,34,0.347,0.353,12,22,11418,6420,4998,21,11,58,87,24.1%,325.1,182.8,142.3,0.60,0.31,1.65,2.48,335.8,188.8,147.0,0.62,0.32,1.71,2.56,66,99,1.88,2.82,1.94,2.91
,,,Spinch,Premier,Nukes,Fallout Shelter,Solar,22.3,57,4,0.313,0.500,2,2,1112,510,602,1,2,5,6,16.7%,311.1,142.7,168.4,0.28,0.56,1.40,1.68,278.0,127.5,150.5,0.25,0.50,1.25,1.50,6,10,1.68,2.80,1.50,2.50
,,,Neb♡,Premier,Oathbreakers,Middle Earth,Lunar,21.7,53,4,0.200,0.000,0,4,1076,470,606,1,1,5,7,14.3%,323.7,141.4,182.3,0.30,0.30,1.50,2.11,269.0,117.5,151.5,0.25,0.25,1.25,1.75,4,10,1.20,3.01,1.00,2.50
,,,Jsnoop,Premier,Garbage Trucks,Waste Management,Solar,17.3,197,12,0.254,0.083,1,11,3531,1730,1801,4,6,15,28,14.3%,285.8,140.0,145.8,0.32,0.49,1.21,2.27,294.3,144.2,150.1,0.33,0.50,1.25,2.33,19,38,1.54,3.08,1.58,3.17
,,,Unexpected,Premier,Metal,The Elements,Lunar,16.5,323,22,0.324,0.364,8,14,6201,2890,3311,7,9,28,34,20.6%,306.1,142.7,163.5,0.35,0.44,1.38,1.68,281.9,131.4,150.5,0.32,0.41,1.27,1.55,34,55,1.68,2.72,1.55,2.50
,,,Namdorin,Premier,Aces,House of Cards,Lunar,12.0,260,16,0.400,0.313,5,11,4304,2460,1844,7,11,18,31,22.6%,264.0,150.9,113.1,0.43,0.67,1.10,1.90,269.0,153.8,115.3,0.44,0.69,1.13,1.94,34,44,2.09,2.70,2.13,2.75
,,,Classé,Premier,Demon-Os,Spooky Breakfast Gang,Solar,10.6,66,4,0.369,0.500,2,2,1073,530,543,0,3,6,8,0.0%,259.2,128.0,131.2,0.00,0.72,1.45,1.93,268.3,132.5,135.8,0.00,0.75,1.50,2.00,7,10,1.69,2.42,1.75,2.50
,,,Heatfan007,Premier,Garbage Trucks,Waste Management,Solar,5.5,103,7,0.160,0.286,2,5,1957,1050,907,3,2,11,10,30.0%,303.0,162.5,140.4,0.46,0.31,1.70,1.55,279.6,150.0,129.6,0.43,0.29,1.57,1.43,8,23,1.24,3.56,1.14,3.29
,,,Croph,Premier,Aces,House of Cards,Lunar,2.6,50,4,0.330,0.500,2,2,826,360,466,1,1,3,6,16.7%,263.4,114.8,148.6,0.32,0.32,0.96,1.91,206.5,90.0,116.5,0.25,0.25,0.75,1.50,5,8,1.59,2.55,1.25,2.00
,,,Ogkrish,Premier,Garbage Trucks,Waste Management,Solar,-31.6,139,8,0.381,0.375,3,5,1724,930,794,2,2,10,13,15.4%,197.8,106.7,91.1,0.23,0.23,1.15,1.49,215.5,116.3,99.3,0.25,0.25,1.25,1.63,16,22,1.84,2.52,2.00,2.75
,,,Stemantics,Premier,Garbage Trucks,Waste Management,Solar,-37.2,68,4,0.048,0.000,0,4,967,450,517,0,0,8,5,0.0%,226.8,105.5,121.2,0.00,0.00,1.88,1.17,241.8,112.5,129.3,0.00,0.00,2.00,1.25,2,15,0.47,3.52,0.50,3.75
,,,Fantasy,Minor,Versace,High Class,Lunar,149.0,41,4,0.752,0.750,3,1,1628,920,708,6,2,2,12,50.0%,562.1,317.7,244.5,2.07,0.69,0.69,4.14,407.0,230.0,177.0,1.50,0.50,0.50,3.00,10,5,3.45,1.73,2.50,1.25
,,,Kar,Minor,Fire,The Elements,Lunar,96.0,417,33,0.576,0.606,20,13,12268,7110,5158,35,24,29,96,36.5%,416.5,241.4,175.1,1.19,0.81,0.98,3.26,371.8,215.5,156.3,1.06,0.73,0.88,2.91,79,65,2.68,2.21,2.39,1.97
,,,Pandamazing9695,Minor,Ospreys,Birds of Prey,Solar,90.1,61,4,0.428,0.500,2,2,1939,1170,769,6,2,7,12,50.0%,450.0,271.5,178.5,1.39,0.46,1.62,2.78,484.8,292.5,192.3,1.50,0.50,1.75,3.00,10,12,2.32,2.78,2.50,3.00
,,,Haybails19,Minor,Carrots,The Garden,Lunar,89.0,773,56,0.682,0.696,39,17,22945,13420,9525,67,30,69,177,37.9%,420.2,245.8,174.4,1.23,0.55,1.26,3.24,409.7,239.6,170.1,1.20,0.54,1.23,3.16,157,96,2.88,1.76,2.80,1.71
,,,Odell,Minor,Trashbags,Waste Management,Solar,86.8,724,52,0.760,0.827,43,9,19964,12170,7794,60,44,48,157,38.2%,390.4,238.0,152.4,1.17,0.86,0.94,3.07,383.9,234.0,149.9,1.15,0.85,0.92,3.02,158,75,3.09,1.47,3.04,1.44
,,,Llama.,Minor,Skull and Bones,The Order,Lunar,86.6,844,60,0.620,0.567,34,26,24249,14170,10079,66,45,72,172,38.4%,406.7,237.7,169.1,1.11,0.75,1.21,2.88,404.2,236.2,168.0,1.10,0.75,1.20,2.87,164,120,2.75,2.01,2.73,2.00
,,,Reag,Minor,Vikings,The Sovereign,Lunar,85.9,186,14,0.585,0.643,9,5,5260,2710,2550,11,11,14,36,30.6%,400.3,206.3,194.1,0.84,0.84,1.07,2.74,375.7,193.6,182.1,0.79,0.79,1.00,2.57,36,29,2.74,2.21,2.57,2.07
,,,Mogger,Minor,Trashbags,Waste Management,Solar,82.4,777,54,0.777,0.870,47,7,21986,13180,8806,57,42,78,148,38.5%,400.6,240.1,160.4,1.04,0.77,1.42,2.70,407.1,244.1,163.1,1.06,0.78,1.44,2.74,164,72,2.99,1.31,3.04,1.33
,,,Andrew.,Minor,Hammerheads,Shark Attack,Solar,82.1,883,62,0.668,0.726,45,17,23389,13550,9839,50,59,76,180,27.8%,375.0,217.2,157.7,0.80,0.95,1.22,2.89,377.2,218.5,158.7,0.81,0.95,1.23,2.90,180,115,2.89,1.84,2.90,1.85
,,,Shanerbaner,Minor,Hammerheads,Shark Attack,Solar,81.0,830,58,0.666,0.724,42,16,22699,13500,9199,62,41,69,180,34.4%,387.1,230.3,156.9,1.06,0.70,1.18,3.07,391.4,232.8,158.6,1.07,0.71,1.19,3.10,164,105,2.80,1.79,2.83,1.81
,,,Kumaneko,Minor,Anglers,The Abyss,Lunar,79.2,867,62,0.646,0.645,40,22,24384,13880,10504,67,41,70,163,41.1%,398.1,226.6,171.5,1.09,0.67,1.14,2.66,393.3,223.9,169.4,1.08,0.66,1.13,2.63,176,120,2.87,1.96,2.84,1.94
,,,Jimjam,Minor,"House Lannister
Thin Mints","Houses of Westeros
Minty Fresh",Solar,78.3,464,36,0.523,0.528,19,17,12727,7760,4967,41,19,34,101,40.6%,388.3,236.8,151.5,1.25,0.58,1.04,3.08,353.5,215.6,138.0,1.14,0.53,0.94,2.81,88,83,2.68,2.53,2.44,2.31
,,,Level 76 Metapod,Minor,Anglers,The Abyss,Lunar,77.3,900,64,0.632,0.641,41,23,23698,14110,9588,59,54,75,176,33.5%,372.7,221.9,150.8,0.93,0.85,1.18,2.77,370.3,220.5,149.8,0.92,0.84,1.17,2.75,179,127,2.82,2.00,2.80,1.98
,,,Jbomb!,Minor,Infestors,The Swarm,Solar,75.7,872,62,0.526,0.516,32,30,23945,13150,10795,56,30,83,190,29.5%,388.7,213.5,175.2,0.91,0.49,1.35,3.08,386.2,212.1,174.1,0.90,0.48,1.34,3.06,139,130,2.26,2.11,2.24,2.10
,,,Sock Hop,Minor,"Taipans
Surge","The Serpents
Electric Mayhem",Solar,75.1,96,8,0.716,0.750,6,2,2680,1530,1150,6,4,11,18,33.3%,395.2,225.6,169.6,0.88,0.59,1.62,2.65,335.0,191.3,143.8,0.75,0.50,1.38,2.25,20,11,2.95,1.62,2.50,1.38
,,,Soulmac,Minor,The Incredibles,The Comic Crusaders,Solar,74.7,539,37,0.630,0.649,24,13,14687,9250,5437,46,18,51,120,38.3%,385.7,242.9,142.8,1.21,0.47,1.34,3.15,396.9,250.0,146.9,1.24,0.49,1.38,3.24,99,70,2.60,1.84,2.68,1.89
,,,Typhon.,Minor,Blizzards,Storm,Solar,73.8,22,1,0.391,0.000,0,1,604,390,214,2,1,2,4,50.0%,388.7,251.0,137.7,1.29,0.64,1.29,2.57,604.0,390.0,214.0,2.00,1.00,2.00,4.00,3,4,1.93,2.57,3.00,4.00
,,,Shadowaid,Minor,Dire Wolves,Polar Vortex,Lunar,73.4,577,39,0.613,0.667,26,13,15204,8860,6344,34,32,56,106,32.1%,373.0,217.4,155.6,0.83,0.79,1.37,2.60,389.8,227.2,162.7,0.87,0.82,1.44,2.72,110,82,2.70,2.01,2.82,2.10
,,,Hudx,Minor,Draconis,πολύ κεφάλη,Lunar,73.0,14,1,0.344,0.000,0,1,360,170,190,1,1,0,2,50.0%,364.0,171.9,192.1,1.01,1.01,0.00,2.02,360.0,170.0,190.0,1.00,1.00,0.00,2.00,2,3,2.02,3.03,2.00,3.00
,,,Dirtydan6969,Minor,Taipans,The Serpents,Solar,71.9,623,43,0.496,0.512,22,21,17315,9640,7675,45,20,59,119,37.8%,393.4,219.0,174.4,1.02,0.45,1.34,2.70,402.7,224.2,178.5,1.05,0.47,1.37,2.77,106,107,2.41,2.43,2.47,2.49
,,,Far,Minor,Artemis,Mission Control,Solar,71.8,897,64,0.536,0.578,37,27,24786,14270,10516,62,29,97,177,35.0%,391.2,225.2,166.0,0.98,0.46,1.53,2.79,387.3,223.0,164.3,0.97,0.45,1.52,2.77,142,129,2.24,2.04,2.22,2.02
,,,Void. (Change),Minor,Uruks,Middle Earth,Lunar,68.3,717,52,0.579,0.596,31,21,18325,10970,7355,53,32,53,142,37.3%,361.8,216.6,145.2,1.05,0.63,1.05,2.80,352.4,211.0,141.4,1.02,0.62,1.02,2.73,136,111,2.69,2.19,2.62,2.13
,,,Grillied,Minor,Trashbags,Waste Management,Solar,67.9,655,47,0.738,0.787,37,10,16584,9390,7194,45,30,42,129,34.9%,358.4,202.9,155.5,0.97,0.65,0.91,2.79,352.9,199.8,153.1,0.96,0.64,0.89,2.74,142,73,3.07,1.58,3.02,1.55
,,,Ryryboltwrap,Minor,Jacks,House of Cards,Lunar,67.7,694,50,0.456,0.460,23,27,18524,10540,7984,40,24,80,134,29.9%,377.9,215.0,162.9,0.82,0.49,1.63,2.73,370.5,210.8,159.7,0.80,0.48,1.60,2.68,97,109,1.98,2.22,1.94,2.18
,,,Frostybrew,Minor,Versace,High Class,Lunar,66.3,842,64,0.511,0.563,36,28,21767,11830,9937,50,34,71,158,31.6%,366.0,198.9,167.1,0.84,0.57,1.19,2.66,340.1,184.8,155.3,0.78,0.53,1.11,2.47,148,144,2.49,2.42,2.31,2.25
,,,Gavinator,Minor,Gravity,The Cosmos,Lunar,66.0,806,56,0.613,0.589,33,23,21100,12070,9030,57,37,64,132,43.2%,370.6,212.0,158.6,1.00,0.65,1.12,2.32,376.8,215.5,161.3,1.02,0.66,1.14,2.36,152,113,2.67,1.98,2.71,2.02
,,,Wusten,Minor,Vikings,The Sovereign,Lunar,66.0,634,43,0.664,0.674,29,14,16493,9180,7313,36,31,60,103,35.0%,368.3,205.0,163.3,0.80,0.69,1.34,2.30,383.6,213.5,170.1,0.84,0.72,1.40,2.40,127,82,2.84,1.83,2.95,1.91
,,,Artagan,Minor,Labradoodles,Dog Pound,Solar,65.8,575,40,0.496,0.425,17,23,15707,9310,6397,45,15,60,106,42.5%,386.7,229.2,157.5,1.11,0.37,1.48,2.61,392.7,232.8,159.9,1.13,0.38,1.50,2.65,89,90,2.19,2.22,2.23,2.25
,,,Lordmaccus,Minor,Blizzards,Storm,Solar,65.4,793,57,0.570,0.509,29,28,19614,11240,8374,49,34,60,164,29.9%,350.1,200.7,149.5,0.87,0.61,1.07,2.93,344.1,197.2,146.9,0.86,0.60,1.05,2.88,129,107,2.30,1.91,2.26,1.88
,,,Gengar,Minor,Taipans,The Serpents,Solar,65.3,770,54,0.509,0.556,30,24,19635,10630,9005,43,29,67,153,28.1%,361.0,195.4,165.6,0.79,0.53,1.23,2.81,363.6,196.9,166.8,0.80,0.54,1.24,2.83,129,126,2.37,2.32,2.39,2.33
,,,Biggins,Minor,Flailers,The Quad Dynasty,Solar,65.2,689,51,0.610,0.608,31,20,17579,9880,7699,45,29,53,128,35.2%,361.2,203.0,158.2,0.92,0.60,1.09,2.63,344.7,193.7,151.0,0.88,0.57,1.04,2.51,128,96,2.63,1.97,2.51,1.88
,,,Bmorr,Minor,"Chicken Parm
Swordfish","Fifty-Fifty Pizzeria
The Ocean",Lunar,65.1,646,49,0.449,0.469,23,26,16804,8240,8564,27,22,64,124,21.8%,368.2,180.6,187.7,0.59,0.48,1.40,2.72,342.9,168.2,174.8,0.55,0.45,1.31,2.53,90,103,1.97,2.26,1.84,2.10
,,,𝐋𝐮𝐧𝐚𝐫 ☾,Minor,The Incredibles,The Comic Crusaders,Solar,64.9,834,58,0.581,0.603,35,23,21298,11680,9618,52,31,66,163,31.9%,361.5,198.3,163.3,0.88,0.53,1.12,2.77,367.2,201.4,165.8,0.90,0.53,1.14,2.81,140,113,2.38,1.92,2.41,1.95
,,,Botch,Minor,Gravity,The Cosmos,Lunar,64.8,831,58,0.609,0.586,34,24,22021,12980,9041,59,29,83,148,39.9%,375.1,221.1,154.0,1.01,0.49,1.41,2.52,379.7,223.8,155.9,1.02,0.50,1.43,2.55,157,118,2.67,2.01,2.71,2.03
,,,Arj,Minor,Flailers,The Quad Dynasty,Solar,64.3,814,59,0.583,0.576,34,25,20198,11530,8668,52,38,58,153,34.0%,351.3,200.5,150.7,0.90,0.66,1.01,2.66,342.3,195.4,146.9,0.88,0.64,0.98,2.59,151,122,2.63,2.12,2.56,2.07
,,,Kevdog,Minor,"Artemis
The Incredibles
Vikings","Mission Control
The Comic Crusaders
The Sovereign",Lunar,64.3,529,37,0.465,0.432,16,21,14298,8800,5498,40,15,62,95,42.1%,382.6,235.5,147.1,1.07,0.40,1.66,2.54,386.4,237.8,148.6,1.08,0.41,1.68,2.57,85,93,2.27,2.49,2.30,2.51
,,,Mikeyk,Minor,House Lannister,Houses of Westeros,Solar,63.6,179,12,0.603,0.667,8,4,4458,2380,2078,10,10,12,28,35.7%,352.6,188.2,164.3,0.79,0.79,0.95,2.21,371.5,198.3,173.2,0.83,0.83,1.00,2.33,34,26,2.69,2.06,2.83,2.17
,,,Wittinghalo64,Minor,"Swordfish
Fire
Draconis","The Ocean
The Elements
πολύ κεφάλη",Solar,63.3,649,46,0.474,0.457,21,25,16426,9190,7236,35,25,64,124,28.2%,358.3,200.5,157.8,0.76,0.55,1.40,2.70,357.1,199.8,157.3,0.76,0.54,1.39,2.70,98,105,2.14,2.29,2.13,2.28
,,,Cerealkiller,Minor,Carrots,The Garden,Lunar,62.9,532,40,0.708,0.725,29,11,12904,7450,5454,34,32,32,85,40.0%,343.4,198.2,145.1,0.90,0.85,0.85,2.26,322.6,186.3,136.4,0.85,0.80,0.80,2.13,113,64,3.01,1.70,2.83,1.60
,,,Prkr,Minor,Vikings,The Sovereign,Lunar,62.4,774,53,0.633,0.623,33,20,18974,10790,8184,44,38,62,139,31.7%,347.0,197.3,149.7,0.80,0.70,1.13,2.54,358.0,203.6,154.4,0.83,0.72,1.17,2.62,153,108,2.80,1.98,2.89,2.04
,,,Girty,Minor,Surge,Electric Mayhem,Lunar,61.2,860,60,0.469,0.433,26,34,21282,12620,8662,53,39,77,152,34.9%,350.3,207.7,142.6,0.87,0.64,1.27,2.50,354.7,210.3,144.4,0.88,0.65,1.28,2.53,134,145,2.21,2.39,2.23,2.42
,,,Thepaperboy,Minor,Flailers,The Quad Dynasty,Solar,60.7,873,63,0.576,0.556,35,28,21837,12550,9287,49,34,87,160,30.6%,354.1,203.5,150.6,0.79,0.55,1.41,2.59,346.6,199.2,147.4,0.78,0.54,1.38,2.54,157,129,2.55,2.09,2.49,2.05
,,,Xd Tortoa,Minor,Skull and Bones,The Order,Lunar,60.6,657,46,0.672,0.609,28,18,15908,9660,6248,48,32,42,116,41.4%,342.8,208.1,134.6,1.03,0.69,0.90,2.50,345.8,210.0,135.8,1.04,0.70,0.91,2.52,136,86,2.93,1.85,2.96,1.87
,,,Dale Rodman Jr. Iii,Minor,Surge,Electric Mayhem,Lunar,60.6,907,64,0.471,0.438,28,36,22975,12950,10025,53,30,89,170,31.2%,358.6,202.1,156.5,0.83,0.47,1.39,2.65,359.0,202.3,156.6,0.83,0.47,1.39,2.66,140,151,2.19,2.36,2.19,2.36
,,,Pana,Minor,Draconis,πολύ κεφάλη,Lunar,60.3,865,59,0.549,0.559,33,26,22277,13610,8667,65,25,85,161,40.4%,364.6,222.7,141.8,1.06,0.41,1.39,2.63,377.6,230.7,146.9,1.10,0.42,1.44,2.73,142,125,2.32,2.05,2.41,2.12
,,,Icy,Minor,Uruks,Middle Earth,Lunar,60.1,476,36,0.586,0.583,21,15,11836,6320,5516,25,22,39,77,32.5%,352.0,188.0,164.0,0.74,0.65,1.16,2.29,328.8,175.6,153.2,0.69,0.61,1.08,2.14,91,73,2.71,2.17,2.53,2.03
,,,21Average,Minor,Uruks,Middle Earth,Lunar,58.9,626,44,0.558,0.568,25,19,15275,8610,6665,42,20,43,126,33.3%,345.4,194.7,150.7,0.95,0.45,0.97,2.85,347.2,195.7,151.5,0.95,0.45,0.98,2.86,117,101,2.65,2.28,2.66,2.30
,,,Marcus.,Minor,Dire Wolves,Polar Vortex,Lunar,58.9,706,51,0.576,0.588,30,21,17434,9090,8344,42,29,45,119,35.3%,349.6,182.3,167.3,0.84,0.58,0.90,2.39,341.8,178.2,163.6,0.82,0.57,0.88,2.33,128,105,2.57,2.11,2.51,2.06
,,,Lordofth3Abyss67,Minor,Blizzards,Storm,Solar,58.8,62,4,0.728,0.750,3,1,1415,750,665,3,2,4,15,20.0%,323.1,171.2,151.8,0.68,0.46,0.91,3.42,353.8,187.5,166.3,0.75,0.50,1.00,3.75,10,5,2.28,1.14,2.50,1.25
,,,Pibro3,Minor,Versace,High Class,Lunar,58.4,804,61,0.523,0.574,35,26,20320,10940,9380,55,24,56,144,38.2%,357.8,192.6,165.2,0.97,0.42,0.99,2.54,333.1,179.3,153.8,0.90,0.39,0.92,2.36,142,134,2.50,2.36,2.33,2.20
,,,Trace (Change),Minor,"Blizzards
Fire","Storm
The Elements",Solar,58.2,621,44,0.534,0.477,21,23,15048,8710,6338,40,26,46,111,36.0%,343.0,198.6,144.5,0.91,0.59,1.05,2.53,342.0,198.0,144.0,0.91,0.59,1.05,2.52,108,99,2.46,2.26,2.45,2.25
,,,Chamberoni,Minor,"Anglers
Velociraptors","The Abyss
Dino Park",Lunar,57.1,789,56,0.607,0.625,35,21,18906,11010,7896,51,35,56,136,37.5%,339.2,197.5,141.7,0.92,0.63,1.00,2.44,337.6,196.6,141.0,0.91,0.63,1.00,2.43,147,111,2.64,1.99,2.63,1.98
,,,2K,Minor,"Hammerheads
Velociraptors","Shark Attack
Dino Park",Solar,56.9,812,55,0.422,0.400,22,33,19925,11200,8725,47,31,71,140,33.6%,347.4,195.3,152.1,0.82,0.54,1.24,2.44,362.3,203.6,158.6,0.85,0.56,1.29,2.55,120,147,2.09,2.56,2.18,2.67
,,,Bender_Escobar (Live),Minor,Artemis,Mission Control,Solar,56.1,294,21,0.626,0.714,15,6,7170,3780,3390,15,10,25,53,28.3%,345.2,182.0,163.2,0.72,0.48,1.20,2.55,341.4,180.0,161.4,0.71,0.48,1.19,2.52,52,37,2.50,1.78,2.48,1.76
,,,Xiluym,Minor,Hammerheads,Shark Attack,Solar,55.5,805,56,0.673,0.732,41,15,19742,11720,8022,65,28,49,137,47.4%,347.2,206.1,141.1,1.14,0.49,0.86,2.41,352.5,209.3,143.3,1.16,0.50,0.88,2.45,168,106,2.95,1.86,3.00,1.89
,,,Rippluto,Minor,Skull and Bones,The Order,Lunar,54.8,237,18,0.427,0.444,8,10,5808,3080,2728,12,7,22,43,27.9%,346.9,184.0,162.9,0.72,0.42,1.31,2.57,322.7,171.1,151.6,0.67,0.39,1.22,2.39,33,40,1.97,2.39,1.83,2.22
,,,Shankster,Minor,Uruks,Middle Earth,Lunar,54.6,674,48,0.574,0.583,28,20,15663,8500,7163,37,31,42,115,32.2%,329.0,178.5,150.4,0.78,0.65,0.88,2.42,326.3,177.1,149.2,0.77,0.65,0.88,2.40,127,105,2.67,2.21,2.65,2.19
,,,Suckiest Sucker,Minor,Carrots,The Garden,Lunar,54.4,403,29,0.671,0.655,19,10,8946,4990,3956,19,25,24,64,29.7%,314.2,175.3,139.0,0.67,0.88,0.84,2.25,308.5,172.1,136.4,0.66,0.86,0.83,2.21,82,52,2.88,1.83,2.83,1.79
,,,Inedibledeer,Minor,Draconis,πολύ κεφάλη,Lunar,54.4,449,30,0.538,0.567,17,13,10258,5680,4578,23,20,31,83,27.7%,323.4,179.1,144.3,0.73,0.63,0.98,2.62,341.9,189.3,152.6,0.77,0.67,1.03,2.77,75,68,2.36,2.14,2.50,2.27
,,,Mysandislost,Minor,Phantom Crunch,Spooky Breakfast Gang,Solar,53.7,797,53,0.494,0.491,26,27,18075,10070,8005,39,36,58,147,26.5%,321.0,178.9,142.2,0.69,0.64,1.03,2.61,341.0,190.0,151.0,0.74,0.68,1.09,2.77,128,130,2.27,2.31,2.42,2.45
,,,Zer0Vibes,Minor,Ospreys,Birds of Prey,Solar,53.2,49,3,0.802,1.000,3,0,1131,690,441,3,2,4,9,33.3%,326.7,199.3,127.4,0.87,0.58,1.16,2.60,377.0,230.0,147.0,1.00,0.67,1.33,3.00,6,2,1.73,0.58,2.00,0.67
,,,Huggie Xd,Minor,Phantom Crunch,Spooky Breakfast Gang,Solar,52.4,812,54,0.491,0.500,27,27,19290,10950,8340,46,29,70,140,32.9%,336.3,190.9,145.4,0.80,0.51,1.22,2.44,357.2,202.8,154.4,0.85,0.54,1.30,2.59,128,131,2.23,2.28,2.37,2.43
,,,Belial,Minor,Labradoodles,Dog Pound,Solar,52.3,704,47,0.483,0.404,19,28,16472,9390,7082,35,31,64,114,30.7%,331.2,188.8,142.4,0.70,0.62,1.29,2.29,350.5,199.8,150.7,0.74,0.66,1.36,2.43,107,112,2.15,2.25,2.28,2.38
,,,Feen,Minor,Excitebikers,8-Bit Brigade,Lunar,52.2,811,60,0.438,0.433,26,34,19286,10050,9236,36,30,72,135,26.7%,336.6,175.4,161.2,0.63,0.52,1.26,2.36,321.4,167.5,153.9,0.60,0.50,1.20,2.25,112,132,1.95,2.30,1.87,2.20
,,,Xtanny,Minor,Excitebikers,8-Bit Brigade,Lunar,52.1,552,39,0.445,0.462,18,21,12206,6740,5466,27,23,36,109,24.8%,313.0,172.8,140.2,0.69,0.59,0.92,2.80,313.0,172.8,140.2,0.69,0.59,0.92,2.79,76,88,1.95,2.26,1.95,2.26
,,,Corbasm,Minor,Dire Wolves,Polar Vortex,Lunar,51.5,545,39,0.555,0.538,21,18,12894,7250,5644,34,18,40,95,35.8%,334.9,188.3,146.6,0.88,0.47,1.04,2.47,330.6,185.9,144.7,0.87,0.46,1.03,2.44,98,85,2.55,2.21,2.51,2.18
,,,M3 Mario,Minor,Dire Wolves,Polar Vortex,Lunar,50.3,704,51,0.566,0.608,31,20,16055,9160,6895,45,24,43,131,34.4%,322.8,184.2,138.6,0.90,0.48,0.86,2.63,314.8,179.6,135.2,0.88,0.47,0.84,2.57,129,109,2.59,2.19,2.53,2.14
,,,Squishysquirrel,Minor,Fire,The Elements,Lunar,50.0,648,48,0.390,0.438,21,27,15648,8760,6888,35,23,63,96,36.5%,341.8,191.4,150.5,0.76,0.50,1.38,2.10,326.0,182.5,143.5,0.73,0.48,1.31,2.00,102,135,2.23,2.95,2.13,2.81
,,,Snow8P,Minor,Orangutans,Planet of the Apes,Solar,49.8,617,41,0.470,0.415,17,24,14099,8420,5679,36,24,51,107,33.6%,323.5,193.2,130.3,0.83,0.55,1.17,2.45,343.9,205.4,138.5,0.88,0.59,1.24,2.61,99,107,2.27,2.45,2.41,2.61
,,,Paco,Minor,"Orangutans
Velociraptors","Planet of the Apes
Dino Park",Solar,49.5,717,48,0.468,0.396,19,29,16678,9090,7588,34,32,61,104,32.7%,329.3,179.5,149.8,0.67,0.63,1.20,2.05,347.5,189.4,158.1,0.71,0.67,1.27,2.17,116,126,2.29,2.49,2.42,2.63
,,,Lead,Minor,Carrots,The Garden,Lunar,49.4,611,43,0.666,0.698,30,13,13797,8150,5647,37,23,44,110,33.6%,319.7,188.8,130.8,0.86,0.53,1.02,2.55,320.9,189.5,131.3,0.86,0.53,1.02,2.56,119,76,2.76,1.76,2.77,1.77
,,,Porkchop,Minor,"Thin Mints
Draconis","Minty Fresh
πολύ κεφάλη",Lunar,49.3,112,7,0.355,0.429,3,4,2526,1510,1016,6,4,10,21,28.6%,319.3,190.9,128.4,0.76,0.51,1.26,2.65,360.9,215.7,145.1,0.86,0.57,1.43,3.00,15,22,1.90,2.78,2.14,3.14
,,,Dubloongoon,Minor,Ospreys,Birds of Prey,Solar,48.6,728,50,0.432,0.440,22,28,16864,9210,7654,41,23,54,126,32.5%,327.9,179.1,148.8,0.80,0.45,1.05,2.45,337.3,184.2,153.1,0.82,0.46,1.08,2.52,108,129,2.10,2.51,2.16,2.58
,,,Yote51Ayer,Minor,House Lannister,Houses of Westeros,Solar,47.5,877,64,0.451,0.422,27,37,21033,11380,9653,45,24,86,138,32.6%,339.5,183.7,155.8,0.73,0.39,1.39,2.23,328.6,177.8,150.8,0.70,0.38,1.34,2.16,134,152,2.16,2.45,2.09,2.38
,,,Begawkology,Minor,Infestors,The Swarm,Solar,46.9,754,53,0.507,0.472,25,28,15912,8850,7062,41,29,36,150,27.3%,298.7,166.2,132.6,0.77,0.54,0.68,2.82,300.2,167.0,133.2,0.77,0.55,0.68,2.83,118,116,2.22,2.18,2.23,2.19
,,,Tomoose0529,Minor,Excitebikers,8-Bit Brigade,Lunar,46.8,570,44,0.460,0.432,19,25,13450,7500,5950,30,17,55,90,33.3%,334.0,186.3,147.8,0.75,0.42,1.37,2.24,305.7,170.5,135.2,0.68,0.39,1.25,2.05,79,88,1.96,2.19,1.80,2.00
,,,Aloza,Minor,Chicken Parm,Fifty-Fifty Pizzeria,Lunar,46.4,596,48,0.425,0.479,23,25,13452,6870,6582,33,17,33,107,30.8%,319.5,163.2,156.3,0.78,0.40,0.78,2.54,280.3,143.1,137.1,0.69,0.35,0.69,2.23,95,115,2.26,2.73,1.98,2.40
,,,A Hammered Hamster,Minor,Blizzards,Storm,Solar,45.7,310,22,0.457,0.455,10,12,6604,3560,3044,12,13,23,56,21.4%,301.6,162.6,139.0,0.55,0.59,1.05,2.56,300.2,161.8,138.4,0.55,0.59,1.05,2.55,41,46,1.87,2.10,1.86,2.09
,,,Kaeso Clarus,Minor,Dynamite,Fallout Shelter,Solar,45.1,756,51,0.413,0.431,22,29,17504,9910,7594,35,15,85,141,24.8%,327.8,185.6,142.2,0.66,0.28,1.59,2.64,343.2,194.3,148.9,0.69,0.29,1.67,2.76,94,119,1.76,2.23,1.84,2.33
,,,Blun,Minor,Orangutans,Planet of the Apes,Solar,44.9,829,54,0.477,0.426,23,31,18843,10800,8043,54,22,57,145,37.2%,321.8,184.4,137.3,0.92,0.38,0.97,2.48,348.9,200.0,148.9,1.00,0.41,1.06,2.69,134,142,2.29,2.42,2.48,2.63
,,,Hexic,Minor,Skull and Bones,The Order,Lunar,44.6,794,56,0.628,0.571,32,24,16694,9470,7224,38,34,51,142,26.8%,297.6,168.8,128.8,0.68,0.61,0.91,2.53,298.1,169.1,129.0,0.68,0.61,0.91,2.54,159,114,2.83,2.03,2.84,2.04
,,,Ridethefire,Minor,Gravity,The Cosmos,Lunar,44.1,692,48,0.604,0.542,26,22,14897,8750,6147,36,27,52,120,30.0%,304.7,179.0,125.7,0.74,0.55,1.06,2.45,310.4,182.3,128.1,0.75,0.56,1.08,2.50,131,100,2.68,2.05,2.73,2.08
,,,Chug A Beerman,Minor,Orangutans,Planet of the Apes,Solar,44.0,327,20,0.500,0.450,9,11,7252,4010,3242,11,13,35,51,21.6%,313.9,173.6,140.4,0.48,0.56,1.52,2.21,362.6,200.5,162.1,0.55,0.65,1.75,2.55,49,49,2.12,2.12,2.45,2.45
,,,Znin9,Minor,Trashbags,Waste Management,Solar,43.9,511,36,0.669,0.722,26,10,10861,6160,4701,24,22,36,86,27.9%,300.9,170.7,130.2,0.66,0.61,1.00,2.38,301.7,171.1,130.6,0.67,0.61,1.00,2.39,94,59,2.60,1.63,2.61,1.64
,,,Brainyzac,Minor,Velociraptors,Dino Park,Solar,43.6,28,2,0.376,0.500,1,1,517,300,217,0,2,3,5,0.0%,261.4,151.7,109.7,0.00,1.01,1.52,2.53,258.5,150.0,108.5,0.00,1.00,1.50,2.50,6,8,3.03,4.04,3.00,4.00
,,,Bobandrews33,Minor,Labradoodles,Dog Pound,Solar,42.6,518,35,0.491,0.429,15,20,10954,6290,4664,21,25,43,79,26.6%,299.4,171.9,127.5,0.57,0.68,1.18,2.16,313.0,179.7,133.3,0.60,0.71,1.23,2.26,84,86,2.30,2.35,2.40,2.46
,,,Admiral Peanut,Minor,Infestors,The Swarm,Solar,42.6,463,33,0.566,0.576,19,14,10061,5570,4491,26,18,27,72,36.1%,307.6,170.3,137.3,0.79,0.55,0.83,2.20,304.9,168.8,136.1,0.79,0.55,0.82,2.18,74,62,2.26,1.90,2.24,1.88
,,,Dub,Minor,The Incredibles,The Comic Crusaders,Solar,42.6,569,41,0.504,0.561,23,18,12197,6500,5697,19,30,47,75,25.3%,303.5,161.7,141.7,0.47,0.75,1.17,1.87,297.5,158.5,139.0,0.46,0.73,1.15,1.83,87,86,2.16,2.14,2.12,2.10
,,,Spac3,Minor,"Ospreys
Infestors
Swordfish","Birds of Prey
The Swarm
The Ocean",Solar,40.8,128,9,0.554,0.556,5,4,2776,1490,1286,5,5,11,19,26.3%,307.0,164.8,142.2,0.55,0.55,1.22,2.10,308.4,165.6,142.9,0.56,0.56,1.22,2.11,23,20,2.54,2.21,2.56,2.22
,,,Ignite,Minor,Chicken Parm,Fifty-Fifty Pizzeria,Lunar,40.0,720,57,0.438,0.474,27,30,16166,9210,6956,42,21,58,106,39.6%,317.8,181.1,136.8,0.83,0.41,1.14,2.08,283.6,161.6,122.0,0.74,0.37,1.02,1.86,117,137,2.30,2.69,2.05,2.40
,,,Rotendo,Minor,Lo-Fi,The Jukebox,Lunar,40.0,635,43,0.371,0.395,17,26,14327,7510,6817,25,23,61,81,30.9%,319.4,167.4,152.0,0.56,0.51,1.36,1.81,333.2,174.7,158.5,0.58,0.53,1.42,1.88,87,122,1.94,2.72,2.02,2.84
,,,Visionaryone,Minor,Swordfish,The Ocean,Solar,39.2,724,49,0.303,0.265,13,36,16788,8760,8028,36,12,69,111,32.4%,328.3,171.3,157.0,0.70,0.23,1.35,2.17,342.6,178.8,163.8,0.73,0.24,1.41,2.27,79,137,1.54,2.68,1.61,2.80
,,,Smokeybones,Minor,Blizzards,Storm,Solar,39.0,910,64,0.559,0.500,32,32,19577,10450,9127,38,31,74,140,27.1%,304.5,162.6,142.0,0.59,0.48,1.15,2.18,305.9,163.3,142.6,0.59,0.48,1.16,2.19,144,123,2.24,1.91,2.25,1.92
,,,Envy2,Minor,"The Incredibles
Dynamite","The Comic Crusaders
Fallout Shelter",Solar,38.7,459,31,0.572,0.516,16,15,9203,5270,3933,20,20,30,77,26.0%,283.8,162.5,121.3,0.62,0.62,0.93,2.37,296.9,170.0,126.9,0.65,0.65,0.97,2.48,74,61,2.28,1.88,2.39,1.97
,,,Chortle,Minor,Vikings,The Sovereign,Lunar,38.7,662,47,0.565,0.553,26,21,14368,8010,6358,43,18,35,106,40.6%,307.2,171.3,136.0,0.92,0.38,0.75,2.27,305.7,170.4,135.3,0.91,0.38,0.74,2.26,124,105,2.65,2.25,2.64,2.23
,,,Cronus,Minor,Ospreys,Birds of Prey,Solar,38.6,796,54,0.394,0.389,21,33,16690,8900,7790,30,30,63,125,24.0%,296.8,158.3,138.5,0.53,0.53,1.12,2.22,309.1,164.8,144.3,0.56,0.56,1.17,2.31,104,138,1.85,2.45,1.93,2.56
,,,Dr Feeeel Goood,Minor,Lo-Fi,The Jukebox,Lunar,38.4,655,44,0.288,0.318,14,30,15040,8280,6760,30,15,72,93,32.3%,325.1,179.0,146.1,0.65,0.32,1.56,2.01,341.8,188.2,153.6,0.68,0.34,1.64,2.11,83,147,1.79,3.18,1.89,3.34
,,,Miso,Minor,Versace,High Class,Lunar,38.2,84,6,0.238,0.333,2,4,1681,1030,651,5,2,5,18,27.8%,283.3,173.6,109.7,0.84,0.34,0.84,3.03,280.2,171.7,108.5,0.83,0.33,0.83,3.00,9,19,1.52,3.20,1.50,3.17
,,,Jam,Minor,Jacks,House of Cards,Lunar,37.9,569,41,0.437,0.463,19,22,12828,6770,6058,23,18,57,72,31.9%,319.1,168.4,150.7,0.57,0.45,1.42,1.79,312.9,165.1,147.8,0.56,0.44,1.39,1.76,76,90,1.89,2.24,1.85,2.20
,,,Timotheum,Minor,House Lannister,Houses of Westeros,Solar,37.7,448,35,0.495,0.514,18,17,10027,5070,4957,21,14,34,57,36.8%,316.8,160.2,156.6,0.66,0.44,1.07,1.80,286.5,144.9,141.6,0.60,0.40,0.97,1.63,75,76,2.37,2.40,2.14,2.17
,,,Bananalytics,Minor,House Lannister,Houses of Westeros,Solar,37.3,555,38,0.359,0.263,10,28,11923,6370,5553,25,16,44,87,28.7%,304.1,162.5,141.6,0.64,0.41,1.12,2.22,313.8,167.6,146.1,0.66,0.42,1.16,2.29,69,101,1.76,2.58,1.82,2.66
,,,Vegitus,Minor,Dynamite,Fallout Shelter,Solar,36.1,806,56,0.408,0.411,23,33,17750,9520,8230,39,24,67,107,36.4%,311.8,167.2,144.5,0.68,0.42,1.18,1.88,317.0,170.0,147.0,0.70,0.43,1.20,1.91,109,139,1.91,2.44,1.95,2.48
,,,Frosty2200,Minor,Dynamite,Fallout Shelter,Solar,35.9,869,58,0.356,0.345,20,38,18645,9700,8945,32,33,75,110,29.1%,303.7,158.0,145.7,0.52,0.54,1.22,1.79,321.5,167.2,154.2,0.55,0.57,1.29,1.90,101,150,1.65,2.44,1.74,2.59
,,,Scias,Minor,Swordfish,The Ocean,Solar,35.8,673,45,0.313,0.311,14,31,14468,7410,7058,23,19,63,101,22.8%,304.3,155.9,148.5,0.48,0.40,1.33,2.12,321.5,164.7,156.8,0.51,0.42,1.40,2.24,75,126,1.58,2.65,1.67,2.80
,,,Akipz,Minor,Versace,High Class,Lunar,35.8,735,55,0.497,0.545,30,25,14867,8160,6707,31,30,49,111,27.9%,286.3,157.2,129.2,0.60,0.58,0.94,2.14,270.3,148.4,121.9,0.56,0.55,0.89,2.02,128,129,2.47,2.48,2.33,2.35
,,,Shadowvail,Minor,Artemis,Mission Control,Solar,35.5,798,57,0.531,0.561,32,25,16972,9410,7562,40,21,62,126,31.7%,301.1,166.9,134.1,0.71,0.37,1.10,2.24,297.8,165.1,132.7,0.70,0.37,1.09,2.21,128,118,2.27,2.09,2.25,2.07
,,,Liquid Cight,Minor,Chicken Parm,Fifty-Fifty Pizzeria,Lunar,35.3,292,23,0.307,0.304,7,16,6131,3420,2711,14,12,21,37,37.8%,297.2,165.8,131.4,0.68,0.58,1.02,1.79,266.6,148.7,117.9,0.61,0.52,0.91,1.61,41,68,1.99,3.30,1.78,2.96
,,,Slayerof666,Minor,"Thin Mints
Chicken Parm","Minty Fresh
Fifty-Fifty Pizzeria",Lunar,35.0,402,32,0.274,0.281,9,23,8531,4260,4271,15,15,30,51,29.4%,300.4,150.0,150.4,0.53,0.53,1.06,1.80,266.6,133.1,133.5,0.47,0.47,0.94,1.59,53,97,1.87,3.42,1.66,3.03
,,,J3,Minor,Fire,The Elements,Lunar,34.8,396,29,0.245,0.172,5,24,8396,4580,3816,17,12,34,58,29.3%,300.1,163.7,136.4,0.61,0.43,1.22,2.07,289.5,157.9,131.6,0.59,0.41,1.17,2.00,56,110,2.00,3.93,1.93,3.79
,,,Blastpatern4191,Minor,Ospreys,Birds of Prey,Solar,34.8,598,40,0.417,0.450,18,22,12215,6790,5425,30,16,39,104,28.8%,289.2,160.7,128.4,0.71,0.38,0.92,2.46,305.4,169.8,135.6,0.75,0.40,0.98,2.60,81,101,1.92,2.39,2.03,2.53
,,,Struttrl,Minor,Artemis,Mission Control,Solar,32.9,609,43,0.529,0.558,24,19,13050,6750,6300,20,22,59,70,28.6%,303.3,156.9,146.4,0.46,0.51,1.37,1.63,303.5,157.0,146.5,0.47,0.51,1.37,1.63,94,87,2.19,2.02,2.19,2.02
,,,Therogerseffect,Minor,Thin Mints,Minty Fresh,Lunar,32.5,501,37,0.209,0.162,6,31,11055,5820,5235,24,12,44,62,38.7%,312.4,164.4,147.9,0.68,0.34,1.24,1.75,298.8,157.3,141.5,0.65,0.32,1.19,1.68,58,132,1.64,3.73,1.57,3.57
,,,"Larry The Lizard, Md",Minor,"Velociraptors
Thin Mints","Dino Park
Minty Fresh",Lunar,32.4,470,33,0.280,0.182,6,27,10125,5120,5005,21,12,36,62,33.9%,305.0,154.2,150.7,0.63,0.36,1.08,1.87,306.8,155.2,151.7,0.64,0.36,1.09,1.88,65,116,1.96,3.49,1.97,3.52
,,,Mute,Minor,"Swordfish
Orangutans","The Ocean
Planet of the Apes",Solar,31.3,636,42,0.339,0.381,16,26,12785,6950,5835,20,25,57,85,23.5%,284.6,154.7,129.9,0.45,0.56,1.27,1.89,304.4,165.5,138.9,0.48,0.60,1.36,2.02,74,115,1.65,2.56,1.76,2.74
,,,Jordton,Minor,Excitebikers,8-Bit Brigade,Lunar,31.2,500,37,0.408,0.405,15,22,10146,5240,4906,19,15,37,74,25.7%,287.3,148.4,138.9,0.54,0.42,1.05,2.10,274.2,141.6,132.6,0.51,0.41,1.00,2.00,69,88,1.95,2.49,1.86,2.38
,,,Spoilt,Minor,Labradoodles,Dog Pound,Solar,30.6,642,43,0.485,0.419,18,25,13100,7100,6000,25,22,53,85,29.4%,288.9,156.6,132.3,0.55,0.49,1.17,1.87,304.7,165.1,139.5,0.58,0.51,1.23,1.98,98,102,2.16,2.25,2.28,2.37
,,,Todd Bonzalez,Minor,Draconis,πολύ κεφάλη,Lunar,30.6,438,30,0.518,0.500,15,15,8525,4630,3895,19,11,28,78,24.4%,275.5,149.6,125.9,0.61,0.36,0.90,2.52,284.2,154.3,129.8,0.63,0.37,0.93,2.60,66,63,2.13,2.04,2.20,2.10
,,,Lilprsnwithanger,Minor,Flailers,The Quad Dynasty,Solar,29.7,243,16,0.449,0.313,5,11,4410,2610,1800,11,10,12,41,26.8%,256.9,152.0,104.9,0.64,0.58,0.70,2.39,275.6,163.1,112.5,0.69,0.63,0.75,2.56,35,40,2.04,2.33,2.19,2.50
,,,Catlas,Minor,"Velociraptors
Hammerheads","Dino Park
Shark Attack",Solar,29.2,292,21,0.477,0.524,11,10,5552,2990,2562,10,15,18,34,29.4%,269.2,145.0,124.2,0.48,0.73,0.87,1.65,264.4,142.4,122.0,0.48,0.71,0.86,1.62,49,52,2.38,2.52,2.33,2.48
,,,Navy101_,Minor,Infestors,The Swarm,Solar,28.4,47,4,0.403,0.250,1,3,963,520,443,2,1,4,7,28.6%,290.1,156.6,133.4,0.60,0.30,1.20,2.11,240.8,130.0,110.8,0.50,0.25,1.00,1.75,7,9,2.11,2.71,1.75,2.25
,,,Itsripman,Minor,Phantom Crunch,Spooky Breakfast Gang,Solar,28.1,141,10,0.330,0.400,4,6,2659,1470,1189,5,3,11,27,18.5%,267.0,147.6,119.4,0.50,0.30,1.10,2.71,265.9,147.0,118.9,0.50,0.30,1.10,2.70,17,27,1.71,2.71,1.70,2.70
,,,Drupenson,Minor,"Velociraptors
Orangutans","Dino Park
Planet of the Apes",Solar,28.0,633,43,0.374,0.302,13,30,12696,6750,5946,27,17,46,90,30.0%,283.9,151.0,133.0,0.60,0.38,1.03,2.01,295.3,157.0,138.3,0.63,0.40,1.07,2.09,86,120,1.92,2.68,2.00,2.79
,,,Enceyy,Minor,Taipans,The Serpents,Solar,27.9,702,49,0.517,0.571,28,21,13999,7610,6389,33,23,45,91,36.3%,282.3,153.5,128.8,0.67,0.46,0.91,1.84,285.7,155.3,130.4,0.67,0.47,0.92,1.86,118,113,2.38,2.28,2.41,2.31
,,,Chancellortoph,Minor,Gravity,The Cosmos,Lunar,27.3,7,1,,1.000,1,0,100,50,50,0,1,0,0,,202.2,101.1,101.1,0.00,2.02,0.00,0.00,100.0,50.0,50.0,0.00,1.00,0.00,0.00,4,0,8.09,0.00,4.00,0.00
,,,Pumpkant,Minor,Orangutans,Planet of the Apes,Solar,27.2,82,6,0.371,0.333,2,4,1604,930,674,4,2,6,13,30.8%,276.9,160.6,116.4,0.69,0.35,1.04,2.24,267.3,155.0,112.3,0.67,0.33,1.00,2.17,13,18,2.24,3.11,2.17,3.00
,,,Primed,Minor,"Fire
Blizzards","The Elements
Storm",Lunar,26.7,639,47,0.422,0.426,20,27,12420,6490,5930,24,24,42,79,30.4%,275.1,143.8,131.4,0.53,0.53,0.93,1.75,264.3,138.1,126.2,0.51,0.51,0.89,1.68,94,115,2.08,2.55,2.00,2.45
,,,Fieryprophet,Minor,Phantom Crunch,Spooky Breakfast Gang,Solar,26.6,650,44,0.478,0.455,20,24,13580,7540,6040,34,13,53,84,40.5%,295.8,164.2,131.5,0.74,0.28,1.15,1.83,308.6,171.4,137.3,0.77,0.30,1.20,1.91,103,109,2.24,2.37,2.34,2.48
,,,Dav,Minor,"Phantom Crunch
Jacks","Spooky Breakfast Gang
House of Cards",Solar,26.2,169,11,0.531,0.636,7,4,3594,1980,1614,10,2,13,23,43.5%,301.0,165.9,135.2,0.84,0.17,1.09,1.93,326.7,180.0,146.7,0.91,0.18,1.18,2.09,25,23,2.09,1.93,2.27,2.09
,,,Superfast Moose,Minor,Jacks,House of Cards,Lunar,26.1,200,14,0.354,0.286,4,10,3913,2120,1793,10,4,12,32,31.3%,277.0,150.1,126.9,0.71,0.28,0.85,2.26,279.5,151.4,128.1,0.71,0.29,0.86,2.29,28,41,1.98,2.90,2.00,2.93
,,,Taq_7,Minor,Surge,Electric Mayhem,Lunar,26.1,795,56,0.479,0.464,26,30,15140,8370,6770,31,31,54,102,30.4%,269.6,149.0,120.6,0.55,0.55,0.96,1.82,270.4,149.5,120.9,0.55,0.55,0.96,1.82,122,129,2.17,2.30,2.18,2.30
,,,Dogbiscuit46,Minor,Vikings,The Sovereign,Lunar,25.2,53,4,0.220,0.250,1,3,1045,630,415,4,1,2,8,50.0%,279.1,168.3,110.8,1.07,0.27,0.53,2.14,261.3,157.5,103.8,1.00,0.25,0.50,2.00,7,15,1.87,4.01,1.75,3.75
,,,The Instigant,Minor,Thin Mints,Minty Fresh,Lunar,25.0,700,50,0.280,0.200,10,40,13639,7120,6519,27,23,48,87,31.0%,275.8,144.0,131.8,0.55,0.47,0.97,1.76,272.8,142.4,130.4,0.54,0.46,0.96,1.74,98,175,1.98,3.54,1.96,3.50
,,,Berchy_,Minor,Velociraptors,Dino Park,Solar,24.6,616,41,0.391,0.390,16,25,12351,6810,5541,22,17,60,76,28.9%,283.8,156.5,127.3,0.51,0.39,1.38,1.75,301.2,166.1,135.1,0.54,0.41,1.46,1.85,84,112,1.93,2.57,2.05,2.73
,,,King Chikn,Minor,"Dynamite
House Lannister","Fallout Shelter
Houses of Westeros",Solar,23.0,437,32,0.254,0.188,6,26,8364,4040,4324,11,12,35,59,18.6%,270.9,130.9,140.1,0.36,0.39,1.13,1.91,261.4,126.3,135.1,0.34,0.38,1.09,1.84,48,96,1.55,3.11,1.50,3.00
,,,Falco,Minor,Draconis,πολύ κεφάλη,Lunar,22.9,539,37,0.478,0.514,19,18,9615,4980,4635,16,18,33,83,19.3%,252.5,130.8,121.7,0.42,0.47,0.87,2.18,259.9,134.6,125.3,0.43,0.49,0.89,2.24,84,89,2.21,2.34,2.27,2.41
,,,Kadenka,Minor,Lo-Fi,The Jukebox,Lunar,22.0,566,39,0.333,0.385,15,24,11158,6080,5078,27,16,39,63,42.9%,279.1,152.1,127.0,0.68,0.40,0.98,1.58,286.1,155.9,130.2,0.69,0.41,1.00,1.62,78,121,1.95,3.03,2.00,3.10
,,,Brindle,Minor,Ospreys,Birds of Prey,Solar,21.5,543,38,0.421,0.447,17,21,10364,5570,4794,20,18,41,62,32.3%,270.2,145.2,125.0,0.52,0.47,1.07,1.62,272.7,146.6,126.2,0.53,0.47,1.08,1.63,78,96,2.03,2.50,2.05,2.53
,,,Diesel,Minor,Lo-Fi,The Jukebox,Lunar,21.4,421,27,0.247,0.185,5,22,8392,4690,3702,17,12,39,44,38.6%,282.2,157.7,124.5,0.57,0.40,1.31,1.48,310.8,173.7,137.1,0.63,0.44,1.44,1.63,49,99,1.65,3.33,1.81,3.67
,,,Phoenixtouch.,Minor,"Fire
Gravity
The Incredibles","The Elements
The Cosmos
The Comic Crusaders",Lunar,19.8,107,8,0.267,0.125,1,7,2082,1120,962,2,3,13,12,16.7%,275.5,148.2,127.3,0.26,0.40,1.72,1.59,260.3,140.0,120.3,0.25,0.38,1.63,1.50,12,23,1.59,3.04,1.50,2.88
,,,Rediculousxshot,Minor,Velociraptors,Dino Park,Solar,19.2,128,10,0.211,0.100,1,9,2687,1500,1187,5,1,16,15,33.3%,297.2,165.9,131.3,0.55,0.11,1.77,1.66,268.7,150.0,118.7,0.50,0.10,1.60,1.50,14,32,1.55,3.54,1.40,3.20
,,,Rezlaxer15,Minor,Gravity,The Cosmos,Lunar,18.1,196,13,0.473,0.538,7,6,3855,1970,1885,5,4,21,22,22.7%,278.4,142.3,136.1,0.36,0.29,1.52,1.59,296.5,151.5,145.0,0.38,0.31,1.62,1.69,26,28,1.88,2.02,2.00,2.15
,,,Tinsel,Minor,Thin Mints,Minty Fresh,Lunar,17.9,599,42,0.226,0.095,4,38,11218,5590,5628,22,14,39,74,29.7%,265.1,132.1,133.0,0.52,0.33,0.92,1.75,267.1,133.1,134.0,0.52,0.33,0.93,1.76,72,154,1.70,3.64,1.71,3.67
,,,Msudw,Minor,"Dynamite
The Incredibles","Fallout Shelter
The Comic Crusaders",Solar,16.3,221,16,0.368,0.375,6,10,4293,2070,2223,6,3,21,27,22.2%,275.0,132.6,142.4,0.38,0.19,1.35,1.73,268.3,129.4,138.9,0.38,0.19,1.31,1.69,25,36,1.60,2.31,1.56,2.25
,,,Contagious_Tomfoolery,Minor,Jacks,House of Cards,Lunar,14.3,648,47,0.469,0.489,23,24,11589,6400,5189,25,16,46,80,31.3%,253.2,139.8,113.4,0.55,0.35,1.00,1.75,246.6,136.2,110.4,0.53,0.34,0.98,1.70,94,102,2.05,2.23,2.00,2.17
,,,Impalerv,Minor,Anglers,The Abyss,Lunar,13.8,110,7,0.477,0.429,3,4,1874,1130,744,3,4,10,13,23.1%,241.2,145.4,95.7,0.39,0.51,1.29,1.67,267.7,161.4,106.3,0.43,0.57,1.43,1.86,16,17,2.06,2.19,2.29,2.43
,,,Slothjones,Minor,"Velociraptors
Anglers","Dino Park
The Abyss",Solar,11.7,350,25,0.538,0.560,14,11,5827,3150,2677,13,12,17,40,32.5%,235.7,127.4,108.3,0.53,0.49,0.69,1.62,233.1,126.0,107.1,0.52,0.48,0.68,1.60,65,59,2.63,2.39,2.60,2.36
,,,Retroexplorer,Minor,Versace,High Class,Lunar,10.1,20,2,0.961,1.000,2,0,361,180,181,1,0,1,3,33.3%,255.5,127.4,128.1,0.71,0.00,0.71,2.12,180.5,90.0,90.5,0.50,0.00,0.50,1.50,7,1,4.95,0.71,3.50,0.50
,,,Sir Acha,Minor,Draconis,πολύ κεφάλη,Lunar,8.6,59,4,0.073,0.000,0,4,1036,440,596,2,0,3,9,22.2%,248.6,105.6,143.0,0.48,0.00,0.72,2.16,259.0,110.0,149.0,0.50,0.00,0.75,2.25,4,19,0.96,4.56,1.00,4.75
,,,Twitchingshark,Minor,Infestors,The Swarm,Solar,5.8,491,33,0.500,0.485,16,17,7309,4020,3289,13,15,26,67,19.4%,210.7,115.9,94.8,0.37,0.43,0.75,1.93,221.5,121.8,99.7,0.39,0.45,0.79,2.03,77,77,2.22,2.22,2.33,2.33
,,,Rymaster,Minor,Taipans,The Serpents,Solar,4.6,211,15,0.350,0.400,6,9,3645,1750,1895,4,6,18,15,26.7%,244.5,117.4,127.1,0.27,0.40,1.21,1.01,243.0,116.7,126.3,0.27,0.40,1.20,1.00,26,39,1.74,2.62,1.73,2.60
,,,Nate Likes Cats,Minor,Fire,The Elements,Lunar,3.3,352,25,0.171,0.120,3,22,5792,3170,2622,13,9,22,32,40.6%,232.9,127.5,105.4,0.52,0.36,0.88,1.29,231.7,126.8,104.9,0.52,0.36,0.88,1.28,39,102,1.57,4.10,1.56,4.08
,,,Kasook,Minor,Draconis,πολύ κεφάλη,Lunar,1.2,59,4,0.073,0.000,0,4,969,460,509,1,1,5,6,16.7%,232.5,110.4,122.1,0.24,0.24,1.20,1.44,242.3,115.0,127.3,0.25,0.25,1.25,1.50,4,19,0.96,4.56,1.00,4.75
,,,Hibbbz,Minor,The Incredibles,The Comic Crusaders,Solar,-1.2,185,13,0.264,0.308,4,9,2962,1380,1582,5,1,12,23,21.7%,226.7,105.6,121.1,0.38,0.08,0.92,1.76,227.8,106.2,121.7,0.38,0.08,0.92,1.77,17,34,1.30,2.60,1.31,2.62
,,,🔥Magnus🔥,Minor,Swordfish,The Ocean,Solar,-4.1,31,2,0.105,0.000,0,2,496,240,256,0,0,4,4,0.0%,226.5,109.6,116.9,0.00,0.00,1.83,1.83,248.0,120.0,128.0,0.00,0.00,2.00,2.00,2,8,0.91,3.65,1.00,4.00
,,,Mishhu,Minor,Swordfish,The Ocean,Solar,-4.5,219,16,0.274,0.250,4,12,3162,1320,1842,4,3,10,27,14.8%,204.4,85.3,119.1,0.26,0.19,0.65,1.75,197.6,82.5,115.1,0.25,0.19,0.63,1.69,22,42,1.42,2.71,1.38,2.63
,,,Accidental Wolverine,Minor,Surge,Electric Mayhem,Lunar,-16.6,112,8,0.421,0.250,2,6,1479,810,669,3,3,6,6,50.0%,186.9,102.4,84.6,0.38,0.38,0.76,0.76,184.9,101.3,83.6,0.38,0.38,0.75,0.75,18,22,2.28,2.78,2.25,2.75
,,,Chupacabraspite,Minor,House Lannister,Houses of Westeros,Solar,-19.7,52,4,0.290,0.250,1,3,730,240,490,0,0,4,4,0.0%,198.7,65.3,133.4,0.00,0.00,1.09,1.09,182.5,60.0,122.5,0.00,0.00,1.00,1.00,3,6,0.82,1.63,0.75,1.50
,,,Ashthewaterboy,Minor,Fire,The Elements,Lunar,-48.7,18,1,0.292,0.000,0,1,184,50,134,0,0,1,0,,144.7,39.3,105.4,0.00,0.00,0.79,0.00,184.0,50.0,134.0,0.00,0.00,1.00,0.00,1,2,0.79,1.57,1.00,2.00
,,,M0Rg,Major,Gorillas,Planet of the Apes,Solar,116.1,61,4,0.629,0.500,2,2,1562,900,662,3,8,1,15,20.0%,387.2,223.1,164.1,0.74,1.98,0.25,3.72,390.5,225.0,165.5,0.75,2.00,0.25,3.75,15,11,3.72,2.73,3.75,2.75
,,,Wind,Major,Quads,The Quad Dynasty,Solar,99.4,58,4,0.545,0.500,2,2,1775,1070,705,4,3,8,12,33.3%,462.8,279.0,183.8,1.04,0.78,2.09,3.13,443.8,267.5,176.3,1.00,0.75,2.00,3.00,9,8,2.35,2.09,2.25,2.00
,,,Chug A Beerman,Major,Gorillas,Planet of the Apes,Solar,96.7,61,4,0.629,0.500,2,2,1771,1110,661,7,2,3,16,43.8%,439.0,275.2,163.9,1.74,0.50,0.74,3.97,442.8,277.5,165.3,1.75,0.50,0.75,4.00,15,11,3.72,2.73,3.75,2.75
,,,Draxxs,Major,Raisin Branshees,Spooky Breakfast Gang,Solar,84.9,897,64,0.690,0.688,44,20,24864,13890,10974,50,56,91,154,32.5%,419.2,234.2,185.0,0.84,0.94,1.53,2.60,388.5,217.0,171.5,0.78,0.88,1.42,2.41,168,100,2.83,1.69,2.63,1.56
,,,Kuroko,Major,Gorillas,Planet of the Apes,Solar,84.7,810,52,0.577,0.577,30,22,21949,12790,9159,47,42,85,174,27.0%,409.8,238.8,171.0,0.88,0.78,1.59,3.25,422.1,246.0,176.1,0.90,0.81,1.63,3.35,132,108,2.46,2.02,2.54,2.08
,,,Unearthlylegend,Major,Monsoons,Storm,Solar,84.4,944,63,0.645,0.667,42,21,25285,14990,10295,68,43,77,219,31.1%,405.0,240.1,164.9,1.09,0.69,1.23,3.51,401.3,237.9,163.4,1.08,0.68,1.22,3.48,172,117,2.76,1.87,2.73,1.86
,,,Jfmachine,Major,"Louis Vuitton
Cobras","High Class
The Serpents",Lunar,83.9,751,51,0.564,0.529,27,24,20753,11870,8883,58,32,58,157,36.9%,417.9,239.0,178.9,1.17,0.64,1.17,3.16,406.9,232.7,174.2,1.14,0.63,1.14,3.08,134,114,2.70,2.30,2.63,2.24
,,,Yungflexxer,Major,Peppermint,Minty Fresh,Lunar,82.5,123,8,0.355,0.250,2,6,3509,2280,1229,11,3,15,28,39.3%,431.4,280.3,151.1,1.35,0.37,1.84,3.44,438.6,285.0,153.6,1.38,0.38,1.88,3.50,18,26,2.21,3.20,2.25,3.25
,,,Moosey,Major,Mastodons,Polar Vortex,Lunar,80.4,360,26,0.606,0.538,14,12,10004,5760,4244,25,12,38,76,32.9%,420.2,241.9,178.3,1.05,0.50,1.60,3.19,384.8,221.5,163.2,0.96,0.46,1.46,2.92,56,42,2.35,1.76,2.15,1.62
,,,Xaerous,Major,Lightning,Electric Mayhem,Lunar,78.8,942,64,0.603,0.594,38,26,25642,15080,10562,65,43,93,178,36.5%,411.6,242.1,169.5,1.04,0.69,1.49,2.86,400.7,235.6,165.0,1.02,0.67,1.45,2.78,161,123,2.58,1.97,2.52,1.92
,,,Styzzi,Major,Black Hand,The Order,Lunar,75.8,977,64,0.628,0.641,41,23,25176,14850,10326,60,50,88,195,30.8%,389.7,229.8,159.8,0.93,0.77,1.36,3.02,393.4,232.0,161.3,0.94,0.78,1.38,3.05,184,132,2.85,2.04,2.88,2.06
,,,Platshot,Major,"Seadevils
Celery","The Abyss
The Garden",Lunar,73.3,658,48,0.544,0.583,28,20,17539,9810,7729,37,21,74,136,27.2%,403.1,225.4,177.6,0.85,0.48,1.70,3.13,365.4,204.4,161.0,0.77,0.44,1.54,2.83,101,90,2.32,2.07,2.10,1.88
,,,Mrfelon,Major,Mastodons,Polar Vortex,Lunar,72.9,909,63,0.596,0.587,37,26,24899,13780,11119,51,33,109,158,32.3%,414.2,229.2,185.0,0.85,0.55,1.81,2.63,395.2,218.7,176.5,0.81,0.52,1.73,2.51,146,113,2.43,1.88,2.32,1.79
,,,Denz,Major,"Louis Vuitton
Killer Whales","High Class
The Ocean",Solar,72.5,950,64,0.533,0.516,33,31,25649,14900,10749,70,30,92,180,38.9%,408.3,237.2,171.1,1.11,0.48,1.46,2.87,400.8,232.8,168.0,1.09,0.47,1.44,2.81,164,151,2.61,2.40,2.56,2.36
,,,Noriko,Major,"Tyrannosaurus
Makos","Dino Park
Shark Attack",Solar,71.9,420,28,0.600,0.679,19,9,10735,5770,4965,26,16,30,87,29.9%,386.5,207.7,178.8,0.94,0.58,1.08,3.13,383.4,206.1,177.3,0.93,0.57,1.07,3.11,74,57,2.66,2.05,2.64,2.04
,,,Void.,Major,"Makos
Tyrannosaurus","Shark Attack
Dino Park",Solar,71.5,728,50,0.546,0.580,29,21,18684,11010,7674,47,36,64,131,35.9%,388.1,228.7,159.4,0.98,0.75,1.33,2.72,373.7,220.2,153.5,0.94,0.72,1.28,2.62,126,112,2.62,2.33,2.52,2.24
,,,Tterb86,Major,Gladiators,The Sovereign,Lunar,70.2,497,31,0.658,0.677,21,10,12039,6960,5079,25,29,41,96,26.0%,366.3,211.8,154.5,0.76,0.88,1.25,2.92,388.4,224.5,163.8,0.81,0.94,1.32,3.10,86,56,2.62,1.70,2.77,1.81
,,,Scottee,Major,Rockets,Fallout Shelter,Solar,70.0,272,19,0.465,0.526,10,9,6694,3880,2814,16,14,21,53,30.2%,372.2,215.7,156.4,0.89,0.78,1.17,2.95,352.3,204.2,148.1,0.84,0.74,1.11,2.79,43,47,2.39,2.61,2.26,2.47
,,,Zebu,Major,Raisin Branshees,Spooky Breakfast Gang,Solar,69.7,787,56,0.690,0.679,38,18,20427,11790,8637,54,31,68,144,37.5%,392.5,226.5,166.0,1.04,0.60,1.31,2.77,364.8,210.5,154.2,0.96,0.55,1.21,2.57,148,88,2.84,1.69,2.64,1.57
,,,Tylurr,Major,"Celery
Trashcans
Cobras
Louis Vuitton","The Garden
Waste Management
The Serpents
High Class",Lunar,69.6,927,60,0.453,0.483,29,31,23937,14180,9757,58,36,96,178,32.6%,390.5,231.3,159.2,0.95,0.59,1.57,2.90,399.0,236.3,162.6,0.97,0.60,1.60,2.97,143,161,2.33,2.63,2.38,2.68
,,,Cart,Major,Gladiators,The Sovereign,Lunar,69.6,951,59,0.586,0.593,35,24,24962,14820,10142,75,26,82,192,39.1%,396.9,235.7,161.3,1.19,0.41,1.30,3.05,423.1,251.2,171.9,1.27,0.44,1.39,3.25,159,127,2.53,2.02,2.69,2.15
,,,Crazy Vulpix,Major,Hydras,πολύ κεφάλη,Lunar,68.8,857,57,0.724,0.737,42,15,21086,12320,8766,50,36,74,182,27.5%,372.1,217.4,154.7,0.88,0.64,1.31,3.21,369.9,216.1,153.8,0.88,0.63,1.30,3.19,160,85,2.82,1.50,2.81,1.49
,,,Zach,Major,Raisin Branshees,Spooky Breakfast Gang,Solar,67.3,789,56,0.720,0.732,41,15,19821,11810,8011,58,29,60,156,37.2%,379.9,226.3,153.5,1.11,0.56,1.15,2.99,353.9,210.9,143.1,1.04,0.52,1.07,2.79,150,81,2.87,1.55,2.68,1.45
,,,Breadedrice,Major,Celery,The Garden,Lunar,67.3,193,15,0.487,0.467,7,8,5248,2840,2408,14,6,17,29,48.3%,411.2,222.5,188.7,1.10,0.47,1.33,2.27,349.9,189.3,160.5,0.93,0.40,1.13,1.93,30,31,2.35,2.43,2.00,2.07
,,,Mezmer,Major,Lightning,Electric Mayhem,Lunar,66.6,838,56,0.641,0.625,35,21,20756,12060,8696,54,31,68,171,31.6%,374.5,217.6,156.9,0.97,0.56,1.23,3.09,370.6,215.4,155.3,0.96,0.55,1.21,3.05,146,100,2.63,1.80,2.61,1.79
,,,B-Rad,Major,House Stark,Houses of Westeros,Solar,66.2,955,64,0.526,0.500,32,32,25135,14630,10505,61,34,105,158,38.6%,398.0,231.7,166.3,0.97,0.54,1.66,2.50,392.7,228.6,164.1,0.95,0.53,1.64,2.47,158,148,2.50,2.34,2.47,2.31
,,,Stego,Major,Alt Rockers,The Jukebox,Lunar,65.9,63,4,0.303,0.250,1,3,1587,890,697,1,4,10,9,11.1%,380.9,213.6,167.3,0.24,0.96,2.40,2.16,396.8,222.5,174.3,0.25,1.00,2.50,2.25,7,12,1.68,2.88,1.75,3.00
,,,Rayem Whisperwind,Major,Quads,The Quad Dynasty,Solar,65.6,799,56,0.606,0.643,36,20,20204,11210,8994,42,35,78,136,30.9%,382.4,212.2,170.2,0.79,0.66,1.48,2.57,360.8,200.2,160.6,0.75,0.63,1.39,2.43,130,98,2.46,1.85,2.32,1.75
,,,Dorito,Major,Hydras,πολύ κεφάλη,Lunar,65.4,821,54,0.692,0.685,37,17,20166,11920,8246,46,38,78,152,30.3%,371.4,219.6,151.9,0.85,0.70,1.44,2.80,373.4,220.7,152.7,0.85,0.70,1.44,2.81,148,87,2.73,1.60,2.74,1.61
,,,Rex,Major,Tyrannosaurus,Dino Park,Solar,65.3,816,55,0.548,0.582,32,23,20581,11630,8951,40,35,89,143,28.0%,381.4,215.5,165.9,0.74,0.65,1.65,2.65,374.2,211.5,162.7,0.73,0.64,1.62,2.60,137,121,2.54,2.24,2.49,2.20
,,,Cookie :>,Major,Seadevils,The Abyss,Lunar,63.5,790,52,0.517,0.481,25,27,19421,10860,8561,47,25,66,161,29.2%,371.7,207.9,163.9,0.90,0.48,1.26,3.08,373.5,208.8,164.6,0.90,0.48,1.27,3.10,117,112,2.24,2.14,2.25,2.15
,,,W33P,Major,Fantastic Four,The Comic Crusaders,Solar,63.4,884,58,0.558,0.586,34,24,21341,12830,8511,57,34,73,178,32.0%,365.1,219.5,145.6,0.98,0.58,1.25,3.04,367.9,221.2,146.7,0.98,0.59,1.26,3.07,144,124,2.46,2.12,2.48,2.14
,,,Aceofaidan,Major,House Stark,Houses of Westeros,Solar,63.4,784,52,0.475,0.442,23,29,18967,11100,7867,52,30,57,155,33.5%,365.8,214.1,151.7,1.00,0.58,1.10,2.99,364.8,213.5,151.3,1.00,0.58,1.10,2.98,123,131,2.37,2.53,2.37,2.52
,,,Flamethrowr,Major,"Cobras
Trashcans","The Serpents
Waste Management",Solar,63.4,397,24,0.531,0.583,14,10,9780,6210,3570,28,15,38,76,36.8%,372.5,236.5,136.0,1.07,0.57,1.45,2.89,407.5,258.8,148.8,1.17,0.63,1.58,3.17,67,62,2.55,2.36,2.79,2.58
,,,Sumguy,Major,Lasagna,Fifty-Fifty Pizzeria,Lunar,63.4,742,50,0.594,0.540,27,23,18299,10190,8109,41,26,67,144,28.5%,372.9,207.7,165.3,0.84,0.53,1.37,2.93,366.0,203.8,162.2,0.82,0.52,1.34,2.88,130,102,2.65,2.08,2.60,2.04
,,,V15 Ehf,Major,Contras,8-Bit Brigade,Lunar,62.6,780,53,0.513,0.528,28,25,19397,11380,8017,48,30,74,138,34.8%,376.0,220.6,155.4,0.93,0.58,1.43,2.68,366.0,214.7,151.3,0.91,0.57,1.40,2.60,124,120,2.40,2.33,2.34,2.26
,,,Zck,Major,Mutalisks,The Swarm,Solar,62.2,1013,61,0.591,0.557,34,27,23433,14080,9353,55,45,84,213,25.8%,349.8,210.2,139.6,0.82,0.67,1.25,3.18,384.1,230.8,153.3,0.90,0.74,1.38,3.49,177,140,2.64,2.09,2.90,2.30
,,,Lord Ironskull,Major,Wind,The Elements,Lunar,62.2,765,52,0.507,0.519,27,25,18997,10560,8437,49,23,61,146,33.6%,375.5,208.7,166.8,0.97,0.45,1.21,2.89,365.3,203.1,162.3,0.94,0.44,1.17,2.81,109,107,2.15,2.12,2.10,2.06
,,,Tehblister,Major,Lasagna,Fifty-Fifty Pizzeria,Lunar,62.1,884,60,0.592,0.550,33,27,21628,12860,8768,66,27,63,176,37.5%,370.0,220.0,150.0,1.13,0.46,1.08,3.01,360.5,214.3,146.1,1.10,0.45,1.05,2.93,156,123,2.67,2.10,2.60,2.05
,,,General Mills,Major,Quads,The Quad Dynasty,Solar,61.9,541,36,0.679,0.750,27,9,13094,7490,5604,34,26,38,89,38.2%,366.0,209.4,156.6,0.95,0.73,1.06,2.49,363.7,208.1,155.7,0.94,0.72,1.06,2.47,98,60,2.74,1.68,2.72,1.67
,,,Zair,Major,Contras,8-Bit Brigade,Lunar,61.4,755,51,0.463,0.471,24,27,18727,9950,8777,34,29,76,130,26.2%,375.1,199.3,175.8,0.68,0.58,1.52,2.60,367.2,195.1,172.1,0.67,0.57,1.49,2.55,111,122,2.22,2.44,2.18,2.39
,,,Pi'Erre,Major,Makos,Shark Attack,Solar,61.4,582,38,0.525,0.632,24,14,13828,8120,5708,37,32,38,92,40.2%,359.3,211.0,148.3,0.96,0.83,0.99,2.39,363.9,213.7,150.2,0.97,0.84,1.00,2.42,97,91,2.52,2.36,2.55,2.39
,,,Kagge01,Major,Quads,The Quad Dynasty,Solar,61.4,931,64,0.631,0.672,43,21,23498,12660,10838,45,37,97,146,30.8%,381.7,205.6,176.0,0.73,0.60,1.58,2.37,367.2,197.8,169.3,0.70,0.58,1.52,2.28,155,109,2.52,1.77,2.42,1.70
,,,Mooshu,Major,Fantastic Four,The Comic Crusaders,Solar,61.4,490,32,0.495,0.563,18,14,11361,6750,4611,29,15,39,115,25.2%,350.6,208.3,142.3,0.89,0.46,1.20,3.55,355.0,210.9,144.1,0.91,0.47,1.22,3.59,69,70,2.13,2.16,2.16,2.19
,,,Wall2Wall3,Major,Monsoons,Storm,Solar,61.2,944,63,0.645,0.667,42,21,22070,12280,9790,53,35,65,198,26.8%,353.5,196.7,156.8,0.85,0.56,1.04,3.17,350.3,194.9,155.4,0.84,0.56,1.03,3.14,172,117,2.76,1.87,2.73,1.86
,,,Trunkles,Major,Hydras,πολύ κεφάλη,Lunar,61.1,597,39,0.681,0.641,25,14,13637,8470,5167,42,23,36,132,31.8%,345.4,214.5,130.9,1.06,0.58,0.91,3.34,349.7,217.2,132.5,1.08,0.59,0.92,3.38,104,63,2.63,1.60,2.67,1.62
,,,Capn' Clutch,Major,Black Hand,The Order,Lunar,60.4,918,60,0.625,0.633,38,22,21391,12690,8701,59,39,61,179,33.0%,352.4,209.0,143.3,0.97,0.64,1.00,2.95,356.5,211.5,145.0,0.98,0.65,1.02,2.98,174,126,2.87,2.08,2.90,2.10
,,,Spudsy,Major,"Rockets
Fantastic Four","Fallout Shelter
The Comic Crusaders",Solar,60.4,652,43,0.462,0.465,20,23,15566,8540,7026,33,23,56,129,25.6%,361.0,198.1,163.0,0.77,0.53,1.30,2.99,362.0,198.6,163.4,0.77,0.53,1.30,3.00,97,107,2.25,2.48,2.26,2.49
,,,Shaunedc,Major,House Stark,Houses of Westeros,Solar,58.5,490,32,0.566,0.469,15,17,11463,6530,4933,24,24,42,83,28.9%,353.8,201.5,152.2,0.74,0.74,1.30,2.56,358.2,204.1,154.2,0.75,0.75,1.31,2.59,83,70,2.56,2.16,2.59,2.19
,,,Rylax24,Major,Chihuahuas,Dog Pound,Solar,58.1,777,50,0.426,0.440,22,28,17980,10320,7660,35,38,71,137,25.5%,349.9,200.8,149.1,0.68,0.74,1.38,2.67,359.6,206.4,153.2,0.70,0.76,1.42,2.74,122,147,2.37,2.86,2.44,2.94
,,,Grez,Major,Queens,House of Cards,Lunar,58.0,753,49,0.497,0.592,29,20,17160,9870,7290,38,35,58,142,26.8%,344.6,198.2,146.4,0.76,0.70,1.16,2.85,350.2,201.4,148.8,0.78,0.71,1.18,2.90,120,121,2.41,2.43,2.45,2.47
,,,Incognito89,Major,Rockets,Fallout Shelter,Solar,57.5,309,21,0.439,0.429,9,12,7174,3870,3304,13,13,27,57,22.8%,351.1,189.4,161.7,0.64,0.64,1.32,2.79,341.6,184.3,157.3,0.62,0.62,1.29,2.71,40,47,1.96,2.30,1.90,2.24
,,,Mack,Major,Mutalisks,The Swarm,Solar,56.4,873,53,0.598,0.566,30,23,19460,11490,7970,49,46,55,154,31.8%,337.1,199.0,138.1,0.85,0.80,0.95,2.67,367.2,216.8,150.4,0.92,0.87,1.04,2.91,156,121,2.70,2.10,2.94,2.28
,,,Kugelblitz,Major,Apollo,Mission Control,Solar,56.2,675,44,0.500,0.477,21,23,16679,9090,7589,35,25,67,99,35.4%,373.7,203.6,170.0,0.78,0.56,1.50,2.22,379.1,206.6,172.5,0.80,0.57,1.52,2.25,108,108,2.42,2.42,2.45,2.45
,,,Yullbrenna,Major,Black Hand,The Order,Lunar,56.1,797,52,0.633,0.654,34,18,18070,10810,7260,52,37,47,141,36.9%,342.8,205.1,137.7,0.99,0.70,0.89,2.68,347.5,207.9,139.6,1.00,0.71,0.90,2.71,155,110,2.94,2.09,2.98,2.12
,,,Tuna,Major,"Celery
Seadevils","The Garden
The Abyss",Lunar,56.0,820,51,0.500,0.490,25,26,19430,10850,8580,44,29,71,145,30.3%,358.3,200.1,158.2,0.81,0.53,1.31,2.67,381.0,212.7,168.2,0.86,0.57,1.39,2.84,119,119,2.19,2.19,2.33,2.33
,,,Ahmi,Major,Queens,House of Cards,Lunar,55.3,523,35,0.490,0.571,20,15,12187,6750,5437,27,21,42,90,30.0%,352.4,195.2,157.2,0.78,0.61,1.21,2.60,348.2,192.9,155.3,0.77,0.60,1.20,2.57,77,79,2.23,2.28,2.20,2.26
,,,Dapperstarfishh,Major,Black Riders,Middle Earth,Lunar,53.7,757,53,0.386,0.358,19,34,18213,9820,8393,40,28,66,112,35.7%,363.8,196.2,167.7,0.80,0.56,1.32,2.24,343.6,185.3,158.4,0.75,0.53,1.25,2.11,106,142,2.12,2.84,2.00,2.68
,,,Trusolja,Major,Makos,Shark Attack,Solar,53.3,365,23,0.416,0.478,11,12,8976,5180,3796,20,10,42,58,34.5%,371.9,214.6,157.3,0.83,0.41,1.74,2.40,390.3,225.2,165.0,0.87,0.43,1.83,2.52,49,61,2.03,2.53,2.13,2.65
,,,Euronate,Major,Apollo,Mission Control,Solar,53.2,931,60,0.500,0.517,31,29,21746,12150,9596,45,35,87,155,29.0%,353.2,197.3,155.9,0.73,0.57,1.41,2.52,362.4,202.5,159.9,0.75,0.58,1.45,2.58,143,143,2.32,2.32,2.38,2.38
,,,Disasterpiece,Major,"Chihuahuas
Makos","Dog Pound
Shark Attack",Solar,53.2,121,8,0.426,0.375,3,5,2976,1570,1406,6,4,12,17,35.3%,371.9,196.2,175.7,0.75,0.50,1.50,2.12,372.0,196.3,175.8,0.75,0.50,1.50,2.13,20,24,2.50,3.00,2.50,3.00
,,,Viper15,Major,Gladiators,The Sovereign,Lunar,52.4,834,52,0.585,0.577,30,22,18599,10770,7829,44,34,63,152,28.9%,337.2,195.3,142.0,0.80,0.62,1.14,2.76,357.7,207.1,150.6,0.85,0.65,1.21,2.92,141,113,2.56,2.05,2.71,2.17
,,,Trspriggs,Major,Cobras,The Serpents,Solar,52.3,898,60,0.487,0.467,28,32,20643,11730,8913,57,32,58,153,37.3%,347.6,197.5,150.1,0.96,0.54,0.98,2.58,344.1,195.5,148.6,0.95,0.53,0.97,2.55,149,154,2.51,2.59,2.48,2.57
,,,Coates,Major,Celery,The Garden,Lunar,52.2,571,40,0.500,0.525,21,19,13039,7410,5629,29,25,47,91,31.9%,345.3,196.2,149.1,0.77,0.66,1.24,2.41,326.0,185.3,140.7,0.73,0.63,1.18,2.28,88,88,2.33,2.33,2.20,2.20
,,,.Skoot^,Major,"Lasagna
Chihuahuas
Alt Rockers","Fifty-Fifty Pizzeria
Dog Pound
The Jukebox",Lunar,51.9,647,42,0.570,0.571,24,18,14580,8770,5810,40,24,48,117,34.2%,340.8,205.0,135.8,0.93,0.56,1.12,2.73,347.1,208.8,138.3,0.95,0.57,1.14,2.79,116,97,2.71,2.27,2.76,2.31
,,,Kareemostyle,Major,Wind,The Elements,Lunar,51.3,822,56,0.562,0.589,33,23,18957,10130,8827,41,22,68,153,26.8%,348.7,186.4,162.4,0.75,0.40,1.25,2.81,338.5,180.9,157.6,0.73,0.39,1.21,2.73,125,106,2.30,1.95,2.23,1.89
,,,Skrtmcgert,Major,Black Riders,Middle Earth,Lunar,51.0,47,3,0.662,0.667,2,1,991,550,441,1,2,5,10,10.0%,318.8,177.0,141.9,0.32,0.64,1.61,3.22,330.3,183.3,147.0,0.33,0.67,1.67,3.33,5,3,1.61,0.97,1.67,1.00
,,,Aizzaku!,Major,Apollo,Mission Control,Solar,50.5,377,22,0.553,0.591,13,9,8608,5500,3108,32,12,21,65,49.2%,345.3,220.6,124.7,1.28,0.48,0.84,2.61,391.3,250.0,141.3,1.45,0.55,0.95,2.95,63,55,2.53,2.21,2.86,2.50
,,,Yoder,Major,"Black Riders
Trashcans","Middle Earth
Waste Management",Lunar,50.5,786,52,0.349,0.288,15,37,18120,10570,7550,46,24,68,137,33.6%,348.6,203.4,145.3,0.88,0.46,1.31,2.64,348.5,203.3,145.2,0.88,0.46,1.31,2.63,116,170,2.23,3.27,2.23,3.27
,,,Keiko,Major,"Queens
Louis Vuitton","House of Cards
High Class",Lunar,49.8,573,36,0.393,0.361,13,23,12432,6850,5582,28,23,37,105,26.7%,328.1,180.8,147.3,0.74,0.61,0.98,2.77,345.3,190.3,155.1,0.78,0.64,1.03,2.92,78,103,2.06,2.72,2.17,2.86
,,,Feen'S Pal,Major,Seadevils,The Abyss,Lunar,49.7,749,50,0.518,0.500,25,25,16182,8870,7312,35,33,48,132,26.5%,326.7,179.1,147.6,0.71,0.67,0.97,2.66,323.6,177.4,146.2,0.70,0.66,0.96,2.64,108,103,2.18,2.08,2.16,2.06
,,,Prolly,Major,Mutalisks,The Swarm,Solar,49.1,1013,61,0.591,0.557,34,27,22596,13470,9126,61,38,75,172,35.5%,337.3,201.1,136.2,0.91,0.57,1.12,2.57,370.4,220.8,149.6,1.00,0.62,1.23,2.82,177,140,2.64,2.09,2.90,2.30
,,,Cool,Major,Celery,The Garden,Lunar,49.1,57,4,0.794,1.000,4,0,1255,710,545,2,4,5,6,33.3%,332.9,188.4,144.6,0.53,1.06,1.33,1.59,313.8,177.5,136.3,0.50,1.00,1.25,1.50,12,5,3.18,1.33,3.00,1.25
,,,Deezmuffinz,Major,Mastodons,Polar Vortex,Lunar,49.0,836,57,0.605,0.596,34,23,18824,10820,8004,42,34,72,132,31.8%,340.5,195.7,144.8,0.76,0.61,1.30,2.39,330.2,189.8,140.4,0.74,0.60,1.26,2.32,135,102,2.44,1.84,2.37,1.79
,,,Tuna Can Terrence,Major,Chihuahuas,Dog Pound,Solar,48.5,692,45,0.371,0.356,16,29,16360,9570,6790,47,16,59,112,42.0%,357.5,209.1,148.4,1.03,0.35,1.29,2.45,363.6,212.7,150.9,1.04,0.36,1.31,2.49,101,140,2.21,3.06,2.24,3.11
,,,Hippo,Major,Quads,The Quad Dynasty,Solar,48.2,289,20,0.510,0.550,11,9,6698,3890,2808,19,5,24,54,35.2%,350.5,203.5,146.9,0.99,0.26,1.26,2.83,334.9,194.5,140.4,0.95,0.25,1.20,2.70,37,36,1.94,1.88,1.85,1.80
,,,Just_Hollywood,Major,Lasagna,Fifty-Fifty Pizzeria,Lunar,47.9,442,31,0.584,0.581,18,13,9613,5280,4333,15,24,39,63,23.8%,328.9,180.6,148.2,0.51,0.82,1.33,2.16,310.1,170.3,139.8,0.48,0.77,1.26,2.03,77,62,2.63,2.12,2.48,2.00
,,,J,Major,Peppermint,Minty Fresh,Lunar,47.5,589,38,0.390,0.316,12,26,13353,7140,6213,26,20,52,94,27.7%,342.8,183.3,159.5,0.67,0.51,1.34,2.41,351.4,187.9,163.5,0.68,0.53,1.37,2.47,74,99,1.90,2.54,1.95,2.61
,,,Lawmnmower,Major,Monsoons,Storm,Solar,46.4,714,48,0.696,0.729,35,13,15058,8620,6438,40,31,37,122,32.8%,318.9,182.6,136.3,0.85,0.66,0.78,2.58,313.7,179.6,134.1,0.83,0.65,0.77,2.54,144,85,3.05,1.80,3.00,1.77
,,,Gradster13,Major,Gladiators,The Sovereign,Lunar,45.1,775,47,0.577,0.596,28,19,16692,9850,6842,29,44,75,100,29.0%,325.7,192.2,133.5,0.57,0.86,1.46,1.95,355.1,209.6,145.6,0.62,0.94,1.60,2.13,133,109,2.60,2.13,2.83,2.32
,,,Violagattina,Major,"Quads
Makos","The Quad Dynasty
Shark Attack",Solar,44.8,227,16,0.686,0.688,11,5,4920,2980,1940,14,8,16,38,36.8%,327.7,198.5,129.2,0.93,0.53,1.07,2.53,307.5,186.3,121.3,0.88,0.50,1.00,2.38,43,26,2.86,1.73,2.69,1.63
,,,Irradiated Seal,Major,"Black Hand
Lightning
Apollo","The Order
Electric Mayhem
Mission Control",Lunar,44.2,325,22,0.595,0.591,13,9,7189,4070,3119,19,10,23,52,36.5%,334.5,189.4,145.1,0.88,0.47,1.07,2.42,326.8,185.0,141.8,0.86,0.45,1.05,2.36,54,42,2.51,1.95,2.45,1.91
,,,Bob,Major,Fantastic Four,The Comic Crusaders,Solar,44.1,638,42,0.535,0.548,23,19,13623,7770,5853,36,19,41,117,30.8%,322.9,184.2,138.7,0.85,0.45,0.97,2.77,324.4,185.0,139.4,0.86,0.45,0.98,2.79,104,95,2.46,2.25,2.48,2.26
,,,Spoon.,Major,Hawks,Birds of Prey,Solar,43.9,852,56,0.377,0.339,19,37,19582,11180,8402,36,32,98,108,33.3%,347.6,198.4,149.1,0.64,0.57,1.74,1.92,349.7,199.6,150.0,0.64,0.57,1.75,1.93,122,167,2.17,2.96,2.18,2.98
,,,Whatitdobayybbee,Major,Queens,House of Cards,Lunar,43.9,757,50,0.463,0.540,27,23,17232,9490,7742,38,21,70,114,33.3%,344.2,189.6,154.7,0.76,0.42,1.40,2.28,344.6,189.8,154.8,0.76,0.42,1.40,2.28,111,122,2.22,2.44,2.22,2.44
,,,Nathanry,Major,Equinox,The Cosmos,Lunar,43.5,1026,64,0.343,0.297,19,45,23812,13530,10282,41,32,129,138,29.7%,351.0,199.4,151.5,0.60,0.47,1.90,2.03,372.1,211.4,160.7,0.64,0.50,2.02,2.16,119,182,1.75,2.68,1.86,2.84
,,,Biscuit (Old),Major,"Tyrannosaurus
Fantastic Four","Dino Park
The Comic Crusaders",Solar,43.2,814,54,0.568,0.556,30,24,16342,9100,7242,36,45,40,125,28.8%,303.6,169.1,134.5,0.67,0.84,0.74,2.32,302.6,168.5,134.1,0.67,0.83,0.74,2.31,137,115,2.55,2.14,2.54,2.13
,,,Crltn,Major,Chihuahuas,Dog Pound,Solar,43.2,476,31,0.446,0.452,14,17,10002,5450,4552,23,18,29,80,28.8%,317.7,173.1,144.6,0.73,0.57,0.92,2.54,322.6,175.8,146.8,0.74,0.58,0.94,2.58,76,87,2.41,2.76,2.45,2.81
,,,Sindalu,Major,Wind,The Elements,Lunar,42.7,830,56,0.532,0.554,31,25,17869,10210,7659,36,29,76,136,26.5%,325.6,186.0,139.5,0.66,0.53,1.38,2.48,319.1,182.3,136.8,0.64,0.52,1.36,2.43,125,115,2.28,2.10,2.23,2.05
,,,Script,Major,"Killer Whales
Gorillas","The Ocean
Planet of the Apes",Solar,42.6,260,15,0.204,0.133,2,13,5518,3170,2348,12,10,21,42,28.6%,320.9,184.4,136.6,0.70,0.58,1.22,2.44,367.9,211.3,156.5,0.80,0.67,1.40,2.80,27,63,1.57,3.66,1.80,4.20
,,,Laprius,Major,Queens,House of Cards,Lunar,42.5,709,48,0.451,0.521,25,23,15894,8880,7014,35,24,64,98,35.7%,339.0,189.4,149.6,0.75,0.51,1.37,2.09,331.1,185.0,146.1,0.73,0.50,1.33,2.04,105,119,2.24,2.54,2.19,2.48
,,,Abom,Major,Hydras,πολύ κεφάλη,Lunar,42.1,560,36,0.709,0.778,28,8,12193,7120,5073,33,18,41,87,37.9%,329.2,192.3,137.0,0.89,0.49,1.11,2.35,338.7,197.8,140.9,0.92,0.50,1.14,2.42,101,56,2.73,1.51,2.81,1.56
,,,Jitterzrl,Major,Apollo,Mission Control,Solar,42.1,62,4,0.698,1.000,4,0,1624,1030,594,3,0,13,8,37.5%,396.1,251.2,144.9,0.73,0.00,3.17,1.95,406.0,257.5,148.5,0.75,0.00,3.25,2.00,9,5,2.20,1.22,2.25,1.25
,,,Gillz,Major,Hawks,Birds of Prey,Solar,42.0,975,64,0.366,0.313,20,44,20481,11630,8851,50,35,65,163,30.7%,317.6,180.4,137.3,0.78,0.54,1.01,2.53,320.0,181.7,138.3,0.78,0.55,1.02,2.55,137,193,2.12,2.99,2.14,3.02
,,,Theblobofglob22,Major,Killer Whales,The Ocean,Solar,41.8,691,43,0.417,0.372,16,27,15194,8390,6804,33,24,58,99,33.3%,332.5,183.6,148.9,0.72,0.53,1.27,2.17,353.3,195.1,158.2,0.77,0.56,1.35,2.30,102,126,2.23,2.76,2.37,2.93
,,,Sauceoninfinity,Major,Cobras,The Serpents,Solar,41.8,442,31,0.427,0.355,11,20,9200,4780,4420,17,15,31,78,21.8%,314.8,163.5,151.2,0.58,0.51,1.06,2.67,296.8,154.2,142.6,0.55,0.48,1.00,2.52,70,84,2.39,2.87,2.26,2.71
,,,Obijuankenoi,Major,Rockets,Fallout Shelter,Solar,41.7,317,21,0.463,0.381,8,13,6840,3940,2900,16,9,27,54,29.6%,326.3,187.9,138.3,0.76,0.43,1.29,2.58,325.7,187.6,138.1,0.76,0.43,1.29,2.57,51,56,2.43,2.67,2.43,2.67
,,,N0Maa,Major,"Apollo
Fantastic Four
Lasagna","Mission Control
The Comic Crusaders
Fifty-Fifty Pizzeria",Solar,41.3,718,49,0.457,0.490,24,25,14760,7550,7210,22,31,53,115,19.1%,310.9,159.0,151.8,0.46,0.65,1.12,2.42,301.2,154.1,147.1,0.45,0.63,1.08,2.35,102,114,2.15,2.40,2.08,2.33
,,,Olchristmaslo,Major,Makos,Shark Attack,Solar,41.0,96,7,0.674,0.714,5,2,2115,1370,745,6,4,9,12,50.0%,333.2,215.8,117.4,0.95,0.63,1.42,1.89,302.1,195.7,106.4,0.86,0.57,1.29,1.71,19,12,2.99,1.89,2.71,1.71
,,,Stellarzenith,Major,Celery,The Garden,Lunar,40.6,708,51,0.500,0.529,27,24,14790,7920,6870,34,26,42,112,30.4%,315.9,169.2,146.7,0.73,0.56,0.90,2.39,290.0,155.3,134.7,0.67,0.51,0.82,2.20,104,104,2.22,2.22,2.04,2.04
,,,Nighthawk,Major,Trashcans,Waste Management,Solar,40.6,953,60,0.341,0.300,18,42,20361,11620,8741,52,32,67,147,35.4%,323.1,184.4,138.7,0.83,0.51,1.06,2.33,339.4,193.7,145.7,0.87,0.53,1.12,2.45,138,207,2.19,3.28,2.30,3.45
,,,Ceejay,Major,"Trashcans
Apollo","Waste Management
Mission Control",Solar,40.5,713,46,0.426,0.391,18,28,14684,8870,5814,38,28,50,117,32.5%,311.4,188.1,123.3,0.81,0.59,1.06,2.48,319.2,192.8,126.4,0.83,0.61,1.09,2.54,107,129,2.27,2.74,2.33,2.80
,,,Ghaleon,Major,Monsoons,Storm,Solar,39.4,230,15,0.451,0.467,7,8,4870,2460,2410,11,9,12,31,35.5%,320.2,161.7,158.4,0.72,0.59,0.79,2.04,324.7,164.0,160.7,0.73,0.60,0.80,2.07,28,32,1.84,2.10,1.87,2.13
,,,Skiv,Major,Cobras,The Serpents,Solar,39.4,811,54,0.488,0.481,26,28,17037,9210,7827,31,33,66,116,26.7%,317.7,171.7,145.9,0.58,0.62,1.23,2.16,315.5,170.6,144.9,0.57,0.61,1.22,2.15,137,141,2.55,2.63,2.54,2.61
,,,Orlanden,Major,Mutalisks,The Swarm,Solar,39.2,140,8,0.538,0.500,4,4,2866,1740,1126,12,2,3,29,41.4%,309.6,187.9,121.6,1.30,0.22,0.32,3.13,358.3,217.5,140.8,1.50,0.25,0.38,3.63,21,19,2.27,2.05,2.63,2.38
,,,Dubloongoon,Major,Hawks,Birds of Prey,Solar,39.1,72,4,0.307,0.000,0,4,1596,830,766,2,3,8,8,25.0%,335.2,174.3,160.9,0.42,0.63,1.68,1.68,399.0,207.5,191.5,0.50,0.75,2.00,2.00,9,15,1.89,3.15,2.25,3.75
,,,Cineo,Major,"Fantastic Four
Tyrannosaurus","The Comic Crusaders
Dino Park",Solar,39.1,710,47,0.526,0.574,27,20,14575,8030,6545,37,26,38,113,32.7%,310.4,171.0,139.4,0.79,0.55,0.81,2.41,310.1,170.9,139.3,0.79,0.55,0.81,2.40,109,102,2.32,2.17,2.32,2.17
,,,Splatmonkey14,Major,Gorillas,Planet of the Apes,Solar,38.7,881,56,0.553,0.554,31,25,18481,11000,7481,52,30,59,135,38.5%,317.2,188.8,128.4,0.89,0.51,1.01,2.32,330.0,196.4,133.6,0.93,0.54,1.05,2.41,150,131,2.57,2.25,2.68,2.34
,,,Beans,Major,Black Riders,Middle Earth,Lunar,38.3,725,47,0.486,0.468,22,25,15811,8320,7491,26,22,72,102,25.5%,329.8,173.5,156.2,0.54,0.46,1.50,2.13,336.4,177.0,159.4,0.55,0.47,1.53,2.17,113,117,2.36,2.44,2.40,2.49
,,,Shanerbaner,Major,Makos,Shark Attack,Solar,38.3,59,4,0.426,0.500,2,2,1010,480,530,1,5,1,8,12.5%,258.9,123.0,135.8,0.26,1.28,0.26,2.05,252.5,120.0,132.5,0.25,1.25,0.25,2.00,10,12,2.56,3.08,2.50,3.00
,,,Evan,Major,Peppermint,Minty Fresh,Lunar,38.1,567,37,0.407,0.324,12,25,12392,6580,5812,22,13,57,88,25.0%,330.5,175.5,155.0,0.59,0.35,1.52,2.35,334.9,177.8,157.1,0.59,0.35,1.54,2.38,71,91,1.89,2.43,1.92,2.46
,,,Caleblee,Major,Peppermint,Minty Fresh,Lunar,38.1,465,29,0.376,0.276,8,21,10333,6060,4273,21,12,54,66,31.8%,336.0,197.1,139.0,0.68,0.39,1.76,2.15,356.3,209.0,147.3,0.72,0.41,1.86,2.28,56,78,1.82,2.54,1.93,2.69
,,,Trudust,Major,Gorillas,Planet of the Apes,Solar,38.0,521,33,0.524,0.515,17,16,10537,6070,4467,29,18,28,87,33.3%,305.8,176.2,129.7,0.84,0.52,0.81,2.53,319.3,183.9,135.4,0.88,0.55,0.85,2.64,86,81,2.50,2.35,2.61,2.45
,,,Jam I Am,Major,Black Riders,Middle Earth,Lunar,37.1,817,55,0.409,0.382,21,34,17017,9820,7197,45,23,57,132,34.1%,315.0,181.8,133.2,0.83,0.43,1.06,2.44,309.4,178.5,130.9,0.82,0.42,1.04,2.40,119,150,2.20,2.78,2.16,2.73
,,,Ty26,Major,Alt Rockers,The Jukebox,Lunar,36.8,786,51,0.213,0.118,6,45,16688,8770,7918,29,19,73,127,22.8%,321.1,168.7,152.3,0.56,0.37,1.40,2.44,327.2,172.0,155.3,0.57,0.37,1.43,2.49,73,169,1.40,3.25,1.43,3.31
,,,Bravenewwrld,Major,Lightning,Electric Mayhem,Lunar,36.7,933,63,0.612,0.603,38,25,19273,10600,8673,38,37,73,130,29.2%,312.4,171.8,140.6,0.62,0.60,1.18,2.11,305.9,168.3,137.7,0.60,0.59,1.16,2.06,161,120,2.61,1.94,2.56,1.90
,,,Dbowden10,Major,Mastodons,Polar Vortex,Lunar,36.2,560,39,0.573,0.590,23,16,11964,6730,5234,26,17,50,78,33.3%,323.1,181.7,141.3,0.70,0.46,1.35,2.11,306.8,172.6,134.2,0.67,0.44,1.28,2.00,93,77,2.51,2.08,2.38,1.97
,,,Badasswalrus,Major,Contras,8-Bit Brigade,Lunar,36.0,332,22,0.430,0.455,10,12,7173,4130,3043,8,14,45,38,21.1%,326.7,188.1,138.6,0.36,0.64,2.05,1.73,326.0,187.7,138.3,0.36,0.64,2.05,1.73,45,54,2.05,2.46,2.05,2.45
,,,Merely,Major,Black Hand,The Order,Lunar,35.0,50,4,0.309,0.250,1,3,1093,540,553,3,0,3,9,33.3%,330.6,163.3,167.2,0.91,0.00,0.91,2.72,273.3,135.0,138.3,0.75,0.00,0.75,2.25,6,10,1.81,3.02,1.50,2.50
,,,Arkin,Major,Celery,The Garden,Lunar,34.4,343,23,0.433,0.478,11,12,6900,3930,2970,13,10,31,58,22.4%,304.2,173.3,130.9,0.57,0.44,1.37,2.56,300.0,170.9,129.1,0.57,0.43,1.35,2.52,47,56,2.07,2.47,2.04,2.43
,,,Unknown S Iv,Major,Apollo,Mission Control,Solar,34.3,49,3,0.443,0.333,1,2,1066,750,316,3,2,6,5,60.0%,329.0,231.5,97.5,0.93,0.62,1.85,1.54,355.3,250.0,105.3,1.00,0.67,2.00,1.67,6,7,1.85,2.16,2.00,2.33
,,,Frostii.,Major,Tyrannosaurus,Dino Park,Solar,34.1,503,33,0.480,0.576,19,14,10616,6240,4376,24,11,50,79,30.4%,319.2,187.6,131.6,0.72,0.33,1.50,2.37,321.7,189.1,132.6,0.73,0.33,1.52,2.39,74,78,2.22,2.34,2.24,2.36
,,,Llama,Major,Contras,8-Bit Brigade,Lunar,34.0,761,52,0.439,0.481,25,27,15883,9140,6743,43,17,56,119,36.1%,315.6,181.6,134.0,0.85,0.34,1.11,2.36,305.4,175.8,129.7,0.83,0.33,1.08,2.29,113,132,2.25,2.62,2.17,2.54
,,,Porkchop,Major,Peppermint,Minty Fresh,Lunar,33.9,67,4,0.144,0.000,0,4,1448,700,748,3,1,5,10,30.0%,326.8,158.0,168.8,0.68,0.23,1.13,2.26,362.0,175.0,187.0,0.75,0.25,1.25,2.50,6,18,1.35,4.06,1.50,4.50
,,,Zekk,Major,Hawks,Birds of Prey,Solar,33.0,855,56,0.389,0.339,19,37,17907,10140,7767,43,27,68,109,39.4%,316.7,179.3,137.4,0.76,0.48,1.20,1.93,319.8,181.1,138.7,0.77,0.48,1.21,1.95,126,167,2.23,2.95,2.25,2.98
,,,Plasmid,Major,Rockets,Fallout Shelter,Solar,32.9,601,40,0.528,0.575,23,17,12375,6810,5565,34,10,38,101,33.7%,311.4,171.3,140.0,0.86,0.25,0.96,2.54,309.4,170.3,139.1,0.85,0.25,0.95,2.53,102,95,2.57,2.39,2.55,2.38
,,,Czexmix,Major,Hawks,Birds of Prey,Solar,32.7,116,8,0.307,0.250,2,6,2504,1320,1184,4,2,13,17,23.5%,326.4,172.1,154.3,0.52,0.26,1.69,2.22,313.0,165.0,148.0,0.50,0.25,1.63,2.13,13,22,1.69,2.87,1.63,2.75
,,,Untamed,Major,Makos,Shark Attack,Solar,32.0,595,39,0.438,0.462,18,21,12537,6620,5917,24,12,55,87,27.6%,318.6,168.2,150.4,0.61,0.30,1.40,2.21,321.5,169.7,151.7,0.62,0.31,1.41,2.23,88,103,2.24,2.62,2.26,2.64
,,,Guy Flurry,Major,Killer Whales,The Ocean,Solar,31.1,757,51,0.401,0.392,20,31,14831,8400,6431,27,28,64,110,24.5%,296.3,167.8,128.5,0.54,0.56,1.28,2.20,290.8,164.7,126.1,0.53,0.55,1.25,2.16,112,144,2.24,2.88,2.20,2.82
,,,Wray,Major,Wind,The Elements,Lunar,31.0,235,16,0.522,0.500,8,8,4285,2350,1935,6,12,16,35,17.1%,275.7,151.2,124.5,0.39,0.77,1.03,2.25,267.8,146.9,120.9,0.38,0.75,1.00,2.19,37,35,2.38,2.25,2.31,2.19
,,,Cryke,Major,Equinox,The Cosmos,Lunar,30.3,715,45,0.406,0.356,16,29,14393,7750,6643,24,22,65,100,24.0%,304.4,163.9,140.5,0.51,0.47,1.37,2.11,319.8,172.2,147.6,0.53,0.49,1.44,2.22,93,119,1.97,2.52,2.07,2.64
,,,Lilnate,Major,Killer Whales,The Ocean,Solar,29.3,539,34,0.412,0.412,14,20,11436,5930,5506,21,13,51,63,33.3%,320.8,166.4,154.5,0.59,0.36,1.43,1.77,336.4,174.4,161.9,0.62,0.38,1.50,1.85,80,100,2.24,2.81,2.35,2.94
,,,Shadowxd,Major,Equinox,The Cosmos,Lunar,29.2,703,44,0.407,0.364,16,28,13949,8020,5929,37,15,49,112,33.0%,300.0,172.5,127.5,0.80,0.32,1.05,2.41,317.0,182.3,134.8,0.84,0.34,1.11,2.55,90,115,1.94,2.47,2.05,2.61
,,,Moondog,Major,Louis Vuitton,High Class,Lunar,27.7,775,52,0.522,0.577,30,22,15414,8260,7154,32,23,58,101,31.7%,300.8,161.2,139.6,0.62,0.45,1.13,1.97,296.4,158.8,137.6,0.62,0.44,1.12,1.94,126,119,2.46,2.32,2.42,2.29
,,,Rosie,Major,Louis Vuitton,High Class,Lunar,27.6,338,24,0.474,0.500,12,12,6861,3730,3131,14,11,28,38,36.8%,307.0,166.9,140.1,0.63,0.49,1.25,1.70,285.9,155.4,130.5,0.58,0.46,1.17,1.58,60,64,2.68,2.86,2.50,2.67
,,,Specialk,Major,House Stark,Houses of Westeros,Solar,27.4,636,44,0.557,0.591,26,18,12199,6270,5929,21,26,42,77,27.3%,290.0,149.1,141.0,0.50,0.62,1.00,1.83,277.3,142.5,134.8,0.48,0.59,0.95,1.75,110,95,2.62,2.26,2.50,2.16
,,,Mochi,Major,Chihuahuas,Dog Pound,Solar,26.6,636,42,0.381,0.381,16,26,12003,6630,5373,29,22,35,88,33.0%,285.4,157.6,127.8,0.69,0.52,0.83,2.09,285.8,157.9,127.9,0.69,0.52,0.83,2.10,102,137,2.43,3.26,2.43,3.26
,,,Eman,Major,Rockets,Fallout Shelter,Solar,26.1,68,4,0.194,0.000,0,4,1445,940,505,3,1,10,9,33.3%,321.3,209.0,112.3,0.67,0.22,2.22,2.00,361.3,235.0,126.3,0.75,0.25,2.50,2.25,5,13,1.11,2.89,1.25,3.25
,,,Embertr,Major,Peppermint,Minty Fresh,Lunar,26.0,628,40,0.339,0.275,11,29,11986,6580,5406,22,22,49,83,26.5%,288.6,158.4,130.2,0.53,0.53,1.18,2.00,299.7,164.5,135.2,0.55,0.55,1.23,2.08,79,121,1.90,2.91,1.98,3.03
,,,Ewok_360,Major,Gorillas,Planet of the Apes,Solar,24.9,411,27,0.598,0.593,16,11,7774,4320,3454,15,13,32,57,26.3%,286.0,158.9,127.1,0.55,0.48,1.18,2.10,287.9,160.0,127.9,0.56,0.48,1.19,2.11,59,45,2.17,1.66,2.19,1.67
,,,Grizzly X Rages,Major,"Peppermint
Equinox","Minty Fresh
The Cosmos",Lunar,23.6,261,18,0.272,0.222,4,14,5182,2750,2432,10,7,22,30,33.3%,300.2,159.3,140.9,0.58,0.41,1.27,1.74,287.9,152.8,135.1,0.56,0.39,1.22,1.67,32,59,1.85,3.42,1.78,3.28
,,,Zoyp,Major,Trashcans,Waste Management,Solar,23.0,84,6,0.500,0.500,3,3,1523,800,723,1,6,7,5,20.0%,274.2,144.0,130.2,0.18,1.08,1.26,0.90,253.8,133.3,120.5,0.17,1.00,1.17,0.83,16,16,2.88,2.88,2.67,2.67
,,,Mattt,Major,Alt Rockers,The Jukebox,Lunar,20.8,467,31,0.288,0.129,4,27,9051,4900,4151,20,9,37,60,33.3%,293.1,158.7,134.4,0.65,0.29,1.20,1.94,292.0,158.1,133.9,0.65,0.29,1.19,1.94,52,93,1.68,3.01,1.68,3.00
,,,2Jsix,Major,Contras,8-Bit Brigade,Lunar,20.2,198,14,0.370,0.429,6,8,3623,1620,2003,6,7,9,22,27.3%,276.7,123.7,153.0,0.46,0.53,0.69,1.68,258.8,115.7,143.1,0.43,0.50,0.64,1.57,24,34,1.83,2.60,1.71,2.43
,,,Bavarian,Major,Trashcans,Waste Management,Solar,20.0,463,31,0.341,0.290,9,22,8831,4700,4131,16,12,39,55,29.1%,288.4,153.5,134.9,0.52,0.39,1.27,1.80,284.9,151.6,133.3,0.52,0.39,1.26,1.77,69,103,2.25,3.36,2.23,3.32
,,,Curveman99,Major,Equinox,The Cosmos,Lunar,19.4,151,9,0.394,0.222,2,7,2610,1470,1140,6,5,8,22,27.3%,261.4,147.2,114.2,0.60,0.50,0.80,2.20,290.0,163.3,126.7,0.67,0.56,0.89,2.44,23,30,2.30,3.00,2.56,3.33
,,,Call Me Cl3V3R,Major,Equinox,The Cosmos,Lunar,15.8,150,9,0.152,0.111,1,8,2852,1330,1522,5,0,12,23,21.7%,287.5,134.1,153.4,0.50,0.00,1.21,2.32,316.9,147.8,169.1,0.56,0.00,1.33,2.56,9,29,0.91,2.92,1.00,3.22
,,,Cheapshot,Major,Mastodons,Polar Vortex,Lunar,15.8,62,4,0.658,0.750,3,1,1195,540,655,2,0,5,9,22.2%,291.5,131.7,159.8,0.49,0.00,1.22,2.20,298.8,135.0,163.8,0.50,0.00,1.25,2.25,8,5,1.95,1.22,2.00,1.25
,,,Lilrodge,Major,"Rockets
Makos
Trashcans","Fallout Shelter
Shark Attack
Waste Management",Solar,15.5,611,40,0.231,0.150,6,34,10988,5950,5038,15,23,54,60,25.0%,271.9,147.3,124.7,0.37,0.57,1.34,1.48,274.7,148.8,126.0,0.38,0.58,1.35,1.50,67,142,1.66,3.51,1.68,3.55
,,,Indecisive,Major,Alt Rockers,The Jukebox,Lunar,15.3,465,33,0.124,0.091,3,30,9548,4480,5068,12,4,53,43,27.9%,310.5,145.7,164.8,0.39,0.13,1.72,1.40,289.3,135.8,153.6,0.36,0.12,1.61,1.30,32,112,1.04,3.64,0.97,3.39
,,,Froop,Major,"Equinox
Louis Vuitton","The Cosmos
High Class",Lunar,11.5,103,7,0.293,0.286,2,5,1716,880,836,3,3,6,13,23.1%,251.9,129.2,122.7,0.44,0.44,0.88,1.91,245.1,125.7,119.4,0.43,0.43,0.86,1.86,12,21,1.76,3.08,1.71,3.00
,,,Ieatrazztv,Major,Killer Whales,The Ocean,Solar,11.4,24,2,0.000,0.000,0,2,465,180,285,0,0,3,3,0.0%,293.0,113.4,179.6,0.00,0.00,1.89,1.89,232.5,90.0,142.5,0.00,0.00,1.50,1.50,0,3,0.00,1.89,0.00,1.50
,,,Itsjustluc,Major,Rockets,Fallout Shelter,Solar,11.3,244,16,0.468,0.500,8,8,4018,2140,1878,9,6,12,34,26.5%,249.0,132.6,116.4,0.56,0.37,0.74,2.11,251.1,133.8,117.4,0.56,0.38,0.75,2.13,35,38,2.17,2.36,2.19,2.38
,,,Bdbr,Major,Seadevils,The Abyss,Lunar,10.0,615,42,0.470,0.452,19,23,10331,5110,5221,18,13,37,81,22.2%,254.0,125.6,128.4,0.44,0.32,0.91,1.99,246.0,121.7,124.3,0.43,0.31,0.88,1.93,87,94,2.14,2.31,2.07,2.24
,,,Impulse^,Major,"Peppermint
Killer Whales","Minty Fresh
The Ocean",Lunar,8.8,229,15,0.193,0.133,2,13,4117,1890,2227,4,6,20,19,21.1%,271.9,124.8,147.1,0.26,0.40,1.32,1.25,274.5,126.0,148.5,0.27,0.40,1.33,1.27,23,56,1.52,3.70,1.53,3.73
,,,Rotendo,Major,Alt Rockers,The Jukebox,Lunar,5.8,50,4,0.070,0.000,0,4,959,370,589,1,1,4,2,50.0%,290.0,111.9,178.1,0.30,0.30,1.21,0.60,239.8,92.5,147.3,0.25,0.25,1.00,0.50,4,18,1.21,5.44,1.00,4.50
,,,Riptide(Change),Major,Makos,Shark Attack,Solar,5.1,54,4,0.137,0.000,0,4,785,390,395,2,1,1,9,22.2%,219.8,109.2,110.6,0.56,0.28,0.28,2.52,196.3,97.5,98.8,0.50,0.25,0.25,2.25,4,13,1.12,3.64,1.00,3.25
,,,Deadbot,Major,Alt Rockers,The Jukebox,Lunar,5.0,63,4,0.303,0.250,1,3,1041,580,461,2,1,5,8,25.0%,249.9,139.2,110.7,0.48,0.24,1.20,1.92,260.3,145.0,115.3,0.50,0.25,1.25,2.00,7,12,1.68,2.88,1.75,3.00
,,,Md,Major,Raisin Branshees,Spooky Breakfast Gang,Solar,4.8,218,16,0.579,0.563,9,7,3328,1680,1648,6,6,10,28,21.4%,230.8,116.5,114.3,0.42,0.42,0.69,1.94,208.0,105.0,103.0,0.38,0.38,0.63,1.75,38,31,2.64,2.15,2.38,1.94
,,,Spoilt,Major,Chihuahuas,Dog Pound,Solar,4.4,62,4,0.427,0.250,1,3,1048,670,378,3,1,5,7,42.9%,255.6,163.4,92.2,0.73,0.24,1.22,1.71,262.0,167.5,94.5,0.75,0.25,1.25,1.75,10,12,2.44,2.93,2.50,3.00
,,,Sparkzz_Cc,Major,Hawks,Birds of Prey,Solar,2.8,55,4,0.107,0.000,0,4,1012,450,562,2,0,4,5,40.0%,278.2,123.7,154.5,0.55,0.00,1.10,1.37,253.0,112.5,140.5,0.50,0.00,1.00,1.25,4,15,1.10,4.12,1.00,3.75
,,,Therogerseffect,Major,Peppermint,Minty Fresh,Lunar,2.2,63,4,0.327,0.250,1,3,1044,490,554,2,2,3,4,50.0%,250.6,117.6,133.0,0.48,0.48,0.72,0.96,261.0,122.5,138.5,0.50,0.50,0.75,1.00,9,14,2.16,3.36,2.25,3.50
,,,Z0Vvy18,Major,Alt Rockers,The Jukebox,Lunar,1.9,892,58,0.208,0.138,8,50,15066,7840,7226,22,16,80,84,26.2%,255.4,132.9,122.5,0.37,0.27,1.36,1.42,259.8,135.2,124.6,0.38,0.28,1.38,1.45,86,201,1.46,3.41,1.48,3.47
,,,Yoza,Major,"Equinox
Trashcans","The Cosmos
Waste Management",Lunar,1.1,321,19,0.133,0.105,2,17,5112,2720,2392,7,4,28,42,16.7%,240.8,128.1,112.7,0.33,0.19,1.32,1.98,269.1,143.2,125.9,0.37,0.21,1.47,2.21,22,74,1.04,3.49,1.16,3.89
,,,Padmesdefense,Major,Lightning,Electric Mayhem,Lunar,0.8,53,4,0.231,0.250,1,3,892,400,492,0,3,5,0,,254.5,114.1,140.4,0.00,0.86,1.43,0.00,223.0,100.0,123.0,0.00,0.75,1.25,0.00,8,16,2.28,4.57,2.00,4.00
,,,Spac3,Major,Peppermint,Minty Fresh,Lunar,0.7,67,4,0.144,0.000,0,4,1171,580,591,1,2,7,3,33.3%,264.3,130.9,133.4,0.23,0.45,1.58,0.68,292.8,145.0,147.8,0.25,0.50,1.75,0.75,6,18,1.35,4.06,1.50,4.50
,,,Stiglitz17,Major,"Rockets
Makos","Fallout Shelter
Shark Attack",Solar,-11.5,73,5,0.362,0.400,2,3,1105,350,755,0,1,5,5,0.0%,228.9,72.5,156.4,0.00,0.21,1.04,1.04,221.0,70.0,151.0,0.00,0.20,1.00,1.00,9,13,1.86,2.69,1.80,2.60
,,,Msudw,Major,Rockets,Fallout Shelter,Solar,-12.5,60,4,0.368,0.250,1,3,922,410,512,0,0,7,6,0.0%,232.4,103.3,129.0,0.00,0.00,1.76,1.51,230.5,102.5,128.0,0.00,0.00,1.75,1.50,7,10,1.76,2.52,1.75,2.50
,,,Reven,Major,Equinox,The Cosmos,Lunar,-26.4,41,3,0.000,0.000,0,3,537,180,357,0,0,3,3,0.0%,198.1,66.4,131.7,0.00,0.00,1.11,1.11,179.0,60.0,119.0,0.00,0.00,1.00,1.00,0,9,0.00,3.32,0.00,3.00
,,,Taq_7,Major,Lightning,Electric Mayhem,Lunar,-47.8,9,1,0.000,0.000,0,1,104,50,54,0,0,1,0,,174.7,84.0,90.7,0.00,0.00,1.68,0.00,104.0,50.0,54.0,0.00,0.00,1.00,0.00,0,3,0.00,5.04,0.00,3.00
,,,Tide,Elite,Megalodons,Shark Attack,Solar,125.2,123,8,0.707,0.625,5,3,3912,2350,1562,8,12,14,25,32.0%,494.2,296.8,197.3,1.01,1.52,1.77,3.16,489.0,293.8,195.3,1.00,1.50,1.75,3.13,26,15,3.28,1.89,3.25,1.88
,,,Nx-Change,Elite,"Megalodons
Sharks","Shark Attack
The Ocean",Solar,93.4,794,51,0.564,0.608,31,20,23419,13980,9439,66,32,76,198,33.3%,458.3,273.6,184.7,1.29,0.63,1.49,3.87,459.2,274.1,185.1,1.29,0.63,1.49,3.88,133,113,2.60,2.21,2.61,2.22
,,,Wrevor,Elite,Illuminati,The Order,Lunar,89.9,886,55,0.648,0.673,37,18,25555,15810,9745,83,42,67,206,40.3%,448.1,277.2,170.9,1.46,0.74,1.17,3.61,464.6,287.5,177.2,1.51,0.76,1.22,3.75,173,118,3.03,2.07,3.15,2.15
,,,Shamurl,Elite,Tempests,Storm,Solar,85.7,865,52,0.632,0.596,31,21,24876,14770,10106,71,35,80,192,37.0%,446.8,265.3,181.5,1.28,0.63,1.44,3.45,478.4,284.0,194.3,1.37,0.67,1.54,3.69,153,108,2.75,1.94,2.94,2.08
,,,Rascel,Elite,House Targaryen,Houses of Westeros,Solar,85.3,892,57,0.638,0.684,39,18,25351,15280,10071,71,43,84,183,38.8%,441.6,266.2,175.4,1.24,0.75,1.46,3.19,444.8,268.1,176.7,1.25,0.75,1.47,3.21,157,109,2.73,1.90,2.75,1.91
,,,Danger,Elite,Vipers,The Serpents,Solar,83.4,801,54,0.534,0.574,31,23,22919,13090,9829,54,32,89,164,32.9%,444.6,253.9,190.7,1.05,0.62,1.73,3.18,424.4,242.4,182.0,1.00,0.59,1.65,3.04,136,125,2.64,2.42,2.52,2.31
,,,Dead Medic,Elite,Battletoads,8-Bit Brigade,Lunar,77.9,844,59,0.479,0.492,29,30,23284,12800,10484,57,31,75,180,31.7%,428.6,235.6,193.0,1.05,0.57,1.38,3.31,394.6,216.9,177.7,0.97,0.53,1.27,3.05,128,135,2.36,2.49,2.17,2.29
,,,Nurve,Elite,Gelato,Fifty-Fifty Pizzeria,Lunar,77.2,621,42,0.554,0.548,23,19,16978,9510,7468,37,26,66,121,30.6%,424.8,237.9,186.8,0.93,0.65,1.65,3.03,404.2,226.4,177.8,0.88,0.62,1.57,2.88,90,78,2.25,1.95,2.14,1.86
,,,Jazz,Elite,Great Danes,Dog Pound,Solar,75.5,241,16,0.631,0.625,10,6,6235,3430,2805,15,13,16,48,31.3%,402.0,221.1,180.8,0.97,0.84,1.03,3.09,389.7,214.4,175.3,0.94,0.81,1.00,3.00,50,36,3.22,2.32,3.13,2.25
,,,Doobyscoobs,Elite,Missiles,Fallout Shelter,Solar,74.0,257,16,0.541,0.500,8,8,7193,3980,3213,16,8,30,48,33.3%,434.9,240.6,194.2,0.97,0.48,1.81,2.90,449.6,248.8,200.8,1.00,0.50,1.88,3.00,40,36,2.42,2.18,2.50,2.25
,,,Yolkk,Elite,Corruptors,The Swarm,Solar,73.8,813,47,0.625,0.574,27,20,21187,13720,7467,70,38,62,172,40.7%,404.9,262.2,142.7,1.34,0.73,1.18,3.29,450.8,291.9,158.9,1.49,0.81,1.32,3.66,163,119,3.12,2.27,3.47,2.53
,,,Ip Joker,Elite,X-Men,The Comic Crusaders,Solar,72.6,800,51,0.579,0.549,28,23,20235,12000,8235,53,41,60,165,32.1%,393.0,233.1,159.9,1.03,0.80,1.17,3.20,396.8,235.3,161.5,1.04,0.80,1.18,3.24,143,117,2.78,2.27,2.80,2.29
,,,Cierex,Elite,"Vipers
Dumpsters","The Serpents
Waste Management",Solar,72.3,678,44,0.500,0.545,24,20,17728,10060,7668,41,32,62,126,32.5%,406.3,230.5,175.7,0.94,0.73,1.42,2.89,402.9,228.6,174.3,0.93,0.73,1.41,2.86,111,111,2.54,2.54,2.52,2.52
,,,Jk,Elite,Gucci,High Class,Lunar,72.0,703,49,0.511,0.490,24,25,18966,10720,8246,39,30,83,117,33.3%,419.2,236.9,182.2,0.86,0.66,1.83,2.59,387.1,218.8,168.3,0.80,0.61,1.69,2.39,104,101,2.30,2.23,2.12,2.06
,,,Jmelly,Elite,X-Men,The Comic Crusaders,Solar,70.7,860,55,0.571,0.545,30,25,21915,13250,8665,55,42,80,165,33.3%,395.9,239.4,156.5,0.99,0.76,1.45,2.98,398.5,240.9,157.5,1.00,0.76,1.45,3.00,152,127,2.75,2.29,2.76,2.31
,,,Leaf,Elite,Great Danes,Dog Pound,Solar,70.2,637,38,0.480,0.447,17,21,17094,9950,7144,45,23,62,120,37.5%,416.9,242.7,174.2,1.10,0.56,1.51,2.93,449.8,261.8,188.0,1.18,0.61,1.63,3.16,95,100,2.32,2.44,2.50,2.63
,,,Exccentrik,Elite,House Targaryen,Houses of Westeros,Solar,69.3,360,25,0.653,0.680,17,8,9707,5990,3717,27,13,40,64,42.2%,418.9,258.5,160.4,1.17,0.56,1.73,2.76,388.3,239.6,148.7,1.08,0.52,1.60,2.56,66,44,2.85,1.90,2.64,1.76
,,,Anthage,Elite,Corruptors,The Swarm,Solar,69.0,993,57,0.620,0.579,33,24,24630,14290,10340,55,53,86,184,29.9%,385.4,223.6,161.8,0.86,0.83,1.35,2.88,432.1,250.7,181.4,0.96,0.93,1.51,3.23,194,143,3.04,2.24,3.40,2.51
,,,Forza!,Elite,Sabertooths,Polar Vortex,Lunar,68.6,492,32,0.640,0.719,23,9,12740,7410,5330,36,22,36,91,39.6%,402.3,234.0,168.3,1.14,0.69,1.14,2.87,398.1,231.6,166.6,1.13,0.69,1.13,2.84,92,64,2.91,2.02,2.88,2.00
,,,Darf01,Elite,Great Apes,Planet of the Apes,Solar,67.9,752,53,0.526,0.547,29,24,19818,11380,8438,58,23,57,158,36.7%,409.5,235.1,174.3,1.20,0.48,1.18,3.26,373.9,214.7,159.2,1.09,0.43,1.08,2.98,125,117,2.58,2.42,2.36,2.21
,,,Itsjinkxx,Elite,Vipers,The Serpents,Solar,67.0,127,8,0.660,0.875,7,1,3200,1860,1340,9,7,8,21,42.9%,391.5,227.6,163.9,1.10,0.86,0.98,2.57,400.0,232.5,167.5,1.13,0.88,1.00,2.63,27,18,3.30,2.20,3.38,2.25
,,,Calí,Elite,Sabertooths,Polar Vortex,Lunar,66.6,738,47,0.582,0.617,29,18,18655,10880,7775,51,30,56,148,34.5%,392.7,229.1,163.7,1.07,0.63,1.18,3.12,396.9,231.5,165.4,1.09,0.64,1.19,3.15,126,102,2.65,2.15,2.68,2.17
,,,P0Larbear,Elite,"Missiles
Kings
Great Apes","Fallout Shelter
House of Cards
Planet of the Apes",Solar,65.5,456,30,0.523,0.600,18,12,11651,6500,5151,22,18,52,80,27.5%,397.0,221.5,175.5,0.75,0.61,1.77,2.73,388.4,216.7,171.7,0.73,0.60,1.73,2.67,70,66,2.39,2.25,2.33,2.20
,,,Melted,Elite,Cerberii,πολύ κεφάλη,Lunar,64.8,611,41,0.641,0.610,25,16,14812,8520,6292,37,32,42,112,33.0%,376.7,216.7,160.0,0.94,0.81,1.07,2.85,361.3,207.8,153.5,0.90,0.78,1.02,2.73,105,72,2.67,1.83,2.56,1.76
,,,Hit,Elite,Aphelion,The Cosmos,Lunar,64.6,249,17,0.500,0.647,11,6,6227,3420,2807,13,10,23,47,27.7%,388.6,213.4,175.2,0.81,0.62,1.44,2.93,366.3,201.2,165.1,0.76,0.59,1.35,2.76,44,44,2.75,2.75,2.59,2.59
,,,Zylo,Elite,"Bolts
Sharks","Electric Mayhem
The Ocean",Lunar,64.3,215,13,0.734,0.769,10,3,5397,3570,1827,19,9,16,42,45.2%,390.0,258.0,132.0,1.37,0.65,1.16,3.04,415.2,274.6,140.5,1.46,0.69,1.23,3.23,47,25,3.40,1.81,3.62,1.92
,,,Indecisivesquirrel,Elite,Spearmint,Minty Fresh,Lunar,64.3,620,41,0.576,0.585,24,17,16334,9450,6884,34,26,78,85,40.0%,409.3,236.8,172.5,0.85,0.65,1.95,2.13,398.4,230.5,167.9,0.83,0.63,1.90,2.07,101,83,2.53,2.08,2.46,2.02
,,,Perino,Elite,Illuminati,The Order,Lunar,63.2,879,55,0.640,0.673,37,18,20762,11820,8942,46,47,65,162,28.4%,367.0,208.9,158.1,0.81,0.83,1.15,2.86,377.5,214.9,162.6,0.84,0.85,1.18,2.95,164,114,2.90,2.02,2.98,2.07
,,,Lord Ironskull,Elite,Earth,The Elements,Lunar,62.9,66,4,0.465,0.500,2,2,1427,830,597,2,6,5,8,25.0%,335.9,195.4,140.5,0.47,1.41,1.18,1.88,356.8,207.5,149.3,0.50,1.50,1.25,2.00,11,12,2.59,2.82,2.75,3.00
,,,Xero,Elite,Cerberii,πολύ κεφάλη,Lunar,62.7,553,38,0.602,0.526,20,18,14234,7980,6254,32,18,58,98,32.7%,399.9,224.2,175.7,0.90,0.51,1.63,2.75,374.6,210.0,164.6,0.84,0.47,1.53,2.58,89,68,2.50,1.91,2.34,1.79
,,,Vision,Elite,Aphelion,The Cosmos,Lunar,62.0,725,48,0.553,0.583,28,20,17826,10220,7606,39,28,71,137,28.5%,382.0,219.0,163.0,0.84,0.60,1.52,2.94,371.4,212.9,158.5,0.81,0.58,1.48,2.85,118,103,2.53,2.21,2.46,2.15
,,,Spyce,Elite,Synthwave,The Jukebox,Lunar,62.0,658,42,0.512,0.571,24,18,16605,9410,7195,43,22,55,126,34.1%,392.1,222.2,169.9,1.02,0.52,1.30,2.98,395.4,224.0,171.3,1.02,0.52,1.31,3.00,102,99,2.41,2.34,2.43,2.36
,,,Memlo,Elite,Missiles,Fallout Shelter,Solar,61.2,610,39,0.587,0.641,25,14,15246,8460,6786,39,23,46,111,35.1%,388.3,215.5,172.8,0.99,0.59,1.17,2.83,390.9,216.9,174.0,1.00,0.59,1.18,2.85,104,83,2.65,2.11,2.67,2.13
,,,Plasma,Elite,Cerberii,πολύ κεφάλη,Lunar,60.6,204,14,0.622,0.643,9,5,5300,3030,2270,17,4,14,43,39.5%,403.7,230.8,172.9,1.29,0.30,1.07,3.27,378.6,216.4,162.1,1.21,0.29,1.00,3.07,37,27,2.82,2.06,2.64,1.93
,,,Zenlos,Elite,Bolts,Electric Mayhem,Lunar,60.4,741,48,0.489,0.458,22,26,18560,10930,7630,43,25,81,133,32.3%,389.2,229.2,160.0,0.90,0.52,1.70,2.79,386.7,227.7,159.0,0.90,0.52,1.69,2.77,104,107,2.18,2.24,2.17,2.23
,,,Saucey,Elite,Corruptors,The Swarm,Solar,59.9,566,33,0.636,0.636,21,12,13886,8170,5716,34,27,51,87,39.1%,381.2,224.3,156.9,0.93,0.74,1.40,2.39,420.8,247.6,173.2,1.03,0.82,1.55,2.64,117,83,3.21,2.28,3.55,2.52
,,,Mattg,Elite,Spearmint,Minty Fresh,Lunar,58.9,614,41,0.567,0.585,24,17,14719,8520,6199,34,32,52,92,37.0%,372.5,215.6,156.9,0.86,0.81,1.32,2.33,359.0,207.8,151.2,0.83,0.78,1.27,2.24,101,85,2.56,2.15,2.46,2.07
,,,Xenas,Elite,Sharks,The Ocean,Solar,58.3,425,25,0.518,0.480,12,13,10256,6230,4026,31,14,31,88,35.2%,374.9,227.8,147.2,1.13,0.51,1.13,3.22,410.2,249.2,161.0,1.24,0.56,1.24,3.52,68,65,2.49,2.38,2.72,2.60
,,,Crabasaur,Elite,Earth,The Elements,Lunar,58.2,593,37,0.517,0.486,18,19,14182,8230,5952,37,23,45,113,32.7%,371.6,215.6,155.9,0.97,0.60,1.18,2.96,383.3,222.4,160.9,1.00,0.62,1.22,3.05,95,91,2.49,2.38,2.57,2.46
,,,! 𝘚𝘩𝘮𝘰𝘰𝘱 ♡,Elite,Great Apes,Planet of the Apes,Solar,57.2,368,26,0.559,0.577,15,11,8481,4820,3661,19,19,27,62,30.6%,358.1,203.5,154.6,0.80,0.80,1.14,2.62,326.2,185.4,140.8,0.73,0.73,1.04,2.38,65,56,2.74,2.36,2.50,2.15
,,,Subzero,Elite,Kings,House of Cards,Lunar,55.8,497,32,0.505,0.469,15,17,11629,6440,5189,21,21,49,84,25.0%,363.5,201.3,162.2,0.66,0.66,1.53,2.63,363.4,201.3,162.2,0.66,0.66,1.53,2.63,72,71,2.25,2.22,2.25,2.22
,,,Lunaoso,Elite,Missiles,Fallout Shelter,Solar,55.6,822,52,0.556,0.558,29,23,19056,11310,7746,50,37,60,146,34.2%,360.2,213.8,146.4,0.95,0.70,1.13,2.76,366.5,217.5,149.0,0.96,0.71,1.15,2.81,135,117,2.55,2.21,2.60,2.25
,,,Frostiger,Elite,Earth,The Elements,Lunar,55.6,850,52,0.401,0.346,18,34,21212,11740,9472,51,21,81,154,33.1%,387.7,214.6,173.1,0.93,0.38,1.48,2.81,407.9,225.8,182.2,0.98,0.40,1.56,2.96,123,158,2.25,2.89,2.37,3.04
,,,Yungveeny,Elite,Megalodons,Shark Attack,Solar,55.1,173,12,0.825,0.833,10,2,4014,2500,1514,12,8,12,30,40.0%,360.5,224.5,136.0,1.08,0.72,1.08,2.69,334.5,208.3,126.2,1.00,0.67,1.00,2.50,38,14,3.41,1.26,3.17,1.17
,,,Shnapers23,Elite,Balrogs,Middle Earth,Lunar,54.8,252,16,0.302,0.250,4,12,5992,2970,3022,11,8,20,47,23.4%,369.4,183.1,186.3,0.68,0.49,1.23,2.90,374.5,185.6,188.9,0.69,0.50,1.25,2.94,26,45,1.60,2.77,1.63,2.81
,,,Mruidckkiyp,Elite,Sabertooths,Polar Vortex,Lunar,54.3,740,48,0.573,0.604,29,19,17048,9790,7258,35,31,69,129,27.1%,357.9,205.6,152.4,0.73,0.65,1.45,2.71,355.2,204.0,151.2,0.73,0.65,1.44,2.69,129,107,2.71,2.25,2.69,2.23
,,,Pf0Xx,Elite,Illuminati,The Order,Lunar,54.1,176,12,0.566,0.500,6,6,4189,2300,1889,9,8,15,25,36.0%,369.8,203.0,166.8,0.79,0.71,1.32,2.21,349.1,191.7,157.4,0.75,0.67,1.25,2.08,33,28,2.91,2.47,2.75,2.33
,,,Barra,Elite,Synthwave,The Jukebox,Lunar,53.3,736,46,0.503,0.543,25,21,16472,9340,7132,34,36,58,124,27.4%,347.7,197.2,150.6,0.72,0.76,1.22,2.62,358.1,203.0,155.0,0.74,0.78,1.26,2.70,115,114,2.43,2.41,2.50,2.48
,,,Kelphi,Elite,Frosted Wraiths,Spooky Breakfast Gang,Solar,53.0,703,45,0.355,0.400,18,27,16966,10080,6886,51,14,56,148,34.5%,375.0,222.8,152.2,1.13,0.31,1.24,3.27,377.0,224.0,153.0,1.13,0.31,1.24,3.29,99,143,2.19,3.16,2.20,3.18
,,,Keystone_,Elite,Megalodons,Shark Attack,Solar,52.5,57,4,0.704,0.750,3,1,1310,770,540,2,3,7,7,28.6%,357.1,209.9,147.2,0.55,0.82,1.91,1.91,327.5,192.5,135.0,0.50,0.75,1.75,1.75,12,7,3.27,1.91,3.00,1.75
,,,Matutu,Elite,Kings,House of Cards,Lunar,52.3,391,25,0.407,0.400,10,15,9518,5380,4138,21,8,43,73,28.8%,378.2,213.8,164.4,0.83,0.32,1.71,2.90,380.7,215.2,165.5,0.84,0.32,1.72,2.92,51,65,2.03,2.58,2.04,2.60
,,,Emito,Elite,Megalodons,Shark Attack,Solar,52.3,868,56,0.599,0.625,35,21,20309,11410,8899,46,34,74,141,32.6%,363.5,204.2,159.3,0.82,0.61,1.32,2.52,362.7,203.8,158.9,0.82,0.61,1.32,2.52,156,121,2.79,2.17,2.79,2.16
,,,Trifethings,Elite,"Gucci
Tempests","High Class
Storm",Solar,52.1,788,52,0.459,0.481,25,27,18127,10440,7687,43,32,64,134,32.1%,357.4,205.8,151.6,0.85,0.63,1.26,2.64,348.6,200.8,147.8,0.83,0.62,1.23,2.58,119,132,2.35,2.60,2.29,2.54
,,,Pickle,Elite,Bolts,Electric Mayhem,Lunar,52.0,804,53,0.555,0.509,27,26,18271,11040,7231,49,33,61,144,34.0%,353.1,213.3,139.7,0.95,0.64,1.18,2.78,344.7,208.3,136.4,0.92,0.62,1.15,2.72,127,110,2.45,2.13,2.40,2.08
,,,Mako-Change,Elite,Spearmint,Minty Fresh,Lunar,51.8,636,42,0.565,0.571,24,18,14428,8640,5788,34,25,57,114,29.8%,352.5,211.1,141.4,0.83,0.61,1.39,2.78,343.5,205.7,137.8,0.81,0.60,1.36,2.71,103,87,2.52,2.13,2.45,2.07
,,,Alphachee,Elite,"Aphelion
Earth","The Cosmos
The Elements",Lunar,51.2,604,38,0.395,0.368,14,24,14395,8240,6155,30,20,66,94,31.9%,370.3,212.0,158.3,0.77,0.51,1.70,2.42,378.8,216.8,162.0,0.79,0.53,1.74,2.47,89,116,2.29,2.98,2.34,3.05
,,,Salty,Elite,Gucci,High Class,Lunar,50.2,574,40,0.504,0.450,18,22,13350,7430,5920,33,18,44,103,32.0%,361.4,201.1,160.2,0.89,0.49,1.19,2.79,333.8,185.8,148.0,0.83,0.45,1.10,2.58,88,87,2.38,2.35,2.20,2.18
,,,Aki (Change),Elite,Knights,The Sovereign,Lunar,49.8,840,52,0.375,0.385,20,32,19662,11210,8452,48,22,75,156,30.8%,363.7,207.3,156.3,0.89,0.41,1.39,2.89,378.1,215.6,162.5,0.92,0.42,1.44,3.00,109,151,2.02,2.79,2.10,2.90
,,,Buck.,Elite,Corruptors,The Swarm,Solar,49.8,736,43,0.587,0.558,24,19,16199,10050,6149,45,38,50,115,39.1%,342.0,212.2,129.8,0.95,0.80,1.06,2.43,376.7,233.7,143.0,1.05,0.88,1.16,2.67,138,111,2.91,2.34,3.21,2.58
,,,Timthebull,Elite,Sharks,The Ocean,Solar,49.3,718,43,0.572,0.581,25,18,16706,9860,6846,40,21,71,126,31.7%,361.5,213.4,148.1,0.87,0.45,1.54,2.73,388.5,229.3,159.2,0.93,0.49,1.65,2.93,126,105,2.73,2.27,2.93,2.44
,,,Ritter,Elite,Gelato,Fifty-Fifty Pizzeria,Lunar,49.2,597,41,0.521,0.537,22,19,13626,7700,5926,32,22,48,100,32.0%,354.6,200.4,154.2,0.83,0.57,1.25,2.60,332.3,187.8,144.5,0.78,0.54,1.17,2.44,97,92,2.52,2.39,2.37,2.24
,,,Geherpaderp,Elite,Great Apes,Planet of the Apes,Solar,48.0,669,49,0.485,0.490,24,25,15293,8600,6693,33,26,60,100,33.0%,355.2,199.7,155.4,0.77,0.60,1.39,2.32,312.1,175.5,136.6,0.67,0.53,1.22,2.04,105,109,2.44,2.53,2.14,2.22
,,,Phelpsy,Elite,Tempests,Storm,Solar,47.1,381,22,0.651,0.636,14,8,8267,4840,3427,20,15,28,69,29.0%,337.1,197.4,139.8,0.82,0.61,1.14,2.81,375.8,220.0,155.8,0.91,0.68,1.27,3.14,66,44,2.69,1.79,3.00,2.00
,,,Freebo,Elite,Battletoads,8-Bit Brigade,Lunar,46.9,651,45,0.511,0.556,25,20,14533,8670,5863,39,22,50,117,33.3%,346.9,206.9,139.9,0.93,0.53,1.19,2.79,323.0,192.7,130.3,0.87,0.49,1.11,2.60,107,104,2.55,2.48,2.38,2.31
,,,Grubbsyy,Elite,"Sharks
Illuminati","The Ocean
The Order",Solar,46.6,590,35,0.534,0.571,20,15,12408,7050,5358,23,31,46,90,25.6%,326.8,185.7,141.1,0.61,0.82,1.21,2.37,354.5,201.4,153.1,0.66,0.89,1.31,2.57,97,89,2.55,2.34,2.77,2.54
,,,Sillybunny,Elite,X-Men,The Comic Crusaders,Solar,46.6,436,29,0.628,0.621,18,11,9951,6240,3711,29,19,36,59,49.2%,354.6,222.4,132.2,1.03,0.68,1.28,2.10,343.1,215.2,128.0,1.00,0.66,1.24,2.03,82,59,2.92,2.10,2.83,2.03
,,,Fenixnuke,Elite,House Targaryen,Houses of Westeros,Solar,46.5,673,42,0.615,0.643,27,15,14184,8080,6104,29,32,49,113,25.7%,327.5,186.5,140.9,0.67,0.74,1.13,2.61,337.7,192.4,145.3,0.69,0.76,1.17,2.69,115,85,2.65,1.96,2.74,2.02
,,,Script,Elite,Great Apes,Planet of the Apes,Solar,45.8,33,3,0.758,1.000,3,0,634,330,304,1,3,1,3,33.3%,298.5,155.4,143.1,0.47,1.41,0.47,1.41,211.3,110.0,101.3,0.33,1.00,0.33,1.00,8,4,3.77,1.88,2.67,1.33
,,,Slurp,Elite,"Tempests
Gucci","Storm
High Class",Solar,45.6,425,25,0.569,0.560,14,11,9112,5200,3912,20,15,33,80,25.0%,333.1,190.1,143.0,0.73,0.55,1.21,2.92,364.5,208.0,156.5,0.80,0.60,1.32,3.20,67,56,2.45,2.05,2.68,2.24
,,,Legend(Change),Elite,Cerberii,πολύ κεφάλη,Lunar,45.2,605,41,0.587,0.512,21,20,13095,7120,5975,23,26,52,92,25.0%,336.3,182.8,153.4,0.59,0.67,1.34,2.36,319.4,173.7,145.7,0.56,0.63,1.27,2.24,98,78,2.52,2.00,2.39,1.90
,,,Doc,Elite,Aphelion,The Cosmos,Lunar,44.5,311,20,0.543,0.550,11,9,6677,3750,2927,17,12,18,55,30.9%,333.6,187.3,146.2,0.85,0.60,0.90,2.75,333.9,187.5,146.4,0.85,0.60,0.90,2.75,47,42,2.35,2.10,2.35,2.10
,,,Tragic,Elite,Knights,The Sovereign,Lunar,44.4,576,36,0.398,0.389,14,22,12338,6300,6038,23,25,37,90,25.6%,332.8,169.9,162.9,0.62,0.67,1.00,2.43,342.7,175.0,167.7,0.64,0.69,1.03,2.50,76,99,2.05,2.67,2.11,2.75
,,,Uorodin,Elite,Pushwalkers,The Quad Dynasty,Solar,44.3,743,48,0.375,0.375,18,30,16027,8770,7257,30,30,62,117,25.6%,335.1,183.4,151.8,0.63,0.63,1.30,2.45,333.9,182.7,151.2,0.63,0.63,1.29,2.44,104,143,2.17,2.99,2.17,2.98
,,,Infinite,Elite,Aphelion,The Cosmos,Lunar,44.0,725,48,0.553,0.583,28,20,16209,9000,7209,40,23,53,120,33.3%,347.4,192.9,154.5,0.86,0.49,1.14,2.57,337.7,187.5,150.2,0.83,0.48,1.10,2.50,118,103,2.53,2.21,2.46,2.15
,,,Bobby Beans,Elite,Missiles,Fallout Shelter,Solar,43.5,675,43,0.515,0.558,24,19,14867,8640,6227,30,27,67,94,31.9%,342.2,198.9,143.3,0.69,0.62,1.54,2.16,345.7,200.9,144.8,0.70,0.63,1.56,2.19,107,103,2.46,2.37,2.49,2.40
,,,Foretrix,Elite,Kings,House of Cards,Lunar,43.5,67,4,0.500,0.500,2,2,1532,930,602,4,1,7,13,30.8%,355.3,215.7,139.6,0.93,0.23,1.62,3.01,383.0,232.5,150.5,1.00,0.25,1.75,3.25,11,11,2.55,2.55,2.75,2.75
,,,Bun,Elite,Pushwalkers,The Quad Dynasty,Solar,43.1,792,52,0.362,0.385,20,32,18061,9950,8111,41,21,71,125,32.8%,354.3,195.2,159.1,0.80,0.41,1.39,2.45,347.3,191.3,156.0,0.79,0.40,1.37,2.40,108,154,2.12,3.02,2.08,2.96
,,,Prussia,Elite,House Targaryen,Houses of Westeros,Solar,42.8,751,47,0.651,0.723,34,13,15644,8540,7104,30,32,54,124,24.2%,323.7,176.7,147.0,0.62,0.66,1.12,2.57,332.9,181.7,151.1,0.64,0.68,1.15,2.64,133,89,2.75,1.84,2.83,1.89
,,,Tyshalle,Elite,"Megalodons
Vipers","Shark Attack
The Serpents",Solar,42.6,496,34,0.442,0.441,15,19,10570,5880,4690,26,21,29,78,33.3%,331.1,184.2,146.9,0.81,0.66,0.91,2.44,310.9,172.9,137.9,0.76,0.62,0.85,2.29,77,89,2.41,2.79,2.26,2.62
,,,Panzler,Elite,Sharks,The Ocean,Solar,41.7,777,46,0.532,0.543,25,21,17107,10220,6887,48,28,57,117,41.0%,342.1,204.4,137.7,0.96,0.56,1.14,2.34,371.9,222.2,149.7,1.04,0.61,1.24,2.54,130,120,2.60,2.40,2.83,2.61
,,,E=Mc_Hammer,Elite,Falcons,Birds of Prey,Solar,41.4,770,52,0.435,0.365,19,33,16594,8690,7904,26,33,69,99,26.3%,334.8,175.3,159.5,0.52,0.67,1.39,2.00,319.1,167.1,152.0,0.50,0.63,1.33,1.90,112,132,2.26,2.66,2.15,2.54
,,,Sicey,Elite,Gelato,Fifty-Fifty Pizzeria,Lunar,41.0,642,43,0.470,0.465,20,23,13761,7310,6451,27,21,50,106,25.5%,333.0,176.9,156.1,0.65,0.51,1.21,2.57,320.0,170.0,150.0,0.63,0.49,1.16,2.47,85,92,2.06,2.23,1.98,2.14
,,,Kanman01,Elite,Frosted Wraiths,Spooky Breakfast Gang,Solar,40.8,618,40,0.326,0.325,13,27,13215,7280,5935,21,27,61,78,26.9%,332.2,183.0,149.2,0.53,0.68,1.53,1.96,330.4,182.0,148.4,0.53,0.68,1.53,1.95,86,134,2.16,3.37,2.15,3.35
,,,Classé,Elite,Frosted Wraiths,Spooky Breakfast Gang,Solar,40.7,704,45,0.396,0.356,16,29,15022,8300,6722,28,28,62,100,28.0%,331.5,183.2,148.4,0.62,0.62,1.37,2.21,333.8,184.4,149.4,0.62,0.62,1.38,2.22,104,135,2.30,2.98,2.31,3.00
,,,Aeb311,Elite,Illuminati,The Order,Lunar,40.6,832,51,0.651,0.706,36,15,17024,10040,6984,38,38,61,129,29.5%,317.9,187.5,130.4,0.71,0.71,1.14,2.41,333.8,196.9,136.9,0.75,0.75,1.20,2.53,160,108,2.99,2.02,3.14,2.12
,,,Alittle,Elite,Great Danes,Dog Pound,Solar,40.1,634,39,0.410,0.359,14,25,13369,7420,5949,28,21,50,107,26.2%,327.6,181.8,145.8,0.69,0.51,1.23,2.62,342.8,190.3,152.5,0.72,0.54,1.28,2.74,88,111,2.16,2.72,2.26,2.85
,,,Croph,Elite,Kings,House of Cards,Lunar,39.8,632,40,0.470,0.475,19,21,14335,8260,6075,31,15,70,91,34.1%,352.4,203.1,149.3,0.76,0.37,1.72,2.24,358.4,206.5,151.9,0.78,0.38,1.75,2.28,87,94,2.14,2.31,2.18,2.35
,,,Chrisakamrxd,Elite,Dumpsters,Waste Management,Solar,39.3,927,58,0.389,0.379,22,36,19396,10400,8996,32,33,82,145,22.1%,325.1,174.3,150.8,0.54,0.55,1.37,2.43,334.4,179.3,155.1,0.55,0.57,1.41,2.50,119,159,1.99,2.66,2.05,2.74
,,,Cliffork,Elite,"Falcons
Megalodons
Aphelion
Synthwave","Birds of Prey
Shark Attack
The Cosmos
The Jukebox",Solar,38.1,844,55,0.436,0.364,20,35,18482,10510,7972,42,23,78,126,33.3%,340.2,193.5,146.8,0.77,0.42,1.44,2.32,336.0,191.1,144.9,0.76,0.42,1.42,2.29,124,146,2.28,2.69,2.25,2.65
,,,Big Boi Johnny,Elite,Gelato,Fifty-Fifty Pizzeria,Lunar,37.6,564,39,0.523,0.564,22,17,11803,6530,5273,23,22,47,78,29.5%,325.1,179.9,145.3,0.63,0.61,1.29,2.15,302.6,167.4,135.2,0.59,0.56,1.21,2.00,85,80,2.34,2.20,2.18,2.05
,,,Rengleif,Elite,"Dumpsters
Vipers
Gucci","Waste Management
The Serpents
High Class",Solar,37.3,642,40,0.368,0.375,15,25,13660,7190,6470,24,15,59,109,22.0%,330.6,174.0,156.6,0.58,0.36,1.43,2.64,341.5,179.8,161.8,0.60,0.38,1.48,2.73,76,108,1.84,2.61,1.90,2.70
,,,Plasmid,Elite,Earth,The Elements,Lunar,36.9,80,5,0.416,0.400,2,3,1546,780,766,1,5,7,8,12.5%,300.3,151.5,148.8,0.19,0.97,1.36,1.55,309.2,156.0,153.2,0.20,1.00,1.40,1.60,13,16,2.52,3.11,2.60,3.20
,,,Sccrdude,Elite,Balrogs,Middle Earth,Lunar,36.8,427,28,0.213,0.143,4,24,9407,4880,4527,15,9,46,63,23.8%,342.3,177.6,164.7,0.55,0.33,1.67,2.29,336.0,174.3,161.7,0.54,0.32,1.64,2.25,40,92,1.46,3.35,1.43,3.29
,,,Gotmott,Elite,Tempests,Storm,Solar,36.3,663,38,0.639,0.632,24,14,13397,8020,5377,30,24,55,107,28.0%,314.0,187.9,126.0,0.70,0.56,1.29,2.51,352.6,211.1,141.5,0.79,0.63,1.45,2.82,121,84,2.84,1.97,3.18,2.21
,,,Tterb86,Elite,Knights,The Sovereign,Lunar,36.2,58,4,0.252,0.250,1,3,1358,720,638,3,1,6,7,42.9%,363.8,192.9,170.9,0.80,0.27,1.61,1.88,339.5,180.0,159.5,0.75,0.25,1.50,1.75,6,12,1.61,3.21,1.50,3.00
,,,Fatalcore,Elite,Falcons,Birds of Prey,Solar,36.1,244,16,0.371,0.313,5,11,5448,3110,2338,17,4,16,41,41.5%,346.9,198.0,148.9,1.08,0.25,1.02,2.61,340.5,194.4,146.1,1.06,0.25,1.00,2.56,33,46,2.10,2.93,2.06,2.88
,,,Murloc,Elite,X-Men,The Comic Crusaders,Solar,35.6,484,30,0.505,0.467,14,16,9448,4980,4468,15,23,33,68,22.1%,303.3,159.9,143.4,0.48,0.74,1.06,2.18,314.9,166.0,148.9,0.50,0.77,1.10,2.27,79,78,2.54,2.50,2.63,2.60
,,,Fikison,Elite,"Earth
Missiles","The Elements
Fallout Shelter",Lunar,35.6,258,17,0.539,0.412,7,10,5003,2880,2123,9,12,20,38,23.7%,301.3,173.4,127.8,0.54,0.72,1.20,2.29,294.3,169.4,124.9,0.53,0.71,1.18,2.24,42,38,2.53,2.29,2.47,2.24
,,,Thecarter117,Elite,"Falcons
Battletoads","Birds of Prey
8-Bit Brigade",Solar,34.9,565,39,0.389,0.282,11,28,12589,7140,5449,32,10,52,84,38.1%,346.2,196.3,149.8,0.88,0.27,1.43,2.31,322.8,183.1,139.7,0.82,0.26,1.33,2.15,75,100,2.06,2.75,1.92,2.56
,,,Distant,Elite,Synthwave,The Jukebox,Lunar,34.9,736,46,0.503,0.543,25,21,15820,9030,6790,38,19,64,108,35.2%,334.0,190.6,143.3,0.80,0.40,1.35,2.28,343.9,196.3,147.6,0.83,0.41,1.39,2.35,115,114,2.43,2.41,2.50,2.48
,,,Relic,Elite,Knights,The Sovereign,Lunar,34.9,455,28,0.414,0.429,12,16,9332,4900,4432,16,16,37,65,24.6%,318.7,167.3,151.3,0.55,0.55,1.26,2.22,333.3,175.0,158.3,0.57,0.57,1.32,2.32,66,82,2.25,2.80,2.36,2.93
,,,Concept,Elite,Knights,The Sovereign,Lunar,34.8,58,4,0.097,0.250,1,3,1305,600,705,1,0,8,10,10.0%,349.6,160.7,188.9,0.27,0.00,2.14,2.68,326.3,150.0,176.3,0.25,0.00,2.00,2.50,3,13,0.80,3.48,0.75,3.25
,,,Leo.,Elite,"Great Danes
Knights","Dog Pound
The Sovereign",Solar,34.1,122,8,0.197,0.125,1,7,2895,1590,1305,8,0,12,19,42.1%,368.7,202.5,166.2,1.02,0.00,1.53,2.42,361.9,198.8,163.1,1.00,0.00,1.50,2.38,10,25,1.27,3.18,1.25,3.13
,,,Nue.,Elite,Pushwalkers,The Quad Dynasty,Solar,32.9,628,41,0.359,0.390,16,25,12618,7220,5398,29,19,47,102,28.4%,312.2,178.6,133.5,0.72,0.47,1.16,2.52,307.8,176.1,131.7,0.71,0.46,1.15,2.49,81,117,2.00,2.89,1.98,2.85
,,,Sadboy,Elite,"Aphelion
Bolts","The Cosmos
Electric Mayhem",Lunar,32.8,624,42,0.565,0.476,20,22,12986,7010,5976,27,19,50,86,31.4%,323.3,174.5,148.8,0.67,0.47,1.24,2.14,309.2,166.9,142.3,0.64,0.45,1.19,2.05,96,81,2.39,2.02,2.29,1.93
,,,Fuda,Elite,Great Apes,Planet of the Apes,Solar,32.0,376,25,0.500,0.600,15,10,7366,3790,3576,12,16,26,49,24.5%,304.4,156.6,147.8,0.50,0.66,1.07,2.02,294.6,151.6,143.0,0.48,0.64,1.04,1.96,59,59,2.44,2.44,2.36,2.36
,,,Bucklemyshoe,Elite,"Frosted Wraiths
Balrogs","Spooky Breakfast Gang
Middle Earth",Lunar,31.5,726,46,0.265,0.239,11,35,15250,8450,6800,27,24,75,80,33.8%,326.4,180.8,145.5,0.58,0.51,1.61,1.71,331.5,183.7,147.8,0.59,0.52,1.63,1.74,78,149,1.67,3.19,1.70,3.24
,,,Jaytee,Elite,Sharks,The Ocean,Solar,31.0,175,11,0.528,0.545,6,5,3239,1900,1339,9,9,6,25,36.0%,287.6,168.7,118.9,0.80,0.80,0.53,2.22,294.5,172.7,121.7,0.82,0.82,0.55,2.27,29,27,2.57,2.40,2.64,2.45
,,,Seltri,Elite,Battletoads,8-Bit Brigade,Lunar,30.8,661,46,0.473,0.478,22,24,13430,7080,6350,24,21,55,88,27.3%,315.7,166.4,149.3,0.56,0.49,1.29,2.07,292.0,153.9,138.0,0.52,0.46,1.20,1.91,96,103,2.26,2.42,2.09,2.24
,,,Ahmi,Elite,Kings,House of Cards,Lunar,30.6,62,4,0.715,0.750,3,1,1369,820,549,5,0,4,12,41.7%,343.1,205.5,137.6,1.25,0.00,1.00,3.01,342.3,205.0,137.3,1.25,0.00,1.00,3.00,11,6,2.76,1.50,2.75,1.50
,,,Sykro,Elite,Vipers,The Serpents,Solar,30.4,621,43,0.500,0.581,25,18,12268,6610,5658,28,23,36,86,32.6%,306.9,165.4,141.6,0.70,0.58,0.90,2.15,285.3,153.7,131.6,0.65,0.53,0.84,2.00,103,103,2.58,2.58,2.40,2.40
,,,Packers,Elite,"Earth
Sharks
Falcons
Great Danes
Cerberii
Battletoads
Spearmint","The Elements
The Ocean
Birds of Prey
Dog Pound
πολύ κεφάλη
8-Bit Brigade
Minty Fresh",Lunar,29.8,412,26,0.355,0.308,8,18,7920,4500,3420,12,16,39,55,21.8%,298.7,169.7,129.0,0.45,0.60,1.47,2.07,304.6,173.1,131.5,0.46,0.62,1.50,2.12,55,80,2.07,3.02,2.12,3.08
,,,Adeadm0053,Elite,Bolts,Electric Mayhem,Lunar,28.8,357,24,0.480,0.417,10,14,6948,3780,3168,8,15,37,38,21.1%,302.4,164.5,137.9,0.35,0.65,1.61,1.65,289.5,157.5,132.0,0.33,0.63,1.54,1.58,57,60,2.48,2.61,2.38,2.50
,,,"Peeg :>, Lol.",Elite,"Tempests
Sabertooths
Gucci","Storm
Polar Vortex
High Class",Lunar,28.7,415,26,0.494,0.538,14,12,8280,4300,3980,15,13,32,55,27.3%,310.0,161.0,149.0,0.56,0.49,1.20,2.06,318.5,165.4,153.1,0.58,0.50,1.23,2.12,61,62,2.28,2.32,2.35,2.38
,,,Blindeyez,Elite,Knights,The Sovereign,Lunar,27.2,72,5,0.411,0.400,2,3,1437,810,627,2,3,8,6,33.3%,310.1,174.8,135.3,0.43,0.65,1.73,1.29,287.4,162.0,125.4,0.40,0.60,1.60,1.20,7,9,1.51,1.94,1.40,1.80
,,,Badmin,Elite,Gucci,High Class,Lunar,25.9,364,24,0.486,0.417,10,14,6608,3350,3258,8,18,25,40,20.0%,282.1,143.0,139.1,0.34,0.77,1.07,1.71,275.3,139.6,135.8,0.33,0.75,1.04,1.67,57,59,2.43,2.52,2.38,2.46
,,,Stemantics,Elite,Dumpsters,Waste Management,Solar,25.5,413,27,0.399,0.444,12,15,7859,4490,3369,18,13,29,59,30.5%,295.7,168.9,126.7,0.68,0.49,1.09,2.22,291.1,166.3,124.8,0.67,0.48,1.07,2.19,53,69,1.99,2.60,1.96,2.56
,,,Jackbo,Elite,Knights,The Sovereign,Lunar,24.9,403,23,0.368,0.391,9,14,7181,3980,3201,12,18,27,53,22.6%,276.9,153.4,123.4,0.46,0.69,1.04,2.04,312.2,173.0,139.2,0.52,0.78,1.17,2.30,54,76,2.08,2.93,2.35,3.30
,,,Twigler,Elite,Falcons,Birds of Prey,Solar,24.5,121,8,0.391,0.375,3,5,2226,1220,1006,3,4,11,17,17.6%,285.8,156.7,129.2,0.39,0.51,1.41,2.18,278.3,152.5,125.8,0.38,0.50,1.38,2.13,15,20,1.93,2.57,1.88,2.50
,,,Tamil Camel,Elite,Pushwalkers,The Quad Dynasty,Solar,22.8,213,15,0.327,0.400,6,9,3961,2230,1731,8,7,16,28,28.6%,288.9,162.7,126.3,0.58,0.51,1.17,2.04,264.1,148.7,115.4,0.53,0.47,1.07,1.87,31,48,2.26,3.50,2.07,3.20
,,,Oreotv_,Elite,"Megalodons
Vipers","Shark Attack
The Serpents",Solar,22.7,747,48,0.487,0.521,25,23,13599,7480,6119,30,25,43,108,27.8%,282.8,155.6,127.3,0.62,0.52,0.89,2.25,283.3,155.8,127.5,0.63,0.52,0.90,2.25,121,125,2.52,2.60,2.52,2.60
,,,Ogkrish,Elite,Dumpsters,Waste Management,Solar,21.3,611,39,0.378,0.385,15,24,11671,6710,4961,26,15,51,81,32.1%,296.8,170.6,126.2,0.66,0.38,1.30,2.06,299.3,172.1,127.2,0.67,0.38,1.31,2.08,77,106,1.96,2.70,1.97,2.72
,,,Greenzoid,Elite,"Balrogs
Frosted Wraiths","Middle Earth
Spooky Breakfast Gang",Solar,20.6,566,37,0.278,0.243,9,28,10516,5580,4936,18,16,45,73,24.7%,288.7,153.2,135.5,0.49,0.44,1.24,2.00,284.2,150.8,133.4,0.49,0.43,1.22,1.97,68,123,1.87,3.38,1.84,3.32
,,,Chrome,Elite,"Great Danes
Tempests","Dog Pound
Storm",Solar,20.4,601,37,0.315,0.270,10,27,11150,5990,5160,22,17,43,79,27.8%,288.2,154.9,133.4,0.57,0.44,1.11,2.04,301.4,161.9,139.5,0.59,0.46,1.16,2.14,70,115,1.81,2.97,1.89,3.11
,,,Heymycheese,Elite,Great Danes,Dog Pound,Solar,20.3,734,45,0.349,0.311,14,31,13608,7350,6258,21,18,67,100,21.0%,288.0,155.6,132.5,0.44,0.38,1.42,2.12,302.4,163.3,139.1,0.47,0.40,1.49,2.22,90,134,1.91,2.84,2.00,2.98
,,,Pletheros,Elite,Falcons,Birds of Prey,Solar,20.1,124,8,0.406,0.375,3,5,2059,1010,1049,2,4,8,21,9.5%,258.0,126.6,131.4,0.25,0.50,1.00,2.63,257.4,126.3,131.1,0.25,0.50,1.00,2.63,19,24,2.38,3.01,2.38,3.00
,,,Atarz,Elite,Cerberii,πολύ κεφάλη,Lunar,19.9,50,3,0.443,0.667,2,1,798,440,358,2,2,1,9,22.2%,248.0,136.7,111.2,0.62,0.62,0.31,2.80,266.0,146.7,119.3,0.67,0.67,0.33,3.00,6,7,1.86,2.18,2.00,2.33
,,,Kyal,Elite,Kings,House of Cards,Lunar,16.9,413,27,0.446,0.370,10,17,7587,4110,3477,12,13,37,41,29.3%,285.4,154.6,130.8,0.45,0.49,1.39,1.54,281.0,152.2,128.8,0.44,0.48,1.37,1.52,52,60,1.96,2.26,1.93,2.22
,,,Graphic,Elite,Spearmint,Minty Fresh,Lunar,15.1,32,2,0.280,0.000,0,2,654,330,324,0,0,6,3,0.0%,317.5,160.2,157.3,0.00,0.00,2.91,1.46,327.0,165.0,162.0,0.00,0.00,3.00,1.50,2,4,0.97,1.94,1.00,2.00
,,,Ohmeon,Elite,Balrogs,Middle Earth,Lunar,13.8,561,37,0.236,0.162,6,31,9607,4900,4707,14,13,41,80,17.5%,266.1,135.7,130.4,0.39,0.36,1.14,2.22,259.6,132.4,127.2,0.38,0.35,1.11,2.16,54,115,1.50,3.18,1.46,3.11
,,,Spoon.,Elite,Falcons,Birds of Prey,Solar,13.4,70,4,0.192,0.000,0,4,1091,670,421,2,2,5,12,16.7%,242.2,148.7,93.4,0.44,0.44,1.11,2.66,272.8,167.5,105.3,0.50,0.50,1.25,3.00,7,17,1.55,3.77,1.75,4.25
,,,Lucid,Elite,"Battletoads
Earth","8-Bit Brigade
The Elements",Lunar,12.5,396,26,0.488,0.538,14,12,6366,3210,3156,6,17,27,41,14.6%,249.8,125.9,123.8,0.24,0.67,1.06,1.61,244.8,123.5,121.4,0.23,0.65,1.04,1.58,63,65,2.47,2.55,2.42,2.50
,,,Jo3_Youn9,Elite,Great Apes,Planet of the Apes,Solar,9.6,101,7,0.392,0.286,2,5,1652,750,902,2,2,6,15,13.3%,254.1,115.4,138.8,0.31,0.31,0.92,2.31,236.0,107.1,128.9,0.29,0.29,0.86,2.14,12,16,1.85,2.46,1.71,2.29
,,,Wind,Elite,Great Danes,Dog Pound,Solar,2.9,8,1,0.000,0.000,0,1,142,10,132,0,0,0,1,0.0%,275.8,19.4,256.4,0.00,0.00,0.00,1.94,142.0,10.0,132.0,0.00,0.00,0.00,1.00,0,2,0.00,3.88,0.00,2.00
,,,Kruncho,Elite,Sabertooths,Polar Vortex,Lunar,0.4,178,12,0.253,0.333,4,8,2621,1300,1321,3,5,11,20,15.0%,228.8,113.5,115.3,0.26,0.44,0.96,1.75,218.4,108.3,110.1,0.25,0.42,0.92,1.67,18,36,1.57,3.14,1.50,3.00
,,,Dongman,Elite,Illuminati,The Order,Lunar,-2.4,50,3,0.500,0.333,1,2,736,340,396,1,0,3,9,11.1%,228.7,105.7,123.1,0.31,0.00,0.93,2.80,245.3,113.3,132.0,0.33,0.00,1.00,3.00,7,7,2.18,2.18,2.33,2.33
,,,Crltn,Elite,Great Danes,Dog Pound,Solar,-5.8,53,4,0.134,0.250,1,3,781,250,531,0,1,3,5,0.0%,229.0,73.3,155.7,0.00,0.29,0.88,1.47,195.3,62.5,132.8,0.00,0.25,0.75,1.25,4,13,1.17,3.81,1.00,3.25
,,,Jcrdude,Elite,Spearmint,Minty Fresh,Lunar,-8.6,10,1,0.000,0.000,0,1,156,60,96,0,0,1,1,0.0%,242.4,93.2,149.2,0.00,0.00,1.55,1.55,156.0,60.0,96.0,0.00,0.00,1.00,1.00,0,2,0.00,3.11,0.00,2.00
,,,Eclipse (Change),Elite,Battletoads,8-Bit Brigade,Lunar,-18.3,11,1,0.259,0.000,0,1,186,50,136,0,0,1,0,,262.7,70.6,192.1,0.00,0.00,1.41,0.00,186.0,50.0,136.0,0.00,0.00,1.00,0.00,1,2,1.41,2.82,1.00,2.00
,,,Rosie,Elite,Gucci,High Class,Lunar,-25.9,54,4,0.221,0.500,2,2,607,190,417,0,1,2,4,0.0%,174.6,54.7,120.0,0.00,0.29,0.58,1.15,151.8,47.5,104.3,0.00,0.25,0.50,1.00,6,13,1.73,3.74,1.50,3.25
,,,Dragondzballz,Elite,Kings,House of Cards,Lunar,-36.6,66,4,0.019,0.000,0,4,797,270,527,0,0,5,2,0.0%,187.6,63.6,124.1,0.00,0.00,1.18,0.47,199.3,67.5,131.8,0.00,0.00,1.25,0.50,1,15,0.24,3.53,0.25,3.75
,,,Mrbananarl,Elite,Earth,The Elements,Lunar,-44.5,70,4,0.246,0.000,0,4,683,340,343,1,0,4,4,25.0%,151.6,75.5,76.1,0.22,0.00,0.89,0.89,170.8,85.0,85.8,0.25,0.00,1.00,1.00,8,16,1.78,3.55,2.00,4.00
,,,Beans,Elite,Balrogs,Middle Earth,Lunar,,0,0,,,0,0,0,0,0,0,0,0,0,,,,,,,,,,,,,,,,0,0,,,,
,,,Crispynuggets,Contender,Thunder Buddies,Electric Mayhem,Lunar,99.8,287,23,0.766,0.826,19,4,10496,6750,3746,47,8,18,75,62.7%,473.0,304.2,168.8,2.12,0.36,0.81,3.38,456.3,293.5,162.9,2.04,0.35,0.78,3.26,81,39,3.65,1.76,3.52,1.70
,,,Karma_,Contender,Marinara,Fifty-Fifty Pizzeria,Lunar,96.6,174,14,0.554,0.429,6,8,5728,3270,2458,14,8,20,47,29.8%,425.8,243.1,182.7,1.04,0.59,1.49,3.49,409.1,233.6,175.6,1.00,0.57,1.43,3.36,30,26,2.23,1.93,2.14,1.86
,,,Kranky,Contender,"Explorer
Landfills","Mission Control
Waste Management",Solar,90.9,718,53,0.661,0.679,36,17,21487,13520,7967,71,47,48,167,42.5%,387.1,243.5,143.5,1.28,0.85,0.86,3.01,405.4,255.1,150.3,1.34,0.89,0.91,3.15,165,108,2.97,1.95,3.11,2.04
,,,Thee Biologist,Contender,Mongols,The Sovereign,Lunar,88.8,797,60,0.660,0.700,42,18,24347,14530,9817,72,44,65,188,38.3%,395.1,235.8,159.3,1.17,0.71,1.05,3.05,405.8,242.2,163.6,1.20,0.73,1.08,3.13,176,115,2.86,1.87,2.93,1.92
,,,Chronic Lies,Contender,Roaches,The Swarm,Solar,88.7,664,55,0.632,0.655,36,19,21384,13010,8374,80,28,41,156,51.3%,416.5,253.4,163.1,1.56,0.55,0.80,3.04,388.8,236.5,152.3,1.45,0.51,0.75,2.84,148,105,2.88,2.05,2.69,1.91
,,,Thomasuh,Contender,Hellions,πολύ κεφάλη,Lunar,85.7,764,59,0.767,0.797,47,12,22230,13280,8950,68,42,50,188,36.2%,376.3,224.8,151.5,1.15,0.71,0.85,3.18,376.8,225.1,151.7,1.15,0.71,0.85,3.19,198,93,3.35,1.57,3.36,1.58
,,,Mattviaairwaves,Contender,Stargazers,The Abyss,Lunar,80.5,526,46,0.500,0.500,23,23,16501,9340,7161,43,21,58,109,39.4%,405.7,229.7,176.1,1.06,0.52,1.43,2.68,358.7,203.0,155.7,0.93,0.46,1.26,2.37,96,96,2.36,2.36,2.09,2.09
,,,Progmoney1100,Contender,Stargazers,The Abyss,Lunar,76.6,33,3,0.662,0.667,2,1,784,390,394,2,2,0,9,22.2%,307.3,152.9,154.4,0.78,0.78,0.00,3.53,261.3,130.0,131.3,0.67,0.67,0.00,3.00,9,6,3.53,2.35,3.00,2.00
,,,Itskengu,Contender,Landfills,Waste Management,Solar,76.2,745,58,0.631,0.552,32,26,21311,12690,8621,63,34,61,164,38.4%,370.0,220.3,149.7,1.09,0.59,1.06,2.85,367.4,218.8,148.6,1.09,0.59,1.05,2.83,154,109,2.67,1.89,2.66,1.88
,,,Threecrown,Contender,Tomatoes,The Garden,Lunar,76.0,118,10,0.618,0.600,6,4,3666,2080,1586,12,4,9,23,52.2%,401.8,228.0,173.8,1.32,0.44,0.99,2.52,366.6,208.0,158.6,1.20,0.40,0.90,2.30,27,20,2.96,2.19,2.70,2.00
,,,Tdeez,Contender,Hellions,πολύ κεφάλη,Lunar,73.2,731,56,0.771,0.786,44,12,19773,12280,7493,68,37,41,158,43.0%,349.9,217.3,132.6,1.20,0.65,0.73,2.80,353.1,219.3,133.8,1.21,0.66,0.73,2.82,188,87,3.33,1.54,3.36,1.55
,,,Xmicrowavechefx,Contender,"Hellions
Arctic Foxes","πολύ κεφάλη
Polar Vortex",Lunar,72.9,618,49,0.805,0.796,39,10,15882,9950,5932,47,40,40,125,37.6%,332.4,208.2,124.1,0.98,0.84,0.84,2.62,324.1,203.1,121.1,0.96,0.82,0.82,2.55,163,66,3.41,1.38,3.33,1.35
,,,Blue Eyes Thunder Thighs,Contender,Partly Cloudy,Storm,Solar,70.8,734,57,0.503,0.474,27,30,22462,12450,10012,57,21,86,140,40.7%,395.8,219.4,176.4,1.00,0.37,1.52,2.47,394.1,218.4,175.6,1.00,0.37,1.51,2.46,123,122,2.17,2.15,2.16,2.14
,,,Center Ball Johnson,Contender,"Landfills
Explorer","Waste Management
Mission Control",Solar,69.9,785,59,0.584,0.542,32,27,21432,12610,8822,57,39,69,151,37.7%,353.1,207.8,145.4,0.94,0.64,1.14,2.49,363.3,213.7,149.5,0.97,0.66,1.17,2.56,158,127,2.60,2.09,2.68,2.15
,,,Zar235,Contender,Explorer,Mission Control,Solar,67.7,704,50,0.653,0.680,34,16,17943,10540,7403,53,34,40,154,34.4%,329.6,193.6,136.0,0.97,0.62,0.73,2.83,358.9,210.8,148.1,1.06,0.68,0.80,3.08,161,108,2.96,1.98,3.22,2.16
,,,Astro,Contender,Bloodhounds,Dog Pound,Solar,62.3,730,55,0.494,0.491,27,28,20271,11080,9191,58,24,56,128,45.3%,359.2,196.3,162.8,1.03,0.43,0.99,2.27,368.6,201.5,167.1,1.05,0.44,1.02,2.33,134,136,2.37,2.41,2.44,2.47
,,,Rogers,Contender,Sea Turtles,The Ocean,Solar,59.9,667,52,0.530,0.519,27,25,17789,9750,8039,41,22,66,125,32.8%,344.9,189.1,155.9,0.80,0.43,1.28,2.42,342.1,187.5,154.6,0.79,0.42,1.27,2.40,118,109,2.29,2.11,2.27,2.10
,,,Musah,Contender,Mongols,The Sovereign,Lunar,58.9,752,55,0.664,0.709,39,16,18372,10530,7842,49,34,50,143,34.3%,316.0,181.1,134.9,0.84,0.58,0.86,2.46,334.0,191.5,142.6,0.89,0.62,0.91,2.60,167,108,2.87,1.86,3.04,1.96
,,,Animalnoise,Contender,Roaches,The Swarm,Solar,58.3,701,59,0.614,0.627,37,22,17348,9500,7848,42,33,49,120,35.0%,320.1,175.3,144.8,0.77,0.61,0.90,2.21,294.0,161.0,133.0,0.71,0.56,0.83,2.03,153,114,2.82,2.10,2.59,1.93
,,,Pythagorjags,Contender,Snap-Its,Fallout Shelter,Solar,58.0,788,59,0.371,0.356,21,38,21277,11720,9557,51,21,82,147,34.7%,349.2,192.4,156.9,0.84,0.34,1.35,2.41,360.6,198.6,162.0,0.86,0.36,1.39,2.49,126,176,2.07,2.89,2.14,2.98
,,,Mauidestroya,Contender,Boas,The Serpents,Solar,56.6,568,44,0.463,0.386,17,27,14891,8100,6791,37,18,50,100,37.0%,339.1,184.4,154.6,0.84,0.41,1.14,2.28,338.4,184.1,154.3,0.84,0.41,1.14,2.27,100,110,2.28,2.50,2.27,2.50
,,,Wait A Minute!,Contender,Boas,The Serpents,Solar,55.4,531,41,0.426,0.341,14,27,13381,7650,5731,35,19,45,95,36.8%,325.9,186.3,139.6,0.85,0.46,1.10,2.31,326.4,186.6,139.8,0.85,0.46,1.10,2.32,91,110,2.22,2.68,2.22,2.68
,,,Swimmer,Contender,Sea Turtles,The Ocean,Solar,55.2,679,52,0.484,0.462,24,28,17193,9390,7803,46,25,48,114,40.4%,327.5,178.9,148.6,0.88,0.48,0.91,2.17,330.6,180.6,150.1,0.88,0.48,0.92,2.19,115,120,2.19,2.29,2.21,2.31
,,,Treedreams,Contender,Arctic Foxes,Polar Vortex,Lunar,54.7,658,51,0.405,0.451,23,28,16304,9500,6804,52,20,40,130,40.0%,320.5,186.7,133.7,1.02,0.39,0.79,2.56,319.7,186.3,133.4,1.02,0.39,0.78,2.55,114,145,2.24,2.85,2.24,2.84
,,,The_Elder_Pickle,Contender,Stargazers,The Abyss,Lunar,54.1,559,47,0.512,0.489,23,24,13795,6980,6815,32,20,36,98,32.7%,319.2,161.5,157.7,0.74,0.46,0.83,2.27,293.5,148.5,145.0,0.68,0.43,0.77,2.09,103,100,2.38,2.31,2.19,2.13
,,,Ragegamingis1,Contender,Stargazers,The Abyss,Lunar,54.0,341,30,0.500,0.533,16,14,8613,4630,3983,22,10,26,63,34.9%,326.7,175.6,151.1,0.83,0.38,0.99,2.39,287.1,154.3,132.8,0.73,0.33,0.87,2.10,60,60,2.28,2.28,2.00,2.00
,,,Ampleth3Grayman,Contender,Thunder Buddies,Electric Mayhem,Lunar,52.9,667,51,0.506,0.471,24,27,15918,8830,7088,35,30,55,108,32.4%,308.7,171.2,137.4,0.68,0.58,1.07,2.09,312.1,173.1,139.0,0.69,0.59,1.08,2.12,131,129,2.54,2.50,2.57,2.53
,,,Onlypandasrl,Contender,Explorer,Mission Control,Solar,52.9,686,50,0.692,0.740,37,13,16589,9980,6609,51,27,47,118,43.2%,312.8,188.2,124.6,0.96,0.51,0.89,2.22,331.8,199.6,132.2,1.02,0.54,0.94,2.36,168,101,3.17,1.90,3.36,2.02
,,,Icinggamingxxyt,Contender,Bloodhounds,Dog Pound,Solar,52.0,619,46,0.493,0.500,23,23,14729,8200,6529,32,27,53,100,32.0%,307.8,171.3,136.4,0.67,0.56,1.11,2.09,320.2,178.3,141.9,0.70,0.59,1.15,2.17,113,115,2.36,2.40,2.46,2.50
,,,Americas F1Nest,Contender,Tomatoes,The Garden,Lunar,51.8,585,47,0.449,0.468,22,25,13401,7400,6001,34,25,34,105,32.4%,296.3,163.6,132.7,0.75,0.55,0.75,2.32,285.1,157.4,127.7,0.72,0.53,0.72,2.23,100,114,2.21,2.52,2.13,2.43
,,,Sgtboom09,Contender,Roaches,The Swarm,Solar,51.0,37,4,0.500,0.500,2,2,970,450,520,3,1,1,5,60.0%,339.1,157.3,181.8,1.05,0.35,0.35,1.75,242.5,112.5,130.0,0.75,0.25,0.25,1.25,6,6,2.10,2.10,1.50,1.50
,,,Rebel,Contender,Tomatoes,The Garden,Lunar,49.9,726,59,0.358,0.390,23,36,18328,10340,7988,45,19,73,124,36.3%,326.5,184.2,142.3,0.80,0.34,1.30,2.21,310.6,175.3,135.4,0.76,0.32,1.24,2.10,111,161,1.98,2.87,1.88,2.73
,,,Gamerover40,Contender,Boas,The Serpents,Solar,48.9,576,44,0.428,0.386,17,27,13734,8000,5734,32,27,54,75,42.7%,308.4,179.6,128.8,0.72,0.61,1.21,1.68,312.1,181.8,130.3,0.73,0.61,1.23,1.70,100,120,2.25,2.69,2.27,2.73
,,,Johkev,Contender,Arctic Foxes,Polar Vortex,Lunar,47.8,508,40,0.422,0.425,17,23,11590,6390,5200,27,20,37,84,32.1%,295.1,162.7,132.4,0.69,0.51,0.94,2.14,289.8,159.8,130.0,0.68,0.50,0.93,2.10,86,105,2.19,2.67,2.15,2.63
,,,Sef_Assasin666,Contender,Marinara,Fifty-Fifty Pizzeria,Lunar,47.1,664,52,0.320,0.404,21,31,17137,9710,7427,39,18,80,91,42.9%,333.8,189.1,144.7,0.76,0.35,1.56,1.77,329.6,186.7,142.8,0.75,0.35,1.54,1.75,87,142,1.69,2.77,1.67,2.73
,,,Unlimitedducks,Contender,"Explorer
Thunder Buddies","Mission Control
Electric Mayhem",Solar,46.8,47,4,0.413,0.250,1,3,964,560,404,3,3,1,6,50.0%,265.3,154.1,111.2,0.83,0.83,0.28,1.65,241.0,140.0,101.0,0.75,0.75,0.25,1.50,8,10,2.20,2.75,2.00,2.50
,,,Spritemichaeler,Contender,Hellions,πολύ κεφάλη,Lunar,46.3,216,15,0.636,0.733,11,4,4304,2510,1794,12,12,7,36,33.3%,257.7,150.3,107.4,0.72,0.72,0.42,2.16,286.9,167.3,119.6,0.80,0.80,0.47,2.40,51,36,3.05,2.16,3.40,2.40
,,,Bill Nye The Cat Guy,Contender,Partly Cloudy,Storm,Solar,45.8,609,47,0.588,0.553,26,21,13446,7500,5946,34,23,38,105,32.4%,285.6,159.3,126.3,0.72,0.49,0.81,2.23,286.1,159.6,126.5,0.72,0.49,0.81,2.23,103,81,2.19,1.72,2.19,1.72
,,,Way2Luckee,Contender,Mongols,The Sovereign,Lunar,44.5,684,52,0.657,0.692,36,16,15069,9050,6019,48,28,36,105,45.7%,284.9,171.1,113.8,0.91,0.53,0.68,1.99,289.8,174.0,115.8,0.92,0.54,0.69,2.02,150,99,2.84,1.87,2.88,1.90
,,,Codemanx,Contender,Secte Rouge,The Order,Lunar,43.1,687,49,0.320,0.306,15,34,14855,8190,6665,30,29,54,104,28.8%,279.7,154.2,125.5,0.56,0.55,1.02,1.96,303.2,167.1,136.0,0.61,0.59,1.10,2.12,105,168,1.98,3.16,2.14,3.43
,,,Fartsypartsio,Contender,Bloodhounds,Dog Pound,Solar,42.6,616,46,0.507,0.500,23,23,13562,7640,5922,30,25,50,89,33.7%,284.8,160.4,124.3,0.63,0.52,1.05,1.87,294.8,166.1,128.7,0.65,0.54,1.09,1.93,116,114,2.44,2.39,2.52,2.48
,,,Ncreds,Contender,Secte Rouge,The Order,Lunar,42.1,817,58,0.324,0.310,18,40,18555,10910,7645,53,24,62,131,40.5%,293.7,172.7,121.0,0.84,0.38,0.98,2.07,319.9,188.1,131.8,0.91,0.41,1.07,2.26,128,202,2.03,3.20,2.21,3.48
,,,Link,Contender,"Stargazers
Explorer","The Abyss
Mission Control",Lunar,42.1,242,19,0.455,0.526,10,9,5298,2780,2518,12,10,15,33,36.4%,283.2,148.6,134.6,0.64,0.53,0.80,1.76,278.8,146.3,132.5,0.63,0.53,0.79,1.74,40,45,2.14,2.41,2.11,2.37
,,,Rogueum,Contender,"Snap-Its
Thunder Buddies","Fallout Shelter
Electric Mayhem",Solar,40.5,658,48,0.374,0.375,18,30,14432,8180,6252,38,18,47,113,33.6%,283.7,160.8,122.9,0.75,0.35,0.92,2.22,300.7,170.4,130.3,0.79,0.38,0.98,2.35,103,143,2.02,2.81,2.15,2.98
,,,Sup3Rm4N,Contender,Thunder Buddies,Electric Mayhem,Lunar,40.4,619,47,0.503,0.468,22,25,13364,7840,5524,34,21,48,99,34.3%,279.2,163.8,115.4,0.71,0.44,1.00,2.07,284.3,166.8,117.5,0.72,0.45,1.02,2.11,121,120,2.53,2.51,2.57,2.55
,,,One Shot Wonder,Contender,Landfills,Waste Management,Solar,39.9,528,42,0.552,0.476,20,22,10795,5580,5215,25,24,23,73,34.2%,264.4,136.7,127.7,0.61,0.59,0.56,1.79,257.0,132.9,124.2,0.60,0.57,0.55,1.74,103,90,2.52,2.20,2.45,2.14
,,,Papahoff420,Contender,Arctic Foxes,Polar Vortex,Lunar,39.2,766,59,0.430,0.475,28,31,16607,8800,7807,36,25,56,115,31.3%,280.4,148.6,131.8,0.61,0.42,0.95,1.94,281.5,149.2,132.3,0.61,0.42,0.95,1.95,132,158,2.23,2.67,2.24,2.68
,,,Touchetupac2,Contender,Secte Rouge,The Order,Lunar,38.6,427,32,0.283,0.281,9,23,9152,4730,4422,22,11,25,73,30.1%,277.2,143.3,133.9,0.67,0.33,0.76,2.21,286.0,147.8,138.2,0.69,0.34,0.78,2.28,63,112,1.91,3.39,1.97,3.50
,,,Purpletoad K1Ng,Contender,Stargazers,The Abyss,Lunar,38.4,505,42,0.534,0.476,20,22,10533,5760,4773,25,20,31,71,35.2%,269.8,147.5,122.2,0.64,0.51,0.79,1.82,250.8,137.1,113.6,0.60,0.48,0.74,1.69,96,88,2.46,2.25,2.29,2.10
,,,Grubslife,Contender,Sea Turtles,The Ocean,Solar,37.6,601,45,0.485,0.467,21,24,13297,7180,6117,30,15,50,93,32.3%,286.2,154.5,131.6,0.65,0.32,1.08,2.00,295.5,159.6,135.9,0.67,0.33,1.11,2.07,97,101,2.09,2.17,2.16,2.24
,,,Slammedz,Contender,"Partly Cloudy
partly Cloudy","Storm
Storm",Solar,36.9,642,49,0.518,0.490,24,25,12746,7030,5716,24,29,46,88,27.3%,256.8,141.6,115.2,0.48,0.58,0.93,1.77,260.1,143.5,116.7,0.49,0.59,0.94,1.80,111,106,2.24,2.14,2.27,2.16
,,,Dintgrid,Contender,Roaches,The Swarm,Solar,36.5,704,59,0.614,0.627,37,22,14967,8020,6947,29,27,58,87,33.3%,275.0,147.3,127.6,0.53,0.50,1.07,1.60,253.7,135.9,117.7,0.49,0.46,0.98,1.47,153,114,2.81,2.09,2.59,1.93
,,,Astrotennis,Contender,Roaches,The Swarm,Solar,31.3,39,3,0.434,0.667,2,1,867,390,477,1,1,4,4,25.0%,287.5,129.3,158.2,0.33,0.33,1.33,1.33,289.0,130.0,159.0,0.33,0.33,1.33,1.33,5,6,1.66,1.99,1.67,2.00
,,,Kidnutrageous,Contender,Partly Cloudy,Storm,Solar,26.9,289,24,0.357,0.417,10,14,5663,2840,2823,11,7,20,39,28.2%,253.4,127.1,126.3,0.49,0.31,0.90,1.75,236.0,118.3,117.6,0.46,0.29,0.83,1.63,41,60,1.83,2.69,1.71,2.50
,,,Hugi06,Contender,Landfills,Waste Management,Solar,25.7,304,22,0.764,0.636,14,8,5020,2820,2200,11,13,13,42,26.2%,213.6,120.0,93.6,0.47,0.55,0.55,1.79,228.2,128.2,100.0,0.50,0.59,0.59,1.91,71,33,3.02,1.40,3.23,1.50
,,,L3G1T L3Ge3Nd,Contender,Marinara,Fifty-Fifty Pizzeria,Lunar,25.3,753,59,0.323,0.390,23,36,14846,7350,7496,28,23,53,75,37.3%,255.0,126.2,128.8,0.48,0.40,0.91,1.29,251.6,124.6,127.1,0.47,0.39,0.90,1.27,98,159,1.68,2.73,1.66,2.69
,,,Jordayumm,Contender,Snap-Its,Fallout Shelter,Solar,25.1,21,2,0.128,0.000,0,2,467,180,287,0,0,3,3,0.0%,287.6,110.9,176.8,0.00,0.00,1.85,1.85,233.5,90.0,143.5,0.00,0.00,1.50,1.50,1,4,0.62,2.46,0.50,2.00
,,,Crzykil,Contender,Snap-Its,Fallout Shelter,Solar,24.7,590,45,0.378,0.333,15,30,11555,6130,5425,28,15,38,68,41.2%,253.3,134.4,118.9,0.61,0.33,0.83,1.49,256.8,136.2,120.6,0.62,0.33,0.84,1.51,94,129,2.06,2.83,2.09,2.87
,,,Frank Tartare,Contender,"Sea Turtles
Hellions","The Ocean
πολύ κεφάλη",Solar,22.0,257,21,0.476,0.429,9,12,4807,2830,1977,16,4,13,38,42.1%,241.9,142.4,99.5,0.81,0.20,0.65,1.91,228.9,134.8,94.1,0.76,0.19,0.62,1.81,48,51,2.42,2.57,2.29,2.43
,,,Stale Popcorn,Contender,"Marinara
Tomatoes","Fifty-Fifty Pizzeria
The Garden",Lunar,20.0,177,13,0.181,0.154,2,11,3057,1460,1597,3,7,13,16,18.8%,223.4,106.7,116.7,0.22,0.51,0.95,1.17,235.2,112.3,122.8,0.23,0.54,1.00,1.23,15,41,1.10,3.00,1.15,3.15
,,,Mtiptonatc,Contender,Arctic Foxes,Polar Vortex,Lunar,19.8,353,26,0.398,0.500,13,13,5781,3500,2281,17,12,15,45,37.8%,211.8,128.2,83.6,0.62,0.44,0.55,1.65,222.3,134.6,87.7,0.65,0.46,0.58,1.73,61,79,2.24,2.89,2.35,3.04
,,,Savedbyblood2,Contender,"Bloodhounds
Thunder Buddies","Dog Pound
Electric Mayhem",Lunar,19.1,450,32,0.421,0.344,11,21,8262,4420,3842,22,8,25,57,38.6%,237.5,127.0,110.4,0.63,0.23,0.72,1.64,258.2,138.1,120.1,0.69,0.25,0.78,1.78,63,78,1.81,2.24,1.97,2.44
,,,Dtduno,Contender,Mongols,The Sovereign,Lunar,19.0,152,12,0.638,0.667,8,4,2604,1390,1214,7,4,6,19,36.8%,221.6,118.3,103.3,0.60,0.34,0.51,1.62,217.0,115.8,101.2,0.58,0.33,0.50,1.58,33,23,2.81,1.96,2.75,1.92
,,,Jme,Contender,"Tomatoes
Sea Turtles","The Garden
The Ocean",Lunar,17.6,532,42,0.372,0.429,18,24,9880,4780,5100,16,10,42,58,27.6%,240.2,116.2,124.0,0.39,0.24,1.02,1.41,235.2,113.8,121.4,0.38,0.24,1.00,1.38,76,107,1.85,2.60,1.81,2.55
,,,Averytt10,Contender,Marinara,Fifty-Fifty Pizzeria,Lunar,15.3,543,43,0.296,0.419,18,25,10188,5240,4948,15,9,55,54,27.8%,242.7,124.8,117.9,0.36,0.21,1.31,1.29,236.9,121.9,115.1,0.35,0.21,1.28,1.26,69,121,1.64,2.88,1.60,2.81
,,,Piky Life88,Contender,Snap-Its,Fallout Shelter,Solar,12.5,389,29,0.368,0.379,11,18,6249,3460,2789,13,12,24,36,36.1%,207.8,115.0,92.7,0.43,0.40,0.80,1.20,215.5,119.3,96.2,0.45,0.41,0.83,1.24,65,91,2.16,3.03,2.24,3.14
,,,Col,Contender,Secte Rouge,The Order,Lunar,12.0,574,41,0.325,0.293,12,29,9502,5010,4492,23,9,31,71,32.4%,214.1,112.9,101.2,0.52,0.20,0.70,1.60,231.8,122.2,109.6,0.56,0.22,0.76,1.73,88,139,1.98,3.13,2.15,3.39
,,,Mawneer,Contender,Tomatoes,The Garden,Lunar,6.9,192,17,0.130,0.118,2,15,3140,1600,1540,5,4,15,15,33.3%,211.5,107.8,103.7,0.34,0.27,1.01,1.01,184.7,94.1,90.6,0.29,0.24,0.88,0.88,18,59,1.21,3.97,1.06,3.47
,,,Juiceth3Creator,Contender,"Thunder Buddies
Tomatoes","Electric Mayhem
The Garden",Lunar,4.1,252,21,0.312,0.238,5,16,3955,1830,2125,7,5,14,18,38.9%,203.0,93.9,109.1,0.36,0.26,0.72,0.92,188.3,87.1,101.2,0.33,0.24,0.67,0.86,42,68,2.16,3.49,2.00,3.24
,,,Rocci,Contender,Boas,The Serpents,Solar,4.0,424,35,0.265,0.257,9,26,6539,3460,3079,12,8,30,36,33.3%,199.5,105.5,93.9,0.37,0.24,0.92,1.10,186.8,98.9,88.0,0.34,0.23,0.86,1.03,55,105,1.68,3.20,1.57,3.00
,,,Patrickshwastey,Contender,"Mongols
Explorer
Boas
Tomatoes
Hellions","The Sovereign
Mission Control
The Serpents
The Garden
πολύ κεφάλη",Lunar,3.7,221,17,0.265,0.294,5,12,3075,1550,1525,3,6,15,20,15.0%,180.0,90.7,89.2,0.18,0.35,0.88,1.17,180.9,91.2,89.7,0.18,0.35,0.88,1.18,32,60,1.87,3.51,1.88,3.53
,,,Mintie,Contender,Bloodhounds,Dog Pound,Solar,-1.5,64,6,0.343,0.333,2,4,987,480,507,3,1,2,3,100.0%,199.5,97.0,102.5,0.61,0.20,0.40,0.61,164.5,80.0,84.5,0.50,0.17,0.33,0.50,13,19,2.63,3.84,2.17,3.17
,,,Mrmagato,Contender,Boas,The Serpents,Solar,-14.3,12,1,0.275,0.000,0,1,148,60,88,0,0,1,1,0.0%,159.5,64.7,94.8,0.00,0.00,1.08,1.08,148.0,60.0,88.0,0.00,0.00,1.00,1.00,1,2,1.08,2.16,1.00,2.00
,,,Digital Spoon,Challenger,Barbarians,The Sovereign,Lunar,121.7,29,2,0.985,1.000,2,0,978,660,318,4,3,1,6,66.7%,462.6,312.2,150.4,1.89,1.42,0.47,2.84,489.0,330.0,159.0,2.00,1.50,0.50,3.00,12,1,5.68,0.47,6.00,0.50
,,,Spar24,Challenger,Leviathans,πολύ κεφάλη,Lunar,104.3,14,1,,1.000,1,0,290,220,70,1,1,0,7,14.3%,284.1,215.5,68.6,0.98,0.98,0.00,6.86,290.0,220.0,70.0,1.00,1.00,0.00,7.00,3,0,2.94,0.00,3.00,0.00
,,,Reag,Challenger,Barbarians,The Sovereign,Lunar,99.6,349,24,0.778,0.833,20,4,10594,6650,3944,36,21,22,90,40.0%,416.4,261.4,155.0,1.41,0.83,0.86,3.54,441.4,277.1,164.3,1.50,0.88,0.92,3.75,81,36,3.18,1.41,3.38,1.50
,,,Victa,Challenger,Baboons,Planet of the Apes,Solar,83.8,797,54,0.622,0.704,38,16,23701,13930,9771,65,30,83,178,36.5%,407.9,239.7,168.2,1.12,0.52,1.43,3.06,438.9,258.0,180.9,1.20,0.56,1.54,3.30,138,99,2.37,1.70,2.56,1.83
,,,Jutsin,Challenger,"Derechos
Flares","Storm
Fallout Shelter",Solar,83.2,715,56,0.548,0.589,33,23,20140,10960,9180,46,39,57,156,29.5%,386.4,210.3,176.1,0.88,0.75,1.09,2.99,359.6,195.7,163.9,0.82,0.70,1.02,2.79,127,112,2.44,2.15,2.27,2.00
,,,Zoose,Challenger,Stingrays,The Ocean,Solar,82.8,585,39,0.669,0.615,24,15,17005,10840,6165,61,24,44,134,45.5%,398.7,254.2,144.5,1.43,0.56,1.03,3.14,436.0,277.9,158.1,1.56,0.62,1.13,3.44,132,85,3.09,1.99,3.38,2.18
,,,Fantasy,Challenger,Prada,High Class,Lunar,82.0,497,38,0.544,0.579,22,16,14137,7570,6567,32,25,41,107,29.9%,390.2,208.9,181.2,0.88,0.69,1.13,2.95,372.0,199.2,172.8,0.84,0.66,1.08,2.82,95,85,2.62,2.35,2.50,2.24
,,,Chaotic_Jbc,Challenger,Threshers,Shark Attack,Solar,79.6,813,59,0.544,0.525,31,28,23459,13170,10289,67,33,61,177,37.9%,395.8,222.2,173.6,1.13,0.56,1.03,2.99,397.6,223.2,174.4,1.14,0.56,1.03,3.00,138,123,2.33,2.08,2.34,2.08
,,,Killinghabbits,Challenger,Lettuce,The Garden,Lunar,76.9,294,20,0.687,0.700,14,6,7524,4350,3174,18,20,19,60,30.0%,351.0,202.9,148.1,0.84,0.93,0.89,2.80,376.2,217.5,158.7,0.90,1.00,0.95,3.00,60,36,2.80,1.68,3.00,1.80
,,,Shaneswears,Challenger,Polar Bears,Polar Vortex,Lunar,75.6,771,55,0.637,0.673,37,18,20885,12930,7955,62,40,64,153,40.5%,371.5,230.0,141.5,1.10,0.71,1.14,2.72,379.7,235.1,144.6,1.13,0.73,1.16,2.78,164,115,2.92,2.05,2.98,2.09
,,,[Rvzn]Friskywombats,Challenger,Prada,High Class,Lunar,75.5,516,40,0.597,0.550,22,18,14674,8820,5854,42,20,52,102,41.2%,390.1,234.5,155.6,1.12,0.53,1.38,2.71,366.9,220.5,146.4,1.05,0.50,1.30,2.55,99,77,2.63,2.05,2.48,1.93
,,,Bovi,Challenger,Paperboys,8-Bit Brigade,Lunar,73.9,780,55,0.573,0.636,35,20,21659,12330,9329,58,28,69,168,34.5%,380.9,216.8,164.1,1.02,0.49,1.21,2.95,393.8,224.2,169.6,1.05,0.51,1.25,3.05,130,107,2.29,1.88,2.36,1.95
,,,Jamesy,Challenger,Ghostie Grahams,Spooky Breakfast Gang,Solar,73.2,589,44,0.547,0.545,24,20,15922,9230,6692,38,34,55,98,38.8%,370.8,214.9,155.8,0.88,0.79,1.28,2.28,361.9,209.8,152.1,0.86,0.77,1.25,2.23,106,94,2.47,2.19,2.41,2.14
,,,Kincaid,Challenger,Lettuce,The Garden,Lunar,72.5,389,27,0.517,0.444,12,15,10101,6310,3791,31,22,27,76,40.8%,356.2,222.5,133.7,1.09,0.78,0.95,2.68,374.1,233.7,140.4,1.15,0.81,1.00,2.81,72,69,2.54,2.43,2.67,2.56
,,,Heat,Challenger,Flares,Fallout Shelter,Solar,72.3,647,50,0.593,0.560,28,22,17517,10830,6687,58,22,49,148,39.2%,371.4,229.6,141.8,1.23,0.47,1.04,3.14,350.3,216.6,133.7,1.16,0.44,0.98,2.96,121,95,2.57,2.01,2.42,1.90
,,,Érid,Challenger,Ghostie Grahams,Spooky Breakfast Gang,Solar,71.6,642,48,0.586,0.625,30,18,17223,10280,6943,54,26,44,138,39.1%,368.0,219.6,148.3,1.15,0.56,0.94,2.95,358.8,214.2,144.6,1.13,0.54,0.92,2.88,133,107,2.84,2.29,2.77,2.23
,,,Adammast,Challenger,Stingrays,The Ocean,Solar,70.9,722,49,0.662,0.673,33,16,19401,12110,7291,59,35,63,131,45.0%,368.6,230.1,138.5,1.12,0.66,1.20,2.49,395.9,247.1,148.8,1.20,0.71,1.29,2.67,152,99,2.89,1.88,3.10,2.02
,,,Dudebrosick,Challenger,Barbarians,The Sovereign,Lunar,70.8,826,54,0.717,0.759,41,13,21089,12910,8179,64,40,54,181,35.4%,350.2,214.4,135.8,1.06,0.66,0.90,3.01,390.5,239.1,151.5,1.19,0.74,1.00,3.35,174,95,2.89,1.58,3.22,1.76
,,,DⓤG,Challenger,Metalheads,The Jukebox,Lunar,70.3,586,48,0.368,0.458,22,26,16067,8550,7517,35,18,58,125,28.0%,376.1,200.1,175.9,0.82,0.42,1.36,2.93,334.7,178.1,156.6,0.73,0.38,1.21,2.60,89,125,2.08,2.93,1.85,2.60
,,,Beware,Challenger,Pythons,The Serpents,Solar,69.4,769,53,0.680,0.698,37,16,19625,12200,7425,66,33,44,175,37.7%,350.0,217.6,132.4,1.18,0.59,0.78,3.12,370.3,230.2,140.1,1.25,0.62,0.83,3.30,151,92,2.69,1.64,2.85,1.74
,,,Steveharvey,Challenger,Shock,Electric Mayhem,Lunar,69.2,29,2,0.621,0.500,1,1,787,480,307,2,2,3,3,66.7%,372.2,227.0,145.2,0.95,0.95,1.42,1.42,393.5,240.0,153.5,1.00,1.00,1.50,1.50,8,6,3.78,2.84,4.00,3.00
,,,Golden,Challenger,Tic Tacs,Minty Fresh,Lunar,68.7,79,7,0.206,0.143,1,6,2142,1070,1072,3,4,9,12,25.0%,371.9,185.8,186.1,0.52,0.69,1.56,2.08,306.0,152.9,153.1,0.43,0.57,1.29,1.71,8,19,1.39,3.30,1.14,2.71
,,,Bringusdingus,Challenger,Owls,Birds of Prey,Solar,68.3,769,54,0.500,0.519,28,26,20166,11630,8536,46,33,78,148,31.1%,359.7,207.4,152.3,0.82,0.59,1.39,2.64,373.4,215.4,158.1,0.85,0.61,1.44,2.74,129,129,2.30,2.30,2.39,2.39
,,,Imth3B0S5,Challenger,Lettuce,The Garden,Lunar,68.1,111,8,0.630,0.500,4,4,3104,1750,1354,10,4,7,20,50.0%,383.6,216.2,167.3,1.24,0.49,0.86,2.47,388.0,218.8,169.3,1.25,0.50,0.88,2.50,25,18,3.09,2.22,3.13,2.25
,,,Therealnach0,Challenger,Water,The Elements,Lunar,68.0,788,54,0.553,0.481,26,28,20659,11920,8739,55,35,63,152,36.2%,359.6,207.5,152.1,0.96,0.61,1.10,2.65,382.6,220.7,161.8,1.02,0.65,1.17,2.81,140,122,2.44,2.12,2.59,2.26
,,,Hudx,Challenger,Leviathans,πολύ κεφάλη,Lunar,67.9,752,58,0.513,0.500,29,29,20405,11030,9375,50,28,64,143,35.0%,372.2,201.2,171.0,0.91,0.51,1.17,2.61,351.8,190.2,161.6,0.86,0.48,1.10,2.47,122,118,2.23,2.15,2.10,2.03
,,,Luqo,Challenger,Voyager,Mission Control,Solar,67.8,797,58,0.531,0.517,30,28,20557,11460,9097,52,40,55,151,34.4%,353.8,197.2,156.6,0.89,0.69,0.95,2.60,354.4,197.6,156.8,0.90,0.69,0.95,2.60,144,133,2.48,2.29,2.48,2.29
,,,Dravaco,Challenger,Wings,Fifty-Fifty Pizzeria,Lunar,67.6,631,45,0.637,0.622,28,17,16961,9330,7631,26,31,85,93,28.0%,368.7,202.8,165.9,0.57,0.67,1.85,2.02,376.9,207.3,169.6,0.58,0.69,1.89,2.07,116,80,2.52,1.74,2.58,1.78
,,,Monsterjamers,Challenger,Waste Baskets,Waste Management,Solar,66.1,152,12,0.600,0.750,9,3,4244,2470,1774,11,6,17,22,50.0%,383.0,222.9,160.1,0.99,0.54,1.53,1.99,353.7,205.8,147.8,0.92,0.50,1.42,1.83,31,24,2.80,2.17,2.58,2.00
,,,Scotti,Challenger,Polar Bears,Polar Vortex,Lunar,65.9,806,58,0.656,0.672,39,19,20211,12540,7671,67,38,46,164,40.9%,343.9,213.4,130.5,1.14,0.65,0.78,2.79,348.5,216.2,132.3,1.16,0.66,0.79,2.83,176,117,3.00,1.99,3.03,2.02
,,,Vrou,Challenger,Freemasons,The Order,Lunar,65.5,686,51,0.455,0.353,18,33,18561,10420,8141,54,22,52,132,40.9%,371.1,208.3,162.8,1.08,0.44,1.04,2.64,363.9,204.3,159.6,1.06,0.43,1.02,2.59,104,117,2.08,2.34,2.04,2.29
,,,Jno28,Challenger,Spastics,The Quad Dynasty,Solar,65.3,632,46,0.721,0.696,32,14,15933,9160,6773,33,36,61,101,32.7%,345.8,198.8,147.0,0.72,0.78,1.32,2.19,346.4,199.1,147.2,0.72,0.78,1.33,2.20,132,71,2.86,1.54,2.87,1.54
,,,Eternalsun,Challenger,House Tyrell,Houses of Westeros,Solar,64.8,832,59,0.437,0.441,26,33,22207,12430,9777,51,28,88,153,33.3%,366.1,204.9,161.2,0.84,0.46,1.45,2.52,376.4,210.7,165.7,0.86,0.47,1.49,2.59,130,153,2.14,2.52,2.20,2.59
,,,Shwae,Challenger,Shock,Electric Mayhem,Lunar,64.7,671,50,0.588,0.620,31,19,17315,10110,7205,50,23,51,141,35.5%,353.9,206.7,147.3,1.02,0.47,1.04,2.88,346.3,202.2,144.1,1.00,0.46,1.02,2.82,114,90,2.33,1.84,2.28,1.80
,,,Freezin,Challenger,Spastics,The Quad Dynasty,Solar,63.7,845,60,0.673,0.650,39,21,21372,12860,8512,62,29,68,181,34.3%,346.9,208.7,138.2,1.01,0.47,1.10,2.94,356.2,214.3,141.9,1.03,0.48,1.13,3.02,164,102,2.66,1.66,2.73,1.70
,,,Deejayz_,Challenger,Pythons,The Serpents,Solar,63.4,57,4,0.584,0.500,2,2,1380,910,470,5,3,3,11,45.5%,332.1,219.0,113.1,1.20,0.72,0.72,2.65,345.0,227.5,117.5,1.25,0.75,0.75,2.75,10,8,2.41,1.93,2.50,2.00
,,,Jonezy,Challenger,Polar Bears,Polar Vortex,Lunar,62.5,641,46,0.671,0.652,30,16,15292,8920,6372,33,39,52,107,30.8%,327.2,190.9,136.3,0.71,0.83,1.11,2.29,332.4,193.9,138.5,0.72,0.85,1.13,2.33,140,89,3.00,1.90,3.04,1.93
,,,Hendo,Challenger,Pythons,The Serpents,Solar,62.0,872,60,0.682,0.717,43,17,21000,12300,8700,55,39,61,180,30.6%,330.3,193.5,136.8,0.87,0.61,0.96,2.83,350.0,205.0,145.0,0.92,0.65,1.02,3.00,176,107,2.77,1.68,2.93,1.78
,,,Berchy_,Challenger,Voyager,Mission Control,Solar,61.9,112,8,0.625,0.625,5,3,2958,1820,1138,10,3,9,22,45.5%,362.3,222.9,139.4,1.22,0.37,1.10,2.69,369.8,227.5,142.3,1.25,0.38,1.13,2.75,26,19,3.18,2.33,3.25,2.38
,,,Koda,Challenger,Spastics,The Quad Dynasty,Solar,61.7,636,44,0.727,0.705,31,13,15396,9760,5636,45,30,51,121,37.2%,332.0,210.5,121.5,0.97,0.65,1.10,2.61,349.9,221.8,128.1,1.02,0.68,1.16,2.75,128,67,2.76,1.44,2.91,1.52
,,,Xx_Pink_Man95_Xx,Challenger,"House Tyrell
Waste Baskets
Fangtooths","Houses of Westeros
Waste Management
The Abyss",Lunar,61.5,176,14,0.324,0.214,3,11,4556,2370,2186,9,10,15,22,40.9%,355.1,184.7,170.4,0.70,0.78,1.17,1.71,325.4,169.3,156.1,0.64,0.71,1.07,1.57,31,48,2.42,3.74,2.21,3.43
,,,Superduperbam,Challenger,"Leviathans
Lettuce","πολύ κεφάλη
The Garden",Lunar,61.5,94,7,0.500,0.286,2,5,2463,1470,993,7,3,9,17,41.2%,359.4,214.5,144.9,1.02,0.44,1.31,2.48,351.9,210.0,141.9,1.00,0.43,1.29,2.43,15,15,2.19,2.19,2.14,2.14
,,,Evil Llama Lord,Challenger,Pythons,The Serpents,Solar,61.2,767,52,0.704,0.769,40,12,18184,10540,7644,42,42,57,139,30.2%,325.2,188.5,136.7,0.75,0.75,1.02,2.49,349.7,202.7,147.0,0.81,0.81,1.10,2.67,160,91,2.86,1.63,3.08,1.75
,,,Aurrok,Challenger,Flares,Fallout Shelter,Solar,61.0,626,48,0.555,0.542,26,22,16251,9260,6991,39,23,63,106,36.8%,356.1,202.9,153.2,0.85,0.50,1.38,2.32,338.6,192.9,145.6,0.81,0.48,1.31,2.21,114,99,2.50,2.17,2.38,2.06
,,,Izumi,Challenger,Golden Retrievers,Dog Pound,Solar,60.4,802,58,0.467,0.431,25,33,19811,10820,8991,41,38,69,137,29.9%,338.8,185.0,153.8,0.70,0.65,1.18,2.34,341.6,186.6,155.0,0.71,0.66,1.19,2.36,140,152,2.39,2.60,2.41,2.62
,,,Domino,Challenger,Stingrays,The Ocean,Solar,60.2,690,47,0.643,0.617,29,18,17114,9700,7414,37,34,64,110,33.6%,340.2,192.8,147.4,0.74,0.68,1.27,2.19,364.1,206.4,157.7,0.79,0.72,1.36,2.34,144,99,2.86,1.97,3.06,2.11
,,,Grand Kane,Challenger,Aurora,The Cosmos,Lunar,59.8,656,50,0.481,0.500,25,25,16318,9090,7228,39,25,54,124,31.5%,341.2,190.1,151.1,0.82,0.52,1.13,2.59,326.4,181.8,144.6,0.78,0.50,1.08,2.48,99,104,2.07,2.17,1.98,2.08
,,,Its_Lost,Challenger,Derechos,Storm,Solar,59.8,718,56,0.520,0.554,31,25,18628,10440,8188,45,22,71,129,34.9%,355.9,199.4,156.4,0.86,0.42,1.36,2.46,332.6,186.4,146.2,0.80,0.39,1.27,2.30,116,110,2.22,2.10,2.07,1.96
,,,Serbs,Challenger,Lettuce,The Garden,Lunar,59.5,816,56,0.583,0.518,29,27,19511,11450,8061,49,41,61,145,33.8%,328.0,192.5,135.5,0.82,0.69,1.03,2.44,348.4,204.5,143.9,0.88,0.73,1.09,2.59,155,125,2.61,2.10,2.77,2.23
,,,Guardian Giraffe,Challenger,"Leviathans
Threshers","πολύ κεφάλη
Shark Attack",Lunar,59.2,518,42,0.519,0.452,19,23,13108,7190,5918,25,19,57,89,28.1%,347.1,190.4,156.7,0.66,0.50,1.51,2.36,312.1,171.2,140.9,0.60,0.45,1.36,2.12,80,76,2.12,2.01,1.90,1.81
,,,Juanma,Challenger,Voyager,Mission Control,Solar,58.6,710,51,0.541,0.510,26,25,17756,10580,7176,46,27,68,123,37.4%,343.0,204.4,138.6,0.89,0.52,1.31,2.38,348.2,207.5,140.7,0.90,0.53,1.33,2.41,129,116,2.49,2.24,2.53,2.27
,,,Peppytoes,Challenger,Owls,Birds of Prey,Solar,58.4,438,32,0.505,0.531,17,15,10772,6560,4212,37,18,23,81,45.7%,337.3,205.4,131.9,1.16,0.56,0.72,2.54,336.6,205.0,131.6,1.16,0.56,0.72,2.53,85,84,2.66,2.63,2.66,2.63
,,,Nano,Challenger,Baboons,Planet of the Apes,Solar,56.6,588,40,0.606,0.675,27,13,13961,8180,5781,36,25,45,108,33.3%,325.7,190.8,134.9,0.84,0.58,1.05,2.52,349.0,204.5,144.5,0.90,0.63,1.13,2.70,106,80,2.47,1.87,2.65,2.00
,,,Dolphino,Challenger,"Shock
Voyager","Electric Mayhem
Mission Control",Lunar,56.4,463,35,0.511,0.514,18,17,11303,5970,5333,23,16,40,87,26.4%,334.8,176.9,158.0,0.68,0.47,1.18,2.58,322.9,170.6,152.4,0.66,0.46,1.14,2.49,67,65,1.98,1.93,1.91,1.86
,,,Bossinator132,Challenger,Threshers,Shark Attack,Solar,55.8,302,22,0.610,0.636,14,8,6934,3880,3054,17,14,18,58,29.3%,314.9,176.2,138.7,0.77,0.64,0.82,2.63,315.2,176.4,138.8,0.77,0.64,0.82,2.64,50,37,2.27,1.68,2.27,1.68
,,,Sly,Challenger,"Threshers
Tic Tacs","Shark Attack
Minty Fresh",Solar,55.6,795,59,0.530,0.508,30,29,18740,10600,8140,41,33,68,145,28.3%,323.3,182.9,140.4,0.71,0.57,1.17,2.50,317.6,179.7,138.0,0.69,0.56,1.15,2.46,135,125,2.33,2.16,2.29,2.12
,,,Mcmonkey,Challenger,Water,The Elements,Lunar,54.6,653,45,0.497,0.467,21,24,15617,9170,6447,40,30,53,102,39.2%,328.0,192.6,135.4,0.84,0.63,1.11,2.14,347.0,203.8,143.3,0.89,0.67,1.18,2.27,111,112,2.33,2.35,2.47,2.49
,,,Myheroplusultra,Challenger,Voyager,Mission Control,Solar,54.3,478,36,0.564,0.583,21,15,11283,6150,5133,27,20,32,85,31.8%,323.8,176.5,147.3,0.77,0.57,0.92,2.44,313.4,170.8,142.6,0.75,0.56,0.89,2.36,93,79,2.67,2.27,2.58,2.19
,,,Major Bumbo,Challenger,Wings,Fifty-Fifty Pizzeria,Lunar,54.2,639,46,0.597,0.565,26,20,15144,9450,5694,49,25,43,115,42.6%,325.1,202.8,122.2,1.05,0.54,0.92,2.47,329.2,205.4,123.8,1.07,0.54,0.93,2.50,121,94,2.60,2.02,2.63,2.04
,,,Chill,Challenger,Wainriders,Middle Earth,Lunar,54.1,410,29,0.366,0.379,11,18,10672,5850,4822,26,8,43,70,37.1%,357.0,195.7,161.3,0.87,0.27,1.44,2.34,368.0,201.7,166.3,0.90,0.28,1.48,2.41,53,76,1.77,2.54,1.83,2.62
,,,Pre,Challenger,Paperboys,8-Bit Brigade,Lunar,53.7,779,55,0.609,0.673,37,18,18414,10320,8094,43,27,64,147,29.3%,324.2,181.7,142.5,0.76,0.48,1.13,2.59,334.8,187.6,147.2,0.78,0.49,1.16,2.67,132,98,2.32,1.73,2.40,1.78
,,,Mitzi,Challenger,Barbarians,The Sovereign,Lunar,53.7,612,41,0.752,0.780,32,9,14251,8510,5741,39,23,46,116,33.6%,319.4,190.7,128.7,0.87,0.52,1.03,2.60,347.6,207.6,140.0,0.95,0.56,1.12,2.83,132,64,2.96,1.43,3.22,1.56
,,,Powerhour24,Challenger,Owls,Birds of Prey,Solar,53.7,718,52,0.503,0.519,27,25,16992,9260,7732,40,29,51,126,31.7%,324.6,176.9,147.7,0.76,0.55,0.97,2.41,326.8,178.1,148.7,0.77,0.56,0.98,2.42,128,127,2.45,2.43,2.46,2.44
,,,Saltybonnyr,Challenger,Shock,Electric Mayhem,Lunar,53.5,546,41,0.663,0.659,27,14,13749,7240,6509,29,14,54,94,30.9%,345.4,181.9,163.5,0.73,0.35,1.36,2.36,335.3,176.6,158.8,0.71,0.34,1.32,2.29,95,60,2.39,1.51,2.32,1.46
,,,Momed09,Challenger,Shock,Electric Mayhem,Lunar,52.6,755,55,0.596,0.600,33,22,17706,9570,8136,33,38,66,107,30.8%,321.7,173.9,147.8,0.60,0.69,1.20,1.94,321.9,174.0,147.9,0.60,0.69,1.20,1.95,127,98,2.31,1.78,2.31,1.78
,,,Ashthewaterboy,Challenger,"Water
Freemasons","The Elements
The Order",Lunar,51.3,609,42,0.571,0.476,20,22,14005,7580,6425,31,28,42,98,31.6%,315.4,170.7,144.7,0.70,0.63,0.95,2.21,333.5,180.5,153.0,0.74,0.67,1.00,2.33,105,87,2.36,1.96,2.50,2.07
,,,Billis_Xm,Challenger,The Avengers,The Comic Crusaders,Solar,51.1,73,6,0.315,0.167,1,5,1841,950,891,2,2,11,10,20.0%,345.9,178.5,167.4,0.38,0.38,2.07,1.88,306.8,158.3,148.5,0.33,0.33,1.83,1.67,7,12,1.32,2.25,1.17,2.00
,,,Yetif,Challenger,"Hydralisks
Aurora
Leviathans
Fangtooths","The Swarm
The Cosmos
πολύ κεφάλη
The Abyss",Solar,49.7,624,49,0.355,0.306,15,34,14478,7890,6588,27,24,60,99,27.3%,318.2,173.4,144.8,0.59,0.53,1.32,2.18,295.5,161.0,134.4,0.55,0.49,1.22,2.02,88,129,1.93,2.84,1.80,2.63
,,,Siipscriin,Challenger,Golden Retrievers,Dog Pound,Solar,49.6,573,44,0.515,0.500,22,22,13292,7510,5782,29,24,51,86,33.7%,318.2,179.8,138.4,0.69,0.57,1.22,2.06,302.1,170.7,131.4,0.66,0.55,1.16,1.95,104,100,2.49,2.39,2.36,2.27
,,,Symphonyinperil,Challenger,The Avengers,The Comic Crusaders,Solar,49.3,556,42,0.523,0.571,24,18,13618,7190,6428,26,12,61,94,27.7%,336.0,177.4,158.6,0.64,0.30,1.50,2.32,324.2,171.2,153.0,0.62,0.29,1.45,2.24,81,76,2.00,1.87,1.93,1.81
,,,Humble Potato,Challenger,Wings,Fifty-Fifty Pizzeria,Lunar,48.8,643,46,0.630,0.609,28,18,15069,8620,6449,39,23,51,102,38.2%,321.4,183.9,137.6,0.83,0.49,1.09,2.18,327.6,187.4,140.2,0.85,0.50,1.11,2.22,119,84,2.54,1.79,2.59,1.83
,,,Scud_Buster,Challenger,Aurora,The Cosmos,Lunar,48.6,644,50,0.493,0.540,27,23,14884,8260,6624,33,21,56,111,29.7%,317.0,175.9,141.1,0.70,0.45,1.19,2.36,297.7,165.2,132.5,0.66,0.42,1.12,2.22,101,103,2.15,2.19,2.02,2.06
,,,Topsgod,Challenger,Tens,House of Cards,Lunar,48.4,497,37,0.392,0.405,15,22,11826,6780,5046,31,14,43,83,37.3%,326.4,187.1,139.3,0.86,0.39,1.19,2.29,319.6,183.2,136.4,0.84,0.38,1.16,2.24,70,93,1.93,2.57,1.89,2.51
,,,Stan,Challenger,Barbarians,The Sovereign,Lunar,47.7,629,42,0.704,0.762,32,10,13871,7830,6041,32,26,45,108,29.6%,302.5,170.7,131.7,0.70,0.57,0.98,2.36,330.3,186.4,143.8,0.76,0.62,1.07,2.57,127,72,2.77,1.57,3.02,1.71
,,,Westcoastpotroast,Challenger,Waste Baskets,Waste Management,Solar,46.6,619,45,0.413,0.422,19,26,14016,7860,6156,36,23,42,101,35.6%,310.6,174.2,136.4,0.80,0.51,0.93,2.24,311.5,174.7,136.8,0.80,0.51,0.93,2.24,101,126,2.24,2.79,2.24,2.80
,,,Dementedl,Challenger,Lettuce,The Garden,Lunar,46.4,692,47,0.601,0.553,26,21,15899,9430,6469,43,22,58,113,38.1%,315.1,186.9,128.2,0.85,0.44,1.15,2.24,338.3,200.6,137.6,0.91,0.47,1.23,2.40,129,99,2.56,1.96,2.74,2.11
,,,Hewhogrins,Challenger,Tens,House of Cards,Lunar,46.0,556,42,0.406,0.405,17,25,13267,6880,6387,27,12,53,93,29.0%,327.3,169.7,157.6,0.67,0.30,1.31,2.29,315.9,163.8,152.1,0.64,0.29,1.26,2.21,83,106,2.05,2.61,1.98,2.52
,,,Wheelchair {Lflegs},Challenger,Spastics,The Quad Dynasty,Solar,45.7,422,30,0.511,0.500,15,15,9238,5350,3888,24,19,27,65,36.9%,300.3,173.9,126.4,0.78,0.62,0.88,2.11,307.9,178.3,129.6,0.80,0.63,0.90,2.17,68,66,2.21,2.15,2.27,2.20
,,,Dunnie14,Challenger,"Flares
Derechos","Fallout Shelter
Storm",Solar,45.7,350,26,0.540,0.462,12,14,7612,4010,3602,13,15,28,56,23.2%,298.3,157.1,141.2,0.51,0.59,1.10,2.19,292.8,154.2,138.5,0.50,0.58,1.08,2.15,61,55,2.39,2.16,2.35,2.12
,,,Mccool,Challenger,Triceratops,Dino Park,Solar,44.8,590,42,0.343,0.333,14,28,13251,6530,6721,21,21,49,93,22.6%,308.1,151.8,156.2,0.49,0.49,1.14,2.16,315.5,155.5,160.0,0.50,0.50,1.17,2.21,70,108,1.63,2.51,1.67,2.57
,,,Brainyzac,Challenger,Triceratops,Dino Park,Solar,44.4,753,54,0.304,0.259,14,40,17407,9770,7637,47,17,58,132,35.6%,317.1,178.0,139.1,0.86,0.31,1.06,2.40,322.4,180.9,141.4,0.87,0.31,1.07,2.44,91,156,1.66,2.84,1.69,2.89
,,,Bxffled,Challenger,Leviathans,πολύ κεφάλη,Lunar,44.0,540,41,0.591,0.585,24,17,12551,6380,6171,20,18,55,73,27.4%,318.8,162.1,156.7,0.51,0.46,1.40,1.85,306.1,155.6,150.5,0.49,0.44,1.34,1.78,92,72,2.34,1.83,2.24,1.76
,,,Theunequal Yeti,Challenger,"House Tyrell
Lettuce
Fangtooths
Hydralisks","Houses of Westeros
The Garden
The Abyss
The Swarm",Solar,43.7,544,41,0.399,0.463,19,22,12622,6120,6502,23,18,43,77,29.9%,318.2,154.3,163.9,0.58,0.45,1.08,1.94,307.9,149.3,158.6,0.56,0.44,1.05,1.88,84,109,2.12,2.75,2.05,2.66
,,,Chancellortoph,Challenger,Aurora,The Cosmos,Lunar,43.7,173,12,0.385,0.417,5,7,3782,1860,1922,5,7,15,26,19.2%,299.9,147.5,152.4,0.40,0.55,1.19,2.06,315.2,155.0,160.2,0.42,0.58,1.25,2.17,18,25,1.43,1.98,1.50,2.08
,,,Sora-Change,Challenger,Wainriders,Middle Earth,Lunar,43.4,137,12,0.151,0.083,1,11,3471,1580,1891,5,2,16,18,27.8%,347.5,158.2,189.3,0.50,0.20,1.60,1.80,289.3,131.7,157.6,0.42,0.17,1.33,1.50,12,36,1.20,3.60,1.00,3.00
,,,Eddievf7,Challenger,Waste Baskets,Waste Management,Solar,43.3,531,38,0.387,0.368,14,24,11912,6800,5112,29,20,43,75,38.7%,307.7,175.7,132.0,0.75,0.52,1.11,1.94,313.5,178.9,134.5,0.76,0.53,1.13,1.97,84,112,2.17,2.89,2.21,2.95
,,,Urekles,Challenger,Tic Tacs,Minty Fresh,Lunar,43.1,681,49,0.283,0.265,13,36,15414,8530,6884,33,23,62,98,33.7%,310.5,171.8,138.7,0.66,0.46,1.25,1.97,314.6,174.1,140.5,0.67,0.47,1.27,2.00,89,160,1.79,3.22,1.82,3.27
,,,Ty,Challenger,Water,The Elements,Lunar,42.8,194,14,0.278,0.286,4,10,4425,2330,2095,8,6,19,28,28.6%,312.9,164.7,148.1,0.57,0.42,1.34,1.98,316.1,166.4,149.6,0.57,0.43,1.36,2.00,22,41,1.56,2.90,1.57,2.93
,,,Ryanawesome_,Challenger,House Tyrell,Houses of Westeros,Solar,42.5,788,56,0.439,0.446,25,31,17770,9660,8110,44,23,57,126,34.9%,309.3,168.1,141.2,0.77,0.40,0.99,2.19,317.3,172.5,144.8,0.79,0.41,1.02,2.25,124,145,2.16,2.52,2.21,2.59
,,,Ziggy.,Challenger,Hydralisks,The Swarm,Solar,42.2,536,42,0.430,0.452,19,23,12071,6180,5891,28,19,33,78,35.9%,308.9,158.1,150.8,0.72,0.49,0.84,2.00,287.4,147.1,140.3,0.67,0.45,0.79,1.86,87,104,2.23,2.66,2.07,2.48
,,,Chubbyradish,Challenger,Aurora,The Cosmos,Lunar,41.7,561,42,0.509,0.524,22,20,12922,6370,6552,26,14,44,87,29.9%,315.9,155.7,160.2,0.64,0.34,1.08,2.13,307.7,151.7,156.0,0.62,0.33,1.05,2.07,86,84,2.10,2.05,2.05,2.00
,,,Ducks_Own,Challenger,Wings,Fifty-Fifty Pizzeria,Lunar,41.4,586,43,0.592,0.605,26,17,12989,7420,5569,38,13,38,107,35.5%,304.0,173.7,130.4,0.89,0.30,0.89,2.50,302.1,172.6,129.5,0.88,0.30,0.88,2.49,100,78,2.34,1.83,2.33,1.81
,,,Changswrld,Challenger,Threshers,Shark Attack,Solar,41.1,136,9,0.691,0.778,7,2,2470,1510,960,4,7,10,26,15.4%,249.1,152.3,96.8,0.40,0.71,1.01,2.62,274.4,167.8,106.7,0.44,0.78,1.11,2.89,30,18,3.03,1.82,3.33,2.00
,,,Jester,Challenger,The Avengers,The Comic Crusaders,Solar,41.0,706,54,0.475,0.500,27,27,16066,8650,7416,41,20,50,105,39.0%,312.1,168.1,144.1,0.80,0.39,0.97,2.04,297.5,160.2,137.3,0.76,0.37,0.93,1.94,100,107,1.94,2.08,1.85,1.98
,,,Hodormd,Challenger,Prada,High Class,Lunar,40.8,604,46,0.522,0.522,24,22,12998,6880,6118,24,29,46,73,32.9%,295.2,156.2,138.9,0.55,0.66,1.04,1.66,282.6,149.6,133.0,0.52,0.63,1.00,1.59,113,107,2.57,2.43,2.46,2.33
,,,Ansr.,Challenger,Golden Retrievers,Dog Pound,Solar,40.1,744,54,0.494,0.444,24,30,16365,9390,6975,49,20,45,124,39.5%,301.7,173.1,128.6,0.90,0.37,0.83,2.29,303.1,173.9,129.2,0.91,0.37,0.83,2.30,133,135,2.45,2.49,2.46,2.50
,,,Bpalms,Challenger,Metalheads,The Jukebox,Lunar,39.7,447,36,0.315,0.361,13,23,9470,5170,4300,28,13,18,82,34.1%,290.6,158.6,131.9,0.86,0.40,0.55,2.52,263.1,143.6,119.4,0.78,0.36,0.50,2.28,69,111,2.12,3.41,1.92,3.08
,,,Chris.,Challenger,Hydralisks,The Swarm,Solar,38.7,482,38,0.337,0.289,11,27,10818,5520,5298,27,9,31,82,32.9%,307.8,157.1,150.8,0.77,0.26,0.88,2.33,284.7,145.3,139.4,0.71,0.24,0.82,2.16,67,103,1.91,2.93,1.76,2.71
,,,Stepjonthompson,Challenger,Ghostie Grahams,Spooky Breakfast Gang,Solar,38.4,594,44,0.489,0.523,23,21,12767,7340,5427,33,19,44,89,37.1%,294.8,169.5,125.3,0.76,0.44,1.02,2.06,290.2,166.8,123.3,0.75,0.43,1.00,2.02,102,105,2.36,2.42,2.32,2.39
,,,Hiighdeft,Challenger,Tens,House of Cards,Lunar,38.0,528,40,0.445,0.425,17,23,11470,6520,4950,26,21,45,62,41.9%,298.0,169.4,128.6,0.68,0.55,1.17,1.61,286.8,163.0,123.8,0.65,0.53,1.13,1.55,86,99,2.23,2.57,2.15,2.48
,,,Dranearian,Challenger,Baboons,Planet of the Apes,Solar,37.9,507,35,0.631,0.714,25,10,10136,5340,4796,23,19,24,89,25.8%,274.2,144.5,129.8,0.62,0.51,0.65,2.41,289.6,152.6,137.0,0.66,0.54,0.69,2.54,99,70,2.68,1.89,2.83,2.00
,,,Am,Challenger,Wainriders,Middle Earth,Lunar,37.9,539,39,0.311,0.308,12,27,12134,6070,6064,19,12,56,77,24.7%,308.8,154.5,154.3,0.48,0.31,1.43,1.96,311.1,155.6,155.5,0.49,0.31,1.44,1.97,67,112,1.70,2.85,1.72,2.87
,,,Varenine,Challenger,Paperboys,8-Bit Brigade,Lunar,37.6,471,32,0.562,0.625,20,12,9653,5830,3823,25,21,33,63,39.7%,281.1,169.8,111.3,0.73,0.61,0.96,1.83,301.7,182.2,119.5,0.78,0.66,1.03,1.97,88,75,2.56,2.18,2.75,2.34
,,,Crypt_Rl,Challenger,Tic Tacs,Minty Fresh,Lunar,37.2,357,26,0.302,0.385,10,16,8163,4050,4113,15,7,34,50,30.0%,313.6,155.6,158.0,0.58,0.27,1.31,1.92,314.0,155.8,158.2,0.58,0.27,1.31,1.92,43,74,1.65,2.84,1.65,2.85
,,,Siege.A,Challenger,"The Avengers
Derechos","The Comic Crusaders
Storm",Solar,36.9,480,35,0.500,0.571,20,15,10669,5530,5139,19,13,47,63,30.2%,304.9,158.0,146.8,0.54,0.37,1.34,1.80,304.8,158.0,146.8,0.54,0.37,1.34,1.80,63,63,1.80,1.80,1.80,1.80
,,,Ledbone,Challenger,Metalheads,The Jukebox,Lunar,36.9,242,20,0.406,0.550,11,9,5050,2390,2660,9,4,16,49,18.4%,286.2,135.5,150.8,0.51,0.23,0.91,2.78,252.5,119.5,133.0,0.45,0.20,0.80,2.45,31,40,1.76,2.27,1.55,2.00
,,,Lynky,Challenger,The Avengers,The Comic Crusaders,Solar,36.4,216,18,0.344,0.333,6,12,4573,2330,2243,7,6,20,33,21.2%,290.4,148.0,142.4,0.44,0.38,1.27,2.10,254.1,129.4,124.6,0.39,0.33,1.11,1.83,29,44,1.84,2.79,1.61,2.44
,,,Gapuchi,Challenger,"Triceratops
Polar Bears","Dino Park
Polar Vortex",Solar,36.3,432,30,0.382,0.333,10,20,8908,4580,4328,16,14,32,68,23.5%,282.8,145.4,137.4,0.51,0.44,1.02,2.16,296.9,152.7,144.3,0.53,0.47,1.07,2.27,60,82,1.91,2.60,2.00,2.73
,,,Neeks,Challenger,Leviathans,πολύ κεφάλη,Lunar,36.1,423,33,0.434,0.424,14,19,8799,4850,3949,23,14,24,65,35.4%,285.3,157.3,128.1,0.75,0.45,0.78,2.11,266.6,147.0,119.7,0.70,0.42,0.73,1.97,64,76,2.08,2.46,1.94,2.30
,,,Dfitz,Challenger,Derechos,Storm,Solar,35.9,502,39,0.490,0.564,22,17,10991,6500,4491,28,14,47,65,43.1%,300.3,177.6,122.7,0.77,0.38,1.28,1.78,281.8,166.7,115.2,0.72,0.36,1.21,1.67,79,81,2.16,2.21,2.03,2.08
,,,Caddywompuss,Challenger,Hydralisks,The Swarm,Solar,35.8,643,48,0.344,0.354,17,31,13542,6790,6752,23,18,52,99,23.2%,288.9,144.8,144.0,0.49,0.38,1.11,2.11,282.1,141.5,140.7,0.48,0.38,1.08,2.06,85,129,1.81,2.75,1.77,2.69
,,,Doctor Es,Challenger,Ghostie Grahams,Spooky Breakfast Gang,Solar,35.7,596,44,0.536,0.568,25,19,12472,6980,5492,27,22,48,78,34.6%,287.0,160.6,126.4,0.62,0.51,1.10,1.80,283.5,158.6,124.8,0.61,0.50,1.09,1.77,115,105,2.65,2.42,2.61,2.39
,,,Robwobwob,Challenger,Flares,Fallout Shelter,Solar,35.5,565,43,0.512,0.535,23,20,11051,5900,5151,16,29,43,70,22.9%,268.3,143.2,125.0,0.39,0.70,1.04,1.70,257.0,137.2,119.8,0.37,0.67,1.00,1.63,96,93,2.33,2.26,2.23,2.16
,,,Soitsu,Challenger,Freemasons,The Order,Lunar,35.5,668,49,0.406,0.306,15,34,13759,7310,6449,28,22,48,101,27.7%,282.5,150.1,132.4,0.57,0.45,0.99,2.07,280.8,149.2,131.6,0.57,0.45,0.98,2.06,97,124,1.99,2.55,1.98,2.53
,,,Hexzy,Challenger,Lettuce,The Garden,Lunar,35.4,87,6,0.477,0.333,2,4,1590,870,720,2,5,6,12,16.7%,250.7,137.2,113.5,0.32,0.79,0.95,1.89,265.0,145.0,120.0,0.33,0.83,1.00,2.00,17,18,2.68,2.84,2.83,3.00
,,,Devincii,Challenger,"Tic Tacs
Threshers","Minty Fresh
Shark Attack",Solar,35.2,205,15,0.275,0.133,2,13,4452,2470,1982,11,4,17,32,34.4%,297.9,165.3,132.6,0.74,0.27,1.14,2.14,296.8,164.7,132.1,0.73,0.27,1.13,2.13,26,48,1.74,3.21,1.73,3.20
,,,Que.,Challenger,Waste Baskets,Waste Management,Solar,34.4,264,18,0.443,0.444,8,10,5389,3120,2269,16,10,13,37,43.2%,280.0,162.1,117.9,0.83,0.52,0.68,1.92,299.4,173.3,126.1,0.89,0.56,0.72,2.06,45,52,2.34,2.70,2.50,2.89
,,,Mercury,Challenger,Freemasons,The Order,Lunar,33.9,552,41,0.442,0.341,14,27,11060,5620,5440,17,21,42,77,22.1%,274.8,139.6,135.2,0.42,0.52,1.04,1.91,269.8,137.1,132.7,0.41,0.51,1.02,1.88,87,101,2.16,2.51,2.12,2.46
,,,S1Nnerreborn,Challenger,Pythons,The Serpents,Solar,33.5,151,11,0.616,0.636,7,4,2962,1650,1312,8,7,6,20,40.0%,269.1,149.9,119.2,0.73,0.64,0.55,1.82,269.3,150.0,119.3,0.73,0.64,0.55,1.82,31,23,2.82,2.09,2.82,2.09
,,,Cisic,Challenger,Waste Baskets,Waste Management,Solar,33.4,726,52,0.314,0.327,17,35,15287,8290,6997,26,21,74,94,27.7%,288.8,156.6,132.2,0.49,0.40,1.40,1.78,294.0,159.4,134.6,0.50,0.40,1.42,1.81,98,161,1.85,3.04,1.88,3.10
,,,Geeky Tahm,Challenger,Stingrays,The Ocean,Solar,33.1,646,45,0.657,0.622,28,17,12945,7300,5645,32,22,41,95,33.7%,274.9,155.0,119.9,0.68,0.47,0.87,2.02,287.7,162.2,125.4,0.71,0.49,0.91,2.11,139,92,2.95,1.95,3.09,2.04
,,,Lucky Ducky,Challenger,Fangtooths,The Abyss,Lunar,32.2,373,28,0.315,0.286,8,20,8031,4260,3771,18,8,31,51,35.3%,295.3,156.7,138.7,0.66,0.29,1.14,1.88,286.8,152.1,134.7,0.64,0.29,1.11,1.82,48,79,1.77,2.91,1.71,2.82
,,,Rinzler36,Challenger,Golden Retrievers,Dog Pound,Solar,32.2,344,24,0.309,0.167,4,20,7303,4270,3033,23,5,23,57,40.4%,291.2,170.3,120.9,0.92,0.20,0.92,2.27,304.3,177.9,126.4,0.96,0.21,0.96,2.38,49,81,1.95,3.23,2.04,3.38
,,,Cthulhu,Challenger,Baboons,Planet of the Apes,Solar,31.9,633,44,0.635,0.727,32,12,12415,7040,5375,30,18,42,104,28.8%,269.0,152.5,116.5,0.65,0.39,0.91,2.25,282.2,160.0,122.2,0.68,0.41,0.95,2.36,110,76,2.38,1.65,2.50,1.73
,,,Limited,Challenger,"Polar Bears
Triceratops","Polar Vortex
Dino Park",Solar,31.2,337,25,0.448,0.440,11,14,6851,3730,3121,17,6,23,58,29.3%,278.8,151.8,127.0,0.69,0.24,0.94,2.36,274.0,149.2,124.8,0.68,0.24,0.92,2.32,56,64,2.28,2.60,2.24,2.56
,,,Scanti,Challenger,Waste Baskets,Waste Management,Solar,30.7,61,4,0.337,0.250,1,3,1179,670,509,3,1,4,12,25.0%,265.1,150.7,114.5,0.67,0.22,0.90,2.70,294.8,167.5,127.3,0.75,0.25,1.00,3.00,7,11,1.57,2.47,1.75,2.75
,,,Paranormalpancak,Challenger,Prada,High Class,Lunar,30.4,594,44,0.481,0.500,22,22,12186,7250,4936,38,13,38,90,42.2%,281.4,167.4,114.0,0.88,0.30,0.88,2.08,277.0,164.8,112.2,0.86,0.30,0.86,2.05,101,106,2.33,2.45,2.30,2.41
,,,Suicide Squeeze,Challenger,Tic Tacs,Minty Fresh,Lunar,29.9,632,46,0.319,0.304,14,32,12167,6470,5697,23,25,42,82,28.0%,264.1,140.4,123.6,0.50,0.54,0.91,1.78,264.5,140.7,123.8,0.50,0.54,0.91,1.78,88,142,1.91,3.08,1.91,3.09
,,,Twotestticklz,Challenger,The Avengers,The Comic Crusaders,Solar,29.5,225,18,0.376,0.278,5,13,4523,2430,2093,8,7,20,28,28.6%,275.7,148.1,127.6,0.49,0.43,1.22,1.71,251.3,135.0,116.3,0.44,0.39,1.11,1.56,27,38,1.65,2.32,1.50,2.11
,,,Bebisher,Challenger,Tens,House of Cards,Lunar,29.5,495,37,0.324,0.297,11,26,9935,5080,4855,18,12,39,73,24.7%,275.3,140.8,134.5,0.50,0.33,1.08,2.02,268.5,137.3,131.2,0.49,0.32,1.05,1.97,67,107,1.86,2.96,1.81,2.89
,,,Dregun,Challenger,House Tyrell,Houses of Westeros,Solar,27.9,490,33,0.442,0.394,13,20,9728,5510,4218,23,13,38,66,34.8%,272.3,154.2,118.1,0.64,0.36,1.06,1.85,294.8,167.0,127.8,0.70,0.39,1.15,2.00,73,85,2.04,2.38,2.21,2.58
,,,Kitryoh,Challenger,"Barbarians
Aurora","The Sovereign
The Cosmos",Lunar,27.7,64,5,0.295,0.400,2,3,1096,550,546,2,3,2,10,20.0%,234.9,117.9,117.0,0.43,0.64,0.43,2.14,219.2,110.0,109.2,0.40,0.60,0.40,2.00,8,14,1.71,3.00,1.60,2.80
,,,Jajajajaja Bear,Challenger,Paperboys,8-Bit Brigade,Lunar,27.2,523,38,0.623,0.737,28,10,9711,5170,4541,21,16,29,82,25.6%,254.7,135.6,119.1,0.55,0.42,0.76,2.15,255.6,136.1,119.5,0.55,0.42,0.76,2.16,91,65,2.39,1.70,2.39,1.71
,,,Ali ✓,Challenger,Tic Tacs,Minty Fresh,Lunar,27.2,59,4,0.357,0.250,1,3,1249,720,529,3,1,6,7,42.9%,290.4,167.4,123.0,0.70,0.23,1.39,1.63,312.3,180.0,132.3,0.75,0.25,1.50,1.75,9,13,2.09,3.02,2.25,3.25
,,,Alienhealer,Challenger,Lettuce,The Garden,Lunar,26.9,55,4,0.434,0.250,1,3,942,550,392,3,2,1,10,30.0%,234.9,137.2,97.8,0.75,0.50,0.25,2.49,235.5,137.5,98.0,0.75,0.50,0.25,2.50,12,14,2.99,3.49,3.00,3.50
,,,Jerms,Challenger,Fangtooths,The Abyss,Lunar,26.0,763,58,0.220,0.207,12,46,16231,8870,7361,33,15,81,77,42.9%,291.8,159.5,132.3,0.59,0.27,1.46,1.38,279.8,152.9,126.9,0.57,0.26,1.40,1.33,90,198,1.62,3.56,1.55,3.41
,,,Calltopower1,Challenger,"Freemasons
Lettuce","The Order
The Garden",Lunar,25.5,255,19,0.358,0.316,6,13,5040,2350,2690,9,4,17,40,22.5%,271.1,126.4,144.7,0.48,0.22,0.91,2.15,265.3,123.7,141.6,0.47,0.21,0.89,2.11,32,47,1.72,2.53,1.68,2.47
,,,Schult21,Challenger,Baboons,Planet of the Apes,Solar,25.4,53,3,0.766,1.000,3,0,879,510,369,1,3,4,6,16.7%,227.5,132.0,95.5,0.26,0.78,1.04,1.55,293.0,170.0,123.0,0.33,1.00,1.33,2.00,11,5,2.85,1.29,3.67,1.67
,,,Jastnorn,Challenger,Owls,Birds of Prey,Solar,25.1,607,42,0.409,0.429,18,24,11082,5570,5512,19,22,35,82,23.2%,250.4,125.9,124.6,0.43,0.50,0.79,1.85,263.9,132.6,131.2,0.45,0.52,0.83,1.95,84,107,1.90,2.42,2.00,2.55
,,,Low Gravitas,Challenger,Derechos,Storm,Solar,25.0,407,31,0.395,0.387,12,19,8493,4010,4483,11,9,41,41,26.8%,286.2,135.1,151.1,0.37,0.30,1.38,1.38,274.0,129.4,144.6,0.35,0.29,1.32,1.32,56,74,1.89,2.49,1.81,2.39
,,,Munski,Challenger,Fangtooths,The Abyss,Lunar,24.4,48,4,0.135,0.000,0,4,929,470,459,2,1,3,7,28.6%,265.5,134.3,131.2,0.57,0.29,0.86,2.00,232.3,117.5,114.8,0.50,0.25,0.75,1.75,4,13,1.14,3.71,1.00,3.25
,,,Mega_Dookie,Challenger,Water,The Elements,Lunar,23.9,511,37,0.518,0.405,15,22,9919,5360,4559,18,15,45,56,32.1%,266.2,143.9,122.4,0.48,0.40,1.21,1.50,268.1,144.9,123.2,0.49,0.41,1.22,1.51,86,82,2.31,2.20,2.32,2.22
,,,Wolfocus,Challenger,Triceratops,Dino Park,Solar,23.8,158,11,0.389,0.364,4,7,2875,1510,1365,4,5,13,21,19.0%,249.6,131.1,118.5,0.35,0.43,1.13,1.82,261.4,137.3,124.1,0.36,0.45,1.18,1.91,24,32,2.08,2.78,2.18,2.91
,,,Hoyci,Challenger,Metalheads,The Jukebox,Lunar,22.2,593,48,0.320,0.417,20,28,11036,5070,5966,18,19,32,72,25.0%,255.3,117.3,138.0,0.42,0.44,0.74,1.67,229.9,105.6,124.3,0.38,0.40,0.67,1.50,84,135,1.94,3.12,1.75,2.81
,,,Ptuller99,Challenger,Fangtooths,The Abyss,Lunar,22.1,342,26,0.185,0.192,5,21,7133,3520,3613,12,8,33,27,44.4%,286.1,141.2,144.9,0.48,0.32,1.32,1.08,274.3,135.4,139.0,0.46,0.31,1.27,1.04,38,95,1.52,3.81,1.46,3.65
,,,Kylar Stern,Challenger,Voyager,Mission Control,Solar,22.0,311,22,0.454,0.409,9,13,6001,2890,3111,11,9,20,34,32.4%,264.7,127.5,137.2,0.49,0.40,0.88,1.50,272.8,131.4,141.4,0.50,0.41,0.91,1.55,47,53,2.07,2.34,2.14,2.41
,,,Bionicbuddha420,Challenger,Fangtooths,The Abyss,Lunar,20.6,115,8,0.393,0.500,4,4,2306,1160,1146,2,2,15,11,18.2%,275.0,138.4,136.7,0.24,0.24,1.79,1.31,288.3,145.0,143.3,0.25,0.25,1.88,1.38,15,20,1.79,2.39,1.88,2.50
,,,Twoslot,Challenger,Wainriders,Middle Earth,Lunar,16.5,482,39,0.227,0.282,11,28,9150,4570,4580,15,8,43,52,28.8%,260.4,130.0,130.3,0.43,0.23,1.22,1.48,234.6,117.2,117.4,0.38,0.21,1.10,1.33,52,114,1.48,3.24,1.33,2.92
,,,Globaldejavu,Challenger,Wainriders,Middle Earth,Lunar,14.9,649,49,0.286,0.327,16,33,11780,5950,5830,22,14,47,70,31.4%,249.0,125.8,123.2,0.46,0.30,0.99,1.48,240.4,121.4,119.0,0.45,0.29,0.96,1.43,77,139,1.63,2.94,1.57,2.84
,,,Honeybadgermo,Challenger,Barbarians,The Sovereign,Lunar,14.8,75,4,0.279,0.250,1,3,1246,700,546,3,2,4,10,30.0%,227.9,128.0,99.9,0.55,0.37,0.73,1.83,311.5,175.0,136.5,0.75,0.50,1.00,2.50,8,15,1.46,2.74,2.00,3.75
,,,Tylr,Challenger,"Fangtooths
Leviathans","The Abyss
πολύ κεφάλη",Lunar,14.0,584,42,0.205,0.214,9,33,10888,5750,5138,22,11,49,55,40.0%,255.7,135.0,120.7,0.52,0.26,1.15,1.29,259.2,136.9,122.3,0.52,0.26,1.17,1.31,64,150,1.50,3.52,1.52,3.57
,,,Chugg,Challenger,Threshers,Shark Attack,Solar,13.6,343,26,0.453,0.385,10,16,6117,2940,3177,11,5,23,44,25.0%,244.6,117.6,127.0,0.44,0.20,0.92,1.76,235.3,113.1,122.2,0.42,0.19,0.88,1.69,55,62,2.20,2.48,2.12,2.38
,,,Chupacabraspite,Challenger,House Tyrell,Houses of Westeros,Solar,12.1,66,5,0.241,0.000,0,5,1255,610,645,3,1,4,6,50.0%,260.8,126.8,134.0,0.62,0.21,0.83,1.25,251.0,122.0,129.0,0.60,0.20,0.80,1.20,6,13,1.25,2.70,1.20,2.60
,,,Noahcole1103,Challenger,Triceratops,Dino Park,Solar,9.8,240,17,0.235,0.235,4,13,4268,2260,2008,6,4,25,21,28.6%,243.9,129.2,114.8,0.34,0.23,1.43,1.20,251.1,132.9,118.1,0.35,0.24,1.47,1.24,28,59,1.60,3.37,1.65,3.47
,,,Canadian,Challenger,Tic Tacs,Minty Fresh,Lunar,7.8,278,21,0.224,0.238,5,16,4614,2470,2144,8,4,23,32,25.0%,227.7,121.9,105.8,0.39,0.20,1.13,1.58,219.7,117.6,102.1,0.38,0.19,1.10,1.52,32,70,1.58,3.45,1.52,3.33
,,,Duffy Doug,Challenger,Baboons,Planet of the Apes,Solar,5.0,65,4,0.412,0.250,1,3,894,440,454,2,2,1,9,22.2%,188.7,92.8,95.8,0.42,0.42,0.21,1.90,223.5,110.0,113.5,0.50,0.50,0.25,2.25,7,9,1.48,1.90,1.75,2.25
,,,Whiffles Mccantscore,Challenger,Fangtooths,The Abyss,Lunar,1.4,101,7,0.141,0.000,0,7,1533,660,873,3,2,3,11,27.3%,208.2,89.6,118.6,0.41,0.27,0.41,1.49,219.0,94.3,124.7,0.43,0.29,0.43,1.57,14,39,1.90,5.30,2.00,5.57
,,,Bsye375,Challenger,Metalheads,The Jukebox,Lunar,-1.8,55,4,0.053,0.000,0,4,773,460,313,2,1,3,6,33.3%,192.8,114.7,78.1,0.50,0.25,0.75,1.50,193.3,115.0,78.3,0.50,0.25,0.75,1.50,3,18,0.75,4.49,0.75,4.50
,,,Iwumbo Zz,Challenger,Waste Baskets,Waste Management,Solar,-4.9,121,8,0.158,0.125,1,7,1865,830,1035,3,0,8,13,23.1%,211.4,94.1,117.3,0.34,0.00,0.91,1.47,233.1,103.8,129.4,0.38,0.00,1.00,1.63,12,34,1.36,3.85,1.50,4.25
,,,Kylbrew,Challenger,Voyager,Mission Control,Solar,-20.1,24,2,0.119,0.000,0,2,314,120,194,1,0,0,2,50.0%,179.5,68.6,110.9,0.57,0.00,0.00,1.14,157.0,60.0,97.0,0.50,0.00,0.00,1.00,2,7,1.14,4.00,1.00,3.50
,,,Mintie,Challenger,Triceratops,Dino Park,Solar,-35.8,144,10,0.313,0.200,2,8,1096,450,646,2,2,1,10,20.0%,104.4,42.9,61.5,0.19,0.19,0.10,0.95,109.6,45.0,64.6,0.20,0.20,0.10,1.00,16,27,1.52,2.57,1.60,2.70
,,,N8Bnsn,Amateur,Huns,The Sovereign,Lunar,90.0,452,39,0.756,0.769,30,9,14835,9180,5655,49,29,34,113,43.4%,372.1,230.3,141.8,1.23,0.73,0.85,2.83,380.4,235.4,145.0,1.26,0.74,0.87,2.90,116,55,2.91,1.38,2.97,1.41
,,,Xnolan,Amateur,Cheese Fries,Fifty-Fifty Pizzeria,Lunar,88.4,608,54,0.599,0.630,34,20,20733,11700,9033,67,28,41,155,43.2%,386.6,218.2,168.4,1.25,0.52,0.76,2.89,383.9,216.7,167.3,1.24,0.52,0.76,2.87,140,108,2.61,2.01,2.59,2.00
,,,Jack,Amateur,Cucumbers,The Garden,Lunar,79.5,361,35,0.490,0.543,19,16,12309,6570,5739,44,10,17,82,53.7%,386.6,206.3,180.2,1.38,0.31,0.53,2.58,351.7,187.7,164.0,1.26,0.29,0.49,2.34,77,79,2.42,2.48,2.20,2.26
,,,Sgtboom09,Amateur,Zerglings,The Swarm,Solar,73.7,540,49,0.583,0.531,26,23,16386,9320,7066,49,31,38,97,50.5%,344.0,195.7,148.4,1.03,0.65,0.80,2.04,334.4,190.2,144.2,1.00,0.63,0.78,1.98,117,94,2.46,1.97,2.39,1.92
,,,Fourcyclones,Amateur,Narwhals,Polar Vortex,Lunar,71.3,581,47,0.633,0.660,31,16,17118,9810,7308,46,23,55,131,35.1%,334.0,191.4,142.6,0.90,0.45,1.07,2.56,364.2,208.7,155.5,0.98,0.49,1.17,2.79,121,84,2.36,1.64,2.57,1.79
,,,Monsterbuck46,Amateur,Huns,The Sovereign,Lunar,69.7,452,38,0.743,0.737,28,10,12696,6770,5926,32,29,26,82,39.0%,318.5,169.8,148.6,0.80,0.73,0.65,2.06,334.1,178.2,155.9,0.84,0.76,0.68,2.16,113,56,2.83,1.40,2.97,1.47
,,,Earth,Amateur,Huns,The Sovereign,Lunar,68.8,466,40,0.745,0.775,31,9,13488,8090,5398,45,18,33,104,43.3%,328.2,196.8,131.3,1.09,0.44,0.80,2.53,337.2,202.3,135.0,1.13,0.45,0.83,2.60,121,60,2.94,1.46,3.03,1.50
,,,Kevbot-13,Amateur,Otters,The Ocean,Solar,63.4,484,41,0.540,0.537,22,19,12237,7210,5027,31,30,33,96,32.3%,286.6,168.9,117.8,0.73,0.70,0.77,2.25,298.5,175.9,122.6,0.76,0.73,0.80,2.34,100,90,2.34,2.11,2.44,2.20
,,,Bobbzilla,Amateur,Zerglings,The Swarm,Solar,62.8,505,47,0.590,0.532,25,22,13652,7770,5882,39,20,36,107,36.4%,306.5,174.4,132.1,0.88,0.45,0.81,2.40,290.5,165.3,125.1,0.83,0.43,0.77,2.28,108,85,2.42,1.91,2.30,1.81
,,,Risenwolfchamp,Amateur,Narwhals,Polar Vortex,Lunar,60.2,517,43,0.684,0.674,29,14,13532,8480,5052,53,18,22,118,44.9%,296.7,186.0,110.8,1.16,0.39,0.48,2.59,314.7,197.2,117.5,1.23,0.42,0.51,2.74,117,70,2.57,1.54,2.72,1.63
,,,Bobito,Amateur,Pugs,Dog Pound,Solar,57.2,500,47,0.352,0.404,19,28,13736,7570,6166,40,15,39,87,46.0%,311.5,171.6,139.8,0.91,0.34,0.88,1.97,292.3,161.1,131.2,0.85,0.32,0.83,1.85,87,128,1.97,2.90,1.85,2.72
,,,Krimghor,Amateur,Otters,The Ocean,Solar,56.2,489,42,0.547,0.548,23,19,12342,7200,5142,37,18,32,100,37.0%,286.2,166.9,119.2,0.86,0.42,0.74,2.32,293.9,171.4,122.4,0.88,0.43,0.76,2.38,105,93,2.43,2.16,2.50,2.21
,,,Rebeljaymespruit,Amateur,Cassini,Mission Control,Solar,55.8,540,47,0.406,0.383,18,29,14608,7340,7268,37,14,39,99,37.4%,306.7,154.1,152.6,0.78,0.29,0.82,2.08,310.8,156.2,154.6,0.79,0.30,0.83,2.11,92,118,1.93,2.48,1.96,2.51
,,,Binx,Amateur,Rattlers,The Serpents,Solar,54.9,409,35,0.486,0.457,16,19,10224,5650,4574,28,19,24,70,40.0%,283.4,156.6,126.8,0.78,0.53,0.67,1.94,292.1,161.4,130.7,0.80,0.54,0.69,2.00,83,86,2.30,2.38,2.37,2.46
,,,Svg_Kingcanix,Amateur,Cucumbers,The Garden,Lunar,54.3,276,27,0.481,0.519,14,13,6226,3290,2936,9,21,19,39,23.1%,255.8,135.1,120.6,0.37,0.86,0.78,1.60,230.6,121.9,108.7,0.33,0.78,0.70,1.44,62,65,2.55,2.67,2.30,2.41
,,,King_Br0K,Amateur,Opus Dei,The Order,Lunar,53.6,151,14,0.384,0.357,5,9,4210,2190,2020,12,3,12,24,50.0%,316.1,164.4,151.7,0.90,0.23,0.90,1.80,300.7,156.4,144.3,0.86,0.21,0.86,1.71,25,34,1.88,2.55,1.79,2.43
,,,Draconium,Amateur,Rattlers,The Serpents,Solar,53.6,453,39,0.446,0.410,16,23,11596,6900,4696,35,19,35,70,50.0%,290.2,172.7,117.5,0.88,0.48,0.88,1.75,297.3,176.9,120.4,0.90,0.49,0.90,1.79,88,101,2.20,2.53,2.26,2.59
,,,Viralpanda,Amateur,Cheese Fries,Fifty-Fifty Pizzeria,Lunar,50.5,484,42,0.633,0.643,27,15,11800,6710,5090,35,17,30,86,40.7%,276.4,157.2,119.2,0.82,0.40,0.70,2.01,281.0,159.8,121.2,0.83,0.40,0.71,2.05,114,80,2.67,1.87,2.71,1.90
,,,Go-Fireworks-,Amateur,Otters,The Ocean,Solar,49.3,209,18,0.518,0.611,11,7,5142,3150,1992,19,7,11,35,54.3%,278.9,170.9,108.1,1.03,0.38,0.60,1.90,285.7,175.0,110.7,1.06,0.39,0.61,1.94,45,43,2.44,2.33,2.50,2.39
,,,G8Rnc,Amateur,Narwhals,Polar Vortex,Lunar,47.4,475,39,0.559,0.590,23,16,11176,6220,4956,28,14,37,87,32.2%,266.8,148.5,118.3,0.67,0.33,0.88,2.08,286.6,159.5,127.1,0.72,0.36,0.95,2.23,87,74,2.08,1.77,2.23,1.90
,,,Ryuki Sanyo,Amateur,Cassini,Mission Control,Solar,47.3,119,10,0.416,0.400,4,6,2591,1490,1101,9,5,2,24,37.5%,246.9,142.0,104.9,0.86,0.48,0.19,2.29,259.1,149.0,110.1,0.90,0.50,0.20,2.40,26,32,2.48,3.05,2.60,3.20
,,,Solidfisher63,Amateur,Rattlers,The Serpents,Solar,46.7,262,22,0.500,0.455,10,12,6060,3430,2630,16,10,18,43,37.2%,262.2,148.4,113.8,0.69,0.43,0.78,1.86,275.5,155.9,119.5,0.73,0.45,0.82,1.95,55,55,2.38,2.38,2.50,2.50
,,,Jakeaudi,Amateur,Cucumbers,The Garden,Lunar,44.5,275,27,0.404,0.444,12,15,6605,3440,3165,18,5,18,49,36.7%,272.3,141.8,130.5,0.74,0.21,0.74,2.02,244.6,127.4,117.2,0.67,0.19,0.67,1.81,54,69,2.23,2.84,2.00,2.56
,,,Onemanblitz,Amateur,Pugs,Dog Pound,Solar,44.3,290,26,0.399,0.500,13,13,6339,3650,2689,12,18,25,30,40.0%,247.8,142.7,105.1,0.47,0.70,0.98,1.17,243.8,140.4,103.4,0.46,0.69,0.96,1.15,54,70,2.11,2.74,2.08,2.69
,,,Krucialxxkilla,Amateur,Zerglings,The Swarm,Solar,42.4,345,34,0.628,0.618,21,13,7914,4210,3704,21,11,21,51,41.2%,260.1,138.4,121.7,0.69,0.36,0.69,1.68,232.8,123.8,108.9,0.62,0.32,0.62,1.50,84,60,2.76,1.97,2.47,1.76
,,,Bernatra,Amateur,Otters,The Ocean,Solar,41.1,456,40,0.488,0.475,19,21,9861,5450,4411,27,19,23,65,41.5%,245.2,135.5,109.7,0.67,0.47,0.57,1.62,246.5,136.3,110.3,0.68,0.48,0.58,1.63,92,95,2.29,2.36,2.30,2.38
,,,Underbreadbore,Amateur,Cassini,Mission Control,Solar,40.9,443,38,0.427,0.368,14,24,10471,5520,4951,26,8,37,67,38.8%,268.0,141.3,126.7,0.67,0.20,0.95,1.71,275.6,145.3,130.3,0.68,0.21,0.97,1.76,74,90,1.89,2.30,1.95,2.37
,,,Rocketmayne,Amateur,Cheese Fries,Fifty-Fifty Pizzeria,Lunar,37.9,374,34,0.584,0.588,20,14,8513,4690,3823,24,9,27,49,49.0%,258.1,142.2,115.9,0.73,0.27,0.82,1.49,250.4,137.9,112.4,0.71,0.26,0.79,1.44,81,65,2.46,1.97,2.38,1.91
,,,Nukem,Amateur,Rattlers,The Serpents,Solar,37.9,132,12,0.294,0.250,3,9,2856,1430,1426,4,4,13,18,22.2%,245.3,122.8,122.5,0.34,0.34,1.12,1.55,238.0,119.2,118.8,0.33,0.33,1.08,1.50,18,32,1.55,2.75,1.50,2.67
,,,Mbolt05,Amateur,Pugs,Dog Pound,Solar,36.5,513,48,0.335,0.375,18,30,11320,6030,5290,25,16,43,58,43.1%,250.2,133.3,116.9,0.55,0.35,0.95,1.28,235.8,125.6,110.2,0.52,0.33,0.90,1.21,86,133,1.90,2.94,1.79,2.77
,,,Pablo V2,Amateur,Zerglings,The Swarm,Solar,35.0,392,35,0.555,0.514,18,17,8134,4390,3744,21,12,23,54,38.9%,235.3,127.0,108.3,0.61,0.35,0.67,1.56,232.4,125.4,107.0,0.60,0.34,0.66,1.54,81,70,2.34,2.02,2.31,2.00
,,,Inwardlicense54,Amateur,Cheese Fries,Fifty-Fifty Pizzeria,Lunar,33.4,358,32,0.571,0.656,21,11,7203,3510,3693,14,14,20,41,34.1%,228.1,111.2,117.0,0.44,0.44,0.63,1.30,225.1,109.7,115.4,0.44,0.44,0.63,1.28,85,71,2.69,2.25,2.66,2.22
,,,Spookmyoof,Amateur,Cucumbers,The Garden,Lunar,33.4,171,16,0.666,0.750,12,4,3466,1780,1686,6,5,14,23,26.1%,229.8,118.0,111.8,0.40,0.33,0.93,1.52,216.6,111.3,105.4,0.38,0.31,0.88,1.44,38,24,2.52,1.59,2.38,1.50
,,,Daturquoisorang,Amateur,Huns,The Sovereign,Lunar,31.0,154,15,0.689,0.667,10,5,2662,1300,1362,4,8,6,20,20.0%,196.0,95.7,100.3,0.29,0.59,0.44,1.47,177.5,86.7,90.8,0.27,0.53,0.40,1.33,40,24,2.94,1.77,2.67,1.60
,,,Wombat Npples,Amateur,Cassini,Mission Control,Solar,29.5,357,31,0.388,0.355,11,20,7141,3920,3221,15,7,32,47,31.9%,226.8,124.5,102.3,0.48,0.22,1.02,1.49,230.4,126.5,103.9,0.48,0.23,1.03,1.52,57,77,1.81,2.45,1.84,2.48
,,,Sarkasticrage,Amateur,Opus Dei,The Order,Lunar,29.2,452,39,0.230,0.154,6,33,8948,4760,4188,21,11,31,56,37.5%,224.4,119.4,105.0,0.53,0.28,0.78,1.40,229.4,122.1,107.4,0.54,0.28,0.79,1.44,59,128,1.48,3.21,1.51,3.28
,,,Ab26Panther,Amateur,"Rattlers
Opus Dei
Cassini","The Serpents
The Order
Mission Control",Lunar,27.2,323,27,0.228,0.148,4,23,6510,3330,3180,13,5,28,38,34.2%,228.5,116.9,111.6,0.46,0.18,0.98,1.33,241.1,123.3,117.8,0.48,0.19,1.04,1.41,41,90,1.44,3.16,1.52,3.33
,,,Knobazoid,Amateur,Opus Dei,The Order,Lunar,25.7,442,39,0.241,0.179,7,32,8805,4690,4115,21,7,35,49,42.9%,225.9,120.3,105.6,0.54,0.18,0.90,1.26,225.8,120.3,105.5,0.54,0.18,0.90,1.26,60,125,1.54,3.21,1.54,3.21
,,,Jetison333,Amateur,Rattlers,The Serpents,Solar,25.1,82,7,0.370,0.429,3,4,1402,750,652,3,3,4,10,30.0%,193.8,103.7,90.1,0.41,0.41,0.55,1.38,200.3,107.1,93.1,0.43,0.43,0.57,1.43,15,21,2.07,2.90,2.14,3.00
,,,Untytled,Amateur,Narwhals,Polar Vortex,Lunar,21.6,464,36,0.643,0.694,25,11,7191,3920,3271,14,20,20,52,26.9%,175.7,95.8,79.9,0.34,0.49,0.49,1.27,199.8,108.9,90.9,0.39,0.56,0.56,1.44,98,66,2.39,1.61,2.72,1.83
,,,Jcrdude,Amateur,Cassini,Mission Control,Solar,19.2,236,23,0.360,0.304,7,16,3890,1800,2090,8,5,9,30,26.7%,186.9,86.5,100.4,0.38,0.24,0.43,1.44,169.1,78.3,90.9,0.35,0.22,0.39,1.30,34,50,1.63,2.40,1.48,2.17
,,,Styk75,Amateur,Opus Dei,The Order,Lunar,18.0,462,40,0.232,0.200,8,32,8391,4280,4111,14,7,43,38,36.8%,205.9,105.0,100.9,0.34,0.17,1.06,0.93,209.8,107.0,102.8,0.35,0.18,1.08,0.95,59,128,1.45,3.14,1.48,3.20
,,,Rave Troll,Amateur,Pugs,Dog Pound,Solar,15.4,272,26,0.291,0.269,7,19,4992,2470,2522,12,0,20,27,44.4%,208.1,103.0,105.1,0.50,0.00,0.83,1.13,192.0,95.0,97.0,0.46,0.00,0.77,1.04,40,71,1.67,2.96,1.54,2.73