Tier,RSC ID,Player Name,Team(s),Franchise(s),Conf.,Div.,SBV,GP,W%,W,L,MVPs,P,SP,NP,G,A,Sv,Sh,Sh%,PPG,GPG,APG,SvPG,ShPG
Premier,,(>'-')>DarkFox,The Avengers,The Comic Crusaders,Solar,N/A,52.20,12,0.667,8,4,3,5344,2840,2504,12,6,19,39,0.308,445.30,1.00,0.5,1.58,3.25
Premier,,Alpa,Nukes,Fallout Shelter,Solar,N/A,56.30,16,0.500,8,8,5,7148,4220,2928,19,9,25,62,0.307,446.80,1.19,0.56,1.56,3.88
Premier,,Angebro,PermFA,Permanent Free Agent,N/A,N/A,32.66,4,0.500,2,2,0,1087,630,457,2,1,6,8,0.250,271.80,0.50,0.25,1.5,2
Premier,,Benji,FA,Waste Management,Solar,N/A,27.60,11,0.273,3,8,1,3140,1830,1310,2,9,19,23,0.087,285.50,0.18,0.82,1.73,2.09
Premier,,Bismarck,Hurricanes,Storm,Solar,N/A,36.10,30,0.500,15,15,4,10049,5820,4229,20,18,44,72,0.278,335.00,0.67,0.6,1.47,2.4
Premier,,bits,Aces,House of Cards,Lunar,N/A,74.70,52,0.558,29,23,17,23484,13110,10374,54,32,88,171,0.316,451.60,1.04,0.62,1.69,3.29
Premier,,bliss,PermFA,Permanent Free Agent,N/A,N/A,35.19,1,1.000,1,0,0,263,150,113,0,1,2,0,0.000,263.00,0.00,1,2,0
Premier,,BrodyStampede,Avalanche,Polar Vortex,Lunar,N/A,52.42,56,0.518,29,27,11,24004,13070,10934,49,32,102,147,0.333,428.60,0.88,0.57,1.82,2.63
Premier,,Bun,Wheelchairs,The Quad Dynasty,Solar,N/A,38.70,49,0.571,28,21,6,17338,9710,7628,36,29,70,116,0.310,353.80,0.73,0.59,1.43,2.37
Premier,,Cali,Demon-Os,Waste Management,Solar,N/A,43.50,7,0.857,6,1,2,2515,1520,995,5,3,15,12,0.417,359.30,0.71,0.43,2.14,1.71
Premier,RSC001177,Calster,Balrogs,Middle Earth,Lunar,N/A,53.95,16,0.563,9,7,5,6540,4140,2400,18,14,24,44,0.409,408.80,1.13,0.88,1.5,2.75
Premier,,Canadiyan.,Wheelchairs,The Quad Dynasty,Solar,N/A,36.20,50,0.500,25,25,7,19918,11500,8418,40,32,90,140,0.286,398.40,0.80,0.64,1.8,2.8
Premier,,Cash,Nukes,The Comic Crusaders,Solar,N/A,13.10,32,0.500,16,16,2,9277,5050,4227,20,20,25,80,0.250,289.90,0.63,0.63,0.78,2.5
Premier,,Cearu,Demon-Os,Spooky Breakfast Gang,Solar,N/A,65.00,52,0.750,39,13,8,18922,11080,7842,44,40,64,148,0.297,363.90,0.85,0.77,1.23,2.85
Premier,,Cierex,Gauntlets,πολύ κεφάλη,Lunar,N/A,60.70,29,0.448,13,16,5,10988,6410,4578,27,22,33,96,0.281,378.90,0.93,0.76,1.14,3.31
Premier,,Comentix,The Avengers,The Comic Crusaders,Solar,N/A,44.12,30,0.500,15,15,2,10370,5260,5110,18,15,39,76,0.237,345.70,0.60,0.5,1.3,2.53
Premier,RSC000931,Danger,PermFA,Fallout Shelter,Solar,N/A,42.40,8,0.250,2,6,1,2313,1060,1253,2,4,11,11,0.182,289.10,0.25,0.5,1.38,1.38
Premier,RSC000394,Darf01,FA,The Comic Crusaders,Solar,N/A,36.58,14,0.214,3,11,1,4590,2620,1970,6,8,28,22,0.273,327.90,0.43,0.57,2,1.57
Premier,,Darkness,Hurricanes,Storm,Solar,N/A,65.40,45,0.533,24,21,7,19777,12280,7497,50,40,73,163,0.307,439.50,1.11,0.89,1.62,3.62
Premier,,Dead Medic,Wheelchairs,8-Bit Brigade,Lunar,N/A,29.30,46,0.326,15,31,3,14771,8070,6701,26,19,68,112,0.232,321.10,0.57,0.41,1.48,2.43
Premier,,Deluxe,Metal,The Elements,Lunar,N/A,45.00,50,0.520,26,24,14,18824,10920,7904,53,26,55,157,0.338,376.50,1.06,0.52,1.1,3.14
Premier,,Destin,Avalanche,Fallout Shelter,Solar,N/A,53.00,45,0.267,12,33,8,15707,8490,7217,31,22,61,124,0.250,349.00,0.69,0.49,1.36,2.76
Premier,,Discreet,Gauntlets,8-Bit Brigade,Lunar,N/A,46.43,28,0.357,10,18,5,10850,6080,4770,28,6,42,88,0.318,387.50,1.00,0.21,1.5,3.14
Premier,,EtchedTree,Orochii,πολύ κεφάλη,Lunar,N/A,71.80,42,0.429,18,24,6,14960,8530,6430,27,34,62,103,0.262,356.20,0.64,0.81,1.48,2.45
Premier,,ewik,FA,Middle Earth,Lunar,N/A,65.60,21,0.524,11,10,4,6957,3540,3417,13,12,22,54,0.241,331.30,0.62,0.57,1.05,2.57
Premier,,Frostiger,Metal,The Elements,Lunar,N/A,44.80,2,0.000,0,2,0,502,180,322,1,1,0,3,0.333,251.00,0.50,0.5,0,1.5
Premier,,Gatman,Demon-Os,Spooky Breakfast Gang,Solar,N/A,64.70,57,0.737,42,15,25,26362,15510,10852,74,41,75,231,0.320,462.50,1.30,0.72,1.32,4.05
Premier,,Grubbsyy,PermFA,8-Bit Brigade,Lunar,N/A,37.10,20,0.200,4,16,1,5460,3130,2330,12,7,24,38,0.316,273.00,0.60,0.35,1.2,1.9
Premier,,henrY,Metal,The Elements,Lunar,N/A,55.80,52,0.500,26,26,10,18791,10970,7821,45,27,73,147,0.306,361.40,0.87,0.52,1.4,2.83
Premier,,Infinite,FA,The Comic Crusaders,Solar,N/A,33.30,4,0.250,1,3,0,934,610,324,3,2,2,11,0.273,233.50,0.75,0.5,0.5,2.75
Premier,,Jarl,Aces,House of Cards,Lunar,N/A,23.30,9,0.778,7,2,2,3143,1490,1653,8,2,7,24,0.333,349.20,0.89,0.22,0.78,2.67
Premier,,Justify,Garbage Trucks,Waste Management,Solar,N/A,53.70,53,0.642,34,19,9,21424,11720,9704,43,28,91,147,0.293,404.20,0.81,0.53,1.72,2.77
Premier,,kip,Avalanche,Polar Vortex,Lunar,N/A,49.64,20,0.450,9,11,3,8154,4730,3424,17,13,37,53,0.321,407.70,0.85,0.65,1.85,2.65
Premier,,LMC,Wheelchairs,The Quad Dynasty,Solar,N/A,41.30,45,0.556,25,20,14,19753,11310,8443,45,21,87,141,0.319,439.00,1.00,0.47,1.93,3.13
Premier,,Lucid,Gauntlets,8-Bit Brigade,Lunar,N/A,27.10,2,0.000,0,2,0,484,180,304,0,0,3,3,0.000,242.00,0.00,0,1.5,1.5
Premier,RSC000329,Melted,Orochii,πολύ κεφάλη,Lunar,N/A,50.80,30,0.333,10,20,3,9349,5330,4019,18,18,38,73,0.247,311.60,0.60,0.6,1.27,2.43
Premier,,Memlo,Nukes,Fallout Shelter,Solar,N/A,72.30,18,0.333,6,12,2,5472,3050,2422,12,10,19,40,0.300,304.00,0.67,0.56,1.06,2.22
Premier,,Neb♡,Balrogs,Middle Earth,Lunar,N/A,54.10,37,0.460,17,20,4,13030,6940,6090,22,33,43,94,0.234,352.20,0.59,0.89,1.16,2.54
Premier,,PlantingCargo85,Gauntlets,8-Bit Brigade,Lunar,N/A,34.50,22,0.409,9,13,5,10196,5670,4526,21,18,39,72,0.292,463.50,0.95,0.82,1.77,3.27
Premier,,puffy6,FA,The Quad Dynasty,Solar,N/A,18.10,20,0.350,7,13,2,6774,3950,2824,10,10,38,55,0.182,338.70,0.50,0.5,1.9,2.75
Premier,,Rascel,FA,8-Bit Brigade,Lunar,N/A,52.60,13,0.385,5,8,1,4551,2520,2031,4,10,26,32,0.125,350.10,0.31,0.77,2,2.46
Premier,RSC001605,Reeves,Garbage Trucks,Waste Management,Solar,N/A,58.90,42,0.667,28,14,16,20568,12080,8488,42,29,101,138,0.304,489.70,1.00,0.69,2.4,3.29
Premier,,robo,Garbage Trucks,House of Cards,Lunar,N/A,50.90,24,0.583,14,10,5,9482,5580,3902,25,17,27,88,0.284,395.10,1.04,0.71,1.13,3.67
Premier,,Rocksox,Nukes,Fallout Shelter,Solar,N/A,35.46,33,0.212,7,26,2,9711,5240,4471,19,11,41,74,0.257,294.30,0.58,0.33,1.24,2.24
Premier,,Se7eN,Aces,House of Cards,Lunar,N/A,44.42,32,0.594,19,13,4,10938,5880,5058,18,21,45,78,0.231,341.80,0.56,0.66,1.41,2.44
Premier,,Seb,Aces,House of Cards,Lunar,N/A,25.00,56,0.589,33,23,7,19640,11020,8620,43,31,71,162,0.265,350.70,0.77,0.55,1.27,2.89
Premier,,Sersero,Balrogs,Middle Earth,Lunar,N/A,35.26,27,0.444,12,15,1,7561,4110,3451,12,11,34,66,0.182,280.00,0.44,0.41,1.26,2.44
Premier,,sharkie,Gauntlets,Polar Vortex,Lunar,N/A,58.30,36,0.472,17,19,5,11945,6550,5395,29,23,33,85,0.341,331.80,0.81,0.64,0.92,2.36
Premier,,Simba,PermFA,Permanent Free Agent,N/A,N/A,26.82,4,0.000,0,4,0,900,470,430,0,3,5,7,0.000,225.00,0.00,0.75,1.25,1.75
Premier,,Sky,Garbage Trucks,Waste Management,Solar,N/A,49.60,51,0.667,34,17,5,19075,11380,7695,49,31,68,153,0.320,374.00,0.96,0.61,1.33,3
Premier,,SlowMonday,Orochii,πολύ κεφάλη,Lunar,N/A,44.82,8,0.250,2,6,1,3112,1900,1212,8,3,15,20,0.400,389.00,1.00,0.38,1.88,2.5
Premier,,Solize,The Avengers,The Comic Crusaders,Solar,N/A,45.00,46,0.435,20,26,9,18864,10340,8524,35,25,86,129,0.271,410.10,0.76,0.54,1.87,2.8
Premier,,Southpaw,Demon-Os,Spooky Breakfast Gang,Solar,N/A,46.40,51,0.745,38,13,7,18178,10480,7698,41,36,64,138,0.297,356.40,0.80,0.71,1.25,2.71
Premier,,Speedyy,Hurricanes,Storm,Solar,N/A,84.80,36,0.556,20,16,10,14916,8780,6136,35,31,50,123,0.285,414.30,0.97,0.86,1.39,3.42
Premier,,T.tv/DyP18,Orochii,πολύ κεφάλη,Lunar,N/A,46.95,51,0.431,22,29,7,18822,10350,8472,41,28,68,145,0.283,369.10,0.80,0.55,1.33,2.84
Premier,,Tide,Balrogs,Middle Earth,Lunar,N/A,61.00,45,0.467,21,24,10,18301,10660,7641,48,21,67,146,0.329,406.70,1.07,0.47,1.49,3.24
Premier,,Twist,FA,The Comic Crusaders,Solar,N/A,38.57,38,0.211,8,30,1,11962,6760,5202,26,18,49,81,0.321,314.80,0.68,0.47,1.29,2.13
Premier,,Upper,Avalanche,Polar Vortex,Lunar,N/A,48.30,48,0.604,29,19,7,18154,10250,7904,38,39,69,105,0.362,378.20,0.79,0.81,1.44,2.19
Premier,,Vision.,FA,The Comic Crusaders,Solar,N/A,42.21,18,0.444,8,10,2,6214,3510,2704,12,10,30,31,0.387,345.20,0.67,0.56,1.67,1.72
Premier,,Volts,Metal,The Elements,Lunar,N/A,47.30,51,0.510,26,25,2,15841,8300,7541,24,33,60,125,0.192,310.60,0.47,0.65,1.18,2.45
Premier,,wrevor,The Avengers,The Comic Crusaders,Solar,N/A,38.50,33,0.424,14,19,7,14320,8120,6200,28,19,68,97,0.289,433.90,0.85,0.58,2.06,2.94
Premier,,Your,The Avengers,The Comic Crusaders,Solar,N/A,43.69,32,0.438,14,18,3,11577,6440,5137,20,17,55,84,0.238,361.80,0.63,0.53,1.72,2.63
Premier,,Zeke,Hurricanes,Storm,Solar,N/A,47.30,54,0.519,28,26,8,19814,11740,8074,48,33,74,159,0.302,366.90,0.89,0.61,1.37,2.94
Premier,,Zenlos,Garbage Trucks,Waste Management,Solar,N/A,81.40,1,1.000,1,0,1,564,360,204,1,1,3,6,0.167,564.00,1.00,1,3,6
Premier,,𝐋𝐮𝐧𝐚𝐫 ☾,PermFA,Permanent Free Agent,N/A,N/A,20.18,1,0.000,0,1,0,148,20,128,0,0,0,2,0.000,148.00,0.00,0,0,2
Elite,,Abelleo,Falcons,Birds of Prey,Solar,N/A,45.24,16,0.250,4,12,2,5891,3080,2811,11,6,27,33,0.333,368.20,0.69,0.38,1.69,2.06
Elite,,ADeadM0053,Bolts,Electric Mayhem,Lunar,N/A,55.60,8,0.375,3,5,0,1932,810,1122,2,2,8,11,0.182,241.50,0.25,0.25,1,1.38
Elite,RSC000666,AEB311,Aphelion,The Cosmos,Lunar,N/A,35.70,60,0.367,22,38,5,20941,11710,9231,49,28,81,136,0.360,349.00,0.82,0.47,1.35,2.27
Elite,,Aki_Ha-,Knights,The Sovereign,Lunar,N/A,59.70,44,0.455,20,24,4,13927,7770,6157,28,25,54,102,0.275,316.50,0.64,0.57,1.23,2.32
Elite,,Alfredo.,Spearmint,Minty Fresh,Lunar,N/A,45.27,50,0.520,26,24,6,15405,8940,6465,36,36,48,114,0.316,308.10,0.72,0.72,0.96,2.28
Elite,,Alpha,Aphelion,The Cosmos,Lunar,N/A,17.90,21,0.286,6,15,3,7561,4460,3101,16,11,36,51,0.314,360.00,0.76,0.52,1.71,2.43
Elite,,Anthage,Corruptors,The Swarm,Solar,N/A,70.40,48,0.688,33,15,11,17247,9850,7397,44,24,58,135,0.326,359.30,0.92,0.5,1.21,2.81
Elite,,Apple.,Pushwalkers,The Quad Dynasty,Solar,N/A,47.30,36,0.250,9,27,5,12563,6850,5713,22,12,68,65,0.339,349.00,0.61,0.33,1.89,1.81
Elite,,Artoria,FA,The Comic Crusaders,Solar,N/A,53.82,19,0.579,11,8,2,6325,3680,2645,19,9,15,58,0.328,332.90,1.00,0.47,0.79,3.05
Elite,,Atomic_wallaby4,PermFA,Permanent Free Agent,N/A,N/A,50.73,4,1.000,4,0,1,1049,620,429,2,4,2,12,0.167,262.30,0.50,1,0.5,3
Elite,,Bakrutch,Megalodons,Shark Attack,Lunar,N/A,44.40,45,0.489,22,23,7,16107,8650,7457,33,27,58,110,0.300,357.90,0.73,0.6,1.29,2.44
Elite,RSC000016,Beans,Urulóki,Middle Earth,Lunar,N/A,23.80,50,0.480,24,26,8,15525,8480,7045,31,24,65,93,0.333,310.50,0.62,0.48,1.3,1.86
Elite,,Bobby Beans,Great Danes,Puppy Paradise,Solar,N/A,33.24,32,0.469,15,17,2,8892,5390,3502,20,10,43,74,0.270,277.90,0.63,0.31,1.34,2.31
Elite,,Buck,PermFA,The Swarm,Solar,N/A,30.30,20,0.500,10,10,1,4997,2740,2257,12,6,17,39,0.308,249.90,0.60,0.3,0.85,1.95
Elite,RSC000787,buckle,X-Men,The Comic Crusaders,Solar,N/A,38.32,34,0.353,12,22,2,9389,5100,4289,17,25,29,70,0.243,276.10,0.50,0.74,0.85,2.06
Elite,,Cannibal,Cerberii,πολύ κεφάλη,Lunar,N/A,47.30,56,0.607,34,22,7,20473,11920,8553,45,48,71,147,0.306,365.60,0.80,0.86,1.27,2.63
Elite,,Cartuard,Knights,The Sovereign,Lunar,N/A,42.98,31,0.484,15,16,3,9894,5170,4724,18,16,38,67,0.269,319.20,0.58,0.52,1.23,2.16
Elite,,ChrisakaMrXD,Dumpsters,Waste Management,Solar,N/A,51.10,53,0.585,31,22,10,17701,9780,7921,33,46,60,118,0.280,334.00,0.62,0.87,1.13,2.23
Elite,,Classé,Frosted Wraiths,Spooky Breakfast Gang,Solar,N/A,48.50,47,0.553,26,21,5,15768,8590,7178,29,29,63,109,0.266,335.50,0.62,0.62,1.34,2.32
Elite,RSC000334,crabasaur,Megalodons,Shark Attack,Lunar,N/A,41.50,21,0.667,14,7,4,8774,5240,3534,23,16,31,59,0.390,417.80,1.10,0.76,1.48,2.81
Elite,,Crazy Vulpix,Corruptors,The Swarm,Solar,N/A,50.60,45,0.644,29,16,6,12159,6450,5709,19,26,46,95,0.200,270.20,0.42,0.58,1.02,2.11
Elite,,crophlin,Kings,House of Cards,Lunar,N/A,59.40,50,0.460,23,27,6,17281,9730,7551,35,36,62,133,0.263,345.60,0.70,0.72,1.24,2.66
Elite,,CRSPY,Gelato,Fifty-Fifty Pizzeria,Solar,N/A,60.10,54,0.685,37,17,16,21912,13070,8842,62,28,73,182,0.341,405.80,1.15,0.52,1.35,3.37
Elite,,Dart,Spearmint,Minty Fresh,Lunar,N/A,63.50,60,0.550,33,27,11,25653,14430,11223,61,35,90,208,0.293,427.60,1.02,0.58,1.5,3.47
Elite,,Distant.,X-Men,The Comic Crusaders,Solar,N/A,39.30,56,0.571,32,24,16,20331,11860,8471,46,30,86,146,0.315,363.10,0.82,0.54,1.54,2.61
Elite,,Drop,FA,The Comic Crusaders,Solar,N/A,49.81,23,0.304,7,16,4,8530,4780,3750,17,16,36,48,0.354,370.90,0.74,0.7,1.57,2.09
Elite,,E=MC_HAMMER,Falcons,Birds of Prey,Solar,N/A,49.60,43,0.163,7,36,4,14510,7720,6790,34,12,56,92,0.370,337.40,0.79,0.28,1.3,2.14
Elite,,El Diablo Rojo,PermFA,House of Cards,Lunar,N/A,62.10,33,0.606,20,13,11,13351,7760,5591,33,22,47,101,0.327,404.60,1.00,0.67,1.42,3.06
Elite,,Envee,PermFA,Permanent Free Agent,N/A,N/A,76.13,4,0.500,2,2,1,1729,1160,569,6,3,5,16,0.375,432.30,1.50,0.75,1.25,4
Elite,,Exccentrik,Kodiaks,The Bear Den,Solar,N/A,11.40,14,0.286,4,10,1,3635,1600,2035,4,3,16,25,0.160,259.60,0.29,0.21,1.14,1.79
Elite,,Exo,Illuminati,The Order,Lunar,N/A,67.60,53,0.642,34,19,17,19186,10930,8256,43,23,82,138,0.312,362.00,0.81,0.43,1.55,2.6
Elite,,Fatalcore,Frosted Wraiths,Spooky Breakfast Gang,Solar,N/A,82.70,51,0.529,27,24,12,18034,10820,7214,52,23,62,137,0.380,353.60,1.02,0.45,1.22,2.69
Elite,,Flexy,Kings,House of Cards,Lunar,N/A,37.89,8,0.500,4,4,1,2360,1340,1020,6,2,9,19,0.316,295.00,0.75,0.25,1.13,2.38
Elite,,FuDa,FA,The Abyss,Lunar,N/A,63.80,8,0.250,2,6,1,2574,1370,1204,5,3,11,17,0.294,321.80,0.63,0.38,1.38,2.13
Elite,,GAMER--VEE,Pushwalkers,The Quad Dynasty,Solar,N/A,6.06,4,0.000,0,4,0,868,390,478,0,0,7,4,0.000,217.00,0.00,0,1.75,1
Elite,,GB_97,FA,8-Bit Brigade,Lunar,N/A,39.70,20,0.400,8,12,0,6528,3720,2808,16,9,25,42,0.381,326.40,0.80,0.45,1.25,2.1
Elite,RSC000241,Geherpaderp,Great Danes,Puppy Paradise,Solar,N/A,60.70,57,0.544,31,26,10,18264,10120,8144,37,40,62,132,0.280,320.40,0.65,0.7,1.09,2.32
Elite,,ghaleon,Vipers,The Serpents,Solar,N/A,32.48,25,0.320,8,17,3,6870,3770,3100,12,13,29,47,0.255,274.80,0.48,0.52,1.16,1.88
Elite,,Ghxst,Earth,The Elements,Lunar,N/A,74.40,56,0.607,34,22,12,22172,12710,9462,48,44,84,151,0.318,395.90,0.86,0.79,1.5,2.7
Elite,,GIJoeyB,Urulóki,Middle Earth,Lunar,N/A,48.30,46,0.435,20,26,8,14811,7630,7181,30,19,50,118,0.254,322.00,0.65,0.41,1.09,2.57
Elite,,Greenzoid,Bolts,Electric Mayhem,Lunar,N/A,54.30,4,0.750,3,1,1,1414,950,464,5,1,6,10,0.500,353.50,1.25,0.25,1.5,2.5
Elite,,Hippo,Pushwalkers,The Quad Dynasty,Solar,N/A,54.60,4,0.500,2,2,0,832,370,462,1,2,2,7,0.143,208.00,0.25,0.5,0.5,1.75
Elite,,ImJustBuck,Corruptors,The Swarm,Solar,N/A,32.81,10,0.600,6,4,0,2868,1400,1468,2,6,15,15,0.133,286.80,0.20,0.6,1.5,1.5
Elite,,Inciner8,Aphelion,The Cosmos,Lunar,N/A,27.70,50,0.340,17,33,4,14567,8020,6547,32,32,42,112,0.286,291.30,0.64,0.64,0.84,2.24
Elite,,Infinite,Kings,House of Cards,Lunar,N/A,60.44,4,0.500,2,2,2,1576,760,816,3,2,5,11,0.273,394.00,0.75,0.5,1.25,2.75
Elite,,iP JoKeR,X-Men,The Comic Crusaders,Solar,N/A,39.60,54,0.630,34,20,5,20206,12140,8066,56,35,60,179,0.313,374.20,1.04,0.65,1.11,3.31
Elite,,itscolin,Battletoads,8-Bit Brigade,Lunar,N/A,17.09,16,0.188,3,13,0,3467,1830,1637,3,4,21,28,0.107,216.70,0.19,0.25,1.31,1.75
Elite,,ItsJinkxx,FA,Electric Mayhem,Lunar,N/A,67.70,27,0.519,14,13,6,9899,6010,3889,25,15,38,86,0.291,366.60,0.93,0.56,1.41,3.19
Elite,,J.,Urulóki,Middle Earth,Lunar,N/A,42.99,50,0.500,25,25,9,15881,8750,7131,36,24,57,110,0.327,317.60,0.72,0.48,1.14,2.2
Elite,,Jaco,Megalodons,Shark Attack,Lunar,N/A,56.60,59,0.492,29,30,7,20850,12710,8140,54,39,72,176,0.307,353.40,0.92,0.66,1.22,2.98
Elite,,Jatt,Frosted Wraiths,Spooky Breakfast Gang,Solar,N/A,61.40,40,0.600,24,16,10,15190,9040,6150,36,26,60,114,0.316,379.80,0.90,0.65,1.5,2.85
Elite,,jfmachine,PermFA,Meme Machine,Solar,N/A,12.00,1,0.000,0,1,0,229,60,169,0,0,1,1,0.000,229.00,0.00,0,1,1
Elite,,Kanman01,Urulóki,Middle Earth,Lunar,N/A,46.63,15,0.533,8,7,1,4823,2620,2203,9,9,18,37,0.243,321.50,0.60,0.6,1.2,2.47
Elite,RSC000462,Kruncho,Sabertooths,Polar Vortex,Lunar,N/A,58.30,56,0.536,30,26,9,21936,12430,9506,43,49,81,163,0.264,391.70,0.77,0.88,1.45,2.91
Elite,,Kxle,Vipers,The Serpents,Solar,N/A,39.88,25,0.280,7,18,0,7183,3790,3393,13,17,22,54,0.241,287.30,0.52,0.68,0.88,2.16
Elite,,Latumos,Glaciers,The Comic Crusaders,Solar,N/A,22.20,4,0.000,0,4,0,992,340,652,2,0,1,9,0.222,248.00,0.50,0,0.25,2.25
Elite,,Lord Ironskull,Earth,The Elements,Lunar,N/A,26.90,18,0.556,10,8,1,5620,3180,2440,11,6,28,38,0.290,312.20,0.61,0.33,1.56,2.11
Elite,,Lucid,Knights,8-Bit Brigade,Lunar,N/A,27.10,19,0.474,9,10,2,6300,3560,2740,14,8,27,41,0.342,331.60,0.74,0.42,1.42,2.16
Elite,,Lukas,Knights,The Sovereign,Lunar,N/A,60.20,59,0.492,29,30,14,24227,14030,10197,60,37,84,198,0.303,410.60,1.02,0.63,1.42,3.36
Elite,,lunaoso,Great Danes,Puppy Paradise,Solar,N/A,53.60,60,0.550,33,27,14,21107,12240,8867,49,20,93,169,0.290,351.80,0.82,0.33,1.55,2.82
Elite,,Matt.,Glaciers,North American Soccar Club,Lunar,N/A,56.63,41,0.488,20,21,3,14420,7860,6560,25,35,49,116,0.216,351.70,0.61,0.85,1.2,2.83
Elite,,MattG,Spearmint,Minty Fresh,Lunar,N/A,55.00,57,0.579,33,24,13,21444,12190,9254,45,41,86,134,0.336,376.20,0.79,0.72,1.51,2.35
Elite,,MellowMighty,FA,The Comic Crusaders,Solar,N/A,49.07,11,0.182,2,9,1,4570,2690,1880,9,2,28,29,0.310,415.50,0.82,0.18,2.55,2.64
Elite,,Memlo,Missiles,Fallout Shelter,Solar,N/A,72.30,22,0.500,11,11,5,8119,4760,3359,19,16,30,56,0.339,369.00,0.86,0.73,1.36,2.55
Elite,RSC000344,Mezmer,Bolts,Electric Mayhem,Lunar,N/A,48.10,37,0.487,18,19,5,12333,6960,5373,24,20,52,96,0.250,333.30,0.65,0.54,1.41,2.59
Elite,,Moosey,PermFA,Permanent Free Agent,N/A,N/A,58.34,6,0.667,4,2,2,2427,1380,1047,4,3,13,18,0.222,404.50,0.67,0.5,2.17,3
Elite,,MrFelon,Sabertooths,Polar Vortex,Lunar,N/A,32.00,50,0.560,28,22,7,16872,9120,7752,32,30,64,122,0.262,337.40,0.64,0.6,1.28,2.44
Elite,,Murloc,Bolts,The Serpents,Solar,N/A,44.60,49,0.408,20,29,4,14735,7720,7015,28,29,42,137,0.204,300.70,0.57,0.59,0.86,2.8
Elite,,Nagz,Tempests,Storm,Solar,N/A,30.14,8,0.375,3,5,0,2137,1020,1117,3,4,8,12,0.250,267.10,0.38,0.5,1,1.5
Elite,,Namdorin,X-Men,The Comic Crusaders,Solar,N/A,37.60,60,0.567,34,26,12,20589,11440,9149,42,43,72,149,0.282,343.20,0.70,0.72,1.2,2.48
Elite,,Natty,Kings,House of Cards,Lunar,N/A,28.70,27,0.407,11,16,4,7841,4120,3721,11,13,37,52,0.212,290.40,0.41,0.48,1.37,1.93
Elite,RSC002125,Neoblastz,Corruptors,The Swarm,Solar,N/A,27.87,1,0.000,0,1,0,237,140,97,0,0,2,4,0.000,237.00,0.00,0,2,4
Elite,,Odell,Falcons,Birds of Prey,Solar,N/A,33.30,46,0.196,9,37,1,13908,6870,7038,15,21,71,77,0.195,302.30,0.33,0.46,1.54,1.67
Elite,,orso,Gelato,Fifty-Fifty Pizzeria,Solar,N/A,68.10,54,0.648,35,19,9,20728,12510,8218,55,47,59,171,0.322,383.90,1.02,0.87,1.09,3.17
Elite,,p0larbear,Pushwalkers,The Quad Dynasty,Solar,N/A,48.29,40,0.400,16,24,6,14780,8580,6200,32,19,70,93,0.344,369.50,0.80,0.48,1.75,2.33
Elite,,Patty Bones,PermFA,Meme Machine,Solar,N/A,43.80,6,0.667,4,2,0,2272,1570,702,6,3,13,17,0.353,378.70,1.00,0.5,2.17,2.83
Elite,,Patty Smokes,Harambes,Meme Machine,Solar,N/A,37.80,35,0.514,18,17,5,11934,6510,5424,25,19,46,76,0.329,341.00,0.71,0.54,1.31,2.17
Elite,,Peacefulcomb9,Pushwalkers,The Quad Dynasty,Solar,N/A,59.24,40,0.400,16,24,7,15844,8800,7044,34,23,62,115,0.296,396.10,0.85,0.58,1.55,2.88
Elite,,perino11,Illuminati,The Order,Lunar,N/A,60.50,14,0.643,9,5,3,5177,2730,2447,11,9,16,38,0.290,369.80,0.79,0.64,1.14,2.71
Elite,,PIckle,Missiles,The Serpents,Solar,N/A,42.90,48,0.458,22,26,8,17007,9320,7687,35,23,66,137,0.256,354.30,0.73,0.48,1.38,2.85
Elite,RSC001903,Plasma,Cerberii,πολύ κεφάλη,Lunar,N/A,44.80,33,0.546,18,15,10,12676,7540,5136,33,17,49,94,0.351,384.10,1.00,0.52,1.48,2.85
Elite,,Plasmid,PermFA,Permanent Free Agent,N/A,N/A,50.43,3,0.667,2,1,0,895,500,395,2,4,1,5,0.400,298.30,0.67,1.33,0.33,1.67
Elite,,Poofy,Battletoads,8-Bit Brigade,Lunar,N/A,17.29,13,0.231,3,10,0,2582,1230,1352,5,4,7,18,0.278,198.60,0.38,0.31,0.54,1.38
Elite,,Prine,Chimaeras,The Abyss,Lunar,N/A,44.20,60,0.550,33,27,12,21599,12400,9199,57,30,68,180,0.317,360.00,0.95,0.5,1.13,3
Elite,,Prussia,Kodiaks,The Bear Den,Solar,N/A,29.20,58,0.483,28,30,8,16126,8370,7756,25,18,75,122,0.205,278.00,0.43,0.31,1.29,2.1
Elite,,Quack,Megalodons,Shark Attack,Lunar,N/A,38.97,7,0.429,3,4,1,2103,1170,933,3,6,9,12,0.250,300.40,0.43,0.86,1.29,1.71
Elite,,RainbowNoms,Kings,House of Cards,Lunar,N/A,39.30,46,0.522,24,22,4,17046,8830,8216,30,19,75,113,0.266,370.60,0.65,0.41,1.63,2.46
Elite,,Rayem Whisperwind,Pushwalkers,The Quad Dynasty,Solar,N/A,19.60,52,0.327,17,35,2,14699,7830,6869,24,19,70,98,0.245,282.70,0.46,0.37,1.35,1.88
Elite,,relax,Sabertooths,Polar Vortex,Lunar,N/A,46.40,49,0.531,26,23,12,19280,11470,7810,57,23,63,147,0.388,393.50,1.16,0.47,1.29,3
Elite,,Rengleif,Battletoads,Waste Management,Solar,N/A,46.50,33,0.515,17,16,3,10976,6400,4576,25,21,40,85,0.294,332.60,0.76,0.64,1.21,2.58
Elite,,Rex,Sharks,The Ocean,Solar,N/A,44.62,41,0.537,22,19,4,12879,7010,5869,23,28,48,91,0.253,314.10,0.56,0.68,1.17,2.22
Elite,,Rhino,Earth,The Elements,Lunar,N/A,70.78,56,0.607,34,22,16,23475,14780,8695,70,45,73,188,0.372,419.20,1.25,0.8,1.3,3.36
Elite,,Rinoneal,Tempests,Storm,Solar,N/A,61.50,39,0.590,23,16,16,15338,8220,7118,25,34,58,112,0.223,393.30,0.64,0.87,1.49,2.87
Elite,RSC000867,Ritter,Gelato,Fifty-Fifty Pizzeria,Solar,N/A,43.26,16,0.688,11,5,2,4945,2840,2105,12,9,17,34,0.353,309.10,0.75,0.56,1.06,2.13
Elite,,Rumble,PermFA,8-Bit Brigade,Lunar,N/A,27.80,4,0.500,2,2,0,1245,570,675,3,0,4,7,0.429,311.30,0.75,0,1,1.75
Elite,,sadboy,Illuminati,The Order,Lunar,N/A,61.60,58,0.621,36,22,11,18492,9800,8692,36,28,70,130,0.277,318.80,0.62,0.48,1.21,2.24
Elite,,Salty,Harambes,Meme Machine,Solar,N/A,51.00,52,0.539,28,24,11,19499,10820,8679,47,34,59,147,0.320,375.00,0.90,0.65,1.13,2.83
Elite,RSC000657,Saucey,Corruptors,The Swarm,Solar,N/A,78.20,64,0.609,39,25,21,24000,13500,10500,60,31,87,160,0.375,375.00,0.94,0.48,1.36,2.5
Elite,,sChina,Chimaeras,The Abyss,Lunar,N/A,52.70,48,0.542,26,22,8,17386,9230,8156,28,25,80,118,0.237,362.20,0.58,0.52,1.67,2.46
Elite,,SHANK,Chimaeras,The Abyss,Lunar,N/A,98.80,40,0.600,24,16,9,15108,8420,6688,35,23,56,97,0.361,377.70,0.88,0.58,1.4,2.43
Elite,,Shimmy,Glaciers,North American Soccar Club,Lunar,N/A,15.40,21,0.286,6,15,2,5931,3140,2791,11,7,27,34,0.324,282.40,0.52,0.33,1.29,1.62
Elite,,Shyloh,Missiles,Fallout Shelter,Solar,N/A,52.31,31,0.516,16,15,7,11324,5920,5404,22,13,45,82,0.268,365.30,0.71,0.42,1.45,2.65
Elite,,Sicey,Gelato,Fifty-Fifty Pizzeria,Solar,N/A,60.20,56,0.661,37,19,13,21375,12220,9155,47,47,76,137,0.343,381.70,0.84,0.84,1.36,2.45
Elite,,SillyBunny,FA,Storm,Solar,N/A,57.00,35,0.571,20,15,2,9865,5620,4245,23,21,28,87,0.264,281.90,0.66,0.6,0.8,2.49
Elite,,Siyyo,Vipers,Puppy Paradise,Solar,N/A,62.00,18,0.389,7,11,1,5418,3010,2408,10,12,20,41,0.244,301.00,0.56,0.67,1.11,2.28
Elite,,Slurp,Tempests,Storm,Solar,N/A,62.18,43,0.581,25,18,10,17180,9830,7350,52,20,48,123,0.423,399.50,1.21,0.47,1.12,2.86
Elite,,Snipe,Illuminati,The Order,Lunar,N/A,54.30,54,0.648,35,19,7,17768,9630,8138,34,27,74,118,0.288,329.00,0.63,0.5,1.37,2.19
Elite,,Sora,Great Danes,Puppy Paradise,Solar,N/A,46.20,19,0.632,12,7,4,5906,3150,2756,14,10,15,50,0.280,310.80,0.74,0.53,0.79,2.63
Elite,,Sora-change,PermFA,Puppy Paradise,Solar,N/A,27.00,10,0.600,6,4,3,3803,2280,1523,10,10,11,23,0.435,380.30,1.00,1,1.1,2.3
Elite,,Spudsy,Missiles,Fallout Shelter,Solar,N/A,34.20,25,0.400,10,15,2,7321,3780,3541,13,9,29,58,0.224,292.80,0.52,0.36,1.16,2.32
Elite,,Spyce,Glaciers,North American Soccar Club,Lunar,N/A,40.90,51,0.412,21,30,8,19397,10370,9027,41,23,77,127,0.323,380.30,0.80,0.45,1.51,2.49
Elite,,StarFax,Falcons,Birds of Prey,Solar,N/A,22.00,8,0.125,1,7,0,1894,1090,804,2,4,11,14,0.143,236.80,0.25,0.5,1.38,1.75
Elite,RSC000923,Stemantics,Dumpsters,Waste Management,Solar,N/A,40.30,4,0.000,0,4,0,1256,700,556,3,1,5,10,0.300,314.00,0.75,0.25,1.25,2.5
Elite,,Stevo,Kodiaks,The Bear Den,Solar,N/A,46.14,34,0.500,17,17,4,10152,5850,4302,27,25,22,80,0.338,298.60,0.79,0.74,0.65,2.35
Elite,,stryyk3r,Vipers,The Serpents,Solar,N/A,53.40,57,0.316,18,39,11,21841,12280,9561,56,24,76,168,0.333,383.20,0.98,0.42,1.33,2.95
Elite,,Styzzi,Spearmint,Minty Fresh,Lunar,N/A,56.41,14,0.571,8,6,3,5428,3240,2188,11,9,26,39,0.282,387.70,0.79,0.64,1.86,2.79
Elite,,SubZero,Sharks,The Ocean,Solar,N/A,58.20,49,0.571,28,21,6,16730,9200,7530,34,23,68,125,0.272,341.40,0.69,0.47,1.39,2.55
Elite,,Sumguy,Sharks,The Ocean,Solar,N/A,81.90,31,0.581,18,13,4,10756,6710,4046,27,26,37,86,0.314,347.00,0.87,0.84,1.19,2.77
Elite,,TBE Dorito,Cerberii,πολύ κεφάλη,Lunar,N/A,58.60,34,0.647,22,12,8,12463,7370,5093,32,24,40,97,0.330,366.60,0.94,0.71,1.18,2.85
Elite,,Ternpike,Earth,The Elements,Lunar,N/A,48.80,50,0.540,27,23,6,17203,9750,7453,37,38,58,125,0.296,344.10,0.74,0.76,1.16,2.5
Elite,,TheCarter117,FA,Birds of Prey,Solar,N/A,28.20,36,0.167,6,30,3,10956,6030,4926,24,14,45,68,0.353,304.30,0.67,0.39,1.25,1.89
Elite,,thephelpsy,Sabertooths,Polar Vortex,Lunar,N/A,46.74,55,0.418,23,32,9,18216,10550,7666,42,29,70,140,0.300,331.20,0.76,0.53,1.27,2.55
Elite,,Thermal,Aphelion,The Cosmos,Lunar,N/A,63.70,49,0.429,21,28,10,20810,11760,9050,43,35,82,161,0.267,424.70,0.88,0.71,1.67,3.29
Elite,RSC000009,Timbo,Missiles,Fallout Shelter,Solar,N/A,38.10,50,0.460,23,27,4,14135,7310,6825,27,23,48,106,0.255,282.70,0.54,0.46,0.96,2.12
Elite,,timthebull,Sharks,The Ocean,Solar,N/A,73.40,59,0.576,34,25,20,24741,14580,10161,68,31,88,183,0.372,419.30,1.15,0.53,1.49,3.1
Elite,RSC002167,tokyo.,Bolts,Electric Mayhem,Lunar,N/A,52.83,29,0.345,10,19,4,11054,5880,5174,26,13,39,68,0.382,381.20,0.90,0.45,1.34,2.34
Elite,,Tragic,FA,The Sovereign,Lunar,N/A,79.00,31,0.484,15,16,7,9665,5180,4485,22,21,24,73,0.301,311.80,0.71,0.68,0.77,2.35
Elite,,Tuna146,Chimaeras,Fallout Shelter,Solar,N/A,17.00,48,0.396,19,29,6,15359,7870,7489,26,30,55,102,0.255,320.00,0.54,0.63,1.15,2.13
Elite,,TyTy,Battletoads,Middle Earth,Lunar,N/A,46.10,41,0.342,14,27,6,13768,7400,6368,25,22,57,95,0.263,335.80,0.61,0.54,1.39,2.32
Elite,,Unearthlylegend,Tempests,Storm,Solar,N/A,50.40,51,0.628,32,19,6,18061,10790,7271,42,30,73,144,0.292,354.10,0.82,0.59,1.43,2.82
Elite,,Untamed,FA,Middle Earth,Lunar,N/A,32.00,14,0.143,2,12,0,4601,2570,2031,10,4,21,32,0.313,328.60,0.71,0.29,1.5,2.29
Elite,,Uorodin,FA,The Quad Dynasty,Solar,N/A,25.70,4,0.000,0,4,0,1073,390,683,0,2,5,4,0.000,268.30,0.00,0.5,1.25,1
Elite,,Vaerous,Bolts,Electric Mayhem,Lunar,N/A,46.26,48,0.438,21,27,7,17092,9560,7532,27,31,86,101,0.267,356.10,0.56,0.65,1.79,2.1
Elite,,VirginityTrife,Harambes,Meme Machine,Solar,N/A,52.81,45,0.533,24,21,7,15864,9380,6484,36,24,65,133,0.271,352.50,0.80,0.53,1.44,2.96
Elite,,Waddle,Kodiaks,The Bear Den,Solar,N/A,56.30,58,0.483,28,30,15,20340,10920,9420,41,24,88,122,0.336,350.70,0.71,0.41,1.52,2.1
Elite,RSC000408,Xero,Cerberii,πολύ κεφάλη,Lunar,N/A,45.70,57,0.597,34,23,11,20761,11910,8851,56,32,63,156,0.359,364.20,0.98,0.56,1.11,2.74
Elite,,yokes,FA,North American Soccar Club,Lunar,N/A,22.30,44,0.409,18,26,9,18002,10270,7732,42,24,69,142,0.296,409.10,0.95,0.55,1.57,3.23
Elite,,yolkk,Dumpsters,Waste Management,Solar,N/A,53.60,46,0.587,27,19,13,15569,9370,6199,45,16,56,127,0.354,338.50,0.98,0.35,1.22,2.76
Elite,,Zebu,Frosted Wraiths,Spooky Breakfast Gang,Solar,N/A,25.50,36,0.472,17,19,5,11550,5950,5600,20,22,44,65,0.308,320.80,0.56,0.61,1.22,1.81
Elite,,Zen,PermFA,Permanent Free Agent,N/A,N/A,45.65,11,0.636,7,4,1,3472,1970,1502,7,4,15,32,0.219,315.60,0.64,0.36,1.36,2.91
Elite,,Zenlos,Dumpsters,Waste Management,Solar,N/A,81.40,39,0.590,23,16,8,14201,8490,5711,36,28,48,109,0.330,364.10,0.92,0.72,1.23,2.79
Elite,,Zin.,Harambes,Meme Machine,Solar,N/A,45.40,30,0.500,15,15,7,10378,5970,4408,23,23,38,62,0.371,345.90,0.77,0.77,1.27,2.07
Elite,,Zylo,Megalodons,Electric Mayhem,Lunar,N/A,54.80,45,0.511,23,22,12,18932,11090,7842,49,23,77,119,0.412,420.70,1.09,0.51,1.71,2.64
Major,,2JSix,Black Hand,The Order,Lunar,N/A,35.24,8,0.250,2,6,0,2172,980,1192,2,4,9,13,0.154,271.50,0.25,0.5,1.13,1.63
Major,,5pike,Himalayans,The Cat Cafe,Solar,N/A,41.10,30,0.400,12,18,2,8150,4830,3320,16,20,32,63,0.254,271.70,0.53,0.67,1.07,2.1
Major,,9ohm,Grizzly Bears,The Bear Den,Solar,N/A,50.52,64,0.500,32,32,12,22592,13420,9172,52,39,95,152,0.342,353.00,0.81,0.61,1.48,2.38
Major,,[GSU] Bren,PermFA,Meme Machine,Solar,N/A,54.10,49,0.347,17,32,8,17175,9070,8105,39,16,61,132,0.296,350.50,0.80,0.33,1.24,2.69
Major,,[N Ξ X U S] RBLegend,Himalayans,The Cat Cafe,Solar,N/A,70.10,57,0.386,22,35,14,22178,12010,10168,50,27,77,181,0.276,389.10,0.88,0.47,1.35,3.18
Major,,Abom,Cobras,The Serpents,Solar,N/A,45.03,51,0.431,22,29,8,16831,9180,7651,35,20,70,118,0.297,330.00,0.69,0.39,1.37,2.31
Major,,Ace,Queens,House of Cards,Lunar,N/A,38.20,4,0.000,0,4,0,996,450,546,1,1,5,5,0.200,249.00,0.25,0.25,1.25,1.25
Major,,AceofAidan,FA,The Bear Den,Solar,N/A,21.90,19,0.263,5,14,0,5711,3150,2561,9,13,21,55,0.164,300.60,0.47,0.68,1.11,2.89
Major,,ADeadM0053,Lightning,Electric Mayhem,Lunar,N/A,55.60,51,0.549,28,23,12,19432,10190,9242,38,26,74,139,0.273,381.00,0.75,0.51,1.45,2.73
Major,,ahmi,PermFA,House of Cards,Lunar,N/A,76.60,30,0.400,12,18,5,10806,6080,4726,27,16,34,88,0.307,360.20,0.90,0.53,1.13,2.93
Major,,Aizzaku!,PermFA,Permanent Free Agent,N/A,N/A,21.25,1,0.000,0,1,0,254,110,144,0,0,2,1,0.000,254.00,0.00,0,2,1
Major,,Akratic,Queens,House of Cards,Lunar,N/A,51.91,36,0.333,12,24,7,13555,7230,6325,28,17,53,93,0.301,376.50,0.78,0.47,1.47,2.58
Major,RSC002231,andrew,Black Hand,The Comic Crusaders,Solar,N/A,78.30,64,0.609,39,25,12,22131,12090,10041,42,48,84,129,0.326,345.80,0.66,0.75,1.31,2.02
Major,,Aslan,Quads,The Quad Dynasty,Solar,N/A,36.90,44,0.523,23,21,6,14814,8820,5994,41,26,43,127,0.323,336.70,0.93,0.59,0.98,2.89
Major,,Avaki,Queens,House of Cards,Lunar,N/A,45.00,4,0.750,3,1,1,1195,650,545,2,3,5,5,0.400,298.80,0.50,0.75,1.25,1.25
Major,,BadassWalrus,Contras,8-Bit Brigade,Lunar,N/A,58.10,63,0.524,33,30,9,20563,11680,8883,37,33,95,158,0.234,326.40,0.59,0.52,1.51,2.51
Major,,Bates,PermFA,House of Cards,Lunar,N/A,24.60,8,0.375,3,5,0,1944,1030,914,5,2,6,13,0.385,243.00,0.63,0.25,0.75,1.63
Major,,Beard,Contras,8-Bit Brigade,Lunar,N/A,55.88,64,0.531,34,30,18,25024,13850,11174,52,34,101,190,0.274,391.00,0.81,0.53,1.58,2.97
Major,,Biggins,Quads,The Quad Dynasty,Solar,N/A,35.60,31,0.484,15,16,5,10890,6440,4450,28,20,36,84,0.333,351.30,0.90,0.65,1.16,2.71
Major,,Biscuit,Makos,Shark Attack,Lunar,N/A,53.60,53,0.679,36,17,7,17612,10310,7302,43,43,48,146,0.295,332.30,0.81,0.81,0.91,2.75
Major,,Bob,Fantastic Four,The Comic Crusaders,Solar,N/A,13.30,58,0.552,32,26,10,20391,11370,9021,40,41,78,142,0.282,351.60,0.69,0.71,1.34,2.45
Major,,BraveNewWrld,Killer Whales,Electric Mayhem,Lunar,N/A,35.60,54,0.407,22,32,9,17291,9390,7901,32,32,69,114,0.281,320.20,0.59,0.59,1.28,2.11
Major,,BunnyRabbit,Killer Whales,The Ocean,Solar,N/A,39.23,27,0.482,13,14,2,7415,3920,3495,14,13,26,57,0.246,274.60,0.52,0.48,0.96,2.11
Major,,cal,Fugue,Meme Machine,Solar,N/A,44.20,58,0.293,17,41,4,18019,10010,8009,30,21,97,111,0.270,310.70,0.52,0.36,1.67,1.91
Major,RSC000371,Capn' Clutch,Black Hand,The Order,Lunar,N/A,67.00,56,0.643,36,20,15,23919,14960,8959,75,38,70,206,0.364,427.10,1.34,0.68,1.25,3.68
Major,,Cerealkiller,Typhoons,Unassigned Lineage,N/A,N/A,33.93,22,0.227,5,17,1,5976,3290,2686,13,5,26,44,0.296,271.60,0.59,0.23,1.18,2
Major,,CheesePie,Quads,The Quad Dynasty,Solar,N/A,53.10,56,0.589,33,23,16,22403,12760,9643,47,39,88,171,0.275,400.10,0.84,0.7,1.57,3.05
Major,,Cineo,Fantastic Four,The Comic Crusaders,Solar,N/A,42.00,57,0.561,32,25,7,19020,10500,8520,39,35,68,145,0.269,333.70,0.68,0.61,1.19,2.54
Major,,Cliffork,Apollo,Mission Control,Lunar,N/A,43.00,52,0.615,32,20,15,21284,12910,8374,60,35,72,156,0.385,409.30,1.15,0.67,1.38,3
Major,,CoDa,PermFA,The Cosmos,Lunar,N/A,34.80,8,0.250,2,6,1,2075,890,1185,3,3,6,14,0.214,259.40,0.38,0.38,0.75,1.75
Major,,cookie in the lab :>,Seadevils,The Abyss,Lunar,N/A,57.14,52,0.442,23,29,10,20386,11770,8616,48,35,76,142,0.338,392.00,0.92,0.67,1.46,2.73
Major,,Crimslice,PermFA,Permanent Free Agent,N/A,N/A,36.29,9,0.000,0,9,0,2882,1500,1382,4,2,16,20,0.200,320.20,0.44,0.22,1.78,2.22
Major,RSC000451,Cryke,Celery,The Garden,Lunar,N/A,56.30,38,0.447,17,21,6,14316,7700,6616,33,16,53,95,0.347,376.70,0.87,0.42,1.39,2.5
Major,,Dan,Tyrannosaurus,Dino Park,Solar,N/A,31.30,48,0.396,19,29,8,15696,9090,6606,39,24,59,104,0.375,327.00,0.81,0.5,1.23,2.17
Major,,dapperstarfishh,Nazgûl,Middle Earth,Lunar,N/A,80.20,62,0.613,38,24,24,26545,14820,11725,67,30,99,167,0.401,428.10,1.08,0.48,1.6,2.69
Major,,deezmuffinz,Werthers Originals,Polar Vortex,Lunar,N/A,33.10,58,0.431,25,33,8,19215,10710,8505,35,33,82,146,0.240,331.30,0.60,0.57,1.41,2.52
Major,,Dirty Dan,PermFA,The Ocean,Solar,N/A,44.40,32,0.406,13,19,6,10567,6060,4507,31,16,28,76,0.408,330.20,0.97,0.5,0.88,2.38
Major,,DirtyDan6969,PermFA,Dino Park,Solar,N/A,56.40,24,0.458,11,13,7,8829,4990,3839,18,15,38,54,0.333,367.90,0.75,0.63,1.58,2.25
Major,,Disasterpiece,Capurrccinos,Unassigned Lineage,N/A,N/A,49.68,33,0.364,12,21,2,11533,6080,5453,28,15,36,73,0.384,349.50,0.85,0.45,1.09,2.21
Major,,Domino,Celery,The Ocean,Solar,N/A,32.60,54,0.315,17,37,6,17081,9560,7521,37,23,69,126,0.294,316.30,0.69,0.43,1.28,2.33
Major,,Dosia,Trashcans,Waste Management,Solar,N/A,42.70,52,0.635,33,19,7,16719,9910,6809,43,36,47,146,0.295,321.50,0.83,0.69,0.9,2.81
Major,,DraxxS,Seadevils,Spooky Breakfast Gang,Solar,N/A,54.40,64,0.484,31,33,15,28363,16170,12193,59,46,126,167,0.353,443.20,0.92,0.72,1.97,2.61
Major,,Drizzle,PermFA,The Sovereign,Lunar,N/A,40.70,50,0.500,25,25,10,15641,8530,7111,35,24,53,118,0.297,312.80,0.70,0.48,1.06,2.36
Major,,DrLee,Hawks,Fifty-Fifty Pizzeria,Solar,N/A,25.00,55,0.200,11,44,0,16116,8430,7686,26,22,72,113,0.230,293.00,0.47,0.4,1.31,2.05
Major,,Drupenson,Lightning,Minty Fresh,Lunar,N/A,46.80,37,0.460,17,20,5,12247,7160,5087,29,22,49,71,0.409,331.00,0.78,0.59,1.32,1.92
Major,,Dub,PermFA,The Comic Crusaders,Solar,N/A,41.70,5,0.200,1,4,0,1322,550,772,0,2,7,10,0.000,264.40,0.00,0.4,1.4,2
Major,,ehsanul,PermFA,The Garden,Lunar,N/A,37.60,45,0.467,21,24,9,13848,7520,6328,25,26,55,97,0.258,307.70,0.56,0.58,1.22,2.16
Major,,eman,PermFA,Fallout Shelter,Solar,N/A,76.80,39,0.744,29,10,8,14806,9220,5586,43,40,36,112,0.384,379.60,1.10,1.03,0.92,2.87
Major,,euronate,Apollo,Mission Control,Lunar,N/A,54.60,50,0.680,34,16,11,18822,11310,7512,43,30,82,141,0.305,376.40,0.86,0.6,1.64,2.82
Major,,Far,Apollo,Mission Control,Lunar,N/A,51.80,46,0.674,31,15,7,16517,9200,7317,35,34,56,120,0.292,359.10,0.76,0.74,1.22,2.61
Major,,Feen,Contras,8-Bit Brigade,Lunar,N/A,63.40,64,0.531,34,30,7,19557,11070,8487,44,26,79,142,0.310,305.60,0.69,0.41,1.23,2.22
Major,,flamethrowr,Black Hand,The Serpents,Solar,N/A,56.00,52,0.462,24,28,10,17945,10350,7595,48,28,53,150,0.320,345.10,0.92,0.54,1.02,2.88
Major,,Foretrix,Lasagna,Fifty-Fifty Pizzeria,Solar,N/A,26.40,17,0.235,4,13,2,5585,3010,2575,6,7,35,31,0.194,328.50,0.35,0.41,2.06,1.82
Major,,friedgreenbanana,Piranhas,Unassigned Lineage,N/A,N/A,43.12,12,0.500,6,6,1,3721,1980,1741,7,5,15,28,0.250,310.10,0.58,0.42,1.25,2.33
Major,,Frostii,Tyrannosaurus,Dino Park,Solar,N/A,63.80,40,0.350,14,26,1,11851,6670,5181,21,23,56,62,0.339,296.30,0.53,0.58,1.4,1.55
Major,,GAMER--VEE,Mint Chip,Unassigned Lineage,N/A,N/A,46.69,35,0.400,14,21,1,10773,6430,4343,30,22,29,88,0.341,307.80,0.86,0.63,0.83,2.51
Major,,General Mills,Tyrannosaurus,Dino Park,Solar,N/A,54.27,37,0.460,17,20,6,13213,7490,5723,34,24,37,104,0.327,357.10,0.92,0.65,1,2.81
Major,,Gengar,PermFA,Permanent Free Agent,N/A,N/A,45.49,32,0.406,13,19,2,10580,5670,4910,20,17,44,62,0.323,330.60,0.63,0.53,1.38,1.94
Major,,Gogbe,Raisin Branshees,Spooky Breakfast Gang,Solar,N/A,30.83,19,0.421,8,11,0,4365,2320,2045,7,8,18,32,0.219,229.70,0.37,0.42,0.95,1.68
Major,,GoldenLuigii,Cyclones,Storm,Solar,N/A,82.50,55,0.855,47,8,21,25295,16050,9245,82,53,61,215,0.381,459.90,1.49,0.96,1.11,3.91
Major,,Gradster13,Lightning,Electric Mayhem,Lunar,N/A,72.00,58,0.552,32,26,10,21148,11980,9168,50,43,65,158,0.317,364.60,0.86,0.74,1.12,2.72
Major,,Greenzoid,Lightning,Electric Mayhem,Lunar,N/A,54.30,41,0.390,16,25,3,13339,7530,5809,28,16,58,103,0.272,325.30,0.68,0.39,1.41,2.51
Major,,Grez,Tyrannosaurus,Spooky Breakfast Gang,Solar,N/A,48.00,47,0.511,24,23,5,15977,9400,6577,45,21,46,155,0.290,339.90,0.96,0.45,0.98,3.3
Major,,Heca,Dogswifhats,Meme Machine,Solar,N/A,47.30,6,0.167,1,5,0,1412,610,802,2,4,2,11,0.182,235.30,0.33,0.67,0.33,1.83
Major,,Hippo,Quads,The Quad Dynasty,Solar,N/A,54.60,54,0.556,30,24,7,17603,9830,7773,45,25,55,133,0.338,326.00,0.83,0.46,1.02,2.46
Major,,HPain,Lumbers,North American Soccar Club,Lunar,N/A,49.49,33,0.636,21,12,6,10602,6310,4292,28,20,33,86,0.326,321.30,0.85,0.61,1,2.61
Major,,HufflePuffler,PermFA,Permanent Free Agent,N/A,N/A,34.14,4,0.750,3,1,0,1019,550,469,1,2,6,5,0.200,254.80,0.25,0.5,1.5,1.25
Major,,Ignite,Lasagna,Fifty-Fifty Pizzeria,Solar,N/A,32.90,24,0.042,1,23,1,5872,3030,2842,6,3,40,28,0.214,244.70,0.25,0.13,1.67,1.17
Major,,Invicta,PermFA,Permanent Free Agent,N/A,N/A,65.02,4,0.750,3,1,2,1680,1070,610,7,1,4,12,0.583,420.00,1.75,0.25,1,3
Major,,itonydelatorre,Seadevils,The Abyss,Lunar,N/A,24.60,51,0.412,21,30,7,16332,9170,7162,39,23,56,132,0.296,320.20,0.76,0.45,1.1,2.59
Major,,jam i am,Nazgûl,Middle Earth,Lunar,N/A,55.10,56,0.625,35,21,5,15942,8490,7452,26,27,70,104,0.250,284.70,0.46,0.48,1.25,1.86
Major,,Jbomb,Mutalisks,The Swarm,Solar,N/A,56.51,62,0.661,41,21,9,22237,13550,8687,57,52,72,165,0.346,358.70,0.92,0.84,1.16,2.66
Major,,JustSwanky,Fantastic Four,The Comic Crusaders,Solar,N/A,65.25,8,0.750,6,2,2,3355,1880,1475,11,4,8,18,0.611,419.40,1.38,0.5,1,2.25
Major,RSC000140,Kaeso Clarus,Cobras,πολύ κεφάλη,Lunar,N/A,57.00,4,0.000,0,4,0,1108,610,498,2,1,6,6,0.333,277.00,0.50,0.25,1.5,1.5
Major,,kaltenbae,Killer Whales,The Ocean,Solar,N/A,38.20,4,0.250,1,3,1,1320,710,610,2,1,8,6,0.333,330.00,0.50,0.25,2,1.5
Major,RSC000197,kareemostyle,Wind,The Elements,Lunar,N/A,64.30,58,0.431,25,33,6,18941,9830,9111,32,23,83,133,0.241,326.60,0.55,0.4,1.43,2.29
Major,,Karim,Wind,The Elements,Lunar,N/A,53.78,54,0.500,27,27,11,20341,11590,8751,43,30,84,159,0.270,376.70,0.80,0.56,1.56,2.94
Major,,Keiko,Seadevils,The Abyss,Lunar,N/A,50.20,56,0.446,25,31,10,19008,10820,8188,40,27,80,147,0.272,339.40,0.71,0.48,1.43,2.63
Major,RSC001935,Kenobs,Mutalisks,The Swarm,Solar,N/A,74.41,63,0.667,42,21,22,28803,16900,11903,77,64,74,230,0.335,457.20,1.22,1.02,1.17,3.65
Major,,keY,Mastodons,Polar Vortex,Lunar,N/A,46.60,56,0.464,26,30,8,18705,9670,9035,33,26,72,147,0.225,334.00,0.59,0.46,1.29,2.63
Major,,KID,Hydras,πολύ κεφάλη,Lunar,N/A,36.28,34,0.382,13,21,4,9332,4900,4432,15,14,41,65,0.231,274.50,0.44,0.41,1.21,1.91
Major,,king chikin,Rockets,Fallout Shelter,Solar,N/A,52.43,49,0.694,34,15,12,16706,9600,7106,41,31,54,125,0.328,340.90,0.84,0.63,1.1,2.55
Major,,Kumaneko,PermFA,The Abyss,Lunar,N/A,26.70,29,0.448,13,16,1,8035,4050,3985,11,10,38,55,0.200,277.10,0.38,0.34,1.31,1.9
Major,,Laprius,Queens,North American Soccar Club,Lunar,N/A,52.70,44,0.591,26,18,8,13925,7840,6085,35,25,39,114,0.307,316.50,0.80,0.57,0.89,2.59
Major,,Leerg,FA,Birds of Prey,Solar,N/A,38.60,56,0.482,27,29,0,14795,7800,6995,22,43,50,95,0.232,264.20,0.39,0.77,0.89,1.7
Major,,Level 76 Metapod,Apollo,Mission Control,Lunar,N/A,55.80,44,0.523,23,21,7,12992,7150,5842,25,22,51,100,0.250,295.30,0.57,0.5,1.16,2.27
Major,,lilnate,Nazgûl,Middle Earth,Lunar,N/A,16.08,3,0.000,0,3,0,484,90,394,0,0,1,4,0.000,161.30,0.00,0,0.33,1.33
Major,,Liquid Cight,PermFA,Fifty-Fifty Pizzeria,Solar,N/A,32.30,4,0.000,0,4,0,782,350,432,0,0,7,0,,195.50,0.00,0,1.75,0
Major,,Llama,Hawks,Birds of Prey,Solar,N/A,52.20,48,0.417,20,28,8,16327,9500,6827,45,19,59,110,0.409,340.10,0.94,0.4,1.23,2.29
Major,,Llama.,Equinox,The Cosmos,Lunar,N/A,59.20,40,0.425,17,23,4,12481,7090,5391,31,15,41,119,0.261,312.00,0.78,0.38,1.03,2.98
Major,,M0rg,Killer Whales,The Ocean,Solar,N/A,48.30,47,0.447,21,26,5,15739,9040,6699,34,27,63,114,0.298,334.90,0.72,0.57,1.34,2.43
Major,,Machu,Piranhas,Unassigned Lineage,N/A,N/A,45.50,7,0.571,4,3,1,2131,1320,811,8,1,5,22,0.364,304.40,1.14,0.14,0.71,3.14
Major,,Mack,Mutalisks,The Swarm,Solar,N/A,50.10,54,0.648,35,19,9,18882,11600,7282,56,38,55,135,0.415,349.70,1.04,0.7,1.02,2.5
Major,,Mered4,Equinox,The Cosmos,Lunar,N/A,47.00,56,0.464,26,30,13,21307,11490,9817,52,27,65,169,0.308,380.50,0.93,0.48,1.16,3.02
Major,,Miso,Lasagna,Fifty-Fifty Pizzeria,Solar,N/A,21.40,14,0.071,1,13,1,3172,1200,1972,2,3,11,30,0.067,226.60,0.14,0.21,0.79,2.14
Major,,Mocha_B34R,PermFA,The Elements,Lunar,N/A,39.20,45,0.511,23,22,8,16132,8680,7452,30,25,69,98,0.306,358.50,0.67,0.56,1.53,2.18
Major,,Mooshu,Fantastic Four,The Comic Crusaders,Solar,N/A,34.20,55,0.600,33,22,16,22712,13680,9032,59,27,93,178,0.332,412.90,1.07,0.49,1.69,3.24
Major,,Mute,Himalayans,The Cat Cafe,Solar,N/A,41.30,3,0.000,0,3,0,732,390,342,1,0,5,4,0.250,244.00,0.33,0,1.67,1.33
Major,,n0maa,Lumbers,North American Soccar Club,Lunar,N/A,43.30,55,0.491,27,28,5,18491,9890,8601,37,30,69,124,0.298,336.20,0.67,0.55,1.25,2.25
Major,,Nathanry,Equinox,The Cosmos,Lunar,N/A,50.97,24,0.458,11,13,4,8820,4720,4100,19,10,35,57,0.333,367.50,0.79,0.42,1.46,2.38
Major,RSC002125,Neoblastz,Mutalisks,The Swarm,Solar,N/A,57.67,10,0.800,8,2,2,3755,2390,1365,9,8,16,29,0.310,375.50,0.90,0.8,1.6,2.9
Major,,ObiJuanKenoi,PermFA,The Serpents,Solar,N/A,44.00,44,0.432,19,25,6,16714,10300,6414,42,25,72,125,0.336,379.90,0.95,0.57,1.64,2.84
Major,,OGkrish,Trashcans,Waste Management,Solar,N/A,41.40,56,0.661,37,19,13,19861,11780,8081,50,37,73,128,0.391,354.70,0.89,0.66,1.3,2.29
Major,,Packers(BLM),Tyrannosaurus,Dino Park,Solar,N/A,56.99,47,0.426,20,27,7,19109,10910,8199,41,26,82,141,0.291,406.60,0.87,0.55,1.74,3
Major,,PadmesDefense,PermFA,Permanent Free Agent,N/A,N/A,37.96,4,0.500,2,2,0,1271,630,641,2,0,7,8,0.250,317.80,0.50,0,1.75,2
Major,,Peach,Seadevils,The Abyss,Lunar,N/A,62.72,63,0.810,51,12,18,24624,14290,10334,54,59,81,189,0.286,390.90,0.86,0.94,1.29,3
Major,,Pibro3,Dogswifhats,Meme Machine,Solar,N/A,60.00,59,0.322,19,40,5,19545,10510,9035,32,30,94,111,0.288,331.30,0.54,0.51,1.59,1.88
Major,,Pletheros,Mastiff,Puppy Paradise,Solar,N/A,62.90,64,0.656,42,22,27,28800,16860,11940,73,46,101,221,0.330,450.00,1.14,0.72,1.58,3.45
Major,,prolly,Rockets,Fallout Shelter,Solar,N/A,65.40,60,0.683,41,19,17,22817,13690,9127,62,38,78,169,0.367,380.30,1.03,0.63,1.3,2.82
Major,,ProZach,Mastiff,Puppy Paradise,Solar,N/A,40.40,53,0.623,33,20,4,17795,10500,7295,43,32,68,120,0.358,335.80,0.81,0.6,1.28,2.26
Major,,Quack,Makos,Shark Attack,Lunar,N/A,67.73,9,0.556,5,4,2,4608,2510,2098,6,6,27,26,0.231,512.00,0.67,0.67,3,2.89
Major,,reagfam,Gladiators,Polar Vortex,Lunar,N/A,42.80,41,0.415,17,24,7,13438,7750,5688,32,16,51,120,0.267,327.80,0.78,0.39,1.24,2.93
Major,,rylax24,Mastiff,Puppy Paradise,Solar,N/A,42.70,60,0.683,41,19,11,21433,13070,8363,52,45,78,172,0.302,357.20,0.87,0.75,1.3,2.87
Major,,ryryboltwrap,FA,The Comic Crusaders,Solar,N/A,33.44,8,0.250,2,6,1,1944,700,1244,2,3,4,15,0.133,243.00,0.25,0.38,0.5,1.88
Major,,Salvo,Trashcans,Waste Management,Solar,N/A,59.60,45,0.667,30,15,12,17217,10170,7047,42,26,70,117,0.359,382.60,0.93,0.58,1.56,2.6
Major,,SamsBoyzz,PermFA,Permanent Free Agent,N/A,N/A,56.83,6,0.667,4,2,0,2159,1290,869,5,5,7,19,0.263,359.80,0.83,0.83,1.17,3.17
Major,,Scottee,Rockets,Fallout Shelter,Solar,N/A,70.40,44,0.636,28,16,7,15554,9140,6414,34,34,60,104,0.327,353.50,0.77,0.77,1.36,2.36
Major,,Scrubbzy,Shih Tzus,Unassigned Lineage,N/A,N/A,47.55,11,0.636,7,4,0,3560,2080,1480,9,5,13,28,0.321,323.60,0.82,0.45,1.18,2.55
Major,,ShadowAid,Mastodons,Polar Vortex,Lunar,N/A,43.80,25,0.400,10,15,3,7834,4300,3534,17,10,26,80,0.213,313.40,0.68,0.4,1.04,3.2
Major,,Shanerbaner,Makos,Shark Attack,Lunar,N/A,93.30,56,0.696,39,17,13,23864,13730,10134,56,52,74,183,0.306,426.10,1.00,0.93,1.32,3.27
Major,,Shwae,Lightning,Electric Mayhem,Lunar,N/A,31.00,4,0.250,1,3,1,1464,820,644,4,1,6,7,0.571,366.00,1.00,0.25,1.5,1.75
Major,,Silletti,Raisin Branshees,πολύ κεφάλη,Lunar,N/A,39.90,20,0.500,10,10,6,6569,3680,2889,10,9,36,43,0.233,328.50,0.50,0.45,1.8,2.15
Major,,Simba♕,PermFA,Permanent Free Agent,N/A,N/A,47.68,12,0.417,5,7,3,4047,2270,1777,7,7,17,37,0.189,337.30,0.58,0.58,1.42,3.08
Major,,SINdalu,Life,The Elements,Lunar,N/A,42.50,31,0.387,12,19,4,8627,4510,4117,14,11,39,61,0.230,278.30,0.45,0.35,1.26,1.97
Major,,Skizzle1952,Black Hand,The Sovereign,Lunar,N/A,76.40,34,0.441,15,19,3,12046,6650,5396,25,22,48,65,0.385,354.30,0.74,0.65,1.41,1.91
Major,,Slygo21,Shaved Ice,Spooky Breakfast Gang,Solar,N/A,49.40,27,0.296,8,19,1,8399,4820,3579,15,16,40,52,0.289,311.10,0.56,0.59,1.48,1.93
Major,,Soul,PermFA,The Comic Crusaders,Solar,N/A,37.60,46,0.304,14,32,6,15733,9330,6403,43,18,59,118,0.364,342.00,0.93,0.39,1.28,2.57
Major,,Specialk,Grizzly Bears,The Bear Den,Solar,N/A,19.30,34,0.324,11,23,3,9668,5160,4508,17,17,42,51,0.333,284.40,0.50,0.5,1.24,1.5
Major,,Splatmonkey14,PermFA,Minty Fresh,Lunar,N/A,45.70,64,0.359,23,41,12,22653,12070,10583,46,32,85,162,0.284,354.00,0.72,0.5,1.33,2.53
Major,RSC000923,Stemantics,Trashcans,Waste Management,Solar,N/A,40.30,35,0.571,20,15,6,12920,7870,5050,34,24,45,102,0.333,369.10,0.97,0.69,1.29,2.91
Major,,Strattss,Celery,The Garden,Lunar,N/A,9.80,50,0.540,27,23,6,16458,9020,7438,33,31,62,107,0.308,329.20,0.66,0.62,1.24,2.14
Major,,Stumpi,Grizzly Bears,The Bear Den,Solar,N/A,27.60,51,0.490,25,26,5,15141,8490,6651,35,23,56,104,0.337,296.90,0.69,0.45,1.1,2.04
Major,RSC000291,Suckiest Sucker,FA,The Comic Crusaders,Solar,N/A,37.97,4,0.000,0,4,0,1072,590,482,2,3,3,9,0.222,268.00,0.50,0.75,0.75,2.25
Major,,TacoWho?,Equinox,The Order,Lunar,N/A,44.50,41,0.488,20,21,4,12983,7120,5863,22,24,55,97,0.227,316.70,0.54,0.59,1.34,2.37
Major,,tehblister,PermFA,Fifty-Fifty Pizzeria,Solar,N/A,21.90,63,0.175,11,52,6,20467,10700,9767,38,22,90,130,0.292,324.90,0.60,0.35,1.43,2.06
Major,,theblobofglob22,Lumbers,North American Soccar Club,Lunar,N/A,43.90,61,0.525,32,29,14,22062,12410,9652,51,32,85,146,0.349,361.70,0.84,0.52,1.39,2.39
Major,,ThrashHawk,Killer Whales,The Ocean,Solar,N/A,72.40,43,0.419,18,25,6,16273,9320,6953,33,32,63,127,0.260,378.40,0.77,0.74,1.47,2.95
Major,,Touch Me,Blaze,Minty Fresh,Lunar,N/A,38.10,27,0.296,8,19,3,7761,4100,3661,13,12,33,55,0.236,287.40,0.48,0.44,1.22,2.04
Major,,trace,PermFA,The Cat Cafe,Solar,N/A,42.80,12,0.417,5,7,1,3585,1840,1745,7,6,12,24,0.292,298.80,0.58,0.5,1,2
Major,,treko50,Makos,Shark Attack,Lunar,N/A,57.70,58,0.690,40,18,22,24706,15060,9646,80,35,70,181,0.442,426.00,1.38,0.6,1.21,3.12
Major,,trspriggs,Cobras,The Serpents,Solar,N/A,55.90,56,0.464,26,30,2,17517,10050,7467,23,44,86,125,0.184,312.80,0.41,0.79,1.54,2.23
Major,,tstrick66-_-,Peppermint,Minty Fresh,Lunar,N/A,42.42,28,0.321,9,19,0,8822,4370,4452,13,14,36,57,0.228,315.10,0.46,0.5,1.29,2.04
Major,,tterb86,Mutalisks,The Sovereign,Lunar,N/A,69.60,46,0.435,20,26,9,15734,8920,6814,34,32,58,102,0.333,342.00,0.74,0.7,1.26,2.22
Major,,tubzy,Hawks,Birds of Prey,Solar,N/A,37.80,16,0.500,8,8,2,5064,2690,2374,10,5,23,29,0.345,316.50,0.63,0.31,1.44,1.81
Major,,Tyshalle,Hydras,πολύ κεφάλη,Lunar,N/A,33.60,56,0.482,27,29,9,18274,10160,8114,42,29,66,121,0.347,326.30,0.75,0.52,1.18,2.16
Major,,v15 ehf,Grizzly Bears,The Bear Den,Solar,N/A,61.60,36,0.694,25,11,12,14494,8470,6024,38,22,48,117,0.325,402.60,1.06,0.61,1.33,3.25
Major,,ViperStrike15,Gladiators,The Sovereign,Lunar,N/A,47.92,50,0.480,24,26,6,16578,9680,6898,45,20,56,138,0.326,331.60,0.90,0.4,1.12,2.76
Major,,Visionary,PermFA,The Garden,Lunar,N/A,45.20,54,0.500,27,27,10,19551,11280,8271,50,25,72,143,0.350,362.10,0.93,0.46,1.33,2.65
Major,,Void,Fantastic Four,The Comic Crusaders,Solar,N/A,60.07,7,0.714,5,2,0,2522,1460,1062,6,7,6,21,0.286,360.30,0.86,1,0.86,3
Major,RSC000623,wall2wall3,Cyclones,Storm,Solar,N/A,59.19,63,0.810,51,12,10,22617,13270,9347,65,49,52,172,0.378,359.00,1.03,0.78,0.83,2.73
Major,,Wespyyy,Hawks,Birds of Prey,Solar,N/A,75.90,60,0.483,29,31,19,26199,15660,10539,72,31,100,191,0.377,436.70,1.20,0.52,1.67,3.18
Major,,whatitdobayybbee,Queens,House of Cards,Lunar,N/A,30.50,44,0.227,10,34,1,15429,8560,6869,29,16,76,106,0.274,350.70,0.66,0.36,1.73,2.41
Major,,WyPiPo,PermFA,The Ocean,Solar,N/A,74.10,4,0.000,0,4,0,1521,1000,521,5,3,5,10,0.500,380.30,1.25,0.75,1.25,2.5
Major,,Xiluym,Sonata,Middle Earth,Lunar,N/A,29.70,17,0.294,5,12,0,4505,2180,2325,6,8,18,28,0.214,265.00,0.35,0.47,1.06,1.65
Major,,Yoder,Nazgûl,Middle Earth,Lunar,N/A,43.20,43,0.605,26,17,7,15382,8480,6902,27,33,58,123,0.220,357.70,0.63,0.77,1.35,2.86
Major,,YoureGarbageBud,Nazgûl,Middle Earth,Lunar,N/A,52.74,19,0.790,15,4,3,6459,3510,2949,16,11,19,41,0.390,339.90,0.84,0.58,1,2.16
Major,,Yullbrenna,Black Hand,The Order,Lunar,N/A,113.60,44,0.591,26,18,11,15928,9560,6368,47,26,48,116,0.405,362.00,1.07,0.59,1.09,2.64
Major,,Zach,Raisin Branshees,Spooky Breakfast Gang,Solar,N/A,33.00,54,0.482,26,28,7,15529,8440,7089,29,33,54,119,0.244,287.60,0.54,0.61,1,2.2
Major,,Zair,Cobras,The Serpents,Solar,N/A,57.60,38,0.447,17,21,9,13770,7510,6260,34,17,46,96,0.354,362.40,0.89,0.45,1.21,2.53
Minor,,21average,PermFA,Middle Earth,Lunar,N/A,59.90,56,0.589,33,23,14,20991,12170,8821,55,40,59,172,0.320,374.80,0.98,0.71,1.05,3.07
Minor,RSC000300,2k,Hammerheads,Shark Attack,Lunar,N/A,66.70,63,0.556,35,28,14,24204,14160,10044,57,43,87,196,0.291,384.20,0.90,0.68,1.38,3.11
Minor,,Ace,Jacks,House of Cards,Lunar,N/A,38.20,44,0.455,20,24,5,13937,7370,6567,25,27,49,107,0.234,316.80,0.57,0.61,1.11,2.43
Minor,,ACoyote,PermFA,Permanent Free Agent,N/A,N/A,48.17,56,0.464,26,30,6,18127,9280,8847,34,26,65,133,0.256,323.70,0.61,0.46,1.16,2.38
Minor,,Admiral Peanut,Banelings,The Swarm,Solar,N/A,95.70,43,0.395,17,26,7,14324,7540,6784,25,21,64,79,0.317,333.10,0.58,0.49,1.49,1.84
Minor,,Akipz,Jokers,Meme Machine,Solar,N/A,11.10,30,0.333,10,20,4,9218,4780,4438,15,16,37,63,0.238,307.30,0.50,0.53,1.23,2.1
Minor,,amber,PermFA,Permanent Free Agent,N/A,N/A,26.59,4,0.500,2,2,0,698,220,478,0,3,1,2,0.000,174.50,0.00,0.75,0.25,0.5
Minor,,Argnor,Swordfish,The Ocean,Solar,N/A,70.17,4,0.750,3,1,1,1669,930,739,3,4,7,8,0.375,417.30,0.75,1,1.75,2
Minor,,ARJ,Flailers,The Quad Dynasty,Solar,N/A,52.90,63,0.444,28,35,10,20676,11420,9256,51,27,65,172,0.297,328.20,0.81,0.43,1.03,2.73
Minor,,Arrowsmith2,Carrots,The Garden,Lunar,N/A,27.20,37,0.432,16,21,5,11184,6420,4764,31,18,32,82,0.378,302.30,0.84,0.49,0.86,2.22
Minor,,Artagan,PermFA,Puppy Paradise,Solar,N/A,49.00,54,0.648,35,19,14,18058,10120,7938,47,35,50,117,0.402,334.40,0.87,0.65,0.93,2.17
Minor,,Ath-a-lete,Ungols,Middle Earth,Lunar,N/A,37.24,16,0.313,5,11,2,4309,2190,2119,8,7,15,29,0.276,269.30,0.50,0.44,0.94,1.81
Minor,,aviontequila,Catspressos,The Elements,Lunar,N/A,40.50,34,0.324,11,23,2,9902,5060,4842,19,15,37,56,0.339,291.20,0.56,0.44,1.09,1.65
Minor,,Baituhhh,PermFA,Permanent Free Agent,N/A,N/A,48.86,4,0.750,3,1,0,1076,550,526,2,3,2,10,0.200,269.00,0.50,0.75,0.5,2.5
Minor,,BDBR,Flailers,The Abyss,Lunar,N/A,44.80,51,0.588,30,21,5,16287,9360,6927,39,33,54,111,0.351,319.40,0.76,0.65,1.06,2.18
Minor,,Bear,FA,The Abyss,Lunar,N/A,41.10,11,0.455,5,6,1,3400,1890,1510,7,4,16,19,0.368,309.10,0.64,0.36,1.45,1.73
Minor,,BenderEscobar82,Hammerheads,Shark Attack,Lunar,N/A,60.30,8,0.625,5,3,3,2752,1500,1252,7,3,9,20,0.350,344.00,0.88,0.38,1.13,2.5
Minor,,Biggins,Flailers,The Quad Dynasty,Solar,N/A,35.60,8,0.500,4,4,1,2190,1050,1140,3,6,6,15,0.200,273.80,0.38,0.75,0.75,1.88
Minor,,Bmorr,Chicken Parm,Fifty-Fifty Pizzeria,Solar,N/A,61.70,59,0.627,37,22,14,22589,11900,10689,45,38,77,165,0.273,382.90,0.76,0.64,1.31,2.8
Minor,,Bophades,PermFA,Dino Park,Solar,N/A,61.90,51,0.392,20,31,9,18114,9840,8274,34,24,83,109,0.312,355.20,0.67,0.47,1.63,2.14
Minor,,Bosnia_2003,Fire,Fallout Shelter,Solar,N/A,72.00,49,0.449,22,27,8,16283,9050,7233,34,21,72,100,0.340,332.30,0.69,0.43,1.47,2.04
Minor,,botch,Mall Walkers,The Cosmos,Lunar,N/A,28.90,44,0.614,27,17,5,12569,7380,5189,34,21,43,78,0.436,285.70,0.77,0.48,0.98,1.77
Minor,,Boulder,Excitebikers,8-Bit Brigade,Lunar,N/A,51.90,49,0.694,34,15,4,15690,8480,7210,38,29,41,118,0.322,320.20,0.78,0.59,0.84,2.41
Minor,,Bower Got Power,Carrots,The Garden,Lunar,N/A,57.53,36,0.500,18,18,9,13823,7810,6013,26,18,68,91,0.286,384.00,0.72,0.5,1.89,2.53
Minor,,BringusDingus,Ospreys,Birds of Prey,Solar,N/A,80.10,34,0.677,23,11,7,12288,7310,4978,29,28,43,86,0.337,361.40,0.85,0.82,1.26,2.53
Minor,,Call Me CL3V3R,Gravity,The Cosmos,Lunar,N/A,67.50,58,0.603,35,23,8,20265,10350,9915,45,27,57,165,0.273,349.40,0.78,0.47,0.98,2.84
Minor,RSC000626,Canadian Things,Gravity,The Cosmos,Lunar,N/A,50.86,30,0.600,18,12,5,9708,5790,3918,28,15,32,64,0.438,323.60,0.93,0.5,1.07,2.13
Minor,,Chicane,PermFA,North American Soccar Club,Lunar,N/A,43.60,16,0.375,6,10,1,4033,2240,1793,10,4,14,34,0.294,252.10,0.63,0.25,0.88,2.13
Minor,,ChiefzRL,PermFA,The Comic Crusaders,Solar,N/A,32.30,53,0.472,25,28,8,17365,9790,7575,42,21,65,129,0.326,327.60,0.79,0.4,1.23,2.43
Minor,,chortle,Artemis,"The Garden
The Sovereign",Lunar,N/A,53.80,37,0.324,12,25,1,10485,5540,4945,20,16,39,79,0.253,283.40,0.54,0.43,1.05,2.14
Minor,,Contagious_Tomfoolery,Jacks,House of Cards,Lunar,N/A,14.70,4,0.000,0,4,0,970,500,470,2,1,4,5,0.400,242.50,0.50,0.25,1,1.25
Minor,,corbasm,Dire Wolves,Polar Vortex,Lunar,N/A,46.30,52,0.596,31,21,11,16658,8940,7718,39,25,50,129,0.302,320.30,0.75,0.48,0.96,2.48
Minor,,CrazyAgonize,PermFA,The Garden,Lunar,N/A,55.40,4,0.500,2,2,0,1240,670,570,3,3,3,7,0.429,310.00,0.75,0.75,0.75,1.75
Minor,,CriimsonTide24,PermFA,Permanent Free Agent,N/A,N/A,52.92,24,0.458,11,13,3,8409,4420,3989,14,17,35,42,0.333,350.40,0.58,0.71,1.46,1.75
Minor,,Cronus,Justice League,The Comic Crusaders,Solar,N/A,24.40,43,0.442,19,24,3,11762,5990,5772,24,22,33,84,0.286,273.50,0.56,0.51,0.77,1.95
Minor,,Crypt_RL,Thin Mints,Minty Fresh,Lunar,N/A,36.10,52,0.481,25,27,8,15709,7970,7739,24,25,70,82,0.293,302.10,0.46,0.48,1.35,1.58
Minor,,Cthulhu,Beagles,Puppy Paradise,Solar,N/A,32.30,48,0.521,25,23,6,13846,8100,5746,32,34,44,100,0.320,288.50,0.67,0.71,0.92,2.08
Minor,,Dale Rodman Jr. III,Surge,Electric Mayhem,Lunar,N/A,51.60,64,0.641,41,23,13,21753,11880,9873,54,35,62,163,0.331,339.90,0.84,0.55,0.97,2.55
Minor,,dbowden10,Dire Wolves,Polar Vortex,Lunar,N/A,31.10,53,0.491,26,27,5,15930,7910,8020,30,29,41,141,0.213,300.60,0.57,0.55,0.77,2.66
Minor,,deadbot,Flailers,The Quad Dynasty,Solar,N/A,58.15,19,0.579,11,8,5,6500,3820,2680,12,18,26,42,0.286,342.10,0.63,0.95,1.37,2.21
Minor,,demonicstriipper,PermFA,The Quad Dynasty,Solar,N/A,67.40,15,0.400,6,9,4,5348,3030,2318,10,9,22,48,0.208,356.50,0.67,0.6,1.47,3.2
Minor,,DirtyGirty,Surge,Electric Mayhem,Lunar,N/A,47.70,64,0.641,41,23,13,23264,14240,9024,63,40,88,154,0.409,363.50,0.98,0.63,1.38,2.41
Minor,,Dog,PermFA,Permanent Free Agent,N/A,N/A,48.44,4,0.250,1,3,0,1278,830,448,3,2,6,13,0.231,319.50,0.75,0.5,1.5,3.25
Minor,,Dub,PermFA,The Comic Crusaders,Solar,N/A,41.70,51,0.431,22,29,10,17306,9790,7516,42,20,68,119,0.353,339.30,0.82,0.39,1.33,2.33
Minor,,DubloonGoon,Ospreys,Birds of Prey,Solar,N/A,28.50,34,0.441,15,19,7,10235,5170,5065,23,9,33,77,0.299,301.00,0.68,0.26,0.97,2.26
Minor,,DudeBroSick,PermFA,The Sovereign,Lunar,N/A,60.00,48,0.479,23,25,9,15680,9260,6420,38,24,59,131,0.290,326.70,0.79,0.5,1.23,2.73
Minor,,Dynasty Icy,Ungols,Middle Earth,Lunar,N/A,58.31,56,0.643,36,20,10,19235,10900,8335,41,41,63,160,0.256,343.50,0.73,0.73,1.13,2.86
Minor,,Eightfingers,Justice League,The Comic Crusaders,Solar,N/A,27.94,4,0.000,0,4,0,901,390,511,0,3,4,4,0.000,225.30,0.00,0.75,1,1
Minor,,enceyy,Taipans,The Serpents,Solar,N/A,46.90,48,0.500,24,24,7,16383,8900,7483,37,25,56,115,0.322,341.30,0.77,0.52,1.17,2.4
Minor,,evan,Thin Mints,Minty Fresh,Lunar,N/A,73.30,57,0.491,28,29,12,21426,12140,9286,50,19,93,154,0.325,375.90,0.88,0.33,1.63,2.7
Minor,,Fargo_Amadeus1,Banelings,The Swarm,Solar,N/A,54.10,51,0.333,17,34,7,16397,8910,7487,42,14,57,116,0.362,321.50,0.82,0.27,1.12,2.27
Minor,,FB.GG/FriskyWombats,PermFA,Permanent Free Agent,N/A,N/A,51.76,56,0.714,40,16,7,17364,10010,7354,41,33,59,131,0.313,310.10,0.73,0.59,1.05,2.34
Minor,,Flash8ang,Stuffed Crust,The Bear Den,Solar,N/A,58.20,60,0.350,21,39,8,18743,10470,8273,35,27,88,122,0.287,312.40,0.58,0.45,1.47,2.03
Minor,,Flurry,Swordfish,The Ocean,Solar,N/A,59.64,11,0.636,7,4,2,3716,2140,1576,9,9,9,34,0.265,337.80,0.82,0.82,0.82,3.09
Minor,,Frickin Alex,Jokers,The Order,Lunar,N/A,56.90,51,0.412,21,30,7,17142,9060,8082,38,25,56,121,0.314,336.10,0.75,0.49,1.1,2.37
Minor,,Frost,PermFA,North American Soccar Club,Lunar,N/A,50.20,62,0.629,39,23,14,20093,11030,9063,46,34,68,133,0.346,324.10,0.74,0.55,1.1,2.15
Minor,RSC000203,FrostyBrew,Pepes,Meme Machine,Solar,N/A,47.40,62,0.677,42,20,11,21868,12420,9448,50,40,76,162,0.309,352.70,0.81,0.65,1.23,2.61
Minor,,Funke,Stuffed Crust,Fallout Shelter,Solar,N/A,31.50,58,0.466,27,31,7,18202,9830,8372,43,27,58,128,0.336,313.80,0.74,0.47,1,2.21
Minor,,Gavinator,Skull and Bones,The Order,Lunar,N/A,48.70,63,0.460,29,34,12,20623,12110,8513,56,28,68,171,0.328,327.30,0.89,0.44,1.08,2.71
Minor,,Gillz,Ospreys,Birds of Prey,Solar,N/A,38.60,64,0.547,35,29,11,23359,14250,9109,69,36,73,190,0.363,365.00,1.08,0.56,1.14,2.97
Minor,,Grand Kane,Gravity,The Cosmos,Lunar,N/A,31.30,30,0.467,14,16,3,9101,4600,4501,13,13,41,60,0.217,303.40,0.43,0.43,1.37,2
Minor,RSC000996,GreenSleeves,Blizzards,Storm,Solar,N/A,44.80,46,0.304,14,32,6,14202,7750,6452,27,21,62,90,0.300,308.70,0.59,0.46,1.35,1.96
Minor,,Grillied,Trashbags,Waste Management,Solar,N/A,61.80,34,0.588,20,14,13,13466,7910,5556,40,16,37,126,0.318,396.10,1.18,0.47,1.09,3.71
Minor,,hazelnutlatte,Beagles,Puppy Paradise,Solar,N/A,64.16,58,0.552,32,26,11,22789,13020,9769,54,44,76,162,0.333,392.90,0.93,0.76,1.31,2.79
Minor,,Heat,PermFA,Fallout Shelter,Solar,N/A,49.00,62,0.500,31,31,15,22695,13470,9225,59,21,95,177,0.333,366.00,0.95,0.34,1.53,2.85
Minor,,Hendo,Draconis,The Serpents,Solar,N/A,5.50,12,0.500,6,6,2,3288,1760,1528,8,4,11,21,0.381,274.00,0.67,0.33,0.92,1.75
Minor,,hexic,Skull and Bones,The Order,Lunar,N/A,42.10,27,0.333,9,18,0,7513,3620,3893,12,15,23,52,0.231,278.30,0.44,0.56,0.85,1.93
Minor,,Huggie xD,Cinnamon Ghost Crunch,Spooky Breakfast Gang,Solar,N/A,67.80,61,0.492,30,31,13,24195,13700,10495,58,36,88,170,0.341,396.60,0.95,0.59,1.44,2.79
Minor,,inedibledeer,Draconis,πολύ κεφάλη,Lunar,N/A,49.00,63,0.571,36,27,8,22237,12260,9977,47,49,69,166,0.283,353.00,0.75,0.78,1.1,2.63
Minor,,Irradiated Seal,Gravity,The Cosmos,Lunar,N/A,79.70,58,0.638,37,21,21,21199,11970,9229,44,35,89,137,0.321,365.50,0.76,0.6,1.53,2.36
Minor,,iTheFreshPrince,Flailers,The Quad Dynasty,Solar,N/A,52.76,42,0.429,18,24,6,14845,7870,6975,26,24,62,97,0.268,353.50,0.62,0.57,1.48,2.31
Minor,,J3,Skull and Bones,The Order,Lunar,N/A,57.26,28,0.429,12,16,6,10370,6000,4370,28,15,33,80,0.350,370.40,1.00,0.54,1.18,2.86
Minor,,J_Suts,Velociraptors,Dino Park,Solar,N/A,41.40,39,0.436,17,22,5,12040,6350,5690,22,21,47,75,0.293,308.70,0.56,0.54,1.21,1.92
Minor,,Jam,PermFA,House of Cards,Lunar,N/A,14.90,2,0.500,1,1,0,282,80,202,0,0,1,3,0.000,141.00,0.00,0,0.5,1.5
Minor,RSC002330,JesterGG,FA,The Comic Crusaders,Solar,N/A,36.24,6,0.333,2,4,0,1607,830,777,2,3,8,8,0.250,267.80,0.33,0.5,1.33,1.33
Minor,,joez711529,Bengals,The Cat Cafe,Solar,N/A,48.31,48,0.417,20,28,9,15896,8590,7306,38,19,54,114,0.333,331.20,0.79,0.4,1.13,2.38
Minor,,Jon Bovi,Excitebikers,8-Bit Brigade,Lunar,N/A,64.96,57,0.684,39,18,24,22680,13410,9270,62,33,78,166,0.374,397.90,1.09,0.58,1.37,2.91
Minor,,Jope07,Kraits,Unassigned Lineage,N/A,N/A,23.73,4,0.250,1,3,0,780,360,420,2,1,1,6,0.333,195.00,0.50,0.25,0.25,1.5
Minor,,Jordton,Artemis,8-Bit Brigade,Lunar,N/A,73.30,40,0.675,27,13,12,13269,7110,6159,29,22,46,81,0.358,331.70,0.73,0.55,1.15,2.03
Minor,,Juanma2060,Artemis,Mission Control,Lunar,N/A,57.25,1,1.000,1,0,1,388,220,168,1,0,2,2,0.500,388.00,1.00,0,2,2
Minor,,just_hollywood,PermFA,Permanent Free Agent,N/A,N/A,44.69,4,0.500,2,2,1,1362,690,672,3,0,6,9,0.333,340.50,0.75,0,1.5,2.25
Minor,,JustStopBrah,Dynamite,Fallout Shelter,Solar,N/A,50.20,47,0.511,24,23,6,14647,8400,6247,31,32,56,90,0.344,311.60,0.66,0.68,1.19,1.91
Minor,RSC000140,Kaeso Clarus,Draconis,πολύ κεφάλη,Lunar,N/A,57.00,10,0.200,2,8,2,3921,2150,1771,10,1,17,25,0.400,392.10,1.00,0.1,1.7,2.5
Minor,,kayso,Velociraptors,Dino Park,Solar,N/A,65.40,39,0.487,19,20,5,14421,8420,6001,31,18,70,92,0.337,369.80,0.79,0.46,1.79,2.36
Minor,,Kitaera,Trashbags,Waste Management,Solar,N/A,41.60,34,0.441,15,19,5,9709,5150,4559,17,17,40,60,0.283,285.60,0.50,0.5,1.18,1.76
Minor,,Koda,Flailers,The Quad Dynasty,Solar,N/A,45.06,49,0.449,22,27,3,15187,8530,6657,40,15,52,118,0.339,309.90,0.82,0.31,1.06,2.41
Minor,,Komet,PermFA,The Garden,Lunar,N/A,72.20,22,0.455,10,12,6,7820,4610,3210,19,13,30,56,0.339,355.50,0.86,0.59,1.36,2.55
Minor,,"Larry The Lizard, MD",Trashbags,Waste Management,Solar,N/A,52.20,21,0.619,13,8,2,6522,2870,3652,5,17,20,52,0.096,310.60,0.24,0.81,0.95,2.48
Minor,,Leaf,Carrots,The Garden,Lunar,N/A,51.29,52,0.539,28,24,6,17208,10140,7068,42,26,68,124,0.339,330.90,0.81,0.5,1.31,2.38
Minor,,Lonely,Panda Bears,The Bear Den,Solar,N/A,59.80,47,0.383,18,29,7,16056,9070,6986,42,20,58,97,0.433,341.60,0.89,0.43,1.23,2.06
Minor,,LORDMACCUS,Artemis,Storm,Solar,N/A,59.80,57,0.456,26,31,11,20411,10810,9601,48,23,66,156,0.308,358.10,0.84,0.4,1.16,2.74
Minor,,Luqo,Taipans,Mission Control,Lunar,N/A,12.80,38,0.474,18,20,1,10213,5190,5023,17,21,33,79,0.215,268.80,0.45,0.55,0.87,2.08
Minor,,M3 MARIO,Anglers,Polar Vortex,Lunar,N/A,41.00,52,0.519,27,25,13,19443,10520,8923,43,23,71,152,0.283,373.90,0.83,0.44,1.37,2.92
Minor,,Machu,Blizzards,Storm,Solar,N/A,45.93,28,0.393,11,17,3,8541,4780,3761,19,12,30,78,0.244,305.00,0.68,0.43,1.07,2.79
Minor,,marcus071903,Mall Walkers,Unassigned Lineage,N/A,N/A,42.64,28,0.464,13,15,3,8331,4290,4041,20,10,25,54,0.370,297.50,0.71,0.36,0.89,1.93
Minor,,Mattt,Trashbags,Waste Management,Solar,N/A,70.00,42,0.429,18,24,7,15379,8370,7009,34,19,61,97,0.351,366.20,0.81,0.45,1.45,2.31
Minor,,McCool,Velociraptors,Dino Park,Solar,N/A,39.96,4,0.000,0,4,0,1314,690,624,3,2,5,4,0.750,328.50,0.75,0.5,1.25,1
Minor,,McMonkey,Fire,The Elements,Lunar,N/A,39.40,47,0.383,18,29,4,14666,7600,7066,26,28,55,85,0.306,312.00,0.55,0.6,1.17,1.81
Minor,,MD,Cinnamon Ghost Crunch,Spooky Breakfast Gang,Solar,N/A,72.50,36,0.444,16,20,4,11702,6530,5172,29,25,32,78,0.372,325.10,0.81,0.69,0.89,2.17
Minor,,ME,PermFA,Mission Control,Lunar,N/A,29.50,4,0.000,0,4,0,1305,800,505,2,2,8,10,0.200,326.30,0.50,0.5,2,2.5
Minor,,MoatsArt,PermFA,Permanent Free Agent,N/A,N/A,53.52,4,0.250,1,3,0,1084,760,324,2,6,3,11,0.182,271.00,0.50,1.5,0.75,2.75
Minor,,Moondog,PermFA,Meme Machine,Solar,N/A,48.60,62,0.661,41,21,24,25093,14140,10953,64,32,86,184,0.348,404.70,1.03,0.52,1.39,2.97
Minor,,MrFranceypantz,Fire,The Elements,Lunar,N/A,41.91,21,0.381,8,13,3,6108,2910,3198,12,10,16,41,0.293,290.90,0.57,0.48,0.76,1.95
Minor,,msuDW,Surge,Dino Park,Solar,N/A,46.60,38,0.342,13,25,2,11855,6780,5075,30,15,47,68,0.441,312.00,0.79,0.39,1.24,1.79
Minor,,Mute,Bengals,The Cat Cafe,Solar,N/A,41.30,48,0.292,14,34,3,15400,8440,6960,29,26,64,104,0.279,320.80,0.60,0.54,1.33,2.17
Minor,,My GF Mad At Me,Justice League,House of Cards,Lunar,N/A,67.70,47,0.575,27,20,10,13925,7780,6145,29,24,53,103,0.282,296.30,0.62,0.51,1.13,2.19
Minor,,NH 1 Slayn,Gravity,The Cosmos,Lunar,N/A,78.79,2,0.500,1,1,1,918,570,348,3,2,2,7,0.429,459.00,1.50,1,1,3.5
Minor,,Noah,Banelings,Middle Earth,Lunar,N/A,43.70,12,0.500,6,6,1,3192,1620,1572,5,9,10,17,0.294,266.00,0.42,0.75,0.83,1.42
Minor,RSC002097,NoobZ,Vikings,The Sovereign,Lunar,N/A,58.60,62,0.452,28,34,12,21816,11780,10036,52,34,62,178,0.292,351.90,0.84,0.55,1,2.87
Minor,,Nyyankeesrd,Blizzards,Storm,Solar,N/A,36.71,43,0.326,14,29,4,12074,6520,5554,26,9,52,87,0.299,280.80,0.60,0.21,1.21,2.02
Minor,,Paco4235,Beagles,Puppy Paradise,Solar,N/A,52.08,16,0.438,7,9,1,5333,3050,2283,12,11,19,35,0.343,333.30,0.75,0.69,1.19,2.19
Minor,,Pana,Draconis,πολύ κεφάλη,Lunar,N/A,58.40,57,0.579,33,24,18,22705,13790,8915,65,33,80,164,0.396,398.30,1.14,0.58,1.4,2.88
Minor,,Papa Jabba,Trashbags,Waste Management,Solar,N/A,47.92,52,0.500,26,26,4,15705,8360,7345,36,31,40,121,0.298,302.00,0.69,0.6,0.77,2.33
Minor,,PC Principal,Panda Bears,The Bear Den,Solar,N/A,57.00,62,0.339,21,41,7,20694,11350,9344,42,31,84,140,0.300,333.80,0.68,0.5,1.35,2.26
Minor,,pivo!,PermFA,The Order,Lunar,N/A,63.80,40,0.525,21,19,4,13700,7370,6330,28,28,43,102,0.275,342.50,0.70,0.7,1.08,2.55
Minor,,Post,PermFA,Permanent Free Agent,N/A,N/A,49.73,40,0.300,12,28,5,13886,8170,5716,32,19,62,92,0.348,347.20,0.80,0.48,1.55,2.3
Minor,RSC000357,Primed,Fire,The Elements,Lunar,N/A,36.50,1,0.000,0,1,0,274,140,134,0,0,2,4,0.000,274.00,0.00,0,2,4
Minor,,Queeds,Anglers,The Abyss,Lunar,N/A,64.10,59,0.509,30,29,21,23643,13870,9773,63,29,86,182,0.346,400.70,1.07,0.49,1.46,3.08
Minor,,Rezlaxer15,PermFA,The Cat Cafe,Solar,N/A,35.70,49,0.347,17,32,6,17495,9650,7845,32,21,89,95,0.337,357.00,0.65,0.43,1.82,1.94
Minor,,RideTheFire,Banelings,The Swarm,Solar,N/A,81.60,39,0.282,11,28,2,11690,5830,5860,17,17,50,78,0.218,299.70,0.44,0.44,1.28,2
Minor,,RIPpluto,Jacks,House of Cards,Lunar,N/A,62.50,63,0.429,27,36,12,23063,14010,9053,68,24,83,186,0.366,366.10,1.08,0.38,1.32,2.95
Minor,,SADik_CAT,PermFA,Minty Fresh,Lunar,N/A,75.10,6,0.500,3,3,1,2073,1210,863,5,4,7,16,0.313,345.50,0.83,0.67,1.17,2.67
Minor,,SaltyBonnyr,Surge,Electric Mayhem,Lunar,N/A,24.10,50,0.680,34,16,12,17482,10060,7422,42,31,61,126,0.333,349.60,0.84,0.62,1.22,2.52
Minor,,SauceOnInfinity,Taipans,The Serpents,Solar,N/A,65.80,54,0.574,31,23,20,21099,12720,8379,66,29,54,197,0.335,390.70,1.22,0.54,1,3.65
Minor,,Scias,Swordfish,The Ocean,Solar,N/A,34.70,24,0.333,8,16,1,6467,3630,2837,12,15,26,38,0.316,269.50,0.50,0.63,1.08,1.58
Minor,,scoot ZRG,Chicken Parm,Fifty-Fifty Pizzeria,Solar,N/A,56.49,50,0.680,34,16,12,17486,10860,6626,53,17,62,161,0.329,349.70,1.06,0.34,1.24,3.22
Minor,,Serbs,Cinnamon Ghost Crunch,Spooky Breakfast Gang,Solar,N/A,68.10,56,0.446,25,31,7,17655,10060,7595,43,33,58,121,0.355,315.30,0.77,0.59,1.04,2.16
Minor,,shaneswears,Artemis,Mission Control,Lunar,N/A,34.20,50,0.320,16,34,4,15175,8590,6585,35,23,59,99,0.354,303.50,0.70,0.46,1.18,1.98
Minor,,Shankster,Hammerheads,Shark Attack,Lunar,N/A,43.80,62,0.565,35,27,6,19098,10650,8448,44,45,53,135,0.326,308.00,0.71,0.73,0.85,2.18
Minor,,Shwae,Surge,Electric Mayhem,Lunar,N/A,31.00,14,0.500,7,7,3,4284,2270,2014,9,5,17,27,0.333,306.00,0.64,0.36,1.21,1.93
Minor,,Sir Mcdouble,Taipans,Fifty-Fifty Pizzeria,Solar,N/A,51.40,34,0.647,22,12,4,11038,6060,4978,25,18,36,86,0.291,324.60,0.74,0.53,1.06,2.53
Minor,,SmallMunchies4,Chicken Parm,Fifty-Fifty Pizzeria,Solar,N/A,53.29,59,0.627,37,22,9,19431,10670,8761,44,32,62,157,0.280,329.30,0.75,0.54,1.05,2.66
Minor,,smokeybones,Dunes,North American Soccar Club,Lunar,N/A,57.60,60,0.633,38,22,18,24509,14300,10209,64,26,97,175,0.366,408.50,1.07,0.43,1.62,2.92
Minor,,Snowyfeather,Banelings,The Swarm,Solar,N/A,34.23,19,0.211,4,15,0,5324,2760,2564,4,7,35,26,0.154,280.20,0.21,0.37,1.84,1.37
Minor,,Squishysquirrel,Ungols,The Elements,Lunar,N/A,47.40,44,0.341,15,29,7,16268,9420,6848,38,18,74,102,0.373,369.70,0.86,0.41,1.68,2.32
Minor,,Strutt,Dunes,North American Soccar Club,Lunar,N/A,48.97,46,0.630,29,17,8,15089,8000,7089,34,15,57,100,0.340,328.00,0.74,0.33,1.24,2.17
Minor,,Taquito7,Swordfish,The Serpents,Solar,N/A,25.20,51,0.510,26,25,6,14399,7900,6499,30,23,55,100,0.300,282.30,0.59,0.45,1.08,1.96
Minor,,Tazy,Chicken Parm,Fifty-Fifty Pizzeria,Solar,N/A,36.59,8,0.625,5,3,2,2037,1020,1017,5,1,6,17,0.294,254.60,0.63,0.13,0.75,2.13
Minor,,The Franchise Player,Anglers,The Abyss,Lunar,N/A,55.77,62,0.581,36,26,12,22390,12370,10020,43,30,98,167,0.258,361.10,0.69,0.48,1.58,2.69
Minor,,Theory,Blizzards,Storm,Solar,N/A,42.86,24,0.375,9,15,3,7271,3660,3611,12,10,29,51,0.235,303.00,0.50,0.42,1.21,2.13
Minor,,TheWaterBoy357,Catspressos,Unassigned Lineage,N/A,N/A,42.26,50,0.240,12,38,3,14711,8280,6431,33,28,51,103,0.320,294.20,0.66,0.56,1.02,2.06
Minor,,Thomasuh <3,FA,The Comic Crusaders,Solar,N/A,51.66,36,0.611,22,14,3,11735,6730,5005,32,19,36,78,0.410,326.00,0.89,0.53,1,2.17
Minor,,timotheum,Panda Bears,The Bear Den,Solar,N/A,23.50,23,0.261,6,17,0,4952,2500,2452,6,12,19,35,0.171,215.30,0.26,0.52,0.83,1.52
Minor,,tomoose0529,Taipans,8-Bit Brigade,Lunar,N/A,44.10,43,0.674,29,14,3,12420,6630,5790,19,22,55,88,0.216,288.80,0.44,0.51,1.28,2.05
Minor,,TruSolja,Hammerheads,Shark Attack,Lunar,N/A,43.10,59,0.559,33,26,13,21060,12100,8960,54,29,71,170,0.318,356.90,0.92,0.49,1.2,2.88
Minor,,Twitch.tv/Verdxtv,Anglers,The Abyss,Lunar,N/A,49.70,45,0.467,21,24,2,15878,9040,6838,34,31,61,104,0.327,352.80,0.76,0.69,1.36,2.31
Minor,,TwoTestTicklz,Justice League,The Comic Crusaders,Solar,N/A,39.10,35,0.457,16,19,5,11167,6200,4967,23,10,54,70,0.329,319.10,0.66,0.29,1.54,2
Minor,,Victa,PermFA,The Cat Cafe,Solar,N/A,78.90,44,0.386,17,27,7,16973,9180,7793,32,25,68,133,0.241,385.80,0.73,0.57,1.55,3.02
Minor,,VisionaryOne,Swordfish,The Ocean,Solar,N/A,40.50,63,0.556,35,28,12,23564,13620,9944,61,40,76,172,0.355,374.00,0.97,0.63,1.21,2.73
Minor,,Vrou,Skull and Bones,The Order,Lunar,N/A,50.01,32,0.500,16,16,4,10402,5630,4772,25,18,31,68,0.368,325.10,0.78,0.56,0.97,2.13
Minor,RSC000848,WittingHalo64,Blizzards,Storm,Solar,N/A,49.29,32,0.344,11,21,3,10748,5350,5398,18,15,38,90,0.200,335.90,0.56,0.47,1.19,2.81
Minor,,WustenSpinne,Gravity,The Cosmos,Lunar,N/A,44.08,32,0.344,11,21,5,10066,5160,4906,16,12,44,76,0.211,314.60,0.50,0.38,1.38,2.38
Minor,,WyPiPo,PermFA,The Ocean,Solar,N/A,74.10,54,0.648,35,19,12,19383,10900,8483,49,32,62,130,0.377,358.90,0.91,0.59,1.15,2.41
Minor,,Yetif,Banelings,The Swarm,Solar,N/A,39.90,4,0.500,2,2,1,995,510,485,2,1,4,6,0.333,248.80,0.50,0.25,1,1.5
Minor,,yote51ayer,PermFA,Middle Earth,Lunar,N/A,62.00,64,0.594,38,26,13,24027,14010,10017,67,34,77,176,0.381,375.40,1.05,0.53,1.2,2.75
Minor,,Zekk,Ospreys,Birds of Prey,Solar,N/A,41.70,56,0.536,30,26,10,19536,11590,7946,43,35,82,144,0.299,348.90,0.77,0.63,1.46,2.57
Minor,,Zinq,Swordfish,The Ocean,Solar,N/A,49.95,4,0.750,3,1,1,1340,780,560,3,1,7,8,0.375,335.00,0.75,0.25,1.75,2
Minor,,zoose,Swordfish,The Ocean,Solar,N/A,50.00,40,0.575,23,17,9,14028,8350,5678,39,23,45,105,0.371,350.70,0.98,0.58,1.13,2.63
Minor,,Érid,PermFA,Spooky Breakfast Gang,Solar,N/A,45.00,39,0.641,25,14,8,11934,6910,5024,30,22,38,91,0.330,306.00,0.77,0.56,0.97,2.33
Challenger,,A Pile Of Glue,Hydralisks,The Swarm,Solar,N/A,52.50,55,0.546,30,25,7,20563,11160,9403,43,34,71,161,0.267,373.90,0.78,0.62,1.29,2.93
Challenger,,ABSpirit,Pythons,The Serpents,Solar,N/A,63.70,44,0.659,29,15,12,17749,10890,6859,53,28,55,144,0.368,403.40,1.20,0.64,1.25,3.27
Challenger,,Accidental Wolverine,Shock,Electric Mayhem,Lunar,N/A,22.40,37,0.703,26,11,1,8689,4830,3859,19,20,25,68,0.279,234.80,0.51,0.54,0.68,1.84
Challenger,,AceXZyph3r,FA,Shark Attack,Lunar,N/A,23.80,13,0.308,4,9,1,4559,2540,2019,9,5,22,29,0.310,350.70,0.69,0.38,1.69,2.23
Challenger,,AG3NT_CHILL,Ologs,Middle Earth,Lunar,N/A,48.76,55,0.364,20,35,7,17560,9820,7740,37,32,66,122,0.303,319.30,0.67,0.58,1.2,2.22
Challenger,RSC000737,AlienHealer,Mainecoons,The Cat Cafe,Solar,N/A,51.92,32,0.531,17,15,6,10755,6340,4415,27,19,38,79,0.342,336.10,0.84,0.59,1.19,2.47
Challenger,,ANSR.,Golden Retrievers,Puppy Paradise,Solar,N/A,47.80,55,0.436,24,31,8,16183,8970,7213,37,19,61,127,0.291,294.20,0.67,0.35,1.11,2.31
Challenger,,Ash,Shock,Electric Mayhem,Lunar,N/A,57.90,56,0.768,43,13,17,23559,14240,9319,73,36,68,174,0.420,420.70,1.30,0.64,1.21,3.11
Challenger,,Aurrok,PermFA,The Comic Crusaders,Solar,N/A,57.10,43,0.488,21,22,10,14165,7810,6355,28,21,61,91,0.308,329.40,0.65,0.49,1.42,2.12
Challenger,,bebisher,FA,House of Cards,Lunar,N/A,40.20,21,0.286,6,15,3,6039,3440,2599,12,7,31,34,0.353,287.60,0.57,0.33,1.48,1.62
Challenger,,Berchy_,Barbarians,North American Soccar Club,Lunar,N/A,80.40,49,0.531,26,23,8,18045,9960,8085,41,17,76,121,0.339,368.30,0.84,0.35,1.55,2.47
Challenger,,Biggy,Triceratops,Dino Park,Solar,N/A,63.90,44,0.364,16,28,4,13045,7490,5555,36,25,34,94,0.383,296.50,0.82,0.57,0.77,2.14
Challenger,,Billis_xm,FA,Dino Park,Solar,N/A,36.50,7,0.143,1,6,0,1325,490,835,0,2,5,14,0.000,189.30,0.00,0.29,0.71,2
Challenger,,Bioeffect,Fruity Phantoms,Spooky Breakfast Gang,Solar,N/A,59.60,56,0.357,20,36,6,15744,8510,7234,37,14,62,101,0.366,281.10,0.66,0.25,1.11,1.8
Challenger,,blastpatern4191,Pythons,The Serpents,Solar,N/A,58.00,21,0.619,13,8,5,7383,4380,3003,19,16,21,63,0.302,351.60,0.90,0.76,1,3
Challenger,RSC000136,Blun,Mainecoons,The Cat Cafe,Solar,N/A,59.10,50,0.480,24,26,8,17204,9930,7274,47,35,44,128,0.367,344.10,0.94,0.7,0.88,2.56
Challenger,,booterzzz,Paperboys,8-Bit Brigade,Lunar,N/A,37.49,40,0.425,17,23,3,10759,5450,5309,18,17,43,65,0.277,269.00,0.45,0.43,1.08,1.63
Challenger,,BrainyZac,Triceratops,Dino Park,Solar,N/A,55.20,49,0.367,18,31,3,15339,8670,6669,32,35,56,92,0.348,313.00,0.65,0.71,1.14,1.88
Challenger,,Brindle,Owls,Birds of Prey,Solar,N/A,28.00,24,0.375,9,15,2,6930,3800,3130,14,14,26,40,0.350,288.80,0.58,0.58,1.08,1.67
Challenger,,Caddywompuss,FA,Shark Attack,Lunar,N/A,61.90,16,0.188,3,13,0,4688,2710,1978,8,5,26,36,0.222,293.00,0.50,0.31,1.63,2.25
Challenger,,calltopower1,Aurora,The Cosmos,Lunar,N/A,57.30,54,0.519,28,26,8,17563,9980,7583,44,24,59,143,0.308,325.20,0.81,0.44,1.09,2.65
Challenger,,Cameroncurry77,Pythons,The Serpents,Solar,N/A,57.60,39,0.692,27,12,8,13978,8020,5958,42,19,39,92,0.457,358.40,1.08,0.49,1,2.36
Challenger,,Cazzuto,Baby Yodas,Meme Machine,Solar,N/A,24.40,49,0.449,22,27,1,10563,4630,5933,15,13,37,63,0.238,215.60,0.31,0.27,0.76,1.29
Challenger,,ChiefSkapski,Koala Bears,The Bear Den,Solar,N/A,30.80,49,0.694,34,15,10,16624,9450,7174,39,33,51,135,0.289,339.30,0.80,0.67,1.04,2.76
Challenger,RSC000347,Chris.,Hydralisks,The Swarm,Solar,N/A,41.80,54,0.593,32,22,15,19527,11300,8227,54,17,73,140,0.386,361.60,1.00,0.31,1.35,2.59
Challenger,,Chunkylover,Tens,Spooky Breakfast Gang,Solar,N/A,34.50,28,0.393,11,17,5,10793,6060,4733,26,15,40,71,0.366,385.50,0.93,0.54,1.43,2.54
Challenger,,Confetti,Flares,Fallout Shelter,Solar,N/A,64.43,20,0.500,10,10,8,7794,5010,2784,23,14,26,71,0.324,389.70,1.15,0.7,1.3,3.55
Challenger,,Contagious_Tomfoolery,Tens,House of Cards,Lunar,N/A,14.70,49,0.265,13,36,3,14896,7680,7216,28,20,61,83,0.337,304.00,0.57,0.41,1.24,1.69
Challenger,,CrispyNuggets,Fruity Phantoms,Spooky Breakfast Gang,Solar,N/A,37.42,15,0.200,3,12,0,3848,2140,1708,7,9,12,39,0.180,256.50,0.47,0.6,0.8,2.6
Challenger,,dakku,Freemasons,The Order,Lunar,N/A,50.30,52,0.462,24,28,9,18307,10180,8127,40,25,78,103,0.388,352.10,0.77,0.48,1.5,1.98
Challenger,,dalerben61,Fangtooths,The Abyss,Lunar,N/A,46.10,23,0.522,12,11,4,7917,4870,3047,22,13,29,57,0.386,344.20,0.96,0.57,1.26,2.48
Challenger,,Davenshort,Tomatoes,The Garden,Lunar,N/A,28.38,35,0.457,16,19,4,7994,3860,4134,16,13,20,61,0.262,228.40,0.46,0.37,0.57,1.74
Challenger,,DementedL,Spastics,The Quad Dynasty,Solar,N/A,44.74,23,0.348,8,15,1,6889,3790,3099,14,10,27,54,0.259,299.50,0.61,0.43,1.17,2.35
Challenger,,DFitz,Squalls,Storm,Solar,N/A,40.30,36,0.417,15,21,2,10967,6340,4627,28,11,45,74,0.378,304.60,0.78,0.31,1.25,2.06
Challenger,,DickSocks,FA,The Comic Crusaders,Solar,N/A,39.05,12,0.167,2,10,1,3363,1810,1553,7,7,12,16,0.438,280.30,0.58,0.58,1,1.33
Challenger,,DirectPanda,Guardians of the Galaxy,The Comic Crusaders,Solar,N/A,53.27,40,0.650,26,14,9,14088,7590,6498,38,14,42,99,0.384,352.20,0.95,0.35,1.05,2.48
Challenger,,djras1996,Peaks,North American Soccar Club,Lunar,N/A,32.87,18,0.278,5,13,0,4394,2010,2384,5,5,19,31,0.161,244.10,0.28,0.28,1.06,1.72
Challenger,,DK,PermFA,Middle Earth,Lunar,N/A,22.90,16,0.500,8,8,1,3947,2090,1857,6,10,15,24,0.250,246.70,0.38,0.63,0.94,1.5
Challenger,,Dolphino,Shock,Electric Mayhem,Lunar,N/A,69.50,55,0.764,42,13,22,24046,14430,9616,73,32,75,178,0.410,437.20,1.33,0.58,1.36,3.24
Challenger,,Doucky,Guardians of the Galaxy,The Comic Crusaders,Solar,N/A,54.19,40,0.600,24,16,9,13927,8020,5907,34,28,46,92,0.370,348.20,0.85,0.7,1.15,2.3
Challenger,,Dranearian,Mainecoons,The Cat Cafe,Solar,N/A,23.20,48,0.542,26,22,5,14703,7880,6823,35,20,45,113,0.310,306.30,0.73,0.42,0.94,2.35
Challenger,,Dread*-*,Waste Baskets,Waste Management,Solar,N/A,54.24,44,0.455,20,24,11,15394,8270,7124,37,20,48,117,0.316,349.90,0.84,0.45,1.09,2.66
Challenger,,Driu,PermFA,πολύ κεφάλη,Lunar,N/A,47.80,8,0.375,3,5,0,1827,930,897,2,6,7,8,0.250,228.40,0.25,0.75,0.88,1
Challenger,,DrKincaid,Tomatoes,The Garden,Lunar,N/A,50.14,37,0.649,24,13,11,12603,7500,5103,43,15,30,95,0.453,340.60,1.16,0.41,0.81,2.57
Challenger,,dude3po,Fangtooths,The Abyss,Lunar,N/A,37.50,53,0.604,32,21,17,20579,11930,8649,54,31,75,123,0.439,388.30,1.02,0.58,1.42,2.32
Challenger,,Falco,Fangtooths,The Abyss,Lunar,N/A,49.70,56,0.625,35,21,11,20068,11260,8808,41,38,78,136,0.302,358.40,0.73,0.68,1.39,2.43
Challenger,,FireStorm,Koala Bears,The Bear Den,Solar,N/A,56.10,25,0.480,12,13,3,8039,4530,3509,15,15,32,68,0.221,321.60,0.60,0.6,1.28,2.72
Challenger,,Flez,Shock,Electric Mayhem,Lunar,N/A,51.70,32,0.750,24,8,5,10391,6610,3781,29,27,33,71,0.409,324.70,0.91,0.84,1.03,2.22
Challenger,,Freezin,Spastics,The Quad Dynasty,Solar,N/A,48.00,58,0.362,21,37,11,18983,10420,8563,48,26,61,127,0.378,327.30,0.83,0.45,1.05,2.19
Challenger,,FRIENDS FOREVER,Polar Bears,Meme Machine,Solar,N/A,50.10,19,0.474,9,10,3,5112,2790,2322,13,5,17,39,0.333,269.10,0.68,0.26,0.89,2.05
Challenger,,Fritzoz,Threshers,Shark Attack,Lunar,N/A,37.20,53,0.491,26,27,6,15011,8450,6561,32,21,67,85,0.377,283.20,0.60,0.4,1.26,1.6
Challenger,,Frosty2200,Baby Yodas,Meme Machine,Solar,N/A,49.80,54,0.463,25,29,7,16985,9030,7955,37,27,59,103,0.359,314.50,0.69,0.5,1.09,1.91
Challenger,,Geeky Tahm,Mainecoons,The Cat Cafe,Solar,N/A,47.08,4,0.250,1,3,0,1222,640,582,2,3,4,9,0.222,305.50,0.50,0.75,1,2.25
Challenger,,GorillaCream707,Voyager,Mission Control,Lunar,N/A,100.30,48,0.563,27,21,15,17485,9500,7985,34,29,70,115,0.296,364.30,0.71,0.6,1.46,2.4
Challenger,RSC001321,HannandGrenade,FA,The Elements,Lunar,N/A,83.70,11,0.273,3,8,2,5523,3150,2373,17,1,20,40,0.425,502.10,1.55,0.09,1.82,3.64
Challenger,,HeWhoGrins,Tens,House of Cards,Lunar,N/A,42.20,37,0.243,9,28,4,12006,5990,6016,26,16,35,84,0.310,324.50,0.70,0.43,0.95,2.27
Challenger,,Hexzy,Mainecoons,The Cat Cafe,Solar,N/A,54.78,14,0.643,9,5,2,4885,2890,1995,14,9,12,44,0.318,348.90,1.00,0.64,0.86,3.14
Challenger,,Honeybadgermo,Peaks,The Sovereign,Lunar,N/A,27.70,31,0.323,10,21,1,8778,4820,3958,21,7,36,57,0.368,283.20,0.68,0.23,1.16,1.84
Challenger,,HUDx,Baby Yodas,Meme Machine,Solar,N/A,79.70,56,0.446,25,31,16,18374,10110,8264,41,31,64,126,0.325,328.10,0.73,0.55,1.14,2.25
Challenger,,Humble Potato,Wings,Fifty-Fifty Pizzeria,Solar,N/A,48.70,36,0.444,16,20,8,12575,7190,5385,26,24,52,79,0.329,349.30,0.72,0.67,1.44,2.19
Challenger,,Icarus,Hydralisks,The Swarm,Solar,N/A,44.79,49,0.531,26,23,6,14818,7870,6948,29,33,48,92,0.315,302.40,0.59,0.67,0.98,1.88
Challenger,,Ignite,Wings,Fifty-Fifty Pizzeria,Solar,N/A,32.90,42,0.500,21,21,3,11376,5680,5696,17,19,46,73,0.233,270.90,0.40,0.45,1.1,1.74
Challenger,,ImpalerV,Leviathans,πολύ κεφάλη,Lunar,N/A,40.30,36,0.444,16,20,2,10176,5640,4536,21,11,46,69,0.304,282.70,0.58,0.31,1.28,1.92
Challenger,,Imperial,Aurora,North American Soccar Club,Lunar,N/A,39.60,47,0.511,24,23,9,14625,8550,6075,42,24,41,110,0.382,311.20,0.89,0.51,0.87,2.34
Challenger,,imth3b0s5,Tomatoes,The Garden,Lunar,N/A,72.90,55,0.564,31,24,16,20495,11500,8995,42,35,85,130,0.323,372.60,0.76,0.64,1.55,2.36
Challenger,RSC000053,its_lost,Squalls,Storm,Solar,N/A,60.70,33,0.576,19,14,5,11084,6640,4444,26,17,46,89,0.292,335.90,0.79,0.52,1.39,2.7
Challenger,,ItsKengu,FA,Waste Management,Solar,N/A,65.70,21,0.333,7,14,2,5675,3140,2535,10,10,23,49,0.204,270.20,0.48,0.48,1.1,2.33
Challenger,,Izumi,PermFA,Waste Management,Solar,N/A,46.80,17,0.529,9,8,5,5580,3340,2240,13,6,27,39,0.333,328.20,0.76,0.35,1.59,2.29
Challenger,,Jester,Threshers,The Comic Crusaders,Solar,N/A,43.40,58,0.586,34,24,10,18265,10020,8245,37,41,60,127,0.291,314.90,0.64,0.71,1.03,2.19
Challenger,,Jiggy Watt,Koala Bears,The Bear Den,Solar,N/A,33.80,35,0.714,25,10,16,14545,8730,5815,42,22,45,118,0.356,415.60,1.20,0.63,1.29,3.37
Challenger,,jinseo,Water,The Elements,Lunar,N/A,26.90,50,0.240,12,38,2,13017,6250,6767,23,15,49,75,0.307,260.30,0.46,0.3,0.98,1.5
Challenger,,jno28,Spastics,The Quad Dynasty,Solar,N/A,45.10,52,0.365,19,33,8,16895,8580,8315,32,18,69,103,0.311,324.90,0.62,0.35,1.33,1.98
Challenger,RSC002320,JoeExotic,Squalls,Storm,Solar,N/A,58.60,59,0.525,31,28,13,20560,11390,9170,46,30,73,164,0.281,348.50,0.78,0.51,1.24,2.78
Challenger,,Jonathon,Owls,Birds of Prey,Solar,N/A,90.70,50,0.480,24,26,13,18593,10220,8373,45,25,70,97,0.464,371.90,0.90,0.5,1.4,1.94
Challenger,RSC000200,Jonezy,FA,Polar Vortex,Lunar,N/A,67.60,41,0.902,37,4,10,16100,10330,5770,54,43,31,123,0.439,392.70,1.32,1.05,0.76,3
Challenger,,Jovenn,Stingrays,The Ocean,Solar,N/A,66.90,60,0.667,40,20,21,24580,13850,10730,56,38,90,185,0.303,409.70,0.93,0.63,1.5,3.08
Challenger,,Juanma2060,Voyager,Mission Control,Lunar,N/A,41.57,8,0.375,3,5,1,2389,1360,1029,7,2,8,16,0.438,298.60,0.88,0.25,1,2
Challenger,,Kilometers,Waste Baskets,Waste Management,Solar,N/A,39.86,31,0.452,14,17,3,8958,4630,4328,21,13,28,48,0.438,289.00,0.68,0.42,0.9,1.55
Challenger,,Kotoammatsukami,Tomatoes,The Garden,Lunar,N/A,46.13,53,0.528,28,25,2,16383,8920,7463,40,28,43,137,0.292,309.10,0.75,0.53,0.81,2.58
Challenger,,krevilian,Squalls,Storm,Solar,N/A,48.42,32,0.563,18,14,6,10263,5800,4463,22,16,43,65,0.339,320.70,0.69,0.5,1.34,2.03
Challenger,,Ledbone,FA,The Comic Crusaders,Solar,N/A,87.03,3,0.667,2,1,1,1474,890,584,3,3,7,9,0.333,491.30,1.00,1,2.33,3
Challenger,RSC000233,LilPrsnWithAnger,Spastics,The Quad Dynasty,Solar,N/A,40.70,42,0.357,15,27,1,11849,6440,5409,22,18,49,89,0.247,282.10,0.52,0.43,1.17,2.12
Challenger,,Liquid Cight,Wings,Fifty-Fifty Pizzeria,Solar,N/A,32.30,29,0.276,8,21,1,8675,4890,3785,19,11,38,54,0.352,299.10,0.66,0.38,1.31,1.86
Challenger,,Low Gravitas,Guardians of the Galaxy,The Comic Crusaders,Solar,N/A,43.11,19,0.632,12,7,0,5760,3570,2190,17,11,20,32,0.531,303.20,0.89,0.58,1.05,1.68
Challenger,,Major Bumbo,Wings,Fifty-Fifty Pizzeria,Solar,N/A,53.50,49,0.429,21,28,10,18837,10940,7897,48,22,72,144,0.333,384.40,0.98,0.45,1.47,2.94
Challenger,,Manager,Freemasons,The Order,Lunar,N/A,36.57,20,0.550,11,9,3,5319,2800,2519,12,5,18,45,0.267,266.00,0.60,0.25,0.9,2.25
Challenger,,Marcus,Triceratops,Dino Park,Solar,N/A,54.09,18,0.222,4,14,2,6372,3810,2562,18,7,25,41,0.439,354.00,1.00,0.39,1.39,2.28
Challenger,,Marq,Voyager,Mission Control,Lunar,N/A,10.20,41,0.634,26,15,3,10051,5370,4681,22,12,36,77,0.286,245.10,0.54,0.29,0.88,1.88
Challenger,RSC000351,Mitzi,Barbarians,The Sovereign,Lunar,N/A,65.60,36,0.528,19,17,9,12024,6830,5194,30,21,36,98,0.306,334.00,0.83,0.58,1,2.72
Challenger,,MoMed09,Leviathans,πολύ κεφάλη,Lunar,N/A,50.01,24,0.417,10,14,3,7973,4080,3893,18,12,23,53,0.340,332.20,0.75,0.5,0.96,2.21
Challenger,,nebulas,PermFA,Permanent Free Agent,N/A,N/A,38.52,4,0.000,0,4,0,1071,450,621,0,0,8,5,0.000,267.80,0.00,0,2,1.25
Challenger,,ned1oo,Barbarians,The Sovereign,Lunar,N/A,63.40,38,0.474,18,20,7,12835,7080,5755,26,26,46,88,0.296,337.80,0.68,0.68,1.21,2.32
Challenger,,Nisien,Ologs,Middle Earth,Lunar,N/A,38.40,38,0.263,10,28,4,9467,5000,4467,23,16,24,70,0.329,249.10,0.61,0.42,0.63,1.84
Challenger,,NoobsShallDie,Freemasons,The Order,Lunar,N/A,46.47,42,0.500,21,21,6,13080,7750,5330,34,22,45,100,0.340,311.40,0.81,0.52,1.07,2.38
Challenger,,nullidea,Stingrays,The Ocean,Solar,N/A,45.10,48,0.708,34,14,8,14602,8530,6072,30,32,59,98,0.306,304.20,0.63,0.67,1.23,2.04
Challenger,,OGSlurpee,PermFA,Birds of Prey,Solar,N/A,51.40,15,0.533,8,7,5,4644,2400,2244,9,12,12,30,0.300,309.60,0.60,0.8,0.8,2
Challenger,,oiseau,Freemasons,The Order,Lunar,N/A,65.30,54,0.519,28,26,10,17664,9540,8124,40,26,57,139,0.288,327.10,0.74,0.48,1.06,2.57
Challenger,,P0L1K,Peaks,North American Soccar Club,Lunar,N/A,53.25,35,0.429,15,20,5,12032,6670,5362,32,14,34,107,0.299,343.80,0.91,0.4,0.97,3.06
Challenger,,PANDAmazing9695,FA,Mission Control,Lunar,N/A,95.20,12,0.750,9,3,6,5165,3160,2005,17,4,18,36,0.472,430.40,1.42,0.33,1.5,3
Challenger,,Pant,Stingrays,The Ocean,Solar,N/A,32.60,36,0.639,23,13,1,9026,5110,3916,23,16,28,61,0.377,250.70,0.64,0.44,0.78,1.69
Challenger,,powerhour24,Owls,Birds of Prey,Solar,N/A,67.50,51,0.431,22,29,3,16134,8840,7294,35,27,58,109,0.321,316.40,0.69,0.53,1.14,2.14
Challenger,,Pre,Polar Bears,Polar Vortex,Lunar,N/A,65.10,60,0.850,51,9,8,22714,14440,8274,62,62,67,179,0.346,378.60,1.03,1.03,1.12,2.98
Challenger,,Pretty,Water,The Elements,Lunar,N/A,37.99,15,0.267,4,11,0,4062,2100,1962,8,6,14,30,0.267,270.80,0.53,0.4,0.93,2
Challenger,RSC000357,Primed,Water,The Elements,Lunar,N/A,36.50,18,0.333,6,12,4,5901,3350,2551,13,7,27,35,0.371,327.80,0.72,0.39,1.5,1.94
Challenger,,Prometiumz,Fruity Phantoms,Dino Park,Solar,N/A,57.30,42,0.191,8,34,4,11979,6360,5619,28,14,41,81,0.346,285.20,0.67,0.33,0.98,1.93
Challenger,,quantumriian,Waste Baskets,Waste Management,Solar,N/A,42.59,45,0.511,23,22,4,13107,6860,6247,26,20,45,101,0.257,291.30,0.58,0.44,1,2.24
Challenger,,Qudron,Leviathans,πολύ κεφάλη,Lunar,N/A,50.20,44,0.364,16,28,5,13078,6380,6698,18,21,52,93,0.194,297.20,0.41,0.48,1.18,2.11
Challenger,,quitstalin,Wings,Fifty-Fifty Pizzeria,Solar,N/A,38.09,21,0.429,9,12,1,5813,3150,2663,14,7,20,40,0.350,276.80,0.67,0.33,0.95,1.9
Challenger,,React,FA,The Comic Crusaders,Solar,N/A,28.85,4,0.500,2,2,0,916,520,396,2,1,4,7,0.286,229.00,0.50,0.25,1,1.75
Challenger,,Retroexplorer,Aurora,The Cosmos,Lunar,N/A,28.50,36,0.472,17,19,5,10484,5560,4924,22,16,38,66,0.333,291.20,0.61,0.44,1.06,1.83
Challenger,,Revolution,Paperboys,8-Bit Brigade,Lunar,N/A,60.20,51,0.490,25,26,16,18300,10250,8050,41,33,63,135,0.304,358.80,0.80,0.65,1.24,2.65
Challenger,,RNZLR_36,Ologs,Middle Earth,Lunar,N/A,43.61,20,0.350,7,13,3,6165,3800,2365,23,6,13,55,0.418,308.30,1.15,0.3,0.65,2.75
Challenger,,robwobwob,Golden Retrievers,Fallout Shelter,Solar,N/A,40.40,45,0.444,20,25,4,16656,9630,7026,43,21,62,118,0.364,370.10,0.96,0.47,1.38,2.62
Challenger,,Rotendo,FA,The Cosmos,Lunar,N/A,59.50,26,0.346,9,17,4,8851,4830,4021,20,14,29,68,0.294,340.40,0.77,0.54,1.12,2.62
Challenger,RSC000320,ryanawesome_,Koala Bears,The Bear Den,Solar,N/A,46.70,47,0.723,34,13,6,14000,8100,5900,40,24,40,90,0.444,297.90,0.85,0.51,0.85,1.91
Challenger,,S1nnerReborn,Pythons,The Serpents,Solar,N/A,46.50,34,0.706,24,10,6,11129,6660,4469,32,26,27,81,0.395,327.30,0.94,0.76,0.79,2.38
Challenger,,Salad Fingers,Paperboys,8-Bit Brigade,Lunar,N/A,49.60,42,0.500,21,21,3,13244,7180,6064,33,19,40,93,0.355,315.30,0.79,0.45,0.95,2.21
Challenger,RSC001055,Scotti,Polar Bears,Polar Vortex,Lunar,N/A,80.90,60,0.850,51,9,30,29442,19500,9942,118,55,50,245,0.482,490.70,1.97,0.92,0.83,4.08
Challenger,,Shadowed_Afterburn,Fruity Phantoms,Spooky Breakfast Gang,Solar,N/A,64.30,49,0.327,16,33,6,15551,8410,7141,31,16,72,91,0.341,317.40,0.63,0.33,1.47,1.86
Challenger,,Shadowstorm,Polar Bears,Polar Vortex,Lunar,N/A,46.97,18,0.778,14,4,3,5509,3050,2459,10,14,19,40,0.250,306.10,0.56,0.78,1.06,2.22
Challenger,,Shaqctus,Tens,House of Cards,Lunar,N/A,38.06,46,0.304,14,32,2,12542,6390,6152,24,18,45,84,0.286,272.70,0.52,0.39,0.98,1.83
Challenger,,SIIpscrIIn,Stingrays,The Ocean,Solar,N/A,36.30,36,0.639,23,13,10,12572,7790,4782,44,13,36,94,0.468,349.20,1.22,0.36,1,2.61
Challenger,,Sir Acha,Aurora,The Cosmos,Lunar,N/A,47.20,37,0.487,18,19,5,10505,5530,4975,18,26,36,63,0.286,283.90,0.49,0.7,0.97,1.7
Challenger,,Sizzle Schaef,Water,The Elements,Lunar,N/A,59.98,24,0.250,6,18,4,8878,4470,4408,16,13,31,67,0.239,369.90,0.67,0.54,1.29,2.79
Challenger,RSC000025,slayerof666,Golden Retrievers,Puppy Paradise,Solar,N/A,57.40,38,0.395,15,23,5,11698,6690,5008,26,20,45,84,0.310,307.80,0.68,0.53,1.18,2.21
Challenger,RSC000926,SlmRnchr,Flares,Fallout Shelter,Solar,N/A,59.70,41,0.463,19,22,10,14517,8150,6367,30,25,55,115,0.261,354.10,0.73,0.61,1.34,2.8
Challenger,RSC000625,Sly,Threshers,Shark Attack,Lunar,N/A,33.40,56,0.518,29,27,17,21361,11950,9411,48,29,87,135,0.356,381.40,0.86,0.52,1.55,2.41
Challenger,,stan,Barbarians,The Sovereign,Lunar,N/A,39.90,48,0.521,25,23,8,15403,8510,6893,35,24,55,106,0.330,320.90,0.73,0.5,1.15,2.21
Challenger,,Tdeez,Leviathans,πολύ κεφάλη,Lunar,N/A,58.30,48,0.417,20,28,12,16625,9750,6875,41,19,68,130,0.315,346.40,0.85,0.4,1.42,2.71
Challenger,,The Instigant,Tic Tacs,Minty Fresh,Lunar,N/A,38.00,41,0.634,26,15,4,11923,6660,5263,27,16,42,106,0.255,290.80,0.66,0.39,1.02,2.59
Challenger,RSC002161,TheAngryTryhard,Tic Tacs,Minty Fresh,Lunar,N/A,62.80,47,0.681,32,15,13,16264,9560,6704,45,21,51,146,0.308,346.00,0.96,0.45,1.09,3.11
Challenger,,thedeeepstate,Golden Retrievers,Puppy Paradise,Solar,N/A,25.50,25,0.440,11,14,1,5525,2610,2915,9,9,18,36,0.250,221.00,0.36,0.36,0.72,1.44
Challenger,,TheRogersEffect,Tic Tacs,Minty Fresh,Lunar,N/A,59.90,44,0.705,31,13,10,14688,8420,6268,39,31,36,117,0.333,333.80,0.89,0.7,0.82,2.66
Challenger,,theUnequal yeti,Guardians of the Galaxy,The Comic Crusaders,Solar,N/A,57.70,36,0.528,19,17,8,12431,6240,6191,25,16,43,79,0.317,345.30,0.69,0.44,1.19,2.19
Challenger,,Thunderama,Voyager,Mission Control,Lunar,N/A,38.30,58,0.586,34,24,10,19112,10910,8202,51,28,59,146,0.349,329.50,0.88,0.48,1.02,2.52
Challenger,,tiger0012pm,Flares,Fallout Shelter,Solar,N/A,50.08,45,0.467,21,24,4,14594,8450,6144,36,35,39,115,0.313,324.30,0.80,0.78,0.87,2.56
Challenger,,TinselCascade05,Tic Tacs,Minty Fresh,Lunar,N/A,55.63,48,0.708,34,14,14,17016,9300,7716,42,25,49,140,0.300,354.50,0.88,0.52,1.02,2.92
Challenger,,tr1ppn,Waste Baskets,Waste Management,Solar,N/A,51.73,43,0.395,17,26,7,14556,8450,6106,37,16,58,105,0.352,338.50,0.86,0.37,1.35,2.44
Challenger,,Turtle_Supreme,Owls,Birds of Prey,Solar,N/A,37.25,25,0.360,9,16,1,6806,3260,3546,14,10,18,46,0.304,272.20,0.56,0.4,0.72,1.84
Challenger,,Twonsleberry,Water,The Elements,Lunar,N/A,43.50,48,0.250,12,36,2,13357,6630,6727,24,16,49,98,0.245,278.30,0.50,0.33,1.02,2.04
Challenger,,Twoslot,Ologs,Middle Earth,Lunar,N/A,18.50,51,0.353,18,33,6,14928,7980,6948,37,16,51,93,0.398,292.70,0.73,0.31,1,1.82
Challenger,,Vegitus,Flares,Fallout Shelter,Solar,N/A,42.10,45,0.378,17,28,3,12422,6540,5882,29,24,33,79,0.367,276.00,0.64,0.53,0.73,1.76
Challenger,,ViV1d,Fangtooths,The Abyss,Lunar,N/A,49.50,48,0.604,29,19,4,16763,9840,6923,43,29,55,134,0.321,349.20,0.90,0.6,1.15,2.79
Challenger,,WaYvee,Threshers,Shark Attack,Lunar,N/A,39.66,8,0.500,4,4,0,2242,1220,1022,4,3,11,12,0.333,280.30,0.50,0.38,1.38,1.5
Challenger,,Wheats,Triceratops,Dino Park,Solar,N/A,71.61,48,0.563,27,21,18,20699,12290,8409,60,23,68,174,0.345,431.20,1.25,0.48,1.42,3.63
Challenger,,Wheelchair,FA,The Comic Crusaders,Solar,N/A,48.74,2,0.000,0,2,0,625,310,315,0,1,5,1,0.000,312.50,0.00,0.5,2.5,0.5
Challenger,,xCHEF,FA,πολύ κεφάλη,Lunar,N/A,41.20,4,0.250,1,3,0,1240,720,520,4,1,4,7,0.571,310.00,1.00,0.25,1,1.75
Challenger,,xTanny,Paperboys,8-Bit Brigade,Lunar,N/A,45.70,43,0.512,22,21,7,13908,7810,6098,41,21,27,131,0.313,323.40,0.95,0.49,0.63,3.05
Challenger,,yaboiimp,FA,Spooky Breakfast Gang,Solar,N/A,25.50,27,0.370,10,17,3,7123,3150,3973,7,16,24,45,0.156,263.80,0.26,0.59,0.89,1.67
Challenger,,Yetif,Hydralisks,The Swarm,Solar,N/A,39.90,22,0.364,8,14,4,6840,3500,3340,17,8,19,45,0.378,310.90,0.77,0.36,0.86,2.05
Challenger,,Yoshi,Peaks,North American Soccar Club,Lunar,N/A,46.90,48,0.438,21,27,9,15251,8660,6591,33,30,60,86,0.384,317.70,0.69,0.63,1.25,1.79
Prospect,,Action Chugger,Wobbegongs,Shark Attack,Lunar,N/A,46.84,57,0.737,42,15,10,16994,10160,6834,52,26,47,131,0.397,298.10,0.91,0.46,0.82,2.3
Prospect,,A Hot Jackson,Wintergreen,Minty Fresh,Lunar,N/A,61.70,40,0.450,18,22,5,11526,6600,4926,22,22,51,75,0.293,288.20,0.55,0.55,1.28,1.88
Prospect,,Aberinkula,Pioneer,Mission Control,Lunar,N/A,44.50,46,0.565,26,20,2,12899,6960,5939,30,16,48,76,0.395,280.40,0.65,0.35,1.04,1.65
Prospect,,Agame,Templars,The Order,Lunar,N/A,42.39,50,0.420,21,29,11,14751,7840,6911,39,11,48,99,0.394,295.00,0.78,0.22,0.96,1.98
Prospect,,AmpleTh3GrayMan,Sparks,Electric Mayhem,Lunar,N/A,69.60,49,0.674,33,16,16,18518,10860,7658,49,36,59,121,0.405,377.90,1.00,0.73,1.2,2.47
Prospect,,AnimalNoise,Templars,The Order,Lunar,N/A,43.50,29,0.414,12,17,1,6243,3030,3213,11,10,17,58,0.190,215.30,0.38,0.34,0.59,2
Prospect,,Astro,Air Buds,Puppy Paradise,Solar,N/A,39.35,16,0.438,7,9,1,4176,2160,2016,11,7,8,31,0.355,261.00,0.69,0.44,0.5,1.94
Prospect,,avidreaper1117,Wobbegongs,Shark Attack,Lunar,N/A,79.00,60,0.717,43,17,15,22338,12560,9778,52,42,70,176,0.296,372.30,0.87,0.7,1.17,2.93
Prospect,,BeyondTeddie,Punch-Outs,8-Bit Brigade,Lunar,N/A,35.77,23,0.391,9,14,0,5666,2850,2816,11,10,17,40,0.275,246.30,0.48,0.43,0.74,1.74
Prospect,RSC002357,Bieles,Supernova,The Cosmos,Lunar,N/A,38.00,43,0.535,23,20,7,12592,6820,5772,30,21,39,82,0.366,292.80,0.70,0.49,0.91,1.91
Prospect,,bitpost,Gallimimus,Dino Park,Solar,N/A,7.20,3,0.667,2,1,0,364,120,244,0,1,1,2,0.000,121.30,0.00,0.33,0.33,0.67
Prospect,,blindvisionary,Sparks,Electric Mayhem,Lunar,N/A,40.70,30,0.700,21,9,6,9286,5010,4276,23,18,22,71,0.324,309.50,0.77,0.6,0.73,2.37
Prospect,,blizzyy,Cucumbers,The Garden,Lunar,N/A,57.53,2,1.000,2,0,1,745,460,285,3,0,2,6,0.500,372.50,1.50,0,1,3
Prospect,,Blood12aven,Compost Bins,Waste Management,Solar,N/A,46.70,29,0.517,15,14,6,8409,4490,3919,18,15,27,59,0.305,290.00,0.62,0.52,0.93,2.03
Prospect,,Blue Eyes Thunder Thighs,Drizzle,Storm,Solar,N/A,59.00,52,0.558,29,23,18,20877,12750,8127,60,38,66,155,0.387,401.50,1.15,0.73,1.27,2.98
Prospect,,Booquiefious,FA,The Comic Crusaders,Solar,N/A,52.75,7,0.714,5,2,2,2084,1070,1014,2,6,9,12,0.167,297.70,0.29,0.86,1.29,1.71
Prospect,,bousquet,Isopods,The Abyss,Lunar,N/A,50.20,54,0.500,27,27,18,20225,11820,8405,62,26,57,147,0.422,374.50,1.15,0.48,1.06,2.72
Prospect,,Bxffled,Kappas,Meme Machine,Solar,N/A,61.50,40,0.475,19,21,8,12896,7240,5656,28,17,53,94,0.298,322.40,0.70,0.43,1.33,2.35
Prospect,,Center Ball Johnson,Compost Bins,Waste Management,Solar,N/A,54.30,53,0.547,29,24,11,19216,10660,8556,51,25,62,121,0.422,362.60,0.96,0.47,1.17,2.28
Prospect,,Chandler,Legends of Tomorrow,The Comic Crusaders,Solar,N/A,61.10,54,0.500,27,27,8,16566,9460,7106,43,21,63,96,0.448,306.80,0.80,0.39,1.17,1.78
Prospect,,Chang_RL,Wobbegongs,Shark Attack,Lunar,N/A,68.88,48,0.729,35,13,17,18586,11210,7376,62,26,41,166,0.374,387.20,1.29,0.54,0.85,3.46
Prospect,,Charwing,Ravagers,The Swarm,Solar,N/A,48.91,42,0.405,17,25,2,12851,7160,5691,30,22,42,96,0.313,306.00,0.71,0.52,1,2.29
Prospect,,CHAZZtheDR,Air Buds,Puppy Paradise,Solar,N/A,43.40,55,0.491,27,28,10,16984,9790,7194,51,24,45,124,0.411,308.80,0.93,0.44,0.82,2.25
Prospect,,Cheechoo777,Kappas,Meme Machine,Solar,N/A,47.00,45,0.444,20,25,5,13117,7550,5567,30,27,47,85,0.353,291.50,0.67,0.6,1.04,1.89
Prospect,,Chronic Lies,Ravagers,The Swarm,Solar,N/A,48.90,56,0.393,22,34,12,18999,10920,8079,51,32,56,142,0.359,339.30,0.91,0.57,1,2.54
Prospect,,ClemsonTiger206,Nebelungs,The Cat Cafe,Solar,N/A,55.50,45,0.556,25,20,5,13570,7380,6190,31,22,46,88,0.352,301.60,0.69,0.49,1.02,1.96
Prospect,RSC001358,Cob,Cucumbers,The Garden,Lunar,N/A,49.17,37,0.514,19,18,6,11741,6760,4981,32,16,39,81,0.395,317.30,0.86,0.43,1.05,2.19
Prospect,,Cobra910,Sparks,Electric Mayhem,Lunar,N/A,62.40,60,0.683,41,19,14,21537,12490,9047,56,29,80,144,0.389,359.00,0.93,0.48,1.33,2.4
Prospect,,CptnFoxX,Soul,The Elements,Lunar,N/A,20.50,26,0.346,9,17,1,5452,2950,2502,11,10,20,35,0.314,209.70,0.42,0.38,0.77,1.35
Prospect,,Damón,Pioneer,Mission Control,Lunar,N/A,61.90,52,0.558,29,23,8,16528,9500,7028,44,23,54,125,0.352,317.80,0.85,0.44,1.04,2.4
Prospect,,DeeJay,Cucumbers,The Garden,Lunar,N/A,41.70,28,0.429,12,16,0,8131,4600,3531,17,11,37,50,0.340,290.40,0.61,0.39,1.32,1.79
Prospect,RSC001235,DeeJayZ_,Legends of Tomorrow,The Cosmos,Lunar,N/A,84.50,55,0.491,27,28,11,22814,13010,9804,62,30,75,156,0.397,414.80,1.13,0.55,1.36,2.84
Prospect,,Dendro,Pioneer,The Bear Den,Solar,N/A,47.70,32,0.344,11,21,4,8804,4770,4034,16,13,38,62,0.258,275.10,0.50,0.41,1.19,1.94
Prospect,,DestroYa,Mambas,The Serpents,Solar,N/A,46.76,47,0.489,23,24,7,13734,6930,6804,24,22,50,93,0.258,292.20,0.51,0.47,1.06,1.98
Prospect,,dirtdawg12,Breadsticks,Fifty-Fifty Pizzeria,Solar,N/A,18.30,51,0.235,12,39,3,13061,6990,6071,27,24,45,84,0.321,256.10,0.53,0.47,0.88,1.65
Prospect,,Doctor Es,FA,Spooky Breakfast Gang,Solar,N/A,42.00,9,0.778,7,2,1,2543,1460,1083,6,6,7,21,0.286,282.60,0.67,0.67,0.78,2.33
Prospect,,DontTreadOnMe777777,Care Bears,The Bear Den,Solar,N/A,42.21,11,0.273,3,8,3,3129,1520,1609,4,3,15,22,0.182,284.50,0.36,0.27,1.36,2
Prospect,,Dooqal,Uruks,Middle Earth,Lunar,N/A,56.72,43,0.442,19,24,7,14872,7870,7002,36,18,47,102,0.353,345.90,0.84,0.42,1.09,2.37
Prospect,,Electrify,Gallimimus,Dino Park,Solar,N/A,86.40,59,0.729,43,16,15,20168,12210,7958,67,29,47,171,0.392,341.80,1.14,0.49,0.8,2.9
Prospect,,Feb,Drizzle,Storm,Solar,N/A,45.94,9,0.556,5,4,1,2730,1410,1320,7,3,8,16,0.438,303.30,0.78,0.33,0.89,1.78
Prospect,,fetzy,FA,Puppy Paradise,Solar,N/A,49.10,16,0.375,6,10,2,4787,2650,2137,11,11,14,30,0.367,299.20,0.69,0.69,0.88,1.88
Prospect,,Flash,Mambas,The Serpents,Solar,N/A,27.00,44,0.523,23,21,5,12695,6980,5715,24,26,47,93,0.258,288.50,0.55,0.59,1.07,2.11
Prospect,,Flyinhi13,Dolphins,The Ocean,Solar,N/A,46.22,7,0.286,2,5,0,2057,1140,917,1,6,13,9,0.111,293.90,0.14,0.86,1.86,1.29
Prospect,,Fo0f,Breadsticks,The Garden,Lunar,N/A,72.70,31,0.290,9,22,3,9412,5790,3622,23,14,44,59,0.390,303.60,0.74,0.45,1.42,1.9
Prospect,,Fourcyclones,Snow Owls,Polar Vortex,Lunar,N/A,55.10,27,0.630,17,10,3,7176,3320,3856,9,11,28,47,0.192,265.80,0.33,0.41,1.04,1.74
Prospect,,Frawd,Zomberries,Spooky Breakfast Gang,Solar,N/A,65.27,23,0.609,14,9,7,9025,5610,3415,23,17,39,51,0.451,392.40,1.00,0.74,1.7,2.22
Prospect,,Gat0rbait,Breadsticks,Fifty-Fifty Pizzeria,Solar,N/A,36.74,34,0.206,7,27,2,9207,4350,4857,16,8,37,50,0.320,270.80,0.47,0.24,1.09,1.47
Prospect,,Geeky Tahm,Nebelungs,The Cat Cafe,Solar,N/A,54.21,33,0.515,17,16,10,11164,6340,4824,25,16,46,74,0.338,338.30,0.76,0.48,1.39,2.24
Prospect,,Gidderrs,FA,The Comic Crusaders,Solar,N/A,49.89,18,0.444,8,10,4,5593,3320,2273,17,11,13,42,0.405,310.70,0.94,0.61,0.72,2.33
Prospect,,GlobalDeJaVu,Mambas,Middle Earth,Lunar,N/A,31.60,33,0.394,13,20,6,9936,5700,4236,24,20,31,75,0.320,301.10,0.73,0.61,0.94,2.27
Prospect,RSC000182,Goose,Drizzle,Storm,Solar,N/A,46.30,56,0.571,32,24,8,18966,11060,7906,52,34,55,141,0.369,338.70,0.93,0.61,0.98,2.52
Prospect,,Grumpus_Dad,Breadsticks,Fifty-Fifty Pizzeria,Solar,N/A,31.09,37,0.189,7,30,1,9186,4880,4306,17,10,42,58,0.293,248.30,0.46,0.27,1.14,1.57
Prospect,,hayhay217,Sparks,Electric Mayhem,Lunar,N/A,44.11,41,0.683,28,13,5,11684,6900,4784,35,24,29,75,0.467,285.00,0.85,0.59,0.71,1.83
Prospect,,Heartless,Gorgons,πολύ κεφάλη,Lunar,N/A,37.60,54,0.389,21,33,7,15651,8330,7321,36,17,55,113,0.319,289.80,0.67,0.31,1.02,2.09
Prospect,,Heiz,FA,The Comic Crusaders,Solar,N/A,37.93,41,0.293,12,29,1,10821,5700,5121,21,17,40,75,0.280,263.90,0.51,0.41,0.98,1.83
Prospect,,Hey Its Fwankie,Kappas,Meme Machine,Solar,N/A,38.21,36,0.417,15,21,4,9446,4920,4526,15,17,40,57,0.263,262.40,0.42,0.47,1.11,1.58
Prospect,,hoyci,Dolphins,The Ocean,Solar,N/A,70.20,59,0.593,35,24,12,20393,11290,9103,51,40,54,149,0.342,345.60,0.86,0.68,0.92,2.53
Prospect,,ItsDapperDyl,FA,The Bear Den,Solar,N/A,72.40,25,0.200,5,20,2,8171,4450,3721,15,9,39,55,0.273,326.80,0.60,0.36,1.56,2.2
Prospect,,jack,Nebelungs,The Cat Cafe,Solar,N/A,46.40,52,0.577,30,22,12,17997,9950,8047,43,23,66,120,0.358,346.10,0.83,0.44,1.27,2.31
Prospect,,John Whiffs Boost,PermFA,Permanent Free Agent,N/A,N/A,46.21,3,0.333,1,2,0,820,420,400,2,2,1,7,0.286,273.30,0.67,0.67,0.33,2.33
Prospect,,Jordayumm,Isopods,The Abyss,Lunar,N/A,93.60,4,0.500,2,2,2,1266,810,456,5,1,3,11,0.455,316.50,1.25,0.25,0.75,2.75
Prospect,,KCman13,FA,The Comic Crusaders,Solar,N/A,34.90,9,0.222,2,7,2,2238,1200,1038,6,3,5,20,0.300,248.70,0.67,0.33,0.56,2.22
Prospect,,King Bonkk,Uruks,Fifty-Fifty Pizzeria,Solar,N/A,41.20,44,0.250,11,33,5,12554,6820,5734,25,17,51,92,0.272,285.30,0.57,0.39,1.16,2.09
Prospect,,Klikind,Spartans,The Sovereign,Lunar,N/A,50.98,40,0.550,22,18,5,12255,7150,5105,35,25,28,100,0.350,306.40,0.88,0.63,0.7,2.5
Prospect,,kylar stern,Compost Bins,The Serpents,Solar,N/A,48.00,32,0.469,15,17,3,9653,5140,4513,27,15,21,64,0.422,301.70,0.84,0.47,0.66,2
Prospect,,kyllonen,Care Bears,The Bear Den,Solar,N/A,29.66,12,0.583,7,5,1,2721,1290,1431,5,2,10,19,0.263,226.80,0.42,0.17,0.83,1.58
Prospect,,Limitedd—,Punch-Outs,8-Bit Brigade,Lunar,N/A,61.05,33,0.455,15,18,10,12434,7110,5324,42,11,29,91,0.462,376.80,1.27,0.33,0.88,2.76
Prospect,,lolomcfro,Supernova,The Cosmos,Lunar,N/A,29.90,35,0.514,18,17,2,8709,4540,4169,14,19,32,59,0.237,248.80,0.40,0.54,0.91,1.69
Prospect,,LordXp,Uruks,Middle Earth,Lunar,N/A,42.23,46,0.435,20,26,2,12802,6900,5902,28,21,43,90,0.311,278.30,0.61,0.46,0.93,1.96
Prospect,,Lucky Ducky,Isopods,The Abyss,Lunar,N/A,57.40,38,0.579,22,16,8,12034,7190,4844,35,22,34,89,0.393,316.70,0.92,0.58,0.89,2.34
Prospect,,Lynky,Gorgons,πολύ κεφάλη,Lunar,N/A,45.60,51,0.392,20,31,6,15828,7660,8168,22,22,67,101,0.218,310.40,0.43,0.43,1.31,1.98
Prospect,,MadnessRL,Soul,The Elements,Lunar,N/A,46.37,39,0.359,14,25,5,11399,6230,5169,25,27,34,68,0.368,292.30,0.64,0.69,0.87,1.74
Prospect,,MattViaAirwaves,Isopods,The Abyss,Lunar,N/A,37.40,39,0.385,15,24,0,10211,4850,5361,18,18,28,75,0.240,261.80,0.46,0.46,0.72,1.92
Prospect,,mattyice,Templars,The Order,Lunar,N/A,49.10,56,0.321,18,38,9,18792,9850,8942,41,20,69,130,0.315,335.60,0.73,0.36,1.23,2.32
Prospect,,maxox,PermFA,8-Bit Brigade,Lunar,N/A,15.30,7,0.143,1,6,0,1148,600,548,2,1,5,10,0.200,164.00,0.29,0.14,0.71,1.43
Prospect,,ME,PermFA,Mission Control,Lunar,N/A,29.50,13,0.462,6,7,1,3768,2100,1668,9,10,9,25,0.360,289.80,0.69,0.77,0.69,1.92
Prospect,,Me Weeney,Wintergreen,Minty Fresh,Lunar,N/A,52.90,52,0.462,24,28,9,15711,8760,6951,39,23,49,126,0.310,302.10,0.75,0.44,0.94,2.42
Prospect,,MeKa Fusion,Punch-Outs,Fifty-Fifty Pizzeria,Solar,N/A,49.80,30,0.067,2,28,1,9146,5150,3996,27,9,25,75,0.360,304.90,0.90,0.3,0.83,2.5
Prospect,,Merlin,Snow Owls,Polar Vortex,Lunar,N/A,34.00,43,0.674,29,14,6,13653,7930,5723,36,23,45,93,0.387,317.50,0.84,0.53,1.05,2.16
Prospect,,MoldyPBJ,Care Bears,The Bear Den,Solar,N/A,39.11,41,0.220,9,32,2,11190,5660,5530,18,14,48,76,0.237,272.90,0.44,0.34,1.17,1.85
Prospect,,Munski,Isopods,The Abyss,Lunar,N/A,53.10,45,0.533,24,21,2,12795,7060,5735,26,25,42,111,0.234,284.30,0.58,0.56,0.93,2.47
Prospect,,musah,Spartans,The Sovereign,Lunar,N/A,45.80,38,0.553,21,17,4,11531,6810,4721,31,18,37,96,0.323,303.40,0.82,0.47,0.97,2.53
Prospect,,Ninjatron,Soul,The Elements,Lunar,N/A,64.60,53,0.377,20,33,8,18705,10060,8645,42,22,69,131,0.321,352.90,0.79,0.42,1.3,2.47
Prospect,,notapro192,FA,πολύ κεφάλη,Lunar,N/A,36.50,34,0.382,13,21,3,9428,5280,4148,16,14,51,43,0.372,277.30,0.47,0.41,1.5,1.26
Prospect,,oFEELNMYSELFo,Punch-Outs,8-Bit Brigade,Lunar,N/A,37.09,56,0.321,18,38,1,14593,8060,6533,26,32,61,81,0.321,260.60,0.46,0.57,1.09,1.45
Prospect,,OhShirlena,Ravagers,The Swarm,Solar,N/A,31.68,4,0.250,1,3,0,892,410,482,2,2,1,6,0.333,223.00,0.50,0.5,0.25,1.5
Prospect,,oofmaster37,Supernova,The Cosmos,Lunar,N/A,50.22,40,0.625,25,15,10,12348,7140,5208,38,20,27,99,0.384,308.70,0.95,0.5,0.68,2.48
Prospect,RSC006747,Panda,Zomberries,Spooky Breakfast Gang,Solar,N/A,43.67,39,0.513,20,19,5,11620,6360,5260,23,13,54,71,0.324,297.90,0.59,0.33,1.38,1.82
Prospect,,ParanormalPancak,Kappas,Meme Machine,Solar,N/A,44.90,52,0.481,25,27,9,17415,9630,7785,41,19,70,108,0.380,334.90,0.79,0.37,1.35,2.08
Prospect,,psychic_rock,Soul,The Elements,Lunar,N/A,48.60,50,0.400,20,30,7,14623,7990,6633,35,18,52,99,0.354,292.50,0.70,0.36,1.04,1.98
Prospect,RSC000962,pythagorjags,Firecrackers,Fallout Shelter,Solar,N/A,41.80,57,0.579,33,24,5,15292,8180,7112,36,31,40,103,0.350,268.30,0.63,0.54,0.7,1.81
Prospect,,Rebel,Nebelungs,The Garden,Lunar,N/A,54.60,60,0.500,30,30,7,17581,9680,7901,44,19,61,128,0.344,293.00,0.73,0.32,1.02,2.13
Prospect,,RedDime,Snow Owls,Polar Vortex,Lunar,N/A,61.20,55,0.709,39,16,17,19916,11570,8346,57,29,61,137,0.416,362.10,1.04,0.53,1.11,2.49
Prospect,,Rogers,Dolphins,The Ocean,Solar,N/A,55.40,55,0.636,35,20,12,17795,10170,7625,46,27,59,127,0.362,323.50,0.84,0.49,1.07,2.31
Prospect,,Sexy Horse,Air Buds,Puppy Paradise,Solar,N/A,38.50,40,0.500,20,20,6,11169,6200,4969,29,27,23,80,0.363,279.20,0.73,0.68,0.58,2
Prospect,,SirNapkinz,FA,The Comic Crusaders,Solar,N/A,39.83,28,0.321,9,19,4,7390,3630,3760,15,12,20,53,0.283,263.90,0.54,0.43,0.71,1.89
Prospect,,SnakieSnack/TTV,Gorgons,πολύ κεφάλη,Lunar,N/A,42.25,15,0.400,6,9,4,4356,2470,1886,15,5,8,32,0.469,290.40,1.00,0.33,0.53,2.13
Prospect,,Spac3,Spartans,The Sovereign,Lunar,N/A,52.10,56,0.500,28,28,19,21318,11580,9738,48,33,72,153,0.314,380.70,0.86,0.59,1.29,2.73
Prospect,,Spoilt,Firecrackers,Fallout Shelter,Solar,N/A,50.93,44,0.682,30,14,10,13935,7510,6425,36,19,41,91,0.396,316.70,0.82,0.43,0.93,2.07
Prospect,,Squeeze =(,Wintergreen,Minty Fresh,Lunar,N/A,50.66,49,0.510,25,24,7,15194,8400,6794,38,21,45,130,0.292,310.10,0.78,0.43,0.92,2.65
Prospect,,Stealth69king-,Pioneer,Mission Control,Lunar,N/A,80.40,50,0.640,32,18,13,19436,11330,8106,48,34,72,123,0.390,388.70,0.96,0.68,1.44,2.46
Prospect,,SUPERDUPERBAM,Uruks,Middle Earth,Lunar,N/A,42.70,50,0.440,22,28,13,17137,9680,7457,45,17,66,103,0.437,342.70,0.90,0.34,1.32,2.06
Prospect,,sweetnlow120,Wintergreen,Minty Fresh,Lunar,N/A,32.00,39,0.513,20,19,8,11946,6620,5326,26,13,52,77,0.338,306.30,0.67,0.33,1.33,1.97
Prospect,,Swimmer0514,Dolphins,The Ocean,Solar,N/A,50.25,59,0.610,36,23,12,18139,10270,7869,46,32,54,137,0.336,307.40,0.78,0.54,0.92,2.32
Prospect,,SXD,FA,Fallout Shelter,Solar,N/A,59.80,28,0.393,11,17,9,12223,6950,5273,36,23,26,90,0.400,436.50,1.29,0.82,0.93,3.21
Prospect,,Tezukako,PermFA,Permanent Free Agent,N/A,N/A,58.35,4,0.500,2,2,2,1372,790,582,4,3,3,9,0.444,343.00,1.00,0.75,0.75,2.25
Prospect,,ThyKooch,Firecrackers,Fallout Shelter,Solar,N/A,36.80,10,0.500,5,5,1,2367,1230,1137,5,3,9,13,0.385,236.70,0.50,0.3,0.9,1.3
Prospect,,TinyElephant,Firecrackers,Fallout Shelter,Solar,N/A,61.00,54,0.593,32,22,16,19986,11490,8496,48,33,73,139,0.345,370.10,0.89,0.61,1.35,2.57
Prospect,,TinyPotato,Drizzle,Storm,Solar,N/A,63.80,49,0.571,28,21,4,15293,8730,6563,37,24,52,123,0.301,312.10,0.76,0.49,1.06,2.51
Prospect,,TopsGOD,Zomberries,Spooky Breakfast Gang,Solar,N/A,57.00,55,0.655,36,19,15,20262,10980,9282,46,34,63,153,0.301,368.40,0.84,0.62,1.15,2.78
Prospect,RSC000221,Treefrog,Templars,The Order,Lunar,N/A,35.10,31,0.290,9,22,4,8948,5230,3718,23,12,34,63,0.365,288.60,0.74,0.39,1.1,2.03
Prospect,,Trudsky,Wobbegongs,Shark Attack,Lunar,N/A,46.74,15,0.600,9,6,1,4042,2180,1862,8,13,9,28,0.286,269.50,0.53,0.87,0.6,1.87
Prospect,RSC001995,Tvveedle,Cucumbers,The Garden,Lunar,N/A,70.30,51,0.451,23,28,13,18229,9890,8339,45,32,53,114,0.395,357.40,0.88,0.63,1.04,2.24
Prospect,,ukcats019,Gallimimus,Dino Park,Solar,N/A,56.91,59,0.729,43,16,18,19992,11420,8572,49,27,72,157,0.312,338.80,0.83,0.46,1.22,2.66
Prospect,,Velocifaptor,FA,The Comic Crusaders,Solar,N/A,66.50,26,0.500,13,13,4,6508,3400,3108,15,11,17,50,0.300,250.30,0.58,0.42,0.65,1.92
Prospect,,Vendetta,Legends of Tomorrow,The Comic Crusaders,Solar,N/A,80.10,55,0.509,28,27,15,19738,10430,9308,48,22,64,133,0.361,358.90,0.87,0.4,1.16,2.42
Prospect,,vote4JR,Ravagers,The Swarm,Solar,N/A,35.40,38,0.316,12,26,3,10865,6180,4685,23,21,44,63,0.365,285.90,0.61,0.55,1.16,1.66
Prospect,,Way2Luckee,Spartans,The Sovereign,Lunar,N/A,18.20,42,0.476,20,22,3,11911,6920,4991,29,21,43,82,0.354,283.60,0.69,0.5,1.02,1.95
Prospect,,Witha ^~^,Mambas,The Serpents,Solar,N/A,77.80,41,0.463,19,22,8,14978,9050,5928,46,19,47,115,0.400,365.30,1.12,0.46,1.15,2.8
Prospect,,Wolfocus,Compost Bins,Waste Management,Solar,N/A,51.20,52,0.519,27,25,6,15561,8820,6741,34,23,60,127,0.268,299.30,0.65,0.44,1.15,2.44
Prospect,,xHDx Crack3r,Gallimimus,Dino Park,Solar,N/A,57.33,56,0.732,41,15,10,18697,10440,8257,46,35,56,129,0.357,333.90,0.82,0.63,1,2.3
Prospect,RSC000995,Xx_pink_man95_xX,FA,8-Bit Brigade,Lunar,N/A,52.00,26,0.462,12,14,7,9510,5050,4460,23,8,34,65,0.354,365.80,0.88,0.31,1.31,2.5
Prospect,,ZaleX,PermFA,Permanent Free Agent,N/A,N/A,28.33,4,0.500,2,2,0,632,280,352,0,2,1,13,0.000,158.00,0.00,0.5,0.25,3.25
Prospect,,Zar235,Legends of Tomorrow,The Comic Crusaders,Solar,N/A,55.50,38,0.474,18,20,2,9644,4970,4674,18,19,32,62,0.290,253.80,0.47,0.5,0.84,1.63
Prospect,,ZIARED,Snow Owls,Polar Vortex,Lunar,N/A,67.50,55,0.746,41,14,16,19056,11160,7896,55,39,45,146,0.377,346.50,1.00,0.71,0.82,2.65
Prospect,,Ziggy.,Ravagers,The Swarm,Solar,N/A,55.40,36,0.444,16,20,6,11445,6410,5035,32,17,29,91,0.352,317.90,0.89,0.47,0.81,2.53
Prospect,,Zilch121,Care Bears,The Bear Den,Solar,N/A,40.25,51,0.373,19,32,2,13876,6640,7236,27,17,44,89,0.303,272.10,0.53,0.33,0.86,1.75
Prospect,,Zombslayr,Air Buds,Puppy Paradise,Solar,N/A,40.40,42,0.429,18,24,5,15228,8730,6498,38,25,52,108,0.352,362.60,0.90,0.6,1.24,2.57
Prospect,,☭ Tuxedo Marx ☭,Zomberries,Spooky Breakfast Gang,Solar,N/A,58.80,59,0.627,37,22,10,18510,10520,7990,50,25,57,142,0.352,313.70,0.85,0.42,0.97,2.41
Contender,,aresofsparta1,Pterodactyls,Dino Park,Solar,N/A,45.90,52,0.327,17,35,7,16444,9010,7434,34,16,81,76,0.447,316.20,0.65,0.31,1.56,1.46
Contender,,AustinTeaPartie,Secte Rouge,The Order,Lunar,N/A,58.25,45,0.689,31,14,12,15822,8800,7022,40,24,52,100,0.400,351.60,0.89,0.53,1.16,2.22
Contender,,Based F8ME,Marinara,Fifty-Fifty Pizzeria,Solar,N/A,52.97,43,0.488,21,22,11,14272,8000,6272,39,18,47,85,0.459,331.90,0.91,0.42,1.09,1.98
Contender,,BatmansCuteAF,Sea Turtles,The Ocean,Solar,N/A,47.10,48,0.396,19,29,6,14955,8730,6225,40,25,53,83,0.482,311.60,0.83,0.52,1.1,1.73
Contender,,Bill Nye The Kitten Guy,Overcast,Storm,Solar,N/A,50.14,49,0.510,25,24,7,15242,8300,6942,33,16,62,110,0.300,311.10,0.67,0.33,1.27,2.24
Contender,,binx,Anacondas,The Serpents,Solar,N/A,45.00,46,0.174,8,38,4,12454,6520,5934,27,13,48,77,0.351,270.70,0.59,0.28,1.04,1.67
Contender,,BlooperCS,Pathfinder,Mission Control,Lunar,N/A,49.00,52,0.462,24,28,11,16035,8200,7835,35,14,61,95,0.368,308.40,0.67,0.27,1.17,1.83
Contender,,BreadMG,Thunder Buddies,Electric Mayhem,Lunar,N/A,49.50,59,0.441,26,33,16,20160,11140,9020,43,20,89,139,0.309,341.70,0.73,0.34,1.51,2.36
Contender,,Coke Head,PermFA,Permanent Free Agent,N/A,N/A,33.29,3,0.333,1,2,0,690,330,360,1,1,3,3,0.333,230.00,0.33,0.33,1,1
Contender,,COOPERation513,Sea Turtles,The Ocean,Solar,N/A,62.90,46,0.413,19,27,12,17115,10360,6755,51,26,49,151,0.338,372.10,1.11,0.57,1.07,3.28
Contender,,Crzykil,Pathfinder,πολύ κεφάλη,Lunar,N/A,48.30,29,0.483,14,15,3,7500,4070,3430,24,7,16,52,0.462,258.60,0.83,0.24,0.55,1.79
Contender,,cubbyybbuc,Arctic Foxes,Polar Vortex,Lunar,N/A,52.94,31,0.581,18,13,8,9493,5030,4463,23,10,29,78,0.295,306.20,0.74,0.32,0.94,2.52
Contender,,Dementor,Hellions,πολύ κεφάλη,Lunar,N/A,51.80,53,0.585,31,22,13,17624,10350,7274,41,27,73,125,0.328,332.50,0.77,0.51,1.38,2.36
Contender,,DerpPanther,FA,The Comic Crusaders,Solar,N/A,51.01,11,0.455,5,6,3,3396,1800,1596,5,8,13,25,0.200,308.70,0.45,0.73,1.18,2.27
Contender,,Draconium,Anacondas,The Serpents,Solar,N/A,32.92,35,0.200,7,28,0,7948,4160,3788,17,12,28,46,0.370,227.10,0.49,0.34,0.8,1.31
Contender,,Drip2Ez,Stargazers,The Abyss,Lunar,N/A,61.50,46,0.587,27,19,9,15134,8690,6444,41,20,48,119,0.345,329.00,0.89,0.43,1.04,2.59
Contender,,EarthArc2157,Samurai,The Sovereign,Lunar,N/A,59.40,51,0.667,34,17,21,20292,11910,8382,56,34,63,146,0.384,397.90,1.10,0.67,1.24,2.86
Contender,,FCX,Pathfinder,The Serpents,Solar,N/A,62.20,48,0.396,19,29,6,14326,7750,6576,35,19,47,95,0.368,298.50,0.73,0.4,0.98,1.98
Contender,,French Fry,Pumpkins,The Garden,Lunar,N/A,44.60,38,0.605,23,15,4,10642,6210,4432,31,19,29,71,0.437,280.10,0.82,0.5,0.76,1.87
Contender,,Fz Yolo,Snap-Its,Fallout Shelter,Solar,N/A,74.77,26,0.654,17,9,10,11240,6880,4360,34,25,27,88,0.386,432.30,1.31,0.96,1.04,3.38
Contender,,galico,Snap-Its,Fallout Shelter,Solar,N/A,57.50,47,0.766,36,11,12,17539,11090,6449,59,34,43,134,0.440,373.20,1.26,0.72,0.91,2.85
Contender,,Gremlin,Alley Cats,The Swarm,Solar,N/A,43.50,46,0.522,24,22,7,15784,8340,7444,38,24,45,109,0.349,343.10,0.83,0.52,0.98,2.37
Contender,,Grubslife,Thunder Buddies,Electric Mayhem,Lunar,N/A,24.50,7,0.286,2,5,0,1586,750,836,3,0,6,15,0.200,226.60,0.43,0,0.86,2.14
Contender,,gum,FA,Mission Control,Lunar,N/A,42.70,4,0.500,2,2,0,1097,670,427,3,0,6,7,0.429,274.30,0.75,0,1.5,1.75
Contender,,H2O DemonaiBoss,Stargazers,The Abyss,Lunar,N/A,47.63,39,0.359,14,25,4,11275,6230,5045,31,13,32,88,0.352,289.10,0.79,0.33,0.82,2.26
Contender,,IcingGamingxxYT,Secte Rouge,The Order,Lunar,N/A,50.30,57,0.632,36,21,15,21373,12440,8933,53,28,83,159,0.333,375.00,0.93,0.49,1.46,2.79
Contender,,ImGonPreDude,Pumpkins,The Garden,Lunar,N/A,73.30,45,0.667,30,15,11,16205,9580,6625,45,27,50,123,0.366,360.10,1.00,0.6,1.11,2.73
Contender,,INF3RN0 Storm,Hellions,πολύ κεφάλη,Lunar,N/A,68.98,37,0.649,24,13,14,15081,9110,5971,43,23,49,121,0.355,407.60,1.16,0.62,1.32,3.27
Contender,,ItSlappy,Pumpkins,The Garden,Lunar,N/A,70.82,49,0.694,34,15,16,20005,11910,8095,60,35,52,156,0.385,408.30,1.22,0.71,1.06,3.18
Contender,,Jetison333,FA,Storm,Solar,N/A,32.80,21,0.333,7,14,4,5216,2880,2336,16,3,13,48,0.333,248.40,0.76,0.14,0.62,2.29
Contender,RSC000499,johkev,Snap-Its,Fallout Shelter,Solar,N/A,51.70,41,0.829,34,7,10,16116,9840,6276,52,30,38,124,0.419,393.10,1.27,0.73,0.93,3.02
Contender,,Jonesopolis,Pathfinder,Mission Control,Lunar,N/A,44.90,54,0.444,24,30,10,15787,8940,6847,35,19,69,104,0.337,292.40,0.65,0.35,1.28,1.93
Contender,,KCman13,Pumpkins,The Garden,Lunar,N/A,55.38,4,1.000,4,0,1,1428,1000,428,6,2,4,10,0.600,357.00,1.50,0.5,1,2.5
Contender,,Krimghor,Sea Turtles,The Ocean,Solar,N/A,50.90,33,0.515,17,16,2,9265,5140,4125,19,22,28,74,0.257,280.80,0.58,0.67,0.85,2.24
Contender,,Mario_RL,Stargazers,The Abyss,Lunar,N/A,58.74,57,0.597,34,23,14,18835,11200,7635,60,36,33,175,0.343,330.40,1.05,0.63,0.58,3.07
Contender,,Marm,Secte Rouge,The Order,Lunar,N/A,31.61,11,0.455,5,6,0,2409,1430,979,6,4,9,18,0.333,219.00,0.55,0.36,0.82,1.64
Contender,,Mimzy Dangerous,PermFA,Permanent Free Agent,N/A,N/A,20.19,2,1.000,2,0,0,272,110,162,0,1,1,1,0.000,136.00,0.00,0.5,0.5,0.5
Contender,,Mintyycold2,Hellions,πολύ κεφάλη,Lunar,N/A,51.31,34,0.324,11,23,5,10866,5880,4986,24,16,39,73,0.329,319.60,0.71,0.47,1.15,2.15
Contender,,MONSTERBUCK46,Samurai,The Sovereign,Lunar,N/A,31.30,42,0.714,30,12,3,13426,7010,6416,23,29,48,86,0.267,319.70,0.55,0.69,1.14,2.05
Contender,,MoreAwpsPlease,Alley Cats,The Cat Cafe,Solar,N/A,69.40,48,0.438,21,27,7,15947,8840,7107,38,26,55,99,0.384,332.20,0.79,0.54,1.15,2.06
Contender,,N8BNSN,Samurai,The Sovereign,Lunar,N/A,29.60,33,0.636,21,12,7,9752,5420,4332,26,15,27,72,0.361,295.50,0.79,0.45,0.82,2.18
Contender,,Ncreds72,Secte Rouge,The Order,Lunar,N/A,43.17,51,0.628,32,19,8,13925,8010,5915,39,26,39,86,0.454,273.00,0.76,0.51,0.76,1.69
Contender,,o0SkilledACE0o,Overcast,Storm,Solar,N/A,41.68,8,0.250,2,6,0,2357,1380,977,4,6,11,13,0.308,294.60,0.50,0.75,1.38,1.63
Contender,,OhShirlena,Roaches,The Swarm,Solar,N/A,61.21,51,0.412,21,30,12,18692,10160,8532,40,26,70,136,0.294,366.50,0.78,0.51,1.37,2.67
Contender,,OwnerOfTheWhiteSedan,Marinara,Fifty-Fifty Pizzeria,Solar,N/A,24.40,50,0.520,26,24,3,13778,7410,6368,33,20,42,101,0.327,275.60,0.66,0.4,0.84,2.02
Contender,,PAPAHOFF420,Arctic Foxes,Polar Vortex,Lunar,N/A,29.40,41,0.561,23,18,5,10823,5530,5293,23,20,29,78,0.295,264.00,0.56,0.49,0.71,1.9
Contender,,PatrickShwastey,FA,The Serpents,Solar,N/A,55.50,27,0.222,6,21,1,6076,2900,3176,8,11,25,30,0.267,225.00,0.30,0.41,0.93,1.11
Contender,,pH,Samurai,The Sovereign,Lunar,N/A,41.30,54,0.704,38,16,10,17683,10250,7433,52,30,44,135,0.385,327.50,0.96,0.56,0.81,2.5
Contender,,PURPLETOAD K1NG,FA,The Abyss,Lunar,N/A,57.00,18,0.667,12,6,0,4471,2370,2101,10,13,10,22,0.455,248.40,0.56,0.72,0.56,1.22
Contender,,Pursyyy,FA,Storm,Solar,N/A,46.30,7,0.429,3,4,1,2222,1220,1002,4,1,12,17,0.235,317.40,0.57,0.14,1.71,2.43
Contender,,Rebeljaymespruit,FA,Mission Control,Lunar,N/A,47.00,29,0.345,10,19,2,7185,3940,3245,14,10,31,49,0.286,247.80,0.48,0.34,1.07,1.69
Contender,,RisenWolfChamp,Arctic Foxes,Polar Vortex,Lunar,N/A,41.70,33,0.455,15,18,0,8086,4470,3616,18,16,25,62,0.290,245.00,0.55,0.48,0.76,1.88
Contender,,RogueUM,Snap-Its,Fallout Shelter,Solar,N/A,63.20,54,0.778,42,12,11,19277,11930,7347,58,48,46,143,0.406,357.00,1.07,0.89,0.85,2.65
Contender,RSC002412,RoseFanatic3615,Anacondas,The Serpents,Solar,N/A,40.48,21,0.143,3,18,1,5226,2170,3056,8,6,16,27,0.296,248.90,0.38,0.29,0.76,1.29
Contender,,Rummage,Arctic Foxes,Polar Vortex,Lunar,N/A,68.46,59,0.559,33,26,18,22764,12760,10004,66,35,52,181,0.365,385.80,1.12,0.59,0.88,3.07
Contender,,Sanazze,Pumpkins,The Garden,Lunar,N/A,48.35,47,0.447,21,26,4,13267,6710,6557,26,20,41,106,0.245,282.30,0.55,0.43,0.87,2.26
Contender,,SEF_ASSasin666,Anacondas,Fifty-Fifty Pizzeria,Solar,N/A,56.30,39,0.205,8,31,3,11243,5890,5353,26,12,40,69,0.377,288.30,0.67,0.31,1.03,1.77
Contender,,SgtBOOM09,Roaches,The Swarm,Solar,N/A,33.80,34,0.206,7,27,1,7636,3950,3686,21,12,15,50,0.420,224.60,0.62,0.35,0.44,1.47
Contender,,Shadowasders,Alley Cats,The Cat Cafe,Solar,N/A,49.17,13,0.308,4,9,1,4021,2230,1791,10,5,14,28,0.357,309.30,0.77,0.38,1.08,2.15
Contender,,SlammedZ,Overcast,Storm,Solar,N/A,14.40,47,0.447,21,26,4,13062,6990,6072,26,16,57,74,0.351,277.90,0.55,0.34,1.21,1.57
Contender,,Sleepy Eyes,Roaches,The Swarm,Solar,N/A,45.90,59,0.356,21,38,7,17263,9380,7883,40,18,66,118,0.339,292.60,0.68,0.31,1.12,2
Contender,,slingshot_dB,Alley Cats,The Cat Cafe,Solar,N/A,23.90,44,0.523,23,21,5,11521,6520,5001,32,12,40,72,0.444,261.80,0.73,0.27,0.91,1.64
Contender,,SnowMonkey,FA,The Comic Crusaders,Solar,N/A,1.53,8,0.125,1,7,0,410,140,270,0,1,1,4,0.000,51.30,0.00,0.13,0.13,0.5
Contender,,SpriteMichaeler,Hellions,πολύ κεφάλη,Lunar,N/A,60.20,53,0.623,33,20,5,14866,8560,6306,36,31,48,101,0.356,280.50,0.68,0.58,0.91,1.91
Contender,,Sup3rm4ngt,Thunder Buddies,Electric Mayhem,Lunar,N/A,41.66,57,0.439,25,32,5,14820,7750,7070,33,17,51,105,0.314,260.00,0.58,0.3,0.89,1.84
Contender,,The_Elder_Pickle,Overcast,The Abyss,Lunar,N/A,66.50,40,0.700,28,12,10,12589,6930,5659,31,30,28,93,0.333,314.70,0.78,0.75,0.7,2.33
Contender,,thesquireofstash,PermFA,Permanent Free Agent,N/A,N/A,37.08,10,0.100,1,9,1,2494,1080,1414,2,2,13,13,0.154,249.40,0.20,0.2,1.3,1.3
Contender,,ThyCallMeSaturn,Stargazers,The Abyss,Lunar,N/A,40.06,13,0.154,2,11,0,3351,1740,1611,7,4,12,24,0.292,257.80,0.54,0.31,0.92,1.85
Contender,,timothy82286,Pterodactyls,Dino Park,Solar,N/A,47.57,42,0.310,13,29,4,11976,6030,5946,27,12,37,88,0.307,285.10,0.64,0.29,0.88,2.1
Contender,,TreeeDreams,FA,Polar Vortex,Lunar,N/A,67.20,39,0.641,25,14,8,12539,7980,4559,39,23,38,103,0.379,321.50,1.00,0.59,0.97,2.64
Contender,,Trop Ignorance,FA,The Cat Cafe,Solar,N/A,38.30,22,0.182,4,18,1,4704,2360,2344,5,9,22,31,0.161,213.80,0.23,0.41,1,1.41
Contender,,UnnecessaryDebt,Marinara,Fifty-Fifty Pizzeria,Solar,N/A,50.74,37,0.568,21,16,11,12302,7260,5042,34,15,48,71,0.479,332.50,0.92,0.41,1.3,1.92
Contender,,WIPEOUT,Pterodactyls,Dino Park,Solar,N/A,40.30,19,0.316,6,13,1,4613,2470,2143,10,5,20,22,0.455,242.80,0.53,0.26,1.05,1.16
Contender,,xBLAZE DAT ASSx,Thunder Buddies,The Garden,Lunar,N/A,37.10,39,0.692,27,12,7,12234,6870,5364,31,21,37,87,0.356,313.70,0.79,0.54,0.95,2.23
Contender,,xNolan,Marinara,Fifty-Fifty Pizzeria,Solar,N/A,46.10,45,0.444,20,25,4,12439,6380,6059,21,20,49,83,0.253,276.40,0.47,0.44,1.09,1.84
Contender,,XxDarkSidexX,Sea Turtles,The Ocean,Solar,N/A,41.27,22,0.409,9,13,3,5288,2690,2598,9,16,11,44,0.205,240.40,0.41,0.73,0.5,2
Contender,,Xxsetupking97xX,Roaches,The Cat Cafe,Solar,N/A,61.00,38,0.368,14,24,6,12295,7010,5285,30,16,49,76,0.395,323.60,0.79,0.42,1.29,2
Contender,,zignian,Pterodactyls,Dino Park,Solar,N/A,40.25,24,0.458,11,13,2,6261,3140,3121,11,9,25,34,0.324,260.90,0.46,0.38,1.04,1.42
Contender,,º¿º,FA,The Comic Crusaders,Solar,N/A,35.65,4,0.250,1,3,0,1065,660,405,2,3,5,6,0.333,266.30,0.50,0.75,1.25,1.5
Amateur,,AB26Panther,Rattlers,The Serpents,Solar,N/A,56.70,54,0.556,30,24,13,18888,10460,8428,50,31,49,146,0.343,349.80,0.93,0.57,0.91,2.7
Amateur,,aMyestro,FA,The Comic Crusaders,Solar,N/A,39.51,5,0.000,0,5,0,1229,580,649,2,1,5,8,0.250,245.80,0.40,0.2,1,1.6
Amateur,,Averytt10,Cheese Fries,Fifty-Fifty Pizzeria,Solar,N/A,48.00,50,0.520,26,24,10,15199,8660,6539,41,18,55,91,0.451,304.00,0.82,0.36,1.1,1.82
Amateur,,bernatra,Huns,The Sovereign,Lunar,N/A,42.90,43,0.326,14,29,4,10974,6020,4954,32,12,29,77,0.416,255.20,0.74,0.28,0.67,1.79
Amateur,,BLAPGaming,FA,The Swarm,Solar,N/A,27.50,8,0.375,3,5,1,1630,640,990,1,1,8,9,0.111,203.80,0.13,0.13,1,1.13
Amateur,,bnasty285,Kittens,The Cat Cafe,Solar,N/A,52.00,55,0.418,23,32,8,15267,8550,6717,33,22,66,85,0.388,277.60,0.60,0.4,1.2,1.55
Amateur,,chadeu,Otters,The Ocean,Solar,N/A,82.50,48,0.688,33,15,16,17776,10300,7476,58,29,31,150,0.387,370.30,1.21,0.6,0.65,3.13
Amateur,,charlieharley1,FA,The Comic Crusaders,Solar,N/A,22.90,4,0.250,1,3,0,656,290,366,1,0,3,4,0.250,164.00,0.25,0,0.75,1
Amateur,,CobraKaiRL,Kittens,The Abyss,Lunar,N/A,18.90,16,0.500,8,8,1,3989,2310,1679,12,7,11,21,0.571,249.30,0.75,0.44,0.69,1.31
Amateur,,Cs o Gunkiller,Watts,Electric Mayhem,Lunar,N/A,59.80,52,0.442,23,29,4,13185,7620,5565,34,18,47,97,0.351,253.60,0.65,0.35,0.9,1.87
Amateur,,CubsFan082016,Cheese Fries,Fifty-Fifty Pizzeria,Solar,N/A,9.10,16,0.250,4,12,0,2193,1040,1153,5,2,6,14,0.357,137.10,0.31,0.13,0.38,0.88
Amateur,RSC002413,Dafiya711,PermFA,Permanent Free Agent,N/A,N/A,29.98,4,0.250,1,3,0,732,260,472,1,1,1,6,0.167,183.00,0.25,0.25,0.25,1.5
Amateur,,DaTurquoisOrang,Blobfish,The Abyss,Lunar,N/A,54.53,19,0.474,9,10,3,5655,3320,2335,16,7,22,27,0.593,297.60,0.84,0.37,1.16,1.42
Amateur,,Dead Friend7,Otters,The Ocean,Solar,N/A,45.40,50,0.620,31,19,6,15160,8230,6930,37,22,48,103,0.359,303.20,0.74,0.44,0.96,2.06
Amateur,,Dtduno,Spinosaurus,Dino Park,Solar,N/A,79.80,46,0.457,21,25,16,17004,9330,7674,47,21,53,93,0.505,369.70,1.02,0.46,1.15,2.02
Amateur,,Fictional425,Odyssey,Mission Control,Lunar,N/A,58.88,17,0.647,11,6,2,4947,2870,2077,14,12,11,32,0.438,291.00,0.82,0.71,0.65,1.88
Amateur,,g8rnc,FA,The Order,Lunar,N/A,34.90,17,0.177,3,14,0,4402,2550,1852,11,4,19,30,0.367,258.90,0.65,0.24,1.12,1.76
Amateur,,InwardLicense54,Kittens,The Cat Cafe,Solar,N/A,47.60,47,0.468,22,25,5,12648,6770,5878,36,19,26,92,0.391,269.10,0.77,0.4,0.55,1.96
Amateur,,jcrboy,Odyssey,Mission Control,Lunar,N/A,43.43,44,0.659,29,15,3,10196,5240,4956,24,19,23,74,0.324,231.70,0.55,0.43,0.52,1.68
Amateur,,Jordayumm,Blobfish,The Abyss,Lunar,N/A,93.60,51,0.608,31,20,20,20651,11300,9351,55,27,57,160,0.344,404.90,1.08,0.53,1.12,3.14
Amateur,,JuiceTh3Creator,Watts,Electric Mayhem,Lunar,N/A,37.40,18,0.278,5,13,2,4094,1890,2204,9,7,7,29,0.310,227.40,0.50,0.39,0.39,1.61
Amateur,,knobazoid,Opus Dei,The Order,Lunar,N/A,52.70,47,0.319,15,32,4,12050,6440,5610,27,13,44,89,0.303,256.40,0.57,0.28,0.94,1.89
Amateur,,L3g1t L3ge3nd,Kittens,The Cat Cafe,Solar,N/A,54.90,53,0.377,20,33,9,13579,6770,6809,29,21,38,92,0.315,256.20,0.55,0.4,0.72,1.74
Amateur,,langille_21,Otters,The Ocean,Solar,N/A,74.10,48,0.646,31,17,10,14758,7700,7058,38,19,42,85,0.447,307.50,0.79,0.4,0.88,1.77
Amateur,,mbolt05,Otters,The Ocean,Solar,N/A,23.20,18,0.333,6,12,0,3613,1790,1823,4,8,15,24,0.167,200.70,0.22,0.44,0.83,1.33
Amateur,,metzra_,Odyssey,Mission Control,Lunar,N/A,57.30,52,0.654,34,18,19,18848,10910,7938,51,32,54,151,0.338,362.50,0.98,0.62,1.04,2.9
Amateur,,Mintie,Spinosaurus,Dino Park,Solar,N/A,39.10,38,0.368,14,24,3,6858,3660,3198,18,9,19,46,0.391,180.50,0.47,0.24,0.5,1.21
Amateur,,Mr.Numb3rz,Watts,The Sovereign,Lunar,N/A,51.70,34,0.677,23,11,16,13592,7810,5782,45,16,27,116,0.388,399.80,1.32,0.47,0.79,3.41
Amateur,,nacho,Cheese Fries,Fifty-Fifty Pizzeria,Solar,N/A,40.70,53,0.528,28,25,6,13957,6830,7127,17,13,78,58,0.293,263.30,0.32,0.25,1.47,1.09
Amateur,,onemanblitz,FA,The Cat Cafe,Solar,N/A,21.10,5,0.000,0,5,0,841,290,551,1,1,2,4,0.250,168.20,0.20,0.2,0.4,0.8
Amateur,,pablo v2,Zerglings,The Swarm,Solar,N/A,38.20,49,0.612,30,19,5,11105,6170,4935,27,24,29,82,0.329,226.60,0.55,0.49,0.59,1.67
Amateur,,Papa Lane 88,Spinosaurus,Dino Park,Solar,N/A,40.04,53,0.415,22,31,3,11951,5730,6221,23,22,34,63,0.365,225.50,0.43,0.42,0.64,1.19
Amateur,,perk_at_play,Cheese Fries,Fifty-Fifty Pizzeria,Solar,N/A,48.60,46,0.565,26,20,12,15043,8340,6703,41,13,50,109,0.376,327.00,0.89,0.28,1.09,2.37
Amateur,,PNasty_1224,Zerglings,The Swarm,Solar,N/A,49.65,47,0.638,30,17,6,12558,6860,5698,29,21,41,86,0.337,267.20,0.62,0.45,0.87,1.83
Amateur,,POTEAT_84,Huns,The Sovereign,Lunar,N/A,54.57,41,0.342,14,27,3,12152,7150,5002,30,19,49,75,0.400,296.40,0.73,0.46,1.2,1.83
Amateur,,Quaice,Opus Dei,The Order,Lunar,N/A,52.50,46,0.283,13,33,8,14607,7380,7227,35,15,44,93,0.376,317.50,0.76,0.33,0.96,2.02
Amateur,,RaymondPart1,Rattlers,The Serpents,Solar,N/A,18.40,17,0.353,6,11,1,4079,2260,1819,8,8,17,21,0.381,239.90,0.47,0.47,1,1.24
Amateur,,Rocci,Rattlers,The Serpents,Solar,N/A,47.60,45,0.600,27,18,6,12353,6810,5543,29,17,45,81,0.358,274.50,0.64,0.38,1,1.8
Amateur,,shane9b3,Spinosaurus,Dino Park,Solar,N/A,45.50,31,0.290,9,22,0,9507,5250,4257,23,10,37,60,0.383,306.70,0.74,0.32,1.19,1.94
Amateur,,SkiddlyDiddly16,Odyssey,Mission Control,Lunar,N/A,65.10,55,0.673,37,18,13,18959,10830,8129,62,23,40,148,0.419,344.70,1.13,0.42,0.73,2.69
Amateur,,Solidfisher63,Rattlers,The Serpents,Solar,N/A,44.00,49,0.551,27,22,10,15456,9270,6186,48,23,41,127,0.378,315.40,0.98,0.47,0.84,2.59
Amateur,,Stale Popcorn,Watts,Electric Mayhem,Lunar,N/A,47.62,44,0.500,22,22,3,11353,5260,6093,22,21,23,86,0.256,258.00,0.50,0.48,0.52,1.95
Amateur,RSC000323,Styk75,Opus Dei,The Order,Lunar,N/A,69.50,46,0.304,14,32,3,9825,5160,4665,21,21,30,51,0.412,213.60,0.46,0.46,0.65,1.11
Amateur,,SvG_Finesse,Potatoes,The Garden,Lunar,N/A,-4.90,3,0.667,2,1,0,464,220,244,0,2,2,2,0.000,154.70,0.00,0.67,0.67,0.67
Amateur,,SvG_KingCanix,Potatoes,The Garden,Lunar,N/A,43.40,55,0.673,37,18,12,18194,11310,6884,65,34,34,141,0.461,330.80,1.18,0.62,0.62,2.56
Amateur,,SvG_Spookmyoof,Potatoes,The Garden,Lunar,N/A,27.80,56,0.661,37,19,2,12264,6860,5404,26,31,39,76,0.342,219.00,0.46,0.55,0.7,1.36
Amateur,,Swaney24,Potatoes,The Garden,Lunar,N/A,71.30,52,0.673,35,17,23,20453,11490,8963,66,27,40,154,0.429,393.30,1.27,0.52,0.77,2.96
Amateur,,T-t-tangent,PermFA,Electric Mayhem,Lunar,N/A,44.80,13,0.231,3,10,1,2954,1520,1434,9,3,6,17,0.529,227.20,0.69,0.23,0.46,1.31
Amateur,,TheTerminiator,Opus Dei,The Abyss,Lunar,N/A,51.40,23,0.348,8,15,2,5293,2450,2843,7,9,21,25,0.280,230.10,0.30,0.39,0.91,1.09
Amateur,,TheWainMaker,Blobfish,The Abyss,Lunar,N/A,36.20,55,0.564,31,24,5,14978,8640,6338,35,26,56,104,0.337,272.30,0.64,0.47,1.02,1.89
Amateur,,Thunda Esq,Huns,The Sovereign,Lunar,N/A,34.90,54,0.296,16,38,7,17684,9910,7774,43,30,61,106,0.406,327.50,0.80,0.56,1.13,1.96
Amateur,,Trios,Blobfish,The Swarm,Solar,N/A,53.90,25,0.640,16,9,2,6752,4010,2742,24,13,11,41,0.585,270.10,0.96,0.52,0.44,1.64
Amateur,,underbreadbore,Huns,The Sovereign,Lunar,N/A,36.10,26,0.192,5,21,2,7338,3510,3828,11,12,28,41,0.268,282.20,0.42,0.46,1.08,1.58
Amateur,,Widdl,Zerglings,The Swarm,Solar,N/A,83.20,47,0.638,30,17,21,19225,11540,7685,70,24,33,169,0.414,409.00,1.49,0.51,0.7,3.6
Amateur,,WoMbAt nPpLeS,Zerglings,The Swarm,Solar,N/A,46.99,12,0.500,6,6,1,3076,1810,1266,9,3,10,26,0.346,256.30,0.75,0.25,0.83,2.17
Amateur,,zignian,Potatoes,The Garden,Lunar,N/A,57.61,2,0.000,0,2,0,606,430,176,2,1,3,3,0.667,303.00,1.00,0.5,1.5,1.5