Tier,RSC ID,Player Name,Team(s),Franchise(s),Conference,SBV,TS,GP,PWE,WP,W,L,P,SP,NP,G,A,Sv,S,S%,P/A,SP/A,NP/A,G/A,A/A,Sv/A,S/A,P/G,SP/G,NP/G,G/G,A/G,Sv/G,S/G,tm_G,opp_G,tm_G/A,opp_G/A,tm_G/G,opp_G/G
Prospect,RSC002880,Aitan,Odyssey,Mission Control,Solar,105.2,841,60,0.726,0.783,47,13,26016,15330,10686,67,50,77,228,29.4%,424.6,250.2,174.4,1.09,0.82,1.26,3.72,433.6,255.5,178.1,1.12,0.83,1.28,3.8,179,95,2.92,1.55,2.98,1.58
Prospect,RSC002562,Yung,Ravagers,The Swarm,Solar,100.5,859,59,0.631,0.644,38,21,26762,16010,10752,78,42,77,226,34.5%,427.6,255.8,171.8,1.25,0.67,1.23,3.61,453.6,271.4,182.2,1.32,0.71,1.31,3.83,171,121,2.73,1.93,2.9,2.05
Prospect,RSC001962,Fiftygod,Dolphins,The Ocean,Solar,75.6,767,55,0.608,0.6,33,22,21352,13280,8072,69,24,68,178,38.8%,382.1,237.6,144.4,1.23,0.43,1.22,3.19,388.2,241.5,146.8,1.25,0.44,1.24,3.24,140,105,2.51,1.88,2.55,1.91
Prospect,RSC000663,Thedrprofessornoah,Blacktips,Shark Attack,Lunar,75.4,800,59,0.623,0.61,36,23,20721,12090,8631,44,52,72,149,29.5%,355.5,207.4,148.1,0.75,0.89,1.24,2.56,351.2,204.9,146.3,0.75,0.88,1.22,2.53,155,112,2.66,1.92,2.63,1.9
Prospect,RSC002493,Chit,Drizzle,Storm,Solar,75.2,742,55,0.792,0.818,45,10,19465,11280,8185,52,43,50,143,36.4%,360.0,208.6,151.4,0.96,0.8,0.92,2.64,353.9,205.1,148.8,0.95,0.78,0.91,2.6,166,69,3.07,1.28,3.02,1.25
Prospect,RSC002709,Nightstalker1674,Tomatoes,The Garden,Lunar,74.7,250,20,0.632,0.75,15,5,7206,4150,3056,21,8,23,50,42.0%,395.6,227.8,167.8,1.15,0.44,1.26,2.74,360.3,207.5,152.8,1.05,0.4,1.15,2.5,47,33,2.58,1.81,2.35,1.65
Prospect,RSC000313,Hendo,Spastics,The Quad Dynasty,Solar,73.1,854,59,0.625,0.661,39,20,22160,13430,8730,68,34,58,203,33.5%,356.1,215.8,140.3,1.09,0.55,0.93,3.26,375.6,227.6,148.0,1.15,0.58,0.98,3.44,173,125,2.78,2.01,2.93,2.12
Prospect,RSC002357,Bieles,Supernova,The Cosmos,Solar,73.0,809,56,0.649,0.661,37,19,22260,13950,8310,76,30,64,165,46.1%,377.6,236.7,141.0,1.29,0.51,1.09,2.8,397.5,249.1,148.4,1.36,0.54,1.14,2.95,166,112,2.82,1.9,2.96,2.0
Prospect,RSC002894,Jax,Nines,House of Cards,Lunar,72.7,663,51,0.617,0.686,35,16,18239,10700,7539,50,32,59,115,43.5%,377.6,221.5,156.1,1.04,0.66,1.22,2.38,357.6,209.8,147.8,0.98,0.63,1.16,2.25,139,103,2.88,2.13,2.73,2.02
Prospect,,Ca$H,Purristas,The Cat Cafe,Lunar,72.7,342,28,0.377,0.357,10,18,9011,4230,4781,12,16,30,73,16.4%,361.6,169.7,191.9,0.48,0.64,1.2,2.93,321.8,151.1,170.8,0.43,0.57,1.07,2.61,39,55,1.57,2.21,1.39,1.96
Prospect,RSC003093,Communistcowboy,Air Buds,Puppy Paradise,Solar,71.9,51,4,0.406,0.25,1,3,1463,790,673,2,2,8,9,22.2%,393.7,212.6,181.1,0.54,0.54,2.15,2.42,365.8,197.5,168.3,0.5,0.5,2.0,2.25,7,9,1.88,2.42,1.75,2.25
Prospect,,Gamma,Drizzle,Storm,Solar,71.2,729,55,0.769,0.782,43,12,19312,11120,8192,55,30,52,152,36.2%,363.6,209.3,154.2,1.04,0.56,0.98,2.86,351.1,202.2,148.9,1.0,0.55,0.95,2.76,164,75,3.09,1.41,2.98,1.36
Prospect,RSC002736,Chulainn,Earth,The Elements,Lunar,71.2,643,45,0.531,0.511,23,22,17629,11030,6599,59,18,56,143,41.3%,376.3,235.4,140.9,1.26,0.38,1.2,3.05,391.8,245.1,146.6,1.31,0.4,1.24,3.18,117,108,2.5,2.31,2.6,2.4
Prospect,RSC002736,Chulainn,Earth,The Elements,Lunar,71.2,643,45,0.531,0.511,23,22,17629,11030,6599,59,18,56,143,41.3%,376.3,235.4,140.9,1.26,0.38,1.2,3.05,391.8,245.1,146.6,1.31,0.4,1.24,3.18,117,108,2.5,2.31,2.6,2.4
Prospect,RSC000441,Wolfocus,Compost Bins,Waste Management,Solar,70.8,739,55,0.594,0.6,33,22,20068,11950,8118,54,31,72,140,38.6%,372.7,221.9,150.8,1.0,0.58,1.34,2.6,364.9,217.3,147.6,0.98,0.56,1.31,2.55,137,107,2.54,1.99,2.49,1.95
Prospect,RSC001946,Fritzoz,Blacktips,Shark Attack,Lunar,69.9,122,10,0.733,0.8,8,2,2993,1770,1223,7,8,9,22,31.8%,336.7,199.1,137.6,0.79,0.9,1.01,2.47,299.3,177.0,122.3,0.7,0.8,0.9,2.2,30,16,3.37,1.8,3.0,1.6
Prospect,RSC000775,Lucky Ducky,Stargazers,The Abyss,Lunar,69.8,643,49,0.434,0.429,21,28,17033,9950,7083,41,30,63,120,34.2%,363.6,212.4,151.2,0.88,0.64,1.34,2.56,347.6,203.1,144.6,0.84,0.61,1.29,2.45,104,123,2.22,2.63,2.12,2.51
Prospect,RSC002917,Arbartenn,Koala Bears,The Bear Den,Lunar,68.9,740,58,0.636,0.638,37,21,20415,11650,8765,55,20,72,155,35.5%,378.6,216.1,162.6,1.02,0.37,1.34,2.87,352.0,200.9,151.1,0.95,0.34,1.24,2.67,136,94,2.52,1.74,2.34,1.62
Prospect,RSC002564,Tpural,Drizzle,Storm,Solar,68.4,794,59,0.765,0.78,46,13,20548,12300,8248,63,30,56,170,37.1%,355.2,212.6,142.6,1.09,0.52,0.97,2.94,348.3,208.5,139.8,1.07,0.51,0.95,2.88,175,81,3.02,1.4,2.97,1.37
Prospect,RSC002431,Tezukako,Air Buds,Puppy Paradise,Solar,68.4,217,14,0.38,0.286,4,10,5577,3290,2287,11,10,25,44,25.0%,352.7,208.1,144.6,0.7,0.63,1.58,2.78,398.4,235.0,163.4,0.79,0.71,1.79,3.14,29,40,1.83,2.53,2.07,2.86
Prospect,,Diesel,Nines,House of Cards,Lunar,66.8,443,35,0.535,0.571,20,15,12069,7030,5039,34,16,41,78,43.6%,373.9,217.8,156.1,1.05,0.5,1.27,2.42,344.8,200.9,144.0,0.97,0.46,1.17,2.23,83,76,2.57,2.35,2.37,2.17
Prospect,RSC001619,Rob,Spastics,The Quad Dynasty,Solar,66.7,855,59,0.624,0.661,39,20,21402,12580,8822,58,46,59,153,37.9%,343.5,201.9,141.6,0.93,0.74,0.95,2.46,362.7,213.2,149.5,0.98,0.78,1.0,2.59,174,126,2.79,2.02,2.95,2.14
Prospect,RSC002204,Mr.Numb3Rz,Okapis,The Jungle,Solar,66.6,242,18,0.638,0.611,11,7,6152,3760,2392,20,11,15,46,43.5%,348.9,213.2,135.7,1.13,0.62,0.85,2.61,341.8,208.9,132.9,1.11,0.61,0.83,2.56,45,31,2.55,1.76,2.5,1.72
Prospect,,Mrbastin,Gallimimus,Dino Park,Solar,66.3,681,52,0.4,0.442,23,29,18789,10650,8139,38,25,89,115,33.0%,378.7,214.6,164.0,0.77,0.5,1.79,2.32,361.3,204.8,156.5,0.73,0.48,1.71,2.21,96,125,1.93,2.52,1.85,2.4
Prospect,,Minty,"Nines
VCRs","House of Cards
Boomer Union",Lunar,66.1,602,46,0.58,0.609,28,18,15076,8470,6606,36,32,44,107,33.6%,343.7,193.1,150.6,0.82,0.73,1.0,2.44,327.7,184.1,143.6,0.78,0.7,0.96,2.33,112,91,2.55,2.07,2.43,1.98
Prospect,RSC002108,Donttreadonme777777,"Firecrackers
Gallimimus","Fallout Shelter
Dino Park",Solar,65.4,655,50,0.489,0.46,23,27,16925,9050,7875,38,30,52,115,33.0%,354.6,189.6,165.0,0.8,0.63,1.09,2.41,338.5,181.0,157.5,0.76,0.6,1.04,2.3,105,108,2.2,2.26,2.1,2.16
Prospect,RSC000932,Crispynuggets,Eclipse,North American Soccar Club,Solar,65.1,819,59,0.524,0.525,31,28,21577,12980,8597,75,20,54,178,42.1%,361.6,217.5,144.1,1.26,0.34,0.9,2.98,365.7,220.0,145.7,1.27,0.34,0.92,3.02,150,141,2.51,2.36,2.54,2.39
Prospect,RSC000217,Itsdapperdyl,Purristas,The Cat Cafe,Lunar,64.8,391,27,0.451,0.444,12,15,10343,5900,4443,28,13,34,75,37.3%,363.0,207.1,156.0,0.98,0.46,1.19,2.63,383.1,218.5,164.6,1.04,0.48,1.26,2.78,69,78,2.42,2.74,2.56,2.89
Prospect,RSC002351,Slappy Os,Templars,The Order,Lunar,64.5,727,51,0.556,0.608,31,20,18963,10650,8313,47,26,65,140,33.6%,358.0,201.1,156.9,0.89,0.49,1.23,2.64,371.8,208.8,163.0,0.92,0.51,1.27,2.75,124,107,2.34,2.02,2.43,2.1
Prospect,RSC000157,Billis_Xm,Templars,The Order,Lunar,63.6,238,17,0.52,0.471,8,9,6446,3730,2716,20,5,20,48,41.7%,371.7,215.1,156.6,1.15,0.29,1.15,2.77,379.2,219.4,159.8,1.18,0.29,1.18,2.82,38,36,2.19,2.08,2.24,2.12
Prospect,RSC002618,Dj9856,Supernova,The Cosmos,Solar,63.3,869,60,0.637,0.633,38,22,21940,12910,9030,58,37,73,161,36.0%,346.5,203.9,142.6,0.92,0.58,1.15,2.54,365.7,215.2,150.5,0.97,0.62,1.22,2.68,175,122,2.76,1.93,2.92,2.03
Prospect,,Lukekapo,Koala Bears,The Bear Den,Lunar,62.9,274,23,0.669,0.739,17,6,6788,3500,3288,13,13,21,50,26.0%,340.0,175.3,164.7,0.65,0.65,1.05,2.5,295.1,152.2,143.0,0.57,0.57,0.91,2.17,51,32,2.55,1.6,2.22,1.39
Prospect,RSC000038,Varenine,Punch-Outs,8-Bit Brigade,Lunar,62.6,737,55,0.523,0.6,33,22,19135,10860,8275,54,17,60,161,33.5%,356.3,202.2,154.1,1.01,0.32,1.12,3.0,347.9,197.5,150.5,0.98,0.31,1.09,2.93,122,115,2.27,2.14,2.22,2.09
Prospect,RSC002906,Packerboy6,Dolphins,The Ocean,Solar,62.4,728,52,0.65,0.654,34,18,18701,11190,7511,55,30,59,124,44.4%,352.6,211.0,141.6,1.04,0.57,1.11,2.34,359.6,215.2,144.4,1.06,0.58,1.13,2.38,138,92,2.6,1.73,2.65,1.77
Prospect,RSC000752,Zakaronincheese,Compost Bins,Waste Management,Solar,61.7,669,49,0.607,0.612,30,19,15456,8470,6986,39,30,32,147,26.5%,317.1,173.8,143.3,0.8,0.62,0.66,3.02,315.4,172.9,142.6,0.8,0.61,0.65,3.0,126,95,2.58,1.95,2.57,1.94
Prospect,,D.,Odyssey,Mission Control,Solar,59.6,707,50,0.741,0.82,41,9,16204,9510,6694,42,38,42,131,32.1%,314.6,184.6,129.9,0.82,0.74,0.82,2.54,324.1,190.2,133.9,0.84,0.76,0.84,2.62,156,79,3.03,1.53,3.12,1.58
Prospect,,Naz,Uruk-hai,Middle Earth,Lunar,59.5,670,51,0.464,0.471,24,27,17088,9670,7418,41,24,64,117,35.0%,350.0,198.1,152.0,0.84,0.49,1.31,2.4,335.1,189.6,145.5,0.8,0.47,1.25,2.29,115,126,2.36,2.58,2.25,2.47
Prospect,RSC002399,Mattyice,Okapis,The Jungle,Solar,59.2,753,57,0.536,0.491,28,29,18497,10460,8037,46,29,60,141,32.6%,337.1,190.6,146.5,0.84,0.53,1.09,2.57,324.5,183.5,141.0,0.81,0.51,1.05,2.47,135,123,2.46,2.24,2.37,2.16
Prospect,RSC002415,Goumfrugla,Firecrackers,Fallout Shelter,Solar,59.0,693,51,0.391,0.333,17,34,18196,9570,8626,33,27,78,102,32.4%,360.4,189.5,170.8,0.65,0.53,1.54,2.02,356.8,187.6,169.1,0.65,0.53,1.53,2.0,100,133,1.98,2.63,1.96,2.61
Prospect,RSC001410,Kd35Beastnation,Overture,Magnum Opus,Solar,59.0,599,41,0.434,0.39,16,25,15109,8270,6839,33,20,57,112,29.5%,346.2,189.5,156.7,0.76,0.46,1.31,2.57,368.5,201.7,166.8,0.8,0.49,1.39,2.73,83,99,1.9,2.27,2.02,2.41
Prospect,RSC003049,Lunarxaos,"Dolphins
Zomberries
Uruk-hai","The Ocean
Spooky Breakfast Gang
Middle Earth",Solar,58.7,217,16,0.692,0.813,13,3,5391,3040,2351,12,10,20,34,35.3%,341.0,192.3,148.7,0.76,0.63,1.26,2.15,336.9,190.0,146.9,0.75,0.63,1.25,2.13,47,28,2.97,1.77,2.94,1.75
Prospect,RSC000724,Dunnie14,VCRs,Boomer Union,Lunar,58.6,776,58,0.424,0.379,22,36,19797,10660,9137,40,30,78,126,31.7%,350.1,188.5,161.6,0.71,0.53,1.38,2.23,341.3,183.8,157.5,0.69,0.52,1.34,2.17,126,153,2.23,2.71,2.17,2.64
Prospect,,Titan,Legends of Tomorrow,The Comic Crusaders,Lunar,58.4,763,55,0.573,0.618,34,21,18585,10600,7985,50,30,54,140,35.7%,334.3,190.7,143.6,0.9,0.54,0.97,2.52,337.9,192.7,145.2,0.91,0.55,0.98,2.55,139,115,2.5,2.07,2.53,2.09
Prospect,,Xxfazepythrlxx.Ttv.Tiktok[Live],Okapis,The Jungle,Solar,57.9,769,59,0.538,0.508,30,29,18841,10620,8221,54,26,49,147,36.7%,336.3,189.5,146.7,0.96,0.46,0.87,2.62,319.3,180.0,139.3,0.92,0.44,0.83,2.49,139,126,2.48,2.25,2.36,2.14
Prospect,RSC002850,The Static,Salty Sardines,Fifty-Fifty Pizzeria,Lunar,57.8,563,39,0.54,0.538,21,18,13449,8170,5279,39,19,43,117,33.3%,327.8,199.2,128.7,0.95,0.46,1.05,2.85,344.8,209.5,135.4,1.0,0.49,1.1,3.0,102,92,2.49,2.24,2.62,2.36
Prospect,RSC000077,N8Bnsn,"Blacktips
Berserkers","Shark Attack
The Sovereign",Lunar,57.7,665,48,0.489,0.5,24,24,16143,8970,7173,38,26,53,122,31.1%,333.2,185.1,148.0,0.78,0.54,1.09,2.52,336.3,186.9,149.4,0.79,0.54,1.1,2.54,105,108,2.17,2.23,2.19,2.25
Prospect,RSC002480,Blizzyy,Tomatoes,The Garden,Lunar,57.7,526,37,0.408,0.405,15,22,13433,7150,6283,32,12,46,105,30.5%,350.5,186.6,163.9,0.83,0.31,1.2,2.74,363.1,193.2,169.8,0.86,0.32,1.24,2.84,72,92,1.88,2.4,1.95,2.49
Prospect,,Kli,Berserkers,The Sovereign,Lunar,57.7,513,38,0.425,0.342,13,25,12269,6760,5509,31,24,32,86,36.0%,328.2,180.9,147.4,0.83,0.64,0.86,2.3,322.9,177.9,145.0,0.82,0.63,0.84,2.26,80,97,2.14,2.6,2.11,2.55
Prospect,RSC000315,Maxox,"Uruk-hai
Overture","Middle Earth
Magnum Opus",Lunar,57.3,171,14,0.526,0.5,7,7,3927,2020,1907,10,8,6,32,31.3%,315.2,162.1,153.1,0.8,0.64,0.48,2.57,280.5,144.3,136.2,0.71,0.57,0.43,2.29,31,29,2.49,2.33,2.21,2.07
Prospect,RSC000442,Lynky,Koala Bears,The Bear Den,Lunar,57.1,542,43,0.607,0.581,25,18,12482,6430,6052,28,23,28,108,25.9%,316.1,162.8,153.2,0.71,0.58,0.71,2.73,290.3,149.5,140.7,0.65,0.53,0.65,2.51,96,72,2.43,1.82,2.23,1.67
Prospect,RSC002328,Trudsky,Blacktips,Shark Attack,Lunar,56.4,760,56,0.62,0.589,33,23,17954,11020,6934,55,30,52,142,38.7%,324.2,199.0,125.2,0.99,0.54,0.94,2.56,320.6,196.8,123.8,0.98,0.54,0.93,2.54,148,108,2.67,1.95,2.64,1.93
Prospect,RSC002898,Slowwizard,Blacktips,Shark Attack,Lunar,56.3,273,19,0.611,0.579,11,8,6736,3820,2916,19,8,20,52,36.5%,338.6,192.0,146.6,0.96,0.4,1.01,2.61,354.5,201.1,153.5,1.0,0.42,1.05,2.74,51,38,2.56,1.91,2.68,2.0
Prospect,,Banksy.,"Dolphins
Punch-Outs","The Ocean
8-Bit Brigade",Solar,56.1,202,16,0.567,0.625,10,6,4955,2760,2195,10,9,20,31,32.3%,336.7,187.5,149.1,0.68,0.61,1.36,2.11,309.7,172.5,137.2,0.63,0.56,1.25,1.94,38,32,2.58,2.17,2.38,2.0
Prospect,RSC002624,Apple,Spastics,The Quad Dynasty,Solar,56.1,179,13,0.526,0.538,7,6,4413,2760,1653,13,8,16,26,50.0%,338.4,211.6,126.7,1.0,0.61,1.23,1.99,339.5,212.3,127.2,1.0,0.62,1.23,2.0,31,29,2.38,2.22,2.38,2.23
Prospect,RSC000764,Kylar Stern,Purristas,The Cat Cafe,Lunar,55.4,434,32,0.407,0.375,12,20,10712,5790,4922,26,15,34,74,35.1%,338.7,183.1,155.6,0.82,0.47,1.08,2.34,334.8,180.9,153.8,0.81,0.47,1.06,2.31,66,84,2.09,2.66,2.06,2.63
Prospect,RSC002098,Frawd.,Zomberries,Spooky Breakfast Gang,Solar,54.7,386,29,0.356,0.379,11,18,9331,4610,4721,14,15,36,66,21.2%,331.8,163.9,167.9,0.5,0.53,1.28,2.35,321.8,159.0,162.8,0.48,0.52,1.24,2.28,51,75,1.81,2.67,1.76,2.59
Prospect,RSC000289,Tip,Compost Bins,Waste Management,Solar,54.0,578,44,0.56,0.568,25,19,13967,7720,6247,34,23,45,92,37.0%,331.6,183.3,148.3,0.81,0.55,1.07,2.18,317.4,175.5,142.0,0.77,0.52,1.02,2.09,104,89,2.47,2.11,2.36,2.02
Prospect,,Crongu,Vultures,Birds of Prey,Solar,53.8,497,35,0.435,0.371,13,22,12342,6790,5552,28,17,47,79,35.4%,340.8,187.5,153.3,0.77,0.47,1.3,2.18,352.6,194.0,158.6,0.8,0.49,1.34,2.26,69,82,1.91,2.26,1.97,2.34
Prospect,RSC000211,Marq,Odyssey,Mission Control,Solar,53.4,671,48,0.703,0.771,37,11,15186,9400,5786,53,27,30,125,42.4%,310.6,192.3,118.3,1.08,0.55,0.61,2.56,316.4,195.8,120.5,1.1,0.56,0.63,2.6,134,76,2.74,1.55,2.79,1.58
Prospect,,Dregun,Koala Bears,The Bear Den,Lunar,53.2,565,44,0.633,0.614,27,17,13494,7240,6254,35,21,35,94,37.2%,327.8,175.9,151.9,0.85,0.51,0.85,2.28,306.7,164.5,142.1,0.8,0.48,0.8,2.14,111,78,2.7,1.89,2.52,1.77
Prospect,,Agamecp,Templars,The Order,Lunar,52.9,795,56,0.542,0.554,31,25,18718,10280,8438,36,31,75,138,26.1%,323.1,177.5,145.7,0.62,0.54,1.29,2.38,334.3,183.6,150.7,0.64,0.55,1.34,2.46,134,120,2.31,2.07,2.39,2.14
Prospect,RSC000771,Dirtdawg12,Salty Sardines,Fifty-Fifty Pizzeria,Lunar,52.6,746,52,0.567,0.615,32,20,16864,9890,6974,46,35,46,124,37.1%,310.3,181.9,128.3,0.85,0.64,0.85,2.28,324.3,190.2,134.1,0.88,0.67,0.88,2.38,138,116,2.54,2.13,2.65,2.23
Prospect,RSC002734,Thescarybat,Purristas,The Cat Cafe,Lunar,52.4,116,8,0.384,0.5,4,4,2769,1650,1119,7,4,11,20,35.0%,327.6,195.2,132.4,0.83,0.47,1.3,2.37,346.1,206.3,139.9,0.88,0.5,1.38,2.5,17,23,2.01,2.72,2.13,2.88
Prospect,RSC002734,Thescarybat,Purristas,The Cat Cafe,Lunar,52.4,116,8,0.384,0.5,4,4,2769,1650,1119,7,4,11,20,35.0%,327.6,195.2,132.4,0.83,0.47,1.3,2.37,346.1,206.3,139.9,0.88,0.5,1.38,2.5,17,23,2.01,2.72,2.13,2.88
Prospect,RSC000828,Mattviaairwaves,Stargazers,The Abyss,Lunar,51.9,777,59,0.428,0.441,26,33,18217,8990,9227,33,29,58,134,24.6%,321.8,158.8,163.0,0.58,0.51,1.02,2.37,308.8,152.4,156.4,0.56,0.49,0.98,2.27,122,147,2.15,2.6,2.07,2.49
Prospect,RSC002636,Nitemare,"Firecrackers
Punch-Outs","Fallout Shelter
8-Bit Brigade",Lunar,51.8,617,45,0.474,0.511,23,22,14611,8190,6421,37,22,47,104,35.6%,325.0,182.2,142.8,0.82,0.49,1.05,2.31,324.7,182.0,142.7,0.82,0.49,1.04,2.31,99,106,2.2,2.36,2.2,2.36
Prospect,RSC001299,Fuzzball,Nines,House of Cards,Lunar,51.8,583,44,0.582,0.614,27,17,13320,7510,5810,30,26,45,96,31.3%,313.6,176.8,136.8,0.71,0.61,1.06,2.26,302.7,170.7,132.0,0.68,0.59,1.02,2.18,117,95,2.75,2.24,2.66,2.16
Prospect,RSC002609,Lshewasntreadyl,Legends of Tomorrow,The Comic Crusaders,Lunar,51.5,782,57,0.569,0.614,35,22,17805,9860,7945,37,36,62,126,29.4%,312.5,173.0,139.4,0.65,0.63,1.09,2.21,312.4,173.0,139.4,0.65,0.63,1.09,2.21,139,116,2.44,2.04,2.44,2.04
Prospect,RSC002755,Briggs,Legends of Tomorrow,The Comic Crusaders,Lunar,51.1,787,57,0.575,0.614,35,22,18912,10990,7922,50,24,69,134,37.3%,329.8,191.7,138.2,0.87,0.42,1.2,2.34,331.8,192.8,139.0,0.88,0.42,1.21,2.35,140,115,2.44,2.01,2.46,2.02
Prospect,RSC002731,Gonzo,Vultures,Birds of Prey,Solar,50.9,685,47,0.517,0.468,22,25,16667,9130,7537,36,19,68,118,30.5%,333.9,182.9,151.0,0.72,0.38,1.36,2.36,354.6,194.3,160.4,0.77,0.4,1.45,2.51,113,108,2.26,2.16,2.4,2.3
Prospect,RSC000534,Blood12Aven,Supernova,The Cosmos,Solar,50.6,869,60,0.637,0.633,38,22,18405,10260,8145,41,44,48,156,26.3%,290.7,162.0,128.6,0.65,0.69,0.76,2.46,306.8,171.0,135.8,0.68,0.73,0.8,2.6,175,122,2.76,1.93,2.92,2.03
Prospect,RSC002693,M0Vethatbus,Tomatoes,The Garden,Lunar,49.8,706,50,0.49,0.5,25,25,16552,8730,7822,30,23,67,123,24.4%,321.8,169.7,152.1,0.58,0.45,1.3,2.39,331.0,174.6,156.4,0.6,0.46,1.34,2.46,107,110,2.08,2.14,2.14,2.2
Prospect,RSC002384,A Hot Jackson,Smooth Mint,Minty Fresh,Solar,49.7,519,38,0.442,0.421,16,22,12607,7400,5207,27,20,60,70,38.6%,333.4,195.7,137.7,0.71,0.53,1.59,1.85,331.8,194.7,137.0,0.71,0.53,1.58,1.84,79,92,2.09,2.43,2.08,2.42
Prospect,RSC001065,Monsterbuck46,Berserkers,The Sovereign,Lunar,49.5,564,40,0.334,0.25,10,30,13139,6440,6699,20,22,49,89,22.5%,319.7,156.7,163.0,0.49,0.54,1.19,2.17,328.5,161.0,167.5,0.5,0.55,1.23,2.23,70,110,1.7,2.68,1.75,2.75
Prospect,RSC002570,Nike,Punch-Outs,8-Bit Brigade,Lunar,49.5,544,39,0.456,0.487,19,20,12415,6070,6345,24,24,33,82,29.3%,313.2,153.1,160.1,0.61,0.61,0.83,2.07,318.3,155.6,162.7,0.62,0.62,0.85,2.1,82,92,2.07,2.32,2.1,2.36
Prospect,,Heiz.,Eclipse,North American Soccar Club,Solar,49.3,825,60,0.516,0.517,31,29,18778,11070,7708,48,32,66,137,35.0%,312.4,184.2,128.2,0.8,0.53,1.1,2.28,313.0,184.5,128.5,0.8,0.53,1.1,2.28,150,144,2.5,2.4,2.5,2.4
Prospect,RSC002187,Psychic_Rock,Earth,The Elements,Lunar,49.3,740,51,0.5,0.451,23,28,16628,9370,7258,35,33,61,117,29.9%,308.4,173.8,134.6,0.65,0.61,1.13,2.17,326.0,183.7,142.3,0.69,0.65,1.2,2.29,126,126,2.34,2.34,2.47,2.47
Prospect,RSC000410,Yetif,Ravagers,The Swarm,Solar,49.2,769,53,0.667,0.679,36,17,16902,10330,6572,47,31,54,138,34.1%,301.6,184.4,117.3,0.84,0.55,0.96,2.46,318.9,194.9,124.0,0.89,0.58,1.02,2.6,158,101,2.82,1.8,2.98,1.91
Prospect,RSC002960,King,Berserkers,The Sovereign,Lunar,49.0,170,13,0.339,0.231,3,10,3794,1980,1814,7,9,12,23,30.4%,306.3,159.8,146.4,0.57,0.73,0.97,1.86,291.8,152.3,139.5,0.54,0.69,0.92,1.77,25,38,2.02,3.07,1.92,2.92
Prospect,RSC002780,Lickadoss77,Zomberries,Spooky Breakfast Gang,Solar,48.9,726,52,0.396,0.404,21,31,18177,10140,8037,39,20,84,104,37.5%,343.6,191.7,151.9,0.74,0.38,1.59,1.97,349.6,195.0,154.6,0.75,0.38,1.62,2.0,106,139,2.0,2.63,2.04,2.67
Prospect,,Zro.,Purristas,The Cat Cafe,Lunar,48.5,174,13,0.513,0.462,6,7,3907,2140,1767,8,7,14,29,27.6%,308.2,168.8,139.4,0.63,0.55,1.1,2.29,300.5,164.6,135.9,0.62,0.54,1.08,2.23,32,31,2.52,2.45,2.46,2.38
Prospect,RSC002662,Aku Lmlt,Uruk-hai,Middle Earth,Lunar,48.2,707,53,0.464,0.453,24,29,16159,8780,7379,38,25,51,118,32.2%,313.7,170.4,143.2,0.74,0.49,0.99,2.29,304.9,165.7,139.2,0.72,0.47,0.96,2.23,115,126,2.23,2.45,2.17,2.38
Prospect,RSC002271,Based Fame,Salty Sardines,Fifty-Fifty Pizzeria,Lunar,47.7,587,42,0.488,0.548,23,19,13807,7230,6577,29,17,50,98,29.6%,322.8,169.0,153.8,0.68,0.4,1.17,2.29,328.7,172.1,156.6,0.69,0.4,1.19,2.33,95,98,2.22,2.29,2.26,2.33
Prospect,RSC001034,King Bonkk,Uruk-hai,Middle Earth,Lunar,47.6,539,40,0.446,0.475,19,21,12215,6310,5905,22,21,44,86,25.6%,311.0,160.7,150.4,0.56,0.53,1.12,2.19,305.4,157.8,147.6,0.55,0.53,1.1,2.15,87,100,2.22,2.55,2.18,2.5
Prospect,RSC002866,Aust106,Stargazers,The Abyss,Lunar,47.3,339,27,0.442,0.481,13,14,8050,4580,3470,20,15,29,38,52.6%,325.9,185.4,140.5,0.81,0.61,1.17,1.54,298.1,169.6,128.5,0.74,0.56,1.07,1.41,57,66,2.31,2.67,2.11,2.44
Prospect,RSC001040,Vote4Jr,Ravagers,The Swarm,Solar,47.3,859,59,0.631,0.644,38,21,18988,11140,7848,46,44,64,114,40.4%,303.4,178.0,125.4,0.73,0.7,1.02,1.82,321.8,188.8,133.0,0.78,0.75,1.08,1.93,171,121,2.73,1.93,2.9,2.05
Prospect,RSC001942,Dendro,Spastics,The Quad Dynasty,Solar,46.9,725,49,0.632,0.653,32,17,16366,9100,7266,36,31,58,105,34.3%,309.8,172.3,137.5,0.68,0.59,1.1,1.99,334.0,185.7,148.3,0.73,0.63,1.18,2.14,147,104,2.78,1.97,3.0,2.12
Prospect,RSC001353,Imgonpredude,Stargazers,The Abyss,Lunar,46.4,430,33,0.417,0.455,15,18,9949,5250,4699,23,13,32,70,32.9%,317.5,167.6,150.0,0.73,0.41,1.02,2.23,301.5,159.1,142.4,0.7,0.39,0.97,2.12,67,83,2.14,2.65,2.03,2.52
Prospect,RSC002978,Krma,Earth,The Elements,Lunar,46.2,56,4,0.544,0.5,2,2,1381,860,521,4,2,6,6,66.7%,338.5,210.8,127.7,0.98,0.49,1.47,1.47,345.3,215.0,130.3,1.0,0.5,1.5,1.5,9,8,2.21,1.96,2.25,2.0
Prospect,RSC002104,Tinypotato,Okapis,The Jungle,Solar,46.2,598,45,0.547,0.533,24,21,13003,7230,5773,25,27,49,93,26.9%,298.4,165.9,132.5,0.57,0.62,1.12,2.13,289.0,160.7,128.3,0.56,0.6,1.09,2.07,115,102,2.64,2.34,2.56,2.27
Prospect,RSC002512,Metamorph8,VCRs,Boomer Union,Lunar,45.8,425,33,0.524,0.485,16,17,9627,5350,4277,33,11,15,75,44.0%,310.9,172.8,138.1,1.07,0.36,0.48,2.42,291.7,162.1,129.6,1.0,0.33,0.45,2.27,86,81,2.78,2.62,2.61,2.45
Prospect,RSC002181,Ownerofthewhitesedan,Salty Sardines,Fifty-Fifty Pizzeria,Lunar,45.4,648,47,0.525,0.553,26,21,15255,8320,6935,35,19,58,97,36.1%,323.1,176.2,146.9,0.74,0.4,1.23,2.05,324.6,177.0,147.6,0.74,0.4,1.23,2.06,112,105,2.37,2.22,2.38,2.23
Prospect,RSC001828,Zcgentry,Vultures,Birds of Prey,Solar,45.3,682,47,0.507,0.489,23,24,15539,9200,6339,35,27,68,95,36.8%,312.7,185.1,127.6,0.7,0.54,1.37,1.91,330.6,195.7,134.9,0.74,0.57,1.45,2.02,113,111,2.27,2.23,2.4,2.36
Prospect,RSC002798,M_Versal,"Titanoboas
Koala Bears","The Serpents
The Bear Den",Lunar,45.2,661,47,0.468,0.468,22,25,15558,8520,7038,37,13,60,117,31.6%,323.0,176.9,146.1,0.77,0.27,1.25,2.43,331.0,181.3,149.7,0.79,0.28,1.28,2.49,102,111,2.12,2.3,2.17,2.36
Prospect,,Aatxerl,Earth,The Elements,Lunar,44.8,629,44,0.497,0.477,21,23,14252,8410,5842,38,23,51,91,41.8%,311.0,183.5,127.5,0.83,0.5,1.11,1.99,323.9,191.1,132.8,0.86,0.52,1.16,2.07,113,114,2.47,2.49,2.57,2.59
Prospect,,Mauidestroya,Titanoboas,The Serpents,Lunar,43.5,626,46,0.436,0.435,20,26,13818,7490,6328,28,22,52,99,28.3%,302.9,164.2,138.7,0.61,0.48,1.14,2.17,300.4,162.8,137.6,0.61,0.48,1.13,2.15,93,110,2.04,2.41,2.02,2.39
Prospect,RSC001052,Cubbyybbuc,Dolphins,The Ocean,Solar,43.4,612,42,0.663,0.643,27,15,13097,7270,5827,24,30,51,82,29.3%,293.7,163.0,130.7,0.54,0.67,1.14,1.84,311.8,173.1,138.7,0.57,0.71,1.21,1.95,124,80,2.78,1.79,2.95,1.9
Prospect,RSC000564,Treeedreams,Uruk-hai,Middle Earth,Lunar,42.0,251,19,0.408,0.421,8,11,5784,3060,2724,16,5,16,41,39.0%,316.3,167.3,148.9,0.87,0.27,0.87,2.24,304.4,161.1,143.4,0.84,0.26,0.84,2.16,37,47,2.02,2.57,1.95,2.47
Prospect,RSC000726,Way2Luckee,Berserkers,The Sovereign,Lunar,41.5,623,47,0.362,0.319,15,32,14006,7950,6056,35,16,53,100,35.0%,308.5,175.1,133.4,0.77,0.35,1.17,2.2,298.0,169.1,128.9,0.74,0.34,1.13,2.13,93,133,2.05,2.93,1.98,2.83
Prospect,,Ghostie,Gallimimus,Dino Park,Solar,40.9,221,14,0.468,0.5,7,7,4642,2720,1922,14,4,13,47,29.8%,288.3,168.9,119.4,0.87,0.25,0.81,2.92,331.6,194.3,137.3,1.0,0.29,0.93,3.36,35,38,2.17,2.36,2.5,2.71
Prospect,,Kranky,VCRs,Boomer Union,Lunar,40.9,645,47,0.341,0.298,14,33,13166,7050,6116,32,21,32,120,26.7%,280.1,150.0,130.1,0.68,0.45,0.68,2.55,280.1,150.0,130.1,0.68,0.45,0.68,2.55,85,130,1.81,2.77,1.81,2.77
Prospect,RSC002095,Bloopercs,Odyssey,Mission Control,Solar,40.3,304,22,0.737,0.727,16,6,6262,3800,2462,17,13,20,45,37.8%,282.7,171.6,111.1,0.77,0.59,0.9,2.03,284.6,172.7,111.9,0.77,0.59,0.91,2.05,68,35,3.07,1.58,3.09,1.59
Prospect,RSC001259,Dr. Mite,"Punch-Outs
Firecrackers","8-Bit Brigade
Fallout Shelter",Solar,38.8,418,31,0.295,0.226,7,24,9257,4810,4447,19,10,35,66,28.8%,303.9,157.9,146.0,0.62,0.33,1.15,2.17,298.6,155.2,143.5,0.61,0.32,1.13,2.13,52,91,1.71,2.99,1.68,2.94
Prospect,RSC002697,Senator_Kush,Gallimimus,Dino Park,Solar,38.0,327,25,0.431,0.48,12,13,7408,4080,3328,20,5,26,53,37.7%,310.9,171.2,139.7,0.84,0.21,1.09,2.22,296.3,163.2,133.1,0.8,0.2,1.04,2.12,51,61,2.14,2.56,2.04,2.44
Prospect,RSC002360,Dicksocks,Legends of Tomorrow,The Comic Crusaders,Lunar,37.0,75,6,0.528,0.5,3,3,1741,980,761,5,2,6,8,62.5%,318.6,179.3,139.3,0.91,0.37,1.1,1.46,290.2,163.3,126.8,0.83,0.33,1.0,1.33,15,14,2.74,2.56,2.5,2.33
Prospect,RSC000221,Treefrog,Templars,The Order,Lunar,36.6,704,51,0.567,0.608,31,20,14676,8570,6106,40,20,49,112,35.7%,286.1,167.1,119.0,0.78,0.39,0.96,2.18,287.8,168.0,119.7,0.78,0.39,0.96,2.2,125,105,2.44,2.05,2.45,2.06
Prospect,RSC001982,Me Weeney,Smooth Mint,Minty Fresh,Solar,36.5,649,47,0.404,0.383,18,29,14146,7730,6416,33,17,53,93,35.5%,299.1,163.5,135.7,0.7,0.36,1.12,1.97,301.0,164.5,136.5,0.7,0.36,1.13,1.98,99,127,2.09,2.69,2.11,2.7
Prospect,,X3Dx Toasty,Koala Bears,The Bear Den,Lunar,36.2,27,4,0.099,0.0,0,4,588,280,308,1,1,2,3,33.3%,298.9,142.3,156.6,0.51,0.51,1.02,1.52,147.0,70.0,77.0,0.25,0.25,0.5,0.75,2,8,1.02,4.07,0.5,2.0
Prospect,RSC002829,Prox,VCRs,Boomer Union,Lunar,36.1,440,34,0.382,0.324,11,23,9187,5060,4127,20,17,33,56,35.7%,286.6,157.8,128.7,0.62,0.53,1.03,1.75,270.2,148.8,121.4,0.59,0.5,0.97,1.65,72,97,2.25,3.03,2.12,2.85
Prospect,RSC002056,Cheechoo777,Overture,Magnum Opus,Solar,35.8,461,32,0.463,0.469,15,17,9885,5520,4365,21,11,43,72,29.2%,294.3,164.3,129.9,0.63,0.33,1.28,2.14,308.9,172.5,136.4,0.66,0.34,1.34,2.25,69,76,2.05,2.26,2.16,2.38
Prospect,,Wannabuybubbles,Punch-Outs,8-Bit Brigade,Lunar,35.7,516,39,0.427,0.462,18,21,11038,6220,4818,24,17,46,67,35.8%,293.6,165.4,128.1,0.64,0.45,1.22,1.78,283.0,159.5,123.5,0.62,0.44,1.18,1.72,75,91,1.99,2.42,1.92,2.33
Prospect,,Quenrin,Titanoboas,The Serpents,Lunar,35.5,570,41,0.386,0.39,16,25,12267,7200,5067,27,16,58,80,33.8%,295.4,173.4,122.0,0.65,0.39,1.4,1.93,299.2,175.6,123.6,0.66,0.39,1.41,1.95,80,108,1.93,2.6,1.95,2.63
Prospect,,Hayhay,Sparks,Electric Mayhem,Lunar,35.4,226,17,0.287,0.235,4,13,5212,2800,2412,13,2,21,35,37.1%,316.5,170.0,146.5,0.79,0.12,1.28,2.13,306.6,164.7,141.9,0.76,0.12,1.24,2.06,26,47,1.58,2.85,1.53,2.76
Prospect,,The Worst 1.1,Smooth Mint,Minty Fresh,Solar,33.3,601,43,0.329,0.256,11,32,13142,6690,6452,18,13,68,84,21.4%,300.1,152.8,147.3,0.41,0.3,1.55,1.92,305.6,155.6,150.0,0.42,0.3,1.58,1.95,77,122,1.76,2.79,1.79,2.84
Prospect,RSC000090,Paranormalpancak,Overture,Magnum Opus,Solar,33.1,716,50,0.393,0.36,18,32,14720,7990,6730,30,19,59,109,27.5%,282.2,153.2,129.0,0.58,0.36,1.13,2.09,294.4,159.8,134.6,0.6,0.38,1.18,2.18,93,124,1.78,2.38,1.86,2.48
Prospect,RSC000971,Xblaze Dat Assx,"Punch-Outs
Purristas
Overture
Sparks","8-Bit Brigade
The Cat Cafe
Magnum Opus
Electric Mayhem",Lunar,32.9,483,32,0.405,0.406,13,19,10115,5910,4205,22,12,48,71,31.0%,287.4,167.9,119.5,0.63,0.34,1.36,2.02,316.1,184.7,131.4,0.69,0.38,1.5,2.22,71,91,2.02,2.59,2.22,2.84
Prospect,,Bario_Rl,"Smooth Mint
Stargazers","Minty Fresh
The Abyss",Solar,32.6,495,35,0.382,0.314,11,24,9948,5830,4118,28,18,30,63,44.4%,275.8,161.6,114.2,0.78,0.5,0.83,1.75,284.2,166.6,117.7,0.8,0.51,0.86,1.8,76,103,2.11,2.86,2.17,2.94
Prospect,RSC002864,Grovelove,Overture,Magnum Opus,Solar,31.8,420,29,0.341,0.345,10,19,8481,4560,3921,16,14,34,56,28.6%,277.1,149.0,128.1,0.52,0.46,1.11,1.83,292.4,157.2,135.2,0.55,0.48,1.17,1.93,57,87,1.86,2.84,1.97,3.0
Prospect,RSC002128,Velocifaptor,Eclipse,North American Soccar Club,Solar,31.3,600,44,0.567,0.591,26,18,11565,6060,5505,22,25,37,76,28.9%,264.5,138.6,125.9,0.5,0.57,0.85,1.74,262.8,137.7,125.1,0.5,0.57,0.84,1.73,114,96,2.61,2.2,2.59,2.18
Prospect,RSC002897,Vickyviksta,Sparks,Electric Mayhem,Lunar,30.6,366,27,0.231,0.296,8,19,8249,4320,3929,13,5,46,47,27.7%,309.3,162.0,147.3,0.49,0.19,1.72,1.76,305.5,160.0,145.5,0.48,0.19,1.7,1.74,37,81,1.39,3.04,1.37,3.0
Prospect,RSC002836,Parkkid,Vultures,Birds of Prey,Solar,30.6,761,51,0.491,0.451,23,28,15374,8890,6484,39,20,58,109,35.8%,277.3,160.3,116.9,0.7,0.36,1.05,1.97,301.5,174.3,127.1,0.76,0.39,1.14,2.14,119,122,2.15,2.2,2.33,2.39
Prospect,RSC002608,Toocoolc,Air Buds,Puppy Paradise,Solar,30.2,232,17,0.233,0.294,5,12,4694,2510,2184,10,5,18,36,27.8%,277.7,148.5,129.2,0.59,0.3,1.06,2.13,276.1,147.6,128.5,0.59,0.29,1.06,2.12,24,52,1.42,3.08,1.41,3.06
Prospect,RSC001768,Moldypbj,Zomberries,Spooky Breakfast Gang,Solar,30.2,670,46,0.341,0.348,16,30,13118,7530,5588,40,19,32,98,40.8%,268.7,154.2,114.5,0.82,0.39,0.66,2.01,285.2,163.7,121.5,0.87,0.41,0.7,2.13,91,139,1.86,2.85,1.98,3.02
Prospect,RSC001002,Zar235,Firecrackers,Fallout Shelter,Solar,29.8,42,4,0.264,0.25,1,3,1052,440,612,2,0,4,4,50.0%,343.8,143.8,200.0,0.65,0.0,1.31,1.31,263.0,110.0,153.0,0.5,0.0,1.0,1.0,4,8,1.31,2.61,1.0,2.0
Prospect,,Crypt1Cgames,"Berserkers
Air Buds
Overture","The Sovereign
Puppy Paradise
Magnum Opus",Lunar,29.8,502,39,0.37,0.282,11,28,10905,4900,6005,20,10,36,60,33.3%,298.1,134.0,164.2,0.55,0.27,0.98,1.64,279.6,125.6,154.0,0.51,0.26,0.92,1.54,68,96,1.86,2.62,1.74,2.46
Prospect,RSC000348,Prem1X,Compost Bins,Waste Management,Solar,29.2,438,32,0.511,0.531,17,15,8444,4490,3954,20,13,24,64,31.3%,264.6,140.7,123.9,0.63,0.41,0.75,2.01,263.9,140.3,123.6,0.63,0.41,0.75,2.0,74,72,2.32,2.26,2.31,2.25
Prospect,RSC002505,Jynxgaming24,Zomberries,Spooky Breakfast Gang,Solar,29.0,687,49,0.372,0.429,21,28,13430,6800,6630,22,23,51,90,24.4%,268.3,135.8,132.4,0.44,0.46,1.02,1.8,274.1,138.8,135.3,0.45,0.47,1.04,1.84,97,136,1.94,2.72,1.98,2.78
Prospect,RSC002412,Rosefanatic3615,Titanoboas,The Serpents,Lunar,28.4,656,48,0.401,0.375,18,30,13038,7150,5888,30,19,47,85,35.3%,272.8,149.6,123.2,0.63,0.4,0.98,1.78,271.6,149.0,122.7,0.63,0.4,0.98,1.77,90,117,1.88,2.45,1.88,2.44
Prospect,RSC002525,Havok Clips,"Sparks
Nines
Smooth Mint","Electric Mayhem
House of Cards
Minty Fresh",Lunar,28.0,449,35,0.239,0.2,7,28,9753,5010,4743,16,7,50,56,28.6%,298.1,153.1,145.0,0.49,0.21,1.53,1.71,278.7,143.1,135.5,0.46,0.2,1.43,1.6,46,98,1.41,3.0,1.31,2.8
Prospect,RSC002525,Havok Clips,"Sparks
Nines
Smooth Mint","Electric Mayhem
House of Cards
Minty Fresh",Lunar,28.0,449,35,0.239,0.2,7,28,9753,5010,4743,16,7,50,56,28.6%,298.1,153.1,145.0,0.49,0.21,1.53,1.71,278.7,143.1,135.5,0.46,0.2,1.43,1.6,46,98,1.41,3.0,1.31,2.8
Prospect,,Bill Nye The Cat Guru,Drizzle,Storm,Solar,27.6,117,8,0.54,0.5,4,4,2188,1160,1028,5,4,6,16,31.3%,256.7,136.1,120.6,0.59,0.47,0.7,1.88,273.5,145.0,128.5,0.63,0.5,0.75,2.0,20,18,2.35,2.11,2.5,2.25
Prospect,RSC002218,Deejay,Tomatoes,The Garden,Lunar,26.2,497,35,0.5,0.543,19,16,9237,4940,4297,21,14,28,74,28.4%,255.1,136.4,118.7,0.58,0.39,0.77,2.04,263.9,141.1,122.8,0.6,0.4,0.8,2.11,73,73,2.02,2.02,2.09,2.09
Prospect,,Kyllonen_,"Uruk-hai
Templars","Middle Earth
The Order",Lunar,26.1,103,8,0.654,0.75,6,2,1850,810,1040,2,5,5,11,18.2%,246.5,107.9,138.6,0.27,0.67,0.67,1.47,231.3,101.3,130.0,0.25,0.63,0.63,1.38,17,11,2.27,1.47,2.13,1.38
Prospect,RSC002011,Thedeeepstate,Air Buds,Puppy Paradise,Solar,24.6,695,50,0.271,0.24,12,38,13928,7140,6788,23,16,64,84,27.4%,275.0,141.0,134.0,0.45,0.32,1.26,1.66,278.6,142.8,135.8,0.46,0.32,1.28,1.68,79,150,1.56,2.96,1.58,3.0
Prospect,RSC002182,Breadmg,Sparks,Electric Mayhem,Lunar,24.1,670,50,0.252,0.28,14,36,13017,6130,6887,17,21,53,73,23.3%,266.6,125.6,141.1,0.35,0.43,1.09,1.5,260.3,122.6,137.7,0.34,0.42,1.06,1.46,76,153,1.56,3.13,1.52,3.06
Prospect,RSC000054,Blindvisionary,Sparks,Electric Mayhem,Lunar,22.1,668,50,0.265,0.26,13,37,12694,6240,6454,25,19,41,74,33.8%,260.8,128.2,132.6,0.51,0.39,0.84,1.52,253.9,124.8,129.1,0.5,0.38,0.82,1.48,76,147,1.56,3.02,1.52,2.94
Prospect,,Bsmithrl,"Gallimimus
Air Buds
Firecrackers
Dolphins","Dino Park
Puppy Paradise
Fallout Shelter
The Ocean",Solar,21.7,390,28,0.441,0.429,12,16,7034,3730,3304,12,11,29,53,22.6%,247.5,131.3,116.3,0.42,0.39,1.02,1.87,251.2,133.2,118.0,0.43,0.39,1.04,1.89,61,71,2.15,2.5,2.18,2.54
Prospect,RSC000448,Col,Tomatoes,The Garden,Lunar,21.1,481,35,0.486,0.457,16,19,9346,5080,4266,22,11,36,53,41.5%,266.7,144.9,121.7,0.63,0.31,1.03,1.51,267.0,145.1,121.9,0.63,0.31,1.03,1.51,79,82,2.25,2.34,2.26,2.34
Prospect,RSC000448,Col,Tomatoes,The Garden,Lunar,21.1,481,35,0.486,0.457,16,19,9346,5080,4266,22,11,36,53,41.5%,266.7,144.9,121.7,0.63,0.31,1.03,1.51,267.0,145.1,121.9,0.63,0.31,1.03,1.51,79,82,2.25,2.34,2.26,2.34
Prospect,,Chung,Air Buds,Puppy Paradise,Solar,20.4,57,4,0.115,0.0,0,4,1317,850,467,3,0,10,5,60.0%,317.1,204.7,112.4,0.72,0.0,2.41,1.2,329.3,212.5,116.8,0.75,0.0,2.5,1.25,4,15,0.96,3.61,1.0,3.75
Prospect,RSC002846,Schrodog,"Legends of Tomorrow
Eclipse","The Comic Crusaders
North American Soccar Club",Solar,19.8,142,10,0.35,0.2,2,8,2407,1290,1117,5,3,8,24,20.8%,232.6,124.7,108.0,0.48,0.29,0.77,2.32,240.7,129.0,111.7,0.5,0.3,0.8,2.4,18,27,1.74,2.61,1.8,2.7
Prospect,RSC000853,Teg,Dolphins,The Ocean,Solar,19.3,26,2,0.316,0.0,0,2,565,330,235,1,0,4,3,33.3%,298.2,174.2,124.0,0.53,0.0,2.11,1.58,282.5,165.0,117.5,0.5,0.0,2.0,1.5,3,5,1.58,2.64,1.5,2.5
Prospect,RSC000784,Astro,Air Buds,Puppy Paradise,Solar,18.3,560,40,0.258,0.225,9,31,11031,5570,5461,20,5,52,72,27.8%,270.3,136.5,133.8,0.49,0.12,1.27,1.76,275.8,139.3,136.5,0.5,0.13,1.3,1.8,59,118,1.45,2.89,1.48,2.95
Prospect,RSC002324,Chazzthedr,Air Buds,Puppy Paradise,Solar,17.9,485,35,0.198,0.143,5,30,8810,4040,4770,15,11,28,59,25.4%,249.3,114.3,135.0,0.42,0.31,0.79,1.67,251.7,115.4,136.3,0.43,0.31,0.8,1.69,47,116,1.33,3.28,1.34,3.31
Prospect,RSC001773,Vulpine,"Eclipse
Titanoboas","North American Soccar Club
The Serpents",Solar,17.8,179,14,0.355,0.286,4,10,3139,1590,1549,5,6,12,19,26.3%,240.7,121.9,118.8,0.38,0.46,0.92,1.46,224.2,113.6,110.6,0.36,0.43,0.86,1.36,26,38,1.99,2.91,1.86,2.71
Prospect,RSC002689,Cakekyst,Earth,The Elements,Lunar,15.8,503,36,0.394,0.333,12,24,8637,4470,4167,11,17,40,52,21.2%,235.7,122.0,113.7,0.3,0.46,1.09,1.42,239.9,124.2,115.8,0.31,0.47,1.11,1.44,76,100,2.07,2.73,2.11,2.78
Prospect,RSC001950,Moreawpsplease,Purristas,The Cat Cafe,Lunar,14.4,233,19,0.391,0.421,8,11,4100,2170,1930,9,5,15,27,33.3%,241.5,127.8,113.7,0.53,0.29,0.88,1.59,215.8,114.2,101.6,0.47,0.26,0.79,1.42,29,39,1.71,2.3,1.53,2.05
Prospect,RSC000748,Aberinkula,Gallimimus,Dino Park,Solar,14.2,279,23,0.419,0.391,9,14,4719,2250,2469,8,10,14,25,32.0%,232.1,110.7,121.5,0.39,0.49,0.69,1.23,205.2,97.8,107.3,0.35,0.43,0.61,1.09,43,53,2.12,2.61,1.87,2.3
Prospect,RSC002203,Fcx,Dolphins,The Ocean,Solar,13.1,61,6,0.651,0.667,4,2,950,380,570,0,2,4,8,0.0%,213.7,85.5,128.2,0.0,0.45,0.9,1.8,158.3,63.3,95.0,0.0,0.33,0.67,1.33,12,8,2.7,1.8,2.0,1.33
Prospect,RSC002251,Dementor,Supernova,The Cosmos,Solar,13.1,60,4,0.46,0.25,1,3,805,390,415,0,1,4,14,0.0%,184.1,89.2,94.9,0.0,0.23,0.91,3.2,201.3,97.5,103.8,0.0,0.25,1.0,3.5,9,10,2.06,2.29,2.25,2.5
Prospect,RSC002716,Lillalpha,Gallimimus,Dino Park,Solar,12.5,226,17,0.363,0.471,8,9,4636,2310,2326,8,2,25,16,50.0%,281.5,140.3,141.3,0.49,0.12,1.52,0.97,272.7,135.9,136.8,0.47,0.12,1.47,0.94,29,42,1.76,2.55,1.71,2.47
Prospect,RSC001250,Doctor Vegas,Air Buds,Puppy Paradise,Solar,12.2,51,4,0.181,0.0,0,4,960,540,420,2,1,5,4,50.0%,258.3,145.3,113.0,0.54,0.27,1.35,1.08,240.0,135.0,105.0,0.5,0.25,1.25,1.0,4,11,1.08,2.96,1.0,2.75
Prospect,RSC001250,Doctor Vegas,Air Buds,Puppy Paradise,Solar,12.2,51,4,0.181,0.0,0,4,960,540,420,2,1,5,4,50.0%,258.3,145.3,113.0,0.54,0.27,1.35,1.08,240.0,135.0,105.0,0.5,0.25,1.25,1.0,4,11,1.08,2.96,1.0,2.75
Prospect,RSC002452,Kcman13,Purristas,The Cat Cafe,Lunar,12.2,626,46,0.345,0.326,15,31,10424,5690,4734,21,15,42,74,28.4%,228.5,124.7,103.8,0.46,0.33,0.92,1.62,226.6,123.7,102.9,0.46,0.33,0.91,1.61,81,123,1.78,2.7,1.76,2.67
Prospect,,Fo0F,Firecrackers,Fallout Shelter,Solar,11.6,333,26,0.315,0.308,8,18,6368,3280,3088,11,3,34,33,33.3%,262.5,135.2,127.3,0.45,0.12,1.4,1.36,244.9,126.2,118.8,0.42,0.12,1.31,1.27,41,68,1.69,2.8,1.58,2.62
Prospect,RSC002896,Hella,Smooth Mint,Minty Fresh,Solar,8.8,168,13,0.276,0.308,4,9,3198,1470,1728,9,0,8,17,52.9%,261.3,120.1,141.2,0.74,0.0,0.65,1.39,246.0,113.1,132.9,0.69,0.0,0.62,1.31,18,34,1.47,2.78,1.38,2.62
Prospect,RSC002991,Santa Turtle,Nines,House of Cards,Lunar,6.8,46,4,0.69,1.0,4,0,723,400,323,2,1,2,5,40.0%,215.7,119.3,96.4,0.6,0.3,0.6,1.49,180.8,100.0,80.8,0.5,0.25,0.5,1.25,10,6,2.98,1.79,2.5,1.5
Prospect,RSC002156,Thykooch,Firecrackers,Fallout Shelter,Solar,5.6,231,18,0.269,0.222,4,14,3951,1950,2001,5,4,21,20,25.0%,234.7,115.9,118.9,0.3,0.24,1.25,1.19,219.5,108.3,111.2,0.28,0.22,1.17,1.11,23,45,1.37,2.67,1.28,2.5
Prospect,RSC000770,Globaldejavu,Titanoboas,The Serpents,Lunar,4.6,51,4,0.297,0.25,1,3,852,470,382,2,0,4,7,28.6%,229.3,126.5,102.8,0.54,0.0,1.08,1.88,213.0,117.5,95.5,0.5,0.0,1.0,1.75,7,12,1.88,3.23,1.75,3.0
Prospect,RSC000223,Rjsaurus,Gallimimus,Dino Park,Solar,4.0,139,10,0.139,0.1,1,9,2303,1210,1093,2,3,15,11,18.2%,227.4,119.5,107.9,0.2,0.3,1.48,1.09,230.3,121.0,109.3,0.2,0.3,1.5,1.1,12,38,1.18,3.75,1.2,3.8
Prospect,RSC003007,Jeffmmm24,Purristas,The Cat Cafe,Lunar,-2.1,65,4,0.144,0.25,1,3,820,290,530,0,3,2,4,0.0%,173.1,61.2,111.9,0.0,0.63,0.42,0.84,205.0,72.5,132.5,0.0,0.75,0.5,1.0,5,16,1.06,3.38,1.25,4.0
Prospect,RSC002183,Charwing,Ravagers,The Swarm,Solar,-9.7,90,6,0.335,0.333,2,4,986,310,676,0,2,2,11,0.0%,150.4,47.3,103.1,0.0,0.3,0.3,1.68,164.3,51.7,112.7,0.0,0.33,0.33,1.83,13,20,1.98,3.05,2.17,3.33
Prospect,RSC002956,Ofodo,Gallimimus,Dino Park,Solar,-13.4,59,4,0.048,0.0,0,4,885,340,545,0,0,6,4,0.0%,205.9,79.1,126.8,0.0,0.0,1.4,0.93,221.3,85.0,136.3,0.0,0.0,1.5,1.0,2,15,0.47,3.49,0.5,3.75
Prospect,RSC003054,Particlect,Air Buds,Puppy Paradise,Solar,-17.5,57,4,0.115,0.0,0,4,665,290,375,0,1,4,4,0.0%,160.1,69.8,90.3,0.0,0.24,0.96,0.96,166.3,72.5,93.8,0.0,0.25,1.0,1.0,4,15,0.96,3.61,1.0,3.75
Prospect,RSC001048,Slammedz,Okapis,The Jungle,Solar,-23.9,11,1,0.267,0.0,0,1,124,60,64,0,0,1,1,0.0%,154.7,74.9,79.9,0.0,0.0,1.25,1.25,124.0,60.0,64.0,0.0,0.0,1.0,1.0,1,2,1.25,2.5,1.0,2.0
Premier,RSC001573,Plantingcargo85,Rollers,The Quad Dynasty,Solar,103.3,915,55,0.65,0.673,37,18,27380,16280,11100,68,45,103,208,32.7%,500.3,297.5,202.8,1.24,0.82,1.88,3.8,497.8,296.0,201.8,1.24,0.82,1.87,3.78,156,105,2.85,1.92,2.84,1.91
Premier,RSC001079,Wrevor,The Avengers,The Comic Crusaders,Lunar,70.6,545,35,0.51,0.6,21,14,14581,8380,6201,37,14,59,103,35.9%,447.3,257.1,190.2,1.14,0.43,1.81,3.16,416.6,239.4,177.2,1.06,0.4,1.69,2.94,79,77,2.42,2.36,2.26,2.2
Premier,RSC002881,Weesnaw,Úmaia,Middle Earth,Lunar,69.0,833,52,0.542,0.558,29,23,21578,12110,9468,45,27,94,156,28.8%,433.1,243.1,190.0,0.9,0.54,1.89,3.13,415.0,232.9,182.1,0.87,0.52,1.81,3.0,116,104,2.33,2.09,2.23,2.0
Premier,RSC001243,Destin,Pythons,The Serpents,Lunar,67.8,764,44,0.572,0.591,26,18,18543,10750,7793,42,33,68,150,28.0%,405.8,235.2,170.5,0.92,0.72,1.49,3.28,421.4,244.3,177.1,0.95,0.75,1.55,3.41,117,97,2.56,2.12,2.66,2.2
Premier,RSC002974,Molokoa,"The Avengers
Water
Hurricanes
Pythons","The Comic Crusaders
The Elements
Storm
The Serpents",Lunar,66.8,257,16,0.612,0.688,11,5,6661,3770,2891,13,10,31,42,31.0%,433.3,245.3,188.1,0.85,0.65,2.02,2.73,416.3,235.6,180.7,0.81,0.63,1.94,2.63,39,29,2.54,1.89,2.44,1.81
Premier,RSC001605,Reeves,Water,The Elements,Lunar,66.1,577,36,0.574,0.556,20,16,15107,8390,6717,35,17,61,99,35.4%,437.7,243.1,194.6,1.01,0.49,1.77,2.87,419.6,233.1,186.6,0.97,0.47,1.69,2.75,78,64,2.26,1.85,2.17,1.78
Premier,RSC001403,Justify,Interstellar,The Cosmos,Solar,66.0,878,52,0.547,0.577,30,22,22196,13220,8976,54,23,98,177,30.5%,422.7,251.7,170.9,1.03,0.44,1.87,3.37,426.8,254.2,172.6,1.04,0.44,1.88,3.4,131,116,2.49,2.21,2.52,2.23
Premier,RSC000129,Seb,Aces,House of Cards,Lunar,65.6,872,52,0.49,0.423,22,30,21910,13260,8650,62,23,83,176,35.2%,420.1,254.2,165.8,1.19,0.44,1.59,3.37,421.3,255.0,166.3,1.19,0.44,1.6,3.38,121,124,2.32,2.38,2.33,2.38
Premier,RSC000721,Dyce,Úmaia,Middle Earth,Lunar,65.3,108,8,0.5,0.5,4,4,2568,1310,1258,3,7,10,16,18.8%,397.5,202.8,194.7,0.46,1.08,1.55,2.48,321.0,163.8,157.3,0.38,0.88,1.25,2.0,16,16,2.48,2.48,2.0,2.0
Premier,RSC000092,Robo,Pythons,The Serpents,Lunar,62.4,773,44,0.515,0.523,23,21,17691,10040,7651,33,37,68,149,22.1%,382.6,217.2,165.5,0.71,0.8,1.47,3.22,402.1,228.2,173.9,0.75,0.84,1.55,3.39,103,99,2.23,2.14,2.34,2.25
Premier,RSC000471,Speedyy,Hurricanes,Storm,Solar,60.0,405,23,0.467,0.522,12,11,9458,5620,3838,22,18,36,72,30.6%,390.4,232.0,158.4,0.91,0.74,1.49,2.97,411.2,244.3,166.9,0.96,0.78,1.57,3.13,57,62,2.35,2.56,2.48,2.7
Premier,RSC001282,Exo,Pythons,The Serpents,Lunar,58.8,130,8,0.457,0.5,4,4,2780,1810,970,7,7,10,26,26.9%,357.5,232.8,124.7,0.9,0.9,1.29,3.34,347.5,226.3,121.3,0.88,0.88,1.25,3.25,17,19,2.19,2.44,2.13,2.38
Premier,RSC002532,Bubblyreaper,Hurricanes,Storm,Solar,58.6,102,6,0.713,0.5,3,3,2136,1270,866,5,5,6,22,22.7%,350.1,208.2,141.9,0.82,0.82,0.98,3.61,356.0,211.7,144.3,0.83,0.83,1.0,3.67,18,10,2.95,1.64,3.0,1.67
Premier,RSC002514,Rec,Interstellar,The Cosmos,Solar,58.4,855,51,0.546,0.549,28,23,19890,11200,8690,46,31,69,160,28.8%,388.9,219.0,169.9,0.9,0.61,1.35,3.13,390.0,219.6,170.4,0.9,0.61,1.35,3.14,123,109,2.41,2.13,2.41,2.14
Premier,RSC002457,Tulkey,Water,The Elements,Lunar,56.9,578,37,0.635,0.595,22,15,13222,7720,5502,27,25,55,102,26.5%,382.5,223.3,159.1,0.78,0.72,1.59,2.95,357.4,208.6,148.7,0.73,0.68,1.49,2.76,80,55,2.31,1.59,2.16,1.49
Premier,RSC001919,Fuego,Aces,House of Cards,Lunar,56.0,639,40,0.5,0.45,18,22,15035,8150,6885,26,25,65,105,24.8%,393.4,213.2,180.1,0.68,0.65,1.7,2.75,375.9,203.8,172.1,0.65,0.63,1.63,2.63,87,87,2.28,2.28,2.18,2.18
Premier,RSC000415,Cierex,Rollers,The Quad Dynasty,Solar,55.5,739,45,0.695,0.711,32,13,16231,9090,7141,34,39,50,124,27.4%,367.2,205.7,161.6,0.77,0.88,1.13,2.81,360.7,202.0,158.7,0.76,0.87,1.11,2.76,132,78,2.99,1.76,2.93,1.73
Premier,RSC001894,Rinoneal,Hurricanes,Storm,Solar,54.1,777,45,0.514,0.533,24,21,17362,9550,7812,28,43,69,115,24.3%,373.6,205.5,168.1,0.6,0.93,1.48,2.47,385.8,212.2,173.6,0.62,0.96,1.53,2.56,117,113,2.52,2.43,2.6,2.51
Premier,RSC002936,Lu,Úmaia,Middle Earth,Lunar,53.4,69,4,0.658,0.75,3,1,1532,770,762,1,3,8,12,8.3%,371.2,186.6,184.6,0.24,0.73,1.94,2.91,383.0,192.5,190.5,0.25,0.75,2.0,3.0,8,5,1.94,1.21,2.0,1.25
Premier,RSC001331,Henry,Water,The Elements,Lunar,53.1,874,54,0.634,0.593,32,22,20378,11970,8408,38,30,104,147,25.9%,389.8,229.0,160.8,0.73,0.57,1.99,2.81,377.4,221.7,155.7,0.7,0.56,1.93,2.72,127,88,2.43,1.68,2.35,1.63
Premier,RSC000678,Volts,Water,The Elements,Lunar,50.8,596,37,0.635,0.595,22,15,12925,7190,5735,27,25,44,104,26.0%,362.6,201.7,160.9,0.76,0.7,1.23,2.92,349.3,194.3,155.0,0.73,0.68,1.19,2.81,92,64,2.58,1.8,2.49,1.73
Premier,RSC002602,N8,Hurricanes,Storm,Solar,50.6,750,44,0.507,0.477,21,23,16754,10010,6744,42,24,65,136,30.9%,373.5,223.1,150.3,0.94,0.54,1.45,3.03,380.8,227.5,153.3,0.95,0.55,1.48,3.09,112,110,2.5,2.45,2.55,2.5
Premier,RSC002625,Burst,Demon-Os,Spooky Breakfast Gang,Solar,49.6,429,24,0.408,0.417,10,14,9789,5820,3969,23,18,40,62,37.1%,381.5,226.8,154.7,0.9,0.7,1.56,2.42,407.9,242.5,165.4,0.96,0.75,1.67,2.58,51,65,1.99,2.53,2.13,2.71
Premier,RSC001232,Darkness,Hurricanes,Storm,Solar,49.5,648,36,0.484,0.472,17,19,13813,8150,5663,36,20,45,130,27.7%,356.4,210.3,146.1,0.93,0.52,1.16,3.35,383.7,226.4,157.3,1.0,0.56,1.25,3.61,95,99,2.45,2.55,2.64,2.75
Premier,RSC001207,Comp,Garbage Trucks,Waste Management,Solar,48.0,68,4,0.267,0.25,1,3,1517,790,727,2,1,8,14,14.3%,373.0,194.2,178.7,0.49,0.25,1.97,3.44,379.3,197.5,181.8,0.5,0.25,2.0,3.5,5,10,1.23,2.46,1.25,2.5
Premier,RSC000342,Ryzai,Demon-Os,Spooky Breakfast Gang,Solar,47.5,834,47,0.397,0.34,16,31,17877,9630,8247,33,32,66,143,23.1%,358.4,193.1,165.3,0.66,0.64,1.32,2.87,380.4,204.9,175.5,0.7,0.68,1.4,3.04,105,137,2.1,2.75,2.23,2.91
Premier,RSC002248,Sky.,Garbage Trucks,Waste Management,Solar,46.6,782,45,0.398,0.4,18,27,17630,9950,7680,42,21,68,130,32.3%,376.9,212.7,164.2,0.9,0.45,1.45,2.78,391.8,221.1,170.7,0.93,0.47,1.51,2.89,100,130,2.14,2.78,2.22,2.89
Premier,,Brody,The Avengers,The Comic Crusaders,Lunar,46.0,806,52,0.375,0.385,20,32,18160,9830,8330,26,36,88,103,25.2%,376.7,203.9,172.8,0.54,0.75,1.83,2.14,349.2,189.0,160.2,0.5,0.69,1.69,1.98,103,142,2.14,2.95,1.98,2.73
Premier,RSC000070,Neb♡,Úmaia,Middle Earth,Lunar,45.4,811,50,0.529,0.56,28,22,17879,10270,7609,34,31,82,122,27.9%,368.6,211.7,156.9,0.7,0.64,1.69,2.52,357.6,205.4,152.2,0.68,0.62,1.64,2.44,111,103,2.29,2.12,2.22,2.06
Premier,RSC002548,Jrdn.,Pythons,The Serpents,Lunar,45.0,683,40,0.58,0.6,24,16,14707,8210,6497,38,24,42,111,34.2%,360.0,201.0,159.0,0.93,0.59,1.03,2.72,367.7,205.3,162.4,0.95,0.6,1.05,2.78,108,88,2.64,2.15,2.7,2.2
Premier,RSC000340,Luckky,Aces,House of Cards,Lunar,44.3,763,46,0.515,0.457,21,25,16369,8780,7589,28,25,69,128,21.9%,358.7,192.4,166.3,0.61,0.55,1.51,2.8,355.8,190.9,165.0,0.61,0.54,1.5,2.78,106,102,2.32,2.24,2.3,2.22
Premier,RSC001952,Upper,Garbage Trucks,Waste Management,Solar,42.4,304,19,0.371,0.316,6,13,6833,3450,3383,10,8,32,45,22.2%,375.8,189.7,186.1,0.55,0.44,1.76,2.47,359.6,181.6,178.1,0.53,0.42,1.68,2.37,31,44,1.7,2.42,1.63,2.32
Premier,RSC000672,Jk,Úmaia,Middle Earth,Lunar,41.8,436,26,0.435,0.423,11,15,9848,5360,4488,18,10,48,66,27.3%,377.6,205.5,172.1,0.69,0.38,1.84,2.53,378.8,206.2,172.6,0.69,0.38,1.85,2.54,47,56,1.8,2.15,1.81,2.15
Premier,RSC002883,Red Snow™,The Avengers,The Comic Crusaders,Lunar,41.8,598,40,0.491,0.5,20,20,13067,7460,5607,28,16,58,96,29.2%,365.3,208.6,156.8,0.78,0.45,1.62,2.68,326.7,186.5,140.2,0.7,0.4,1.45,2.4,86,88,2.4,2.46,2.15,2.2
Premier,RSC003026,Stylszn.,Demon-Os,Spooky Breakfast Gang,Solar,40.5,78,4,0.351,0.5,2,2,1668,1010,658,4,3,7,11,36.4%,357.5,216.5,141.0,0.86,0.64,1.5,2.36,417.0,252.5,164.5,1.0,0.75,1.75,2.75,8,12,1.71,2.57,2.0,3.0
Premier,RSC000952,Bun,Rollers,The Quad Dynasty,Solar,38.3,786,48,0.691,0.688,33,15,15880,9210,6670,43,28,45,126,34.1%,337.8,195.9,141.9,0.91,0.6,0.96,2.68,330.8,191.9,139.0,0.9,0.58,0.94,2.63,142,85,3.02,1.81,2.96,1.77
Premier,RSC000664,Vision,Interstellar,The Cosmos,Solar,36.4,631,37,0.588,0.649,24,13,12457,7190,5267,21,25,57,99,21.2%,330.1,190.5,139.6,0.56,0.66,1.51,2.62,336.7,194.3,142.4,0.57,0.68,1.54,2.68,91,72,2.41,1.91,2.46,1.95
Premier,RSC001076,Sersero,Pythons,The Serpents,Lunar,35.6,66,4,0.758,0.75,3,1,1282,800,482,2,3,7,10,20.0%,324.8,202.7,122.1,0.51,0.76,1.77,2.53,320.5,200.0,120.5,0.5,0.75,1.75,2.5,9,4,2.28,1.01,2.25,1.0
Premier,RSC001076,Sersero,Pythons,The Serpents,Lunar,35.6,66,4,0.758,0.75,3,1,1282,800,482,2,3,7,10,20.0%,324.8,202.7,122.1,0.51,0.76,1.77,2.53,320.5,200.0,120.5,0.5,0.75,1.75,2.5,9,4,2.28,1.01,2.25,1.0
Premier,RSC000403,Mezberry,Garbage Trucks,Waste Management,Solar,35.2,576,31,0.353,0.355,11,20,11505,6580,4925,22,23,48,83,26.5%,333.9,191.0,143.0,0.64,0.67,1.39,2.41,371.1,212.3,158.9,0.71,0.74,1.55,2.68,75,109,2.18,3.16,2.42,3.52
Premier,RSC002439,Angebro,Demon-Os,Spooky Breakfast Gang,Solar,34.8,912,51,0.391,0.373,19,32,18508,10930,7578,41,27,81,143,28.7%,339.3,200.4,138.9,0.75,0.49,1.48,2.62,362.9,214.3,148.6,0.8,0.53,1.59,2.8,113,150,2.07,2.75,2.22,2.94
Premier,RSC000439,Tide,Úmaia,Middle Earth,Lunar,34.6,371,25,0.55,0.6,15,10,7516,4050,3466,18,14,21,50,36.0%,338.7,182.5,156.2,0.81,0.63,0.95,2.25,300.6,162.0,138.6,0.72,0.56,0.84,2.0,59,52,2.66,2.34,2.36,2.08
Premier,RSC000483,Canadiyan.,Garbage Trucks,Waste Management,Solar,34.2,236,14,0.365,0.286,4,10,4618,2560,2058,7,9,21,36,19.4%,327.2,181.4,145.8,0.5,0.64,1.49,2.55,329.9,182.9,147.0,0.5,0.64,1.5,2.57,25,36,1.77,2.55,1.79,2.57
Premier,RSC000610,Pickle,Rollers,The Quad Dynasty,Solar,33.8,59,3,0.364,0.667,2,1,1208,680,528,3,2,4,8,37.5%,342.3,192.7,149.6,0.85,0.57,1.13,2.27,402.7,226.7,176.0,1.0,0.67,1.33,2.67,7,10,1.98,2.83,2.33,3.33
Premier,RSC000610,Pickle,Rollers,The Quad Dynasty,Solar,33.8,59,3,0.364,0.667,2,1,1208,680,528,3,2,4,8,37.5%,342.3,192.7,149.6,0.85,0.57,1.13,2.27,402.7,226.7,176.0,1.0,0.67,1.33,2.67,7,10,1.98,2.83,2.33,3.33
Premier,RSC000835,Kip,Garbage Trucks,Waste Management,Solar,30.8,402,24,0.348,0.375,9,15,7828,4250,3578,13,13,34,60,21.7%,325.6,176.8,148.8,0.54,0.54,1.41,2.5,326.2,177.1,149.1,0.54,0.54,1.42,2.5,47,70,1.95,2.91,1.96,2.92
Premier,RSC001792,Vroko,Demon-Os,Spooky Breakfast Gang,Solar,30.6,678,39,0.362,0.333,13,26,14059,7560,6499,18,20,78,86,20.9%,346.7,186.4,160.3,0.44,0.49,1.92,2.12,360.5,193.8,166.6,0.46,0.51,2.0,2.21,77,111,1.9,2.74,1.97,2.85
Premier,,Twst,Pythons,The Serpents,Lunar,29.7,69,4,0.83,1.0,4,0,1248,600,648,3,3,1,10,30.0%,302.4,145.4,157.0,0.73,0.73,0.24,2.42,312.0,150.0,162.0,0.75,0.75,0.25,2.5,18,7,4.36,1.7,4.5,1.75
Premier,RSC002088,Discreet,Rollers,The Quad Dynasty,Solar,29.7,246,14,0.432,0.5,7,7,4802,2570,2232,8,7,21,37,21.6%,326.4,174.7,151.7,0.54,0.48,1.43,2.51,343.0,183.6,159.4,0.57,0.5,1.5,2.64,31,37,2.11,2.51,2.21,2.64
Premier,RSC000657,Saucey,The Avengers,The Comic Crusaders,Lunar,29.3,491,33,0.319,0.303,10,23,9738,5210,4528,19,13,39,71,26.8%,331.6,177.4,154.2,0.65,0.44,1.33,2.42,295.1,157.9,137.2,0.58,0.39,1.18,2.15,60,96,2.04,3.27,1.82,2.91
Premier,RSC000583,Unearthlylegend,Hurricanes,Storm,Solar,27.7,78,4,0.216,0.0,0,4,1740,1020,720,2,2,13,7,28.6%,373.0,218.6,154.3,0.43,0.43,2.79,1.5,435.0,255.0,180.0,0.5,0.5,3.25,1.75,6,14,1.29,3.0,1.5,3.5
Premier,RSC000583,Unearthlylegend,Hurricanes,Storm,Solar,27.7,78,4,0.216,0.0,0,4,1740,1020,720,2,2,13,7,28.6%,373.0,218.6,154.3,0.43,0.43,2.79,1.5,435.0,255.0,180.0,0.5,0.5,3.25,1.75,6,14,1.29,3.0,1.5,3.5
Premier,RSC001336,Homelessbaby,Demon-Os,Spooky Breakfast Gang,Solar,26.4,54,3,0.193,0.0,0,3,929,470,459,1,3,3,7,14.3%,287.6,145.5,142.1,0.31,0.93,0.93,2.17,309.7,156.7,153.0,0.33,1.0,1.0,2.33,6,14,1.86,4.33,2.0,4.67
Premier,RSC001180,Cannibal,Interstellar,The Cosmos,Solar,25.3,459,28,0.431,0.393,11,17,8591,4650,3941,15,19,33,55,27.3%,312.9,169.4,143.6,0.55,0.69,1.2,2.0,306.8,166.1,140.8,0.54,0.68,1.18,1.96,63,75,2.29,2.73,2.25,2.68
Premier,RSC002868,F?Shy,Garbage Trucks,Waste Management,Solar,24.9,542,31,0.331,0.355,11,20,10555,5930,4625,21,14,48,73,28.8%,325.6,182.9,142.7,0.65,0.43,1.48,2.25,340.5,191.3,149.2,0.68,0.45,1.55,2.35,68,105,2.1,3.24,2.19,3.39
Premier,,Yung-,Pythons,The Serpents,Lunar,8.1,69,4,0.268,0.25,1,3,946,450,496,1,3,2,10,10.0%,229.2,109.0,120.2,0.24,0.73,0.48,2.42,236.5,112.5,124.0,0.25,0.75,0.5,2.5,5,10,1.21,2.42,1.25,2.5
Premier,RSC000249,Se7En,Aces,House of Cards,Lunar,7.7,342,18,0.426,0.278,5,13,5554,2840,2714,5,13,27,34,14.7%,271.5,138.8,132.7,0.24,0.64,1.32,1.66,308.6,157.8,150.8,0.28,0.72,1.5,1.89,49,59,2.4,2.88,2.72,3.28
Premier,RSC000374,Pletheros,Pythons,The Serpents,Lunar,-1.5,83,4,0.464,0.5,2,2,1207,600,607,2,2,4,10,20.0%,243.1,120.9,122.3,0.4,0.4,0.81,2.01,301.8,150.0,151.8,0.5,0.5,1.0,2.5,10,11,2.01,2.22,2.5,2.75
Premier,RSC000094,Namdorin,The Avengers,The Comic Crusaders,Lunar,-13.8,60,4,0.179,0.0,0,4,799,340,459,1,2,2,4,25.0%,222.6,94.7,127.9,0.28,0.56,0.56,1.11,199.8,85.0,114.8,0.25,0.5,0.5,1.0,6,15,1.67,4.18,1.5,3.75
Premier,RSC000094,Namdorin,The Avengers,The Comic Crusaders,Lunar,-13.8,60,4,0.179,0.0,0,4,799,340,459,1,2,2,4,25.0%,222.6,94.7,127.9,0.28,0.56,0.56,1.11,199.8,85.0,114.8,0.25,0.5,0.5,1.0,6,15,1.67,4.18,1.5,3.75
Minor,RSC000182,Goose,Blizzards,Storm,Solar,93.8,57,4,0.687,0.75,3,1,1742,1130,612,6,3,6,8,75.0%,448.5,290.9,157.6,1.54,0.77,1.54,2.06,435.5,282.5,153.0,1.5,0.75,1.5,2.0,13,8,3.35,2.06,3.25,2.0
Minor,RSC000182,Goose,Blizzards,Storm,Solar,93.8,57,4,0.687,0.75,3,1,1742,1130,612,6,3,6,8,75.0%,448.5,290.9,157.6,1.54,0.77,1.54,2.06,435.5,282.5,153.0,1.5,0.75,1.5,2.0,13,8,3.35,2.06,3.25,2.0
Minor,RSC002148,Sir Mcdouble,Taipans,The Serpents,Lunar,90.6,551,37,0.674,0.676,25,12,15037,9430,5607,49,20,43,138,35.5%,400.5,251.2,149.3,1.31,0.53,1.15,3.68,406.4,254.9,151.5,1.32,0.54,1.16,3.73,111,70,2.96,1.86,3.0,1.89
Minor,RSC002148,Sir Mcdouble,Taipans,The Serpents,Lunar,90.6,551,37,0.674,0.676,25,12,15037,9430,5607,49,20,43,138,35.5%,400.5,251.2,149.3,1.31,0.53,1.15,3.68,406.4,254.9,151.5,1.32,0.54,1.16,3.73,111,70,2.96,1.86,3.0,1.89
Minor,RSC000450,Zach,Taipans,The Serpents,Lunar,89.4,943,64,0.677,0.703,45,19,26216,15610,10606,82,41,67,201,40.8%,408.0,242.9,165.1,1.28,0.64,1.04,3.13,409.6,243.9,165.7,1.28,0.64,1.05,3.14,192,120,2.99,1.87,3.0,1.88
Minor,RSC002668,Azorh,Mall Walkers,Boomer Union,Lunar,87.2,56,4,0.586,0.75,3,1,1530,970,560,5,4,4,7,71.4%,400.9,254.2,146.7,1.31,1.05,1.05,1.83,382.5,242.5,140.0,1.25,1.0,1.0,1.75,10,8,2.62,2.1,2.5,2.0
Minor,RSC002370,Pc Principal,Polar Bears,The Bear Den,Lunar,86.8,913,64,0.644,0.703,45,19,23417,13890,9527,57,56,70,189,30.2%,376.4,223.3,153.1,0.92,0.9,1.13,3.04,365.9,217.0,148.9,0.89,0.88,1.09,2.95,166,113,2.67,1.82,2.59,1.77
Minor,,T.,Peppermint,Minty Fresh,Solar,86.7,992,64,0.688,0.703,45,19,26591,15590,11001,76,42,72,229,33.2%,393.4,230.6,162.7,1.12,0.62,1.07,3.39,415.5,243.6,171.9,1.19,0.66,1.13,3.58,209,127,3.09,1.88,3.27,1.98
Minor,,Lockdown^_^,"Silverbacks
Wind","The Jungle
The Elements",Solar,85.6,391,25,0.752,0.76,19,6,9543,5760,3783,32,21,12,91,35.2%,358.2,216.2,142.0,1.2,0.79,0.45,3.42,381.7,230.4,151.3,1.28,0.84,0.48,3.64,82,40,3.08,1.5,3.28,1.6
Minor,RSC002061,Shadowed_Afterburn,Cinnamon Ghost Crunch,Spooky Breakfast Gang,Solar,83.7,58,4,0.607,0.75,3,1,1554,1020,534,7,2,2,12,58.3%,393.2,258.1,135.1,1.77,0.51,0.51,3.04,388.5,255.0,133.5,1.75,0.5,0.5,3.0,13,10,3.29,2.53,3.25,2.5
Minor,RSC002061,Shadowed_Afterburn,Cinnamon Ghost Crunch,Spooky Breakfast Gang,Solar,83.7,58,4,0.607,0.75,3,1,1554,1020,534,7,2,2,12,58.3%,393.2,258.1,135.1,1.77,0.51,0.51,3.04,388.5,255.0,133.5,1.75,0.5,0.5,3.0,13,10,3.29,2.53,3.25,2.5
Minor,RSC003018,Mcchicky,Carrots,The Garden,Lunar,83.3,61,4,0.613,0.75,3,1,1552,940,612,4,3,5,14,28.6%,373.4,226.1,147.2,0.96,0.72,1.2,3.37,388.0,235.0,153.0,1.0,0.75,1.25,3.5,12,9,2.89,2.17,3.0,2.25
Minor,RSC003018,Mcchicky,Carrots,The Garden,Lunar,83.3,61,4,0.613,0.75,3,1,1552,940,612,4,3,5,14,28.6%,373.4,226.1,147.2,0.96,0.72,1.2,3.37,388.0,235.0,153.0,1.0,0.75,1.25,3.5,12,9,2.89,2.17,3.0,2.25
Minor,RSC002467,Reccoso7,Hawks,Birds of Prey,Solar,81.9,63,4,0.735,0.75,3,1,1616,980,636,4,5,5,8,50.0%,376.4,228.3,148.1,0.93,1.16,1.16,1.86,404.0,245.0,159.0,1.0,1.25,1.25,2.0,15,8,3.49,1.86,3.75,2.0
Minor,RSC002467,Reccoso7,Hawks,Birds of Prey,Solar,81.9,63,4,0.735,0.75,3,1,1616,980,636,4,5,5,8,50.0%,376.4,228.3,148.1,0.93,1.16,1.16,1.86,404.0,245.0,159.0,1.0,1.25,1.25,2.0,15,8,3.49,1.86,3.75,2.0
Minor,RSC001061,Spiffy,Skull and Bones,The Order,Lunar,81.0,429,27,0.639,0.63,17,10,10476,6340,4136,27,24,30,94,28.7%,358.4,216.9,141.5,0.92,0.82,1.03,3.22,388.0,234.8,153.2,1.0,0.89,1.11,3.48,82,57,2.81,1.95,3.04,2.11
Minor,,Kalten,Voyager,Mission Control,Solar,80.0,972,64,0.582,0.547,35,29,26415,14780,11635,59,41,97,198,29.8%,398.8,223.1,175.7,0.89,0.62,1.46,2.99,412.7,230.9,181.8,0.92,0.64,1.52,3.09,158,127,2.39,1.92,2.47,1.98
Minor,RSC002476,Argnor,Swordfish,The Ocean,Solar,77.7,508,36,0.641,0.611,22,14,13458,7720,5738,33,25,45,92,35.9%,388.8,223.0,165.8,0.95,0.72,1.3,2.66,373.8,214.4,159.4,0.92,0.69,1.25,2.56,101,70,2.92,2.02,2.81,1.94
Minor,RSC001974,Tinyelephant,Silverbacks,The Jungle,Solar,76.8,940,59,0.707,0.729,43,16,23881,14360,9521,52,49,97,186,28.0%,372.8,224.2,148.6,0.81,0.76,1.51,2.9,404.8,243.4,161.4,0.88,0.83,1.64,3.15,192,109,3.0,1.7,3.25,1.85
Minor,RSC000278,Tinsel,Peppermint,Minty Fresh,Solar,76.4,717,46,0.756,0.804,37,9,17802,10920,6882,53,36,48,142,37.3%,364.4,223.5,140.9,1.08,0.74,0.98,2.91,387.0,237.4,149.6,1.15,0.78,1.04,3.09,160,78,3.27,1.6,3.48,1.7
Minor,RSC000278,Tinsel,Peppermint,Minty Fresh,Solar,76.4,717,46,0.756,0.804,37,9,17802,10920,6882,53,36,48,142,37.3%,364.4,223.5,140.9,1.08,0.74,0.98,2.91,387.0,237.4,149.6,1.15,0.78,1.04,3.09,160,78,3.27,1.6,3.48,1.7
Minor,RSC002247,Twitch.Tv/Verdxtv,Fangtooths,The Abyss,Lunar,75.2,840,55,0.515,0.509,28,27,22243,13040,9203,61,31,74,169,36.1%,388.6,227.8,160.8,1.07,0.54,1.29,2.95,404.4,237.1,167.3,1.11,0.56,1.35,3.07,134,129,2.34,2.25,2.44,2.35
Minor,RSC000926,Slmrnchr,Torpedoes,Fallout Shelter,Solar,74.1,684,50,0.533,0.52,26,24,17481,10170,7311,43,30,60,137,31.4%,375.0,218.2,156.9,0.92,0.64,1.29,2.94,349.6,203.4,146.2,0.86,0.6,1.2,2.74,111,102,2.38,2.19,2.22,2.04
Minor,RSC002579,Saltybikini,Silverbacks,The Jungle,Solar,73.7,1029,64,0.687,0.703,45,19,27285,16300,10985,75,41,97,190,39.5%,389.1,232.5,156.7,1.07,0.58,1.38,2.71,426.3,254.7,171.6,1.17,0.64,1.52,2.97,204,123,2.91,1.75,3.19,1.92
Minor,RSC002610,Chiefnageed,Carrots,The Garden,Lunar,72.1,632,42,0.439,0.429,18,24,16390,9100,7290,41,21,52,135,30.4%,380.6,211.3,169.3,0.95,0.49,1.21,3.13,390.2,216.7,173.6,0.98,0.5,1.24,3.21,95,111,2.21,2.58,2.26,2.64
Minor,RSC000185,Robwobwob,"Justice League
Void","The Comic Crusaders
North American Soccar Club",Solar,71.5,819,58,0.503,0.552,32,26,21063,12700,8363,59,28,74,170,34.7%,377.4,227.6,149.8,1.06,0.5,1.33,3.05,363.2,219.0,144.2,1.02,0.48,1.28,2.93,131,130,2.35,2.33,2.26,2.24
Minor,RSC000848,Wittinghalo64,Jokers,House of Cards,Lunar,70.3,704,51,0.536,0.549,28,23,18175,9960,8215,37,32,68,126,29.4%,378.9,207.6,171.2,0.77,0.67,1.42,2.63,356.4,195.3,161.1,0.73,0.63,1.33,2.47,111,101,2.31,2.11,2.18,1.98
Minor,RSC002777,Pm,Justice League,The Comic Crusaders,Lunar,70.0,912,62,0.588,0.613,38,24,23038,13690,9348,65,35,73,179,36.3%,370.7,220.3,150.4,1.05,0.56,1.17,2.88,371.6,220.8,150.8,1.05,0.56,1.18,2.89,154,122,2.48,1.96,2.48,1.97
Minor,RSC000037,Md,Cinnamon Ghost Crunch,Spooky Breakfast Gang,Solar,68.7,745,46,0.654,0.696,32,14,17267,10500,6767,46,36,51,155,29.7%,340.1,206.8,133.3,0.91,0.71,1.0,3.05,375.4,228.3,147.1,1.0,0.78,1.11,3.37,143,95,2.82,1.87,3.11,2.07
Minor,RSC002802,Trikzy,Surge,Electric Mayhem,Lunar,68.1,767,57,0.615,0.667,38,19,19585,10240,9345,44,27,59,154,28.6%,374.7,195.9,178.8,0.84,0.52,1.13,2.95,343.6,179.6,163.9,0.77,0.47,1.04,2.7,128,94,2.45,1.8,2.25,1.65
Minor,RSC002161,Theangrytryhard,Peppermint,Minty Fresh,Solar,67.9,594,38,0.658,0.632,24,14,14073,8470,5603,38,31,41,107,35.5%,347.7,209.3,138.4,0.94,0.77,1.01,2.64,370.3,222.9,147.4,1.0,0.82,1.08,2.82,121,80,2.99,1.98,3.18,2.11
Minor,RSC000018,Grand Kane,Gravity,The Cosmos,Solar,65.9,512,37,0.418,0.432,16,21,13000,6530,6470,21,22,48,93,22.6%,372.6,187.2,185.4,0.6,0.63,1.38,2.67,351.4,176.5,174.9,0.57,0.59,1.3,2.51,65,81,1.86,2.32,1.76,2.19
Minor,RSC002435,Litltightypants,Polar Bears,The Bear Den,Lunar,65.7,913,64,0.644,0.703,45,19,22872,13690,9182,63,34,80,169,37.3%,367.6,220.0,147.6,1.01,0.55,1.29,2.72,357.4,213.9,143.5,0.98,0.53,1.25,2.64,166,113,2.67,1.82,2.59,1.77
Minor,RSC000508,Benderescobar82,Quads,The Quad Dynasty,Solar,64.8,922,64,0.347,0.359,23,41,24598,13760,10838,62,22,94,176,35.2%,391.5,219.0,172.5,0.99,0.35,1.5,2.8,384.3,215.0,169.3,0.97,0.34,1.47,2.75,124,185,1.97,2.94,1.94,2.89
Minor,,Guy Flurry,Swordfish,The Ocean,Solar,64.1,709,51,0.524,0.49,25,26,17358,9900,7458,42,34,57,115,36.5%,359.3,204.9,154.4,0.87,0.7,1.18,2.38,340.4,194.1,146.2,0.82,0.67,1.12,2.25,119,112,2.46,2.32,2.33,2.2
Minor,RSC000341,Therogerseffect,Metroids,8-Bit Brigade,Lunar,63.4,755,54,0.487,0.463,25,29,19354,10960,8394,44,29,77,126,34.9%,376.2,213.0,163.2,0.86,0.56,1.5,2.45,358.4,203.0,155.4,0.81,0.54,1.43,2.33,114,118,2.22,2.29,2.11,2.19
Minor,RSC000875,Wüstenspinne,"Gravity
Cinnamon Ghost Crunch","The Cosmos
Spooky Breakfast Gang",Solar,63.0,439,31,0.477,0.484,15,16,10555,5500,5055,20,20,34,80,25.0%,352.8,183.9,169.0,0.67,0.67,1.14,2.67,340.5,177.4,163.1,0.65,0.65,1.1,2.58,66,70,2.21,2.34,2.13,2.26
Minor,RSC000809,Wheats :),Velociraptors,Dino Park,Solar,62.9,731,51,0.475,0.51,26,25,18581,10190,8391,34,30,81,124,27.4%,373.0,204.6,168.5,0.68,0.6,1.63,2.49,364.3,199.8,164.5,0.67,0.59,1.59,2.43,102,109,2.05,2.19,2.0,2.14
Minor,,Angel,Cinnamon Ghost Crunch,Spooky Breakfast Gang,Solar,62.8,949,59,0.642,0.678,40,19,21899,13550,8349,73,33,52,200,36.5%,338.6,209.5,129.1,1.13,0.51,0.8,3.09,371.2,229.7,141.5,1.24,0.56,0.88,3.39,179,123,2.77,1.9,3.03,2.08
Minor,,Batrachomyomachy,Cinnamon Ghost Crunch,Spooky Breakfast Gang,Solar,62.4,898,55,0.667,0.709,39,16,19408,11840,7568,46,50,60,174,26.4%,317.2,193.5,123.7,0.75,0.82,0.98,2.84,352.9,215.3,137.6,0.84,0.91,1.09,3.16,172,110,2.81,1.8,3.13,2.0
Minor,RSC002827,Breadbeard,Surge,Electric Mayhem,Lunar,62.1,796,58,0.597,0.638,37,21,19413,10600,8813,39,33,72,145,26.9%,357.9,195.4,162.5,0.72,0.61,1.33,2.67,334.7,182.8,151.9,0.67,0.57,1.24,2.5,125,96,2.3,1.77,2.16,1.66
Minor,,Xxfazepythrlxx.Ttv.Tiktok[Live],Silverbacks,The Jungle,Solar,62.1,14,1,0.658,1.0,1,0,294,220,74,1,1,1,2,50.0%,308.2,230.6,77.6,1.05,1.05,1.05,2.1,294.0,220.0,74.0,1.0,1.0,1.0,2.0,3,2,3.14,2.1,3.0,2.0
Minor,RSC000782,Hudx,Fugue,Magnum Opus,Solar,61.8,762,52,0.44,0.462,24,28,20491,11240,9251,40,25,96,119,33.6%,394.6,216.5,178.2,0.77,0.48,1.85,2.29,394.1,216.2,177.9,0.77,0.48,1.85,2.29,115,134,2.21,2.58,2.21,2.58
Minor,RSC000165,Vrou,Skull and Bones,The Order,Lunar,61.5,838,56,0.616,0.607,34,22,20238,12330,7908,66,29,55,153,43.1%,354.4,215.9,138.5,1.16,0.51,0.96,2.68,361.4,220.2,141.2,1.18,0.52,0.98,2.73,162,120,2.84,2.1,2.89,2.14
Minor,RSC001969,A Pile Of Glue,Banelings,The Swarm,Solar,61.4,854,60,0.45,0.433,26,34,21381,11430,9951,42,30,83,158,26.6%,367.4,196.4,171.0,0.72,0.52,1.43,2.72,356.4,190.5,165.9,0.7,0.5,1.38,2.63,123,140,2.11,2.41,2.05,2.33
Minor,RSC002737,Half A Head Of Lettuce,Ungols,Middle Earth,Lunar,60.2,553,36,0.5,0.472,17,19,12940,7090,5850,31,21,37,109,28.4%,343.4,188.1,155.2,0.82,0.56,0.98,2.89,359.4,196.9,162.5,0.86,0.58,1.03,3.03,93,93,2.47,2.47,2.58,2.58
Minor,RSC001891,P0L1K,"Voyager
Void","Mission Control
North American Soccar Club",Solar,59.4,533,36,0.445,0.444,16,20,13169,7790,5379,36,19,47,89,40.4%,362.6,214.5,148.1,0.99,0.52,1.29,2.45,365.8,216.4,149.4,1.0,0.53,1.31,2.47,79,91,2.18,2.51,2.19,2.53
Minor,RSC001891,P0L1K,"Voyager
Void","Mission Control
North American Soccar Club",Solar,59.4,533,36,0.445,0.444,16,20,13169,7790,5379,36,19,47,89,40.4%,362.6,214.5,148.1,0.99,0.52,1.29,2.45,365.8,216.4,149.4,1.0,0.53,1.31,2.47,79,91,2.18,2.51,2.19,2.53
Minor,RSC002173,Dude3Po,Fangtooths,The Abyss,Lunar,59.0,903,58,0.525,0.5,29,29,21862,12530,9332,49,40,84,143,34.3%,355.3,203.6,151.7,0.8,0.65,1.37,2.32,376.9,216.0,160.9,0.84,0.69,1.45,2.47,145,136,2.36,2.21,2.5,2.34
Minor,,Chan,Catspressos,The Cat Cafe,Lunar,58.0,360,22,0.472,0.455,10,12,8000,4830,3170,24,12,21,78,30.8%,326.1,196.9,129.2,0.98,0.49,0.86,3.18,363.6,219.5,144.1,1.09,0.55,0.95,3.55,52,56,2.12,2.28,2.36,2.55
Minor,RSC002045,Sizzle Schaef,"Justice League
Wind","The Comic Crusaders
The Elements",Lunar,57.9,303,20,0.5,0.5,10,10,7403,4000,3403,14,14,29,45,31.1%,358.5,193.7,164.8,0.68,0.68,1.4,2.18,370.2,200.0,170.2,0.7,0.7,1.45,2.25,43,43,2.08,2.08,2.15,2.15
Minor,RSC002541,Rezzen97,Justice League,The Comic Crusaders,Lunar,57.1,863,58,0.6,0.621,36,22,22150,12750,9400,49,31,101,125,39.2%,376.7,216.8,159.8,0.83,0.53,1.72,2.13,381.9,219.8,162.1,0.84,0.53,1.74,2.16,146,112,2.48,1.9,2.52,1.93
Minor,RSC000625,Sly,Hammerheads,Shark Attack,Lunar,56.1,925,63,0.461,0.46,29,34,21546,12440,9106,53,34,75,169,31.4%,341.8,197.4,144.5,0.84,0.54,1.19,2.68,342.0,197.5,144.5,0.84,0.54,1.19,2.68,132,146,2.09,2.32,2.1,2.32
Minor,RSC000579,Crypt_Rl,Peppermint,Minty Fresh,Solar,56.0,620,40,0.645,0.675,27,13,14119,8310,5809,40,26,39,106,37.7%,334.2,196.7,137.5,0.95,0.62,0.92,2.51,353.0,207.8,145.2,1.0,0.65,0.98,2.65,124,85,2.93,2.01,3.1,2.13
Minor,RSC000247,Hexic,Skull and Bones,The Order,Lunar,55.8,696,47,0.554,0.553,26,21,15436,8920,6516,37,31,48,127,29.1%,325.5,188.1,137.4,0.78,0.65,1.01,2.68,328.4,189.8,138.6,0.79,0.66,1.02,2.7,126,110,2.66,2.32,2.68,2.34
Minor,,Staffie Scrubbzworth,Shih Tzus,Puppy Paradise,Solar,55.8,982,64,0.437,0.406,26,38,23408,12290,11118,52,33,73,179,29.1%,349.8,183.7,166.1,0.78,0.49,1.09,2.67,365.8,192.0,173.7,0.81,0.52,1.14,2.8,149,175,2.23,2.62,2.33,2.73
Minor,RSC001321,Hannandgrenade,Wind,The Elements,Lunar,55.3,799,54,0.428,0.315,17,37,19942,10980,8962,43,28,81,123,35.0%,366.3,201.7,164.6,0.79,0.51,1.49,2.26,369.3,203.3,166.0,0.8,0.52,1.5,2.28,111,134,2.04,2.46,2.06,2.48
Minor,RSC002477,Ty (Arcus),Stuffed Crust,Fifty-Fifty Pizzeria,Lunar,55.2,848,56,0.503,0.518,29,27,19947,11190,8757,52,28,61,154,33.8%,345.2,193.6,151.5,0.9,0.48,1.06,2.67,356.2,199.8,156.4,0.93,0.5,1.09,2.75,136,135,2.35,2.34,2.43,2.41
Minor,RSC000886,Blue Eyes Thunder Thighs,Blizzards,Storm,Solar,54.8,697,49,0.527,0.531,26,23,16673,9220,7453,35,26,65,117,29.9%,351.0,194.1,156.9,0.74,0.55,1.37,2.46,340.3,188.2,152.1,0.71,0.53,1.33,2.39,102,95,2.15,2.0,2.08,1.94
Minor,RSC002474,Zinq,Swordfish,The Ocean,Solar,54.1,836,59,0.5,0.492,29,30,21609,12200,9409,57,18,85,135,42.2%,379.3,214.2,165.2,1.0,0.32,1.49,2.37,366.3,206.8,159.5,0.97,0.31,1.44,2.29,137,137,2.4,2.4,2.32,2.32
Minor,RSC000306,Xtanny,"Metroids
Skull and Bones","8-Bit Brigade
The Order",Lunar,53.9,297,23,0.351,0.348,8,15,7346,3970,3376,15,10,30,47,31.9%,363.0,196.2,166.8,0.74,0.49,1.48,2.32,319.4,172.6,146.8,0.65,0.43,1.3,2.04,40,59,1.98,2.92,1.74,2.57
Minor,RSC002590,Bhay,Trashbags,Waste Management,Solar,53.5,662,47,0.459,0.447,21,26,15353,8840,6513,37,23,56,119,31.1%,340.3,196.0,144.4,0.82,0.51,1.24,2.64,326.7,188.1,138.6,0.79,0.49,1.19,2.53,100,111,2.22,2.46,2.13,2.36
Minor,RSC002590,Bhay,Trashbags,Waste Management,Solar,53.5,662,47,0.459,0.447,21,26,15353,8840,6513,37,23,56,119,31.1%,340.3,196.0,144.4,0.82,0.51,1.24,2.64,326.7,188.1,138.6,0.79,0.49,1.19,2.53,100,111,2.22,2.46,2.13,2.36
Minor,RSC002228,Funke,Stuffed Crust,Fifty-Fifty Pizzeria,Lunar,53.4,912,60,0.516,0.517,31,29,21714,12710,9004,60,25,76,166,36.1%,349.4,204.5,144.9,0.97,0.4,1.22,2.67,361.9,211.8,150.1,1.0,0.42,1.27,2.77,147,141,2.37,2.27,2.45,2.35
Minor,RSC000060,Andrew,Justice League,The Comic Crusaders,Lunar,53.3,471,32,0.619,0.688,22,10,10448,5930,4518,20,23,40,78,25.6%,325.5,184.8,140.8,0.62,0.72,1.25,2.43,326.5,185.3,141.2,0.63,0.72,1.25,2.44,81,59,2.52,1.84,2.53,1.84
Minor,,Znin9,Trashbags,Waste Management,Solar,53.1,573,40,0.487,0.475,19,21,13327,7520,5807,31,23,47,92,33.7%,341.3,192.6,148.7,0.79,0.59,1.2,2.36,333.2,188.0,145.2,0.78,0.58,1.18,2.3,89,92,2.28,2.36,2.23,2.3
Minor,,Ashthewaterboy,Catspressos,The Cat Cafe,Lunar,52.7,827,56,0.482,0.464,26,30,18677,9810,8867,38,35,57,141,27.0%,331.4,174.1,157.3,0.67,0.62,1.01,2.5,333.5,175.2,158.3,0.68,0.63,1.02,2.52,126,132,2.24,2.34,2.25,2.36
Minor,RSC000230,Chronic Lies,Banelings,The Swarm,Solar,52.3,907,64,0.453,0.453,29,35,20528,11520,9008,49,32,67,167,29.3%,332.1,186.4,145.7,0.79,0.52,1.08,2.7,320.8,180.0,140.8,0.77,0.5,1.05,2.61,132,149,2.14,2.41,2.06,2.33
Minor,RSC000503,Akipz,Jokers,House of Cards,Lunar,52.3,790,56,0.474,0.464,26,30,19316,10500,8816,47,16,70,150,31.3%,358.8,195.0,163.8,0.87,0.3,1.3,2.79,344.9,187.5,157.4,0.84,0.29,1.25,2.68,114,122,2.12,2.27,2.04,2.18
Minor,RSC000865,Level 76 Metapod,Voyager,Mission Control,Solar,52.0,847,56,0.607,0.554,31,25,19694,11540,8154,54,28,66,144,37.5%,341.2,199.9,141.3,0.94,0.49,1.14,2.49,351.7,206.1,145.6,0.96,0.5,1.18,2.57,145,109,2.51,1.89,2.59,1.95
Minor,RSC001966,Drlee,Hawks,Birds of Prey,Solar,50.5,289,22,0.441,0.5,11,11,6863,3560,3303,11,14,28,36,30.6%,348.5,180.8,167.7,0.56,0.71,1.42,1.83,312.0,161.8,150.1,0.5,0.64,1.27,1.64,43,50,2.18,2.54,1.95,2.27
Minor,RSC000463,Stan,Vikings,The Sovereign,Lunar,50.5,807,55,0.354,0.364,20,35,18657,10690,7967,43,27,73,139,30.9%,339.3,194.4,144.9,0.78,0.49,1.33,2.53,339.2,194.4,144.9,0.78,0.49,1.33,2.53,114,166,2.07,3.02,2.07,3.02
Minor,RSC002009,Boulder,Metroids,8-Bit Brigade,Lunar,50.3,868,62,0.465,0.452,28,34,20616,10900,9716,44,27,74,145,30.3%,348.5,184.3,164.3,0.74,0.46,1.25,2.45,332.5,175.8,156.7,0.71,0.44,1.19,2.34,128,140,2.16,2.37,2.06,2.26
Minor,RSC001873,Changswrld,Hammerheads,Shark Attack,Lunar,50.2,847,58,0.474,0.483,28,30,18533,10210,8323,38,33,64,156,24.4%,321.1,176.9,144.2,0.66,0.57,1.11,2.7,319.5,176.0,143.5,0.66,0.57,1.1,2.69,127,136,2.2,2.36,2.19,2.34
Minor,RSC002320,Joeexotic,"Hammerheads
Blizzards","Shark Attack
Storm",Lunar,50.0,836,57,0.494,0.509,29,28,18592,9860,8732,38,31,60,151,25.2%,326.4,173.1,153.3,0.67,0.54,1.05,2.65,326.2,173.0,153.2,0.67,0.54,1.05,2.65,127,129,2.23,2.26,2.23,2.26
Minor,RSC001592,Qudron,Stuffed Crust,Fifty-Fifty Pizzeria,Lunar,49.8,719,48,0.531,0.521,25,23,16235,8410,7825,29,32,56,111,26.1%,331.4,171.6,159.7,0.59,0.65,1.14,2.27,338.2,175.2,163.0,0.6,0.67,1.17,2.31,119,110,2.43,2.25,2.48,2.29
Minor,RSC000099,Squishysquirrel,Ungols,Middle Earth,Lunar,49.6,878,58,0.455,0.448,26,32,20589,11700,8889,51,24,77,155,32.9%,344.1,195.6,148.6,0.85,0.4,1.29,2.59,355.0,201.7,153.3,0.88,0.41,1.33,2.67,129,145,2.16,2.42,2.22,2.5
Minor,RSC002808,Kdadrummer,Polar Bears,The Bear Den,Lunar,49.6,763,53,0.622,0.679,36,17,16961,9550,7411,41,29,54,130,31.5%,326.2,183.7,142.5,0.79,0.56,1.04,2.5,320.0,180.2,139.8,0.77,0.55,1.02,2.45,138,100,2.65,1.92,2.6,1.89
Minor,RSC001058,Msudw,Surge,Electric Mayhem,Lunar,49.6,565,42,0.577,0.548,23,19,12966,7290,5676,35,20,38,89,39.3%,336.8,189.3,147.4,0.91,0.52,0.99,2.31,308.7,173.6,135.1,0.83,0.48,0.9,2.12,93,76,2.42,1.97,2.21,1.81
Minor,RSC002614,Domrm14,Trashbags,Waste Management,Solar,49.4,602,40,0.458,0.4,16,24,14900,7930,6970,32,21,58,78,41.0%,363.2,193.3,169.9,0.78,0.51,1.41,1.9,372.5,198.3,174.3,0.8,0.53,1.45,1.95,85,95,2.07,2.32,2.13,2.38
Minor,RSC001074,Sabre,Taipans,The Serpents,Lunar,49.2,883,60,0.685,0.733,44,16,18686,10470,8216,36,48,63,132,27.3%,310.6,174.0,136.5,0.6,0.8,1.05,2.19,311.4,174.5,136.9,0.6,0.8,1.05,2.2,182,111,3.02,1.84,3.03,1.85
Minor,RSC002186,5Pike,Catspressos,The Cat Cafe,Lunar,48.4,879,60,0.494,0.483,29,31,19174,10730,8444,45,32,61,158,28.5%,320.1,179.1,141.0,0.75,0.53,1.02,2.64,319.6,178.8,140.7,0.75,0.53,1.02,2.63,135,137,2.25,2.29,2.25,2.28
Minor,RSC002081,J_Suts,Velociraptors,Dino Park,Solar,48.4,771,54,0.454,0.481,26,28,19088,10800,8288,40,23,91,110,36.4%,363.3,205.6,157.8,0.76,0.44,1.73,2.09,353.5,200.0,153.5,0.74,0.43,1.69,2.04,108,122,2.06,2.32,2.0,2.26
Minor,RSC002645,Codered,Torpedoes,Fallout Shelter,Solar,48.0,811,57,0.475,0.491,28,29,17470,9530,7940,36,31,58,148,24.3%,316.1,172.4,143.7,0.65,0.56,1.05,2.68,306.5,167.2,139.3,0.63,0.54,1.02,2.6,122,130,2.21,2.35,2.14,2.28
Minor,RSC002872,Chriscrunch,Skull and Bones,The Order,Lunar,47.7,592,41,0.552,0.537,22,19,12688,6970,5718,26,28,41,92,28.3%,314.5,172.8,141.7,0.64,0.69,1.02,2.28,309.5,170.0,139.5,0.63,0.68,1.0,2.24,105,92,2.6,2.28,2.56,2.24
Minor,RSC000818,Aviontequila,Catspressos,The Cat Cafe,Lunar,47.1,712,50,0.482,0.44,22,28,16182,8790,7392,31,23,66,124,25.0%,333.5,181.2,152.4,0.64,0.47,1.36,2.56,323.6,175.8,147.8,0.62,0.46,1.32,2.48,104,109,2.14,2.25,2.08,2.18
Minor,RSC000034,Frosty2200,Fugue,Magnum Opus,Solar,46.9,690,49,0.422,0.429,21,28,15528,8790,6738,34,29,59,99,34.3%,330.3,186.9,143.3,0.72,0.62,1.25,2.11,316.9,179.4,137.5,0.69,0.59,1.2,2.02,98,120,2.08,2.55,2.0,2.45
Minor,RSC001915,Frickin Alex,Jokers,House of Cards,Lunar,46.4,505,35,0.47,0.486,17,18,10983,5560,5423,22,16,32,96,22.9%,319.2,161.6,157.6,0.64,0.46,0.93,2.79,313.8,158.9,154.9,0.63,0.46,0.91,2.74,73,79,2.12,2.3,2.09,2.26
Minor,,Hoodie,Blizzards,Storm,Solar,45.8,501,35,0.542,0.571,20,15,12240,6920,5320,28,10,56,82,34.1%,358.5,202.7,155.8,0.82,0.29,1.64,2.4,349.7,197.7,152.0,0.8,0.29,1.6,2.34,75,67,2.2,1.96,2.14,1.91
Minor,,Dread,Trashbags,Waste Management,Solar,45.7,860,58,0.472,0.431,25,33,19802,10900,8902,38,29,86,135,28.1%,337.9,186.0,151.9,0.65,0.49,1.47,2.3,341.4,187.9,153.5,0.66,0.5,1.48,2.33,132,142,2.25,2.42,2.28,2.45
Minor,RSC000793,Zekk,Hawks,Birds of Prey,Solar,45.6,784,55,0.383,0.364,20,35,17399,9560,7839,38,22,64,146,26.0%,325.7,178.9,146.7,0.71,0.41,1.2,2.73,316.3,173.8,142.5,0.69,0.4,1.16,2.65,106,144,1.98,2.7,1.93,2.62
Minor,RSC002875,Landolush,Cinnamon Ghost Crunch,Spooky Breakfast Gang,Solar,44.8,155,10,0.552,0.5,5,5,3474,1860,1614,7,5,13,26,26.9%,328.9,176.1,152.8,0.66,0.47,1.23,2.46,347.4,186.0,161.4,0.7,0.5,1.3,2.6,23,20,2.18,1.89,2.3,2.0
Minor,RSC002571,Google Girth,Carrots,The Garden,Lunar,44.7,206,14,0.336,0.357,5,9,4733,2680,2053,11,6,19,33,33.3%,337.2,190.9,146.3,0.78,0.43,1.35,2.35,338.1,191.4,146.6,0.79,0.43,1.36,2.36,31,47,2.21,3.35,2.21,3.36
Minor,,Paco,"Polar Bears
Mall Walkers","The Bear Den
Boomer Union",Lunar,44.4,393,27,0.448,0.444,12,15,8754,4300,4454,12,16,34,60,20.0%,326.9,160.6,166.3,0.45,0.6,1.27,2.24,324.2,159.3,165.0,0.44,0.59,1.26,2.22,54,62,2.02,2.32,2.0,2.3
Minor,RSC000813,Ziggy.,"Shih Tzus
Ungols","Puppy Paradise
Middle Earth",Solar,44.2,758,49,0.471,0.469,23,26,16480,9210,7270,41,24,52,131,31.3%,319.1,178.3,140.7,0.79,0.46,1.01,2.54,336.3,188.0,148.4,0.84,0.49,1.06,2.67,119,128,2.3,2.48,2.43,2.61
Minor,,Simms-H,"Void
Vikings","North American Soccar Club
The Sovereign",Lunar,43.9,914,62,0.337,0.323,20,42,20177,11310,8867,51,22,68,171,29.8%,324.0,181.6,142.4,0.82,0.35,1.09,2.75,325.4,182.4,143.0,0.82,0.35,1.1,2.76,124,190,1.99,3.05,2.0,3.06
Minor,RSC002663,Animosity,Mall Walkers,Boomer Union,Lunar,43.2,855,59,0.36,0.373,22,37,19836,10920,8916,37,27,92,127,29.1%,340.5,187.4,153.0,0.64,0.46,1.58,2.18,336.2,185.1,151.1,0.63,0.46,1.56,2.15,105,153,1.8,2.63,1.78,2.59
Minor,RSC002600,Taskhetto,Wind,The Elements,Lunar,43.1,476,33,0.328,0.212,7,26,10974,5780,5194,19,15,48,73,26.0%,338.3,178.2,160.1,0.59,0.46,1.48,2.25,332.5,175.2,157.4,0.58,0.45,1.45,2.21,55,88,1.7,2.71,1.67,2.67
Minor,RSC002587,Polarxburr,Silverbacks,The Jungle,Solar,42.8,643,39,0.642,0.641,25,14,13660,7880,5780,41,22,33,103,39.8%,311.8,179.8,131.9,0.94,0.5,0.75,2.35,350.3,202.1,148.2,1.05,0.56,0.85,2.64,122,84,2.78,1.92,3.13,2.15
Minor,RSC000215,Botch,"Mall Walkers
Carrots
Gravity","Boomer Union
The Garden
The Cosmos",Solar,42.8,640,45,0.475,0.467,21,24,14802,8070,6732,28,21,66,92,30.4%,339.4,185.0,154.4,0.64,0.48,1.51,2.11,328.9,179.3,149.6,0.62,0.47,1.47,2.04,87,93,1.99,2.13,1.93,2.07
Minor,RSC000215,Botch,"Mall Walkers
Carrots
Gravity","Boomer Union
The Garden
The Cosmos",Solar,42.8,640,45,0.475,0.467,21,24,14802,8070,6732,28,21,66,92,30.4%,339.4,185.0,154.4,0.64,0.48,1.51,2.11,328.9,179.3,149.6,0.62,0.47,1.47,2.04,87,93,1.99,2.13,1.93,2.07
Minor,RSC000169,Momed09,Fugue,Magnum Opus,Solar,42.7,776,53,0.456,0.453,24,29,18080,9610,8470,37,27,71,101,36.6%,341.9,181.7,160.2,0.7,0.51,1.34,1.91,341.1,181.3,159.8,0.7,0.51,1.34,1.91,118,132,2.23,2.5,2.23,2.49
Minor,RSC000710,Tigerpm,Torpedoes,Fallout Shelter,Solar,42.1,834,58,0.485,0.483,28,30,17716,10110,7606,42,33,60,126,33.3%,311.7,177.9,133.8,0.74,0.58,1.06,2.22,305.4,174.3,131.1,0.72,0.57,1.03,2.17,126,131,2.22,2.31,2.17,2.26
Minor,,Ukcats,"Void
Taipans","North American Soccar Club
The Serpents",Solar,41.9,698,47,0.51,0.532,25,22,15457,8730,6727,37,27,55,93,39.8%,325.0,183.5,141.4,0.78,0.57,1.16,1.96,328.9,185.7,143.1,0.79,0.57,1.17,1.98,120,117,2.52,2.46,2.55,2.49
Minor,RSC000563,Cthulhu,"Justice League
Blizzards
Shih Tzus","The Comic Crusaders
Storm
Puppy Paradise",Solar,40.7,643,44,0.496,0.432,19,25,13017,7670,5347,32,30,41,92,34.8%,297.1,175.0,122.0,0.73,0.68,0.94,2.1,295.8,174.3,121.5,0.73,0.68,0.93,2.09,103,104,2.35,2.37,2.34,2.36
Minor,RSC002115,Jonathon,Fugue,Magnum Opus,Solar,40.0,65,4,0.245,0.25,1,3,1517,830,687,5,0,4,13,38.5%,342.5,187.4,155.1,1.13,0.0,0.9,2.93,379.3,207.5,171.8,1.25,0.0,1.0,3.25,8,16,1.81,3.61,2.0,4.0
Minor,RSC002902,Stone-Dog Millionaire,Torpedoes,Fallout Shelter,Solar,40.0,334,23,0.477,0.435,10,13,7096,3690,3406,16,11,20,54,29.6%,311.8,162.1,149.6,0.7,0.48,0.88,2.37,308.5,160.4,148.1,0.7,0.48,0.87,2.35,48,51,2.11,2.24,2.09,2.22
Minor,RSC002923,Hparkerr,Voyager,Mission Control,Solar,39.9,845,55,0.596,0.582,32,23,18242,10500,7742,39,29,77,130,30.0%,316.8,182.4,134.5,0.68,0.5,1.34,2.26,331.7,190.9,140.8,0.71,0.53,1.4,2.36,142,110,2.47,1.91,2.58,2.0
Minor,RSC000347,Chris.,Banelings,The Swarm,Solar,39.6,758,52,0.477,0.462,24,28,16680,9120,7560,37,26,61,107,34.6%,322.9,176.6,146.4,0.72,0.5,1.18,2.07,320.8,175.4,145.4,0.71,0.5,1.17,2.06,111,118,2.15,2.28,2.13,2.27
Minor,RSC000438,Limon,Shih Tzus,Puppy Paradise,Solar,38.4,363,23,0.349,0.217,5,18,7609,4080,3529,15,11,28,63,23.8%,307.6,164.9,142.7,0.61,0.44,1.13,2.55,330.8,177.4,153.4,0.65,0.48,1.22,2.74,50,74,2.02,2.99,2.17,3.22
Minor,RSC000091,Bousquet,Fangtooths,The Abyss,Lunar,37.1,647,43,0.566,0.558,24,19,13184,7270,5914,25,23,51,107,23.4%,299.0,164.9,134.1,0.57,0.52,1.16,2.43,306.6,169.1,137.5,0.58,0.53,1.19,2.49,116,98,2.63,2.22,2.7,2.28
Minor,,Lead,Carrots,The Garden,Lunar,36.7,880,58,0.423,0.414,24,34,18407,10150,8257,38,30,70,135,28.1%,307.0,169.3,137.7,0.63,0.5,1.17,2.25,317.4,175.0,142.4,0.66,0.52,1.21,2.33,127,155,2.12,2.58,2.19,2.67
Minor,RSC000349,Koda,Quads,The Quad Dynasty,Solar,36.3,680,48,0.36,0.354,17,31,14697,7500,7197,25,27,56,85,29.4%,317.2,161.9,155.3,0.54,0.58,1.21,1.83,306.2,156.3,149.9,0.52,0.56,1.17,1.77,97,139,2.09,3.0,2.02,2.9
Minor,RSC000446,Shankster,"Shih Tzus
Hammerheads","Puppy Paradise
Shark Attack",Lunar,36.3,756,50,0.442,0.44,22,28,15433,8480,6953,32,24,56,128,25.0%,299.6,164.6,135.0,0.62,0.47,1.09,2.48,308.7,169.6,139.1,0.64,0.48,1.12,2.56,104,121,2.02,2.35,2.08,2.42
Minor,RSC000270,Thunderama,Vikings,The Sovereign,Lunar,36.0,639,43,0.412,0.442,19,24,13223,7170,6053,25,23,51,97,25.8%,303.7,164.7,139.0,0.57,0.53,1.17,2.23,307.5,166.7,140.8,0.58,0.53,1.19,2.26,100,125,2.3,2.87,2.33,2.91
Minor,RSC000458,Calltopower1,Ungols,Middle Earth,Lunar,35.9,710,47,0.471,0.489,23,24,15135,8050,7085,34,17,52,120,28.3%,312.8,166.4,146.4,0.7,0.35,1.07,2.48,322.0,171.3,150.7,0.72,0.36,1.11,2.55,103,111,2.13,2.29,2.19,2.36
Minor,,The Joker,"Vikings
Jokers
Fugue","The Sovereign
House of Cards
Magnum Opus",Lunar,35.9,213,14,0.469,0.5,7,7,4472,2690,1782,10,8,20,29,34.5%,308.1,185.3,122.8,0.69,0.55,1.38,2.0,319.4,192.1,127.3,0.71,0.57,1.43,2.07,37,40,2.55,2.76,2.64,2.86
Minor,RSC000992,Thomasuh,Gravity,The Cosmos,Solar,35.5,94,6,0.443,0.333,2,4,2038,1220,818,7,1,6,17,41.2%,318.2,190.5,127.7,1.09,0.16,0.94,2.65,339.7,203.3,136.3,1.17,0.17,1.0,2.83,12,14,1.87,2.19,2.0,2.33
Minor,RSC001877,Ath-A-Lete,Ungols,Middle Earth,Lunar,34.7,523,34,0.421,0.412,14,20,11230,5620,5610,18,18,44,72,25.0%,315.1,157.7,157.4,0.51,0.51,1.23,2.02,330.3,165.3,165.0,0.53,0.53,1.29,2.12,69,85,1.94,2.39,2.03,2.5
Minor,RSC002867,Uglee,Hawks,Birds of Prey,Solar,34.5,760,54,0.352,0.333,18,36,16159,8860,7299,36,21,61,116,31.0%,312.0,171.1,140.9,0.7,0.41,1.18,2.24,299.2,164.1,135.2,0.67,0.39,1.13,2.15,98,145,1.89,2.8,1.81,2.69
Minor,RSC000671,Jimbogun,Blizzards,Storm,Solar,32.9,751,51,0.511,0.51,26,25,15822,8400,7422,31,24,61,105,29.5%,309.2,164.1,145.0,0.61,0.47,1.19,2.05,310.2,164.7,145.5,0.61,0.47,1.2,2.06,105,102,2.05,1.99,2.06,2.0
Minor,RSC001007,Tdeez,"Gravity
Silverbacks","The Cosmos
The Jungle",Solar,32.8,673,48,0.407,0.438,21,27,14389,7910,6479,35,16,52,101,34.7%,313.8,172.5,141.3,0.76,0.35,1.13,2.2,299.8,164.8,135.0,0.73,0.33,1.08,2.1,90,115,1.96,2.51,1.88,2.4
Minor,RSC000062,Frostii,Velociraptors,Dino Park,Solar,32.0,568,41,0.381,0.366,15,26,12433,6240,6193,21,15,52,79,26.6%,321.2,161.2,160.0,0.54,0.39,1.34,2.04,303.2,152.2,151.0,0.51,0.37,1.27,1.93,69,95,1.78,2.45,1.68,2.32
Minor,RSC000024,Freezin,Quads,The Quad Dynasty,Solar,31.6,704,48,0.368,0.396,19,29,14737,7860,6877,30,19,57,106,28.3%,307.2,163.8,143.4,0.63,0.4,1.19,2.21,307.0,163.8,143.3,0.63,0.4,1.19,2.21,94,133,1.96,2.77,1.96,2.77
Minor,RSC000184,Admiral Peanut,Hawks,Birds of Prey,Solar,30.4,555,40,0.327,0.325,13,27,11578,6120,5458,23,18,44,72,31.9%,306.1,161.8,144.3,0.61,0.48,1.16,1.9,289.5,153.0,136.5,0.58,0.45,1.1,1.8,70,111,1.85,2.93,1.75,2.78
Minor,RSC000612,Taquito7,"Swordfish
Jokers","The Ocean
House of Cards",Solar,29.5,404,28,0.588,0.5,14,14,7971,4370,3601,14,18,32,47,29.8%,289.5,158.7,130.8,0.51,0.65,1.16,1.71,284.7,156.1,128.6,0.5,0.64,1.14,1.68,67,53,2.43,1.93,2.39,1.89
Minor,RSC000136,Blun,Mall Walkers,Boomer Union,Lunar,28.9,761,52,0.338,0.365,19,33,16390,8480,7910,31,20,68,98,31.6%,316.1,163.5,152.5,0.6,0.39,1.31,1.89,315.2,163.1,152.1,0.6,0.38,1.31,1.88,89,138,1.72,2.66,1.71,2.65
Minor,RSC000792,Bebisher,Jokers,House of Cards,Lunar,28.7,475,34,0.464,0.441,15,19,9360,5530,3830,20,19,40,58,34.5%,289.2,170.8,118.3,0.62,0.59,1.24,1.79,275.3,162.6,112.6,0.59,0.56,1.18,1.71,72,79,2.22,2.44,2.12,2.32
Minor,RSC000796,Hoyci,"Fugue
Swordfish","Magnum Opus
The Ocean",Solar,27.8,624,46,0.447,0.435,20,26,13122,6860,6262,26,17,52,81,32.1%,308.6,161.3,147.3,0.61,0.4,1.22,1.9,285.3,149.1,136.1,0.57,0.37,1.13,1.76,98,112,2.3,2.63,2.13,2.43
Minor,RSC002313,Galico,Torpedoes,Fallout Shelter,Solar,27.5,67,4,0.232,0.25,1,3,1232,770,462,1,4,8,7,14.3%,269.8,168.7,101.2,0.22,0.88,1.75,1.53,308.0,192.5,115.5,0.25,1.0,2.0,1.75,7,15,1.53,3.29,1.75,3.75
Minor,RSC002313,Galico,Torpedoes,Fallout Shelter,Solar,27.5,67,4,0.232,0.25,1,3,1232,770,462,1,4,8,7,14.3%,269.8,168.7,101.2,0.22,0.88,1.75,1.53,308.0,192.5,115.5,0.25,1.0,2.0,1.75,7,15,1.53,3.29,1.75,3.75
Minor,,Canadian,"Gravity
Peppermint","The Cosmos
Minty Fresh",Solar,27.3,580,43,0.459,0.512,22,21,11448,6040,5408,19,17,48,89,21.3%,289.7,152.8,136.8,0.48,0.43,1.21,2.25,266.2,140.5,125.8,0.44,0.4,1.12,2.07,79,88,2.0,2.23,1.84,2.05
Minor,RSC002819,Prodigy19,Surge,Electric Mayhem,Lunar,27.3,467,35,0.588,0.714,25,10,9571,5340,4231,23,12,36,64,35.9%,300.8,167.8,133.0,0.72,0.38,1.13,2.01,273.5,152.6,120.9,0.66,0.34,1.03,1.83,77,61,2.42,1.92,2.2,1.74
Minor,RSC002980,Koach,Blizzards,Storm,Solar,26.6,50,4,0.22,0.25,1,3,963,440,523,2,1,2,9,22.2%,282.6,129.1,153.5,0.59,0.29,0.59,2.64,240.8,110.0,130.8,0.5,0.25,0.5,2.25,6,13,1.76,3.82,1.5,3.25
Minor,RSC001918,Imperial,"Blizzards
Void
Justice League
Gravity","Storm
North American Soccar Club
The Comic Crusaders
The Cosmos",Solar,26.6,372,25,0.493,0.44,11,14,7561,4080,3481,14,10,33,53,26.4%,298.3,161.0,137.3,0.55,0.39,1.3,2.09,302.4,163.2,139.2,0.56,0.4,1.32,2.12,53,54,2.09,2.13,2.12,2.16
Minor,RSC000904,Revolution,Metroids,8-Bit Brigade,Lunar,26.4,732,53,0.476,0.491,26,27,14563,7750,6813,29,24,54,95,30.5%,292.0,155.4,136.6,0.58,0.48,1.08,1.9,274.8,146.2,128.5,0.55,0.45,1.02,1.79,107,114,2.15,2.29,2.02,2.15
Minor,RSC000148,Shadowvail,Void,North American Soccar Club,Solar,23.9,609,42,0.361,0.452,19,23,11955,6330,5625,20,20,51,78,25.6%,288.1,152.5,135.5,0.48,0.48,1.23,1.88,284.6,150.7,133.9,0.48,0.48,1.21,1.86,85,122,2.05,2.94,2.02,2.9
Minor,RSC000700,Limited,Metroids,8-Bit Brigade,Lunar,22.9,142,11,0.357,0.273,3,8,2744,1290,1454,6,4,6,19,31.6%,283.6,133.3,150.3,0.62,0.41,0.62,1.96,249.5,117.3,132.2,0.55,0.36,0.55,1.73,17,25,1.76,2.58,1.55,2.27
Minor,RSC000351,Mitzi,"Wind
Vikings","The Elements
The Sovereign",Lunar,20.8,655,44,0.347,0.273,12,32,13599,7770,5829,26,15,73,77,33.8%,304.7,174.1,130.6,0.58,0.34,1.64,1.73,309.1,176.6,132.5,0.59,0.34,1.66,1.75,78,118,1.75,2.64,1.77,2.68
Minor,,Surge,Trashbags,Waste Management,Solar,20.3,42,3,0.602,0.667,2,1,792,460,332,2,1,3,6,33.3%,276.7,160.7,116.0,0.7,0.35,1.05,2.1,264.0,153.3,110.7,0.67,0.33,1.0,2.0,9,7,3.14,2.45,3.0,2.33
Minor,RSC000293,Falco,Fangtooths,The Abyss,Lunar,19.1,535,36,0.435,0.417,15,21,10411,5940,4471,22,13,48,69,31.9%,285.6,162.9,122.6,0.6,0.36,1.32,1.89,289.2,165.0,124.2,0.61,0.36,1.33,1.92,76,90,2.08,2.47,2.11,2.5
Minor,RSC002356,My Gf Mad At Me,Metroids,8-Bit Brigade,Lunar,19.0,94,6,0.4,0.333,2,4,2010,910,1100,3,0,9,16,18.8%,313.8,142.1,171.7,0.47,0.0,1.41,2.5,335.0,151.7,183.3,0.5,0.0,1.5,2.67,9,12,1.41,1.87,1.5,2.0
Minor,,Marcus.,Mall Walkers,Boomer Union,Lunar,18.7,377,26,0.342,0.385,10,16,7513,3790,3723,12,10,33,44,27.3%,292.4,147.5,144.9,0.47,0.39,1.28,1.71,289.0,145.8,143.2,0.46,0.38,1.27,1.69,48,73,1.87,2.84,1.85,2.81
Minor,RSC002239,Flash8Ang,Stuffed Crust,Fifty-Fifty Pizzeria,Lunar,18.7,257,16,0.52,0.5,8,8,4503,2130,2373,6,7,15,43,14.0%,257.1,121.6,135.5,0.34,0.4,0.86,2.46,281.4,133.1,148.3,0.38,0.44,0.94,2.69,39,37,2.23,2.11,2.44,2.31
Minor,RSC002580,Captainfeesh,"Cinnamon Ghost Crunch
Carrots","Spooky Breakfast Gang
The Garden",Lunar,17.8,107,7,0.306,0.286,2,5,1940,980,960,1,6,10,8,12.5%,266.1,134.4,131.7,0.14,0.82,1.37,1.1,277.1,140.0,137.1,0.14,0.86,1.43,1.14,11,19,1.51,2.61,1.57,2.71
Minor,RSC000448,Col,Carrots,The Garden,Lunar,17.8,56,4,0.925,1.0,4,0,967,660,307,4,2,2,6,66.7%,253.4,173.0,80.5,1.05,0.52,0.52,1.57,241.8,165.0,76.8,1.0,0.5,0.5,1.5,15,3,3.93,0.79,3.75,0.75
Minor,RSC000448,Col,Carrots,The Garden,Lunar,17.8,56,4,0.925,1.0,4,0,967,660,307,4,2,2,6,66.7%,253.4,173.0,80.5,1.05,0.52,0.52,1.57,241.8,165.0,76.8,1.0,0.5,0.5,1.5,15,3,3.93,0.79,3.75,0.75
Minor,RSC000087,Brainyzac,Velociraptors,Dino Park,Solar,17.7,669,46,0.462,0.5,23,23,12635,6820,5815,30,16,43,87,34.5%,277.2,149.6,127.6,0.66,0.35,0.94,1.91,274.7,148.3,126.4,0.65,0.35,0.93,1.89,96,106,2.11,2.33,2.09,2.3
Minor,RSC000343,Kincaid,"Vikings
Shih Tzus","The Sovereign
Puppy Paradise",Lunar,17.4,317,22,0.264,0.273,6,16,5739,2970,2769,8,12,24,37,21.6%,265.7,137.5,128.2,0.37,0.56,1.11,1.71,260.9,135.0,125.9,0.36,0.55,1.09,1.68,36,69,1.67,3.19,1.64,3.14
Minor,RSC000937,Center Ball Johnson,Hammerheads,Shark Attack,Lunar,16.5,106,8,0.315,0.375,3,5,1967,1000,967,3,1,9,20,15.0%,272.3,138.4,133.9,0.42,0.14,1.25,2.77,245.9,125.0,120.9,0.38,0.13,1.13,2.5,10,17,1.38,2.35,1.25,2.13
Minor,RSC000268,Tomoose0529,"Taipans
Wind","The Serpents
The Elements",Lunar,15.8,332,23,0.586,0.609,14,9,6275,3190,3085,11,6,26,49,22.4%,277.4,141.0,136.4,0.49,0.27,1.15,2.17,272.8,138.7,134.1,0.48,0.26,1.13,2.13,54,43,2.39,1.9,2.35,1.87
Minor,RSC000547,Ridethefire,Wind,The Elements,Lunar,15.1,488,33,0.38,0.273,9,24,9569,5210,4359,18,11,46,56,32.1%,287.8,156.7,131.1,0.54,0.33,1.38,1.68,290.0,157.9,132.1,0.55,0.33,1.39,1.7,61,84,1.83,2.53,1.85,2.55
Minor,RSC000547,Ridethefire,Wind,The Elements,Lunar,15.1,488,33,0.38,0.273,9,24,9569,5210,4359,18,11,46,56,32.1%,287.8,156.7,131.1,0.54,0.33,1.38,1.68,290.0,157.9,132.1,0.55,0.33,1.39,1.7,61,84,1.83,2.53,1.85,2.55
Minor,RSC000797,Shooter12133,Jokers,House of Cards,Lunar,14.3,57,4,0.723,0.75,3,1,952,380,572,1,2,2,8,12.5%,245.1,97.8,147.3,0.26,0.51,0.51,2.06,238.0,95.0,143.0,0.25,0.5,0.5,2.0,8,4,2.06,1.03,2.0,1.0
Minor,RSC000260,Ithefreshprince,Justice League,The Comic Crusaders,Lunar,13.2,260,17,0.5,0.529,9,8,4819,2290,2529,7,6,19,34,20.6%,272.0,129.3,142.7,0.4,0.34,1.07,1.92,283.5,134.7,148.8,0.41,0.35,1.12,2.0,36,36,2.03,2.03,2.12,2.12
Minor,RSC001071,Reven,Skull and Bones,The Order,Lunar,8.9,50,4,0.325,0.25,1,3,1109,550,559,2,0,6,5,40.0%,325.5,161.4,164.1,0.59,0.0,1.76,1.47,277.3,137.5,139.8,0.5,0.0,1.5,1.25,7,11,2.05,3.23,1.75,2.75
Minor,RSC001071,Reven,Skull and Bones,The Order,Lunar,8.9,50,4,0.325,0.25,1,3,1109,550,559,2,0,6,5,40.0%,325.5,161.4,164.1,0.59,0.0,1.76,1.47,277.3,137.5,139.8,0.5,0.0,1.5,1.25,7,11,2.05,3.23,1.75,2.75
Minor,RSC002383,Abspirit,Quads,The Quad Dynasty,Solar,8.0,408,28,0.276,0.286,8,20,7052,3200,3852,7,13,28,45,15.6%,253.6,115.1,138.5,0.25,0.47,1.01,1.62,251.9,114.3,137.6,0.25,0.46,1.0,1.61,49,90,1.76,3.24,1.75,3.21
Minor,RSC002022,Zombslayr,Mall Walkers,Boomer Union,Lunar,6.3,21,1,0.191,0.0,0,1,454,270,184,1,0,3,2,50.0%,317.3,188.7,128.6,0.7,0.0,2.1,1.4,454.0,270.0,184.0,1.0,0.0,3.0,2.0,2,5,1.4,3.49,2.0,5.0
Minor,RSC002339,Noah,Banelings,The Swarm,Solar,6.1,202,16,0.387,0.5,8,8,3462,1600,1862,4,5,14,25,16.0%,251.5,116.2,135.3,0.29,0.36,1.02,1.82,216.4,100.0,116.4,0.25,0.31,0.88,1.56,30,40,2.18,2.91,1.88,2.5
Minor,RSC002757,Poetik,Carrots,The Garden,Lunar,4.3,416,27,0.317,0.259,7,20,6968,3650,3318,15,9,24,50,30.0%,245.8,128.8,117.0,0.53,0.32,0.85,1.76,258.1,135.2,122.9,0.56,0.33,0.89,1.85,50,82,1.76,2.89,1.85,3.04
Minor,RSC002628,Kriiby,Catspressos,The Cat Cafe,Lunar,3.3,63,4,0.278,0.0,0,4,1171,730,441,4,0,5,8,50.0%,272.8,170.0,102.7,0.93,0.0,1.16,1.86,292.8,182.5,110.3,1.0,0.0,1.25,2.0,9,16,2.1,3.73,2.25,4.0
Minor,RSC000747,Rezlaxer15,Carrots,The Garden,Lunar,2.1,349,22,0.293,0.273,6,16,6131,3200,2931,12,7,26,35,34.3%,257.8,134.6,123.2,0.5,0.29,1.09,1.47,278.7,145.5,133.2,0.55,0.32,1.18,1.59,39,69,1.64,2.9,1.77,3.14
Minor,RSC000066,Itskengu,Trashbags,Waste Management,Solar,-1.0,63,4,0.456,0.25,1,3,956,450,506,1,1,4,10,10.0%,222.7,104.8,117.9,0.23,0.23,0.93,2.33,239.0,112.5,126.5,0.25,0.25,1.0,2.5,8,9,1.86,2.1,2.0,2.25
Minor,RSC000066,Itskengu,Trashbags,Waste Management,Solar,-1.0,63,4,0.456,0.25,1,3,956,450,506,1,1,4,10,10.0%,222.7,104.8,117.9,0.23,0.23,0.93,2.33,239.0,112.5,126.5,0.25,0.25,1.0,2.5,8,9,1.86,2.1,2.0,2.25
Minor,,Struttrl,Void,North American Soccar Club,Solar,-1.4,551,36,0.358,0.389,14,22,9561,4660,4901,10,14,50,46,21.7%,254.6,124.1,130.5,0.27,0.37,1.33,1.23,265.6,129.4,136.1,0.28,0.39,1.39,1.28,76,110,2.02,2.93,2.11,3.06
Minor,RSC002424,Hufflepuffler,Swordfish,The Ocean,Solar,-5.7,111,8,0.342,0.375,3,5,2054,910,1144,3,2,9,6,50.0%,271.6,120.3,151.2,0.4,0.26,1.19,0.79,256.8,113.8,143.0,0.38,0.25,1.13,0.75,16,24,2.12,3.17,2.0,3.0
Minor,RSC000513,Prometiumz,Mall Walkers,Boomer Union,Lunar,-5.9,56,4,0.455,0.5,2,2,976,520,456,2,0,5,7,28.6%,255.8,136.3,119.5,0.52,0.0,1.31,1.83,244.0,130.0,114.0,0.5,0.0,1.25,1.75,8,9,2.1,2.36,2.0,2.25
Minor,RSC000243,Juanma2060,Voyager,Mission Control,Solar,-6.4,197,13,0.426,0.462,6,7,3241,1680,1561,4,4,18,18,22.2%,241.4,125.1,116.3,0.3,0.3,1.34,1.34,249.3,129.2,120.1,0.31,0.31,1.38,1.38,22,27,1.64,2.01,1.69,2.08
Minor,RSC000111,Wheelchair {Lflegs},Quads,The Quad Dynasty,Solar,-20.4,52,4,0.5,0.5,2,2,806,280,526,0,1,4,3,0.0%,227.5,79.0,148.4,0.0,0.28,1.13,0.85,201.5,70.0,131.5,0.0,0.25,1.0,0.75,8,8,2.26,2.26,2.0,2.0
Minor,RSC000111,Wheelchair {Lflegs},Quads,The Quad Dynasty,Solar,-20.4,52,4,0.5,0.5,2,2,806,280,526,0,1,4,3,0.0%,227.5,79.0,148.4,0.0,0.28,1.13,0.85,201.5,70.0,131.5,0.0,0.25,1.0,0.75,8,8,2.26,2.26,2.0,2.0
Minor,RSC000219,Powerhour24,Hawks,Birds of Prey,Solar,-34.2,21,2,0.5,0.5,1,1,328,110,218,0,0,2,1,0.0%,229.2,76.9,152.3,0.0,0.0,1.4,0.7,164.0,55.0,109.0,0.0,0.0,1.0,0.5,4,4,2.8,2.8,2.0,2.0
Minor,RSC002993,Spicy,Hammerheads,Shark Attack,Lunar,-61.9,24,1,0.305,0.0,0,1,273,150,123,0,0,3,0,,166.9,91.7,75.2,0.0,0.0,1.83,0.0,273.0,150.0,123.0,0.0,0.0,3.0,0.0,1,2,0.61,1.22,1.0,2.0
Minor,RSC003034,Limburger,Ungols,Middle Earth,Lunar,-64.5,15,1,0.0,0.0,0,1,154,0,154,0,0,0,0,,150.7,0.0,150.7,0.0,0.0,0.0,0.0,154.0,0.0,154.0,0.0,0.0,0.0,0.0,0,3,0.0,2.93,0.0,3.0
Minor,RSC003034,Limburger,Ungols,Middle Earth,Lunar,-64.5,15,1,0.0,0.0,0,1,154,0,154,0,0,0,0,,150.7,0.0,150.7,0.0,0.0,0.0,0.0,154.0,0.0,154.0,0.0,0.0,0.0,0.0,0,3,0.0,2.93,0.0,3.0
Master,RSC002070,Yokes,Andromeda,The Cosmos,Solar,95.3,770,48,0.642,0.646,31,17,23227,13710,9517,59,32,89,176,33.5%,469.5,277.2,192.4,1.19,0.65,1.8,3.56,483.9,285.6,198.3,1.23,0.67,1.85,3.67,129,88,2.61,1.78,2.69,1.83
Master,RSC000931,Danger,The Watchmen,The Comic Crusaders,Lunar,90.9,841,51,0.632,0.627,32,19,23145,13540,9605,58,53,66,179,32.4%,428.4,250.6,177.8,1.07,0.98,1.22,3.31,453.8,265.5,188.3,1.14,1.04,1.29,3.51,155,110,2.87,2.04,3.04,2.16
Master,RSC000462,Kruncho,Soul,The Elements,Lunar,85.0,845,52,0.627,0.692,36,16,23531,13750,9781,67,38,67,180,37.2%,433.5,253.3,180.2,1.23,0.7,1.23,3.32,452.5,264.4,188.1,1.29,0.73,1.29,3.46,148,106,2.73,1.95,2.85,2.04
Master,RSC000408,Xero,Kings,House of Cards,Lunar,79.8,653,45,0.59,0.578,26,19,18498,10920,7578,48,28,70,122,39.3%,440.9,260.3,180.6,1.14,0.67,1.67,2.91,411.1,242.7,168.4,1.07,0.62,1.56,2.71,118,94,2.81,2.24,2.62,2.09
Master,RSC000941,Spyce,Megalodons,Shark Attack,Lunar,78.1,736,48,0.652,0.625,30,18,19697,11090,8607,50,36,57,144,34.7%,416.6,234.5,182.0,1.06,0.76,1.21,3.05,410.4,231.0,179.3,1.04,0.75,1.19,3.0,149,101,3.15,2.14,3.1,2.1
Master,RSC002443,Slow,Megalodons,Shark Attack,Lunar,77.4,777,51,0.647,0.627,32,19,21150,12510,8640,59,40,65,136,43.4%,423.7,250.6,173.1,1.18,0.8,1.3,2.72,414.7,245.3,169.4,1.16,0.78,1.27,2.67,157,108,3.15,2.16,3.08,2.12
Master,,Shamurl,Tempests,Storm,Solar,74.8,657,43,0.69,0.698,30,13,17111,9900,7211,46,31,49,130,35.4%,405.4,234.6,170.8,1.09,0.73,1.16,3.08,397.9,230.2,167.7,1.07,0.72,1.14,3.02,125,75,2.96,1.78,2.91,1.74
Master,RSC002720,Ryker,Chimaeras,The Abyss,Lunar,70.2,611,40,0.517,0.525,21,19,16332,8820,7512,31,25,67,112,27.7%,416.1,224.7,191.4,0.79,0.64,1.71,2.85,408.3,220.5,187.8,0.78,0.63,1.68,2.8,90,86,2.29,2.19,2.25,2.15
Master,RSC000336,Bismarck,Tempests,Storm,Solar,69.1,797,52,0.663,0.654,34,18,20654,12100,8554,57,30,67,155,36.8%,403.4,236.3,167.1,1.11,0.59,1.31,3.03,397.2,232.7,164.5,1.1,0.58,1.29,2.98,145,94,2.83,1.84,2.79,1.81
Master,RSC000394,Darf01,Hot Dogs,Puppy Paradise,Solar,65.5,731,47,0.533,0.553,26,21,17827,10440,7387,40,38,64,134,29.9%,379.6,222.3,157.3,0.85,0.81,1.36,2.85,379.3,222.1,157.2,0.85,0.81,1.36,2.85,107,98,2.28,2.09,2.28,2.09
Master,RSC000750,Jatt,Frosted Wraiths,Spooky Breakfast Gang,Solar,65.2,498,35,0.551,0.514,18,17,12401,7010,5391,31,20,39,96,32.3%,387.6,219.1,168.5,0.97,0.63,1.22,3.0,354.3,200.3,154.0,0.89,0.57,1.11,2.74,81,71,2.53,2.22,2.31,2.03
Master,,Trifethings,Symphony,Magnum Opus,Solar,64.8,573,36,0.486,0.417,15,21,14161,8400,5761,36,20,52,120,30.0%,384.7,228.2,156.5,0.98,0.54,1.41,3.26,393.4,233.3,160.0,1.0,0.56,1.44,3.33,82,85,2.23,2.31,2.28,2.36
Master,RSC000436,Distant.,The Watchmen,The Comic Crusaders,Lunar,64.7,791,48,0.619,0.604,29,19,19846,11620,8226,45,38,77,137,32.8%,390.5,228.7,161.9,0.89,0.75,1.52,2.7,413.5,242.1,171.4,0.94,0.79,1.6,2.85,143,105,2.81,2.07,2.98,2.19
Master,RSC000265,Crophlin,Kings,House of Cards,Lunar,64.6,693,47,0.531,0.532,25,22,16841,9930,6911,45,31,51,133,33.8%,378.3,223.0,155.2,1.01,0.7,1.15,2.99,358.3,211.3,147.0,0.96,0.66,1.09,2.83,119,110,2.67,2.47,2.53,2.34
Master,RSC002371,Rocksox,Balrogs,Middle Earth,Lunar,64.1,584,37,0.513,0.486,18,19,15482,9330,6152,37,19,73,103,35.9%,412.7,248.7,164.0,0.99,0.51,1.95,2.75,418.4,252.2,166.3,1.0,0.51,1.97,2.78,90,87,2.4,2.32,2.43,2.35
Master,RSC002129,Lukas,Atomics,Fallout Shelter,Solar,63.9,776,50,0.516,0.5,25,25,20588,11990,8598,43,29,99,129,33.3%,413.0,240.5,172.5,0.86,0.58,1.99,2.59,411.8,239.8,172.0,0.86,0.58,1.98,2.58,125,120,2.51,2.41,2.5,2.4
Master,,Eclipse (Change),"Hot Dogs
Atomics","Puppy Paradise
Fallout Shelter",Solar,63.9,429,28,0.458,0.393,11,17,10723,6240,4483,25,18,41,79,31.6%,389.1,226.4,162.7,0.91,0.65,1.49,2.87,383.0,222.9,160.1,0.89,0.64,1.46,2.82,62,69,2.25,2.5,2.21,2.46
Master,,Peaceful.,Scooters,The Quad Dynasty,Solar,63.3,810,51,0.553,0.569,29,22,20329,11730,8599,53,29,69,153,34.6%,390.7,225.4,165.2,1.02,0.56,1.33,2.94,398.6,230.0,168.6,1.04,0.57,1.35,3.0,134,117,2.58,2.25,2.63,2.29
Master,RSC000583,Unearthlylegend,Tempests,Storm,Solar,62.6,443,29,0.713,0.69,20,9,10123,5700,4423,21,27,29,80,26.3%,355.7,200.3,155.4,0.74,0.95,1.02,2.81,349.1,196.6,152.5,0.72,0.93,1.0,2.76,89,50,3.13,1.76,3.07,1.72
Master,RSC000583,Unearthlylegend,Tempests,Storm,Solar,62.6,443,29,0.713,0.69,20,9,10123,5700,4423,21,27,29,80,26.3%,355.7,200.3,155.4,0.74,0.95,1.02,2.81,349.1,196.6,152.5,0.72,0.93,1.0,2.76,89,50,3.13,1.76,3.07,1.72
Master,RSC002405,Shawnmuslim,"The Watchmen
Frosted Wraiths","The Comic Crusaders
Spooky Breakfast Gang",Solar,61.4,526,36,0.555,0.556,20,16,13419,7400,6019,32,21,46,85,37.6%,397.1,219.0,178.1,0.95,0.62,1.36,2.52,372.8,205.6,167.2,0.89,0.58,1.28,2.36,82,71,2.43,2.1,2.28,1.97
Master,RSC000589,Subzero,Trash Compactors,Waste Management,Solar,59.9,766,48,0.547,0.646,31,17,18552,10310,8242,44,28,61,146,30.1%,377.0,209.5,167.5,0.89,0.57,1.24,2.97,386.5,214.8,171.7,0.92,0.58,1.27,3.04,112,99,2.28,2.01,2.33,2.06
Master,RSC000020,Frostiger,Gauntlets,8-Bit Brigade,Lunar,59.1,433,29,0.494,0.448,13,16,10272,5700,4572,25,20,29,75,33.3%,369.3,204.9,164.4,0.9,0.72,1.04,2.7,354.2,196.6,157.7,0.86,0.69,1.0,2.59,72,73,2.59,2.62,2.48,2.52
Master,RSC002863,Rated,"Frosted Wraiths
The Watchmen","Spooky Breakfast Gang
The Comic Crusaders",Lunar,55.8,697,42,0.723,0.714,30,12,15788,9770,6018,44,32,50,127,34.6%,352.6,218.2,134.4,0.98,0.71,1.12,2.84,375.9,232.6,143.3,1.05,0.76,1.19,3.02,146,80,3.26,1.79,3.48,1.9
Master,RSC001843,Shank,Chimaeras,The Abyss,Lunar,55.8,657,42,0.574,0.5,21,21,16153,8820,7333,36,22,60,112,32.1%,382.7,209.0,173.7,0.85,0.52,1.42,2.65,384.6,210.0,174.6,0.86,0.52,1.43,2.67,102,84,2.42,1.99,2.43,2.0
Master,RSC001927,Ghxst,Soul,The Elements,Lunar,55.2,845,52,0.627,0.692,36,16,18971,10850,8121,32,51,75,135,23.7%,349.5,199.9,149.6,0.59,0.94,1.38,2.49,364.8,208.7,156.2,0.62,0.98,1.44,2.6,148,106,2.73,1.95,2.85,2.04
Master,RSC000128,Tylurr,Mambas,The Serpents,Lunar,55.0,680,44,0.439,0.455,20,24,16826,9770,7056,36,30,74,97,37.1%,385.2,223.6,161.5,0.82,0.69,1.69,2.22,382.4,222.0,160.4,0.82,0.68,1.68,2.2,103,120,2.36,2.75,2.34,2.73
Master,RSC000118,Classé,Frosted Wraiths,Spooky Breakfast Gang,Solar,54.4,549,39,0.601,0.564,22,17,12386,7130,5256,27,28,42,93,29.0%,351.2,202.2,149.0,0.77,0.79,1.19,2.64,317.6,182.8,134.8,0.69,0.72,1.08,2.38,96,74,2.72,2.1,2.46,1.9
Master,RSC000516,Dorito,Gauntlets,8-Bit Brigade,Lunar,53.4,797,52,0.5,0.481,25,27,17543,9870,7673,35,34,62,157,22.3%,342.6,192.8,149.9,0.68,0.66,1.21,3.07,337.4,189.8,147.6,0.67,0.65,1.19,3.02,123,123,2.4,2.4,2.37,2.37
Master,,Morph,Frosted Wraiths,Spooky Breakfast Gang,Solar,52.4,625,43,0.622,0.605,26,17,14143,8020,6123,28,31,53,102,27.5%,352.2,199.7,152.5,0.7,0.77,1.32,2.54,328.9,186.5,142.4,0.65,0.72,1.23,2.37,110,80,2.74,1.99,2.56,1.86
Master,RSC000329,Melted,Gauntlets,8-Bit Brigade,Lunar,52.0,768,50,0.51,0.5,25,25,17670,10060,7610,45,32,54,126,35.7%,358.1,203.9,154.2,0.91,0.65,1.09,2.55,353.4,201.2,152.2,0.9,0.64,1.08,2.52,118,115,2.39,2.33,2.36,2.3
Master,,Icy,Balrogs,Middle Earth,Lunar,51.9,29,2,0.163,0.0,0,2,509,270,239,0,2,2,7,0.0%,273.2,144.9,128.3,0.0,1.07,1.07,3.76,254.5,135.0,119.5,0.0,1.0,1.0,3.5,3,8,1.61,4.29,1.5,4.0
Master,RSC000373,Lunaoso,Dire Bears,The Bear Den,Lunar,51.9,816,51,0.484,0.451,23,28,18818,11270,7548,47,29,73,147,32.0%,359.0,215.0,144.0,0.9,0.55,1.39,2.8,369.0,221.0,148.0,0.92,0.57,1.43,2.88,115,120,2.19,2.29,2.25,2.35
Master,RSC000242,Dead Medic,Scooters,The Quad Dynasty,Solar,51.4,785,50,0.541,0.56,28,22,17681,9970,7711,36,38,64,127,28.3%,350.6,197.7,152.9,0.71,0.75,1.27,2.52,353.6,199.4,154.2,0.72,0.76,1.28,2.54,130,117,2.58,2.32,2.6,2.34
Master,RSC002059,Thermal,Andromeda,The Cosmos,Solar,51.2,604,38,0.658,0.632,24,14,13370,7600,5770,32,27,40,105,30.5%,344.6,195.9,148.7,0.82,0.7,1.03,2.71,351.8,200.0,151.8,0.84,0.71,1.05,2.76,96,62,2.47,1.6,2.53,1.63
Master,RSC000588,Cash,Atomics,Fallout Shelter,Solar,50.8,728,47,0.524,0.511,24,23,16188,9140,7048,36,35,52,119,30.3%,346.1,195.4,150.7,0.77,0.75,1.11,2.54,344.4,194.5,150.0,0.77,0.74,1.11,2.53,119,112,2.54,2.39,2.53,2.38
Master,RSC000082,Memlo,Atomics,Fallout Shelter,Solar,50.8,234,15,0.562,0.533,8,7,5550,3320,2230,16,8,19,37,43.2%,369.2,220.8,148.3,1.06,0.53,1.26,2.46,370.0,221.3,148.7,1.07,0.53,1.27,2.47,42,36,2.79,2.39,2.8,2.4
Master,RSC001842,Dgallub,Tempests,Storm,Solar,50.5,426,28,0.556,0.536,15,13,9511,5270,4241,20,19,32,72,27.8%,347.5,192.6,155.0,0.73,0.69,1.17,2.63,339.7,188.2,151.5,0.71,0.68,1.14,2.57,66,57,2.41,2.08,2.36,2.04
Master,RSC002027,Zin.,Symphony,Magnum Opus,Solar,50.2,643,41,0.512,0.488,20,21,15007,8280,6727,30,23,61,108,27.8%,363.3,200.4,162.8,0.73,0.56,1.48,2.61,366.0,202.0,164.1,0.73,0.56,1.49,2.63,98,95,2.37,2.3,2.39,2.32
Master,RSC002238,Jaco,Megalodons,Shark Attack,Lunar,50.2,47,3,0.263,0.0,0,3,1043,590,453,1,2,6,9,11.1%,345.4,195.4,150.0,0.33,0.66,1.99,2.98,347.7,196.7,151.0,0.33,0.67,2.0,3.0,4,8,1.32,2.65,1.33,2.67
Master,,Rhino(Change),Soul,The Elements,Lunar,50.0,845,52,0.627,0.692,36,16,18072,11040,7032,49,34,56,164,29.9%,332.9,203.4,129.5,0.9,0.63,1.03,3.02,347.5,212.3,135.2,0.94,0.65,1.08,3.15,148,106,2.73,1.95,2.85,2.04
Master,RSC002224,Patty Smokes,Symphony,Magnum Opus,Solar,49.1,485,33,0.511,0.455,15,18,11015,6040,4975,15,26,51,69,21.7%,353.5,193.9,159.7,0.48,0.83,1.64,2.21,333.8,183.0,150.8,0.45,0.79,1.55,2.09,75,73,2.41,2.34,2.27,2.21
Master,RSC002630,Seasick.,Megalodons,Shark Attack,Lunar,48.9,671,44,0.67,0.682,30,14,13887,8390,5497,41,27,32,134,30.6%,322.2,194.6,127.5,0.95,0.63,0.74,3.11,315.6,190.7,124.9,0.93,0.61,0.73,3.05,138,89,3.2,2.06,3.14,2.02
Master,RSC001780,Vague,Krakens,The Ocean,Solar,47.4,84,6,0.313,0.167,1,5,2118,1100,1018,3,3,11,10,30.0%,392.5,203.8,188.6,0.56,0.56,2.04,1.85,353.0,183.3,169.7,0.5,0.5,1.83,1.67,9,15,1.67,2.78,1.5,2.5
Master,RSC001903,Plasma,Mambas,The Serpents,Lunar,46.5,717,47,0.425,0.426,20,27,16168,9290,6878,37,23,64,124,29.8%,351.0,201.7,149.3,0.8,0.5,1.39,2.69,344.0,197.7,146.3,0.79,0.49,1.36,2.64,106,128,2.3,2.78,2.26,2.72
Master,RSC000241,Geherpaderp,Hot Dogs,Puppy Paradise,Solar,46.4,408,26,0.5,0.538,14,12,8909,4990,3919,17,17,35,69,24.6%,339.9,190.4,149.5,0.65,0.65,1.34,2.63,342.7,191.9,150.7,0.65,0.65,1.35,2.65,60,60,2.29,2.29,2.31,2.31
Master,RSC002018,Prine,Chimaeras,The Abyss,Lunar,46.0,803,52,0.547,0.5,26,26,18501,10610,7891,39,34,78,111,35.1%,358.6,205.7,153.0,0.76,0.66,1.51,2.15,355.8,204.0,151.8,0.75,0.65,1.5,2.13,122,108,2.36,2.09,2.35,2.08
Master,RSC000610,Pickle,Scooters,The Quad Dynasty,Solar,45.5,749,47,0.571,0.574,27,20,17004,10230,6774,43,24,70,123,35.0%,353.4,212.6,140.8,0.89,0.5,1.45,2.56,361.8,217.7,144.1,0.91,0.51,1.49,2.62,126,105,2.62,2.18,2.68,2.23
Master,RSC000610,Pickle,Scooters,The Quad Dynasty,Solar,45.5,749,47,0.571,0.574,27,20,17004,10230,6774,43,24,70,123,35.0%,353.4,212.6,140.8,0.89,0.5,1.45,2.56,361.8,217.7,144.1,0.91,0.51,1.49,2.62,126,105,2.62,2.18,2.68,2.23
Master,RSC001800,Schina,Trash Compactors,Waste Management,Solar,45.1,821,51,0.534,0.608,31,20,18678,10770,7908,37,24,89,142,26.1%,354.1,204.2,149.9,0.7,0.46,1.69,2.69,366.2,211.2,155.1,0.73,0.47,1.75,2.78,114,104,2.16,1.97,2.24,2.04
Master,RSC000908,Sumguy,Krakens,The Ocean,Solar,44.2,84,6,0.401,0.333,2,4,1762,850,912,4,3,3,15,26.7%,326.5,157.5,169.0,0.74,0.56,0.56,2.78,293.7,141.7,152.0,0.67,0.5,0.5,2.5,15,19,2.78,3.52,2.5,3.17
Master,RSC002791,Ubi,Dire Bears,The Bear Den,Lunar,43.9,696,43,0.496,0.488,21,22,14552,8040,6512,22,36,59,109,20.2%,325.5,179.8,145.6,0.49,0.81,1.32,2.44,338.4,187.0,151.4,0.51,0.84,1.37,2.53,100,101,2.24,2.26,2.33,2.35
Master,RSC000849,Dapperstarfishh,Balrogs,Middle Earth,Lunar,43.4,714,45,0.447,0.444,20,25,16092,8820,7272,35,25,60,107,32.7%,350.8,192.3,158.5,0.76,0.55,1.31,2.33,357.6,196.0,161.6,0.78,0.56,1.33,2.38,104,119,2.27,2.59,2.31,2.64
Master,RSC002103,Orso,Krakens,The Ocean,Solar,43.2,613,41,0.297,0.195,8,33,13794,7270,6524,25,20,56,97,25.8%,350.3,184.6,165.7,0.63,0.51,1.42,2.46,336.4,177.3,159.1,0.61,0.49,1.37,2.37,76,130,1.93,3.3,1.85,3.17
Master,RSC001968,Waddle,Dire Bears,The Bear Den,Lunar,43.1,645,40,0.446,0.4,16,24,14158,7790,6368,29,21,55,109,26.6%,341.7,188.0,153.7,0.7,0.51,1.33,2.63,354.0,194.8,159.2,0.73,0.53,1.38,2.73,86,99,2.08,2.39,2.15,2.48
Master,RSC002034,Goldenluigii,Chimaeras,The Abyss,Lunar,43.1,338,22,0.547,0.455,10,12,7112,4060,3052,16,12,25,61,26.2%,327.5,187.0,140.6,0.74,0.55,1.15,2.81,323.3,184.5,138.7,0.73,0.55,1.14,2.77,52,46,2.39,2.12,2.36,2.09
Master,RSC002922,Chum,Balrogs,Middle Earth,Lunar,42.7,442,28,0.444,0.464,13,15,9631,5380,4251,19,22,36,58,32.8%,339.2,189.5,149.7,0.67,0.77,1.27,2.04,344.0,192.1,151.8,0.68,0.79,1.29,2.07,66,76,2.32,2.68,2.36,2.71
Master,RSC000021,Tyty,Gauntlets,8-Bit Brigade,Lunar,41.1,393,25,0.486,0.48,12,13,8645,4660,3985,18,13,32,61,29.5%,342.4,184.6,157.8,0.71,0.51,1.27,2.42,345.8,186.4,159.4,0.72,0.52,1.28,2.44,56,58,2.22,2.3,2.24,2.32
Master,RSC000098,Treko50,Megalodons,Shark Attack,Lunar,40.7,136,10,0.536,0.4,4,6,2864,1520,1344,6,3,10,27,22.2%,327.8,174.0,153.8,0.69,0.34,1.14,3.09,286.4,152.0,134.4,0.6,0.3,1.0,2.7,23,21,2.63,2.4,2.3,2.1
Master,RSC000773,Sicey,Hot Dogs,Puppy Paradise,Solar,40.7,637,41,0.529,0.561,23,18,14169,7530,6639,27,22,56,93,29.0%,346.2,184.0,162.2,0.66,0.54,1.37,2.27,345.6,183.7,161.9,0.66,0.54,1.37,2.27,96,89,2.35,2.17,2.34,2.17
Master,RSC000358,Stryyk3R,Mambas,The Serpents,Lunar,39.8,512,33,0.456,0.485,16,17,10575,5900,4675,25,19,32,85,29.4%,321.5,179.4,142.1,0.76,0.58,0.97,2.58,320.5,178.8,141.7,0.76,0.58,0.97,2.58,76,85,2.31,2.58,2.3,2.58
Master,RSC000739,Salty,Symphony,Magnum Opus,Solar,39.2,621,40,0.492,0.475,19,21,13503,7440,6063,35,21,40,89,39.3%,338.5,186.5,152.0,0.88,0.53,1.0,2.23,337.6,186.0,151.6,0.88,0.53,1.0,2.23,93,95,2.33,2.38,2.33,2.38
Master,RSC000647,Leo.,Corruptors,The Swarm,Solar,38.6,261,18,0.522,0.611,11,7,5962,3020,2942,10,7,26,37,27.0%,355.6,180.1,175.5,0.6,0.42,1.55,2.21,331.2,167.8,163.4,0.56,0.39,1.44,2.06,35,33,2.09,1.97,1.94,1.83
Master,RSC000689,Tuna146,Andromeda,The Cosmos,Solar,38.2,599,38,0.629,0.579,22,16,12319,7060,5259,27,23,45,96,28.1%,320.1,183.5,136.7,0.7,0.6,1.17,2.49,324.2,185.8,138.4,0.71,0.61,1.18,2.53,104,74,2.7,1.92,2.74,1.95
Master,RSC001420,Kittenduck,Hot Dogs,Puppy Paradise,Solar,38.1,525,35,0.505,0.514,18,17,11455,6530,4925,27,14,46,83,32.5%,339.6,193.6,146.0,0.8,0.42,1.36,2.46,327.3,186.6,140.7,0.77,0.4,1.31,2.37,77,76,2.28,2.25,2.2,2.17
Master,,Krul,Trash Compactors,Waste Management,Solar,37.2,371,23,0.443,0.522,12,11,7770,3910,3860,11,10,33,66,16.7%,326.0,164.1,162.0,0.46,0.42,1.38,2.77,337.8,170.0,167.8,0.48,0.43,1.43,2.87,41,48,1.72,2.01,1.78,2.09
Master,RSC000500,Styzzi,"Chicago Style
Andromeda","Fifty-Fifty Pizzeria
The Cosmos",Lunar,36.0,594,35,0.263,0.314,11,24,12154,7080,5074,29,19,45,98,29.6%,318.5,185.5,133.0,0.76,0.5,1.18,2.57,347.3,202.3,145.0,0.83,0.54,1.29,2.8,66,126,1.73,3.3,1.89,3.6
Master,RSC000489,Mattg,Kings,House of Cards,Lunar,35.9,555,36,0.467,0.444,16,20,12051,6500,5551,24,25,45,60,40.0%,338.0,182.3,155.7,0.67,0.7,1.26,1.68,334.8,180.6,154.2,0.67,0.69,1.25,1.67,97,105,2.72,2.94,2.69,2.92
Master,RSC000094,Namdorin,The Watchmen,The Comic Crusaders,Lunar,35.6,243,15,0.436,0.4,6,9,5018,3050,1968,17,4,14,45,37.8%,321.4,195.4,126.1,1.09,0.26,0.9,2.88,334.5,203.3,131.2,1.13,0.27,0.93,3.0,33,39,2.11,2.5,2.2,2.6
Master,RSC000094,Namdorin,The Watchmen,The Comic Crusaders,Lunar,35.6,243,15,0.436,0.4,6,9,5018,3050,1968,17,4,14,45,37.8%,321.4,195.4,126.1,1.09,0.26,0.9,2.88,334.5,203.3,131.2,1.13,0.27,0.93,3.0,33,39,2.11,2.5,2.2,2.6
Master,RSC002639,Comet,Chicago Style,Fifty-Fifty Pizzeria,Lunar,35.1,501,31,0.271,0.323,10,21,10453,6000,4453,22,15,45,80,27.5%,324.8,186.4,138.4,0.68,0.47,1.4,2.49,337.2,193.5,143.6,0.71,0.48,1.45,2.58,57,106,1.77,3.29,1.84,3.42
Master,RSC001854,Buck,Kings,House of Cards,Lunar,34.6,385,25,0.554,0.56,14,11,8043,4270,3773,15,17,29,47,31.9%,325.2,172.6,152.5,0.61,0.69,1.17,1.9,321.7,170.8,150.9,0.6,0.68,1.16,1.88,62,54,2.51,2.18,2.48,2.16
Master,RSC000330,Infinite,Andromeda,The Cosmos,Solar,33.5,479,30,0.586,0.6,18,12,9308,5190,4118,15,23,37,69,21.7%,302.5,168.7,133.8,0.49,0.75,1.2,2.24,310.3,173.0,137.3,0.5,0.77,1.23,2.3,73,58,2.37,1.88,2.43,1.93
Master,RSC002888,Kri0S,"Chicago Style
Tempests","Fifty-Fifty Pizzeria
Storm",Lunar,33.5,141,8,0.479,0.625,5,3,3153,1660,1493,4,5,17,16,25.0%,348.1,183.3,164.8,0.44,0.55,1.88,1.77,394.1,207.5,186.6,0.5,0.63,2.13,2.0,17,18,1.88,1.99,2.13,2.25
Master,RSC001076,Sersero,Mambas,The Serpents,Lunar,33.3,418,28,0.413,0.429,12,16,8231,4420,3811,16,15,28,67,23.9%,306.5,164.6,141.9,0.6,0.56,1.04,2.5,294.0,157.9,136.1,0.57,0.54,1.0,2.39,61,76,2.27,2.83,2.18,2.71
Master,RSC001076,Sersero,Mambas,The Serpents,Lunar,33.3,418,28,0.413,0.429,12,16,8231,4420,3811,16,15,28,67,23.9%,306.5,164.6,141.9,0.6,0.56,1.04,2.5,294.0,157.9,136.1,0.57,0.54,1.0,2.39,61,76,2.27,2.83,2.18,2.71
Master,,Kenobs_,Corruptors,The Swarm,Solar,33.0,530,36,0.281,0.306,11,25,11599,5870,5729,15,15,58,72,20.8%,340.7,172.4,168.3,0.44,0.44,1.7,2.11,322.2,163.1,159.1,0.42,0.42,1.61,2.0,55,101,1.62,2.97,1.53,2.81
Master,RSC002047,Rainbownoms,Krakens,The Ocean,Solar,32.3,382,24,0.313,0.25,6,18,8035,4250,3785,14,7,37,65,21.5%,327.4,173.2,154.2,0.57,0.29,1.51,2.65,334.8,177.1,157.7,0.58,0.29,1.54,2.71,40,67,1.63,2.73,1.67,2.79
Master,RSC002006,Gijoeyb,Balrogs,Middle Earth,Lunar,31.2,526,34,0.406,0.412,14,20,9980,5350,4630,18,20,34,85,21.2%,295.3,158.3,137.0,0.53,0.59,1.01,2.52,293.5,157.4,136.2,0.53,0.59,1.0,2.5,73,93,2.16,2.75,2.15,2.74
Master,RSC001944,Stevo,Dire Bears,The Bear Den,Lunar,30.8,339,22,0.484,0.409,9,13,7009,3960,3049,18,8,25,51,35.3%,321.8,181.8,140.0,0.83,0.37,1.15,2.34,318.6,180.0,138.6,0.82,0.36,1.14,2.32,47,49,2.16,2.25,2.14,2.23
Master,RSC000645,Denz,Krakens,The Ocean,Solar,29.0,526,35,0.298,0.229,8,27,10839,5620,5219,23,12,39,77,29.9%,320.8,166.3,154.4,0.68,0.36,1.15,2.28,309.7,160.6,149.1,0.66,0.34,1.11,2.2,63,108,1.86,3.2,1.8,3.09
Master,RSC002168,Crspy,"Balrogs
Krakens","Middle Earth
The Ocean",Solar,28.2,176,11,0.293,0.182,2,9,3523,1970,1553,9,4,12,27,33.3%,311.6,174.2,137.4,0.8,0.35,1.06,2.39,320.3,179.1,141.2,0.82,0.36,1.09,2.45,20,35,1.77,3.1,1.82,3.18
Master,RSC000220,Sparcnova,"Mambas
Chicago Style","The Serpents
Fifty-Fifty Pizzeria",Lunar,25.9,161,11,0.209,0.091,1,10,3396,1650,1746,8,3,10,20,40.0%,328.3,159.5,168.8,0.77,0.29,0.97,1.93,308.7,150.0,158.7,0.73,0.27,0.91,1.82,20,44,1.93,4.25,1.82,4.0
Master,RSC000130,Anthage,Corruptors,The Swarm,Solar,23.0,614,41,0.259,0.317,13,28,12349,6630,5719,20,16,61,78,25.6%,313.1,168.1,145.0,0.51,0.41,1.55,1.98,301.2,161.7,139.5,0.49,0.39,1.49,1.9,64,125,1.62,3.17,1.56,3.05
Master,,Frikitshoward,Trash Compactors,Waste Management,Solar,22.7,550,34,0.51,0.559,19,15,10646,5550,5096,22,14,38,75,29.3%,301.3,157.1,144.2,0.62,0.4,1.08,2.12,313.1,163.2,149.9,0.65,0.41,1.12,2.21,75,73,2.12,2.07,2.21,2.15
Master,RSC000682,Mooshu,Atomics,Fallout Shelter,Solar,22.0,302,20,0.442,0.5,10,10,5750,3190,2560,13,7,22,44,29.5%,296.4,164.4,131.9,0.67,0.36,1.13,2.27,287.5,159.5,128.0,0.65,0.35,1.1,2.2,44,51,2.27,2.63,2.2,2.55
Master,RSC000488,Theblobofglob22,Krakens,The Ocean,Solar,20.6,478,31,0.305,0.194,6,25,9606,5130,4476,16,9,49,63,25.4%,312.8,167.1,145.8,0.52,0.29,1.6,2.05,309.9,165.5,144.4,0.52,0.29,1.58,2.03,51,87,1.66,2.83,1.65,2.81
Master,RSC000769,Perino11,Chicago Style,Fifty-Fifty Pizzeria,Lunar,18.3,481,29,0.177,0.207,6,23,9720,4890,4830,11,11,54,54,20.4%,314.6,158.2,156.3,0.36,0.36,1.75,1.75,335.2,168.6,166.6,0.38,0.38,1.86,1.86,42,111,1.36,3.59,1.45,3.83
Master,RSC000740,Huggie Xd,Corruptors,The Swarm,Solar,13.9,637,42,0.202,0.238,10,32,11587,6390,5197,27,8,47,94,28.7%,283.1,156.1,127.0,0.66,0.2,1.15,2.3,275.9,152.1,123.7,0.64,0.19,1.12,2.24,60,143,1.47,3.49,1.43,3.4
Master,RSC000119,Apple.,Scooters,The Quad Dynasty,Solar,10.9,134,8,0.284,0.375,3,5,2118,1260,858,3,6,10,16,18.8%,246.0,146.4,99.7,0.35,0.7,1.16,1.86,264.8,157.5,107.3,0.38,0.75,1.25,2.0,15,27,1.74,3.14,1.88,3.38
Master,RSC000202,Aki_Ha-,"Krakens
Chicago Style","The Ocean
Fifty-Fifty Pizzeria",Solar,6.1,173,10,0.313,0.3,3,7,3035,1780,1255,6,4,16,18,33.3%,273.1,160.2,112.9,0.54,0.36,1.44,1.62,303.5,178.0,125.5,0.6,0.4,1.6,1.8,20,33,1.8,2.97,2.0,3.3
Master,RSC002015,Benji,Corruptors,The Swarm,Solar,5.1,292,19,0.125,0.158,3,16,5578,2990,2588,8,5,34,24,33.3%,297.4,159.4,138.0,0.43,0.27,1.81,1.28,293.6,157.4,136.2,0.42,0.26,1.79,1.26,26,84,1.39,4.48,1.37,4.42
Master,,Bucklemyshoe,Chicago Style,Fifty-Fifty Pizzeria,Lunar,2.5,517,32,0.137,0.094,3,29,8833,4500,4333,12,14,43,45,26.7%,265.9,135.5,130.5,0.36,0.42,1.29,1.35,276.0,140.6,135.4,0.38,0.44,1.34,1.41,43,134,1.29,4.03,1.34,4.19
Master,RSC002250,Shyloh,Chicago Style,Fifty-Fifty Pizzeria,Lunar,-5.2,105,7,0.102,0.143,1,6,1630,760,870,1,2,9,11,9.1%,241.6,112.7,129.0,0.15,0.3,1.33,1.63,232.9,108.6,124.3,0.14,0.29,1.29,1.57,8,30,1.19,4.45,1.14,4.29
Master,,Bmorr1123,Chicago Style,Fifty-Fifty Pizzeria,Lunar,-13.6,113,6,0.168,0.333,2,4,1879,1030,849,1,1,16,8,12.5%,258.8,141.9,117.0,0.14,0.14,2.2,1.1,313.2,171.7,141.5,0.17,0.17,2.67,1.33,8,23,1.1,3.17,1.33,3.83
Major,,Imaherotoo,Killer Whales,The Ocean,Solar,99.7,886,61,0.64,0.639,39,22,27018,15570,11448,71,44,89,182,39.0%,471.6,271.8,199.8,1.24,0.77,1.55,3.18,442.9,255.2,187.7,1.16,0.72,1.46,2.98,172,120,3.0,2.09,2.82,1.97
Major,RSC002449,Samsboyzz,Artemis,Mission Control,Solar,94.8,215,13,0.548,0.538,7,6,6061,3190,2871,10,12,22,49,20.4%,436.0,229.5,206.5,0.72,0.86,1.58,3.52,466.2,245.4,220.8,0.77,0.92,1.69,3.77,34,30,2.45,2.16,2.62,2.31
Major,,"Cookie, Lol. :>",Anglers,The Abyss,Lunar,92.0,765,50,0.673,0.72,36,14,20887,12380,8507,55,38,63,183,30.1%,422.3,250.3,172.0,1.11,0.77,1.27,3.7,417.7,247.6,170.1,1.1,0.76,1.26,3.66,136,85,2.75,1.72,2.72,1.7
Major,,Wiickkeddd,"Fantastic Four
Shaved Ice","The Comic Crusaders
Fifty-Fifty Pizzeria",Lunar,91.0,911,58,0.731,0.741,43,15,25082,14160,10922,58,52,77,191,30.4%,425.8,240.4,185.4,0.98,0.88,1.31,3.24,432.4,244.1,188.3,1.0,0.9,1.33,3.29,182,96,3.09,1.63,3.14,1.66
Major,RSC000514,Whatitdobayybbee,Jacks,House of Cards,Lunar,89.5,865,59,0.66,0.678,40,19,24750,14140,10610,65,39,78,179,36.3%,442.5,252.8,189.7,1.16,0.7,1.39,3.2,419.5,239.7,179.8,1.1,0.66,1.32,3.03,162,106,2.9,1.9,2.75,1.8
Major,RSC000235,Starfax,Pushwalkers,The Quad Dynasty,Solar,87.5,1043,64,0.634,0.656,42,22,28317,17990,10327,85,53,92,224,37.9%,419.9,266.8,153.1,1.26,0.79,1.36,3.32,442.5,281.1,161.4,1.33,0.83,1.44,3.5,208,148,3.08,2.19,3.25,2.31
Major,RSC000996,Greensleeves,Typhoons,Storm,Solar,86.9,976,62,0.695,0.677,42,20,25871,16440,9431,90,43,60,229,39.3%,410.0,260.5,149.5,1.43,0.68,0.95,3.63,417.3,265.2,152.1,1.45,0.69,0.97,3.69,198,118,3.14,1.87,3.19,1.9
Major,RSC001983,Ash,Lightning,Electric Mayhem,Lunar,84.4,525,34,0.651,0.676,23,11,13653,8520,5133,44,29,32,107,41.1%,402.2,251.0,151.2,1.3,0.85,0.94,3.15,401.6,250.6,151.0,1.29,0.85,0.94,3.15,102,69,3.0,2.03,3.0,2.03
Major,RSC002444,Blender,Piranhas,The Jungle,Solar,83.8,938,59,0.497,0.492,29,30,25685,14650,11035,62,36,90,215,28.8%,423.5,241.6,182.0,1.02,0.59,1.48,3.55,435.3,248.3,187.0,1.05,0.61,1.53,3.64,135,136,2.23,2.24,2.29,2.31
Major,RSC003018,Mcchicky,Trashcans,Waste Management,Solar,83.7,46,4,0.36,0.25,1,3,1381,610,771,1,1,7,11,9.1%,464.3,205.1,259.2,0.34,0.34,2.35,3.7,345.3,152.5,192.8,0.25,0.25,1.75,2.75,4,6,1.34,2.02,1.0,1.5
Major,RSC003018,Mcchicky,Trashcans,Waste Management,Solar,83.7,46,4,0.36,0.25,1,3,1381,610,771,1,1,7,11,9.1%,464.3,205.1,259.2,0.34,0.34,2.35,3.7,345.3,152.5,192.8,0.25,0.25,1.75,2.75,4,6,1.34,2.02,1.0,1.5
Major,RSC001292,Flamethrowr,"Black Hand
Blaze
Equinox","The Order
North American Soccar Club
The Cosmos",Lunar,82.7,840,54,0.575,0.519,28,26,21814,13410,8404,61,38,69,196,31.1%,401.6,246.9,154.7,1.12,0.7,1.27,3.61,404.0,248.3,155.6,1.13,0.7,1.28,3.63,150,124,2.76,2.28,2.78,2.3
Major,RSC000402,Reagfam,Gladiators,The Sovereign,Lunar,81.7,834,56,0.604,0.625,35,21,21739,12680,9059,60,45,56,163,36.8%,403.1,235.1,168.0,1.11,0.83,1.04,3.02,388.2,226.4,161.8,1.07,0.8,1.0,2.91,154,118,2.86,2.19,2.75,2.11
Major,RSC000552,Cerealkiller,Typhoons,Storm,Solar,78.1,971,62,0.706,0.694,43,19,24189,14040,10149,64,54,60,194,33.0%,385.3,223.6,161.7,1.02,0.86,0.96,3.09,390.1,226.5,163.7,1.03,0.87,0.97,3.13,198,114,3.15,1.82,3.19,1.84
Major,,Acoyote919,Gladiators,The Sovereign,Lunar,78.1,73,5,0.805,1.0,5,0,1579,870,709,4,5,1,17,23.5%,334.5,184.3,150.2,0.85,1.06,0.21,3.6,315.8,174.0,141.8,0.8,1.0,0.2,3.4,17,7,3.6,1.48,3.4,1.4
Major,RSC000301,Fantasy,Mint Chip,Minty Fresh,Solar,77.4,245,16,0.579,0.5,8,8,6682,3710,2972,13,11,28,46,28.3%,421.8,234.2,187.6,0.82,0.69,1.77,2.9,417.6,231.9,185.8,0.81,0.69,1.75,2.88,37,30,2.34,1.89,2.31,1.88
Major,RSC000884,Nathan.,Grizzly Bears,The Bear Den,Lunar,75.6,707,47,0.465,0.404,19,28,18687,10570,8117,47,28,61,142,33.1%,408.8,231.2,177.6,1.03,0.61,1.33,3.11,397.6,224.9,172.7,1.0,0.6,1.3,3.02,106,116,2.32,2.54,2.26,2.47
Major,RSC001181,Capital,Fantastic Four,The Comic Crusaders,Lunar,73.3,974,61,0.696,0.672,41,20,24341,14750,9591,62,49,84,190,32.6%,386.5,234.2,152.3,0.98,0.78,1.33,3.02,399.0,241.8,157.2,1.02,0.8,1.38,3.11,181,106,2.87,1.68,2.97,1.74
Major,RSC001750,Tink,Shaved Ice,Fifty-Fifty Pizzeria,Lunar,73.1,895,56,0.608,0.661,37,19,21954,13200,8754,65,43,55,180,36.1%,379.4,228.1,151.3,1.12,0.74,0.95,3.11,392.0,235.7,156.3,1.16,0.77,0.98,3.21,165,125,2.85,2.16,2.95,2.23
Major,RSC001141,Bill3113,Fantastic Four,The Comic Crusaders,Lunar,73.1,877,55,0.729,0.727,40,15,21900,13500,8400,66,35,65,190,34.7%,386.2,238.1,148.1,1.16,0.62,1.15,3.35,398.2,245.5,152.7,1.2,0.64,1.18,3.45,172,91,3.03,1.6,3.13,1.65
Major,RSC002644,Kniknok,Makos,Shark Attack,Lunar,72.9,782,50,0.559,0.58,29,21,18798,10900,7898,37,39,70,175,21.1%,371.8,215.6,156.2,0.73,0.77,1.38,3.46,376.0,218.0,158.0,0.74,0.78,1.4,3.5,119,102,2.35,2.02,2.38,2.04
Major,RSC000627,"Larry The Lizard, Md",Trashcans,Waste Management,Solar,72.6,179,14,0.539,0.571,8,6,4319,2130,2189,6,11,13,33,18.2%,373.2,184.0,189.1,0.52,0.95,1.12,2.85,308.5,152.1,156.4,0.43,0.79,0.93,2.36,33,30,2.85,2.59,2.36,2.14
Major,RSC002235,Hpain,"Artemis
Black Hand","Mission Control
The Order",Lunar,72.1,751,49,0.526,0.51,25,24,18342,10340,8002,46,37,48,149,30.9%,377.7,212.9,164.8,0.95,0.76,0.99,3.07,374.3,211.0,163.3,0.94,0.76,0.98,3.04,129,121,2.66,2.49,2.63,2.47
Major,RSC002102,Thrashhawk,"Blaze
Equinox","North American Soccar Club
The Cosmos",Solar,69.9,578,40,0.551,0.55,22,18,15224,8900,6324,40,23,55,100,40.0%,407.4,238.2,169.2,1.07,0.62,1.47,2.68,380.6,222.5,158.1,1.0,0.58,1.38,2.5,99,87,2.65,2.33,2.48,2.18
Major,RSC000365,Trspriggs,Cobras,The Serpents,Lunar,69.6,950,63,0.503,0.556,35,28,24462,13320,11142,51,34,92,192,26.6%,398.3,216.9,181.4,0.83,0.55,1.5,3.13,388.3,211.4,176.9,0.81,0.54,1.46,3.05,139,138,2.26,2.25,2.21,2.19
Major,RSC002560,Killshot.,Rockets,Fallout Shelter,Solar,69.0,999,64,0.608,0.594,38,26,24658,14700,9958,63,46,84,190,33.2%,381.8,227.6,154.2,0.98,0.71,1.3,2.94,385.3,229.7,155.6,0.98,0.72,1.31,2.97,182,138,2.82,2.14,2.84,2.16
Major,RSC002097,Noobz,Gladiators,The Sovereign,Lunar,67.6,883,59,0.553,0.576,34,25,22585,12890,9695,61,30,72,169,36.1%,395.6,225.8,169.8,1.07,0.53,1.26,2.96,382.8,218.5,164.3,1.03,0.51,1.22,2.86,151,132,2.64,2.31,2.56,2.24
Major,RSC001907,Disasterpiece,Capurrccinos,The Cat Cafe,Lunar,65.4,812,52,0.578,0.596,31,21,20073,11910,8163,56,35,63,141,39.7%,382.3,226.9,155.5,1.07,0.67,1.2,2.69,386.0,229.0,157.0,1.08,0.67,1.21,2.71,137,112,2.61,2.13,2.63,2.15
Major,RSC001907,Disasterpiece,Capurrccinos,The Cat Cafe,Lunar,65.4,812,52,0.578,0.596,31,21,20073,11910,8163,56,35,63,141,39.7%,382.3,226.9,155.5,1.07,0.67,1.2,2.69,386.0,229.0,157.0,1.08,0.67,1.21,2.71,137,112,2.61,2.13,2.63,2.15
Major,RSC001059,Saltybonnyr,Lightning,Electric Mayhem,Lunar,65.0,991,64,0.592,0.625,40,24,25612,14600,11012,55,38,110,170,32.4%,399.7,227.9,171.9,0.86,0.59,1.72,2.65,400.2,228.1,172.1,0.86,0.59,1.72,2.66,164,129,2.56,2.01,2.56,2.02
Major,,Divinerose,Anglers,The Abyss,Lunar,64.6,644,46,0.67,0.717,33,13,14933,7990,6943,26,38,48,109,23.9%,358.6,191.9,166.7,0.62,0.91,1.15,2.62,324.6,173.7,150.9,0.57,0.83,1.04,2.37,117,74,2.81,1.78,2.54,1.61
Major,RSC000706,Grez,Tyrannosaurus,Dino Park,Solar,63.5,324,22,0.579,0.682,15,7,8109,4620,3489,22,10,26,62,35.5%,387.1,220.5,166.6,1.05,0.48,1.24,2.96,368.6,210.0,158.6,1.0,0.45,1.18,2.82,47,38,2.24,1.81,2.14,1.73
Major,RSC001926,Deadbot,Pushwalkers,The Quad Dynasty,Solar,62.9,577,36,0.653,0.667,24,12,13923,8490,5433,36,25,52,104,34.6%,373.2,227.6,145.6,0.96,0.67,1.39,2.79,386.8,235.8,150.9,1.0,0.69,1.44,2.89,113,76,3.03,2.04,3.14,2.11
Major,RSC002550,Tonnuh,Equinox,The Cosmos,Solar,62.6,658,43,0.504,0.558,24,19,16521,10020,6501,43,22,68,122,35.2%,388.3,235.5,152.8,1.01,0.52,1.6,2.87,384.2,233.0,151.2,1.0,0.51,1.58,2.84,98,97,2.3,2.28,2.28,2.26
Major,RSC000332,Odell,Falcons,Birds of Prey,Solar,61.4,98,8,0.473,0.5,4,4,2360,1210,1150,3,5,10,16,18.8%,372.5,191.0,181.5,0.47,0.79,1.58,2.53,295.0,151.3,143.8,0.38,0.63,1.25,2.0,14,15,2.21,2.37,1.75,1.88
Major,,Luckyash,Jacks,House of Cards,Lunar,61.4,835,56,0.66,0.679,38,18,20261,11620,8641,49,32,72,152,32.2%,375.3,215.2,160.1,0.91,0.59,1.33,2.82,361.8,207.5,154.3,0.88,0.57,1.29,2.71,153,100,2.83,1.85,2.73,1.79
Major,,Alec,Rockets,Fallout Shelter,Solar,61.4,983,63,0.608,0.587,37,26,23101,13570,9531,59,42,75,182,32.4%,363.5,213.5,150.0,0.93,0.66,1.18,2.86,366.7,215.4,151.3,0.94,0.67,1.19,2.89,178,135,2.8,2.12,2.83,2.14
Major,RSC002164,Dosia,Trashcans,Waste Management,Solar,61.2,888,59,0.488,0.492,29,30,21687,11820,9867,51,30,71,167,30.5%,377.7,205.9,171.9,0.89,0.52,1.24,2.91,367.6,200.3,167.2,0.86,0.51,1.2,2.83,130,134,2.26,2.33,2.2,2.27
Major,RSC001923,M0Rg,Killer Whales,The Ocean,Solar,60.9,750,51,0.661,0.667,34,17,17297,10060,7237,44,33,52,141,31.2%,356.7,207.5,149.2,0.91,0.68,1.07,2.91,339.2,197.3,141.9,0.86,0.65,1.02,2.76,149,98,3.07,2.02,2.92,1.92
Major,,Mranderson,Makos,Shark Attack,Lunar,60.9,837,54,0.606,0.593,32,22,20164,11650,8514,50,33,70,150,33.3%,372.6,215.3,157.3,0.92,0.61,1.29,2.77,373.4,215.7,157.7,0.93,0.61,1.3,2.78,129,97,2.38,1.79,2.39,1.8
Major,RSC002832,Pacmonsterghost,Rockets,Fallout Shelter,Solar,60.5,791,51,0.598,0.608,31,20,19559,11500,8059,47,30,79,135,34.8%,382.4,224.9,157.6,0.92,0.59,1.54,2.64,383.5,225.5,158.0,0.92,0.59,1.55,2.65,138,107,2.7,2.09,2.71,2.1
Major,RSC000735,Itonydelatorre,Anglers,The Abyss,Lunar,60.3,709,46,0.68,0.717,33,13,16546,9180,7366,47,25,37,138,34.1%,360.9,200.3,160.7,1.03,0.55,0.81,3.01,359.7,199.6,160.1,1.02,0.54,0.8,3.0,123,75,2.68,1.64,2.67,1.63
Major,RSC000970,Rippluto,Jacks,House of Cards,Lunar,60.1,253,17,0.716,0.706,12,5,5511,3190,2321,13,13,15,49,26.5%,336.9,195.0,141.9,0.79,0.79,0.92,3.0,324.2,187.6,136.5,0.76,0.76,0.88,2.88,49,27,3.0,1.65,2.88,1.59
Major,RSC000970,Rippluto,Jacks,House of Cards,Lunar,60.1,253,17,0.716,0.706,12,5,5511,3190,2321,13,13,15,49,26.5%,336.9,195.0,141.9,0.79,0.79,0.92,3.0,324.2,187.6,136.5,0.76,0.76,0.88,2.88,49,27,3.0,1.65,2.88,1.59
Major,RSC000160,Euronate,Typhoons,Storm,Solar,59.4,722,47,0.716,0.745,35,12,16271,9510,6761,37,34,55,136,27.2%,348.6,203.7,144.8,0.79,0.73,1.18,2.91,346.2,202.3,143.9,0.79,0.72,1.17,2.89,149,83,3.19,1.78,3.17,1.77
Major,RSC000437,Lonely,Grizzly Bears,The Bear Den,Lunar,59.0,804,51,0.491,0.49,25,26,18042,10960,7082,50,43,50,131,38.2%,347.1,210.8,136.2,0.96,0.83,0.96,2.52,353.8,214.9,138.9,0.98,0.84,0.98,2.57,136,139,2.62,2.67,2.67,2.73
Major,RSC000550,Arj,Pushwalkers,The Quad Dynasty,Solar,58.6,759,46,0.614,0.609,28,18,17748,11090,6658,49,37,63,119,41.2%,361.7,226.0,135.7,1.0,0.75,1.28,2.42,385.8,241.1,144.7,1.07,0.8,1.37,2.59,153,115,3.12,2.34,3.33,2.5
Major,,Joez,Mint Chip,Minty Fresh,Solar,56.4,895,56,0.47,0.464,26,30,20686,11910,8776,52,36,67,156,33.3%,357.5,205.8,151.7,0.9,0.62,1.16,2.7,369.4,212.7,156.7,0.93,0.64,1.2,2.79,141,152,2.44,2.63,2.52,2.71
Major,,Deven,"Piranhas
Mutalisks","The Jungle
The Swarm",Solar,56.1,972,63,0.452,0.444,28,35,24096,13450,10646,49,32,107,160,30.6%,383.4,214.0,169.4,0.78,0.51,1.7,2.55,382.5,213.5,169.0,0.78,0.51,1.7,2.54,135,153,2.15,2.43,2.14,2.43
Major,RSC001891,P0L1K,Blaze,North American Soccar Club,Solar,56.0,135,9,0.611,0.667,6,3,2767,1420,1347,4,9,7,22,18.2%,317.0,162.7,154.3,0.46,1.03,0.8,2.52,307.4,157.8,149.7,0.44,1.0,0.78,2.44,24,18,2.75,2.06,2.67,2.0
Major,RSC001891,P0L1K,Blaze,North American Soccar Club,Solar,56.0,135,9,0.611,0.667,6,3,2767,1420,1347,4,9,7,22,18.2%,317.0,162.7,154.3,0.46,1.03,0.8,2.52,307.4,157.8,149.7,0.44,1.0,0.78,2.44,24,18,2.75,2.06,2.67,2.0
Major,RSC000556,Bananalytics,Shaved Ice,Fifty-Fifty Pizzeria,Lunar,54.8,743,45,0.646,0.667,30,15,16576,9900,6676,39,37,59,120,32.5%,345.0,206.1,139.0,0.81,0.77,1.23,2.5,368.4,220.0,148.4,0.87,0.82,1.31,2.67,138,94,2.87,1.96,3.07,2.09
Major,RSC000170,Nathanry,Equinox,The Cosmos,Solar,54.6,906,57,0.57,0.596,34,23,20252,11590,8662,46,38,69,164,28.0%,345.7,197.9,147.9,0.79,0.65,1.18,2.8,355.3,203.3,152.0,0.81,0.67,1.21,2.88,151,126,2.58,2.15,2.65,2.21
Major,RSC002177,Slygo21,"Shaved Ice
Makos
Nazgûl","Fifty-Fifty Pizzeria
Shark Attack
Middle Earth",Lunar,54.0,472,31,0.409,0.452,14,17,12280,6940,5340,26,14,60,64,40.6%,402.4,227.4,175.0,0.85,0.46,1.97,2.1,396.1,223.9,172.3,0.84,0.45,1.94,2.06,64,81,2.1,2.65,2.06,2.61
Major,RSC002650,Bea$T,Life,The Elements,Lunar,53.7,657,43,0.405,0.326,14,29,15723,8870,6853,33,25,66,102,32.4%,370.1,208.8,161.3,0.78,0.59,1.55,2.4,365.7,206.3,159.4,0.77,0.58,1.53,2.37,90,115,2.12,2.71,2.09,2.67
Major,RSC000901,Touch Me,Blaze,North American Soccar Club,Solar,53.5,812,54,0.459,0.463,25,29,18958,10590,8368,46,26,65,144,31.9%,361.1,201.7,159.4,0.88,0.5,1.24,2.74,351.1,196.1,155.0,0.85,0.48,1.2,2.67,118,131,2.25,2.5,2.19,2.43
Major,,The Condra Triangle,Contras,8-Bit Brigade,Lunar,53.5,932,60,0.423,0.45,27,33,21710,11700,10010,45,35,78,155,29.0%,360.3,194.2,166.1,0.75,0.58,1.29,2.57,361.8,195.0,166.8,0.75,0.58,1.3,2.58,126,154,2.09,2.56,2.1,2.57
Major,RSC000643,M3 Mario,Anglers,The Abyss,Lunar,53.3,744,50,0.683,0.72,36,14,16428,8960,7468,39,29,45,136,28.7%,341.5,186.3,155.2,0.81,0.6,0.94,2.83,328.6,179.2,149.4,0.78,0.58,0.9,2.72,125,75,2.6,1.56,2.5,1.5
Major,RSC002814,The Deli Llama1,Falcons,Birds of Prey,Solar,52.3,677,42,0.438,0.429,18,24,16094,8950,7144,29,26,74,105,27.6%,367.7,204.5,163.2,0.66,0.59,1.69,2.4,383.2,213.1,170.1,0.69,0.62,1.76,2.5,99,116,2.26,2.65,2.36,2.76
Major,RSC000215,Botch,Werthers Originals,Boomer Union,Lunar,51.9,63,4,0.208,0.0,0,4,1595,1060,535,5,1,8,11,45.5%,391.6,260.2,131.3,1.23,0.25,1.96,2.7,398.8,265.0,133.8,1.25,0.25,2.0,2.75,6,14,1.47,3.44,1.5,3.5
Major,RSC000215,Botch,Werthers Originals,Boomer Union,Lunar,51.9,63,4,0.208,0.0,0,4,1595,1060,535,5,1,8,11,45.5%,391.6,260.2,131.3,1.23,0.25,1.96,2.7,398.8,265.0,133.8,1.25,0.25,2.0,2.75,6,14,1.47,3.44,1.5,3.5
Major,RSC000050,Lordmaccus,Artemis,Mission Control,Solar,51.9,851,53,0.462,0.491,26,27,18605,10290,8315,43,32,56,159,27.0%,338.1,187.0,151.1,0.78,0.58,1.02,2.89,351.0,194.2,156.9,0.81,0.6,1.06,3.0,130,143,2.36,2.6,2.45,2.7
Major,RSC000805,Deezmuffinz,Werthers Originals,Boomer Union,Lunar,51.3,830,52,0.425,0.346,18,34,18728,10590,8138,43,32,66,139,30.9%,349.0,197.3,151.6,0.8,0.6,1.23,2.59,360.2,203.7,156.5,0.83,0.62,1.27,2.67,117,142,2.18,2.65,2.25,2.73
Major,RSC001986,Colin..,Artemis,Mission Control,Solar,50.7,795,48,0.546,0.604,29,19,18086,10840,7246,50,29,62,129,38.8%,351.9,210.9,141.0,0.97,0.56,1.21,2.51,376.8,225.8,151.0,1.04,0.6,1.29,2.69,137,122,2.67,2.37,2.85,2.54
Major,RSC002680,Zira,Capurrccinos,The Cat Cafe,Lunar,50.3,895,57,0.543,0.544,31,26,20675,12060,8615,48,28,86,156,30.8%,357.3,208.4,148.9,0.83,0.48,1.49,2.7,362.7,211.6,151.1,0.84,0.49,1.51,2.74,145,130,2.51,2.25,2.54,2.28
Major,RSC003086,Paradox,Mastiffs,Puppy Paradise,Solar,50.0,66,4,0.302,0.25,1,3,1462,800,662,3,3,5,10,30.0%,342.6,187.5,155.1,0.7,0.7,1.17,2.34,365.5,200.0,165.5,0.75,0.75,1.25,2.5,9,15,2.11,3.52,2.25,3.75
Major,,Nighthawk,Trashcans,Waste Management,Solar,49.3,950,64,0.478,0.469,30,34,20901,11980,8921,52,30,70,178,29.2%,340.3,195.0,145.2,0.85,0.49,1.14,2.9,326.6,187.2,139.4,0.81,0.47,1.09,2.78,135,143,2.2,2.33,2.11,2.23
Major,RSC002786,Xero Sunder,Celery,The Garden,Lunar,49.1,895,53,0.5,0.585,31,22,20199,11580,8619,44,31,82,153,28.8%,349.1,200.1,148.9,0.76,0.54,1.42,2.64,381.1,218.5,162.6,0.83,0.58,1.55,2.89,136,136,2.35,2.35,2.57,2.57
Major,,Clarky?,Grizzly Bears,The Bear Den,Lunar,48.9,872,57,0.472,0.421,24,33,20640,11250,9390,37,32,94,125,29.6%,366.1,199.5,166.5,0.66,0.57,1.67,2.22,362.1,197.4,164.7,0.65,0.56,1.65,2.19,140,150,2.48,2.66,2.46,2.63
Major,RSC001958,Justmikeyx,Equinox,The Cosmos,Solar,48.9,548,35,0.474,0.543,19,16,11877,6890,4987,31,26,34,79,39.2%,335.2,194.5,140.7,0.87,0.73,0.96,2.23,339.3,196.9,142.5,0.89,0.74,0.97,2.26,88,94,2.48,2.65,2.51,2.69
Major,RSC002916,Natsu,Celery,The Garden,Lunar,48.6,899,53,0.457,0.491,26,27,19654,11640,8014,50,27,71,174,28.7%,338.1,200.3,137.9,0.86,0.46,1.22,2.99,370.8,219.6,151.2,0.94,0.51,1.34,3.28,128,143,2.2,2.46,2.42,2.7
Major,RSC000542,Gotmott,"Typhoons
Raisin Branshees","Storm
Spooky Breakfast Gang",Solar,48.5,570,36,0.345,0.361,13,23,12909,7270,5639,27,19,53,97,27.8%,350.3,197.3,153.0,0.73,0.52,1.44,2.63,358.6,201.9,156.6,0.75,0.53,1.47,2.69,72,108,1.95,2.93,2.0,3.0
Major,RSC002508,Beninemm,Shaved Ice,Fifty-Fifty Pizzeria,Lunar,48.3,101,7,0.545,0.429,3,4,2319,1230,1089,6,4,6,13,46.2%,355.1,188.4,166.8,0.92,0.61,0.92,1.99,331.3,175.7,155.6,0.86,0.57,0.86,1.86,19,17,2.91,2.6,2.71,2.43
Major,RSC000841,Ghaleon,"Shaved Ice
Fantastic Four","Fifty-Fifty Pizzeria
The Comic Crusaders",Lunar,48.2,947,58,0.546,0.552,32,26,21146,11510,9636,44,36,76,151,29.1%,345.4,188.0,157.4,0.72,0.59,1.24,2.47,364.6,198.4,166.1,0.76,0.62,1.31,2.6,153,136,2.5,2.22,2.64,2.34
Major,RSC002216,Dan,Tyrannosaurus,Dino Park,Solar,48.1,862,57,0.477,0.456,26,31,20018,10840,9178,40,25,83,144,27.8%,359.2,194.5,164.7,0.72,0.45,1.49,2.58,351.2,190.2,161.0,0.7,0.44,1.46,2.53,113,120,2.03,2.15,1.98,2.11
Major,RSC000928,Nativology,Life,The Elements,Lunar,47.8,649,44,0.409,0.341,15,29,15043,8250,6793,29,22,65,100,29.0%,358.5,196.6,161.9,0.69,0.52,1.55,2.38,341.9,187.5,154.4,0.66,0.5,1.48,2.27,92,116,2.19,2.76,2.09,2.64
Major,RSC000097,Dravaco,"Shaved Ice
Cobras","Fifty-Fifty Pizzeria
The Serpents",Lunar,47.3,126,8,0.454,0.5,4,4,3046,1550,1496,3,7,16,10,30.0%,373.9,190.3,183.6,0.37,0.86,1.96,1.23,380.8,193.8,187.0,0.38,0.88,2.0,1.25,15,17,1.84,2.09,1.88,2.13
Major,RSC002184,Nh 1 Slayn,Piranhas,The Jungle,Solar,47.3,376,23,0.557,0.565,13,10,8035,4770,3265,14,19,37,57,24.6%,330.5,196.2,134.3,0.58,0.78,1.52,2.34,349.3,207.4,142.0,0.61,0.83,1.61,2.48,57,49,2.34,2.02,2.48,2.13
Major,RSC000699,Dirtygirty,Lightning,Electric Mayhem,Lunar,47.1,991,64,0.592,0.625,40,24,22097,13330,8767,53,35,93,163,32.5%,344.9,208.0,136.8,0.83,0.55,1.45,2.54,345.3,208.3,137.0,0.83,0.55,1.45,2.55,164,129,2.56,2.01,2.56,2.02
Major,RSC000368,Llama,Falcons,Birds of Prey,Solar,46.7,793,49,0.487,0.49,24,25,17907,10850,7057,52,20,65,140,37.1%,349.3,211.6,137.6,1.01,0.39,1.27,2.73,365.4,221.4,144.0,1.06,0.41,1.33,2.86,124,128,2.42,2.5,2.53,2.61
Major,RSC000143,Evan,Mint Chip,Minty Fresh,Solar,46.5,794,50,0.448,0.44,22,28,17594,10080,7514,36,33,73,118,30.5%,342.7,196.3,146.4,0.7,0.64,1.42,2.3,351.9,201.6,150.3,0.72,0.66,1.46,2.36,123,140,2.4,2.73,2.46,2.8
Major,RSC000649,2Jsix,Black Hand,The Order,Lunar,46.4,260,16,0.623,0.688,11,5,6014,3570,2444,17,10,21,32,53.1%,357.7,212.4,145.4,1.01,0.59,1.25,1.9,375.9,223.1,152.8,1.06,0.63,1.31,2.0,43,31,2.56,1.84,2.69,1.94
Major,RSC002176,Theory,Rockets,Fallout Shelter,Solar,46.3,224,14,0.638,0.571,8,6,4573,2870,1703,13,12,13,32,40.6%,315.7,198.2,117.6,0.9,0.83,0.9,2.21,326.6,205.0,121.6,0.93,0.86,0.93,2.29,48,34,3.31,2.35,3.43,2.43
Major,RSC001203,Clyde,"Tyrannosaurus
Life","Dino Park
The Elements",Solar,45.9,622,41,0.5,0.488,20,21,14692,8230,6462,24,18,79,98,24.5%,365.3,204.6,160.7,0.6,0.45,1.96,2.44,358.3,200.7,157.6,0.59,0.44,1.93,2.39,82,82,2.04,2.04,2.0,2.0
Major,,.Andy,Capurrccinos,The Cat Cafe,Lunar,44.2,581,37,0.526,0.514,19,18,12937,6850,6087,27,17,47,95,28.4%,344.4,182.3,162.0,0.72,0.45,1.25,2.53,349.6,185.1,164.5,0.73,0.46,1.27,2.57,95,89,2.53,2.37,2.57,2.41
Major,,Viper15,Gladiators,The Sovereign,Lunar,43.4,956,64,0.574,0.609,39,25,19880,10860,9020,38,39,71,156,24.4%,321.6,175.7,145.9,0.61,0.63,1.15,2.52,310.6,169.7,140.9,0.59,0.61,1.11,2.44,168,139,2.72,2.25,2.63,2.17
Major,RSC002392,Skizzle1952,Black Hand,The Order,Lunar,43.1,281,20,0.356,0.35,7,13,6254,3380,2874,8,12,32,38,21.1%,344.2,186.0,158.2,0.44,0.66,1.76,2.09,312.7,169.0,143.7,0.4,0.6,1.6,1.9,38,55,2.09,3.03,1.9,2.75
Major,RSC000490,Kevdog,Gladiators,The Sovereign,Lunar,42.9,54,4,0.351,0.5,2,2,1233,650,583,2,1,6,10,20.0%,353.1,186.2,167.0,0.57,0.29,1.72,2.86,308.3,162.5,145.8,0.5,0.25,1.5,2.5,6,9,1.72,2.58,1.5,2.25
Major,RSC000449,Rosie,Jacks,House of Cards,Lunar,42.6,696,48,0.646,0.688,33,15,14671,8410,6261,36,27,48,106,34.0%,326.0,186.9,139.1,0.8,0.6,1.07,2.36,305.6,175.2,130.4,0.75,0.56,1.0,2.21,125,85,2.78,1.89,2.6,1.77
Major,RSC000430,Tterb86,Mutalisks,The Swarm,Solar,42.5,882,58,0.38,0.379,22,36,19740,11020,8720,38,32,88,122,31.1%,346.2,193.2,152.9,0.67,0.56,1.54,2.14,340.3,190.0,150.3,0.66,0.55,1.52,2.1,111,152,1.95,2.67,1.91,2.62
Major,RSC000430,Tterb86,Mutalisks,The Swarm,Solar,42.5,882,58,0.38,0.379,22,36,19740,11020,8720,38,32,88,122,31.1%,346.2,193.2,152.9,0.67,0.56,1.54,2.14,340.3,190.0,150.3,0.66,0.55,1.52,2.1,111,152,1.95,2.67,1.91,2.62
Major,RSC002531,Loom,Capurrccinos,The Cat Cafe,Lunar,42.3,590,36,0.574,0.556,20,16,12070,6810,5260,25,21,44,106,23.6%,316.4,178.5,137.9,0.66,0.55,1.15,2.78,335.3,189.2,146.1,0.69,0.58,1.22,2.94,90,74,2.36,1.94,2.5,2.06
Major,RSC000203,Frostybrew,Sonata,Magnum Opus,Solar,42.2,836,53,0.357,0.34,18,35,19132,10380,8752,37,22,86,128,28.9%,354.0,192.0,161.9,0.68,0.41,1.59,2.37,361.0,195.8,165.1,0.7,0.42,1.62,2.42,105,153,1.94,2.83,1.98,2.89
Major,RSC002215,Egg,"Trashcans
Tyrannosaurus","Waste Management
Dino Park",Solar,41.2,918,60,0.465,0.45,27,33,19592,10580,9012,36,31,79,148,24.3%,330.1,178.3,151.8,0.61,0.52,1.33,2.49,326.5,176.3,150.2,0.6,0.52,1.32,2.47,126,138,2.12,2.33,2.1,2.3
Major,RSC000122,Corbasm,Werthers Originals,Boomer Union,Lunar,40.9,645,40,0.457,0.425,17,23,13379,7220,6159,31,18,41,117,26.5%,320.8,173.1,147.7,0.74,0.43,0.98,2.81,334.5,180.5,154.0,0.78,0.45,1.03,2.93,94,105,2.25,2.52,2.35,2.63
Major,RSC002986,Antedote,Mutalisks,The Swarm,Solar,40.6,109,7,0.276,0.286,2,5,2442,1180,1262,2,3,13,18,11.1%,346.5,167.4,179.1,0.28,0.43,1.84,2.55,348.9,168.6,180.3,0.29,0.43,1.86,2.57,10,19,1.42,2.7,1.43,2.71
Major,RSC000855,Sauceoninfinity,Cobras,The Serpents,Lunar,40.6,837,57,0.506,0.544,31,26,17763,9820,7943,50,21,47,142,35.2%,328.2,181.5,146.8,0.92,0.39,0.87,2.62,311.6,172.3,139.4,0.88,0.37,0.82,2.49,125,123,2.31,2.27,2.19,2.16
Major,RSC000291,Suckiest Sucker,"Blaze
Nazgûl
Sonata","North American Soccar Club
Middle Earth
Magnum Opus",Lunar,40.3,642,44,0.314,0.205,9,35,13954,7420,6534,28,20,53,97,28.9%,336.2,178.8,157.4,0.67,0.48,1.28,2.34,317.1,168.6,148.5,0.64,0.45,1.2,2.2,83,135,2.0,3.25,1.89,3.07
Major,RSC000367,Pana,"Sonata
Nazgûl","Magnum Opus
Middle Earth",Solar,40.0,720,44,0.406,0.455,20,24,15294,9090,6204,42,15,56,134,31.3%,328.5,195.3,133.3,0.9,0.32,1.2,2.88,347.6,206.6,141.0,0.95,0.34,1.27,3.05,99,126,2.13,2.71,2.25,2.86
Major,RSC000367,Pana,"Sonata
Nazgûl","Magnum Opus
Middle Earth",Solar,40.0,720,44,0.406,0.455,20,24,15294,9090,6204,42,15,56,134,31.3%,328.5,195.3,133.3,0.9,0.32,1.2,2.88,347.6,206.6,141.0,0.95,0.34,1.27,3.05,99,126,2.13,2.71,2.25,2.86
Major,RSC002959,Jacks0Ntheboss,"Mastiffs
Celery","Puppy Paradise
The Garden",Solar,39.6,113,7,0.401,0.429,3,4,2245,1270,975,5,5,7,17,29.4%,307.3,173.8,133.4,0.68,0.68,0.96,2.33,320.7,181.4,139.3,0.71,0.71,1.0,2.43,18,23,2.46,3.15,2.57,3.29
Major,RSC001741,Virus,Werthers Originals,Boomer Union,Lunar,39.6,651,41,0.445,0.341,14,27,14446,8020,6426,27,19,68,97,27.8%,343.2,190.5,152.7,0.64,0.45,1.62,2.3,352.3,195.6,156.7,0.66,0.46,1.66,2.37,91,105,2.16,2.49,2.22,2.56
Major,RSC001949,Arrowsmith2,Black Hand,The Order,Lunar,39.3,532,36,0.505,0.5,18,18,11500,6600,4900,23,19,52,75,30.7%,334.3,191.9,142.5,0.67,0.55,1.51,2.18,319.4,183.3,136.1,0.64,0.53,1.44,2.08,85,84,2.47,2.44,2.36,2.33
Major,RSC000913,Yote51Ayer,Nazgûl,Middle Earth,Lunar,39.2,91,6,0.359,0.333,2,4,1775,970,805,4,3,5,17,23.5%,301.7,164.9,136.8,0.68,0.51,0.85,2.89,295.8,161.7,134.2,0.67,0.5,0.83,2.83,11,16,1.87,2.72,1.83,2.67
Major,RSC000189,Jordton,Artemis,Mission Control,Solar,39.2,624,39,0.459,0.513,20,19,13594,7720,5874,31,17,56,97,32.0%,336.9,191.3,145.6,0.77,0.42,1.39,2.4,348.6,197.9,150.6,0.79,0.44,1.44,2.49,90,100,2.23,2.48,2.31,2.56
Major,RSC000032,Bravenewwrld,Killer Whales,The Ocean,Solar,38.9,862,59,0.643,0.644,38,21,18363,10990,7373,47,31,71,119,39.5%,329.5,197.2,132.3,0.84,0.56,1.27,2.14,311.2,186.3,125.0,0.8,0.53,1.2,2.02,165,114,2.96,2.05,2.8,1.93
Major,,Enigma,Raisin Branshees,Spooky Breakfast Gang,Solar,38.9,722,48,0.293,0.292,14,34,16052,8890,7162,26,24,82,99,26.3%,343.9,190.4,153.4,0.56,0.51,1.76,2.12,334.4,185.2,149.2,0.54,0.5,1.71,2.06,89,154,1.91,3.3,1.85,3.21
Major,RSC000766,Visionaryone,Killer Whales,The Ocean,Solar,38.2,241,18,0.403,0.333,6,12,5624,3000,2624,12,4,25,35,34.3%,360.9,192.5,168.4,0.77,0.26,1.6,2.25,312.4,166.7,145.8,0.67,0.22,1.39,1.94,36,46,2.31,2.95,2.0,2.56
Major,,Rin Tohsaka,Equinox,The Cosmos,Solar,38.1,69,4,0.78,0.75,3,1,1151,720,431,4,2,1,17,23.5%,258.0,161.4,96.6,0.9,0.45,0.22,3.81,287.8,180.0,107.8,1.0,0.5,0.25,4.25,19,9,4.26,2.02,4.75,2.25
Major,RSC001337,Hotdog,"Nazgûl
Artemis","Middle Earth
Mission Control",Solar,38.0,559,34,0.505,0.529,18,16,11536,6720,4816,27,19,44,87,31.0%,319.2,185.9,133.2,0.75,0.53,1.22,2.41,339.3,197.6,141.6,0.79,0.56,1.29,2.56,84,83,2.32,2.3,2.47,2.44
Major,RSC000179,Sykoshaggy,Mastiffs,Puppy Paradise,Solar,36.9,624,42,0.333,0.286,12,30,13145,6990,6155,24,23,52,84,28.6%,325.8,173.3,152.6,0.59,0.57,1.29,2.08,313.0,166.4,146.5,0.57,0.55,1.24,2.0,78,121,1.93,3.0,1.86,2.88
Major,RSC001856,Chinchilla929,Blaze,North American Soccar Club,Solar,36.9,465,28,0.453,0.429,12,16,9639,5150,4489,17,16,39,70,24.3%,320.6,171.3,149.3,0.57,0.53,1.3,2.33,344.3,183.9,160.3,0.61,0.57,1.39,2.5,60,68,2.0,2.26,2.14,2.43
Major,RSC000819,Jwanderz,Equinox,The Cosmos,Solar,36.7,503,30,0.526,0.667,20,10,9760,5180,4580,20,17,29,88,22.7%,300.1,159.3,140.8,0.61,0.52,0.89,2.71,325.3,172.7,152.7,0.67,0.57,0.97,2.93,78,73,2.4,2.24,2.6,2.43
Major,RSC000140,Kaeso Clarus,Cobras,The Serpents,Lunar,36.2,404,25,0.514,0.56,14,11,8327,4770,3557,16,12,38,67,23.9%,318.8,182.6,136.2,0.61,0.46,1.45,2.56,333.1,190.8,142.3,0.64,0.48,1.52,2.68,52,50,1.99,1.91,2.08,2.0
Major,RSC000397,Mattt,Contras,8-Bit Brigade,Lunar,35.9,561,35,0.412,0.4,14,21,11823,6820,5003,27,12,51,97,27.8%,326.0,188.0,137.9,0.74,0.33,1.41,2.67,337.8,194.9,142.9,0.77,0.34,1.46,2.77,74,93,2.04,2.56,2.11,2.66
Major,RSC000035,Feen,Contras,8-Bit Brigade,Lunar,35.7,949,61,0.445,0.459,28,33,20647,11680,8967,45,24,92,138,32.6%,336.5,190.4,146.1,0.73,0.39,1.5,2.25,338.5,191.5,147.0,0.74,0.39,1.51,2.26,131,151,2.13,2.46,2.15,2.48
Major,RSC000945,Domino,Celery,The Garden,Lunar,35.3,796,49,0.441,0.449,22,27,16745,10060,6685,39,26,75,111,35.1%,325.4,195.5,129.9,0.76,0.51,1.46,2.16,341.7,205.3,136.4,0.8,0.53,1.53,2.27,116,135,2.25,2.62,2.37,2.76
Major,RSC002744,Crasty24,Mastiffs,Puppy Paradise,Solar,35.2,649,44,0.295,0.25,11,33,14926,7300,7626,23,15,69,80,28.8%,355.7,174.0,181.7,0.55,0.36,1.64,1.91,339.2,165.9,173.3,0.52,0.34,1.57,1.82,72,126,1.72,3.0,1.64,2.86
Major,RSC000084,Biggins,Pushwalkers,The Quad Dynasty,Solar,35.0,750,46,0.64,0.696,32,14,15254,8960,6294,38,28,55,101,37.6%,314.6,184.8,129.8,0.78,0.58,1.13,2.08,331.6,194.8,136.8,0.83,0.61,1.2,2.2,150,105,3.09,2.17,3.26,2.28
Major,RSC000300,2K,Falcons,Birds of Prey,Solar,34.6,643,41,0.419,0.366,15,26,13586,7810,5776,29,21,60,86,33.7%,326.8,187.9,138.9,0.7,0.51,1.44,2.07,331.4,190.5,140.9,0.71,0.51,1.46,2.1,92,113,2.21,2.72,2.24,2.76
Major,RSC001073,Trusolja,Makos,Shark Attack,Lunar,34.4,95,6,0.396,0.5,3,3,1886,1130,756,5,2,7,18,27.8%,307.0,184.0,123.1,0.81,0.33,1.14,2.93,314.3,188.3,126.0,0.83,0.33,1.17,3.0,13,17,2.12,2.77,2.17,2.83
Major,RSC001073,Trusolja,Makos,Shark Attack,Lunar,34.4,95,6,0.396,0.5,3,3,1886,1130,756,5,2,7,18,27.8%,307.0,184.0,123.1,0.81,0.33,1.14,2.93,314.3,188.3,126.0,0.83,0.33,1.17,3.0,13,17,2.12,2.77,2.17,2.83
Major,RSC002681,Cinq,Mutalisks,The Swarm,Solar,34.3,792,52,0.391,0.385,20,32,17059,9220,7839,31,23,78,107,29.0%,333.1,180.1,153.1,0.61,0.45,1.52,2.09,328.1,177.3,150.8,0.6,0.44,1.5,2.06,99,132,1.93,2.58,1.9,2.54
Major,RSC000698,Inedibledeer,Makos,Shark Attack,Lunar,33.7,894,58,0.558,0.552,32,26,18696,10270,8426,41,22,74,137,29.9%,323.4,177.7,145.8,0.71,0.38,1.28,2.37,322.3,177.1,145.3,0.71,0.38,1.28,2.36,133,114,2.3,1.97,2.29,1.97
Major,RSC000467,Dbowden10,Werthers Originals,Boomer Union,Lunar,33.6,571,36,0.414,0.361,13,23,11529,6430,5099,22,18,49,88,25.0%,312.3,174.2,138.1,0.6,0.49,1.33,2.38,320.3,178.6,141.6,0.61,0.5,1.36,2.44,70,88,1.9,2.38,1.94,2.44
Major,,Byakko,Piranhas,The Jungle,Solar,33.5,879,54,0.482,0.5,27,27,16956,9690,7266,37,33,60,134,27.6%,298.3,170.5,127.8,0.65,0.58,1.06,2.36,314.0,179.4,134.6,0.69,0.61,1.11,2.48,127,133,2.23,2.34,2.35,2.46
Major,RSC000891,Pibro3,Sonata,Magnum Opus,Solar,33.4,942,59,0.37,0.356,21,38,19966,10330,9636,26,35,97,113,23.0%,327.8,169.6,158.2,0.43,0.57,1.59,1.86,338.4,175.1,163.3,0.44,0.59,1.64,1.92,118,166,1.94,2.73,2.0,2.81
Major,RSC002148,Sir Mcdouble,Cobras,The Serpents,Lunar,33.0,66,4,0.584,0.5,2,2,1352,690,662,3,2,4,9,33.3%,316.8,161.7,155.1,0.7,0.47,0.94,2.11,338.0,172.5,165.5,0.75,0.5,1.0,2.25,10,8,2.34,1.87,2.5,2.0
Major,RSC002148,Sir Mcdouble,Cobras,The Serpents,Lunar,33.0,66,4,0.584,0.5,2,2,1352,690,662,3,2,4,9,33.3%,316.8,161.7,155.1,0.7,0.47,0.94,2.11,338.0,172.5,165.5,0.75,0.5,1.0,2.25,10,8,2.34,1.87,2.5,2.0
Major,RSC000158,Gillz,Falcons,Birds of Prey,Solar,32.1,813,52,0.466,0.442,23,29,15938,8960,6978,37,25,55,126,29.4%,303.2,170.5,132.7,0.7,0.48,1.05,2.4,306.5,172.3,134.2,0.71,0.48,1.06,2.42,121,132,2.3,2.51,2.33,2.54
Major,,Oiseau,"Mastiffs
Black Hand","Puppy Paradise
The Order",Lunar,32.1,803,55,0.366,0.327,18,37,16327,8860,7467,38,19,57,126,30.2%,314.5,170.7,143.8,0.73,0.37,1.1,2.43,296.9,161.1,135.8,0.69,0.35,1.04,2.29,106,150,2.04,2.89,1.93,2.73
Major,RSC000229,Far,Blaze,North American Soccar Club,Solar,31.5,756,49,0.427,0.429,21,28,15862,8650,7212,26,23,78,100,26.0%,324.5,177.0,147.5,0.53,0.47,1.6,2.05,323.7,176.5,147.2,0.53,0.47,1.59,2.04,100,121,2.05,2.48,2.04,2.47
Major,RSC000636,Heymycheese,"Contras
Mastiffs","8-Bit Brigade
Puppy Paradise",Solar,30.9,845,57,0.395,0.404,23,34,16868,9000,7868,32,30,64,110,29.1%,308.7,164.7,144.0,0.59,0.55,1.17,2.01,295.9,157.9,138.0,0.56,0.53,1.12,1.93,120,157,2.2,2.87,2.11,2.75
Major,,Nytro,Typhoons,Storm,Solar,30.6,256,15,0.687,0.533,8,7,4277,2290,1987,9,13,7,39,23.1%,258.4,138.4,120.0,0.54,0.79,0.42,2.36,285.1,152.7,132.5,0.6,0.87,0.47,2.6,51,31,3.08,1.87,3.4,2.07
Major,RSC000717,Sindalu,Life,The Elements,Lunar,29.9,455,32,0.342,0.344,11,21,9679,5090,4589,18,11,43,59,30.5%,329.0,173.0,156.0,0.61,0.37,1.46,2.01,302.5,159.1,143.4,0.56,0.34,1.34,1.84,59,89,2.01,3.03,1.84,2.78
Major,RSC002335,Jiggy Watt,Cobras,The Serpents,Lunar,29.7,572,39,0.478,0.538,21,18,10991,5860,5131,19,24,41,71,26.8%,297.2,158.4,138.7,0.51,0.65,1.11,1.92,281.8,150.3,131.6,0.49,0.62,1.05,1.82,88,93,2.38,2.51,2.26,2.38
Major,RSC001852,Jester,"Werthers Originals
Makos","Boomer Union
Shark Attack",Lunar,29.5,344,23,0.468,0.391,9,14,7185,3930,3255,12,12,35,38,31.6%,323.0,176.7,146.3,0.54,0.54,1.57,1.71,312.4,170.9,141.5,0.52,0.52,1.52,1.65,45,49,2.02,2.2,1.96,2.13
Major,RSC001852,Jester,"Werthers Originals
Makos","Boomer Union
Shark Attack",Lunar,29.5,344,23,0.468,0.391,9,14,7185,3930,3255,12,12,35,38,31.6%,323.0,176.7,146.3,0.54,0.54,1.57,1.71,312.4,170.9,141.5,0.52,0.52,1.52,1.65,45,49,2.02,2.2,1.96,2.13
Major,RSC003014,Sea Punk,Nazgûl,Middle Earth,Lunar,29.2,312,20,0.356,0.45,9,11,6924,4070,2854,11,6,45,42,26.2%,343.2,201.8,141.5,0.55,0.3,2.23,2.08,346.2,203.5,142.7,0.55,0.3,2.25,2.1,36,53,1.78,2.63,1.8,2.65
Major,RSC000115,Bophades,Tyrannosaurus,Dino Park,Solar,29.2,315,20,0.302,0.3,6,14,6568,3530,3038,12,6,31,48,25.0%,322.5,173.3,149.2,0.59,0.29,1.52,2.36,328.4,176.5,151.9,0.6,0.3,1.55,2.4,33,57,1.62,2.8,1.65,2.85
Major,RSC002775,Semajg,Nazgûl,Middle Earth,Lunar,28.9,736,48,0.351,0.292,14,34,14928,7390,7538,24,19,60,104,23.1%,313.7,155.3,158.4,0.5,0.4,1.26,2.19,311.0,154.0,157.0,0.5,0.4,1.25,2.17,85,127,1.79,2.67,1.77,2.65
Major,RSC000603,Serbs,Raisin Branshees,Spooky Breakfast Gang,Solar,28.2,962,63,0.262,0.254,16,47,20057,10940,9117,42,23,87,124,33.9%,322.5,175.9,146.6,0.68,0.37,1.4,1.99,318.4,173.7,144.7,0.67,0.37,1.38,1.97,110,210,1.77,3.38,1.75,3.33
Major,RSC000651,21Average,Nazgûl,Middle Earth,Lunar,26.6,479,32,0.276,0.219,7,25,9083,4850,4233,15,15,38,70,21.4%,293.3,156.6,136.7,0.48,0.48,1.23,2.26,283.8,151.6,132.3,0.47,0.47,1.19,2.19,57,104,1.84,3.36,1.78,3.25
Major,RSC000227,Xiluym,Sonata,Magnum Opus,Solar,25.9,374,24,0.344,0.292,7,17,7698,4050,3648,19,3,28,60,31.7%,318.3,167.5,150.9,0.79,0.12,1.16,2.48,320.8,168.8,152.0,0.79,0.13,1.17,2.5,39,60,1.61,2.48,1.63,2.5
Major,RSC002712,A Hostile Hippo,Celery,The Garden,Lunar,25.7,552,34,0.527,0.529,18,16,10630,6020,4610,24,17,41,72,33.3%,297.8,168.7,129.2,0.67,0.48,1.15,2.02,312.6,177.1,135.6,0.71,0.5,1.21,2.12,91,85,2.55,2.38,2.68,2.5
Major,RSC000758,Artagan,Mastiffs,Puppy Paradise,Solar,25.6,412,28,0.286,0.25,7,21,8381,4240,4141,17,7,32,59,28.8%,314.6,159.2,155.5,0.64,0.26,1.2,2.21,299.3,151.4,147.9,0.61,0.25,1.14,2.11,49,87,1.84,3.27,1.75,3.11
Major,,Boo-Ya-Vee,Mint Chip,Minty Fresh,Solar,24.9,801,50,0.414,0.4,20,30,15596,9030,6566,39,17,62,118,33.1%,301.1,174.4,126.8,0.75,0.33,1.2,2.28,311.9,180.6,131.3,0.78,0.34,1.24,2.36,115,143,2.22,2.76,2.3,2.86
Major,,Viglio,Gladiators,The Sovereign,Lunar,24.6,68,4,0.348,0.5,2,2,1424,900,524,3,1,9,10,30.0%,323.9,204.7,119.2,0.68,0.23,2.05,2.27,356.0,225.0,131.0,0.75,0.25,2.25,2.5,8,12,1.82,2.73,2.0,3.0
Major,RSC002590,Bhay,Trashcans,Waste Management,Solar,24.0,38,2,0.22,0.0,0,2,702,370,332,0,1,5,7,0.0%,285.7,150.6,135.1,0.0,0.41,2.04,2.85,351.0,185.0,166.0,0.0,0.5,2.5,3.5,1,3,0.41,1.22,0.5,1.5
Major,RSC002590,Bhay,Trashcans,Waste Management,Solar,24.0,38,2,0.22,0.0,0,2,702,370,332,0,1,5,7,0.0%,285.7,150.6,135.1,0.0,0.41,2.04,2.85,351.0,185.0,166.0,0.0,0.5,2.5,3.5,1,3,0.41,1.22,0.5,1.5
Major,RSC000014,Queue,Tyrannosaurus,Dino Park,Solar,23.2,543,38,0.439,0.447,17,21,10534,5070,5464,13,18,45,62,21.0%,300.0,144.4,155.6,0.37,0.51,1.28,1.77,277.2,133.4,143.8,0.34,0.47,1.18,1.63,69,81,1.97,2.31,1.82,2.13
Major,RSC001934,Bosnia_2003,Life,The Elements,Lunar,22.6,633,42,0.304,0.214,9,33,12626,7090,5536,28,14,56,79,35.4%,308.5,173.2,135.3,0.68,0.34,1.37,1.93,300.6,168.8,131.8,0.67,0.33,1.33,1.88,76,128,1.86,3.13,1.81,3.05
Major,RSC000697,Dolphino,Lightning,Electric Mayhem,Lunar,22.2,466,30,0.512,0.567,17,13,8653,4420,4233,12,18,36,52,23.1%,287.2,146.7,140.5,0.4,0.6,1.19,1.73,288.4,147.3,141.1,0.4,0.6,1.2,1.73,62,60,2.06,1.99,2.07,2.0
Major,RSC000076,Specialk,Grizzly Bears,The Bear Den,Lunar,21.9,548,37,0.392,0.351,13,24,10051,5310,4741,20,12,37,86,23.3%,283.7,149.9,133.8,0.56,0.34,1.04,2.43,271.6,143.5,128.1,0.54,0.32,1.0,2.32,80,105,2.26,2.96,2.16,2.84
Major,,Bovi,"Mastiffs
Contras","Puppy Paradise
8-Bit Brigade",Solar,21.4,482,33,0.306,0.273,9,24,9064,4740,4324,19,7,34,79,24.1%,290.8,152.1,138.7,0.61,0.22,1.09,2.53,274.7,143.6,131.0,0.58,0.21,1.03,2.39,53,90,1.7,2.89,1.61,2.73
Major,RSC000652,Aceofaidan,Black Hand,The Order,Lunar,17.3,62,4,0.247,0.25,1,3,1026,450,576,0,2,5,10,0.0%,255.9,112.3,143.7,0.0,0.5,1.25,2.49,256.5,112.5,144.0,0.0,0.5,1.25,2.5,7,14,1.75,3.49,1.75,3.5
Major,RSC002273,Friedgreenbanana,Piranhas,The Jungle,Solar,16.9,532,34,0.397,0.412,14,20,10044,5290,4754,18,12,45,64,28.1%,292.0,153.8,138.2,0.52,0.35,1.31,1.86,295.4,155.6,139.8,0.53,0.35,1.32,1.88,63,83,1.83,2.41,1.85,2.44
Major,,Zro.,Capurrccinos,The Cat Cafe,Lunar,15.6,37,2,0.5,0.5,1,1,660,360,300,3,0,0,6,50.0%,275.9,150.5,125.4,1.25,0.0,0.0,2.51,330.0,180.0,150.0,1.5,0.0,0.0,3.0,6,6,2.51,2.51,3.0,3.0
Major,RSC000010,Érid,"Shaved Ice
Raisin Branshees","Fifty-Fifty Pizzeria
Spooky Breakfast Gang",Lunar,13.5,191,13,0.346,0.385,5,8,3165,1700,1465,4,8,14,20,20.0%,256.3,137.7,118.6,0.32,0.65,1.13,1.62,243.5,130.8,112.7,0.31,0.62,1.08,1.54,24,36,1.94,2.92,1.85,2.77
Major,,Hexzy,"Nazgûl
Capurrccinos","Middle Earth
The Cat Cafe",Lunar,12.6,447,30,0.165,0.1,3,27,8527,4200,4327,13,9,40,45,28.9%,295.0,145.3,149.7,0.45,0.31,1.38,1.56,284.2,140.0,144.2,0.43,0.3,1.33,1.5,39,108,1.35,3.74,1.3,3.6
Major,RSC000547,Ridethefire,Life,The Elements,Lunar,11.9,36,3,0.248,0.0,0,3,700,430,270,1,1,5,3,33.3%,300.7,184.7,116.0,0.43,0.43,2.15,1.29,233.3,143.3,90.0,0.33,0.33,1.67,1.0,4,8,1.72,3.44,1.33,2.67
Major,RSC000547,Ridethefire,Life,The Elements,Lunar,11.9,36,3,0.248,0.0,0,3,700,430,270,1,1,5,3,33.3%,300.7,184.7,116.0,0.43,0.43,2.15,1.29,233.3,143.3,90.0,0.33,0.33,1.67,1.0,4,8,1.72,3.44,1.33,2.67
Major,RSC002559,Inf3Ct3Ds0Ldi3R,Raisin Branshees,Spooky Breakfast Gang,Solar,8.8,272,18,0.282,0.278,5,13,5065,2680,2385,7,5,29,28,25.0%,288.0,152.4,135.6,0.4,0.28,1.65,1.59,281.4,148.9,132.5,0.39,0.28,1.61,1.56,37,65,2.1,3.7,2.06,3.61
Major,RSC002592,Dr.Dunk,Blaze,North American Soccar Club,Solar,8.3,71,4,0.589,0.75,3,1,999,470,529,1,2,3,12,8.3%,217.6,102.4,115.2,0.22,0.44,0.65,2.61,249.8,117.5,132.3,0.25,0.5,0.75,3.0,9,7,1.96,1.52,2.25,1.75
Major,,Ttv.Joshua0N,Mint Chip,Minty Fresh,Solar,7.4,26,2,0.063,0.0,0,2,579,220,359,0,0,4,2,0.0%,344.4,130.9,213.6,0.0,0.0,2.38,1.19,289.5,110.0,179.5,0.0,0.0,2.0,1.0,1,6,0.59,3.57,0.5,3.0
Major,RSC001071,Reven,"Life
Blaze
Werthers Originals","The Elements
North American Soccar Club
Boomer Union",Lunar,7.1,373,23,0.213,0.174,4,19,6437,3360,3077,8,7,35,46,17.4%,266.9,139.3,127.6,0.33,0.29,1.45,1.91,279.9,146.1,133.8,0.35,0.3,1.52,2.0,33,77,1.37,3.19,1.43,3.35
Major,RSC001071,Reven,"Life
Blaze
Werthers Originals","The Elements
North American Soccar Club
Boomer Union",Lunar,7.1,373,23,0.213,0.174,4,19,6437,3360,3077,8,7,35,46,17.4%,266.9,139.3,127.6,0.33,0.29,1.45,1.91,279.9,146.1,133.8,0.35,0.3,1.52,2.0,33,77,1.37,3.19,1.43,3.35
Major,RSC001686,Snowyfeather,Mutalisks,The Swarm,Solar,6.2,409,28,0.225,0.214,6,22,7149,3930,3219,11,7,40,48,22.9%,270.3,148.6,121.7,0.42,0.26,1.51,1.82,255.3,140.4,115.0,0.39,0.25,1.43,1.71,39,86,1.47,3.25,1.39,3.07
Major,RSC000278,Tinsel,Mint Chip,Minty Fresh,Solar,5.2,61,4,0.421,0.5,2,2,1101,330,771,1,0,3,8,12.5%,279.2,83.7,195.5,0.25,0.0,0.76,2.03,275.3,82.5,192.8,0.25,0.0,0.75,2.0,9,11,2.28,2.79,2.25,2.75
Major,RSC000278,Tinsel,Mint Chip,Minty Fresh,Solar,5.2,61,4,0.421,0.5,2,2,1101,330,771,1,0,3,8,12.5%,279.2,83.7,195.5,0.25,0.0,0.76,2.03,275.3,82.5,192.8,0.25,0.0,0.75,2.0,9,11,2.28,2.79,2.25,2.75
Major,RSC000977,Twotestticklz,Fantastic Four,The Comic Crusaders,Lunar,0.4,107,7,0.357,0.286,2,5,1673,830,843,2,2,8,13,15.4%,241.8,120.0,121.9,0.29,0.29,1.16,1.88,239.0,118.6,120.4,0.29,0.29,1.14,1.86,10,15,1.45,2.17,1.43,2.14
Major,RSC002725,Slowmocean,Raisin Branshees,Spooky Breakfast Gang,Solar,-0.8,385,26,0.205,0.154,4,22,6021,3170,2851,12,7,24,42,28.6%,241.9,127.3,114.5,0.48,0.28,0.96,1.69,231.6,121.9,109.7,0.46,0.27,0.92,1.62,37,87,1.49,3.5,1.42,3.35
Major,RSC002736,Chulainn,Life,The Elements,Lunar,-3.9,62,4,0.03,0.0,0,4,1041,480,561,1,0,6,8,12.5%,259.7,119.7,139.9,0.25,0.0,1.5,2.0,260.3,120.0,140.3,0.25,0.0,1.5,2.0,1,12,0.25,2.99,0.25,3.0
Major,RSC002736,Chulainn,Life,The Elements,Lunar,-3.9,62,4,0.03,0.0,0,4,1041,480,561,1,0,6,8,12.5%,259.7,119.7,139.9,0.25,0.0,1.5,2.0,260.3,120.0,140.3,0.25,0.0,1.5,2.0,1,12,0.25,2.99,0.25,3.0
Major,RSC000947,Dirtydan6969,Piranhas,The Jungle,Solar,-12.5,93,6,0.25,0.167,1,5,1499,620,879,0,1,10,7,0.0%,249.3,103.1,146.2,0.0,0.17,1.66,1.16,249.8,103.3,146.5,0.0,0.17,1.67,1.17,10,20,1.66,3.33,1.67,3.33
Major,RSC002910,Dangerous 4Life,"Mint Chip
Trashcans","Minty Fresh
Waste Management",Solar,-13.7,132,8,0.255,0.25,2,6,1921,1050,871,5,0,8,15,33.3%,225.1,123.0,102.1,0.59,0.0,0.94,1.76,240.1,131.3,108.9,0.63,0.0,1.0,1.88,13,26,1.52,3.05,1.63,3.25
Major,RSC000200,Jonezy,Raisin Branshees,Spooky Breakfast Gang,Solar,-15.8,39,2,0.09,0.0,0,2,533,270,263,1,1,2,2,50.0%,211.4,107.1,104.3,0.4,0.4,0.79,0.79,266.5,135.0,131.5,0.5,0.5,1.0,1.0,3,12,1.19,4.76,1.5,6.0
Major,,Aatxerl,Life,The Elements,Lunar,-23.2,62,4,0.03,0.0,0,4,795,400,395,0,1,6,5,0.0%,198.3,99.8,98.5,0.0,0.25,1.5,1.25,198.8,100.0,98.8,0.0,0.25,1.5,1.25,1,12,0.25,2.99,0.25,3.0
Major,,Chill,Nazgûl,Middle Earth,Lunar,-38.5,78,4,0.07,0.0,0,4,835,510,325,2,0,5,6,33.3%,165.6,101.1,64.4,0.4,0.0,0.99,1.19,208.8,127.5,81.3,0.5,0.0,1.25,1.5,5,24,0.99,4.76,1.25,6.0
Major,RSC001427,Komet,Trashcans,Waste Management,Solar,-60.0,11,1,0.33,0.0,0,1,92,0,92,0,0,0,0,,129.4,0.0,129.4,0.0,0.0,0.0,0.0,92.0,0.0,92.0,0.0,0.0,0.0,0.0,2,3,2.81,4.22,2.0,3.0
Elite,RSC000948,Eman,Missiles,Fallout Shelter,Solar,130.2,43,3,0.5,0.333,1,2,1643,890,753,3,1,9,9,33.3%,598.3,324.1,274.2,1.09,0.36,3.28,3.28,547.7,296.7,251.0,1.0,0.33,3.0,3.0,4,4,1.46,1.46,1.33,1.33
Elite,RSC000694,Latumos,X-Men,The Comic Crusaders,Lunar,106.0,938,63,0.652,0.619,39,24,27241,16890,10351,91,48,61,234,38.9%,454.8,282.0,172.8,1.52,0.8,1.02,3.91,432.4,268.1,164.3,1.44,0.76,0.97,3.71,189,128,3.16,2.14,3.0,2.03
Elite,RSC002075,Bakrutch,Bolts,Electric Mayhem,Lunar,95.0,829,55,0.609,0.636,35,20,23659,13500,10159,58,46,75,165,35.2%,446.9,255.0,191.9,1.1,0.87,1.42,3.12,430.2,245.5,184.7,1.05,0.84,1.36,3.0,147,111,2.78,2.1,2.67,2.02
Elite,RSC002861,Azarias.,Menthol,Minty Fresh,Solar,84.4,512,33,0.691,0.697,23,10,13758,8560,5198,34,23,57,116,29.3%,420.8,261.8,159.0,1.04,0.7,1.74,3.55,416.9,259.4,157.5,1.03,0.7,1.73,3.52,97,58,2.97,1.77,2.94,1.76
Elite,RSC000767,Tragic,Knights,The Sovereign,Lunar,83.6,804,52,0.626,0.635,33,19,21402,12730,8672,60,37,63,173,34.7%,416.8,247.9,168.9,1.17,0.72,1.23,3.37,411.6,244.8,166.8,1.15,0.71,1.21,3.33,153,111,2.98,2.16,2.94,2.13
Elite,RSC002197,Justswanky :),Ghoulden Grahams,Spooky Breakfast Gang,Solar,81.6,284,18,0.472,0.389,7,11,7552,4400,3152,25,7,17,70,35.7%,416.4,242.6,173.8,1.38,0.39,0.94,3.86,419.6,244.4,175.1,1.39,0.39,0.94,3.89,40,43,2.21,2.37,2.22,2.39
Elite,RSC000799,Foam,Jaguars,The Jungle,Solar,77.6,541,35,0.642,0.6,21,14,13991,7650,6341,27,23,53,115,23.5%,405.0,221.4,183.5,0.78,0.67,1.53,3.33,399.7,218.6,181.2,0.77,0.66,1.51,3.29,96,66,2.78,1.91,2.74,1.89
Elite,RSC002673,Itzauzy™️,8 Tracks,Boomer Union,Lunar,77.6,470,31,0.512,0.516,16,15,12449,7090,5359,27,20,49,94,28.7%,414.8,236.2,178.5,0.9,0.67,1.63,3.13,401.6,228.7,172.9,0.87,0.65,1.58,3.03,66,64,2.2,2.13,2.13,2.06
Elite,,Jimjohn,Eagles,Birds of Prey,Solar,77.1,926,59,0.523,0.525,31,28,24571,14580,9991,68,34,83,193,35.2%,415.5,246.6,169.0,1.15,0.57,1.4,3.26,416.5,247.1,169.3,1.15,0.58,1.41,3.27,139,131,2.35,2.22,2.36,2.22
Elite,,Bex Sux,Dumpsters,Waste Management,Solar,76.9,649,39,0.594,0.641,25,14,17224,10540,6684,46,30,64,124,37.1%,415.6,254.3,161.3,1.11,0.72,1.54,2.99,441.6,270.3,171.4,1.18,0.77,1.64,3.18,112,88,2.7,2.12,2.87,2.26
Elite,RSC000359,Scottee,Jaguars,The Jungle,Solar,76.6,847,55,0.676,0.673,37,18,21139,12680,8459,54,49,63,168,32.1%,390.8,234.4,156.4,1.0,0.91,1.16,3.11,384.3,230.5,153.8,0.98,0.89,1.15,3.05,154,96,2.85,1.77,2.8,1.75
Elite,,Xaerous,Fire,The Elements,Lunar,76.5,927,61,0.681,0.672,41,20,24517,14510,10007,51,51,105,161,31.7%,414.1,245.1,169.0,0.86,0.86,1.77,2.72,401.9,237.9,164.0,0.84,0.84,1.72,2.64,164,100,2.77,1.69,2.69,1.64
Elite,RSC002296,Quack,Great Whites,Shark Attack,Lunar,76.1,856,58,0.64,0.655,38,20,22839,13080,9759,47,43,95,148,31.8%,417.8,239.3,178.5,0.86,0.79,1.74,2.71,393.8,225.5,168.3,0.81,0.74,1.64,2.55,153,106,2.8,1.94,2.64,1.83
Elite,RSC002125,Neoblastz,Menthol,Minty Fresh,Solar,75.5,52,4,0.607,0.5,2,2,1594,930,664,3,1,10,8,37.5%,480.0,280.1,200.0,0.9,0.3,3.01,2.41,398.5,232.5,166.0,0.75,0.25,2.5,2.0,8,6,2.41,1.81,2.0,1.5
Elite,RSC000302,Tehblister,Deep Dish,Fifty-Fifty Pizzeria,Lunar,74.2,139,8,0.609,0.625,5,3,3166,2000,1166,8,12,7,25,32.0%,356.7,225.3,131.4,0.9,1.35,0.79,2.82,395.8,250.0,145.8,1.0,1.5,0.88,3.13,30,23,3.38,2.59,3.75,2.88
Elite,RSC001714,Stover,Aphelion,The Cosmos,Solar,73.6,925,56,0.611,0.714,40,16,24488,13630,10858,57,35,89,173,32.9%,414.6,230.7,183.8,0.96,0.59,1.51,2.93,437.3,243.4,193.9,1.02,0.63,1.59,3.09,149,111,2.52,1.88,2.66,1.98
Elite,RSC000736,Clint9Smith,Apollo,Mission Control,Solar,73.3,718,47,0.562,0.574,27,20,18331,10180,8151,39,35,64,133,29.3%,399.8,222.0,177.8,0.85,0.76,1.4,2.9,390.0,216.6,173.4,0.83,0.74,1.36,2.83,123,105,2.68,2.29,2.62,2.23
Elite,,Cart,Knights,The Sovereign,Lunar,72.5,929,60,0.602,0.617,37,23,23675,14380,9295,67,39,77,188,35.6%,399.1,242.4,156.7,1.13,0.66,1.3,3.17,394.6,239.7,154.9,1.12,0.65,1.28,3.13,170,131,2.87,2.21,2.83,2.18
Elite,,Kar,Fire,The Elements,Lunar,71.7,880,58,0.683,0.672,39,19,23353,13550,9803,62,32,83,160,38.8%,415.6,241.1,174.4,1.1,0.57,1.48,2.85,402.6,233.6,169.0,1.07,0.55,1.43,2.76,158,96,2.81,1.71,2.72,1.66
Elite,,Kyle.,Illuminati,The Order,Lunar,71.7,50,4,0.943,1.0,4,0,1183,600,583,1,3,5,10,10.0%,370.5,187.9,182.6,0.31,0.94,1.57,3.13,295.8,150.0,145.8,0.25,0.75,1.25,2.5,8,1,2.51,0.31,2.0,0.25
Elite,RSC000065,Draxxs,Seadevils,The Abyss,Lunar,71.4,798,52,0.557,0.558,29,23,19182,11040,8142,37,50,67,149,24.8%,376.4,216.6,159.8,0.73,0.98,1.31,2.92,368.9,212.3,156.6,0.71,0.96,1.29,2.87,144,125,2.83,2.45,2.77,2.4
Elite,RSC000666,Aeb311,"Illuminati
8 Tracks","The Order
Boomer Union",Lunar,71.0,670,43,0.485,0.488,21,22,16545,9790,6755,41,28,57,144,28.5%,386.7,228.8,157.9,0.96,0.65,1.33,3.37,384.8,227.7,157.1,0.95,0.65,1.33,3.35,100,104,2.34,2.43,2.33,2.42
Elite,RSC002622,Elegance,Marble Madness,8-Bit Brigade,Lunar,68.6,108,8,0.35,0.5,4,4,2712,1310,1402,8,3,3,21,38.1%,393.2,189.9,203.3,1.16,0.43,0.43,3.04,339.0,163.8,175.3,1.0,0.38,0.38,2.63,15,22,2.17,3.19,1.88,2.75
Elite,,Wall Tundra,Seadevils,The Abyss,Lunar,68.5,997,64,0.524,0.5,32,32,25277,14940,10337,67,42,86,184,36.4%,397.0,234.7,162.4,1.05,0.66,1.35,2.89,395.0,233.4,161.5,1.05,0.66,1.34,2.88,175,165,2.75,2.59,2.73,2.58
Elite,RSC000953,Kelphi,Menthol,Minty Fresh,Solar,67.7,903,59,0.64,0.661,39,20,21138,12790,8348,68,35,43,209,32.5%,366.6,221.8,144.8,1.18,0.61,0.75,3.62,358.3,216.8,141.5,1.15,0.59,0.73,3.54,163,113,2.83,1.96,2.76,1.92
Elite,RSC000839,P0Larbear,Wheelchairs,The Quad Dynasty,Solar,67.1,660,42,0.535,0.595,25,17,16791,9850,6941,42,22,65,130,32.3%,398.4,233.7,164.7,1.0,0.52,1.54,3.08,399.8,234.5,165.3,1.0,0.52,1.55,3.1,107,98,2.54,2.33,2.55,2.33
Elite,RSC002332,Wespyyy,Meowchiatos,The Cat Cafe,Lunar,66.6,883,56,0.462,0.464,26,30,22428,12830,9598,54,37,81,153,35.3%,397.7,227.5,170.2,0.96,0.66,1.44,2.71,400.5,229.1,171.4,0.96,0.66,1.45,2.73,142,156,2.52,2.77,2.54,2.79
Elite,RSC000595,E=Mc_Hammer,Cyclones,Storm,Solar,66.5,812,53,0.554,0.585,31,22,19712,11440,8272,41,46,73,139,29.5%,380.1,220.6,159.5,0.79,0.89,1.41,2.68,371.9,215.8,156.1,0.77,0.87,1.38,2.62,141,123,2.72,2.37,2.66,2.32
Elite,RSC000509,Rylax24,Great Danes,Puppy Paradise,Solar,66.2,1003,60,0.569,0.633,38,22,25373,15550,9823,65,41,103,185,35.1%,396.1,242.8,153.4,1.01,0.64,1.61,2.89,422.9,259.2,163.7,1.08,0.68,1.72,3.08,167,140,2.61,2.19,2.78,2.33
Elite,RSC002690,K-9,Queens,House of Cards,Lunar,65.6,692,46,0.514,0.5,23,23,17095,9570,7525,32,37,68,112,28.6%,386.8,216.6,170.3,0.72,0.84,1.54,2.53,371.6,208.0,163.6,0.7,0.8,1.48,2.43,115,111,2.6,2.51,2.5,2.41
Elite,RSC000867,Ritter,Jaguars,The Jungle,Solar,65.3,807,52,0.628,0.635,33,19,19406,11760,7646,55,37,57,156,35.3%,376.6,228.2,148.4,1.07,0.72,1.11,3.03,373.2,226.2,147.0,1.06,0.71,1.1,3.0,140,100,2.72,1.94,2.69,1.92
Elite,RSC000334,Crabasaur,Great Whites,Shark Attack,Lunar,64.2,678,45,0.616,0.644,29,16,16178,8880,7298,42,27,40,133,31.6%,373.6,205.1,168.6,0.97,0.62,0.92,3.07,359.5,197.3,162.2,0.93,0.6,0.89,2.96,119,88,2.75,2.03,2.64,1.96
Elite,RSC000482,Poofy,Onions,The Garden,Lunar,63.4,254,16,0.362,0.25,4,12,6331,3340,2991,11,10,26,44,25.0%,390.3,205.9,184.4,0.68,0.62,1.6,2.71,395.7,208.8,186.9,0.69,0.63,1.63,2.75,29,42,1.79,2.59,1.81,2.63
Elite,RSC002447,Ness,Great Danes,Puppy Paradise,Solar,62.3,1066,64,0.563,0.625,40,24,25110,14740,10370,63,59,74,179,35.2%,368.9,216.5,152.3,0.93,0.87,1.09,2.63,392.3,230.3,162.0,0.98,0.92,1.16,2.8,174,148,2.56,2.17,2.72,2.31
Elite,,Cam :D,Fury,North American Soccar Club,Solar,61.6,936,60,0.554,0.533,32,28,23370,12880,10490,48,42,91,143,33.6%,391.0,215.5,175.5,0.8,0.7,1.52,2.39,389.5,214.7,174.8,0.8,0.7,1.52,2.38,144,125,2.41,2.09,2.4,2.08
Elite,RSC000684,Kanman01,Apollo,Mission Control,Solar,61.3,649,42,0.578,0.595,25,17,15053,9310,5743,41,31,48,126,32.5%,363.2,224.6,138.6,0.99,0.75,1.16,3.04,358.4,221.7,136.7,0.98,0.74,1.14,3.0,111,91,2.68,2.2,2.64,2.17
Elite,RSC000634,Badasswalrus,Kodiaks,The Bear Den,Lunar,61.2,697,44,0.535,0.568,25,19,17017,9930,7087,35,32,73,118,29.7%,382.3,223.1,159.2,0.79,0.72,1.64,2.65,386.8,225.7,161.1,0.8,0.73,1.66,2.68,118,108,2.65,2.43,2.68,2.45
Elite,RSC002050,Dmt Goobz,Queens,House of Cards,Lunar,61.1,959,64,0.474,0.453,29,35,23456,12570,10886,51,34,81,172,29.7%,383.0,205.2,177.8,0.83,0.56,1.32,2.81,366.5,196.4,170.1,0.8,0.53,1.27,2.69,151,161,2.47,2.63,2.36,2.52
Elite,RSC000753,Prolly,Concerto,Magnum Opus,Solar,61.1,881,57,0.465,0.456,26,31,21530,12400,9130,52,33,79,160,32.5%,382.7,220.4,162.3,0.92,0.59,1.4,2.84,377.7,217.5,160.2,0.91,0.58,1.39,2.81,128,140,2.28,2.49,2.25,2.46
Elite,RSC002030,Stumpi,Bolts,Electric Mayhem,Lunar,59.7,528,35,0.658,0.657,23,12,12356,7410,4946,34,22,38,101,33.7%,366.4,219.8,146.7,1.01,0.65,1.13,3.0,353.0,211.7,141.3,0.97,0.63,1.09,2.89,104,69,3.08,2.05,2.97,1.97
Elite,RSC002422,Aco,8 Tracks,Boomer Union,Lunar,59.5,899,57,0.527,0.561,32,25,21444,11710,9734,49,33,70,166,29.5%,373.5,204.0,169.5,0.85,0.57,1.22,2.89,376.2,205.4,170.8,0.86,0.58,1.23,2.91,131,122,2.28,2.13,2.3,2.14
Elite,RSC000934,Shanerbaner,Great Whites,Shark Attack,Lunar,58.9,952,64,0.62,0.641,41,23,22652,13040,9612,55,35,80,179,30.7%,372.6,214.5,158.1,0.9,0.58,1.32,2.94,353.9,203.8,150.2,0.86,0.55,1.25,2.8,167,122,2.75,2.01,2.61,1.91
Elite,RSC002441,Cade Yamaguchi-Gumi,Dumpsters,Waste Management,Solar,58.7,965,59,0.528,0.542,32,27,23017,12920,10097,50,45,82,157,31.8%,373.5,209.7,163.8,0.81,0.73,1.33,2.55,390.1,219.0,171.1,0.85,0.76,1.39,2.66,161,150,2.61,2.43,2.73,2.54
Elite,RSC001889,Phelpsy,X-Men,The Comic Crusaders,Lunar,58.6,938,63,0.652,0.619,39,24,21572,12870,8702,57,40,67,182,31.3%,360.1,214.9,145.3,0.95,0.67,1.12,3.04,342.4,204.3,138.1,0.9,0.63,1.06,2.89,189,128,3.16,2.14,3.0,2.03
Elite,RSC000344,Mezmer,Bolts,Electric Mayhem,Lunar,57.2,798,51,0.609,0.627,32,19,18145,10350,7795,44,35,54,150,29.3%,356.1,203.1,153.0,0.86,0.69,1.06,2.94,355.8,202.9,152.8,0.86,0.69,1.06,2.94,143,108,2.81,2.12,2.8,2.12
Elite,RSC001612,Reverse Fridge,Deep Dish,Fifty-Fifty Pizzeria,Lunar,56.3,996,64,0.495,0.484,31,33,24952,14210,10742,63,31,96,156,40.4%,392.3,223.4,168.9,0.99,0.49,1.51,2.45,389.9,222.0,167.8,0.98,0.48,1.5,2.44,158,160,2.48,2.52,2.47,2.5
Elite,,"Wall2Wall3 :>, Lol.",Cyclones,Storm,Solar,56.3,910,59,0.543,0.576,34,25,20606,11520,9086,49,40,59,167,29.3%,354.6,198.2,156.3,0.84,0.69,1.02,2.87,349.3,195.3,154.0,0.83,0.68,1.0,2.83,156,140,2.68,2.41,2.64,2.37
Elite,,Alfredo,Menthol,Minty Fresh,Solar,56.3,815,53,0.625,0.642,34,19,19056,11110,7946,46,35,67,141,32.6%,366.1,213.5,152.7,0.88,0.67,1.29,2.71,359.5,209.6,149.9,0.87,0.66,1.26,2.66,144,104,2.77,2.0,2.72,1.96
Elite,RSC000303,Zair,Vipers,The Serpents,Lunar,56.0,125,8,0.569,0.5,4,4,2750,1700,1050,8,10,5,15,53.3%,344.5,213.0,131.5,1.0,1.25,0.63,1.88,343.8,212.5,131.3,1.0,1.25,0.63,1.88,26,22,3.26,2.76,3.25,2.75
Elite,RSC001779,V15 Ehf,Kodiaks,The Bear Den,Lunar,55.4,730,46,0.529,0.522,24,22,17760,10510,7250,46,21,71,131,35.1%,381.0,225.4,155.5,0.99,0.45,1.52,2.81,386.1,228.5,157.6,1.0,0.46,1.54,2.85,112,104,2.4,2.23,2.43,2.26
Elite,RSC001671,Siyyo,Vipers,The Serpents,Lunar,55.4,820,52,0.47,0.462,24,28,19611,11010,8601,37,28,89,146,25.3%,374.5,210.3,164.2,0.71,0.53,1.7,2.79,377.1,211.7,165.4,0.71,0.54,1.71,2.81,111,120,2.12,2.29,2.13,2.31
Elite,RSC000452,Hippo,Wheelchairs,The Quad Dynasty,Solar,54.8,728,45,0.497,0.489,22,23,17009,9940,7069,42,30,60,124,33.9%,365.9,213.8,152.1,0.9,0.65,1.29,2.67,378.0,220.9,157.1,0.93,0.67,1.33,2.76,113,114,2.43,2.45,2.51,2.53
Elite,RSC000281,Plasmid,Infestors,The Swarm,Solar,54.0,781,50,0.433,0.42,21,29,18561,10760,7801,43,31,73,126,34.1%,372.1,215.7,156.4,0.86,0.62,1.46,2.53,371.2,215.2,156.0,0.86,0.62,1.46,2.52,114,135,2.29,2.71,2.28,2.7
Elite,RSC000730,Sillybunny,Cyclones,Storm,Solar,53.6,795,52,0.509,0.538,28,24,18296,10860,7436,54,28,52,146,37.0%,360.4,213.9,146.5,1.06,0.55,1.02,2.88,351.8,208.8,143.0,1.04,0.54,1.0,2.81,129,126,2.54,2.48,2.48,2.42
Elite,RSC000310,Chrisakamrxd,Dumpsters,Waste Management,Solar,53.6,816,51,0.515,0.51,26,25,18926,11080,7846,41,39,75,128,32.0%,363.2,212.6,150.6,0.79,0.75,1.44,2.46,371.1,217.3,153.8,0.8,0.76,1.47,2.51,132,127,2.53,2.44,2.59,2.49
Elite,RSC002575,Folly,Wheelchairs,The Quad Dynasty,Solar,53.2,810,53,0.509,0.547,29,24,18871,11030,7841,43,30,76,143,30.1%,364.8,213.2,151.6,0.83,0.58,1.47,2.76,356.1,208.1,147.9,0.81,0.57,1.43,2.7,130,127,2.51,2.46,2.45,2.4
Elite,RSC000622,Lucid,Knights,The Sovereign,Lunar,53.0,741,47,0.642,0.66,31,16,16386,10020,6366,41,43,52,117,35.0%,346.3,211.7,134.5,0.87,0.91,1.1,2.47,348.6,213.2,135.4,0.87,0.91,1.11,2.49,148,103,3.13,2.18,3.15,2.19
Elite,RSC002227,Aslan,"Concerto
Cyclones","Magnum Opus
Storm",Solar,52.5,753,48,0.454,0.438,21,27,17354,10080,7274,46,27,56,133,34.6%,360.9,209.6,151.3,0.96,0.56,1.16,2.77,361.5,210.0,151.5,0.96,0.56,1.17,2.77,112,126,2.33,2.62,2.33,2.63
Elite,,Packers,"Marble Madness
Indominus","8-Bit Brigade
Dino Park",Solar,52.2,883,53,0.383,0.358,19,34,21409,12250,9159,47,22,98,155,30.3%,379.7,217.2,162.4,0.83,0.39,1.74,2.75,403.9,231.1,172.8,0.89,0.42,1.85,2.92,115,156,2.04,2.77,2.17,2.94
Elite,,King Chikn,Missiles,Fallout Shelter,Solar,51.7,802,48,0.418,0.396,19,29,18585,10680,7905,34,35,85,128,26.6%,362.9,208.5,154.3,0.66,0.68,1.66,2.5,387.2,222.5,164.7,0.71,0.73,1.77,2.67,105,130,2.05,2.54,2.19,2.71
Elite,RSC002295,[N Ξ X U S] Rblegend,Meowchiatos,The Cat Cafe,Lunar,50.9,706,43,0.45,0.465,20,23,16585,9200,7385,36,26,64,110,32.7%,367.9,204.1,163.8,0.8,0.58,1.42,2.44,385.7,214.0,171.7,0.84,0.6,1.49,2.56,114,129,2.53,2.86,2.65,3.0
Elite,RSC002172,Shimmy,Fury,North American Soccar Club,Solar,50.3,681,44,0.543,0.523,23,21,15324,8750,6574,34,24,58,125,27.2%,352.4,201.2,151.2,0.78,0.55,1.33,2.87,348.3,198.9,149.4,0.77,0.55,1.32,2.84,103,92,2.37,2.12,2.34,2.09
Elite,RSC000124,Mrfelon,X-Men,The Comic Crusaders,Lunar,49.8,917,61,0.668,0.639,39,22,20338,11380,8958,40,54,69,123,32.5%,347.3,194.3,153.0,0.68,0.92,1.18,2.1,333.4,186.6,146.9,0.66,0.89,1.13,2.02,188,122,3.21,2.08,3.08,2.0
Elite,RSC002152,Salvo,Fury,North American Soccar Club,Solar,49.7,936,60,0.554,0.533,32,28,22543,12570,9973,51,26,94,147,34.7%,377.1,210.3,166.8,0.85,0.43,1.57,2.46,375.7,209.5,166.2,0.85,0.43,1.57,2.45,144,125,2.41,2.09,2.4,2.08
Elite,RSC002886,Rickra,Vipers,The Serpents,Lunar,49.7,699,44,0.472,0.5,22,22,16718,9070,7648,37,23,64,102,36.3%,374.5,203.2,171.3,0.83,0.52,1.43,2.29,380.0,206.1,173.8,0.84,0.52,1.45,2.32,93,100,2.08,2.24,2.11,2.27
Elite,RSC002473,Zdawg2020Dec,Menthol,Minty Fresh,Solar,49.7,523,36,0.633,0.639,23,13,11568,6290,5278,20,27,43,79,25.3%,346.4,188.3,158.0,0.6,0.81,1.29,2.37,321.3,174.7,146.6,0.56,0.75,1.19,2.19,96,68,2.87,2.04,2.67,1.89
Elite,RSC000197,Kareemostyle,Fire,The Elements,Lunar,49.6,256,18,0.594,0.556,10,8,6094,3530,2564,15,9,24,38,39.5%,372.8,215.9,156.8,0.92,0.55,1.47,2.32,338.6,196.1,142.4,0.83,0.5,1.33,2.11,41,32,2.51,1.96,2.28,1.78
Elite,,.Pyyros,"Great Whites
Meowchiatos","Shark Attack
The Cat Cafe",Lunar,49.5,873,56,0.569,0.571,32,24,19424,10980,8444,42,43,66,133,31.6%,348.4,196.9,151.5,0.75,0.77,1.18,2.39,346.9,196.1,150.8,0.75,0.77,1.18,2.38,156,131,2.8,2.35,2.79,2.34
Elite,RSC002918,Pleezy,"Illuminati
Wheelchairs","The Order
The Quad Dynasty",Lunar,49.4,793,54,0.44,0.463,25,29,18366,9760,8606,36,34,67,111,32.4%,362.7,192.7,169.9,0.71,0.67,1.32,2.19,340.1,180.7,159.4,0.67,0.63,1.24,2.06,116,135,2.29,2.67,2.15,2.5
Elite,RSC001200,Cliffork,Apollo,Mission Control,Solar,48.6,731,45,0.482,0.467,21,24,16664,9360,7304,37,26,63,121,30.6%,357.0,200.5,156.5,0.79,0.56,1.35,2.59,370.3,208.0,162.3,0.82,0.58,1.4,2.69,105,110,2.25,2.36,2.33,2.44
Elite,RSC000371,Capn' Clutch,Illuminati,The Order,Lunar,48.5,751,50,0.403,0.44,22,28,16193,9270,6923,37,29,54,142,26.1%,337.6,193.3,144.4,0.77,0.6,1.13,2.96,323.9,185.4,138.5,0.74,0.58,1.08,2.84,98,126,2.04,2.63,1.96,2.52
Elite,RSC000011,Crazy Vulpix,Infestors,The Swarm,Solar,48.4,338,23,0.484,0.522,12,11,7728,3870,3858,11,17,30,42,26.2%,358.0,179.3,178.7,0.51,0.79,1.39,1.95,336.0,168.3,167.7,0.48,0.74,1.3,1.83,46,48,2.13,2.22,2.0,2.09
Elite,,Big Floppa,Seadevils,The Abyss,Lunar,48.1,876,57,0.535,0.509,29,28,19828,11510,8318,53,31,64,146,36.3%,354.4,205.7,148.7,0.95,0.55,1.14,2.61,347.9,201.9,145.9,0.93,0.54,1.12,2.56,154,141,2.75,2.52,2.7,2.47
Elite,RSC002726,Srsblack,Deep Dish,Fifty-Fifty Pizzeria,Lunar,47.8,964,62,0.484,0.468,29,33,21212,11360,9852,41,39,74,161,25.5%,344.6,184.5,160.0,0.67,0.63,1.2,2.62,342.1,183.2,158.9,0.66,0.63,1.19,2.6,148,154,2.4,2.5,2.39,2.48
Elite,RSC000052,Barra,"Onions
Jaguars","The Garden
The Jungle",Solar,47.4,990,64,0.532,0.5,32,32,21900,12060,9840,48,38,74,166,28.9%,346.4,190.8,155.6,0.76,0.6,1.17,2.63,342.2,188.4,153.8,0.75,0.59,1.16,2.59,150,138,2.37,2.18,2.34,2.16
Elite,,Homie,"Deep Dish
Meowchiatos","Fifty-Fifty Pizzeria
The Cat Cafe",Lunar,45.8,189,12,0.442,0.417,5,7,4560,2620,1940,11,5,20,27,40.7%,377.8,217.1,160.7,0.91,0.41,1.66,2.24,380.0,218.3,161.7,0.92,0.42,1.67,2.25,24,28,1.99,2.32,2.0,2.33
Elite,,Envy,Aphelion,The Cosmos,Solar,45.7,1055,64,0.583,0.672,43,21,24021,14310,9711,60,31,99,181,33.1%,356.5,212.4,144.1,0.89,0.46,1.47,2.69,375.3,223.6,151.7,0.94,0.48,1.55,2.83,163,131,2.42,1.94,2.55,2.05
Elite,RSC000712,Laprius,Queens,House of Cards,Lunar,45.5,878,58,0.475,0.466,27,31,19353,11040,8313,55,27,53,154,35.7%,345.2,196.9,148.3,0.98,0.48,0.95,2.75,333.7,190.3,143.3,0.95,0.47,0.91,2.66,138,147,2.46,2.62,2.38,2.53
Elite,RSC000009,Timbo,Apollo,Mission Control,Solar,45.3,908,58,0.508,0.5,29,29,19556,10920,8636,43,35,66,157,27.4%,337.3,188.3,148.9,0.74,0.6,1.14,2.71,337.2,188.3,148.9,0.74,0.6,1.14,2.71,141,138,2.43,2.38,2.43,2.38
Elite,RSC000661,Mack,Infestors,The Swarm,Solar,45.3,929,59,0.439,0.424,25,34,20789,12390,8399,57,25,75,169,33.7%,350.4,208.8,141.6,0.96,0.42,1.26,2.85,352.4,210.0,142.4,0.97,0.42,1.27,2.86,137,160,2.31,2.7,2.32,2.71
Elite,,Ohmeon,Kodiaks,The Bear Den,Lunar,43.2,667,43,0.478,0.488,21,22,14732,8490,6242,37,22,52,109,33.9%,345.9,199.3,146.5,0.87,0.52,1.22,2.56,342.6,197.4,145.2,0.86,0.51,1.21,2.53,103,109,2.42,2.56,2.4,2.53
Elite,RSC002862,Doodle!,"Missiles
Jaguars","Fallout Shelter
The Jungle",Solar,43.0,416,27,0.363,0.333,9,18,8908,4990,3918,16,21,35,59,27.1%,335.3,187.8,147.5,0.6,0.79,1.32,2.22,329.9,184.8,145.1,0.59,0.78,1.3,2.19,54,77,2.03,2.9,2.0,2.85
Elite,RSC002521,_Chronos,Aphelion,The Cosmos,Solar,43.0,1016,62,0.592,0.677,42,20,22181,12780,9401,42,42,98,158,26.6%,341.9,197.0,144.9,0.65,0.65,1.51,2.44,357.8,206.1,151.6,0.68,0.68,1.58,2.55,157,123,2.42,1.9,2.53,1.98
Elite,RSC000577,Lord Ironskull,Fire,The Elements,Lunar,42.7,856,55,0.655,0.655,36,19,18107,10140,7967,43,33,55,144,29.9%,331.2,185.5,145.7,0.79,0.6,1.01,2.63,329.2,184.4,144.9,0.78,0.6,1.0,2.62,150,99,2.74,1.81,2.73,1.8
Elite,RSC002658,Boojoyner,"Sharks
Illuminati","The Ocean
The Order",Solar,42.5,691,45,0.409,0.444,20,25,15033,8790,6243,34,25,60,114,29.8%,340.7,199.2,141.5,0.77,0.57,1.36,2.58,334.1,195.3,138.7,0.76,0.56,1.33,2.53,100,126,2.27,2.86,2.22,2.8
Elite,RSC000844,Simba♕,Urulóki,Middle Earth,Lunar,41.9,518,30,0.402,0.433,13,17,11600,6530,5070,25,15,49,83,30.1%,350.7,197.4,153.3,0.76,0.45,1.48,2.51,386.7,217.7,169.0,0.83,0.5,1.63,2.77,64,83,1.93,2.51,2.13,2.77
Elite,,Void.,Indominus,Dino Park,Solar,41.0,713,45,0.404,0.444,20,25,15207,8210,6997,28,26,59,116,24.1%,334.0,180.3,153.7,0.61,0.57,1.3,2.55,337.9,182.4,155.5,0.62,0.58,1.31,2.58,101,129,2.22,2.83,2.24,2.87
Elite,RSC000722,Yoder,Deep Dish,Fifty-Fifty Pizzeria,Lunar,40.9,739,49,0.49,0.49,24,25,15536,8850,6686,38,27,49,125,30.4%,329.2,187.5,141.7,0.81,0.57,1.04,2.65,317.1,180.6,136.4,0.78,0.55,1.0,2.55,119,122,2.52,2.59,2.43,2.49
Elite,RSC002566,Majik,Ghoulden Grahams,Spooky Breakfast Gang,Solar,40.9,782,47,0.444,0.383,18,29,17152,10080,7072,38,23,76,133,28.6%,343.5,201.8,141.6,0.76,0.46,1.52,2.66,364.9,214.5,150.5,0.81,0.49,1.62,2.83,109,126,2.18,2.52,2.32,2.68
Elite,,Latte,Great Danes,Puppy Paradise,Solar,40.9,561,34,0.518,0.588,20,14,12209,7070,5139,26,23,50,82,31.7%,340.8,197.3,143.4,0.73,0.64,1.4,2.29,359.1,207.9,151.1,0.76,0.68,1.47,2.41,87,83,2.43,2.32,2.56,2.44
Elite,RSC002865,Con,Ghoulden Grahams,Spooky Breakfast Gang,Solar,40.9,456,28,0.413,0.321,9,19,9855,5700,4155,20,16,43,75,26.7%,338.4,195.7,142.7,0.69,0.55,1.48,2.58,352.0,203.6,148.4,0.71,0.57,1.54,2.68,64,80,2.2,2.75,2.29,2.86
Elite,RSC000159,Prussia,Kodiaks,The Bear Den,Lunar,40.6,918,59,0.492,0.492,29,30,19741,10800,8941,40,37,72,135,29.6%,336.7,184.2,152.5,0.68,0.63,1.23,2.3,334.6,183.1,151.5,0.68,0.63,1.22,2.29,141,144,2.41,2.46,2.39,2.44
Elite,RSC000187,Smokeybones,Fury,North American Soccar Club,Solar,40.3,56,4,0.617,0.75,3,1,1232,620,612,3,0,4,12,25.0%,344.5,173.4,171.1,0.84,0.0,1.12,3.36,308.0,155.0,153.0,0.75,0.0,1.0,3.0,7,5,1.96,1.4,1.75,1.25
Elite,RSC002890,Myth1Ck,Knights,The Sovereign,Lunar,40.1,342,22,0.559,0.636,14,8,7224,4140,3084,15,16,27,49,30.6%,330.8,189.6,141.2,0.69,0.73,1.24,2.24,328.4,188.2,140.2,0.68,0.73,1.23,2.23,57,49,2.61,2.24,2.59,2.23
Elite,RSC000696,Exccentrik,Vipers,The Serpents,Lunar,39.4,621,40,0.441,0.45,18,22,13847,7700,6147,30,17,58,95,31.6%,349.2,194.2,155.0,0.76,0.43,1.46,2.4,346.2,192.5,153.7,0.75,0.43,1.45,2.38,85,99,2.14,2.5,2.13,2.48
Elite,,Andrew.,Missiles,Fallout Shelter,Solar,39.2,843,52,0.401,0.385,20,32,18736,10590,8146,36,25,89,129,27.9%,348.0,196.7,151.3,0.67,0.46,1.65,2.4,360.3,203.7,156.7,0.69,0.48,1.71,2.48,109,141,2.02,2.62,2.1,2.71
Elite,,Freebo,Marble Madness,8-Bit Brigade,Lunar,39.0,1003,63,0.408,0.429,27,36,22192,12380,9812,41,26,107,163,25.2%,346.5,193.3,153.2,0.64,0.41,1.67,2.54,352.3,196.5,155.7,0.65,0.41,1.7,2.59,124,158,1.94,2.47,1.97,2.51
Elite,,Wrecks,Sharks,The Ocean,Solar,39.0,929,58,0.422,0.448,26,32,20008,11390,8618,47,25,77,159,29.6%,337.3,192.0,145.3,0.79,0.42,1.3,2.68,345.0,196.4,148.6,0.81,0.43,1.33,2.74,133,162,2.24,2.73,2.29,2.79
Elite,RSC000457,Bob,Marble Madness,8-Bit Brigade,Lunar,37.4,884,56,0.433,0.446,25,31,18702,10140,8562,37,29,72,139,26.6%,331.3,179.6,151.7,0.66,0.51,1.28,2.46,334.0,181.1,152.9,0.66,0.52,1.29,2.48,115,137,2.04,2.43,2.05,2.45
Elite,RSC002779,Cahewa,"8 Tracks
Marble Madness","Boomer Union
8-Bit Brigade",Lunar,36.8,631,40,0.565,0.625,25,15,13344,6980,6364,21,25,55,88,23.9%,331.1,173.2,157.9,0.52,0.62,1.36,2.18,333.6,174.5,159.1,0.53,0.63,1.38,2.2,95,80,2.36,1.99,2.38,2.0
Elite,RSC001211,Cool,Indominus,Dino Park,Solar,36.6,653,41,0.357,0.39,16,25,13827,7670,6157,33,18,48,107,30.8%,331.6,183.9,147.6,0.79,0.43,1.15,2.57,337.2,187.1,150.2,0.8,0.44,1.17,2.61,84,122,2.01,2.93,2.05,2.98
Elite,RSC001055,Scotti,8 Tracks,Boomer Union,Lunar,36.4,713,45,0.489,0.511,23,22,14398,8420,5978,35,26,48,122,28.7%,316.2,184.9,131.3,0.77,0.57,1.05,2.68,320.0,187.1,132.8,0.78,0.58,1.07,2.71,110,113,2.42,2.48,2.44,2.51
Elite,RSC000106,Nagz,Concerto,Magnum Opus,Solar,35.9,609,39,0.509,0.513,20,19,12696,7050,5646,21,22,58,95,22.1%,326.4,181.3,145.2,0.54,0.57,1.49,2.44,325.5,180.8,144.8,0.54,0.56,1.49,2.44,91,89,2.34,2.29,2.33,2.28
Elite,RSC001252,Dondochaka,Fury,North American Soccar Club,Solar,35.7,199,12,0.576,0.5,6,6,4057,2310,1747,8,8,16,31,25.8%,319.2,181.8,137.5,0.63,0.63,1.26,2.44,338.1,192.5,145.6,0.67,0.67,1.33,2.58,34,28,2.68,2.2,2.83,2.33
Elite,,Alittle,Great Danes,Puppy Paradise,Solar,35.5,568,34,0.597,0.647,22,12,11795,6660,5135,20,22,54,86,23.3%,325.2,183.6,141.6,0.55,0.61,1.49,2.37,346.9,195.9,151.0,0.59,0.65,1.59,2.53,94,73,2.59,2.01,2.76,2.15
Elite,,Troomperoni And Cheese,Sharks,The Ocean,Solar,35.4,672,42,0.466,0.476,20,22,14064,8320,5744,30,27,60,97,30.9%,327.7,193.9,133.8,0.7,0.63,1.4,2.26,334.9,198.1,136.8,0.71,0.64,1.43,2.31,98,107,2.28,2.49,2.33,2.55
Elite,RSC002501,Sem,"Queens
Onions
Sharks","House of Cards
The Garden
The Ocean",Lunar,35.2,509,31,0.356,0.258,8,23,10915,5850,5065,21,15,45,75,28.0%,335.8,180.0,155.8,0.65,0.46,1.38,2.31,352.1,188.7,163.4,0.68,0.48,1.45,2.42,63,92,1.94,2.83,2.03,2.97
Elite,RSC000898,Ty26,Eagles,Birds of Prey,Solar,35.1,889,57,0.532,0.561,32,25,17748,10140,7608,38,40,60,134,28.4%,312.6,178.6,134.0,0.67,0.7,1.06,2.36,311.4,177.9,133.5,0.67,0.7,1.05,2.35,137,126,2.41,2.22,2.4,2.21
Elite,RSC000145,Gradster13,Bolts,Electric Mayhem,Lunar,35.1,812,51,0.554,0.588,30,21,17034,9900,7134,39,25,69,130,30.0%,328.5,190.9,137.6,0.75,0.48,1.33,2.51,334.0,194.1,139.9,0.76,0.49,1.35,2.55,131,114,2.53,2.2,2.57,2.24
Elite,RSC000023,N0Maa,"Wheelchairs
Eagles","The Quad Dynasty
Birds of Prey",Solar,34.3,238,15,0.511,0.467,7,8,4838,2360,2478,9,8,14,36,25.0%,318.3,155.3,163.0,0.59,0.53,0.92,2.37,322.5,157.3,165.2,0.6,0.53,0.93,2.4,37,36,2.43,2.37,2.47,2.4
Elite,RSC000201,Alpha,Onions,The Garden,Lunar,34.3,756,48,0.266,0.146,7,41,16141,8550,7591,25,23,76,110,22.7%,334.3,177.1,157.2,0.52,0.48,1.57,2.28,336.3,178.1,158.1,0.52,0.48,1.58,2.29,77,148,1.59,3.07,1.6,3.08
Elite,,Jbomb!,Infestors,The Swarm,Solar,34.1,834,53,0.414,0.358,19,34,17737,9360,8377,29,32,76,106,27.4%,333.0,175.7,157.3,0.54,0.6,1.43,1.99,334.7,176.6,158.1,0.55,0.6,1.43,2.0,118,147,2.22,2.76,2.23,2.77
Elite,RSC001998,Kxle,Vipers,The Serpents,Lunar,32.9,726,48,0.465,0.458,22,26,14701,7840,6861,28,26,53,109,25.7%,317.1,169.1,148.0,0.6,0.56,1.14,2.35,306.3,163.3,142.9,0.58,0.54,1.1,2.27,105,115,2.26,2.48,2.19,2.4
Elite,RSC001603,Reckless.,Sharks,The Ocean,Solar,31.8,555,34,0.367,0.382,13,21,11259,6010,5249,23,17,40,86,26.7%,317.7,169.6,148.1,0.65,0.48,1.13,2.43,331.1,176.8,154.4,0.68,0.5,1.18,2.53,73,103,2.06,2.91,2.15,3.03
Elite,,.Andy,Meowchiatos,The Cat Cafe,Lunar,31.2,33,3,0.0,0.0,0,3,660,220,440,0,0,3,7,0.0%,313.2,104.4,208.8,0.0,0.0,1.42,3.32,220.0,73.3,146.7,0.0,0.0,1.0,2.33,0,9,0.0,4.27,0.0,3.0
Elite,RSC000016,Beans,Urulóki,Middle Earth,Lunar,30.1,772,51,0.321,0.294,15,36,17008,8940,8068,19,23,100,89,21.3%,345.0,181.3,163.6,0.39,0.47,2.03,1.81,333.5,175.3,158.2,0.37,0.45,1.96,1.75,85,138,1.72,2.8,1.67,2.71
Elite,RSC000294,Big Boi Johnny,Ghoulden Grahams,Spooky Breakfast Gang,Solar,29.5,752,45,0.399,0.311,14,31,15650,8650,7000,26,25,76,100,26.0%,325.9,180.1,145.8,0.54,0.52,1.58,2.08,347.8,192.2,155.6,0.58,0.56,1.69,2.22,100,130,2.08,2.71,2.22,2.89
Elite,,Skøøt,Cyclones,Storm,Solar,29.3,189,12,0.5,0.583,7,5,3516,1880,1636,9,4,8,38,23.7%,291.3,155.8,135.5,0.75,0.33,0.66,3.15,293.0,156.7,136.3,0.75,0.33,0.67,3.17,32,32,2.65,2.65,2.67,2.67
Elite,RSC002046,Queeds,"Indominus
Great Whites","Dino Park
Shark Attack",Lunar,29.2,284,19,0.373,0.316,6,13,5917,3550,2367,17,10,20,35,48.6%,326.2,195.7,130.5,0.94,0.55,1.1,1.93,311.4,186.8,124.6,0.89,0.53,1.05,1.84,43,59,2.37,3.25,2.26,3.11
Elite,RSC002471,Zona,Ghoulden Grahams,Spooky Breakfast Gang,Solar,29.1,352,22,0.507,0.5,11,11,6997,3960,3037,9,16,36,46,19.6%,311.3,176.2,135.1,0.4,0.71,1.6,2.05,318.0,180.0,138.0,0.41,0.73,1.64,2.09,53,52,2.36,2.31,2.41,2.36
Elite,,J. (Change),Urulóki,Middle Earth,Lunar,28.7,875,55,0.296,0.309,17,38,17855,9290,8565,33,25,70,124,26.6%,319.5,166.3,153.3,0.59,0.45,1.25,2.22,324.6,168.9,155.7,0.6,0.45,1.27,2.25,93,163,1.66,2.92,1.69,2.96
Elite,RSC000923,Stemantics,Dumpsters,Waste Management,Solar,28.5,72,4,0.745,1.0,4,0,1405,790,615,4,1,4,14,28.6%,305.6,171.8,133.8,0.87,0.22,0.87,3.04,351.3,197.5,153.8,1.0,0.25,1.0,3.5,14,7,3.04,1.52,3.5,1.75
Elite,,Theonlynx,Ghoulden Grahams,Spooky Breakfast Gang,Solar,28.4,350,20,0.327,0.2,4,16,7668,4360,3308,16,7,39,46,34.8%,343.1,195.1,148.0,0.72,0.31,1.74,2.06,383.4,218.0,165.4,0.8,0.35,1.95,2.3,36,58,1.61,2.59,1.8,2.9
Elite,RSC001907,Disasterpiece,Meowchiatos,The Cat Cafe,Lunar,28.3,20,2,0.296,0.0,0,2,482,220,262,1,0,2,2,50.0%,377.4,172.2,205.1,0.78,0.0,1.57,1.57,241.0,110.0,131.0,0.5,0.0,1.0,1.0,3,5,2.35,3.91,1.5,2.5
Elite,RSC001907,Disasterpiece,Meowchiatos,The Cat Cafe,Lunar,28.3,20,2,0.296,0.0,0,2,482,220,262,1,0,2,2,50.0%,377.4,172.2,205.1,0.78,0.0,1.57,1.57,241.0,110.0,131.0,0.5,0.0,1.0,1.0,3,5,2.35,3.91,1.5,2.5
Elite,RSC000030,Adeadm0053,Eagles,Birds of Prey,Solar,28.3,874,57,0.455,0.474,27,30,18724,9920,8804,29,22,96,112,25.9%,335.5,177.7,157.7,0.52,0.39,1.72,2.01,328.5,174.0,154.5,0.51,0.39,1.68,1.96,120,135,2.15,2.42,2.11,2.37
Elite,RSC000639,General Mills,Indominus,Dino Park,Solar,27.8,698,44,0.435,0.409,18,26,13651,7090,6561,28,24,42,99,28.3%,306.2,159.1,147.2,0.63,0.54,0.94,2.22,310.3,161.1,149.1,0.64,0.55,0.95,2.25,108,127,2.42,2.85,2.45,2.89
Elite,RSC002199,Key,Missiles,Fallout Shelter,Solar,27.7,474,29,0.361,0.31,9,20,9418,5460,3958,17,18,44,66,25.8%,311.1,180.4,130.8,0.56,0.59,1.45,2.18,324.8,188.3,136.5,0.59,0.62,1.52,2.28,59,85,1.95,2.81,2.03,2.93
Elite,RSC001852,Jester,Seadevils,The Abyss,Lunar,27.6,92,5,0.429,0.2,1,4,1985,1370,615,9,2,5,12,75.0%,337.9,233.2,104.7,1.53,0.34,0.85,2.04,397.0,274.0,123.0,1.8,0.4,1.0,2.4,16,19,2.72,3.23,3.2,3.8
Elite,RSC001852,Jester,Seadevils,The Abyss,Lunar,27.6,92,5,0.429,0.2,1,4,1985,1370,615,9,2,5,12,75.0%,337.9,233.2,104.7,1.53,0.34,0.85,2.04,397.0,274.0,123.0,1.8,0.4,1.0,2.4,16,19,2.72,3.23,3.2,3.8
Elite,RSC000970,Rippluto,Queens,House of Cards,Lunar,27.4,51,4,0.348,0.5,2,2,1001,520,481,1,2,5,7,14.3%,307.3,159.7,147.7,0.31,0.61,1.54,2.15,250.3,130.0,120.3,0.25,0.5,1.25,1.75,6,9,1.84,2.76,1.5,2.25
Elite,RSC000970,Rippluto,Queens,House of Cards,Lunar,27.4,51,4,0.348,0.5,2,2,1001,520,481,1,2,5,7,14.3%,307.3,159.7,147.7,0.31,0.61,1.54,2.15,250.3,130.0,120.3,0.25,0.5,1.25,1.75,6,9,1.84,2.76,1.5,2.25
Elite,RSC000080,Murloc,"Marble Madness
Concerto","8-Bit Brigade
Magnum Opus",Lunar,26.7,649,38,0.361,0.342,13,25,12256,6360,5896,23,22,39,101,22.8%,295.7,153.5,142.3,0.55,0.53,0.94,2.44,322.5,167.4,155.2,0.61,0.58,1.03,2.66,72,105,1.74,2.53,1.89,2.76
Elite,RSC000254,Keiko,"Sharks
Indominus
Seadevils","The Ocean
Dino Park
The Abyss",Solar,26.1,291,17,0.374,0.294,5,12,5918,3700,2218,16,9,25,40,40.0%,318.5,199.1,119.4,0.86,0.48,1.35,2.15,348.1,217.6,130.5,0.94,0.53,1.47,2.35,47,64,2.53,3.44,2.76,3.76
Elite,RSC000555,Abom,Concerto,Magnum Opus,Solar,25.8,547,36,0.43,0.389,14,22,10185,5220,4965,20,20,28,82,24.4%,291.6,149.4,142.1,0.57,0.57,0.8,2.35,282.9,145.0,137.9,0.56,0.56,0.78,2.28,77,92,2.2,2.63,2.14,2.56
Elite,RSC000173,Wray,"Onions
Missiles","The Garden
Fallout Shelter",Lunar,25.2,358,24,0.248,0.125,3,21,7170,3730,3440,11,15,30,38,28.9%,313.6,163.2,150.5,0.48,0.66,1.31,1.66,298.8,155.4,143.3,0.46,0.63,1.25,1.58,36,73,1.57,3.19,1.5,3.04
Elite,RSC000279,Fikison,"Missiles
Marble Madness
8 Tracks","Fallout Shelter
8-Bit Brigade
Boomer Union",Lunar,24.9,372,24,0.339,0.208,5,19,7751,3880,3871,12,8,36,48,25.0%,326.3,163.3,162.9,0.51,0.34,1.52,2.02,323.0,161.7,161.3,0.5,0.33,1.5,2.0,48,73,2.02,3.07,2.0,3.04
Elite,RSC002455,Blocky,"X-Men
Indominus","The Comic Crusaders
Dino Park",Solar,24.0,107,7,0.118,0.0,0,7,2153,1090,1063,2,1,13,19,10.5%,315.1,159.5,155.6,0.29,0.15,1.9,2.78,307.6,155.7,151.9,0.29,0.14,1.86,2.71,5,20,0.73,2.93,0.71,2.86
Elite,RSC000537,Imth3B0S5,Onions,The Garden,Lunar,23.3,50,4,0.057,0.0,0,4,1042,430,612,1,0,5,8,12.5%,326.3,134.7,191.7,0.31,0.0,1.57,2.51,260.5,107.5,153.0,0.25,0.0,1.25,2.0,1,8,0.31,2.51,0.25,2.0
Elite,,Wafe,"Illuminati
Meowchiatos","The Order
The Cat Cafe",Lunar,23.2,471,33,0.423,0.455,15,18,9238,4640,4598,15,13,37,64,23.4%,307.1,154.3,152.9,0.5,0.43,1.23,2.13,279.9,140.6,139.3,0.45,0.39,1.12,1.94,64,78,2.13,2.59,1.94,2.36
Elite,RSC000121,Cineo,Dumpsters,Waste Management,Solar,22.6,591,36,0.517,0.5,18,18,11645,6980,4665,31,16,45,83,37.3%,308.5,184.9,123.6,0.82,0.42,1.19,2.2,323.5,193.9,129.6,0.86,0.44,1.25,2.31,97,93,2.57,2.46,2.69,2.58
Elite,,Viglio,Urulóki,Middle Earth,Lunar,22.0,33,2,0.416,0.5,1,1,692,410,282,1,0,5,6,16.7%,328.4,194.6,133.8,0.47,0.0,2.37,2.85,346.0,205.0,141.0,0.5,0.0,2.5,3.0,4,5,1.9,2.37,2.0,2.5
Elite,RSC002038,Chiefzrl,Onions,The Garden,Lunar,21.7,72,4,0.212,0.0,0,4,1287,790,497,2,4,6,9,22.2%,279.9,171.8,108.1,0.43,0.87,1.3,1.96,321.8,197.5,124.3,0.5,1.0,1.5,2.25,7,16,1.52,3.48,1.75,4.0
Elite,RSC000155,Sykro,Onions,The Garden,Lunar,21.6,72,4,0.212,0.0,0,4,1618,1000,618,4,0,10,10,40.0%,351.9,217.5,134.4,0.87,0.0,2.17,2.17,404.5,250.0,154.5,1.0,0.0,2.5,2.5,7,16,1.52,3.48,1.75,4.0
Elite,RSC000621,Ogkrish,Indominus,Dino Park,Solar,21.2,223,14,0.361,0.214,3,11,4273,2460,1813,9,9,17,26,34.6%,300.1,172.7,127.3,0.63,0.63,1.19,1.83,305.2,175.7,129.5,0.64,0.64,1.21,1.86,34,48,2.39,3.37,2.43,3.43
Elite,RSC000451,Cryke,Aphelion,The Cosmos,Solar,20.1,169,10,0.374,0.4,4,6,3254,1620,1634,4,7,14,17,23.5%,301.5,150.1,151.4,0.37,0.65,1.3,1.58,325.4,162.0,163.4,0.4,0.7,1.4,1.7,20,28,1.85,2.59,2.0,2.8
Elite,RSC000521,Mute,Meowchiatos,The Cat Cafe,Lunar,18.6,542,35,0.351,0.314,11,24,11028,6540,4488,27,10,53,69,39.1%,318.6,188.9,129.7,0.78,0.29,1.53,1.99,315.1,186.9,128.2,0.77,0.29,1.51,1.97,70,103,2.02,2.98,2.0,2.94
Elite,RSC001482,Mered4,Onions,The Garden,Lunar,17.8,212,14,0.297,0.286,4,10,4245,2090,2155,8,0,19,34,23.5%,313.6,154.4,159.2,0.59,0.0,1.4,2.51,303.2,149.3,153.9,0.57,0.0,1.36,2.43,23,40,1.7,2.95,1.64,2.86
Elite,RSC000419,Moosey,"Onions
Seadevils
Knights","The Garden
The Abyss
The Sovereign",Lunar,16.5,319,21,0.347,0.333,7,14,6214,3060,3154,6,13,31,26,23.1%,305.0,150.2,154.8,0.29,0.64,1.52,1.28,295.9,145.7,150.2,0.29,0.62,1.48,1.24,44,65,2.16,3.19,2.1,3.1
Elite,RSC000430,Tterb86,Infestors,The Swarm,Solar,15.6,73,4,0.5,0.25,1,3,1486,790,696,2,1,9,9,22.2%,318.8,169.5,149.3,0.43,0.21,1.93,1.93,371.5,197.5,174.0,0.5,0.25,2.25,2.25,11,11,2.36,2.36,2.75,2.75
Elite,RSC000430,Tterb86,Infestors,The Swarm,Solar,15.6,73,4,0.5,0.25,1,3,1486,790,696,2,1,9,9,22.2%,318.8,169.5,149.3,0.43,0.21,1.93,1.93,371.5,197.5,174.0,0.5,0.25,2.25,2.25,11,11,2.36,2.36,2.75,2.75
Elite,RSC000325,Rayem Whisperwind,Wheelchairs,The Quad Dynasty,Solar,14.4,446,28,0.41,0.321,9,19,8008,4390,3618,15,16,31,54,27.8%,281.2,154.1,127.0,0.53,0.56,1.09,1.9,286.0,156.8,129.2,0.54,0.57,1.11,1.93,56,71,1.97,2.49,2.0,2.54
Elite,RSC000876,Panzler ^-^,"Urulóki
Queens","Middle Earth
House of Cards",Lunar,13.3,175,12,0.182,0.167,2,10,2972,1480,1492,6,4,8,28,21.4%,265.9,132.4,133.5,0.54,0.36,0.72,2.51,247.7,123.3,124.3,0.5,0.33,0.67,2.33,15,39,1.34,3.49,1.25,3.25
Elite,,Icy,Urulóki,Middle Earth,Lunar,12.7,674,43,0.241,0.233,10,33,12476,6990,5486,25,13,58,94,26.6%,289.9,162.4,127.5,0.58,0.3,1.35,2.18,290.1,162.6,127.6,0.58,0.3,1.35,2.19,65,136,1.51,3.16,1.51,3.16
Elite,RSC000954,Yullbrenna,Illuminati,The Order,Lunar,9.7,508,35,0.294,0.286,10,25,8972,3980,4992,14,11,28,63,22.2%,276.6,122.7,153.9,0.43,0.34,0.86,1.94,256.3,113.7,142.6,0.4,0.31,0.8,1.8,58,101,1.79,3.11,1.66,2.89
Elite,RSC002653,Saturn,Missiles,Fallout Shelter,Solar,8.9,237,14,0.309,0.286,4,10,4496,2620,1876,12,4,19,27,44.4%,297.1,173.1,124.0,0.79,0.26,1.26,1.78,321.1,187.1,134.0,0.86,0.29,1.36,1.93,29,48,1.92,3.17,2.07,3.43
Elite,RSC000156,Drupenson,Onions,The Garden,Lunar,6.8,546,34,0.293,0.147,5,29,9689,5080,4609,17,13,42,63,27.0%,277.9,145.7,132.2,0.49,0.37,1.2,1.81,285.0,149.4,135.6,0.5,0.38,1.24,1.85,59,104,1.69,2.98,1.74,3.06
Elite,RSC000367,Pana,Concerto,Magnum Opus,Solar,6.2,85,4,0.204,0.0,0,4,1643,1000,643,3,1,11,10,30.0%,302.7,184.2,118.5,0.55,0.18,2.03,1.84,410.8,250.0,160.8,0.75,0.25,2.75,2.5,7,17,1.29,3.13,1.75,4.25
Elite,RSC000367,Pana,Concerto,Magnum Opus,Solar,6.2,85,4,0.204,0.0,0,4,1643,1000,643,3,1,11,10,30.0%,302.7,184.2,118.5,0.55,0.18,2.03,1.84,410.8,250.0,160.8,0.75,0.25,2.75,2.5,7,17,1.29,3.13,1.75,4.25
Elite,RSC002545,Grimsunshine14,Queens,House of Cards,Lunar,-1.2,97,7,0.45,0.286,2,5,1413,730,683,3,3,3,13,23.1%,228.1,117.8,110.3,0.48,0.48,0.48,2.1,201.9,104.3,97.6,0.43,0.43,0.43,1.86,15,17,2.42,2.74,2.14,2.43
Elite,,Surge,Eagles,Birds of Prey,Solar,-11.0,116,8,0.17,0.125,1,7,1934,910,1024,1,1,13,11,9.1%,261.1,122.8,138.2,0.13,0.13,1.75,1.48,241.8,113.8,128.0,0.13,0.13,1.63,1.38,9,25,1.21,3.37,1.13,3.13
Elite,RSC001073,Trusolja,Great Whites,Shark Attack,Lunar,-20.8,37,2,0.5,0.5,1,1,536,290,246,2,0,1,4,50.0%,226.8,122.7,104.1,0.85,0.0,0.42,1.69,268.0,145.0,123.0,1.0,0.0,0.5,2.0,3,3,1.27,1.27,1.5,1.5
Elite,RSC001073,Trusolja,Great Whites,Shark Attack,Lunar,-20.8,37,2,0.5,0.5,1,1,536,290,246,2,0,1,4,50.0%,226.8,122.7,104.1,0.85,0.0,0.42,1.69,268.0,145.0,123.0,1.0,0.0,0.5,2.0,3,3,1.27,1.27,1.5,1.5
Elite,RSC001724,Sweetnlow120,Menthol,Minty Fresh,Solar,-26.4,60,4,0.339,0.5,2,2,814,430,384,0,2,6,3,0.0%,212.4,112.2,100.2,0.0,0.52,1.57,0.78,203.5,107.5,96.0,0.0,0.5,1.5,0.75,5,8,1.3,2.09,1.25,2.0
Elite,RSC001724,Sweetnlow120,Menthol,Minty Fresh,Solar,-26.4,60,4,0.339,0.5,2,2,814,430,384,0,2,6,3,0.0%,212.4,112.2,100.2,0.0,0.52,1.57,0.78,203.5,107.5,96.0,0.0,0.5,1.5,0.75,5,8,1.3,2.09,1.25,2.0
Elite,,Zro.,Meowchiatos,The Cat Cafe,Lunar,-38.4,55,3,0.062,0.0,0,3,608,290,318,1,1,2,4,25.0%,173.1,82.6,90.5,0.28,0.28,0.57,1.14,202.7,96.7,106.0,0.33,0.33,0.67,1.33,3,16,0.85,4.56,1.0,5.33
Contender,RSC002706,Zarthon77,Thunder Buddies,Electric Mayhem,Lunar,97.4,616,42,0.649,0.643,27,15,21014,13530,7484,77,24,58,173,44.5%,453.0,291.7,161.3,1.66,0.52,1.25,3.73,500.3,322.1,178.2,1.83,0.57,1.38,4.12,133,90,2.87,1.94,3.17,2.14
Contender,RSC002841,Dyl,Dart Frogs,The Jungle,Solar,89.1,667,51,0.573,0.529,27,24,21869,12760,9109,63,29,69,156,40.4%,435.4,254.0,181.4,1.25,0.58,1.37,3.11,428.8,250.2,178.6,1.24,0.57,1.35,3.06,136,113,2.71,2.25,2.67,2.22
Contender,,Chucklesgoalie (Da Best),Samurai,The Sovereign,Lunar,89.1,620,47,0.679,0.723,34,13,19736,11620,8116,59,30,55,147,40.1%,422.7,248.9,173.8,1.26,0.64,1.18,3.15,419.9,247.2,172.7,1.26,0.64,1.17,3.13,133,82,2.85,1.76,2.83,1.74
Contender,RSC002293,Corrupt_Arrow,Owls,Birds of Prey,Solar,87.9,574,44,0.489,0.523,23,21,17308,10120,7188,45,32,53,137,32.8%,400.4,234.1,166.3,1.04,0.74,1.23,3.17,393.4,230.0,163.4,1.02,0.73,1.2,3.11,111,114,2.57,2.64,2.52,2.59
Contender,,Waterydsb,Mariner,Mission Control,Solar,83.2,662,51,0.682,0.745,38,13,19061,10620,8441,56,35,32,167,33.5%,382.4,213.0,169.3,1.12,0.7,0.64,3.35,373.7,208.2,165.5,1.1,0.69,0.63,3.27,145,89,2.91,1.79,2.84,1.75
Contender,RSC000188,Xnolan,Pomodoro,Fifty-Fifty Pizzeria,Lunar,81.0,57,4,0.411,0.5,2,2,1561,1100,461,7,4,2,10,70.0%,363.7,256.3,107.4,1.63,0.93,0.47,2.33,390.3,275.0,115.3,1.75,1.0,0.5,2.5,13,16,3.03,3.73,3.25,4.0
Contender,,Do You Like Tacos Daddy,Prelude,Magnum Opus,Solar,80.0,659,47,0.774,0.787,37,10,19417,11910,7507,66,29,46,156,42.3%,391.3,240.0,151.3,1.33,0.58,0.93,3.14,413.1,253.4,159.7,1.4,0.62,0.98,3.32,164,75,3.3,1.51,3.49,1.6
Contender,,Bak3R,Secte Rouge,The Order,Lunar,79.8,50,4,0.86,1.0,4,0,1137,590,547,2,5,1,9,22.2%,302.0,156.7,145.3,0.53,1.33,0.27,2.39,284.3,147.5,136.8,0.5,1.25,0.25,2.25,13,4,3.45,1.06,3.25,1.0
Contender,,Sleepy_Eyesttv,Roaches,The Swarm,Solar,76.5,575,44,0.566,0.545,24,20,16303,8800,7503,36,30,50,120,30.0%,376.5,203.2,173.3,0.83,0.69,1.15,2.77,370.5,200.0,170.5,0.82,0.68,1.14,2.73,108,91,2.49,2.1,2.45,2.07
Contender,,Vu,Prelude,Magnum Opus,Solar,73.6,635,44,0.764,0.795,35,9,17405,11450,5955,61,28,50,145,42.1%,364.0,239.4,124.5,1.28,0.59,1.05,3.03,395.6,260.2,135.3,1.39,0.64,1.14,3.3,151,71,3.16,1.48,3.43,1.61
Contender,RSC002734,Thescarybat,Biskitties,The Cat Cafe,Lunar,70.9,562,42,0.443,0.357,15,27,16497,10000,6497,49,19,60,115,42.6%,389.8,236.3,153.5,1.16,0.45,1.42,2.72,392.8,238.1,154.7,1.17,0.45,1.43,2.74,96,111,2.27,2.62,2.29,2.64
Contender,RSC002734,Thescarybat,Biskitties,The Cat Cafe,Lunar,70.9,562,42,0.443,0.357,15,27,16497,10000,6497,49,19,60,115,42.6%,389.8,236.3,153.5,1.16,0.45,1.42,2.72,392.8,238.1,154.7,1.17,0.45,1.43,2.74,96,111,2.27,2.62,2.29,2.64
Contender,RSC002414,Xxdarksidexx,Secte Rouge,The Order,Lunar,70.2,640,48,0.545,0.458,22,26,17021,10380,6641,50,31,50,133,37.6%,353.2,215.4,137.8,1.04,0.64,1.04,2.76,354.6,216.3,138.4,1.04,0.65,1.04,2.77,119,106,2.47,2.2,2.48,2.21
Contender,RSC000894,J.,Wobbegongs,Shark Attack,Lunar,68.8,687,51,0.53,0.49,25,26,16788,9070,7718,36,43,39,137,26.3%,324.5,175.3,149.2,0.7,0.83,0.75,2.65,329.2,177.8,151.3,0.71,0.84,0.76,2.69,122,113,2.36,2.18,2.39,2.22
Contender,,Quonkachu,Rattlers,The Serpents,Lunar,68.6,575,42,0.55,0.595,25,17,16022,9740,6282,51,24,47,109,46.8%,370.0,224.9,145.1,1.18,0.55,1.09,2.52,381.5,231.9,149.6,1.21,0.57,1.12,2.6,118,104,2.73,2.4,2.81,2.48
Contender,RSC000966,Drip2Ez,Blobfish,The Abyss,Lunar,67.8,666,51,0.651,0.725,37,14,18745,11250,7495,56,26,62,125,44.8%,373.8,224.3,149.4,1.12,0.52,1.24,2.49,367.5,220.6,147.0,1.1,0.51,1.22,2.45,135,90,2.69,1.79,2.65,1.76
Contender,RSC002308,Quaice,Secte Rouge,The Order,Lunar,64.5,690,52,0.57,0.5,26,26,17840,9680,8160,37,30,61,143,25.9%,343.3,186.3,157.0,0.71,0.58,1.17,2.75,343.1,186.2,156.9,0.71,0.58,1.17,2.75,132,110,2.54,2.12,2.54,2.12
Contender,RSC002640,Lastdark,Pomodoro,Fifty-Fifty Pizzeria,Lunar,62.5,656,51,0.433,0.451,23,28,18159,9490,8669,43,22,57,124,34.7%,367.6,192.1,175.5,0.87,0.45,1.15,2.51,356.1,186.1,170.0,0.84,0.43,1.12,2.43,113,134,2.29,2.71,2.22,2.63
Contender,RSC001868,Thunda Esq,Samurai,The Sovereign,Lunar,62.1,365,27,0.693,0.741,20,7,9884,6140,3744,31,11,35,74,41.9%,359.6,223.4,136.2,1.13,0.4,1.27,2.69,366.1,227.4,138.7,1.15,0.41,1.3,2.74,78,46,2.84,1.67,2.89,1.7
Contender,,Chung,Chasms,North American Soccar Club,Solar,61.8,32,3,0.37,0.333,1,2,930,500,430,3,1,2,5,60.0%,385.9,207.5,178.4,1.24,0.41,0.83,2.07,310.0,166.7,143.3,1.0,0.33,0.67,1.67,5,7,2.07,2.9,1.67,2.33
Contender,RSC000392,Jordayumm,Blobfish,The Abyss,Lunar,60.7,628,48,0.614,0.688,33,15,15932,8850,7082,45,21,37,145,31.0%,336.9,187.1,149.8,0.95,0.44,0.78,3.07,331.9,184.4,147.5,0.94,0.44,0.77,3.02,123,91,2.6,1.92,2.56,1.9
Contender,RSC002849,Sharkkilla06,Beans,The Garden,Lunar,60.4,39,3,0.19,0.0,0,3,934,480,454,1,3,4,3,33.3%,318.0,163.4,154.6,0.34,1.02,1.36,1.02,311.3,160.0,151.3,0.33,1.0,1.33,1.0,5,12,1.7,4.09,1.67,4.0
Contender,RSC002849,Sharkkilla06,Beans,The Garden,Lunar,60.4,39,3,0.19,0.0,0,3,934,480,454,1,3,4,3,33.3%,318.0,163.4,154.6,0.34,1.02,1.36,1.02,311.3,160.0,151.3,0.33,1.0,1.33,1.0,5,12,1.7,4.09,1.67,4.0
Contender,RSC002704,Astrosknot,Wobbegongs,Shark Attack,Lunar,60.2,285,21,0.62,0.619,13,8,6937,3780,3157,17,14,17,53,32.1%,323.2,176.1,147.1,0.79,0.65,0.79,2.47,330.3,180.0,150.3,0.81,0.67,0.81,2.52,60,44,2.8,2.05,2.86,2.1
Contender,RSC003004,Boby Shew,Sea Turtles,The Ocean,Solar,60.1,95,9,0.52,0.556,5,4,2345,1300,1045,5,5,8,15,33.3%,327.8,181.7,146.1,0.7,0.7,1.12,2.1,260.6,144.4,116.1,0.56,0.56,0.89,1.67,21,20,2.94,2.8,2.33,2.22
Contender,RSC000759,Skiddlydiddly16,Mariner,Mission Control,Solar,59.5,664,51,0.699,0.765,39,12,17372,10110,7262,54,22,46,131,41.2%,347.4,202.2,145.2,1.08,0.44,0.92,2.62,340.6,198.2,142.4,1.06,0.43,0.9,2.57,145,84,2.9,1.68,2.84,1.65
Contender,RSC002605,Succ,Roaches,The Swarm,Solar,57.8,368,27,0.646,0.667,18,9,8941,5230,3711,28,15,19,73,38.4%,322.6,188.7,133.9,1.01,0.54,0.69,2.63,331.1,193.7,137.4,1.04,0.56,0.7,2.7,78,53,2.81,1.91,2.89,1.96
Contender,RSC002616,Ruthle,Pterodactyls,Dino Park,Solar,57.7,677,51,0.443,0.392,20,31,17787,9530,8257,47,24,49,118,39.8%,348.9,186.9,162.0,0.92,0.47,0.96,2.31,348.8,186.9,161.9,0.92,0.47,0.96,2.31,105,122,2.06,2.39,2.06,2.39
Contender,RSC002702,X Psycoticz,Spearmint,Minty Fresh,Solar,57.6,701,50,0.344,0.32,16,34,18630,10490,8140,48,20,67,134,35.8%,352.9,198.7,154.2,0.91,0.38,1.27,2.54,372.6,209.8,162.8,0.96,0.4,1.34,2.68,106,159,2.01,3.01,2.12,3.18
Contender,RSC002586,Sirlegendthe7Th,Pterodactyls,Dino Park,Solar,57.4,26,2,0.5,0.5,1,1,601,360,241,1,1,3,6,16.7%,307.0,183.9,123.1,0.51,0.51,1.53,3.06,300.5,180.0,120.5,0.5,0.5,1.5,3.0,3,3,1.53,1.53,1.5,1.5
Contender,RSC001078,Binx,Rattlers,The Serpents,Lunar,56.9,600,44,0.525,0.568,25,19,14637,8230,6407,38,27,41,103,36.9%,324.0,182.1,141.8,0.84,0.6,0.91,2.28,332.7,187.0,145.6,0.86,0.61,0.93,2.34,114,107,2.52,2.37,2.59,2.43
Contender,RSC000881,One Shot Wonder,Sea Turtles,The Ocean,Solar,56.6,378,27,0.59,0.63,17,10,9000,5140,3860,22,17,28,69,31.9%,316.2,180.6,135.6,0.77,0.6,0.98,2.42,333.3,190.4,143.0,0.81,0.63,1.04,2.56,71,56,2.49,1.97,2.63,2.07
Contender,,Sush,Dart Frogs,The Jungle,Solar,55.2,611,47,0.614,0.553,26,21,15293,8480,6813,43,26,39,93,46.2%,332.4,184.3,148.1,0.93,0.57,0.85,2.02,325.4,180.4,145.0,0.91,0.55,0.83,1.98,129,96,2.8,2.09,2.74,2.04
Contender,RSC000994,The_Elder_Pickle,Samurai,The Sovereign,Lunar,55.0,645,49,0.678,0.714,35,14,14503,8310,6193,37,36,36,101,36.6%,298.6,171.1,127.5,0.76,0.74,0.74,2.08,296.0,169.6,126.4,0.76,0.73,0.73,2.06,139,86,2.86,1.77,2.84,1.76
Contender,RSC001021,Sef_Assasin666,Rattlers,The Serpents,Lunar,54.1,626,47,0.553,0.596,28,19,15545,8530,7015,42,22,42,113,37.2%,329.8,180.9,148.8,0.89,0.47,0.89,2.4,330.7,181.5,149.3,0.89,0.47,0.89,2.4,127,111,2.69,2.35,2.7,2.36
Contender,RSC002753,Jibletsmasher,Wobbegongs,Shark Attack,Lunar,54.1,571,43,0.528,0.488,21,22,15186,8410,6776,41,12,52,111,36.9%,353.2,195.6,157.6,0.95,0.28,1.21,2.58,353.2,195.6,157.6,0.95,0.28,1.21,2.58,98,91,2.28,2.12,2.28,2.12
Contender,RSC002823,Sussurance_Blm,Snap-Its,Fallout Shelter,Solar,53.6,520,42,0.462,0.452,19,23,12398,6520,5878,21,26,48,72,29.2%,316.6,166.5,150.1,0.54,0.66,1.23,1.84,295.2,155.2,140.0,0.5,0.62,1.14,1.71,88,97,2.25,2.48,2.1,2.31
Contender,,Derrrrr.,Snap-Its,Fallout Shelter,Solar,52.6,488,38,0.405,0.342,13,25,11967,7090,4877,35,18,38,79,44.3%,325.6,192.9,132.7,0.95,0.49,1.03,2.15,314.9,186.6,128.3,0.92,0.47,1.0,2.08,80,102,2.18,2.78,2.11,2.68
Contender,RSC002847,Reeve,Owls,Birds of Prey,Solar,52.4,556,42,0.445,0.452,19,23,13307,7600,5707,39,17,34,115,33.9%,317.8,181.5,136.3,0.93,0.41,0.81,2.75,316.8,181.0,135.9,0.93,0.4,0.81,2.74,101,116,2.41,2.77,2.4,2.76
Contender,RSC001551,Paintballp,Beans,The Garden,Lunar,51.9,611,46,0.354,0.37,17,29,15424,8230,7194,34,19,57,103,33.0%,335.2,178.9,156.4,0.74,0.41,1.24,2.24,335.3,178.9,156.4,0.74,0.41,1.24,2.24,87,128,1.89,2.78,1.89,2.78
Contender,RSC002354,Aresofsparta1,Pterodactyls,Dino Park,Solar,51.2,649,48,0.43,0.354,17,31,15643,8950,6693,31,25,72,100,31.0%,320.1,183.1,136.9,0.63,0.51,1.47,2.05,325.9,186.5,139.4,0.65,0.52,1.5,2.08,99,119,2.03,2.43,2.06,2.48
Contender,RSC002318,Langille_21,Sea Turtles,The Ocean,Solar,51.1,627,48,0.5,0.521,25,23,15658,8730,6928,41,21,52,98,41.8%,331.6,184.9,146.7,0.87,0.44,1.1,2.08,326.2,181.9,144.3,0.85,0.44,1.08,2.04,110,110,2.33,2.33,2.29,2.29
Contender,RSC001031,Ab26Panther,Snap-Its,Fallout Shelter,Solar,51.1,582,46,0.44,0.435,20,26,14588,8340,6248,43,16,44,104,41.3%,332.9,190.3,142.6,0.98,0.37,1.0,2.37,317.1,181.3,135.8,0.93,0.35,0.96,2.26,97,113,2.21,2.58,2.11,2.46
Contender,,Grumpusdad,Thunder Buddies,Electric Mayhem,Lunar,50.7,587,42,0.659,0.667,28,14,12873,7630,5243,33,28,39,98,33.7%,291.2,172.6,118.6,0.75,0.63,0.88,2.22,306.5,181.7,124.8,0.79,0.67,0.93,2.33,125,82,2.83,1.86,2.98,1.95
Contender,RSC002361,Chadeu,Sea Turtles,The Ocean,Solar,50.6,576,44,0.508,0.523,23,21,13613,7880,5733,35,20,47,103,34.0%,313.8,181.7,132.2,0.81,0.46,1.08,2.37,309.4,179.1,130.3,0.8,0.45,1.07,2.34,95,93,2.19,2.14,2.16,2.11
Contender,RSC001032,Sanch3Z020,"Spearmint
Prelude","Minty Fresh
Magnum Opus",Solar,48.7,478,34,0.517,0.5,17,17,10612,5940,4672,25,23,32,69,36.2%,294.8,165.0,129.8,0.69,0.64,0.89,1.92,312.1,174.7,137.4,0.74,0.68,0.94,2.03,95,91,2.64,2.53,2.79,2.68
Contender,RSC002543,Tyty.,"Prelude
Biskitties","Magnum Opus
The Cat Cafe",Solar,48.2,479,34,0.593,0.588,20,14,11423,6610,4813,28,17,45,71,39.4%,316.7,183.2,133.4,0.78,0.47,1.25,1.97,336.0,194.4,141.6,0.82,0.5,1.32,2.09,93,73,2.58,2.02,2.74,2.15
Contender,RSC000305,Dtduno,"Samurai
Snap-Its","The Sovereign
Fallout Shelter",Solar,47.5,289,23,0.478,0.435,10,13,6254,3330,2924,11,14,22,43,25.6%,287.4,153.0,134.4,0.51,0.64,1.01,1.98,271.9,144.8,127.1,0.48,0.61,0.96,1.87,51,54,2.34,2.48,2.22,2.35
Contender,RSC002346,Pnasty,Roaches,The Swarm,Solar,45.5,652,48,0.545,0.5,24,24,15334,9230,6104,45,18,55,108,41.7%,312.3,188.0,124.3,0.92,0.37,1.12,2.2,319.5,192.3,127.2,0.94,0.38,1.15,2.25,119,106,2.42,2.16,2.48,2.21
Contender,RSC002486,Derppanther,"Mariner
Chasms","Mission Control
North American Soccar Club",Solar,45.1,522,42,0.542,0.595,25,17,11918,6790,5128,35,15,32,94,37.2%,303.2,172.7,130.5,0.89,0.38,0.81,2.39,283.8,161.7,122.1,0.83,0.36,0.76,2.24,98,88,2.49,2.24,2.33,2.1
Contender,RSC001979,Bnasty285,Wobbegongs,Shark Attack,Lunar,45.0,192,14,0.477,0.429,6,8,4492,2540,1952,13,5,13,34,38.2%,310.7,175.7,135.0,0.9,0.35,0.9,2.35,320.9,181.4,139.4,0.93,0.36,0.93,2.43,33,35,2.28,2.42,2.36,2.5
Contender,,Spades,Chasms,North American Soccar Club,Solar,44.9,522,44,0.284,0.341,15,29,12351,6350,6001,24,16,47,80,30.0%,314.2,161.5,152.7,0.61,0.41,1.2,2.04,280.7,144.3,136.4,0.55,0.36,1.07,1.82,71,127,1.81,3.23,1.61,2.89
Contender,RSC000821,Elliotthill18,Pomodoro,Fifty-Fifty Pizzeria,Lunar,44.1,614,47,0.466,0.489,23,24,14685,8160,6525,37,17,54,91,40.7%,317.6,176.5,141.1,0.8,0.37,1.17,1.97,312.4,173.6,138.8,0.79,0.36,1.15,1.94,110,120,2.38,2.6,2.34,2.55
Contender,,Gamerover40,Biskitties,The Cat Cafe,Lunar,44.1,287,22,0.5,0.5,11,11,6464,3610,2854,11,14,31,26,42.3%,299.1,167.0,132.1,0.51,0.65,1.43,1.2,293.8,164.1,129.7,0.5,0.64,1.41,1.18,54,54,2.5,2.5,2.45,2.45
Contender,RSC000963,Sup3Rm4N,Thunder Buddies,Electric Mayhem,Lunar,42.7,498,35,0.653,0.657,23,12,11041,5840,5201,24,18,36,74,32.4%,294.4,155.7,138.7,0.64,0.48,0.96,1.97,315.5,166.9,148.6,0.69,0.51,1.03,2.11,97,64,2.59,1.71,2.77,1.83
Contender,RSC003005,Multi-Trick_Pony,Sea Turtles,The Ocean,Solar,42.2,103,8,0.315,0.375,3,5,2368,1210,1158,5,3,8,16,31.3%,305.3,156.0,149.3,0.64,0.39,1.03,2.06,296.0,151.3,144.8,0.63,0.38,1.0,2.0,14,23,1.8,2.97,1.75,2.88
Contender,RSC000741,Svg_Kingcanix,Bingo Hall,Boomer Union,Lunar,42.1,393,30,0.357,0.433,13,17,8910,5310,3600,26,9,31,71,36.6%,301.1,179.4,121.6,0.88,0.3,1.05,2.4,297.0,177.0,120.0,0.87,0.3,1.03,2.37,60,87,2.03,2.94,2.0,2.9
Contender,RSC002160,Slingshot_Db,Pomodoro,Fifty-Fifty Pizzeria,Lunar,41.2,587,46,0.455,0.457,21,25,12394,6780,5614,26,25,43,78,33.3%,280.4,153.4,127.0,0.59,0.57,0.97,1.76,269.4,147.4,122.0,0.57,0.54,0.93,1.7,99,111,2.24,2.51,2.15,2.41
Contender,,Peril,Beans,The Garden,Lunar,40.8,326,24,0.402,0.417,10,14,7281,3890,3391,15,10,28,49,30.6%,296.6,158.5,138.1,0.61,0.41,1.14,2.0,303.4,162.1,141.3,0.63,0.42,1.17,2.04,47,61,1.91,2.48,1.96,2.54
Contender,RSC000642,Mawneer,Chasms,North American Soccar Club,Solar,39.6,292,23,0.389,0.435,10,13,5877,3300,2577,8,15,29,30,26.7%,267.3,150.1,117.2,0.36,0.68,1.32,1.36,255.5,143.5,112.0,0.35,0.65,1.26,1.3,45,60,2.05,2.73,1.96,2.61
Contender,,Tylr,Spearmint,Minty Fresh,Solar,38.6,220,17,0.232,0.235,4,13,5190,2510,2680,8,6,23,26,30.8%,313.3,151.5,161.8,0.48,0.36,1.39,1.57,305.3,147.6,157.6,0.47,0.35,1.35,1.53,24,52,1.45,3.14,1.41,3.06
Contender,RSC000194,Crzykil,Dart Frogs,The Jungle,Solar,38.5,637,49,0.61,0.571,28,21,12469,7200,5269,32,28,34,90,35.6%,259.9,150.1,109.8,0.67,0.58,0.71,1.88,254.5,146.9,107.5,0.65,0.57,0.69,1.84,134,101,2.79,2.11,2.73,2.06
Contender,RSC000896,Ncreds,Secte Rouge,The Order,Lunar,38.4,690,52,0.57,0.5,26,26,13823,7980,5843,43,26,26,108,39.8%,266.0,153.6,112.5,0.83,0.5,0.5,2.08,265.8,153.5,112.4,0.83,0.5,0.5,2.08,132,110,2.54,2.12,2.54,2.12
Contender,RSC000411,Spritemichaeler,Biskitties,The Cat Cafe,Lunar,37.5,581,44,0.381,0.318,14,30,11908,6360,5548,25,23,39,76,32.9%,272.2,145.4,126.8,0.57,0.53,0.89,1.74,270.6,144.5,126.1,0.57,0.52,0.89,1.73,92,125,2.1,2.86,2.09,2.84
Contender,RSC002795,Eaglexxeye1998,Blobfish,The Abyss,Lunar,37.2,301,24,0.669,0.792,19,5,5571,3050,2521,11,14,16,45,24.4%,245.8,134.6,111.2,0.49,0.62,0.71,1.99,232.1,127.1,105.0,0.46,0.58,0.67,1.88,63,40,2.78,1.76,2.63,1.67
Contender,RSC002093,Jonesopolis,Bingo Hall,Boomer Union,Lunar,36.1,658,49,0.289,0.286,14,35,14296,7470,6826,28,17,57,97,28.9%,288.5,150.8,137.8,0.57,0.34,1.15,1.96,291.8,152.4,139.3,0.57,0.35,1.16,1.98,91,160,1.84,3.23,1.86,3.27
Contender,RSC001871,Thewainmaker,Blobfish,The Abyss,Lunar,35.1,445,33,0.6,0.667,22,11,9055,5490,3565,24,15,35,59,40.7%,270.2,163.8,106.4,0.72,0.45,1.04,1.76,274.4,166.4,108.0,0.73,0.45,1.06,1.79,87,67,2.6,2.0,2.64,2.03
Contender,RSC001143,Billyspleen13,"Chasms
Mariner","North American Soccar Club
Mission Control",Solar,34.2,341,26,0.493,0.538,14,12,7386,4030,3356,17,8,29,48,35.4%,287.6,156.9,130.7,0.66,0.31,1.13,1.87,284.1,155.0,129.1,0.65,0.31,1.12,1.85,58,59,2.26,2.3,2.23,2.27
Contender,RSC002021,Perk_At_Play,Samurai,The Sovereign,Lunar,33.8,314,24,0.586,0.542,13,11,5781,3120,2661,13,15,14,37,35.1%,244.5,131.9,112.5,0.55,0.63,0.59,1.56,240.9,130.0,110.9,0.54,0.63,0.58,1.54,66,53,2.79,2.24,2.75,2.21
Contender,RSC000850,Jcrdude,Mariner,Mission Control,Solar,32.7,281,22,0.632,0.682,15,7,5412,2950,2462,11,12,19,30,36.7%,255.8,139.4,116.3,0.52,0.57,0.9,1.42,246.0,134.1,111.9,0.5,0.55,0.86,1.36,58,41,2.74,1.94,2.64,1.86
Contender,RSC002491,Skilledace,Roaches,The Swarm,Solar,32.5,511,37,0.509,0.486,18,19,9646,5750,3896,22,21,38,60,36.7%,250.7,149.4,101.2,0.57,0.55,0.99,1.56,260.7,155.4,105.3,0.59,0.57,1.03,1.62,88,86,2.29,2.23,2.38,2.32
Contender,RSC000744,Risenwolfchamp,Prelude,Magnum Opus,Solar,31.5,526,37,0.741,0.757,28,9,9356,5470,3886,25,22,23,72,34.7%,236.2,138.1,98.1,0.63,0.56,0.58,1.82,252.9,147.8,105.0,0.68,0.59,0.62,1.95,130,67,3.28,1.69,3.51,1.81
Contender,RSC002515,Preflight,Beans,The Garden,Lunar,31.3,564,42,0.373,0.357,15,27,11929,6240,5689,29,11,39,84,34.5%,280.9,146.9,133.9,0.68,0.26,0.92,1.98,284.0,148.6,135.5,0.69,0.26,0.93,2.0,80,112,1.88,2.64,1.9,2.67
Contender,RSC000086,Stale Popcorn,"Bingo Hall
Pterodactyls","Boomer Union
Dino Park",Lunar,30.8,237,17,0.362,0.412,7,10,4764,2360,2404,9,7,16,31,29.0%,266.9,132.2,134.7,0.5,0.39,0.9,1.74,280.2,138.8,141.4,0.53,0.41,0.94,1.82,31,45,1.74,2.52,1.82,2.65
Contender,RSC000086,Stale Popcorn,"Bingo Hall
Pterodactyls","Boomer Union
Dino Park",Lunar,30.8,237,17,0.362,0.412,7,10,4764,2360,2404,9,7,16,31,29.0%,266.9,132.2,134.7,0.5,0.39,0.9,1.74,280.2,138.8,141.4,0.53,0.41,0.94,1.82,31,45,1.74,2.52,1.82,2.65
Contender,RSC002771,Deafboyjunior,Owls,Birds of Prey,Solar,29.7,622,48,0.444,0.5,24,24,11348,5730,5618,25,27,24,68,36.8%,242.3,122.3,119.9,0.53,0.58,0.51,1.45,236.4,119.4,117.0,0.52,0.56,0.5,1.42,114,131,2.43,2.8,2.38,2.73
Contender,,Drac.,Thunder Buddies,Electric Mayhem,Lunar,29.3,522,37,0.633,0.649,24,13,9358,5290,4068,19,22,34,59,32.2%,238.1,134.6,103.5,0.48,0.56,0.86,1.5,252.9,143.0,109.9,0.51,0.59,0.92,1.59,104,73,2.65,1.86,2.81,1.97
Contender,RSC001836,Zignian,Pterodactyls,Dino Park,Solar,29.1,564,44,0.468,0.409,18,26,11129,5670,5459,23,14,37,82,28.0%,262.0,133.5,128.5,0.54,0.33,0.87,1.93,252.9,128.9,124.1,0.52,0.32,0.84,1.86,94,102,2.21,2.4,2.14,2.32
Contender,RSC002774,Jkelley,Snap-Its,Fallout Shelter,Solar,28.9,144,11,0.395,0.364,4,7,2435,1160,1275,3,6,7,21,14.3%,224.6,107.0,117.6,0.28,0.55,0.65,1.94,221.4,105.5,115.9,0.27,0.55,0.64,1.91,18,24,1.66,2.21,1.64,2.18
Contender,RSC001250,Doctor Vegas,Bingo Hall,Boomer Union,Lunar,28.4,168,13,0.299,0.231,3,10,3222,1710,1512,6,4,13,26,23.1%,254.7,135.2,119.5,0.47,0.32,1.03,2.06,247.8,131.5,116.3,0.46,0.31,1.0,2.0,20,35,1.58,2.77,1.54,2.69
Contender,RSC001250,Doctor Vegas,Bingo Hall,Boomer Union,Lunar,28.4,168,13,0.299,0.231,3,10,3222,1710,1512,6,4,13,26,23.1%,254.7,135.2,119.5,0.47,0.32,1.03,2.06,247.8,131.5,116.3,0.46,0.31,1.0,2.0,20,35,1.58,2.77,1.54,2.69
Contender,RSC002421,Marm,"Pterodactyls
Chasms","Dino Park
North American Soccar Club",Solar,28.2,206,17,0.201,0.176,3,14,4329,2210,2119,8,4,19,26,30.8%,279.1,142.5,136.6,0.52,0.26,1.22,1.68,254.6,130.0,124.6,0.47,0.24,1.12,1.53,21,51,1.35,3.29,1.24,3.0
Contender,RSC002461,Mimzy Dangerous,Beans,The Garden,Lunar,27.4,539,41,0.327,0.293,12,29,10702,5740,4962,19,15,50,59,32.2%,263.7,141.4,122.2,0.47,0.37,1.23,1.45,261.0,140.0,121.0,0.46,0.37,1.22,1.44,75,119,1.85,2.93,1.83,2.9
Contender,RSC000385,Sgtboom09,Owls,Birds of Prey,Solar,26.4,255,19,0.302,0.316,6,13,4612,2730,1882,14,8,12,33,42.4%,240.2,142.2,98.0,0.73,0.42,0.62,1.72,242.7,143.7,99.1,0.74,0.42,0.63,1.74,43,71,2.24,3.7,2.26,3.74
Contender,RSC002362,Teriyakichild,"Dart Frogs
Sea Turtles","The Jungle
The Ocean",Solar,26.4,186,14,0.286,0.286,4,10,3366,1890,1476,6,7,15,19,31.6%,240.3,134.9,105.4,0.43,0.5,1.07,1.36,240.4,135.0,105.4,0.43,0.5,1.07,1.36,30,52,2.14,3.71,2.14,3.71
Contender,RSC001025,L3G1T L3Ge3Nd,Biskitties,The Cat Cafe,Lunar,25.4,367,28,0.283,0.179,5,23,6939,3740,3199,12,10,32,44,27.3%,251.1,135.3,115.8,0.43,0.36,1.16,1.59,247.8,133.6,114.3,0.43,0.36,1.14,1.57,47,85,1.7,3.08,1.68,3.04
Contender,RSC002925,Poe,"Snap-Its
Chasms
Bingo Hall","Fallout Shelter
North American Soccar Club
Boomer Union",Solar,24.7,404,32,0.188,0.188,6,26,7720,3700,4020,12,9,30,55,21.8%,253.8,121.6,132.1,0.39,0.3,0.99,1.81,241.3,115.6,125.6,0.38,0.28,0.94,1.72,45,112,1.48,3.68,1.41,3.5
Contender,RSC002554,Trexreaper,Wobbegongs,Shark Attack,Lunar,24.6,356,27,0.443,0.37,10,17,6403,3380,3023,16,9,16,53,30.2%,238.8,126.1,112.8,0.6,0.34,0.6,1.98,237.1,125.2,112.0,0.59,0.33,0.59,1.96,56,65,2.09,2.42,2.07,2.41
Contender,RSC002796,Carno,Spearmint,Minty Fresh,Solar,24.6,590,44,0.343,0.318,14,30,10590,6260,4330,22,19,49,66,33.3%,238.4,140.9,97.5,0.5,0.43,1.1,1.49,240.7,142.3,98.4,0.5,0.43,1.11,1.5,89,134,2.0,3.02,2.02,3.05
Contender,RSC001876,Patrickshwastey,Bingo Hall,Boomer Union,Lunar,18.9,247,18,0.232,0.278,5,13,4491,2380,2111,8,5,21,28,28.6%,241.4,128.0,113.5,0.43,0.27,1.13,1.51,249.5,132.2,117.3,0.44,0.28,1.17,1.56,29,62,1.56,3.33,1.61,3.44
Contender,RSC000214,Papahoff420,Bingo Hall,Boomer Union,Lunar,17.2,79,7,0.27,0.143,1,6,1500,700,800,3,2,5,5,60.0%,252.1,117.7,134.5,0.5,0.34,0.84,0.84,214.3,100.0,114.3,0.43,0.29,0.71,0.71,14,25,2.35,4.2,2.0,3.57
Contender,RSC002144,Dead Friend7,"Sea Turtles
Bingo Hall","The Ocean
Boomer Union",Lunar,17.0,290,19,0.243,0.263,5,14,5125,2910,2215,10,7,26,26,38.5%,234.7,133.3,101.4,0.46,0.32,1.19,1.19,269.7,153.2,116.6,0.53,0.37,1.37,1.37,35,72,1.6,3.3,1.84,3.79
Contender,RSC002911,Alextross,Dart Frogs,The Jungle,Solar,8.7,95,7,0.412,0.429,3,4,1370,720,650,1,3,8,7,14.3%,191.5,100.6,90.9,0.14,0.42,1.12,0.98,195.7,102.9,92.9,0.14,0.43,1.14,1.0,16,20,2.24,2.8,2.29,2.86
Contender,RSC000048,Pablo V2,"Biskitties
Sea Turtles","The Cat Cafe
The Ocean",Lunar,8.5,64,5,0.152,0.0,0,5,1183,760,423,4,0,6,6,66.7%,245.5,157.7,87.8,0.83,0.0,1.24,1.24,236.6,152.0,84.6,0.8,0.0,1.2,1.2,7,20,1.45,4.15,1.4,4.0
Contender,RSC000930,Solidfisher63,Rattlers,The Serpents,Lunar,8.5,320,23,0.416,0.391,9,14,4236,2150,2086,7,11,12,30,23.3%,175.8,89.2,86.6,0.29,0.46,0.5,1.24,184.2,93.5,90.7,0.3,0.48,0.52,1.3,55,68,2.28,2.82,2.39,2.96
Contender,RSC003025,Mfbirdman,Chasms,North American Soccar Club,Solar,6.0,43,3,0.23,0.333,1,2,712,360,352,3,0,0,6,50.0%,219.9,111.2,108.7,0.93,0.0,0.0,1.85,237.3,120.0,117.3,1.0,0.0,0.0,2.0,4,9,1.24,2.78,1.33,3.0
Contender,,Nukem,"Sea Turtles
Chasms","The Ocean
North American Soccar Club",Solar,4.8,217,20,0.197,0.3,6,14,3206,1510,1696,6,5,10,16,37.5%,196.2,92.4,103.8,0.37,0.31,0.61,0.98,160.3,75.5,84.8,0.3,0.25,0.5,0.8,25,60,1.53,3.67,1.25,3.0
Contender,,Razzr Elite,Pterodactyls,Dino Park,Solar,3.8,16,1,0.383,0.0,0,1,284,210,74,1,0,2,1,100.0%,235.7,174.3,61.4,0.83,0.0,1.66,0.83,284.0,210.0,74.0,1.0,0.0,2.0,1.0,3,4,2.49,3.32,3.0,4.0
Contender,RSC000466,Underbreadbore,Spearmint,Minty Fresh,Solar,1.1,312,21,0.225,0.143,3,18,4510,2240,2270,11,4,13,29,37.9%,192.0,95.3,96.6,0.47,0.17,0.55,1.23,214.8,106.7,108.1,0.52,0.19,0.62,1.38,35,77,1.49,3.28,1.67,3.67
Contender,RSC002828,D1Rew00F,Pomodoro,Fifty-Fifty Pizzeria,Lunar,-24.4,108,8,0.079,0.0,0,8,1066,500,566,1,0,7,5,20.0%,131.1,61.5,69.6,0.12,0.0,0.86,0.61,133.3,62.5,70.8,0.13,0.0,0.88,0.63,7,33,0.86,4.06,0.88,4.13
Challenger,RSC002210,Ninjatron,Metal,The Elements,Lunar,105.2,739,50,0.74,0.72,36,14,23262,14440,8822,78,44,50,194,40.2%,456.9,283.6,173.3,1.53,0.86,0.98,3.81,465.2,288.8,176.4,1.56,0.88,1.0,3.88,176,92,3.46,1.81,3.52,1.84
Challenger,RSC002620,Instnt,"Solar Flares
Aurora","North American Soccar Club
The Cosmos",Solar,89.1,615,46,0.6,0.565,26,20,18550,10960,7590,56,31,50,131,42.7%,437.8,258.7,179.1,1.32,0.73,1.18,3.09,403.3,238.3,165.0,1.22,0.67,1.09,2.85,126,98,2.97,2.31,2.74,2.13
Challenger,RSC000880,Jamesy,Pioneer,Mission Control,Solar,87.5,757,52,0.735,0.712,37,15,22215,13780,8435,67,39,69,168,39.9%,426.0,264.2,161.7,1.28,0.75,1.32,3.22,427.2,265.0,162.2,1.29,0.75,1.33,3.23,155,80,2.97,1.53,2.98,1.54
Challenger,RSC002109,Twonsleberry,Metal,The Elements,Lunar,83.9,624,42,0.743,0.738,31,11,16705,10560,6145,55,43,31,136,40.4%,388.6,245.7,142.9,1.28,1.0,0.72,3.16,397.7,251.4,146.3,1.31,1.02,0.74,3.24,160,84,3.72,1.95,3.81,2.0
Challenger,RSC002856,Hot Chocolate,Isopods,The Abyss,Lunar,79.6,746,49,0.571,0.653,32,17,21698,12800,8898,58,29,80,155,37.4%,422.2,249.1,173.1,1.13,0.56,1.56,3.02,442.8,261.2,181.6,1.18,0.59,1.63,3.16,130,108,2.53,2.1,2.65,2.2
Challenger,RSC000754,Dfitz,Squalls,Storm,Solar,79.6,447,33,0.726,0.788,26,7,12611,7230,5381,32,23,40,88,36.4%,409.5,234.8,174.7,1.04,0.75,1.3,2.86,382.2,219.1,163.1,0.97,0.7,1.21,2.67,95,51,3.08,1.66,2.88,1.55
Challenger,,Krev,Squalls,Storm,Solar,78.5,398,29,0.551,0.655,19,10,11069,6140,4929,31,16,27,89,34.8%,403.7,223.9,179.8,1.13,0.58,0.98,3.25,381.7,211.7,170.0,1.07,0.55,0.93,3.07,75,66,2.74,2.41,2.59,2.28
Challenger,,Ezra Bans,Solar Flares,North American Soccar Club,Solar,77.1,52,4,0.721,0.75,3,1,1569,1090,479,6,2,6,9,66.7%,438.0,304.3,133.7,1.67,0.56,1.67,2.51,392.3,272.5,119.8,1.5,0.5,1.5,2.25,11,6,3.07,1.67,2.75,1.5
Challenger,RSC000774,Eartharc2157,Spartans,The Sovereign,Lunar,74.8,923,59,0.685,0.746,44,15,25386,15950,9436,77,38,88,195,39.5%,399.2,250.8,148.4,1.21,0.6,1.38,3.07,430.3,270.3,159.9,1.31,0.64,1.49,3.31,179,108,2.82,1.7,3.03,1.83
Challenger,RSC002812,Gtg Sugar,Hydralisks,The Swarm,Solar,74.7,840,56,0.619,0.589,33,23,21959,13060,8899,54,48,71,171,31.6%,379.5,225.7,153.8,0.93,0.83,1.23,2.95,392.1,233.2,158.9,0.96,0.86,1.27,3.05,168,124,2.9,2.14,3.0,2.21
Challenger,RSC001936,Meka Fusion,Paperboys,8-Bit Brigade,Lunar,74.6,142,10,0.562,0.6,6,4,3727,2240,1487,9,10,12,24,37.5%,381.0,229.0,152.0,0.92,1.02,1.23,2.45,372.7,224.0,148.7,0.9,1.0,1.2,2.4,28,24,2.86,2.45,2.8,2.4
Challenger,RSC002423,Cubby,Stingrays,The Ocean,Solar,73.2,378,26,0.754,0.885,23,3,9838,6380,3458,37,18,19,83,44.6%,377.8,245.0,132.8,1.42,0.69,0.73,3.19,378.4,245.4,133.0,1.42,0.69,0.73,3.19,92,46,3.53,1.77,3.54,1.77
Challenger,RSC001004,Rogers,Stingrays,The Ocean,Solar,73.2,817,58,0.613,0.655,38,20,22720,13120,9600,63,33,72,157,40.1%,403.7,233.1,170.6,1.12,0.59,1.28,2.79,391.7,226.2,165.5,1.09,0.57,1.24,2.71,164,123,2.91,2.19,2.83,2.12
Challenger,RSC002742,Rob Bee,Pioneer,Mission Control,Solar,72.6,811,55,0.697,0.673,37,18,21631,13160,8471,52,44,85,151,34.4%,387.2,235.5,151.6,0.93,0.79,1.52,2.7,393.3,239.3,154.0,0.95,0.8,1.55,2.75,155,90,2.77,1.61,2.82,1.64
Challenger,,Snaz,Toucans,The Jungle,Solar,71.9,196,15,0.467,0.467,7,8,5331,3040,2291,13,10,18,34,38.2%,394.8,225.1,169.7,0.96,0.74,1.33,2.52,355.4,202.7,152.7,0.87,0.67,1.2,2.27,36,39,2.67,2.89,2.4,2.6
Challenger,RSC001067,Dranearian,Aurora,The Cosmos,Solar,71.4,85,7,0.658,0.571,4,3,2662,1570,1092,7,2,13,12,58.3%,454.6,268.1,186.5,1.2,0.34,2.22,2.05,380.3,224.3,156.0,1.0,0.29,1.86,1.71,14,9,2.39,1.54,2.0,1.29
Challenger,RSC000955,Cameroncurry77,Midday Naps,Boomer Union,Lunar,71.2,884,58,0.696,0.655,38,20,22004,13580,8424,65,54,52,178,36.5%,361.3,223.0,138.3,1.07,0.89,0.85,2.92,379.4,234.1,145.2,1.12,0.93,0.9,3.07,192,114,3.15,1.87,3.31,1.97
Challenger,RSC002402,Perc,Stingrays,The Ocean,Solar,70.4,657,48,0.56,0.604,29,19,16831,9550,7281,36,39,56,120,30.0%,371.9,211.0,160.9,0.8,0.86,1.24,2.65,350.6,199.0,151.7,0.75,0.81,1.17,2.5,120,103,2.65,2.28,2.5,2.15
Challenger,RSC000960,Catlas,Threshers,Shark Attack,Lunar,67.9,912,60,0.641,0.733,44,16,24582,14350,10232,72,30,77,180,40.0%,391.3,228.4,162.9,1.15,0.48,1.23,2.86,409.7,239.2,170.5,1.2,0.5,1.28,3.0,170,117,2.71,1.86,2.83,1.95
Challenger,RSC002667,Connor,Squalls,Storm,Solar,67.1,718,52,0.65,0.712,37,15,18109,10490,7619,54,31,41,149,36.2%,366.1,212.1,154.0,1.09,0.63,0.83,3.01,348.3,201.7,146.5,1.04,0.6,0.79,2.87,145,98,2.93,1.98,2.79,1.88
Challenger,RSC000233,Lilprsnwithanger,Toucans,The Jungle,Solar,66.2,792,60,0.444,0.467,28,32,22151,11690,10461,52,25,79,129,40.3%,406.0,214.3,191.7,0.95,0.46,1.45,2.36,369.2,194.8,174.4,0.87,0.42,1.32,2.15,125,144,2.29,2.64,2.08,2.4
Challenger,RSC002387,Kcaz_Modo,Triceratops,Dino Park,Solar,65.7,827,56,0.559,0.554,31,25,21330,12480,8850,60,30,66,168,35.7%,374.4,219.1,155.3,1.05,0.53,1.16,2.95,380.9,222.9,158.0,1.07,0.54,1.18,3.0,152,131,2.67,2.3,2.71,2.34
Challenger,RSC000659,Atoll5,Hydralisks,The Swarm,Solar,65.6,890,60,0.628,0.6,36,24,22723,13340,9383,74,43,44,159,46.5%,370.6,217.6,153.0,1.21,0.7,0.72,2.59,378.7,222.3,156.4,1.23,0.72,0.73,2.65,177,127,2.89,2.07,2.95,2.12
Challenger,RSC000151,Bdbr,Flailers,The Quad Dynasty,Solar,65.3,847,59,0.314,0.305,18,41,22046,11670,10376,48,27,76,172,27.9%,377.8,200.0,177.8,0.82,0.46,1.3,2.95,373.7,197.8,175.9,0.81,0.46,1.29,2.92,105,173,1.8,2.96,1.78,2.93
Challenger,RSC000388,Dementedl,Hydralisks,The Swarm,Solar,65.2,50,4,0.828,0.75,3,1,1190,670,520,2,2,5,12,16.7%,345.5,194.5,151.0,0.58,0.58,1.45,3.48,297.5,167.5,130.0,0.5,0.5,1.25,3.0,9,3,2.61,0.87,2.25,0.75
Challenger,RSC001082,☭ Tuxedo Marx ☭,Fruity Phantoms,Spooky Breakfast Gang,Solar,65.1,837,59,0.48,0.542,32,27,21367,12120,9247,56,28,67,177,31.6%,370.6,210.2,160.4,0.97,0.49,1.16,3.07,362.2,205.4,156.7,0.95,0.47,1.14,3.0,134,141,2.32,2.45,2.27,2.39
Challenger,RSC000081,Retroexplorer,Solar Flares,North American Soccar Club,Solar,64.2,475,34,0.717,0.676,23,11,11407,6770,4637,30,30,29,82,36.6%,348.6,206.9,141.7,0.92,0.92,0.89,2.51,335.5,199.1,136.4,0.88,0.88,0.85,2.41,112,63,3.42,1.93,3.29,1.85
Challenger,RSC001276,Electrify,Triceratops,Dino Park,Solar,63.6,872,60,0.537,0.517,31,29,22581,13230,9351,62,34,75,158,39.2%,375.9,220.2,155.7,1.03,0.57,1.25,2.63,376.4,220.5,155.9,1.03,0.57,1.25,2.63,156,142,2.6,2.36,2.6,2.37
Challenger,RSC002790,Belonkulay,Ospreys,Birds of Prey,Solar,63.3,747,53,0.473,0.415,22,31,20727,11360,9367,39,21,104,121,32.2%,402.8,220.7,182.0,0.76,0.41,2.02,2.35,391.1,214.3,176.7,0.74,0.4,1.96,2.28,110,118,2.14,2.29,2.08,2.23
Challenger,RSC000737,Alienhealer,"Threshers
Radishes","Shark Attack
The Garden",Lunar,62.1,650,43,0.647,0.721,31,12,16148,9870,6278,50,26,46,127,39.4%,360.6,220.4,140.2,1.12,0.58,1.03,2.84,375.5,229.5,146.0,1.16,0.6,1.07,2.95,132,90,2.95,2.01,3.07,2.09
Challenger,RSC000039,Impalerv,"Midday Naps
Spartans","Boomer Union
The Sovereign",Lunar,61.9,685,47,0.686,0.617,29,18,16218,9260,6958,37,38,48,126,29.4%,343.7,196.2,147.4,0.78,0.81,1.02,2.67,345.1,197.0,148.0,0.79,0.81,1.02,2.68,153,94,3.24,1.99,3.26,2.0
Challenger,RSC000708,Ledbone,Triceratops,Dino Park,Solar,61.1,417,27,0.591,0.63,17,10,9559,5000,4559,15,30,27,65,23.1%,332.7,174.0,158.7,0.52,1.04,0.94,2.26,354.0,185.2,168.9,0.56,1.11,1.0,2.41,83,66,2.89,2.3,3.07,2.44
Challenger,RSC000870,Viv1D,Pioneer,Mission Control,Solar,60.3,377,26,0.679,0.654,17,9,8807,5330,3477,25,17,24,78,32.1%,339.1,205.2,133.9,0.96,0.65,0.92,3.0,338.7,205.0,133.7,0.96,0.65,0.92,3.0,76,47,2.93,1.81,2.92,1.81
Challenger,RSC000468,Ned1Oo,Spartans,The Sovereign,Lunar,60.2,802,50,0.717,0.82,41,9,19711,11750,7961,51,31,71,155,32.9%,356.8,212.7,144.1,0.92,0.56,1.29,2.81,394.2,235.0,159.2,1.02,0.62,1.42,3.1,161,88,2.91,1.59,3.22,1.76
Challenger,,Riskay_Rl,"Radishes
Threshers","The Garden
Shark Attack",Lunar,60.0,485,30,0.48,0.533,16,14,10853,6410,4443,27,28,27,96,28.1%,324.8,191.8,133.0,0.81,0.84,0.81,2.87,361.8,213.7,148.1,0.9,0.93,0.9,3.2,78,82,2.33,2.45,2.6,2.73
Challenger,RSC002080,Tazy,Paperboys,8-Bit Brigade,Lunar,59.9,478,36,0.504,0.556,20,16,12291,7120,5171,31,19,46,77,40.3%,373.2,216.2,157.0,0.94,0.58,1.4,2.34,341.4,197.8,143.6,0.86,0.53,1.28,2.14,93,92,2.82,2.79,2.58,2.56
Challenger,,Soup,Midday Naps,Boomer Union,Lunar,59.2,881,58,0.697,0.655,38,20,21975,13980,7995,82,21,57,188,43.6%,362.1,230.3,131.7,1.35,0.35,0.94,3.1,378.9,241.0,137.8,1.41,0.36,0.98,3.24,188,111,3.1,1.83,3.24,1.91
Challenger,RSC000460,Nano,Freemasons,The Order,Lunar,59.0,686,46,0.601,0.609,28,18,16256,9720,6536,49,26,42,142,34.5%,344.0,205.7,138.3,1.04,0.55,0.89,3.0,353.4,211.3,142.1,1.07,0.57,0.91,3.09,131,101,2.77,2.14,2.85,2.2
Challenger,RSC002646,Mannhood,Tens,House of Cards,Lunar,58.6,542,41,0.573,0.585,24,17,13847,7630,6217,30,18,56,93,32.3%,370.8,204.3,166.5,0.8,0.48,1.5,2.49,337.7,186.1,151.6,0.73,0.44,1.37,2.27,92,76,2.46,2.04,2.24,1.85
Challenger,RSC000800,Berchy_,Dynamite,Fallout Shelter,Solar,57.8,740,52,0.419,0.423,22,30,18492,10370,8122,45,27,65,127,35.4%,362.7,203.4,159.3,0.88,0.53,1.28,2.49,355.6,199.4,156.2,0.87,0.52,1.25,2.44,120,147,2.35,2.88,2.31,2.83
Challenger,RSC002551,Pure_Strafez,Shock,Electric Mayhem,Lunar,57.5,734,50,0.265,0.26,13,37,19730,10800,8930,45,19,85,110,40.9%,390.2,213.6,176.6,0.89,0.38,1.68,2.18,394.6,216.0,178.6,0.9,0.38,1.7,2.2,95,178,1.88,3.52,1.9,3.56
Challenger,RSC002871,Matrixzthebad,Schnauzers,Puppy Paradise,Solar,57.4,778,48,0.509,0.583,28,20,18606,11100,7506,53,23,60,165,32.1%,347.1,207.1,140.0,0.99,0.43,1.12,3.08,387.6,231.3,156.4,1.1,0.48,1.25,3.44,130,127,2.43,2.37,2.71,2.65
Challenger,,Lmao Beer Me,Hydralisks,The Swarm,Solar,57.3,84,6,0.601,0.667,4,2,1960,1130,830,4,5,7,13,30.8%,338.7,195.3,143.4,0.69,0.86,1.21,2.25,326.7,188.3,138.3,0.67,0.83,1.17,2.17,18,14,3.11,2.42,3.0,2.33
Challenger,RSC003034,Limburger,Aria,Magnum Opus,Solar,57.1,46,3,0.693,0.667,2,1,1162,740,422,5,1,2,9,55.6%,366.7,233.5,133.2,1.58,0.32,0.63,2.84,387.3,246.7,140.7,1.67,0.33,0.67,3.0,10,6,3.16,1.89,3.33,2.0
Challenger,RSC003034,Limburger,Aria,Magnum Opus,Solar,57.1,46,3,0.693,0.667,2,1,1162,740,422,5,1,2,9,55.6%,366.7,233.5,133.2,1.58,0.32,0.63,2.84,387.3,246.7,140.7,1.67,0.33,0.67,3.0,10,6,3.16,1.89,3.33,2.0
Challenger,RSC000601,Bxffled,Aria,Magnum Opus,Solar,56.8,497,35,0.434,0.429,15,20,12563,6380,6183,22,18,50,78,28.2%,366.9,186.3,180.6,0.64,0.53,1.46,2.28,358.9,182.3,176.7,0.63,0.51,1.43,2.23,68,81,1.99,2.37,1.94,2.31
Challenger,RSC002267,Dooqal,Olog-hai,Middle Earth,Lunar,56.7,562,39,0.424,0.436,17,22,13383,7400,5983,28,24,48,100,28.0%,345.7,191.1,154.5,0.72,0.62,1.24,2.58,343.2,189.7,153.4,0.72,0.62,1.23,2.56,90,109,2.32,2.82,2.31,2.79
Challenger,RSC002648,Prisma,Guardians of the Galaxy,The Comic Crusaders,Lunar,56.6,354,22,0.482,0.409,9,13,8838,5260,3578,24,12,33,61,39.3%,362.4,215.7,146.7,0.98,0.49,1.35,2.5,401.7,239.1,162.6,1.09,0.55,1.5,2.77,67,70,2.75,2.87,3.05,3.18
Challenger,,Sadmello,Freemasons,The Order,Lunar,56.4,552,39,0.509,0.513,20,19,13103,7420,5683,32,22,42,102,31.4%,344.6,195.1,149.4,0.84,0.58,1.1,2.68,336.0,190.3,145.7,0.82,0.56,1.08,2.62,87,85,2.29,2.24,2.23,2.18
Challenger,RSC000946,Rebel,Freemasons,The Order,Lunar,56.3,600,41,0.652,0.659,27,14,14308,8180,6128,29,31,56,93,31.2%,346.2,197.9,148.3,0.7,0.75,1.35,2.25,349.0,199.5,149.5,0.71,0.76,1.37,2.27,118,79,2.85,1.91,2.88,1.93
Challenger,RSC002035,Thiccboieric,Tens,House of Cards,Lunar,56.2,615,45,0.54,0.533,24,21,14964,9030,5934,47,23,42,108,43.5%,353.2,213.1,140.1,1.11,0.54,0.99,2.55,332.5,200.7,131.9,1.04,0.51,0.93,2.4,103,93,2.43,2.2,2.29,2.07
Challenger,RSC000594,Hewhogrins,Tens,House of Cards,Lunar,56.2,628,46,0.559,0.543,25,21,15188,7900,7288,28,26,55,105,26.7%,351.1,182.6,168.5,0.65,0.6,1.27,2.43,330.2,171.7,158.4,0.61,0.57,1.2,2.28,106,91,2.45,2.1,2.3,1.98
Challenger,RSC000357,Primed,Metal,The Elements,Lunar,55.9,599,42,0.728,0.714,30,12,14501,8510,5991,45,20,38,111,40.5%,351.4,206.2,145.2,1.09,0.48,0.92,2.69,345.3,202.6,142.6,1.07,0.48,0.9,2.64,140,76,3.39,1.84,3.33,1.81
Challenger,,Steeze,Radishes,The Garden,Lunar,55.7,636,43,0.482,0.488,21,22,14561,8380,6181,40,27,36,123,32.5%,332.3,191.3,141.1,0.91,0.62,0.82,2.81,338.6,194.9,143.7,0.93,0.63,0.84,2.86,107,112,2.44,2.56,2.49,2.6
Challenger,RSC001394,Jordanmg,Schnauzers,Puppy Paradise,Solar,55.6,814,52,0.494,0.558,29,23,19751,10990,8761,44,27,75,149,29.5%,352.2,196.0,156.2,0.78,0.48,1.34,2.66,379.8,211.3,168.5,0.85,0.52,1.44,2.87,138,140,2.46,2.5,2.65,2.69
Challenger,RSC001872,Killinghabbits,"Schnauzers
Aurora","Puppy Paradise
The Cosmos",Solar,54.5,477,34,0.441,0.382,13,21,11959,6570,5389,26,17,48,72,36.1%,363.9,199.9,164.0,0.79,0.52,1.46,2.19,351.7,193.2,158.5,0.76,0.5,1.41,2.12,73,85,2.22,2.59,2.15,2.5
Challenger,RSC000234,Scud_Buster,Aurora,The Cosmos,Solar,53.2,310,23,0.516,0.565,13,10,7423,4310,3113,16,12,32,51,31.4%,347.6,201.8,145.8,0.75,0.56,1.5,2.39,322.7,187.4,135.3,0.7,0.52,1.39,2.22,51,49,2.39,2.29,2.22,2.13
Challenger,,Milk-Change,Fruity Phantoms,Spooky Breakfast Gang,Solar,52.8,475,34,0.444,0.471,16,18,11117,6000,5117,23,19,39,80,28.8%,339.7,183.4,156.4,0.7,0.58,1.19,2.44,327.0,176.5,150.5,0.68,0.56,1.15,2.35,70,81,2.14,2.48,2.06,2.38
Challenger,RSC001989,Avidreaper1117,Threshers,Shark Attack,Lunar,52.6,912,60,0.641,0.733,44,16,19913,11430,8483,38,41,76,178,21.3%,316.9,181.9,135.0,0.6,0.65,1.21,2.83,331.9,190.5,141.4,0.63,0.68,1.27,2.97,170,117,2.71,1.86,2.83,1.95
Challenger,RSC000322,Humble Potato,Recycling Bins,Waste Management,Solar,52.5,845,57,0.506,0.474,27,30,20120,11060,9060,41,35,78,131,31.3%,345.6,190.0,155.6,0.7,0.6,1.34,2.25,353.0,194.0,158.9,0.72,0.61,1.37,2.3,129,127,2.22,2.18,2.26,2.23
Challenger,,Phoenixtouch.,Dynamite,Fallout Shelter,Solar,52.3,622,45,0.396,0.4,18,27,13560,7010,6550,29,33,28,106,27.4%,316.5,163.6,152.9,0.68,0.77,0.65,2.47,301.3,155.8,145.6,0.64,0.73,0.62,2.36,101,131,2.36,3.06,2.24,2.91
Challenger,,Gman,"Aurora
Panda Bears","The Cosmos
The Bear Den",Solar,52.3,677,48,0.471,0.479,23,25,16000,8420,7580,37,25,47,112,33.0%,343.1,180.5,162.5,0.79,0.54,1.01,2.4,333.3,175.4,157.9,0.77,0.52,0.98,2.33,103,111,2.21,2.38,2.15,2.31
Challenger,RSC000320,Ryanawesome_,Panda Bears,The Bear Den,Lunar,52.1,826,55,0.494,0.473,26,29,18948,10290,8658,45,29,56,154,29.2%,333.0,180.8,152.2,0.79,0.51,0.98,2.71,344.5,187.1,157.4,0.82,0.53,1.02,2.8,120,122,2.11,2.14,2.18,2.22
Challenger,RSC001824,Yuseithree,Garlic Fingers,Fifty-Fifty Pizzeria,Lunar,52.1,808,56,0.396,0.357,20,36,19384,11120,8264,52,22,67,147,35.4%,348.2,199.8,148.5,0.93,0.4,1.2,2.64,346.1,198.6,147.6,0.93,0.39,1.2,2.63,126,164,2.26,2.95,2.25,2.93
Challenger,RSC002585,Wheats541,Solar Flares,North American Soccar Club,Solar,52.1,619,44,0.616,0.636,28,16,14530,8280,6250,36,24,49,103,35.0%,340.7,194.2,146.6,0.84,0.56,1.15,2.42,330.2,188.2,142.0,0.82,0.55,1.11,2.34,130,97,3.05,2.27,2.95,2.2
Challenger,RSC002810,Robertz,Freemasons,The Order,Lunar,51.4,689,48,0.564,0.563,27,21,16904,10150,6754,42,21,76,110,38.2%,356.1,213.8,142.3,0.88,0.44,1.6,2.32,352.2,211.5,140.7,0.88,0.44,1.58,2.29,117,99,2.46,2.09,2.44,2.06
Challenger,RSC000066,Itskengu,Recycling Bins,Waste Management,Solar,51.4,893,60,0.469,0.45,27,33,21058,12390,8668,45,35,94,144,31.3%,342.3,201.4,140.9,0.73,0.57,1.53,2.34,351.0,206.5,144.5,0.75,0.58,1.57,2.4,133,144,2.16,2.34,2.22,2.4
Challenger,RSC000066,Itskengu,Recycling Bins,Waste Management,Solar,51.4,893,60,0.469,0.45,27,33,21058,12390,8668,45,35,94,144,31.3%,342.3,201.4,140.9,0.73,0.57,1.53,2.34,351.0,206.5,144.5,0.75,0.58,1.57,2.4,133,144,2.16,2.34,2.22,2.4
Challenger,,† Booterzzz,Paperboys,8-Bit Brigade,Lunar,51.1,723,52,0.434,0.462,24,28,17626,10470,7156,45,30,70,97,46.4%,353.9,210.2,143.7,0.9,0.6,1.41,1.95,339.0,201.3,137.6,0.87,0.58,1.35,1.87,124,146,2.49,2.93,2.38,2.81
Challenger,,Lazaryo,Hydralisks,The Swarm,Solar,50.8,806,54,0.632,0.593,32,22,17887,10310,7577,43,36,56,141,30.5%,322.1,185.7,136.5,0.77,0.65,1.01,2.54,331.2,190.9,140.3,0.8,0.67,1.04,2.61,159,113,2.86,2.04,2.94,2.09
Challenger,RSC000959,Luqo,Kraits,The Serpents,Lunar,50.4,757,54,0.371,0.333,18,36,17440,10000,7440,49,19,53,150,32.7%,334.4,191.8,142.7,0.94,0.36,1.02,2.88,323.0,185.2,137.8,0.91,0.35,0.98,2.78,109,152,2.09,2.91,2.02,2.81
Challenger,RSC000379,Topsgod,Ospreys,Birds of Prey,Solar,50.0,548,39,0.42,0.359,14,25,12457,6450,6007,27,20,36,95,28.4%,330.0,170.9,159.1,0.72,0.53,0.95,2.52,319.4,165.4,154.0,0.69,0.51,0.92,2.44,71,88,1.88,2.33,1.82,2.26
Challenger,RSC002408,Gmoney,"Flailers
Kraits
Paperboys","The Quad Dynasty
The Serpents
8-Bit Brigade",Lunar,49.9,326,24,0.451,0.542,13,11,7378,3650,3728,11,17,25,45,24.4%,328.5,162.5,166.0,0.49,0.76,1.11,2.0,307.4,152.1,155.3,0.46,0.71,1.04,1.88,53,60,2.36,2.67,2.21,2.5
Challenger,RSC000324,Contagious_Tomfoolery,Tens,House of Cards,Lunar,49.8,666,48,0.535,0.479,23,25,15676,8670,7006,34,23,61,107,31.8%,341.7,189.0,152.7,0.74,0.5,1.33,2.33,326.6,180.6,146.0,0.71,0.48,1.27,2.23,116,106,2.53,2.31,2.42,2.21
Challenger,RSC002252,Djras1996,Guardians of the Galaxy,The Comic Crusaders,Lunar,48.9,392,25,0.323,0.2,5,20,9901,5330,4571,20,10,46,53,37.7%,366.6,197.4,169.3,0.74,0.37,1.7,1.96,396.0,213.2,182.8,0.8,0.4,1.84,2.12,50,80,1.85,2.96,2.0,3.2
Challenger,RSC000897,S1Nnerreborn,"Ameowricanos
Triceratops","The Cat Cafe
Dino Park",Solar,48.7,81,6,0.469,0.5,3,3,1675,900,775,3,4,5,15,20.0%,300.2,161.3,138.9,0.54,0.72,0.9,2.69,279.2,150.0,129.2,0.5,0.67,0.83,2.5,12,13,2.15,2.33,2.0,2.17
Challenger,RSC000182,Goose,Squalls,Storm,Solar,48.5,748,54,0.663,0.741,40,14,16424,9060,7364,43,34,37,121,35.5%,318.7,175.8,142.9,0.83,0.66,0.72,2.35,304.1,167.8,136.4,0.8,0.63,0.69,2.24,155,101,3.01,1.96,2.87,1.87
Challenger,RSC000182,Goose,Squalls,Storm,Solar,48.5,748,54,0.663,0.741,40,14,16424,9060,7364,43,34,37,121,35.5%,318.7,175.8,142.9,0.83,0.66,0.72,2.35,304.1,167.8,136.4,0.8,0.63,0.69,2.24,155,101,3.01,1.96,2.87,1.87
Challenger,RSC000012,Izumi,"Aurora
Solar Flares","The Cosmos
North American Soccar Club",Solar,48.1,374,28,0.313,0.321,9,19,8766,5040,3726,22,8,35,69,31.9%,340.2,195.6,144.6,0.85,0.31,1.36,2.68,313.1,180.0,133.1,0.79,0.29,1.25,2.46,48,79,1.86,3.07,1.71,2.82
Challenger,RSC002044,Jinseo,Metal,The Elements,Lunar,46.7,663,46,0.746,0.761,35,11,14296,8290,6006,35,38,40,89,39.3%,313.0,181.5,131.5,0.77,0.83,0.88,1.95,310.8,180.2,130.6,0.76,0.83,0.87,1.93,163,84,3.57,1.84,3.54,1.83
Challenger,RSC000729,Jack,Ameowricanos,The Cat Cafe,Lunar,46.7,117,8,0.661,0.875,7,1,2667,1330,1337,7,4,5,18,38.9%,330.9,165.0,165.9,0.87,0.5,0.62,2.23,333.4,166.3,167.1,0.88,0.5,0.63,2.25,23,15,2.85,1.86,2.88,1.88
Challenger,RSC002448,Feb,"Fruity Phantoms
Ameowricanos","Spooky Breakfast Gang
The Cat Cafe",Lunar,46.6,475,32,0.465,0.469,15,17,10815,5730,5085,24,17,35,73,32.9%,330.5,175.1,155.4,0.73,0.52,1.07,2.23,338.0,179.1,158.9,0.75,0.53,1.09,2.28,74,81,2.26,2.48,2.31,2.53
Challenger,RSC001724,Sweetnlow120,Polar Ice,Minty Fresh,Solar,46.4,513,36,0.449,0.528,19,17,11986,6450,5536,23,17,51,75,30.7%,339.2,182.5,156.6,0.65,0.48,1.44,2.12,332.9,179.2,153.8,0.64,0.47,1.42,2.08,69,79,1.95,2.24,1.92,2.19
Challenger,RSC001724,Sweetnlow120,Polar Ice,Minty Fresh,Solar,46.4,513,36,0.449,0.528,19,17,11986,6450,5536,23,17,51,75,30.7%,339.2,182.5,156.6,0.65,0.48,1.44,2.12,332.9,179.2,153.8,0.64,0.47,1.42,2.08,69,79,1.95,2.24,1.92,2.19
Challenger,RSC001537,Nullidea,Spartans,The Sovereign,Lunar,46.1,923,59,0.685,0.746,44,15,19275,11350,7925,46,47,58,150,30.7%,303.1,178.5,124.6,0.72,0.74,0.91,2.36,326.7,192.4,134.3,0.78,0.8,0.98,2.54,179,108,2.82,1.7,3.03,1.83
Challenger,RSC000763,Rogueum,"Guardians of the Galaxy
Dynamite","The Comic Crusaders
Fallout Shelter",Lunar,45.6,669,44,0.362,0.273,12,32,14665,8580,6085,42,22,42,118,35.6%,318.2,186.2,132.0,0.91,0.48,0.91,2.56,333.3,195.0,138.3,0.95,0.5,0.95,2.68,103,146,2.23,3.17,2.34,3.32
Challenger,RSC001291,Firestorm,"Recycling Bins
Kraits","Waste Management
The Serpents",Lunar,45.4,332,25,0.34,0.28,7,18,7506,3940,3566,17,8,25,59,28.8%,328.2,172.3,155.9,0.74,0.35,1.09,2.58,300.2,157.6,142.6,0.68,0.32,1.0,2.36,41,63,1.79,2.75,1.64,2.52
Challenger,RSC000817,The Instigant,Polar Ice,Minty Fresh,Solar,45.1,745,51,0.427,0.549,28,23,17270,8910,8360,35,20,65,116,30.2%,336.5,173.6,162.9,0.68,0.39,1.27,2.26,338.6,174.7,163.9,0.69,0.39,1.27,2.27,91,111,1.77,2.16,1.78,2.18
Challenger,RSC001416,Kilo,Triceratops,Dino Park,Solar,44.8,337,25,0.541,0.48,12,13,7275,3620,3655,15,12,19,57,26.3%,313.4,155.9,157.4,0.65,0.52,0.82,2.46,291.0,144.8,146.2,0.6,0.48,0.76,2.28,60,54,2.58,2.33,2.4,2.16
Challenger,,Kev,"Squalls
Ameowricanos","Storm
The Cat Cafe",Lunar,44.4,373,25,0.457,0.44,11,14,8096,4740,3356,19,15,30,59,32.2%,315.1,184.5,130.6,0.74,0.58,1.17,2.3,323.8,189.6,134.2,0.76,0.6,1.2,2.36,61,68,2.37,2.65,2.44,2.72
Challenger,RSC002096,Fjord,Polar Ice,Minty Fresh,Solar,44.2,681,46,0.468,0.543,25,21,15943,8620,7323,33,9,73,122,27.0%,339.8,183.7,156.1,0.7,0.19,1.56,2.6,346.6,187.4,159.2,0.72,0.2,1.59,2.65,88,96,1.88,2.05,1.91,2.09
Challenger,RSC001614,Rexxay614,Fruity Phantoms,Spooky Breakfast Gang,Solar,44.1,121,8,0.442,0.625,5,3,2625,1690,935,7,5,11,19,36.8%,314.9,202.7,112.2,0.84,0.6,1.32,2.28,328.1,211.3,116.9,0.88,0.63,1.38,2.38,19,22,2.28,2.64,2.38,2.75
Challenger,RSC002100,Pant,Olog-hai,Middle Earth,Lunar,44.0,770,53,0.389,0.377,20,33,17591,10230,7361,43,25,71,113,38.1%,331.6,192.9,138.8,0.81,0.47,1.34,2.13,331.9,193.0,138.9,0.81,0.47,1.34,2.13,117,155,2.21,2.92,2.21,2.92
Challenger,RSC002873,Muddy,Panda Bears,The Bear Den,Lunar,43.9,452,32,0.42,0.375,12,20,10478,5360,5118,16,17,47,56,28.6%,336.5,172.1,164.4,0.51,0.55,1.51,1.8,327.4,167.5,159.9,0.5,0.53,1.47,1.75,53,66,1.7,2.12,1.66,2.06
Challenger,RSC001274,Eightfingers,Ameowricanos,The Cat Cafe,Lunar,43.9,853,56,0.472,0.5,28,28,19320,11090,8230,48,21,76,144,33.3%,328.8,188.7,140.1,0.82,0.36,1.29,2.45,345.0,198.0,147.0,0.86,0.38,1.36,2.57,133,143,2.26,2.43,2.38,2.55
Challenger,RSC000253,Musah,"Paperboys
Midday Naps","8-Bit Brigade
Boomer Union",Lunar,43.8,545,37,0.405,0.378,14,23,11818,7090,4728,32,20,40,89,36.0%,314.8,188.8,125.9,0.85,0.53,1.07,2.37,319.4,191.6,127.8,0.86,0.54,1.08,2.41,84,107,2.24,2.85,2.27,2.89
Challenger,RSC000713,Totoro,"Ameowricanos
Fruity Phantoms","The Cat Cafe
Spooky Breakfast Gang",Lunar,43.4,249,16,0.55,0.563,9,7,5293,3310,1983,13,10,22,41,31.7%,308.6,193.0,115.6,0.76,0.58,1.28,2.39,330.8,206.9,123.9,0.81,0.63,1.38,2.56,41,36,2.39,2.1,2.56,2.25
Challenger,RSC002225,Damón,Pioneer,Mission Control,Solar,43.3,683,47,0.687,0.681,32,15,14326,7650,6676,29,33,42,100,29.0%,304.5,162.6,141.9,0.62,0.7,0.89,2.13,304.8,162.8,142.0,0.62,0.7,0.89,2.13,133,80,2.83,1.7,2.83,1.7
Challenger,,Chill,Olog-hai,Middle Earth,Lunar,42.8,540,39,0.303,0.231,9,30,12528,6770,5758,33,12,41,82,40.2%,336.8,182.0,154.8,0.89,0.32,1.1,2.2,321.2,173.6,147.6,0.85,0.31,1.05,2.1,70,118,1.88,3.17,1.79,3.03
Challenger,RSC000333,Chiefskapski,Panda Bears,The Bear Den,Lunar,42.6,723,47,0.486,0.468,22,25,16106,8590,7516,32,21,64,114,28.1%,323.4,172.5,150.9,0.64,0.42,1.28,2.29,342.7,182.8,159.9,0.68,0.45,1.36,2.43,104,108,2.09,2.17,2.21,2.3
Challenger,RSC002337,Pretty,Recycling Bins,Waste Management,Solar,42.3,110,8,0.276,0.25,2,6,2458,1380,1078,4,5,12,13,30.8%,324.4,182.1,142.3,0.53,0.66,1.58,1.72,307.3,172.5,134.8,0.5,0.63,1.5,1.63,13,24,1.72,3.17,1.63,3.0
Challenger,RSC001309,Glycine,Kraits,The Serpents,Lunar,42.1,465,34,0.397,0.353,12,22,9717,4920,4797,19,11,31,92,20.7%,303.3,153.6,149.7,0.59,0.34,0.97,2.87,285.8,144.7,141.1,0.56,0.32,0.91,2.71,60,79,1.87,2.47,1.76,2.32
Challenger,RSC001075,Spoilt,Ospreys,Birds of Prey,Solar,41.7,602,43,0.443,0.372,16,27,12617,6510,6107,26,23,36,96,27.1%,304.2,157.0,147.3,0.63,0.55,0.87,2.31,293.4,151.4,142.0,0.6,0.53,0.84,2.23,88,102,2.12,2.46,2.05,2.37
Challenger,,Swimmer,Stingrays,The Ocean,Solar,41.7,658,47,0.591,0.617,29,18,13666,7490,6176,34,27,34,104,32.7%,301.5,165.2,136.2,0.75,0.6,0.75,2.29,290.8,159.4,131.4,0.72,0.57,0.72,2.21,132,105,2.91,2.32,2.81,2.23
Challenger,RSC002467,Reccoso7,Ospreys,Birds of Prey,Solar,41.6,605,42,0.5,0.405,17,25,13849,7210,6639,29,18,52,81,35.8%,332.3,173.0,159.3,0.7,0.43,1.25,1.94,329.7,171.7,158.1,0.69,0.43,1.24,1.93,94,94,2.26,2.26,2.24,2.24
Challenger,RSC002467,Reccoso7,Ospreys,Birds of Prey,Solar,41.6,605,42,0.5,0.405,17,25,13849,7210,6639,29,18,52,81,35.8%,332.3,173.0,159.3,0.7,0.43,1.25,1.94,329.7,171.7,158.1,0.69,0.43,1.24,1.93,94,94,2.26,2.26,2.24,2.24
Challenger,RSC001993,Yaboiimp,Radishes,The Garden,Lunar,41.4,885,58,0.489,0.483,28,30,19042,10440,8602,39,28,74,144,27.1%,312.3,171.2,141.1,0.64,0.46,1.21,2.36,328.3,180.0,148.3,0.67,0.48,1.28,2.48,144,148,2.36,2.43,2.48,2.55
Challenger,RSC002891,Infinite8,Aurora,The Cosmos,Solar,40.7,48,4,0.309,0.25,1,3,991,420,571,2,2,1,7,28.6%,299.7,127.0,172.7,0.6,0.6,0.3,2.12,247.8,105.0,142.8,0.5,0.5,0.25,1.75,6,10,1.81,3.02,1.5,2.5
Challenger,RSC002313,Galico,Dynamite,Fallout Shelter,Solar,40.6,744,52,0.399,0.404,21,31,15953,9020,6933,41,24,51,117,35.0%,311.2,176.0,135.3,0.8,0.47,1.0,2.28,306.8,173.5,133.3,0.79,0.46,0.98,2.25,117,151,2.28,2.95,2.25,2.9
Challenger,RSC002313,Galico,Dynamite,Fallout Shelter,Solar,40.6,744,52,0.399,0.404,21,31,15953,9020,6933,41,24,51,117,35.0%,311.2,176.0,135.3,0.8,0.47,1.0,2.28,306.8,173.5,133.3,0.79,0.46,0.98,2.25,117,151,2.28,2.95,2.25,2.9
Challenger,,Douck,"Kraits
Guardians of the Galaxy","The Serpents
The Comic Crusaders",Lunar,39.3,311,20,0.423,0.3,6,14,6331,3550,2781,15,14,18,45,33.3%,295.5,165.7,129.8,0.7,0.65,0.84,2.1,316.6,177.5,139.1,0.75,0.7,0.9,2.25,45,55,2.1,2.57,2.25,2.75
Challenger,RSC002283,Nohmygod,Panda Bears,The Bear Den,Lunar,38.6,427,27,0.488,0.444,12,15,8310,4740,3570,21,15,22,79,26.6%,282.5,161.1,121.4,0.71,0.51,0.75,2.69,307.8,175.6,132.2,0.78,0.56,0.81,2.93,61,63,2.07,2.14,2.26,2.33
Challenger,,Dav,"Ameowricanos
Freemasons","The Cat Cafe
The Order",Lunar,38.6,691,45,0.408,0.378,17,28,14037,7850,6187,28,24,54,115,24.3%,294.9,164.9,130.0,0.59,0.5,1.13,2.42,311.9,174.4,137.5,0.62,0.53,1.2,2.56,96,122,2.02,2.56,2.13,2.71
Challenger,RSC000980,Icinggamingxxyt,Schnauzers,Puppy Paradise,Solar,38.0,107,7,0.625,0.429,3,4,2318,1540,778,6,4,12,14,42.9%,314.5,208.9,105.5,0.81,0.54,1.63,1.9,331.1,220.0,111.1,0.86,0.57,1.71,2.0,22,16,2.98,2.17,3.14,2.29
Challenger,RSC002459,Darkenedlink,"Kraits
Flailers
Solar Flares","The Serpents
The Quad Dynasty
North American Soccar Club",Solar,37.8,384,26,0.366,0.269,7,19,8372,4950,3422,20,13,36,50,40.0%,316.5,187.1,129.4,0.76,0.49,1.36,1.89,322.0,190.4,131.6,0.77,0.5,1.38,1.92,56,79,2.12,2.99,2.15,3.04
Challenger,RSC002909,Papi Tony,Guardians of the Galaxy,The Comic Crusaders,Lunar,37.2,254,15,0.473,0.333,5,10,5470,3230,2240,11,9,27,33,33.3%,312.6,184.6,128.0,0.63,0.51,1.54,1.89,364.7,215.3,149.3,0.73,0.6,1.8,2.2,43,46,2.46,2.63,2.87,3.07
Challenger,RSC000991,Quitstalin,Garlic Fingers,Fifty-Fifty Pizzeria,Lunar,37.2,714,50,0.379,0.34,17,33,15055,8240,6815,31,29,56,89,34.8%,306.1,167.5,138.5,0.63,0.59,1.14,1.81,301.1,164.8,136.3,0.62,0.58,1.12,1.78,108,147,2.2,2.99,2.16,2.94
Challenger,RSC000366,Liquid Cight,Garlic Fingers,Fifty-Fifty Pizzeria,Lunar,36.1,391,29,0.427,0.414,12,17,7850,4120,3730,17,17,21,52,32.7%,291.4,153.0,138.5,0.63,0.63,0.78,1.93,270.7,142.1,128.6,0.59,0.59,0.72,1.79,65,78,2.41,2.9,2.24,2.69
Challenger,RSC001720,Superduperbam,Toucans,The Jungle,Solar,35.7,619,47,0.431,0.468,22,25,13543,7170,6373,24,20,61,72,33.3%,317.6,168.1,149.4,0.56,0.47,1.43,1.69,288.1,152.6,135.6,0.51,0.43,1.3,1.53,92,110,2.16,2.58,1.96,2.34
Challenger,RSC002427,Freestyle,Toucans,The Jungle,Solar,35.6,769,58,0.449,0.466,27,31,16408,9090,7318,36,27,64,94,38.3%,309.7,171.6,138.1,0.68,0.51,1.21,1.77,282.9,156.7,126.2,0.62,0.47,1.1,1.62,122,139,2.3,2.62,2.1,2.4
Challenger,RSC000791,Salad Fingers,Paperboys,8-Bit Brigade,Lunar,35.3,692,50,0.43,0.46,23,27,14500,7090,7410,29,17,46,104,27.9%,304.2,148.7,155.4,0.61,0.36,0.96,2.18,290.0,141.8,148.2,0.58,0.34,0.92,2.08,116,138,2.43,2.89,2.32,2.76
Challenger,RSC001265,Dsav619,Isopods,The Abyss,Lunar,35.1,748,49,0.466,0.551,27,22,14263,8190,6073,32,35,43,109,29.4%,276.8,158.9,117.9,0.62,0.68,0.83,2.12,291.1,167.1,123.9,0.65,0.71,0.88,2.22,125,136,2.43,2.64,2.55,2.78
Challenger,RSC001981,Dalerben61,Isopods,The Abyss,Lunar,35.0,699,45,0.5,0.556,25,20,14369,8440,5929,41,17,47,114,36.0%,298.4,175.3,123.1,0.85,0.35,0.98,2.37,319.3,187.6,131.8,0.91,0.38,1.04,2.53,116,116,2.41,2.41,2.58,2.58
Challenger,RSC003006,Freeze,"Dynamite
Aria","Fallout Shelter
Magnum Opus",Solar,35.0,73,6,0.435,0.333,2,4,1562,770,792,3,1,6,12,25.0%,310.6,153.1,157.5,0.6,0.2,1.19,2.39,260.3,128.3,132.0,0.5,0.17,1.0,2.0,11,13,2.19,2.58,1.83,2.17
Challenger,RSC002061,Shadowed_Afterburn,Fruity Phantoms,Spooky Breakfast Gang,Solar,34.8,315,22,0.522,0.545,12,10,6195,3390,2805,15,11,17,49,30.6%,285.5,156.2,129.3,0.69,0.51,0.78,2.26,281.6,154.1,127.5,0.68,0.5,0.77,2.23,54,51,2.49,2.35,2.45,2.32
Challenger,RSC002061,Shadowed_Afterburn,Fruity Phantoms,Spooky Breakfast Gang,Solar,34.8,315,22,0.522,0.545,12,10,6195,3390,2805,15,11,17,49,30.6%,285.5,156.2,129.3,0.69,0.51,0.78,2.26,281.6,154.1,127.5,0.68,0.5,0.77,2.23,54,51,2.49,2.35,2.45,2.32
Challenger,RSC000213,Heartless,Schnauzers,Puppy Paradise,Solar,34.5,834,53,0.509,0.566,30,23,16683,9380,7303,39,31,55,118,33.1%,290.4,163.3,127.1,0.68,0.54,0.96,2.05,314.8,177.0,137.8,0.74,0.58,1.04,2.23,137,134,2.38,2.33,2.58,2.53
Challenger,RSC000063,Soitsu,"Aurora
Solar Flares","The Cosmos
North American Soccar Club",Solar,33.8,769,56,0.452,0.429,24,32,16284,8460,7824,34,21,60,101,33.7%,307.4,159.7,147.7,0.64,0.4,1.13,1.91,290.8,151.1,139.7,0.61,0.38,1.07,1.8,114,129,2.15,2.44,2.04,2.3
Challenger,RSC000292,Ignite,Garlic Fingers,Fifty-Fifty Pizzeria,Lunar,33.7,591,42,0.35,0.31,13,29,12333,6650,5683,28,17,44,80,35.0%,302.9,163.3,139.6,0.69,0.42,1.08,1.96,293.6,158.3,135.3,0.67,0.4,1.05,1.9,85,125,2.09,3.07,2.02,2.98
Challenger,RSC000502,Xchef,"Solar Flares
Aurora","North American Soccar Club
The Cosmos",Solar,33.5,437,35,0.474,0.457,16,19,9001,4830,4171,20,14,31,58,34.5%,299.0,160.4,138.5,0.66,0.47,1.03,1.93,257.2,138.0,119.2,0.57,0.4,0.89,1.66,76,81,2.52,2.69,2.17,2.31
Challenger,RSC000499,Johkev,Dynamite,Fallout Shelter,Solar,33.1,305,21,0.393,0.333,7,14,5730,3280,2450,13,12,18,48,27.1%,272.7,156.1,116.6,0.62,0.57,0.86,2.28,272.9,156.2,116.7,0.62,0.57,0.86,2.29,49,64,2.33,3.05,2.33,3.05
Challenger,,Chuggimus Prime,Threshers,Shark Attack,Lunar,32.8,424,28,0.573,0.643,18,10,8661,4750,3911,21,14,28,55,38.2%,296.5,162.6,133.9,0.72,0.48,0.96,1.88,309.3,169.6,139.7,0.75,0.5,1.0,1.96,68,56,2.33,1.92,2.43,2.0
Challenger,,Tr1Ppn.,Recycling Bins,Waste Management,Solar,32.7,724,47,0.466,0.468,22,25,14724,8560,6164,37,20,56,106,34.9%,295.2,171.6,123.6,0.74,0.4,1.12,2.13,313.3,182.1,131.1,0.79,0.43,1.19,2.26,110,120,2.21,2.41,2.34,2.55
Challenger,,Mitchy.,Isopods,The Abyss,Lunar,32.1,582,37,0.34,0.405,15,22,11231,6180,5051,19,20,48,88,21.6%,280.1,154.1,126.0,0.47,0.5,1.2,2.19,303.5,167.0,136.5,0.51,0.54,1.3,2.38,79,120,1.97,2.99,2.14,3.24
Challenger,RSC002073,Ray Finkle,Kraits,The Serpents,Lunar,31.9,24,2,0.356,0.0,0,2,420,190,230,1,1,0,4,25.0%,254.0,114.9,139.1,0.6,0.6,0.0,2.42,210.0,95.0,115.0,0.5,0.5,0.0,2.0,5,7,3.02,4.23,2.5,3.5
Challenger,RSC001223,Capital_Rl,Guardians of the Galaxy,The Comic Crusaders,Lunar,31.2,579,38,0.324,0.263,10,28,11912,6580,5332,25,15,51,78,32.1%,298.6,165.0,133.7,0.63,0.38,1.28,1.96,313.5,173.2,140.3,0.66,0.39,1.34,2.05,81,128,2.03,3.21,2.13,3.37
Challenger,RSC001984,Cazzuto,Aria,Magnum Opus,Solar,31.0,628,42,0.339,0.262,11,31,12618,6580,6038,24,15,50,93,25.8%,291.7,152.1,139.6,0.55,0.35,1.16,2.15,300.4,156.7,143.8,0.57,0.36,1.19,2.21,78,120,1.8,2.77,1.86,2.86
Challenger,RSC000331,Turtle_Supreme,"Aurora
Ameowricanos","The Cosmos
The Cat Cafe",Solar,30.1,144,11,0.393,0.455,5,6,2853,1730,1123,8,3,11,23,34.8%,287.6,174.4,113.2,0.81,0.3,1.11,2.32,259.4,157.3,102.1,0.73,0.27,1.0,2.09,18,24,1.81,2.42,1.64,2.18
Challenger,RSC001995,Tvveedle,Radishes,The Garden,Lunar,28.9,553,35,0.421,0.4,14,21,10760,5880,4880,29,11,31,88,33.0%,282.4,154.3,128.1,0.76,0.29,0.81,2.31,307.4,168.0,139.4,0.83,0.31,0.89,2.51,79,97,2.07,2.55,2.26,2.77
Challenger,RSC000389,Caddywompuss,Aria,Magnum Opus,Solar,27.9,602,43,0.308,0.209,9,34,12799,6780,6019,19,14,71,63,30.2%,308.6,163.5,145.1,0.46,0.34,1.71,1.52,297.7,157.7,140.0,0.44,0.33,1.65,1.47,65,111,1.57,2.68,1.51,2.58
Challenger,RSC001975,Thehamburglar,"Garlic Fingers
Guardians of the Galaxy","Fifty-Fifty Pizzeria
The Comic Crusaders",Lunar,27.7,466,31,0.331,0.29,9,22,9558,5220,4338,13,15,54,47,27.7%,297.7,162.6,135.1,0.4,0.47,1.68,1.46,308.3,168.4,139.9,0.42,0.48,1.74,1.52,55,87,1.71,2.71,1.77,2.81
Challenger,RSC002684,Monkries,Aria,Magnum Opus,Solar,27.6,714,51,0.328,0.275,14,37,14715,8130,6585,30,15,70,88,34.1%,299.2,165.3,133.9,0.61,0.3,1.42,1.79,288.5,159.4,129.1,0.59,0.29,1.37,1.73,81,130,1.65,2.64,1.59,2.55
Challenger,,Ca$H,Ameowricanos,The Cat Cafe,Lunar,27.4,335,23,0.339,0.348,8,15,6200,3220,2980,14,11,16,47,29.8%,268.6,139.5,129.1,0.61,0.48,0.69,2.04,269.6,140.0,129.6,0.61,0.48,0.7,2.04,43,66,1.86,2.86,1.87,2.87
Challenger,RSC002212,Yoshi,"Spartans
Freemasons","The Sovereign
The Order",Lunar,25.9,134,10,0.41,0.4,4,6,2598,1230,1368,4,3,10,18,22.2%,281.4,133.2,148.2,0.43,0.32,1.08,1.95,259.8,123.0,136.8,0.4,0.3,1.0,1.8,19,24,2.06,2.6,1.9,2.4
Challenger,RSC002282,Jope07,"Kraits
Aurora","The Serpents
The Cosmos",Lunar,25.7,536,38,0.369,0.289,11,27,10314,5010,5304,19,15,34,66,28.8%,279.3,135.7,143.6,0.51,0.41,0.92,1.79,271.4,131.8,139.6,0.5,0.39,0.89,1.74,77,108,2.09,2.92,2.03,2.84
Challenger,RSC000987,Cobra910,Shock,Electric Mayhem,Lunar,25.1,560,39,0.246,0.231,9,30,10731,5770,4961,20,21,43,57,35.1%,278.2,149.6,128.6,0.52,0.54,1.11,1.48,275.2,147.9,127.2,0.51,0.54,1.1,1.46,71,141,1.84,3.65,1.82,3.62
Challenger,RSC002749,Jankmastaflash,Aurora,The Cosmos,Solar,24.1,73,5,0.385,0.2,1,4,1388,640,748,0,2,9,9,0.0%,276.0,127.3,148.7,0.0,0.4,1.79,1.79,277.6,128.0,149.6,0.0,0.4,1.8,1.8,8,11,1.59,2.19,1.6,2.2
Challenger,,Rum,Midday Naps,Boomer Union,Lunar,23.7,113,7,0.367,0.286,2,5,1908,1070,838,4,2,7,22,18.2%,245.1,137.4,107.6,0.51,0.26,0.9,2.83,272.6,152.9,119.7,0.57,0.29,1.0,3.14,14,20,1.8,2.57,2.0,2.86
Challenger,RSC000417,Twoslot,Olog-hai,Middle Earth,Lunar,23.7,666,46,0.405,0.37,17,29,12067,6240,5827,26,22,34,84,31.0%,263.0,136.0,127.0,0.57,0.48,0.74,1.83,262.3,135.7,126.7,0.57,0.48,0.74,1.83,113,143,2.46,3.12,2.46,3.11
Challenger,RSC000804,Suicide Squeeze,Polar Ice,Minty Fresh,Solar,23.1,653,44,0.509,0.614,27,17,11670,6030,5640,20,16,45,98,20.4%,259.4,134.0,125.4,0.44,0.36,1.0,2.18,265.2,137.0,128.2,0.45,0.36,1.02,2.23,85,83,1.89,1.85,1.93,1.89
Challenger,RSC000086,Stale Popcorn,Triceratops,Dino Park,Solar,22.5,45,4,0.169,0.0,0,4,794,420,374,2,1,2,7,28.6%,256.1,135.5,120.6,0.65,0.32,0.65,2.26,198.5,105.0,93.5,0.5,0.25,0.5,1.75,4,11,1.29,3.55,1.0,2.75
Challenger,RSC000086,Stale Popcorn,Triceratops,Dino Park,Solar,22.5,45,4,0.169,0.0,0,4,794,420,374,2,1,2,7,28.6%,256.1,135.5,120.6,0.65,0.32,0.65,2.26,198.5,105.0,93.5,0.5,0.25,0.5,1.75,4,11,1.29,3.55,1.0,2.75
Challenger,RSC002492,Dray,Flailers,The Quad Dynasty,Solar,22.5,202,14,0.304,0.286,4,10,3699,2000,1699,6,4,18,30,20.0%,265.8,143.7,122.1,0.43,0.29,1.29,2.16,264.2,142.9,121.4,0.43,0.29,1.29,2.14,20,35,1.44,2.52,1.43,2.5
Challenger,RSC000524,Low Gravitas,"Flailers
Solar Flares","The Quad Dynasty
North American Soccar Club",Solar,21.5,493,36,0.366,0.361,13,23,8748,4840,3908,19,15,31,64,29.7%,257.6,142.5,115.1,0.56,0.44,0.91,1.88,243.0,134.4,108.6,0.53,0.42,0.86,1.78,70,99,2.06,2.91,1.94,2.75
Challenger,,Beese,Stingrays,The Ocean,Solar,20.7,16,1,0.716,1.0,1,0,374,160,214,0,0,3,1,0.0%,339.3,145.2,194.1,0.0,0.0,2.72,0.91,374.0,160.0,214.0,0.0,0.0,3.0,1.0,2,1,1.81,0.91,2.0,1.0
Challenger,RSC001997,Bioeffect,Fruity Phantoms,Spooky Breakfast Gang,Solar,20.3,601,42,0.473,0.595,25,17,10638,5380,5258,21,16,34,78,26.9%,256.9,129.9,127.0,0.51,0.39,0.82,1.88,253.3,128.1,125.2,0.5,0.38,0.81,1.86,98,105,2.37,2.54,2.33,2.5
Challenger,RSC001955,Witha ^~^,Kraits,The Serpents,Lunar,19.3,189,13,0.309,0.231,3,10,3022,1510,1512,6,5,7,31,19.4%,232.1,116.0,116.1,0.46,0.38,0.54,2.38,232.5,116.2,116.3,0.46,0.38,0.54,2.38,24,40,1.84,3.07,1.85,3.08
Challenger,,Hayhay,Shock,Electric Mayhem,Lunar,18.6,551,37,0.256,0.243,9,28,9998,5450,4548,21,13,41,65,32.3%,263.4,143.6,119.8,0.55,0.34,1.08,1.71,270.2,147.3,122.9,0.57,0.35,1.11,1.76,68,132,1.79,3.48,1.84,3.57
Challenger,,Do You Like Tacos Daddy,Aria,Magnum Opus,Solar,18.3,76,4,0.224,0.0,0,4,1387,780,607,3,0,7,13,23.1%,264.9,149.0,115.9,0.57,0.0,1.34,2.48,346.8,195.0,151.8,0.75,0.0,1.75,3.25,6,14,1.15,2.67,1.5,3.5
Challenger,RSC000258,Honeybadgermo,Flailers,The Quad Dynasty,Solar,15.7,738,51,0.284,0.275,14,37,12939,6620,6319,21,14,58,92,22.8%,254.5,130.2,124.3,0.41,0.28,1.14,1.81,253.7,129.8,123.9,0.41,0.27,1.14,1.8,85,154,1.67,3.03,1.67,3.02
Challenger,RSC002546,Wolffse,Midday Naps,Boomer Union,Lunar,13.9,38,2,0.745,1.0,2,0,640,320,320,0,2,4,2,0.0%,244.5,122.2,122.2,0.0,0.76,1.53,0.76,320.0,160.0,160.0,0.0,1.0,2.0,1.0,8,4,3.06,1.53,4.0,2.0
Challenger,RSC000958,Accidental Wolverine,Shock,Electric Mayhem,Lunar,11.2,122,9,0.139,0.111,1,8,2037,870,1167,3,3,6,12,25.0%,242.4,103.5,138.9,0.36,0.36,0.71,1.43,226.3,96.7,129.7,0.33,0.33,0.67,1.33,11,34,1.31,4.05,1.22,3.78
Challenger,RSC000644,Flez,Shock,Electric Mayhem,Lunar,10.4,620,43,0.192,0.163,7,36,10276,5020,5256,14,11,47,72,19.4%,240.6,117.5,123.1,0.33,0.26,1.1,1.69,239.0,116.7,122.2,0.33,0.26,1.09,1.67,61,151,1.43,3.54,1.42,3.51
Challenger,RSC002525,Havok Clips,Shock,Electric Mayhem,Lunar,9.5,29,2,0.256,0.0,0,2,580,220,360,0,0,4,2,0.0%,290.3,110.1,180.2,0.0,0.0,2.0,1.0,290.0,110.0,180.0,0.0,0.0,2.0,1.0,3,6,1.5,3.0,1.5,3.0
Challenger,RSC002525,Havok Clips,Shock,Electric Mayhem,Lunar,9.5,29,2,0.256,0.0,0,2,580,220,360,0,0,4,2,0.0%,290.3,110.1,180.2,0.0,0.0,2.0,1.0,290.0,110.0,180.0,0.0,0.0,2.0,1.0,3,6,1.5,3.0,1.5,3.0
Challenger,RSC001012,Flyinhi13,Triceratops,Dino Park,Solar,4.2,62,4,0.251,0.0,0,4,1064,440,624,1,1,5,4,25.0%,249.1,103.0,146.1,0.23,0.23,1.17,0.94,266.0,110.0,156.0,0.25,0.25,1.25,1.0,7,14,1.64,3.28,1.75,3.5
Challenger,RSC000111,Wheelchair {Lflegs},Flailers,The Quad Dynasty,Solar,1.5,65,5,0.119,0.0,0,5,952,270,682,0,3,2,2,0.0%,212.6,60.3,152.3,0.0,0.67,0.45,0.45,190.4,54.0,136.4,0.0,0.6,0.4,0.4,4,15,0.89,3.35,0.8,3.0
Challenger,RSC000111,Wheelchair {Lflegs},Flailers,The Quad Dynasty,Solar,1.5,65,5,0.119,0.0,0,5,952,270,682,0,3,2,2,0.0%,212.6,60.3,152.3,0.0,0.67,0.45,0.45,190.4,54.0,136.4,0.0,0.6,0.4,0.4,4,15,0.89,3.35,0.8,3.0
Amateur,RSC002568,Otter,Barbarians,The Sovereign,Lunar,97.1,432,36,0.724,0.75,27,9,15369,9190,6179,54,21,32,114,47.4%,437.8,261.8,176.0,1.54,0.6,0.91,3.25,426.9,255.3,171.6,1.5,0.58,0.89,3.17,109,59,3.11,1.68,3.03,1.64
Amateur,,Maverick,Gemini,Mission Control,Solar,95.6,782,60,0.706,0.767,46,14,26282,16630,9652,94,45,58,208,45.2%,413.6,261.7,151.9,1.48,0.71,0.91,3.27,438.0,277.2,160.9,1.57,0.75,0.97,3.47,206,119,3.24,1.87,3.43,1.98
Amateur,RSC002301,Raymondpart1,Cookiecutters,Shark Attack,Lunar,86.0,665,56,0.605,0.643,36,20,21464,12070,9394,56,35,63,157,35.7%,397.2,223.4,173.9,1.04,0.65,1.17,2.91,383.3,215.5,167.8,1.0,0.63,1.13,2.8,136,103,2.52,1.91,2.43,1.84
Amateur,RSC001999,Cs O Gunkiller,Watts,Electric Mayhem,Lunar,85.0,676,55,0.646,0.655,36,19,21400,12890,8510,70,32,51,174,40.2%,389.6,234.7,154.9,1.27,0.58,0.93,3.17,389.1,234.4,154.7,1.27,0.58,0.93,3.16,157,107,2.86,1.95,2.85,1.95
Amateur,,Gcol,Otters,The Ocean,Solar,84.2,805,57,0.804,0.842,48,9,23947,15780,8167,89,45,50,213,41.8%,366.1,241.2,124.9,1.36,0.69,0.76,3.26,420.1,276.8,143.3,1.56,0.79,0.88,3.74,218,88,3.33,1.35,3.82,1.54
Amateur,RSC002768,Mk Mkof,Otters,The Ocean,Solar,82.7,806,57,0.792,0.825,47,10,24531,15660,8871,89,47,52,181,49.2%,374.6,239.1,135.5,1.36,0.72,0.79,2.76,430.4,274.7,155.6,1.56,0.82,0.91,3.18,217,92,3.31,1.4,3.81,1.61
Amateur,,Mini,Cookiecutters,Shark Attack,Lunar,72.2,665,56,0.605,0.643,36,20,19348,11150,8198,59,32,46,135,43.7%,358.1,206.4,151.7,1.09,0.59,0.85,2.5,345.5,199.1,146.4,1.05,0.57,0.82,2.41,136,103,2.52,1.91,2.43,1.84
Amateur,RSC002619,Visionz,Barbarians,The Sovereign,Lunar,70.6,126,12,0.5,0.5,6,6,3419,1770,1649,8,7,7,27,29.6%,333.9,172.9,161.1,0.78,0.68,0.68,2.64,284.9,147.5,137.4,0.67,0.58,0.58,2.25,24,24,2.34,2.34,2.0,2.0
Amateur,RSC002833,Coopa,"Opus Dei
Pet Rocks","The Order
Boomer Union",Lunar,65.9,575,44,0.429,0.409,18,26,16109,8760,7349,43,22,43,121,35.5%,344.8,187.5,157.3,0.92,0.47,0.92,2.59,366.1,199.1,167.0,0.98,0.5,0.98,2.75,100,120,2.14,2.57,2.27,2.73
Amateur,,Jeff Wadowski,Gemini,Mission Control,Solar,65.6,514,40,0.682,0.725,29,11,14234,8190,6044,47,21,28,104,45.2%,340.8,196.1,144.7,1.13,0.5,0.67,2.49,355.9,204.8,151.1,1.18,0.53,0.7,2.6,135,84,3.23,2.01,3.38,2.1
Amateur,RSC002877,Robophant,Potatoes,The Garden,Lunar,60.8,610,53,0.497,0.509,27,26,16746,8860,7886,39,27,53,96,40.6%,337.9,178.8,159.1,0.79,0.54,1.07,1.94,316.0,167.2,148.8,0.74,0.51,1.0,1.81,116,117,2.34,2.36,2.19,2.21
Amateur,RSC002004,Theterminiator,Opus Dei,The Order,Lunar,59.6,273,24,0.523,0.458,11,13,7559,4200,3359,23,10,19,45,51.1%,340.8,189.3,151.4,1.04,0.45,0.86,2.03,315.0,175.0,140.0,0.96,0.42,0.79,1.88,53,50,2.39,2.25,2.21,2.08
Amateur,RSC000685,Daturquoisorang,Capybaras,The Jungle,Solar,58.6,688,56,0.491,0.464,26,30,18375,10380,7995,47,26,63,123,38.2%,328.7,185.7,143.0,0.84,0.47,1.13,2.2,328.1,185.4,142.8,0.84,0.46,1.13,2.2,128,131,2.29,2.34,2.29,2.34
Amateur,RSC002603,Djswifte,Potatoes,The Garden,Lunar,58.0,597,52,0.486,0.481,25,27,16159,9080,7079,48,18,45,113,42.5%,333.1,187.2,145.9,0.99,0.37,0.93,2.33,310.8,174.6,136.1,0.92,0.35,0.87,2.17,110,114,2.27,2.35,2.12,2.19
Amateur,RSC002767,Rvbb3Rdvck,Barbarians,The Sovereign,Lunar,57.7,549,45,0.661,0.644,29,16,13100,7810,5290,34,32,38,91,37.4%,293.7,175.1,118.6,0.76,0.72,0.85,2.04,291.1,173.6,117.6,0.76,0.71,0.84,2.02,134,88,3.0,1.97,2.98,1.96
Amateur,RSC002574,Twrtle,"Capybaras
Zerglings","The Jungle
The Swarm",Solar,56.2,627,50,0.433,0.46,23,27,15872,9060,6812,38,25,57,116,32.8%,311.5,177.8,133.7,0.75,0.49,1.12,2.28,317.4,181.2,136.2,0.76,0.5,1.14,2.32,112,133,2.2,2.61,2.24,2.66
Amateur,RSC002413,Dafiya711,Watts,Electric Mayhem,Lunar,56.1,663,54,0.629,0.63,34,20,16946,9560,7386,51,25,40,121,42.1%,314.6,177.5,137.1,0.95,0.46,0.74,2.25,313.8,177.0,136.8,0.94,0.46,0.74,2.24,150,107,2.78,1.99,2.78,1.98
Amateur,RSC002140,Poteat_84,Barbarians,The Sovereign,Lunar,54.0,644,54,0.601,0.593,32,22,15617,9130,6487,49,25,35,123,39.8%,298.4,174.5,124.0,0.94,0.48,0.67,2.35,289.2,169.1,120.1,0.91,0.46,0.65,2.28,145,112,2.77,2.14,2.69,2.07
Amateur,RSC002840,Jandr,Otters,The Ocean,Solar,53.5,584,42,0.72,0.762,32,10,12579,7100,5479,32,35,22,105,30.5%,265.1,149.6,115.5,0.67,0.74,0.46,2.21,299.5,169.0,130.5,0.76,0.83,0.52,2.5,143,78,3.01,1.64,3.4,1.86
Amateur,,Fictional,Gemini,Mission Control,Solar,48.2,501,37,0.69,0.757,28,9,11240,6820,4420,33,25,31,72,45.8%,276.1,167.5,108.6,0.81,0.61,0.76,1.77,303.8,184.3,119.5,0.89,0.68,0.84,1.95,126,76,3.1,1.87,3.41,2.05
Amateur,RSC002982,Ytjdmgaming,Spinosaurus,Dino Park,Solar,44.8,42,3,0.214,0.0,0,3,993,440,553,2,2,2,4,50.0%,291.0,128.9,162.0,0.59,0.59,0.59,1.17,331.0,146.7,184.3,0.67,0.67,0.67,1.33,7,15,2.05,4.4,2.33,5.0
Amateur,RSC000654,Rocci,Capybaras,The Jungle,Solar,44.7,681,56,0.473,0.446,25,31,16293,9590,6703,45,21,61,99,45.5%,294.4,173.3,121.1,0.81,0.38,1.1,1.79,290.9,171.3,119.7,0.8,0.38,1.09,1.77,123,132,2.22,2.39,2.2,2.36
Amateur,RSC002892,Nickm,Winter Fresh,Minty Fresh,Solar,43.9,575,48,0.301,0.292,14,34,13504,7460,6044,33,11,50,111,29.7%,289.0,159.7,129.4,0.71,0.24,1.07,2.38,281.3,155.4,125.9,0.69,0.23,1.04,2.31,79,136,1.69,2.91,1.65,2.83
Amateur,,Charlieharley_1,Watts,Electric Mayhem,Lunar,43.2,395,31,0.608,0.613,19,12,8377,5070,3307,25,18,22,57,43.9%,261.0,158.0,103.0,0.78,0.56,0.69,1.78,270.2,163.5,106.7,0.81,0.58,0.71,1.84,91,69,2.84,2.15,2.94,2.23
Amateur,RSC002733,Xthog,Zerglings,The Swarm,Solar,42.8,513,42,0.328,0.333,14,28,11186,5460,5726,23,18,28,86,26.7%,268.4,131.0,137.4,0.55,0.43,0.67,2.06,266.3,130.0,136.3,0.55,0.43,0.67,2.05,78,123,1.87,2.95,1.86,2.93
Amateur,RSC002853,Rcmblocks,"Zerglings
Capybaras","The Swarm
The Jungle",Solar,42.2,432,37,0.396,0.405,15,22,10411,5580,4831,24,13,40,53,45.3%,296.6,159.0,137.6,0.68,0.37,1.14,1.51,281.4,150.8,130.6,0.65,0.35,1.08,1.43,71,93,2.02,2.65,1.92,2.51
Amateur,RSC002869,Exactlyzer0,Barbarians,The Sovereign,Lunar,42.0,373,33,0.546,0.515,17,16,7807,4430,3377,20,17,21,53,37.7%,257.6,146.2,111.4,0.66,0.56,0.69,1.75,236.6,134.2,102.3,0.61,0.52,0.64,1.61,83,74,2.74,2.44,2.52,2.24
Amateur,RSC002350,Nacho,Winter Fresh,Minty Fresh,Solar,42.0,548,45,0.284,0.289,13,32,12308,6480,5828,28,18,39,83,33.7%,276.4,145.5,130.9,0.63,0.4,0.88,1.86,273.5,144.0,129.5,0.62,0.4,0.87,1.84,76,137,1.71,3.08,1.69,3.04
Amateur,RSC000972,Ryuki Sanyo,Pet Rocks,Boomer Union,Lunar,41.7,159,14,0.241,0.286,4,10,3894,1990,1904,8,3,16,24,33.3%,301.4,154.0,147.4,0.62,0.23,1.24,1.86,278.1,142.1,136.0,0.57,0.21,1.14,1.71,22,45,1.7,3.48,1.57,3.21
Amateur,RSC000879,Inwardlicense54,Pet Rocks,Boomer Union,Lunar,41.5,401,34,0.267,0.265,9,25,9759,4960,4799,16,12,46,46,34.8%,299.5,152.2,147.3,0.49,0.37,1.41,1.41,287.0,145.9,141.1,0.47,0.35,1.35,1.35,56,106,1.72,3.25,1.65,3.12
Amateur,RSC001507,Muzik Villain,Gemini,Mission Control,Solar,41.1,549,43,0.742,0.814,35,8,11402,6900,4502,32,25,34,75,42.7%,255.6,154.7,100.9,0.72,0.56,0.76,1.68,265.2,160.5,104.7,0.74,0.58,0.79,1.74,151,78,3.38,1.75,3.51,1.81
Amateur,RSC000323,Styk75,"Cookiecutters
Opus Dei","Shark Attack
The Order",Lunar,38.9,699,56,0.503,0.429,24,32,15657,8640,7017,31,20,71,99,31.3%,275.7,152.1,123.5,0.55,0.35,1.25,1.74,279.6,154.3,125.3,0.55,0.36,1.27,1.77,131,130,2.31,2.29,2.34,2.32
Amateur,RSC002595,Daspiessatron21,Watts,Electric Mayhem,Lunar,38.1,305,26,0.654,0.654,17,9,5885,3340,2545,12,17,19,34,35.3%,237.5,134.8,102.7,0.48,0.69,0.77,1.37,226.3,128.5,97.9,0.46,0.65,0.73,1.31,68,45,2.74,1.82,2.62,1.73
Amateur,,Macn24,Opus Dei,The Order,Lunar,38.1,701,56,0.503,0.429,24,32,14847,8390,6457,42,21,41,109,38.5%,260.7,147.3,113.4,0.74,0.37,0.72,1.91,265.1,149.8,115.3,0.75,0.38,0.73,1.95,129,128,2.26,2.25,2.3,2.29
Amateur,,Moist_Games,Pet Rocks,Boomer Union,Lunar,38.0,542,45,0.285,0.333,15,30,11761,6610,5151,31,18,38,71,43.7%,267.1,150.1,117.0,0.7,0.41,0.86,1.61,261.4,146.9,114.5,0.69,0.4,0.84,1.58,79,141,1.79,3.2,1.76,3.13
Amateur,RSC001967,Eybuhl,Otters,The Ocean,Solar,37.4,334,24,0.901,0.958,23,1,6084,3630,2454,16,16,14,53,30.2%,224.2,133.8,90.4,0.59,0.59,0.52,1.95,253.5,151.3,102.3,0.67,0.67,0.58,2.21,100,24,3.68,0.88,4.17,1.0
Amateur,RSC000885,Svg_Spookmyoof,Potatoes,The Garden,Lunar,36.7,519,46,0.5,0.478,22,24,10901,5720,5181,28,17,27,72,38.9%,258.5,135.6,122.9,0.66,0.4,0.64,1.71,237.0,124.3,112.6,0.61,0.37,0.59,1.57,100,100,2.37,2.37,2.17,2.17
Amateur,RSC001648,Shane9B3,Spinosaurus,Dino Park,Solar,36.5,505,43,0.204,0.163,7,36,11681,6170,5511,25,10,50,67,37.3%,284.7,150.4,134.3,0.61,0.24,1.22,1.63,271.7,143.5,128.2,0.58,0.23,1.16,1.56,61,144,1.49,3.51,1.42,3.35
Amateur,RSC002743,Kdfsjljklgjfg,Opus Dei,The Order,Lunar,33.4,51,4,0.592,0.75,3,1,1095,560,535,3,0,3,11,27.3%,264.2,135.1,129.1,0.72,0.0,0.72,2.65,273.8,140.0,133.8,0.75,0.0,0.75,2.75,9,7,2.17,1.69,2.25,1.75
Amateur,RSC001765,Trios,"Pet Rocks
Cookiecutters","Boomer Union
Shark Attack",Lunar,33.0,569,47,0.304,0.319,15,32,11621,5960,5661,25,18,37,71,35.2%,251.4,128.9,122.4,0.54,0.39,0.8,1.54,247.3,126.8,120.4,0.53,0.38,0.79,1.51,86,145,1.86,3.14,1.83,3.09
Amateur,RSC000961,Mbolt05,Spinosaurus,Dino Park,Solar,32.2,461,39,0.184,0.128,5,34,10759,5530,5229,25,7,44,48,52.1%,287.2,147.6,139.6,0.67,0.19,1.17,1.28,275.9,141.8,134.1,0.64,0.18,1.13,1.23,59,147,1.58,3.92,1.51,3.77
Amateur,RSC002607,Maxwell2711,Zerglings,The Swarm,Solar,32.1,366,30,0.283,0.333,10,20,7870,4090,3780,19,7,27,49,38.8%,264.6,137.5,127.1,0.64,0.24,0.91,1.65,262.3,136.3,126.0,0.63,0.23,0.9,1.63,47,86,1.58,2.89,1.57,2.87
Amateur,,Papa_Lane_88,Spinosaurus,Dino Park,Solar,27.3,357,32,0.2,0.219,7,25,7690,3650,4040,11,5,38,40,27.5%,265.1,125.8,139.3,0.38,0.17,1.31,1.38,240.3,114.1,126.3,0.34,0.16,1.19,1.25,41,99,1.41,3.41,1.28,3.09
Amateur,RSC002703,Pattywagon,Cookiecutters,Shark Attack,Lunar,25.8,380,33,0.59,0.636,21,12,6477,3230,3247,13,11,16,58,22.4%,209.8,104.6,105.2,0.42,0.36,0.52,1.88,196.3,97.9,98.4,0.39,0.33,0.48,1.76,75,59,2.43,1.91,2.27,1.79
Amateur,RSC002229,Fatnutfreddy,Capybaras,The Jungle,Solar,24.4,268,22,0.392,0.273,6,16,4867,2470,2397,9,10,17,22,40.9%,223.5,113.4,110.1,0.41,0.46,0.78,1.01,221.2,112.3,109.0,0.41,0.45,0.77,1.0,47,62,2.16,2.85,2.14,2.82
Amateur,RSC002784,Dem0Nicm0Nk3Y,Potatoes,The Garden,Lunar,24.2,140,12,0.403,0.417,5,7,2656,1370,1286,3,3,15,17,17.6%,233.5,120.4,113.0,0.26,0.26,1.32,1.49,221.3,114.2,107.2,0.25,0.25,1.25,1.42,20,26,1.76,2.29,1.67,2.17
Amateur,RSC001009,Sarkastic,Winter Fresh,Minty Fresh,Solar,24.1,466,38,0.22,0.211,8,30,8647,4500,4147,16,14,35,45,35.6%,228.4,118.8,109.5,0.42,0.37,0.92,1.19,227.6,118.4,109.1,0.42,0.37,0.92,1.18,58,129,1.53,3.41,1.53,3.39
Amateur,RSC002654,Tacticalstr1Ke,Spinosaurus,Dino Park,Solar,23.0,328,26,0.213,0.154,4,22,6587,3370,3217,14,4,28,37,37.8%,247.2,126.4,120.7,0.53,0.15,1.05,1.39,253.3,129.6,123.7,0.54,0.15,1.08,1.42,42,95,1.58,3.56,1.62,3.65
Amateur,RSC000999,Wombat Npples,Zerglings,The Swarm,Solar,22.3,541,43,0.392,0.442,19,24,9804,5590,4214,27,9,34,74,36.5%,223.0,127.2,95.9,0.61,0.2,0.77,1.68,228.0,130.0,98.0,0.63,0.21,0.79,1.72,90,119,2.05,2.71,2.09,2.77
Amateur,RSC000984,Onemanblitz,Winter Fresh,Minty Fresh,Solar,19.9,210,19,0.275,0.263,5,14,3719,1900,1819,7,4,15,25,28.0%,218.0,111.3,106.6,0.41,0.23,0.88,1.47,195.7,100.0,95.7,0.37,0.21,0.79,1.32,26,49,1.52,2.87,1.37,2.58
Amateur,RSC002553,Oreo Ice Cream,Cookiecutters,Shark Attack,Lunar,11.5,128,11,0.674,0.636,7,4,1772,920,852,3,4,6,12,25.0%,170.4,88.5,81.9,0.29,0.38,0.58,1.15,161.1,83.6,77.5,0.27,0.36,0.55,1.09,26,16,2.5,1.54,2.36,1.45
Amateur,RSC002849,Sharkkilla06,"Potatoes
Opus Dei","The Garden
The Order",Lunar,9.1,129,10,0.387,0.3,3,7,1779,980,799,4,3,6,13,30.8%,169.7,93.5,76.2,0.38,0.29,0.57,1.24,177.9,98.0,79.9,0.4,0.3,0.6,1.3,20,27,1.91,2.58,2.0,2.7
Amateur,RSC002849,Sharkkilla06,"Potatoes
Opus Dei","The Garden
The Order",Lunar,9.1,129,10,0.387,0.3,3,7,1779,980,799,4,3,6,13,30.8%,169.7,93.5,76.2,0.38,0.29,0.57,1.24,177.9,98.0,79.9,0.4,0.3,0.6,1.3,20,27,1.91,2.58,2.0,2.7
Amateur,,Whale,Pet Rocks,Boomer Union,Lunar,7.4,79,7,0.26,0.286,2,5,1338,590,748,1,1,8,4,25.0%,208.4,91.9,116.5,0.16,0.16,1.25,0.62,191.1,84.3,106.9,0.14,0.14,1.14,0.57,9,18,1.4,2.8,1.29,2.57
Amateur,RSC002651,Monkeylover2219,"Watts
Pet Rocks","Electric Mayhem
Boomer Union",Lunar,4.1,279,23,0.317,0.304,7,16,3384,1740,1644,6,6,11,29,20.7%,149.3,76.8,72.5,0.26,0.26,0.49,1.28,147.1,75.7,71.5,0.26,0.26,0.48,1.26,41,67,1.81,2.96,1.78,2.91
Amateur,RSC000083,Mintie,"Winter Fresh
Spinosaurus","Minty Fresh
Dino Park",Solar,-8.3,349,28,0.23,0.214,6,22,3713,1650,2063,7,6,10,15,46.7%,130.9,58.2,72.7,0.25,0.21,0.35,0.53,132.6,58.9,73.7,0.25,0.21,0.36,0.54,47,100,1.66,3.53,1.68,3.57
Amateur,RSC002174,Snowwolf,Spinosaurus,Dino Park,Solar,-26.3,98,6,0.084,0.0,0,6,507,240,267,0,1,3,4,0.0%,63.7,30.1,33.5,0.0,0.13,0.38,0.5,84.5,40.0,44.5,0.0,0.17,0.5,0.67,8,35,1.0,4.4,1.33,5.83
