Tier,RSC ID,Player Name,Team(s),Franchise(s),Conference,SBV,TS,GP,PWE,WP,W,L,P,SP,NP,G,A,Sv,S,S%,P/A,SP/A,NP/A,G/A,A/A,Sv/A,S/A,P/G,SP/G,NP/G,G/G,A/G,Sv/G,S/G,tm_G,opp_G,tm_G/A,opp_G/A,tm_G/G,opp_G/G
Prospect,RSC003073,Perkls,Imperial Walkers,The Empire,Solar,84.0,660,45,0.723,0.689,31,14,19748,12460,7288,66,24,63,151,43.7%,424.5,267.8,156.7,1.42,0.52,1.35,3.25,438.8,276.9,162.0,1.47,0.53,1.4,3.36,158,87,3.4,1.87,3.51,1.93
Prospect,RSC002360,Dicksocks,Air Buds,Puppy Paradise,Solar,83.0,780,51,0.621,0.588,30,21,21609,12710,8899,66,40,46,181,36.5%,393.1,231.2,161.9,1.2,0.73,0.84,3.29,423.7,249.2,174.5,1.29,0.78,0.9,3.55,162,119,2.95,2.16,3.18,2.33
Prospect,,Mario_Rl,Smooth Mint,Minty Fresh,Solar,78.4,560,38,0.545,0.553,21,17,16036,9780,6256,57,15,39,138,41.3%,406.3,247.8,158.5,1.44,0.38,0.99,3.5,422.0,257.4,164.6,1.5,0.39,1.03,3.63,102,91,2.58,2.31,2.68,2.39
Prospect,RSC002753,Jibletsmasher,Blacktips,Shark Attack,Lunar,77.3,744,52,0.696,0.808,42,10,19438,11020,8418,51,44,43,157,32.5%,370.7,210.1,160.5,0.97,0.84,0.82,2.99,373.8,211.9,161.9,0.98,0.85,0.83,3.02,171,102,3.26,1.95,3.29,1.96
Prospect,,Aer0 | Bizzy,Firecrackers,Fallout Shelter,Solar,77.0,666,49,0.557,0.51,25,24,18831,10500,8331,46,33,61,120,38.3%,401.2,223.7,177.5,0.98,0.7,1.3,2.56,384.3,214.3,170.0,0.94,0.67,1.24,2.45,118,102,2.51,2.17,2.41,2.08
Prospect,,React,Okapis,The Jungle,Solar,76.8,57,4,0.623,1.0,4,0,1760,1090,670,6,2,6,9,66.7%,438.1,271.3,166.8,1.49,0.5,1.49,2.24,440.0,272.5,167.5,1.5,0.5,1.5,2.25,16,12,3.98,2.99,4.0,3.0
Prospect,RSC003421,Washeduplaxbro,Imperial Walkers,The Empire,Solar,73.3,741,52,0.688,0.692,36,16,19252,10970,8282,51,41,47,147,34.7%,368.6,210.0,158.6,0.98,0.79,0.9,2.81,370.2,211.0,159.3,0.98,0.79,0.9,2.83,163,99,3.12,1.9,3.13,1.9
Prospect,,Gcol14,OO AAs,Planet of the Apes,Lunar,72.9,807,56,0.521,0.482,27,29,22721,13470,9251,56,28,97,162,34.6%,399.5,236.8,162.6,0.98,0.49,1.71,2.85,405.7,240.5,165.2,1.0,0.5,1.73,2.89,136,129,2.39,2.27,2.43,2.3
Prospect,,Onwardflame,Titanoboas,The Serpents,Lunar,72.6,768,55,0.608,0.618,34,21,20476,12410,8066,62,36,57,156,39.7%,378.3,229.3,149.0,1.15,0.67,1.05,2.88,372.3,225.6,146.7,1.13,0.65,1.04,2.84,152,115,2.81,2.12,2.76,2.09
Prospect,,Yellowboyplayz9,Earth,The Elements,Lunar,72.4,741,45,0.616,0.622,28,17,18552,10940,7612,52,31,46,189,27.5%,355.2,209.5,145.7,1.0,0.59,0.88,3.62,412.3,243.1,169.2,1.16,0.69,1.02,4.2,136,100,2.6,1.91,3.02,2.22
Prospect,RSC000331,Turtle_Supreme,Eclipse,North American Soccar Club,Solar,72.1,809,56,0.611,0.571,32,24,22334,14000,8334,71,32,74,160,44.4%,391.7,245.5,146.2,1.25,0.56,1.3,2.81,398.8,250.0,148.8,1.27,0.57,1.32,2.86,162,122,2.84,2.14,2.89,2.18
Prospect,RSC000719,Ttv Shadowasders,Blacktips,Shark Attack,Lunar,71.8,790,56,0.674,0.768,43,13,21347,12350,8997,66,32,51,160,41.3%,383.4,221.8,161.6,1.19,0.57,0.92,2.87,381.2,220.5,160.7,1.18,0.57,0.91,2.86,176,112,3.16,2.01,3.14,2.0
Prospect,,Kellon,Sparks,Electric Mayhem,Lunar,69.9,312,23,0.492,0.565,13,10,7835,4140,3695,18,16,18,64,28.1%,356.3,188.3,168.0,0.82,0.73,0.82,2.91,340.7,180.0,160.7,0.78,0.7,0.78,2.78,51,52,2.32,2.36,2.22,2.26
Prospect,,Lampshade,Templars,The Order,Lunar,69.3,362,25,0.5,0.52,13,12,9255,5340,3915,21,21,31,64,32.8%,362.7,209.3,153.4,0.82,0.82,1.21,2.51,370.2,213.6,156.6,0.84,0.84,1.24,2.56,61,61,2.39,2.39,2.44,2.44
Prospect,RSC002678,The Worst 1,Smooth Mint,Minty Fresh,Solar,68.8,569,37,0.581,0.622,23,14,14373,8670,5703,36,32,48,107,33.6%,358.4,216.2,142.2,0.9,0.8,1.2,2.67,388.5,234.3,154.1,0.97,0.86,1.3,2.89,114,93,2.84,2.32,3.08,2.51
Prospect,RSC003032,X3Dx Toasty,Supernova,The Cosmos,Solar,67.6,562,44,0.476,0.477,21,23,15283,8790,6493,46,16,45,114,40.4%,385.8,221.9,163.9,1.16,0.4,1.14,2.88,347.3,199.8,147.6,1.05,0.36,1.02,2.59,98,104,2.47,2.63,2.23,2.36
Prospect,RSC002834,Clockwork7678,Earth,The Elements,Lunar,66.4,632,41,0.658,0.707,29,12,16871,10180,6691,55,16,50,138,39.9%,378.7,228.5,150.2,1.23,0.36,1.12,3.1,411.5,248.3,163.2,1.34,0.39,1.22,3.37,121,79,2.72,1.77,2.95,1.93
Prospect,RSC002297,Ph,Berserkers,The Sovereign,Lunar,66.0,671,50,0.58,0.5,25,25,18019,10660,7359,44,25,76,121,36.4%,381.0,225.4,155.6,0.93,0.53,1.61,2.56,360.4,213.2,147.2,0.88,0.5,1.52,2.42,123,100,2.6,2.11,2.46,2.0
Prospect,RSC002297,Ph,Berserkers,The Sovereign,Lunar,66.0,671,50,0.58,0.5,25,25,18019,10660,7359,44,25,76,121,36.4%,381.0,225.4,155.6,0.93,0.53,1.61,2.56,360.4,213.2,147.2,0.88,0.5,1.52,2.42,123,100,2.6,2.11,2.46,2.0
Prospect,RSC003120,Okieghosty,"Ravagers
Vultures","The Swarm
Birds of Prey",Solar,65.5,479,33,0.472,0.394,13,20,12628,7210,5418,37,17,35,91,40.7%,374.0,213.6,160.5,1.1,0.5,1.04,2.7,382.7,218.5,164.2,1.12,0.52,1.06,2.76,84,90,2.49,2.67,2.55,2.73
Prospect,,Kyllonen,Compost Bins,Waste Management,Solar,63.3,719,55,0.54,0.618,34,21,18140,9990,8150,45,30,53,134,33.6%,358.0,197.1,160.8,0.89,0.59,1.05,2.64,329.8,181.6,148.2,0.82,0.55,0.96,2.44,135,122,2.66,2.41,2.45,2.22
Prospect,RSC000784,Astro,Air Buds,Puppy Paradise,Solar,62.7,847,56,0.589,0.554,31,25,20449,13300,7149,64,37,65,180,35.6%,342.5,222.8,119.8,1.07,0.62,1.09,3.02,365.2,237.5,127.7,1.14,0.66,1.16,3.21,175,140,2.93,2.35,3.13,2.5
Prospect,,Capt Wtrboy,Imperial Walkers,The Empire,Solar,62.6,241,16,0.737,0.688,11,5,6108,3740,2368,18,12,19,39,46.2%,359.6,220.2,139.4,1.06,0.71,1.12,2.3,381.8,233.8,148.0,1.13,0.75,1.19,2.44,54,28,3.18,1.65,3.38,1.75
Prospect,RSC001002,Zar235,Eclipse,North American Soccar Club,Solar,62.1,756,52,0.612,0.558,29,23,19151,10900,8251,47,33,65,130,36.2%,359.4,204.6,154.8,0.88,0.62,1.22,2.44,368.3,209.6,158.7,0.9,0.63,1.25,2.5,152,114,2.85,2.14,2.92,2.19
Prospect,,Subito_Zc,Vultures,Birds of Prey,Solar,61.4,623,45,0.537,0.622,28,17,15008,8160,6848,33,26,46,126,26.2%,341.8,185.8,156.0,0.75,0.59,1.05,2.87,333.5,181.3,152.2,0.73,0.58,1.02,2.8,111,101,2.53,2.3,2.47,2.24
Prospect,RSC003094,Galvarino,Firecrackers,Fallout Shelter,Solar,58.5,619,46,0.518,0.478,22,24,15515,8730,6785,38,26,53,98,38.8%,355.6,200.1,155.5,0.87,0.6,1.21,2.25,337.3,189.8,147.5,0.83,0.57,1.15,2.13,109,104,2.5,2.38,2.37,2.26
Prospect,RSC001955,Witha ^~^,Koala Bears,The Bear Den,Lunar,57.8,795,52,0.546,0.577,30,22,18075,11070,7005,45,41,60,152,29.6%,322.6,197.6,125.0,0.8,0.73,1.07,2.71,347.6,212.9,134.7,0.87,0.79,1.15,2.92,145,129,2.59,2.3,2.79,2.48
Prospect,,Quishyquishy,Titanoboas,The Serpents,Lunar,57.2,683,49,0.615,0.633,31,18,17251,9770,7481,41,26,66,107,38.3%,358.4,202.9,155.4,0.85,0.54,1.37,2.22,352.1,199.4,152.7,0.84,0.53,1.35,2.18,136,101,2.83,2.1,2.78,2.06
Prospect,RSC001868,Thunda Esq,Punch-Outs,8-Bit Brigade,Lunar,57.0,785,55,0.509,0.473,26,29,19458,11140,8318,52,27,64,139,37.4%,351.7,201.3,150.3,0.94,0.49,1.16,2.51,353.8,202.5,151.2,0.95,0.49,1.16,2.53,126,123,2.28,2.22,2.29,2.24
Prospect,,Blaniac,Berserkers,The Sovereign,Lunar,56.7,409,31,0.5,0.419,13,18,10218,5270,4948,21,18,34,57,36.8%,354.5,182.8,171.6,0.73,0.62,1.18,1.98,329.6,170.0,159.6,0.68,0.58,1.1,1.84,70,70,2.43,2.43,2.26,2.26
Prospect,RSC001018,Ampleth3Grayman,Sparks,Electric Mayhem,Lunar,56.5,404,27,0.589,0.63,17,10,9960,5480,4480,27,13,28,73,37.0%,349.8,192.4,157.3,0.95,0.46,0.98,2.56,368.9,203.0,165.9,1.0,0.48,1.04,2.7,66,52,2.32,1.83,2.44,1.93
Prospect,RSC002412,Rosefanatic3615,Titanoboas,The Serpents,Lunar,56.4,677,49,0.637,0.653,32,17,15728,9150,6578,40,34,46,115,34.8%,329.6,191.8,137.9,0.84,0.71,0.96,2.41,321.0,186.7,134.2,0.82,0.69,0.94,2.35,136,95,2.85,1.99,2.78,1.94
Prospect,RSC003445,Bosco,Templars,The Order,Lunar,55.5,712,49,0.517,0.51,25,24,17966,10620,7346,59,15,52,137,43.1%,358.0,211.6,146.4,1.18,0.3,1.04,2.73,366.7,216.7,149.9,1.2,0.31,1.06,2.8,118,113,2.35,2.25,2.41,2.31
Prospect,RSC000348,Prem1X,Compost Bins,Waste Management,Solar,55.1,647,49,0.503,0.571,28,21,15586,8790,6796,40,27,48,104,38.5%,341.8,192.8,149.0,0.88,0.59,1.05,2.28,318.1,179.4,138.7,0.82,0.55,0.98,2.12,115,114,2.52,2.5,2.35,2.33
Prospect,,Cryptic,Berserkers,The Sovereign,Lunar,54.4,545,41,0.62,0.512,21,20,13645,7750,5895,30,22,58,75,40.0%,355.2,201.8,153.5,0.78,0.57,1.51,1.95,332.8,189.0,143.8,0.73,0.54,1.41,1.83,104,76,2.71,1.98,2.54,1.85
Prospect,RSC000237,Ricostealth,Ravagers,The Swarm,Solar,54.3,643,47,0.412,0.362,17,30,15436,8590,6846,35,24,56,109,32.1%,340.6,189.5,151.1,0.77,0.53,1.24,2.41,328.4,182.8,145.7,0.74,0.51,1.19,2.32,104,130,2.29,2.87,2.21,2.77
Prospect,,Pineapple,Supernova,The Cosmos,Solar,53.7,655,49,0.467,0.429,21,28,14504,7510,6994,27,36,39,106,25.5%,314.2,162.7,151.5,0.58,0.78,0.84,2.3,296.0,153.3,142.7,0.55,0.73,0.8,2.16,102,111,2.21,2.4,2.08,2.27
Prospect,RSC003113,Nebulade,"Gallimimus
Ravagers","Dino Park
The Swarm",Lunar,53.6,648,46,0.465,0.435,20,26,14539,8540,5999,42,24,36,134,31.3%,318.3,187.0,131.3,0.92,0.53,0.79,2.93,316.1,185.7,130.4,0.91,0.52,0.78,2.91,109,119,2.39,2.61,2.37,2.59
Prospect,RSC003113,Nebulade,"Gallimimus
Ravagers","Dino Park
The Swarm",Lunar,53.6,648,46,0.465,0.435,20,26,14539,8540,5999,42,24,36,134,31.3%,318.3,187.0,131.3,0.92,0.53,0.79,2.93,316.1,185.7,130.4,0.91,0.52,0.78,2.91,109,119,2.39,2.61,2.37,2.59
Prospect,,Scope,Dolphins,The Ocean,Solar,53.5,535,40,0.424,0.4,16,24,12507,6470,6037,23,21,44,92,25.0%,331.7,171.6,160.1,0.61,0.56,1.17,2.44,312.7,161.8,150.9,0.58,0.53,1.1,2.3,78,95,2.07,2.52,1.95,2.38
Prospect,RSC000090,Paranormalpancak,Compost Bins,Waste Management,Solar,53.4,498,39,0.552,0.641,25,14,11863,7090,4773,30,21,45,79,38.0%,338.0,202.0,136.0,0.85,0.6,1.28,2.25,304.2,181.8,122.4,0.77,0.54,1.15,2.03,98,86,2.79,2.45,2.51,2.21
Prospect,RSC002836,Parkkid,Vultures,Birds of Prey,Solar,52.5,611,42,0.536,0.643,27,15,14839,8450,6389,38,20,53,100,38.0%,344.6,196.2,148.4,0.88,0.46,1.23,2.32,353.3,201.2,152.1,0.9,0.48,1.26,2.38,100,91,2.32,2.11,2.38,2.17
Prospect,RSC000759,Skiddlydiddly16,Imperial Walkers,The Empire,Solar,52.3,797,55,0.717,0.709,39,16,18565,11210,7355,52,39,58,116,44.8%,330.5,199.6,130.9,0.93,0.69,1.03,2.06,337.5,203.8,133.7,0.95,0.71,1.05,2.11,186,104,3.31,1.85,3.38,1.89
Prospect,RSC002768,Mk Mkof,Dolphins,The Ocean,Solar,51.8,459,34,0.505,0.471,16,18,11617,6720,4897,32,13,44,67,47.8%,359.1,207.7,151.4,0.99,0.4,1.36,2.07,341.7,197.6,144.0,0.94,0.38,1.29,1.97,79,78,2.44,2.41,2.32,2.29
Prospect,,Slipknota9538,Templars,The Order,Lunar,51.4,63,6,0.5,0.5,3,3,1589,780,809,4,2,4,8,50.0%,357.8,175.7,182.2,0.9,0.45,0.9,1.8,264.8,130.0,134.8,0.67,0.33,0.67,1.33,8,8,1.8,1.8,1.33,1.33
Prospect,RSC002568,Otter,Berserkers,The Sovereign,Lunar,51.3,643,46,0.596,0.543,25,21,14895,8740,6155,45,21,40,119,37.8%,328.7,192.8,135.8,0.99,0.46,0.88,2.63,323.8,190.0,133.8,0.98,0.46,0.87,2.59,123,96,2.71,2.12,2.67,2.09
Prospect,RSC000922,D__E__R__K,OO AAs,Planet of the Apes,Lunar,51.3,588,39,0.532,0.487,19,20,13418,7470,5948,29,27,46,92,31.5%,323.8,180.2,143.5,0.7,0.65,1.11,2.22,344.1,191.5,152.5,0.74,0.69,1.18,2.36,103,95,2.49,2.29,2.64,2.44
Prospect,,Killershrooms98,Punch-Outs,8-Bit Brigade,Lunar,51.2,788,55,0.518,0.491,27,28,19346,10330,9016,43,21,74,128,33.6%,348.3,186.0,162.3,0.77,0.38,1.33,2.3,351.7,187.8,163.9,0.78,0.38,1.35,2.33,129,123,2.32,2.21,2.35,2.24
Prospect,RSC002543,Tyty.,Okapis,The Jungle,Solar,51.2,781,54,0.38,0.463,25,29,17539,9650,7889,35,39,60,120,29.2%,318.6,175.3,143.3,0.64,0.71,1.09,2.18,324.8,178.7,146.1,0.65,0.72,1.11,2.22,120,163,2.18,2.96,2.22,3.02
Prospect,RSC003273,Veni,Ravagers,The Swarm,Solar,50.5,537,39,0.448,0.462,18,21,12659,7110,5549,29,21,47,81,35.8%,334.5,187.8,146.6,0.77,0.55,1.24,2.14,324.6,182.3,142.3,0.74,0.54,1.21,2.08,84,96,2.22,2.54,2.15,2.46
Prospect,RSC002182,Breadmg,Sparks,Electric Mayhem,Lunar,49.4,589,41,0.496,0.537,22,19,13318,7440,5878,29,23,48,99,29.3%,320.8,179.2,141.6,0.7,0.55,1.16,2.38,324.8,181.5,143.4,0.71,0.56,1.17,2.41,88,89,2.12,2.14,2.15,2.17
Prospect,RSC002301,Raymondpart1,Blacktips,Shark Attack,Lunar,48.7,742,53,0.68,0.774,41,12,16193,10160,6033,55,28,37,141,39.0%,309.6,194.3,115.4,1.05,0.54,0.71,2.7,305.5,191.7,113.8,1.04,0.53,0.7,2.66,168,105,3.21,2.01,3.17,1.98
Prospect,RSC002616,Ruthle,Gallimimus,Dino Park,Lunar,48.4,670,49,0.372,0.347,17,32,14725,7270,7455,28,29,39,107,26.2%,311.8,153.9,157.9,0.59,0.61,0.83,2.27,300.5,148.4,152.1,0.57,0.59,0.8,2.18,100,139,2.12,2.94,2.04,2.84
Prospect,RSC001021,Sef_Assasin666,Hisspy Bacons,The Cat Cafe,Solar,48.2,645,46,0.249,0.261,12,34,16161,8510,7651,29,9,82,106,27.4%,355.5,187.2,168.3,0.64,0.2,1.8,2.33,351.3,185.0,166.3,0.63,0.2,1.78,2.3,62,129,1.36,2.84,1.35,2.8
Prospect,RSC001021,Sef_Assasin666,Hisspy Bacons,The Cat Cafe,Solar,48.2,645,46,0.249,0.261,12,34,16161,8510,7651,29,9,82,106,27.4%,355.5,187.2,168.3,0.64,0.2,1.8,2.33,351.3,185.0,166.3,0.63,0.2,1.78,2.3,62,129,1.36,2.84,1.35,2.8
Prospect,RSC001021,Sef_Assasin666,Hisspy Bacons,The Cat Cafe,Solar,48.2,645,46,0.249,0.261,12,34,16161,8510,7651,29,9,82,106,27.4%,355.5,187.2,168.3,0.64,0.2,1.8,2.33,351.3,185.0,166.3,0.63,0.2,1.78,2.3,62,129,1.36,2.84,1.35,2.8
Prospect,RSC003104,Nizzlepls,Templars,The Order,Lunar,48.0,698,49,0.545,0.551,27,22,15374,8170,7204,31,30,49,112,27.7%,312.5,166.1,146.4,0.63,0.61,1.0,2.28,313.8,166.7,147.0,0.63,0.61,1.0,2.29,117,104,2.38,2.11,2.39,2.12
Prospect,RSC003394,Pikmanchu,Supernova,The Cosmos,Solar,47.9,655,49,0.511,0.49,24,25,14960,8000,6960,37,21,43,110,33.6%,324.0,173.3,150.8,0.8,0.45,0.93,2.38,305.3,163.3,142.0,0.76,0.43,0.88,2.24,113,110,2.45,2.38,2.31,2.24
Prospect,RSC003290,Wyzer,Dolphins,The Ocean,Solar,47.2,696,51,0.42,0.392,20,31,15783,8530,7253,34,24,56,113,30.1%,321.7,173.9,147.9,0.69,0.49,1.14,2.3,309.5,167.3,142.2,0.67,0.47,1.1,2.22,104,128,2.12,2.61,2.04,2.51
Prospect,RSC000966,Drip2Ez,Koala Bears,The Bear Den,Lunar,46.1,833,54,0.528,0.537,29,25,17659,10570,7089,49,31,51,157,31.2%,300.8,180.0,120.7,0.83,0.53,0.87,2.67,327.0,195.7,131.3,0.91,0.57,0.94,2.91,144,134,2.45,2.28,2.67,2.48
Prospect,RSC002095,Bloopercs,"Stargazers
Punch-Outs","The Abyss
8-Bit Brigade",Lunar,45.8,651,46,0.416,0.413,19,27,15109,8200,6909,27,23,69,90,30.0%,329.3,178.7,150.6,0.59,0.5,1.5,1.96,328.5,178.3,150.2,0.59,0.5,1.5,1.96,88,110,1.92,2.4,1.91,2.39
Prospect,RSC001031,Ab26Panther,Firecrackers,Fallout Shelter,Solar,45.5,624,46,0.526,0.478,22,24,13409,7340,6069,27,25,47,104,26.0%,304.9,166.9,138.0,0.61,0.57,1.07,2.36,291.5,159.6,131.9,0.59,0.54,1.02,2.26,110,103,2.5,2.34,2.39,2.24
Prospect,,Madnessrl,"Gallimimus
Okapis","Dino Park
The Jungle",Solar,45.2,230,15,0.414,0.667,10,5,5188,3290,1898,16,7,19,39,41.0%,320.0,202.9,117.1,0.99,0.43,1.17,2.41,345.9,219.3,126.5,1.07,0.47,1.27,2.6,37,46,2.28,2.84,2.47,3.07
Prospect,RSC002324,Chazzthedr,Air Buds,Puppy Paradise,Solar,44.4,78,6,0.298,0.167,1,5,1683,770,913,3,3,4,12,25.0%,306.1,140.1,166.1,0.55,0.55,0.73,2.18,280.5,128.3,152.2,0.5,0.5,0.67,2.0,14,23,2.55,4.18,2.33,3.83
Prospect,RSC001773,Vulpine,Eclipse,North American Soccar Club,Solar,44.4,660,46,0.635,0.587,27,19,13902,8090,5812,33,30,45,104,31.7%,298.8,173.9,124.9,0.71,0.64,0.97,2.24,302.2,175.9,126.3,0.72,0.65,0.98,2.26,136,96,2.92,2.06,2.96,2.09
Prospect,,Alanshore21,"Blacktips
Smooth Mint","Shark Attack
Minty Fresh",Lunar,43.8,134,10,0.599,0.7,7,3,2762,1550,1212,5,5,11,25,20.0%,292.4,164.1,128.3,0.53,0.53,1.16,2.65,276.2,155.0,121.2,0.5,0.5,1.1,2.5,21,16,2.22,1.69,2.1,1.6
Prospect,RSC000644,Flez,Sparks,Electric Mayhem,Lunar,43.4,785,55,0.5,0.545,30,25,16755,9850,6905,38,26,67,140,27.1%,302.8,178.0,124.8,0.69,0.47,1.21,2.53,304.6,179.1,125.5,0.69,0.47,1.22,2.55,121,121,2.19,2.19,2.2,2.2
Prospect,,Treeedreams,"Vultures
Okapis","Birds of Prey
The Jungle",Solar,43.0,563,38,0.5,0.579,22,16,12752,7370,5382,37,12,42,97,38.1%,321.4,185.7,135.6,0.93,0.3,1.06,2.44,335.6,193.9,141.6,0.97,0.32,1.11,2.55,92,92,2.32,2.32,2.42,2.42
Prospect,RSC003411,Levibullrush,Salty Sardines,Fifty-Fifty Pizzeria,Lunar,42.9,229,16,0.345,0.313,5,11,5075,2780,2295,15,8,11,33,45.5%,314.4,172.2,142.2,0.93,0.5,0.68,2.04,317.2,173.8,143.4,0.94,0.5,0.69,2.06,35,52,2.17,3.22,2.19,3.25
Prospect,,Jkubb_,Koala Bears,The Bear Den,Lunar,42.7,736,48,0.54,0.583,28,20,16427,9730,6697,48,21,54,118,40.7%,316.7,187.6,129.1,0.93,0.4,1.04,2.27,342.2,202.7,139.5,1.0,0.44,1.13,2.46,133,120,2.56,2.31,2.77,2.5
Prospect,RSC002505,Jynxgaming24,Gallimimus,Dino Park,Lunar,42.6,704,51,0.38,0.353,18,33,16449,9120,7329,37,13,73,112,33.0%,331.5,183.8,147.7,0.75,0.26,1.47,2.26,322.5,178.8,143.7,0.73,0.25,1.43,2.2,105,143,2.12,2.88,2.06,2.8
Prospect,RSC003406,Otoska,Supernova,The Cosmos,Solar,41.7,363,26,0.461,0.346,9,17,7732,4400,3332,13,16,36,50,26.0%,302.2,172.0,130.2,0.51,0.63,1.41,1.95,297.4,169.2,128.2,0.5,0.62,1.38,1.92,56,62,2.19,2.42,2.15,2.38
Prospect,RSC002163,Skrikeshut,Air Buds,Puppy Paradise,Solar,40.9,836,55,0.592,0.564,31,24,16461,9770,6691,42,45,42,122,34.4%,279.4,165.8,113.6,0.71,0.76,0.71,2.07,299.3,177.6,121.7,0.76,0.82,0.76,2.22,174,138,2.95,2.34,3.16,2.51
Prospect,RSC002829,Prox,Okapis,The Jungle,Solar,40.8,811,56,0.367,0.464,26,30,18062,10220,7842,42,26,72,112,37.5%,316.0,178.8,137.2,0.73,0.45,1.26,1.96,322.5,182.5,140.0,0.75,0.46,1.29,2.0,124,174,2.17,3.04,2.21,3.11
Prospect,RSC002702,X Psycoticz,Smooth Mint,Minty Fresh,Solar,40.4,67,4,0.214,0.25,1,3,1602,870,732,4,0,7,12,33.3%,339.2,184.2,155.0,0.85,0.0,1.48,2.54,400.5,217.5,183.0,1.0,0.0,1.75,3.0,7,16,1.48,3.39,1.75,4.0
Prospect,,Grumpus_Dad,Punch-Outs,8-Bit Brigade,Lunar,40.3,330,23,0.596,0.565,13,10,6621,4020,2601,15,15,25,52,28.8%,284.7,172.8,111.8,0.64,0.64,1.07,2.24,287.9,174.8,113.1,0.65,0.65,1.09,2.26,64,50,2.75,2.15,2.78,2.17
Prospect,RSC001768,Moldypbj,Salty Sardines,Fifty-Fifty Pizzeria,Lunar,40.3,713,50,0.279,0.26,13,37,15858,8980,6878,46,11,51,128,35.9%,315.6,178.7,136.9,0.92,0.22,1.01,2.55,317.2,179.6,137.6,0.92,0.22,1.02,2.56,93,168,1.85,3.34,1.86,3.36
Prospect,,Frider153,Earth,The Elements,Lunar,40.1,579,37,0.614,0.595,22,15,11983,6550,5433,22,24,46,85,25.9%,293.6,160.5,133.1,0.54,0.59,1.13,2.08,323.9,177.0,146.8,0.59,0.65,1.24,2.3,98,72,2.4,1.76,2.65,1.95
Prospect,RSC003283,S1Urptastic,Stargazers,The Abyss,Lunar,39.9,470,35,0.307,0.343,12,23,10751,5340,5411,20,9,44,69,29.0%,324.5,161.2,163.3,0.6,0.27,1.33,2.08,307.2,152.6,154.6,0.57,0.26,1.26,1.97,50,86,1.51,2.6,1.43,2.46
Prospect,RSC001551,Paintballp,OO AAs,Planet of the Apes,Lunar,39.7,405,28,0.539,0.536,15,13,8792,4780,4012,19,13,33,58,32.8%,308.0,167.5,140.5,0.67,0.46,1.16,2.03,314.0,170.7,143.3,0.68,0.46,1.18,2.07,61,55,2.14,1.93,2.18,1.96
Prospect,RSC002933,Hotsauce,Compost Bins,Waste Management,Solar,39.4,338,25,0.527,0.6,15,10,7172,4280,2892,21,9,23,58,36.2%,301.0,179.7,121.4,0.88,0.38,0.97,2.43,286.9,171.2,115.7,0.84,0.36,0.92,2.32,60,56,2.52,2.35,2.4,2.24
Prospect,RSC002937,Sirtommynoble,Gallimimus,Dino Park,Lunar,38.1,164,13,0.236,0.154,2,11,3625,1760,1865,7,1,14,31,22.6%,313.6,152.3,161.3,0.61,0.09,1.21,2.68,278.8,135.4,143.5,0.54,0.08,1.08,2.38,18,38,1.56,3.29,1.38,2.92
Prospect,RSC001078,Binx,Titanoboas,The Serpents,Lunar,38.1,215,15,0.397,0.333,5,10,4665,2450,2215,11,8,14,25,44.0%,307.8,161.7,146.2,0.73,0.53,0.92,1.65,311.0,163.3,147.7,0.73,0.53,0.93,1.67,38,49,2.51,3.23,2.53,3.27
Prospect,RSC002183,Charwing,Ravagers,The Swarm,Solar,37.7,649,44,0.465,0.409,18,26,13229,6940,6289,33,21,31,104,31.7%,289.2,151.7,137.5,0.72,0.46,0.68,2.27,300.7,157.7,142.9,0.75,0.48,0.7,2.36,108,118,2.36,2.58,2.45,2.68
Prospect,RSC003301,Your Friendly Neighborhood Canoe,Punch-Outs,8-Bit Brigade,Lunar,37.2,102,8,0.37,0.375,3,5,1998,960,1038,3,4,6,16,18.8%,277.9,133.5,144.4,0.42,0.56,0.83,2.23,249.8,120.0,129.8,0.38,0.5,0.75,2.0,15,21,2.09,2.92,1.88,2.63
Prospect,,Surfrl,Stargazers,The Abyss,Lunar,37.0,416,32,0.297,0.313,10,22,9482,5050,4432,20,8,42,55,36.4%,323.4,172.2,151.2,0.68,0.27,1.43,1.88,296.3,157.8,138.5,0.63,0.25,1.31,1.72,44,78,1.5,2.66,1.38,2.44
Prospect,RSC002892,Nickm,Smooth Mint,Minty Fresh,Solar,36.3,625,42,0.511,0.548,23,19,12512,6960,5552,26,28,43,81,32.1%,284.0,158.0,126.0,0.59,0.64,0.98,1.84,297.9,165.7,132.2,0.62,0.67,1.02,1.93,111,108,2.52,2.45,2.64,2.57
Prospect,RSC002956,Ofodo,Earth,The Elements,Lunar,34.7,636,41,0.582,0.561,23,18,12452,6530,5922,27,24,34,93,29.0%,277.8,145.7,132.1,0.6,0.54,0.76,2.07,303.7,159.3,144.4,0.66,0.59,0.83,2.27,114,92,2.54,2.05,2.78,2.24
Prospect,RSC002823,Sussurance_Blm,"Hisspy Bacons
Blacktips","The Cat Cafe
Shark Attack",Solar,33.5,411,29,0.328,0.379,11,18,8109,3990,4119,8,16,37,54,14.8%,279.9,137.7,142.2,0.28,0.55,1.28,1.86,279.6,137.6,142.0,0.28,0.55,1.28,1.86,41,67,1.42,2.31,1.41,2.31
Prospect,RSC002042,Fo0F,"OO AAs
Koala Bears","Planet of the Apes
The Bear Den",Lunar,33.0,393,26,0.569,0.538,14,12,7925,5060,2865,27,9,25,66,40.9%,286.1,182.7,103.4,0.97,0.32,0.9,2.38,304.8,194.6,110.2,1.04,0.35,0.96,2.54,74,62,2.67,2.24,2.85,2.38
Prospect,RSC003500,Sargentpyle,Gallimimus,Dino Park,Lunar,31.5,45,3,0.282,0.333,1,2,965,530,435,0,2,8,3,0.0%,304.2,167.1,137.1,0.0,0.63,2.52,0.95,321.7,176.7,145.0,0.0,0.67,2.67,1.0,3,6,0.95,1.89,1.0,2.0
Prospect,,Der,Firecrackers,Fallout Shelter,Solar,31.5,341,24,0.343,0.25,6,18,7179,4040,3139,18,8,28,44,40.9%,298.7,168.1,130.6,0.75,0.33,1.16,1.83,299.1,168.3,130.8,0.75,0.33,1.17,1.83,50,75,2.08,3.12,2.08,3.13
Prospect,RSC000392,Jordayumm,Stargazers,The Abyss,Lunar,30.7,651,49,0.295,0.327,16,33,13379,6570,6809,20,15,59,87,23.0%,291.6,143.2,148.4,0.44,0.33,1.29,1.9,273.0,134.1,139.0,0.41,0.31,1.2,1.78,69,123,1.5,2.68,1.41,2.51
Prospect,RSC003127,Lim,Salty Sardines,Fifty-Fifty Pizzeria,Lunar,28.2,639,45,0.285,0.267,12,33,12370,6230,6140,16,21,56,78,20.5%,274.7,138.3,136.3,0.36,0.47,1.24,1.73,274.9,138.4,136.4,0.36,0.47,1.24,1.73,78,140,1.73,3.11,1.73,3.11
Prospect,,Reeve,Vultures,Birds of Prey,Solar,27.4,612,43,0.546,0.628,27,16,11702,6390,5312,24,19,45,79,30.4%,271.3,148.1,123.1,0.56,0.44,1.04,1.83,272.1,148.6,123.5,0.56,0.44,1.05,1.84,108,96,2.5,2.23,2.51,2.23
Prospect,RSC003247,Croptopolis,Smooth Mint,Minty Fresh,Solar,25.4,581,40,0.545,0.6,24,16,11211,6050,5161,24,16,43,70,34.3%,273.8,147.7,126.0,0.59,0.39,1.05,1.71,280.3,151.3,129.0,0.6,0.4,1.08,1.75,101,90,2.47,2.2,2.53,2.25
Prospect,RSC002414,Xxdarksidexx,Templars,The Order,Lunar,24.7,553,39,0.474,0.487,19,20,10309,5590,4719,15,17,51,69,21.7%,264.5,143.4,121.1,0.38,0.44,1.31,1.77,264.3,143.3,121.0,0.38,0.44,1.31,1.77,86,92,2.21,2.36,2.21,2.36
Prospect,RSC003109,Kflip11,Eclipse,North American Soccar Club,Solar,23.6,202,14,0.523,0.571,8,6,3779,2010,1769,11,5,8,26,42.3%,265.4,141.2,124.2,0.77,0.35,0.56,1.83,269.9,143.6,126.4,0.79,0.36,0.57,1.86,36,34,2.53,2.39,2.57,2.43
Prospect,RSC003265,System,OO AAs,Planet of the Apes,Lunar,23.6,388,29,0.419,0.345,10,19,6986,3600,3386,13,14,23,45,28.9%,255.5,131.6,123.8,0.48,0.51,0.84,1.65,240.9,124.1,116.8,0.45,0.48,0.79,1.55,55,68,2.01,2.49,1.9,2.34
Prospect,RSC002991,Santa Turtle,"Stargazers
Okapis
Earth","The Abyss
The Jungle
The Elements",Lunar,23.1,297,22,0.242,0.273,6,16,5632,3140,2492,13,10,21,29,44.8%,269.0,150.0,119.0,0.62,0.48,1.0,1.39,256.0,142.7,113.3,0.59,0.45,0.95,1.32,40,80,1.91,3.82,1.82,3.64
Prospect,RSC002574,Twrtle,Okapis,The Jungle,Solar,23.1,144,10,0.345,0.4,4,6,2715,1390,1325,6,3,9,19,31.6%,267.5,137.0,130.5,0.59,0.3,0.89,1.87,271.5,139.0,132.5,0.6,0.3,0.9,1.9,23,34,2.27,3.35,2.3,3.4
Prospect,RSC002255,Wipeout,Salty Sardines,Fifty-Fifty Pizzeria,Lunar,21.6,622,43,0.304,0.326,14,29,12022,6680,5342,22,16,61,63,34.9%,274.2,152.4,121.9,0.5,0.36,1.39,1.44,279.6,155.3,124.2,0.51,0.37,1.42,1.47,86,144,1.96,3.28,2.0,3.35
Prospect,,Imgonpredude,"Okapis
Stargazers","The Jungle
The Abyss",Solar,21.6,348,24,0.341,0.333,8,16,6415,3220,3195,10,7,28,47,21.3%,261.5,131.3,130.3,0.41,0.29,1.14,1.92,267.3,134.2,133.1,0.42,0.29,1.17,1.96,40,62,1.63,2.53,1.67,2.58
Prospect,RSC002452,Kcman13,Hisspy Bacons,The Cat Cafe,Solar,21.0,580,41,0.211,0.171,7,34,10629,5700,4929,19,15,47,70,27.1%,260.0,139.4,120.6,0.46,0.37,1.15,1.71,259.2,139.0,120.2,0.46,0.37,1.15,1.71,57,133,1.39,3.25,1.39,3.24
Prospect,RSC000054,Blindvisionary,Gallimimus,Dino Park,Lunar,20.5,246,18,0.274,0.222,4,14,4286,2060,2226,9,9,9,26,34.6%,247.2,118.8,128.4,0.52,0.52,0.52,1.5,238.1,114.4,123.7,0.5,0.5,0.5,1.44,29,54,1.67,3.11,1.61,3.0
Prospect,RSC003056,Redimc,Stargazers,The Abyss,Lunar,17.2,175,13,0.297,0.231,3,10,2911,1400,1511,4,4,11,25,16.0%,236.0,113.5,122.5,0.32,0.32,0.89,2.03,223.9,107.7,116.2,0.31,0.31,0.85,1.92,22,38,1.78,3.08,1.69,2.92
Prospect,RSC001025,L3G1T L3Ge3Nd,Hisspy Bacons,The Cat Cafe,Solar,16.8,562,43,0.203,0.209,9,34,10304,4890,5414,15,11,45,59,25.4%,260.1,123.4,136.7,0.38,0.28,1.14,1.49,239.6,113.7,125.9,0.35,0.26,1.05,1.37,55,132,1.39,3.33,1.28,3.07
Prospect,RSC002897,Vickyviksta,Sparks,Electric Mayhem,Lunar,16.0,304,22,0.354,0.364,8,14,5217,2720,2497,9,9,21,32,28.1%,243.5,126.9,116.5,0.42,0.42,0.98,1.49,237.1,123.6,113.5,0.41,0.41,0.95,1.45,37,55,1.73,2.57,1.68,2.5
Prospect,RSC000214,Papahoff420,Dolphins,The Ocean,Solar,15.5,578,43,0.287,0.256,11,32,10096,5130,4966,20,10,38,73,27.4%,247.8,125.9,121.9,0.49,0.25,0.93,1.79,234.8,119.3,115.5,0.47,0.23,0.88,1.7,66,119,1.62,2.92,1.53,2.77
Prospect,RSC003108,Canadianpeeenis,Hisspy Bacons,The Cat Cafe,Solar,8.3,142,10,0.136,0.0,0,10,2215,1090,1125,4,2,8,19,21.1%,221.3,108.9,112.4,0.4,0.2,0.8,1.9,221.5,109.0,112.5,0.4,0.2,0.8,1.9,11,36,1.1,3.6,1.1,3.6
Prospect,RSC003266,Gameymcgamertag,Salty Sardines,Fifty-Fifty Pizzeria,Lunar,3.0,182,14,0.102,0.071,1,13,2747,1260,1487,3,4,12,16,18.8%,214.1,98.2,115.9,0.23,0.31,0.94,1.25,196.2,90.0,106.2,0.21,0.29,0.86,1.14,14,54,1.09,4.21,1.0,3.86
Prospect,RSC003464,Thenone,Koala Bears,The Bear Den,Lunar,-20.2,65,4,0.429,0.5,2,2,665,350,315,1,1,3,5,20.0%,145.2,76.4,68.8,0.22,0.22,0.65,1.09,166.3,87.5,78.8,0.25,0.25,0.75,1.25,10,12,2.18,2.62,2.5,3.0
Premier,RSC003392,Chaz,"Pythons
Hurricanes
Megalodons","The Serpents
Storm
Shark Attack",Lunar,80.6,275,17,0.661,0.588,10,7,7213,4260,2953,19,14,22,56,33.9%,401.0,236.8,164.2,1.06,0.78,1.22,3.11,424.3,250.6,173.7,1.12,0.82,1.29,3.29,48,31,2.67,1.72,2.82,1.82
Premier,RSC002070,Yokes,Interstellar,The Cosmos,Solar,80.0,827,56,0.587,0.554,31,25,23317,13080,10237,50,34,96,158,31.6%,431.0,241.8,189.2,0.92,0.63,1.77,2.92,416.4,233.6,182.8,0.89,0.61,1.71,2.82,131,104,2.42,1.92,2.34,1.86
Premier,RSC001243,Destin,Pythons,The Serpents,Lunar,78.0,756,52,0.486,0.538,28,24,20321,11260,9061,48,30,67,161,29.8%,410.9,227.7,183.2,0.97,0.61,1.35,3.26,390.8,216.5,174.3,0.92,0.58,1.29,3.1,107,111,2.16,2.24,2.06,2.13
Premier,RSC001573,Plantingcargo85,Zeus,Olympus,Solar,77.1,510,32,0.588,0.594,19,13,13472,7600,5872,36,20,38,110,32.7%,403.8,227.8,176.0,1.08,0.6,1.14,3.3,421.0,237.5,183.5,1.13,0.63,1.19,3.44,82,65,2.46,1.95,2.56,2.03
Premier,RSC003412,Python,Aces,House of Cards,Lunar,76.1,8,1,0.242,0.0,0,1,150,60,90,0,1,0,1,0.0%,286.6,114.7,172.0,0.0,1.91,0.0,1.91,150.0,60.0,90.0,0.0,1.0,0.0,1.0,1,2,1.91,3.82,1.0,2.0
Premier,RSC003412,Python,Aces,House of Cards,Lunar,76.1,8,1,0.242,0.0,0,1,150,60,90,0,1,0,1,0.0%,286.6,114.7,172.0,0.0,1.91,0.0,1.91,150.0,60.0,90.0,0.0,1.0,0.0,1.0,1,2,1.91,3.82,1.0,2.0
Premier,RSC000941,Spyce,Megalodons,Shark Attack,Lunar,76.0,733,52,0.545,0.5,26,26,19209,10640,8569,50,31,52,149,33.6%,400.6,221.9,178.7,1.04,0.65,1.08,3.11,369.4,204.6,164.8,0.96,0.6,1.0,2.87,130,116,2.71,2.42,2.5,2.23
Premier,RSC002975,Brayden,Megalodons,Shark Attack,Lunar,71.0,622,44,0.531,0.477,21,23,16239,8960,7279,33,28,63,111,29.7%,399.1,220.2,178.9,0.81,0.69,1.55,2.73,369.1,203.6,165.4,0.75,0.64,1.43,2.52,107,99,2.63,2.43,2.43,2.25
Premier,RSC003291,Ebestdrew,Zeus,Olympus,Solar,69.8,196,12,0.393,0.333,4,8,5171,3260,1911,11,11,27,26,42.3%,403.3,254.3,149.0,0.86,0.86,2.11,2.03,430.9,271.7,159.3,0.92,0.92,2.25,2.17,29,38,2.26,2.96,2.42,3.17
Premier,RSC002974,Molokoa,Garbage Trucks,Waste Management,Solar,69.8,665,48,0.543,0.604,29,19,18086,9630,8456,39,24,68,113,34.5%,415.8,221.4,194.4,0.9,0.55,1.56,2.6,376.8,200.6,176.2,0.81,0.5,1.42,2.35,103,92,2.37,2.11,2.15,1.92
Premier,,Yungclipz,Clappers,As Seen on TV!,Solar,68.1,521,35,0.58,0.629,22,13,13359,7980,5379,38,17,45,108,35.2%,392.0,234.1,157.8,1.11,0.5,1.32,3.17,381.7,228.0,153.7,1.09,0.49,1.29,3.09,92,75,2.7,2.2,2.63,2.14
Premier,RSC001792,Vroko,Zeus,Olympus,Solar,64.4,381,24,0.576,0.542,13,11,8862,5010,3852,17,19,32,76,22.4%,355.6,201.0,154.6,0.68,0.76,1.28,3.05,369.3,208.8,160.5,0.71,0.79,1.33,3.17,61,50,2.45,2.01,2.54,2.08
Premier,RSC000439,Tide,Sun,Milky Way,Lunar,63.4,775,50,0.564,0.54,27,23,19245,11210,8035,48,29,70,146,32.9%,379.6,221.1,158.5,0.95,0.57,1.38,2.88,384.9,224.2,160.7,0.96,0.58,1.4,2.92,115,97,2.27,1.91,2.3,1.94
Premier,,Peacefulcomb9,Garbage Trucks,Waste Management,Solar,63.4,690,49,0.523,0.531,26,23,16303,9090,7213,37,35,49,119,31.1%,361.2,201.4,159.8,0.82,0.78,1.09,2.64,332.7,185.5,147.2,0.76,0.71,1.0,2.43,104,98,2.3,2.17,2.12,2.0
Premier,RSC001403,Justify,Pythons,The Serpents,Lunar,63.2,294,20,0.602,0.7,14,6,7327,3970,3357,16,9,26,62,25.8%,381.0,206.4,174.6,0.83,0.47,1.35,3.22,366.4,198.5,167.9,0.8,0.45,1.3,3.1,46,35,2.39,1.82,2.3,1.75
Premier,,D.Y.P,Clappers,As Seen on TV!,Solar,62.2,674,44,0.579,0.568,25,19,16238,8610,7628,34,28,51,126,27.0%,368.3,195.3,173.0,0.77,0.64,1.16,2.86,369.0,195.7,173.4,0.77,0.64,1.16,2.86,106,86,2.4,1.95,2.41,1.95
Premier,RSC001232,Darkness,Hurricanes,Storm,Solar,60.5,814,52,0.523,0.5,26,26,19671,11080,8591,46,28,69,163,28.2%,369.4,208.1,161.3,0.86,0.53,1.3,3.06,378.3,213.1,165.2,0.88,0.54,1.33,3.13,122,115,2.29,2.16,2.35,2.21
Premier,RSC002443,Slow,Megalodons,Shark Attack,Lunar,60.2,460,32,0.526,0.531,17,15,10904,5990,4914,22,24,38,69,31.9%,362.4,199.1,163.3,0.73,0.8,1.26,2.29,340.8,187.2,153.6,0.69,0.75,1.19,2.16,78,73,2.59,2.43,2.44,2.28
Premier,,Distant.,Clappers,As Seen on TV!,Solar,58.8,780,52,0.534,0.519,27,25,18496,10310,8186,36,37,72,126,28.6%,362.5,202.1,160.4,0.71,0.73,1.41,2.47,355.7,198.3,157.4,0.69,0.71,1.38,2.42,119,109,2.33,2.14,2.29,2.1
Premier,RSC000342,Ryzai,Demon-Os,Spooky Breakfast Gang,Solar,56.9,681,44,0.389,0.409,18,26,16053,8480,7573,31,24,57,133,23.3%,360.4,190.4,170.0,0.7,0.54,1.28,2.99,364.8,192.7,172.1,0.7,0.55,1.3,3.02,81,109,1.82,2.45,1.84,2.48
Premier,RSC003031,Yesper,Clappers,As Seen on TV!,Solar,56.8,69,4,0.463,0.5,2,2,1709,1050,659,6,1,5,15,40.0%,378.6,232.6,146.0,1.33,0.22,1.11,3.32,427.3,262.5,164.8,1.5,0.25,1.25,3.75,10,11,2.22,2.44,2.5,2.75
Premier,RSC003031,Yesper,Clappers,As Seen on TV!,Solar,56.8,69,4,0.463,0.5,2,2,1709,1050,659,6,1,5,15,40.0%,378.6,232.6,146.0,1.33,0.22,1.11,3.32,427.3,262.5,164.8,1.5,0.25,1.25,3.75,10,11,2.22,2.44,2.5,2.75
Premier,RSC002490,Bex!,Garbage Trucks,Waste Management,Solar,55.9,195,15,0.437,0.333,5,10,4752,2480,2272,7,10,21,23,30.4%,372.5,194.4,178.1,0.55,0.78,1.65,1.8,316.8,165.3,151.5,0.47,0.67,1.4,1.53,29,34,2.27,2.67,1.93,2.27
Premier,RSC001180,Cannibal,Clappers,As Seen on TV!,Solar,54.5,494,33,0.555,0.515,17,16,10904,6360,4544,23,24,40,86,26.7%,337.4,196.8,140.6,0.71,0.74,1.24,2.66,330.4,192.7,137.7,0.7,0.73,1.21,2.61,84,73,2.6,2.26,2.55,2.21
Premier,RSC002457,Tulkey,Hurricanes,Storm,Solar,53.9,293,20,0.535,0.5,10,10,7270,4130,3140,15,9,34,48,31.3%,379.3,215.5,163.8,0.78,0.47,1.77,2.5,363.5,206.5,157.0,0.75,0.45,1.7,2.4,46,42,2.4,2.19,2.3,2.1
Premier,RSC001894,Rinoneal,Interstellar,The Cosmos,Solar,53.7,169,11,0.722,0.727,8,3,4153,2300,1853,10,3,16,35,28.6%,375.7,208.0,167.6,0.9,0.27,1.45,3.17,377.5,209.1,168.5,0.91,0.27,1.45,3.18,27,14,2.44,1.27,2.45,1.27
Premier,RSC003137,Antzu,Sun,Milky Way,Lunar,53.1,740,47,0.53,0.511,24,23,16883,9400,7483,28,38,73,105,26.7%,348.8,194.2,154.6,0.58,0.79,1.51,2.17,359.2,200.0,159.2,0.6,0.81,1.55,2.23,105,97,2.17,2.0,2.23,2.06
Premier,RSC002532,Bubblyreaper,Interstellar,The Cosmos,Solar,51.9,779,52,0.583,0.538,28,24,17190,9940,7250,37,36,63,129,28.7%,337.3,195.1,142.3,0.73,0.71,1.24,2.53,330.6,191.2,139.4,0.71,0.69,1.21,2.48,121,97,2.37,1.9,2.33,1.87
Premier,RSC000462,Kruncho,The Avengers,The Comic Crusaders,Lunar,51.8,753,49,0.507,0.531,26,23,16540,8770,7770,33,30,51,142,23.2%,335.8,178.0,157.7,0.67,0.61,1.04,2.88,337.6,179.0,158.6,0.67,0.61,1.04,2.9,101,99,2.05,2.01,2.06,2.02
Premier,RSC003414,Austinw,Hurricanes,Storm,Solar,51.0,589,39,0.555,0.513,20,19,13375,7500,5875,21,30,62,80,26.3%,347.1,194.7,152.5,0.55,0.78,1.61,2.08,342.9,192.3,150.6,0.54,0.77,1.59,2.05,89,77,2.31,2.0,2.28,1.97
Premier,,Henry,Aces,House of Cards,Lunar,50.9,627,39,0.509,0.487,19,20,14336,7780,6556,22,26,65,103,21.4%,349.5,189.7,159.8,0.54,0.63,1.58,2.51,367.6,199.5,168.1,0.56,0.67,1.67,2.64,86,84,2.1,2.05,2.21,2.15
Premier,,Thermal,Megalodons,Shark Attack,Lunar,50.8,173,12,0.673,0.667,8,4,3692,2470,1222,13,7,10,32,40.6%,326.2,218.3,108.0,1.15,0.62,0.88,2.83,307.7,205.8,101.8,1.08,0.58,0.83,2.67,36,23,3.18,2.03,3.0,1.92
Premier,RSC002405,Shawnmuslim,Garbage Trucks,Waste Management,Solar,49.0,775,56,0.52,0.536,30,26,17825,9830,7995,35,30,73,118,29.7%,351.6,193.9,157.7,0.69,0.59,1.44,2.33,318.3,175.5,142.8,0.63,0.54,1.3,2.11,118,112,2.33,2.21,2.11,2.0
Premier,RSC000129,Seb,Aces,House of Cards,Lunar,48.3,783,48,0.483,0.479,23,25,17681,10320,7361,47,18,62,162,29.0%,345.2,201.5,143.7,0.92,0.35,1.21,3.16,368.4,215.0,153.4,0.98,0.38,1.29,3.38,107,112,2.09,2.19,2.23,2.33
Premier,RSC000664,Vision,Megalodons,Shark Attack,Lunar,46.4,48,3,0.83,1.0,3,0,933,540,393,1,4,4,4,25.0%,297.1,172.0,125.2,0.32,1.27,1.27,1.27,311.0,180.0,131.0,0.33,1.33,1.33,1.33,11,4,3.5,1.27,3.67,1.33
Premier,,Tokyo,Aces,House of Cards,Lunar,45.2,69,4,0.537,0.5,2,2,1577,920,657,3,2,8,12,25.0%,349.4,203.8,145.6,0.66,0.44,1.77,2.66,394.3,230.0,164.3,0.75,0.5,2.0,3.0,11,10,2.44,2.22,2.75,2.5
Premier,RSC003173,Datapple,Avalanche,Polar Vortex,Lunar,42.8,905,56,0.381,0.446,25,31,21453,12420,9033,34,27,128,127,26.8%,362.4,209.8,152.6,0.57,0.46,2.16,2.15,383.1,221.8,161.3,0.61,0.48,2.29,2.27,95,132,1.6,2.23,1.7,2.36
Premier,RSC000336,Bismarck,Hurricanes,Storm,Solar,42.7,742,48,0.511,0.479,23,25,16023,9000,7023,39,25,53,120,32.5%,330.1,185.4,144.7,0.8,0.52,1.09,2.47,333.8,187.5,146.3,0.81,0.52,1.1,2.5,107,104,2.2,2.14,2.23,2.17
Premier,RSC001079,Wrevor,"Demon-Os
Megalodons","Spooky Breakfast Gang
Shark Attack",Solar,42.5,417,28,0.357,0.25,7,21,9539,5230,4309,14,16,50,53,26.4%,349.7,191.7,158.0,0.51,0.59,1.83,1.94,340.7,186.8,153.9,0.5,0.57,1.79,1.89,56,81,2.05,2.97,2.0,2.89
Premier,RSC000672,Jk,Sun,Milky Way,Lunar,42.3,730,48,0.546,0.521,25,23,16325,9030,7295,32,23,71,113,28.3%,341.9,189.1,152.8,0.67,0.48,1.49,2.37,340.1,188.1,152.0,0.67,0.48,1.48,2.35,105,93,2.2,1.95,2.19,1.94
Premier,RSC003195,Carnitas,The Avengers,The Comic Crusaders,Lunar,41.9,385,26,0.486,0.462,12,14,8573,4830,3743,21,9,32,68,30.9%,340.4,191.8,148.6,0.83,0.36,1.27,2.7,329.7,185.8,144.0,0.81,0.35,1.23,2.62,56,58,2.22,2.3,2.15,2.23
Premier,RSC003103,Not Owl,Demon-Os,Spooky Breakfast Gang,Solar,41.5,761,48,0.359,0.354,17,31,16957,9310,7647,34,25,71,111,30.6%,340.6,187.0,153.6,0.68,0.5,1.43,2.23,353.3,194.0,159.3,0.71,0.52,1.48,2.31,96,139,1.93,2.79,2.0,2.9
Premier,RSC000803,Hm.,Aces,House of Cards,Lunar,40.6,138,8,0.478,0.5,4,4,3218,1840,1378,8,2,14,24,33.3%,356.5,203.8,152.6,0.89,0.22,1.55,2.66,402.3,230.0,172.3,1.0,0.25,1.75,3.0,16,17,1.77,1.88,2.0,2.13
Premier,,Brodystampede,The Avengers,The Comic Crusaders,Lunar,40.5,859,55,0.494,0.509,28,27,18369,10030,8339,39,27,67,143,27.3%,326.9,178.5,148.4,0.69,0.48,1.19,2.54,334.0,182.4,151.6,0.71,0.49,1.22,2.6,116,118,2.06,2.1,2.11,2.15
Premier,RSC002078,Your,Interstellar,The Cosmos,Solar,40.4,706,49,0.562,0.531,26,23,14955,8200,6755,34,26,49,105,32.4%,323.8,177.6,146.3,0.74,0.56,1.06,2.27,305.2,167.3,137.9,0.69,0.53,1.0,2.14,114,97,2.47,2.1,2.33,1.98
Premier,RSC003347,Goodneighbor,"The Avengers
Aces","The Comic Crusaders
House of Cards",Lunar,38.8,440,27,0.465,0.481,13,14,9082,4830,4252,17,14,33,78,21.8%,315.5,167.8,147.7,0.59,0.49,1.15,2.71,336.4,178.9,157.5,0.63,0.52,1.22,2.89,63,69,2.19,2.4,2.33,2.56
Premier,RSC003155,Marqq,"Zeus
Avalanche","Olympus
Polar Vortex",Solar,38.5,295,18,0.5,0.5,9,9,6354,3590,2764,13,11,27,39,33.3%,329.3,186.0,143.2,0.67,0.57,1.4,2.02,353.0,199.4,153.6,0.72,0.61,1.5,2.17,44,44,2.28,2.28,2.44,2.44
Premier,RSC000128,Tylurr,Pythons,The Serpents,Lunar,38.4,249,16,0.471,0.438,7,9,5469,3160,2309,16,8,17,31,51.6%,335.8,194.0,141.8,0.98,0.49,1.04,1.9,341.8,197.5,144.3,1.0,0.5,1.06,1.94,39,42,2.39,2.58,2.44,2.63
Premier,RSC002936,Lu,Pythons,The Serpents,Lunar,38.3,438,29,0.559,0.655,19,10,8294,4590,3704,16,20,25,74,21.6%,289.5,160.2,129.3,0.56,0.7,0.87,2.58,286.0,158.3,127.7,0.55,0.69,0.86,2.55,71,61,2.48,2.13,2.45,2.1
Premier,RSC000318,Timthebull,Avalanche,Polar Vortex,Lunar,37.5,905,56,0.381,0.446,25,31,19871,10630,9241,27,27,104,138,19.6%,335.7,179.6,156.1,0.46,0.46,1.76,2.33,354.8,189.8,165.0,0.48,0.48,1.86,2.46,95,132,1.6,2.23,1.7,2.36
Premier,RSC001800,Schina,"Zeus
Avalanche","Olympus
Polar Vortex",Solar,36.6,313,20,0.402,0.35,7,13,7009,3840,3169,14,8,32,44,31.8%,342.3,187.5,154.8,0.68,0.39,1.56,2.15,350.5,192.0,158.5,0.7,0.4,1.6,2.2,41,53,2.0,2.59,2.05,2.65
Premier,RSC000952,Bun,Zeus,Olympus,Solar,35.8,572,36,0.532,0.528,19,17,11907,6890,5017,23,20,55,84,27.4%,318.2,184.1,134.1,0.61,0.53,1.47,2.24,330.8,191.4,139.4,0.64,0.56,1.53,2.33,87,80,2.33,2.14,2.42,2.22
Premier,RSC000849,Dapperstarfishh,Sun,Milky Way,Lunar,35.7,365,23,0.485,0.478,11,12,7945,4460,3485,17,9,35,56,30.4%,332.8,186.8,146.0,0.71,0.38,1.47,2.35,345.4,193.9,151.5,0.74,0.39,1.52,2.43,50,52,2.09,2.18,2.17,2.26
Premier,RSC000415,Cierex,Zeus,Olympus,Solar,35.0,253,16,0.36,0.375,6,10,5095,2660,2435,11,8,15,41,26.8%,307.9,160.7,147.1,0.66,0.48,0.91,2.48,318.4,166.3,152.2,0.69,0.5,0.94,2.56,31,45,1.87,2.72,1.94,2.81
Premier,RSC002720,Ryker,Pythons,The Serpents,Lunar,30.6,594,43,0.482,0.558,24,19,11838,5980,5858,20,20,43,83,24.1%,304.7,153.9,150.8,0.51,0.51,1.11,2.14,275.3,139.1,136.2,0.47,0.47,1.0,1.93,84,88,2.16,2.26,1.95,2.05
Premier,RSC001927,Ghxst,Avalanche,Polar Vortex,Lunar,30.3,187,11,0.533,0.727,8,3,3847,2300,1547,10,4,16,30,33.3%,314.5,188.0,126.5,0.82,0.33,1.31,2.45,349.7,209.1,140.6,0.91,0.36,1.45,2.73,23,21,1.88,1.72,2.09,1.91
Premier,RSC000931,Danger,The Avengers,The Comic Crusaders,Lunar,30.2,208,12,0.374,0.417,5,7,4108,2160,1948,7,4,17,41,17.1%,301.9,158.7,143.2,0.51,0.29,1.25,3.01,342.3,180.0,162.3,0.58,0.33,1.42,3.42,18,26,1.32,1.91,1.5,2.17
Premier,RSC000394,Darf01,Demon-Os,Spooky Breakfast Gang,Solar,27.2,653,40,0.388,0.375,15,25,12874,6940,5934,27,18,48,94,28.7%,301.4,162.5,138.9,0.63,0.42,1.12,2.2,321.9,173.5,148.4,0.68,0.45,1.2,2.35,81,109,1.9,2.55,2.03,2.73
Premier,RSC000408,Xero,Aces,House of Cards,Lunar,26.8,492,31,0.484,0.452,14,17,9829,5710,4119,19,16,48,61,31.1%,305.4,177.4,128.0,0.59,0.5,1.49,1.9,317.1,184.2,132.9,0.61,0.52,1.55,1.97,69,72,2.14,2.24,2.23,2.32
Premier,RSC001903,Plasma,Zeus,Olympus,Solar,25.5,261,16,0.355,0.313,5,11,5037,2720,2317,11,10,17,27,40.7%,295.0,159.3,135.7,0.64,0.59,1.0,1.58,314.8,170.0,144.8,0.69,0.63,1.06,1.69,32,47,1.87,2.75,2.0,2.94
Premier,RSC001903,Plasma,Zeus,Olympus,Solar,25.5,261,16,0.355,0.313,5,11,5037,2720,2317,11,10,17,27,40.7%,295.0,159.3,135.7,0.64,0.59,1.0,1.58,314.8,170.0,144.8,0.69,0.63,1.06,1.69,32,47,1.87,2.75,2.0,2.94
Premier,RSC001515,Neil,Aces,House of Cards,Lunar,18.2,190,11,0.406,0.364,4,7,3363,1990,1373,7,5,15,29,24.1%,270.6,160.1,110.5,0.56,0.4,1.21,2.33,305.7,180.9,124.8,0.64,0.45,1.36,2.64,25,32,2.01,2.57,2.27,2.91
Premier,RSC000866,Kar,Avalanche,Polar Vortex,Lunar,12.3,564,35,0.38,0.429,15,20,10004,5580,4424,18,13,48,73,24.7%,271.2,151.2,119.9,0.49,0.35,1.3,1.98,285.8,159.4,126.4,0.51,0.37,1.37,2.09,62,86,1.68,2.33,1.77,2.46
Premier,RSC002034,Goldenluigii,Avalanche,Polar Vortex,Lunar,9.8,70,4,0.244,0.25,1,3,1419,780,639,4,0,6,8,50.0%,309.9,170.3,139.5,0.87,0.0,1.31,1.75,354.8,195.0,159.8,1.0,0.0,1.5,2.0,5,11,1.09,2.4,1.25,2.75
Premier,RSC002034,Goldenluigii,Avalanche,Polar Vortex,Lunar,9.8,70,4,0.244,0.25,1,3,1419,780,639,4,0,6,8,50.0%,309.9,170.3,139.5,0.87,0.0,1.31,1.75,354.8,195.0,159.8,1.0,0.0,1.5,2.0,5,11,1.09,2.4,1.25,2.75
Premier,,Latumos,Demon-Os,Spooky Breakfast Gang,Solar,4.5,315,20,0.35,0.4,8,12,5239,2460,2779,9,5,18,41,22.0%,254.2,119.4,134.9,0.44,0.24,0.87,1.99,262.0,123.0,139.0,0.45,0.25,0.9,2.05,33,50,1.6,2.43,1.65,2.5
Premier,RSC003264,Lintyant,Aces,House of Cards,Lunar,1.1,121,7,0.432,0.429,3,4,2011,1060,951,5,1,7,16,31.3%,254.1,133.9,120.1,0.63,0.13,0.88,2.02,287.3,151.4,135.9,0.71,0.14,1.0,2.29,15,18,1.9,2.27,2.14,2.57
Premier,RSC002789,Morph,Hurricanes,Storm,Solar,-0.5,14,1,0.341,0.0,0,1,146,60,86,0,1,0,1,0.0%,159.4,65.5,93.9,0.0,1.09,0.0,1.09,146.0,60.0,86.0,0.0,1.0,0.0,1.0,2,3,2.18,3.28,2.0,3.0
Minor,RSC002996,Elysian,Hawks,Birds of Prey,Solar,91.6,873,63,0.67,0.667,42,21,25712,15000,10712,76,41,70,185,41.1%,425.5,248.2,177.3,1.26,0.68,1.16,3.06,408.1,238.1,170.0,1.21,0.65,1.11,2.94,190,122,3.14,2.02,3.02,1.94
Minor,,Heiz,Surge,Electric Mayhem,Lunar,83.6,17,1,0.351,0.0,0,1,470,280,190,1,1,2,3,33.3%,399.4,237.9,161.5,0.85,0.85,1.7,2.55,470.0,280.0,190.0,1.0,1.0,2.0,3.0,2,3,1.7,2.55,2.0,3.0
Minor,RSC000043,Zoose,Skull and Bones,The Order,Lunar,82.6,750,53,0.583,0.623,33,20,21283,12240,9043,56,32,71,149,37.6%,409.9,235.8,174.2,1.08,0.62,1.37,2.87,401.6,230.9,170.6,1.06,0.6,1.34,2.81,141,114,2.72,2.2,2.66,2.15
Minor,,Bama,Taipans,The Serpents,Lunar,82.2,64,4,0.598,0.5,2,2,1616,1020,596,5,5,3,12,41.7%,364.8,230.2,134.5,1.13,1.13,0.68,2.71,404.0,255.0,149.0,1.25,1.25,0.75,3.0,14,11,3.16,2.48,3.5,2.75
Minor,RSC001019,Surge,Shih Tzus,Puppy Paradise,Solar,79.5,38,4,0.322,0.25,1,3,1168,530,638,1,2,6,3,33.3%,444.0,201.5,242.5,0.38,0.76,2.28,1.14,292.0,132.5,159.5,0.25,0.5,1.5,0.75,5,8,1.9,3.04,1.25,2.0
Minor,,Canadian Things,Peppermint,Minty Fresh,Solar,78.9,711,51,0.568,0.549,28,23,19007,11150,7857,52,30,57,160,32.5%,386.2,226.5,159.6,1.06,0.61,1.16,3.25,372.7,218.6,154.1,1.02,0.59,1.12,3.14,124,104,2.52,2.11,2.43,2.04
Minor,RSC002618,Dj9856,Gravity,The Cosmos,Solar,78.6,852,57,0.561,0.561,32,25,22985,13240,9745,50,46,88,154,32.5%,389.7,224.5,165.2,0.85,0.78,1.49,2.61,403.2,232.3,171.0,0.88,0.81,1.54,2.7,152,130,2.58,2.2,2.67,2.28
Minor,,Phoenixtouch,Torpedoes,Fallout Shelter,Solar,78.5,872,64,0.571,0.625,40,24,23628,13660,9968,57,45,82,161,35.4%,391.4,226.3,165.1,0.94,0.75,1.36,2.67,369.2,213.4,155.8,0.89,0.7,1.28,2.52,165,138,2.73,2.29,2.58,2.16
Minor,,Marcus071903,Ocelots,The Jungle,Solar,78.2,800,58,0.652,0.586,34,24,21401,11590,9811,44,43,71,149,29.5%,386.4,209.3,177.2,0.79,0.78,1.28,2.69,369.0,199.8,169.2,0.76,0.74,1.22,2.57,149,99,2.69,1.79,2.57,1.71
Minor,,Jon Bovi,Dire Wolves,Polar Vortex,Lunar,77.4,914,60,0.709,0.733,44,16,24195,14740,9455,73,39,69,204,35.8%,382.4,233.0,149.4,1.15,0.62,1.09,3.22,403.3,245.7,157.6,1.22,0.65,1.15,3.4,179,100,2.83,1.58,2.98,1.67
Minor,RSC000233,Lilprsnwithanger,Ocelots,The Jungle,Solar,77.3,419,31,0.737,0.677,21,10,10783,6320,4463,30,25,25,82,36.6%,371.8,217.9,153.9,1.03,0.86,0.86,2.83,347.8,203.9,144.0,0.97,0.81,0.81,2.65,94,49,3.24,1.69,3.03,1.58
Minor,,Kev,Jupiter,Milky Way,Lunar,76.5,737,49,0.588,0.571,28,21,19107,10560,8547,34,43,73,136,25.0%,374.5,207.0,167.5,0.67,0.84,1.43,2.67,389.9,215.5,174.4,0.69,0.88,1.49,2.78,125,99,2.45,1.94,2.55,2.02
Minor,RSC003018,Mcchicky,Star Destroyers,The Empire,Solar,75.9,797,55,0.722,0.709,39,16,21280,12670,8610,66,32,55,172,38.4%,385.7,229.6,156.1,1.2,0.58,1.0,3.12,386.9,230.4,156.5,1.2,0.58,1.0,3.13,157,84,2.85,1.52,2.85,1.53
Minor,RSC002477,Ty (Arcus),Stuffed Crust,Fifty-Fifty Pizzeria,Lunar,75.9,625,44,0.515,0.455,20,24,17267,10080,7187,47,23,60,123,38.2%,399.1,233.0,166.1,1.09,0.53,1.39,2.84,392.4,229.1,163.3,1.07,0.52,1.36,2.8,105,101,2.43,2.33,2.39,2.3
Minor,RSC002477,Ty (Arcus),Stuffed Crust,Fifty-Fifty Pizzeria,Lunar,75.9,625,44,0.515,0.455,20,24,17267,10080,7187,47,23,60,123,38.2%,399.1,233.0,166.1,1.09,0.53,1.39,2.84,392.4,229.1,163.3,1.07,0.52,1.36,2.8,105,101,2.43,2.33,2.39,2.3
Minor,RSC000960,Catlas,Hammerheads,Shark Attack,Lunar,75.7,894,63,0.644,0.683,43,20,23922,13750,10172,60,37,81,185,32.4%,386.5,222.2,164.4,0.97,0.6,1.31,2.99,379.7,218.3,161.5,0.95,0.59,1.29,2.94,170,116,2.75,1.87,2.7,1.84
Minor,RSC001075,Spoilt,Cinnamon Ghost Crunch,Spooky Breakfast Gang,Solar,74.1,869,62,0.56,0.548,34,28,23410,13370,10040,55,43,85,147,37.4%,389.2,222.3,166.9,0.91,0.71,1.41,2.44,377.6,215.6,161.9,0.89,0.69,1.37,2.37,155,133,2.58,2.21,2.5,2.15
Minor,RSC003391,-Venomz,Justice League,The Comic Crusaders,Lunar,72.7,747,52,0.402,0.423,22,30,19714,10880,8834,55,23,50,173,31.8%,381.2,210.4,170.8,1.06,0.44,0.97,3.35,379.1,209.2,169.9,1.06,0.44,0.96,3.33,108,139,2.09,2.69,2.08,2.67
Minor,RSC003391,-Venomz,Justice League,The Comic Crusaders,Lunar,72.7,747,52,0.402,0.423,22,30,19714,10880,8834,55,23,50,173,31.8%,381.2,210.4,170.8,1.06,0.44,0.97,3.35,379.1,209.2,169.9,1.06,0.44,0.96,3.33,108,139,2.09,2.69,2.08,2.67
Minor,RSC000886,Blue Eyes Thunder Thighs,Blizzards,Storm,Solar,71.6,901,58,0.573,0.586,34,24,23990,13980,10010,63,41,81,158,39.9%,384.6,224.1,160.5,1.01,0.66,1.3,2.53,413.6,241.0,172.6,1.09,0.71,1.4,2.72,163,135,2.61,2.16,2.81,2.33
Minor,RSC002474,Zinq,Orangutans,Planet of the Apes,Lunar,71.3,428,30,0.543,0.567,17,13,11439,6220,5219,27,18,37,77,35.1%,386.1,209.9,176.2,0.91,0.61,1.25,2.6,381.3,207.3,174.0,0.9,0.6,1.23,2.57,77,69,2.6,2.33,2.57,2.3
Minor,RSC002812,Gtg Sugar,Banelings,The Swarm,Solar,71.0,802,60,0.52,0.483,29,31,21339,12180,9159,45,34,91,143,31.5%,384.4,219.4,165.0,0.81,0.61,1.64,2.58,355.7,203.0,152.7,0.75,0.57,1.52,2.38,139,132,2.5,2.38,2.32,2.2
Minor,RSC002600,Taskhetto,Wind,The Elements,Lunar,70.9,777,49,0.542,0.51,25,24,19632,11770,7862,60,29,50,182,33.0%,365.0,218.8,146.2,1.12,0.54,0.93,3.38,400.7,240.2,160.4,1.22,0.59,1.02,3.71,136,122,2.53,2.27,2.78,2.49
Minor,RSC002873,Muddy,Hawks,Birds of Prey,Solar,69.2,499,35,0.71,0.743,26,9,13107,7930,5177,41,24,36,83,49.4%,379.4,229.6,149.9,1.19,0.69,1.04,2.4,374.5,226.6,147.9,1.17,0.69,1.03,2.37,115,66,3.33,1.91,3.29,1.89
Minor,RSC002742,Rob Bee,Star Destroyers,The Empire,Solar,69.2,734,51,0.728,0.745,38,13,18993,11400,7593,45,36,77,125,36.0%,373.8,224.4,149.4,0.89,0.71,1.52,2.46,372.4,223.5,148.9,0.88,0.71,1.51,2.45,153,81,3.01,1.59,3.0,1.59
Minor,RSC002313,Galico,Torpedoes,Fallout Shelter,Solar,69.1,872,64,0.571,0.625,40,24,22932,13660,9272,65,37,75,156,41.7%,379.9,226.3,153.6,1.08,0.61,1.24,2.58,358.3,213.4,144.9,1.02,0.58,1.17,2.44,165,138,2.73,2.29,2.58,2.16
Minor,RSC000545,A Hammered Hamster,Dire Wolves,Polar Vortex,Lunar,68.4,118,8,0.519,0.5,4,4,2751,1740,1011,6,9,10,19,31.6%,336.8,213.0,123.8,0.73,1.1,1.22,2.33,343.9,217.5,126.4,0.75,1.13,1.25,2.38,22,21,2.69,2.57,2.75,2.63
Minor,,Cameroncurry77,"Velociraptors
Surge","Dino Park
Electric Mayhem",Lunar,67.9,626,41,0.46,0.512,21,20,15285,9190,6095,45,31,37,129,34.9%,352.7,212.1,140.7,1.04,0.72,0.85,2.98,372.8,224.1,148.7,1.1,0.76,0.9,3.15,103,114,2.38,2.63,2.51,2.78
Minor,,Stone-Dog,Star Destroyers,The Empire,Solar,67.7,773,54,0.67,0.648,35,19,19620,11170,8450,47,36,65,142,33.1%,366.7,208.7,157.9,0.88,0.67,1.21,2.65,363.3,206.9,156.5,0.87,0.67,1.2,2.63,139,87,2.6,1.63,2.57,1.61
Minor,RSC003000,Vividbunny46227,Vikings,The Sovereign,Lunar,67.3,35,3,0.889,1.0,3,0,999,630,369,4,0,3,8,50.0%,412.3,260.0,152.3,1.65,0.0,1.24,3.3,333.0,210.0,123.0,1.33,0.0,1.0,2.67,8,2,3.3,0.83,2.67,0.67
Minor,RSC003000,Vividbunny46227,Vikings,The Sovereign,Lunar,67.3,35,3,0.889,1.0,3,0,999,630,369,4,0,3,8,50.0%,412.3,260.0,152.3,1.65,0.0,1.24,3.3,333.0,210.0,123.0,1.33,0.0,1.0,2.67,8,2,3.3,0.83,2.67,0.67
Minor,RSC003134,Kouki,Hawks,Birds of Prey,Solar,66.6,880,63,0.671,0.667,42,21,21449,12750,8699,57,47,61,165,34.5%,352.1,209.3,142.8,0.94,0.77,1.0,2.71,340.5,202.4,138.1,0.9,0.75,0.97,2.62,192,123,3.15,2.02,3.05,1.95
Minor,RSC001235,Deejayz_,Stuffed Crust,Fifty-Fifty Pizzeria,Lunar,66.0,248,18,0.429,0.389,7,11,6135,3460,2675,13,12,22,46,28.3%,357.4,201.5,155.8,0.76,0.7,1.28,2.68,340.8,192.2,148.6,0.72,0.67,1.22,2.56,41,49,2.39,2.85,2.28,2.72
Minor,RSC001321,Hannandgrenade,Metroids,8-Bit Brigade,Lunar,65.0,479,31,0.316,0.29,9,22,12415,6380,6035,21,22,49,73,28.8%,374.4,192.4,182.0,0.63,0.66,1.48,2.2,400.5,205.8,194.7,0.68,0.71,1.58,2.35,62,101,1.87,3.05,2.0,3.26
Minor,RSC000306,Xtanny,Cinnamon Ghost Crunch,Spooky Breakfast Gang,Solar,64.5,180,12,0.437,0.417,5,7,4414,2640,1774,14,5,11,44,31.8%,354.2,211.9,142.4,1.12,0.4,0.88,3.53,367.8,220.0,147.8,1.17,0.42,0.92,3.67,29,34,2.33,2.73,2.42,2.83
Minor,,Drlee,Peppermint,Minty Fresh,Solar,64.0,810,58,0.548,0.534,31,27,20255,11220,9035,48,37,63,142,33.8%,361.2,200.1,161.1,0.86,0.66,1.12,2.53,349.2,193.4,155.8,0.83,0.64,1.09,2.45,137,121,2.44,2.16,2.36,2.09
Minor,RSC002585,Wheats541,Surge,Electric Mayhem,Lunar,63.9,729,49,0.587,0.612,30,19,17483,9850,7633,43,31,49,155,27.7%,346.4,195.2,151.3,0.85,0.61,0.97,3.07,356.8,201.0,155.8,0.88,0.63,1.0,3.16,121,96,2.4,1.9,2.47,1.96
Minor,RSC003008,Generalzippy,Skull and Bones,The Order,Lunar,63.7,717,51,0.603,0.647,33,18,17622,10410,7212,49,32,51,136,36.0%,355.0,209.7,145.3,0.99,0.64,1.03,2.74,345.5,204.1,141.4,0.96,0.63,1.0,2.67,138,106,2.78,2.14,2.71,2.08
Minor,,Dankestboi21,Snuggies,As Seen on TV!,Solar,63.5,453,29,0.682,0.759,22,7,11920,6920,5000,30,15,48,77,39.0%,380.1,220.7,159.4,0.96,0.48,1.53,2.46,411.0,238.6,172.4,1.03,0.52,1.66,2.66,90,55,2.87,1.75,3.1,1.9
Minor,RSC000617,Dav,Fluffy Omelettes,The Cat Cafe,Solar,63.3,876,61,0.56,0.557,34,27,21403,12310,9093,59,38,56,171,34.5%,353.0,203.0,150.0,0.97,0.63,0.92,2.82,350.9,201.8,149.1,0.97,0.62,0.92,2.8,152,130,2.51,2.14,2.49,2.13
Minor,,Krevilian,Ocelots,The Jungle,Solar,61.7,710,50,0.702,0.64,32,18,17688,10580,7108,57,22,46,148,38.5%,359.9,215.3,144.6,1.16,0.45,0.94,3.01,353.8,211.6,142.2,1.14,0.44,0.92,2.96,147,85,2.99,1.73,2.94,1.7
Minor,RSC002810,Robertz,Banelings,The Swarm,Solar,61.6,568,42,0.583,0.571,24,18,14360,8280,6080,36,22,52,98,36.7%,365.2,210.6,154.6,0.92,0.56,1.32,2.49,341.9,197.1,144.8,0.86,0.52,1.24,2.33,104,84,2.65,2.14,2.48,2.0
Minor,RSC001274,Eightfingers,Fluffy Omelettes,The Cat Cafe,Solar,60.9,573,40,0.531,0.55,22,18,14859,8790,6069,40,14,60,109,36.7%,374.6,221.6,153.0,1.01,0.35,1.51,2.75,371.5,219.8,151.7,1.0,0.35,1.5,2.73,89,82,2.24,2.07,2.23,2.05
Minor,,Eartharc2157,Vikings,The Sovereign,Lunar,60.8,873,57,0.541,0.561,32,25,22206,12710,9496,62,26,71,166,37.3%,367.5,210.3,157.1,1.03,0.43,1.17,2.75,389.6,223.0,166.6,1.09,0.46,1.25,2.91,150,135,2.48,2.23,2.63,2.37
Minor,RSC000438,Limon,Peppermint,Minty Fresh,Solar,60.1,402,28,0.477,0.464,13,15,9541,5400,4141,25,17,25,80,31.3%,342.9,194.0,148.8,0.9,0.61,0.9,2.87,340.8,192.9,147.9,0.89,0.61,0.89,2.86,68,72,2.44,2.59,2.43,2.57
Minor,RSC000369,Hexzy,Hammerheads,Shark Attack,Lunar,59.7,894,63,0.644,0.683,43,20,21830,12790,9040,61,34,66,169,36.1%,352.7,206.7,146.1,0.99,0.55,1.07,2.73,346.5,203.0,143.5,0.97,0.54,1.05,2.68,170,116,2.75,1.87,2.7,1.84
Minor,,Bxffled,Snuggies,As Seen on TV!,Solar,59.7,497,35,0.486,0.514,18,17,12302,6810,5492,24,23,50,76,31.6%,357.6,197.9,159.6,0.7,0.67,1.45,2.21,351.5,194.6,156.9,0.69,0.66,1.43,2.17,83,86,2.41,2.5,2.37,2.46
Minor,RSC000322,Humble Potato,Stuffed Crust,Fifty-Fifty Pizzeria,Lunar,59.4,249,19,0.563,0.684,13,6,6084,3300,2784,10,15,25,30,33.3%,353.0,191.5,161.5,0.58,0.87,1.45,1.74,320.2,173.7,146.5,0.53,0.79,1.32,1.58,48,41,2.78,2.38,2.53,2.16
Minor,RSC000322,Humble Potato,Stuffed Crust,Fifty-Fifty Pizzeria,Lunar,59.4,249,19,0.563,0.684,13,6,6084,3300,2784,10,15,25,30,33.3%,353.0,191.5,161.5,0.58,0.87,1.45,1.74,320.2,173.7,146.5,0.53,0.79,1.32,1.58,48,41,2.78,2.38,2.53,2.16
Minor,RSC002402,Perc,Swordfish,The Ocean,Solar,59.4,928,63,0.453,0.476,30,33,22794,12730,10064,51,37,83,163,31.3%,354.8,198.2,156.7,0.79,0.58,1.29,2.54,361.8,202.1,159.7,0.81,0.59,1.32,2.59,150,169,2.33,2.63,2.38,2.68
Minor,RSC000169,Momed09,Snuggies,As Seen on TV!,Solar,59.3,723,50,0.538,0.56,28,22,17960,10550,7410,51,28,56,125,40.8%,358.8,210.8,148.1,1.02,0.56,1.12,2.5,359.2,211.0,148.2,1.02,0.56,1.12,2.5,129,117,2.58,2.34,2.58,2.34
Minor,RSC002856,Hot Chocolate,Fangtooths,The Abyss,Lunar,58.5,552,40,0.508,0.525,21,19,13978,7540,6438,33,18,48,94,35.1%,365.8,197.3,168.5,0.86,0.47,1.26,2.46,349.5,188.5,161.0,0.83,0.45,1.2,2.35,94,92,2.46,2.41,2.35,2.3
Minor,RSC000976,Ukcats,"Cinnamon Ghost Crunch
Taipans","Spooky Breakfast Gang
The Serpents",Solar,58.3,630,46,0.567,0.543,25,21,15390,8840,6550,37,27,55,104,35.6%,352.9,202.7,150.2,0.85,0.62,1.26,2.38,334.6,192.2,142.4,0.8,0.59,1.2,2.26,114,96,2.61,2.2,2.48,2.09
Minor,RSC003366,No U,Aphrodite,Olympus,Solar,57.7,730,54,0.494,0.519,28,26,18281,10700,7581,48,19,71,140,34.3%,361.8,211.7,150.0,0.95,0.38,1.41,2.77,338.5,198.1,140.4,0.89,0.35,1.31,2.59,121,123,2.39,2.43,2.24,2.28
Minor,RSC000813,Ziggy.,Snuggies,As Seen on TV!,Solar,57.1,62,4,0.544,0.75,3,1,1436,820,616,5,1,2,17,29.4%,334.6,191.1,143.5,1.16,0.23,0.47,3.96,359.0,205.0,154.0,1.25,0.25,0.5,4.25,9,8,2.1,1.86,2.25,2.0
Minor,RSC002479,Riskay_Rl,"Taipans
Metroids","The Serpents
8-Bit Brigade",Lunar,56.8,602,44,0.358,0.364,16,28,14697,8570,6127,36,23,56,102,35.3%,352.7,205.6,147.0,0.86,0.55,1.34,2.45,334.0,194.8,139.3,0.82,0.52,1.27,2.32,92,132,2.21,3.17,2.09,3.0
Minor,RSC000024,Freezin,Aphrodite,Olympus,Solar,55.6,667,49,0.519,0.51,25,24,15954,8780,7174,35,29,55,108,32.4%,345.5,190.2,155.4,0.76,0.63,1.19,2.34,325.6,179.2,146.4,0.71,0.59,1.12,2.2,106,101,2.3,2.19,2.16,2.06
Minor,RSC000290,Jimjam,"Orangutans
Aphrodite","Planet of the Apes
Olympus",Solar,54.5,569,40,0.508,0.5,20,20,13205,7370,5835,32,26,38,97,33.0%,335.3,187.1,148.1,0.81,0.66,0.96,2.46,330.1,184.3,145.9,0.8,0.65,0.95,2.43,95,93,2.41,2.36,2.38,2.33
Minor,RSC003340,Badger,Fangtooths,The Abyss,Lunar,54.0,906,63,0.474,0.46,29,34,22140,12520,9620,52,26,88,162,32.1%,353.0,199.6,153.4,0.83,0.41,1.4,2.58,351.4,198.7,152.7,0.83,0.41,1.4,2.57,142,152,2.26,2.42,2.25,2.41
Minor,RSC000873,J3,Metroids,8-Bit Brigade,Lunar,53.9,480,31,0.419,0.387,12,19,11259,6960,4299,34,17,36,91,37.4%,338.8,209.5,129.4,1.02,0.51,1.08,2.74,363.2,224.5,138.7,1.1,0.55,1.16,2.94,80,98,2.41,2.95,2.58,3.16
Minor,,Atoll5,Banelings,The Swarm,Solar,53.8,858,64,0.538,0.516,33,31,21250,11840,9410,58,31,64,129,45.0%,357.8,199.3,158.4,0.98,0.52,1.08,2.17,332.0,185.0,147.0,0.91,0.48,1.0,2.02,153,139,2.58,2.34,2.39,2.17
Minor,RSC000247,Hexic,Gravity,The Cosmos,Solar,53.3,916,62,0.551,0.548,34,28,21366,11970,9396,60,37,50,162,37.0%,337.0,188.8,148.2,0.95,0.58,0.79,2.55,344.6,193.1,151.5,0.97,0.6,0.81,2.61,163,143,2.57,2.26,2.63,2.31
Minor,,Nullidea,Vikings,The Sovereign,Lunar,52.0,717,49,0.619,0.673,33,16,16994,9920,7074,43,27,62,117,36.8%,342.4,199.9,142.5,0.87,0.54,1.25,2.36,346.8,202.4,144.4,0.88,0.55,1.27,2.39,135,99,2.72,1.99,2.76,2.02
Minor,RSC003261,Willymoesr,Wind,The Elements,Lunar,51.9,957,61,0.532,0.492,30,31,22590,13020,9570,45,41,101,142,31.7%,341.0,196.5,144.5,0.68,0.62,1.52,2.14,370.3,213.4,156.9,0.74,0.67,1.66,2.33,165,152,2.49,2.29,2.7,2.49
Minor,RSC000754,Dfitz,Blizzards,Storm,Solar,51.7,752,49,0.593,0.612,30,19,17558,10130,7428,40,32,67,118,33.9%,337.3,194.6,142.7,0.77,0.61,1.29,2.27,358.3,206.7,151.6,0.82,0.65,1.37,2.41,134,105,2.57,2.02,2.73,2.14
Minor,RSC000460,Nano,Skull and Bones,The Order,Lunar,51.4,614,43,0.579,0.558,24,19,14216,8540,5676,42,23,42,109,38.5%,334.5,200.9,133.5,0.99,0.54,0.99,2.56,330.6,198.6,132.0,0.98,0.53,0.98,2.53,114,93,2.68,2.19,2.65,2.16
Minor,RSC000268,Tomoose0529,Taipans,The Serpents,Lunar,51.1,505,35,0.322,0.343,12,23,12238,6410,5828,23,12,52,91,25.3%,350.1,183.4,166.7,0.66,0.34,1.49,2.6,349.7,183.1,166.5,0.66,0.34,1.49,2.6,69,110,1.97,3.15,1.97,3.14
Minor,RSC000755,Pre,Dire Wolves,Polar Vortex,Lunar,50.8,539,36,0.681,0.722,26,10,12033,7170,4863,28,23,45,97,28.9%,322.5,192.2,130.3,0.75,0.62,1.21,2.6,334.3,199.2,135.1,0.78,0.64,1.25,2.69,99,60,2.65,1.61,2.75,1.67
Minor,,Shifty,Ocelots,The Jungle,Solar,50.2,663,50,0.552,0.54,27,23,15043,8470,6573,36,28,47,112,32.1%,327.8,184.5,143.2,0.78,0.61,1.02,2.44,300.9,169.4,131.5,0.72,0.56,0.94,2.24,111,97,2.42,2.11,2.22,1.94
Minor,RSC000932,Crispynuggets,Inferno,North American Soccar Club,Solar,50.0,684,47,0.274,0.191,9,38,15773,8520,7253,37,22,49,127,29.1%,333.1,179.9,153.2,0.78,0.46,1.03,2.68,335.6,181.3,154.3,0.79,0.47,1.04,2.7,88,161,1.86,3.4,1.87,3.43
Minor,RSC000785,Scrubbzy,Cinnamon Ghost Crunch,Spooky Breakfast Gang,Solar,49.9,774,55,0.555,0.564,31,24,17435,9930,7505,40,36,58,123,32.5%,325.4,185.3,140.1,0.75,0.67,1.08,2.3,317.0,180.5,136.5,0.73,0.65,1.05,2.24,138,120,2.58,2.24,2.51,2.18
Minor,RSC000039,Impalerv,Surge,Electric Mayhem,Lunar,49.8,725,49,0.548,0.612,30,19,16691,9170,7521,33,29,65,117,28.2%,332.6,182.7,149.9,0.66,0.58,1.3,2.33,340.6,187.1,153.5,0.67,0.59,1.33,2.39,119,105,2.37,2.09,2.43,2.14
Minor,RSC000182,Goose,Blizzards,Storm,Solar,49.4,947,62,0.573,0.597,37,25,21416,12920,8496,56,40,75,157,35.7%,326.7,197.1,129.6,0.85,0.61,1.14,2.39,345.4,208.4,137.0,0.9,0.65,1.21,2.53,170,141,2.59,2.15,2.74,2.27
Minor,,Revrampage,Snuggies,As Seen on TV!,Solar,49.2,924,63,0.535,0.587,37,26,21204,12290,8914,51,37,77,149,34.2%,331.5,192.1,139.4,0.8,0.58,1.2,2.33,336.6,195.1,141.5,0.81,0.59,1.22,2.37,163,149,2.55,2.33,2.59,2.37
Minor,RSC001276,Electrify,Star Destroyers,The Empire,Solar,48.7,474,32,0.623,0.625,20,12,10164,5870,4294,22,29,31,67,32.8%,309.8,178.9,130.9,0.67,0.88,0.94,2.04,317.6,183.4,134.2,0.69,0.91,0.97,2.09,91,66,2.77,2.01,2.84,2.06
Minor,RSC001058,Msudw,Shih Tzus,Puppy Paradise,Solar,48.3,244,19,0.436,0.421,8,11,5617,3110,2507,9,10,27,36,25.0%,332.6,184.1,148.4,0.53,0.59,1.6,2.13,295.6,163.7,131.9,0.47,0.53,1.42,1.89,32,38,1.89,2.25,1.68,2.0
Minor,RSC000491,Lazaryo,Banelings,The Swarm,Solar,48.1,245,18,0.527,0.5,9,9,5199,2850,2349,9,15,17,35,25.7%,306.5,168.0,138.5,0.53,0.88,1.0,2.06,288.8,158.3,130.5,0.5,0.83,0.94,1.94,47,44,2.77,2.59,2.61,2.44
Minor,,Sanazze,"Blizzards
Banelings","Storm
The Swarm",Solar,47.5,100,7,0.521,0.571,4,3,2250,1190,1060,4,3,9,19,21.1%,325.0,171.9,153.1,0.58,0.43,1.3,2.74,321.4,170.0,151.4,0.57,0.43,1.29,2.71,20,19,2.89,2.74,2.86,2.71
Minor,RSC000343,Kincaid,Vikings,The Sovereign,Lunar,47.3,559,36,0.46,0.417,15,21,12654,6780,5874,27,19,43,98,27.6%,327.0,175.2,151.8,0.7,0.49,1.11,2.53,351.5,188.3,163.2,0.75,0.53,1.19,2.72,82,91,2.12,2.35,2.28,2.53
Minor,RSC000343,Kincaid,Vikings,The Sovereign,Lunar,47.3,559,36,0.46,0.417,15,21,12654,6780,5874,27,19,43,98,27.6%,327.0,175.2,151.8,0.7,0.49,1.11,2.53,351.5,188.3,163.2,0.75,0.53,1.19,2.72,82,91,2.12,2.35,2.28,2.53
Minor,RSC003389,Danbad7,Cinnamon Ghost Crunch,Spooky Breakfast Gang,Solar,47.0,189,14,0.624,0.571,8,6,4423,2530,1893,12,5,15,33,36.4%,338.1,193.4,144.7,0.92,0.38,1.15,2.52,315.9,180.7,135.2,0.86,0.36,1.07,2.36,36,26,2.75,1.99,2.57,1.86
Minor,RSC000099,Squishysquirrel,Jupiter,Milky Way,Lunar,46.9,662,47,0.542,0.511,24,23,15469,9010,6459,36,26,64,91,39.6%,337.6,196.6,140.9,0.79,0.57,1.4,1.99,329.1,191.7,137.4,0.77,0.55,1.36,1.94,106,95,2.31,2.07,2.26,2.02
Minor,RSC002587,Polarxburr,Stuffed Crust,Fifty-Fifty Pizzeria,Lunar,46.7,805,57,0.544,0.561,32,25,18090,10280,7810,41,36,64,118,34.7%,324.6,184.5,140.2,0.74,0.65,1.15,2.12,317.4,180.4,137.0,0.72,0.63,1.12,2.07,143,128,2.57,2.3,2.51,2.25
Minor,RSC003180,Catnipjunky,Fangtooths,The Abyss,Lunar,46.5,609,40,0.504,0.525,21,19,13572,7860,5712,37,19,41,116,31.9%,321.9,186.4,135.5,0.88,0.45,0.97,2.75,339.3,196.5,142.8,0.93,0.48,1.03,2.9,97,96,2.3,2.28,2.43,2.4
Minor,RSC000096,Ryryboltwrap,Jokers,House of Cards,Lunar,46.5,665,44,0.422,0.432,19,25,14668,8010,6658,31,22,51,126,24.6%,318.6,174.0,144.6,0.67,0.48,1.11,2.74,333.4,182.0,151.3,0.7,0.5,1.16,2.86,87,107,1.89,2.32,1.98,2.43
Minor,,Isuperioralpha,Dire Wolves,Polar Vortex,Lunar,46.1,958,62,0.691,0.726,45,17,21589,12680,8909,66,25,59,188,35.1%,325.5,191.2,134.3,1.0,0.38,0.89,2.83,348.2,204.5,143.7,1.06,0.4,0.95,3.03,183,108,2.76,1.63,2.95,1.74
Minor,,☭ Tuxedo Marx ☭,Stuffed Crust,Fifty-Fifty Pizzeria,Lunar,45.9,635,46,0.534,0.5,23,23,15029,7980,7049,36,20,49,93,38.7%,341.9,181.5,160.4,0.82,0.45,1.11,2.12,326.7,173.5,153.2,0.78,0.43,1.07,2.02,109,100,2.48,2.27,2.37,2.17
Minor,RSC000446,Shankster,Shih Tzus,Puppy Paradise,Solar,45.3,727,54,0.351,0.296,16,38,16560,9140,7420,48,21,40,129,37.2%,329.1,181.6,147.4,0.95,0.42,0.79,2.56,306.7,169.3,137.4,0.89,0.39,0.74,2.39,101,149,2.01,2.96,1.87,2.76
Minor,RSC000136,Blun,Orangutans,Planet of the Apes,Lunar,44.8,750,48,0.435,0.458,22,26,16708,9660,7048,38,28,65,121,31.4%,321.8,186.1,135.8,0.73,0.54,1.25,2.33,348.1,201.3,146.8,0.79,0.58,1.35,2.52,124,146,2.39,2.81,2.58,3.04
Minor,RSC000818,Aviontequila,"Metroids
Surge","8-Bit Brigade
Electric Mayhem",Lunar,44.8,166,12,0.396,0.417,5,7,3657,1990,1667,10,6,8,29,34.5%,318.2,173.2,145.1,0.87,0.52,0.7,2.52,304.8,165.8,138.9,0.83,0.5,0.67,2.42,27,35,2.35,3.05,2.25,2.92
Minor,RSC002397,Reddime,Fluffy Omelettes,The Cat Cafe,Solar,44.4,323,23,0.5,0.522,12,11,6963,3490,3473,9,15,27,49,18.4%,311.4,156.1,155.3,0.4,0.67,1.21,2.19,302.7,151.7,151.0,0.39,0.65,1.17,2.13,51,51,2.28,2.28,2.22,2.22
Minor,RSC002397,Reddime,Fluffy Omelettes,The Cat Cafe,Solar,44.4,323,23,0.5,0.522,12,11,6963,3490,3473,9,15,27,49,18.4%,311.4,156.1,155.3,0.4,0.67,1.21,2.19,302.7,151.7,151.0,0.39,0.65,1.17,2.13,51,51,2.28,2.28,2.22,2.22
Minor,RSC000802,Grizzly X Rages,Swordfish,The Ocean,Solar,43.6,105,8,0.267,0.25,2,6,2456,1410,1046,8,3,6,16,50.0%,337.9,194.0,143.9,1.1,0.41,0.83,2.2,307.0,176.3,130.8,1.0,0.38,0.75,2.0,14,26,1.93,3.58,1.75,3.25
Minor,RSC002927,Ca$H,"Inferno
Fluffy Omelettes","North American Soccar Club
The Cat Cafe",Solar,43.3,903,63,0.363,0.302,19,44,20529,11240,9289,46,31,75,134,34.3%,328.4,179.8,148.6,0.74,0.5,1.2,2.14,325.9,178.4,147.4,0.73,0.49,1.19,2.13,130,185,2.08,2.96,2.06,2.94
Minor,RSC002917,Arbartenn,Polar Bears,The Bear Den,Lunar,43.3,812,58,0.366,0.31,18,40,18224,9720,8504,36,24,71,137,26.3%,324.2,172.9,151.3,0.64,0.43,1.26,2.44,314.2,167.6,146.6,0.62,0.41,1.22,2.36,105,150,1.87,2.67,1.81,2.59
Minor,,Connor,Fluffy Omelettes,The Cat Cafe,Solar,43.3,798,56,0.563,0.571,32,24,17021,9740,7281,41,35,52,129,31.8%,308.1,176.3,131.8,0.74,0.63,0.94,2.34,303.9,173.9,130.0,0.73,0.63,0.93,2.3,140,119,2.53,2.15,2.5,2.13
Minor,RSC002022,Zombslayr,Torpedoes,Fallout Shelter,Solar,43.2,652,49,0.617,0.673,33,16,14216,7920,6296,35,25,42,107,32.7%,315.0,175.5,139.5,0.78,0.55,0.93,2.37,290.1,161.6,128.5,0.71,0.51,0.86,2.18,131,97,2.9,2.15,2.67,1.98
Minor,RSC001007,Tdeez,Gravity,The Cosmos,Solar,42.6,859,58,0.558,0.569,33,25,18933,11010,7923,48,26,68,151,31.8%,318.4,185.2,133.2,0.81,0.44,1.14,2.54,326.4,189.8,136.6,0.83,0.45,1.17,2.6,151,130,2.54,2.19,2.6,2.24
Minor,RSC002387,Kcaz_Modo,Swordfish,The Ocean,Solar,42.6,894,60,0.446,0.483,29,31,19437,10820,8617,41,33,72,147,27.9%,314.1,174.8,139.2,0.66,0.53,1.16,2.38,324.0,180.3,143.6,0.68,0.55,1.2,2.45,142,163,2.29,2.63,2.37,2.72
Minor,,Ag3Nt_Chill,Jupiter,Milky Way,Lunar,42.5,811,55,0.534,0.491,27,28,18581,11040,7541,49,22,75,129,38.0%,331.0,196.6,134.3,0.87,0.39,1.34,2.3,337.8,200.7,137.1,0.89,0.4,1.36,2.35,131,120,2.33,2.14,2.38,2.18
Minor,RSC002663,Animosity,"Surge
Velociraptors","Electric Mayhem
Dino Park",Lunar,42.1,629,41,0.393,0.317,13,28,14345,8220,6125,33,18,61,97,34.0%,329.5,188.8,140.7,0.76,0.41,1.4,2.23,349.9,200.5,149.4,0.8,0.44,1.49,2.37,87,115,2.0,2.64,2.12,2.8
Minor,RSC000320,Ryanawesome_,Polar Bears,The Bear Den,Lunar,41.8,768,54,0.413,0.37,20,34,17069,9560,7509,42,22,59,131,32.1%,321.1,179.8,141.2,0.79,0.41,1.11,2.46,316.1,177.0,139.1,0.78,0.41,1.09,2.43,110,138,2.07,2.6,2.04,2.56
Minor,RSC001394,Jordanmg,Shih Tzus,Puppy Paradise,Solar,41.8,222,16,0.295,0.188,3,13,4870,2540,2330,4,6,29,39,10.3%,316.9,165.3,151.6,0.26,0.39,1.89,2.54,304.4,158.8,145.6,0.25,0.38,1.81,2.44,23,41,1.5,2.67,1.44,2.56
Minor,RSC003378,Reyn,Trashbags,Waste Management,Solar,41.5,40,3,0.5,0.667,2,1,865,500,365,2,2,3,5,40.0%,312.4,180.6,131.8,0.72,0.72,1.08,1.81,288.3,166.7,121.7,0.67,0.67,1.0,1.67,10,10,3.61,3.61,3.33,3.33
Minor,RSC003378,Reyn,Trashbags,Waste Management,Solar,41.5,40,3,0.5,0.667,2,1,865,500,365,2,2,3,5,40.0%,312.4,180.6,131.8,0.72,0.72,1.08,1.81,288.3,166.7,121.7,0.67,0.67,1.0,1.67,10,10,3.61,3.61,3.33,3.33
Minor,,Frostii,Velociraptors,Dino Park,Lunar,41.2,736,52,0.373,0.327,17,35,16625,8940,7685,34,23,66,109,31.2%,326.3,175.5,150.8,0.67,0.45,1.3,2.14,319.7,171.9,147.8,0.65,0.44,1.27,2.1,102,142,2.0,2.79,1.96,2.73
Minor,RSC000563,Cthulhu,Jokers,House of Cards,Lunar,41.2,761,52,0.44,0.442,23,29,16555,9100,7455,37,26,57,125,29.6%,314.3,172.7,141.5,0.7,0.49,1.08,2.37,318.4,175.0,143.4,0.71,0.5,1.1,2.4,104,122,1.97,2.32,2.0,2.35
Minor,RSC002513,Supercruz101,Aphrodite,Olympus,Solar,40.2,663,49,0.467,0.51,25,24,14977,7750,7227,27,22,61,90,30.0%,326.3,168.9,157.5,0.59,0.48,1.33,1.96,305.7,158.2,147.5,0.55,0.45,1.24,1.84,102,111,2.22,2.42,2.08,2.27
Minor,RSC003199,Dimezach,Skull and Bones,The Order,Lunar,40.1,625,45,0.605,0.6,27,18,13644,7130,6514,23,26,54,83,27.7%,315.4,164.8,150.6,0.53,0.6,1.25,1.92,303.2,158.4,144.8,0.51,0.58,1.2,1.84,117,89,2.7,2.06,2.6,1.98
Minor,,Avidreaper1117,Hammerheads,Shark Attack,Lunar,39.9,749,52,0.663,0.731,38,14,16057,9390,6667,43,24,52,129,33.3%,309.7,181.1,128.6,0.83,0.46,1.0,2.49,308.8,180.6,128.2,0.83,0.46,1.0,2.48,140,90,2.7,1.74,2.69,1.73
Minor,,Z_Snuggles,Jupiter,Milky Way,Lunar,39.6,595,41,0.537,0.488,20,21,13057,7520,5537,34,14,47,107,31.8%,317.0,182.6,134.4,0.83,0.34,1.14,2.6,318.5,183.4,135.0,0.83,0.34,1.15,2.61,97,88,2.36,2.14,2.37,2.15
Minor,,Gman.,Dire Wolves,Polar Vortex,Lunar,39.3,432,26,0.702,0.731,19,7,8674,4760,3914,17,22,26,66,25.8%,290.1,159.2,130.9,0.57,0.74,0.87,2.21,333.6,183.1,150.5,0.65,0.85,1.0,2.54,87,50,2.91,1.67,3.35,1.92
Minor,,Steeze,Orangutans,Planet of the Apes,Lunar,39.0,672,41,0.423,0.488,20,21,14096,8670,5426,41,23,45,117,35.0%,303.0,186.4,116.6,0.88,0.49,0.97,2.52,343.8,211.5,132.3,1.0,0.56,1.1,2.85,101,123,2.17,2.64,2.46,3.0
Minor,,Hoodiewhatie,Trashbags,Waste Management,Solar,38.1,795,54,0.308,0.296,16,38,18204,9430,8774,26,18,96,113,23.0%,330.8,171.4,159.4,0.47,0.33,1.74,2.05,337.1,174.6,162.5,0.48,0.33,1.78,2.09,82,141,1.49,2.56,1.52,2.61
Minor,RSC002590,Bhay,Trashbags,Waste Management,Solar,37.8,581,41,0.372,0.341,14,27,13193,6730,6463,23,16,57,78,29.5%,328.0,167.3,160.7,0.57,0.4,1.42,1.94,321.8,164.1,157.6,0.56,0.39,1.39,1.9,63,90,1.57,2.24,1.54,2.2
Minor,RSC002590,Bhay,Trashbags,Waste Management,Solar,37.8,581,41,0.372,0.341,14,27,13193,6730,6463,23,16,57,78,29.5%,328.0,167.3,160.7,0.57,0.4,1.42,1.94,321.8,164.1,157.6,0.56,0.39,1.39,1.9,63,90,1.57,2.24,1.54,2.2
Minor,RSC000978,Leaf,Orangutans,Planet of the Apes,Lunar,37.7,872,56,0.458,0.518,29,27,18486,10410,8076,43,29,65,141,30.5%,306.2,172.5,133.8,0.71,0.48,1.08,2.34,330.1,185.9,144.2,0.77,0.52,1.16,2.52,143,159,2.37,2.63,2.55,2.84
Minor,RSC002790,Belonkulay,Hawks,Birds of Prey,Solar,36.2,421,31,0.58,0.516,16,15,8932,5010,3922,19,15,35,61,31.1%,306.5,171.9,134.6,0.65,0.51,1.2,2.09,288.1,161.6,126.5,0.61,0.48,1.13,1.97,82,67,2.81,2.3,2.65,2.16
Minor,RSC000708,Ledbone,Velociraptors,Dino Park,Lunar,35.8,718,49,0.446,0.388,19,30,15629,8410,7219,31,22,64,101,30.7%,314.4,169.2,145.2,0.62,0.44,1.29,2.03,319.0,171.6,147.3,0.63,0.45,1.31,2.06,107,123,2.15,2.47,2.18,2.51
Minor,,Wolfalone,Jokers,House of Cards,Lunar,35.1,772,53,0.373,0.377,20,33,17468,9340,8128,34,21,79,94,36.2%,326.9,174.8,152.1,0.64,0.39,1.48,1.76,329.6,176.2,153.4,0.64,0.4,1.49,1.77,96,135,1.8,2.53,1.81,2.55
Minor,RSC000351,Mitzi,Vikings,The Sovereign,Lunar,34.8,703,44,0.49,0.477,21,23,14450,8200,6250,29,30,57,95,30.5%,296.9,168.5,128.4,0.6,0.62,1.17,1.95,328.4,186.4,142.0,0.66,0.68,1.3,2.16,115,118,2.36,2.42,2.61,2.68
Minor,RSC002128,Velocifaptor,Surge,Electric Mayhem,Lunar,34.6,819,55,0.521,0.564,31,24,16421,9470,6951,42,30,48,137,30.7%,289.6,167.0,122.6,0.74,0.53,0.85,2.42,298.6,172.2,126.4,0.76,0.55,0.87,2.49,128,121,2.26,2.13,2.33,2.2
Minor,RSC000796,Hoyci,Shih Tzus,Puppy Paradise,Solar,34.5,568,42,0.375,0.333,14,28,12621,5970,6651,21,18,46,67,31.3%,321.0,151.8,169.2,0.53,0.46,1.17,1.7,300.5,142.1,158.4,0.5,0.43,1.1,1.6,85,117,2.16,2.98,2.02,2.79
Minor,RSC000793,Zekk,Metroids,8-Bit Brigade,Lunar,34.4,360,25,0.452,0.44,11,14,8039,4360,3679,19,8,31,51,37.3%,322.6,175.0,147.6,0.76,0.32,1.24,2.05,321.6,174.4,147.2,0.76,0.32,1.24,2.04,63,71,2.53,2.85,2.52,2.84
Minor,RSC002357,Bieles,Shih Tzus,Puppy Paradise,Solar,34.0,769,57,0.361,0.316,18,39,16557,8880,7677,34,19,67,118,28.8%,311.0,166.8,144.2,0.64,0.36,1.26,2.22,290.5,155.8,134.7,0.6,0.33,1.18,2.07,105,151,1.97,2.84,1.84,2.65
Minor,RSC002979,Kryptonic,Inferno,North American Soccar Club,Solar,32.9,287,20,0.292,0.2,4,16,6150,3220,2930,11,11,25,32,34.4%,309.6,162.1,147.5,0.55,0.55,1.26,1.61,307.5,161.0,146.5,0.55,0.55,1.25,1.6,34,60,1.71,3.02,1.7,3.0
Minor,RSC001724,Sweetnlow120,Peppermint,Minty Fresh,Solar,32.7,780,55,0.57,0.545,30,25,15508,8710,6798,28,33,63,111,25.2%,287.2,161.3,125.9,0.52,0.61,1.17,2.06,282.0,158.4,123.6,0.51,0.6,1.15,2.02,130,108,2.41,2.0,2.36,1.96
Minor,RSC002648,Prisma,Stuffed Crust,Fifty-Fifty Pizzeria,Lunar,31.6,55,4,0.575,0.5,2,2,1107,610,497,3,1,3,11,27.3%,290.8,160.2,130.5,0.79,0.26,0.79,2.89,276.8,152.5,124.3,0.75,0.25,0.75,2.75,12,10,3.15,2.63,3.0,2.5
Minor,RSC002736,Chulainn,Wind,The Elements,Lunar,31.3,918,58,0.51,0.483,28,30,18895,11370,7525,49,28,74,137,35.8%,297.3,178.9,118.4,0.77,0.44,1.16,2.16,325.8,196.0,129.7,0.84,0.48,1.28,2.36,153,149,2.41,2.34,2.64,2.57
Minor,RSC000594,Hewhogrins,Jokers,House of Cards,Lunar,31.2,552,39,0.31,0.333,13,26,11179,5820,5359,17,20,47,77,22.1%,292.6,152.3,140.2,0.44,0.52,1.23,2.02,286.6,149.2,137.4,0.44,0.51,1.21,1.97,65,109,1.7,2.85,1.67,2.79
Minor,RSC000087,Brainyzac,Polar Bears,The Bear Den,Lunar,31.0,653,48,0.413,0.333,16,32,13246,6700,6546,22,22,49,95,23.2%,293.0,148.2,144.8,0.49,0.49,1.08,2.1,276.0,139.6,136.4,0.46,0.46,1.02,1.98,89,112,1.97,2.48,1.85,2.33
Minor,,Mrpalmtree22,Swordfish,The Ocean,Solar,30.3,905,61,0.442,0.475,29,32,18700,10500,8200,51,22,57,145,35.2%,298.5,167.6,130.9,0.81,0.35,0.91,2.31,306.6,172.1,134.4,0.84,0.36,0.93,2.38,147,170,2.35,2.71,2.41,2.79
Minor,RSC000426,Struttrl,"Inferno
Trashbags","North American Soccar Club
Waste Management",Solar,30.0,594,39,0.383,0.359,14,25,12333,6400,5933,20,18,54,80,25.0%,299.9,155.6,144.3,0.49,0.44,1.31,1.95,316.2,164.1,152.1,0.51,0.46,1.38,2.05,77,105,1.87,2.55,1.97,2.69
Minor,RSC002564,Tpural,Blizzards,Storm,Solar,29.6,242,17,0.38,0.471,8,9,4792,2570,2222,9,8,18,37,24.3%,286.1,153.4,132.6,0.54,0.48,1.07,2.21,281.9,151.2,130.7,0.53,0.47,1.06,2.18,32,44,1.91,2.63,1.88,2.59
Minor,,Mtndrewski,Taipans,The Serpents,Lunar,29.1,267,18,0.274,0.278,5,13,5695,3180,2515,12,9,25,28,42.9%,308.1,172.1,136.1,0.65,0.49,1.35,1.51,316.4,176.7,139.7,0.67,0.5,1.39,1.56,37,67,2.0,3.62,2.06,3.72
Minor,RSC003208,Atg Hellfire,Hammerheads,Shark Attack,Lunar,29.1,105,8,0.522,0.5,4,4,2164,1040,1124,3,5,8,9,33.3%,297.7,143.1,154.6,0.41,0.69,1.1,1.24,270.5,130.0,140.5,0.38,0.63,1.0,1.13,19,18,2.61,2.48,2.38,2.25
Minor,,Xpooprscooprx,Metroids,8-Bit Brigade,Lunar,28.8,250,16,0.258,0.25,4,12,4716,2640,2076,8,8,20,44,18.2%,272.5,152.5,120.0,0.46,0.46,1.16,2.54,294.8,165.0,129.8,0.5,0.5,1.25,2.75,28,55,1.62,3.18,1.75,3.44
Minor,RSC002725,Slowmocean,"Stuffed Crust
Fangtooths","Fifty-Fifty Pizzeria
The Abyss",Lunar,27.6,94,7,0.299,0.286,2,5,2085,1260,825,7,0,8,16,43.8%,320.4,193.6,126.8,1.08,0.0,1.23,2.46,297.9,180.0,117.9,1.0,0.0,1.14,2.29,13,22,2.0,3.38,1.86,3.14
Minor,RSC000959,Luqo,Velociraptors,Dino Park,Lunar,27.3,599,40,0.361,0.325,13,27,12185,6420,5765,20,15,56,87,23.0%,293.9,154.8,139.0,0.48,0.36,1.35,2.1,304.6,160.5,144.1,0.5,0.38,1.4,2.18,79,114,1.91,2.75,1.98,2.85
Minor,RSC002935,Kjdaboss,Justice League,The Comic Crusaders,Lunar,27.1,419,30,0.389,0.467,14,16,8658,4980,3678,25,7,29,68,36.8%,298.5,171.7,126.8,0.86,0.24,1.0,2.34,288.6,166.0,122.6,0.83,0.23,0.97,2.27,60,80,2.07,2.76,2.0,2.67
Minor,,Doucky,Orangutans,Planet of the Apes,Lunar,27.1,55,4,0.549,0.75,3,1,960,530,430,2,3,2,8,25.0%,252.1,139.2,112.9,0.53,0.79,0.53,2.1,240.0,132.5,107.5,0.5,0.75,0.5,2.0,8,7,2.1,1.84,2.0,1.75
Minor,RSC000493,Swimmer,Inferno,North American Soccar Club,Solar,26.4,233,16,0.186,0.063,1,15,4837,2610,2227,8,9,23,21,38.1%,299.9,161.8,138.1,0.5,0.56,1.43,1.3,302.3,163.1,139.2,0.5,0.56,1.44,1.31,27,66,1.67,4.09,1.69,4.13
Minor,RSC002080,Tazy,Metroids,8-Bit Brigade,Lunar,25.8,322,20,0.278,0.15,3,17,6441,3840,2601,14,11,30,39,35.9%,289.0,172.3,116.7,0.63,0.49,1.35,1.75,322.1,192.0,130.1,0.7,0.55,1.5,1.95,44,79,1.97,3.54,2.2,3.95
Minor,RSC003077,Yoky,Taipans,The Serpents,Lunar,24.9,452,30,0.347,0.367,11,19,9184,5270,3914,25,11,32,62,40.3%,293.5,168.4,125.1,0.8,0.35,1.02,1.98,306.1,175.7,130.5,0.83,0.37,1.07,2.07,67,99,2.14,3.16,2.23,3.3
Minor,RSC000707,𝔂Ou 𝓪Re 𝓪 𝓼Tar 𝓲N 𝓶Y 𝓼Ky,Wind,The Elements,Lunar,24.6,16,1,0.349,0.0,0,1,202,160,42,0,2,1,1,0.0%,182.4,144.5,37.9,0.0,1.81,0.9,0.9,202.0,160.0,42.0,0.0,2.0,1.0,1.0,2,3,1.81,2.71,2.0,3.0
Minor,RSC003045,Homievcs,Metroids,8-Bit Brigade,Lunar,24.5,56,4,0.234,0.25,1,3,1193,640,553,2,2,6,4,50.0%,307.7,165.1,142.7,0.52,0.52,1.55,1.03,298.3,160.0,138.3,0.5,0.5,1.5,1.0,5,11,1.29,2.84,1.25,2.75
Minor,RSC003045,Homievcs,Metroids,8-Bit Brigade,Lunar,24.5,56,4,0.234,0.25,1,3,1193,640,553,2,2,6,4,50.0%,307.7,165.1,142.7,0.52,0.52,1.55,1.03,298.3,160.0,138.3,0.5,0.5,1.5,1.0,5,11,1.29,2.84,1.25,2.75
Minor,RSC000441,Wolfocus,Trashbags,Waste Management,Solar,24.3,353,25,0.273,0.28,7,18,7486,3790,3696,11,6,39,44,25.0%,306.4,155.1,151.3,0.45,0.25,1.6,1.8,299.4,151.6,147.8,0.44,0.24,1.56,1.76,35,67,1.43,2.74,1.4,2.68
Minor,RSC000293,Falco,Fangtooths,The Abyss,Lunar,24.0,610,43,0.401,0.372,16,27,10984,6000,4984,20,27,36,85,23.5%,260.1,142.1,118.0,0.47,0.64,0.85,2.01,255.4,139.5,115.9,0.47,0.63,0.84,1.98,90,116,2.13,2.75,2.09,2.7
Minor,,Titan,Justice League,The Comic Crusaders,Lunar,22.8,437,31,0.329,0.258,8,23,8628,4850,3778,20,11,34,60,33.3%,285.2,160.3,124.9,0.66,0.36,1.12,1.98,278.3,156.5,121.9,0.65,0.35,1.1,1.94,63,98,2.08,3.24,2.03,3.16
Minor,RSC000547,Ridethefire,Justice League,The Comic Crusaders,Lunar,21.9,794,56,0.363,0.375,21,35,15329,7830,7499,17,32,75,78,21.8%,278.9,142.5,136.4,0.31,0.58,1.36,1.42,273.7,139.8,133.9,0.3,0.57,1.34,1.39,109,156,1.98,2.84,1.95,2.79
Minor,RSC000200,Jonezy,Polar Bears,The Bear Den,Lunar,21.7,452,32,0.34,0.281,9,23,8690,4380,4310,20,9,24,73,27.4%,277.7,140.0,137.7,0.64,0.29,0.77,2.33,271.6,136.9,134.7,0.63,0.28,0.75,2.28,56,86,1.79,2.75,1.75,2.69
Minor,RSC003498,Merioch,"Taipans
Trashbags
Cinnamon Ghost Crunch
Metroids
Banelings","The Serpents
Waste Management
Spooky Breakfast Gang
8-Bit Brigade
The Swarm",Solar,21.0,250,17,0.284,0.294,5,12,5255,2930,2325,8,4,33,28,28.6%,303.7,169.3,134.3,0.46,0.23,1.91,1.62,309.1,172.4,136.8,0.47,0.24,1.94,1.65,28,51,1.62,2.95,1.65,3.0
Minor,RSC002980,Koach,Taipans,The Serpents,Lunar,20.9,767,54,0.31,0.333,18,36,14675,7610,7065,27,26,54,91,29.7%,276.4,143.3,133.1,0.51,0.49,1.02,1.71,271.8,140.9,130.8,0.5,0.48,1.0,1.69,106,174,2.0,3.28,1.96,3.22
Minor,,Tr1Ppn.,Trashbags,Waste Management,Solar,20.2,616,45,0.358,0.4,18,27,11782,6130,5652,25,13,41,93,26.9%,276.3,143.8,132.5,0.59,0.3,0.96,2.18,261.8,136.2,125.6,0.56,0.29,0.91,2.07,75,110,1.76,2.58,1.67,2.44
Minor,,Noobsshalldie,Gravity,The Cosmos,Solar,19.6,247,15,0.443,0.4,6,9,4184,2380,1804,10,12,9,33,30.3%,244.7,139.2,105.5,0.58,0.7,0.53,1.93,278.9,158.7,120.3,0.67,0.8,0.6,2.2,38,44,2.22,2.57,2.53,2.93
Minor,,Juanma2060,Metroids,8-Bit Brigade,Lunar,18.6,223,13,0.377,0.385,5,8,4092,2540,1552,9,9,19,24,37.5%,265.1,164.5,100.5,0.58,0.58,1.23,1.55,314.8,195.4,119.4,0.69,0.69,1.46,1.85,32,44,2.07,2.85,2.46,3.38
Minor,RSC001071,Reven,"Aphrodite
Wind","Olympus
The Elements",Lunar,17.1,422,30,0.455,0.433,13,17,7926,4340,3586,19,13,26,49,38.8%,271.3,148.6,122.8,0.65,0.45,0.89,1.68,264.2,144.7,119.5,0.63,0.43,0.87,1.63,65,73,2.23,2.5,2.17,2.43
Minor,RSC001686,Snowyfeather,Justice League,The Comic Crusaders,Lunar,15.1,180,11,0.403,0.364,4,7,2963,1690,1273,6,6,10,29,20.7%,237.8,135.6,102.2,0.48,0.48,0.8,2.33,269.4,153.6,115.7,0.55,0.55,0.91,2.64,29,37,2.33,2.97,2.64,3.36
Minor,RSC000781,Vegitus,Torpedoes,Fallout Shelter,Solar,12.6,220,15,0.427,0.467,7,8,3943,2190,1753,8,7,16,24,33.3%,258.9,143.8,115.1,0.53,0.46,1.05,1.58,262.9,146.0,116.9,0.53,0.47,1.07,1.6,34,41,2.23,2.69,2.27,2.73
Minor,RSC003332,Generallymean,Inferno,North American Soccar Club,Solar,12.2,173,11,0.185,0.091,1,10,3240,1640,1600,7,4,11,19,36.8%,270.5,136.9,133.6,0.58,0.33,0.92,1.59,294.5,149.1,145.5,0.64,0.36,1.0,1.73,21,51,1.75,4.26,1.91,4.64
Minor,RSC002871,Matrixzthebad,"Hammerheads
Snuggies","Shark Attack
As Seen on TV!",Solar,8.8,189,14,0.283,0.286,4,10,3155,1410,1745,5,5,8,26,19.2%,241.1,107.8,133.4,0.38,0.38,0.61,1.99,225.4,100.7,124.6,0.36,0.36,0.57,1.86,26,46,1.99,3.52,1.86,3.29
Minor,RSC002330,Jestergg,Metroids,8-Bit Brigade,Lunar,3.7,163,10,0.226,0.2,2,8,2886,1650,1236,8,0,12,25,32.0%,255.8,146.2,109.5,0.71,0.0,1.06,2.22,288.6,165.0,123.6,0.8,0.0,1.2,2.5,18,39,1.6,3.46,1.8,3.9
Minor,,Booterzzz,Inferno,North American Soccar Club,Solar,2.5,364,25,0.192,0.16,4,21,5986,2670,3316,7,12,21,32,21.9%,237.6,106.0,131.6,0.28,0.48,0.83,1.27,239.4,106.8,132.6,0.28,0.48,0.84,1.28,40,97,1.59,3.85,1.6,3.88
Minor,RSC000253,Musah,Metroids,8-Bit Brigade,Lunar,1.9,106,7,0.297,0.286,2,5,1819,1040,779,5,1,7,14,35.7%,247.9,141.7,106.2,0.68,0.14,0.95,1.91,259.9,148.6,111.3,0.71,0.14,1.0,2.0,12,21,1.64,2.86,1.71,3.0
Minor,RSC000253,Musah,Metroids,8-Bit Brigade,Lunar,1.9,106,7,0.297,0.286,2,5,1819,1040,779,5,1,7,14,35.7%,247.9,141.7,106.2,0.68,0.14,0.95,1.91,259.9,148.6,111.3,0.71,0.14,1.0,2.0,12,21,1.64,2.86,1.71,3.0
Minor,RSC000038,Varenine,Metroids,8-Bit Brigade,Lunar,1.6,113,8,0.328,0.375,3,5,2159,1060,1099,3,0,13,11,27.3%,276.0,135.5,140.5,0.38,0.0,1.66,1.41,269.9,132.5,137.4,0.38,0.0,1.63,1.38,16,25,2.05,3.2,2.0,3.13
Minor,RSC000038,Varenine,Metroids,8-Bit Brigade,Lunar,1.6,113,8,0.328,0.375,3,5,2159,1060,1099,3,0,13,11,27.3%,276.0,135.5,140.5,0.38,0.0,1.66,1.41,269.9,132.5,137.4,0.38,0.0,1.63,1.38,16,25,2.05,3.2,2.0,3.13
Minor,RSC002297,Ph,Vikings,The Sovereign,Lunar,-11.1,38,3,0.322,0.333,1,2,526,160,366,0,2,1,1,0.0%,200.0,60.8,139.1,0.0,0.76,0.38,0.38,175.3,53.3,122.0,0.0,0.67,0.33,0.33,5,8,1.9,3.04,1.67,2.67
Minor,RSC002297,Ph,Vikings,The Sovereign,Lunar,-11.1,38,3,0.322,0.333,1,2,526,160,366,0,2,1,1,0.0%,200.0,60.8,139.1,0.0,0.76,0.38,0.38,175.3,53.3,122.0,0.0,0.67,0.33,0.33,5,8,1.9,3.04,1.67,2.67
Minor,,Jax,Jokers,House of Cards,Lunar,-11.9,67,4,0.143,0.0,0,4,805,340,465,0,2,3,9,0.0%,173.6,73.3,100.3,0.0,0.43,0.65,1.94,201.3,85.0,116.3,0.0,0.5,0.75,2.25,5,16,1.08,3.45,1.25,4.0
Minor,,Hayhay217,Surge,Electric Mayhem,Lunar,-19.1,31,3,0.104,0.333,1,2,424,140,284,0,0,2,4,0.0%,197.6,65.2,132.3,0.0,0.0,0.93,1.86,141.3,46.7,94.7,0.0,0.0,0.67,1.33,2,8,0.93,3.73,0.67,2.67
Minor,RSC003423,Benjimen,Fangtooths,The Abyss,Lunar,-20.9,39,3,0.187,0.0,0,3,603,100,503,0,1,1,0,,223.4,37.0,186.3,0.0,0.37,0.37,0.0,201.0,33.3,167.7,0.0,0.33,0.33,0.0,3,8,1.11,2.96,1.0,2.67
Minor,RSC000184,Admiral Peanut,Metroids,8-Bit Brigade,Lunar,-28.5,33,2,0.429,0.5,1,1,426,230,196,0,0,4,3,0.0%,186.5,100.7,85.8,0.0,0.0,1.75,1.31,213.0,115.0,98.0,0.0,0.0,2.0,1.5,5,6,2.19,2.63,2.5,3.0
Master,RSC002951,Hopper,The Watchmen,The Comic Crusaders,Lunar,97.9,176,12,0.651,0.583,7,5,5480,3130,2350,17,5,16,38,44.7%,487.8,278.6,209.2,1.51,0.45,1.42,3.38,456.7,260.8,195.8,1.42,0.42,1.33,3.17,34,23,3.03,2.05,2.83,1.92
Master,RSC003436,Imicheal,Tempests,Storm,Solar,94.5,719,47,0.669,0.723,34,13,20636,12550,8086,58,36,68,155,37.4%,449.6,273.5,176.2,1.26,0.78,1.48,3.38,439.1,267.0,172.0,1.23,0.77,1.45,3.3,136,87,2.96,1.9,2.89,1.85
Master,RSC000329,Melted,Flex Tapes,As Seen on TV!,Solar,85.9,934,64,0.55,0.578,37,27,25804,14650,11154,71,34,75,210,33.8%,432.8,245.7,187.1,1.19,0.57,1.26,3.52,403.2,228.9,174.3,1.11,0.53,1.17,3.28,149,131,2.5,2.2,2.33,2.05
Master,RSC002296,Quack,King Kongs,Planet of the Apes,Lunar,84.9,485,33,0.658,0.576,19,14,13571,7990,5581,36,25,45,89,40.4%,438.4,258.1,180.3,1.16,0.81,1.45,2.87,411.2,242.1,169.1,1.09,0.76,1.36,2.7,95,63,3.07,2.04,2.88,1.91
Master,RSC000257,Atokad,Sabertooths,Polar Vortex,Lunar,82.2,874,55,0.662,0.673,37,18,22397,13230,9167,59,41,65,203,29.1%,401.5,237.2,164.3,1.06,0.73,1.17,3.64,407.2,240.5,166.7,1.07,0.75,1.18,3.69,160,104,2.87,1.86,2.91,1.89
Master,RSC003501,Cpt Betty,Panthers,The Jungle,Solar,80.5,42,4,0.5,0.5,2,2,1038,500,538,2,2,2,10,20.0%,387.2,186.5,200.7,0.75,0.75,0.75,3.73,259.5,125.0,134.5,0.5,0.5,0.5,2.5,5,5,1.87,1.87,1.25,1.25
Master,RSC000750,Jatt,Frosted Wraiths,Spooky Breakfast Gang,Solar,79.8,976,63,0.657,0.667,42,21,24955,14810,10145,69,52,66,201,34.3%,400.6,237.7,162.8,1.11,0.83,1.06,3.23,396.1,235.1,161.0,1.1,0.83,1.05,3.19,183,121,2.94,1.94,2.9,1.92
Master,RSC002034,Goldenluigii,Sabertooths,Polar Vortex,Lunar,78.8,813,51,0.671,0.686,35,16,20798,12660,8138,59,36,63,181,32.6%,400.8,244.0,156.8,1.14,0.69,1.21,3.49,407.8,248.2,159.6,1.16,0.71,1.24,3.55,154,98,2.97,1.89,3.02,1.92
Master,RSC002034,Goldenluigii,Sabertooths,Polar Vortex,Lunar,78.8,813,51,0.671,0.686,35,16,20798,12660,8138,59,36,63,181,32.6%,400.8,244.0,156.8,1.14,0.69,1.21,3.49,407.8,248.2,159.6,1.16,0.71,1.24,3.55,154,98,2.97,1.89,3.02,1.92
Master,,Sparcnova,King Kongs,Planet of the Apes,Lunar,78.3,879,56,0.582,0.554,31,25,24240,14520,9720,59,37,102,167,35.3%,432.0,258.8,173.2,1.05,0.66,1.82,2.98,432.9,259.3,173.6,1.05,0.66,1.82,2.98,153,124,2.73,2.21,2.73,2.21
Master,RSC003307,Nick.,Krakens,The Ocean,Solar,78.0,963,62,0.58,0.613,38,24,25215,14580,10635,69,46,70,188,36.7%,410.2,237.2,173.0,1.12,0.75,1.14,3.06,406.7,235.2,171.5,1.11,0.74,1.13,3.03,177,145,2.88,2.36,2.85,2.34
Master,RSC000249,Se7En,Mambas,The Serpents,Lunar,74.1,1000,64,0.583,0.547,35,29,26548,15230,11318,61,52,97,168,36.3%,415.9,238.6,177.3,0.96,0.81,1.52,2.63,414.8,238.0,176.8,0.95,0.81,1.52,2.63,171,138,2.68,2.16,2.67,2.16
Master,RSC002447,Ness,King Kongs,Planet of the Apes,Lunar,73.5,699,45,0.588,0.622,28,17,17733,10720,7013,46,43,56,117,39.3%,397.4,240.3,157.2,1.03,0.96,1.26,2.62,394.1,238.2,155.8,1.02,0.96,1.24,2.6,131,105,2.94,2.35,2.91,2.33
Master,RSC002168,Crspy,Blackout,Electric Mayhem,Lunar,73.4,826,52,0.573,0.596,31,21,21737,12570,9167,47,39,88,152,30.9%,412.3,238.4,173.9,0.89,0.74,1.67,2.88,418.0,241.7,176.3,0.9,0.75,1.69,2.92,134,111,2.54,2.11,2.58,2.13
Master,,Sadleaf /:,Krakens,The Ocean,Solar,70.6,526,34,0.558,0.676,23,11,13185,8300,4885,44,19,37,110,40.0%,392.7,247.2,145.5,1.31,0.57,1.1,3.28,387.8,244.1,143.7,1.29,0.56,1.09,3.24,98,85,2.92,2.53,2.88,2.5
Master,RSC002050,Dmt Goobz,"Gigantoraptors
Quasars
Kings","Dino Park
North American Soccar Club
House of Cards",Lunar,70.3,778,52,0.38,0.385,20,32,20128,11380,8748,47,40,68,128,36.7%,405.3,229.2,176.2,0.95,0.81,1.37,2.58,387.1,218.8,168.2,0.9,0.77,1.31,2.46,113,153,2.28,3.08,2.17,2.94
Master,RSC002075,Bakrutch,Frosted Wraiths,Spooky Breakfast Gang,Solar,70.0,853,55,0.662,0.673,37,18,21090,11960,9130,44,45,74,161,27.3%,387.4,219.7,167.7,0.81,0.83,1.36,2.96,383.5,217.5,166.0,0.8,0.82,1.35,2.93,161,105,2.96,1.93,2.93,1.91
Master,RSC000425,El Diablo Rojo,Trash Compactors,Waste Management,Solar,69.7,510,34,0.591,0.529,18,16,12471,7100,5371,27,26,42,100,27.0%,383.1,218.1,165.0,0.83,0.8,1.29,3.07,366.8,208.8,158.0,0.79,0.76,1.24,2.94,86,68,2.64,2.09,2.53,2.0
Master,RSC000358,Stryyk3R,Mambas,The Serpents,Lunar,69.3,206,13,0.627,0.538,7,6,5055,3000,2055,13,10,16,40,32.5%,384.4,228.2,156.3,0.99,0.76,1.22,3.04,388.8,230.8,158.1,1.0,0.77,1.23,3.08,35,25,2.66,1.9,2.69,1.92
Master,RSC002940,Ktn.,Soul,The Elements,Lunar,69.1,178,11,0.47,0.455,5,6,4538,2690,1848,12,5,17,39,30.8%,399.4,236.8,162.7,1.06,0.44,1.5,3.43,412.5,244.5,168.0,1.09,0.45,1.55,3.55,25,27,2.2,2.38,2.27,2.45
Master,,Castleazo,Krakens,The Ocean,Solar,69.1,714,46,0.613,0.63,29,17,16925,9850,7075,37,43,53,135,27.4%,371.4,216.1,155.2,0.81,0.94,1.16,2.96,367.9,214.1,153.8,0.8,0.93,1.15,2.93,137,103,3.01,2.26,2.98,2.24
Master,RSC000114,Ip Joker,"Corruptors
Quasars
The Watchmen","The Swarm
North American Soccar Club
The Comic Crusaders",Solar,68.2,522,34,0.611,0.618,21,13,12886,7360,5526,36,22,33,101,35.6%,386.7,220.9,165.9,1.08,0.66,0.99,3.03,379.0,216.5,162.5,1.06,0.65,0.97,2.97,92,69,2.76,2.07,2.71,2.03
Master,RSC002673,Itzauzy™️,"Panthers
Corruptors","The Jungle
The Swarm",Solar,68.1,464,29,0.547,0.483,14,15,12655,7330,5325,31,13,55,83,37.3%,427.3,247.5,179.8,1.05,0.44,1.86,2.8,436.4,252.8,183.6,1.07,0.45,1.9,2.86,69,61,2.33,2.06,2.38,2.1
Master,,Matt.,Blackout,Electric Mayhem,Lunar,66.7,730,46,0.557,0.609,28,18,18383,10760,7623,48,25,65,146,32.9%,394.5,230.9,163.6,1.03,0.54,1.39,3.13,399.6,233.9,165.7,1.04,0.54,1.41,3.17,126,109,2.7,2.34,2.74,2.37
Master,RSC002639,Comet,Andromeda,The Cosmos,Solar,64.6,803,48,0.568,0.563,27,21,19505,12090,7415,55,34,67,154,35.7%,380.5,235.9,144.7,1.07,0.66,1.31,3.0,406.4,251.9,154.5,1.15,0.71,1.4,3.21,139,117,2.71,2.28,2.9,2.44
Master,RSC001336,Homelessbaby,Chimaeras,The Abyss,Lunar,64.0,877,56,0.545,0.607,34,22,21444,12080,9364,44,37,83,168,26.2%,383.1,215.8,167.3,0.79,0.66,1.48,3.0,382.9,215.7,167.2,0.79,0.66,1.48,3.0,148,132,2.64,2.36,2.64,2.36
Master,RSC000647,Leo.,Hot Dogs,Puppy Paradise,Solar,63.9,156,11,0.595,0.636,7,4,3689,2060,1629,8,7,12,31,25.8%,370.5,206.9,163.6,0.8,0.7,1.21,3.11,335.4,187.3,148.1,0.73,0.64,1.09,2.82,28,22,2.81,2.21,2.55,2.0
Master,,Alfredo.,"Chimaeras
Panthers","The Abyss
The Jungle",Lunar,63.9,877,55,0.552,0.582,32,23,21953,12910,9043,57,35,78,156,36.5%,392.2,230.6,161.5,1.02,0.63,1.39,2.79,399.1,234.7,164.4,1.04,0.64,1.42,2.84,157,138,2.8,2.47,2.85,2.51
Master,RSC003060,Zeek,Gigantoraptors,Dino Park,Lunar,63.6,415,28,0.453,0.429,12,16,10068,5410,4658,23,18,29,76,30.3%,380.1,204.2,175.8,0.87,0.68,1.09,2.87,359.6,193.2,166.4,0.82,0.64,1.04,2.71,63,71,2.38,2.68,2.25,2.54
Master,,Wicked,Blackout,Electric Mayhem,Lunar,63.0,785,48,0.542,0.542,26,22,18726,10460,8266,44,40,54,136,32.4%,373.7,208.8,165.0,0.88,0.8,1.08,2.71,390.1,217.9,172.2,0.92,0.83,1.13,2.83,127,114,2.53,2.28,2.65,2.38
Master,RSC000373,Lunaoso,Care Bears,The Bear Den,Lunar,62.1,730,46,0.524,0.565,26,20,17268,10150,7118,48,26,51,150,32.0%,370.6,217.8,152.8,1.03,0.56,1.09,3.22,375.4,220.7,154.7,1.04,0.57,1.11,3.26,121,114,2.6,2.45,2.63,2.48
Master,RSC000588,Cash,Atomics,Fallout Shelter,Solar,62.1,401,28,0.464,0.464,13,15,9818,5610,4208,29,13,26,76,38.2%,383.6,219.2,164.4,1.13,0.51,1.02,2.97,350.6,200.4,150.3,1.04,0.46,0.93,2.71,64,70,2.5,2.73,2.29,2.5
Master,RSC002332,Wespyyy,Whiskits and Gravy,The Cat Cafe,Solar,61.9,984,59,0.503,0.458,27,32,23654,14210,9444,62,38,84,191,32.5%,376.6,226.2,150.4,0.99,0.61,1.34,3.04,400.9,240.8,160.1,1.05,0.64,1.42,3.24,151,150,2.4,2.39,2.56,2.54
Master,RSC001843,Shank,Helicoprions,Shark Attack,Lunar,61.2,550,34,0.6,0.618,21,13,13031,7630,5401,32,24,44,103,31.1%,371.2,217.3,153.8,0.91,0.68,1.25,2.93,383.3,224.4,158.9,0.94,0.71,1.29,3.03,91,70,2.59,1.99,2.68,2.06
Master,,Twst,Mambas,The Serpents,Lunar,61.0,854,55,0.568,0.527,29,26,20338,11670,8668,47,42,68,147,32.0%,373.1,214.1,159.0,0.86,0.77,1.25,2.7,369.8,212.2,157.6,0.85,0.76,1.24,2.67,145,122,2.66,2.24,2.64,2.22
Master,RSC003218,Iguane Fabuleux,Panthers,The Jungle,Solar,61.0,728,46,0.528,0.435,20,26,18586,10740,7846,39,33,82,109,35.8%,400.0,231.1,168.8,0.84,0.71,1.76,2.35,404.0,233.5,170.6,0.85,0.72,1.78,2.37,118,110,2.54,2.37,2.57,2.39
Master,RSC001420,Kittenduck,Trash Compactors,Waste Management,Solar,60.7,940,62,0.555,0.5,31,31,22222,12240,9982,50,43,68,169,29.6%,370.4,204.0,166.4,0.83,0.72,1.13,2.82,358.4,197.4,161.0,0.81,0.69,1.1,2.73,163,142,2.72,2.37,2.63,2.29
Master,RSC002030,Stumpi,Frosted Wraiths,Spooky Breakfast Gang,Solar,60.6,945,61,0.679,0.689,42,19,22047,13180,8867,59,42,68,178,33.1%,365.5,218.5,147.0,0.98,0.7,1.13,2.95,361.4,216.1,145.4,0.97,0.69,1.11,2.92,179,111,2.97,1.84,2.93,1.82
Master,RSC000934,Shanerbaner,Helicoprions,Shark Attack,Lunar,60.1,1035,64,0.535,0.547,35,29,26540,15400,11140,57,35,124,175,32.6%,401.7,233.1,168.6,0.86,0.53,1.88,2.65,414.7,240.6,174.1,0.89,0.55,1.94,2.73,161,147,2.44,2.23,2.52,2.3
Master,RSC003402,Almost Magic Mike,Atomics,Fallout Shelter,Solar,60.0,283,18,0.54,0.556,10,8,7498,4370,3128,16,10,37,42,38.1%,415.1,241.9,173.2,0.89,0.55,2.05,2.33,416.6,242.8,173.8,0.89,0.56,2.06,2.33,40,36,2.21,1.99,2.22,2.0
Master,RSC002863,Rated,Assassins,The Order,Lunar,59.6,897,55,0.606,0.618,34,21,21363,12430,8933,58,29,68,178,32.6%,373.1,217.1,156.0,1.01,0.51,1.19,3.11,388.4,226.0,162.4,1.05,0.53,1.24,3.24,154,117,2.69,2.04,2.8,2.13
Master,RSC000657,Saucey,The Watchmen,The Comic Crusaders,Lunar,59.5,913,59,0.508,0.475,28,31,21578,12590,8988,54,42,70,159,34.0%,370.3,216.0,154.2,0.93,0.72,1.2,2.73,365.7,213.4,152.3,0.92,0.71,1.19,2.69,149,146,2.56,2.51,2.53,2.47
Master,,Sub5Ider,Trash Compactors,Waste Management,Solar,58.5,564,36,0.534,0.472,17,19,13307,8080,5227,39,22,41,103,37.9%,369.6,224.4,145.2,1.08,0.61,1.14,2.86,369.6,224.4,145.2,1.08,0.61,1.14,2.86,97,89,2.69,2.47,2.69,2.47
Master,RSC001779,V15 Ehf,Care Bears,The Bear Den,Lunar,58.1,905,58,0.555,0.603,35,23,21703,12560,9143,51,40,79,151,33.8%,375.7,217.4,158.3,0.88,0.69,1.37,2.61,374.2,216.6,157.6,0.88,0.69,1.36,2.6,155,135,2.68,2.34,2.67,2.33
Master,RSC002888,Kri0S,Chicago Style,Fifty-Fifty Pizzeria,Lunar,56.1,974,63,0.438,0.476,30,33,24015,13320,10695,47,35,105,162,29.0%,386.3,214.3,172.0,0.76,0.56,1.69,2.61,381.2,211.4,169.8,0.75,0.56,1.67,2.57,133,156,2.14,2.51,2.11,2.48
Master,RSC000996,Greensleeves,Tempests,Storm,Solar,56.0,861,55,0.688,0.727,40,15,18973,11910,7063,58,36,52,171,33.9%,345.2,216.7,128.5,1.06,0.66,0.95,3.11,345.0,216.5,128.4,1.05,0.65,0.95,3.11,164,99,2.98,1.8,2.98,1.8
Master,RSC002944,Paylosoul,Atomics,Fallout Shelter,Solar,56.0,754,51,0.455,0.451,23,28,17810,9910,7900,31,35,76,126,24.6%,370.1,205.9,164.1,0.64,0.73,1.58,2.62,349.2,194.3,154.9,0.61,0.69,1.49,2.47,106,119,2.2,2.47,2.08,2.33
Master,RSC001199,Classy,Soul,The Elements,Lunar,55.7,971,60,0.497,0.5,30,30,22311,12350,9961,44,45,80,170,25.9%,360.0,199.3,160.7,0.71,0.73,1.29,2.74,371.9,205.8,166.0,0.73,0.75,1.33,2.83,147,148,2.37,2.39,2.45,2.47
Master,RSC000130,Anthage,Corruptors,The Swarm,Solar,55.6,919,57,0.563,0.596,34,23,21439,12490,8949,47,36,86,169,27.8%,365.5,212.9,152.6,0.8,0.61,1.47,2.88,376.1,219.1,157.0,0.82,0.63,1.51,2.96,154,131,2.63,2.23,2.7,2.3
Master,RSC000634,Badasswalrus,Care Bears,The Bear Den,Lunar,55.2,811,52,0.525,0.577,30,22,18974,10540,8434,41,36,66,134,30.6%,366.5,203.6,162.9,0.79,0.7,1.27,2.59,364.9,202.7,162.2,0.79,0.69,1.27,2.58,133,125,2.57,2.41,2.56,2.4
Master,RSC000531,Ceejay,Soul,The Elements,Lunar,54.8,968,60,0.497,0.517,31,29,22837,13740,9097,62,31,84,179,34.6%,369.6,222.4,147.2,1.0,0.5,1.36,2.9,380.6,229.0,151.6,1.03,0.52,1.4,2.98,147,148,2.38,2.4,2.45,2.47
Master,RSC000799,Foam,Harriers,Birds of Prey,Solar,54.6,183,12,0.374,0.25,3,9,4579,2710,1869,11,5,21,31,35.5%,392.0,232.0,160.0,0.94,0.43,1.8,2.65,381.6,225.8,155.8,0.92,0.42,1.75,2.58,23,32,1.97,2.74,1.92,2.67
Master,,Tuna146,Andromeda,The Cosmos,Solar,54.1,366,23,0.537,0.609,14,9,8583,4750,3833,19,11,32,70,27.1%,367.4,203.3,164.1,0.81,0.47,1.37,3.0,373.2,206.5,166.7,0.83,0.48,1.39,3.04,54,49,2.31,2.1,2.35,2.13
Master,RSC000374,Pletheros,Whiskits and Gravy,The Cat Cafe,Solar,54.0,931,55,0.542,0.473,26,29,21557,11950,9607,45,39,78,160,28.1%,362.8,201.1,161.7,0.76,0.66,1.31,2.69,391.9,217.3,174.7,0.82,0.71,1.42,2.91,148,133,2.49,2.24,2.69,2.42
Master,RSC002882,.Pyyros,Helicoprions,Shark Attack,Lunar,53.7,951,58,0.527,0.534,31,27,21127,12280,8847,50,45,67,168,29.8%,348.0,202.3,145.7,0.82,0.74,1.1,2.77,364.3,211.7,152.5,0.86,0.78,1.16,2.9,149,139,2.45,2.29,2.57,2.4
Master,RSC000666,Aeb311,Assassins,The Order,Lunar,53.5,970,59,0.632,0.678,40,19,21180,12680,8500,50,47,71,178,28.1%,342.1,204.8,137.3,0.81,0.76,1.15,2.87,359.0,214.9,144.1,0.85,0.8,1.2,3.02,170,120,2.75,1.94,2.88,2.03
Master,,5Tarfax,Frosted Wraiths,Spooky Breakfast Gang,Solar,53.5,154,10,0.5,0.5,5,5,3642,2240,1402,11,4,13,29,37.9%,370.5,227.9,142.6,1.12,0.41,1.32,2.95,364.2,224.0,140.2,1.1,0.4,1.3,2.9,26,26,2.65,2.65,2.6,2.6
Master,RSC000591,Packers,Assassins,The Order,Lunar,52.6,595,35,0.626,0.629,22,13,14244,8740,5504,44,16,50,104,42.3%,375.1,230.1,144.9,1.16,0.42,1.32,2.74,407.0,249.7,157.3,1.26,0.46,1.43,2.97,108,78,2.84,2.05,3.09,2.23
Master,RSC000355,Fuda,Andromeda,The Cosmos,Solar,52.3,976,58,0.542,0.552,32,26,23044,13590,9454,48,44,102,149,32.2%,369.9,218.1,151.8,0.77,0.71,1.64,2.39,397.3,234.3,163.0,0.83,0.76,1.76,2.57,156,140,2.5,2.25,2.69,2.41
Master,RSC001099,Alaindodger,Chicago Style,Fifty-Fifty Pizzeria,Lunar,52.3,903,59,0.442,0.475,28,31,21164,11710,9454,42,35,85,151,27.8%,367.2,203.2,164.0,0.73,0.61,1.47,2.62,358.7,198.5,160.2,0.71,0.59,1.44,2.56,124,144,2.15,2.5,2.1,2.44
Master,RSC000583,Unearthlylegend,Tempests,Storm,Solar,52.3,937,61,0.62,0.656,40,21,21001,11790,9211,40,47,78,154,26.0%,351.1,197.1,154.0,0.67,0.79,1.3,2.57,344.3,193.3,151.0,0.66,0.77,1.28,2.52,169,124,2.83,2.07,2.77,2.03
Master,RSC000082,Memlo,Atomics,Fallout Shelter,Solar,51.2,694,46,0.463,0.478,22,24,15324,8440,6884,32,32,49,119,26.9%,345.9,190.5,155.4,0.72,0.72,1.11,2.69,333.1,183.5,149.7,0.7,0.7,1.07,2.59,101,111,2.28,2.51,2.2,2.41
Master,RSC000094,Namdorin,The Watchmen,The Comic Crusaders,Lunar,50.9,808,50,0.551,0.52,26,24,17992,10460,7532,37,36,71,141,26.2%,348.9,202.8,146.0,0.72,0.7,1.38,2.73,359.8,209.2,150.6,0.74,0.72,1.42,2.82,132,116,2.56,2.25,2.64,2.32
Master,RSC003102,Gigi,Gigantoraptors,Dino Park,Lunar,50.7,136,9,0.5,0.444,4,5,2849,1580,1269,5,8,9,23,21.7%,328.2,182.0,146.2,0.58,0.92,1.04,2.65,316.6,175.6,141.0,0.56,0.89,1.0,2.56,22,22,2.53,2.53,2.44,2.44
Master,RSC000767,Tragic,"Corruptors
Gigantoraptors","The Swarm
Dino Park",Solar,50.7,856,55,0.503,0.527,29,26,19271,11740,7531,53,31,67,154,34.4%,352.7,214.9,137.8,0.97,0.57,1.23,2.82,350.4,213.5,136.9,0.96,0.56,1.22,2.8,140,139,2.56,2.54,2.55,2.53
Master,RSC003262,Skies,Hot Dogs,Puppy Paradise,Solar,49.9,103,6,0.3,0.5,3,3,2482,1360,1122,3,4,14,16,18.8%,377.5,206.9,170.7,0.46,0.61,2.13,2.43,413.7,226.7,187.0,0.5,0.67,2.33,2.67,11,19,1.67,2.89,1.83,3.17
Master,RSC002624,Apple,Mercury,Milky Way,Lunar,49.9,225,15,0.388,0.333,5,10,5401,3240,2161,13,8,24,34,38.2%,376.1,225.6,150.5,0.91,0.56,1.67,2.37,360.1,216.0,144.1,0.87,0.53,1.6,2.27,34,45,2.37,3.13,2.27,3.0
Master,RSC000399,Dart,Corruptors,The Swarm,Solar,49.8,380,23,0.465,0.435,10,13,8612,4670,3942,22,10,25,72,30.6%,355.1,192.5,162.5,0.91,0.41,1.03,2.97,374.4,203.0,171.4,0.96,0.43,1.09,3.13,53,58,2.19,2.39,2.3,2.52
Master,RSC000488,Theblobofglob22,Quasars,North American Soccar Club,Solar,49.7,1002,64,0.412,0.438,28,36,23713,13350,10363,58,32,87,160,36.3%,370.8,208.7,162.0,0.91,0.5,1.36,2.5,370.5,208.6,161.9,0.91,0.5,1.36,2.5,143,179,2.24,2.8,2.23,2.8
Master,,Aki_Ha-,Gigantoraptors,Dino Park,Lunar,49.6,625,41,0.429,0.439,18,23,13952,8200,5752,34,24,50,110,30.9%,349.7,205.5,144.2,0.85,0.6,1.25,2.76,340.3,200.0,140.3,0.83,0.59,1.22,2.68,99,118,2.48,2.96,2.41,2.88
Master,RSC000682,Mooshu,The Watchmen,The Comic Crusaders,Lunar,49.1,340,22,0.432,0.409,9,13,7393,4240,3153,20,14,19,59,33.9%,340.7,195.4,145.3,0.92,0.65,0.88,2.72,336.0,192.7,143.3,0.91,0.64,0.86,2.68,55,65,2.53,3.0,2.5,2.95
Master,RSC001671,Siyyo,Chimaeras,The Abyss,Lunar,48.6,458,29,0.542,0.552,16,13,9993,6110,3883,23,24,38,71,32.4%,341.8,209.0,132.8,0.79,0.82,1.3,2.43,344.6,210.7,133.9,0.79,0.83,1.31,2.45,80,72,2.74,2.46,2.76,2.48
Master,RSC001903,Plasma,Ares,Olympus,Solar,48.0,581,36,0.355,0.306,11,25,13416,7720,5696,28,22,58,92,30.4%,361.8,208.2,153.6,0.76,0.59,1.56,2.48,372.7,214.4,158.2,0.78,0.61,1.61,2.56,71,104,1.91,2.8,1.97,2.89
Master,RSC001903,Plasma,Ares,Olympus,Solar,48.0,581,36,0.355,0.306,11,25,13416,7720,5696,28,22,58,92,30.4%,361.8,208.2,153.6,0.76,0.59,1.56,2.48,372.7,214.4,158.2,0.78,0.61,1.61,2.56,71,104,1.91,2.8,1.97,2.89
Master,RSC002018,Prine,Chimaeras,The Abyss,Lunar,47.7,984,62,0.537,0.597,37,25,21951,12590,9361,59,40,63,154,38.3%,349.5,200.5,149.0,0.94,0.64,1.0,2.45,354.0,203.1,151.0,0.95,0.65,1.02,2.48,167,152,2.66,2.42,2.69,2.45
Master,RSC000020,Frostiger,Assassins,The Order,Lunar,47.6,688,43,0.607,0.698,30,13,15309,8920,6389,34,29,59,112,30.4%,348.6,203.1,145.5,0.77,0.66,1.34,2.55,356.0,207.4,148.6,0.79,0.67,1.37,2.6,126,96,2.87,2.19,2.93,2.23
Master,RSC001935,Kenobs,Corruptors,The Swarm,Solar,47.3,681,42,0.597,0.619,26,16,14424,8270,6154,32,34,45,112,28.6%,331.8,190.3,141.6,0.74,0.78,1.04,2.58,343.4,196.9,146.5,0.76,0.81,1.07,2.67,118,92,2.71,2.12,2.81,2.19
Master,RSC000595,E=Mc_Hammer,Tempests,Storm,Solar,46.5,360,24,0.384,0.375,9,15,7811,4300,3511,17,15,25,60,28.3%,339.9,187.1,152.8,0.74,0.65,1.09,2.61,325.5,179.2,146.3,0.71,0.63,1.04,2.5,49,66,2.13,2.87,2.04,2.75
Master,,Cam :D,Quasars,North American Soccar Club,Solar,45.6,444,28,0.517,0.536,15,13,10355,5920,4435,27,9,40,77,35.1%,365.4,208.9,156.5,0.95,0.32,1.41,2.72,369.8,211.4,158.4,0.96,0.32,1.43,2.75,69,66,2.43,2.33,2.46,2.36
Master,RSC003031,Yesper,"Mercury
Blackout
Flex Tapes
Chimaeras","Milky Way
Electric Mayhem
As Seen on TV!
The Abyss",Lunar,45.1,439,28,0.376,0.357,10,18,10075,5980,4095,26,12,41,73,35.6%,359.5,213.4,146.1,0.93,0.43,1.46,2.61,359.8,213.6,146.3,0.93,0.43,1.46,2.61,58,80,2.07,2.85,2.07,2.86
Master,RSC003031,Yesper,"Mercury
Blackout
Flex Tapes
Chimaeras","Milky Way
Electric Mayhem
As Seen on TV!
The Abyss",Lunar,45.1,439,28,0.376,0.357,10,18,10075,5980,4095,26,12,41,73,35.6%,359.5,213.4,146.1,0.93,0.43,1.46,2.61,359.8,213.6,146.3,0.93,0.43,1.46,2.61,58,80,2.07,2.85,2.07,2.86
Master,RSC000065,Draxxs,Sabertooths,Polar Vortex,Lunar,44.2,273,18,0.594,0.556,10,8,6288,3600,2688,13,12,27,35,37.1%,360.8,206.6,154.3,0.75,0.69,1.55,2.01,349.3,200.0,149.3,0.72,0.67,1.5,1.94,46,36,2.64,2.07,2.56,2.0
Master,RSC003490,Mythic<('O'<),Whiskits and Gravy,The Cat Cafe,Solar,44.2,78,4,0.569,0.5,2,2,1905,1140,765,4,3,10,9,44.4%,382.6,229.0,153.7,0.8,0.6,2.01,1.81,476.3,285.0,191.3,1.0,0.75,2.5,2.25,12,10,2.41,2.01,3.0,2.5
Master,RSC000516,Dorito,Flex Tapes,As Seen on TV!,Solar,43.8,919,63,0.554,0.587,37,26,20280,10870,9410,32,47,82,122,26.2%,345.7,185.3,160.4,0.55,0.8,1.4,2.08,321.9,172.5,149.4,0.51,0.75,1.3,1.94,147,128,2.51,2.18,2.33,2.03
Master,RSC000334,Crabasaur,Whiskits and Gravy,The Cat Cafe,Solar,42.7,700,43,0.537,0.465,20,23,14575,8530,6045,33,32,50,113,29.2%,326.2,190.9,135.3,0.74,0.72,1.12,2.53,339.0,198.4,140.6,0.77,0.74,1.16,2.63,112,102,2.51,2.28,2.6,2.37
Master,,Jsavvv1,Trash Compactors,Waste Management,Solar,42.6,816,55,0.512,0.473,26,29,18060,10320,7740,44,28,65,127,34.6%,346.7,198.1,148.6,0.84,0.54,1.25,2.44,328.4,187.6,140.7,0.8,0.51,1.18,2.31,134,130,2.57,2.5,2.44,2.36
Master,RSC002047,Rainbownoms,"Ares
Kings","Olympus
House of Cards",Solar,41.7,686,42,0.307,0.286,12,30,16131,8890,7241,33,16,75,104,31.7%,368.4,203.0,165.4,0.75,0.37,1.71,2.38,384.1,211.7,172.4,0.79,0.38,1.79,2.48,80,134,1.83,3.06,1.9,3.19
Master,RSC001889,Phelpsy,Mambas,The Serpents,Lunar,41.5,940,60,0.589,0.567,34,26,20550,12470,8080,50,32,87,152,32.9%,342.5,207.8,134.7,0.83,0.53,1.45,2.53,342.5,207.8,134.7,0.83,0.53,1.45,2.53,162,129,2.7,2.15,2.7,2.15
Master,RSC002441,Cade Yamaguchi-Gumi,Ares,Olympus,Solar,41.2,162,10,0.515,0.5,5,5,3422,2010,1412,7,9,13,21,33.3%,330.9,194.4,136.6,0.68,0.87,1.26,2.03,342.2,201.0,141.2,0.7,0.9,1.3,2.1,26,25,2.51,2.42,2.6,2.5
Master,,Josan,"Quasars
Trash Compactors","North American Soccar Club
Waste Management",Solar,41.1,816,53,0.369,0.358,19,34,18437,9860,8577,36,28,74,116,31.0%,354.0,189.3,164.7,0.69,0.54,1.42,2.23,347.9,186.0,161.8,0.68,0.53,1.4,2.19,114,159,2.19,3.05,2.15,3.0
Master,RSC000241,Geherpaderp,King Kongs,Planet of the Apes,Lunar,41.1,880,58,0.63,0.621,36,22,18104,9910,8194,42,40,47,136,30.9%,322.3,176.4,145.9,0.75,0.71,0.84,2.42,312.1,170.9,141.3,0.72,0.69,0.81,2.34,170,122,3.03,2.17,2.93,2.1
Master,,Kip,Sabertooths,Polar Vortex,Lunar,41.0,896,56,0.614,0.625,35,21,18726,10650,8076,41,39,64,140,29.3%,327.4,186.2,141.2,0.72,0.68,1.12,2.45,334.4,190.2,144.2,0.73,0.7,1.14,2.5,156,116,2.73,2.03,2.79,2.07
Master,RSC000330,Infinite,Andromeda,The Cosmos,Solar,40.9,1050,63,0.55,0.556,35,28,23406,12860,10546,50,35,91,156,32.1%,349.2,191.9,157.4,0.75,0.52,1.36,2.33,371.5,204.1,167.4,0.79,0.56,1.44,2.48,167,147,2.49,2.19,2.65,2.33
Master,,Mdboys09,The Watchmen,The Comic Crusaders,Lunar,40.3,723,45,0.466,0.444,20,25,15712,8550,7162,31,33,57,95,32.6%,340.5,185.3,155.2,0.67,0.72,1.24,2.06,349.2,190.0,159.2,0.69,0.73,1.27,2.11,111,121,2.41,2.62,2.47,2.69
Master,RSC000359,Scottee,Panthers,The Jungle,Solar,40.1,651,42,0.412,0.333,14,28,13875,7900,5975,32,25,49,100,32.0%,333.9,190.1,143.8,0.77,0.6,1.18,2.41,330.4,188.1,142.3,0.76,0.6,1.17,2.38,91,114,2.19,2.74,2.17,2.71
Master,RSC000052,Barra,Panthers,The Jungle,Solar,39.4,896,58,0.483,0.379,22,36,19167,10920,8247,38,37,79,132,28.8%,335.1,190.9,144.2,0.66,0.65,1.38,2.31,330.5,188.3,142.2,0.66,0.64,1.36,2.28,138,144,2.41,2.52,2.38,2.48
Master,RSC001944,Stevo,Care Bears,The Bear Den,Lunar,38.8,575,36,0.442,0.472,17,19,11448,6720,4728,26,27,37,92,28.3%,311.9,183.1,128.8,0.71,0.74,1.01,2.51,318.0,186.7,131.3,0.72,0.75,1.03,2.56,89,103,2.42,2.81,2.47,2.86
Master,,[N Ξ X U S] Rblegend,Whiskits and Gravy,The Cat Cafe,Solar,38.6,357,20,0.471,0.5,10,10,7666,4390,3276,19,10,28,59,32.2%,336.4,192.7,143.8,0.83,0.44,1.23,2.59,383.3,219.5,163.8,0.95,0.5,1.4,2.95,53,57,2.33,2.5,2.65,2.85
Master,,Cartuard,Gigantoraptors,Dino Park,Lunar,38.3,831,55,0.445,0.455,25,30,17765,9620,8145,35,25,70,137,25.5%,334.9,181.4,153.6,0.66,0.47,1.32,2.58,323.0,174.9,148.1,0.64,0.45,1.27,2.49,129,148,2.43,2.79,2.35,2.69
Master,RSC000773,Sicey,Hot Dogs,Puppy Paradise,Solar,37.1,959,61,0.395,0.41,25,36,21098,11500,9598,39,28,95,145,26.9%,344.7,187.9,156.8,0.64,0.46,1.55,2.37,345.9,188.5,157.3,0.64,0.46,1.56,2.38,114,151,1.86,2.47,1.87,2.48
Master,RSC002918,Pleezy,Gigantoraptors,Dino Park,Lunar,35.6,300,20,0.524,0.5,10,10,6237,3580,2657,16,9,21,48,33.3%,325.7,187.0,138.8,0.84,0.47,1.1,2.51,311.9,179.0,132.9,0.8,0.45,1.05,2.4,52,49,2.72,2.56,2.6,2.45
Master,RSC000923,Stemantics,Flex Tapes,As Seen on TV!,Solar,35.1,650,44,0.594,0.636,28,16,12537,7380,5157,33,22,36,118,28.0%,302.2,177.9,124.3,0.8,0.53,0.87,2.84,284.9,167.7,117.2,0.75,0.5,0.82,2.68,112,88,2.7,2.12,2.55,2.0
Master,RSC000753,Prolly,Mercury,Milky Way,Lunar,34.8,593,40,0.269,0.2,8,32,12501,6790,5711,29,20,41,84,34.5%,330.3,179.4,150.9,0.77,0.53,1.08,2.22,312.5,169.8,142.8,0.73,0.5,1.03,2.1,77,141,2.03,3.73,1.93,3.53
Master,,Apple.,Mercury,Milky Way,Lunar,34.5,328,22,0.265,0.182,4,18,7373,3970,3403,12,8,38,47,25.5%,352.2,189.6,162.5,0.57,0.38,1.82,2.24,335.1,180.5,154.7,0.55,0.36,1.73,2.14,37,70,1.77,3.34,1.68,3.18
Master,RSC000552,Cerealkiller,"Flex Tapes
Harriers","As Seen on TV!
Birds of Prey",Solar,33.7,517,34,0.344,0.294,10,24,10893,6780,4113,24,17,55,78,30.8%,330.1,205.5,124.6,0.73,0.52,1.67,2.36,320.4,199.4,121.0,0.71,0.5,1.62,2.29,66,99,2.0,3.0,1.94,2.91
Master,RSC000514,Whatitdobayybbee,Atomics,Fallout Shelter,Solar,33.0,52,3,0.275,0.333,1,2,923,530,393,2,3,2,8,25.0%,278.1,159.7,118.4,0.6,0.9,0.6,2.41,307.7,176.7,131.0,0.67,1.0,0.67,2.67,6,11,1.81,3.31,2.0,3.67
Master,,Peach :>,Chimaeras,The Abyss,Lunar,32.7,86,5,0.348,0.4,2,3,1960,1180,780,5,1,10,13,38.5%,357.1,215.0,142.1,0.91,0.18,1.82,2.37,392.0,236.0,156.0,1.0,0.2,2.0,2.6,10,15,1.82,2.73,2.0,3.0
Master,RSC000867,Ritter,Chicago Style,Fifty-Fifty Pizzeria,Lunar,32.0,793,50,0.47,0.5,25,25,16606,9330,7276,38,22,65,118,32.2%,328.1,184.3,143.7,0.75,0.43,1.28,2.33,332.1,186.6,145.5,0.76,0.44,1.3,2.36,111,120,2.19,2.37,2.22,2.4
Master,RSC003028,Dodds,Hot Dogs,Puppy Paradise,Solar,30.2,967,61,0.37,0.377,23,38,20732,11490,9242,40,23,99,139,28.8%,335.9,186.2,149.7,0.65,0.37,1.6,2.25,339.9,188.4,151.5,0.66,0.38,1.62,2.28,113,160,1.83,2.59,1.85,2.62
Master,,Buck,Kings,House of Cards,Lunar,29.4,612,41,0.367,0.439,18,23,13023,6540,6483,20,16,58,84,23.8%,333.4,167.4,166.0,0.51,0.41,1.48,2.15,317.6,159.5,158.1,0.49,0.39,1.41,2.05,77,109,1.97,2.79,1.88,2.66
Master,,Gijoeyb,Mercury,Milky Way,Lunar,28.5,211,14,0.255,0.143,2,12,4089,1950,2139,7,10,10,25,28.0%,303.6,144.8,158.8,0.52,0.74,0.74,1.86,292.1,139.3,152.8,0.5,0.71,0.71,1.79,26,50,1.93,3.71,1.86,3.57
Master,,Cuddlybob,Mercury,Milky Way,Lunar,28.0,680,45,0.262,0.2,9,36,13246,7410,5836,28,21,50,106,26.4%,305.2,170.7,134.5,0.65,0.48,1.15,2.44,294.4,164.7,129.7,0.62,0.47,1.11,2.36,84,158,1.94,3.64,1.87,3.51
Master,RSC002152,Salvo,Kings,House of Cards,Lunar,27.6,631,41,0.338,0.341,14,27,13378,7670,5708,27,15,67,87,31.0%,332.2,190.4,141.7,0.67,0.37,1.66,2.16,326.3,187.1,139.2,0.66,0.37,1.63,2.12,71,110,1.76,2.73,1.73,2.68
Master,RSC001059,Saltybonnyr,Harriers,Birds of Prey,Solar,26.6,142,10,0.293,0.3,3,7,3076,1850,1226,8,2,15,20,40.0%,339.4,204.1,135.3,0.88,0.22,1.65,2.21,307.6,185.0,122.6,0.8,0.2,1.5,2.0,16,28,1.77,3.09,1.6,2.8
Master,RSC001059,Saltybonnyr,Harriers,Birds of Prey,Solar,26.6,142,10,0.293,0.3,3,7,3076,1850,1226,8,2,15,20,40.0%,339.4,204.1,135.3,0.88,0.22,1.65,2.21,307.6,185.0,122.6,0.8,0.2,1.5,2.0,16,28,1.77,3.09,1.6,2.8
Master,RSC002015,Benji,Ares,Olympus,Solar,26.4,471,33,0.327,0.303,10,23,9634,5100,4534,14,16,46,60,23.3%,320.5,169.6,150.8,0.47,0.53,1.53,2.0,291.9,154.5,137.4,0.42,0.48,1.39,1.82,62,97,2.06,3.23,1.88,2.94
Master,RSC000684,Kanman01,Harriers,Birds of Prey,Solar,26.1,755,50,0.303,0.26,13,37,15733,8690,7043,28,23,76,94,29.8%,326.5,180.3,146.1,0.58,0.48,1.58,1.95,314.7,173.8,140.9,0.56,0.46,1.52,1.88,92,155,1.91,3.22,1.84,3.1
Master,RSC003198,Turkey,"Harriers
Hot Dogs","Birds of Prey
Puppy Paradise",Solar,25.7,447,30,0.238,0.267,8,22,9341,4850,4491,17,8,42,65,26.2%,327.4,170.0,157.4,0.6,0.28,1.47,2.28,311.4,161.7,149.7,0.57,0.27,1.4,2.17,46,96,1.61,3.36,1.53,3.2
Master,,Das,"Atomics
Ares","Fallout Shelter
Olympus",Solar,25.3,688,44,0.396,0.364,16,28,13405,7060,6345,22,19,57,106,20.8%,305.2,160.8,144.5,0.5,0.43,1.3,2.41,304.7,160.5,144.2,0.5,0.43,1.3,2.41,81,107,1.84,2.44,1.84,2.43
Master,RSC000645,Denz,Krakens,The Ocean,Solar,24.9,782,50,0.544,0.54,27,23,14651,8320,6331,32,29,51,112,28.6%,293.5,166.7,126.8,0.64,0.58,1.02,2.24,293.0,166.4,126.6,0.64,0.58,1.02,2.24,134,120,2.68,2.4,2.68,2.4
Master,,Vaerous,Soul,The Elements,Lunar,23.3,988,61,0.479,0.492,30,31,19668,10860,8808,37,33,86,121,30.6%,311.9,172.2,139.7,0.59,0.52,1.36,1.92,322.4,178.0,144.4,0.61,0.54,1.41,1.98,146,154,2.32,2.44,2.39,2.52
Master,RSC000884,Nathan.,Hot Dogs,Puppy Paradise,Solar,23.2,733,45,0.355,0.356,16,29,14769,8280,6489,27,22,71,93,29.0%,315.7,177.0,138.7,0.58,0.47,1.52,1.99,328.2,184.0,144.2,0.6,0.49,1.58,2.07,81,120,1.73,2.56,1.8,2.67
Master,RSC003412,Python,"Ares
Panthers","Olympus
The Jungle",Solar,23.0,305,19,0.258,0.211,4,15,5550,2750,2800,9,11,17,45,20.0%,285.1,141.3,143.8,0.46,0.57,0.87,2.31,292.1,144.7,147.4,0.47,0.58,0.89,2.37,36,69,1.85,3.54,1.89,3.63
Master,RSC003412,Python,"Ares
Panthers","Olympus
The Jungle",Solar,23.0,305,19,0.258,0.211,4,15,5550,2750,2800,9,11,17,45,20.0%,285.1,141.3,143.8,0.46,0.57,0.87,2.31,292.1,144.7,147.4,0.47,0.58,0.89,2.37,36,69,1.85,3.54,1.89,3.63
Master,RSC000021,Tyty,Blackout,Electric Mayhem,Lunar,22.7,488,30,0.47,0.4,12,18,9784,5490,4294,23,12,39,64,35.9%,314.1,176.3,137.9,0.74,0.39,1.25,2.05,326.1,183.0,143.1,0.77,0.4,1.3,2.13,78,84,2.5,2.7,2.6,2.8
Master,RSC000007,Doobyscoobs,"Mercury
Blackout
Harriers
Tempests","Milky Way
Electric Mayhem
Birds of Prey
Storm",Lunar,22.2,338,22,0.344,0.182,4,18,6611,3350,3261,8,15,29,35,22.9%,306.4,155.3,151.2,0.37,0.7,1.34,1.62,300.5,152.3,148.2,0.36,0.68,1.32,1.59,50,74,2.32,3.43,2.27,3.36
Master,RSC000482,Poofy,"Kings
Harriers","House of Cards
Birds of Prey",Lunar,21.7,299,19,0.317,0.316,6,13,6167,3330,2837,9,5,35,43,20.9%,323.1,174.5,148.6,0.47,0.26,1.83,2.25,324.6,175.3,149.3,0.47,0.26,1.84,2.26,28,47,1.47,2.46,1.47,2.47
Master,RSC000623,Wall2Wall3,Helicoprions,Shark Attack,Lunar,21.6,569,36,0.486,0.5,18,18,10536,5530,5006,22,17,33,83,26.5%,290.1,152.3,137.8,0.61,0.47,0.91,2.29,292.7,153.6,139.1,0.61,0.47,0.92,2.31,82,85,2.26,2.34,2.28,2.36
Master,RSC000030,Adeadm0053,Harriers,Birds of Prey,Solar,19.8,123,8,0.382,0.25,2,6,2383,1160,1223,2,6,11,11,18.2%,303.5,147.8,155.8,0.25,0.76,1.4,1.4,297.9,145.0,152.9,0.25,0.75,1.38,1.38,17,23,2.17,2.93,2.13,2.88
Master,RSC000030,Adeadm0053,Harriers,Birds of Prey,Solar,19.8,123,8,0.382,0.25,2,6,2383,1160,1223,2,6,11,11,18.2%,303.5,147.8,155.8,0.25,0.76,1.4,1.4,297.9,145.0,152.9,0.25,0.75,1.38,1.38,17,23,2.17,2.93,2.13,2.88
Master,RSC000242,Dead Medic,Ares,Olympus,Solar,19.7,584,36,0.317,0.278,10,26,11784,6400,5384,20,15,59,70,28.6%,316.1,171.7,144.4,0.54,0.4,1.58,1.88,327.3,177.8,149.6,0.56,0.42,1.64,1.94,66,108,1.77,2.9,1.83,3.0
Master,,Ghost,"Atomics
Ares","Fallout Shelter
Olympus",Solar,19.5,118,8,0.371,0.375,3,5,2327,1420,907,6,2,11,17,35.3%,309.0,188.5,120.4,0.8,0.27,1.46,2.26,290.9,177.5,113.4,0.75,0.25,1.38,2.13,15,21,1.99,2.79,1.88,2.63
Master,,Crophlin,Kings,House of Cards,Lunar,19.4,874,56,0.347,0.357,20,36,16804,9520,7284,35,21,75,122,28.7%,301.2,170.6,130.6,0.63,0.38,1.34,2.19,300.1,170.0,130.1,0.63,0.38,1.34,2.18,106,159,1.9,2.85,1.89,2.84
Master,RSC003009,Twisted,Harriers,Birds of Prey,Solar,17.9,55,4,0.265,0.25,1,3,904,540,364,2,2,3,9,22.2%,257.5,153.8,103.7,0.57,0.57,0.85,2.56,226.0,135.0,91.0,0.5,0.5,0.75,2.25,7,13,1.99,3.7,1.75,3.25
Master,RSC003009,Twisted,Harriers,Birds of Prey,Solar,17.9,55,4,0.265,0.25,1,3,904,540,364,2,2,3,9,22.2%,257.5,153.8,103.7,0.57,0.57,0.85,2.56,226.0,135.0,91.0,0.5,0.5,0.75,2.25,7,13,1.99,3.7,1.75,3.25
Master,,Yab.,Harriers,Birds of Prey,Solar,15.5,496,32,0.315,0.25,8,24,9783,5230,4553,20,10,43,58,34.5%,309.0,165.2,143.8,0.63,0.32,1.36,1.83,305.7,163.4,142.3,0.63,0.31,1.34,1.81,58,95,1.83,3.0,1.81,2.97
Master,RSC002172,Shimmy,Quasars,North American Soccar Club,Solar,11.9,737,45,0.404,0.467,21,24,13401,7100,6301,21,18,63,95,22.1%,284.9,150.9,133.9,0.45,0.38,1.34,2.02,297.8,157.8,140.0,0.47,0.4,1.4,2.11,100,128,2.13,2.72,2.22,2.84
Master,RSC003479,Skel,Hot Dogs,Puppy Paradise,Solar,8.8,52,4,0.403,0.5,2,2,867,310,557,0,2,3,6,0.0%,261.2,93.4,167.8,0.0,0.6,0.9,1.81,216.8,77.5,139.3,0.0,0.5,0.75,1.5,7,9,2.11,2.71,1.75,2.25
Master,RSC003135,Cream,Harriers,Birds of Prey,Solar,7.8,205,14,0.348,0.286,4,10,3868,1970,1898,6,6,18,17,35.3%,295.6,150.6,145.1,0.46,0.46,1.38,1.3,276.3,140.7,135.6,0.43,0.43,1.29,1.21,27,40,2.06,3.06,1.93,2.86
Master,RSC000500,Styzzi,Chicago Style,Fifty-Fifty Pizzeria,Lunar,2.6,297,20,0.316,0.35,7,13,5054,2520,2534,8,5,22,37,21.6%,266.6,132.9,133.7,0.42,0.26,1.16,1.95,252.7,126.0,126.7,0.4,0.25,1.1,1.85,37,60,1.95,3.16,1.85,3.0
Master,RSC000203,Frostybrew,Ares,Olympus,Solar,-5.1,47,4,0.041,0.0,0,4,685,310,375,1,1,2,6,16.7%,228.3,103.3,125.0,0.33,0.33,0.67,2.0,171.3,77.5,93.8,0.25,0.25,0.5,1.5,2,14,0.67,4.67,0.5,3.5
Master,RSC000203,Frostybrew,Ares,Olympus,Solar,-5.1,47,4,0.041,0.0,0,4,685,310,375,1,1,2,6,16.7%,228.3,103.3,125.0,0.33,0.33,0.67,2.0,171.3,77.5,93.8,0.25,0.25,0.5,1.5,2,14,0.67,4.67,0.5,3.5
Master,,Jhensleyy,Mercury,Milky Way,Lunar,-7.0,255,16,0.15,0.188,3,13,4210,1800,2410,6,3,16,25,24.0%,258.7,110.6,148.1,0.37,0.18,0.98,1.54,263.1,112.5,150.6,0.38,0.19,1.0,1.56,25,71,1.54,4.36,1.56,4.44
Master,RSC002551,Pure_Strafez,Blackout,Electric Mayhem,Lunar,-9.8,50,4,0.727,0.75,3,1,614,290,324,0,3,2,4,0.0%,192.4,90.9,101.5,0.0,0.94,0.63,1.25,153.5,72.5,81.0,0.0,0.75,0.5,1.0,11,6,3.45,1.88,2.75,1.5
Master,RSC002551,Pure_Strafez,Blackout,Electric Mayhem,Lunar,-9.8,50,4,0.727,0.75,3,1,614,290,324,0,3,2,4,0.0%,192.4,90.9,101.5,0.0,0.94,0.63,1.25,153.5,72.5,81.0,0.0,0.75,0.5,1.0,11,6,3.45,1.88,2.75,1.5
Master,RSC002238,Jaco,Mercury,Milky Way,Lunar,-10.1,56,4,0.2,0.0,0,4,902,450,452,1,1,5,5,20.0%,252.3,125.9,126.5,0.28,0.28,1.4,1.4,225.5,112.5,113.0,0.25,0.25,1.25,1.25,6,14,1.68,3.92,1.5,3.5
Master,RSC002235,Hpain,Harriers,Birds of Prey,Solar,-24.4,56,4,0.0,0.0,0,4,794,310,484,0,0,5,6,0.0%,222.1,86.7,135.4,0.0,0.0,1.4,1.68,198.5,77.5,121.0,0.0,0.0,1.25,1.5,0,17,0.0,4.76,0.0,4.25
Master,RSC002235,Hpain,Harriers,Birds of Prey,Solar,-24.4,56,4,0.0,0.0,0,4,794,310,484,0,0,5,6,0.0%,222.1,86.7,135.4,0.0,0.0,1.4,1.68,198.5,77.5,121.0,0.0,0.0,1.25,1.5,0,17,0.0,4.76,0.0,4.25
Master,RSC001227,L.Damian20,Blackout,Electric Mayhem,Lunar,-27.8,66,4,0.343,0.5,2,2,821,380,441,1,0,4,8,12.5%,194.9,90.2,104.7,0.24,0.0,0.95,1.9,205.3,95.0,110.3,0.25,0.0,1.0,2.0,5,8,1.19,1.9,1.25,2.0
Master,RSC001227,L.Damian20,Blackout,Electric Mayhem,Lunar,-27.8,66,4,0.343,0.5,2,2,821,380,441,1,0,4,8,12.5%,194.9,90.2,104.7,0.24,0.0,0.95,1.9,205.3,95.0,110.3,0.25,0.0,1.0,2.0,5,8,1.19,1.9,1.25,2.0
Master,RSC003268,Queso,Whiskits and Gravy,The Cat Cafe,Solar,-34.8,69,4,0.372,0.25,1,3,812,330,482,0,2,4,3,0.0%,184.4,74.9,109.4,0.0,0.45,0.91,0.68,203.0,82.5,120.5,0.0,0.5,1.0,0.75,7,10,1.59,2.27,1.75,2.5
Master,RSC002267,Dooqal,Mercury,Milky Way,Lunar,-39.8,66,4,0.227,0.0,0,4,884,380,504,1,0,5,3,33.3%,209.8,90.2,119.6,0.24,0.0,1.19,0.71,221.0,95.0,126.0,0.25,0.0,1.25,0.75,7,15,1.66,3.56,1.75,3.75
Master,RSC002267,Dooqal,Mercury,Milky Way,Lunar,-39.8,66,4,0.227,0.0,0,4,884,380,504,1,0,5,3,33.3%,209.8,90.2,119.6,0.24,0.0,1.19,0.71,221.0,95.0,126.0,0.25,0.0,1.25,0.75,7,15,1.66,3.56,1.75,3.75
Master,RSC003055,Lad,Flex Tapes,As Seen on TV!,Solar,-39.9,29,2,0.315,0.0,0,2,354,220,134,1,0,2,2,50.0%,191.2,118.9,72.4,0.54,0.0,1.08,1.08,177.0,110.0,67.0,0.5,0.0,1.0,1.0,3,5,1.62,2.7,1.5,2.5
Master,,Zrowe_,Whiskits and Gravy,The Cat Cafe,Solar,-55.3,67,4,0.142,0.25,1,3,709,330,379,0,0,6,3,0.0%,165.8,77.2,88.6,0.0,0.0,1.4,0.7,177.3,82.5,94.8,0.0,0.0,1.5,0.75,6,18,1.4,4.21,1.5,4.5
Major,RSC003189,Klamps,Lynx,Polar Vortex,Lunar,100.8,58,4,0.668,0.75,3,1,1691,1040,651,5,3,5,14,35.7%,446.5,274.6,171.9,1.32,0.79,1.32,3.7,422.8,260.0,162.8,1.25,0.75,1.25,3.5,15,10,3.96,2.64,3.75,2.5
Major,,Chan,Lynx,Polar Vortex,Lunar,92.5,956,63,0.679,0.698,44,19,25820,15910,9910,75,50,71,236,31.8%,413.7,254.9,158.8,1.2,0.8,1.14,3.78,409.8,252.5,157.3,1.19,0.79,1.13,3.75,195,122,3.12,1.95,3.1,1.94
Major,RSC003415,Alive,Seadevils,The Abyss,Lunar,87.5,1057,64,0.645,0.625,40,24,29740,19330,10410,97,39,105,243,39.9%,430.9,280.1,150.8,1.41,0.57,1.52,3.52,464.7,302.0,162.7,1.52,0.61,1.64,3.8,196,134,2.84,1.94,3.06,2.09
Major,,Picassorl,Mutalisks,The Swarm,Solar,86.3,769,52,0.623,0.654,34,18,21087,12650,8437,47,46,85,140,33.6%,420.0,251.9,168.0,0.94,0.92,1.69,2.79,405.5,243.3,162.3,0.9,0.88,1.63,2.69,143,104,2.85,2.07,2.75,2.0
Major,,The Condra Triangle,Contras,8-Bit Brigade,Lunar,86.0,868,54,0.549,0.593,32,22,24839,14270,10569,64,35,86,182,35.2%,438.3,251.8,186.5,1.13,0.62,1.52,3.21,460.0,264.3,195.7,1.19,0.65,1.59,3.37,145,128,2.56,2.26,2.69,2.37
Major,RSC002496,Tunz,Mint Chip,Minty Fresh,Solar,84.9,823,59,0.595,0.576,34,25,23567,13400,10167,64,29,75,180,35.6%,438.6,249.4,189.2,1.19,0.54,1.4,3.35,399.4,227.1,172.3,1.08,0.49,1.27,3.05,142,111,2.64,2.07,2.41,1.88
Major,RSC001457,Lockdown,Piranhas,The Jungle,Solar,83.4,724,48,0.611,0.625,30,18,19482,11700,7782,58,31,54,165,35.2%,412.1,247.5,164.6,1.23,0.66,1.14,3.49,405.9,243.8,162.1,1.21,0.65,1.13,3.44,127,95,2.69,2.01,2.65,1.98
Major,,Wish.,Makos,Shark Attack,Lunar,81.5,977,64,0.587,0.578,37,27,27075,16200,10875,74,39,97,200,37.0%,424.4,254.0,170.5,1.16,0.61,1.52,3.14,423.0,253.1,169.9,1.16,0.61,1.52,3.13,176,141,2.76,2.21,2.75,2.2
Major,RSC002714,.Andy,Mars,Milky Way,Lunar,80.2,1038,64,0.507,0.547,35,29,27645,15460,12185,69,46,80,226,30.5%,407.9,228.1,179.8,1.02,0.68,1.18,3.33,432.0,241.6,190.4,1.08,0.72,1.25,3.53,168,165,2.48,2.43,2.63,2.58
Major,RSC000809,Wheats :),Tyrannosaurus,Dino Park,Lunar,79.6,883,58,0.666,0.672,39,19,23503,14150,9353,57,44,91,170,33.5%,407.7,245.4,162.2,0.99,0.76,1.58,2.95,405.2,244.0,161.3,0.98,0.76,1.57,2.93,161,103,2.79,1.79,2.78,1.78
Major,RSC002475,Theonlynx,Gladiators,The Sovereign,Lunar,78.1,704,46,0.467,0.413,19,27,19428,10460,8968,45,29,63,136,33.1%,422.7,227.6,195.1,0.98,0.63,1.37,2.96,422.3,227.4,195.0,0.98,0.63,1.37,2.96,117,127,2.55,2.76,2.54,2.76
Major,RSC003369,Roman,Gorillas,Planet of the Apes,Lunar,76.3,1044,62,0.6,0.645,40,22,26680,16010,10670,57,55,111,201,28.4%,391.4,234.9,156.5,0.84,0.81,1.63,2.95,430.3,258.2,172.1,0.92,0.89,1.79,3.24,178,137,2.61,2.01,2.87,2.21
Major,RSC002610,Chiefnageed,Gorillas,Planet of the Apes,Lunar,73.8,475,29,0.578,0.586,17,12,12165,7400,4765,34,23,39,90,37.8%,392.2,238.6,153.6,1.1,0.74,1.26,2.9,419.5,255.2,164.3,1.17,0.79,1.34,3.1,83,68,2.68,2.19,2.86,2.34
Major,RSC000176,Gengar,"Killer Whales
Dreadnoughts","The Ocean
The Empire",Solar,72.7,922,56,0.691,0.661,37,19,23889,14670,9219,65,39,89,177,36.7%,396.8,243.7,153.1,1.08,0.65,1.48,2.94,426.6,262.0,164.6,1.16,0.7,1.59,3.16,176,105,2.92,1.74,3.14,1.88
Major,,Crazy Vulpix,Mutalisks,The Swarm,Solar,71.7,925,62,0.604,0.661,41,21,24190,14220,9970,64,35,85,182,35.2%,400.5,235.4,165.1,1.06,0.58,1.41,3.01,390.2,229.4,160.8,1.03,0.56,1.37,2.94,165,126,2.73,2.09,2.66,2.03
Major,,Clarky,Grizzly Bears,The Bear Den,Lunar,71.7,1060,64,0.645,0.672,43,21,26352,16100,10252,72,56,83,195,36.9%,380.8,232.6,148.1,1.04,0.81,1.2,2.82,411.8,251.6,160.2,1.13,0.88,1.3,3.05,213,147,3.08,2.12,3.33,2.3
Major,RSC002081,J_Suts,Tyrannosaurus,Dino Park,Lunar,71.2,816,55,0.623,0.6,33,22,22732,13050,9682,56,29,94,130,43.1%,426.7,244.9,181.7,1.05,0.54,1.76,2.44,413.3,237.3,176.0,1.02,0.53,1.71,2.36,140,101,2.63,1.9,2.55,1.84
Major,RSC003203,Turnzy,Killer Whales,The Ocean,Solar,70.5,1013,61,0.66,0.623,38,23,24787,15890,8897,74,47,82,204,36.3%,374.8,240.2,134.5,1.12,0.71,1.24,3.08,406.3,260.5,145.9,1.21,0.77,1.34,3.34,195,128,2.95,1.94,3.2,2.1
Major,RSC000437,Lonely,Grizzly Bears,The Bear Den,Lunar,70.1,1060,64,0.645,0.672,43,21,25495,15970,9525,81,52,62,217,37.3%,368.4,230.7,137.6,1.17,0.75,0.9,3.14,398.4,249.5,148.8,1.27,0.81,0.97,3.39,213,147,3.08,2.12,3.33,2.3
Major,RSC000368,Llama,Falcons,Birds of Prey,Solar,65.8,80,6,0.627,0.333,2,4,1933,1000,933,4,4,5,15,26.7%,370.1,191.4,178.6,0.77,0.77,0.96,2.87,322.2,166.7,155.5,0.67,0.67,0.83,2.5,14,10,2.68,1.91,2.33,1.67
Major,RSC002814,The Deli Llama1,Falcons,Birds of Prey,Solar,65.2,704,47,0.543,0.574,27,20,17503,10000,7503,42,29,61,130,32.3%,380.8,217.6,163.2,0.91,0.63,1.33,2.83,372.4,212.8,159.6,0.89,0.62,1.3,2.77,115,103,2.5,2.24,2.45,2.19
Major,RSC000343,Kincaid,Gladiators,The Sovereign,Lunar,64.9,62,4,0.645,0.75,3,1,1225,790,435,2,6,4,9,22.2%,302.6,195.2,107.5,0.49,1.48,0.99,2.22,306.3,197.5,108.8,0.5,1.5,1.0,2.25,13,9,3.21,2.22,3.25,2.25
Major,RSC000343,Kincaid,Gladiators,The Sovereign,Lunar,64.9,62,4,0.645,0.75,3,1,1225,790,435,2,6,4,9,22.2%,302.6,195.2,107.5,0.49,1.48,0.99,2.22,306.3,197.5,108.8,0.5,1.5,1.0,2.25,13,9,3.21,2.22,3.25,2.25
Major,RSC002355,Nightfire™,Cobras,The Serpents,Lunar,64.8,417,28,0.461,0.357,10,18,10913,6540,4373,24,16,54,64,37.5%,400.8,240.2,160.6,0.88,0.59,1.98,2.35,389.8,233.6,156.2,0.86,0.57,1.93,2.29,68,75,2.5,2.75,2.43,2.68
Major,RSC000697,Dolphino,Lightning,Electric Mayhem,Lunar,64.5,816,53,0.531,0.566,30,23,20177,11800,8377,55,28,65,165,33.3%,378.7,221.5,157.2,1.03,0.53,1.22,3.1,380.7,222.6,158.1,1.04,0.53,1.23,3.11,130,120,2.44,2.25,2.45,2.26
Major,RSC000993,Heat,Rockets,Fallout Shelter,Solar,64.4,855,58,0.47,0.5,29,29,21412,12900,8512,61,29,74,165,37.0%,383.6,231.1,152.5,1.09,0.52,1.33,2.96,369.2,222.4,146.8,1.05,0.5,1.28,2.84,144,155,2.58,2.78,2.48,2.67
Major,,Vvv Sauceboy Eikon,Killer Whales,The Ocean,Solar,63.3,826,49,0.685,0.633,31,18,19420,11180,8240,52,39,49,158,32.9%,360.1,207.3,152.8,0.96,0.72,0.91,2.93,396.3,228.2,168.2,1.06,0.8,1.0,3.22,165,101,3.06,1.87,3.37,2.06
Major,RSC000891,Pibro3,Nemesis,Olympus,Solar,61.9,925,60,0.464,0.433,26,34,24344,13980,10364,51,26,121,153,33.3%,403.1,231.5,171.6,0.84,0.43,2.0,2.53,405.7,233.0,172.7,0.85,0.43,2.02,2.55,132,145,2.19,2.4,2.2,2.42
Major,RSC002758,Gamma,Lynx,Polar Vortex,Lunar,61.9,975,64,0.667,0.688,44,20,22931,13640,9291,64,45,64,179,35.8%,360.2,214.3,145.9,1.01,0.71,1.01,2.81,358.3,213.1,145.2,1.0,0.7,1.0,2.8,195,126,3.06,1.98,3.05,1.97
Major,RSC000503,Akipz,Jacks,House of Cards,Lunar,60.1,594,41,0.45,0.463,19,22,14687,8660,6027,37,20,58,106,34.9%,378.7,223.3,155.4,0.95,0.52,1.5,2.73,358.2,211.2,147.0,0.9,0.49,1.41,2.59,89,101,2.29,2.6,2.17,2.46
Major,,Goblinthemyth,Typhoons,Storm,Solar,59.4,242,16,0.375,0.438,7,9,5865,3310,2555,11,8,27,46,23.9%,371.2,209.5,161.7,0.7,0.51,1.71,2.91,366.6,206.9,159.7,0.69,0.5,1.69,2.88,27,38,1.71,2.4,1.69,2.38
Major,,Paco4235,Grizzly Bears,The Bear Den,Lunar,59.3,1060,64,0.645,0.672,43,21,24520,14890,9630,60,50,91,184,32.6%,354.3,215.1,139.1,0.87,0.72,1.31,2.66,383.1,232.7,150.5,0.94,0.78,1.42,2.88,213,147,3.08,2.12,3.33,2.3
Major,RSC001974,Tinyelephant,Dreadnoughts,The Empire,Solar,59.3,497,32,0.61,0.625,20,12,11935,7090,4845,28,17,50,94,29.8%,367.8,218.5,149.3,0.86,0.52,1.54,2.9,373.0,221.6,151.4,0.88,0.53,1.56,2.94,83,62,2.56,1.91,2.59,1.94
Major,RSC000603,Serbs,Raisin Branshees,Spooky Breakfast Gang,Solar,59.2,766,49,0.503,0.551,27,22,17802,10500,7302,43,37,61,130,33.1%,355.9,209.9,146.0,0.86,0.74,1.22,2.6,363.3,214.3,149.0,0.88,0.76,1.24,2.65,129,128,2.58,2.56,2.63,2.61
Major,RSC003323,Boog Mccroog,Dreadnoughts,The Empire,Solar,59.2,878,57,0.606,0.667,38,19,20803,11550,9253,43,36,77,160,26.9%,362.9,201.5,161.4,0.75,0.63,1.34,2.79,365.0,202.6,162.3,0.75,0.63,1.35,2.81,137,103,2.39,1.8,2.4,1.81
Major,RSC002681,Cinq,"Typhoons
Mastiffs","Storm
Puppy Paradise",Solar,59.2,707,47,0.431,0.34,16,31,17177,10290,6887,46,24,64,129,35.7%,372.1,222.9,149.2,1.0,0.52,1.39,2.79,365.5,218.9,146.5,0.98,0.51,1.36,2.74,104,124,2.25,2.69,2.21,2.64
Major,RSC002038,Chiefzrl,Gladiators,The Sovereign,Lunar,58.5,59,4,0.299,0.5,2,2,1345,750,595,1,3,8,10,10.0%,349.1,194.7,154.5,0.26,0.78,2.08,2.6,336.3,187.5,148.8,0.25,0.75,2.0,2.5,5,9,1.3,2.34,1.25,2.25
Major,RSC000254,Keiko,Seadevils,The Abyss,Lunar,58.4,778,46,0.663,0.674,31,15,18217,10710,7507,48,32,58,141,34.0%,358.6,210.8,147.8,0.94,0.63,1.14,2.78,396.0,232.8,163.2,1.04,0.7,1.26,3.07,149,97,2.93,1.91,3.24,2.11
Major,RSC000698,Inedibledeer,Shake Weights,As Seen on TV!,Solar,57.9,902,63,0.474,0.508,32,31,22600,12210,10390,56,26,74,161,34.8%,383.7,207.3,176.4,0.95,0.44,1.26,2.73,358.7,193.8,164.9,0.89,0.41,1.17,2.56,128,137,2.17,2.33,2.03,2.17
Major,RSC000229,Far,Blaze,North American Soccar Club,Solar,56.0,918,62,0.465,0.484,30,32,22119,12270,9849,48,27,88,172,27.9%,369.0,204.7,164.3,0.8,0.45,1.47,2.87,356.8,197.9,158.9,0.77,0.44,1.42,2.77,124,136,2.07,2.27,2.0,2.19
Major,RSC002161,Theangrytryhard,Mint Chip,Minty Fresh,Solar,55.7,761,54,0.615,0.611,33,21,16898,10030,6868,41,37,55,133,30.8%,340.1,201.9,138.2,0.83,0.74,1.11,2.68,312.9,185.7,127.2,0.76,0.69,1.02,2.46,135,100,2.72,2.01,2.5,1.85
Major,RSC003263,Nine,Piranhas,The Jungle,Solar,55.7,963,64,0.607,0.609,39,25,22731,13170,9561,49,41,94,152,32.2%,361.5,209.5,152.1,0.78,0.65,1.49,2.42,355.2,205.8,149.4,0.77,0.64,1.47,2.38,175,133,2.78,2.12,2.73,2.08
Major,RSC002777,Pm,Fantastic Four,The Comic Crusaders,Lunar,55.5,840,54,0.345,0.389,21,33,20394,11710,8684,48,24,84,151,31.8%,371.8,213.5,158.3,0.88,0.44,1.53,2.75,377.7,216.9,160.8,0.89,0.44,1.56,2.8,111,166,2.02,3.03,2.06,3.07
Major,,Dennis The Menace,Life,The Elements,Lunar,53.8,675,45,0.464,0.4,18,27,16011,8760,7251,37,25,54,111,33.3%,363.3,198.8,164.5,0.84,0.57,1.23,2.52,355.8,194.7,161.1,0.82,0.56,1.2,2.47,106,116,2.41,2.63,2.36,2.58
Major,RSC003448,Chrispy Cream,Shaved Ice,Fifty-Fifty Pizzeria,Lunar,52.0,61,4,0.386,0.25,1,3,1465,920,545,5,1,5,12,41.7%,367.8,231.0,136.8,1.26,0.25,1.26,3.01,366.3,230.0,136.3,1.25,0.25,1.25,3.0,9,12,2.26,3.01,2.25,3.0
Major,RSC000227,Xiluym,Shaved Ice,Fifty-Fifty Pizzeria,Lunar,51.3,728,49,0.367,0.327,16,33,16914,9390,7524,35,28,67,114,30.7%,355.8,197.5,158.3,0.74,0.59,1.41,2.4,345.2,191.6,153.6,0.71,0.57,1.37,2.33,97,137,2.04,2.88,1.98,2.8
Major,RSC003375,Budwhyzir,Gladiators,The Sovereign,Lunar,51.2,170,12,0.4,0.333,4,8,3738,2200,1538,9,7,13,30,30.0%,336.8,198.2,138.6,0.81,0.63,1.17,2.7,311.5,183.3,128.2,0.75,0.58,1.08,2.5,29,37,2.61,3.33,2.42,3.08
Major,RSC000555,Abom,Shake Weights,As Seen on TV!,Solar,51.2,839,59,0.516,0.542,32,27,19666,10190,9476,36,31,74,134,26.9%,359.0,186.0,173.0,0.66,0.57,1.35,2.45,333.3,172.7,160.6,0.61,0.53,1.25,2.27,125,120,2.28,2.19,2.12,2.03
Major,RSC000819,Jwanderz,Equinox,The Cosmos,Solar,51.2,406,27,0.307,0.296,8,19,9223,5380,3843,20,10,41,83,24.1%,347.9,203.0,145.0,0.75,0.38,1.55,3.13,341.6,199.3,142.3,0.74,0.37,1.52,3.07,49,82,1.85,3.09,1.81,3.04
Major,RSC001203,Clyde,"Makos
Nemesis","Shark Attack
Olympus",Lunar,50.9,919,60,0.548,0.533,32,28,21065,12260,8805,48,32,86,156,30.8%,351.1,204.3,146.7,0.8,0.53,1.43,2.6,351.1,204.3,146.8,0.8,0.53,1.43,2.6,158,140,2.63,2.33,2.63,2.33
Major,RSC000970,Rippluto,Jacks,House of Cards,Lunar,50.5,913,62,0.401,0.435,27,35,21180,11690,9490,48,34,75,144,33.3%,355.3,196.1,159.2,0.81,0.57,1.26,2.42,341.6,188.5,153.1,0.77,0.55,1.21,2.32,137,176,2.3,2.95,2.21,2.84
Major,RSC003286,Pas818,Life,The Elements,Lunar,50.4,693,44,0.504,0.477,21,23,15550,8490,7060,24,32,69,104,23.1%,343.7,187.6,156.0,0.53,0.71,1.52,2.3,353.4,193.0,160.5,0.55,0.73,1.57,2.36,107,106,2.36,2.34,2.43,2.41
Major,RSC000855,Sauceoninfinity,"Falcons
Cobras","Birds of Prey
The Serpents",Lunar,50.3,514,34,0.427,0.382,13,21,11789,6820,4969,32,14,39,97,33.0%,351.3,203.2,148.1,0.95,0.42,1.16,2.89,346.7,200.6,146.1,0.94,0.41,1.15,2.85,73,88,2.18,2.62,2.15,2.59
Major,RSC000855,Sauceoninfinity,"Falcons
Cobras","Birds of Prey
The Serpents",Lunar,50.3,514,34,0.427,0.382,13,21,11789,6820,4969,32,14,39,97,33.0%,351.3,203.2,148.1,0.95,0.42,1.16,2.89,346.7,200.6,146.1,0.94,0.41,1.15,2.85,73,88,2.18,2.62,2.15,2.59
Major,RSC000954,Yullbrenna,Black Hand,The Order,Lunar,50.2,976,63,0.47,0.476,30,33,22040,11940,10100,42,43,82,149,28.2%,345.9,187.4,158.5,0.66,0.67,1.29,2.34,349.8,189.5,160.3,0.67,0.68,1.3,2.37,152,164,2.39,2.57,2.41,2.6
Major,RSC000649,2Jsix,Black Hand,The Order,Lunar,50.2,633,41,0.488,0.512,21,20,14460,8480,5980,37,16,55,123,30.1%,349.9,205.2,144.7,0.9,0.39,1.33,2.98,352.7,206.8,145.9,0.9,0.39,1.34,3.0,101,104,2.44,2.52,2.46,2.54
Major,RSC000160,Euronate,"Dreadnoughts
Typhoons","The Empire
Storm",Solar,50.1,800,51,0.627,0.686,35,16,18668,10770,7898,41,25,82,132,31.1%,357.4,206.2,151.2,0.78,0.48,1.57,2.53,366.0,211.2,154.9,0.8,0.49,1.61,2.59,127,90,2.43,1.72,2.49,1.76
Major,RSC000367,Pana,Equinox,The Cosmos,Solar,50.0,811,52,0.358,0.365,19,33,18362,10920,7442,51,27,61,142,35.9%,346.8,206.2,140.5,0.96,0.51,1.15,2.68,353.1,210.0,143.1,0.98,0.52,1.17,2.73,111,160,2.1,3.02,2.13,3.08
Major,RSC000717,Sindalu,Life,The Elements,Lunar,49.8,414,26,0.526,0.538,14,12,9885,5720,4165,24,13,41,62,38.7%,365.7,211.6,154.1,0.89,0.48,1.52,2.29,380.2,220.0,160.2,0.92,0.5,1.58,2.38,61,57,2.26,2.11,2.35,2.19
Major,RSC001061,Spiffy,Rockets,Fallout Shelter,Solar,49.2,774,52,0.503,0.538,28,24,17260,9840,7420,45,30,51,129,34.9%,341.5,194.7,146.8,0.89,0.59,1.01,2.55,331.9,189.2,142.7,0.87,0.58,0.98,2.48,137,136,2.71,2.69,2.63,2.62
Major,RSC001592,Qudron,Trashcans,Waste Management,Solar,49.0,569,40,0.434,0.45,18,22,13125,7560,5565,29,19,56,91,31.9%,353.3,203.5,149.8,0.78,0.51,1.51,2.45,328.1,189.0,139.1,0.73,0.48,1.4,2.28,81,96,2.18,2.58,2.03,2.4
Major,RSC001969,A Pile Of Glue,Trashcans,Waste Management,Solar,48.7,733,52,0.401,0.404,21,31,16444,8950,7494,31,28,65,120,25.8%,343.6,187.0,156.6,0.65,0.59,1.36,2.51,316.2,172.1,144.1,0.6,0.54,1.25,2.31,99,128,2.07,2.67,1.9,2.46
Major,RSC000165,Vrou,Black Hand,The Order,Lunar,48.5,477,31,0.396,0.355,11,20,10658,5950,4708,29,16,28,85,34.1%,342.2,191.0,151.2,0.93,0.51,0.9,2.73,343.8,191.9,151.9,0.94,0.52,0.9,2.74,65,85,2.09,2.73,2.1,2.74
Major,,Dirtygirty,Lightning,Electric Mayhem,Lunar,48.5,923,60,0.5,0.5,30,30,20645,12030,8615,47,37,81,143,32.9%,342.6,199.6,143.0,0.78,0.61,1.34,2.37,344.1,200.5,143.6,0.78,0.62,1.35,2.38,142,142,2.36,2.36,2.37,2.37
Major,RSC000449,Rosie,Jacks,House of Cards,Lunar,48.1,180,11,0.359,0.455,5,6,3804,2110,1694,10,10,7,26,38.5%,323.7,179.5,144.1,0.85,0.85,0.6,2.21,345.8,191.8,154.0,0.91,0.91,0.64,2.36,29,41,2.47,3.49,2.64,3.73
Major,RSC001949,Arrowsmith2,Black Hand,The Order,Lunar,47.9,842,54,0.497,0.519,28,26,18369,11200,7169,44,38,73,125,35.2%,334.1,203.7,130.4,0.8,0.69,1.33,2.27,340.2,207.4,132.8,0.81,0.7,1.35,2.31,138,139,2.51,2.53,2.56,2.57
Major,RSC001073,Trusolja,Dreadnoughts,The Empire,Solar,47.5,772,48,0.58,0.604,29,19,16938,10050,6888,44,25,60,140,31.4%,336.0,199.4,136.7,0.87,0.5,1.19,2.78,352.9,209.4,143.5,0.92,0.52,1.25,2.92,114,92,2.26,1.83,2.38,1.92
Major,RSC001337,Hotdog,"Lightning
Cobras","Electric Mayhem
The Serpents",Lunar,47.5,270,17,0.416,0.412,7,10,5897,3270,2627,12,10,22,47,25.5%,334.5,185.5,149.0,0.68,0.57,1.25,2.67,346.9,192.4,154.5,0.71,0.59,1.29,2.76,37,46,2.1,2.61,2.18,2.71
Major,RSC003326,Prowinzorz,Makos,Shark Attack,Lunar,47.3,798,52,0.601,0.596,31,21,16575,9230,7345,42,41,34,128,32.8%,318.1,177.1,141.0,0.81,0.79,0.65,2.46,318.8,177.5,141.3,0.81,0.79,0.65,2.46,144,111,2.76,2.13,2.77,2.13
Major,,P0L1K,Contras,8-Bit Brigade,Lunar,47.2,643,39,0.554,0.641,25,14,14138,8430,5708,38,25,47,103,36.9%,336.8,200.8,136.0,0.91,0.6,1.12,2.45,362.5,216.2,146.4,0.97,0.64,1.21,2.64,108,94,2.57,2.24,2.77,2.41
Major,RSC000032,Bravenewwrld,"Falcons
Killer Whales","Birds of Prey
The Ocean",Solar,47.2,803,51,0.562,0.549,28,23,18463,10360,8103,45,26,66,126,35.7%,352.1,197.6,154.5,0.86,0.5,1.26,2.4,362.0,203.1,158.9,0.88,0.51,1.29,2.47,128,109,2.44,2.08,2.51,2.14
Major,RSC002571,Google Girth,Tyrannosaurus,Dino Park,Lunar,47.1,523,34,0.687,0.676,23,11,10944,6670,4274,30,22,33,92,32.6%,320.5,195.3,125.2,0.88,0.64,0.97,2.69,321.9,196.2,125.7,0.88,0.65,0.97,2.71,101,61,2.96,1.79,2.97,1.79
Major,RSC000018,Grand Kane,Equinox,The Cosmos,Solar,47.1,509,35,0.495,0.429,15,20,11449,5760,5689,19,21,41,76,25.0%,344.5,173.3,171.2,0.57,0.63,1.23,2.29,327.1,164.6,162.5,0.54,0.6,1.17,2.17,80,81,2.41,2.44,2.29,2.31
Major,RSC000841,Ghaleon,"Mint Chip
Shaved Ice","Minty Fresh
Fifty-Fifty Pizzeria",Lunar,46.8,920,62,0.425,0.371,23,39,20387,10520,9867,38,40,67,137,27.7%,339.4,175.1,164.3,0.63,0.67,1.12,2.28,328.8,169.7,159.1,0.61,0.65,1.08,2.21,133,161,2.21,2.68,2.15,2.6
Major,,Simms-H,"Lynx
Blaze","Polar Vortex
North American Soccar Club",Lunar,46.6,707,46,0.67,0.63,29,17,15545,9230,6315,43,25,50,118,36.4%,336.7,199.9,136.8,0.93,0.54,1.08,2.56,337.9,200.7,137.3,0.93,0.54,1.09,2.57,135,86,2.92,1.86,2.93,1.87
Major,RSC002186,5Pike,Seadevils,The Abyss,Lunar,46.5,924,56,0.658,0.625,35,21,19879,11190,8689,38,46,76,129,29.5%,329.5,185.5,144.0,0.63,0.76,1.26,2.14,355.0,199.8,155.2,0.68,0.82,1.36,2.3,173,114,2.87,1.89,3.09,2.04
Major,RSC001873,Changswrld,Mars,Milky Way,Lunar,46.4,258,15,0.373,0.4,6,9,5692,3600,2092,17,6,22,50,34.0%,337.9,213.7,124.2,1.01,0.36,1.31,2.97,379.5,240.0,139.5,1.13,0.4,1.47,3.33,33,46,1.96,2.73,2.2,3.07
Major,RSC002178,Bird,"Lynx
Contras","Polar Vortex
8-Bit Brigade",Lunar,45.9,551,34,0.599,0.618,21,13,11786,6620,5166,27,24,37,87,31.0%,327.6,184.0,143.6,0.75,0.67,1.03,2.42,346.6,194.7,151.9,0.79,0.71,1.09,2.56,98,76,2.72,2.11,2.88,2.24
Major,RSC002471,Zona,Raisin Branshees,Spooky Breakfast Gang,Solar,45.9,774,49,0.487,0.51,25,24,16897,10060,6837,35,28,78,126,27.8%,334.4,199.1,135.3,0.69,0.55,1.54,2.49,344.8,205.3,139.5,0.71,0.57,1.59,2.57,123,127,2.43,2.51,2.51,2.59
Major,,Crystalbohemian,Trashcans,Waste Management,Solar,45.8,161,11,0.272,0.182,2,9,3540,1950,1590,4,8,19,20,20.0%,336.8,185.5,151.3,0.38,0.76,1.81,1.9,321.8,177.3,144.5,0.36,0.73,1.73,1.82,17,32,1.62,3.04,1.55,2.91
Major,RSC001960,Koto,Raisin Branshees,Spooky Breakfast Gang,Solar,45.8,896,57,0.505,0.526,30,27,19604,11280,8324,52,27,62,163,31.9%,335.1,192.8,142.3,0.89,0.46,1.06,2.79,343.9,197.9,146.0,0.91,0.47,1.09,2.86,146,144,2.5,2.46,2.56,2.53
Major,RSC000156,Drupenson,Gorillas,Planet of the Apes,Lunar,45.8,813,48,0.624,0.708,34,14,18359,11060,7299,53,21,66,141,37.6%,345.9,208.4,137.5,1.0,0.4,1.24,2.66,382.5,230.4,152.1,1.1,0.44,1.38,2.94,144,104,2.71,1.96,3.0,2.17
Major,RSC002737,Half A Head Of Lettuce,Mars,Milky Way,Lunar,45.5,702,43,0.569,0.605,26,17,14929,8730,6199,41,26,42,123,33.3%,325.7,190.5,135.2,0.89,0.57,0.92,2.68,347.2,203.0,144.2,0.95,0.6,0.98,2.86,125,105,2.73,2.29,2.91,2.44
Major,,Byakko,Piranhas,The Jungle,Solar,45.3,167,12,0.527,0.417,5,7,3677,2070,1607,11,6,8,27,40.7%,337.2,189.8,147.4,1.01,0.55,0.73,2.48,306.4,172.5,133.9,0.92,0.5,0.67,2.25,32,30,2.93,2.75,2.67,2.5
Major,RSC002562,Yung,Calico Crepes,The Cat Cafe,Solar,45.3,608,38,0.378,0.395,15,23,13089,7610,5479,28,19,55,111,25.2%,329.7,191.7,138.0,0.71,0.48,1.39,2.8,344.4,200.3,144.2,0.74,0.5,1.45,2.92,84,115,2.12,2.9,2.21,3.03
Major,RSC002579,Saltybikini,Piranhas,The Jungle,Solar,45.2,963,64,0.607,0.609,39,25,20569,11620,8949,48,39,66,157,30.6%,327.1,184.8,142.3,0.76,0.62,1.05,2.5,321.4,181.6,139.8,0.75,0.61,1.03,2.45,175,133,2.78,2.12,2.73,2.08
Major,RSC000278,Tinsel,Mint Chip,Minty Fresh,Solar,45.2,550,39,0.655,0.667,26,13,11210,6100,5110,22,29,32,85,25.9%,312.2,169.9,142.3,0.61,0.81,0.89,2.37,287.4,156.4,131.0,0.56,0.74,0.82,2.18,101,67,2.81,1.87,2.59,1.72
Major,,Thekingblackice,Calico Crepes,The Cat Cafe,Solar,44.4,342,21,0.332,0.286,6,15,7768,4100,3668,17,10,27,55,30.9%,347.9,183.6,164.3,0.76,0.45,1.21,2.46,369.9,195.2,174.7,0.81,0.48,1.29,2.62,46,71,2.06,3.18,2.19,3.38
Major,RSC000203,Frostybrew,"Nemesis
Makos","Olympus
Shark Attack",Solar,43.6,764,50,0.517,0.52,26,24,16400,9280,7120,39,23,57,138,28.3%,328.8,186.0,142.7,0.78,0.46,1.14,2.77,328.0,185.6,142.4,0.78,0.46,1.14,2.76,117,112,2.35,2.25,2.34,2.24
Major,RSC000203,Frostybrew,"Nemesis
Makos","Olympus
Shark Attack",Solar,43.6,764,50,0.517,0.52,26,24,16400,9280,7120,39,23,57,138,28.3%,328.8,186.0,142.7,0.78,0.46,1.14,2.77,328.0,185.6,142.4,0.78,0.46,1.14,2.76,117,112,2.35,2.25,2.34,2.24
Major,RSC000468,Ned1Oo,Gladiators,The Sovereign,Lunar,43.0,713,44,0.462,0.432,19,25,15051,8190,6861,32,25,50,124,25.8%,323.3,175.9,147.4,0.69,0.54,1.07,2.66,342.1,186.1,155.9,0.73,0.57,1.14,2.82,109,120,2.34,2.58,2.48,2.73
Major,RSC002744,Crasty24,Mastiffs,Puppy Paradise,Solar,42.8,705,45,0.367,0.289,13,32,16073,8400,7673,26,26,72,90,28.9%,349.2,182.5,166.7,0.56,0.56,1.56,1.96,357.2,186.7,170.5,0.58,0.58,1.6,2.0,92,130,2.0,2.82,2.04,2.89
Major,,Inf3Ct3Ds0Ldi3R,"Piranhas
Typhoons","The Jungle
Storm",Solar,42.6,163,10,0.455,0.5,5,5,3611,2320,1291,11,4,15,27,40.7%,339.3,218.0,121.3,1.03,0.38,1.41,2.54,361.1,232.0,129.1,1.1,0.4,1.5,2.7,25,28,2.35,2.63,2.5,2.8
Major,RSC003171,Battle_Dg,Seadevils,The Abyss,Lunar,42.4,68,4,0.433,0.25,1,3,1601,790,811,3,2,6,9,33.3%,360.6,177.9,182.7,0.68,0.45,1.35,2.03,400.3,197.5,202.8,0.75,0.5,1.5,2.25,11,13,2.48,2.93,2.75,3.25
Major,RSC000151,Bdbr,Nemesis,Olympus,Solar,42.3,636,41,0.492,0.415,17,24,13605,7390,6215,28,24,48,99,28.3%,327.6,178.0,149.7,0.67,0.58,1.16,2.38,331.8,180.2,151.6,0.68,0.59,1.17,2.41,92,94,2.22,2.26,2.24,2.29
Major,RSC000122,Corbasm,Mastiffs,Puppy Paradise,Solar,42.3,810,52,0.397,0.327,17,35,17035,9760,7275,41,27,58,141,29.1%,322.1,184.5,137.6,0.78,0.51,1.1,2.67,327.6,187.7,139.9,0.79,0.52,1.12,2.71,122,158,2.31,2.99,2.35,3.04
Major,,Röbwöbwöb,Rockets,Fallout Shelter,Solar,42.0,677,47,0.432,0.489,23,24,13709,7750,5959,26,35,49,95,27.4%,310.1,175.3,134.8,0.59,0.79,1.11,2.15,291.7,164.9,126.8,0.55,0.74,1.04,2.02,109,129,2.47,2.92,2.32,2.74
Major,RSC000189,Jordton,Mutalisks,The Swarm,Solar,41.8,458,33,0.605,0.636,21,12,9761,5270,4491,22,17,30,72,30.6%,326.4,176.2,150.2,0.74,0.57,1.0,2.41,295.8,159.7,136.1,0.67,0.52,0.91,2.18,79,60,2.64,2.01,2.39,1.82
Major,,Jspieldog14,"Killer Whales
Cobras","The Ocean
The Serpents",Lunar,41.6,620,43,0.462,0.442,19,24,13500,7380,6120,21,25,64,83,25.3%,333.5,182.3,151.2,0.52,0.62,1.58,2.05,314.0,171.6,142.3,0.49,0.58,1.49,1.93,87,96,2.15,2.37,2.02,2.23
Major,RSC001934,Bosnia_2003,Life,The Elements,Lunar,41.5,706,46,0.459,0.457,21,25,15777,9490,6287,42,22,64,99,42.4%,342.3,205.9,136.4,0.91,0.48,1.39,2.15,343.0,206.3,136.7,0.91,0.48,1.39,2.15,109,121,2.36,2.62,2.37,2.63
Major,RSC002109,Twonsleberry,Life,The Elements,Lunar,41.5,124,8,0.263,0.125,1,7,2662,1550,1112,7,4,9,20,35.0%,328.8,191.4,137.3,0.86,0.49,1.11,2.47,332.8,193.8,139.0,0.88,0.5,1.13,2.5,18,33,2.22,4.08,2.25,4.13
Major,RSC000574,Icy,Falcons,Birds of Prey,Solar,41.5,959,62,0.561,0.548,34,28,21049,11630,9419,45,30,83,148,30.4%,336.2,185.7,150.4,0.72,0.48,1.33,2.36,339.5,187.6,151.9,0.73,0.48,1.34,2.39,157,134,2.51,2.14,2.53,2.16
Major,RSC001357,Isaac13003,Blaze,North American Soccar Club,Solar,41.4,526,35,0.425,0.4,14,21,10550,5950,4600,20,20,40,95,21.1%,307.2,173.2,133.9,0.58,0.58,1.16,2.77,301.4,170.0,131.4,0.57,0.57,1.14,2.71,63,77,1.83,2.24,1.8,2.2
Major,RSC002397,Reddime,Calico Crepes,The Cat Cafe,Solar,41.0,139,10,0.226,0.1,1,9,3115,1630,1485,5,5,14,18,27.8%,343.2,179.6,163.6,0.55,0.55,1.54,1.98,311.5,163.0,148.5,0.5,0.5,1.4,1.8,16,34,1.76,3.75,1.6,3.4
Major,RSC002397,Reddime,Calico Crepes,The Cat Cafe,Solar,41.0,139,10,0.226,0.1,1,9,3115,1630,1485,5,5,14,18,27.8%,343.2,179.6,163.6,0.55,0.55,1.54,1.98,311.5,163.0,148.5,0.5,0.5,1.4,1.8,16,34,1.76,3.75,1.6,3.4
Major,RSC002590,Bhay,Trashcans,Waste Management,Solar,40.6,260,17,0.5,0.471,8,9,5365,3170,2195,15,8,16,47,31.9%,316.0,186.7,129.3,0.88,0.47,0.94,2.77,315.6,186.5,129.1,0.88,0.47,0.94,2.76,42,42,2.47,2.47,2.47,2.47
Major,RSC002590,Bhay,Trashcans,Waste Management,Solar,40.6,260,17,0.5,0.471,8,9,5365,3170,2195,15,8,16,47,31.9%,316.0,186.7,129.3,0.88,0.47,0.94,2.77,315.6,186.5,129.1,0.88,0.47,0.94,2.76,42,42,2.47,2.47,2.47,2.47
Major,,Zrowe_,Calico Crepes,The Cat Cafe,Solar,40.1,763,50,0.349,0.32,16,34,16733,9490,7243,36,21,73,119,30.3%,335.9,190.5,145.4,0.72,0.42,1.47,2.39,334.7,189.8,144.9,0.72,0.42,1.46,2.38,100,148,2.01,2.97,2.0,2.96
Major,RSC002551,Pure_Strafez,Lightning,Electric Mayhem,Lunar,39.8,461,30,0.505,0.533,16,14,9922,5650,4272,18,20,46,55,32.7%,329.6,187.7,141.9,0.6,0.66,1.53,1.83,330.7,188.3,142.4,0.6,0.67,1.53,1.83,79,78,2.62,2.59,2.63,2.6
Major,RSC002551,Pure_Strafez,Lightning,Electric Mayhem,Lunar,39.8,461,30,0.505,0.533,16,14,9922,5650,4272,18,20,46,55,32.7%,329.6,187.7,141.9,0.6,0.66,1.53,1.83,330.7,188.3,142.4,0.6,0.67,1.53,1.83,79,78,2.62,2.59,2.63,2.6
Major,,Boo-Ya-Vee,Lightning,Electric Mayhem,Lunar,39.0,720,47,0.479,0.468,22,25,15245,8600,6645,32,24,62,110,29.1%,324.3,182.9,141.4,0.68,0.51,1.32,2.34,324.4,183.0,141.4,0.68,0.51,1.32,2.34,109,115,2.32,2.45,2.32,2.45
Major,RSC001962,Fiftygod,Mastiffs,Puppy Paradise,Solar,38.5,804,50,0.41,0.34,17,33,16610,9660,6950,41,30,57,121,33.9%,316.4,184.0,132.4,0.78,0.57,1.09,2.3,332.2,193.2,139.0,0.82,0.6,1.14,2.42,116,146,2.21,2.78,2.32,2.92
Major,RSC000014,Queue,"Jacks
Mars","House of Cards
Milky Way",Lunar,38.5,544,37,0.373,0.432,16,21,11924,6250,5674,24,16,45,80,30.0%,335.7,176.0,159.7,0.68,0.45,1.27,2.25,322.3,168.9,153.4,0.65,0.43,1.22,2.16,71,99,2.0,2.79,1.92,2.68
Major,RSC001252,Dondochaka,Blaze,North American Soccar Club,Solar,38.0,557,39,0.471,0.487,19,20,12085,6730,5355,27,14,49,88,30.7%,332.3,185.1,147.2,0.74,0.38,1.35,2.42,309.9,172.6,137.3,0.69,0.36,1.26,2.26,74,80,2.03,2.2,1.9,2.05
Major,,Chit,"Cobras
Typhoons","The Serpents
Storm",Lunar,37.5,446,32,0.375,0.313,10,22,9632,4940,4692,18,16,35,59,30.5%,330.8,169.6,161.1,0.62,0.55,1.2,2.03,301.0,154.4,146.6,0.56,0.5,1.09,1.84,64,88,2.2,3.02,2.0,2.75
Major,RSC002572,Gote,Tyrannosaurus,Dino Park,Lunar,36.9,631,42,0.541,0.524,22,20,12035,6960,5075,24,30,42,96,25.0%,292.1,168.9,123.2,0.58,0.73,1.02,2.33,286.5,165.7,120.8,0.57,0.71,1.0,2.29,99,89,2.4,2.16,2.36,2.12
Major,RSC000158,Gillz,"Cobras
Falcons","The Serpents
Birds of Prey",Solar,36.9,827,52,0.497,0.423,22,30,17118,10490,6628,51,22,58,139,36.7%,317.0,194.3,122.7,0.94,0.41,1.07,2.57,329.2,201.7,127.5,0.98,0.42,1.12,2.67,136,137,2.52,2.54,2.62,2.63
Major,RSC000215,Botch,Shake Weights,As Seen on TV!,Solar,36.8,619,42,0.475,0.5,21,21,13080,7340,5740,26,22,56,84,31.0%,323.6,181.6,142.0,0.64,0.54,1.39,2.08,311.4,174.8,136.7,0.62,0.52,1.33,2.0,91,97,2.25,2.4,2.17,2.31
Major,,Jcap,"Cobras
Life
Calico Crepes
Shaved Ice","The Serpents
The Elements
The Cat Cafe
Fifty-Fifty Pizzeria",Solar,36.3,435,31,0.351,0.258,8,23,9251,4780,4471,17,12,36,68,25.0%,325.7,168.3,157.4,0.6,0.42,1.27,2.39,298.4,154.2,144.2,0.55,0.39,1.16,2.19,51,76,1.8,2.68,1.65,2.45
Major,RSC002808,Kdadrummer,Trashcans,Waste Management,Solar,35.9,115,8,0.334,0.25,2,6,2672,1220,1452,6,0,8,22,27.3%,355.9,162.5,193.4,0.8,0.0,1.07,2.93,334.0,152.5,181.5,0.75,0.0,1.0,2.75,12,19,1.6,2.53,1.5,2.38
Major,,Me_Seapunk,Mars,Milky Way,Lunar,35.7,946,59,0.513,0.542,32,27,19027,10930,8097,33,43,86,118,28.0%,308.0,177.0,131.1,0.53,0.7,1.39,1.91,322.5,185.3,137.2,0.56,0.73,1.46,2.0,154,149,2.49,2.41,2.61,2.53
Major,RSC000625,Sly,Makos,Shark Attack,Lunar,35.6,211,14,0.545,0.5,7,7,4186,2470,1716,9,8,17,32,28.1%,303.8,179.3,124.6,0.65,0.58,1.23,2.32,299.0,176.4,122.6,0.64,0.57,1.21,2.29,37,33,2.69,2.4,2.64,2.36
Major,RSC003043,Torque,"Gorillas
Killer Whales","Planet of the Apes
The Ocean",Lunar,34.8,721,43,0.633,0.651,28,15,14155,8170,5985,35,27,44,112,31.3%,300.7,173.5,127.1,0.74,0.57,0.93,2.38,329.2,190.0,139.2,0.81,0.63,1.02,2.6,128,90,2.72,1.91,2.98,2.09
Major,RSC000926,Slmrnchr,Rockets,Fallout Shelter,Solar,34.8,523,35,0.403,0.371,13,22,10703,5820,4883,23,16,38,82,28.0%,313.4,170.4,143.0,0.67,0.47,1.11,2.4,305.8,166.3,139.5,0.66,0.46,1.09,2.34,75,96,2.2,2.81,2.14,2.74
Major,RSC003230,Irregularguy,Shaved Ice,Fifty-Fifty Pizzeria,Lunar,34.5,806,54,0.345,0.278,15,39,17582,9690,7892,39,17,75,119,32.8%,334.1,184.1,150.0,0.74,0.32,1.43,2.26,325.6,179.4,146.1,0.72,0.31,1.39,2.2,107,160,2.03,3.04,1.98,2.96
Major,RSC002477,Ty (Arcus),Shaved Ice,Fifty-Fifty Pizzeria,Lunar,34.4,189,13,0.263,0.154,2,11,4109,2300,1809,8,5,20,25,32.0%,333.0,186.4,146.6,0.65,0.41,1.62,2.03,316.1,176.9,139.2,0.62,0.38,1.54,1.92,24,45,1.94,3.65,1.85,3.46
Major,RSC002477,Ty (Arcus),Shaved Ice,Fifty-Fifty Pizzeria,Lunar,34.4,189,13,0.263,0.154,2,11,4109,2300,1809,8,5,20,25,32.0%,333.0,186.4,146.6,0.65,0.41,1.62,2.03,316.1,176.9,139.2,0.62,0.38,1.54,1.92,24,45,1.94,3.65,1.85,3.46
Major,RSC002177,Slygo21,Gladiators,The Sovereign,Lunar,34.3,854,56,0.452,0.393,22,34,18269,10140,8129,48,20,61,129,37.2%,327.6,181.9,145.8,0.86,0.36,1.09,2.31,326.2,181.1,145.2,0.86,0.36,1.09,2.3,132,149,2.37,2.67,2.36,2.66
Major,RSC002335,Jiggy Watt,"Typhoons
Cobras","Storm
The Serpents",Solar,34.0,830,56,0.376,0.339,19,37,17184,9130,8054,31,27,70,118,26.3%,317.1,168.5,148.6,0.57,0.5,1.29,2.18,306.9,163.0,143.8,0.55,0.48,1.25,2.11,110,152,2.03,2.8,1.96,2.71
Major,RSC002456,Enigma,Seadevils,The Abyss,Lunar,33.5,332,21,0.624,0.619,13,8,6392,3480,2912,10,16,25,43,23.3%,294.9,160.5,134.3,0.46,0.74,1.15,1.98,304.4,165.7,138.7,0.48,0.76,1.19,2.05,57,41,2.63,1.89,2.71,1.95
Major,RSC002456,Enigma,Seadevils,The Abyss,Lunar,33.5,332,21,0.624,0.619,13,8,6392,3480,2912,10,16,25,43,23.3%,294.9,160.5,134.3,0.46,0.74,1.15,1.98,304.4,165.7,138.7,0.48,0.76,1.19,2.05,57,41,2.63,1.89,2.71,1.95
Major,RSC002423,Cubby,Typhoons,Storm,Solar,32.3,104,8,0.302,0.125,1,7,2184,1100,1084,4,1,9,20,20.0%,321.6,162.0,159.6,0.59,0.15,1.33,2.95,273.0,137.5,135.5,0.5,0.13,1.13,2.5,9,16,1.33,2.36,1.13,2.0
Major,,Salamanderfarmer14,Blaze,North American Soccar Club,Solar,32.1,798,54,0.476,0.5,27,27,16162,8070,8092,28,24,57,122,23.0%,310.2,154.9,155.3,0.54,0.46,1.09,2.34,299.3,149.4,149.9,0.52,0.44,1.06,2.26,109,116,2.09,2.23,2.02,2.15
Major,RSC003252,The_Magic,Trashcans,Waste Management,Solar,31.6,430,31,0.393,0.419,13,18,8873,4480,4393,17,12,31,63,27.0%,316.0,159.6,156.5,0.61,0.43,1.1,2.24,286.2,144.5,141.7,0.55,0.39,1.0,2.03,56,74,1.99,2.64,1.81,2.39
Major,RSC001918,Imperial,"Mastiffs
Jacks","Puppy Paradise
House of Cards",Solar,31.3,328,22,0.466,0.545,12,10,6279,3610,2669,14,15,21,41,34.1%,293.2,168.6,124.6,0.65,0.7,0.98,1.91,285.4,164.1,121.3,0.64,0.68,0.95,1.86,58,63,2.71,2.94,2.64,2.86
Major,RSC000977,Twotestticklz,Fantastic Four,The Comic Crusaders,Lunar,31.0,534,37,0.371,0.378,14,23,10794,6010,4784,24,16,41,76,31.6%,309.6,172.4,137.2,0.69,0.46,1.18,2.18,291.7,162.4,129.3,0.65,0.43,1.11,2.05,74,103,2.12,2.95,2.0,2.78
Major,RSC000230,Chronic Lies,Mutalisks,The Swarm,Solar,30.8,671,45,0.541,0.6,27,18,13497,7630,5867,33,23,46,88,37.5%,308.1,174.2,133.9,0.75,0.52,1.05,2.01,299.9,169.6,130.4,0.73,0.51,1.02,1.96,111,100,2.53,2.28,2.47,2.22
Major,RSC002687,Batrachomyomachy,Raisin Branshees,Spooky Breakfast Gang,Solar,29.5,582,37,0.404,0.459,17,20,11648,6930,4718,30,16,46,83,36.1%,306.5,182.4,124.2,0.79,0.42,1.21,2.18,314.8,187.3,127.5,0.81,0.43,1.24,2.24,82,105,2.16,2.76,2.22,2.84
Major,RSC001446,Leerg,Equinox,The Cosmos,Solar,29.3,917,61,0.384,0.393,24,37,18159,9350,8809,34,31,63,125,27.2%,303.3,156.2,147.1,0.57,0.52,1.05,2.09,297.7,153.3,144.4,0.56,0.51,1.03,2.05,130,175,2.17,2.92,2.13,2.87
Major,RSC001074,Sabre,"Gladiators
Fantastic Four","The Sovereign
The Comic Crusaders",Lunar,29.0,417,26,0.334,0.231,6,20,8389,4400,3989,16,15,31,50,32.0%,308.1,161.6,146.5,0.59,0.55,1.14,1.84,322.7,169.2,153.4,0.62,0.58,1.19,1.92,53,82,1.95,3.01,2.04,3.15
Major,RSC000467,Dbowden10,Shaved Ice,Fifty-Fifty Pizzeria,Lunar,27.7,355,24,0.323,0.292,7,17,7341,4100,3241,15,7,35,50,30.0%,316.7,176.9,139.8,0.65,0.3,1.51,2.16,305.9,170.8,135.0,0.63,0.29,1.46,2.08,46,73,1.98,3.15,1.92,3.04
Major,,Dread,Trashcans,Waste Management,Solar,27.5,459,33,0.366,0.333,11,22,9417,5070,4347,19,9,41,67,28.4%,314.2,169.2,145.0,0.63,0.3,1.37,2.24,285.4,153.6,131.7,0.58,0.27,1.24,2.03,56,80,1.87,2.67,1.7,2.42
Major,RSC002909,Papi Tony,Fantastic Four,The Comic Crusaders,Lunar,27.3,804,53,0.332,0.396,21,32,15281,9170,6111,39,23,58,122,32.0%,291.1,174.7,116.4,0.74,0.44,1.1,2.32,288.3,173.0,115.3,0.74,0.43,1.09,2.3,108,167,2.06,3.18,2.04,3.15
Major,RSC002273,Friedgreenbanana,Calico Crepes,The Cat Cafe,Solar,26.9,72,6,0.404,0.333,2,4,1570,720,850,3,2,5,7,42.9%,334.0,153.2,180.8,0.64,0.43,1.06,1.49,261.7,120.0,141.7,0.5,0.33,0.83,1.17,11,14,2.34,2.98,1.83,2.33
Major,RSC002406,Avaki,Nemesis,Olympus,Solar,26.4,629,43,0.421,0.442,19,24,11984,6490,5494,24,20,44,89,27.0%,291.8,158.0,133.8,0.58,0.49,1.07,2.17,278.7,150.9,127.8,0.56,0.47,1.02,2.07,89,109,2.17,2.65,2.07,2.53
Major,RSC000079,Geeky Tahm,Calico Crepes,The Cat Cafe,Solar,25.7,664,44,0.32,0.273,12,32,13409,7120,6289,25,18,58,82,30.5%,309.3,164.2,145.1,0.58,0.42,1.34,1.89,304.8,161.8,142.9,0.57,0.41,1.32,1.86,82,132,1.89,3.04,1.86,3.0
Major,RSC000542,Gotmott,Typhoons,Storm,Solar,25.5,760,55,0.319,0.327,18,37,15698,7340,8358,25,19,59,94,26.6%,316.3,147.9,168.4,0.5,0.38,1.19,1.89,285.4,133.5,152.0,0.45,0.35,1.07,1.71,92,149,1.85,3.0,1.67,2.71
Major,RSC000341,Therogerseffect,Contras,8-Bit Brigade,Lunar,25.3,658,41,0.523,0.585,24,17,12368,6760,5608,27,20,42,96,28.1%,287.9,157.3,130.5,0.63,0.47,0.98,2.23,301.7,164.9,136.8,0.66,0.49,1.02,2.34,106,100,2.47,2.33,2.59,2.44
Major,RSC002320,Joeexotic,Typhoons,Storm,Solar,25.2,489,34,0.273,0.324,11,23,10329,5020,5309,16,9,47,62,25.8%,323.5,157.2,166.3,0.5,0.28,1.47,1.94,303.8,147.6,156.1,0.47,0.26,1.38,1.82,53,99,1.66,3.1,1.56,2.91
Major,RSC002541,Rezzen97,Fantastic Four,The Comic Crusaders,Lunar,23.3,320,20,0.294,0.35,7,13,6324,3040,3284,6,9,32,39,15.4%,302.7,145.5,157.2,0.29,0.43,1.53,1.87,316.2,152.0,164.2,0.3,0.45,1.6,1.95,34,60,1.63,2.87,1.7,3.0
Major,RSC002535,Dova,Lynx,Polar Vortex,Lunar,20.7,148,9,0.483,0.667,6,3,2843,1500,1343,5,5,12,15,33.3%,294.2,155.2,139.0,0.52,0.52,1.24,1.55,315.9,166.7,149.2,0.56,0.56,1.33,1.67,23,24,2.38,2.48,2.56,2.67
Major,RSC000291,Suckiest Sucker,"Fantastic Four
Mars
Killer Whales","The Comic Crusaders
Milky Way
The Ocean",Lunar,19.3,362,24,0.3,0.375,9,15,6222,2990,3232,9,12,19,54,16.7%,263.2,126.5,136.7,0.38,0.51,0.8,2.28,259.3,124.6,134.7,0.38,0.5,0.79,2.25,44,75,1.86,3.17,1.83,3.13
Major,RSC002794,Vu,"Equinox
Gorillas","The Cosmos
Planet of the Apes",Solar,18.7,485,31,0.284,0.387,12,19,8781,5020,3761,18,14,38,62,29.0%,277.3,158.5,118.8,0.57,0.44,1.2,1.96,283.3,161.9,121.3,0.58,0.45,1.23,2.0,63,111,1.99,3.51,2.03,3.58
Major,RSC002338,Acoyote919,Shake Weights,As Seen on TV!,Solar,18.5,317,23,0.427,0.435,10,13,6384,3390,2994,10,6,35,34,29.4%,308.4,163.8,144.7,0.48,0.29,1.69,1.64,277.6,147.4,130.2,0.43,0.26,1.52,1.48,43,52,2.08,2.51,1.87,2.26
Major,RSC000143,Evan,Mint Chip,Minty Fresh,Solar,18.5,289,22,0.438,0.364,8,14,5368,2700,2668,10,3,21,50,20.0%,284.5,143.1,141.4,0.53,0.16,1.11,2.65,244.0,122.7,121.3,0.45,0.14,0.95,2.27,32,38,1.7,2.01,1.45,1.73
Major,RSC000880,Jamesy,Dreadnoughts,The Empire,Solar,16.4,75,4,0.608,0.75,3,1,1457,720,737,1,2,9,7,14.3%,297.5,147.0,150.5,0.2,0.41,1.84,1.43,364.3,180.0,184.3,0.25,0.5,2.25,1.75,12,9,2.45,1.84,3.0,2.25
Major,RSC000569,Guy Flurry,"Contras
Gladiators
Mars","8-Bit Brigade
The Sovereign
Milky Way",Lunar,14.2,237,14,0.48,0.571,8,6,4195,2370,1825,9,5,18,32,28.1%,271.1,153.2,117.9,0.58,0.32,1.16,2.07,299.6,169.3,130.4,0.64,0.36,1.29,2.29,38,40,2.46,2.58,2.71,2.86
Major,,Trace,Jacks,House of Cards,Lunar,11.1,596,41,0.337,0.341,14,27,9967,5370,4597,20,14,37,82,24.4%,256.1,138.0,118.1,0.51,0.36,0.95,2.11,243.1,131.0,112.1,0.49,0.34,0.9,2.0,86,130,2.21,3.34,2.1,3.17
Major,RSC002986,Antedote,Shake Weights,As Seen on TV!,Solar,8.9,74,5,0.124,0.2,1,4,1372,710,662,3,0,6,11,27.3%,284.0,146.9,137.0,0.62,0.0,1.24,2.28,274.4,142.0,132.4,0.6,0.0,1.2,2.2,6,20,1.24,4.14,1.2,4.0
Major,,Wüstenspinne,Contras,8-Bit Brigade,Lunar,6.1,143,10,0.483,0.6,6,4,2359,1130,1229,2,3,12,18,11.1%,252.7,121.0,131.6,0.21,0.32,1.29,1.93,235.9,113.0,122.9,0.2,0.3,1.2,1.8,23,24,2.46,2.57,2.3,2.4
Major,RSC003299,Ytrew,"Cobras
Seadevils
Contras","The Serpents
The Abyss
8-Bit Brigade",Lunar,2.8,389,25,0.301,0.2,5,20,6502,3300,3202,8,6,35,45,17.8%,256.0,129.9,126.1,0.31,0.24,1.38,1.77,260.1,132.0,128.1,0.32,0.24,1.4,1.8,45,77,1.77,3.03,1.8,3.08
Major,,Azorh,"Fantastic Four
Life","The Comic Crusaders
The Elements",Lunar,-0.3,147,8,0.296,0.375,3,5,2165,1260,905,3,4,12,16,18.8%,225.6,131.3,94.3,0.31,0.42,1.25,1.67,270.6,157.5,113.1,0.38,0.5,1.5,2.0,16,28,1.67,2.92,2.0,3.5
Major,RSC001021,Sef_Assasin666,Calico Crepes,The Cat Cafe,Solar,-29.0,26,2,0.157,0.0,0,2,433,150,283,1,0,1,0,,255.1,88.4,166.7,0.59,0.0,0.59,0.0,216.5,75.0,141.5,0.5,0.0,0.5,0.0,4,10,2.36,5.89,2.0,5.0
Major,RSC001021,Sef_Assasin666,Calico Crepes,The Cat Cafe,Solar,-29.0,26,2,0.157,0.0,0,2,433,150,283,1,0,1,0,,255.1,88.4,166.7,0.59,0.0,0.59,0.0,216.5,75.0,141.5,0.5,0.0,0.5,0.0,4,10,2.36,5.89,2.0,5.0
Major,RSC001021,Sef_Assasin666,Calico Crepes,The Cat Cafe,Solar,-29.0,26,2,0.157,0.0,0,2,433,150,283,1,0,1,0,,255.1,88.4,166.7,0.59,0.0,0.59,0.0,216.5,75.0,141.5,0.5,0.0,0.5,0.0,4,10,2.36,5.89,2.0,5.0
Major,RSC003391,-Venomz,Fantastic Four,The Comic Crusaders,Lunar,-35.4,14,1,0.0,0.0,0,1,132,20,112,0,0,0,2,0.0%,144.4,21.9,122.5,0.0,0.0,0.0,2.19,132.0,20.0,112.0,0.0,0.0,0.0,2.0,0,3,0.0,3.28,0.0,3.0
Major,RSC003391,-Venomz,Fantastic Four,The Comic Crusaders,Lunar,-35.4,14,1,0.0,0.0,0,1,132,20,112,0,0,0,2,0.0%,144.4,21.9,122.5,0.0,0.0,0.0,2.19,132.0,20.0,112.0,0.0,0.0,0.0,2.0,0,3,0.0,3.28,0.0,3.0
Elite,RSC001923,M0Rg,Sharks,The Ocean,Solar,99.4,859,60,0.634,0.6,36,24,25889,15020,10869,79,35,62,227,34.8%,462.9,268.6,194.4,1.41,0.63,1.11,4.06,431.5,250.3,181.2,1.32,0.58,1.03,3.78,160,113,2.86,2.02,2.67,1.88
Elite,RSC003371,Z-Clutch,Great Danes,Puppy Paradise,Solar,87.8,572,39,0.646,0.718,28,11,15900,9480,6420,50,23,37,148,33.8%,427.0,254.6,172.4,1.34,0.62,0.99,3.97,407.7,243.1,164.6,1.28,0.59,0.95,3.79,115,79,3.09,2.12,2.95,2.03
Elite,RSC003280,Sully,Dumpsters,Waste Management,Solar,85.6,852,56,0.602,0.625,35,21,24028,14330,9698,62,37,88,188,33.0%,433.2,258.3,174.8,1.12,0.67,1.59,3.39,429.1,255.9,173.2,1.11,0.66,1.57,3.36,140,107,2.52,1.93,2.5,1.91
Elite,RSC002544,J.,Venus,Milky Way,Lunar,85.3,883,59,0.586,0.593,35,24,23698,13950,9748,60,51,70,190,31.6%,412.2,242.7,169.6,1.04,0.89,1.22,3.31,401.7,236.4,165.2,1.02,0.86,1.19,3.22,156,125,2.71,2.17,2.64,2.12
Elite,,Voidtrieshard,Indominus,Dino Park,Lunar,84.7,619,39,0.517,0.487,19,20,18322,10710,7612,49,24,69,116,42.2%,454.7,265.8,188.9,1.22,0.6,1.71,2.88,469.8,274.6,195.2,1.26,0.62,1.77,2.97,94,90,2.33,2.23,2.41,2.31
Elite,RSC000281,Plasmid,Cyclones,Storm,Solar,82.2,15,1,0.763,1.0,1,0,314,220,94,1,2,0,2,50.0%,321.5,225.3,96.3,1.02,2.05,0.0,2.05,314.0,220.0,94.0,1.0,2.0,0.0,2.0,4,2,4.1,2.05,4.0,2.0
Elite,RSC002801,Alec,Fury,North American Soccar Club,Solar,81.0,914,56,0.569,0.589,33,23,25319,15280,10039,69,30,94,218,31.7%,425.5,256.8,168.7,1.16,0.5,1.58,3.66,452.1,272.9,179.3,1.23,0.54,1.68,3.89,145,121,2.44,2.03,2.59,2.16
Elite,RSC001977,T.,Menthol,Minty Fresh,Solar,80.8,934,60,0.591,0.6,36,24,25467,14610,10857,65,46,79,186,34.9%,418.8,240.3,178.6,1.07,0.76,1.3,3.06,424.5,243.5,181.0,1.08,0.77,1.32,3.1,156,123,2.57,2.02,2.6,2.05
Elite,,Mranderson,Missiles,Fallout Shelter,Solar,79.9,804,50,0.472,0.42,21,29,21346,12200,9146,47,42,75,165,28.5%,407.8,233.1,174.7,0.9,0.8,1.43,3.15,426.9,244.0,182.9,0.94,0.84,1.5,3.3,119,128,2.27,2.45,2.38,2.56
Elite,,Reagfam,Knights,The Sovereign,Lunar,79.1,965,60,0.736,0.75,45,15,25122,15240,9882,76,50,61,209,36.4%,399.9,242.6,157.3,1.21,0.8,0.97,3.33,418.7,254.0,164.7,1.27,0.83,1.02,3.48,190,98,3.02,1.56,3.17,1.63
Elite,RSC002164,Dosia,Jaguars,The Jungle,Solar,77.8,881,56,0.607,0.607,34,22,23517,14890,8627,78,32,68,209,37.3%,410.0,259.6,150.4,1.36,0.56,1.19,3.64,419.9,265.9,154.1,1.39,0.57,1.21,3.73,163,124,2.84,2.16,2.91,2.21
Elite,,Frisbeebruh,Slap Chops,As Seen on TV!,Solar,74.5,908,60,0.58,0.667,40,20,24991,14190,10801,61,34,94,169,36.1%,422.8,240.0,182.7,1.03,0.58,1.59,2.86,416.5,236.5,180.0,1.02,0.57,1.57,2.82,162,132,2.74,2.23,2.7,2.2
Elite,RSC002959,Jacks0Ntheboss,Missiles,Fallout Shelter,Solar,74.5,58,3,0.634,1.0,3,0,1293,810,483,3,5,3,11,27.3%,342.4,214.5,127.9,0.79,1.32,0.79,2.91,431.0,270.0,161.0,1.0,1.67,1.0,3.67,10,7,2.65,1.85,3.33,2.33
Elite,,Orsorl,X-Men,The Comic Crusaders,Lunar,73.3,723,47,0.619,0.638,30,17,19149,11040,8109,44,31,74,139,31.7%,406.8,234.5,172.3,0.93,0.66,1.57,2.95,407.4,234.9,172.5,0.94,0.66,1.57,2.96,127,93,2.7,1.98,2.7,1.98
Elite,,Al1Ttle,Great Danes,Puppy Paradise,Solar,72.8,773,53,0.671,0.774,41,12,20035,11440,8595,53,38,56,144,36.8%,398.1,227.3,170.8,1.05,0.76,1.11,2.86,378.0,215.8,162.2,1.0,0.72,1.06,2.72,152,97,3.02,1.93,2.87,1.83
Elite,RSC000371,Capn' Clutch,Illuminati,The Order,Lunar,71.3,985,60,0.54,0.55,33,27,25392,15600,9792,69,46,91,185,37.3%,396.0,243.3,152.7,1.08,0.72,1.42,2.88,423.2,260.0,163.2,1.15,0.77,1.52,3.08,164,148,2.56,2.31,2.73,2.47
Elite,,"Cookie, Lol. :>",Anglers,The Abyss,Lunar,70.8,734,49,0.518,0.51,25,24,19610,11470,8140,42,24,92,147,28.6%,410.4,240.0,170.3,0.88,0.5,1.93,3.08,400.2,234.1,166.1,0.86,0.49,1.88,3.0,106,101,2.22,2.11,2.16,2.06
Elite,,Aj,Great Danes,Puppy Paradise,Solar,69.9,694,49,0.64,0.776,38,11,17520,9740,7780,35,36,64,124,28.2%,387.8,215.6,172.2,0.77,0.8,1.42,2.74,357.6,198.8,158.8,0.71,0.73,1.31,2.53,131,91,2.9,2.01,2.67,1.86
Elite,,W.E.X.,Gauntlets,8-Bit Brigade,Lunar,68.9,890,59,0.555,0.559,33,26,23385,13900,9485,61,32,90,170,35.9%,403.6,239.9,163.7,1.05,0.55,1.55,2.93,396.4,235.6,160.8,1.03,0.54,1.53,2.88,155,135,2.68,2.33,2.63,2.29
Elite,,Skim Mike,Knights,The Sovereign,Lunar,67.2,904,56,0.741,0.768,43,13,22821,13830,8991,62,38,80,173,35.8%,387.8,235.0,152.8,1.05,0.65,1.36,2.94,407.5,247.0,160.6,1.11,0.68,1.43,3.09,181,92,3.08,1.56,3.23,1.64
Elite,RSC000457,Bob,X-Men,The Comic Crusaders,Lunar,66.2,671,45,0.655,0.689,31,14,16503,9590,6913,43,34,48,119,36.1%,377.8,219.5,158.2,0.98,0.78,1.1,2.72,366.7,213.1,153.6,0.96,0.76,1.07,2.64,129,86,2.95,1.97,2.87,1.91
Elite,RSC002097,Noobz,Knights,The Sovereign,Lunar,65.9,848,53,0.78,0.792,42,11,20322,11750,8572,48,43,63,165,29.1%,368.1,212.8,155.3,0.87,0.78,1.14,2.99,383.4,221.7,161.7,0.91,0.81,1.19,3.11,178,79,3.22,1.43,3.36,1.49
Elite,RSC000197,Kareemostyle,Indominus,Dino Park,Lunar,65.9,786,51,0.572,0.569,29,22,19481,10890,8591,43,38,66,139,30.9%,380.7,212.8,167.9,0.84,0.74,1.29,2.72,382.0,213.5,168.5,0.84,0.75,1.29,2.73,136,113,2.66,2.21,2.67,2.22
Elite,RSC002644,Kniknok,Great Whites,Shark Attack,Lunar,65.8,881,57,0.459,0.474,27,30,22569,12980,9589,51,33,92,163,31.3%,393.5,226.3,167.2,0.89,0.58,1.6,2.84,395.9,227.7,168.2,0.89,0.58,1.61,2.86,124,138,2.16,2.41,2.18,2.42
Elite,,[N Ξ X U S] Rblegend,Kopi Luwak,The Cat Cafe,Solar,65.7,338,21,0.352,0.286,6,15,8887,4840,4047,20,10,34,64,31.3%,403.9,220.0,183.9,0.91,0.45,1.55,2.91,423.2,230.5,192.7,0.95,0.48,1.62,3.05,45,66,2.04,3.0,2.14,3.14
Elite,RSC002680,Zira,Kodiaks,The Bear Den,Lunar,65.6,484,33,0.602,0.636,21,12,11728,6850,4878,28,29,37,75,37.3%,372.2,217.4,154.8,0.89,0.92,1.17,2.38,355.4,207.6,147.8,0.85,0.88,1.12,2.27,92,71,2.92,2.25,2.79,2.15
Elite,,Argnor,Slap Chops,As Seen on TV!,Solar,65.2,601,41,0.565,0.634,26,15,14929,9150,5779,41,25,53,115,35.7%,381.6,233.9,147.7,1.05,0.64,1.35,2.94,364.1,223.2,141.0,1.0,0.61,1.29,2.8,105,89,2.68,2.27,2.56,2.17
Elite,,Blendã©R,Jaguars,The Jungle,Solar,64.8,892,58,0.592,0.586,34,24,21628,12190,9438,47,50,71,144,32.6%,372.4,209.9,162.5,0.81,0.86,1.22,2.48,372.9,210.2,162.7,0.81,0.86,1.22,2.48,163,129,2.81,2.22,2.81,2.22
Elite,,Artoria,Anglers,The Abyss,Lunar,64.1,32,2,0.584,0.5,1,1,860,500,360,3,1,2,5,60.0%,412.8,240.0,172.8,1.44,0.48,0.96,2.4,430.0,250.0,180.0,1.5,0.5,1.0,2.5,5,4,2.4,1.92,2.5,2.0
Elite,,Skøøt,"Bolts
Death Stars","Electric Mayhem
The Empire",Solar,63.8,247,18,0.45,0.389,7,11,5859,3280,2579,12,12,20,48,25.0%,364.4,204.0,160.4,0.75,0.75,1.24,2.98,325.5,182.2,143.3,0.67,0.67,1.11,2.67,37,42,2.3,2.61,2.06,2.33
Elite,RSC003220,Galaxy,"Dumpsters
Death Stars","Waste Management
The Empire",Solar,61.9,894,60,0.527,0.517,31,29,21594,12180,9414,51,38,70,168,30.4%,371.0,209.3,161.7,0.88,0.65,1.2,2.89,359.9,203.0,156.9,0.85,0.63,1.17,2.8,152,142,2.61,2.44,2.53,2.37
Elite,RSC001059,Saltybonnyr,Eagles,Birds of Prey,Solar,59.9,599,38,0.462,0.447,17,21,15344,8450,6894,27,20,76,95,28.4%,393.5,216.7,176.8,0.69,0.51,1.95,2.44,403.8,222.4,181.4,0.71,0.53,2.0,2.5,73,81,1.87,2.08,1.92,2.13
Elite,RSC001059,Saltybonnyr,Eagles,Birds of Prey,Solar,59.9,599,38,0.462,0.447,17,21,15344,8450,6894,27,20,76,95,28.4%,393.5,216.7,176.8,0.69,0.51,1.95,2.44,403.8,222.4,181.4,0.71,0.53,2.0,2.5,73,81,1.87,2.08,1.92,2.13
Elite,RSC003179,Kevin Ordinary,Venus,Milky Way,Lunar,59.7,424,30,0.533,0.533,16,14,9990,5320,4670,19,24,32,62,30.6%,361.9,192.7,169.2,0.69,0.87,1.16,2.25,333.0,177.3,155.7,0.63,0.8,1.07,2.07,75,69,2.72,2.5,2.5,2.3
Elite,RSC000805,Deezmuffinz,Wolverines,Polar Vortex,Lunar,59.6,694,47,0.576,0.638,30,17,16738,9610,7128,39,23,63,141,27.7%,370.5,212.7,157.8,0.86,0.51,1.39,3.12,356.1,204.5,151.7,0.83,0.49,1.34,3.0,103,84,2.28,1.86,2.19,1.79
Elite,RSC000236,Slurp,Wolverines,Polar Vortex,Lunar,58.2,770,53,0.528,0.585,31,22,17994,9500,8494,33,34,62,140,23.6%,359.0,189.5,169.4,0.66,0.68,1.24,2.79,339.5,179.2,160.3,0.62,0.64,1.17,2.64,113,105,2.25,2.09,2.13,1.98
Elite,,Q.,Menthol,Minty Fresh,Solar,57.9,486,32,0.659,0.656,21,11,11478,6450,5028,23,21,45,85,27.1%,362.8,203.9,158.9,0.73,0.66,1.42,2.69,358.7,201.6,157.1,0.72,0.66,1.41,2.66,90,59,2.84,1.86,2.81,1.84
Elite,RSC003167,Kenny,Gauntlets,8-Bit Brigade,Lunar,57.6,844,56,0.554,0.554,31,25,19718,11310,8408,48,37,63,151,31.8%,358.9,205.8,153.0,0.87,0.67,1.15,2.75,352.1,202.0,150.1,0.86,0.66,1.13,2.7,150,131,2.73,2.38,2.68,2.34
Elite,RSC002550,Tonnuh,Aphelion,The Cosmos,Solar,57.5,380,24,0.5,0.417,10,14,8984,5200,3784,18,18,38,60,30.0%,363.1,210.2,153.0,0.73,0.73,1.54,2.43,374.3,216.7,157.7,0.75,0.75,1.58,2.5,62,62,2.51,2.51,2.58,2.58
Elite,RSC002148,Sir Mcdouble,Venus,Milky Way,Lunar,56.7,645,42,0.576,0.571,24,18,15272,8790,6482,42,24,44,119,35.3%,363.7,209.3,154.4,1.0,0.57,1.05,2.83,363.6,209.3,154.3,1.0,0.57,1.05,2.83,113,93,2.69,2.21,2.69,2.21
Elite,RSC002125,Neoblastz,Vipers,The Serpents,Lunar,56.7,475,31,0.453,0.516,16,15,11362,6560,4802,30,17,37,86,34.9%,367.4,212.1,155.3,0.97,0.55,1.2,2.78,366.5,211.6,154.9,0.97,0.55,1.19,2.77,70,79,2.26,2.55,2.26,2.55
Elite,,9Ohm,Kodiaks,The Bear Den,Lunar,56.6,886,55,0.539,0.636,35,20,20558,12170,8388,45,37,84,162,27.8%,356.4,211.0,145.4,0.78,0.64,1.46,2.81,373.8,221.3,152.5,0.82,0.67,1.53,2.95,146,132,2.53,2.29,2.65,2.4
Elite,,Deekoi,Fire,The Elements,Lunar,56.6,705,47,0.517,0.468,22,25,16697,9320,7377,35,30,63,117,29.9%,363.8,203.1,160.7,0.76,0.65,1.37,2.55,355.3,198.3,157.0,0.74,0.64,1.34,2.49,119,114,2.59,2.48,2.53,2.43
Elite,RSC002418,Luckyash,Queens,House of Cards,Lunar,55.9,780,53,0.503,0.491,26,27,18284,10280,8004,44,25,61,158,27.8%,360.1,202.4,157.6,0.87,0.49,1.2,3.11,345.0,194.0,151.0,0.83,0.47,1.15,2.98,112,111,2.21,2.19,2.11,2.09
Elite,RSC000577,Lord Ironskull,Fire,The Elements,Lunar,55.8,902,59,0.478,0.441,26,33,21348,12120,9228,52,41,70,137,38.0%,363.5,206.4,157.1,0.89,0.7,1.19,2.33,361.8,205.4,156.4,0.88,0.69,1.19,2.32,142,150,2.42,2.55,2.41,2.54
Elite,RSC000730,Sillybunny,Cyclones,Storm,Solar,55.5,813,51,0.534,0.588,30,21,19112,11440,7672,52,25,67,164,31.7%,361.1,216.1,144.9,0.98,0.47,1.27,3.1,374.7,224.3,150.4,1.02,0.49,1.31,3.22,131,120,2.48,2.27,2.57,2.35
Elite,RSC003202,Thecoffee,"Great Apes
Bolts","Planet of the Apes
Electric Mayhem",Lunar,55.1,421,26,0.33,0.231,6,20,10578,5990,4588,23,11,49,69,33.3%,385.9,218.5,167.4,0.84,0.4,1.79,2.52,406.8,230.4,176.5,0.88,0.42,1.88,2.65,48,76,1.75,2.77,1.85,2.92
Elite,RSC003315,Zeph,"Infestors
Queens","The Swarm
House of Cards",Solar,54.9,685,43,0.454,0.465,20,23,15860,9150,6710,41,22,51,140,29.3%,355.6,205.2,150.5,0.92,0.49,1.14,3.14,368.8,212.8,156.0,0.95,0.51,1.19,3.26,104,117,2.33,2.62,2.42,2.72
Elite,,Panzler ^-^,Fire,The Elements,Lunar,54.7,322,21,0.5,0.476,10,11,7181,3940,3241,15,15,22,59,25.4%,342.6,187.9,154.6,0.72,0.72,1.05,2.81,342.0,187.6,154.3,0.71,0.71,1.05,2.81,45,45,2.15,2.15,2.14,2.14
Elite,RSC001970,Wypipo,Sharks,The Ocean,Solar,54.4,363,26,0.597,0.5,13,13,8476,4720,3756,18,16,31,57,31.6%,358.7,199.7,158.9,0.76,0.68,1.31,2.41,326.0,181.5,144.5,0.69,0.62,1.19,2.19,69,54,2.92,2.28,2.65,2.08
Elite,RSC001612,Reverse Fridge,Cyclones,Storm,Solar,54.2,900,58,0.506,0.534,31,27,20241,12130,8111,42,46,84,143,29.4%,345.5,207.0,138.4,0.72,0.79,1.43,2.44,349.0,209.1,139.8,0.72,0.79,1.45,2.47,142,140,2.42,2.39,2.45,2.41
Elite,RSC001077,Zebu,Wolverines,Polar Vortex,Lunar,54.1,722,48,0.518,0.604,29,19,17391,9360,8031,36,27,66,111,32.4%,370.0,199.1,170.9,0.77,0.57,1.4,2.36,362.3,195.0,167.3,0.75,0.56,1.38,2.31,106,101,2.26,2.15,2.21,2.1
Elite,RSC000766,Visionaryone,Sharks,The Ocean,Solar,54.0,647,45,0.617,0.6,27,18,14587,8460,6127,29,33,58,101,28.7%,346.3,200.8,145.5,0.69,0.78,1.38,2.4,324.2,188.0,136.2,0.64,0.73,1.29,2.24,119,88,2.83,2.09,2.64,1.96
Elite,RSC001482,Mered4,Illuminati,The Order,Lunar,53.8,207,13,0.532,0.538,7,6,4375,2650,1725,9,14,15,30,30.0%,324.6,196.6,128.0,0.67,1.04,1.11,2.23,336.5,203.8,132.7,0.69,1.08,1.15,2.31,40,37,2.97,2.75,3.08,2.85
Elite,RSC000159,Prussia,Kodiaks,The Bear Den,Lunar,52.5,819,51,0.536,0.627,32,19,18968,10930,8038,44,36,70,123,35.8%,355.7,205.0,150.8,0.83,0.68,1.31,2.31,371.9,214.3,157.6,0.86,0.71,1.37,2.41,138,126,2.59,2.36,2.71,2.47
Elite,RSC000992,Thomasuh,Eagles,Birds of Prey,Solar,52.5,10,1,0.045,0.0,0,1,261,170,91,1,0,1,2,50.0%,400.9,261.1,139.8,1.54,0.0,1.54,3.07,261.0,170.0,91.0,1.0,0.0,1.0,2.0,1,5,1.54,7.68,1.0,5.0
Elite,RSC002210,Ninjatron,Fire,The Elements,Lunar,52.2,736,49,0.461,0.408,20,29,17138,9310,7828,40,23,56,136,29.4%,357.7,194.3,163.4,0.83,0.48,1.17,2.84,349.8,190.0,159.8,0.82,0.47,1.14,2.78,115,127,2.4,2.65,2.35,2.59
Elite,,The Franchise Player,Anglers,The Abyss,Lunar,51.9,669,46,0.504,0.5,23,23,15330,8370,6960,33,25,53,117,28.2%,352.0,192.2,159.8,0.76,0.57,1.22,2.69,333.3,182.0,151.3,0.72,0.54,1.15,2.54,92,91,2.11,2.09,2.0,1.98
Elite,RSC000310,Chrisakamrxd,Deep Dish,Fifty-Fifty Pizzeria,Lunar,51.4,798,55,0.424,0.4,22,33,18459,9210,9249,27,30,74,131,20.6%,355.3,177.3,178.0,0.52,0.58,1.42,2.52,335.6,167.5,168.2,0.49,0.55,1.35,2.38,97,119,1.87,2.29,1.76,2.16
Elite,RSC002981,Royan,Jaguars,The Jungle,Solar,51.2,232,15,0.489,0.467,7,8,5320,3000,2320,10,10,23,35,28.6%,352.2,198.6,153.6,0.66,0.66,1.52,2.32,354.7,200.0,154.7,0.67,0.67,1.53,2.33,36,37,2.38,2.45,2.4,2.47
Elite,RSC003401,Slay3R,Kodiaks,The Bear Den,Lunar,51.2,700,41,0.493,0.561,23,18,16935,9810,7125,44,20,66,111,39.6%,371.6,215.3,156.3,0.97,0.44,1.45,2.44,413.0,239.3,173.8,1.07,0.49,1.61,2.71,107,109,2.35,2.39,2.61,2.66
Elite,RSC000919,W33P,"Queens
Infestors","House of Cards
The Swarm",Solar,50.9,477,31,0.371,0.355,11,20,11182,6330,4852,26,16,43,78,33.3%,360.1,203.8,156.2,0.84,0.52,1.38,2.51,360.7,204.2,156.5,0.84,0.52,1.39,2.52,70,97,2.25,3.12,2.26,3.13
Elite,RSC001998,Kxle,Vipers,The Serpents,Lunar,50.6,849,56,0.427,0.482,27,29,20128,11070,9058,41,28,85,132,31.1%,364.2,200.3,163.9,0.74,0.51,1.54,2.39,359.4,197.7,161.8,0.73,0.5,1.52,2.36,115,139,2.08,2.51,2.05,2.48
Elite,RSC000030,Adeadm0053,Eagles,Birds of Prey,Solar,50.3,907,59,0.408,0.373,22,37,21643,11500,10143,35,33,102,125,28.0%,366.5,194.8,171.8,0.59,0.56,1.73,2.12,366.8,194.9,171.9,0.59,0.56,1.73,2.12,106,136,1.8,2.3,1.8,2.31
Elite,RSC000030,Adeadm0053,Eagles,Birds of Prey,Solar,50.3,907,59,0.408,0.373,22,37,21643,11500,10143,35,33,102,125,28.0%,366.5,194.8,171.8,0.59,0.56,1.73,2.12,366.8,194.9,171.9,0.59,0.56,1.73,2.12,106,136,1.8,2.3,1.8,2.31
Elite,RSC001181,Capital,X-Men,The Comic Crusaders,Lunar,49.6,477,29,0.645,0.69,20,9,10976,6550,4426,29,16,41,80,36.3%,353.4,210.9,142.5,0.93,0.52,1.32,2.58,378.5,225.9,152.6,1.0,0.55,1.41,2.76,84,57,2.7,1.84,2.9,1.97
Elite,RSC002235,Hpain,"Kopi Luwak
Apollo","The Cat Cafe
Olympus",Solar,49.4,266,16,0.5,0.5,8,8,5712,3050,2662,14,8,13,60,23.3%,329.8,176.1,153.7,0.81,0.46,0.75,3.46,357.0,190.6,166.4,0.88,0.5,0.81,3.75,43,43,2.48,2.48,2.69,2.69
Elite,RSC002235,Hpain,"Kopi Luwak
Apollo","The Cat Cafe
Olympus",Solar,49.4,266,16,0.5,0.5,8,8,5712,3050,2662,14,8,13,60,23.3%,329.8,176.1,153.7,0.81,0.46,0.75,3.46,357.0,190.6,166.4,0.88,0.5,0.81,3.75,43,43,2.48,2.48,2.69,2.69
Elite,RSC000023,N0Maa,Apollo,Olympus,Solar,49.4,421,28,0.5,0.464,13,15,10079,5470,4609,22,13,40,62,35.5%,367.7,199.6,168.2,0.8,0.47,1.46,2.26,360.0,195.4,164.6,0.79,0.46,1.43,2.21,55,55,2.01,2.01,1.96,1.96
Elite,RSC001558,Petey,Slap Chops,As Seen on TV!,Solar,49.3,256,16,0.471,0.563,9,7,5659,3120,2539,11,11,21,42,26.2%,339.5,187.2,152.3,0.66,0.66,1.26,2.52,353.7,195.0,158.7,0.69,0.69,1.31,2.63,40,43,2.4,2.58,2.5,2.69
Elite,,Kapowey,Great Apes,Planet of the Apes,Lunar,48.7,61,4,0.5,0.5,2,2,1431,760,671,2,3,7,6,33.3%,360.3,191.4,169.0,0.5,0.76,1.76,1.51,357.8,190.0,167.8,0.5,0.75,1.75,1.5,7,7,1.76,1.76,1.75,1.75
Elite,RSC000572,Jbomb!,Illuminati,The Order,Lunar,48.1,653,39,0.566,0.59,23,16,14273,8640,5633,35,32,52,94,37.2%,335.7,203.2,132.5,0.82,0.75,1.22,2.21,366.0,221.5,144.4,0.9,0.82,1.33,2.41,108,91,2.54,2.14,2.77,2.33
Elite,,Nh 1 Slayn,Apollo,Olympus,Solar,48.0,254,16,0.535,0.438,7,9,5466,3320,2146,7,13,32,37,18.9%,330.5,200.8,129.8,0.42,0.79,1.94,2.24,341.6,207.5,134.1,0.44,0.81,2.0,2.31,33,30,2.0,1.81,2.06,1.88
Elite,RSC000124,Mrfelon,X-Men,The Comic Crusaders,Lunar,48.0,843,55,0.62,0.636,35,20,19144,10900,8244,45,30,71,135,33.3%,348.8,198.6,150.2,0.82,0.55,1.29,2.46,348.1,198.2,149.9,0.82,0.55,1.29,2.45,143,104,2.61,1.89,2.6,1.89
Elite,RSC002558,Troompet,Menthol,Minty Fresh,Solar,48.0,816,53,0.635,0.642,34,19,18053,10920,7133,42,33,75,132,31.8%,339.8,205.6,134.3,0.79,0.62,1.41,2.48,340.6,206.0,134.6,0.79,0.62,1.42,2.49,143,100,2.69,1.88,2.7,1.89
Elite,RSC000035,Feen,Cyclones,Storm,Solar,47.9,863,56,0.52,0.554,31,25,19592,11000,8592,43,30,76,140,30.7%,348.7,195.8,152.9,0.77,0.53,1.35,2.49,349.9,196.4,153.4,0.77,0.54,1.36,2.5,139,132,2.47,2.35,2.48,2.36
Elite,RSC000787,Buckle,Illuminati,The Order,Lunar,47.7,985,60,0.54,0.55,33,27,22401,13060,9341,47,36,101,151,31.1%,349.3,203.7,145.7,0.73,0.56,1.58,2.35,373.4,217.7,155.7,0.78,0.6,1.68,2.52,164,148,2.56,2.31,2.73,2.47
Elite,RSC003275,Cyno6,"Death Stars
Bolts
Missiles","The Empire
Electric Mayhem
Fallout Shelter",Lunar,47.0,620,41,0.42,0.39,16,25,14245,8180,6065,32,18,61,103,31.1%,352.9,202.7,150.3,0.79,0.45,1.51,2.55,347.4,199.5,147.9,0.78,0.44,1.49,2.51,88,108,2.18,2.68,2.15,2.63
Elite,RSC001098,Wafe,"Death Stars
Bolts","The Empire
Electric Mayhem",Lunar,46.5,510,35,0.419,0.4,14,21,10741,6120,4621,22,26,37,77,28.6%,323.5,184.3,139.2,0.66,0.78,1.11,2.32,306.9,174.9,132.0,0.63,0.74,1.06,2.2,74,91,2.23,2.74,2.11,2.6
Elite,RSC000639,General Mills,Indominus,Dino Park,Lunar,46.2,565,38,0.592,0.684,26,12,12409,6750,5659,28,19,40,100,28.0%,337.4,183.5,153.8,0.76,0.52,1.09,2.72,326.6,177.6,148.9,0.74,0.5,1.05,2.63,100,79,2.72,2.15,2.63,2.08
Elite,RSC003216,Xeno,"Great Apes
Kopi Luwak","Planet of the Apes
The Cat Cafe",Solar,46.1,230,17,0.437,0.353,6,11,5009,2780,2229,14,9,11,38,36.8%,334.5,185.7,148.9,0.93,0.6,0.73,2.54,294.6,163.5,131.1,0.82,0.53,0.65,2.24,35,41,2.34,2.74,2.06,2.41
Elite,RSC003309,Marr,Kopi Luwak,The Cat Cafe,Solar,45.8,146,9,0.268,0.222,2,7,3278,1830,1448,8,5,11,23,34.8%,344.9,192.5,152.3,0.84,0.53,1.16,2.42,364.2,203.3,160.9,0.89,0.56,1.22,2.56,19,35,2.0,3.68,2.11,3.89
Elite,RSC001921,Dom,Aphelion,The Cosmos,Solar,44.8,492,31,0.37,0.258,8,23,11337,6390,4947,21,14,57,74,28.4%,353.9,199.5,154.4,0.66,0.44,1.78,2.31,365.7,206.1,159.6,0.68,0.45,1.84,2.39,61,86,1.9,2.68,1.97,2.77
Elite,RSC000365,Trspriggs,Vipers,The Serpents,Lunar,44.1,886,58,0.437,0.483,28,30,18523,9970,8553,29,41,73,137,21.2%,321.1,172.8,148.3,0.5,0.71,1.27,2.38,319.4,171.9,147.5,0.5,0.71,1.26,2.36,124,146,2.15,2.53,2.14,2.52
Elite,,Doodle!,Queens,House of Cards,Lunar,43.9,778,53,0.465,0.472,25,28,16737,8870,7867,31,26,62,137,22.6%,330.4,175.1,155.3,0.61,0.51,1.22,2.7,315.8,167.4,148.4,0.58,0.49,1.17,2.58,103,113,2.03,2.23,1.94,2.13
Elite,RSC000187,Smokeybones,Fury,North American Soccar Club,Solar,43.9,404,25,0.623,0.68,17,8,8629,4870,3759,14,20,39,52,26.9%,328.1,185.2,142.9,0.53,0.76,1.48,1.98,345.2,194.8,150.4,0.56,0.8,1.56,2.08,68,49,2.59,1.86,2.72,1.96
Elite,RSC000080,Murloc,Gauntlets,8-Bit Brigade,Lunar,43.6,486,32,0.586,0.563,18,14,9563,5290,4273,20,25,24,84,23.8%,302.2,167.2,135.0,0.63,0.79,0.76,2.65,298.8,165.3,133.5,0.63,0.78,0.75,2.63,86,69,2.72,2.18,2.69,2.16
Elite,RSC001856,Chinchilla929,Deep Dish,Fifty-Fifty Pizzeria,Lunar,43.5,538,36,0.433,0.417,15,21,11912,6340,5572,20,16,53,89,22.5%,340.1,181.0,159.1,0.57,0.46,1.51,2.54,330.9,176.1,154.8,0.56,0.44,1.47,2.47,67,80,1.91,2.28,1.86,2.22
Elite,RSC001954,Kiwi,"Apollo
Kopi Luwak","Olympus
The Cat Cafe",Solar,43.1,695,47,0.46,0.468,22,25,15326,8390,6936,26,21,72,114,22.8%,338.7,185.4,153.3,0.57,0.46,1.59,2.52,326.1,178.5,147.6,0.55,0.45,1.53,2.43,90,100,1.99,2.21,1.91,2.13
Elite,RSC001292,Flamethrowr,"Bolts
Ghoulden Grahams","Electric Mayhem
Spooky Breakfast Gang",Solar,42.8,753,47,0.332,0.277,13,34,15773,8890,6883,33,27,58,134,24.6%,321.7,181.3,140.4,0.67,0.55,1.18,2.73,335.6,189.1,146.4,0.7,0.57,1.23,2.85,93,145,1.9,2.96,1.98,3.09
Elite,RSC003434,Shadowrckts,Death Stars,The Empire,Solar,42.1,738,51,0.403,0.412,21,30,16313,8620,7693,26,28,73,97,26.8%,339.5,179.4,160.1,0.54,0.58,1.52,2.02,319.9,169.0,150.8,0.51,0.55,1.43,1.9,102,131,2.12,2.73,2.0,2.57
Elite,RSC000722,Yoder,"Vipers
Apollo","The Serpents
Olympus",Lunar,41.8,527,35,0.455,0.429,15,20,11319,6160,5159,24,16,41,91,26.4%,329.9,179.5,150.4,0.7,0.47,1.2,2.65,323.4,176.0,147.4,0.69,0.46,1.17,2.6,73,82,2.13,2.39,2.09,2.34
Elite,RSC000183,Rex,"Eagles
Death Stars","Birds of Prey
The Empire",Solar,41.5,701,46,0.477,0.522,24,22,16018,9190,6828,44,17,58,104,42.3%,351.0,201.4,149.6,0.96,0.37,1.27,2.28,348.2,199.8,148.4,0.96,0.37,1.26,2.26,99,105,2.17,2.3,2.15,2.28
Elite,RSC002407,Envy,Aphelion,The Cosmos,Solar,41.2,840,55,0.433,0.364,20,35,19230,10810,8420,48,19,76,126,38.1%,351.6,197.7,154.0,0.88,0.35,1.39,2.3,349.6,196.5,153.1,0.87,0.35,1.38,2.29,117,139,2.14,2.54,2.13,2.53
Elite,,Natsu,Great Apes,Planet of the Apes,Lunar,41.1,820,52,0.331,0.308,16,36,17974,9770,8204,37,20,73,142,26.1%,336.7,183.0,153.7,0.69,0.37,1.37,2.66,345.7,187.9,157.8,0.71,0.38,1.4,2.73,101,158,1.89,2.96,1.94,3.04
Elite,RSC003305,Sobes,Gauntlets,8-Bit Brigade,Lunar,40.9,489,33,0.505,0.515,17,16,10444,6080,4364,27,18,35,73,37.0%,328.1,191.0,137.1,0.85,0.57,1.1,2.29,316.5,184.2,132.2,0.82,0.55,1.06,2.21,77,76,2.42,2.39,2.33,2.3
Elite,,Beard,"Infestors
Great Apes","The Swarm
Planet of the Apes",Lunar,40.8,841,51,0.402,0.412,21,30,18348,10760,7588,39,30,84,116,33.6%,335.1,196.5,138.6,0.71,0.55,1.53,2.12,359.8,211.0,148.8,0.76,0.59,1.65,2.27,114,147,2.08,2.68,2.24,2.88
Elite,RSC003421,Washeduplaxbro,Ghoulden Grahams,Spooky Breakfast Gang,Solar,40.7,15,1,0.376,0.0,0,1,248,130,118,0,1,1,3,0.0%,254.0,133.1,120.8,0.0,1.02,1.02,3.07,248.0,130.0,118.0,0.0,1.0,1.0,3.0,3,4,3.07,4.1,3.0,4.0
Elite,RSC000481,Sugarmanz,Deep Dish,Fifty-Fifty Pizzeria,Lunar,40.4,434,30,0.342,0.367,11,19,9425,5050,4375,17,14,40,65,26.2%,333.6,178.7,154.8,0.6,0.5,1.42,2.3,314.2,168.3,145.8,0.57,0.47,1.33,2.17,46,71,1.63,2.51,1.53,2.37
Elite,RSC002102,Thrashhawk,"Queens
Fury","House of Cards
North American Soccar Club",Solar,40.1,662,43,0.496,0.419,18,25,13755,7370,6385,25,26,51,102,24.5%,319.2,171.0,148.1,0.58,0.6,1.18,2.37,319.9,171.4,148.5,0.58,0.6,1.19,2.37,88,89,2.04,2.07,2.05,2.07
Elite,RSC000009,Timbo,"Ghoulden Grahams
Dumpsters","Spooky Breakfast Gang
Waste Management",Solar,40.0,447,30,0.531,0.467,14,16,9178,4870,4308,20,16,26,77,26.0%,315.4,167.3,148.0,0.69,0.55,0.89,2.65,305.9,162.3,143.6,0.67,0.53,0.87,2.57,62,57,2.13,1.96,2.07,1.9
Elite,,Blueish,X-Men,The Comic Crusaders,Lunar,39.9,58,4,0.397,0.25,1,3,1164,610,554,2,2,4,11,18.2%,308.3,161.5,146.7,0.53,0.53,1.06,2.91,291.0,152.5,138.5,0.5,0.5,1.0,2.75,6,8,1.59,2.12,1.5,2.0
Elite,RSC000636,Heymycheese,Great Apes,Planet of the Apes,Lunar,39.5,64,4,0.202,0.0,0,4,1166,780,386,3,3,4,13,23.1%,279.8,187.2,92.6,0.72,0.72,0.96,3.12,291.5,195.0,96.5,0.75,0.75,1.0,3.25,8,18,1.92,4.32,2.0,4.5
Elite,RSC000170,Nathanry,Aphelion,The Cosmos,Solar,39.4,171,12,0.439,0.417,5,7,3296,1810,1486,4,9,14,26,15.4%,296.1,162.6,133.5,0.36,0.81,1.26,2.34,274.7,150.8,123.8,0.33,0.75,1.17,2.17,23,27,2.07,2.43,1.92,2.25
Elite,RSC000106,Nagz,Slap Chops,As Seen on TV!,Solar,39.3,845,55,0.6,0.691,38,17,17536,10270,7266,41,36,64,117,35.0%,318.8,186.7,132.1,0.75,0.65,1.16,2.13,318.8,186.7,132.1,0.75,0.65,1.16,2.13,155,120,2.82,2.18,2.82,2.18
Elite,RSC000016,Beans,Venus,Milky Way,Lunar,39.3,742,49,0.612,0.612,30,19,16420,8870,7550,37,19,62,112,33.0%,339.9,183.6,156.3,0.77,0.39,1.28,2.32,335.1,181.0,154.1,0.76,0.39,1.27,2.29,130,97,2.69,2.01,2.65,1.98
Elite,RSC002560,Killshot.,Death Stars,The Empire,Solar,38.9,52,4,0.237,0.0,0,4,1034,560,474,3,3,1,6,50.0%,305.4,165.4,140.0,0.89,0.89,0.3,1.77,258.5,140.0,118.5,0.75,0.75,0.25,1.5,7,14,2.07,4.14,1.75,3.5
Elite,RSC000155,Sykro,"Dumpsters
Menthol","Waste Management
Minty Fresh",Solar,38.6,684,43,0.492,0.558,24,19,14484,8170,6314,31,20,59,112,27.7%,325.3,183.5,141.8,0.7,0.45,1.32,2.52,336.8,190.0,146.8,0.72,0.47,1.37,2.6,92,94,2.07,2.11,2.14,2.19
Elite,RSC001004,Rogers,Sharks,The Ocean,Solar,38.5,708,49,0.669,0.653,32,17,14515,8650,5865,34,30,55,100,34.0%,314.9,187.7,127.2,0.74,0.65,1.19,2.17,296.2,176.5,119.7,0.69,0.61,1.12,2.04,132,84,2.86,1.82,2.69,1.71
Elite,,Platshot,Fury,North American Soccar Club,Solar,38.3,889,54,0.537,0.556,30,24,19136,10660,8476,37,30,85,121,30.6%,330.6,184.2,146.4,0.64,0.52,1.47,2.09,354.4,197.4,157.0,0.69,0.56,1.57,2.24,129,117,2.23,2.02,2.39,2.17
Elite,RSC000121,Cineo,Dumpsters,Waste Management,Solar,38.1,319,22,0.509,0.545,12,10,6948,3880,3068,13,10,33,43,30.2%,334.6,186.8,147.7,0.63,0.48,1.59,2.07,315.8,176.4,139.5,0.59,0.45,1.5,1.95,43,42,2.07,2.02,1.95,1.91
Elite,RSC001958,Justmikeyx,Aphelion,The Cosmos,Solar,38.1,495,32,0.515,0.469,15,17,9889,5730,4159,25,19,29,83,30.1%,306.9,177.8,129.1,0.78,0.59,0.9,2.58,309.0,179.1,130.0,0.78,0.59,0.91,2.59,81,78,2.51,2.42,2.53,2.44
Elite,RSC001983,Ash,Jaguars,The Jungle,Solar,38.1,791,51,0.619,0.588,30,21,16441,9540,6901,35,30,68,114,30.7%,319.3,185.3,134.0,0.68,0.58,1.32,2.21,322.4,187.1,135.3,0.69,0.59,1.33,2.24,148,109,2.87,2.12,2.9,2.14
Elite,,Clutchrltv,Dumpsters,Waste Management,Solar,38.1,627,40,0.597,0.625,25,15,13416,7490,5926,31,19,50,94,33.0%,328.7,183.5,145.2,0.76,0.47,1.22,2.3,335.4,187.3,148.2,0.78,0.48,1.25,2.35,107,83,2.62,2.03,2.68,2.08
Elite,,Sz9,Great Apes,Planet of the Apes,Lunar,38.0,57,4,0.205,0.0,0,4,1005,510,495,0,3,5,11,0.0%,270.8,137.4,133.4,0.0,0.81,1.35,2.96,251.3,127.5,123.8,0.0,0.75,1.25,2.75,5,12,1.35,3.23,1.25,3.0
Elite,RSC000740,Huggie Xd,"Ghoulden Grahams
Infestors","Spooky Breakfast Gang
The Swarm",Solar,37.8,578,37,0.406,0.405,15,22,11989,6560,5429,29,18,36,96,30.2%,318.6,174.3,144.3,0.77,0.48,0.96,2.55,324.0,177.3,146.7,0.78,0.49,0.97,2.59,81,103,2.15,2.74,2.19,2.78
Elite,,Paulielive,Bolts,Electric Mayhem,Lunar,37.3,668,45,0.382,0.333,15,30,13760,7080,6680,25,25,47,98,25.5%,316.4,162.8,153.6,0.57,0.57,1.08,2.25,305.8,157.3,148.4,0.56,0.56,1.04,2.18,94,127,2.16,2.92,2.09,2.82
Elite,RSC002597,Resact,Ghoulden Grahams,Spooky Breakfast Gang,Solar,37.0,320,21,0.355,0.333,7,14,6629,3550,3079,11,12,28,45,24.4%,318.2,170.4,147.8,0.53,0.58,1.34,2.16,315.7,169.0,146.6,0.52,0.57,1.33,2.14,38,56,1.82,2.69,1.81,2.67
Elite,RSC002945,Ahhlusiv,Great Whites,Shark Attack,Lunar,37.0,848,55,0.456,0.455,25,30,17359,9070,8289,26,36,71,112,23.2%,314.4,164.3,150.1,0.47,0.65,1.29,2.03,315.6,164.9,150.7,0.47,0.65,1.29,2.04,115,129,2.08,2.34,2.09,2.35
Elite,RSC000898,Ty26,"Apollo
Eagles","Olympus
Birds of Prey",Solar,36.7,933,60,0.43,0.4,24,36,19626,10890,8736,39,29,83,139,28.1%,323.1,179.3,143.8,0.64,0.48,1.37,2.29,327.1,181.5,145.6,0.65,0.48,1.38,2.32,118,142,1.94,2.34,1.97,2.37
Elite,RSC000661,Mack,Infestors,The Swarm,Solar,36.5,848,53,0.476,0.509,27,26,16916,9520,7396,40,30,52,142,28.2%,306.4,172.4,134.0,0.72,0.54,0.94,2.57,319.2,179.6,139.5,0.75,0.57,0.98,2.68,129,137,2.34,2.48,2.43,2.58
Elite,RSC001487,Mikeismyike,Deep Dish,Fifty-Fifty Pizzeria,Lunar,36.3,680,47,0.38,0.383,18,29,15187,8420,6767,30,15,75,92,32.6%,343.1,190.2,152.9,0.68,0.34,1.69,2.08,323.1,179.1,144.0,0.64,0.32,1.6,1.96,79,109,1.78,2.46,1.68,2.32
Elite,RSC002832,Pacmonsterghost,"Great Whites
Missiles","Shark Attack
Fallout Shelter",Solar,36.1,833,52,0.472,0.442,23,29,17457,10010,7447,31,28,87,116,26.7%,321.9,184.6,137.3,0.57,0.52,1.6,2.14,335.7,192.5,143.2,0.6,0.54,1.67,2.23,121,130,2.23,2.4,2.33,2.5
Elite,,Colin..,Great Whites,Shark Attack,Lunar,36.0,178,12,0.35,0.25,3,9,3485,1890,1595,8,7,9,29,27.6%,300.7,163.1,137.6,0.69,0.6,0.78,2.5,290.4,157.5,132.9,0.67,0.58,0.75,2.42,23,34,1.98,2.93,1.92,2.83
Elite,RSC000430,Tterb86,Infestors,The Swarm,Solar,35.8,511,33,0.37,0.273,9,24,10657,5970,4687,25,14,39,82,30.5%,320.3,179.5,140.9,0.75,0.42,1.17,2.46,322.9,180.9,142.0,0.76,0.42,1.18,2.48,71,99,2.13,2.98,2.15,3.0
Elite,RSC003235,Wiskey,Ghoulden Grahams,Spooky Breakfast Gang,Solar,35.8,822,52,0.371,0.308,16,36,17550,9230,8320,37,23,64,118,31.4%,327.9,172.5,155.5,0.69,0.43,1.2,2.2,337.5,177.5,160.0,0.71,0.44,1.23,2.27,104,146,1.94,2.73,2.0,2.81
Elite,RSC002216,Dan,Great Whites,Shark Attack,Lunar,35.0,618,40,0.459,0.475,19,21,12772,7870,4902,34,16,53,102,33.3%,317.4,195.6,121.8,0.85,0.4,1.32,2.54,319.3,196.8,122.6,0.85,0.4,1.33,2.55,91,101,2.26,2.51,2.28,2.53
Elite,,Itonydelatorre,Anglers,The Abyss,Lunar,34.9,491,33,0.456,0.424,14,19,9865,5200,4665,15,22,40,60,25.0%,308.6,162.7,145.9,0.47,0.69,1.25,1.88,298.9,157.6,141.4,0.45,0.67,1.21,1.82,64,72,2.0,2.25,1.94,2.18
Elite,RSC000606,Y-Low,Queens,House of Cards,Lunar,34.9,618,41,0.463,0.488,20,21,12573,6820,5753,23,21,51,92,25.0%,312.5,169.5,143.0,0.57,0.52,1.27,2.29,306.7,166.3,140.3,0.56,0.51,1.24,2.24,90,99,2.24,2.46,2.2,2.41
Elite,RSC000088,Bmorr,Bolts,Electric Mayhem,Lunar,34.5,295,19,0.359,0.263,5,14,6075,3260,2815,13,10,21,41,31.7%,316.3,169.7,146.6,0.68,0.52,1.09,2.13,319.7,171.6,148.2,0.68,0.53,1.11,2.16,38,55,1.98,2.86,2.0,2.89
Elite,,Tigerpm,Missiles,Fallout Shelter,Solar,34.4,488,30,0.54,0.5,15,15,9591,6050,3541,31,17,26,80,38.8%,301.9,190.4,111.5,0.98,0.54,0.82,2.52,319.7,201.7,118.0,1.03,0.57,0.87,2.67,84,76,2.64,2.39,2.8,2.53
Elite,RSC002880,Aitan,Death Stars,The Empire,Solar,34.3,154,11,0.534,0.455,5,6,3206,1560,1646,6,5,10,21,28.6%,319.8,155.6,164.2,0.6,0.5,1.0,2.09,291.5,141.8,149.6,0.55,0.45,0.91,1.91,24,22,2.39,2.19,2.18,2.0
Elite,RSC000643,M3 Mario,Anglers,The Abyss,Lunar,31.4,561,38,0.477,0.395,15,23,11855,6230,5625,23,14,50,73,31.5%,324.6,170.6,154.0,0.63,0.38,1.37,2.0,312.0,163.9,148.0,0.61,0.37,1.32,1.92,81,86,2.22,2.35,2.13,2.26
Elite,RSC003400,Kill3D_It,"Missiles
Great Apes","Fallout Shelter
Planet of the Apes",Lunar,30.7,432,26,0.325,0.269,7,19,8466,4590,3876,15,14,35,64,23.4%,301.0,163.2,137.8,0.53,0.5,1.24,2.28,325.6,176.5,149.1,0.58,0.54,1.35,2.46,55,87,1.96,3.09,2.12,3.35
Elite,RSC000945,Domino,Great Danes,Puppy Paradise,Solar,30.5,577,39,0.607,0.718,28,11,10996,6470,4526,29,21,33,87,33.3%,292.7,172.2,120.5,0.77,0.56,0.88,2.32,281.9,165.9,116.1,0.74,0.54,0.85,2.23,103,78,2.74,2.08,2.64,2.0
Elite,RSC002658,Boojoyner,"Apollo
Vipers","Olympus
The Serpents",Solar,29.3,661,45,0.393,0.378,17,28,13843,6900,6943,29,12,49,95,30.5%,321.7,160.3,161.3,0.67,0.28,1.14,2.21,307.6,153.3,154.3,0.64,0.27,1.09,2.11,82,109,1.91,2.53,1.82,2.42
Elite,,Thekingblackice,Kopi Luwak,The Cat Cafe,Solar,28.3,378,25,0.247,0.2,5,20,7747,4100,3647,13,9,37,50,26.0%,314.8,166.6,148.2,0.53,0.37,1.5,2.03,309.9,164.0,145.9,0.52,0.36,1.48,2.0,40,81,1.63,3.29,1.6,3.24
Elite,RSC000855,Sauceoninfinity,Eagles,Birds of Prey,Solar,27.9,118,8,0.254,0.25,2,6,2299,1120,1179,2,5,11,12,16.7%,299.3,145.8,153.5,0.26,0.65,1.43,1.56,287.4,140.0,147.4,0.25,0.63,1.38,1.5,12,24,1.56,3.12,1.5,3.0
Elite,RSC000855,Sauceoninfinity,Eagles,Birds of Prey,Solar,27.9,118,8,0.254,0.25,2,6,2299,1120,1179,2,5,11,12,16.7%,299.3,145.8,153.5,0.26,0.65,1.43,1.56,287.4,140.0,147.4,0.25,0.63,1.38,1.5,12,24,1.56,3.12,1.5,3.0
Elite,RSC000175,Nytro,Cyclones,Storm,Solar,26.9,160,12,0.289,0.167,2,10,3254,1650,1604,9,4,7,20,45.0%,312.4,158.4,154.0,0.86,0.38,0.67,1.92,271.2,137.5,133.7,0.75,0.33,0.58,1.67,20,35,1.92,3.36,1.67,2.92
Elite,RSC001852,Jester,"Slap Chops
Bolts","As Seen on TV!
Electric Mayhem",Lunar,26.7,450,30,0.45,0.4,12,18,8679,4970,3709,20,12,34,67,29.9%,296.2,169.6,126.6,0.68,0.41,1.16,2.29,289.3,165.7,123.6,0.67,0.4,1.13,2.23,67,76,2.29,2.59,2.23,2.53
Elite,RSC003150,Slate,Missiles,Fallout Shelter,Solar,25.0,432,26,0.307,0.192,5,21,7586,4480,3106,16,16,28,68,23.5%,269.7,159.3,110.4,0.57,0.57,1.0,2.42,291.8,172.3,119.5,0.62,0.62,1.08,2.62,50,84,1.78,2.99,1.92,3.23
Elite,RSC000621,Ogkrish,Indominus,Dino Park,Lunar,24.7,814,52,0.528,0.538,28,24,15208,8230,6978,33,21,52,128,25.8%,287.0,155.3,131.7,0.62,0.4,0.98,2.42,292.5,158.3,134.2,0.63,0.4,1.0,2.46,129,120,2.43,2.26,2.48,2.31
Elite,RSC003129,Papakhan,"Kopi Luwak
Great Whites","The Cat Cafe
Shark Attack",Solar,24.5,520,34,0.298,0.294,10,24,10272,5420,4852,15,14,52,62,24.2%,303.4,160.1,143.3,0.44,0.41,1.54,1.83,302.1,159.4,142.7,0.44,0.41,1.53,1.82,59,102,1.74,3.01,1.74,3.0
Elite,RSC003009,Twisted,"Eagles
Aphelion
Ghoulden Grahams","Birds of Prey
The Cosmos
Spooky Breakfast Gang",Solar,24.4,732,47,0.325,0.277,13,34,13952,7330,6622,26,18,55,108,24.1%,292.8,153.8,139.0,0.55,0.38,1.15,2.27,296.9,156.0,140.9,0.55,0.38,1.17,2.3,87,139,1.83,2.92,1.85,2.96
Elite,RSC003009,Twisted,"Eagles
Aphelion
Ghoulden Grahams","Birds of Prey
The Cosmos
Spooky Breakfast Gang",Solar,24.4,732,47,0.325,0.277,13,34,13952,7330,6622,26,18,55,108,24.1%,292.8,153.8,139.0,0.55,0.38,1.15,2.27,296.9,156.0,140.9,0.55,0.38,1.17,2.3,87,139,1.83,2.92,1.85,2.96
Elite,,Alpha,Aphelion,The Cosmos,Solar,23.9,297,19,0.323,0.211,4,15,5687,2930,2757,10,7,23,43,23.3%,294.1,151.5,142.6,0.52,0.36,1.19,2.22,299.3,154.2,145.1,0.53,0.37,1.21,2.26,32,52,1.65,2.69,1.68,2.74
Elite,RSC001603,Reckless.,"Kopi Luwak
Deep Dish","The Cat Cafe
Fifty-Fifty Pizzeria",Solar,23.6,477,32,0.255,0.25,8,24,9229,4760,4469,18,11,35,66,27.3%,297.2,153.3,143.9,0.58,0.35,1.13,2.13,288.4,148.8,139.7,0.56,0.34,1.09,2.06,53,104,1.71,3.35,1.66,3.25
Elite,RSC003111,Judgemental,"Kopi Luwak
Eagles","The Cat Cafe
Birds of Prey",Solar,23.5,215,14,0.285,0.214,3,11,4134,2120,2014,5,6,21,27,18.5%,295.3,151.5,143.9,0.36,0.43,1.5,1.93,295.3,151.4,143.9,0.36,0.43,1.5,1.93,20,37,1.43,2.64,1.43,2.64
Elite,RSC002547,Tallian,Kopi Luwak,The Cat Cafe,Solar,22.8,29,2,0.397,0.5,1,1,561,310,251,2,0,1,6,33.3%,297.1,164.2,132.9,1.06,0.0,0.53,3.18,280.5,155.0,125.5,1.0,0.0,0.5,3.0,3,4,1.59,2.12,1.5,2.0
Elite,RSC001055,Scotti,Wolverines,Polar Vortex,Lunar,20.7,475,32,0.386,0.375,12,20,8828,4370,4458,18,8,28,77,23.4%,285.5,141.3,144.2,0.58,0.26,0.91,2.49,275.9,136.6,139.3,0.56,0.25,0.88,2.41,56,76,1.81,2.46,1.75,2.38
Elite,RSC001790,Viglio,"Great Whites
Illuminati","Shark Attack
The Order",Lunar,20.0,217,14,0.537,0.571,8,6,4302,2460,1842,10,2,21,31,32.3%,304.5,174.1,130.4,0.71,0.14,1.49,2.19,307.3,175.7,131.6,0.71,0.14,1.5,2.21,33,30,2.34,2.12,2.36,2.14
Elite,RSC001227,L.Damian20,Bolts,Electric Mayhem,Lunar,19.9,143,8,0.193,0.125,1,7,2822,1590,1232,5,5,15,9,55.6%,303.1,170.8,132.3,0.54,0.54,1.61,0.97,352.8,198.8,154.0,0.63,0.63,1.88,1.13,16,38,1.72,4.08,2.0,4.75
Elite,RSC001227,L.Damian20,Bolts,Electric Mayhem,Lunar,19.9,143,8,0.193,0.125,1,7,2822,1590,1232,5,5,15,9,55.6%,303.1,170.8,132.3,0.54,0.54,1.61,0.97,352.8,198.8,154.0,0.63,0.63,1.88,1.13,16,38,1.72,4.08,2.0,4.75
Elite,,Taka9486,Fire,The Elements,Lunar,19.3,74,4,0.142,0.0,0,4,1507,730,777,1,1,10,8,12.5%,312.8,151.5,161.3,0.21,0.21,2.08,1.66,376.8,182.5,194.3,0.25,0.25,2.5,2.0,8,23,1.66,4.77,2.0,5.75
Elite,RSC000836,Lilnate,Deep Dish,Fifty-Fifty Pizzeria,Lunar,18.4,102,7,0.254,0.286,2,5,2163,1190,973,4,1,13,9,44.4%,325.7,179.2,146.5,0.6,0.15,1.96,1.36,309.0,170.0,139.0,0.57,0.14,1.86,1.29,7,15,1.05,2.26,1.0,2.14
Elite,,Majest1C,Fury,North American Soccar Club,Solar,18.3,288,18,0.473,0.444,8,10,4904,2560,2344,9,11,15,36,25.0%,261.6,136.5,125.0,0.48,0.59,0.8,1.92,272.4,142.2,130.2,0.5,0.61,0.83,2.0,41,44,2.19,2.35,2.28,2.44
Elite,,Joez711529,Menthol,Minty Fresh,Solar,17.6,265,16,0.425,0.438,7,9,4333,2490,1843,11,8,11,44,25.0%,251.2,144.3,106.8,0.64,0.46,0.64,2.55,270.8,155.6,115.2,0.69,0.5,0.69,2.75,38,46,2.2,2.67,2.38,2.88
Elite,RSC003360,Flossy,Dumpsters,Waste Management,Solar,17.4,118,8,0.406,0.375,3,5,1826,930,896,1,5,8,18,5.6%,237.7,121.1,116.6,0.13,0.65,1.04,2.34,228.3,116.3,112.0,0.13,0.63,1.0,2.25,14,18,1.82,2.34,1.75,2.25
Elite,RSC001907,Disasterpiece,Kopi Luwak,The Cat Cafe,Solar,16.9,267,17,0.324,0.294,5,12,5063,2880,2183,13,3,21,38,34.2%,291.3,165.7,125.6,0.75,0.17,1.21,2.19,297.8,169.4,128.4,0.76,0.18,1.24,2.24,34,54,1.96,3.11,2.0,3.18
Elite,RSC003368,Truth Seeker,Kopi Luwak,The Cat Cafe,Solar,16.4,69,4,0.418,0.25,1,3,1235,580,655,3,2,2,8,37.5%,274.9,129.1,145.8,0.67,0.45,0.45,1.78,308.8,145.0,163.8,0.75,0.5,0.5,2.0,8,10,1.78,2.23,2.0,2.5
Elite,RSC000294,Big Boi Johnny,"Aphelion
Ghoulden Grahams","The Cosmos
Spooky Breakfast Gang",Solar,15.1,139,10,0.3,0.2,2,8,2691,1120,1571,4,3,9,12,33.3%,297.4,123.8,173.6,0.44,0.33,0.99,1.33,269.1,112.0,157.1,0.4,0.3,0.9,1.2,13,23,1.44,2.54,1.3,2.3
Elite,RSC000140,Kaeso Clarus,Missiles,Fallout Shelter,Solar,14.1,131,8,0.243,0.125,1,7,2425,1480,945,6,3,12,13,46.2%,284.3,173.5,110.8,0.7,0.35,1.41,1.52,303.1,185.0,118.1,0.75,0.38,1.5,1.63,16,32,1.88,3.75,2.0,4.0
Elite,RSC002456,Enigma,Kopi Luwak,The Cat Cafe,Solar,14.0,109,6,0.358,0.167,1,5,1824,820,1004,2,4,6,12,16.7%,257.0,115.6,141.5,0.28,0.56,0.85,1.69,304.0,136.7,167.3,0.33,0.67,1.0,2.0,13,19,1.83,2.68,2.17,3.17
Elite,RSC002456,Enigma,Kopi Luwak,The Cat Cafe,Solar,14.0,109,6,0.358,0.167,1,5,1824,820,1004,2,4,6,12,16.7%,257.0,115.6,141.5,0.28,0.56,0.85,1.69,304.0,136.7,167.3,0.33,0.67,1.0,2.0,13,19,1.83,2.68,2.17,3.17
Elite,RSC001021,Sef_Assasin666,Kopi Luwak,The Cat Cafe,Solar,12.2,71,4,0.321,0.5,2,2,1285,890,395,4,1,7,9,44.4%,278.0,192.5,85.5,0.87,0.22,1.51,1.95,321.3,222.5,98.8,1.0,0.25,1.75,2.25,8,13,1.73,2.81,2.0,3.25
Elite,RSC001021,Sef_Assasin666,Kopi Luwak,The Cat Cafe,Solar,12.2,71,4,0.321,0.5,2,2,1285,890,395,4,1,7,9,44.4%,278.0,192.5,85.5,0.87,0.22,1.51,1.95,321.3,222.5,98.8,1.0,0.25,1.75,2.25,8,13,1.73,2.81,2.0,3.25
Elite,RSC001021,Sef_Assasin666,Kopi Luwak,The Cat Cafe,Solar,12.2,71,4,0.321,0.5,2,2,1285,890,395,4,1,7,9,44.4%,278.0,192.5,85.5,0.87,0.22,1.51,1.95,321.3,222.5,98.8,1.0,0.25,1.75,2.25,8,13,1.73,2.81,2.0,3.25
Elite,,Woke,Cyclones,Storm,Solar,7.7,33,2,0.428,0.5,1,1,478,170,308,0,2,1,2,0.0%,222.5,79.1,143.4,0.0,0.93,0.47,0.93,239.0,85.0,154.0,0.0,1.0,0.5,1.0,5,6,2.33,2.79,2.5,3.0
Elite,RSC000050,Lordmaccus,Great Apes,Planet of the Apes,Lunar,7.0,664,42,0.279,0.214,9,33,10787,5930,4857,21,16,45,78,26.9%,249.5,137.2,112.4,0.49,0.37,1.04,1.8,256.8,141.2,115.6,0.5,0.38,1.07,1.86,75,137,1.73,3.17,1.79,3.26
Elite,RSC000001,Obijuankenoi,Ghoulden Grahams,Spooky Breakfast Gang,Solar,6.2,286,18,0.301,0.167,3,15,4947,2570,2377,8,4,25,32,25.0%,265.7,138.0,127.7,0.43,0.21,1.34,1.72,274.8,142.8,132.1,0.44,0.22,1.39,1.78,30,52,1.61,2.79,1.67,2.89
Elite,RSC000461,Viper15,Knights,The Sovereign,Lunar,2.0,178,11,0.436,0.455,5,6,2971,1380,1591,4,1,14,23,17.4%,256.4,119.1,137.3,0.35,0.09,1.21,1.98,270.1,125.5,144.6,0.36,0.09,1.27,2.09,21,25,1.81,2.16,1.91,2.27
Elite,,Zrowe_,Kopi Luwak,The Cat Cafe,Solar,-24.3,46,3,0.034,0.333,1,2,584,260,324,0,1,4,1,0.0%,195.0,86.8,108.2,0.0,0.33,1.34,0.33,194.7,86.7,108.0,0.0,0.33,1.33,0.33,1,10,0.33,3.34,0.33,3.33
Elite,,Thomas,Bolts,Electric Mayhem,Lunar,-28.2,81,4,0.134,0.0,0,4,1004,560,444,3,0,4,6,50.0%,190.4,106.2,84.2,0.57,0.0,0.76,1.14,251.0,140.0,111.0,0.75,0.0,1.0,1.5,7,22,1.33,4.17,1.75,5.5
Contender,RSC003330,Lebaneseninja,Scout Bikes,The Empire,Solar,89.1,645,52,0.704,0.692,36,16,20406,12160,8246,64,30,54,156,41.0%,412.1,245.6,166.5,1.29,0.61,1.09,3.15,392.4,233.8,158.6,1.23,0.58,1.04,3.0,142,81,2.87,1.64,2.73,1.56
Contender,RSC002596,Jeff Wadowski,Pomodoro,Fifty-Fifty Pizzeria,Lunar,86.9,364,29,0.54,0.552,16,13,11472,6330,5142,30,20,33,68,44.1%,410.6,226.5,184.0,1.07,0.72,1.18,2.43,395.6,218.3,177.3,1.03,0.69,1.14,2.34,72,65,2.58,2.33,2.48,2.24
Contender,RSC003172,Satch Malone,Roaches,The Swarm,Solar,79.5,757,51,0.7,0.745,38,13,21637,13780,7857,85,25,35,228,37.3%,372.3,237.1,135.2,1.46,0.43,0.6,3.92,424.3,270.2,154.1,1.67,0.49,0.69,4.47,156,89,2.68,1.53,3.06,1.75
Contender,RSC000685,Daturquoisorang,Dart Frogs,The Jungle,Solar,79.0,589,45,0.752,0.778,35,10,16872,10460,6412,54,29,45,136,39.7%,373.2,231.3,141.8,1.19,0.64,1.0,3.01,374.9,232.4,142.5,1.2,0.64,1.0,3.02,141,69,3.12,1.53,3.13,1.53
Contender,RSC002515,Preflight,Chimps,Planet of the Apes,Lunar,76.4,732,51,0.794,0.824,42,9,20250,12800,7450,73,35,39,180,40.6%,360.4,227.8,132.6,1.3,0.62,0.69,3.2,397.1,251.0,146.1,1.43,0.69,0.76,3.53,178,74,3.17,1.32,3.49,1.45
Contender,RSC002833,Coopa,Secte Rouge,The Order,Lunar,76.1,647,48,0.554,0.563,27,21,18270,10740,7530,55,27,47,154,35.7%,367.9,216.2,151.6,1.11,0.54,0.95,3.1,380.6,223.8,156.9,1.15,0.56,0.98,3.21,123,107,2.48,2.15,2.56,2.23
Contender,RSC003297,Moist 10 Inch,Sea Turtles,The Ocean,Solar,75.6,268,22,0.571,0.5,11,11,7501,4340,3161,20,14,22,54,37.0%,364.6,211.0,153.7,0.97,0.68,1.07,2.62,341.0,197.3,143.7,0.91,0.64,1.0,2.45,54,45,2.62,2.19,2.45,2.05
Contender,RSC003295,Confuciusdragon,Dart Frogs,The Jungle,Solar,74.1,576,45,0.756,0.822,37,8,15381,9090,6291,44,34,36,119,37.0%,347.9,205.6,142.3,1.0,0.77,0.81,2.69,341.8,202.0,139.8,0.98,0.76,0.8,2.64,142,69,3.21,1.56,3.16,1.53
Contender,RSC003057,Kiff,"Roaches
Snap-Its","The Swarm
Fallout Shelter",Solar,72.6,261,20,0.387,0.35,7,13,7437,3980,3457,20,10,19,53,37.7%,371.2,198.6,172.5,1.0,0.5,0.95,2.65,371.9,199.0,172.9,1.0,0.5,0.95,2.65,37,50,1.85,2.5,1.85,2.5
Contender,RSC002021,Perk_At_Play,Samurai,The Sovereign,Lunar,72.2,497,39,0.658,0.59,23,16,13981,8330,5651,47,18,32,113,41.6%,366.5,218.3,148.1,1.23,0.47,0.84,2.96,358.5,213.6,144.9,1.21,0.46,0.82,2.9,104,68,2.73,1.78,2.67,1.74
Contender,,Hypno Rl,"Owls
Boxers","Birds of Prey
Puppy Paradise",Solar,70.5,361,30,0.553,0.6,18,12,10139,5470,4669,27,12,28,77,35.1%,365.9,197.4,168.5,0.97,0.43,1.01,2.78,338.0,182.3,155.6,0.9,0.4,0.93,2.57,71,62,2.56,2.24,2.37,2.07
Contender,RSC000938,Nukem,Dart Frogs,The Jungle,Solar,68.3,570,45,0.751,0.8,36,9,15505,9220,6285,48,24,42,112,42.9%,354.4,210.7,143.6,1.1,0.55,0.96,2.56,344.6,204.9,139.7,1.07,0.53,0.93,2.49,138,68,3.15,1.55,3.07,1.51
Contender,RSC003243,Jerxe,Wobbegongs,Shark Attack,Lunar,67.1,671,50,0.493,0.52,26,24,17366,9680,7686,45,31,45,138,32.6%,337.1,187.9,149.2,0.87,0.6,0.87,2.68,347.3,193.6,153.7,0.9,0.62,0.9,2.76,117,119,2.27,2.31,2.34,2.38
Contender,RSC002877,Robophant,Chimps,Planet of the Apes,Lunar,66.7,736,51,0.786,0.804,41,10,18730,11160,7570,49,41,57,136,36.0%,331.5,197.5,134.0,0.87,0.73,1.01,2.41,367.3,218.8,148.4,0.96,0.8,1.12,2.67,177,76,3.13,1.35,3.47,1.49
Contender,RSC001999,Cs O Gunkiller,Thunder Buddies,Electric Mayhem,Lunar,65.9,689,48,0.64,0.625,30,18,17326,10810,6516,51,37,50,136,37.5%,327.6,204.4,123.2,0.96,0.7,0.95,2.57,361.0,225.2,135.8,1.06,0.77,1.04,2.83,154,107,2.91,2.02,3.21,2.23
Contender,,Drac,Thunder Buddies,Electric Mayhem,Lunar,65.7,713,50,0.604,0.6,30,20,18189,10990,7199,58,32,41,154,37.7%,332.3,200.8,131.5,1.06,0.58,0.75,2.81,363.8,219.8,144.0,1.16,0.64,0.82,3.08,149,114,2.72,2.08,2.98,2.28
Contender,RSC001980,Absotruthonly,Snap-Its,Fallout Shelter,Solar,65.5,150,12,0.515,0.583,7,5,3855,1860,1995,7,6,11,31,22.6%,334.8,161.5,173.3,0.61,0.52,0.96,2.69,321.3,155.0,166.3,0.58,0.5,0.92,2.58,27,26,2.34,2.26,2.25,2.17
Contender,,Njmyers14,Sea Turtles,The Ocean,Solar,64.5,600,46,0.568,0.478,22,24,15551,8590,6961,37,27,49,109,33.9%,337.6,186.5,151.1,0.8,0.59,1.06,2.37,338.1,186.7,151.3,0.8,0.59,1.07,2.37,119,100,2.58,2.17,2.59,2.17
Contender,RSC003207,Lordhadron,Pomodoro,Fifty-Fifty Pizzeria,Lunar,64.0,555,44,0.488,0.523,23,21,14520,8470,6050,40,22,46,107,37.4%,340.8,198.8,142.0,0.94,0.52,1.08,2.51,330.0,192.5,137.5,0.91,0.5,1.05,2.43,99,102,2.32,2.39,2.25,2.32
Contender,RSC003486,Thedemonbelial,Snap-Its,Fallout Shelter,Solar,63.2,45,3,0.221,0.0,0,3,1397,830,567,5,0,5,8,62.5%,404.4,240.3,164.1,1.45,0.0,1.45,2.32,465.7,276.7,189.0,1.67,0.0,1.67,2.67,6,13,1.74,3.76,2.0,4.33
Contender,,Widdl,Samurai,The Sovereign,Lunar,61.6,600,46,0.597,0.522,24,22,15078,8340,6738,39,21,42,129,30.2%,327.4,181.1,146.3,0.85,0.46,0.91,2.8,327.8,181.3,146.5,0.85,0.46,0.91,2.8,109,84,2.37,1.82,2.37,1.83
Contender,RSC001836,Zignian,Chimps,Planet of the Apes,Lunar,60.5,730,51,0.786,0.804,41,10,17942,11320,6622,55,36,54,132,41.7%,320.2,202.0,118.2,0.98,0.64,0.96,2.36,351.8,222.0,129.8,1.08,0.71,1.06,2.59,175,75,3.12,1.34,3.43,1.47
Contender,RSC000850,Jcrdude,Scout Bikes,The Empire,Solar,60.3,559,46,0.697,0.674,31,15,13286,7430,5856,29,32,40,93,31.2%,309.6,173.1,136.5,0.68,0.75,0.93,2.17,288.8,161.5,127.3,0.63,0.7,0.87,2.02,125,73,2.91,1.7,2.72,1.59
Contender,RSC003081,Fruit Rollup,Battletoads,8-Bit Brigade,Lunar,58.1,534,39,0.326,0.333,13,26,14096,7710,6386,38,10,47,106,35.8%,343.9,188.1,155.8,0.93,0.24,1.15,2.59,361.4,197.7,163.7,0.97,0.26,1.21,2.72,69,111,1.68,2.71,1.77,2.85
Contender,RSC000930,Solidfisher63,Thunder Buddies,Electric Mayhem,Lunar,57.1,449,31,0.651,0.645,20,11,9729,5940,3789,28,30,17,79,35.4%,282.3,172.3,109.9,0.81,0.87,0.49,2.29,313.8,191.6,122.2,0.9,0.97,0.55,2.55,105,71,3.05,2.06,3.39,2.29
Contender,RSC003119,Vencill,Pterodactyls,Dino Park,Lunar,56.9,257,23,0.31,0.304,7,16,6735,3580,3155,16,5,25,48,33.3%,341.4,181.5,159.9,0.81,0.25,1.27,2.43,292.8,155.7,137.2,0.7,0.22,1.09,2.09,32,54,1.62,2.74,1.39,2.35
Contender,RSC003244,Lil Sus,Muffin Tops,The Cat Cafe,Solar,56.5,385,32,0.457,0.469,15,17,9934,5260,4674,27,12,27,61,44.3%,336.1,178.0,158.2,0.91,0.41,0.91,2.06,310.4,164.4,146.1,0.84,0.38,0.84,1.91,70,78,2.37,2.64,2.19,2.44
Contender,RSC000744,Risenwolfchamp,Owls,Birds of Prey,Solar,56.3,136,9,0.421,0.333,3,6,2962,1900,1062,9,7,7,30,30.0%,283.7,182.0,101.7,0.86,0.67,0.67,2.87,329.1,211.1,118.0,1.0,0.78,0.78,3.33,22,27,2.11,2.59,2.44,3.0
Contender,RSC003416,Drskimmilk,Chasms,North American Soccar Club,Solar,56.2,629,50,0.485,0.54,27,23,16015,8250,7765,30,21,65,95,31.6%,331.7,170.9,160.8,0.62,0.43,1.35,1.97,320.3,165.0,155.3,0.6,0.42,1.3,1.9,98,102,2.03,2.11,1.96,2.04
Contender,RSC003376,Zarathustra,Scout Bikes,The Empire,Solar,55.7,516,41,0.662,0.659,27,14,12444,7520,4924,43,17,26,107,40.2%,314.2,189.9,124.3,1.09,0.43,0.66,2.7,303.5,183.4,120.1,1.05,0.41,0.63,2.61,107,69,2.7,1.74,2.61,1.68
Contender,RSC003450,Chronoelevated,Boxers,Puppy Paradise,Solar,55.6,54,4,0.456,0.25,1,3,1191,700,491,3,3,3,10,30.0%,287.3,168.9,118.4,0.72,0.72,0.72,2.41,297.8,175.0,122.8,0.75,0.75,0.75,2.5,8,9,1.93,2.17,2.0,2.25
Contender,RSC002840,Jandr,"Roaches
Rattlers","The Swarm
The Serpents",Lunar,55.4,519,38,0.495,0.474,18,20,11901,6190,5711,21,28,38,79,26.6%,298.7,155.4,143.3,0.53,0.7,0.95,1.98,313.2,162.9,150.3,0.55,0.74,1.0,2.08,83,84,2.08,2.11,2.18,2.21
Contender,,Minireaper1117,Wobbegongs,Shark Attack,Lunar,55.3,691,52,0.484,0.519,27,25,16907,9460,7447,47,19,48,141,33.3%,318.7,178.3,140.4,0.89,0.36,0.9,2.66,325.1,181.9,143.2,0.9,0.37,0.92,2.71,120,125,2.26,2.36,2.31,2.4
Contender,,Sanch3Z020,Spearmint,Minty Fresh,Solar,55.3,353,27,0.427,0.444,12,15,8609,4660,3949,18,11,33,66,27.3%,317.7,172.0,145.7,0.66,0.41,1.22,2.44,318.9,172.6,146.3,0.67,0.41,1.22,2.44,51,62,1.88,2.29,1.89,2.3
Contender,RSC003329,Koirley,Boxers,Puppy Paradise,Solar,55.2,374,29,0.358,0.31,9,20,9193,4990,4203,22,10,31,74,29.7%,320.2,173.8,146.4,0.77,0.35,1.08,2.58,317.0,172.1,144.9,0.76,0.34,1.07,2.55,52,76,1.81,2.65,1.79,2.62
Contender,,Tactical,Chasms,North American Soccar Club,Solar,54.9,599,48,0.496,0.542,26,22,15320,8460,6860,36,18,61,91,39.6%,333.2,184.0,149.2,0.78,0.39,1.33,1.98,319.2,176.3,142.9,0.75,0.38,1.27,1.9,95,96,2.07,2.09,1.98,2.0
Contender,RSC003212,Tr1Zel,Owls,Birds of Prey,Solar,54.4,538,44,0.443,0.455,20,24,12746,7040,5706,33,20,35,99,33.3%,308.6,170.5,138.2,0.8,0.48,0.85,2.4,289.7,160.0,129.7,0.75,0.45,0.8,2.25,88,102,2.13,2.47,2.0,2.32
Contender,,Dcboes,Rattlers,The Serpents,Lunar,52.4,603,44,0.458,0.477,21,23,14440,8100,6340,36,18,50,110,32.7%,312.0,175.0,137.0,0.78,0.39,1.08,2.38,328.2,184.1,144.1,0.82,0.41,1.14,2.5,93,104,2.01,2.25,2.11,2.36
Contender,RSC002627,Spookapalooza,Rattlers,The Serpents,Lunar,51.8,600,45,0.473,0.511,23,22,14651,8280,6371,35,19,58,93,37.6%,318.1,179.8,138.3,0.76,0.41,1.26,2.02,325.6,184.0,141.6,0.78,0.42,1.29,2.07,94,101,2.04,2.19,2.09,2.24
Contender,RSC003270,Anthri,"Wobbegongs
Battletoads","Shark Attack
8-Bit Brigade",Lunar,51.1,373,28,0.592,0.571,16,12,9076,5140,3936,27,13,25,54,50.0%,317.0,179.5,137.5,0.94,0.45,0.87,1.89,324.1,183.6,140.6,0.96,0.46,0.89,1.93,75,59,2.62,2.06,2.68,2.11
Contender,RSC000048,Pablo V2,Muffin Tops,The Cat Cafe,Solar,50.5,558,48,0.343,0.417,20,28,13233,6710,6523,27,17,45,91,29.7%,308.9,156.7,152.3,0.63,0.4,1.05,2.12,275.7,139.8,135.9,0.56,0.35,0.94,1.9,85,128,1.98,2.99,1.77,2.67
Contender,RSC003197,Began,Owls,Birds of Prey,Solar,50.1,282,26,0.493,0.462,12,14,6624,3450,3174,17,11,16,40,42.5%,306.0,159.4,146.6,0.79,0.51,0.74,1.85,254.8,132.7,122.1,0.65,0.42,0.62,1.54,53,54,2.45,2.49,2.04,2.08
Contender,RSC002569,Spades,Pterodactyls,Dino Park,Lunar,49.6,582,48,0.339,0.333,16,32,14881,7650,7231,28,12,70,75,37.3%,333.1,171.2,161.9,0.63,0.27,1.57,1.68,310.0,159.4,150.6,0.58,0.25,1.46,1.56,74,115,1.66,2.57,1.54,2.4
Contender,RSC002160,Slingshot_Db,Pomodoro,Fifty-Fifty Pizzeria,Lunar,49.4,473,35,0.414,0.4,14,21,10807,5850,4957,26,18,32,75,34.7%,297.6,161.1,136.5,0.72,0.5,0.88,2.07,308.8,167.1,141.6,0.74,0.51,0.91,2.14,71,89,1.96,2.45,2.03,2.54
Contender,RSC003025,Mfbirdman,Chasms,North American Soccar Club,Solar,49.0,462,37,0.495,0.541,20,17,10919,6270,4649,28,13,41,77,36.4%,307.9,176.8,131.1,0.79,0.37,1.16,2.17,295.1,169.5,125.6,0.76,0.35,1.11,2.08,75,76,2.11,2.14,2.03,2.05
Contender,RSC003328,Tranquil Horse,Secte Rouge,The Order,Lunar,47.8,336,25,0.513,0.56,14,11,7653,4580,3073,20,12,29,53,37.7%,296.7,177.6,119.1,0.78,0.47,1.12,2.05,306.1,183.2,122.9,0.8,0.48,1.16,2.12,62,60,2.4,2.33,2.48,2.4
Contender,,Cakekyst,Owls,Birds of Prey,Solar,45.5,197,15,0.412,0.4,6,9,4190,2310,1880,7,8,18,31,22.6%,277.1,152.8,124.3,0.46,0.53,1.19,2.05,279.3,154.0,125.3,0.47,0.53,1.2,2.07,31,39,2.05,2.58,2.07,2.6
Contender,,Eybuhl,Sea Turtles,The Ocean,Solar,44.9,624,47,0.564,0.468,22,25,13636,8090,5546,38,24,43,94,40.4%,284.7,168.9,115.8,0.79,0.5,0.9,1.96,290.1,172.1,118.0,0.81,0.51,0.91,2.0,125,106,2.61,2.21,2.66,2.26
Contender,RSC002554,Trexreaper,Pterodactyls,Dino Park,Lunar,44.4,25,2,0.5,0.5,1,1,673,220,453,0,0,4,2,0.0%,350.7,114.6,236.0,0.0,0.0,2.08,1.04,336.5,110.0,226.5,0.0,0.0,2.0,1.0,1,1,0.52,0.52,0.5,0.5
Contender,RSC000794,Rocketmayne,Snap-Its,Fallout Shelter,Solar,44.2,110,9,0.416,0.333,3,6,2457,1270,1187,4,3,11,17,23.5%,291.0,150.4,140.6,0.47,0.36,1.3,2.01,273.0,141.1,131.9,0.44,0.33,1.22,1.89,16,20,1.89,2.37,1.78,2.22
Contender,RSC003192,Crazybeaver1117,Blobfish,The Abyss,Lunar,43.9,529,40,0.462,0.5,20,20,11345,6290,5055,22,14,48,99,22.2%,279.4,154.9,124.5,0.54,0.34,1.18,2.44,283.6,157.3,126.4,0.55,0.35,1.2,2.48,73,81,1.8,1.99,1.83,2.03
Contender,,Superspookyguy,Roaches,The Swarm,Solar,43.6,474,31,0.689,0.742,23,8,10068,5880,4188,23,21,38,63,36.5%,276.7,161.6,115.1,0.63,0.58,1.04,1.73,324.8,189.7,135.1,0.74,0.68,1.23,2.03,98,58,2.69,1.59,3.16,1.87
Contender,RSC002350,Nacho,Spearmint,Minty Fresh,Solar,43.4,515,41,0.329,0.366,15,26,11305,6340,4965,26,16,43,79,32.9%,286.0,160.4,125.6,0.66,0.4,1.09,2.0,275.7,154.6,121.1,0.63,0.39,1.05,1.93,70,111,1.77,2.81,1.71,2.71
Contender,RSC003276,Consciousprophit,Sea Turtles,The Ocean,Solar,42.9,491,38,0.543,0.447,17,21,11067,6460,4607,36,10,30,86,41.9%,293.6,171.4,122.2,0.96,0.27,0.8,2.28,291.2,170.0,121.2,0.95,0.26,0.79,2.26,95,85,2.52,2.26,2.5,2.24
Contender,RSC003269,The Battlefish,Blobfish,The Abyss,Lunar,41.9,449,34,0.353,0.471,16,18,9647,5080,4567,21,14,32,68,30.9%,279.9,147.4,132.5,0.61,0.41,0.93,1.97,283.7,149.4,134.3,0.62,0.41,0.94,2.0,62,92,1.8,2.67,1.82,2.71
Contender,RSC003302,Coolsocks006,Boxers,Puppy Paradise,Solar,41.7,222,20,0.26,0.25,5,15,5144,2410,2734,12,4,14,31,38.7%,301.9,141.4,160.4,0.7,0.23,0.82,1.82,257.2,120.5,136.7,0.6,0.2,0.7,1.55,29,56,1.7,3.29,1.45,2.8
Contender,RSC003054,Particlect,Secte Rouge,The Order,Lunar,41.6,427,31,0.48,0.484,15,16,8574,5290,3284,27,17,20,74,36.5%,261.6,161.4,100.2,0.82,0.52,0.61,2.26,276.6,170.6,105.9,0.87,0.55,0.65,2.39,78,82,2.38,2.5,2.52,2.65
Contender,,Miro,Blobfish,The Abyss,Lunar,41.0,468,34,0.393,0.412,14,20,9756,5000,4756,21,12,29,85,24.7%,271.6,139.2,132.4,0.58,0.33,0.81,2.37,286.9,147.1,139.9,0.62,0.35,0.85,2.5,58,78,1.61,2.17,1.71,2.29
Contender,,⋆Fictional⋆,Scout Bikes,The Empire,Solar,39.6,215,17,0.811,0.824,14,3,4315,2350,1965,6,10,20,25,24.0%,261.4,142.4,119.1,0.36,0.61,1.21,1.51,253.8,138.2,115.6,0.35,0.59,1.18,1.47,52,20,3.15,1.21,3.06,1.18
Contender,RSC003146,Haakon,Spearmint,Minty Fresh,Solar,39.0,561,44,0.3,0.295,13,31,11622,6330,5292,24,19,44,78,30.8%,269.9,147.0,122.9,0.56,0.44,1.02,1.81,264.1,143.9,120.3,0.55,0.43,1.0,1.77,73,126,1.7,2.93,1.66,2.86
Contender,RSC003256,Pankakes102,Battletoads,8-Bit Brigade,Lunar,38.8,451,32,0.348,0.313,10,22,9723,5390,4333,19,11,46,64,29.7%,280.8,155.7,125.2,0.55,0.32,1.33,1.85,303.8,168.4,135.4,0.59,0.34,1.44,2.0,61,92,1.76,2.66,1.91,2.88
Contender,,Ncreds,Secte Rouge,The Order,Lunar,38.7,673,50,0.539,0.56,28,22,13535,7110,6425,28,28,41,86,32.6%,262.0,137.6,124.4,0.54,0.54,0.79,1.66,270.7,142.2,128.5,0.56,0.56,0.82,1.72,126,114,2.44,2.21,2.52,2.28
Contender,RSC001871,Thewainmaker,Blobfish,The Abyss,Lunar,38.6,645,48,0.405,0.458,22,26,13883,7750,6133,30,15,61,95,31.6%,280.4,156.5,123.9,0.61,0.3,1.23,1.92,289.2,161.5,127.8,0.63,0.31,1.27,1.98,89,115,1.8,2.32,1.85,2.4
Contender,RSC003258,Vodrai,Boxers,Puppy Paradise,Solar,38.5,595,46,0.34,0.261,12,34,12818,6470,6348,24,13,51,87,27.6%,280.6,141.7,139.0,0.53,0.28,1.12,1.9,278.7,140.7,138.0,0.52,0.28,1.11,1.89,77,119,1.69,2.61,1.67,2.59
Contender,RSC003333,Woah Mike Oxbig,Roaches,The Swarm,Solar,38.4,636,42,0.717,0.786,33,9,13015,7510,5505,27,20,57,96,28.1%,266.6,153.8,112.8,0.55,0.41,1.17,1.97,309.9,178.8,131.1,0.64,0.48,1.36,2.29,135,73,2.77,1.5,3.21,1.74
Contender,,Slootslayer30,Muffin Tops,The Cat Cafe,Solar,37.8,525,45,0.308,0.378,17,28,11415,5680,5735,27,11,34,73,37.0%,283.2,140.9,142.3,0.67,0.27,0.84,1.81,253.7,126.2,127.4,0.6,0.24,0.76,1.62,73,122,1.81,3.03,1.62,2.71
Contender,RSC002603,Djswifte,Samurai,The Sovereign,Lunar,36.2,510,40,0.544,0.5,20,20,10796,5770,5026,17,16,55,52,32.7%,275.8,147.4,128.4,0.43,0.41,1.4,1.33,269.9,144.3,125.7,0.43,0.4,1.38,1.3,80,71,2.04,1.81,2.0,1.78
Contender,RSC003153,Theman,Muffin Tops,The Cat Cafe,Solar,35.8,353,31,0.354,0.355,11,20,7372,3620,3752,14,10,26,42,33.3%,272.1,133.6,138.5,0.52,0.37,0.96,1.55,237.8,116.8,121.0,0.45,0.32,0.84,1.35,57,83,2.1,3.06,1.84,2.68
Contender,RSC002413,Dafiya711,Pterodactyls,Dino Park,Lunar,35.0,448,36,0.346,0.333,12,24,8954,4570,4384,13,14,40,57,22.8%,260.4,132.9,127.5,0.38,0.41,1.16,1.66,248.7,126.9,121.8,0.36,0.39,1.11,1.58,60,91,1.74,2.65,1.67,2.53
Contender,,Charlieharley1,Boxers,Puppy Paradise,Solar,34.6,46,4,0.195,0.25,1,3,901,500,401,3,2,1,5,60.0%,255.2,141.6,113.6,0.85,0.57,0.28,1.42,225.3,125.0,100.3,0.75,0.5,0.25,1.25,7,16,1.98,4.53,1.75,4.0
Contender,RSC002461,Mimzy Dangerous,Pterodactyls,Dino Park,Lunar,34.4,566,47,0.36,0.383,18,29,11142,6000,5142,24,17,39,80,30.0%,256.4,138.1,118.3,0.55,0.39,0.9,1.84,237.1,127.7,109.4,0.51,0.36,0.83,1.7,76,111,1.75,2.55,1.62,2.36
Contender,RSC002911,Alextross,Dart Frogs,The Jungle,Solar,34.3,254,21,0.664,0.714,15,6,4820,2740,2080,12,10,14,34,35.3%,247.2,140.5,106.7,0.62,0.51,0.72,1.74,229.5,130.5,99.0,0.57,0.48,0.67,1.62,53,34,2.72,1.74,2.52,1.62
Contender,RSC003281,Thatoneguy45,Thunder Buddies,Electric Mayhem,Lunar,33.8,384,27,0.576,0.593,16,11,7657,4520,3137,23,10,23,57,40.4%,259.8,153.3,106.4,0.78,0.34,0.78,1.93,283.6,167.4,116.2,0.85,0.37,0.85,2.11,72,59,2.44,2.0,2.67,2.19
Contender,,Wrrns,Snap-Its,Fallout Shelter,Solar,33.6,422,35,0.339,0.314,11,24,8447,4370,4077,17,11,31,57,29.8%,260.8,134.9,125.9,0.52,0.34,0.96,1.76,241.3,124.9,116.5,0.49,0.31,0.89,1.63,57,88,1.76,2.72,1.63,2.51
Contender,RSC002675,Macn24,Owls,Birds of Prey,Solar,32.9,366,33,0.466,0.485,16,17,7327,3980,3347,17,11,26,43,39.5%,260.8,141.7,119.1,0.61,0.39,0.93,1.53,222.0,120.6,101.4,0.52,0.33,0.79,1.3,68,74,2.42,2.63,2.06,2.24
Contender,RSC000642,Mawneer,"Snap-Its
Boxers","Fallout Shelter
Puppy Paradise",Solar,32.7,391,32,0.275,0.25,8,24,7902,3760,4142,8,11,40,41,19.5%,263.3,125.3,138.0,0.27,0.37,1.33,1.37,246.9,117.5,129.4,0.25,0.34,1.25,1.28,45,85,1.5,2.83,1.41,2.66
Contender,RSC003156,W0Odhou5E,"Rattlers
Wobbegongs","The Serpents
Shark Attack",Lunar,30.6,280,22,0.363,0.409,9,13,5692,2870,2822,9,7,27,27,33.3%,264.8,133.5,131.3,0.42,0.33,1.26,1.26,258.7,130.5,128.3,0.41,0.32,1.23,1.23,38,55,1.77,2.56,1.73,2.5
Contender,RSC000305,Dtduno,Samurai,The Sovereign,Lunar,30.2,421,31,0.512,0.452,14,17,8256,4590,3666,16,11,39,49,32.7%,255.5,142.0,113.4,0.5,0.34,1.21,1.52,266.3,148.1,118.3,0.52,0.35,1.26,1.58,64,62,1.98,1.92,2.06,2.0
Contender,RSC003029,Nocturnal,Chimps,Planet of the Apes,Lunar,29.7,34,3,0.594,0.667,2,1,644,340,304,1,1,3,4,25.0%,246.7,130.3,116.5,0.38,0.38,1.15,1.53,214.7,113.3,101.3,0.33,0.33,1.0,1.33,4,3,1.53,1.15,1.33,1.0
Contender,,Dmccarty,Battletoads,8-Bit Brigade,Lunar,28.9,592,44,0.346,0.341,15,29,11140,5870,5270,16,16,55,72,22.2%,245.1,129.2,116.0,0.35,0.35,1.21,1.58,253.2,133.4,119.8,0.36,0.36,1.25,1.64,74,113,1.63,2.49,1.68,2.57
Contender,RSC002963,John-E-Conga,Boxers,Puppy Paradise,Solar,28.4,459,36,0.285,0.222,8,28,8975,4650,4325,19,8,35,60,31.7%,254.7,132.0,122.7,0.54,0.23,0.99,1.7,249.3,129.2,120.1,0.53,0.22,0.97,1.67,60,108,1.7,3.07,1.67,3.0
Contender,RSC002796,Carno,Spearmint,Minty Fresh,Solar,25.7,533,41,0.295,0.341,14,27,9804,4850,4954,19,12,34,65,29.2%,239.6,118.5,121.1,0.46,0.29,0.83,1.59,239.1,118.3,120.8,0.46,0.29,0.83,1.59,67,118,1.64,2.88,1.63,2.88
Contender,,Vindicatex95,Snap-Its,Fallout Shelter,Solar,24.9,597,50,0.309,0.3,15,35,11310,5820,5490,28,10,36,72,38.9%,246.8,127.0,119.8,0.61,0.22,0.79,1.57,226.2,116.4,109.8,0.56,0.2,0.72,1.44,80,134,1.75,2.92,1.6,2.68
Contender,RSC000086,Stale Popcorn,Owls,Birds of Prey,Solar,21.6,57,4,0.261,0.25,1,3,980,530,450,2,1,4,8,25.0%,224.0,121.1,102.8,0.46,0.23,0.91,1.83,245.0,132.5,112.5,0.5,0.25,1.0,2.0,6,12,1.37,2.74,1.5,3.0
Contender,RSC000466,Underbreadbore,Roaches,The Swarm,Solar,21.4,127,9,0.655,0.556,5,4,2108,1240,868,4,4,10,14,28.6%,216.2,127.2,89.0,0.41,0.41,1.03,1.44,234.2,137.8,96.4,0.44,0.44,1.11,1.56,19,12,1.95,1.23,2.11,1.33
Contender,RSC002988,Pwapp,Roaches,The Swarm,Solar,20.7,41,3,0.379,0.333,1,2,560,200,360,0,2,1,5,0.0%,177.9,63.5,114.4,0.0,0.64,0.32,1.59,186.7,66.7,120.0,0.0,0.67,0.33,1.67,5,7,1.59,2.22,1.67,2.33
Contender,RSC003362,Quidditch Captn,Chasms,North American Soccar Club,Solar,19.6,245,21,0.327,0.381,8,13,4395,2250,2145,5,5,26,20,25.0%,233.7,119.6,114.1,0.27,0.27,1.38,1.06,209.3,107.1,102.1,0.24,0.24,1.24,0.95,29,47,1.54,2.5,1.38,2.24
Contender,RSC003352,Ses,Rattlers,The Serpents,Lunar,19.1,333,25,0.389,0.36,9,16,5523,2810,2713,12,7,17,41,29.3%,216.1,109.9,106.1,0.47,0.27,0.67,1.6,220.9,112.4,108.5,0.48,0.28,0.68,1.64,50,67,1.96,2.62,2.0,2.68
Contender,RSC000821,Elliotthill18,"Snap-Its
Pomodoro","Fallout Shelter
Fifty-Fifty Pizzeria",Solar,18.9,322,27,0.242,0.296,8,19,5485,2510,2975,10,6,17,36,27.8%,221.9,101.5,120.4,0.4,0.24,0.69,1.46,203.1,93.0,110.2,0.37,0.22,0.63,1.33,34,72,1.38,2.91,1.26,2.67
Contender,RSC000879,Inwardlicense54,Wobbegongs,Shark Attack,Lunar,13.7,83,5,0.401,0.4,2,3,1276,700,576,3,3,4,5,60.0%,200.3,109.9,90.4,0.47,0.47,0.63,0.78,255.2,140.0,115.2,0.6,0.6,0.8,1.0,14,18,2.2,2.83,2.8,3.6
Contender,RSC000323,Styk75,Wobbegongs,Shark Attack,Lunar,10.8,300,23,0.334,0.435,10,13,3971,1970,2001,3,11,17,27,11.1%,172.4,85.5,86.9,0.13,0.48,0.74,1.17,172.7,85.7,87.0,0.13,0.48,0.74,1.17,41,64,1.78,2.78,1.78,2.78
Contender,RSC002828,D1Rew00F,Pomodoro,Fifty-Fifty Pizzeria,Lunar,10.0,464,36,0.372,0.417,15,21,6830,3570,3260,10,10,33,42,23.8%,191.8,100.2,91.5,0.28,0.28,0.93,1.18,189.7,99.2,90.6,0.28,0.28,0.92,1.17,74,103,2.08,2.89,2.06,2.86
Contender,RSC003385,Nateb | Yt Elitz Iii,Secte Rouge,The Order,Lunar,6.9,32,2,0.132,0.0,0,2,440,220,220,1,1,1,2,50.0%,179.1,89.6,89.6,0.41,0.41,0.41,0.81,220.0,110.0,110.0,0.5,0.5,0.5,1.0,4,12,1.63,4.89,2.0,6.0
Contender,RSC002869,Exactlyzer0,Battletoads,8-Bit Brigade,Lunar,6.2,456,33,0.201,0.152,5,28,6466,2940,3526,7,9,29,34,20.6%,184.7,84.0,100.7,0.2,0.26,0.83,0.97,195.9,89.1,106.8,0.21,0.27,0.88,1.03,39,99,1.11,2.83,1.18,3.0
Challenger,RSC003488,Datcaptaindaddy,Freemasons,The Order,Lunar,95.1,16,1,0.65,1.0,1,0,577,390,187,3,0,1,4,75.0%,503.0,340.0,163.0,2.62,0.0,0.87,3.49,577.0,390.0,187.0,3.0,0.0,1.0,4.0,3,2,2.62,1.74,3.0,2.0
Challenger,RSC002754,Maverick,TIE Fighters,The Empire,Solar,91.7,668,48,0.799,0.833,40,8,19099,12430,6669,66,44,43,148,44.6%,398.8,259.5,139.2,1.38,0.92,0.9,3.09,397.9,259.0,138.9,1.38,0.92,0.9,3.08,173,73,3.61,1.52,3.6,1.52
Challenger,RSC000870,Viv1D,TIE Fighters,The Empire,Solar,89.5,810,60,0.807,0.833,50,10,22931,13240,9691,66,53,47,164,40.2%,394.8,228.0,166.9,1.14,0.91,0.81,2.82,382.2,220.7,161.5,1.1,0.88,0.78,2.73,207,84,3.56,1.45,3.45,1.4
Challenger,,Ellectrozx,TIE Fighters,The Empire,Solar,86.7,794,59,0.807,0.831,49,10,21972,12740,9232,62,44,50,184,33.7%,386.0,223.8,162.2,1.09,0.77,0.88,3.23,372.4,215.9,156.5,1.05,0.75,0.85,3.12,204,83,3.58,1.46,3.46,1.41
Challenger,RSC002096,Fjord,Polar Ice,Minty Fresh,Solar,86.5,775,54,0.647,0.63,34,20,22273,13190,9083,68,34,57,184,37.0%,400.8,237.4,163.5,1.22,0.61,1.03,3.31,412.5,244.3,168.2,1.26,0.63,1.06,3.41,151,102,2.72,1.84,2.8,1.89
Challenger,RSC000077,N8Bnsn,"Ospreys
Stingrays","Birds of Prey
The Ocean",Solar,85.7,479,34,0.57,0.529,18,16,13992,7770,6222,37,19,41,107,34.6%,407.4,226.2,181.2,1.08,0.55,1.19,3.12,411.5,228.5,183.0,1.09,0.56,1.21,3.15,84,70,2.45,2.04,2.47,2.06
Challenger,RSC003398,Skepsis,Threshers,Shark Attack,Lunar,85.2,858,60,0.624,0.617,37,23,23951,14800,9151,67,42,79,205,32.7%,389.3,240.6,148.8,1.09,0.68,1.28,3.33,399.2,246.7,152.5,1.12,0.7,1.32,3.42,165,119,2.68,1.93,2.75,1.98
Challenger,,Wackle,Chia Pets,As Seen on TV!,Solar,85.2,717,51,0.626,0.706,36,15,20832,12760,8072,59,34,73,151,39.1%,405.2,248.2,157.0,1.15,0.66,1.42,2.94,408.5,250.2,158.3,1.16,0.67,1.43,2.96,138,99,2.68,1.93,2.71,1.94
Challenger,,Goumfrugla,Hydralisks,The Swarm,Solar,82.1,351,26,0.493,0.462,12,14,10631,6070,4561,26,13,44,62,41.9%,422.4,241.2,181.2,1.03,0.52,1.75,2.46,408.9,233.5,175.4,1.0,0.5,1.69,2.38,56,57,2.23,2.26,2.15,2.19
Challenger,,Syko Legends,Metal,The Elements,Lunar,80.0,839,57,0.451,0.474,27,30,23456,14000,9456,72,36,63,185,38.9%,389.9,232.7,157.2,1.2,0.6,1.05,3.08,411.5,245.6,165.9,1.26,0.63,1.11,3.25,145,164,2.41,2.73,2.54,2.88
Challenger,RSC002757,Poetik,Baboons,Planet of the Apes,Lunar,76.9,841,59,0.575,0.61,36,23,23063,13890,9173,70,37,65,179,39.1%,382.5,230.4,152.1,1.16,0.61,1.08,2.97,390.9,235.4,155.5,1.19,0.63,1.1,3.03,168,139,2.79,2.31,2.85,2.36
Challenger,RSC002676,Mitchy.,Squalls,Storm,Solar,75.4,443,33,0.627,0.636,21,12,11372,6390,4982,21,27,42,84,25.0%,358.0,201.2,156.9,0.66,0.85,1.32,2.64,344.6,193.6,151.0,0.64,0.82,1.27,2.55,75,53,2.36,1.67,2.27,1.61
Challenger,,Gonzo,Ospreys,Birds of Prey,Solar,73.6,634,48,0.601,0.604,29,19,16837,9960,6877,41,32,61,121,33.9%,370.4,219.1,151.3,0.9,0.7,1.34,2.66,350.8,207.5,143.3,0.85,0.67,1.27,2.52,116,89,2.55,1.96,2.42,1.85
Challenger,RSC000211,Marq,TIE Fighters,The Empire,Solar,72.3,158,13,0.847,0.846,11,2,3984,2430,1554,13,9,7,33,39.4%,351.7,214.5,137.2,1.15,0.79,0.62,2.91,306.5,186.9,119.5,1.0,0.69,0.54,2.54,37,12,3.27,1.06,2.85,0.92
Challenger,,Feel,Shock,Electric Mayhem,Lunar,71.5,855,60,0.511,0.567,34,26,22198,13130,9068,48,47,89,153,31.4%,362.1,214.2,147.9,0.78,0.77,1.45,2.5,370.0,218.8,151.1,0.8,0.78,1.48,2.55,142,138,2.32,2.25,2.37,2.3
Challenger,RSC003211,Faygorl,Arctic Foxes,Polar Vortex,Lunar,70.7,371,29,0.586,0.586,17,12,9576,5100,4476,23,15,25,80,28.8%,360.0,191.7,168.3,0.86,0.56,0.94,3.01,330.2,175.9,154.3,0.79,0.52,0.86,2.76,64,51,2.41,1.92,2.21,1.76
Challenger,,Mrbastian2022,Panda Bears,The Bear Den,Lunar,70.4,878,59,0.642,0.644,38,21,24051,14930,9121,83,29,67,183,45.4%,382.1,237.2,144.9,1.32,0.46,1.06,2.91,407.6,253.1,154.6,1.41,0.49,1.14,3.1,180,124,2.86,1.97,3.05,2.1
Challenger,RSC003358,Galacticcccc,Dynamite,Fallout Shelter,Solar,69.7,364,27,0.684,0.704,19,8,9215,5450,3765,26,18,24,75,34.7%,353.1,208.8,144.3,1.0,0.69,0.92,2.87,341.3,201.9,139.4,0.96,0.67,0.89,2.78,77,47,2.95,1.8,2.85,1.74
Challenger,RSC003272,Jknop2,Guardians of the Galaxy,The Comic Crusaders,Lunar,69.2,755,57,0.485,0.491,28,29,19724,10880,8844,43,36,69,133,32.3%,364.4,201.0,163.4,0.79,0.67,1.27,2.46,346.0,190.9,155.2,0.75,0.63,1.21,2.33,125,130,2.31,2.4,2.19,2.28
Challenger,RSC002448,Feb,Chia Pets,As Seen on TV!,Solar,69.0,660,44,0.596,0.682,30,14,16663,9580,7083,42,34,48,128,32.8%,352.1,202.4,149.7,0.89,0.72,1.01,2.7,378.7,217.7,161.0,0.95,0.77,1.09,2.91,122,95,2.58,2.01,2.77,2.16
Challenger,,Chucklesgoalie,Spartans,The Sovereign,Lunar,68.4,655,46,0.615,0.609,28,18,17487,10710,6777,49,27,65,121,40.5%,372.4,228.1,144.3,1.04,0.57,1.38,2.58,380.2,232.8,147.3,1.07,0.59,1.41,2.63,127,94,2.7,2.0,2.76,2.04
Challenger,RSC003185,Beastmurph,Baboons,Planet of the Apes,Lunar,68.1,777,55,0.608,0.655,36,19,19892,11470,8422,56,41,49,137,40.9%,357.1,205.9,151.2,1.01,0.74,0.88,2.46,361.7,208.5,153.1,1.02,0.75,0.89,2.49,157,119,2.82,2.14,2.85,2.16
Challenger,,Snack Time,Solar Flares,North American Soccar Club,Solar,67.9,778,55,0.494,0.4,22,33,20285,11820,8465,58,29,59,162,35.8%,363.7,211.9,151.8,1.04,0.52,1.06,2.9,368.8,214.9,153.9,1.05,0.53,1.07,2.95,128,130,2.29,2.33,2.33,2.36
Challenger,RSC001416,Kilo,Triceratops,Dino Park,Lunar,66.7,682,51,0.507,0.471,24,27,17658,9970,7688,45,34,53,112,40.2%,361.1,203.9,157.2,0.92,0.7,1.08,2.29,346.2,195.5,150.7,0.88,0.67,1.04,2.2,118,116,2.41,2.37,2.31,2.27
Challenger,RSC001981,Dalerben61,Isopods,The Abyss,Lunar,66.7,729,53,0.538,0.547,29,24,18972,11090,7882,43,34,77,124,34.7%,363.0,212.2,150.8,0.82,0.65,1.47,2.37,358.0,209.2,148.7,0.81,0.64,1.45,2.34,127,115,2.43,2.2,2.4,2.17
Challenger,RSC003006,Freeze,Squalls,Storm,Solar,65.6,715,54,0.545,0.556,30,24,18899,10790,8109,49,23,67,139,35.3%,368.7,210.5,158.2,0.96,0.45,1.31,2.71,350.0,199.8,150.2,0.91,0.43,1.24,2.57,115,102,2.24,1.99,2.13,1.89
Challenger,RSC002308,Quaice,Saturn,Milky Way,Lunar,64.0,441,35,0.535,0.457,16,19,10607,5830,4777,23,23,31,83,27.7%,335.5,184.4,151.1,0.73,0.73,0.98,2.63,303.1,166.6,136.5,0.66,0.66,0.89,2.37,82,75,2.59,2.37,2.34,2.14
Challenger,,Nazmass11,Saturn,Milky Way,Lunar,63.6,502,37,0.393,0.243,9,28,12994,7500,5494,30,19,53,90,33.3%,361.0,208.4,152.6,0.83,0.53,1.47,2.5,351.2,202.7,148.5,0.81,0.51,1.43,2.43,75,99,2.08,2.75,2.03,2.68
Challenger,RSC002580,Captainfeesh,Fruity Phantoms,Spooky Breakfast Gang,Solar,63.0,291,21,0.556,0.571,12,9,7393,4430,2963,22,9,23,63,34.9%,354.3,212.3,142.0,1.05,0.43,1.1,3.02,352.0,211.0,141.1,1.05,0.43,1.1,3.0,52,45,2.49,2.16,2.48,2.14
Challenger,RSC002683,Roze,Schnauzers,Puppy Paradise,Solar,62.5,772,53,0.379,0.377,20,33,19859,11450,8409,42,31,88,130,32.3%,358.8,206.9,151.9,0.76,0.56,1.59,2.35,374.7,216.0,158.7,0.79,0.58,1.66,2.45,118,161,2.13,2.91,2.23,3.04
Challenger,RSC002960,King,Spartans,The Sovereign,Lunar,62.3,821,58,0.595,0.586,34,24,20683,11980,8703,56,33,64,153,36.6%,351.4,203.5,147.8,0.95,0.56,1.09,2.6,356.6,206.6,150.1,0.97,0.57,1.1,2.64,162,127,2.75,2.16,2.79,2.19
Challenger,RSC003239,Wallaby Gangsta,Panda Bears,The Bear Den,Lunar,62.0,843,57,0.641,0.649,37,20,19636,11410,8226,47,47,55,161,29.2%,324.9,188.8,136.1,0.78,0.78,0.91,2.66,344.5,200.2,144.3,0.82,0.82,0.96,2.82,171,118,2.83,1.95,3.0,2.07
Challenger,,Gidderrs,Hydralisks,The Swarm,Solar,61.6,725,52,0.449,0.442,23,29,18161,10660,7501,50,24,59,151,33.1%,349.4,205.1,144.3,0.96,0.46,1.14,2.9,349.3,205.0,144.3,0.96,0.46,1.13,2.9,115,131,2.21,2.52,2.21,2.52
Challenger,RSC000713,Totoro,Fruity Phantoms,Spooky Breakfast Gang,Solar,61.2,742,57,0.521,0.544,31,26,18055,9960,8095,46,34,46,136,33.8%,339.4,187.2,152.2,0.86,0.64,0.86,2.56,316.8,174.7,142.0,0.81,0.6,0.81,2.39,132,125,2.48,2.35,2.32,2.19
Challenger,RSC001995,Tvveedle,Freemasons,The Order,Lunar,60.9,578,43,0.476,0.442,19,24,15046,8440,6606,37,19,56,99,37.4%,363.1,203.7,159.4,0.89,0.46,1.35,2.39,349.9,196.3,153.6,0.86,0.44,1.3,2.3,95,101,2.29,2.44,2.21,2.35
Challenger,RSC003378,Reyn,Recycling Bins,Waste Management,Solar,60.8,736,54,0.396,0.407,22,32,18710,10550,8160,46,22,68,145,31.7%,354.6,199.9,154.6,0.87,0.42,1.29,2.75,346.5,195.4,151.1,0.85,0.41,1.26,2.69,110,144,2.08,2.73,2.04,2.67
Challenger,RSC003378,Reyn,Recycling Bins,Waste Management,Solar,60.8,736,54,0.396,0.407,22,32,18710,10550,8160,46,22,68,145,31.7%,354.6,199.9,154.6,0.87,0.42,1.29,2.75,346.5,195.4,151.1,0.85,0.41,1.26,2.69,110,144,2.08,2.73,2.04,2.67
Challenger,,Braedyn1016,Dynamite,Fallout Shelter,Solar,59.9,728,52,0.51,0.519,27,25,18437,10460,7977,54,21,51,146,37.0%,353.2,200.4,152.8,1.03,0.4,0.98,2.8,354.6,201.2,153.4,1.04,0.4,0.98,2.81,123,120,2.36,2.3,2.37,2.31
Challenger,,Based Fame,"Toucans
Garlic Fingers","The Jungle
Fifty-Fifty Pizzeria",Lunar,59.6,696,46,0.486,0.5,23,23,17751,10570,7181,47,23,69,127,37.0%,355.7,211.8,143.9,0.94,0.46,1.38,2.55,385.9,229.8,156.1,1.02,0.5,1.5,2.76,103,107,2.06,2.14,2.24,2.33
Challenger,RSC003481,Yt_Soulz Rl,"Kraits
Hephaestus","The Serpents
Olympus",Solar,59.4,103,8,0.389,0.375,3,5,2752,1420,1332,6,4,10,12,50.0%,372.7,192.3,180.4,0.81,0.54,1.35,1.62,344.0,177.5,166.5,0.75,0.5,1.25,1.5,15,20,2.03,2.71,1.88,2.5
Challenger,,Vvv Melon,"Paperboys
Recycling Bins","8-Bit Brigade
Waste Management",Lunar,58.9,655,50,0.52,0.48,24,26,17125,9570,7555,43,23,63,97,44.3%,364.7,203.8,160.9,0.92,0.49,1.34,2.07,342.5,191.4,151.1,0.86,0.46,1.26,1.94,119,113,2.53,2.41,2.38,2.26
Challenger,RSC003117,Draxz,Freemasons,The Order,Lunar,58.8,366,27,0.44,0.407,11,16,9037,5060,3977,19,17,35,56,33.9%,344.4,192.8,151.6,0.72,0.65,1.33,2.13,334.7,187.4,147.3,0.7,0.63,1.3,2.07,61,71,2.32,2.71,2.26,2.63
Challenger,RSC000724,Dunnie14,Arctic Foxes,Polar Vortex,Lunar,58.7,627,48,0.464,0.542,26,22,15645,8210,7435,34,25,51,101,33.7%,348.0,182.6,165.4,0.76,0.56,1.13,2.25,325.9,171.0,154.9,0.71,0.52,1.06,2.1,91,100,2.02,2.22,1.9,2.08
Challenger,RSC002693,M0Vethatbus,Polar Ice,Minty Fresh,Solar,58.3,16,1,0.35,0.0,0,1,355,230,125,1,1,1,3,33.3%,309.5,200.5,109.0,0.87,0.87,0.87,2.62,355.0,230.0,125.0,1.0,1.0,1.0,3.0,2,3,1.74,2.62,2.0,3.0
Challenger,RSC000013,Jajajajaja Bear,Paperboys,8-Bit Brigade,Lunar,57.3,48,4,0.411,0.25,1,3,1141,640,501,3,2,3,9,33.3%,331.5,186.0,145.6,0.87,0.58,0.87,2.62,285.3,160.0,125.3,0.75,0.5,0.75,2.25,8,10,2.32,2.91,2.0,2.5
Challenger,RSC003334,Hawk Rl,Guardians of the Galaxy,The Comic Crusaders,Lunar,57.3,617,46,0.489,0.522,24,22,15493,8870,6623,42,21,51,107,39.3%,350.2,200.5,149.7,0.95,0.47,1.15,2.42,336.8,192.8,144.0,0.91,0.46,1.11,2.33,104,107,2.35,2.42,2.26,2.33
Challenger,RSC000534,Blood12Aven,Aurora,The Cosmos,Solar,57.2,878,57,0.491,0.526,30,27,20890,12220,8670,53,31,71,182,29.1%,331.8,194.1,137.7,0.84,0.49,1.13,2.89,366.5,214.4,152.1,0.93,0.54,1.25,3.19,130,133,2.07,2.11,2.28,2.33
Challenger,RSC000038,Varenine,Paperboys,8-Bit Brigade,Lunar,56.5,651,47,0.399,0.426,20,27,17492,9890,7602,50,13,64,104,48.1%,374.8,211.9,162.9,1.07,0.28,1.37,2.23,372.2,210.4,161.7,1.06,0.28,1.36,2.21,97,126,2.08,2.7,2.06,2.68
Challenger,RSC000038,Varenine,Paperboys,8-Bit Brigade,Lunar,56.5,651,47,0.399,0.426,20,27,17492,9890,7602,50,13,64,104,48.1%,374.8,211.9,162.9,1.07,0.28,1.37,2.23,372.2,210.4,161.7,1.06,0.28,1.36,2.21,97,126,2.08,2.7,2.06,2.68
Challenger,RSC000066,Itskengu,Hephaestus,Olympus,Solar,56.4,715,51,0.494,0.51,26,25,17446,10200,7246,54,20,46,150,36.0%,340.3,199.0,141.3,1.05,0.39,0.9,2.93,342.1,200.0,142.1,1.06,0.39,0.9,2.94,119,121,2.32,2.36,2.33,2.37
Challenger,RSC002212,Yoshi,Triceratops,Dino Park,Lunar,56.4,675,50,0.467,0.44,22,28,15897,9060,6837,43,27,42,131,32.8%,328.5,187.2,141.3,0.89,0.56,0.87,2.71,317.9,181.2,136.7,0.86,0.54,0.84,2.62,116,126,2.4,2.6,2.32,2.52
Challenger,RSC002928,Freeenk,Polar Ice,Minty Fresh,Solar,55.6,530,36,0.58,0.528,19,17,11952,6830,5122,31,27,28,98,31.6%,314.5,179.7,134.8,0.82,0.71,0.74,2.58,332.0,189.7,142.3,0.86,0.75,0.78,2.72,96,78,2.53,2.05,2.67,2.17
Challenger,,Bak3R---Boy,Freemasons,The Order,Lunar,55.0,798,59,0.465,0.441,26,33,19885,10950,8935,41,29,84,120,34.2%,347.5,191.4,156.2,0.72,0.51,1.47,2.1,337.0,185.6,151.4,0.69,0.49,1.42,2.03,128,140,2.24,2.45,2.17,2.37
Challenger,RSC000313,Hendo,"Dynamite
Ospreys","Fallout Shelter
Birds of Prey",Solar,55.0,678,51,0.601,0.588,30,21,15635,8660,6975,38,31,42,121,31.4%,321.6,178.1,143.5,0.78,0.64,0.86,2.49,306.6,169.8,136.8,0.75,0.61,0.82,2.37,124,95,2.55,1.95,2.43,1.86
Challenger,,Bear,Arctic Foxes,Polar Vortex,Lunar,53.7,625,48,0.504,0.521,25,23,16126,8760,7366,37,15,67,96,38.5%,359.9,195.5,164.4,0.83,0.33,1.5,2.14,336.0,182.5,153.5,0.77,0.31,1.4,2.0,103,102,2.3,2.28,2.15,2.13
Challenger,RSC003045,Homievcs,"Hydralisks
Paperboys","The Swarm
8-Bit Brigade",Solar,52.5,414,29,0.571,0.552,16,13,9595,5170,4425,20,18,32,67,29.9%,323.3,174.2,149.1,0.67,0.61,1.08,2.26,330.9,178.3,152.6,0.69,0.62,1.1,2.31,78,65,2.63,2.19,2.69,2.24
Challenger,RSC003045,Homievcs,"Hydralisks
Paperboys","The Swarm
8-Bit Brigade",Solar,52.5,414,29,0.571,0.552,16,13,9595,5170,4425,20,18,32,67,29.9%,323.3,174.2,149.1,0.67,0.61,1.08,2.26,330.9,178.3,152.6,0.69,0.62,1.1,2.31,78,65,2.63,2.19,2.69,2.24
Challenger,RSC003370,Kentonballer,Panda Bears,The Bear Den,Lunar,52.4,588,41,0.645,0.683,28,13,13532,8240,5292,34,27,50,99,34.3%,321.0,195.5,125.5,0.81,0.64,1.19,2.35,330.0,201.0,129.1,0.83,0.66,1.22,2.41,120,82,2.85,1.95,2.93,2.0
Challenger,RSC003249,Huey,Kraits,The Serpents,Lunar,52.1,398,29,0.44,0.448,13,16,9788,5280,4508,21,12,39,63,33.3%,343.0,185.0,158.0,0.74,0.42,1.37,2.21,337.5,182.1,155.4,0.72,0.41,1.34,2.17,59,69,2.07,2.42,2.03,2.38
Challenger,,Shaqctus,Tens,House of Cards,Lunar,51.9,449,35,0.393,0.457,16,19,10273,5410,4863,18,22,37,66,27.3%,319.1,168.1,151.1,0.56,0.68,1.15,2.05,293.5,154.6,138.9,0.51,0.63,1.06,1.89,65,86,2.02,2.67,1.86,2.46
Challenger,RSC002640,Lastdark,Threshers,Shark Attack,Lunar,51.8,819,57,0.622,0.614,35,22,19040,11480,7560,53,35,61,138,38.4%,324.2,195.5,128.7,0.9,0.6,1.04,2.35,334.0,201.4,132.6,0.93,0.61,1.07,2.42,156,113,2.66,1.92,2.74,1.98
Challenger,RSC000388,Dementedl,Pawberry Pancakes,The Cat Cafe,Solar,51.3,591,43,0.551,0.535,23,20,13282,7280,6002,24,29,50,93,25.8%,313.5,171.8,141.6,0.57,0.68,1.18,2.19,308.9,169.3,139.6,0.56,0.67,1.16,2.16,94,82,2.22,1.94,2.19,1.91
Challenger,RSC000178,Scias,Stingrays,The Ocean,Solar,51.3,718,51,0.443,0.431,22,29,16953,9460,7493,45,21,51,136,33.1%,329.3,183.8,145.6,0.87,0.41,0.99,2.64,332.4,185.5,146.9,0.88,0.41,1.0,2.67,116,134,2.25,2.6,2.27,2.63
Challenger,RSC003224,Drizz,Pawberry Pancakes,The Cat Cafe,Solar,51.1,720,52,0.49,0.442,23,29,17580,9630,7950,43,19,63,123,35.0%,340.5,186.5,154.0,0.83,0.37,1.22,2.38,338.1,185.2,152.9,0.83,0.37,1.21,2.37,114,117,2.21,2.27,2.19,2.25
Challenger,RSC002267,Dooqal,Saturn,Milky Way,Lunar,51.0,710,53,0.458,0.34,18,35,16703,8890,7813,36,23,58,124,29.0%,328.1,174.6,153.5,0.71,0.45,1.14,2.44,315.2,167.7,147.4,0.68,0.43,1.09,2.34,114,127,2.24,2.49,2.15,2.4
Challenger,RSC002267,Dooqal,Saturn,Milky Way,Lunar,51.0,710,53,0.458,0.34,18,35,16703,8890,7813,36,23,58,124,29.0%,328.1,174.6,153.5,0.71,0.45,1.14,2.44,315.2,167.7,147.4,0.68,0.43,1.09,2.34,114,127,2.24,2.49,2.15,2.4
Challenger,RSC000804,Suicide Squeeze,Polar Ice,Minty Fresh,Solar,50.8,686,49,0.664,0.653,32,17,15172,9250,5922,40,32,48,125,32.0%,308.5,188.1,120.4,0.81,0.65,0.98,2.54,309.6,188.8,120.9,0.82,0.65,0.98,2.55,138,89,2.81,1.81,2.82,1.82
Challenger,RSC002734,Thescarybat,Pawberry Pancakes,The Cat Cafe,Solar,50.3,749,54,0.52,0.463,25,29,17499,10000,7499,50,20,50,150,33.3%,325.9,186.2,139.6,0.93,0.37,0.93,2.79,324.1,185.2,138.9,0.93,0.37,0.93,2.78,119,113,2.22,2.1,2.2,2.09
Challenger,RSC003030,O Beese,Spartans,The Sovereign,Lunar,49.9,842,60,0.58,0.567,34,26,19365,10730,8635,47,37,58,128,36.7%,320.8,177.7,143.0,0.78,0.61,0.96,2.12,322.8,178.8,143.9,0.78,0.62,0.97,2.13,163,133,2.7,2.2,2.72,2.22
Challenger,,Sabrina.,"Garlic Fingers
Stingrays
Dynamite","Fifty-Fifty Pizzeria
The Ocean
Fallout Shelter",Solar,49.3,456,32,0.352,0.344,11,21,10954,5850,5104,23,9,45,85,27.1%,335.0,178.9,156.1,0.7,0.28,1.38,2.6,342.3,182.8,159.5,0.72,0.28,1.41,2.66,57,85,1.74,2.6,1.78,2.66
Challenger,RSC000322,Humble Potato,Garlic Fingers,Fifty-Fifty Pizzeria,Lunar,49.1,584,39,0.432,0.436,17,22,13546,6990,6556,22,20,57,94,23.4%,323.5,166.9,156.6,0.53,0.48,1.36,2.24,347.3,179.2,168.1,0.56,0.51,1.46,2.41,81,97,1.93,2.32,2.08,2.49
Challenger,RSC000322,Humble Potato,Garlic Fingers,Fifty-Fifty Pizzeria,Lunar,49.1,584,39,0.432,0.436,17,22,13546,6990,6556,22,20,57,94,23.4%,323.5,166.9,156.6,0.53,0.48,1.36,2.24,347.3,179.2,168.1,0.56,0.51,1.46,2.41,81,97,1.93,2.32,2.08,2.49
Challenger,RSC000991,Quitstalin,Shock,Electric Mayhem,Lunar,49.0,583,41,0.551,0.61,25,16,13995,8080,5915,33,16,60,98,33.7%,334.8,193.3,141.5,0.79,0.38,1.44,2.34,341.3,197.1,144.3,0.8,0.39,1.46,2.39,96,84,2.3,2.01,2.34,2.05
Challenger,RSC001265,Dsav619,Isopods,The Abyss,Lunar,48.1,751,53,0.494,0.491,26,27,17941,10230,7711,50,25,57,113,44.2%,333.2,190.0,143.2,0.93,0.46,1.06,2.1,338.5,193.0,145.5,0.94,0.47,1.08,2.13,123,125,2.28,2.32,2.32,2.36
Challenger,RSC001614,Rexxay614,Fruity Phantoms,Spooky Breakfast Gang,Solar,47.9,733,56,0.509,0.536,30,26,16334,9320,7014,40,31,51,122,32.8%,310.8,177.3,133.5,0.76,0.59,0.97,2.32,291.7,166.4,125.3,0.71,0.55,0.91,2.18,129,126,2.45,2.4,2.3,2.25
Challenger,RSC000828,Mattviaairwaves,Isopods,The Abyss,Lunar,46.3,650,47,0.522,0.553,26,21,14474,7730,6744,29,24,51,108,26.9%,310.6,165.9,144.7,0.62,0.51,1.09,2.32,308.0,164.5,143.5,0.62,0.51,1.09,2.3,111,105,2.38,2.25,2.36,2.23
Challenger,RSC000357,Primed,Metal,The Elements,Lunar,46.2,707,48,0.478,0.521,25,23,15098,8290,6808,30,37,48,104,28.8%,297.8,163.5,134.3,0.59,0.73,0.95,2.05,314.5,172.7,141.8,0.63,0.77,1.0,2.17,122,129,2.41,2.54,2.54,2.69
Challenger,,Rob,Hephaestus,Olympus,Solar,46.1,604,43,0.456,0.442,19,24,13751,8000,5751,29,27,59,80,36.3%,317.5,184.7,132.8,0.67,0.62,1.36,1.85,319.8,186.0,133.7,0.67,0.63,1.37,1.86,91,102,2.1,2.36,2.12,2.37
Challenger,RSC002684,Monkries,Chia Pets,As Seen on TV!,Solar,45.8,779,54,0.599,0.667,36,18,17511,10220,7291,42,34,64,112,37.5%,313.5,183.0,130.5,0.75,0.61,1.15,2.01,324.3,189.3,135.0,0.78,0.63,1.19,2.07,150,116,2.69,2.08,2.78,2.15
Challenger,RSC001997,Bioeffect,Fruity Phantoms,Spooky Breakfast Gang,Solar,45.7,577,46,0.457,0.5,23,23,13128,7060,6068,28,23,46,81,34.6%,317.3,170.7,146.7,0.68,0.56,1.11,1.96,285.4,153.5,131.9,0.61,0.5,1.0,1.76,95,106,2.3,2.56,2.07,2.3
Challenger,RSC001941,Agamecp,Stingrays,The Ocean,Solar,45.6,658,47,0.408,0.426,20,27,15198,8610,6588,33,20,65,106,31.1%,322.1,182.5,139.6,0.7,0.42,1.38,2.25,323.4,183.2,140.2,0.7,0.43,1.38,2.26,102,129,2.16,2.73,2.17,2.74
Challenger,RSC000387,Adammast,Squalls,Storm,Solar,45.6,723,54,0.534,0.537,29,25,16052,9000,7052,36,27,57,120,30.0%,309.7,173.6,136.0,0.69,0.52,1.1,2.31,297.3,166.7,130.6,0.67,0.5,1.06,2.22,116,106,2.24,2.04,2.15,1.96
Challenger,RSC002282,Jope07,Kraits,The Serpents,Lunar,45.4,202,16,0.327,0.313,5,11,4547,2650,1897,12,5,16,40,30.0%,314.0,183.0,131.0,0.83,0.35,1.1,2.76,284.2,165.6,118.6,0.75,0.31,1.0,2.5,25,40,1.73,2.76,1.56,2.5
Challenger,RSC002100,Pant,Saturn,Milky Way,Lunar,44.6,299,22,0.5,0.455,10,12,7065,4060,3005,19,8,26,46,41.3%,329.6,189.4,140.2,0.89,0.37,1.21,2.15,321.1,184.5,136.6,0.86,0.36,1.18,2.09,51,51,2.38,2.38,2.32,2.32
Challenger,,Thedrprofessornoah,Threshers,Shark Attack,Lunar,44.1,799,56,0.621,0.607,34,22,17337,9790,7547,41,36,54,119,34.5%,302.6,170.9,131.7,0.72,0.63,0.94,2.08,309.6,174.8,134.8,0.73,0.64,0.96,2.13,154,112,2.69,1.96,2.75,2.0
Challenger,RSC000324,Contagious_Tomfoolery,Tens,House of Cards,Lunar,43.9,501,39,0.337,0.385,15,24,11284,6150,5134,25,16,41,80,31.3%,314.1,171.2,142.9,0.7,0.45,1.14,2.23,289.3,157.7,131.6,0.64,0.41,1.05,2.05,69,106,1.92,2.95,1.77,2.72
Challenger,RSC001065,Monsterbuck46,Paperboys,8-Bit Brigade,Lunar,43.4,414,32,0.511,0.5,16,16,9190,4660,4530,13,18,39,51,25.5%,309.6,157.0,152.6,0.44,0.61,1.31,1.72,287.2,145.6,141.6,0.41,0.56,1.22,1.59,72,70,2.43,2.36,2.25,2.19
Challenger,RSC000962,Pythagorjags,Toucans,The Jungle,Solar,43.1,797,54,0.455,0.5,27,27,17756,9730,8026,46,23,52,138,33.3%,310.7,170.3,140.5,0.8,0.4,0.91,2.41,328.8,180.2,148.6,0.85,0.43,0.96,2.56,108,122,1.89,2.13,2.0,2.26
Challenger,RSC001223,Capital_Rl,Guardians of the Galaxy,The Comic Crusaders,Lunar,43.0,244,20,0.383,0.3,6,14,5211,2810,2401,11,11,16,36,30.6%,297.9,160.6,137.2,0.63,0.63,0.91,2.06,260.6,140.5,120.1,0.55,0.55,0.8,1.8,33,45,1.89,2.57,1.65,2.25
Challenger,RSC003387,Redline,Solar Flares,North American Soccar Club,Solar,42.8,425,32,0.471,0.375,12,20,9514,5210,4304,20,12,38,71,28.2%,312.2,171.0,141.2,0.66,0.39,1.25,2.33,297.3,162.8,134.5,0.63,0.38,1.19,2.22,62,67,2.03,2.2,1.94,2.09
Challenger,RSC000081,Retroexplorer,"Hephaestus
Solar Flares","Olympus
North American Soccar Club",Solar,42.0,652,46,0.486,0.413,19,27,14053,7740,6313,30,26,49,99,30.3%,300.6,165.6,135.0,0.64,0.56,1.05,2.12,305.5,168.3,137.2,0.65,0.57,1.07,2.15,110,114,2.35,2.44,2.39,2.48
Challenger,,Mcfishy,Stingrays,The Ocean,Solar,41.9,673,48,0.423,0.417,20,28,14325,7880,6445,36,22,39,123,29.3%,296.9,163.3,133.6,0.75,0.46,0.81,2.55,298.4,164.2,134.3,0.75,0.46,0.81,2.56,106,129,2.2,2.67,2.21,2.69
Challenger,RSC003194,Dilly Dallier,Kraits,The Serpents,Lunar,41.4,638,47,0.371,0.383,18,29,14173,7540,6633,33,18,46,104,31.7%,309.8,164.8,145.0,0.72,0.39,1.01,2.27,301.6,160.4,141.1,0.7,0.38,0.98,2.21,86,121,1.88,2.65,1.83,2.57
Challenger,,Doucky,Baboons,Planet of the Apes,Lunar,41.4,405,30,0.479,0.467,14,16,8862,5220,3642,23,15,31,62,37.1%,305.2,179.8,125.4,0.79,0.52,1.07,2.14,295.4,174.0,121.4,0.77,0.5,1.03,2.07,76,80,2.62,2.76,2.53,2.67
Challenger,RSC002780,Lickadoss77,Triceratops,Dino Park,Lunar,41.2,560,42,0.459,0.429,18,24,12106,6630,5476,23,18,50,93,24.7%,301.5,165.1,136.4,0.57,0.45,1.25,2.32,288.2,157.9,130.4,0.55,0.43,1.19,2.21,91,101,2.27,2.52,2.17,2.4
Challenger,,Revan™,Aurora,The Cosmos,Solar,40.0,912,60,0.462,0.5,30,30,19629,10630,8999,41,29,72,148,27.7%,300.2,162.6,137.6,0.63,0.44,1.1,2.26,327.2,177.2,150.0,0.68,0.48,1.2,2.47,131,145,2.0,2.22,2.18,2.42
Challenger,RSC001720,Superduperbam,Toucans,The Jungle,Solar,39.8,855,57,0.466,0.509,29,28,18446,10020,8426,33,30,79,127,26.0%,300.9,163.5,137.5,0.54,0.49,1.29,2.07,323.6,175.8,147.8,0.58,0.53,1.39,2.23,113,124,1.84,2.02,1.98,2.18
Challenger,,Hayhay217,Shock,Electric Mayhem,Lunar,39.3,304,21,0.457,0.476,10,11,6820,3910,2910,18,10,24,41,43.9%,312.9,179.4,133.5,0.83,0.46,1.1,1.88,324.8,186.2,138.6,0.86,0.48,1.14,1.95,53,59,2.43,2.71,2.52,2.81
Challenger,RSC001669,Sir Acha,Triceratops,Dino Park,Lunar,38.8,450,34,0.409,0.412,14,20,9590,4900,4690,20,13,30,75,26.7%,297.2,151.9,145.4,0.62,0.4,0.93,2.32,282.1,144.1,137.9,0.59,0.38,0.88,2.21,68,86,2.11,2.67,2.0,2.53
Challenger,RSC002185,Nisien,Arctic Foxes,Polar Vortex,Lunar,38.3,555,41,0.491,0.537,22,19,11288,5930,5358,22,24,34,83,26.5%,283.7,149.0,134.6,0.55,0.6,0.85,2.09,275.3,144.6,130.7,0.54,0.59,0.83,2.02,89,91,2.24,2.29,2.17,2.22
Challenger,RSC000817,The Instigant,Polar Ice,Minty Fresh,Solar,38.3,573,40,0.546,0.5,20,20,11588,6250,5338,21,24,41,90,23.3%,282.1,152.1,129.9,0.51,0.58,1.0,2.19,289.7,156.3,133.5,0.53,0.6,1.03,2.25,96,85,2.34,2.07,2.4,2.13
Challenger,RSC000775,Lucky Ducky,Isopods,The Abyss,Lunar,38.1,308,23,0.477,0.478,11,12,6539,3760,2779,16,13,22,41,39.0%,296.1,170.3,125.8,0.72,0.59,1.0,1.86,284.3,163.5,120.8,0.7,0.57,0.96,1.78,49,52,2.22,2.35,2.13,2.26
Challenger,RSC002204,Mr.Numb3Rz,Toucans,The Jungle,Solar,38.1,817,54,0.455,0.5,27,27,17194,9390,7804,27,27,81,129,20.9%,293.5,160.3,133.2,0.46,0.46,1.38,2.2,318.4,173.9,144.5,0.5,0.5,1.5,2.39,108,122,1.84,2.08,2.0,2.26
Challenger,,Donttreadonme777777,Schnauzers,Puppy Paradise,Solar,38.1,601,41,0.352,0.317,13,28,12694,7370,5324,35,19,38,102,34.3%,294.6,171.0,123.6,0.81,0.44,0.88,2.37,309.6,179.8,129.9,0.85,0.46,0.93,2.49,87,128,2.02,2.97,2.12,3.12
Challenger,RSC000012,Izumi,Panda Bears,The Bear Den,Lunar,37.6,370,23,0.661,0.609,14,9,7449,4780,2669,19,17,29,58,32.8%,280.8,180.2,100.6,0.72,0.64,1.09,2.19,323.9,207.8,116.0,0.83,0.74,1.26,2.52,78,51,2.94,1.92,3.39,2.22
Challenger,RSC003093,Communistcowboy,"Recycling Bins
Hydralisks","Waste Management
The Swarm",Solar,37.0,323,24,0.389,0.417,10,14,6967,3710,3257,14,10,27,46,30.4%,300.8,160.2,140.6,0.6,0.43,1.17,1.99,290.3,154.6,135.7,0.58,0.42,1.13,1.92,44,59,1.9,2.55,1.83,2.46
Challenger,RSC002181,Ownerofthewhitesedan,Garlic Fingers,Fifty-Fifty Pizzeria,Lunar,36.0,469,33,0.457,0.394,13,20,9911,5500,4411,23,15,35,70,32.9%,294.7,163.6,131.2,0.68,0.45,1.04,2.08,300.3,166.7,133.7,0.7,0.45,1.06,2.12,66,74,1.96,2.2,2.0,2.24
Challenger,,Jax,Tens,House of Cards,Lunar,35.7,701,54,0.316,0.37,20,34,14913,7420,7493,31,17,47,112,27.7%,296.7,147.6,149.1,0.62,0.34,0.94,2.23,276.2,137.4,138.8,0.57,0.31,0.87,2.07,89,146,1.77,2.9,1.65,2.7
Challenger,RSC001052,Cubbyybbuc,"Garlic Fingers
Kraits
Stingrays","Fifty-Fifty Pizzeria
The Serpents
The Ocean",Solar,35.4,358,25,0.469,0.44,11,14,7106,3950,3156,13,18,26,45,28.9%,276.8,153.9,123.0,0.51,0.7,1.01,1.75,284.2,158.0,126.2,0.52,0.72,1.04,1.8,61,66,2.38,2.57,2.44,2.64
Challenger,,Booterzzz,Solar Flares,North American Soccar Club,Solar,35.1,391,28,0.517,0.393,11,17,8575,4750,3825,22,10,30,55,40.0%,305.9,169.4,136.4,0.78,0.36,1.07,1.96,306.3,169.6,136.6,0.79,0.36,1.07,1.96,71,68,2.53,2.43,2.54,2.43
Challenger,,Heiz,Shock,Electric Mayhem,Lunar,34.9,823,58,0.506,0.569,33,25,16725,9410,7315,43,27,48,136,31.6%,283.4,159.5,124.0,0.73,0.46,0.81,2.3,288.4,162.2,126.1,0.74,0.47,0.83,2.34,135,133,2.29,2.25,2.33,2.29
Challenger,,Aku Lmlt,"Kraits
Aurora","The Serpents
The Cosmos",Lunar,34.9,614,44,0.391,0.386,17,27,12611,6420,6191,17,23,55,82,20.7%,286.5,145.8,140.6,0.39,0.52,1.25,1.86,286.6,145.9,140.7,0.39,0.52,1.25,1.86,83,111,1.89,2.52,1.89,2.52
Challenger,,Luckee,Spartans,The Sovereign,Lunar,34.5,152,11,0.431,0.364,4,7,3003,1960,1043,10,6,8,26,38.5%,275.6,179.8,95.7,0.92,0.55,0.73,2.39,273.0,178.2,94.8,0.91,0.55,0.73,2.36,27,32,2.48,2.94,2.45,2.91
Challenger,RSC003113,Nebulade,Hydralisks,The Swarm,Solar,33.5,23,1,0.636,1.0,1,0,397,250,147,1,1,1,5,20.0%,240.7,151.6,89.1,0.61,0.61,0.61,3.03,397.0,250.0,147.0,1.0,1.0,1.0,5.0,3,2,1.82,1.21,3.0,2.0
Challenger,RSC003113,Nebulade,Hydralisks,The Swarm,Solar,33.5,23,1,0.636,1.0,1,0,397,250,147,1,1,1,5,20.0%,240.7,151.6,89.1,0.61,0.61,0.61,3.03,397.0,250.0,147.0,1.0,1.0,1.0,5.0,3,2,1.82,1.21,3.0,2.0
Challenger,RSC002384,A Hot Jackson,Hephaestus,Olympus,Solar,33.2,739,52,0.477,0.5,26,26,15338,8810,6528,27,28,76,91,29.7%,289.5,166.3,123.2,0.51,0.53,1.43,1.72,295.0,169.4,125.5,0.52,0.54,1.46,1.75,114,121,2.15,2.28,2.19,2.33
Challenger,,Lshewasntreadyl,Guardians of the Galaxy,The Comic Crusaders,Lunar,32.9,754,57,0.488,0.509,29,28,15865,8460,7405,33,21,61,106,31.1%,293.5,156.5,137.0,0.61,0.39,1.13,1.96,278.3,148.4,129.9,0.58,0.37,1.07,1.86,125,129,2.31,2.39,2.19,2.26
Challenger,RSC000979,Mauidestroya,Kraits,The Serpents,Lunar,32.2,502,36,0.347,0.361,13,23,10826,5690,5136,22,11,45,69,31.9%,300.8,158.1,142.7,0.61,0.31,1.25,1.92,300.7,158.1,142.7,0.61,0.31,1.25,1.92,65,98,1.81,2.72,1.81,2.72
Challenger,RSC002187,Psychic_Rock,Metal,The Elements,Lunar,32.1,557,39,0.424,0.436,17,22,11137,6390,4747,30,23,30,74,40.5%,278.9,160.0,118.9,0.75,0.58,0.75,1.85,285.6,163.8,121.7,0.77,0.59,0.77,1.9,102,123,2.55,3.08,2.62,3.15
Challenger,,Slipknota9538,Kraits,The Serpents,Lunar,31.2,22,2,0.5,0.5,1,1,457,270,187,1,1,2,2,50.0%,289.7,171.2,118.6,0.63,0.63,1.27,1.27,228.5,135.0,93.5,0.5,0.5,1.0,1.0,5,5,3.17,3.17,2.5,2.5
Challenger,RSC003209,Doce,Kraits,The Serpents,Lunar,31.1,53,4,0.58,0.75,3,1,1137,650,487,3,2,4,5,60.0%,299.2,171.1,128.2,0.79,0.53,1.05,1.32,284.3,162.5,121.8,0.75,0.5,1.0,1.25,11,9,2.89,2.37,2.75,2.25
Challenger,RSC002408,Gmoney,Recycling Bins,Waste Management,Solar,30.6,558,41,0.382,0.366,15,26,11284,6290,4994,18,22,55,64,28.1%,282.0,157.2,124.8,0.45,0.55,1.37,1.6,275.2,153.4,121.8,0.44,0.54,1.34,1.56,81,110,2.02,2.75,1.98,2.68
Challenger,,The Better Quack,Schnauzers,Puppy Paradise,Solar,29.9,97,9,0.189,0.111,1,8,2024,810,1214,4,1,4,16,25.0%,291.0,116.5,174.6,0.58,0.14,0.58,2.3,224.9,90.0,134.9,0.44,0.11,0.44,1.78,10,25,1.44,3.59,1.11,2.78
Challenger,RSC003431,Coal,Ospreys,Birds of Prey,Solar,29.6,487,35,0.559,0.486,17,18,9881,5690,4191,24,16,37,64,37.5%,283.0,163.0,120.0,0.69,0.46,1.06,1.83,282.3,162.6,119.7,0.69,0.46,1.06,1.83,84,72,2.41,2.06,2.4,2.06
Challenger,RSC000502,Xmicrowavechefx,Recycling Bins,Waste Management,Solar,29.0,526,36,0.333,0.389,14,22,10449,5490,4959,21,16,37,74,28.4%,277.1,145.6,131.5,0.56,0.42,0.98,1.96,290.3,152.5,137.8,0.58,0.44,1.03,2.06,72,112,1.91,2.97,2.0,3.11
Challenger,RSC002958,Hero,Aurora,The Cosmos,Solar,28.9,717,47,0.514,0.574,27,20,13624,7540,6084,30,24,44,114,26.3%,265.0,146.7,118.3,0.58,0.47,0.86,2.22,289.9,160.4,129.4,0.64,0.51,0.94,2.43,109,105,2.12,2.04,2.32,2.23
Challenger,,Gamingwepicj,Solar Flares,North American Soccar Club,Solar,28.7,198,14,0.488,0.357,5,9,3909,2330,1579,10,5,15,33,30.3%,275.4,164.1,111.2,0.7,0.35,1.06,2.32,279.2,166.4,112.8,0.71,0.36,1.07,2.36,32,33,2.25,2.32,2.29,2.36
Challenger,RSC002570,Nike,Paperboys,8-Bit Brigade,Lunar,28.6,41,3,0.082,0.0,0,3,855,450,405,1,1,5,5,20.0%,290.9,153.1,137.8,0.34,0.34,1.7,1.7,285.0,150.0,135.0,0.33,0.33,1.67,1.67,2,10,0.68,3.4,0.67,3.33
Challenger,RSC000062,Frostii.,Schnauzers,Puppy Paradise,Solar,28.4,607,41,0.47,0.463,19,22,12333,6670,5663,28,20,43,72,38.9%,283.4,153.3,130.1,0.64,0.46,0.99,1.65,300.8,162.7,138.1,0.68,0.49,1.05,1.76,103,111,2.37,2.55,2.51,2.71
Challenger,RSC000448,Col,Baboons,Planet of the Apes,Lunar,27.9,530,36,0.587,0.611,22,14,9848,5810,4038,20,27,37,61,32.8%,259.2,152.9,106.3,0.53,0.71,0.97,1.61,273.6,161.4,112.2,0.56,0.75,1.03,1.69,106,85,2.79,2.24,2.94,2.36
Challenger,RSC001984,Cazzuto,Freemasons,The Order,Lunar,27.6,516,38,0.46,0.447,17,21,10271,5490,4781,26,14,29,74,35.1%,277.6,148.4,129.2,0.7,0.38,0.78,2.0,270.3,144.5,125.8,0.68,0.37,0.76,1.95,83,92,2.24,2.49,2.18,2.42
Challenger,RSC001876,Patrickshwastey,Threshers,Shark Attack,Lunar,27.1,98,7,0.662,0.714,5,2,1929,1000,929,4,4,6,10,40.0%,274.5,142.3,132.2,0.57,0.57,0.85,1.42,275.6,142.9,132.7,0.57,0.57,0.86,1.43,20,13,2.85,1.85,2.86,1.86
Challenger,RSC001040,Vote4Jr,Hydralisks,The Swarm,Solar,26.9,679,48,0.437,0.458,22,26,13399,6970,6429,25,26,49,72,34.7%,275.2,143.2,132.1,0.51,0.53,1.01,1.48,279.1,145.2,133.9,0.52,0.54,1.02,1.5,108,127,2.22,2.61,2.25,2.65
Challenger,RSC002850,The Static,Garlic Fingers,Fifty-Fifty Pizzeria,Lunar,26.9,688,46,0.441,0.413,19,27,13779,7480,6299,30,15,54,103,29.1%,279.3,151.6,127.7,0.61,0.3,1.09,2.09,299.5,162.6,136.9,0.65,0.33,1.17,2.24,94,110,1.91,2.23,2.04,2.39
Challenger,,Reccoso7,Ospreys,Birds of Prey,Solar,26.9,607,45,0.581,0.556,25,20,12258,6700,5558,27,16,48,80,33.8%,281.7,154.0,127.7,0.62,0.37,1.1,1.84,272.4,148.9,123.5,0.6,0.36,1.07,1.78,103,83,2.37,1.91,2.29,1.84
Challenger,,Chuggernaut,Chia Pets,As Seen on TV!,Solar,26.8,466,31,0.51,0.581,18,13,8916,4890,4026,21,18,26,59,35.6%,266.9,146.4,120.5,0.63,0.54,0.78,1.77,287.6,157.7,129.9,0.68,0.58,0.84,1.9,82,80,2.45,2.39,2.65,2.58
Challenger,RSC002399,Mattyice,"Solar Flares
Squalls","North American Soccar Club
Storm",Solar,26.1,639,45,0.406,0.356,16,29,12405,6740,5665,21,20,56,84,25.0%,270.8,147.1,123.6,0.46,0.44,1.22,1.83,275.7,149.8,125.9,0.47,0.44,1.24,1.87,83,107,1.81,2.34,1.84,2.38
Challenger,RSC003000,Vividbunny46227,Spartans,The Sovereign,Lunar,24.4,56,5,0.393,0.4,2,3,992,400,592,1,3,2,5,20.0%,247.1,99.6,147.4,0.25,0.75,0.5,1.25,198.4,80.0,118.4,0.2,0.6,0.4,1.0,10,13,2.49,3.24,2.0,2.6
Challenger,RSC003000,Vividbunny46227,Spartans,The Sovereign,Lunar,24.4,56,5,0.393,0.4,2,3,992,400,592,1,3,2,5,20.0%,247.1,99.6,147.4,0.25,0.75,0.5,1.25,198.4,80.0,118.4,0.2,0.6,0.4,1.0,10,13,2.49,3.24,2.0,2.6
Challenger,RSC001299,Fuzzball,Tens,House of Cards,Lunar,23.6,457,36,0.256,0.333,12,24,9180,4560,4620,17,8,37,61,27.9%,280.2,139.2,141.0,0.52,0.24,1.13,1.86,255.0,126.7,128.3,0.47,0.22,1.03,1.69,49,98,1.5,2.99,1.36,2.72
Challenger,RSC002073,Ray Finkle,Metal,The Elements,Lunar,23.0,531,36,0.433,0.417,15,21,10090,4990,5100,20,15,31,69,29.0%,265.0,131.1,134.0,0.53,0.39,0.81,1.81,280.3,138.6,141.7,0.56,0.42,0.86,1.92,87,103,2.29,2.71,2.42,2.86
Challenger,RSC003184,Jt.Actual,"Tens
Dynamite","House of Cards
Fallout Shelter",Solar,22.7,192,15,0.245,0.2,3,12,3726,1690,2036,4,6,16,19,21.1%,270.7,122.8,147.9,0.29,0.44,1.16,1.38,248.4,112.7,135.7,0.27,0.4,1.07,1.27,22,45,1.6,3.27,1.47,3.0
Challenger,RSC000063,Soitsu,Aurora,The Cosmos,Solar,20.6,142,10,0.168,0.2,2,8,2753,1480,1273,5,3,13,18,27.8%,270.4,145.4,125.0,0.49,0.29,1.28,1.77,275.3,148.0,127.3,0.5,0.3,1.3,1.8,13,36,1.28,3.54,1.3,3.6
Challenger,RSC000417,Twoslot,"Saturn
Dynamite","Milky Way
Fallout Shelter",Lunar,19.8,499,36,0.428,0.333,12,24,8877,4830,4047,25,15,17,73,34.2%,248.1,135.0,113.1,0.7,0.42,0.48,2.04,246.6,134.2,112.4,0.69,0.42,0.47,2.03,80,96,2.24,2.68,2.22,2.67
Challenger,RSC000513,Prometiumz,Schnauzers,Puppy Paradise,Solar,19.5,297,19,0.453,0.474,9,10,5841,3130,2711,15,5,20,38,39.5%,274.3,147.0,127.3,0.7,0.23,0.94,1.78,307.4,164.7,142.7,0.79,0.26,1.05,2.0,47,53,2.21,2.49,2.47,2.79
Challenger,,Bill Nye The Kitten Guy,Squalls,Storm,Solar,18.6,278,20,0.442,0.4,8,12,5262,2930,2332,12,7,21,33,36.4%,264.0,147.0,117.0,0.6,0.35,1.05,1.66,263.1,146.5,116.6,0.6,0.35,1.05,1.65,44,51,2.21,2.56,2.2,2.55
Challenger,,Freestyle,Toucans,The Jungle,Solar,17.9,197,13,0.395,0.385,5,8,3786,2170,1616,9,3,17,27,33.3%,268.0,153.6,114.4,0.64,0.21,1.2,1.91,291.2,166.9,124.3,0.69,0.23,1.31,2.08,24,32,1.7,2.27,1.85,2.46
Challenger,,Mystycaldawn,Pawberry Pancakes,The Cat Cafe,Solar,17.1,397,29,0.421,0.379,11,18,7487,3690,3797,14,9,28,44,31.8%,263.0,129.6,133.4,0.49,0.32,0.98,1.55,258.2,127.2,130.9,0.48,0.31,0.97,1.52,62,76,2.18,2.67,2.14,2.62
Challenger,RSC003382,Whymer,Dynamite,Fallout Shelter,Solar,15.6,450,33,0.395,0.455,15,18,8025,3720,4305,13,12,26,52,25.0%,248.7,115.3,133.4,0.4,0.37,0.81,1.61,243.2,112.7,130.5,0.39,0.36,0.79,1.58,63,83,1.95,2.57,1.91,2.52
Challenger,RSC000221,Treefrog,Freemasons,The Order,Lunar,14.5,156,12,0.403,0.333,4,8,2775,1400,1375,4,5,12,15,26.7%,248.1,125.2,122.9,0.36,0.45,1.07,1.34,231.3,116.7,114.6,0.33,0.42,1.0,1.25,20,26,1.79,2.32,1.67,2.17
Challenger,RSC000253,Musah,Paperboys,8-Bit Brigade,Lunar,13.2,425,32,0.214,0.219,7,25,7425,3500,3925,11,12,27,45,24.4%,243.7,114.9,128.8,0.36,0.39,0.89,1.48,232.0,109.4,122.7,0.34,0.38,0.84,1.41,44,101,1.44,3.31,1.38,3.16
Challenger,RSC000253,Musah,Paperboys,8-Bit Brigade,Lunar,13.2,425,32,0.214,0.219,7,25,7425,3500,3925,11,12,27,45,24.4%,243.7,114.9,128.8,0.36,0.39,0.89,1.48,232.0,109.4,122.7,0.34,0.38,0.84,1.41,44,101,1.44,3.31,1.38,3.16
Challenger,RSC002864,Grovelove,"Stingrays
Arctic Foxes
Hydralisks","The Ocean
Polar Vortex
The Swarm",Solar,11.9,547,39,0.323,0.333,13,26,9038,4880,4158,15,20,36,58,25.9%,230.5,124.4,106.0,0.38,0.51,0.92,1.48,231.7,125.1,106.6,0.38,0.51,0.92,1.49,71,114,1.81,2.91,1.82,2.92
Challenger,,King Bonkk,"Garlic Fingers
Isopods
Pawberry Pancakes","Fifty-Fifty Pizzeria
The Abyss
The Cat Cafe",Lunar,11.2,152,10,0.445,0.4,4,6,2454,1050,1404,2,4,9,20,10.0%,225.2,96.3,128.8,0.18,0.37,0.83,1.84,245.4,105.0,140.4,0.2,0.4,0.9,2.0,18,21,1.65,1.93,1.8,2.1
Challenger,RSC002624,Apple,Dynamite,Fallout Shelter,Solar,11.0,27,2,0.317,0.5,1,1,465,270,195,0,1,4,2,0.0%,240.2,139.5,100.7,0.0,0.52,2.07,1.03,232.5,135.0,97.5,0.0,0.5,2.0,1.0,3,5,1.55,2.58,1.5,2.5
Challenger,RSC001942,Dendro,Hephaestus,Olympus,Solar,8.8,132,9,0.295,0.222,2,7,2265,1140,1125,4,3,9,14,28.6%,239.3,120.5,118.9,0.42,0.32,0.95,1.48,251.7,126.7,125.0,0.44,0.33,1.0,1.56,16,28,1.69,2.96,1.78,3.11
Challenger,,Grumpus_Dad,Paperboys,8-Bit Brigade,Lunar,-7.3,341,23,0.191,0.174,4,19,5181,2640,2541,10,3,23,34,29.4%,211.9,108.0,103.9,0.41,0.12,0.94,1.39,225.3,114.8,110.5,0.43,0.13,1.0,1.48,34,85,1.39,3.48,1.48,3.7
Challenger,RSC000748,Aberinkula,Schnauzers,Puppy Paradise,Solar,-20.9,71,5,0.121,0.2,1,4,769,330,439,0,1,4,8,0.0%,151.1,64.8,86.2,0.0,0.2,0.79,1.57,153.8,66.0,87.8,0.0,0.2,0.8,1.6,7,23,1.38,4.52,1.4,4.6
Amateur,RSC002942,Thievess,Excitebikers,8-Bit Brigade,Lunar,100.9,28,2,0.953,1.0,2,0,882,590,292,4,1,1,9,44.4%,385.1,257.6,127.5,1.75,0.44,0.44,3.93,441.0,295.0,146.0,2.0,0.5,0.5,4.5,12,2,5.24,0.87,6.0,1.0
Amateur,,Panda,Stormtroopers,The Empire,Solar,88.1,696,55,0.648,0.655,36,19,21183,12540,8643,67,35,50,159,42.1%,372.1,220.3,151.8,1.18,0.61,0.88,2.79,385.1,228.0,157.1,1.22,0.64,0.91,2.89,157,106,2.76,1.86,2.85,1.93
Amateur,RSC003374,Raisonbran,Watts,Electric Mayhem,Lunar,83.2,696,56,0.631,0.625,35,21,21073,12620,8453,68,30,55,157,43.3%,370.1,221.7,148.5,1.19,0.53,0.97,2.76,376.3,225.4,150.9,1.21,0.54,0.98,2.8,158,112,2.78,1.97,2.82,2.0
Amateur,RSC003320,Jojomojo13,Capybaras,The Jungle,Solar,79.3,700,56,0.66,0.625,35,21,19299,10790,8509,50,40,46,149,33.6%,337.0,188.4,148.6,0.87,0.7,0.8,2.6,344.6,192.7,151.9,0.89,0.71,0.82,2.66,157,102,2.74,1.78,2.8,1.82
Amateur,RSC002743,Kdfsjljklgjfg,Opus Dei,The Order,Lunar,78.2,599,51,0.59,0.569,29,22,17841,9970,7871,47,27,54,122,38.5%,364.1,203.5,160.6,0.96,0.55,1.1,2.49,349.8,195.5,154.3,0.92,0.53,1.06,2.39,118,93,2.41,1.9,2.31,1.82
Amateur,RSC003285,Sk8R18,Spinosaurus,Dino Park,Lunar,76.2,557,47,0.47,0.426,20,27,15697,8780,6917,43,28,39,113,38.1%,344.5,192.7,151.8,0.94,0.61,0.86,2.48,334.0,186.8,147.2,0.91,0.6,0.83,2.4,116,125,2.55,2.74,2.47,2.66
Amateur,RSC003345,Padheasha,Otters,The Ocean,Solar,68.1,579,47,0.578,0.574,27,20,15286,8090,7196,33,30,44,109,30.3%,322.7,170.8,151.9,0.7,0.63,0.93,2.3,325.2,172.1,153.1,0.7,0.64,0.94,2.32,119,97,2.51,2.05,2.53,2.06
Amateur,,Redwinglegend,Watts,Electric Mayhem,Lunar,64.9,696,56,0.631,0.625,35,21,17379,9970,7409,45,34,47,142,31.7%,305.2,175.1,130.1,0.79,0.6,0.83,2.49,310.3,178.0,132.3,0.8,0.61,0.84,2.54,158,112,2.78,1.97,2.82,2.0
Amateur,RSC002264,Cubsfan082016,Excitebikers,8-Bit Brigade,Lunar,64.8,595,48,0.471,0.458,22,26,16734,9530,7204,45,22,57,108,41.7%,343.8,195.8,148.0,0.92,0.45,1.17,2.22,348.6,198.5,150.1,0.94,0.46,1.19,2.25,118,127,2.42,2.61,2.46,2.65
Amateur,RSC003245,Static8540,Stormtroopers,The Empire,Solar,64.1,372,29,0.7,0.724,21,8,9142,5720,3422,31,16,20,82,37.8%,300.4,188.0,112.5,1.02,0.53,0.66,2.69,315.2,197.2,118.0,1.07,0.55,0.69,2.83,94,55,3.09,1.81,3.24,1.9
Amateur,RSC003168,Mykopolis,Zerglings,The Swarm,Solar,64.0,567,49,0.51,0.551,27,22,15832,8990,6842,42,22,54,99,42.4%,341.3,193.8,147.5,0.91,0.47,1.16,2.13,323.1,183.5,139.6,0.86,0.45,1.1,2.02,114,111,2.46,2.39,2.33,2.27
Amateur,RSC002949,Razzr Elite,Opus Dei,The Order,Lunar,61.9,462,40,0.58,0.575,23,17,13233,7250,5983,36,17,42,70,51.4%,350.1,191.8,158.3,0.95,0.45,1.11,1.85,330.8,181.3,149.6,0.9,0.43,1.05,1.75,89,72,2.35,1.91,2.23,1.8
Amateur,,Saltybacon,Capybaras,The Jungle,Solar,61.1,689,55,0.674,0.636,35,20,17580,10420,7160,57,25,41,142,40.1%,311.9,184.9,127.0,1.01,0.44,0.73,2.52,319.6,189.5,130.2,1.04,0.45,0.75,2.58,157,98,2.79,1.74,2.85,1.78
Amateur,RSC003419,Notx Maniac,Otters,The Ocean,Solar,57.6,618,50,0.547,0.54,27,23,16366,9230,7136,53,19,37,113,46.9%,323.7,182.6,141.2,1.05,0.38,0.73,2.24,327.3,184.6,142.7,1.06,0.38,0.74,2.26,123,109,2.43,2.16,2.46,2.18
Amateur,RSC000972,Ryuki Sanyo,Spinosaurus,Dino Park,Lunar,55.7,597,49,0.461,0.429,21,28,15175,8810,6365,50,18,35,116,43.1%,310.7,180.4,130.3,1.02,0.37,0.72,2.38,309.7,179.8,129.9,1.02,0.37,0.71,2.37,118,130,2.42,2.66,2.41,2.65
Amateur,,Most_Games,Opus Dei,The Order,Lunar,55.5,314,27,0.554,0.519,14,13,7931,4380,3551,22,11,21,58,37.9%,308.8,170.5,138.2,0.86,0.43,0.82,2.26,293.7,162.2,131.5,0.81,0.41,0.78,2.15,60,52,2.34,2.02,2.22,1.93
Amateur,RSC003444,Yo Its Shaggy,Barbarians,The Sovereign,Lunar,53.6,264,24,0.429,0.417,10,14,7458,3830,3628,15,9,31,33,45.5%,345.3,177.3,168.0,0.69,0.42,1.44,1.53,310.8,159.6,151.2,0.63,0.38,1.29,1.38,44,53,2.04,2.45,1.83,2.21
Amateur,RSC002799,Whale,Excitebikers,8-Bit Brigade,Lunar,52.5,276,22,0.402,0.409,9,13,6974,4140,2834,19,9,26,49,38.8%,308.9,183.4,125.5,0.84,0.4,1.15,2.17,317.0,188.2,128.8,0.86,0.41,1.18,2.23,44,57,1.95,2.52,2.0,2.59
Amateur,,Obiwonkevobi,Stormtroopers,The Empire,Solar,52.1,666,53,0.666,0.679,36,17,15255,8850,6405,40,34,42,105,38.1%,280.0,162.4,117.6,0.73,0.62,0.77,1.93,287.8,167.0,120.8,0.75,0.64,0.79,1.98,153,98,2.81,1.8,2.89,1.85
Amateur,RSC003288,Greengofantastic,Zerglings,The Swarm,Solar,46.4,437,38,0.495,0.553,21,17,10860,6100,4760,25,16,44,60,41.7%,303.8,170.6,133.2,0.7,0.45,1.23,1.68,285.8,160.5,125.3,0.66,0.42,1.16,1.58,86,87,2.41,2.43,2.26,2.29
Amateur,,Sirzohan1002,Capybaras,The Jungle,Solar,46.2,637,50,0.673,0.66,33,17,14297,8450,5847,43,24,37,110,39.1%,274.4,162.2,112.2,0.83,0.46,0.71,2.11,285.9,169.0,116.9,0.86,0.48,0.74,2.2,141,88,2.71,1.69,2.82,1.76
Amateur,RSC003213,Soba_Man,Otters,The Ocean,Solar,45.4,603,48,0.581,0.563,27,21,13608,7760,5848,36,20,41,111,32.4%,275.9,157.3,118.6,0.73,0.41,0.83,2.25,283.5,161.7,121.8,0.75,0.42,0.85,2.31,120,97,2.43,1.97,2.5,2.02
Amateur,RSC002654,Tacticalstr1Ke,Watts,Electric Mayhem,Lunar,44.4,593,47,0.634,0.66,31,16,12659,7700,4959,40,29,28,85,47.1%,261.0,158.7,102.2,0.82,0.6,0.58,1.75,269.3,163.8,105.5,0.85,0.62,0.6,1.81,130,91,2.68,1.88,2.77,1.94
Amateur,RSC002651,Monkeylover2219,Watts,Electric Mayhem,Lunar,43.0,103,9,0.617,0.444,4,5,1962,1240,722,5,8,5,9,55.6%,232.9,147.2,85.7,0.59,0.95,0.59,1.07,218.0,137.8,80.2,0.56,0.89,0.56,1.0,28,21,3.32,2.49,3.11,2.33
Amateur,RSC002703,Pattywagon,Winter Fresh,Minty Fresh,Solar,42.7,489,41,0.216,0.244,10,31,11626,6610,5016,21,16,59,76,27.6%,290.6,165.2,125.4,0.52,0.4,1.47,1.9,283.6,161.2,122.3,0.51,0.39,1.44,1.85,64,143,1.6,3.57,1.56,3.49
Amateur,RSC001648,Shane9B3,Spinosaurus,Dino Park,Lunar,40.4,367,33,0.426,0.364,12,21,7885,4520,3365,23,11,20,67,34.3%,262.6,150.6,112.1,0.77,0.37,0.67,2.23,238.9,137.0,102.0,0.7,0.33,0.61,2.03,74,89,2.46,2.96,2.24,2.7
Amateur,RSC003430,Avoidedemu,Barbarians,The Sovereign,Lunar,40.3,319,23,0.437,0.435,10,13,7492,4760,2732,21,7,35,56,37.5%,287.1,182.4,104.7,0.8,0.27,1.34,2.15,325.7,207.0,118.8,0.91,0.3,1.52,2.43,57,67,2.18,2.57,2.48,2.91
Amateur,,Papa Lane 88,Excitebikers,8-Bit Brigade,Lunar,40.1,505,41,0.507,0.512,21,20,10883,5620,5263,25,21,27,72,34.7%,263.4,136.0,127.4,0.61,0.51,0.65,1.74,265.4,137.1,128.4,0.61,0.51,0.66,1.76,110,108,2.66,2.61,2.68,2.63
Amateur,RSC003193,Shiftdrink,Barbarians,The Sovereign,Lunar,39.5,694,55,0.399,0.382,21,34,16568,9270,7298,43,18,61,102,42.2%,291.8,163.3,128.6,0.76,0.32,1.07,1.8,301.2,168.5,132.7,0.78,0.33,1.11,1.85,116,151,2.04,2.66,2.11,2.75
Amateur,,Sarkastic,Zerglings,The Swarm,Solar,38.7,591,51,0.474,0.529,27,24,12996,7260,5736,40,20,28,86,46.5%,268.8,150.2,118.6,0.83,0.41,0.58,1.78,254.8,142.4,112.5,0.78,0.39,0.55,1.69,116,124,2.4,2.56,2.27,2.43
Amateur,RSC003161,Love And Hennessy,Opus Dei,The Order,Lunar,36.8,566,50,0.595,0.54,27,23,12420,6370,6050,21,24,48,67,31.3%,268.3,137.6,130.7,0.45,0.52,1.04,1.45,248.4,127.4,121.0,0.42,0.48,0.96,1.34,111,86,2.4,1.86,2.22,1.72
Amateur,RSC002055,Blapgaming,Barbarians,The Sovereign,Lunar,35.1,425,32,0.364,0.313,10,22,8616,4870,3746,22,18,24,57,38.6%,247.8,140.1,107.7,0.63,0.52,0.69,1.64,269.3,152.2,117.1,0.69,0.56,0.75,1.78,71,101,2.04,2.91,2.22,3.16
Amateur,,Cobrakairl,Excitebikers,8-Bit Brigade,Lunar,35.0,564,46,0.452,0.457,21,25,11873,6680,5193,38,18,23,83,45.8%,257.3,144.8,112.6,0.82,0.39,0.5,1.8,258.1,145.2,112.9,0.83,0.39,0.5,1.8,109,123,2.36,2.67,2.37,2.67
Amateur,RSC002767,Rvbb3Rdvck,"Capybaras
Barbarians","The Jungle
The Sovereign",Lunar,32.0,364,30,0.455,0.4,12,18,7841,4030,3811,18,11,24,48,37.5%,263.3,135.3,128.0,0.6,0.37,0.81,1.61,261.4,134.3,127.0,0.6,0.37,0.8,1.6,65,73,2.18,2.45,2.17,2.43
Amateur,RSC003157,Mojomayhem,Winter Fresh,Minty Fresh,Solar,29.5,512,41,0.223,0.268,11,30,11368,6210,5158,30,10,40,71,42.3%,271.4,148.3,123.2,0.72,0.24,0.96,1.7,277.3,151.5,125.8,0.73,0.24,0.98,1.73,69,150,1.65,3.58,1.68,3.66
Amateur,RSC001765,Trios,Winter Fresh,Minty Fresh,Solar,29.1,520,43,0.219,0.279,12,31,11156,5180,5976,19,14,38,68,27.9%,262.3,121.8,140.5,0.45,0.33,0.89,1.6,259.4,120.5,139.0,0.44,0.33,0.88,1.58,70,154,1.65,3.62,1.63,3.58
Amateur,RSC000961,Mbolt05,Spinosaurus,Dino Park,Lunar,25.5,422,35,0.43,0.429,15,20,7585,3770,3815,13,18,21,52,25.0%,219.7,109.2,110.5,0.38,0.52,0.61,1.51,216.7,107.7,109.0,0.37,0.51,0.6,1.49,76,91,2.2,2.64,2.17,2.6
Amateur,RSC000999,Wombat Npples,Zerglings,The Swarm,Solar,24.0,229,19,0.474,0.421,8,11,5320,2910,2410,14,4,22,21,66.7%,284.0,155.3,128.7,0.75,0.21,1.17,1.12,280.0,153.2,126.8,0.74,0.21,1.16,1.11,43,46,2.3,2.46,2.26,2.42
Amateur,,Fatnutfreddy,Stormtroopers,The Empire,Solar,21.6,354,28,0.548,0.536,15,13,6957,3840,3117,19,7,22,49,38.8%,240.2,132.6,107.6,0.66,0.24,0.76,1.69,248.5,137.1,111.3,0.68,0.25,0.79,1.75,67,59,2.31,2.04,2.39,2.11
Amateur,,Sharkkilla06,Otters,The Ocean,Solar,16.7,146,11,0.45,0.545,6,5,2780,1390,1390,7,1,8,24,29.2%,232.8,116.4,116.4,0.59,0.08,0.67,2.01,252.7,126.4,126.4,0.64,0.09,0.73,2.18,20,23,1.67,1.93,1.82,2.09
Amateur,RSC003349,Whippetrealgood,"Barbarians
Zerglings","The Sovereign
The Swarm",Lunar,4.3,97,8,0.186,0.25,2,6,1579,730,849,3,1,5,13,23.1%,199.0,92.0,107.0,0.38,0.13,0.63,1.64,197.4,91.3,106.1,0.38,0.13,0.63,1.63,11,28,1.39,3.53,1.38,3.5
Amateur,RSC003335,Xeaglex20X,"Spinosaurus
Zerglings
Capybaras","Dino Park
The Swarm
The Jungle",Solar,-6.7,143,13,0.142,0.077,1,12,2274,940,1334,3,2,9,9,33.3%,194.4,80.4,114.0,0.26,0.17,0.77,0.77,174.9,72.3,102.6,0.23,0.15,0.69,0.69,15,46,1.28,3.93,1.15,3.54
Amateur,RSC000083,Mintie,Winter Fresh,Minty Fresh,Solar,-13.6,459,37,0.143,0.081,3,34,5903,2860,3043,16,7,12,31,51.6%,157.2,76.2,81.0,0.43,0.19,0.32,0.83,159.5,77.3,82.2,0.43,0.19,0.32,0.84,55,162,1.46,4.31,1.49,4.38
Amateur,RSC002174,Snowwolf,"Zerglings
Otters","The Swarm
The Ocean",Solar,-16.0,134,11,0.307,0.364,4,7,1640,970,670,6,1,4,12,50.0%,149.6,88.5,61.1,0.55,0.09,0.36,1.09,149.1,88.2,60.9,0.55,0.09,0.36,1.09,21,35,1.92,3.19,1.91,3.18
