Filter(s),,,Name,Tier,Team(s),Franchise(s),Conference,SBV,TS,GP,PWE,WP,W,L,P,SP,NP,G,A,Sv,S,S%,P/A,SP/A,NP/A,G/A,A/A,Sv/A,S/A,P/G,SP/G,NP/G,G/G,A/G,Sv/G,S/G,tm_G,opp_G,tm_G/A,opp_G/A,tm_G/G,opp_G/G
Stat,Condition,,Woopr,Prospect,Okapis,The Jungle,Solar,99.8,780,54,0.755,0.796,43,11,24427,15770,8657,89,38,56,217,41.0%,423.3,273.3,150.0,1.54,0.66,0.97,3.76,452.4,292.0,160.3,1.65,0.70,1.04,4.02,188,92,3.26,1.59,3.48,1.70
,,,Kranky,Prospect,Koala Bears,The Bear Den,Lunar,94.8,751,56,0.741,0.750,42,14,22075,13820,8255,69,57,47,172,40.1%,397.3,248.8,148.6,1.24,1.03,0.85,3.10,394.2,246.8,147.4,1.23,1.02,0.84,3.07,189,98,3.40,1.76,3.38,1.75
,,,Spades,Prospect,Compost Bins,Waste Management,Solar,85.3,781,55,0.570,0.582,32,23,22972,12870,10102,56,47,67,157,35.7%,397.6,222.8,174.8,0.97,0.81,1.16,2.72,417.7,234.0,183.7,1.02,0.85,1.22,2.85,153,128,2.65,2.22,2.78,2.33
,,,Cpt Jon Smith,Prospect,Koala Bears,The Bear Den,Lunar,85.2,751,56,0.741,0.750,42,14,22297,14430,7867,85,37,49,163,52.1%,401.3,259.7,141.6,1.53,0.67,0.88,2.93,398.2,257.7,140.5,1.52,0.66,0.88,2.91,189,98,3.40,1.76,3.38,1.75
,,,The Better Quack,Prospect,House Salads,Fifty-Fifty Pizzeria,Lunar,77.2,604,45,0.638,0.644,29,16,17303,10290,7013,49,31,54,114,43.0%,387.3,230.3,157.0,1.10,0.69,1.21,2.55,384.5,228.7,155.8,1.09,0.69,1.20,2.53,125,87,2.80,1.95,2.78,1.93
,,,Solidfisher63,Prospect,Heat Wave,The Soundtrack,Lunar,77.2,444,34,0.588,0.588,20,14,12228,7250,4978,34,23,35,95,35.8%,372.3,220.7,151.6,1.04,0.70,1.07,2.89,359.6,213.2,146.4,1.00,0.68,1.03,2.79,89,71,2.71,2.16,2.62,2.09
,,,Vencill,Prospect,Barbarians,The Sovereign,Lunar,76.1,644,48,0.708,0.667,32,16,17967,10320,7647,52,24,49,147,35.4%,377.1,216.6,160.5,1.09,0.50,1.03,3.09,374.3,215.0,159.3,1.08,0.50,1.02,3.06,143,81,3.00,1.70,2.98,1.69
,,,Topsgod,Prospect,Blacktips,Shark Attack,Lunar,74.3,708,52,0.567,0.596,31,21,19302,11120,8182,49,37,59,142,34.5%,368.5,212.3,156.2,0.94,0.71,1.13,2.71,371.2,213.8,157.3,0.94,0.71,1.13,2.73,131,110,2.50,2.10,2.52,2.12
,,,Chronoelevated,Prospect,Heat Wave,The Soundtrack,Lunar,73.8,42,4,0.742,0.750,3,1,962,480,482,2,4,0,8,25.0%,309.6,154.5,155.1,0.64,1.29,0.00,2.57,240.5,120.0,120.5,0.50,1.00,0.00,2.00,13,7,4.18,2.25,3.25,1.75
,,,Levibullrush,Prospect,"Titanoboas
Earth","The Serpents
The Elements",Lunar,73.8,583,44,0.500,0.455,20,24,16136,9120,7016,39,23,56,127,30.7%,374.1,211.5,162.7,0.90,0.53,1.30,2.94,366.7,207.3,159.5,0.89,0.52,1.27,2.89,94,94,2.18,2.18,2.14,2.14
,,,Void,Prospect,Snap-Its,Fallout Shelter,Solar,72.0,583,45,0.657,0.689,31,14,16094,9170,6924,40,31,52,102,39.2%,373.2,212.6,160.5,0.93,0.72,1.21,2.37,357.6,203.8,153.9,0.89,0.69,1.16,2.27,127,84,2.94,1.95,2.82,1.87
,,,Lim,Prospect,Blacktips,Shark Attack,Lunar,71.9,56,5,0.500,0.400,2,3,1583,920,663,3,4,7,7,42.9%,382.1,222.1,160.0,0.72,0.97,1.69,1.69,316.6,184.0,132.6,0.60,0.80,1.40,1.40,8,8,1.93,1.93,1.60,1.60
Sort(s),,,Jojomojo13,Prospect,Okapis,The Jungle,Solar,68.1,804,56,0.731,0.768,43,13,19571,11770,7801,58,53,35,157,36.9%,329.1,197.9,131.2,0.98,0.89,0.59,2.64,349.5,210.2,139.3,1.04,0.95,0.63,2.80,192,102,3.23,1.71,3.43,1.82
Stat,Order,,Ir2B_Bananaman,Prospect,Barbarians,The Sovereign,Lunar,67.2,639,47,0.710,0.702,33,14,16524,9700,6824,41,34,54,120,34.2%,349.6,205.2,144.4,0.87,0.72,1.14,2.54,351.6,206.4,145.2,0.87,0.72,1.15,2.55,145,82,3.07,1.73,3.09,1.74
Name,Desc,,Panda,Prospect,Imperial Walkers,The Empire,Solar,66.8,707,56,0.503,0.500,28,28,18141,10260,7881,43,34,57,141,30.5%,346.9,196.2,150.7,0.82,0.65,1.09,2.70,323.9,183.2,140.7,0.77,0.61,1.02,2.52,124,123,2.37,2.35,2.21,2.20
Conference,Desc,,Bill Nye The Cat Guru,Prospect,Snap-Its,Fallout Shelter,Solar,66.1,658,52,0.641,0.692,36,16,17129,9930,7199,47,35,47,113,41.6%,351.9,204.0,147.9,0.97,0.72,0.97,2.32,329.4,191.0,138.4,0.90,0.67,0.90,2.17,140,97,2.88,1.99,2.69,1.87
TS,Desc,,Moldypbj,Prospect,Sparks,Electric Mayhem,Lunar,64.2,454,34,0.594,0.588,20,14,11238,6530,4708,32,21,27,93,34.4%,334.6,194.4,140.2,0.95,0.63,0.80,2.77,330.5,192.1,138.5,0.94,0.62,0.79,2.74,88,69,2.62,2.05,2.59,2.03
,,,Bajesus666,Prospect,Snap-Its,Fallout Shelter,Solar,63.1,624,49,0.657,0.714,35,14,15857,9400,6457,45,31,45,110,40.9%,343.5,203.6,139.9,0.97,0.67,0.97,2.38,323.6,191.8,131.8,0.92,0.63,0.92,2.24,136,90,2.95,1.95,2.78,1.84
,,,G0Ld3N,Prospect,Dragonflies,The Swarm,Solar,63.1,741,52,0.511,0.481,25,27,20089,11250,8839,51,26,72,125,40.8%,366.5,205.2,161.2,0.93,0.47,1.31,2.28,386.3,216.3,170.0,0.98,0.50,1.38,2.40,142,138,2.59,2.52,2.73,2.65
,,,Tylr,Prospect,Stargazers,The Abyss,Lunar,62.6,685,51,0.500,0.471,24,27,17615,9590,8025,37,30,63,124,29.8%,347.6,189.3,158.4,0.73,0.59,1.24,2.45,345.4,188.0,157.4,0.73,0.59,1.24,2.43,118,118,2.33,2.33,2.31,2.31
,,,Reeve,Prospect,Rodan,Kaiju,Solar,62.1,511,33,0.577,0.606,20,13,12863,7890,4973,37,18,44,109,33.9%,340.3,208.7,131.6,0.98,0.48,1.16,2.88,389.8,239.1,150.7,1.12,0.55,1.33,3.30,93,76,2.46,2.01,2.82,2.30
,,,Stay Frosty Af,Prospect,Supernova,The Cosmos,Solar,61.9,750,53,0.522,0.566,30,23,19589,10750,8839,50,25,62,140,35.7%,353.1,193.8,159.3,0.90,0.45,1.12,2.52,369.6,202.8,166.8,0.94,0.47,1.17,2.64,126,119,2.27,2.14,2.38,2.25
,,,Kli,Prospect,Barbarians,The Sovereign,Lunar,61.5,448,36,0.641,0.667,24,12,11009,6290,4719,28,24,30,79,35.4%,332.2,189.8,142.4,0.84,0.72,0.91,2.38,305.8,174.7,131.1,0.78,0.67,0.83,2.19,94,65,2.84,1.96,2.61,1.81
,,,Retired,Prospect,"Imperial Walkers
Gloom","The Empire
The Shadows",Solar,60.8,558,46,0.512,0.457,21,25,13980,7150,6830,35,17,33,115,30.4%,338.7,173.2,165.5,0.85,0.41,0.80,2.79,303.9,155.4,148.5,0.76,0.37,0.72,2.50,98,95,2.37,2.30,2.13,2.07
,,,Koirley,Prospect,Air Buds,Puppy Paradise,Solar,60.6,582,41,0.431,0.415,17,24,14443,8210,6233,40,22,39,116,34.5%,335.5,190.7,144.8,0.93,0.51,0.91,2.69,352.3,200.2,152.0,0.98,0.54,0.95,2.83,93,111,2.16,2.58,2.27,2.71
,,,Der,Prospect,Snap-Its,Fallout Shelter,Solar,60.4,286,22,0.522,0.545,12,10,7452,4600,2852,21,11,29,50,42.0%,352.2,217.4,134.8,0.99,0.52,1.37,2.36,338.7,209.1,129.6,0.95,0.50,1.32,2.27,56,53,2.65,2.51,2.55,2.41
,,,Jynxgaming24,Prospect,Gallimimus,Dino Park,Lunar,59.6,640,48,0.405,0.438,21,27,16280,9240,7040,41,25,55,114,36.0%,343.9,195.2,148.7,0.87,0.53,1.16,2.41,339.2,192.5,146.7,0.85,0.52,1.15,2.38,106,135,2.24,2.85,2.21,2.81
,,,Easytactical™️,Prospect,Titanoboas,The Serpents,Lunar,59.2,523,40,0.500,0.500,20,20,12602,7230,5372,32,29,34,88,36.4%,325.7,186.9,138.8,0.83,0.75,0.88,2.27,315.1,180.8,134.3,0.80,0.73,0.85,2.20,99,99,2.56,2.56,2.48,2.48
,,,Tanjiro-San,Prospect,Imperial Walkers,The Empire,Solar,58.9,633,51,0.536,0.549,28,23,15972,8260,7712,41,23,38,111,36.9%,341.1,176.4,164.7,0.88,0.49,0.81,2.37,313.2,162.0,151.2,0.80,0.45,0.75,2.18,114,104,2.43,2.22,2.24,2.04
,,,Made By Miraj,Prospect,Gloom,The Shadows,Lunar,57.8,389,28,0.500,0.536,15,13,9391,5130,4261,29,15,15,73,39.7%,326.3,178.3,148.1,1.01,0.52,0.52,2.54,335.4,183.2,152.2,1.04,0.54,0.54,2.61,71,71,2.47,2.47,2.54,2.54
,,,Robophant,Prospect,Titanoboas,The Serpents,Lunar,57.5,671,52,0.582,0.596,31,21,16497,9510,6987,45,29,48,116,38.8%,332.3,191.6,140.8,0.91,0.58,0.97,2.34,317.3,182.9,134.4,0.87,0.56,0.92,2.23,132,107,2.66,2.16,2.54,2.06
,,,Vickyviksta,Prospect,Sparks,Electric Mayhem,Lunar,57.2,595,45,0.515,0.444,20,25,13832,8220,5612,33,31,45,112,29.5%,314.3,186.8,127.5,0.75,0.70,1.02,2.54,307.4,182.7,124.7,0.73,0.69,1.00,2.49,111,107,2.52,2.43,2.47,2.38
,,,Thedemonbelial,Prospect,Hisspy Bacons,The Cat Cafe,Solar,56.7,80,7,0.522,0.571,4,3,1774,990,784,5,5,2,14,35.7%,299.8,167.3,132.5,0.84,0.84,0.34,2.37,253.4,141.4,112.0,0.71,0.71,0.29,2.00,20,19,3.38,3.21,2.86,2.71
,,,Schrodog,Prospect,"Titanoboas
Hisspy Bacons","The Serpents
The Cat Cafe",Solar,56.4,434,30,0.545,0.400,12,18,10562,6210,4352,26,17,39,81,32.1%,329.0,193.4,135.6,0.81,0.53,1.21,2.52,352.1,207.0,145.1,0.87,0.57,1.30,2.70,71,63,2.21,1.96,2.37,2.10
,,,Crazybeaver1117,Prospect,Stargazers,The Abyss,Lunar,55.9,445,32,0.495,0.406,13,19,10179,5840,4339,27,22,24,84,32.1%,309.2,177.4,131.8,0.82,0.67,0.73,2.55,318.1,182.5,135.6,0.84,0.69,0.75,2.63,79,80,2.40,2.43,2.47,2.50
,,,Wyzer,Prospect,Heat Wave,The Soundtrack,Lunar,55.1,619,50,0.529,0.480,24,26,15526,8860,6666,46,17,46,111,41.4%,339.1,193.5,145.6,1.00,0.37,1.00,2.42,310.5,177.2,133.3,0.92,0.34,0.92,2.22,114,106,2.49,2.31,2.28,2.12
,,,Reekyosprey74,Prospect,Dragonflies,The Swarm,Solar,54.9,547,39,0.523,0.462,18,21,13433,7970,5463,36,26,45,82,43.9%,332.0,197.0,135.0,0.89,0.64,1.11,2.03,344.4,204.4,140.1,0.92,0.67,1.15,2.10,108,102,2.67,2.52,2.77,2.62
,,,Chung,Prospect,Red Stags,The Forest,Solar,54.3,758,56,0.469,0.464,26,30,19076,10810,8266,54,21,61,131,41.2%,340.2,192.8,147.4,0.96,0.37,1.09,2.34,340.6,193.0,147.6,0.96,0.38,1.09,2.34,134,145,2.39,2.59,2.39,2.59
,,,Darkenedlink,Prospect,Air Buds,Puppy Paradise,Solar,54.2,625,45,0.393,0.378,17,28,15773,9190,6583,44,15,58,114,38.6%,341.1,198.8,142.4,0.95,0.32,1.25,2.47,350.5,204.2,146.3,0.98,0.33,1.29,2.53,98,129,2.12,2.79,2.18,2.87
,,,Jerry4L,Prospect,Gallimimus,Dino Park,Lunar,54.1,144,11,0.373,0.364,4,7,3599,2060,1539,9,4,14,26,34.6%,337.9,193.4,144.5,0.84,0.38,1.31,2.44,327.2,187.3,139.9,0.82,0.36,1.27,2.36,20,28,1.88,2.63,1.82,2.55
,,,Beni Lava,Prospect,Red Stags,The Forest,Solar,53.6,19,1,0.612,1.000,1,0,437,210,227,0,2,2,1,0.0%,310.9,149.4,161.5,0.00,1.42,1.42,0.71,437.0,210.0,227.0,0.00,2.00,2.00,1.00,4,3,2.85,2.13,4.00,3.00
,,,Theonlymini1117,Prospect,Blacktips,Shark Attack,Lunar,53.6,742,55,0.553,0.564,31,24,17750,9900,7850,46,28,52,130,35.4%,323.4,180.4,143.0,0.84,0.51,0.95,2.37,322.7,180.0,142.7,0.84,0.51,0.95,2.36,133,116,2.42,2.11,2.42,2.11
,,,Widdl,Prospect,Barbarians,The Sovereign,Lunar,52.8,510,37,0.588,0.595,22,15,12155,7360,4795,39,20,32,86,45.3%,322.2,195.1,127.1,1.03,0.53,0.85,2.28,328.5,198.9,129.6,1.05,0.54,0.86,2.32,98,78,2.60,2.07,2.65,2.11
,,,Doce,Prospect,Smooth Mint,Minty Fresh,Solar,51.7,532,40,0.334,0.350,14,26,13322,7490,5832,30,6,62,109,27.5%,338.5,190.3,148.2,0.76,0.15,1.58,2.77,333.1,187.3,145.8,0.75,0.15,1.55,2.73,64,101,1.63,2.57,1.60,2.53
,,,Tabernakdecalis,Prospect,House Salads,Fifty-Fifty Pizzeria,Lunar,51.1,619,45,0.566,0.622,28,17,14636,8610,6026,35,30,54,91,38.5%,319.6,188.0,131.6,0.76,0.66,1.18,1.99,325.2,191.3,133.9,0.78,0.67,1.20,2.02,124,105,2.71,2.29,2.76,2.33
,,,Zarathustra,Prospect,Rodan,Kaiju,Solar,51.1,633,46,0.455,0.500,23,23,15063,8610,6453,39,25,49,101,38.6%,321.7,183.9,137.8,0.83,0.53,1.05,2.16,327.5,187.2,140.3,0.85,0.54,1.07,2.20,108,121,2.31,2.58,2.35,2.63
,,,L3G1T L3Ge3Nd,Prospect,Hisspy Bacons,The Cat Cafe,Solar,51.0,622,47,0.438,0.426,20,27,15155,8340,6815,35,19,57,104,33.7%,329.4,181.3,148.1,0.76,0.41,1.24,2.26,322.4,177.4,145.0,0.74,0.40,1.21,2.21,97,114,2.11,2.48,2.06,2.43
,,,Kflip11,Prospect,"Punch-Outs
Eclipse","8-Bit Brigade
North American Soccar Club",Solar,50.4,604,44,0.393,0.386,17,27,13865,7910,5955,35,28,41,96,36.5%,310.3,177.0,133.3,0.78,0.63,0.92,2.15,315.1,179.8,135.3,0.80,0.64,0.93,2.18,100,131,2.24,2.93,2.27,2.98
,,,Cheechoo777,Prospect,Red Stags,The Forest,Solar,50.2,450,32,0.567,0.594,19,13,10466,6020,4446,23,22,39,67,34.3%,314.4,180.8,133.6,0.69,0.66,1.17,2.01,327.1,188.1,138.9,0.72,0.69,1.22,2.09,90,76,2.70,2.28,2.81,2.38
,,,Donkmedaddy,Prospect,Koala Bears,The Bear Den,Lunar,48.9,672,51,0.753,0.765,39,12,14885,8530,6355,31,41,49,93,33.3%,299.4,171.6,127.8,0.62,0.82,0.99,1.87,291.9,167.3,124.6,0.61,0.80,0.96,1.82,174,87,3.50,1.75,3.41,1.71
,,,Stormz,Prospect,House Salads,Fifty-Fifty Pizzeria,Lunar,48.7,33,2,0.353,0.500,1,1,695,320,375,2,1,0,7,28.6%,284.7,131.1,153.6,0.82,0.41,0.00,2.87,347.5,160.0,187.5,1.00,0.50,0.00,3.50,4,6,1.64,2.46,2.00,3.00
,,,Bensam13,Prospect,Supernova,The Cosmos,Solar,48.7,634,45,0.522,0.578,26,19,14051,7900,6151,36,23,39,120,30.0%,299.6,168.4,131.1,0.77,0.49,0.83,2.56,312.2,175.6,136.7,0.80,0.51,0.87,2.67,108,102,2.30,2.17,2.40,2.27
,,,Tr1Zel,Prospect,Rodan,Kaiju,Solar,48.5,614,44,0.467,0.545,24,20,14018,7480,6538,32,23,42,103,31.1%,308.6,164.7,143.9,0.70,0.51,0.92,2.27,318.6,170.0,148.6,0.73,0.52,0.95,2.34,102,111,2.25,2.44,2.32,2.52
,,,Lordhadron,Prospect,House Salads,Fifty-Fifty Pizzeria,Lunar,46.5,643,46,0.544,0.587,27,19,14162,8410,5752,37,26,46,111,33.3%,297.7,176.8,120.9,0.78,0.55,0.97,2.33,307.9,182.8,125.0,0.80,0.57,1.00,2.41,122,109,2.56,2.29,2.65,2.37
,,,Lil Sus,Prospect,Hisspy Bacons,The Cat Cafe,Solar,46.5,678,51,0.486,0.431,22,29,16077,8750,7327,37,24,58,95,38.9%,320.5,174.5,146.1,0.74,0.48,1.16,1.89,315.2,171.6,143.7,0.73,0.47,1.14,1.86,108,112,2.15,2.23,2.12,2.20
,,,Sussurance_Blm,Prospect,Eclipse,North American Soccar Club,Solar,46.4,476,37,0.319,0.270,10,27,11712,6600,5112,31,11,45,70,44.3%,332.6,187.4,145.2,0.88,0.31,1.28,1.99,316.5,178.4,138.2,0.84,0.30,1.22,1.89,72,115,2.04,3.27,1.95,3.11
,,,Blindvisionary,Prospect,Heat Wave,The Soundtrack,Lunar,46.4,604,48,0.478,0.438,21,27,13544,6550,6994,28,25,32,90,31.1%,303.1,146.6,156.5,0.63,0.56,0.72,2.01,282.2,136.5,145.7,0.58,0.52,0.67,1.88,101,107,2.26,2.39,2.10,2.23
,,,Humd1Gger,Prospect,Earth,The Elements,Lunar,46.3,64,4,0.234,0.000,0,4,1252,610,642,2,4,2,11,18.2%,264.4,128.8,135.6,0.42,0.84,0.42,2.32,313.0,152.5,160.5,0.50,1.00,0.50,2.75,7,15,1.48,3.17,1.75,3.75
,,,Youreviltwin,Prospect,Stargazers,The Abyss,Lunar,46.2,535,40,0.533,0.500,20,20,11991,6540,5451,31,21,31,84,36.9%,303.0,165.2,137.7,0.78,0.53,0.78,2.12,299.8,163.5,136.3,0.78,0.53,0.78,2.10,99,91,2.50,2.30,2.48,2.28
,,,Seanrps,Prospect,Gloom,The Shadows,Lunar,46.2,430,31,0.515,0.548,17,14,9579,5220,4359,23,18,27,67,34.3%,301.1,164.1,137.0,0.72,0.57,0.85,2.11,309.0,168.4,140.6,0.74,0.58,0.87,2.16,79,76,2.48,2.39,2.55,2.45
,,,Desert_Fox,Prospect,Gloom,The Shadows,Lunar,45.8,241,19,0.369,0.421,8,11,5748,3320,2428,18,6,17,37,48.6%,322.4,186.2,136.2,1.01,0.34,0.95,2.08,302.5,174.7,127.8,0.95,0.32,0.89,1.95,41,57,2.30,3.20,2.16,3.00
,,,Xmicrowavechefx,Prospect,Compost Bins,Waste Management,Solar,45.0,705,50,0.569,0.580,29,21,14780,8540,6240,44,28,29,129,34.1%,283.4,163.7,119.6,0.84,0.54,0.56,2.47,295.6,170.8,124.8,0.88,0.56,0.58,2.58,136,114,2.61,2.19,2.72,2.28
,,,Freestyle,Prospect,Punch-Outs,8-Bit Brigade,Lunar,45.0,515,36,0.378,0.417,15,21,12067,6770,5297,28,14,49,82,34.1%,316.7,177.7,139.0,0.73,0.37,1.29,2.15,335.2,188.1,147.1,0.78,0.39,1.36,2.28,66,92,1.73,2.41,1.83,2.56
,,,Bean Soup,Prospect,House Salads,Fifty-Fifty Pizzeria,Lunar,44.3,399,30,0.506,0.567,17,13,9055,5170,3885,25,11,29,67,37.3%,306.8,175.2,131.6,0.85,0.37,0.98,2.27,301.8,172.3,129.5,0.83,0.37,0.97,2.23,69,68,2.34,2.30,2.30,2.27
,,,Drac.,Prospect,"Earth
Sparks","The Elements
Electric Mayhem",Lunar,43.9,570,40,0.339,0.325,13,27,12868,7500,5368,29,20,54,90,32.2%,305.2,177.9,127.3,0.69,0.47,1.28,2.13,321.7,187.5,134.2,0.73,0.50,1.35,2.25,76,117,1.80,2.77,1.90,2.93
,,,Padheasha,Prospect,"Stargazers
Red Stags","The Abyss
The Forest",Solar,42.8,560,41,0.569,0.561,23,18,12493,6990,5503,34,15,38,94,36.2%,301.6,168.7,132.8,0.82,0.36,0.92,2.27,304.7,170.5,134.2,0.83,0.37,0.93,2.29,104,87,2.51,2.10,2.54,2.12
,,,Packrat31306,Prospect,Eclipse,North American Soccar Club,Solar,42.6,655,50,0.391,0.380,19,31,14848,7970,6878,32,23,54,92,34.8%,306.4,164.5,141.9,0.66,0.47,1.11,1.90,297.0,159.4,137.6,0.64,0.46,1.08,1.84,102,135,2.11,2.79,2.04,2.70
,,,Treefrog,Prospect,Gloom,The Shadows,Lunar,42.5,305,25,0.363,0.320,8,17,6942,3460,3482,12,11,26,41,29.3%,307.7,153.4,154.3,0.53,0.49,1.15,1.82,277.7,138.4,139.3,0.48,0.44,1.04,1.64,51,72,2.26,3.19,2.04,2.88
,,,Gah'Lagah,Prospect,Koala Bears,The Bear Den,Lunar,42.3,79,5,0.617,0.600,3,2,1624,1000,624,4,3,6,15,26.7%,277.9,171.1,106.8,0.68,0.51,1.03,2.57,324.8,200.0,124.8,0.80,0.60,1.20,3.00,15,11,2.57,1.88,3.00,2.20
,,,Boeso,Prospect,Okapis,The Jungle,Solar,41.8,649,44,0.738,0.773,34,10,13017,7690,5327,36,27,31,119,30.3%,271.1,160.2,111.0,0.75,0.56,0.65,2.48,295.8,174.8,121.1,0.82,0.61,0.70,2.70,156,81,3.25,1.69,3.55,1.84
,,,Fo0F,Prospect,Compost Bins,Waste Management,Solar,41.4,748,53,0.574,0.585,31,22,16007,9470,6537,47,22,47,132,35.6%,289.3,171.1,118.1,0.85,0.40,0.85,2.39,302.0,178.7,123.3,0.89,0.42,0.89,2.49,144,119,2.60,2.15,2.72,2.25
,,,Breadmg,Prospect,Gallimimus,Dino Park,Lunar,40.4,452,32,0.408,0.469,15,17,9540,5590,3950,26,16,29,74,35.1%,285.3,167.2,118.1,0.78,0.48,0.87,2.21,298.1,174.7,123.4,0.81,0.50,0.91,2.31,76,96,2.27,2.87,2.38,3.00
,,,Binx,Prospect,Titanoboas,The Serpents,Lunar,40.4,467,37,0.473,0.514,19,18,9613,4810,4803,25,17,14,76,32.9%,278.3,139.2,139.0,0.72,0.49,0.41,2.20,259.8,130.0,129.8,0.68,0.46,0.38,2.05,84,90,2.43,2.61,2.27,2.43
,,,Xxdarksidexx,Prospect,Punch-Outs,8-Bit Brigade,Lunar,40.3,756,53,0.373,0.396,21,32,17173,10010,7163,32,25,90,106,30.2%,307.1,179.0,128.1,0.57,0.45,1.61,1.90,324.0,188.9,135.2,0.60,0.47,1.70,2.00,105,147,1.88,2.63,1.98,2.77
,,,Grettle,Prospect,Okapis,The Jungle,Solar,40.2,179,14,0.602,0.643,9,5,3962,2370,1592,9,8,17,22,40.9%,299.2,179.0,120.2,0.68,0.60,1.28,1.66,283.0,169.3,113.7,0.64,0.57,1.21,1.57,40,31,3.02,2.34,2.86,2.21
,,,Veoloux,Prospect,Hisspy Bacons,The Cat Cafe,Solar,40.1,79,6,0.763,0.833,5,1,1638,930,708,4,3,5,13,30.8%,280.3,159.1,121.1,0.68,0.51,0.86,2.22,273.0,155.0,118.0,0.67,0.50,0.83,2.17,19,9,3.25,1.54,3.17,1.50
,,,Jandr,Prospect,Dragonflies,The Swarm,Solar,39.7,672,48,0.481,0.438,21,27,14584,8140,6444,35,23,50,99,35.4%,293.4,163.7,129.6,0.70,0.46,1.01,1.99,303.8,169.6,134.3,0.73,0.48,1.04,2.06,122,128,2.45,2.57,2.54,2.67
,,,Apollo,Prospect,Blacktips,Shark Attack,Lunar,39.6,753,56,0.558,0.571,32,24,16360,8910,7450,38,25,55,111,34.2%,293.7,160.0,133.7,0.68,0.45,0.99,1.99,292.1,159.1,133.0,0.68,0.45,0.98,1.98,136,117,2.44,2.10,2.43,2.09
,,,Grovelove,Prospect,Supernova,The Cosmos,Solar,39.4,661,45,0.500,0.533,24,21,14089,7730,6359,33,22,46,103,32.0%,288.1,158.1,130.0,0.67,0.45,0.94,2.11,313.1,171.8,141.3,0.73,0.49,1.02,2.29,107,107,2.19,2.19,2.38,2.38
,,,Cs O Gunkiller,Prospect,Sparks,Electric Mayhem,Lunar,38.8,675,50,0.500,0.460,23,27,14247,8100,6147,41,18,39,115,35.7%,285.3,162.2,123.1,0.82,0.36,0.78,2.30,284.9,162.0,122.9,0.82,0.36,0.78,2.30,119,119,2.38,2.38,2.38,2.38
,,,N00Bpr0N,Prospect,Dragonflies,The Swarm,Solar,38.7,428,29,0.542,0.586,17,12,9315,5660,3655,28,10,33,71,39.4%,294.2,178.8,115.4,0.88,0.32,1.04,2.24,321.2,195.2,126.0,0.97,0.34,1.14,2.45,78,70,2.46,2.21,2.69,2.41
,,,Thenone,Prospect,"Air Buds
Gloom","Puppy Paradise
The Shadows",Solar,38.6,401,31,0.303,0.226,7,24,9421,4980,4441,19,10,42,48,39.6%,317.6,167.9,149.7,0.64,0.34,1.42,1.62,303.9,160.6,143.3,0.61,0.32,1.35,1.55,55,93,1.85,3.14,1.77,3.00
,,,O Ashura O,Prospect,"Gloom
Imperial Walkers","The Shadows
The Empire",Lunar,37.6,602,44,0.471,0.523,23,21,13547,7580,5967,27,16,65,83,32.5%,304.2,170.2,134.0,0.61,0.36,1.46,1.86,307.9,172.3,135.6,0.61,0.36,1.48,1.89,106,114,2.38,2.56,2.41,2.59
,,,The Dude,Prospect,Heat Wave,The Soundtrack,Lunar,37.3,52,4,0.069,0.000,0,4,1116,630,486,0,2,9,8,0.0%,290.1,163.8,126.3,0.00,0.52,2.34,2.08,279.0,157.5,121.5,0.00,0.50,2.25,2.00,2,12,0.52,3.12,0.50,3.00
,,,Thewainmaker,Prospect,Stargazers,The Abyss,Lunar,37.0,372,29,0.395,0.379,11,18,7908,4670,3238,21,11,29,57,36.8%,287.4,169.7,117.7,0.76,0.40,1.05,2.07,272.7,161.0,111.7,0.72,0.38,1.00,1.97,58,76,2.11,2.76,2.00,2.62
,,,Tryhard Goblin,Prospect,Earth,The Elements,Lunar,37.0,576,43,0.292,0.279,12,31,13110,6920,6190,29,10,54,82,35.4%,307.7,162.4,145.3,0.68,0.23,1.27,1.92,304.9,160.9,144.0,0.67,0.23,1.26,1.91,66,118,1.55,2.77,1.53,2.74
,,,Fictional,Prospect,"Eclipse
Compost Bins","North American Soccar Club
Waste Management",Solar,34.6,178,14,0.335,0.357,5,9,3701,2120,1581,9,5,14,27,33.3%,281.1,161.0,120.1,0.68,0.38,1.06,2.05,264.4,151.4,112.9,0.64,0.36,1.00,1.93,26,40,1.97,3.04,1.86,2.86
,,,Display,Prospect,Eclipse,North American Soccar Club,Solar,34.0,484,38,0.417,0.342,13,25,9888,5460,4428,20,20,37,61,32.8%,276.2,152.5,123.7,0.56,0.56,1.03,1.70,260.2,143.7,116.5,0.53,0.53,0.97,1.61,81,100,2.26,2.79,2.13,2.63
,,,G Robber22,Prospect,Rodan,Kaiju,Solar,33.6,80,7,0.432,0.429,3,4,1570,760,810,4,3,2,11,36.4%,265.3,128.4,136.9,0.68,0.51,0.34,1.86,224.3,108.6,115.7,0.57,0.43,0.29,1.57,17,20,2.87,3.38,2.43,2.86
,,,Xp卿,Prospect,"Sparks
Earth","Electric Mayhem
The Elements",Lunar,33.3,511,40,0.325,0.275,11,29,10673,5950,4723,24,11,44,80,30.0%,282.3,157.4,124.9,0.63,0.29,1.16,2.12,266.8,148.8,118.1,0.60,0.28,1.10,2.00,64,103,1.69,2.72,1.60,2.58
,,,Consciousprophit,Prospect,Red Stags,The Forest,Solar,32.3,461,35,0.346,0.314,11,24,9255,5040,4215,23,17,26,59,39.0%,271.4,147.8,123.6,0.67,0.50,0.76,1.73,264.4,144.0,120.4,0.66,0.49,0.74,1.69,69,103,2.02,3.02,1.97,2.94
,,,Max,Prospect,Titanoboas,The Serpents,Lunar,31.0,174,14,0.609,0.714,10,4,3549,1920,1629,10,3,10,27,37.0%,275.7,149.2,126.6,0.78,0.23,0.78,2.10,253.5,137.1,116.4,0.71,0.21,0.71,1.93,37,28,2.87,2.18,2.64,2.00
,,,Mimzy Dangerous,Prospect,Gallimimus,Dino Park,Lunar,30.8,271,22,0.214,0.136,3,19,5341,2850,2491,11,8,19,40,27.5%,266.4,142.2,124.3,0.55,0.40,0.95,2.00,242.8,129.5,113.2,0.50,0.36,0.86,1.82,32,72,1.60,3.59,1.45,3.27
,,,Theman,Prospect,Compost Bins,Waste Management,Solar,30.4,91,7,0.542,0.429,3,4,1696,950,746,4,5,4,10,40.0%,251.9,141.1,110.8,0.59,0.74,0.59,1.49,242.3,135.7,106.6,0.57,0.71,0.57,1.43,21,19,3.12,2.82,3.00,2.71
,,,Sanch3Z020,Prospect,Smooth Mint,Minty Fresh,Solar,29.2,575,43,0.370,0.372,16,27,11400,5780,5620,22,12,42,88,25.0%,268.0,135.9,132.1,0.52,0.28,0.99,2.07,265.1,134.4,130.7,0.51,0.28,0.98,2.05,73,104,1.72,2.44,1.70,2.42
,,,Haakon,Prospect,"Red Stags
Gallimimus","The Forest
Dino Park",Solar,28.2,283,23,0.302,0.348,8,15,5756,3070,2686,15,8,17,32,46.9%,274.9,146.6,128.3,0.72,0.38,0.81,1.53,250.3,133.5,116.8,0.65,0.35,0.74,1.39,41,69,1.96,3.30,1.78,3.00
,,,System,Prospect,Punch-Outs,8-Bit Brigade,Lunar,27.2,706,49,0.352,0.367,18,31,14283,7050,7233,32,14,45,90,35.6%,273.5,135.0,138.5,0.61,0.27,0.86,1.72,291.5,143.9,147.6,0.65,0.29,0.92,1.84,95,141,1.82,2.70,1.94,2.88
,,,Fuzzball,Prospect,Heat Wave,The Soundtrack,Lunar,26.5,336,28,0.349,0.357,10,18,6795,3000,3795,11,5,24,45,24.4%,273.4,120.7,152.7,0.44,0.20,0.97,1.81,242.7,107.1,135.5,0.39,0.18,0.86,1.61,44,66,1.77,2.66,1.57,2.36
,,,Hisdudeness3,Prospect,Gallimimus,Dino Park,Lunar,23.9,687,51,0.369,0.392,20,31,13791,7410,6381,27,20,61,66,40.9%,271.4,145.8,125.6,0.53,0.39,1.20,1.30,270.4,145.3,125.1,0.53,0.39,1.20,1.29,107,150,2.11,2.95,2.10,2.94
,,,Cakekyst,Prospect,Smooth Mint,Minty Fresh,Solar,23.6,725,54,0.313,0.315,17,37,13624,7240,6384,24,24,56,84,28.6%,254.0,135.0,119.0,0.45,0.45,1.04,1.57,252.3,134.1,118.2,0.44,0.44,1.04,1.56,83,140,1.55,2.61,1.54,2.59
,,,Tranquil Horse,Prospect,Rodan,Kaiju,Solar,23.4,519,34,0.421,0.441,15,19,9468,5210,4258,20,15,35,71,28.2%,246.6,135.7,110.9,0.52,0.39,0.91,1.85,278.5,153.2,125.2,0.59,0.44,1.03,2.09,78,96,2.03,2.50,2.29,2.82
,,,Pablo V2,Prospect,Hisspy Bacons,The Cat Cafe,Solar,21.5,419,29,0.370,0.276,8,21,7713,4080,3633,14,9,33,58,24.1%,248.8,131.6,117.2,0.45,0.29,1.06,1.87,266.0,140.7,125.3,0.48,0.31,1.14,2.00,51,73,1.65,2.36,1.76,2.52
,,,Raisonbran,Prospect,Sparks,Electric Mayhem,Lunar,21.2,28,2,0.399,0.500,1,1,498,230,268,1,1,1,3,33.3%,240.4,111.0,129.4,0.48,0.48,0.48,1.45,249.0,115.0,134.0,0.50,0.50,0.50,1.50,3,4,1.45,1.93,1.50,2.00
,,,Crzykil,Prospect,Air Buds,Puppy Paradise,Solar,20.4,701,50,0.437,0.440,22,28,12910,6500,6410,19,22,55,75,25.3%,249.0,125.3,123.6,0.37,0.42,1.06,1.45,258.2,130.0,128.2,0.38,0.44,1.10,1.50,107,126,2.06,2.43,2.14,2.52
,,,Grumpusdad,Prospect,Punch-Outs,8-Bit Brigade,Lunar,19.3,246,18,0.329,0.333,6,12,4307,2160,2147,7,5,17,36,19.4%,236.7,118.7,118.0,0.38,0.27,0.93,1.98,239.3,120.0,119.3,0.39,0.28,0.94,2.00,30,48,1.65,2.64,1.67,2.67
,,,Redwinglegend,Prospect,Smooth Mint,Minty Fresh,Solar,18.1,421,31,0.206,0.226,7,24,7832,3900,3932,10,8,40,50,20.0%,251.5,125.2,126.3,0.32,0.26,1.28,1.61,252.6,125.8,126.8,0.32,0.26,1.29,1.61,38,93,1.22,2.99,1.23,3.00
,,,Sleepy Harlow,Prospect,Supernova,The Cosmos,Solar,14.0,337,25,0.450,0.520,13,12,5885,3050,2835,11,6,25,40,27.5%,236.1,122.3,113.7,0.44,0.24,1.00,1.60,235.4,122.0,113.4,0.44,0.24,1.00,1.60,49,56,1.97,2.25,1.96,2.24
,,,John-E-Conga,Prospect,Air Buds,Puppy Paradise,Solar,13.5,106,8,0.349,0.375,3,5,1986,1070,916,3,3,11,7,42.9%,253.3,136.5,116.8,0.38,0.38,1.40,0.89,248.3,133.8,114.5,0.38,0.38,1.38,0.88,14,21,1.79,2.68,1.75,2.63
,,,Jcrdude,Prospect,Imperial Walkers,The Empire,Solar,13.0,248,19,0.406,0.368,7,12,4502,2530,1972,14,2,15,28,50.0%,245.4,137.9,107.5,0.76,0.11,0.82,1.53,236.9,133.2,103.8,0.74,0.11,0.79,1.47,41,52,2.23,2.83,2.16,2.74
,,,Trexreaper,Prospect,Earth,The Elements,Lunar,11.2,302,22,0.141,0.227,5,17,5465,2810,2655,6,4,34,31,19.4%,244.6,125.8,118.8,0.27,0.18,1.52,1.39,248.4,127.7,120.7,0.27,0.18,1.55,1.41,23,75,1.03,3.36,1.05,3.41
,,,Gambro,Prospect,"Air Buds
Rodan","Puppy Paradise
Kaiju",Solar,10.7,107,8,0.329,0.375,3,5,1909,880,1029,4,0,7,13,30.8%,241.2,111.2,130.0,0.51,0.00,0.88,1.64,238.6,110.0,128.6,0.50,0.00,0.88,1.63,11,18,1.39,2.27,1.38,2.25
,,,A Plebby Pled,Prospect,Earth,The Elements,Lunar,-6.0,483,35,0.282,0.257,9,26,6344,3010,3334,6,8,31,46,13.0%,177.6,84.2,93.3,0.17,0.22,0.87,1.29,181.3,86.0,95.3,0.17,0.23,0.89,1.31,56,103,1.57,2.88,1.60,2.94
,,,Kdfsjljklgjfg,Prospect,Gloom,The Shadows,Lunar,-11.7,83,6,0.097,0.000,0,6,1155,440,715,0,1,7,4,0.0%,188.1,71.7,116.4,0.00,0.16,1.14,0.65,192.5,73.3,119.2,0.00,0.17,1.17,0.67,8,30,1.30,4.89,1.33,5.00
,,,Jatt,Premier,Egomaniacs,The Asylum,Solar,102.0,31,2,0.638,0.500,1,1,903,580,323,4,1,1,8,50.0%,461.8,296.6,165.2,2.05,0.51,0.51,4.09,451.5,290.0,161.5,2.00,0.50,0.50,4.00,7,5,3.58,2.56,3.50,2.50
,,,Dyp,Premier,Clappers,As Seen on TV!,Solar,87.6,703,47,0.645,0.723,34,13,19053,10940,8113,47,32,60,164,28.7%,429.7,246.7,183.0,1.06,0.72,1.35,3.70,405.4,232.8,172.6,1.00,0.68,1.28,3.49,114,77,2.57,1.74,2.43,1.64
,,,Deluxe,Premier,"Sun
The Avengers","Milky Way
The Comic Crusaders",Lunar,84.3,123,8,0.566,0.625,5,3,3706,1980,1726,9,4,13,23,39.1%,477.7,255.2,222.5,1.16,0.52,1.68,2.96,463.3,247.5,215.8,1.13,0.50,1.63,2.88,19,16,2.45,2.06,2.38,2.00
,,,Jk,Premier,Sun,Milky Way,Lunar,84.2,832,56,0.711,0.750,42,14,22658,12700,9958,44,50,86,150,29.3%,431.7,242.0,189.7,0.84,0.95,1.64,2.86,404.6,226.8,177.8,0.79,0.89,1.54,2.68,154,86,2.93,1.64,2.75,1.54
,,,Rec,Premier,The Avengers,The Comic Crusaders,Lunar,80.7,144,8,0.695,0.625,5,3,3608,2040,1568,7,9,12,29,24.1%,397.2,224.6,172.6,0.77,0.99,1.32,3.19,451.0,255.0,196.0,0.88,1.13,1.50,3.63,30,18,3.30,1.98,3.75,2.25
,,,Yokes,Premier,"Egomaniacs
Interstellar","The Asylum
The Cosmos",Solar,76.6,540,32,0.529,0.438,14,18,14724,8360,6364,37,20,52,106,34.9%,432.3,245.4,186.8,1.09,0.59,1.53,3.11,460.1,261.3,198.9,1.16,0.63,1.63,3.31,84,78,2.47,2.29,2.63,2.44
,,,Austinw,Premier,Hurricanes,Storm,Solar,75.0,576,37,0.561,0.595,22,15,15454,8470,6984,33,25,57,107,30.8%,425.3,233.1,192.2,0.91,0.69,1.57,2.95,417.7,228.9,188.8,0.89,0.68,1.54,2.89,88,75,2.42,2.06,2.38,2.03
,,,Molokoa,Premier,Garbage Trucks,Waste Management,Solar,74.6,918,56,0.628,0.643,36,20,23731,13880,9851,55,46,88,168,32.7%,409.8,239.7,170.1,0.95,0.79,1.52,2.90,423.8,247.9,175.9,0.98,0.82,1.57,3.00,153,109,2.64,1.88,2.73,1.95
,,,Stryyk3R,Premier,Pythons,The Serpents,Lunar,71.2,56,4,0.308,0.250,1,3,1288,740,548,3,4,3,9,33.3%,364.6,209.5,155.1,0.85,1.13,0.85,2.55,322.0,185.0,137.0,0.75,1.00,0.75,2.25,8,13,2.26,3.68,2.00,3.25
,,,Kruncho,Premier,The Avengers,The Comic Crusaders,Lunar,68.9,827,49,0.516,0.469,23,26,20341,12040,8301,53,35,67,164,32.3%,389.9,230.8,159.1,1.02,0.67,1.28,3.14,415.1,245.7,169.4,1.08,0.71,1.37,3.35,123,118,2.36,2.26,2.51,2.41
,,,Reeves,Premier,OO AAs,Planet of the Apes,Lunar,68.2,641,41,0.466,0.439,18,23,17353,9550,7803,37,19,74,120,30.8%,429.2,236.2,193.0,0.92,0.47,1.83,2.97,423.2,232.9,190.3,0.90,0.46,1.80,2.93,87,95,2.15,2.35,2.12,2.32
,,,Tokyo,Premier,Zeus,Olympus,Solar,67.3,74,4,0.500,0.250,1,3,2250,1130,1120,2,3,14,8,25.0%,482.0,242.1,239.9,0.43,0.64,3.00,1.71,562.5,282.5,280.0,0.50,0.75,3.50,2.00,9,9,1.93,1.93,2.25,2.25
,,,Danger,Premier,Sun,Milky Way,Lunar,67.1,583,40,0.725,0.775,31,9,14029,8160,5869,38,26,39,111,34.2%,381.5,221.9,159.6,1.03,0.71,1.06,3.02,350.7,204.0,146.7,0.95,0.65,0.98,2.78,107,57,2.91,1.55,2.68,1.43
,,,Tide,Premier,Garbage Trucks,Waste Management,Solar,66.0,918,56,0.628,0.643,36,20,21489,12680,8809,53,41,69,188,28.2%,371.1,219.0,152.1,0.92,0.71,1.19,3.25,383.7,226.4,157.3,0.95,0.73,1.23,3.36,153,109,2.64,1.88,2.73,1.95
,,,Destin,Premier,Pythons,The Serpents,Lunar,64.8,281,18,0.585,0.667,12,6,7040,3720,3320,13,13,26,47,27.7%,397.2,209.9,187.3,0.73,0.73,1.47,2.65,391.1,206.7,184.4,0.72,0.72,1.44,2.61,45,36,2.54,2.03,2.50,2.00
,,,Darkness,Premier,Hurricanes,Storm,Solar,63.8,664,44,0.559,0.636,28,16,15871,8710,7161,36,30,48,121,29.8%,378.9,208.0,171.0,0.86,0.72,1.15,2.89,360.7,198.0,162.8,0.82,0.68,1.09,2.75,107,92,2.55,2.20,2.43,2.09
,,,E-Rich,Premier,"Zeus
Avalanche
OO AAs","Olympus
Polar Vortex
Planet of the Apes",Lunar,63.4,160,10,0.403,0.400,4,6,4130,2410,1720,11,4,16,31,35.5%,409.2,238.8,170.4,1.09,0.40,1.59,3.07,413.0,241.0,172.0,1.10,0.40,1.60,3.10,21,27,2.08,2.68,2.10,2.70
,,,Nick.,Premier,Hurricanes,Storm,Solar,62.5,467,27,0.631,0.704,19,8,10610,6290,4320,27,19,33,99,27.3%,360.2,213.5,146.7,0.92,0.65,1.12,3.36,393.0,233.0,160.0,1.00,0.70,1.22,3.67,78,55,2.65,1.87,2.89,2.04
,,,Antzu,Premier,Sun,Milky Way,Lunar,62.0,832,56,0.711,0.750,42,14,20432,12540,7892,53,33,83,144,36.8%,389.3,238.9,150.4,1.01,0.63,1.58,2.74,364.9,223.9,140.9,0.95,0.59,1.48,2.57,154,86,2.93,1.64,2.75,1.54
,,,Justify,Premier,Egomaniacs,The Asylum,Solar,61.1,946,54,0.542,0.444,24,30,23628,14320,9308,57,30,107,177,32.2%,396.0,240.0,156.0,0.96,0.50,1.79,2.97,437.6,265.2,172.4,1.06,0.56,1.98,3.28,145,130,2.43,2.18,2.69,2.41
,,,Seb,Premier,Avalanche,Polar Vortex,Lunar,57.5,743,48,0.493,0.458,22,26,16561,9420,7141,45,25,42,157,28.7%,353.4,201.0,152.4,0.96,0.53,0.90,3.35,345.0,196.3,148.8,0.94,0.52,0.88,3.27,104,106,2.22,2.26,2.17,2.21
,,,Yung-,Premier,Clappers,As Seen on TV!,Solar,56.1,703,47,0.645,0.723,34,13,15043,8780,6263,39,34,38,128,30.5%,339.2,198.0,141.2,0.88,0.77,0.86,2.89,320.1,186.8,133.3,0.83,0.72,0.81,2.72,114,77,2.57,1.74,2.43,1.64
,,,Vision,Premier,Avalanche,Polar Vortex,Lunar,54.3,555,36,0.505,0.472,17,19,13250,7210,6040,24,18,58,101,23.8%,378.5,206.0,172.5,0.69,0.51,1.66,2.89,368.1,200.3,167.8,0.67,0.50,1.61,2.81,79,78,2.26,2.23,2.19,2.17
,,,Timthebull,Premier,Garbage Trucks,Waste Management,Solar,54.1,690,42,0.673,0.690,29,13,15545,9090,6455,38,30,53,114,33.3%,357.2,208.9,148.3,0.87,0.69,1.22,2.62,370.1,216.4,153.7,0.90,0.71,1.26,2.71,127,80,2.92,1.84,3.02,1.90
,,,Wrevor,Premier,"Interstellar
Egomaniacs","The Cosmos
The Asylum",Solar,53.0,772,46,0.489,0.478,22,24,18220,10260,7960,39,28,74,126,31.0%,374.2,210.7,163.5,0.80,0.58,1.52,2.59,396.1,223.0,173.0,0.85,0.61,1.61,2.74,108,111,2.22,2.28,2.35,2.41
,,,Stumpi,Premier,OO AAs,Planet of the Apes,Lunar,52.9,98,7,0.573,0.714,5,2,2255,1350,905,6,4,8,15,40.0%,364.8,218.4,146.4,0.97,0.65,1.29,2.43,322.1,192.9,129.3,0.86,0.57,1.14,2.14,18,15,2.91,2.43,2.57,2.14
,,,Bismarck,Premier,Hurricanes,Storm,Solar,52.7,885,56,0.578,0.643,36,20,19109,10930,8179,44,39,60,158,27.8%,342.3,195.8,146.5,0.79,0.70,1.07,2.83,341.2,195.2,146.1,0.79,0.70,1.07,2.82,141,115,2.53,2.06,2.52,2.05
,,,Nigel,Premier,Pythons,The Serpents,Lunar,51.9,848,56,0.469,0.518,29,27,20395,11330,9065,46,29,80,128,35.9%,381.3,211.8,169.5,0.86,0.54,1.50,2.39,364.2,202.3,161.9,0.82,0.52,1.43,2.29,121,131,2.26,2.45,2.16,2.34
,,,Alec,Premier,Zeus,Olympus,Solar,50.6,505,30,0.340,0.300,9,21,11395,6700,4695,28,15,44,95,29.5%,357.7,210.3,147.4,0.88,0.47,1.38,2.98,379.8,223.3,156.5,0.93,0.50,1.47,3.17,61,93,1.91,2.92,2.03,3.10
,,,Dmt Goobz,Premier,Pythons,The Serpents,Lunar,50.2,576,38,0.468,0.500,19,19,13657,7400,6257,25,20,60,90,27.8%,375.9,203.7,172.2,0.69,0.55,1.65,2.48,359.4,194.7,164.7,0.66,0.53,1.58,2.37,82,89,2.26,2.45,2.16,2.34
,,,Distant.,Premier,Clappers,As Seen on TV!,Solar,47.3,703,47,0.645,0.723,34,13,14773,8140,6633,28,31,52,119,23.5%,333.2,183.6,149.6,0.63,0.70,1.17,2.68,314.3,173.2,141.1,0.60,0.66,1.11,2.53,114,77,2.57,1.74,2.43,1.64
,,,Leaf,Premier,"The Avengers
Hurricanes","The Comic Crusaders
Storm",Lunar,47.2,488,31,0.424,0.419,13,18,10881,5680,5201,18,19,43,78,23.1%,353.5,184.5,169.0,0.58,0.62,1.40,2.53,351.0,183.2,167.8,0.58,0.61,1.39,2.52,64,78,2.08,2.53,2.06,2.52
,,,Quack,Premier,OO AAs,Planet of the Apes,Lunar,45.3,683,43,0.427,0.419,18,25,15813,8760,7053,30,24,72,96,31.3%,367.0,203.3,163.7,0.70,0.56,1.67,2.23,367.7,203.7,164.0,0.70,0.56,1.67,2.23,92,111,2.14,2.58,2.14,2.58
,,,Taelo,Premier,"Sun
Zeus","Milky Way
Olympus",Solar,44.6,372,24,0.443,0.375,9,15,7989,4250,3739,16,14,27,60,26.7%,340.5,181.1,159.3,0.68,0.60,1.15,2.56,332.9,177.1,155.8,0.67,0.58,1.13,2.50,50,58,2.13,2.47,2.08,2.42
,,,Brodystampede,Premier,Pythons,The Serpents,Lunar,44.5,783,52,0.443,0.500,26,26,17869,9650,8219,34,28,75,110,30.9%,361.8,195.4,166.4,0.69,0.57,1.52,2.23,343.6,185.6,158.1,0.65,0.54,1.44,2.12,107,124,2.17,2.51,2.06,2.38
,,,Rinoneal,Premier,Interstellar,The Cosmos,Solar,42.9,463,29,0.389,0.448,13,16,9694,4760,4934,15,20,31,71,21.1%,331.9,163.0,168.9,0.51,0.68,1.06,2.43,334.3,164.1,170.1,0.52,0.69,1.07,2.45,56,75,1.92,2.57,1.93,2.59
,,,Your,Premier,Interstellar,The Cosmos,Solar,41.2,613,40,0.412,0.450,18,22,13863,7490,6373,29,16,57,94,30.9%,358.5,193.7,164.8,0.75,0.41,1.47,2.43,346.6,187.3,159.3,0.73,0.40,1.43,2.35,83,104,2.15,2.69,2.08,2.60
,,,Lu,Premier,Megalodons,Shark Attack,Lunar,39.8,528,35,0.368,0.343,12,23,11017,6200,4817,23,18,43,85,27.1%,330.8,186.2,144.6,0.69,0.54,1.29,2.55,314.8,177.1,137.6,0.66,0.51,1.23,2.43,65,92,1.95,2.76,1.86,2.63
,,,Peacefulcomb9,Premier,Zeus,Olympus,Solar,39.5,757,46,0.353,0.304,14,32,16328,8810,7518,27,27,73,111,24.3%,342.0,184.5,157.4,0.57,0.57,1.53,2.32,355.0,191.5,163.4,0.59,0.59,1.59,2.41,91,134,1.91,2.81,1.98,2.91
,,,Imicheal,Premier,Avalanche,Polar Vortex,Lunar,37.6,547,34,0.434,0.412,14,20,11087,5580,5507,15,19,44,93,16.1%,321.3,161.7,159.6,0.43,0.55,1.28,2.70,326.1,164.1,162.0,0.44,0.56,1.29,2.74,69,82,2.00,2.38,2.03,2.41
,,,Salty,Premier,Sun,Milky Way,Lunar,36.5,52,4,0.739,0.750,3,1,1087,640,447,2,3,5,4,50.0%,331.4,195.1,136.3,0.61,0.91,1.52,1.22,271.8,160.0,111.8,0.50,0.75,1.25,1.00,13,7,3.96,2.13,3.25,1.75
,,,Slow,Premier,Megalodons,Shark Attack,Lunar,36.2,718,47,0.296,0.234,11,36,15832,8060,7772,27,23,66,91,29.7%,349.6,178.0,171.6,0.60,0.51,1.46,2.01,336.9,171.5,165.4,0.57,0.49,1.40,1.94,80,139,1.77,3.07,1.70,2.96
,,,Kyal,Premier,The Avengers,The Comic Crusaders,Lunar,31.9,753,44,0.510,0.432,19,25,15399,8680,6719,30,21,70,113,26.5%,324.2,182.7,141.5,0.63,0.44,1.47,2.38,350.0,197.3,152.7,0.68,0.48,1.59,2.57,114,111,2.40,2.34,2.59,2.52
,,,Lurr,Premier,"Garbage Trucks
Sun
The Avengers
Egomaniacs","Waste Management
Milky Way
The Comic Crusaders
The Asylum",Solar,31.6,820,45,0.524,0.489,22,23,17607,10310,7297,36,22,91,106,34.0%,340.4,199.3,141.1,0.70,0.43,1.76,2.05,391.3,229.1,162.2,0.80,0.49,2.02,2.36,114,107,2.20,2.07,2.53,2.38
,,,Darf01,Premier,OO AAs,Planet of the Apes,Lunar,29.1,808,52,0.408,0.385,20,32,15767,8690,7077,31,26,63,114,27.2%,309.4,170.5,138.9,0.61,0.51,1.24,2.24,303.2,167.1,136.1,0.60,0.50,1.21,2.19,108,137,2.12,2.69,2.08,2.63
,,,Atokad,Premier,Zeus,Olympus,Solar,29.0,124,8,0.325,0.125,1,7,2406,1440,966,7,3,8,19,36.8%,307.6,184.1,123.5,0.89,0.38,1.02,2.43,300.8,180.0,120.8,0.88,0.38,1.00,2.38,13,21,1.66,2.68,1.63,2.63
,,,Steez.,Premier,Avalanche,Polar Vortex,Lunar,28.3,170,11,0.465,0.455,5,6,3248,1630,1618,6,6,10,23,26.1%,302.9,152.0,150.9,0.56,0.56,0.93,2.14,295.3,148.2,147.1,0.55,0.55,0.91,2.09,20,22,1.87,2.05,1.82,2.00
,,,Cannibal,Premier,Egomaniacs,The Asylum,Solar,27.9,450,27,0.535,0.370,10,17,8283,4820,3463,17,16,33,67,25.4%,291.8,169.8,122.0,0.60,0.56,1.16,2.36,306.8,178.5,128.3,0.63,0.59,1.22,2.48,70,64,2.47,2.25,2.59,2.37
,,,Thermal,Premier,OO AAs,Planet of the Apes,Lunar,26.6,340,21,0.282,0.190,4,17,6245,3240,3005,8,13,26,49,16.3%,291.2,151.1,140.1,0.37,0.61,1.21,2.28,297.4,154.3,143.1,0.38,0.62,1.24,2.33,35,64,1.63,2.98,1.67,3.05
,,,Soccersean,Premier,Megalodons,Shark Attack,Lunar,25.7,733,47,0.288,0.213,10,37,14160,7490,6670,22,20,64,109,20.2%,306.3,162.0,144.3,0.48,0.43,1.38,2.36,301.3,159.4,141.9,0.47,0.43,1.36,2.32,81,144,1.75,3.11,1.72,3.06
,,,Goodneighbor,Premier,The Avengers,The Comic Crusaders,Lunar,24.7,515,31,0.435,0.387,12,19,9584,5360,4224,20,13,38,81,24.7%,295.0,165.0,130.0,0.62,0.40,1.17,2.49,309.2,172.9,136.3,0.65,0.42,1.23,2.61,64,76,1.97,2.34,2.06,2.45
,,,.Pyyros,Premier,Megalodons,Shark Attack,Lunar,24.2,613,39,0.233,0.154,6,33,12568,6910,5658,23,11,64,86,26.7%,325.0,178.7,146.3,0.59,0.28,1.66,2.22,322.3,177.2,145.1,0.59,0.28,1.64,2.21,59,126,1.53,3.26,1.51,3.23
,,,Se7En,Premier,Avalanche,Polar Vortex,Lunar,24.0,433,29,0.419,0.414,12,17,8911,5010,3901,21,6,40,61,34.4%,326.3,183.4,142.8,0.77,0.22,1.46,2.23,307.3,172.8,134.5,0.72,0.21,1.38,2.10,55,68,2.01,2.49,1.90,2.34
,,,Ebestdrew,Premier,Zeus,Olympus,Solar,22.3,128,8,0.437,0.500,4,4,2472,1300,1172,4,4,11,15,26.7%,306.2,161.0,145.2,0.50,0.50,1.36,1.86,309.0,162.5,146.5,0.50,0.50,1.38,1.88,17,20,2.11,2.48,2.13,2.50
,,,Bubblyreaper,Premier,Interstellar,The Cosmos,Solar,16.7,645,41,0.405,0.463,19,22,11367,5980,5387,19,19,46,83,22.9%,279.4,147.0,132.4,0.47,0.47,1.13,2.04,277.2,145.9,131.4,0.46,0.46,1.12,2.02,82,105,2.02,2.58,2.00,2.56
,,,Sobes,Premier,Zeus,Olympus,Solar,7.7,338,20,0.309,0.300,6,14,6051,3310,2741,9,7,34,36,25.0%,283.8,155.3,128.6,0.42,0.33,1.59,1.69,302.6,165.5,137.1,0.45,0.35,1.70,1.80,39,65,1.83,3.05,1.95,3.25
,,,Alon,Premier,Avalanche,Polar Vortex,Lunar,2.2,73,4,0.745,0.750,3,1,963,580,383,2,3,3,8,25.0%,209.1,126.0,83.2,0.43,0.65,0.65,1.74,240.8,145.0,95.8,0.50,0.75,0.75,2.00,14,7,3.04,1.52,3.50,1.75
,,,Bex!,Premier,Garbage Trucks,Waste Management,Solar,-8.8,160,10,0.445,0.500,5,5,2617,1270,1347,5,0,12,17,29.4%,259.3,125.8,133.5,0.50,0.00,1.19,1.68,261.7,127.0,134.7,0.50,0.00,1.20,1.70,19,22,1.88,2.18,1.90,2.20
,,,Chriswithak,Premier,Avalanche,Polar Vortex,Lunar,-36.2,33,2,0.215,0.000,0,2,322,140,182,0,0,2,4,0.0%,154.7,67.3,87.4,0.00,0.00,0.96,1.92,161.0,70.0,91.0,0.00,0.00,1.00,2.00,2,5,0.96,2.40,1.00,2.50
,,,Xxfazepythrlxx.Ttv.Tiktok[Live],Minor,Ocelots,The Jungle,Solar,131.4,8,1,0.756,1.000,1,0,343,220,123,1,0,2,2,50.0%,629.5,403.7,225.7,1.84,0.00,3.67,3.67,343.0,220.0,123.0,1.00,0.00,2.00,2.00,2,1,3.67,1.84,2.00,1.00
,,,Scias,Minor,Fennec Foxes,The Forest,Solar,112.9,56,4,0.941,1.000,4,0,1597,1050,547,5,5,3,15,33.3%,418.7,275.3,143.4,1.31,1.31,0.79,3.93,399.3,262.5,136.8,1.25,1.25,0.75,3.75,13,2,3.41,0.52,3.25,0.50
,,,Wolfocus,Minor,Dynamite,Fallout Shelter,Solar,95.6,890,59,0.606,0.610,36,23,28058,16720,11338,80,34,100,202,39.6%,462.9,275.8,187.0,1.32,0.56,1.65,3.33,475.6,283.4,192.2,1.36,0.58,1.69,3.42,156,118,2.57,1.95,2.64,2.00
,,,Swazy,Minor,Hammerheads,Shark Attack,Lunar,91.5,832,56,0.694,0.750,42,14,24279,14640,9639,67,47,78,169,39.6%,428.4,258.3,170.1,1.18,0.83,1.38,2.98,433.6,261.4,172.1,1.20,0.84,1.39,3.02,179,107,3.16,1.89,3.20,1.91
,,,Ttv Utsutama,Minor,Taipans,The Serpents,Lunar,88.4,594,40,0.561,0.525,21,19,17645,10580,7065,56,23,48,143,39.2%,436.1,261.5,174.6,1.38,0.57,1.19,3.53,441.1,264.5,176.6,1.40,0.58,1.20,3.58,103,88,2.55,2.18,2.58,2.20
,,,Kcaz_Modo,Minor,Space Dads,The Soundtrack,Lunar,80.0,136,10,0.756,0.700,7,3,3752,2320,1432,12,7,10,27,44.4%,405.0,250.5,154.6,1.30,0.76,1.08,2.91,375.2,232.0,143.2,1.20,0.70,1.00,2.70,34,17,3.67,1.84,3.40,1.70
,,,Guy Flurry,Minor,Metroids,8-Bit Brigade,Lunar,79.8,842,57,0.681,0.667,38,19,22706,13880,8826,71,42,56,188,37.8%,395.9,242.0,153.9,1.24,0.73,0.98,3.28,398.4,243.5,154.8,1.25,0.74,0.98,3.30,173,107,3.02,1.87,3.04,1.88
,,,Beese,Minor,Vikings,The Sovereign,Lunar,77.7,852,58,0.483,0.397,23,35,23494,13440,10054,53,36,93,169,31.4%,404.8,231.6,173.3,0.91,0.62,1.60,2.91,405.1,231.7,173.3,0.91,0.62,1.60,2.91,133,139,2.29,2.40,2.29,2.40
,,,Ýeezy,Minor,Velociraptors,Dino Park,Lunar,75.9,496,37,0.495,0.459,17,20,13388,7300,6088,31,22,42,100,31.0%,396.3,216.1,180.2,0.92,0.65,1.24,2.96,361.8,197.3,164.5,0.84,0.59,1.14,2.70,83,84,2.46,2.49,2.24,2.27
,,,Roden2470,Minor,Wind,The Elements,Lunar,75.4,854,57,0.488,0.491,28,29,23977,14240,9737,66,24,90,194,34.0%,412.2,244.8,167.4,1.13,0.41,1.55,3.34,420.6,249.8,170.8,1.16,0.42,1.58,3.40,131,135,2.25,2.32,2.30,2.37
,,,_Nathan.,Minor,Star Destroyers,The Empire,Solar,74.7,897,60,0.539,0.533,32,28,23272,13290,9982,55,45,74,184,29.9%,380.9,217.5,163.4,0.90,0.74,1.21,3.01,387.9,221.5,166.4,0.92,0.75,1.23,3.07,143,129,2.34,2.11,2.38,2.15
,,,Wildbilljustin,Minor,Space Dads,The Soundtrack,Lunar,74.0,910,64,0.621,0.578,37,27,24457,13890,10567,66,38,70,189,34.9%,394.6,224.1,170.5,1.06,0.61,1.13,3.05,382.1,217.0,165.1,1.03,0.59,1.09,2.95,174,127,2.81,2.05,2.72,1.98
,,,Biggins,Minor,Hammerheads,Shark Attack,Lunar,72.5,933,64,0.691,0.734,47,17,23893,14480,9413,65,50,74,178,36.5%,376.0,227.9,148.1,1.02,0.79,1.16,2.80,373.3,226.3,147.1,1.02,0.78,1.16,2.78,196,118,3.08,1.86,3.06,1.84
,,,Gray Fawx #Blm,Minor,Fennec Foxes,The Forest,Solar,72.2,963,64,0.633,0.641,41,23,26689,15520,11169,68,34,105,177,38.4%,406.9,236.6,170.3,1.04,0.52,1.60,2.70,417.0,242.5,174.5,1.06,0.53,1.64,2.77,175,123,2.67,1.88,2.73,1.92
,,,Jahn,Minor,Fluffy Omelettes,The Cat Cafe,Solar,71.6,74,4,0.384,0.500,2,2,1724,1040,684,3,5,7,14,21.4%,342.0,206.3,135.7,0.60,0.99,1.39,2.78,431.0,260.0,171.0,0.75,1.25,1.75,3.50,12,16,2.38,3.17,3.00,4.00
,,,Kugelblitz,Minor,Taipans,The Serpents,Lunar,71.2,772,52,0.531,0.519,27,25,21069,12190,8879,49,31,89,129,38.0%,400.7,231.8,168.9,0.93,0.59,1.69,2.45,405.2,234.4,170.8,0.94,0.60,1.71,2.48,134,124,2.55,2.36,2.58,2.38
,,,Chocolatedrop16,Minor,Ocelots,The Jungle,Solar,70.5,486,33,0.583,0.606,20,13,13069,7480,5589,36,19,40,93,38.7%,394.8,226.0,168.8,1.09,0.57,1.21,2.81,396.0,226.7,169.4,1.09,0.58,1.21,2.82,95,77,2.87,2.33,2.88,2.33
,,,Vu,Minor,Wasps,The Swarm,Solar,70.1,772,53,0.545,0.509,27,26,20269,12250,8019,58,24,68,185,31.4%,385.5,233.0,152.5,1.10,0.46,1.29,3.52,382.4,231.1,151.3,1.09,0.45,1.28,3.49,126,112,2.40,2.13,2.38,2.11
,,,Cubby,Minor,Lunatics,The Asylum,Solar,70.0,771,54,0.600,0.574,31,23,19720,11720,8000,55,33,58,167,32.9%,375.5,223.2,152.3,1.05,0.63,1.10,3.18,365.2,217.0,148.1,1.02,0.61,1.07,3.09,134,103,2.55,1.96,2.48,1.91
,,,Hudx,Minor,Ocelots,The Jungle,Solar,70.0,550,37,0.542,0.595,22,15,14076,8090,5986,35,28,44,99,35.4%,375.7,216.0,159.8,0.93,0.75,1.17,2.64,380.4,218.6,161.8,0.95,0.76,1.19,2.68,100,90,2.67,2.40,2.70,2.43
,,,Scorch,Minor,"Justice League
Lunatics","The Comic Crusaders
The Asylum",Lunar,69.9,738,52,0.432,0.423,22,30,20438,11650,8788,55,20,73,150,36.7%,406.6,231.8,174.8,1.09,0.40,1.45,2.98,393.0,224.0,169.0,1.06,0.38,1.40,2.88,110,131,2.19,2.61,2.12,2.52
,,,Braedyn,Minor,MUTO,Kaiju,Solar,69.7,658,46,0.555,0.630,29,17,17573,10740,6833,60,23,43,144,41.7%,392.1,239.6,152.5,1.34,0.51,0.96,3.21,382.0,233.5,148.5,1.30,0.50,0.93,3.13,114,99,2.54,2.21,2.48,2.15
,,,Beastmurph,Minor,Orangutans,Planet of the Apes,Lunar,69.2,823,53,0.591,0.642,34,19,20439,11320,9119,44,39,65,172,25.6%,364.6,201.9,162.7,0.78,0.70,1.16,3.07,385.6,213.6,172.1,0.83,0.74,1.23,3.25,148,117,2.64,2.09,2.79,2.21
,,,Dooqal,Minor,Jupiter,Milky Way,Lunar,67.4,705,47,0.549,0.596,28,19,17747,9950,7797,43,29,54,150,28.7%,369.6,207.2,162.4,0.90,0.60,1.12,3.12,377.6,211.7,165.9,0.91,0.62,1.15,3.19,107,94,2.23,1.96,2.28,2.00
,,,Galacticcccc,Minor,Snuggies,As Seen on TV!,Solar,67.3,905,63,0.465,0.492,31,32,23013,12930,10083,59,42,65,168,35.1%,373.3,209.8,163.6,0.96,0.68,1.05,2.73,365.3,205.2,160.0,0.94,0.67,1.03,2.67,151,165,2.45,2.68,2.40,2.62
,,,Scope,Minor,Blizzards,Storm,Solar,67.0,262,20,0.602,0.650,13,7,6649,3730,2919,17,11,19,53,32.1%,372.6,209.0,163.6,0.95,0.62,1.06,2.97,332.5,186.5,146.0,0.85,0.55,0.95,2.65,47,36,2.63,2.02,2.35,1.80
,,,Crunch,Minor,Blizzards,Storm,Solar,66.2,913,62,0.623,0.645,40,22,22919,13350,9569,56,39,80,180,31.1%,368.6,214.7,153.9,0.90,0.63,1.29,2.89,369.7,215.3,154.3,0.90,0.63,1.29,2.90,171,124,2.75,1.99,2.76,2.00
,,,Zombslayr,Minor,Ocelots,The Jungle,Solar,65.7,797,56,0.555,0.589,33,23,20077,11400,8677,55,35,52,155,35.5%,369.8,210.0,159.8,1.01,0.64,0.96,2.86,358.5,203.6,154.9,0.98,0.63,0.93,2.77,148,129,2.73,2.38,2.64,2.30
,,,Kevy Westside,Minor,Orangutans,Planet of the Apes,Lunar,65.4,42,4,0.423,0.500,2,2,1171,550,621,0,1,9,5,0.0%,409.3,192.3,217.1,0.00,0.35,3.15,1.75,292.8,137.5,155.3,0.00,0.25,2.25,1.25,4,5,1.40,1.75,1.00,1.25
,,,Ytrew,Minor,Snuggies,As Seen on TV!,Solar,65.4,531,37,0.513,0.486,18,19,13202,7350,5852,27,26,49,90,30.0%,365.0,203.2,161.8,0.75,0.72,1.35,2.49,356.8,198.6,158.2,0.73,0.70,1.32,2.43,93,90,2.57,2.49,2.51,2.43
,,,Revan™,Minor,Gravity,The Cosmos,Solar,63.8,779,55,0.377,0.364,20,35,20039,10800,9239,39,30,82,130,30.0%,377.7,203.5,174.1,0.74,0.57,1.55,2.45,364.3,196.4,168.0,0.71,0.55,1.49,2.36,106,146,2.00,2.75,1.93,2.65
,,,Iceey,Minor,Shih Tzus,Puppy Paradise,Solar,62.8,979,63,0.567,0.635,40,23,25124,14600,10524,60,32,103,185,32.4%,376.8,218.9,157.8,0.90,0.48,1.54,2.77,398.8,231.7,167.0,0.95,0.51,1.63,2.94,153,128,2.29,1.92,2.43,2.03
,,,Kincaid,Minor,Trashbags,Waste Management,Solar,62.6,548,37,0.479,0.459,17,20,13982,7770,6212,35,21,45,97,36.1%,374.6,208.2,166.4,0.94,0.56,1.21,2.60,377.9,210.0,167.9,0.95,0.57,1.22,2.62,95,100,2.55,2.68,2.57,2.70
,,,Reven,Minor,Aphrodite,Olympus,Solar,62.1,647,46,0.417,0.370,17,29,16504,10060,6444,53,19,48,141,37.6%,374.5,228.3,146.2,1.20,0.43,1.09,3.20,358.8,218.7,140.1,1.15,0.41,1.04,3.07,110,135,2.50,3.06,2.39,2.93
,,,Ryryboltwrap,Minor,Space Dads,The Soundtrack,Lunar,61.7,807,57,0.620,0.579,33,24,19259,11590,7669,49,39,65,149,32.9%,350.4,210.9,139.5,0.89,0.71,1.18,2.71,337.9,203.3,134.5,0.86,0.68,1.14,2.61,148,108,2.69,1.96,2.60,1.89
,,,Elcheer,Minor,Dread,The Shadows,Lunar,60.9,444,31,0.546,0.548,17,14,10893,6400,4493,29,19,35,80,36.3%,360.2,211.6,148.6,0.96,0.63,1.16,2.65,351.4,206.5,144.9,0.94,0.61,1.13,2.58,71,63,2.35,2.08,2.29,2.03
,,,Dovahkiin,Minor,MUTO,Kaiju,Solar,60.5,681,50,0.519,0.500,25,25,17335,9460,7875,34,24,75,111,30.6%,373.7,203.9,169.8,0.73,0.52,1.62,2.39,346.7,189.2,157.5,0.68,0.48,1.50,2.22,100,95,2.16,2.05,2.00,1.90
,,,The Worst 1.1,Minor,Surge,Electric Mayhem,Lunar,60.3,306,22,0.469,0.591,13,9,7488,4030,3458,16,13,25,53,30.2%,359.3,193.4,165.9,0.77,0.62,1.20,2.54,340.4,183.2,157.2,0.73,0.59,1.14,2.41,49,53,2.35,2.54,2.23,2.41
,,,Chuckles,Minor,Metroids,8-Bit Brigade,Lunar,60.0,677,45,0.643,0.600,27,18,17182,10350,6832,49,21,62,130,37.7%,372.6,224.5,148.2,1.06,0.46,1.34,2.82,381.8,230.0,151.8,1.09,0.47,1.38,2.89,127,87,2.75,1.89,2.82,1.93
,,,Rswolves32,Minor,Snuggies,As Seen on TV!,Solar,59.6,285,20,0.424,0.550,11,9,6938,3880,3058,14,12,28,48,29.2%,357.4,199.9,157.5,0.72,0.62,1.44,2.47,346.9,194.0,152.9,0.70,0.60,1.40,2.40,42,51,2.16,2.63,2.10,2.55
,,,Crispynuggets,Minor,Space Dads,The Soundtrack,Lunar,59.6,202,13,0.555,0.538,7,6,4847,2990,1857,16,9,11,39,41.0%,352.3,217.3,135.0,1.16,0.65,0.80,2.83,372.8,230.0,142.8,1.23,0.69,0.85,3.00,39,34,2.83,2.47,3.00,2.62
,,,Feenest,Minor,Wings,Fifty-Fifty Pizzeria,Lunar,59.6,785,56,0.454,0.446,25,31,20060,11190,8870,49,22,74,149,32.9%,375.2,209.3,165.9,0.92,0.41,1.38,2.79,358.2,199.8,158.4,0.88,0.39,1.32,2.66,107,121,2.00,2.26,1.91,2.16
,,,Peke,Minor,Fennec Foxes,The Forest,Solar,58.6,963,64,0.633,0.641,41,23,23460,13570,9890,58,38,83,172,33.7%,357.7,206.9,150.8,0.88,0.58,1.27,2.62,366.6,212.0,154.5,0.91,0.59,1.30,2.69,175,123,2.67,1.88,2.73,1.92
,,,Mario_Rl,Minor,"Surge
Peppermint","Electric Mayhem
Minty Fresh",Lunar,57.9,749,50,0.483,0.520,26,24,17976,10870,7106,57,26,45,162,35.2%,352.4,213.1,139.3,1.12,0.51,0.88,3.18,359.5,217.4,142.1,1.14,0.52,0.90,3.24,114,119,2.23,2.33,2.28,2.38
,,,Kjdaboss,Minor,"Fangtooths
Justice League","The Abyss
The Comic Crusaders",Lunar,57.9,521,36,0.500,0.528,19,17,13376,7790,5586,35,15,53,89,39.3%,376.9,219.5,157.4,0.99,0.42,1.49,2.51,371.6,216.4,155.2,0.97,0.42,1.47,2.47,83,83,2.34,2.34,2.31,2.31
,,,Steeze,Minor,Orangutans,Planet of the Apes,Lunar,57.7,868,56,0.590,0.607,34,22,20770,12260,8510,55,35,68,161,34.2%,351.3,207.4,143.9,0.93,0.59,1.15,2.72,370.9,218.9,152.0,0.98,0.63,1.21,2.88,153,121,2.59,2.05,2.73,2.16
,,,Roze,Minor,Velociraptors,Dino Park,Lunar,56.4,647,45,0.384,0.378,17,28,14822,8430,6392,31,32,53,108,28.7%,336.3,191.3,145.0,0.70,0.73,1.20,2.45,329.4,187.3,142.0,0.69,0.71,1.18,2.40,100,134,2.27,3.04,2.22,2.98
,,,Jestergg,Minor,Metroids,8-Bit Brigade,Lunar,56.1,741,50,0.659,0.640,32,18,17178,10010,7168,36,40,68,101,35.6%,340.4,198.3,142.0,0.71,0.79,1.35,2.00,343.6,200.2,143.4,0.72,0.80,1.36,2.02,150,99,2.97,1.96,3.00,1.98
,,,Goose,Minor,Blizzards,Storm,Solar,55.1,834,54,0.635,0.667,36,18,19814,12090,7724,56,35,67,139,40.3%,348.8,212.8,136.0,0.99,0.62,1.18,2.45,366.9,223.9,143.0,1.04,0.65,1.24,2.57,158,111,2.78,1.95,2.93,2.06
,,,Xpooprscooprx,Minor,Metroids,8-Bit Brigade,Lunar,55.0,581,40,0.661,0.650,26,14,12948,7580,5368,30,28,42,108,27.8%,327.2,191.5,135.6,0.76,0.71,1.06,2.73,323.7,189.5,134.2,0.75,0.70,1.05,2.70,108,70,2.73,1.77,2.70,1.75
,,,Jixaw,Minor,Dread,The Shadows,Lunar,53.6,951,64,0.513,0.547,35,29,21716,11830,9886,44,44,74,153,28.8%,335.3,182.6,152.6,0.68,0.68,1.14,2.36,339.3,184.8,154.5,0.69,0.69,1.16,2.39,154,149,2.38,2.30,2.41,2.33
,,,Siralanshore,Minor,Dread,The Shadows,Lunar,53.4,764,51,0.494,0.529,27,24,17487,10260,7227,42,32,62,136,30.9%,336.0,197.2,138.9,0.81,0.61,1.19,2.61,342.9,201.2,141.7,0.82,0.63,1.22,2.67,125,127,2.40,2.44,2.45,2.49
,,,Papi Tony,Minor,Shih Tzus,Puppy Paradise,Solar,53.4,958,62,0.593,0.661,41,21,22008,12680,9328,57,40,65,173,32.9%,337.3,194.3,143.0,0.87,0.61,1.00,2.65,355.0,204.5,150.5,0.92,0.65,1.05,2.79,155,121,2.38,1.85,2.50,1.95
,,,Wittinghalo64,Minor,Fangtooths,The Abyss,Lunar,53.2,733,52,0.465,0.481,25,27,17438,9030,8408,39,22,52,143,27.3%,349.3,180.9,168.4,0.78,0.44,1.04,2.86,335.3,173.7,161.7,0.75,0.42,1.00,2.75,103,113,2.06,2.26,1.98,2.17
,,,Animosity,Minor,"Fennec Foxes
Surge","The Forest
Electric Mayhem",Solar,53.1,689,45,0.604,0.600,27,18,15099,8940,6159,36,34,48,124,29.0%,321.7,190.5,131.2,0.77,0.72,1.02,2.64,335.5,198.7,136.9,0.80,0.76,1.07,2.76,122,93,2.60,1.98,2.71,2.07
,,,Freeze,Minor,Lunatics,The Asylum,Solar,52.6,813,57,0.558,0.526,30,27,18698,10520,8178,44,33,61,142,31.0%,337.7,190.0,147.7,0.79,0.60,1.10,2.56,328.0,184.6,143.5,0.77,0.58,1.07,2.49,135,116,2.44,2.09,2.37,2.04
,,,Arbartenn,Minor,Polar Bears,The Bear Den,Lunar,52.4,803,55,0.461,0.473,26,29,19309,11110,8199,48,26,73,136,35.3%,353.0,203.1,149.9,0.88,0.48,1.33,2.49,351.1,202.0,149.1,0.87,0.47,1.33,2.47,123,136,2.25,2.49,2.24,2.47
,,,Wilson!!!!,Minor,Trashbags,Waste Management,Solar,52.0,603,41,0.458,0.463,19,22,13769,8000,5769,36,24,42,110,32.7%,335.2,194.8,140.5,0.88,0.58,1.02,2.68,335.8,195.1,140.7,0.88,0.59,1.02,2.68,100,111,2.43,2.70,2.44,2.71
,,,Reyn,Minor,Polar Bears,The Bear Den,Lunar,51.8,872,60,0.462,0.483,29,31,19721,10580,9141,43,34,59,163,26.4%,332.0,178.1,153.9,0.72,0.57,0.99,2.74,328.7,176.3,152.4,0.72,0.57,0.98,2.72,137,151,2.31,2.54,2.28,2.52
,,,Suckiest Sucker,Minor,Fennec Foxes,The Forest,Solar,51.7,59,4,0.614,0.750,3,1,1457,890,567,5,2,4,9,55.6%,362.6,221.5,141.1,1.24,0.50,1.00,2.24,364.3,222.5,141.8,1.25,0.50,1.00,2.25,12,9,2.99,2.24,3.00,2.25
,,,Connor,Minor,Fluffy Omelettes,The Cat Cafe,Solar,51.4,886,56,0.427,0.375,21,35,20187,10740,9447,36,35,78,149,24.2%,334.5,178.0,156.5,0.60,0.58,1.29,2.47,360.5,191.8,168.7,0.64,0.63,1.39,2.66,111,135,1.84,2.24,1.98,2.41
,,,Limon,Minor,Peppermint,Minty Fresh,Solar,51.3,898,61,0.384,0.344,21,40,21631,12330,9301,59,24,71,168,35.1%,353.7,201.6,152.1,0.96,0.39,1.16,2.75,354.6,202.1,152.5,0.97,0.39,1.16,2.75,133,179,2.17,2.93,2.18,2.93
,,,Datcaptaindaddy,Minor,Inferno,North American Soccar Club,Solar,51.0,745,51,0.534,0.569,29,22,17497,9850,7647,42,26,62,125,33.6%,344.8,194.1,150.7,0.83,0.51,1.22,2.46,343.1,193.1,149.9,0.82,0.51,1.22,2.45,116,106,2.29,2.09,2.27,2.08
,,,Funke,Minor,Peppermint,Minty Fresh,Solar,50.9,711,48,0.401,0.375,18,30,16501,9230,7271,37,25,61,123,30.1%,340.7,190.6,150.1,0.76,0.52,1.26,2.54,343.8,192.3,151.5,0.77,0.52,1.27,2.56,114,146,2.35,3.01,2.38,3.04
,,,Joeexotic,Minor,Wings,Fifty-Fifty Pizzeria,Lunar,50.4,569,39,0.447,0.436,17,22,12866,7450,5416,31,21,45,105,29.5%,332.0,192.2,139.7,0.80,0.54,1.16,2.71,329.9,191.0,138.9,0.79,0.54,1.15,2.69,81,93,2.09,2.40,2.08,2.38
,,,Blun,Minor,Orangutans,Planet of the Apes,Lunar,50.4,550,37,0.595,0.649,24,13,13002,7570,5432,37,15,41,107,34.6%,347.1,202.1,145.0,0.99,0.40,1.09,2.86,351.4,204.6,146.8,1.00,0.41,1.11,2.89,95,74,2.54,1.98,2.57,2.00
,,,Msudw,Minor,Inferno,North American Soccar Club,Solar,50.4,644,44,0.476,0.500,22,22,15152,8280,6872,32,22,59,103,31.1%,345.4,188.8,156.7,0.73,0.50,1.35,2.35,344.4,188.2,156.2,0.73,0.50,1.34,2.34,94,100,2.14,2.28,2.14,2.27
,,,Snack Time!,Minor,Inferno,North American Soccar Club,Solar,50.2,628,43,0.438,0.419,18,25,13970,7770,6200,29,24,50,117,24.8%,326.6,181.7,144.9,0.68,0.56,1.17,2.74,324.9,180.7,144.2,0.67,0.56,1.16,2.72,85,100,1.99,2.34,1.98,2.33
,,,Onwardflame,Minor,Ocelots,The Jungle,Solar,49.3,886,61,0.531,0.557,34,27,18622,10900,7722,41,46,60,150,27.3%,308.6,180.6,128.0,0.68,0.76,0.99,2.49,305.3,178.7,126.6,0.67,0.75,0.98,2.46,159,147,2.63,2.44,2.61,2.41
,,,Ezra Bans,Minor,Dread,The Shadows,Lunar,49.3,694,46,0.514,0.565,26,20,16590,9190,7400,39,25,62,94,41.5%,351.0,194.4,156.5,0.83,0.53,1.31,1.99,360.7,199.8,160.9,0.85,0.54,1.35,2.04,112,108,2.37,2.28,2.43,2.35
,,,Megaboot,Minor,Inferno,North American Soccar Club,Solar,48.3,812,54,0.534,0.556,30,24,18221,10080,8141,38,34,67,123,30.9%,329.5,182.3,147.2,0.69,0.61,1.21,2.22,337.4,186.7,150.8,0.70,0.63,1.24,2.28,128,117,2.31,2.12,2.37,2.17
,,,Dfitz,Minor,Blizzards,Storm,Solar,47.6,853,56,0.611,0.607,34,22,19462,11070,8392,48,31,67,137,35.0%,335.0,190.5,144.4,0.83,0.53,1.15,2.36,347.5,197.7,149.9,0.86,0.55,1.20,2.45,155,116,2.67,2.00,2.77,2.07
,,,Dalerben61,Minor,Fangtooths,The Abyss,Lunar,46.6,446,30,0.396,0.400,12,18,10130,5760,4370,20,12,47,81,24.7%,333.5,189.6,143.9,0.66,0.40,1.55,2.67,337.7,192.0,145.7,0.67,0.40,1.57,2.70,61,80,2.01,2.63,2.03,2.67
,,,Ledbone,Minor,Space Dads,The Soundtrack,Lunar,45.8,675,48,0.612,0.563,27,21,14400,8030,6370,31,33,46,98,31.6%,313.2,174.7,138.6,0.67,0.72,1.00,2.13,300.0,167.3,132.7,0.65,0.69,0.96,2.04,127,95,2.76,2.07,2.65,1.98
,,,Drizz,Minor,Fluffy Omelettes,The Cat Cafe,Solar,45.8,943,59,0.434,0.441,26,33,22812,12980,9832,55,17,101,158,34.8%,355.2,202.1,153.1,0.86,0.26,1.57,2.46,386.6,220.0,166.6,0.93,0.29,1.71,2.68,127,151,1.98,2.35,2.15,2.56
,,,King,Minor,"Snuggies
Vikings","As Seen on TV!
The Sovereign",Solar,45.8,662,48,0.454,0.438,21,27,15798,9160,6638,39,19,68,91,42.9%,350.4,203.1,147.2,0.86,0.42,1.51,2.02,329.1,190.8,138.3,0.81,0.40,1.42,1.90,105,118,2.33,2.62,2.19,2.46
,,,Avidreaper1117,Minor,Hammerheads,Shark Attack,Lunar,45.7,799,55,0.705,0.764,42,13,17946,10830,7116,53,26,56,143,37.1%,329.8,199.0,130.8,0.97,0.48,1.03,2.63,326.3,196.9,129.4,0.96,0.47,1.02,2.60,173,100,3.18,1.84,3.15,1.82
,,,Supercruz101,Minor,"Surge
Lunatics","Electric Mayhem
The Asylum",Lunar,45.4,606,40,0.564,0.600,24,16,13108,7100,6008,18,26,63,85,21.2%,317.6,172.0,145.6,0.44,0.63,1.53,2.06,327.7,177.5,150.2,0.45,0.65,1.58,2.13,96,81,2.33,1.96,2.40,2.03
,,,Mrpalmtree22,Minor,Jupiter,Milky Way,Lunar,45.3,602,40,0.487,0.475,19,21,13342,7810,5532,32,21,51,101,31.7%,325.4,190.5,134.9,0.78,0.51,1.24,2.46,333.6,195.3,138.3,0.80,0.53,1.28,2.53,89,92,2.17,2.24,2.23,2.30
,,,Yoshi,Minor,Velociraptors,Dino Park,Lunar,45.0,770,54,0.384,0.370,20,34,16830,9400,7430,37,32,59,115,32.2%,320.9,179.2,141.7,0.71,0.61,1.12,2.19,311.7,174.1,137.6,0.69,0.59,1.09,2.13,117,157,2.23,2.99,2.17,2.91
,,,Z_Snuggles,Minor,Jupiter,Milky Way,Lunar,44.4,880,59,0.467,0.492,29,30,19967,10960,9007,44,24,77,151,29.1%,333.1,182.9,150.3,0.73,0.40,1.28,2.52,338.4,185.8,152.7,0.75,0.41,1.31,2.56,122,133,2.04,2.22,2.07,2.25
,,,Tpural,Minor,Vikings,The Sovereign,Lunar,44.2,914,62,0.473,0.419,26,36,20583,11690,8893,49,27,78,154,31.8%,330.6,187.8,142.8,0.79,0.43,1.25,2.47,332.0,188.5,143.4,0.79,0.44,1.26,2.48,137,147,2.20,2.36,2.21,2.37
,,,Acoyote919,Minor,Snuggies,As Seen on TV!,Solar,44.1,109,7,0.461,0.429,3,4,2626,1480,1146,6,3,12,13,46.2%,353.7,199.3,154.4,0.81,0.40,1.62,1.75,375.1,211.4,163.7,0.86,0.43,1.71,1.86,20,22,2.69,2.96,2.86,3.14
,,,Illusion,Minor,Wasps,The Swarm,Solar,44.0,70,5,0.253,0.000,0,5,1630,820,810,0,2,13,7,0.0%,341.9,172.0,169.9,0.00,0.42,2.73,1.47,326.0,164.0,162.0,0.00,0.40,2.60,1.40,4,9,0.84,1.89,0.80,1.80
,,,Wallaby Gangsta,Minor,Polar Bears,The Bear Den,Lunar,43.8,875,61,0.465,0.475,29,32,19187,10460,8727,45,32,59,141,31.9%,321.9,175.5,146.4,0.76,0.54,0.99,2.37,314.5,171.5,143.1,0.74,0.52,0.97,2.31,140,153,2.35,2.57,2.30,2.51
,,,Bizzyrl,Minor,Dynamite,Fallout Shelter,Solar,43.7,814,57,0.598,0.596,34,23,17281,9100,8181,32,40,57,105,30.5%,311.7,164.1,147.6,0.58,0.72,1.03,1.89,303.2,159.6,143.5,0.56,0.70,1.00,1.84,146,113,2.63,2.04,2.56,1.98
,,,Koach,Minor,"Aphrodite
Surge","Olympus
Electric Mayhem",Solar,43.7,503,36,0.376,0.333,12,24,10967,6030,4937,27,16,32,93,29.0%,320.1,176.0,144.1,0.79,0.47,0.93,2.71,304.6,167.5,137.1,0.75,0.44,0.89,2.58,68,94,1.98,2.74,1.89,2.61
,,,Gonzo,Minor,MUTO,Kaiju,Solar,43.7,705,49,0.451,0.490,24,25,15326,8310,7016,26,33,65,81,32.1%,319.2,173.1,146.1,0.54,0.69,1.35,1.69,312.8,169.6,143.2,0.53,0.67,1.33,1.65,105,119,2.19,2.48,2.14,2.43
,,,No U,Minor,Aphrodite,Olympus,Solar,43.6,411,28,0.390,0.357,10,18,8606,4670,3936,16,20,30,57,28.1%,307.4,166.8,140.6,0.57,0.71,1.07,2.04,307.4,166.8,140.6,0.57,0.71,1.07,2.04,62,82,2.21,2.93,2.21,2.93
,,,Hoodie,Minor,Trashbags,Waste Management,Solar,43.6,942,63,0.413,0.397,25,38,19928,11400,8528,45,40,68,150,30.0%,310.6,177.7,132.9,0.70,0.62,1.06,2.34,316.3,181.0,135.4,0.71,0.63,1.08,2.38,151,188,2.35,2.93,2.40,2.98
,,,Difto,Minor,Polar Bears,The Bear Den,Lunar,43.1,219,16,0.391,0.375,6,10,4655,2690,1965,9,10,20,29,31.0%,312.1,180.3,131.7,0.60,0.67,1.34,1.94,290.9,168.1,122.8,0.56,0.63,1.25,1.81,35,46,2.35,3.08,2.19,2.88
,,,Shai,Minor,Dire Wolves,Polar Vortex,Lunar,42.2,969,64,0.301,0.250,16,48,22066,12050,10016,43,27,100,140,30.7%,334.3,182.6,151.8,0.65,0.41,1.52,2.12,344.8,188.3,156.5,0.67,0.42,1.56,2.19,117,200,1.77,3.03,1.83,3.13
,,,Nicksizzle222,Minor,Aphrodite,Olympus,Solar,41.5,665,48,0.462,0.417,20,28,14570,7920,6650,31,22,54,102,30.4%,321.7,174.9,146.8,0.68,0.49,1.19,2.25,303.5,165.0,138.5,0.65,0.46,1.13,2.13,108,119,2.38,2.63,2.25,2.48
,,,Jknop2,Minor,Justice League,The Comic Crusaders,Lunar,41.3,891,62,0.403,0.371,23,39,19210,9930,9280,27,34,87,118,22.9%,316.5,163.6,152.9,0.44,0.56,1.43,1.94,309.8,160.2,149.7,0.44,0.55,1.40,1.90,127,163,2.09,2.69,2.05,2.63
,,,Falco,Minor,Fangtooths,The Abyss,Lunar,41.0,849,59,0.477,0.508,30,29,17487,9450,8037,30,41,66,110,27.3%,302.4,163.4,139.0,0.52,0.71,1.14,1.90,296.4,160.2,136.2,0.51,0.69,1.12,1.86,129,137,2.23,2.37,2.19,2.32
,,,Toxic_Luigi_Mf,Minor,Surge,Electric Mayhem,Lunar,40.8,152,10,0.288,0.300,3,7,3396,2210,1186,10,5,15,21,47.6%,328.0,213.5,114.6,0.97,0.48,1.45,2.03,339.6,221.0,118.6,1.00,0.50,1.50,2.10,20,35,1.93,3.38,2.00,3.50
,,,Cundy,Minor,Wasps,The Swarm,Solar,39.6,758,51,0.551,0.490,25,26,16070,9140,6930,34,27,65,114,29.8%,311.3,177.0,134.2,0.66,0.52,1.26,2.21,315.1,179.2,135.9,0.67,0.53,1.27,2.24,118,103,2.29,1.99,2.31,2.02
,,,Mitzi,Minor,Vikings,The Sovereign,Lunar,39.5,779,53,0.497,0.472,25,28,16597,9290,7307,32,31,71,99,32.3%,312.8,175.1,137.7,0.60,0.58,1.34,1.87,313.2,175.3,137.9,0.60,0.58,1.34,1.87,121,122,2.28,2.30,2.28,2.30
,,,Washeduplaxbro,Minor,Star Destroyers,The Empire,Solar,39.3,349,24,0.479,0.542,13,11,7507,4080,3427,12,13,36,43,27.9%,315.8,171.6,144.2,0.50,0.55,1.51,1.81,312.8,170.0,142.8,0.50,0.54,1.50,1.79,54,57,2.27,2.40,2.25,2.38
,,,Ricky,Minor,Aphrodite,Olympus,Solar,38.8,166,11,0.310,0.273,3,8,3334,1580,1754,3,6,14,28,10.7%,294.9,139.7,155.1,0.27,0.53,1.24,2.48,303.1,143.6,159.5,0.27,0.55,1.27,2.55,17,29,1.50,2.56,1.55,2.64
,,,Donttakemyrock,Minor,Star Destroyers,The Empire,Solar,38.8,767,52,0.565,0.558,29,23,16495,9390,7105,39,24,62,119,32.8%,315.7,179.7,136.0,0.75,0.46,1.19,2.28,317.2,180.6,136.6,0.75,0.46,1.19,2.29,128,108,2.45,2.07,2.46,2.08
,,,Belial,Minor,Shih Tzus,Puppy Paradise,Solar,38.6,300,19,0.477,0.474,9,10,6474,3610,2864,14,9,26,46,30.4%,316.8,176.7,140.2,0.69,0.44,1.27,2.25,340.7,190.0,150.7,0.74,0.47,1.37,2.42,50,53,2.45,2.59,2.63,2.79
,,,Lilrodge,Minor,Wasps,The Swarm,Solar,38.2,845,58,0.528,0.483,28,30,18010,9550,8460,39,26,60,135,28.9%,312.9,165.9,147.0,0.68,0.45,1.04,2.35,310.5,164.7,145.9,0.67,0.45,1.03,2.33,127,118,2.21,2.05,2.19,2.03
,,,Heiz.,Minor,Surge,Electric Mayhem,Lunar,37.8,884,60,0.478,0.517,31,29,18264,10400,7864,37,33,75,130,28.5%,303.3,172.7,130.6,0.61,0.55,1.25,2.16,304.4,173.3,131.1,0.62,0.55,1.25,2.17,135,143,2.24,2.37,2.25,2.38
,,,Blood12Aven,Minor,Gravity,The Cosmos,Solar,37.4,605,42,0.397,0.357,15,27,12877,7300,5577,31,21,46,85,36.5%,312.5,177.2,135.3,0.75,0.51,1.12,2.06,306.6,173.8,132.8,0.74,0.50,1.10,2.02,85,111,2.06,2.69,2.02,2.64
,,,Cøzybøy,Minor,Gravity,The Cosmos,Solar,37.4,783,55,0.362,0.364,20,35,17531,8680,8851,27,19,80,103,26.2%,328.7,162.8,166.0,0.51,0.36,1.50,1.93,318.7,157.8,160.9,0.49,0.35,1.45,1.87,103,148,1.93,2.78,1.87,2.69
,,,Bear,Minor,Dire Wolves,Polar Vortex,Lunar,37.4,350,24,0.340,0.333,8,16,8223,4640,3583,18,6,42,44,40.9%,344.9,194.6,150.3,0.76,0.25,1.76,1.85,342.6,193.3,149.3,0.75,0.25,1.75,1.83,46,70,1.93,2.94,1.92,2.92
,,,R00Sh-E,Minor,Fennec Foxes,The Forest,Solar,37.1,245,16,0.480,0.438,7,9,4946,2800,2146,8,11,23,30,26.7%,296.4,167.8,128.6,0.48,0.66,1.38,1.80,309.1,175.0,134.1,0.50,0.69,1.44,1.88,37,39,2.22,2.34,2.31,2.44
,,,Electrify,Minor,Star Destroyers,The Empire,Solar,37.0,812,52,0.577,0.577,30,22,17561,10340,7221,47,23,65,124,37.9%,317.5,187.0,130.6,0.85,0.42,1.18,2.24,337.7,198.8,138.9,0.90,0.44,1.25,2.38,136,111,2.46,2.01,2.62,2.13
,,,Jdubs4545,Minor,Wings,Fifty-Fifty Pizzeria,Lunar,36.1,362,28,0.386,0.357,10,18,7514,4110,3404,12,12,36,51,23.5%,304.7,166.7,138.1,0.49,0.49,1.46,2.07,268.4,146.8,121.6,0.43,0.43,1.29,1.82,45,61,1.83,2.47,1.61,2.18
,,,Fish,Minor,Dynamite,Fallout Shelter,Solar,36.0,323,20,0.508,0.500,10,10,6785,3590,3195,17,8,18,59,28.8%,308.4,163.2,145.2,0.77,0.36,0.82,2.68,339.3,179.5,159.8,0.85,0.40,0.90,2.95,48,47,2.18,2.14,2.40,2.35
,,,Chulainn,Minor,Wind,The Elements,Lunar,35.9,658,42,0.504,0.524,22,20,13913,8320,5593,38,17,51,112,33.9%,310.4,185.6,124.8,0.85,0.38,1.14,2.50,331.3,198.1,133.2,0.90,0.40,1.21,2.67,100,99,2.23,2.21,2.38,2.36
,,,Based Fame,Minor,Lunatics,The Asylum,Solar,35.7,676,47,0.577,0.532,25,22,14075,7730,6345,33,22,46,103,32.0%,305.7,167.9,137.8,0.72,0.48,1.00,2.24,299.5,164.5,135.0,0.70,0.47,0.98,2.19,115,94,2.50,2.04,2.45,2.00
,,,Dimezach,Minor,"Aphrodite
Wings","Olympus
Fifty-Fifty Pizzeria",Solar,35.7,544,41,0.500,0.512,21,20,10990,4890,6100,14,23,33,69,20.3%,296.6,132.0,164.6,0.38,0.62,0.89,1.86,268.0,119.3,148.8,0.34,0.56,0.80,1.68,86,86,2.32,2.32,2.10,2.10
,,,Droogans,Minor,"Wings
Wasps","Fifty-Fifty Pizzeria
The Swarm",Lunar,35.3,562,40,0.453,0.475,19,21,11935,6180,5755,19,16,54,78,24.4%,311.8,161.4,150.3,0.50,0.42,1.41,2.04,298.4,154.5,143.9,0.48,0.40,1.35,1.95,75,85,1.96,2.22,1.88,2.13
,,,Harryson,Minor,Orangutans,Planet of the Apes,Lunar,34.0,609,42,0.553,0.548,23,19,12841,7540,5301,31,22,53,69,44.9%,309.6,181.8,127.8,0.75,0.53,1.28,1.66,305.7,179.5,126.2,0.74,0.52,1.26,1.64,101,88,2.43,2.12,2.40,2.10
,,,Hoyci,Minor,Taipans,The Serpents,Lunar,33.8,769,53,0.494,0.491,26,27,15163,8140,7023,35,32,39,109,32.1%,289.5,155.4,134.1,0.67,0.61,0.74,2.08,286.1,153.6,132.5,0.66,0.60,0.74,2.06,133,135,2.54,2.58,2.51,2.55
,,,Alienhealer,Minor,Fluffy Omelettes,The Cat Cafe,Solar,33.3,514,33,0.407,0.303,10,23,9891,5300,4591,19,19,32,85,22.4%,282.5,151.4,131.1,0.54,0.54,0.91,2.43,299.7,160.6,139.1,0.58,0.58,0.97,2.58,68,87,1.94,2.49,2.06,2.64
,,,X3Dx Toasty,Minor,Gravity,The Cosmos,Solar,33.1,512,40,0.347,0.350,14,26,11235,5400,5835,23,11,37,70,32.9%,322.2,154.8,167.3,0.66,0.32,1.06,2.01,280.9,135.0,145.9,0.58,0.28,0.93,1.75,66,99,1.89,2.84,1.65,2.48
,,,Nazmass11,Minor,Dynamite,Fallout Shelter,Solar,33.1,835,56,0.597,0.607,34,22,16562,9150,7412,37,25,55,145,25.5%,291.2,160.9,130.3,0.65,0.44,0.97,2.55,295.8,163.4,132.4,0.66,0.45,0.98,2.59,148,115,2.60,2.02,2.64,2.05
,,,Freeenk,Minor,Peppermint,Minty Fresh,Solar,32.7,281,20,0.385,0.400,8,12,5710,2880,2830,11,11,18,33,33.3%,298.3,150.5,147.9,0.57,0.57,0.94,1.72,285.5,144.0,141.5,0.55,0.55,0.90,1.65,45,60,2.35,3.13,2.25,3.00
,,,Thedrprofessornoah,Minor,Fangtooths,The Abyss,Lunar,32.5,412,27,0.421,0.370,10,17,8296,4830,3466,20,13,31,63,31.7%,295.6,172.1,123.5,0.71,0.46,1.10,2.25,307.3,178.9,128.4,0.74,0.48,1.15,2.33,57,70,2.03,2.49,2.11,2.59
,,,Velocifaptor,Minor,Velociraptors,Dino Park,Lunar,31.9,787,56,0.387,0.375,21,35,15964,8940,7024,40,24,51,119,33.6%,297.8,166.8,131.0,0.75,0.45,0.95,2.22,285.1,159.6,125.4,0.71,0.43,0.91,2.13,117,156,2.18,2.91,2.09,2.79
,,,A Hammered Hamster,Minor,Vikings,The Sovereign,Lunar,31.1,162,11,0.565,0.545,6,5,3098,1460,1638,5,7,8,21,23.8%,280.8,132.3,148.4,0.45,0.63,0.73,1.90,281.6,132.7,148.9,0.45,0.64,0.73,1.91,25,21,2.27,1.90,2.27,1.91
,,,Gman,Minor,"Star Destroyers
Justice League","The Empire
The Comic Crusaders",Lunar,31.0,218,15,0.405,0.400,6,9,4518,2550,1968,12,5,15,35,34.3%,304.3,171.7,132.5,0.81,0.34,1.01,2.36,301.2,170.0,131.2,0.80,0.33,1.00,2.33,33,42,2.22,2.83,2.20,2.80
,,,Quaice,Minor,Jupiter,Milky Way,Lunar,30.4,696,46,0.471,0.500,23,23,13348,7130,6218,21,28,55,88,23.9%,281.6,150.4,131.2,0.44,0.59,1.16,1.86,290.2,155.0,135.2,0.46,0.61,1.20,1.91,102,110,2.15,2.32,2.22,2.39
,,,Lead,Minor,Lunatics,The Asylum,Solar,30.0,375,26,0.480,0.462,12,14,7897,4200,3697,18,9,29,50,36.0%,309.2,164.4,144.7,0.70,0.35,1.14,1.96,303.7,161.5,142.2,0.69,0.35,1.12,1.92,58,61,2.27,2.39,2.23,2.35
,,,Suicide Squeeze,Minor,Peppermint,Minty Fresh,Solar,28.5,113,8,0.431,0.375,3,5,2194,1190,1004,5,3,7,19,26.3%,285.1,154.6,130.4,0.65,0.39,0.91,2.47,274.3,148.8,125.5,0.63,0.38,0.88,2.38,15,18,1.95,2.34,1.88,2.25
,,,Monkries,Minor,Snuggies,As Seen on TV!,Solar,28.5,360,25,0.392,0.400,10,15,6863,3840,3023,11,15,32,39,28.2%,279.9,156.6,123.3,0.45,0.61,1.31,1.59,274.5,153.6,120.9,0.44,0.60,1.28,1.56,58,76,2.37,3.10,2.32,3.04
,,,Dunnie14,Minor,Dire Wolves,Polar Vortex,Lunar,28.4,868,57,0.296,0.246,14,43,18209,9760,8449,33,19,89,106,31.1%,308.0,165.1,142.9,0.56,0.32,1.51,1.79,319.5,171.2,148.2,0.58,0.33,1.56,1.86,103,179,1.74,3.03,1.81,3.14
,,,Tr1Ppn.,Minor,Trashbags,Waste Management,Solar,28.2,571,38,0.347,0.289,11,27,11621,6420,5201,24,18,50,62,38.7%,298.8,165.1,133.7,0.62,0.46,1.29,1.59,305.8,168.9,136.9,0.63,0.47,1.32,1.63,80,119,2.06,3.06,2.11,3.13
,,,𝔂Ou 𝓪Re 𝓪 𝓼Tar 𝓲N 𝓶Y 𝓼Ky,Minor,Wind,The Elements,Lunar,28.2,790,52,0.457,0.462,24,28,15435,8060,7375,19,23,79,106,17.9%,286.8,149.8,137.1,0.35,0.43,1.47,1.97,296.8,155.0,141.8,0.37,0.44,1.52,2.04,106,119,1.97,2.21,2.04,2.29
,,,Bieles,Minor,Shih Tzus,Puppy Paradise,Solar,27.9,727,48,0.604,0.688,33,15,13953,7620,6333,26,21,57,112,23.2%,281.8,153.9,127.9,0.53,0.42,1.15,2.26,290.7,158.8,131.9,0.54,0.44,1.19,2.33,113,85,2.28,1.72,2.35,1.77
,,,Feel,Minor,Trashbags,Waste Management,Solar,26.9,192,13,0.250,0.231,3,10,3900,2350,1550,11,5,15,25,44.0%,298.2,179.7,118.5,0.84,0.38,1.15,1.91,300.0,180.8,119.2,0.85,0.38,1.15,1.92,27,52,2.06,3.98,2.08,4.00
,,,Rexxay614,Minor,MUTO,Kaiju,Solar,26.5,665,47,0.478,0.511,24,23,13127,6810,6317,20,19,61,81,24.7%,289.8,150.3,139.5,0.44,0.42,1.35,1.79,279.3,144.9,134.4,0.43,0.40,1.30,1.72,101,107,2.23,2.36,2.15,2.28
,,,Wolff,Minor,Dire Wolves,Polar Vortex,Lunar,26.1,248,16,0.390,0.313,5,11,4849,2470,2379,9,6,18,37,24.3%,287.1,146.2,140.8,0.53,0.36,1.07,2.19,303.1,154.4,148.7,0.56,0.38,1.13,2.31,37,49,2.19,2.90,2.31,3.06
,,,Wheelchair {Lflegs},Minor,Hammerheads,Shark Attack,Lunar,25.3,235,17,0.620,0.588,10,7,4673,2570,2103,11,7,17,27,40.7%,291.9,160.6,131.4,0.69,0.44,1.06,1.69,274.9,151.2,123.7,0.65,0.41,1.00,1.59,40,29,2.50,1.81,2.35,1.71
,,,Faygorl,Minor,Dire Wolves,Polar Vortex,Lunar,23.4,472,31,0.236,0.161,5,26,9538,4830,4708,14,11,48,48,29.2%,296.7,150.2,146.4,0.44,0.34,1.49,1.49,307.7,155.8,151.9,0.45,0.35,1.55,1.55,48,102,1.49,3.17,1.55,3.29
,,,Lordhadron,Minor,Wings,Fifty-Fifty Pizzeria,Lunar,23.1,68,4,0.282,0.500,2,2,1380,860,520,4,2,6,6,66.7%,298.0,185.7,112.3,0.86,0.43,1.30,1.30,345.0,215.0,130.0,1.00,0.50,1.50,1.50,9,16,1.94,3.45,2.25,4.00
,,,Totoro,Minor,Justice League,The Comic Crusaders,Lunar,22.1,680,47,0.440,0.426,20,27,12112,6810,5302,29,24,35,96,30.2%,261.5,147.0,114.5,0.63,0.52,0.76,2.07,257.7,144.9,112.8,0.62,0.51,0.74,2.04,102,119,2.20,2.57,2.17,2.53
,,,Swimmer,Minor,Taipans,The Serpents,Lunar,21.4,664,47,0.452,0.468,22,25,11812,5930,5882,20,23,38,88,22.7%,261.2,131.1,130.1,0.44,0.51,0.84,1.95,251.3,126.2,125.1,0.43,0.49,0.81,1.87,110,124,2.43,2.74,2.34,2.64
,,,Primed,Minor,Wind,The Elements,Lunar,21.3,614,41,0.468,0.463,19,22,11232,5880,5352,21,22,40,68,30.9%,268.6,140.6,128.0,0.50,0.53,0.96,1.63,274.0,143.4,130.5,0.51,0.54,0.98,1.66,95,103,2.27,2.46,2.32,2.51
,,,Shooter12133,Minor,Fluffy Omelettes,The Cat Cafe,Solar,18.9,199,13,0.554,0.692,9,4,3468,1750,1718,5,8,13,20,25.0%,255.9,129.1,126.7,0.37,0.59,0.96,1.48,266.8,134.6,132.2,0.38,0.62,1.00,1.54,30,26,2.21,1.92,2.31,2.00
,,,Gidderrs,Minor,"Aphrodite
Wasps","Olympus
The Swarm",Solar,18.1,208,14,0.256,0.071,1,13,3849,2110,1739,8,5,16,26,30.8%,271.7,148.9,122.7,0.56,0.35,1.13,1.84,274.9,150.7,124.2,0.57,0.36,1.14,1.86,24,47,1.69,3.32,1.71,3.36
,,,Dementedl,Minor,Fluffy Omelettes,The Cat Cafe,Solar,16.6,447,27,0.368,0.370,10,17,7995,4580,3415,16,11,37,58,27.6%,262.6,150.4,112.2,0.53,0.36,1.22,1.91,296.1,169.6,126.5,0.59,0.41,1.37,2.15,54,77,1.77,2.53,2.00,2.85
,,,Sweetnlow120,Minor,Peppermint,Minty Fresh,Solar,16.6,631,45,0.364,0.311,14,31,11256,5700,5556,19,15,44,85,22.4%,261.9,132.6,129.3,0.44,0.35,1.02,1.98,250.1,126.7,123.5,0.42,0.33,0.98,1.89,87,124,2.02,2.89,1.93,2.76
,,,Tabernakdecalis,Minor,Wings,Fifty-Fifty Pizzeria,Lunar,12.0,68,4,0.282,0.500,2,2,1208,700,508,2,2,7,5,40.0%,260.8,151.1,109.7,0.43,0.43,1.51,1.08,302.0,175.0,127.0,0.50,0.50,1.75,1.25,9,16,1.94,3.45,2.25,4.00
,,,Destroyerallstar,Minor,Fennec Foxes,The Forest,Solar,10.3,115,8,0.478,0.500,4,4,1820,940,880,4,4,4,14,28.6%,232.4,120.0,112.3,0.51,0.51,0.51,1.79,227.5,117.5,110.0,0.50,0.50,0.50,1.75,17,18,2.17,2.30,2.13,2.25
,,,Tvveedle,Minor,Wings,Fifty-Fifty Pizzeria,Lunar,9.0,282,17,0.405,0.353,6,11,4484,2160,2324,6,9,16,31,19.4%,233.4,112.5,121.0,0.31,0.47,0.83,1.61,263.8,127.1,136.7,0.35,0.53,0.94,1.82,39,50,2.03,2.60,2.29,2.94
,,,Yoky,Minor,Wasps,The Swarm,Solar,1.6,121,8,0.440,0.375,3,5,1843,870,973,3,2,6,17,17.6%,223.6,105.6,118.1,0.36,0.24,0.73,2.06,230.4,108.8,121.6,0.38,0.25,0.75,2.13,18,21,2.18,2.55,2.25,2.63
,,,Soitsu,Minor,Ocelots,The Jungle,Solar,-7.0,60,4,0.188,0.250,1,3,1043,490,553,2,0,5,4,50.0%,255.2,119.9,135.3,0.49,0.00,1.22,0.98,260.8,122.5,138.3,0.50,0.00,1.25,1.00,6,15,1.47,3.67,1.50,3.75
,,,Captainfeesh,Minor,Justice League,The Comic Crusaders,Lunar,-15.1,170,12,0.112,0.083,1,11,2365,1080,1285,5,1,7,18,27.8%,204.2,93.3,111.0,0.43,0.09,0.60,1.55,197.1,90.0,107.1,0.42,0.08,0.58,1.50,11,42,0.95,3.63,0.92,3.50
,,,Orso,Master,Pyromaniacs,The Asylum,Solar,93.4,992,63,0.649,0.698,44,19,27220,15730,11490,56,59,104,198,28.3%,437.6,252.9,184.7,0.90,0.95,1.67,3.18,432.1,249.7,182.4,0.89,0.94,1.65,3.14,183,124,2.94,1.99,2.90,1.97
,,,Kenobs_,Master,Tempests,Storm,Solar,88.9,1003,64,0.630,0.594,38,26,26674,15270,11404,65,56,79,202,32.2%,424.2,242.8,181.3,1.03,0.89,1.26,3.21,416.8,238.6,178.2,1.02,0.88,1.23,3.16,183,131,2.91,2.08,2.86,2.05
,,,Sicey,Master,Flex Tapes,As Seen on TV!,Solar,85.8,947,62,0.716,0.694,43,19,24877,14920,9957,67,54,73,187,35.8%,419.0,251.3,167.7,1.13,0.91,1.23,3.15,401.2,240.6,160.6,1.08,0.87,1.18,3.02,193,108,3.25,1.82,3.11,1.74
,,,T.,Master,King Kongs,Planet of the Apes,Lunar,81.6,860,54,0.675,0.741,40,14,21942,13240,8702,65,46,54,174,37.4%,406.9,245.5,161.4,1.21,0.85,1.00,3.23,406.3,245.2,161.1,1.20,0.85,1.00,3.22,173,110,3.21,2.04,3.20,2.04
,,,Pearl,Master,Ares,Olympus,Solar,80.5,63,4,0.344,0.250,1,3,1488,770,718,2,5,4,12,16.7%,376.7,194.9,181.8,0.51,1.27,1.01,3.04,372.0,192.5,179.5,0.50,1.25,1.00,3.00,8,12,2.03,3.04,2.00,3.00
,,,Ness,Master,King Kongs,Planet of the Apes,Lunar,74.2,921,58,0.663,0.724,42,16,23490,13640,9850,55,47,83,164,33.5%,406.8,236.2,170.6,0.95,0.81,1.44,2.84,405.0,235.2,169.8,0.95,0.81,1.43,2.83,180,118,3.12,2.04,3.10,2.03
,,,Puffy6,Master,Starkillers,The Empire,Solar,73.6,1016,64,0.570,0.656,42,22,26202,14520,11682,51,48,105,177,28.8%,411.3,227.9,183.4,0.80,0.75,1.65,2.78,409.4,226.9,182.5,0.80,0.75,1.64,2.77,172,144,2.70,2.26,2.69,2.25
,,,Lunaoso,Master,Care Bears,The Bear Den,Lunar,72.9,953,62,0.522,0.548,34,28,23408,14200,9208,56,47,86,195,28.7%,391.8,237.7,154.1,0.94,0.79,1.44,3.26,377.5,229.0,148.5,0.90,0.76,1.39,3.15,147,139,2.46,2.33,2.37,2.24
,,,Alex,Master,Flex Tapes,As Seen on TV!,Solar,72.7,953,62,0.705,0.677,42,20,24063,14440,9623,65,44,79,179,36.3%,402.7,241.7,161.1,1.09,0.74,1.32,3.00,388.1,232.9,155.2,1.05,0.71,1.27,2.89,189,109,3.16,1.82,3.05,1.76
,,,Saucey,Master,Drones,The Swarm,Solar,72.6,895,57,0.536,0.561,32,25,22709,13420,9289,59,35,80,177,33.3%,404.7,239.2,165.5,1.05,0.62,1.43,3.15,398.4,235.4,163.0,1.04,0.61,1.40,3.11,151,138,2.69,2.46,2.65,2.42
,,,Rule,Master,Chicago Style,Fifty-Fifty Pizzeria,Lunar,71.3,964,60,0.528,0.533,32,28,25024,14830,10194,72,28,87,188,38.3%,414.0,245.4,168.7,1.19,0.46,1.44,3.11,417.1,247.2,169.9,1.20,0.47,1.45,3.13,143,133,2.37,2.20,2.38,2.22
,,,Crspy,Master,Panthers,The Jungle,Solar,71.3,588,39,0.458,0.487,19,20,15170,8610,6560,36,20,58,111,32.4%,411.5,233.5,177.9,0.98,0.54,1.57,3.01,389.0,220.8,168.2,0.92,0.51,1.49,2.85,91,101,2.47,2.74,2.33,2.59
,,,Knitt,Master,Trash Compactors,Waste Management,Solar,70.1,1010,64,0.546,0.563,36,28,24579,14120,10459,66,38,70,212,31.1%,388.1,223.0,165.2,1.04,0.60,1.11,3.35,384.0,220.6,163.4,1.03,0.59,1.09,3.31,152,135,2.40,2.13,2.38,2.11
,,,Geherpaderp,Master,King Kongs,Planet of the Apes,Lunar,69.8,919,59,0.689,0.763,45,14,22709,13430,9279,63,46,64,163,38.7%,394.1,233.1,161.0,1.09,0.80,1.11,2.83,384.9,227.6,157.3,1.07,0.78,1.08,2.76,190,116,3.30,2.01,3.22,1.97
,,,Dorito,Master,Flex Tapes,As Seen on TV!,Solar,69.1,868,56,0.728,0.679,38,18,21555,13080,8475,57,39,76,163,35.0%,396.1,240.3,155.7,1.05,0.72,1.40,3.00,384.9,233.6,151.3,1.02,0.70,1.36,2.91,183,99,3.36,1.82,3.27,1.77
,,,Greensleeves,Master,Tempests,Storm,Solar,68.4,1003,64,0.630,0.594,38,26,24238,15110,9128,73,45,71,201,36.3%,385.4,240.3,145.2,1.16,0.72,1.13,3.20,378.7,236.1,142.6,1.14,0.70,1.11,3.14,183,131,2.91,2.08,2.86,2.05
,,,Fusionbleach24,Master,Mercury,Milky Way,Lunar,65.9,444,30,0.390,0.367,11,19,11174,6350,4824,24,16,47,80,30.0%,401.4,228.1,173.3,0.86,0.57,1.69,2.87,372.5,211.7,160.8,0.80,0.53,1.57,2.67,58,77,2.08,2.77,1.93,2.57
,,,Tuna146,Master,Andromeda,The Cosmos,Solar,65.5,898,59,0.546,0.508,30,29,22171,12670,9501,46,40,90,157,29.3%,393.8,225.0,168.7,0.82,0.71,1.60,2.79,375.8,214.7,161.0,0.78,0.68,1.53,2.66,145,129,2.58,2.29,2.46,2.19
,,,Wick,Master,Chimaeras,The Abyss,Lunar,65.4,884,55,0.572,0.582,32,23,20910,12020,8890,47,41,71,172,27.3%,377.3,216.9,160.4,0.85,0.74,1.28,3.10,380.2,218.5,161.6,0.85,0.75,1.29,3.13,149,124,2.69,2.24,2.71,2.25
,,,Wicked,Master,Blackout,Electric Mayhem,Lunar,65.3,738,46,0.625,0.652,30,16,17154,9800,7354,37,42,53,135,27.4%,370.7,211.8,158.9,0.80,0.91,1.15,2.92,372.9,213.0,159.9,0.80,0.91,1.15,2.93,134,97,2.90,2.10,2.91,2.11
,,,Dosia,Master,Phantoms,The Shadows,Lunar,64.6,967,56,0.487,0.518,29,27,23318,13630,9688,68,35,64,188,36.2%,384.6,224.8,159.8,1.12,0.58,1.06,3.10,416.4,243.4,173.0,1.21,0.63,1.14,3.36,144,149,2.38,2.46,2.57,2.66
,,,Frostiger,Master,Blackout,Electric Mayhem,Lunar,63.9,1006,63,0.568,0.571,36,27,25092,15200,9892,70,31,95,190,36.8%,397.8,241.0,156.8,1.11,0.49,1.51,3.01,398.3,241.3,157.0,1.11,0.49,1.51,3.02,170,143,2.70,2.27,2.70,2.27
,,,Trifethings,Master,Andromeda,The Cosmos,Solar,63.3,798,52,0.546,0.538,28,24,18818,10980,7838,50,34,55,153,32.7%,376.1,219.5,156.7,1.00,0.68,1.10,3.06,361.9,211.2,150.7,0.96,0.65,1.06,2.94,127,113,2.54,2.26,2.44,2.17
,,,Dart,Master,Drones,The Swarm,Solar,63.1,248,15,0.447,0.533,8,7,5608,2790,2818,10,9,16,54,18.5%,360.7,179.4,181.2,0.64,0.58,1.03,3.47,373.9,186.0,187.9,0.67,0.60,1.07,3.60,34,39,2.19,2.51,2.27,2.60
,,,Reagfam,Master,Immortals,The Sovereign,Lunar,63.0,1005,64,0.497,0.531,34,30,23454,13480,9974,54,51,74,183,29.5%,372.2,213.9,158.3,0.86,0.81,1.17,2.90,366.5,210.6,155.8,0.84,0.80,1.16,2.86,157,158,2.49,2.51,2.45,2.47
,,,Plasma,Master,Starkillers,The Empire,Solar,62.3,964,60,0.597,0.683,41,19,23595,14330,9265,66,34,85,178,37.1%,390.4,237.1,153.3,1.09,0.56,1.41,2.95,393.3,238.8,154.4,1.10,0.57,1.42,2.97,169,132,2.80,2.18,2.82,2.20
,,,Dewy413,Master,Helicoprions,Shark Attack,Lunar,62.1,544,34,0.544,0.471,16,18,12266,7710,4556,29,34,42,101,28.7%,359.6,226.0,133.6,0.85,1.00,1.23,2.96,360.8,226.8,134.0,0.85,1.00,1.24,2.97,97,87,2.84,2.55,2.85,2.56
,,,Gijoeyb,Master,Chimaeras,The Abyss,Lunar,62.0,639,39,0.635,0.667,26,13,14159,8560,5599,41,33,30,131,31.3%,353.4,213.7,139.8,1.02,0.82,0.75,3.27,363.1,219.5,143.6,1.05,0.85,0.77,3.36,115,81,2.87,2.02,2.95,2.08
,,,V15 Ehf,Master,Care Bears,The Bear Den,Lunar,61.1,890,58,0.521,0.552,32,26,21416,11400,10016,42,37,77,150,28.0%,383.8,204.3,179.5,0.75,0.66,1.38,2.69,369.2,196.6,172.7,0.72,0.64,1.33,2.59,136,129,2.44,2.31,2.34,2.22
,,,Unexpected,Master,Immortals,The Sovereign,Lunar,60.8,466,30,0.483,0.433,13,17,11071,5940,5131,27,17,31,84,32.1%,378.9,203.3,175.6,0.92,0.58,1.06,2.88,369.0,198.0,171.0,0.90,0.57,1.03,2.80,66,69,2.26,2.36,2.20,2.30
,,,Yesper,Master,"Mambas
Ares","The Serpents
Olympus",Lunar,60.8,143,10,0.500,0.500,5,5,3400,1890,1510,8,4,12,29,27.6%,379.2,210.8,168.4,0.89,0.45,1.34,3.23,340.0,189.0,151.0,0.80,0.40,1.20,2.90,22,22,2.45,2.45,2.20,2.20
,,,Galaxy,Master,Trash Compactors,Waste Management,Solar,60.1,60,4,0.420,0.500,2,2,1527,930,597,3,3,8,8,37.5%,405.9,247.2,158.7,0.80,0.80,2.13,2.13,381.8,232.5,149.3,0.75,0.75,2.00,2.00,9,11,2.39,2.92,2.25,2.75
,,,Unearthlylegend,Master,Chimaeras,The Abyss,Lunar,60.0,1015,63,0.566,0.571,36,27,24131,14290,9841,57,42,93,184,31.0%,379.2,224.6,154.6,0.90,0.66,1.46,2.89,383.0,226.8,156.2,0.90,0.67,1.48,2.92,167,141,2.62,2.22,2.65,2.24
,,,Kri0S,Master,Chicago Style,Fifty-Fifty Pizzeria,Lunar,57.5,744,47,0.569,0.574,27,20,17402,9710,7692,30,37,73,121,24.8%,373.1,208.2,164.9,0.64,0.79,1.56,2.59,370.3,206.6,163.7,0.64,0.79,1.55,2.57,115,96,2.47,2.06,2.45,2.04
,,,Theblobofglob22,Master,The Hamburgers,North American Soccar Club,Solar,57.2,926,56,0.429,0.411,23,33,22249,13050,9199,50,34,95,160,31.3%,383.2,224.8,158.4,0.86,0.59,1.64,2.76,397.3,233.0,164.3,0.89,0.61,1.70,2.86,125,150,2.15,2.58,2.23,2.68
,,,Boofin',Master,The Watchmen,The Comic Crusaders,Lunar,57.2,988,60,0.424,0.467,28,32,22965,13710,9255,58,40,82,181,32.0%,370.7,221.3,149.4,0.94,0.65,1.32,2.92,382.8,228.5,154.3,0.97,0.67,1.37,3.02,148,179,2.39,2.89,2.47,2.98
,,,Ghxst,Master,Helicoprions,Shark Attack,Lunar,57.2,951,60,0.534,0.483,29,31,21930,11920,10010,52,34,65,177,29.4%,367.8,199.9,167.9,0.87,0.57,1.09,2.97,365.5,198.7,166.8,0.87,0.57,1.08,2.95,160,147,2.68,2.47,2.67,2.45
,,,Treko50,Master,Helicoprions,Shark Attack,Lunar,57.0,464,29,0.466,0.414,12,17,10940,6360,4580,25,21,41,76,32.9%,376.1,218.6,157.4,0.86,0.72,1.41,2.61,377.2,219.3,157.9,0.86,0.72,1.41,2.62,66,72,2.27,2.47,2.28,2.48
,,,Infinite,Master,Andromeda,The Cosmos,Solar,57.0,934,62,0.550,0.516,32,30,21900,12410,9490,44,42,87,156,28.2%,374.0,211.9,162.1,0.75,0.72,1.49,2.66,353.2,200.2,153.1,0.71,0.68,1.40,2.52,149,131,2.54,2.24,2.40,2.11
,,,Itzauzy™️,Master,"Andromeda
Mambas","The Cosmos
The Serpents",Lunar,56.5,405,24,0.539,0.458,11,13,9646,6020,3626,28,12,37,77,36.4%,379.9,237.1,142.8,1.10,0.47,1.46,3.03,401.9,250.8,151.1,1.17,0.50,1.54,3.21,64,58,2.52,2.28,2.67,2.42
,,,Alfredo,Master,Starkillers,The Empire,Solar,56.4,1016,64,0.570,0.656,42,22,22430,12780,9650,55,50,58,188,29.3%,352.1,200.6,151.5,0.86,0.78,0.91,2.95,350.5,199.7,150.8,0.86,0.78,0.91,2.94,172,144,2.70,2.26,2.69,2.25
,,,Blocky,Master,Ares,Olympus,Solar,56.3,693,44,0.407,0.386,17,27,16344,9330,7014,36,25,65,123,29.3%,376.2,214.7,161.4,0.83,0.58,1.50,2.83,371.5,212.0,159.4,0.82,0.57,1.48,2.80,97,123,2.23,2.83,2.20,2.80
,,,Rated,Master,Pyromaniacs,The Asylum,Solar,54.6,984,62,0.647,0.710,44,18,22594,13200,9394,56,44,75,165,33.9%,366.2,214.0,152.3,0.91,0.71,1.22,2.67,364.4,212.9,151.5,0.90,0.71,1.21,2.66,183,125,2.97,2.03,2.95,2.02
,,,Phelpsy,Master,Pyromaniacs,The Asylum,Solar,51.2,986,62,0.643,0.694,43,19,22930,14420,8510,72,34,77,167,43.1%,370.9,233.3,137.7,1.16,0.55,1.25,2.70,369.8,232.6,137.3,1.16,0.55,1.24,2.69,184,127,2.98,2.05,2.97,2.05
,,,Chrisakamrxd,Master,Chicago Style,Fifty-Fifty Pizzeria,Lunar,50.7,397,25,0.487,0.560,14,11,9003,5120,3883,14,22,41,57,24.6%,361.7,205.7,156.0,0.56,0.88,1.65,2.29,360.1,204.8,155.3,0.56,0.88,1.64,2.28,58,60,2.33,2.41,2.32,2.40
,,,Ninjatron,Master,"Atomics
Immortals","Fallout Shelter
The Sovereign",Solar,50.5,513,33,0.485,0.515,17,16,11768,6350,5418,27,17,39,85,31.8%,365.9,197.4,168.4,0.84,0.53,1.21,2.64,356.6,192.4,164.2,0.82,0.52,1.18,2.58,78,81,2.43,2.52,2.36,2.45
,,,Paylosoul,Master,Atomics,Fallout Shelter,Solar,50.4,490,34,0.397,0.353,12,22,11977,6450,5527,26,13,50,70,37.1%,389.9,209.9,179.9,0.85,0.42,1.63,2.28,352.3,189.7,162.6,0.76,0.38,1.47,2.06,66,86,2.15,2.80,1.94,2.53
,,,Cash,Master,Drones,The Swarm,Solar,49.9,940,59,0.516,0.525,31,28,20128,12130,7998,48,50,64,163,29.4%,341.5,205.8,135.7,0.81,0.85,1.09,2.77,341.2,205.6,135.6,0.81,0.85,1.08,2.76,156,150,2.65,2.55,2.64,2.54
,,,Killshot.,Master,Wendigos,The Forest,Solar,49.3,995,62,0.458,0.468,29,33,23289,13690,9599,57,30,97,164,34.8%,373.3,219.4,153.9,0.91,0.48,1.55,2.63,375.6,220.8,154.8,0.92,0.48,1.56,2.65,141,157,2.26,2.52,2.27,2.53
,,,Barra,Master,"Mambas
Chimaeras","The Serpents
The Abyss",Lunar,49.0,914,59,0.413,0.390,23,36,20487,11710,8777,43,33,83,161,26.7%,357.5,204.3,153.2,0.75,0.58,1.45,2.81,347.2,198.5,148.8,0.73,0.56,1.41,2.73,123,154,2.15,2.69,2.08,2.61
,,,Pletheros,Master,Whiskits and Gravy,The Cat Cafe,Solar,48.6,646,40,0.428,0.425,17,23,14280,7870,6410,28,30,51,102,27.5%,352.6,194.3,158.3,0.69,0.74,1.26,2.52,357.0,196.8,160.3,0.70,0.75,1.28,2.55,95,114,2.35,2.81,2.38,2.85
,,,Mranderson,Master,Hot Dogs,Puppy Paradise,Solar,48.5,852,52,0.445,0.423,22,30,19600,10720,8880,42,25,77,142,29.6%,366.9,200.7,166.2,0.79,0.47,1.44,2.66,376.9,206.2,170.8,0.81,0.48,1.48,2.73,118,136,2.21,2.55,2.27,2.62
,,,Dapperstarfishh,Master,Mercury,Milky Way,Lunar,48.0,454,31,0.484,0.452,14,17,10044,5150,4894,19,17,33,75,25.3%,352.9,180.9,171.9,0.67,0.60,1.16,2.63,324.0,166.1,157.9,0.61,0.55,1.06,2.42,74,77,2.60,2.71,2.39,2.48
,,,Fuda,Master,Blackout,Electric Mayhem,Lunar,47.8,1022,64,0.565,0.563,36,28,22791,12880,9911,49,43,84,163,30.1%,355.7,201.0,154.7,0.76,0.67,1.31,2.54,356.1,201.3,154.9,0.77,0.67,1.31,2.55,171,145,2.67,2.26,2.67,2.27
,,,Marqq,Master,Ares,Olympus,Solar,47.3,245,16,0.313,0.250,4,12,5693,3090,2603,9,10,27,34,26.5%,370.6,201.2,169.5,0.59,0.65,1.76,2.21,355.8,193.1,162.7,0.56,0.63,1.69,2.13,30,49,1.95,3.19,1.88,3.06
,,,Shanerbaner,Master,Helicoprions,Shark Attack,Lunar,47.3,1023,64,0.515,0.453,29,35,23145,13690,9455,58,36,88,169,34.3%,360.9,213.4,147.4,0.90,0.56,1.37,2.63,361.6,213.9,147.7,0.91,0.56,1.38,2.64,167,161,2.60,2.51,2.61,2.52
,,,Chan,Master,Sabertooths,Polar Vortex,Lunar,46.6,956,58,0.478,0.483,28,30,21383,12220,9163,52,29,78,167,31.1%,356.7,203.9,152.9,0.87,0.48,1.30,2.79,368.7,210.7,158.0,0.90,0.50,1.34,2.88,141,149,2.35,2.49,2.43,2.57
,,,Zdawg2020Dec,Master,King Kongs,Planet of the Apes,Lunar,46.3,318,21,0.569,0.667,14,7,7277,4130,3147,14,12,33,48,29.2%,365.0,207.1,157.8,0.70,0.60,1.66,2.41,346.5,196.7,149.9,0.67,0.57,1.57,2.29,48,40,2.41,2.01,2.29,1.90
,,,Memlo,Master,Tempests,Storm,Solar,46.2,439,28,0.603,0.571,16,12,9500,5580,3920,19,18,40,78,24.4%,345.1,202.7,142.4,0.69,0.65,1.45,2.83,339.3,199.3,140.0,0.68,0.64,1.43,2.79,84,65,3.05,2.36,3.00,2.32
,,,Classy,Master,Soul,The Elements,Lunar,46.0,743,44,0.493,0.432,19,25,16356,9500,6856,34,27,69,130,26.2%,351.1,203.9,147.2,0.73,0.58,1.48,2.79,371.7,215.9,155.8,0.77,0.61,1.57,2.95,107,109,2.30,2.34,2.43,2.48
,,,Kanman01,Master,Phantoms,The Shadows,Lunar,45.9,959,55,0.505,0.545,30,25,21072,11670,9402,44,30,81,172,25.6%,350.5,194.1,156.4,0.73,0.50,1.35,2.86,383.1,212.2,170.9,0.80,0.55,1.47,3.13,145,143,2.41,2.38,2.64,2.60
,,,Pleezy,Master,"Atomics
Care Bears","Fallout Shelter
The Bear Den",Solar,45.6,780,50,0.388,0.360,18,32,18283,9870,8413,36,28,77,102,35.3%,373.9,201.8,172.0,0.74,0.57,1.57,2.09,365.7,197.4,168.3,0.72,0.56,1.54,2.04,105,140,2.15,2.86,2.10,2.80
,,,Twst,Master,Ares,Olympus,Solar,45.3,707,44,0.387,0.386,17,27,15825,8710,7115,36,22,57,116,31.0%,357.0,196.5,160.5,0.81,0.50,1.29,2.62,359.7,198.0,161.7,0.82,0.50,1.30,2.64,95,127,2.14,2.87,2.16,2.89
,,,Python,Master,Ares,Olympus,Solar,45.2,722,46,0.401,0.348,16,30,15837,8670,7167,31,28,60,117,26.5%,349.9,191.5,158.3,0.68,0.62,1.33,2.58,344.3,188.5,155.8,0.67,0.61,1.30,2.54,101,130,2.23,2.87,2.20,2.83
,,,Stryyk3R,Master,Mambas,The Serpents,Lunar,45.0,791,49,0.402,0.388,19,30,17483,9980,7503,42,29,61,128,32.8%,352.5,201.2,151.3,0.85,0.58,1.23,2.58,356.8,203.7,153.1,0.86,0.59,1.24,2.61,109,140,2.20,2.82,2.22,2.86
,,,Crabasaur,Master,Whiskits and Gravy,The Cat Cafe,Solar,44.7,863,53,0.415,0.415,22,31,18577,10850,7727,45,38,61,140,32.1%,343.3,200.5,142.8,0.83,0.70,1.13,2.59,350.5,204.7,145.8,0.85,0.72,1.15,2.64,127,157,2.35,2.90,2.40,2.96
,,,Aki_Ha-,Master,Gigantoraptors,Dino Park,Lunar,44.7,1004,61,0.455,0.443,27,34,22136,12440,9696,45,42,86,154,29.2%,351.7,197.6,154.0,0.71,0.67,1.37,2.45,362.9,203.9,159.0,0.74,0.69,1.41,2.52,140,157,2.22,2.49,2.30,2.57
,,,Anthage,Master,Drones,The Swarm,Solar,44.6,717,44,0.556,0.568,25,19,15950,9490,6460,44,21,56,124,35.5%,354.8,211.1,143.7,0.98,0.47,1.25,2.76,362.5,215.7,146.8,1.00,0.48,1.27,2.82,122,106,2.71,2.36,2.77,2.41
,,,Bakrutch,Master,Andromeda,The Cosmos,Solar,44.1,107,8,0.500,0.500,4,4,2387,1110,1277,5,3,6,16,31.3%,355.8,165.5,190.4,0.75,0.45,0.89,2.38,298.4,138.8,159.6,0.63,0.38,0.75,2.00,17,17,2.53,2.53,2.13,2.13
,,,Vanilla Rain,Master,Care Bears,The Bear Den,Lunar,44.1,63,4,0.538,0.500,2,2,1394,780,614,4,3,3,8,50.0%,352.9,197.5,155.4,1.01,0.76,0.76,2.03,348.5,195.0,153.5,1.00,0.75,0.75,2.00,11,10,2.78,2.53,2.75,2.50
,,,Gb_97,Master,"Whiskits and Gravy
Mambas","The Cat Cafe
The Serpents",Solar,44.0,842,51,0.424,0.373,19,32,19574,10740,8834,38,26,89,119,31.9%,370.8,203.4,167.3,0.72,0.49,1.69,2.25,383.8,210.6,173.2,0.75,0.51,1.75,2.33,124,150,2.35,2.84,2.43,2.94
,,,Siyyo,Master,Panthers,The Jungle,Solar,43.8,908,58,0.412,0.448,26,32,19959,11350,8609,44,34,76,145,30.3%,350.6,199.4,151.2,0.77,0.60,1.33,2.55,344.1,195.7,148.4,0.76,0.59,1.31,2.50,127,159,2.23,2.79,2.19,2.74
,,,Queeds,Master,Blackout,Electric Mayhem,Lunar,43.5,106,7,0.381,0.286,2,5,2241,1390,851,7,4,6,19,36.8%,337.2,209.1,128.0,1.05,0.60,0.90,2.86,320.1,198.6,121.6,1.00,0.57,0.86,2.71,14,19,2.11,2.86,2.00,2.71
,,,Itzaylo,Master,Gigantoraptors,Dino Park,Lunar,43.3,1010,61,0.438,0.443,27,34,22873,13110,9763,46,33,106,156,29.5%,361.2,207.0,154.2,0.73,0.52,1.67,2.46,375.0,214.9,160.0,0.75,0.54,1.74,2.56,131,154,2.07,2.43,2.15,2.52
,,,El Diablo Rojo,Master,Trash Compactors,Waste Management,Solar,43.2,1010,64,0.546,0.563,36,28,22673,13200,9473,50,28,102,170,29.4%,358.0,208.4,149.6,0.79,0.44,1.61,2.68,354.3,206.3,148.0,0.78,0.44,1.59,2.66,152,135,2.40,2.13,2.38,2.11
,,,Kip,Master,Sabertooths,Polar Vortex,Lunar,42.9,750,45,0.427,0.400,18,27,16647,9660,6987,39,22,68,126,31.0%,354.0,205.4,148.6,0.83,0.47,1.45,2.68,369.9,214.7,155.3,0.87,0.49,1.51,2.80,102,123,2.17,2.62,2.27,2.73
,,,Rocksox,Master,Mercury,Milky Way,Lunar,42.8,929,61,0.457,0.410,25,36,21100,11770,9330,45,32,87,132,34.1%,362.3,202.1,160.2,0.77,0.55,1.49,2.27,345.9,193.0,153.0,0.74,0.52,1.43,2.16,139,155,2.39,2.66,2.28,2.54
,,,Loom,Master,Flex Tapes,As Seen on TV!,Solar,42.5,178,12,0.500,0.500,6,6,3819,2350,1469,8,10,16,25,32.0%,342.2,210.6,131.6,0.72,0.90,1.43,2.24,318.3,195.8,122.4,0.67,0.83,1.33,2.08,26,26,2.33,2.33,2.17,2.17
,,,Latte,Master,Immortals,The Sovereign,Lunar,42.4,881,56,0.508,0.554,31,25,20162,11640,8522,44,30,90,124,35.5%,365.0,210.7,154.3,0.80,0.54,1.63,2.24,360.0,207.9,152.2,0.79,0.54,1.61,2.21,145,142,2.63,2.57,2.59,2.54
,,,Packers,Master,Wendigos,The Forest,Solar,41.8,870,54,0.470,0.481,26,28,19434,11530,7904,51,26,75,138,37.0%,356.3,211.4,144.9,0.93,0.48,1.37,2.53,359.9,213.5,146.4,0.94,0.48,1.39,2.56,126,136,2.31,2.49,2.33,2.52
,,,Almost Magic Mike,Master,Atomics,Fallout Shelter,Solar,41.6,440,31,0.375,0.323,10,21,10381,5230,5151,19,12,44,53,35.8%,376.3,189.6,186.7,0.69,0.43,1.59,1.92,334.9,168.7,166.2,0.61,0.39,1.42,1.71,54,75,1.96,2.72,1.74,2.42
,,,Cbob,Master,Mercury,Milky Way,Lunar,41.4,844,55,0.471,0.418,23,32,18386,10990,7396,50,30,63,134,37.3%,347.4,207.7,139.8,0.94,0.57,1.19,2.53,334.3,199.8,134.5,0.91,0.55,1.15,2.44,134,144,2.53,2.72,2.44,2.62
,,,Wrecks,Master,Wendigos,The Forest,Solar,41.3,538,33,0.452,0.485,16,17,12005,6850,5155,19,25,60,70,27.1%,355.9,203.1,152.8,0.56,0.74,1.78,2.08,363.8,207.6,156.2,0.58,0.76,1.82,2.12,78,88,2.31,2.61,2.36,2.67
,,,Josan,Master,The Hamburgers,North American Soccar Club,Solar,40.7,922,57,0.453,0.421,24,33,20322,11220,9102,42,27,84,147,28.6%,351.5,194.1,157.5,0.73,0.47,1.45,2.54,356.5,196.8,159.7,0.74,0.47,1.47,2.58,124,140,2.15,2.42,2.18,2.46
,,,Cart,Master,Gigantoraptors,Dino Park,Lunar,40.7,975,59,0.448,0.441,26,33,22124,12440,9684,42,26,109,149,28.2%,361.9,203.5,158.4,0.69,0.43,1.78,2.44,375.0,210.8,164.1,0.71,0.44,1.85,2.53,131,150,2.14,2.45,2.22,2.54
,,,Cerealkiller,Master,Chimaeras,The Abyss,Lunar,40.6,32,3,0.099,0.000,0,3,745,190,555,1,0,1,4,25.0%,371.3,94.7,276.6,0.50,0.00,0.50,1.99,248.3,63.3,185.0,0.33,0.00,0.33,1.33,1,5,0.50,2.49,0.33,1.67
,,,Jsavvv,Master,"Panthers
Immortals
Phantoms","The Jungle
The Sovereign
The Shadows",Solar,40.2,544,34,0.428,0.353,12,22,11395,6480,4915,19,29,47,78,24.4%,334.1,190.0,144.1,0.56,0.85,1.38,2.29,335.1,190.6,144.6,0.56,0.85,1.38,2.29,80,96,2.35,2.81,2.35,2.82
,,,Easyp,Master,Trash Compactors,Waste Management,Solar,39.3,950,60,0.555,0.567,34,26,20415,10370,10045,33,41,75,127,26.0%,342.7,174.1,168.6,0.55,0.69,1.26,2.13,340.3,172.8,167.4,0.55,0.68,1.25,2.12,143,124,2.40,2.08,2.38,2.07
,,,Kar,Master,Soul,The Elements,Lunar,38.5,952,58,0.465,0.431,25,33,21110,12180,8930,51,22,89,153,33.3%,353.7,204.1,149.6,0.85,0.37,1.49,2.56,364.0,210.0,154.0,0.88,0.38,1.53,2.64,139,152,2.33,2.55,2.40,2.62
,,,Draxxs,Master,Sabertooths,Polar Vortex,Lunar,38.2,822,49,0.459,0.469,23,26,18533,10750,7783,43,19,85,125,34.4%,359.6,208.6,151.0,0.83,0.37,1.65,2.43,378.2,219.4,158.8,0.88,0.39,1.73,2.55,119,132,2.31,2.56,2.43,2.69
,,,The Condra Triangle,Master,Wendigos,The Forest,Solar,37.8,584,39,0.452,0.487,19,20,12481,6420,6061,15,29,55,72,20.8%,340.9,175.3,165.5,0.41,0.79,1.50,1.97,320.0,164.6,155.4,0.38,0.74,1.41,1.85,84,95,2.29,2.59,2.15,2.44
,,,Bucklemyshoe,Master,Phantoms,The Shadows,Lunar,37.0,68,4,0.500,0.500,2,2,1252,790,462,2,6,4,9,22.2%,293.7,185.3,108.4,0.47,1.41,0.94,2.11,313.0,197.5,115.5,0.50,1.50,1.00,2.25,11,11,2.58,2.58,2.75,2.75
,,,Vaerous,Master,Soul,The Elements,Lunar,37.0,847,52,0.469,0.423,22,30,17605,10220,7385,38,37,66,127,29.9%,331.5,192.4,139.1,0.72,0.70,1.24,2.39,338.6,196.5,142.0,0.73,0.71,1.27,2.44,123,133,2.32,2.50,2.37,2.56
,,,Panzler ^-^,Master,Soul,The Elements,Lunar,36.8,560,34,0.377,0.324,11,23,11828,6590,5238,22,19,51,89,24.7%,336.9,187.7,149.2,0.63,0.54,1.45,2.53,347.9,193.8,154.1,0.65,0.56,1.50,2.62,72,99,2.05,2.82,2.12,2.91
,,,Badasswalrus,Master,Care Bears,The Bear Den,Lunar,36.7,953,62,0.522,0.548,34,28,20464,11500,8964,45,30,81,145,31.0%,342.5,192.5,150.0,0.75,0.50,1.36,2.43,330.1,185.5,144.6,0.73,0.48,1.31,2.34,147,139,2.46,2.33,2.37,2.24
,,,E=Mc_Hammer,Master,Chicago Style,Fifty-Fifty Pizzeria,Lunar,35.9,961,60,0.550,0.583,35,25,20052,10550,9502,39,34,70,145,26.9%,332.8,175.1,157.7,0.65,0.56,1.16,2.41,334.2,175.8,158.4,0.65,0.57,1.17,2.42,149,131,2.47,2.17,2.48,2.18
,,,Stimeey99,Master,The Watchmen,The Comic Crusaders,Lunar,35.6,259,16,0.413,0.313,5,11,5121,2900,2221,10,13,17,40,25.0%,315.4,178.6,136.8,0.62,0.80,1.05,2.46,320.1,181.3,138.8,0.63,0.81,1.06,2.50,42,52,2.59,3.20,2.63,3.25
,,,Alittle,Master,Hot Dogs,Puppy Paradise,Solar,35.4,899,56,0.438,0.446,25,31,19074,10460,8614,41,28,72,136,30.1%,338.4,185.6,152.8,0.73,0.50,1.28,2.41,340.6,186.8,153.8,0.73,0.50,1.29,2.43,121,142,2.15,2.52,2.16,2.54
,,,Mooshu,Master,The Watchmen,The Comic Crusaders,Lunar,35.4,925,55,0.424,0.473,26,29,20020,12030,7990,56,22,77,148,37.8%,345.2,207.4,137.8,0.97,0.38,1.33,2.55,364.0,218.7,145.3,1.02,0.40,1.40,2.69,138,167,2.38,2.88,2.51,3.04
,,,W H O L E Mike,Master,Immortals,The Sovereign,Lunar,34.8,366,23,0.445,0.565,13,10,7520,4240,3280,17,10,28,64,26.6%,327.7,184.8,142.9,0.74,0.44,1.22,2.79,327.0,184.3,142.6,0.74,0.43,1.22,2.78,54,62,2.35,2.70,2.35,2.70
,,,Wespyyy,Master,Whiskits and Gravy,The Cat Cafe,Solar,34.6,675,42,0.407,0.405,17,25,14227,8100,6127,31,16,61,115,27.0%,336.2,191.4,144.8,0.73,0.38,1.44,2.72,338.7,192.9,145.9,0.74,0.38,1.45,2.74,94,119,2.22,2.81,2.24,2.83
,,,Wkyle,Master,Hot Dogs,Puppy Paradise,Solar,33.8,696,41,0.436,0.488,20,21,14563,8710,5853,34,22,62,111,30.6%,333.7,199.6,134.1,0.78,0.50,1.42,2.54,355.2,212.4,142.8,0.83,0.54,1.51,2.71,94,111,2.15,2.54,2.29,2.71
,,,Jacks0Ntheboss,Master,Hot Dogs,Puppy Paradise,Solar,33.8,631,37,0.362,0.351,13,24,13429,7140,6289,23,23,57,84,27.4%,339.4,180.5,159.0,0.58,0.58,1.44,2.12,362.9,193.0,170.0,0.62,0.62,1.54,2.27,78,112,1.97,2.83,2.11,3.03
,,,J_Krue,Master,The Hamburgers,North American Soccar Club,Solar,33.7,813,51,0.427,0.412,21,30,16883,9410,7473,35,24,68,131,26.7%,331.2,184.6,146.6,0.69,0.47,1.33,2.57,331.0,184.5,146.5,0.69,0.47,1.33,2.57,105,127,2.06,2.49,2.06,2.49
,,,Capn' Clutch,Master,Phantoms,The Shadows,Lunar,33.2,923,53,0.520,0.547,29,24,18477,10490,7987,36,36,72,149,24.2%,319.3,181.3,138.0,0.62,0.62,1.24,2.57,348.6,197.9,150.7,0.68,0.68,1.36,2.81,143,136,2.47,2.35,2.70,2.57
,,,Xero,Master,Tempests,Storm,Solar,32.9,564,36,0.653,0.611,22,14,11186,6190,4996,26,17,35,99,26.3%,316.3,175.0,141.3,0.74,0.48,0.99,2.80,310.7,171.9,138.8,0.72,0.47,0.97,2.75,99,66,2.80,1.87,2.75,1.83
,,,Stevo,Master,Panthers,The Jungle,Solar,30.7,884,57,0.380,0.404,23,34,17686,9810,7876,35,27,70,146,24.0%,319.1,177.0,142.1,0.63,0.49,1.26,2.63,310.3,172.1,138.2,0.61,0.47,1.23,2.56,116,158,2.09,2.85,2.04,2.77
,,,Mdboys09,Master,The Watchmen,The Comic Crusaders,Lunar,30.4,693,43,0.463,0.488,21,22,14399,7510,6889,24,27,58,86,27.9%,331.4,172.8,158.6,0.55,0.62,1.33,1.98,334.9,174.7,160.2,0.56,0.63,1.35,2.00,103,113,2.37,2.60,2.40,2.63
,,,Βlender,Master,"Phantoms
Panthers","The Shadows
The Jungle",Lunar,28.4,127,8,0.293,0.250,2,6,2617,1290,1327,7,2,6,19,36.8%,328.7,162.0,166.7,0.88,0.25,0.75,2.39,327.1,161.3,165.9,0.88,0.25,0.75,2.38,15,26,1.88,3.27,1.88,3.25
,,,Peach :>,Master,Chimaeras,The Abyss,Lunar,27.9,313,20,0.449,0.400,8,12,6338,3670,2668,16,9,23,47,34.0%,323.0,187.0,136.0,0.82,0.46,1.17,2.39,316.9,183.5,133.4,0.80,0.45,1.15,2.35,43,49,2.19,2.50,2.15,2.45
,,,Noobz,Master,"Starkillers
Immortals","The Empire
The Sovereign",Lunar,26.0,107,8,0.414,0.500,4,4,2136,1160,976,4,3,9,16,25.0%,318.4,172.9,145.5,0.60,0.45,1.34,2.38,267.0,145.0,122.0,0.50,0.38,1.13,2.00,17,21,2.53,3.13,2.13,2.63
,,,Kareemostyle,Master,Gigantoraptors,Dino Park,Lunar,25.0,188,11,0.441,0.364,4,7,3615,1960,1655,9,7,9,26,34.6%,306.7,166.3,140.4,0.76,0.59,0.76,2.21,328.6,178.2,150.5,0.82,0.64,0.82,2.36,24,28,2.04,2.38,2.18,2.55
,,,K-9,Master,The Hamburgers,North American Soccar Club,Solar,23.9,58,4,0.230,0.250,1,3,1123,530,593,1,2,5,8,12.5%,308.8,145.7,163.1,0.27,0.55,1.37,2.20,280.8,132.5,148.3,0.25,0.50,1.25,2.00,5,11,1.37,3.02,1.25,2.75
,,,Void.,Master,The Watchmen,The Comic Crusaders,Lunar,22.9,285,16,0.272,0.375,6,10,5472,2990,2482,9,11,23,39,23.1%,306.2,167.3,138.9,0.50,0.62,1.29,2.18,342.0,186.9,155.1,0.56,0.69,1.44,2.44,37,67,2.07,3.75,2.31,4.19
,,,Scottee,Master,"The Hamburgers
Panthers","North American Soccar Club
The Jungle",Solar,22.5,285,18,0.292,0.222,4,14,5493,3060,2433,10,12,22,36,27.8%,307.4,171.2,136.2,0.56,0.67,1.23,2.01,305.2,170.0,135.2,0.56,0.67,1.22,2.00,36,62,2.01,3.47,2.00,3.44
,,,Beans,Master,Mercury,Milky Way,Lunar,22.4,42,3,0.155,0.000,0,3,891,480,411,1,2,5,3,33.3%,338.4,182.3,156.1,0.38,0.76,1.90,1.14,297.0,160.0,137.0,0.33,0.67,1.67,1.00,3,9,1.14,3.42,1.00,3.00
,,,Sub5Ider,Master,"Mambas
Whiskits and Gravy","The Serpents
The Cat Cafe",Lunar,20.9,756,48,0.357,0.333,16,32,15354,7600,7754,21,22,71,85,24.7%,323.9,160.3,163.6,0.44,0.46,1.50,1.79,319.9,158.3,161.5,0.44,0.46,1.48,1.77,95,138,2.00,2.91,1.98,2.88
,,,Zebu,Master,Sabertooths,Polar Vortex,Lunar,20.5,691,40,0.524,0.525,21,19,13895,7510,6385,20,25,70,76,26.3%,320.7,173.3,147.4,0.46,0.58,1.62,1.75,347.4,187.8,159.6,0.50,0.63,1.75,1.90,100,94,2.31,2.17,2.50,2.35
,,,Prolly,Master,Mambas,The Serpents,Lunar,20.3,313,20,0.341,0.250,5,15,6429,3400,3029,9,9,34,35,25.7%,327.6,173.3,154.3,0.46,0.46,1.73,1.78,321.5,170.0,151.5,0.45,0.45,1.70,1.75,36,55,1.83,2.80,1.80,2.75
,,,Benji,Master,Ares,Olympus,Solar,19.2,272,18,0.338,0.278,5,13,5129,2870,2259,12,9,17,37,32.4%,300.8,168.3,132.5,0.70,0.53,1.00,2.17,284.9,159.4,125.5,0.67,0.50,0.94,2.06,37,56,2.17,3.28,2.06,3.11
,,,Starfax,Master,"Atomics
Care Bears","Fallout Shelter
The Bear Den",Solar,17.6,487,30,0.392,0.333,10,20,9053,5400,3653,19,14,41,75,25.3%,296.5,176.9,119.6,0.62,0.46,1.34,2.46,301.8,180.0,121.8,0.63,0.47,1.37,2.50,66,87,2.16,2.85,2.20,2.90
,,,Namdorin,Master,Pyromaniacs,The Asylum,Solar,17.3,68,5,0.240,0.200,1,4,1155,430,725,1,1,3,13,7.7%,270.9,100.9,170.0,0.23,0.23,0.70,3.05,231.0,86.0,145.0,0.20,0.20,0.60,2.60,5,11,1.17,2.58,1.00,2.20
,,,Ghost,Master,"Atomics
Care Bears","Fallout Shelter
The Bear Den",Solar,17.3,475,30,0.330,0.267,8,22,9053,4870,4183,15,17,39,57,26.3%,304.0,163.5,140.5,0.50,0.57,1.31,1.91,301.8,162.3,139.4,0.50,0.57,1.30,1.90,59,92,1.98,3.09,1.97,3.07
,,,Cearu,Master,Drones,The Swarm,Solar,17.1,57,4,0.352,0.250,1,3,1112,480,632,0,1,7,8,0.0%,311.2,134.3,176.8,0.00,0.28,1.96,2.24,278.0,120.0,158.0,0.00,0.25,1.75,2.00,6,9,1.68,2.52,1.50,2.25
,,,Sir Mcdouble,Master,Mercury,Milky Way,Lunar,16.5,139,8,0.464,0.250,2,6,2697,1620,1077,4,5,16,17,23.5%,309.5,185.9,123.6,0.46,0.57,1.84,1.95,337.1,202.5,134.6,0.50,0.63,2.00,2.13,21,23,2.41,2.64,2.63,2.88
,,,Aj,Master,Hot Dogs,Puppy Paradise,Solar,15.4,99,6,0.346,0.167,1,5,1776,970,806,1,5,10,12,8.3%,286.1,156.3,129.9,0.16,0.81,1.61,1.93,296.0,161.7,134.3,0.17,0.83,1.67,2.00,12,18,1.93,2.90,2.00,3.00
,,,Nova^-^,Master,Wendigos,The Forest,Solar,12.4,76,4,0.179,0.000,0,4,1480,800,680,3,1,7,10,30.0%,310.6,167.9,142.7,0.63,0.21,1.47,2.10,370.0,200.0,170.0,0.75,0.25,1.75,2.50,6,16,1.26,3.36,1.50,4.00
,,,Z-Clutch,Master,Soul,The Elements,Lunar,12.1,75,4,0.425,0.250,1,3,1446,1070,376,5,1,8,12,41.7%,307.5,227.5,80.0,1.06,0.21,1.70,2.55,361.5,267.5,94.0,1.25,0.25,2.00,3.00,9,11,1.91,2.34,2.25,2.75
,,,Alive,Master,Phantoms,The Shadows,Lunar,2.9,154,9,0.279,0.222,2,7,2442,1450,992,5,4,10,25,20.0%,252.9,150.2,102.7,0.52,0.41,1.04,2.59,271.3,161.1,110.2,0.56,0.44,1.11,2.78,17,31,1.76,3.21,1.89,3.44
,,,Flux,Master,Mercury,Milky Way,Lunar,0.6,64,4,0.168,0.000,0,4,1106,560,546,2,2,4,6,33.3%,275.6,139.6,136.1,0.50,0.50,1.00,1.50,276.5,140.0,136.5,0.50,0.50,1.00,1.50,6,16,1.50,3.99,1.50,4.00
,,,Argnor,Master,Helicoprions,Shark Attack,Lunar,-1.3,87,5,0.356,0.200,1,4,1670,960,710,3,2,10,6,50.0%,306.2,176.0,130.2,0.55,0.37,1.83,1.10,334.0,192.0,142.0,0.60,0.40,2.00,1.20,11,16,2.02,2.93,2.20,3.20
,,,Picasso,Master,"Blackout
Drones","Electric Mayhem
The Swarm",Solar,-2.7,406,25,0.336,0.240,6,19,6129,3410,2719,13,13,18,56,23.2%,240.8,134.0,106.8,0.51,0.51,0.71,2.20,245.2,136.4,108.8,0.52,0.52,0.72,2.24,53,81,2.08,3.18,2.12,3.24
,,,Buck,Master,The Hamburgers,North American Soccar Club,Solar,-10.7,275,16,0.328,0.375,6,10,4078,2050,2028,4,9,18,30,13.3%,236.5,118.9,117.6,0.23,0.52,1.04,1.74,254.9,128.1,126.8,0.25,0.56,1.13,1.88,28,45,1.62,2.61,1.75,2.81
,,,Marr,Master,Atomics,Fallout Shelter,Solar,-13.9,46,3,0.247,0.333,1,2,811,390,421,1,0,5,4,25.0%,281.2,135.2,146.0,0.35,0.00,1.73,1.39,270.3,130.0,140.3,0.33,0.00,1.67,1.33,5,10,1.73,3.47,1.67,3.33
,,,Bob,Master,The Watchmen,The Comic Crusaders,Lunar,-19.2,39,2,0.438,0.500,1,1,514,190,324,1,1,0,4,25.0%,210.2,77.7,132.5,0.41,0.41,0.00,1.64,257.0,95.0,162.0,0.50,0.50,0.00,2.00,6,7,2.45,2.86,3.00,3.50
,,,Pounce,Master,Ares,Olympus,Solar,-30.4,63,4,0.344,0.250,1,3,925,330,595,0,1,5,3,0.0%,234.2,83.5,150.6,0.00,0.25,1.27,0.76,231.3,82.5,148.8,0.00,0.25,1.25,0.75,8,12,2.03,3.04,2.00,3.00
,,,Suborneer,Major,Markhors,The Forest,Solar,100.4,186,12,0.595,0.500,6,6,5572,3370,2202,19,8,12,47,40.4%,454.8,275.1,179.7,1.55,0.65,0.98,3.84,464.3,280.8,183.5,1.58,0.67,1.00,3.92,38,30,3.10,2.45,3.17,2.50
,,,Ferrari404_,Major,Calico Crepes,The Cat Cafe,Solar,98.0,937,58,0.602,0.603,35,23,28241,17170,11071,92,45,72,212,43.4%,457.6,278.2,179.4,1.49,0.73,1.17,3.43,486.9,296.0,190.9,1.59,0.78,1.24,3.66,187,145,3.03,2.35,3.22,2.50
,,,Cryke,Major,Makos,Shark Attack,Lunar,96.5,916,60,0.769,0.817,49,11,25940,15420,10520,69,55,72,217,31.8%,429.9,255.6,174.4,1.14,0.91,1.19,3.60,432.3,257.0,175.3,1.15,0.92,1.20,3.62,196,91,3.25,1.51,3.27,1.52
,,,Dankestboi21,Major,King Ghidorah,Kaiju,Solar,91.6,52,4,0.540,0.500,2,2,1565,820,745,3,4,5,7,42.9%,456.9,239.4,217.5,0.88,1.17,1.46,2.04,391.3,205.0,186.3,0.75,1.00,1.25,1.75,11,10,3.21,2.92,2.75,2.50
,,,Sly,Major,Makos,Shark Attack,Lunar,88.8,81,5,0.420,0.200,1,4,2056,1330,726,8,4,2,23,34.8%,385.4,249.3,136.1,1.50,0.75,0.37,4.31,411.2,266.0,145.2,1.60,0.80,0.40,4.60,14,17,2.62,3.19,2.80,3.40
,,,Obijuankenoi,Major,Scorched Earth,The Soundtrack,Lunar,86.6,669,46,0.641,0.565,26,20,18214,11490,6724,60,31,47,159,37.7%,413.3,260.7,152.6,1.36,0.70,1.07,3.61,396.0,249.8,146.2,1.30,0.67,1.02,3.46,131,91,2.97,2.07,2.85,1.98
,,,Huey,Major,Cobras,The Serpents,Lunar,86.1,108,7,0.777,0.714,5,2,2993,1880,1113,8,8,10,18,44.4%,420.7,264.3,156.5,1.12,1.12,1.41,2.53,427.6,268.6,159.0,1.14,1.14,1.43,2.57,26,12,3.65,1.69,3.71,1.71
,,,Hawk Rl,Major,Gorillas,Planet of the Apes,Lunar,85.7,918,64,0.672,0.688,44,20,25569,14690,10879,66,46,77,194,34.0%,422.9,242.9,179.9,1.09,0.76,1.27,3.21,399.5,229.5,170.0,1.03,0.72,1.20,3.03,163,102,2.70,1.69,2.55,1.59
,,,Pana,Major,Equinox,The Cosmos,Solar,84.1,880,58,0.717,0.776,45,13,23675,14560,9115,72,47,62,191,37.7%,408.4,251.2,157.3,1.24,0.81,1.07,3.30,408.2,251.0,157.2,1.24,0.81,1.07,3.29,188,105,3.24,1.81,3.24,1.81
,,,Spiffy,Major,Tyrannosaurus,Dino Park,Lunar,80.7,248,18,0.551,0.556,10,8,6694,3990,2704,17,11,24,54,31.5%,409.8,244.3,165.5,1.04,0.67,1.47,3.31,371.9,221.7,150.2,0.94,0.61,1.33,3.00,41,36,2.51,2.20,2.28,2.00
,,,Boujee,Major,Midnight,The Shadows,Lunar,78.1,92,7,0.327,0.571,4,3,2652,1460,1192,4,6,13,11,36.4%,437.6,240.9,196.7,0.66,0.99,2.15,1.82,378.9,208.6,170.3,0.57,0.86,1.86,1.57,15,23,2.48,3.80,2.14,3.29
,,,Insta!,Major,Blaze,North American Soccar Club,Solar,76.2,890,59,0.570,0.576,34,25,24839,14420,10419,71,30,82,172,41.3%,423.7,246.0,177.7,1.21,0.51,1.40,2.93,421.0,244.4,176.6,1.20,0.51,1.39,2.92,151,126,2.58,2.15,2.56,2.14
,,,N8Bnsn,Major,Cobras,The Serpents,Lunar,74.5,987,64,0.639,0.641,41,23,26471,15660,10811,72,48,86,176,40.9%,407.2,240.9,166.3,1.11,0.74,1.32,2.71,413.6,244.7,168.9,1.13,0.75,1.34,2.75,197,138,3.03,2.12,3.08,2.16
,,,Kev,Major,Lynx,Polar Vortex,Lunar,74.2,935,60,0.649,0.683,41,19,24590,14430,10160,65,45,78,178,36.5%,399.3,234.3,165.0,1.06,0.73,1.27,2.89,409.8,240.5,169.3,1.08,0.75,1.30,2.97,180,122,2.92,1.98,3.00,2.03
,,,Eartharc2157,Major,Gladiators,The Sovereign,Lunar,74.1,868,61,0.547,0.525,32,29,23486,13770,9716,65,31,80,172,37.8%,410.8,240.8,169.9,1.14,0.54,1.40,3.01,385.0,225.7,159.3,1.07,0.51,1.31,2.82,154,137,2.69,2.40,2.52,2.25
,,,Blounti,Major,"Blaze
Shake Weights","North American Soccar Club
As Seen on TV!",Solar,74.0,462,30,0.478,0.400,12,18,13048,7460,5588,30,11,60,91,33.0%,428.8,245.1,183.6,0.99,0.36,1.97,2.99,434.9,248.7,186.3,1.00,0.37,2.00,3.03,70,74,2.30,2.43,2.33,2.47
,,,Leerg,Major,Equinox,The Cosmos,Solar,72.4,976,64,0.691,0.766,49,15,26278,14840,11438,67,46,84,164,40.9%,408.8,230.8,177.9,1.04,0.72,1.31,2.55,410.6,231.9,178.7,1.05,0.72,1.31,2.56,204,123,3.17,1.91,3.19,1.92
,,,Isuperioralpha,Major,Lynx,Polar Vortex,Lunar,70.6,796,52,0.685,0.692,36,16,19561,12810,6751,63,44,55,156,40.4%,373.1,244.3,128.8,1.20,0.84,1.05,2.98,376.2,246.3,129.8,1.21,0.85,1.06,3.00,166,102,3.17,1.95,3.19,1.96
,,,Lougi,Major,Nemesis,Olympus,Solar,69.1,660,43,0.476,0.512,22,21,16476,9730,6746,38,23,66,148,25.7%,379.0,223.8,155.2,0.87,0.53,1.52,3.40,383.2,226.3,156.9,0.88,0.53,1.53,3.44,93,99,2.14,2.28,2.16,2.30
,,,Saltybikini,Major,Dreadnoughts,The Empire,Solar,68.9,954,64,0.589,0.609,39,25,23330,13170,10160,53,48,71,192,27.6%,371.3,209.6,161.7,0.84,0.76,1.13,3.06,364.5,205.8,158.8,0.83,0.75,1.11,3.00,164,130,2.61,2.07,2.56,2.03
,,,Tdeez,Major,Equinox,The Cosmos,Solar,67.6,733,48,0.701,0.813,39,9,17994,11430,6564,52,38,59,138,37.7%,372.7,236.7,136.0,1.08,0.79,1.22,2.86,374.9,238.1,136.8,1.08,0.79,1.23,2.88,155,91,3.21,1.88,3.23,1.90
,,,Rollsroyceowner,Major,Gorillas,Planet of the Apes,Lunar,67.0,749,53,0.693,0.679,36,17,18817,10170,8647,35,40,68,127,27.6%,381.4,206.1,175.3,0.71,0.81,1.38,2.57,355.0,191.9,163.2,0.66,0.75,1.28,2.40,135,79,2.74,1.60,2.55,1.49
,,,Wheats541,Major,Lightning,Electric Mayhem,Lunar,67.0,588,39,0.549,0.538,21,18,14610,8790,5820,45,28,36,109,41.3%,377.2,227.0,150.3,1.16,0.72,0.93,2.81,374.6,225.4,149.2,1.15,0.72,0.92,2.79,103,91,2.66,2.35,2.64,2.33
,,,Thomasuh,Major,Equinox,The Cosmos,Solar,66.7,182,12,0.785,0.750,9,3,4355,2520,1835,6,14,19,27,22.2%,363.3,210.2,153.1,0.50,1.17,1.58,2.25,362.9,210.0,152.9,0.50,1.17,1.58,2.25,39,17,3.25,1.42,3.25,1.42
,,,Dj9856,Major,Lightning,Electric Mayhem,Lunar,66.4,966,63,0.507,0.492,31,32,24416,14610,9806,51,48,109,166,30.7%,383.7,229.6,154.1,0.80,0.75,1.71,2.61,387.6,231.9,155.7,0.81,0.76,1.73,2.63,162,159,2.55,2.50,2.57,2.52
,,,Icy,Major,Scorched Earth,The Soundtrack,Lunar,65.2,923,62,0.630,0.532,33,29,22969,13050,9919,52,48,78,155,33.5%,377.8,214.6,163.1,0.86,0.79,1.28,2.55,370.5,210.5,160.0,0.84,0.77,1.26,2.50,180,129,2.96,2.12,2.90,2.08
,,,Wüstenspinne,Major,Nemesis,Olympus,Solar,64.4,490,31,0.475,0.452,14,17,12000,7130,4870,32,19,40,98,32.7%,371.8,220.9,150.9,0.99,0.59,1.24,3.04,387.1,230.0,157.1,1.03,0.61,1.29,3.16,78,83,2.42,2.57,2.52,2.68
,,,Shechoserennit,Major,"King Ghidorah
Midnight","Kaiju
The Shadows",Lunar,63.7,720,47,0.461,0.426,20,27,17501,9740,7761,34,31,68,139,24.5%,369.0,205.4,163.6,0.72,0.65,1.43,2.93,372.4,207.2,165.1,0.72,0.66,1.45,2.96,105,116,2.21,2.45,2.23,2.47
,,,Keiko,Major,Seadevils,The Abyss,Lunar,63.6,765,53,0.497,0.547,29,24,19520,11510,8010,50,23,78,146,34.2%,387.4,228.4,159.0,0.99,0.46,1.55,2.90,368.3,217.2,151.1,0.94,0.43,1.47,2.75,123,124,2.44,2.46,2.32,2.34
,,,Lipidlloyd,Major,King Ghidorah,Kaiju,Solar,63.5,498,32,0.500,0.438,14,18,11553,6540,5013,26,28,32,94,27.7%,352.2,199.4,152.8,0.79,0.85,0.98,2.87,361.0,204.4,156.7,0.81,0.88,1.00,2.94,83,83,2.53,2.53,2.59,2.59
,,,The_Magic98498,Major,Markhors,The Forest,Solar,62.2,673,44,0.531,0.500,22,22,16151,9720,6431,39,37,57,112,34.8%,364.3,219.3,145.1,0.88,0.83,1.29,2.53,367.1,220.9,146.2,0.89,0.84,1.30,2.55,124,115,2.80,2.59,2.82,2.61
,,,Generalzippy,Major,Water,The Elements,Lunar,62.1,478,34,0.528,0.500,17,17,11991,6900,5091,26,18,51,85,30.6%,380.8,219.1,161.7,0.83,0.57,1.62,2.70,352.7,202.9,149.7,0.76,0.53,1.50,2.50,72,67,2.29,2.13,2.12,1.97
,,,Gotmott,Major,Typhoons,Storm,Solar,61.1,1051,64,0.628,0.625,40,24,26184,15080,11104,64,38,98,188,34.0%,378.2,217.8,160.4,0.92,0.55,1.42,2.72,409.1,235.6,173.5,1.00,0.59,1.53,2.94,175,124,2.53,1.79,2.73,1.94
,,,Revrampage,Major,Lynx,Polar Vortex,Lunar,61.0,779,49,0.631,0.633,31,18,18491,10530,7961,41,34,65,148,27.7%,360.4,205.2,155.1,0.80,0.66,1.27,2.88,377.4,214.9,162.5,0.84,0.69,1.33,3.02,146,104,2.85,2.03,2.98,2.12
,,,Frostybrew,Major,Typhoons,Storm,Solar,60.5,973,60,0.630,0.617,37,23,23569,13990,9579,57,39,91,179,31.8%,367.7,218.3,149.5,0.89,0.61,1.42,2.79,392.8,233.2,159.7,0.95,0.65,1.52,2.98,163,115,2.54,1.79,2.72,1.92
,,,Tterb86,Major,Gladiators,The Sovereign,Lunar,60.2,896,63,0.551,0.524,33,30,21907,11860,10047,46,37,77,156,29.5%,371.2,201.0,170.2,0.78,0.63,1.30,2.64,347.7,188.3,159.5,0.73,0.59,1.22,2.48,158,139,2.68,2.36,2.51,2.21
,,,Isaac13003,Major,Dreadnoughts,The Empire,Solar,60.2,871,58,0.612,0.621,36,22,21160,12580,8580,62,29,65,168,36.9%,368.8,219.3,149.6,1.08,0.51,1.13,2.93,364.8,216.9,147.9,1.07,0.50,1.12,2.90,153,114,2.67,1.99,2.64,1.97
,,,Therogerseffect,Major,Contras,8-Bit Brigade,Lunar,60.1,892,59,0.469,0.492,29,30,22185,13030,9155,50,34,96,153,32.7%,377.6,221.8,155.8,0.85,0.58,1.63,2.60,376.0,220.8,155.2,0.85,0.58,1.63,2.59,134,145,2.28,2.47,2.27,2.46
,,,Hot Chocolate,Major,Seadevils,The Abyss,Lunar,59.0,519,36,0.399,0.444,16,20,12506,7100,5406,29,22,44,90,32.2%,365.8,207.7,158.1,0.85,0.64,1.29,2.63,347.4,197.2,150.2,0.81,0.61,1.22,2.50,75,97,2.19,2.84,2.08,2.69
,,,Tinsel,Major,Menthol,Minty Fresh,Solar,58.8,165,10,0.257,0.200,2,8,4136,2350,1786,12,2,14,35,34.3%,380.6,216.2,164.3,1.10,0.18,1.29,3.22,413.6,235.0,178.6,1.20,0.20,1.40,3.50,16,32,1.47,2.94,1.60,3.20
,,,Flyxzic,Major,Dreadnoughts,The Empire,Solar,58.7,269,18,0.625,0.667,12,6,6416,3410,3006,11,10,26,51,21.6%,362.1,192.5,169.7,0.62,0.56,1.47,2.88,356.4,189.4,167.0,0.61,0.56,1.44,2.83,46,33,2.60,1.86,2.56,1.83
,,,Bananalytics,Major,Grizzly Bears,The Bear Den,Lunar,58.4,985,63,0.502,0.508,32,31,25294,14530,10764,61,27,109,163,37.4%,389.9,223.9,165.9,0.94,0.42,1.68,2.51,401.5,230.6,170.9,0.97,0.43,1.73,2.59,160,159,2.47,2.45,2.54,2.52
,,,Skepsis,Major,Cobras,The Serpents,Lunar,58.4,811,52,0.613,0.615,32,20,20541,12230,8311,54,28,83,128,42.2%,384.5,228.9,155.6,1.01,0.52,1.55,2.40,395.0,235.2,159.8,1.04,0.54,1.60,2.46,156,117,2.92,2.19,3.00,2.25
,,,Snowyfeather,Major,Calzones,Fifty-Fifty Pizzeria,Lunar,58.3,57,4,0.269,0.000,0,4,1489,900,589,4,1,7,10,40.0%,396.6,239.7,156.9,1.07,0.27,1.86,2.66,372.3,225.0,147.3,1.00,0.25,1.75,2.50,7,13,1.86,3.46,1.75,3.25
,,,Momed09,Major,Fantastic Four,The Comic Crusaders,Lunar,58.1,499,35,0.342,0.400,14,21,12009,6920,5089,29,20,43,87,33.3%,365.4,210.5,154.8,0.88,0.61,1.31,2.65,343.1,197.7,145.4,0.83,0.57,1.23,2.49,73,109,2.22,3.32,2.09,3.11
,,,Hexzy,Major,Makos,Shark Attack,Lunar,57.6,973,63,0.737,0.762,48,15,22353,13550,8803,66,37,63,195,33.8%,348.8,211.4,137.4,1.03,0.58,0.98,3.04,354.8,215.1,139.7,1.05,0.59,1.00,3.10,204,106,3.18,1.65,3.24,1.68
,,,Grand Kane,Major,Psychotics,The Asylum,Solar,57.6,640,44,0.492,0.500,22,22,15900,8370,7530,34,19,58,112,30.4%,377.2,198.5,178.6,0.81,0.45,1.38,2.66,361.4,190.2,171.1,0.77,0.43,1.32,2.55,91,93,2.16,2.21,2.07,2.11
,,,Capone,Major,Scorched Earth,The Soundtrack,Lunar,56.2,942,63,0.637,0.540,34,29,21502,12450,9052,47,53,72,150,31.3%,346.5,200.6,145.9,0.76,0.85,1.16,2.42,341.3,197.6,143.7,0.75,0.84,1.14,2.38,181,127,2.92,2.05,2.87,2.02
,,,Dav,Major,Calico Crepes,The Cat Cafe,Solar,55.6,947,60,0.610,0.633,38,22,21008,12420,8588,54,48,58,172,31.4%,336.8,199.1,137.7,0.87,0.77,0.93,2.76,350.1,207.0,143.1,0.90,0.80,0.97,2.87,190,144,3.05,2.31,3.17,2.40
,,,Monkey,Major,Yellow Jackets,The Swarm,Solar,55.0,947,59,0.523,0.593,35,24,21442,12810,8632,49,43,81,171,28.7%,343.7,205.4,138.4,0.79,0.69,1.30,2.74,363.4,217.1,146.3,0.83,0.73,1.37,2.90,156,147,2.50,2.36,2.64,2.49
,,,Stone-Dog Millionaire,Major,Grizzly Bears,The Bear Den,Lunar,54.9,109,8,0.649,0.625,5,3,2306,1090,1216,3,7,5,19,15.8%,321.2,151.8,169.4,0.42,0.97,0.70,2.65,288.3,136.3,152.0,0.38,0.88,0.63,2.38,22,15,3.06,2.09,2.75,1.88
,,,Xiluym,Major,Calzones,Fifty-Fifty Pizzeria,Lunar,54.8,661,43,0.350,0.395,17,26,16387,8900,7487,33,16,73,115,28.7%,376.4,204.4,172.0,0.76,0.37,1.68,2.64,381.1,207.0,174.1,0.77,0.37,1.70,2.67,82,122,1.88,2.80,1.91,2.84
,,,Trace,Major,Scorched Earth,The Soundtrack,Lunar,54.5,328,21,0.538,0.429,9,12,7579,4500,3079,23,12,20,60,38.3%,350.8,208.3,142.5,1.06,0.56,0.93,2.78,360.9,214.3,146.6,1.10,0.57,0.95,2.86,54,49,2.50,2.27,2.57,2.33
,,,Alpha,Major,Mastiffs,Puppy Paradise,Solar,54.2,900,56,0.560,0.518,29,27,20470,11620,8850,44,38,74,162,27.2%,345.3,196.0,149.3,0.74,0.64,1.25,2.73,365.5,207.5,158.0,0.79,0.68,1.32,2.89,154,132,2.60,2.23,2.75,2.36
,,,Riskay_Rl,Major,"Water
Cobras","The Elements
The Serpents",Lunar,53.8,361,24,0.566,0.583,14,10,8426,5040,3386,20,13,35,64,31.3%,354.4,212.0,142.4,0.84,0.55,1.47,2.69,351.1,210.0,141.1,0.83,0.54,1.46,2.67,65,55,2.73,2.31,2.71,2.29
,,,Big Boi Johnny,Major,Gorillas,Planet of the Apes,Lunar,53.7,537,36,0.705,0.722,26,10,12517,7160,5357,33,21,38,91,36.3%,353.9,202.4,151.4,0.93,0.59,1.07,2.57,347.7,198.9,148.8,0.92,0.58,1.06,2.53,99,56,2.80,1.58,2.75,1.56
,,,A Pile Of Glue,Major,"Markhors
Fantastic Four","The Forest
The Comic Crusaders",Solar,53.0,745,51,0.471,0.490,25,26,17967,9880,8087,42,30,62,108,38.9%,366.1,201.3,164.8,0.86,0.61,1.26,2.20,352.3,193.7,158.6,0.82,0.59,1.22,2.12,119,128,2.42,2.61,2.33,2.51
,,,Marcus.,Major,"Lightning
Lynx
Piranhas","Electric Mayhem
Polar Vortex
The Jungle",Solar,52.8,561,36,0.385,0.417,15,21,13232,7200,6032,27,17,53,100,27.0%,358.1,194.8,163.2,0.73,0.46,1.43,2.71,367.6,200.0,167.6,0.75,0.47,1.47,2.78,74,100,2.00,2.71,2.06,2.78
,,,Ghaleon,Major,"Shake Weights
Markhors
Water
Mars
Menthol","As Seen on TV!
The Forest
The Elements
Milky Way
Minty Fresh",Solar,52.6,774,50,0.400,0.360,18,32,17452,8860,8592,28,33,61,136,20.6%,342.3,173.8,168.5,0.55,0.65,1.20,2.67,349.0,177.2,171.8,0.56,0.66,1.22,2.72,104,135,2.04,2.65,2.08,2.70
,,,Revolution,Major,Makos,Shark Attack,Lunar,52.4,985,64,0.738,0.766,49,15,21684,13220,8464,64,42,58,182,35.2%,334.2,203.8,130.5,0.99,0.65,0.89,2.81,338.8,206.6,132.3,1.00,0.66,0.91,2.84,207,107,3.19,1.65,3.23,1.67
,,,Slygo21,Major,Blaze,North American Soccar Club,Solar,52.2,890,58,0.556,0.569,33,25,20110,11140,8970,41,40,71,149,27.5%,343.0,190.0,153.0,0.70,0.68,1.21,2.54,346.7,192.1,154.7,0.71,0.69,1.22,2.57,149,129,2.54,2.20,2.57,2.22
,,,Huntsman,Major,Yellow Jackets,The Swarm,Solar,52.1,759,47,0.599,0.617,29,18,17626,10170,7456,48,21,58,142,33.8%,352.6,203.4,149.1,0.96,0.42,1.16,2.84,375.0,216.4,158.6,1.02,0.45,1.23,3.02,132,102,2.64,2.04,2.81,2.17
,,,Kaeso Clarus,Major,Cobras,The Serpents,Lunar,52.0,937,61,0.650,0.656,40,21,21031,12770,8261,55,45,70,152,36.2%,340.8,206.9,133.8,0.89,0.73,1.13,2.46,344.8,209.3,135.4,0.90,0.74,1.15,2.49,190,129,3.08,2.09,3.11,2.11
,,,Pas818,Major,"Dreadnoughts
Shake Weights","The Empire
As Seen on TV!",Solar,51.8,731,49,0.601,0.592,29,20,16700,9340,7360,38,29,57,124,30.6%,346.8,194.0,152.9,0.79,0.60,1.18,2.58,340.8,190.6,150.2,0.78,0.59,1.16,2.53,130,100,2.70,2.08,2.65,2.04
,,,Ty (Arcus),Major,"Mastiffs
Calzones","Puppy Paradise
Fifty-Fifty Pizzeria",Solar,51.4,809,52,0.509,0.519,27,25,19140,11180,7960,46,31,76,123,37.4%,359.2,209.8,149.4,0.86,0.58,1.43,2.31,368.1,215.0,153.1,0.88,0.60,1.46,2.37,127,124,2.38,2.33,2.44,2.38
,,,Robertz,Major,Mars,Milky Way,Lunar,51.2,787,50,0.516,0.540,27,23,17613,10500,7113,47,31,57,140,33.6%,339.8,202.6,137.2,0.91,0.60,1.10,2.70,352.3,210.0,142.3,0.94,0.62,1.14,2.80,127,122,2.45,2.35,2.54,2.44
,,,Jordton,Major,Yellow Jackets,The Swarm,Solar,51.2,895,55,0.548,0.600,33,22,20774,11910,8864,49,31,79,151,32.5%,352.4,202.0,150.4,0.83,0.53,1.34,2.56,377.7,216.5,161.2,0.89,0.56,1.44,2.75,148,131,2.51,2.22,2.69,2.38
,,,Zro.,Major,Calico Crepes,The Cat Cafe,Solar,51.1,730,47,0.657,0.681,32,15,15943,9600,6343,39,33,55,130,30.0%,331.6,199.6,131.9,0.81,0.69,1.14,2.70,339.2,204.3,135.0,0.83,0.70,1.17,2.77,154,103,3.20,2.14,3.28,2.19
,,,Liducin,Major,Rockets,Fallout Shelter,Solar,50.8,792,55,0.288,0.218,12,43,19410,9960,9450,33,24,86,116,28.4%,372.1,190.9,181.1,0.63,0.46,1.65,2.22,352.9,181.1,171.8,0.60,0.44,1.56,2.11,97,171,1.86,3.28,1.76,3.11
,,,Mcchicky,Major,Psychotics,The Asylum,Solar,50.5,853,60,0.484,0.500,30,30,20175,11170,9005,43,25,84,142,30.3%,359.1,198.8,160.3,0.77,0.44,1.50,2.53,336.3,186.2,150.1,0.72,0.42,1.40,2.37,119,124,2.12,2.21,1.98,2.07
,,,Blue Eyes Thunder Thighs,Major,Gladiators,The Sovereign,Lunar,50.4,769,54,0.540,0.519,28,26,17367,9830,7537,38,36,61,118,32.2%,342.9,194.1,148.8,0.75,0.71,1.20,2.33,321.6,182.0,139.6,0.70,0.67,1.13,2.19,134,121,2.65,2.39,2.48,2.24
,,,Critical,Major,"King Ghidorah
Water","Kaiju
The Elements",Solar,50.1,370,23,0.466,0.304,7,16,8816,5190,3626,21,11,39,59,35.6%,361.7,213.0,148.8,0.86,0.45,1.60,2.42,383.3,225.7,157.7,0.91,0.48,1.70,2.57,54,59,2.22,2.42,2.35,2.57
,,,Spoilt,Major,Contras,8-Bit Brigade,Lunar,50.0,961,63,0.479,0.492,31,32,22934,12740,10194,58,27,81,154,37.7%,362.3,201.3,161.0,0.92,0.43,1.28,2.43,364.0,202.2,161.8,0.92,0.43,1.29,2.44,147,155,2.32,2.45,2.33,2.46
,,,Chit,Major,Seadevils,The Abyss,Lunar,50.0,735,50,0.497,0.540,27,23,16763,9350,7413,34,31,65,115,29.6%,346.2,193.1,153.1,0.70,0.64,1.34,2.38,335.3,187.0,148.3,0.68,0.62,1.30,2.30,121,122,2.50,2.52,2.42,2.44
,,,Changswrld,Major,Mars,Milky Way,Lunar,48.8,598,39,0.479,0.462,18,21,13476,7840,5636,34,20,48,104,32.7%,342.1,199.0,143.1,0.86,0.51,1.22,2.64,345.5,201.0,144.5,0.87,0.51,1.23,2.67,92,97,2.34,2.46,2.36,2.49
,,,Sauceoninfinity,Major,King Ghidorah,Kaiju,Solar,48.2,303,19,0.595,0.474,9,10,6542,4150,2392,20,14,19,50,40.0%,327.8,207.9,119.8,1.00,0.70,0.95,2.51,344.3,218.4,125.9,1.05,0.74,1.00,2.63,56,44,2.81,2.20,2.95,2.32
,,,Rebel,Major,"King Ghidorah
Markhors","Kaiju
The Forest",Solar,47.7,233,15,0.351,0.400,6,9,5046,2450,2596,8,5,18,50,16.0%,328.8,159.6,169.1,0.52,0.33,1.17,3.26,336.4,163.3,173.1,0.53,0.33,1.20,3.33,26,39,1.69,2.54,1.73,2.60
,,,Half A Head Of Lettuce,Major,Mars,Milky Way,Lunar,47.5,776,50,0.475,0.480,24,26,16995,9800,7195,41,29,58,135,30.4%,332.5,191.7,140.8,0.80,0.57,1.13,2.64,339.9,196.0,143.9,0.82,0.58,1.16,2.70,126,134,2.47,2.62,2.52,2.68
,,,Skizzbo,Major,Psychotics,The Asylum,Solar,47.5,913,64,0.474,0.484,31,33,20566,11450,9116,38,35,89,145,26.2%,342.0,190.4,151.6,0.63,0.58,1.48,2.41,321.3,178.9,142.4,0.59,0.55,1.39,2.27,125,134,2.08,2.23,1.95,2.09
,,,Bama45,Major,Mastiffs,Puppy Paradise,Solar,47.3,971,60,0.520,0.500,30,30,21208,12890,8318,65,31,61,179,36.3%,331.6,201.5,130.1,1.02,0.48,0.95,2.80,353.5,214.8,138.6,1.08,0.52,1.02,2.98,160,152,2.50,2.38,2.67,2.53
,,,Lucky,Major,Trashcans,Waste Management,Solar,47.2,581,37,0.421,0.459,17,20,12628,6980,5648,28,19,43,108,25.9%,330.0,182.4,147.6,0.73,0.50,1.12,2.82,341.3,188.6,152.6,0.76,0.51,1.16,2.92,73,90,1.91,2.35,1.97,2.43
,,,Chill,Major,Blaze,North American Soccar Club,Solar,47.1,703,47,0.579,0.596,28,19,14917,8720,6197,30,36,56,112,26.8%,322.1,188.3,133.8,0.65,0.78,1.21,2.42,317.4,185.5,131.9,0.64,0.77,1.19,2.38,119,97,2.57,2.09,2.53,2.06
,,,Cr0Ck,Major,King Ghidorah,Kaiju,Solar,46.7,513,33,0.430,0.394,13,20,11355,6450,4905,27,14,42,95,28.4%,336.0,190.9,145.2,0.80,0.41,1.24,2.81,344.1,195.5,148.6,0.82,0.42,1.27,2.88,78,93,2.31,2.75,2.36,2.82
,,,Ukcats,Major,Contras,8-Bit Brigade,Lunar,46.1,265,18,0.474,0.389,7,11,6228,3280,2948,10,13,27,28,35.7%,356.8,187.9,168.9,0.57,0.74,1.55,1.60,346.0,182.2,163.8,0.56,0.72,1.50,1.56,45,48,2.58,2.75,2.50,2.67
,,,Agrotyrex,Major,Grizzly Bears,The Bear Den,Lunar,45.8,675,43,0.515,0.512,22,21,14682,8580,6102,38,30,45,103,36.9%,330.2,193.0,137.2,0.85,0.67,1.01,2.32,341.4,199.5,141.9,0.88,0.70,1.05,2.40,109,105,2.45,2.36,2.53,2.44
,,,Feener,Major,"Calzones
Midnight","Fifty-Fifty Pizzeria
The Shadows",Lunar,45.7,630,41,0.337,0.366,15,26,13867,7420,6447,22,24,60,102,21.6%,334.2,178.8,155.4,0.53,0.58,1.45,2.46,338.2,181.0,157.2,0.54,0.59,1.46,2.49,75,116,1.81,2.80,1.83,2.83
,,,Md,Major,Midnight,The Shadows,Lunar,45.4,764,53,0.412,0.453,24,29,17302,9370,7932,41,16,62,137,29.9%,343.8,186.2,157.6,0.81,0.32,1.23,2.72,326.5,176.8,149.7,0.77,0.30,1.17,2.58,105,132,2.09,2.62,1.98,2.49
,,,Sea Punk,Major,Mars,Milky Way,Lunar,45.1,774,49,0.487,0.510,25,24,16876,9470,7406,33,29,69,127,26.0%,331.0,185.7,145.3,0.65,0.57,1.35,2.49,344.4,193.3,151.1,0.67,0.59,1.41,2.59,118,122,2.31,2.39,2.41,2.49
,,,Catnipjunky,Major,Typhoons,Storm,Solar,44.8,864,52,0.633,0.615,32,20,18529,10800,7729,47,26,64,160,29.4%,325.6,189.8,135.8,0.83,0.46,1.12,2.81,356.3,207.7,148.6,0.90,0.50,1.23,3.08,142,99,2.50,1.74,2.73,1.90
,,,Squishysquirrel,Major,Water,The Elements,Lunar,43.9,64,4,0.540,0.500,2,2,1254,820,434,4,3,3,12,33.3%,297.5,194.5,103.0,0.95,0.71,0.71,2.85,313.5,205.0,108.5,1.00,0.75,0.75,3.00,10,9,2.37,2.13,2.50,2.25
,,,Donald,Major,Markhors,The Forest,Solar,43.4,947,63,0.502,0.492,31,32,21194,11780,9414,50,26,79,153,32.7%,339.8,188.8,150.9,0.80,0.42,1.27,2.45,336.4,187.0,149.4,0.79,0.41,1.25,2.43,165,164,2.65,2.63,2.62,2.60
,,,Euronate,Major,Trashcans,Waste Management,Solar,43.4,835,53,0.389,0.453,24,29,18184,9690,8494,32,27,75,139,23.0%,330.6,176.2,154.4,0.58,0.49,1.36,2.53,343.1,182.8,160.3,0.60,0.51,1.42,2.62,102,137,1.85,2.49,1.92,2.58
,,,Willymoesr,Major,Water,The Elements,Lunar,42.3,745,50,0.434,0.360,18,32,17102,8910,8192,29,21,78,106,27.4%,348.5,181.6,166.9,0.59,0.43,1.59,2.16,342.0,178.2,163.8,0.58,0.42,1.56,2.12,108,128,2.20,2.61,2.16,2.56
,,,Bosnia_2003,Major,Water,The Elements,Lunar,42.0,913,62,0.467,0.419,26,36,19477,10730,8747,45,32,63,148,30.4%,323.9,178.4,145.4,0.75,0.53,1.05,2.46,314.1,173.1,141.1,0.73,0.52,1.02,2.39,135,147,2.24,2.44,2.18,2.37
,,,Gillz,Major,Shake Weights,As Seen on TV!,Solar,41.6,599,40,0.378,0.350,14,26,12455,7120,5335,27,22,46,102,26.5%,315.7,180.5,135.2,0.68,0.56,1.17,2.59,311.4,178.0,133.4,0.68,0.55,1.15,2.55,80,110,2.03,2.79,2.00,2.75
,,,Nighthawk,Major,Midnight,The Shadows,Lunar,41.4,744,52,0.422,0.442,23,29,16249,9110,7139,35,28,63,106,33.0%,331.6,185.9,145.7,0.71,0.57,1.29,2.16,312.5,175.2,137.3,0.67,0.54,1.21,2.04,109,133,2.22,2.71,2.10,2.56
,,,Impalerv,Major,Lightning,Electric Mayhem,Lunar,41.1,870,57,0.508,0.509,29,28,19128,10820,8308,46,29,70,127,36.2%,333.8,188.8,145.0,0.80,0.51,1.22,2.22,335.6,189.8,145.8,0.81,0.51,1.23,2.23,146,143,2.55,2.50,2.56,2.51
,,,Joez711529,Major,Menthol,Minty Fresh,Solar,40.2,888,56,0.381,0.429,24,32,18870,10360,8510,43,27,65,146,29.5%,322.6,177.1,145.5,0.74,0.46,1.11,2.50,337.0,185.0,152.0,0.77,0.48,1.16,2.61,106,146,1.81,2.50,1.89,2.61
,,,Eightfingers,Major,Calico Crepes,The Cat Cafe,Solar,39.5,240,17,0.548,0.647,11,6,4400,2510,1890,8,14,12,41,19.5%,278.3,158.8,119.6,0.51,0.89,0.76,2.59,258.8,147.6,111.2,0.47,0.82,0.71,2.41,44,39,2.78,2.47,2.59,2.29
,,,Surge,Major,"Piranhas
Mastiffs","The Jungle
Puppy Paradise",Solar,39.2,639,40,0.481,0.425,17,23,14028,7860,6168,28,20,63,91,30.8%,333.3,186.7,146.5,0.67,0.48,1.50,2.16,350.7,196.5,154.2,0.70,0.50,1.58,2.28,98,103,2.33,2.45,2.45,2.58
,,,Frickin Alex,Major,Tyrannosaurus,Dino Park,Lunar,39.2,930,62,0.364,0.371,23,39,19766,10680,9086,43,19,75,168,25.6%,322.7,174.3,148.3,0.70,0.31,1.22,2.74,318.8,172.3,146.5,0.69,0.31,1.21,2.71,115,165,1.88,2.69,1.85,2.66
,,,Djras1996,Major,Shake Weights,As Seen on TV!,Solar,38.8,363,23,0.392,0.391,9,14,7951,4580,3371,20,8,32,58,34.5%,332.5,191.5,141.0,0.84,0.33,1.34,2.43,345.7,199.1,146.6,0.87,0.35,1.39,2.52,50,66,2.09,2.76,2.17,2.87
,,,Ziggy.,Major,Markhors,The Forest,Solar,38.7,175,12,0.354,0.333,4,8,3351,1830,1521,8,9,6,28,28.6%,290.7,158.8,132.0,0.69,0.78,0.52,2.43,279.3,152.5,126.8,0.67,0.75,0.50,2.33,24,35,2.08,3.04,2.00,2.92
,,,Dbowden10,Major,Menthol,Minty Fresh,Solar,38.1,81,4,0.407,0.500,2,2,1517,950,567,2,6,7,10,20.0%,284.3,178.1,106.3,0.37,1.12,1.31,1.87,379.3,237.5,141.8,0.50,1.50,1.75,2.50,11,14,2.06,2.62,2.75,3.50
,,,Bravenewwrld,Major,King Ghidorah,Kaiju,Solar,37.1,959,61,0.473,0.393,24,37,19642,11540,8102,50,34,67,149,33.6%,310.9,182.7,128.3,0.79,0.54,1.06,2.36,322.0,189.2,132.8,0.82,0.56,1.10,2.44,154,165,2.44,2.61,2.52,2.70
,,,Shankster,Major,"Rockets
Mastiffs","Fallout Shelter
Puppy Paradise",Solar,36.4,454,32,0.282,0.188,6,26,9430,5170,4260,23,13,30,72,31.9%,315.3,172.9,142.5,0.77,0.43,1.00,2.41,294.7,161.6,133.1,0.72,0.41,0.94,2.25,54,97,1.81,3.24,1.69,3.03
,,,Irregularguy,Major,"Piranhas
Calzones","The Jungle
Fifty-Fifty Pizzeria",Solar,36.3,667,45,0.371,0.356,16,29,14388,7820,6568,34,15,53,102,33.3%,327.5,178.0,149.5,0.77,0.34,1.21,2.32,319.7,173.8,146.0,0.76,0.33,1.18,2.27,80,113,1.82,2.57,1.78,2.51
,,,Ryanawesome_,Major,Grizzly Bears,The Bear Den,Lunar,35.8,841,54,0.494,0.500,27,27,17251,10210,7041,42,29,66,126,33.3%,311.4,184.3,127.1,0.76,0.52,1.19,2.27,319.5,189.1,130.4,0.78,0.54,1.22,2.33,135,137,2.44,2.47,2.50,2.54
,,,Bdbr,Major,Nemesis,Olympus,Solar,35.8,990,64,0.479,0.516,33,31,20901,11650,9251,44,34,84,135,32.6%,320.5,178.7,141.9,0.67,0.52,1.29,2.07,326.6,182.0,144.5,0.69,0.53,1.31,2.11,146,154,2.24,2.36,2.28,2.41
,,,P0L1K,Major,Contras,8-Bit Brigade,Lunar,35.7,782,50,0.483,0.520,26,24,16195,8660,7535,29,26,66,116,25.0%,314.4,168.1,146.3,0.56,0.50,1.28,2.25,323.9,173.2,150.7,0.58,0.52,1.32,2.32,113,118,2.19,2.29,2.26,2.36
,,,Robwobwob,Major,"Fantastic Four
King Ghidorah
Rockets","The Comic Crusaders
Kaiju
Fallout Shelter",Solar,35.2,486,32,0.247,0.156,5,27,9962,5630,4332,19,14,45,78,24.4%,311.2,175.9,135.3,0.59,0.44,1.41,2.44,311.3,175.9,135.4,0.59,0.44,1.41,2.44,56,112,1.75,3.50,1.75,3.50
,,,Suckiest Sucker,Major,Fantastic Four,The Comic Crusaders,Lunar,35.2,465,33,0.332,0.364,12,21,10020,5130,4890,21,13,35,63,33.3%,327.1,167.5,159.7,0.69,0.42,1.14,2.06,303.6,155.5,148.2,0.64,0.39,1.06,1.91,65,100,2.12,3.26,1.97,3.03
,,,Gote,Major,Tyrannosaurus,Dino Park,Lunar,34.4,693,47,0.405,0.362,17,30,13469,7340,6129,23,30,50,104,22.1%,295.1,160.8,134.3,0.50,0.66,1.10,2.28,286.6,156.2,130.4,0.49,0.64,1.06,2.21,93,119,2.04,2.61,1.98,2.53
,,,Syko Legends,Major,Water,The Elements,Lunar,34.4,195,12,0.332,0.167,2,10,4270,2610,1660,15,2,14,31,48.4%,332.4,203.2,129.2,1.17,0.16,1.09,2.41,355.8,217.5,138.3,1.25,0.17,1.17,2.58,28,43,2.18,3.35,2.33,3.58
,,,Kouki,Major,"Piranhas
Blaze","The Jungle
North American Soccar Club",Solar,34.4,629,44,0.532,0.477,21,23,13343,7240,6103,30,17,50,89,33.7%,322.0,174.7,147.3,0.72,0.41,1.21,2.15,303.3,164.5,138.7,0.68,0.39,1.14,2.02,102,94,2.46,2.27,2.32,2.14
,,,Chronic Lies,Major,Yellow Jackets,The Swarm,Solar,34.1,501,31,0.408,0.452,14,17,10870,6080,4790,25,12,46,68,36.8%,329.4,184.2,145.1,0.76,0.36,1.39,2.06,350.6,196.1,154.5,0.81,0.39,1.48,2.19,77,97,2.33,2.94,2.48,3.13
,,,Qudron,Major,Trashcans,Waste Management,Solar,33.7,777,52,0.431,0.481,25,27,15429,7980,7449,28,23,55,128,21.9%,301.5,155.9,145.5,0.55,0.45,1.07,2.50,296.7,153.5,143.3,0.54,0.44,1.06,2.46,99,119,1.93,2.33,1.90,2.29
,,,Mrbastian2022,Major,Grizzly Bears,The Bear Den,Lunar,33.3,387,24,0.424,0.417,10,14,7627,4660,2967,19,13,30,61,31.1%,299.2,182.8,116.4,0.75,0.51,1.18,2.39,317.8,194.2,123.6,0.79,0.54,1.25,2.54,63,76,2.47,2.98,2.63,3.17
,,,Sabre,Major,Midnight,The Shadows,Lunar,32.6,590,40,0.380,0.400,16,24,12207,6850,5357,24,21,53,75,32.0%,314.1,176.3,137.8,0.62,0.54,1.36,1.93,305.2,171.3,133.9,0.60,0.53,1.33,1.88,79,108,2.03,2.78,1.98,2.70
,,,Rob Bee,Major,Dreadnoughts,The Empire,Solar,31.6,353,24,0.521,0.583,14,10,7407,4210,3197,16,10,33,46,34.8%,318.6,181.1,137.5,0.69,0.43,1.42,1.98,308.6,175.4,133.2,0.67,0.42,1.38,1.92,57,54,2.45,2.32,2.38,2.25
,,,Galico,Major,"Calico Crepes
Piranhas","The Cat Cafe
The Jungle",Solar,31.6,660,44,0.401,0.364,16,28,13757,7480,6277,27,21,58,83,32.5%,316.4,172.1,144.4,0.62,0.48,1.33,1.91,312.7,170.0,142.7,0.61,0.48,1.32,1.89,93,120,2.14,2.76,2.11,2.73
,,,Poetik,Major,Gorillas,Planet of the Apes,Lunar,31.4,550,39,0.609,0.667,26,13,10892,6440,4452,29,14,39,89,32.6%,300.7,177.8,122.9,0.80,0.39,1.08,2.46,279.3,165.1,114.2,0.74,0.36,1.00,2.28,92,69,2.54,1.90,2.36,1.77
,,,Jibletsmasher,Major,Typhoons,Storm,Solar,31.4,265,16,0.606,0.688,11,5,4999,2890,2109,7,14,23,34,20.6%,286.4,165.6,120.8,0.40,0.80,1.32,1.95,312.4,180.6,131.8,0.44,0.88,1.44,2.13,45,34,2.58,1.95,2.81,2.13
,,,Avaki,Major,Nemesis,Olympus,Solar,31.4,830,54,0.484,0.556,30,24,16568,8740,7828,32,27,60,119,26.9%,303.0,159.9,143.2,0.59,0.49,1.10,2.18,306.8,161.9,145.0,0.59,0.50,1.11,2.20,121,126,2.21,2.30,2.24,2.33
,,,Viv1D,Major,Fantastic Four,The Comic Crusaders,Lunar,31.2,794,56,0.328,0.357,20,36,16370,8510,7860,32,21,63,111,28.8%,313.0,162.7,150.3,0.61,0.40,1.20,2.12,292.3,152.0,140.4,0.57,0.38,1.13,1.98,101,159,1.93,3.04,1.80,2.84
,,,Armo27,Major,"Fantastic Four
Markhors","The Comic Crusaders
The Forest",Lunar,31.1,491,35,0.260,0.314,11,24,10385,5410,4975,16,14,50,61,26.2%,321.1,167.3,153.8,0.49,0.43,1.55,1.89,296.7,154.6,142.1,0.46,0.40,1.43,1.74,53,103,1.64,3.18,1.51,2.94
,,,5Pike,Major,Seadevils,The Abyss,Lunar,30.6,774,53,0.436,0.453,24,29,16022,8820,7202,33,24,67,97,34.0%,314.3,173.0,141.3,0.65,0.47,1.31,1.90,302.3,166.4,135.9,0.62,0.45,1.26,1.83,119,140,2.33,2.75,2.25,2.64
,,,Andrew,Major,Lynx,Polar Vortex,Lunar,30.2,414,27,0.518,0.556,15,12,8063,4310,3753,16,16,27,56,28.6%,295.7,158.1,137.6,0.59,0.59,0.99,2.05,298.6,159.6,139.0,0.59,0.59,1.00,2.07,66,63,2.42,2.31,2.44,2.33
,,,Krev,Major,Shake Weights,As Seen on TV!,Solar,29.8,502,33,0.351,0.273,9,24,9726,5660,4066,23,18,35,71,32.4%,294.1,171.2,123.0,0.70,0.54,1.06,2.15,294.7,171.5,123.2,0.70,0.55,1.06,2.15,65,96,1.97,2.90,1.97,2.91
,,,Dread,Major,Trashcans,Waste Management,Solar,28.7,618,39,0.279,0.205,8,31,13197,7290,5907,26,9,68,84,31.0%,324.2,179.1,145.1,0.64,0.22,1.67,2.06,338.4,186.9,151.5,0.67,0.23,1.74,2.15,63,117,1.55,2.87,1.62,3.00
,,,Nullidea,Major,Piranhas,The Jungle,Solar,28.7,785,52,0.340,0.327,17,35,15643,9050,6593,29,27,76,100,29.0%,302.5,175.0,127.5,0.56,0.52,1.47,1.93,300.8,174.0,126.8,0.56,0.52,1.46,1.92,93,143,1.80,2.77,1.79,2.75
,,,Nazmass11,Major,Rockets,Fallout Shelter,Solar,28.1,63,4,0.249,0.250,1,3,1301,720,581,3,2,5,7,42.9%,313.5,173.5,140.0,0.72,0.48,1.20,1.69,325.3,180.0,145.3,0.75,0.50,1.25,1.75,7,14,1.69,3.37,1.75,3.50
,,,Goumfrugla,Major,Psychotics,The Asylum,Solar,28.0,208,15,0.427,0.467,7,8,4180,2290,1890,10,5,15,29,34.5%,305.1,167.1,137.9,0.73,0.36,1.09,2.12,278.7,152.7,126.0,0.67,0.33,1.00,1.93,29,35,2.12,2.55,1.93,2.33
,,,Fjord,Major,Menthol,Minty Fresh,Solar,27.8,727,47,0.329,0.340,16,31,15145,8470,6675,24,12,89,102,23.5%,316.3,176.9,139.4,0.50,0.25,1.86,2.13,322.2,180.2,142.0,0.51,0.26,1.89,2.17,71,115,1.48,2.40,1.51,2.45
,,,Humble Potato,Major,Calzones,Fifty-Fifty Pizzeria,Lunar,25.6,597,41,0.287,0.268,11,30,11488,5940,5548,16,19,52,79,20.3%,292.1,151.1,141.1,0.41,0.48,1.32,2.01,280.2,144.9,135.3,0.39,0.46,1.27,1.93,67,120,1.70,3.05,1.63,2.93
,,,Zoyp,Major,"Psychotics
Gladiators","The Asylum
The Sovereign",Lunar,25.0,274,19,0.481,0.421,8,11,4977,2610,2367,11,9,13,41,26.8%,275.8,144.6,131.1,0.61,0.50,0.72,2.27,261.9,137.4,124.6,0.58,0.47,0.68,2.16,39,41,2.16,2.27,2.05,2.16
,,,Nano,Major,Menthol,Minty Fresh,Solar,24.8,465,29,0.406,0.448,13,16,8873,5010,3863,15,15,43,61,24.6%,289.7,163.6,126.1,0.49,0.49,1.40,1.99,306.0,172.8,133.2,0.52,0.52,1.48,2.10,61,78,1.99,2.55,2.10,2.69
,,,Snaz,Major,Calzones,Fifty-Fifty Pizzeria,Lunar,24.4,619,42,0.337,0.333,14,28,12348,5850,6498,25,13,38,80,31.3%,302.8,143.5,159.4,0.61,0.32,0.93,1.96,294.0,139.3,154.7,0.60,0.31,0.90,1.90,73,113,1.79,2.77,1.74,2.69
,,,Rippluto,Major,Tyrannosaurus,Dino Park,Lunar,23.8,857,57,0.319,0.351,20,37,16242,8620,7622,33,19,62,127,26.0%,287.7,152.7,135.0,0.58,0.34,1.10,2.25,284.9,151.2,133.7,0.58,0.33,1.09,2.23,96,157,1.70,2.78,1.68,2.75
,,,Scrubbzy,Major,Psychotics,The Asylum,Solar,19.7,60,4,0.318,0.250,1,3,981,450,531,0,2,5,10,0.0%,248.2,113.9,134.4,0.00,0.51,1.27,2.53,245.3,112.5,132.8,0.00,0.50,1.25,2.50,6,10,1.52,2.53,1.50,2.50
,,,Mitchy.,Major,Fantastic Four,The Comic Crusaders,Lunar,15.1,92,6,0.158,0.333,2,4,1722,1000,722,4,2,8,10,40.0%,284.2,165.0,119.1,0.66,0.33,1.32,1.65,287.0,166.7,120.3,0.67,0.33,1.33,1.67,9,25,1.49,4.13,1.50,4.17
,,,Shifty,Major,"Mastiffs
Piranhas","Puppy Paradise
The Jungle",Solar,13.7,323,21,0.210,0.333,7,14,5789,2970,2819,8,8,28,37,21.6%,272.1,139.6,132.5,0.38,0.38,1.32,1.74,275.7,141.4,134.2,0.38,0.38,1.33,1.76,31,72,1.46,3.38,1.48,3.43
,,,Ca$H,Major,Menthol,Minty Fresh,Solar,13.7,494,32,0.306,0.344,11,21,9020,4510,4510,12,13,43,51,23.5%,277.2,138.6,138.6,0.37,0.40,1.32,1.57,281.9,140.9,140.9,0.38,0.41,1.34,1.59,48,83,1.48,2.55,1.50,2.59
,,,Tyyphoon454,Major,Rockets,Fallout Shelter,Solar,13.6,622,41,0.250,0.195,8,33,11316,6110,5206,24,13,47,71,33.8%,276.2,149.1,127.1,0.59,0.32,1.15,1.73,276.0,149.0,127.0,0.59,0.32,1.15,1.73,73,144,1.78,3.51,1.78,3.51
,,,Imperial,Major,Equinox,The Cosmos,Solar,12.2,157,10,0.403,0.500,5,5,2911,1610,1301,7,3,12,16,43.8%,281.5,155.7,125.8,0.68,0.29,1.16,1.55,291.1,161.0,130.1,0.70,0.30,1.20,1.60,26,33,2.51,3.19,2.60,3.30
,,,Hannandgrenade,Major,Contras,8-Bit Brigade,Lunar,11.9,28,2,0.207,0.000,0,2,519,270,249,0,1,4,2,0.0%,281.4,146.4,135.0,0.00,0.54,2.17,1.08,259.5,135.0,124.5,0.00,0.50,2.00,1.00,2,5,1.08,2.71,1.00,2.50
,,,Struttrl,Major,"Fantastic Four
Lightning","The Comic Crusaders
Electric Mayhem",Lunar,11.7,658,44,0.265,0.273,12,32,11081,5440,5641,16,14,45,89,18.0%,255.7,125.5,130.2,0.37,0.32,1.04,2.05,251.8,123.6,128.2,0.36,0.32,1.02,2.02,71,136,1.64,3.14,1.61,3.09
,,,Moatsart,Major,Rockets,Fallout Shelter,Solar,8.8,659,46,0.263,0.174,8,38,11313,5430,5883,18,19,41,63,28.6%,260.6,125.1,135.5,0.41,0.44,0.94,1.45,245.9,118.0,127.9,0.39,0.41,0.89,1.37,76,145,1.75,3.34,1.65,3.15
,,,Botch,Major,Shake Weights,As Seen on TV!,Solar,7.5,326,21,0.406,0.429,9,12,5962,3010,2952,8,7,32,26,30.8%,277.6,140.2,137.5,0.37,0.33,1.49,1.21,283.9,143.3,140.6,0.38,0.33,1.52,1.24,43,55,2.00,2.56,2.05,2.62
,,,Clyde,Major,Trashcans,Waste Management,Solar,-3.0,159,11,0.194,0.091,1,10,2556,1170,1386,3,1,13,17,17.6%,244.1,111.7,132.3,0.29,0.10,1.24,1.62,232.4,106.4,126.0,0.27,0.09,1.18,1.55,14,35,1.34,3.34,1.27,3.18
,,,Lilprsnwithanger,Major,Calzones,Fifty-Fifty Pizzeria,Lunar,-3.7,48,3,0.242,0.000,0,3,792,400,392,2,0,3,5,40.0%,250.5,126.5,124.0,0.63,0.00,0.95,1.58,264.0,133.3,130.7,0.67,0.00,1.00,1.67,6,12,1.90,3.80,2.00,4.00
,,,Jon Bovi,Major,Midnight,The Shadows,Lunar,-4.1,55,4,0.096,0.250,1,3,722,280,442,0,1,3,8,0.0%,199.3,77.3,122.0,0.00,0.28,0.83,2.21,180.5,70.0,110.5,0.00,0.25,0.75,2.00,3,13,0.83,3.59,0.75,3.25
,,,Google Girth,Major,Tyrannosaurus,Dino Park,Lunar,-16.2,134,8,0.137,0.250,2,6,1923,900,1023,2,1,11,10,20.0%,217.9,102.0,115.9,0.23,0.11,1.25,1.13,240.4,112.5,127.9,0.25,0.13,1.38,1.25,9,30,1.02,3.40,1.13,3.75
,,,Chulainn,Major,Water,The Elements,Lunar,-21.0,28,2,0.413,0.500,1,1,436,260,176,1,0,3,1,100.0%,236.4,141.0,95.4,0.54,0.00,1.63,0.54,218.0,130.0,88.0,0.50,0.00,1.50,0.50,4,5,2.17,2.71,2.00,2.50
,,,Jimjohn,Elite,Nightmare,The Shadows,Lunar,93.5,734,48,0.598,0.708,34,14,21919,13000,8919,67,24,68,170,39.4%,462.6,274.4,188.2,1.41,0.51,1.44,3.59,456.6,270.8,185.8,1.40,0.50,1.42,3.54,130,101,2.74,2.13,2.71,2.10
,,,Lord Ironskull,Elite,Fire,The Elements,Lunar,93.5,913,58,0.673,0.690,40,18,26397,15780,10617,78,43,78,193,40.4%,447.9,267.8,180.2,1.32,0.73,1.32,3.27,455.1,272.1,183.1,1.34,0.74,1.34,3.33,167,105,2.83,1.78,2.88,1.81
,,,Yullbrenna,Elite,Murder Hornets,The Forest,Solar,90.5,64,4,0.532,0.500,2,2,1582,900,682,3,6,4,10,30.0%,382.9,217.9,165.1,0.73,1.45,0.97,2.42,395.5,225.0,170.5,0.75,1.50,1.00,2.50,14,13,3.39,3.15,3.50,3.25
,,,Lukekapo,Elite,Knights,The Sovereign,Lunar,85.2,846,56,0.540,0.589,33,23,24338,13530,10808,50,37,103,153,32.7%,445.7,247.8,197.9,0.92,0.68,1.89,2.80,434.6,241.6,193.0,0.89,0.66,1.84,2.73,134,121,2.45,2.22,2.39,2.16
,,,Neoblastz,Elite,Demoniacs,The Asylum,Solar,82.3,844,54,0.610,0.667,36,18,23271,13180,10091,47,39,99,158,29.7%,427.2,241.9,185.2,0.86,0.72,1.82,2.90,430.9,244.1,186.9,0.87,0.72,1.83,2.93,139,104,2.55,1.91,2.57,1.93
,,,Akina,Elite,Jaguars,The Jungle,Solar,80.8,900,56,0.621,0.661,37,19,24130,13750,10380,61,38,77,190,32.1%,415.4,236.7,178.7,1.05,0.65,1.33,3.27,430.9,245.5,185.4,1.09,0.68,1.38,3.39,153,111,2.63,1.91,2.73,1.98
,,,Majest1C,Elite,Dumpsters,Waste Management,Solar,80.7,777,48,0.662,0.604,29,19,20983,13110,7873,65,31,68,166,39.2%,418.4,261.4,157.0,1.30,0.62,1.36,3.31,437.1,273.1,164.0,1.35,0.65,1.42,3.46,158,104,3.15,2.07,3.29,2.17
,,,Skøøt,Elite,Aphelion,The Cosmos,Solar,75.3,899,60,0.581,0.633,38,22,23176,14440,8736,75,36,64,194,38.7%,399.4,248.8,150.5,1.29,0.62,1.10,3.34,386.3,240.7,145.6,1.25,0.60,1.07,3.23,161,131,2.77,2.26,2.68,2.18
,,,Blissful4,Elite,Fire,The Elements,Lunar,74.6,727,46,0.742,0.761,35,11,18555,11350,7205,50,30,66,155,32.3%,395.4,241.9,153.5,1.07,0.64,1.41,3.30,403.4,246.7,156.6,1.09,0.65,1.43,3.37,146,74,3.11,1.58,3.17,1.61
,,,Unix Irl,Elite,Slap Chops,As Seen on TV!,Solar,73.9,932,60,0.662,0.717,43,17,24072,14400,9672,63,33,88,205,30.7%,400.1,239.4,160.8,1.05,0.55,1.46,3.41,401.2,240.0,161.2,1.05,0.55,1.47,3.42,156,100,2.59,1.66,2.60,1.67
,,,Loaded,Elite,X-Men,The Comic Crusaders,Lunar,73.9,451,29,0.530,0.586,17,12,11460,6770,4690,18,28,58,67,26.9%,393.7,232.6,161.1,0.62,0.96,1.99,2.30,395.2,233.4,161.7,0.62,0.97,2.00,2.31,65,60,2.23,2.06,2.24,2.07
,,,Leo.,Elite,Slap Chops,As Seen on TV!,Solar,73.9,872,56,0.695,0.768,43,13,22867,13170,9697,59,33,77,177,33.3%,406.3,234.0,172.3,1.05,0.59,1.37,3.14,408.3,235.2,173.2,1.05,0.59,1.38,3.16,150,87,2.66,1.55,2.68,1.55
,,,Wolfie,Elite,Great Whites,Shark Attack,Lunar,73.8,889,59,0.664,0.695,41,18,22017,13100,8917,56,39,72,195,28.7%,383.7,228.3,155.4,0.98,0.68,1.25,3.40,373.2,222.0,151.1,0.95,0.66,1.22,3.31,160,103,2.79,1.79,2.71,1.75
,,,Cream,Elite,Dumpsters,Waste Management,Solar,69.9,870,55,0.629,0.545,30,25,20369,11920,8449,52,50,51,167,31.1%,362.7,212.3,150.5,0.93,0.89,0.91,2.97,370.3,216.7,153.6,0.95,0.91,0.93,3.04,167,120,2.97,2.14,3.04,2.18
,,,Blueish,Elite,Great Whites,Shark Attack,Lunar,69.5,870,58,0.654,0.690,40,18,21770,12280,9490,51,41,71,158,32.3%,387.7,218.7,169.0,0.91,0.73,1.26,2.81,375.3,211.7,163.6,0.88,0.71,1.22,2.72,154,102,2.74,1.82,2.66,1.76
,,,Ty26,Elite,Gelato,Fifty-Fifty Pizzeria,Lunar,69.3,792,49,0.525,0.469,23,26,19866,11590,8276,53,30,63,164,32.3%,388.6,226.7,161.9,1.04,0.59,1.23,3.21,405.4,236.5,168.9,1.08,0.61,1.29,3.35,132,124,2.58,2.43,2.69,2.53
,,,Jbomb!,Elite,Hornets,The Swarm,Solar,68.6,622,44,0.437,0.432,19,25,16353,8670,7683,38,24,52,107,35.5%,407.3,215.9,191.4,0.95,0.60,1.30,2.67,371.7,197.0,174.6,0.86,0.55,1.18,2.43,101,118,2.52,2.94,2.30,2.68
,,,Pacmonsterghost,Elite,Wolverines,Polar Vortex,Lunar,68.3,792,50,0.514,0.420,21,29,20174,11690,8484,45,31,83,149,30.2%,394.6,228.7,166.0,0.88,0.61,1.62,2.91,403.5,233.8,169.7,0.90,0.62,1.66,2.98,114,110,2.23,2.15,2.28,2.20
,,,N0Maa,Elite,"Hornets
Godzilla","The Swarm
Kaiju",Solar,67.6,515,34,0.544,0.471,16,18,12784,6730,6054,22,20,50,103,21.4%,384.6,202.5,182.1,0.66,0.60,1.50,3.10,376.0,197.9,178.1,0.65,0.59,1.47,3.03,73,65,2.20,1.96,2.15,1.91
,,,Thecoffee,Elite,Baboons,Planet of the Apes,Lunar,66.1,677,44,0.556,0.545,24,20,17213,10030,7183,48,26,54,123,39.0%,393.9,229.5,164.4,1.10,0.59,1.24,2.81,391.2,228.0,163.3,1.09,0.59,1.23,2.80,113,98,2.59,2.24,2.57,2.23
,,,Das.,Elite,Missiles,Fallout Shelter,Solar,65.9,635,43,0.617,0.651,28,15,15995,8820,7175,39,23,51,122,32.0%,390.2,215.2,175.0,0.95,0.56,1.24,2.98,372.0,205.1,166.9,0.91,0.53,1.19,2.84,100,73,2.44,1.78,2.33,1.70
,,,[N Ξ X U S] Rblegend,Elite,Kopi Luwak,The Cat Cafe,Solar,65.8,473,32,0.453,0.438,14,18,11776,6440,5336,23,22,45,79,29.1%,385.7,210.9,174.8,0.75,0.72,1.47,2.59,368.0,201.3,166.8,0.72,0.69,1.41,2.47,72,81,2.36,2.65,2.25,2.53
,,,Daddy Drop,Elite,Great Whites,Shark Attack,Lunar,65.7,860,57,0.661,0.684,39,18,20874,11690,9184,50,41,62,154,32.5%,376.0,210.6,165.4,0.90,0.74,1.12,2.77,366.2,205.1,161.1,0.88,0.72,1.09,2.70,154,100,2.77,1.80,2.70,1.75
,,,Poofy,Elite,"Missiles
Voidwalkers","Fallout Shelter
The Soundtrack",Solar,65.4,678,43,0.640,0.651,28,15,17093,9130,7963,28,31,74,108,25.9%,390.6,208.6,182.0,0.64,0.71,1.69,2.47,397.5,212.3,185.2,0.65,0.72,1.72,2.51,107,73,2.44,1.67,2.49,1.70
,,,Ashthewaterboy,Elite,Baboons,Planet of the Apes,Lunar,63.7,808,52,0.503,0.481,25,27,18957,10510,8447,38,42,64,141,27.0%,363.5,201.5,162.0,0.73,0.81,1.23,2.70,364.6,202.1,162.4,0.73,0.81,1.23,2.71,131,130,2.51,2.49,2.52,2.50
,,,Phoenixtouch,Elite,Nightmare,The Shadows,Lunar,63.5,322,20,0.634,0.750,15,5,7321,4320,3001,17,20,22,52,32.7%,352.2,207.8,144.4,0.82,0.96,1.06,2.50,366.1,216.0,150.1,0.85,1.00,1.10,2.60,57,40,2.74,1.92,2.85,2.00
,,,Murloc,Elite,Gauntlets,8-Bit Brigade,Lunar,61.8,818,53,0.527,0.547,29,24,18849,11070,7779,51,40,49,152,33.6%,357.0,209.7,147.3,0.97,0.76,0.93,2.88,355.6,208.9,146.8,0.96,0.75,0.92,2.87,134,125,2.54,2.37,2.53,2.36
,,,Slurp,Elite,Kodiaks,The Bear Den,Lunar,61.5,704,46,0.416,0.391,18,28,16554,9090,7464,35,30,55,134,26.1%,364.3,200.0,164.3,0.77,0.66,1.21,2.95,359.9,197.6,162.3,0.76,0.65,1.20,2.91,107,132,2.35,2.90,2.33,2.87
,,,Far,Elite,Fury,North American Soccar Club,Solar,60.8,588,38,0.492,0.500,19,19,13728,8350,5378,34,31,49,95,35.8%,361.7,220.0,141.7,0.90,0.82,1.29,2.50,361.3,219.7,141.5,0.89,0.82,1.29,2.50,94,96,2.48,2.53,2.47,2.53
,,,Rhino,Elite,Godzilla,Kaiju,Solar,60.8,840,56,0.616,0.554,31,25,19436,10610,8826,41,42,59,146,28.1%,358.5,195.7,162.8,0.76,0.77,1.09,2.69,347.1,189.5,157.6,0.73,0.75,1.05,2.61,135,99,2.49,1.83,2.41,1.77
,,,Adeadm0053,Elite,Godzilla,Kaiju,Solar,60.5,885,59,0.611,0.559,33,26,21774,12670,9104,53,29,85,167,31.7%,381.2,221.8,159.4,0.93,0.51,1.49,2.92,369.1,214.7,154.3,0.90,0.49,1.44,2.83,140,104,2.45,1.82,2.37,1.76
,,,Calcifiree,Elite,Cyclones,Storm,Solar,58.0,810,54,0.535,0.611,33,21,19183,10640,8543,42,32,68,144,29.2%,366.9,203.5,163.4,0.80,0.61,1.30,2.75,355.2,197.0,158.2,0.78,0.59,1.26,2.67,114,104,2.18,1.99,2.11,1.93
,,,Zeph,Elite,Hornets,The Swarm,Solar,57.9,692,49,0.476,0.510,25,24,16845,8980,7865,37,27,56,113,32.7%,377.1,201.0,176.1,0.83,0.60,1.25,2.53,343.8,183.3,160.5,0.76,0.55,1.14,2.31,117,124,2.62,2.78,2.39,2.53
,,,-Venomz,Elite,Indominus,Dino Park,Lunar,57.7,390,26,0.403,0.423,11,15,9613,5200,4413,22,12,34,70,31.4%,381.9,206.6,175.3,0.87,0.48,1.35,2.78,369.7,200.0,169.7,0.85,0.46,1.31,2.69,53,68,2.11,2.70,2.04,2.62
,,,K-9,Elite,Fury,North American Soccar Club,Solar,57.6,776,50,0.523,0.520,26,24,17784,10300,7484,42,31,61,150,28.0%,355.0,205.6,149.4,0.84,0.62,1.22,2.99,355.7,206.0,149.7,0.84,0.62,1.22,3.00,119,112,2.38,2.24,2.38,2.24
,,,Dom,Elite,Aphelion,The Cosmos,Solar,57.6,899,60,0.581,0.633,38,22,21609,12310,9299,45,37,90,146,30.8%,372.4,212.1,160.2,0.78,0.64,1.55,2.52,360.2,205.2,155.0,0.75,0.62,1.50,2.43,161,131,2.77,2.26,2.68,2.18
,,,Taka,Elite,Fury,North American Soccar Club,Solar,57.5,43,3,0.446,0.333,1,2,1003,620,383,2,2,5,7,28.6%,361.4,223.4,138.0,0.72,0.72,1.80,2.52,334.3,206.7,127.7,0.67,0.67,1.67,2.33,7,8,2.52,2.88,2.33,2.67
,,,Doodle!,Elite,Demoniacs,The Asylum,Solar,57.5,945,60,0.574,0.617,37,23,22812,13560,9252,62,34,80,166,37.3%,374.0,222.3,151.7,1.02,0.56,1.31,2.72,380.2,226.0,154.2,1.03,0.57,1.33,2.77,154,127,2.52,2.08,2.57,2.12
,,,Rainbownoms,Elite,Apollo,Olympus,Solar,56.4,522,34,0.392,0.294,10,24,12625,6660,5965,24,21,48,81,29.6%,374.7,197.7,177.0,0.71,0.62,1.42,2.40,371.3,195.9,175.4,0.71,0.62,1.41,2.38,72,95,2.14,2.82,2.12,2.79
,,,Classé,Elite,Baboons,Planet of the Apes,Lunar,55.9,720,48,0.578,0.563,27,21,16616,9460,7156,45,27,45,136,33.1%,357.5,203.6,154.0,0.97,0.58,0.97,2.93,346.2,197.1,149.1,0.94,0.56,0.94,2.83,129,106,2.78,2.28,2.69,2.21
,,,Veil,Elite,Cyclones,Storm,Solar,55.8,837,56,0.484,0.571,32,24,20811,10650,10161,32,28,95,130,24.6%,385.2,197.1,188.1,0.59,0.52,1.76,2.41,371.6,190.2,181.4,0.57,0.50,1.70,2.32,113,118,2.09,2.18,2.02,2.11
,,,Jwanderz,Elite,Aphelion,The Cosmos,Solar,55.8,193,12,0.707,0.750,9,3,3773,2260,1513,6,11,14,41,14.6%,302.9,181.4,121.4,0.48,0.88,1.12,3.29,314.4,188.3,126.1,0.50,0.92,1.17,3.42,37,21,2.97,1.69,3.08,1.75
,,,Reverse Fridge,Elite,Nightmare,The Shadows,Lunar,55.6,881,56,0.627,0.714,40,16,20922,12700,8222,56,35,78,145,38.6%,367.9,223.3,144.6,0.98,0.62,1.37,2.55,373.6,226.8,146.8,1.00,0.63,1.39,2.59,160,115,2.81,2.02,2.86,2.05
,,,M3 Mario,Elite,Anglers,The Abyss,Lunar,55.4,604,40,0.432,0.425,17,23,13767,7700,6067,27,28,52,100,27.0%,353.1,197.5,155.6,0.69,0.72,1.33,2.56,344.2,192.5,151.7,0.68,0.70,1.30,2.50,84,100,2.15,2.56,2.10,2.50
,,,Chiefnageed,Elite,Baboons,Planet of the Apes,Lunar,55.3,83,4,0.687,0.750,3,1,1864,1270,594,6,3,7,17,35.3%,347.9,237.0,110.9,1.12,0.56,1.31,3.17,466.0,317.5,148.5,1.50,0.75,1.75,4.25,15,9,2.80,1.68,3.75,2.25
,,,Clarky,Elite,Kodiaks,The Bear Den,Lunar,55.1,405,27,0.471,0.519,14,13,9381,5310,4071,18,16,40,71,25.4%,358.8,203.1,155.7,0.69,0.61,1.53,2.72,347.4,196.7,150.8,0.67,0.59,1.48,2.63,68,73,2.60,2.79,2.52,2.70
,,,Trspriggs,Elite,Vipers,The Serpents,Lunar,54.5,925,59,0.483,0.441,26,33,22042,12630,9412,56,29,78,168,33.3%,369.2,211.5,157.6,0.94,0.49,1.31,2.81,373.6,214.1,159.5,0.95,0.49,1.32,2.85,136,142,2.28,2.38,2.31,2.41
,,,Visionaryone,Elite,Murder Hornets,The Forest,Solar,54.4,536,35,0.486,0.457,16,19,12032,6750,5282,24,25,44,90,26.7%,347.8,195.1,152.7,0.69,0.72,1.27,2.60,343.8,192.9,150.9,0.69,0.71,1.26,2.57,82,85,2.37,2.46,2.34,2.43
,,,Jspiel,Elite,Vipers,The Serpents,Lunar,54.4,879,56,0.500,0.482,27,29,21491,11560,9931,42,34,88,126,33.3%,378.8,203.7,175.0,0.74,0.60,1.55,2.22,383.8,206.4,177.3,0.75,0.61,1.57,2.25,132,132,2.33,2.33,2.36,2.36
,,,K-U-T-O-,Elite,Missiles,Fallout Shelter,Solar,54.4,686,48,0.584,0.625,30,18,16320,9020,7300,40,19,55,132,30.3%,368.6,203.7,164.9,0.90,0.43,1.24,2.98,340.0,187.9,152.1,0.83,0.40,1.15,2.75,105,84,2.37,1.90,2.19,1.75
,,,Envee,Elite,Jaguars,The Jungle,Solar,54.3,953,60,0.628,0.667,40,20,21919,13330,8589,58,36,80,173,33.5%,356.3,216.7,139.6,0.94,0.59,1.30,2.81,365.3,222.2,143.2,0.97,0.60,1.33,2.88,163,116,2.65,1.89,2.72,1.93
,,,Bob,Elite,X-Men,The Comic Crusaders,Lunar,54.1,783,49,0.514,0.551,27,22,18776,10860,7916,46,25,73,136,33.8%,371.5,214.9,156.6,0.91,0.49,1.44,2.69,383.2,221.6,161.6,0.94,0.51,1.49,2.78,114,110,2.26,2.18,2.33,2.24
,,,Catlas,Elite,Great Whites,Shark Attack,Lunar,53.0,48,3,0.853,1.000,3,0,1015,600,415,3,2,2,10,30.0%,327.6,193.7,133.9,0.97,0.65,0.65,3.23,338.3,200.0,138.3,1.00,0.67,0.67,3.33,12,4,3.87,1.29,4.00,1.33
,,,Styzzi,Elite,Dumpsters,Waste Management,Solar,52.4,824,52,0.592,0.519,27,25,18480,10350,8130,46,32,53,150,30.7%,347.4,194.6,152.9,0.86,0.60,1.00,2.82,355.4,199.0,156.3,0.88,0.62,1.02,2.88,149,118,2.80,2.22,2.87,2.27
,,,Jaywenz27,Elite,Great Danes,Puppy Paradise,Solar,52.2,398,24,0.415,0.458,11,13,9565,5720,3845,24,12,41,67,35.8%,372.3,222.7,149.7,0.93,0.47,1.60,2.61,398.5,238.3,160.2,1.00,0.50,1.71,2.79,58,72,2.26,2.80,2.42,3.00
,,,Mack,Elite,Hornets,The Swarm,Solar,52.2,753,52,0.463,0.462,24,28,16776,9620,7156,42,35,49,122,34.4%,345.1,197.9,147.2,0.86,0.72,1.01,2.51,322.6,185.0,137.6,0.81,0.67,0.94,2.35,124,136,2.55,2.80,2.38,2.62
,,,Freebo,Elite,"Godzilla
Hornets","Kaiju
The Swarm",Solar,52.1,704,48,0.556,0.521,25,23,16623,9210,7413,37,26,62,111,33.3%,365.8,202.7,163.1,0.81,0.57,1.36,2.44,346.3,191.9,154.4,0.77,0.54,1.29,2.31,111,96,2.44,2.11,2.31,2.00
,,,Ellectrozx,Elite,"Indominus
Death Stars","Dino Park
The Empire",Solar,51.7,548,35,0.514,0.457,16,19,12384,6570,5814,25,19,42,102,24.5%,350.1,185.7,164.4,0.71,0.54,1.19,2.88,353.8,187.7,166.1,0.71,0.54,1.20,2.91,82,79,2.32,2.23,2.34,2.26
,,,Nytro,Elite,Cyclones,Storm,Solar,51.1,826,54,0.497,0.593,32,22,19256,10400,8856,37,31,77,130,28.5%,361.2,195.1,166.1,0.69,0.58,1.44,2.44,356.6,192.6,164.0,0.69,0.57,1.43,2.41,112,113,2.10,2.12,2.07,2.09
,,,.Andy,Elite,Venus,Milky Way,Lunar,50.5,803,50,0.412,0.420,21,29,18783,10040,8743,45,23,59,144,31.3%,362.4,193.7,168.7,0.87,0.44,1.14,2.78,375.7,200.8,174.9,0.90,0.46,1.18,2.88,105,132,2.03,2.55,2.10,2.64
,,,Tmanrl,Elite,Apollo,Olympus,Solar,50.3,549,33,0.351,0.303,10,23,13004,7330,5674,24,21,62,78,30.8%,367.0,206.8,160.1,0.68,0.59,1.75,2.20,394.1,222.1,171.9,0.73,0.64,1.88,2.36,63,94,1.78,2.65,1.91,2.85
,,,Wafe,Elite,Kopi Luwak,The Cat Cafe,Solar,50.2,546,38,0.416,0.421,16,22,12720,6780,5940,25,19,49,88,28.4%,360.9,192.4,168.5,0.71,0.54,1.39,2.50,334.7,178.4,156.3,0.66,0.50,1.29,2.32,68,85,1.93,2.41,1.79,2.24
,,,Boog Mccroog,Elite,Dumpsters,Waste Management,Solar,50.1,342,21,0.539,0.476,10,11,7284,4070,3214,12,15,30,62,19.4%,330.0,184.4,145.6,0.54,0.68,1.36,2.81,346.9,193.8,153.0,0.57,0.71,1.43,2.95,52,47,2.36,2.13,2.48,2.24
,,,Denz,Elite,Murder Hornets,The Forest,Solar,49.2,841,56,0.435,0.393,22,34,19492,10520,8972,47,25,62,147,32.0%,359.1,193.8,165.3,0.87,0.46,1.14,2.71,348.1,187.9,160.2,0.84,0.45,1.11,2.63,115,136,2.12,2.51,2.05,2.43
,,,Simms-H,Elite,Gauntlets,8-Bit Brigade,Lunar,49.0,677,43,0.500,0.465,20,23,15299,8460,6839,28,27,65,106,26.4%,350.1,193.6,156.5,0.64,0.62,1.49,2.43,355.8,196.7,159.0,0.65,0.63,1.51,2.47,100,100,2.29,2.29,2.33,2.33
,,,Flamethrowr,Elite,Bolts,Electric Mayhem,Lunar,48.5,961,56,0.461,0.464,26,30,20673,11940,8733,47,40,71,169,27.8%,333.3,192.5,140.8,0.76,0.64,1.14,2.72,369.2,213.2,155.9,0.84,0.71,1.27,3.02,143,158,2.31,2.55,2.55,2.82
,,,Arrowsmith2,Elite,Kodiaks,The Bear Den,Lunar,48.5,813,53,0.440,0.434,23,30,18919,10870,8049,44,31,75,117,37.6%,360.5,207.1,153.4,0.84,0.59,1.43,2.23,357.0,205.1,151.9,0.83,0.58,1.42,2.21,123,143,2.34,2.72,2.32,2.70
,,,Twisted,Elite,Missiles,Fallout Shelter,Solar,48.4,702,49,0.597,0.653,32,17,15292,8730,6562,32,31,57,113,28.3%,337.5,192.7,144.8,0.71,0.68,1.26,2.49,312.1,178.2,133.9,0.65,0.63,1.16,2.31,115,89,2.54,1.96,2.35,1.82
,,,Huggie Xd,Elite,Knights,The Sovereign,Lunar,48.2,716,48,0.603,0.646,31,17,16875,9620,7255,45,19,59,122,36.9%,365.1,208.1,157.0,0.97,0.41,1.28,2.64,351.6,200.4,151.1,0.94,0.40,1.23,2.54,118,90,2.55,1.95,2.46,1.88
,,,Mrfelon,Elite,Anglers,The Abyss,Lunar,48.0,829,52,0.475,0.519,27,25,18939,10660,8279,41,28,76,136,30.1%,353.9,199.2,154.7,0.77,0.52,1.42,2.54,364.2,205.0,159.2,0.79,0.54,1.46,2.62,122,130,2.28,2.43,2.35,2.50
,,,Kxle,Elite,Vipers,The Serpents,Lunar,47.8,814,53,0.474,0.434,23,30,18385,10050,8335,32,30,81,130,24.6%,349.9,191.3,158.6,0.61,0.57,1.54,2.47,346.9,189.6,157.3,0.60,0.57,1.53,2.45,113,121,2.15,2.30,2.13,2.28
,,,Kenny,Elite,Gauntlets,8-Bit Brigade,Lunar,47.8,816,53,0.500,0.491,26,27,19256,10140,9116,39,29,73,114,34.2%,365.6,192.5,173.1,0.74,0.55,1.39,2.16,363.3,191.3,172.0,0.74,0.55,1.38,2.15,129,129,2.45,2.45,2.43,2.43
,,,Wall2Wall3,Elite,Anglers,The Abyss,Lunar,47.7,843,54,0.478,0.519,28,26,18917,10170,8747,41,28,64,147,27.9%,347.6,186.9,160.7,0.75,0.51,1.18,2.70,350.3,188.3,162.0,0.76,0.52,1.19,2.72,118,125,2.17,2.30,2.19,2.31
,,,Turnzy,Elite,"Wolverines
Death Stars","Polar Vortex
The Empire",Solar,46.6,885,56,0.427,0.375,21,35,19952,11480,8472,44,29,83,148,29.7%,349.3,201.0,148.3,0.77,0.51,1.45,2.59,356.3,205.0,151.3,0.79,0.52,1.48,2.64,113,137,1.98,2.40,2.02,2.45
,,,Rogers,Elite,Murder Hornets,The Forest,Solar,46.5,649,44,0.440,0.386,17,27,13618,7830,5788,26,26,55,118,22.0%,325.1,186.9,138.2,0.62,0.62,1.31,2.82,309.5,178.0,131.5,0.59,0.59,1.25,2.68,90,105,2.15,2.51,2.05,2.39
,,,Sz9,Elite,Kopi Luwak,The Cat Cafe,Solar,46.0,727,51,0.483,0.490,25,26,16532,9080,7452,29,28,75,103,28.2%,352.3,193.5,158.8,0.62,0.60,1.60,2.19,324.2,178.0,146.1,0.57,0.55,1.47,2.02,113,118,2.41,2.51,2.22,2.31
,,,Viglio,Elite,Bolts,Electric Mayhem,Lunar,45.9,658,39,0.510,0.538,21,18,15048,9290,5758,43,18,59,114,37.7%,354.3,218.7,135.6,1.01,0.42,1.39,2.68,385.8,238.2,147.6,1.10,0.46,1.51,2.92,119,116,2.80,2.73,3.05,2.97
,,,Nathan.,Elite,Great Danes,Puppy Paradise,Solar,45.8,894,56,0.412,0.429,24,32,20745,11250,9495,38,28,94,135,28.1%,359.5,195.0,164.5,0.66,0.49,1.63,2.34,370.4,200.9,169.6,0.68,0.50,1.68,2.41,127,159,2.20,2.76,2.27,2.84
,,,Smokeybones,Elite,Fury,North American Soccar Club,Solar,45.2,261,18,0.480,0.556,10,8,5783,3410,2373,14,8,23,46,30.4%,343.3,202.4,140.9,0.83,0.47,1.37,2.73,321.3,189.4,131.8,0.78,0.44,1.28,2.56,37,39,2.20,2.31,2.06,2.17
,,,Touch Me,Elite,Fury,North American Soccar Club,Solar,45.0,653,42,0.558,0.571,24,18,14248,7970,6278,35,26,43,102,34.3%,338.0,189.1,148.9,0.83,0.62,1.02,2.42,339.2,189.8,149.5,0.83,0.62,1.02,2.43,108,93,2.56,2.21,2.57,2.21
,,,Jester,Elite,Gauntlets,8-Bit Brigade,Lunar,44.9,473,31,0.500,0.484,15,16,10494,6240,4254,28,14,38,84,33.3%,343.7,204.4,139.3,0.92,0.46,1.24,2.75,338.5,201.3,137.2,0.90,0.45,1.23,2.71,75,75,2.46,2.46,2.42,2.42
,,,Tyty,Elite,Bolts,Electric Mayhem,Lunar,44.5,847,49,0.473,0.469,23,26,19919,10870,9049,43,23,83,127,33.9%,364.3,198.8,165.5,0.79,0.42,1.52,2.32,406.5,221.8,184.7,0.88,0.47,1.69,2.59,126,135,2.30,2.47,2.57,2.76
,,,Timbo,Elite,Aphelion,The Cosmos,Solar,43.7,706,48,0.548,0.604,29,19,14375,7860,6515,35,33,31,116,30.2%,315.4,172.5,143.0,0.77,0.72,0.68,2.55,299.5,163.8,135.7,0.73,0.69,0.65,2.42,124,110,2.72,2.41,2.58,2.29
,,,Boojoyner,Elite,Great Danes,Puppy Paradise,Solar,42.9,186,14,0.282,0.286,4,10,3938,1990,1948,8,6,11,34,23.5%,328.0,165.7,162.3,0.67,0.50,0.92,2.83,281.3,142.1,139.1,0.57,0.43,0.79,2.43,23,41,1.92,3.41,1.64,2.93
,,,Bird,Elite,"Fury
Apollo","North American Soccar Club
Olympus",Solar,42.7,116,8,0.353,0.250,2,6,2595,1420,1175,5,4,11,17,29.4%,346.6,189.6,156.9,0.67,0.53,1.47,2.27,324.4,177.5,146.9,0.63,0.50,1.38,2.13,15,22,2.00,2.94,1.88,2.75
,,,Troomperoni And Cheese,Elite,Glacier Mint,Minty Fresh,Solar,42.3,259,17,0.285,0.235,4,13,5503,2920,2583,9,8,23,47,19.1%,329.2,174.7,154.5,0.54,0.48,1.38,2.81,323.7,171.8,151.9,0.53,0.47,1.35,2.76,29,52,1.73,3.11,1.71,3.06
,,,Aitan,Elite,Wolverines,Polar Vortex,Lunar,42.1,628,41,0.429,0.341,14,27,14045,7480,6565,26,19,59,98,26.5%,346.5,184.5,162.0,0.64,0.47,1.46,2.42,342.6,182.4,160.1,0.63,0.46,1.44,2.39,77,93,1.90,2.29,1.88,2.27
,,,Jgourmet,Elite,Fire,The Elements,Lunar,41.8,611,41,0.667,0.683,28,13,12467,6680,5787,22,32,41,83,26.5%,316.1,169.4,146.7,0.56,0.81,1.04,2.10,304.1,162.9,141.1,0.54,0.78,1.00,2.02,118,76,2.99,1.93,2.88,1.85
,,,Zxy,Elite,Great Danes,Puppy Paradise,Solar,41.6,784,48,0.400,0.396,19,29,17293,10490,6803,41,28,77,114,36.0%,341.7,207.3,134.4,0.81,0.55,1.52,2.25,360.3,218.5,141.7,0.85,0.58,1.60,2.38,109,141,2.15,2.79,2.27,2.94
,,,Sauceboy Eikon,Elite,Murder Hornets,The Forest,Solar,41.4,625,41,0.412,0.366,15,26,13572,7110,6462,29,22,43,96,30.2%,336.4,176.2,160.2,0.72,0.55,1.07,2.38,331.0,173.4,157.6,0.71,0.54,1.05,2.34,86,108,2.13,2.68,2.10,2.63
,,,Crophlin,Elite,"Death Stars
Wolverines","The Empire
Polar Vortex",Lunar,40.9,637,42,0.359,0.310,13,29,13737,7520,6217,29,23,50,97,29.9%,334.1,182.9,151.2,0.71,0.56,1.22,2.36,327.1,179.0,148.0,0.69,0.55,1.19,2.31,90,129,2.19,3.14,2.14,3.07
,,,Deezmuffinz,Elite,Wolverines,Polar Vortex,Lunar,40.4,770,47,0.517,0.447,21,26,16249,8860,7389,33,27,59,126,26.2%,326.9,178.3,148.7,0.66,0.54,1.19,2.54,345.7,188.5,157.2,0.70,0.57,1.26,2.68,114,109,2.29,2.19,2.43,2.32
,,,Rex,Elite,X-Men,The Comic Crusaders,Lunar,40.4,815,52,0.503,0.538,28,24,18064,9570,8494,34,27,73,117,29.1%,343.4,181.9,161.5,0.65,0.51,1.39,2.22,347.4,184.0,163.3,0.65,0.52,1.40,2.25,116,115,2.21,2.19,2.23,2.21
,,,Paco,Elite,Voidwalkers,The Soundtrack,Lunar,39.9,582,36,0.415,0.389,14,22,12286,6780,5506,27,19,43,98,27.6%,327.0,180.5,146.6,0.72,0.51,1.14,2.61,341.3,188.3,152.9,0.75,0.53,1.19,2.72,77,96,2.05,2.56,2.14,2.67
,,,Capital,Elite,X-Men,The Comic Crusaders,Lunar,39.5,780,50,0.507,0.540,27,23,16962,9460,7502,38,21,66,131,29.0%,336.9,187.9,149.0,0.75,0.42,1.31,2.60,339.2,189.2,150.0,0.76,0.42,1.32,2.62,113,111,2.24,2.20,2.26,2.22
,,,King Chikn,Elite,Demoniacs,The Asylum,Solar,39.3,124,7,0.418,0.429,3,4,2311,1390,921,4,7,9,19,21.1%,288.7,173.7,115.1,0.50,0.87,1.12,2.37,330.1,198.6,131.6,0.57,1.00,1.29,2.71,17,21,2.12,2.62,2.43,3.00
,,,Wheats :),Elite,Indominus,Dino Park,Lunar,39.0,699,43,0.439,0.372,16,27,14563,7620,6943,23,25,59,112,20.5%,322.8,168.9,153.9,0.51,0.55,1.31,2.48,338.7,177.2,161.5,0.53,0.58,1.37,2.60,92,108,2.04,2.39,2.14,2.51
,,,Nine,Elite,Jaguars,The Jungle,Solar,38.8,900,57,0.650,0.702,40,17,18561,11070,7491,41,31,78,152,27.0%,319.5,190.6,128.9,0.71,0.53,1.34,2.62,325.6,194.2,131.4,0.72,0.54,1.37,2.67,157,105,2.70,1.81,2.75,1.84
,,,Mikeismyike,Elite,Gelato,Fifty-Fifty Pizzeria,Lunar,38.8,779,48,0.475,0.438,21,27,16920,10020,6900,42,25,68,117,35.9%,336.5,199.3,137.2,0.84,0.50,1.35,2.33,352.5,208.8,143.8,0.88,0.52,1.42,2.44,123,131,2.45,2.61,2.56,2.73
,,,Lonely,Elite,Kodiaks,The Bear Den,Lunar,38.3,823,54,0.387,0.370,20,34,18077,9670,8407,43,28,57,112,38.4%,340.3,182.0,158.3,0.81,0.53,1.07,2.11,334.8,179.1,155.7,0.80,0.52,1.06,2.07,122,162,2.30,3.05,2.26,3.00
,,,Spudsy,Elite,Slap Chops,As Seen on TV!,Solar,38.1,850,55,0.632,0.691,38,17,16502,8700,7802,30,36,49,145,20.7%,300.8,158.6,142.2,0.55,0.66,0.89,2.64,300.0,158.2,141.9,0.55,0.65,0.89,2.64,136,95,2.48,1.73,2.47,1.73
,,,Gengar,Elite,Venus,Milky Way,Lunar,37.8,129,8,0.419,0.375,3,5,2758,1480,1278,5,3,12,23,21.7%,331.2,177.7,153.5,0.60,0.36,1.44,2.76,344.8,185.0,159.8,0.63,0.38,1.50,2.88,17,21,2.04,2.52,2.13,2.63
,,,Yerrrrr,Elite,Indominus,Dino Park,Lunar,37.8,764,49,0.458,0.469,23,26,16233,9900,6333,43,21,65,130,33.1%,329.2,200.7,128.4,0.87,0.43,1.32,2.64,331.3,202.0,129.2,0.88,0.43,1.33,2.65,105,117,2.13,2.37,2.14,2.39
,,,Slate,Elite,"Voidwalkers
Missiles","The Soundtrack
Fallout Shelter",Lunar,37.5,465,33,0.332,0.242,8,25,10109,5390,4719,21,14,38,69,30.4%,336.8,179.6,157.2,0.70,0.47,1.27,2.30,306.3,163.3,143.0,0.64,0.42,1.15,2.09,60,93,2.00,3.10,1.82,2.82
,,,Itonydelatorre,Elite,Anglers,The Abyss,Lunar,37.2,532,34,0.400,0.441,15,19,11308,5920,5388,21,15,44,87,24.1%,329.3,172.4,156.9,0.61,0.44,1.28,2.53,332.6,174.1,158.5,0.62,0.44,1.29,2.56,66,86,1.92,2.50,1.94,2.53
,,,Whitebark,Elite,"Gelato
Death Stars","Fifty-Fifty Pizzeria
The Empire",Lunar,37.1,782,48,0.454,0.438,21,27,16334,8620,7714,33,28,55,117,28.2%,323.6,170.8,152.8,0.65,0.55,1.09,2.32,340.3,179.6,160.7,0.69,0.58,1.15,2.44,112,126,2.22,2.50,2.33,2.63
,,,Abom,Elite,Slap Chops,As Seen on TV!,Solar,37.0,142,9,0.640,0.556,5,4,3064,1730,1334,4,7,17,13,30.8%,334.3,188.7,145.5,0.44,0.76,1.85,1.42,340.4,192.2,148.2,0.44,0.78,1.89,1.44,26,18,2.84,1.96,2.89,2.00
,,,Clutch,Elite,"Voidwalkers
Dumpsters","The Soundtrack
Waste Management",Lunar,36.9,226,13,0.327,0.231,3,10,4672,2370,2302,8,9,16,32,25.0%,320.3,162.5,157.8,0.55,0.62,1.10,2.19,359.4,182.3,177.1,0.62,0.69,1.23,2.46,30,47,2.06,3.22,2.31,3.62
,,,Inedibledeer,Elite,"Voidwalkers
Death Stars","The Soundtrack
The Empire",Solar,36.7,505,32,0.366,0.375,12,20,10990,5640,5350,20,13,44,79,25.3%,337.1,173.0,164.1,0.61,0.40,1.35,2.42,343.4,176.3,167.2,0.63,0.41,1.38,2.47,64,91,1.96,2.79,2.00,2.84
,,,Jhensleyy.,Elite,Fury,North American Soccar Club,Solar,36.3,382,25,0.565,0.600,15,10,7961,4110,3851,14,12,30,61,23.0%,322.9,166.7,156.2,0.57,0.49,1.22,2.47,318.4,164.4,154.0,0.56,0.48,1.20,2.44,57,48,2.31,1.95,2.28,1.92
,,,Pibro3,Elite,Demoniacs,The Asylum,Solar,35.6,783,51,0.562,0.588,30,21,17119,9670,7449,34,25,80,102,33.3%,338.7,191.3,147.4,0.67,0.49,1.58,2.02,335.7,189.6,146.1,0.67,0.49,1.57,2.00,129,110,2.55,2.18,2.53,2.16
,,,Elysian,Elite,Glacier Mint,Minty Fresh,Solar,35.6,632,40,0.274,0.200,8,32,13783,7490,6293,24,13,68,104,23.1%,337.9,183.6,154.3,0.59,0.32,1.67,2.55,344.6,187.3,157.3,0.60,0.33,1.70,2.60,65,122,1.59,2.99,1.63,3.05
,,,Bucklemyshoe,Elite,Nightmare,The Shadows,Lunar,35.6,868,56,0.626,0.714,40,16,17636,10010,7626,28,39,83,111,25.2%,314.8,178.7,136.1,0.50,0.70,1.48,1.98,314.9,178.8,136.2,0.50,0.70,1.48,1.98,157,113,2.80,2.02,2.80,2.02
,,,Feen,Elite,"Death Stars
Gelato","The Empire
Fifty-Fifty Pizzeria",Lunar,34.7,810,53,0.356,0.302,16,37,17052,8910,8142,30,28,68,111,27.0%,326.1,170.4,155.7,0.57,0.54,1.30,2.12,321.7,168.1,153.6,0.57,0.53,1.28,2.09,106,154,2.03,2.95,2.00,2.91
,,,Prozach,Elite,Venus,Milky Way,Lunar,34.4,748,48,0.401,0.375,18,30,15843,8880,6963,34,23,65,108,31.5%,328.1,183.9,144.2,0.70,0.48,1.35,2.24,330.1,185.0,145.1,0.71,0.48,1.35,2.25,94,122,1.95,2.53,1.96,2.54
,,,Papakhan,Elite,Kopi Luwak,The Cat Cafe,Solar,34.3,846,59,0.449,0.441,26,33,18600,10650,7950,48,23,71,115,41.7%,340.6,195.0,145.6,0.88,0.42,1.30,2.11,315.3,180.5,134.7,0.81,0.39,1.20,1.95,122,139,2.23,2.55,2.07,2.36
,,,Tehblister,Elite,"Venus
Knights","Milky Way
The Sovereign",Lunar,34.3,568,38,0.303,0.316,12,26,12096,6410,5686,24,12,49,96,25.0%,329.9,174.8,155.1,0.65,0.33,1.34,2.62,318.3,168.7,149.6,0.63,0.32,1.29,2.53,66,112,1.80,3.05,1.74,2.95
,,,Ned1Oo,Elite,Knights,The Sovereign,Lunar,34.2,748,51,0.503,0.510,26,25,14511,7930,6581,28,30,49,118,23.7%,300.5,164.2,136.3,0.58,0.62,1.01,2.44,284.5,155.5,129.0,0.55,0.59,0.96,2.31,114,113,2.36,2.34,2.24,2.22
,,,Darrow,Elite,Godzilla,Kaiju,Solar,34.1,254,18,0.630,0.556,10,8,5331,2840,2491,12,9,17,34,35.3%,325.2,173.2,151.9,0.73,0.55,1.04,2.07,296.2,157.8,138.4,0.67,0.50,0.94,1.89,45,32,2.74,1.95,2.50,1.78
,,,2Jsix,Elite,Fire,The Elements,Lunar,33.1,572,35,0.578,0.571,20,15,10921,6270,4651,22,21,41,97,22.7%,295.8,169.8,126.0,0.60,0.57,1.11,2.63,312.0,179.1,132.9,0.63,0.60,1.17,2.77,85,69,2.30,1.87,2.43,1.97
,,,Pounce,Elite,Apollo,Olympus,Solar,30.5,649,42,0.391,0.310,13,29,14221,7900,6321,28,18,69,75,37.3%,339.5,188.6,150.9,0.67,0.43,1.65,1.79,338.6,188.1,150.5,0.67,0.43,1.64,1.79,86,114,2.05,2.72,2.05,2.71
,,,J_Suts,Elite,Indominus,Dino Park,Lunar,29.9,735,45,0.422,0.400,18,27,14975,7920,7055,26,23,63,102,25.5%,315.6,166.9,148.7,0.55,0.48,1.33,2.15,332.8,176.0,156.8,0.58,0.51,1.40,2.27,92,113,1.94,2.38,2.04,2.51
,,,Nightfire™,Elite,"Apollo
Demoniacs","Olympus
The Asylum",Solar,29.2,127,8,0.394,0.250,2,6,3050,1700,1350,7,1,16,15,46.7%,372.1,207.4,164.7,0.85,0.12,1.95,1.83,381.3,212.5,168.8,0.88,0.13,2.00,1.88,20,26,2.44,3.17,2.50,3.25
,,,Akipz,Elite,"Death Stars
Voidwalkers","The Empire
The Soundtrack",Lunar,28.7,769,48,0.382,0.333,16,32,15653,9410,6243,34,23,76,106,32.1%,315.3,189.6,125.8,0.68,0.46,1.53,2.14,326.1,196.0,130.1,0.71,0.48,1.58,2.21,100,136,2.01,2.74,2.08,2.83
,,,Domino,Elite,Great Danes,Puppy Paradise,Solar,28.7,129,8,0.500,0.375,3,5,2266,1270,996,4,7,7,17,23.5%,272.1,152.5,119.6,0.48,0.84,0.84,2.04,283.3,158.8,124.5,0.50,0.88,0.88,2.13,23,23,2.76,2.76,2.88,2.88
,,,Kovalchuk,Elite,Apollo,Olympus,Solar,28.3,374,23,0.447,0.391,9,14,8046,4770,3276,20,9,37,47,42.6%,333.3,197.6,135.7,0.83,0.37,1.53,1.95,349.8,207.4,142.4,0.87,0.39,1.61,2.04,55,63,2.28,2.61,2.39,2.74
,,,Yoder,Elite,Vipers,The Serpents,Lunar,27.2,193,12,0.525,0.417,5,7,4031,2120,1911,8,6,16,22,36.4%,323.6,170.2,153.4,0.64,0.48,1.28,1.77,335.9,176.7,159.3,0.67,0.50,1.33,1.83,33,31,2.65,2.49,2.75,2.58
,,,Skel,Elite,Great Danes,Puppy Paradise,Solar,26.8,462,30,0.402,0.367,11,19,9174,5310,3864,19,15,41,61,31.1%,307.6,178.1,129.6,0.64,0.50,1.37,2.05,305.8,177.0,128.8,0.63,0.50,1.37,2.03,62,80,2.08,2.68,2.07,2.67
,,,Dolphino,Elite,Bolts,Electric Mayhem,Lunar,26.8,560,35,0.463,0.486,17,18,11255,6030,5225,22,14,46,83,26.5%,311.4,166.8,144.5,0.61,0.39,1.27,2.30,321.6,172.3,149.3,0.63,0.40,1.31,2.37,79,87,2.19,2.41,2.26,2.49
,,,Dan,Elite,Apollo,Olympus,Solar,25.5,375,24,0.291,0.250,6,18,7748,4070,3678,13,8,37,52,25.0%,320.1,168.1,151.9,0.54,0.33,1.53,2.15,322.8,169.6,153.3,0.54,0.33,1.54,2.17,36,65,1.49,2.69,1.50,2.71
,,,Beans,Elite,Venus,Milky Way,Lunar,24.9,672,42,0.361,0.286,12,30,13346,6640,6706,15,21,65,84,17.9%,307.7,153.1,154.6,0.35,0.48,1.50,1.94,317.8,158.1,159.7,0.36,0.50,1.55,2.00,84,121,1.94,2.79,2.00,2.88
,,,Daddy Canadian,Elite,Glacier Mint,Minty Fresh,Solar,24.3,846,54,0.284,0.222,12,42,17126,9530,7596,40,21,67,113,35.4%,313.6,174.5,139.1,0.73,0.38,1.23,2.07,317.1,176.5,140.7,0.74,0.39,1.24,2.09,93,168,1.70,3.08,1.72,3.11
,,,Sugarmanz,Elite,Gelato,Fifty-Fifty Pizzeria,Lunar,24.1,429,28,0.379,0.393,11,17,8175,4570,3605,18,13,30,62,29.0%,295.2,165.0,130.2,0.65,0.47,1.08,2.24,292.0,163.2,128.8,0.64,0.46,1.07,2.21,61,83,2.20,3.00,2.18,2.96
,,,Mered4,Elite,Knights,The Sovereign,Lunar,22.8,192,12,0.638,0.750,9,3,3815,2060,1755,8,3,16,31,25.8%,307.8,166.2,141.6,0.65,0.24,1.29,2.50,317.9,171.7,146.3,0.67,0.25,1.33,2.58,28,19,2.26,1.53,2.33,1.58
,,,Theangrytryhard,Elite,Glacier Mint,Minty Fresh,Solar,22.3,534,33,0.303,0.212,7,26,9975,5240,4735,15,17,43,74,20.3%,289.4,152.0,137.4,0.44,0.49,1.25,2.15,302.3,158.8,143.5,0.45,0.52,1.30,2.24,57,98,1.65,2.84,1.73,2.97
,,,Yillow,Elite,Jaguars,The Jungle,Solar,21.4,106,7,0.500,0.429,3,4,1626,950,676,3,6,4,15,20.0%,237.6,138.8,98.8,0.44,0.88,0.58,2.19,232.3,135.7,96.6,0.43,0.86,0.57,2.14,16,16,2.34,2.34,2.29,2.29
,,,Virus,Elite,Voidwalkers,The Soundtrack,Lunar,21.2,657,41,0.299,0.244,10,31,13173,7130,6043,28,12,56,93,30.1%,310.6,168.1,142.5,0.66,0.28,1.32,2.19,321.3,173.9,147.4,0.68,0.29,1.37,2.27,73,126,1.72,2.97,1.78,3.07
,,,Drupenson,Elite,Baboons,Planet of the Apes,Lunar,18.0,523,32,0.471,0.438,14,18,9033,4880,4153,18,12,31,93,19.4%,267.6,144.6,123.0,0.53,0.36,0.92,2.75,282.3,152.5,129.8,0.56,0.38,0.97,2.91,77,83,2.28,2.46,2.41,2.59
,,,Angel,Elite,Cyclones,Storm,Solar,17.1,242,16,0.391,0.500,8,8,4500,2370,2130,12,3,12,42,28.6%,288.1,151.7,136.4,0.77,0.19,0.77,2.69,281.3,148.1,133.1,0.75,0.19,0.75,2.63,30,40,1.92,2.56,1.88,2.50
,,,Nagz,Elite,"Voidwalkers
Death Stars
Glacier Mint","The Soundtrack
The Empire
Minty Fresh",Solar,16.2,487,32,0.285,0.219,7,25,9511,4850,4661,16,8,44,65,24.6%,302.6,154.3,148.3,0.51,0.25,1.40,2.07,297.2,151.6,145.7,0.50,0.25,1.38,2.03,58,103,1.85,3.28,1.81,3.22
,,,Tinsel,Elite,Glacier Mint,Minty Fresh,Solar,10.3,320,22,0.218,0.182,4,18,5860,2570,3290,6,7,25,37,16.2%,283.7,124.4,159.3,0.29,0.34,1.21,1.79,266.4,116.8,149.5,0.27,0.32,1.14,1.68,30,68,1.45,3.29,1.36,3.09
,,,Cineo,Elite,"Apollo
Bolts
Indominus","Olympus
Electric Mayhem
Dino Park",Solar,8.0,345,19,0.282,0.211,4,15,5840,2760,3080,5,8,28,46,10.9%,262.2,123.9,138.3,0.22,0.36,1.26,2.07,307.4,145.3,162.1,0.26,0.42,1.47,2.42,29,55,1.30,2.47,1.53,2.89
,,,Tiny. -_- (New Controls),Elite,Death Stars,The Empire,Solar,6.4,249,15,0.297,0.200,3,12,4581,2450,2131,8,5,23,25,32.0%,285.0,152.4,132.6,0.50,0.31,1.43,1.56,305.4,163.3,142.1,0.53,0.33,1.53,1.67,29,50,1.80,3.11,1.93,3.33
,,,Scrubbzy,Elite,Demoniacs,The Asylum,Solar,2.1,77,4,0.780,1.000,4,0,1075,700,375,3,3,3,10,30.0%,216.3,140.8,75.4,0.60,0.60,0.60,2.01,268.8,175.0,93.8,0.75,0.75,0.75,2.50,14,6,2.82,1.21,3.50,1.50
,,,Viper15,Elite,Knights,The Sovereign,Lunar,1.5,101,7,0.078,0.000,0,7,1718,810,908,2,2,8,11,18.2%,263.5,124.2,139.3,0.31,0.31,1.23,1.69,245.4,115.7,129.7,0.29,0.29,1.14,1.57,8,34,1.23,5.22,1.14,4.86
,,,Skybud19,Contender,Mothra,Kaiju,Solar,90.0,599,48,0.664,0.667,32,16,18132,10230,7902,52,29,45,133,39.1%,384.3,216.8,167.5,1.10,0.61,0.95,2.82,377.8,213.1,164.6,1.08,0.60,0.94,2.77,125,80,2.65,1.70,2.60,1.67
,,,Dumby,Contender,Scout Bikes,The Empire,Solar,87.9,766,57,0.686,0.737,42,15,22183,13410,8773,72,32,52,201,35.8%,367.6,222.2,145.4,1.19,0.53,0.86,3.33,389.2,235.3,153.9,1.26,0.56,0.91,3.53,158,94,2.62,1.56,2.77,1.65
,,,Scrappy1898,Contender,Dart Frogs,The Jungle,Solar,73.3,700,54,0.633,0.630,34,20,19283,11390,7893,62,24,48,159,39.0%,349.7,206.6,143.1,1.12,0.44,0.87,2.88,357.1,210.9,146.2,1.15,0.44,0.89,2.94,135,94,2.45,1.70,2.50,1.74
,,,Theairgerbil,Contender,Thunder Buddies,Electric Mayhem,Lunar,72.9,744,57,0.554,0.596,34,23,21121,11660,9461,51,24,76,156,32.7%,360.4,199.0,161.4,0.87,0.41,1.30,2.66,370.5,204.6,166.0,0.89,0.42,1.33,2.74,116,100,1.98,1.71,2.04,1.75
,,,Cubsfan082016,Contender,Battletoads,8-Bit Brigade,Lunar,72.6,779,59,0.618,0.593,35,24,20973,11700,9273,43,35,83,150,28.7%,341.8,190.7,151.1,0.70,0.57,1.35,2.44,355.5,198.3,157.2,0.73,0.59,1.41,2.54,146,106,2.38,1.73,2.47,1.80
,,,Touchetupac2,Contender,Samurai,The Sovereign,Lunar,72.1,739,58,0.580,0.483,28,30,19128,11260,7868,52,37,55,146,35.6%,328.6,193.4,135.2,0.89,0.64,0.94,2.51,329.8,194.1,135.7,0.90,0.64,0.95,2.52,150,122,2.58,2.10,2.59,2.10
,,,Roshaft,Contender,Darkness,The Shadows,Lunar,71.4,572,45,0.648,0.644,29,16,15534,7550,7984,24,24,57,110,21.8%,344.8,167.6,177.2,0.53,0.53,1.27,2.44,345.2,167.8,177.4,0.53,0.53,1.27,2.44,95,62,2.11,1.38,2.11,1.38
,,,Santa Turtle,Contender,Blobfish,The Abyss,Lunar,71.3,570,46,0.527,0.565,26,20,14973,8460,6513,35,28,50,106,33.0%,333.5,188.4,145.1,0.78,0.62,1.11,2.36,325.5,183.9,141.6,0.76,0.61,1.09,2.30,105,98,2.34,2.18,2.28,2.13
,,,Bosshogg Gz,Contender,Mothra,Kaiju,Solar,70.6,762,60,0.617,0.617,37,23,20936,11760,9176,49,28,79,151,32.5%,348.8,195.9,152.9,0.82,0.47,1.32,2.52,348.9,196.0,152.9,0.82,0.47,1.32,2.52,149,109,2.48,1.82,2.48,1.82
,,,Ppinkpantherr,Contender,"Samurai
Outbreak","The Sovereign
The Soundtrack",Lunar,69.8,372,31,0.556,0.548,17,14,9964,5580,4384,23,15,36,73,31.5%,340.0,190.4,149.6,0.78,0.51,1.23,2.49,321.4,180.0,141.4,0.74,0.48,1.16,2.35,65,56,2.22,1.91,2.10,1.81
,,,Langille_21,Contender,Chasms,North American Soccar Club,Solar,68.4,776,60,0.405,0.450,27,33,22258,12120,10138,54,23,83,142,38.0%,364.1,198.3,165.9,0.88,0.38,1.36,2.32,371.0,202.0,169.0,0.90,0.38,1.38,2.37,120,154,1.96,2.52,2.00,2.57
,,,Ryuki Sanyo,Contender,Pterodactyls,Dino Park,Lunar,68.3,572,47,0.461,0.489,23,24,15087,8400,6687,40,24,42,110,36.4%,334.8,186.4,148.4,0.89,0.53,0.93,2.44,321.0,178.7,142.3,0.85,0.51,0.89,2.34,93,103,2.06,2.29,1.98,2.19
,,,Shiftdrink,Contender,Samurai,The Sovereign,Lunar,67.9,739,58,0.571,0.483,28,30,20410,11800,8610,61,24,61,145,42.1%,350.6,202.7,147.9,1.05,0.41,1.05,2.49,351.9,203.4,148.4,1.05,0.41,1.05,2.50,148,123,2.54,2.11,2.55,2.12
,,,Greatfuz,Contender,Wobbegongs,Shark Attack,Lunar,67.9,728,58,0.556,0.517,30,28,20335,11690,8645,62,22,59,144,43.1%,354.6,203.9,150.8,1.08,0.38,1.03,2.51,350.6,201.6,149.1,1.07,0.38,1.02,2.48,131,113,2.28,1.97,2.26,1.95
,,,Particlect,Contender,Muffin Tops,The Cat Cafe,Solar,67.6,711,57,0.420,0.404,23,34,20699,11710,8989,58,14,75,146,39.7%,369.6,209.1,160.5,1.04,0.25,1.34,2.61,363.1,205.4,157.7,1.02,0.25,1.32,2.56,104,129,1.86,2.30,1.82,2.26
,,,Razzr Elite,Contender,Darkness,The Shadows,Lunar,61.8,751,60,0.644,0.650,39,21,19523,10990,8533,58,21,51,159,36.5%,330.0,185.8,144.2,0.98,0.35,0.86,2.69,325.4,183.2,142.2,0.97,0.35,0.85,2.65,128,85,2.16,1.44,2.13,1.42
,,,Tr33F0Rt,Contender,Scout Bikes,The Empire,Solar,60.0,792,60,0.685,0.733,44,16,19083,10890,8193,49,35,56,144,34.0%,305.9,174.6,131.3,0.79,0.56,0.90,2.31,318.1,181.5,136.6,0.82,0.58,0.93,2.40,164,98,2.63,1.57,2.73,1.63
,,,Hopps,Contender,Locusts,The Swarm,Solar,57.7,319,24,0.429,0.417,10,14,7677,3800,3877,13,15,25,50,26.0%,305.5,151.2,154.3,0.52,0.60,0.99,1.99,319.9,158.3,161.5,0.54,0.63,1.04,2.08,48,58,1.91,2.31,2.00,2.42
,,,Dmccarty,Contender,Battletoads,8-Bit Brigade,Lunar,57.7,751,56,0.615,0.589,33,23,18274,10390,7884,48,31,55,129,37.2%,308.9,175.6,133.3,0.81,0.52,0.93,2.18,326.3,185.5,140.8,0.86,0.55,0.98,2.30,142,104,2.40,1.76,2.54,1.86
,,,Nacho,Contender,Weasels,The Forest,Solar,56.2,212,18,0.335,0.222,4,14,5457,2710,2747,10,5,21,41,24.4%,326.8,162.3,164.5,0.60,0.30,1.26,2.46,303.2,150.6,152.6,0.56,0.28,1.17,2.28,23,37,1.38,2.22,1.28,2.06
,,,Dafiya711,Contender,Pterodactyls,Dino Park,Lunar,55.9,657,54,0.445,0.500,27,27,17024,9090,7934,43,17,55,119,36.1%,329.0,175.6,153.3,0.83,0.33,1.06,2.30,315.3,168.3,146.9,0.80,0.31,1.02,2.20,102,118,1.97,2.28,1.89,2.19
,,,Koṫa,Contender,Wobbegongs,Shark Attack,Lunar,54.1,675,54,0.566,0.519,28,26,15796,8870,6926,36,27,55,117,30.8%,297.1,166.8,130.3,0.68,0.51,1.03,2.20,292.5,164.3,128.3,0.67,0.50,1.02,2.17,124,104,2.33,1.96,2.30,1.93
,,,Sirzohan1002,Contender,Dart Frogs,The Jungle,Solar,53.8,717,56,0.638,0.625,35,21,16369,9110,7259,36,29,55,131,27.5%,289.8,161.3,128.5,0.64,0.51,0.97,2.32,292.3,162.7,129.6,0.64,0.52,0.98,2.34,132,90,2.34,1.59,2.36,1.61
,,,Phteven,Contender,Blobfish,The Abyss,Lunar,53.5,567,47,0.473,0.511,24,23,13643,7220,6423,35,22,34,92,38.0%,305.5,161.7,143.8,0.78,0.49,0.76,2.06,290.3,153.6,136.7,0.74,0.47,0.72,1.96,95,102,2.13,2.28,2.02,2.17
,,,Freeix,Contender,Darkness,The Shadows,Lunar,51.9,506,42,0.681,0.690,29,13,11987,6040,5947,29,19,27,84,34.5%,300.7,151.5,149.2,0.73,0.48,0.68,2.11,285.4,143.8,141.6,0.69,0.45,0.64,2.00,94,56,2.36,1.41,2.24,1.33
,,,Paulus1027,Contender,Scout Bikes,The Empire,Solar,51.1,729,55,0.697,0.745,41,14,15390,8910,6480,37,36,43,126,29.4%,268.0,155.2,112.8,0.64,0.63,0.75,2.19,279.8,162.0,117.8,0.67,0.65,0.78,2.29,153,88,2.66,1.53,2.78,1.60
,,,Jeoka,Contender,Spearmint,Minty Fresh,Solar,50.2,514,40,0.442,0.475,19,21,11820,6090,5730,26,20,33,84,31.0%,291.9,150.4,141.5,0.64,0.49,0.82,2.07,295.5,152.3,143.3,0.65,0.50,0.83,2.10,78,91,1.93,2.25,1.95,2.28
,,,The Battlefish,Contender,Thunder Buddies,Electric Mayhem,Lunar,49.7,457,35,0.510,0.543,19,16,10375,5120,5255,20,19,29,72,27.8%,288.2,142.2,146.0,0.56,0.53,0.81,2.00,296.4,146.3,150.1,0.57,0.54,0.83,2.06,74,72,2.06,2.00,2.11,2.06
,,,Khariaintshh,Contender,Weasels,The Forest,Solar,49.5,199,16,0.300,0.250,4,12,4477,2260,2217,7,7,17,36,19.4%,285.6,144.2,141.4,0.45,0.45,1.08,2.30,279.8,141.3,138.6,0.44,0.44,1.06,2.25,22,39,1.40,2.49,1.38,2.44
,,,Uncle Chuck,Contender,Battletoads,8-Bit Brigade,Lunar,48.5,768,58,0.614,0.586,34,24,18360,10450,7910,53,22,55,130,40.8%,303.5,172.7,130.8,0.88,0.36,0.91,2.15,316.6,180.2,136.4,0.91,0.38,0.95,2.24,143,105,2.36,1.74,2.47,1.81
,,,Mykopolis,Contender,Locusts,The Swarm,Solar,47.9,723,56,0.420,0.411,23,33,16604,8790,7814,34,22,60,129,26.4%,291.6,154.3,137.2,0.60,0.39,1.05,2.27,296.5,157.0,139.5,0.61,0.39,1.07,2.30,105,130,1.84,2.28,1.88,2.32
,,,Peachtreedish,Contender,Dart Frogs,The Jungle,Solar,47.5,688,54,0.604,0.611,33,21,14861,7890,6971,32,29,42,114,28.1%,274.2,145.6,128.6,0.59,0.54,0.77,2.10,275.2,146.1,129.1,0.59,0.54,0.78,2.11,126,95,2.32,1.75,2.33,1.76
,,,Rapidfawn812247,Contender,Outbreak,The Soundtrack,Lunar,45.7,76,7,0.225,0.143,1,6,1579,800,779,2,4,6,10,20.0%,263.8,133.6,130.1,0.33,0.67,1.00,1.67,225.6,114.3,111.3,0.29,0.57,0.86,1.43,8,18,1.34,3.01,1.14,2.57
,,,Gameymcgamertag,Contender,Spearmint,Minty Fresh,Solar,45.7,544,46,0.433,0.413,19,27,13880,7760,6120,36,10,57,81,44.4%,323.9,181.1,142.8,0.84,0.23,1.33,1.89,301.7,168.7,133.0,0.78,0.22,1.24,1.76,81,97,1.89,2.26,1.76,2.11
,,,Reedyorange,Contender,Pterodactyls,Dino Park,Lunar,45.6,666,52,0.500,0.558,29,23,15752,7720,8032,27,22,60,92,29.3%,300.3,147.2,153.1,0.51,0.42,1.14,1.75,302.9,148.5,154.5,0.52,0.42,1.15,1.77,113,113,2.15,2.15,2.17,2.17
,,,Maxwell2711,Contender,Blobfish,The Abyss,Lunar,45.1,657,54,0.431,0.426,23,31,15173,8030,7143,36,19,48,108,33.3%,293.2,155.2,138.0,0.70,0.37,0.93,2.09,281.0,148.7,132.3,0.67,0.35,0.89,2.00,99,119,1.91,2.30,1.83,2.20
,,,Byc1625,Contender,Wobbegongs,Shark Attack,Lunar,44.3,750,60,0.560,0.517,31,29,17206,9380,7826,38,25,65,108,35.2%,291.2,158.8,132.5,0.64,0.42,1.10,1.83,286.8,156.3,130.4,0.63,0.42,1.08,1.80,137,117,2.32,1.98,2.28,1.95
,,,W0Odhou5E,Contender,Outbreak,The Soundtrack,Lunar,44.2,651,51,0.336,0.373,19,32,15342,7450,7892,23,20,65,90,25.6%,299.2,145.3,153.9,0.45,0.39,1.27,1.76,300.8,146.1,154.7,0.45,0.39,1.27,1.76,84,132,1.64,2.57,1.65,2.59
,,,Bacon,Contender,Locusts,The Swarm,Solar,44.1,524,41,0.427,0.415,17,24,11717,6210,5507,29,14,33,96,30.2%,283.9,150.5,133.4,0.70,0.34,0.80,2.33,285.8,151.5,134.3,0.71,0.34,0.80,2.34,80,97,1.94,2.35,1.95,2.37
,,,Carno,Contender,Spearmint,Minty Fresh,Solar,43.5,729,59,0.440,0.458,27,32,16393,8310,8083,27,25,66,106,25.5%,285.5,144.7,140.8,0.47,0.44,1.15,1.85,277.8,140.8,137.0,0.46,0.42,1.12,1.80,109,128,1.90,2.23,1.85,2.17
,,,Mawneer,Contender,Thunder Buddies,Electric Mayhem,Lunar,42.8,770,59,0.545,0.576,34,25,17621,9440,8181,32,24,79,109,29.4%,290.5,155.6,134.9,0.53,0.40,1.30,1.80,298.7,160.0,138.7,0.54,0.41,1.34,1.85,120,106,1.98,1.75,2.03,1.80
,,,Whippetrealgood,Contender,Thunder Buddies,Electric Mayhem,Lunar,42.0,298,23,0.572,0.565,13,10,6731,3570,3161,15,7,24,52,28.8%,286.7,152.1,134.7,0.64,0.30,1.02,2.22,292.7,155.2,137.4,0.65,0.30,1.04,2.26,43,35,1.83,1.49,1.87,1.52
,,,Most_Games,Contender,Darkness,The Shadows,Lunar,41.9,424,33,0.590,0.606,20,13,9217,4610,4607,17,13,31,71,23.9%,276.0,138.0,137.9,0.51,0.39,0.93,2.13,279.3,139.7,139.6,0.52,0.39,0.94,2.15,67,52,2.01,1.56,2.03,1.58
,,,Avoidedemu,Contender,Samurai,The Sovereign,Lunar,41.6,302,24,0.442,0.292,7,17,6462,3360,3102,13,11,21,46,28.3%,271.6,141.2,130.4,0.55,0.46,0.88,1.93,269.3,140.0,129.3,0.54,0.46,0.88,1.92,49,57,2.06,2.40,2.04,2.38
,,,Spazzy,Contender,"Thunder Buddies
Spearmint","Electric Mayhem
Minty Fresh",Solar,41.6,311,23,0.415,0.478,11,12,6562,3660,2902,17,11,18,51,33.3%,267.9,149.4,118.5,0.69,0.45,0.73,2.08,285.3,159.1,126.2,0.74,0.48,0.78,2.22,48,60,1.96,2.45,2.09,2.61
,,,Papahoff420,Contender,Weasels,The Forest,Solar,41.5,273,22,0.391,0.318,7,15,6064,3160,2904,13,10,20,36,36.1%,282.0,146.9,135.0,0.60,0.47,0.93,1.67,275.6,143.6,132.0,0.59,0.45,0.91,1.64,38,51,1.77,2.37,1.73,2.32
,,,Pankakes102,Contender,Muffin Tops,The Cat Cafe,Solar,40.8,475,39,0.535,0.538,21,18,10896,5370,5526,24,11,33,77,31.2%,291.2,143.5,147.7,0.64,0.29,0.88,2.06,279.4,137.7,141.7,0.62,0.28,0.85,1.97,79,72,2.11,1.92,2.03,1.85
,,,Wrrns,Contender,Locusts,The Swarm,Solar,40.1,762,59,0.440,0.424,25,34,16277,8580,7697,40,23,43,128,31.3%,271.2,142.9,128.2,0.67,0.38,0.72,2.13,275.9,145.4,130.5,0.68,0.39,0.73,2.17,115,135,1.92,2.25,1.95,2.29
,,,Pr3V3Gaz313,Contender,Outbreak,The Soundtrack,Lunar,39.6,14,1,0.831,1.000,1,0,261,110,151,0,1,1,1,0.0%,236.7,99.7,136.9,0.00,0.91,0.91,0.91,261.0,110.0,151.0,0.00,1.00,1.00,1.00,3,1,2.72,0.91,3.00,1.00
,,,Jkay_50,Contender,Muffin Tops,The Cat Cafe,Solar,37.1,487,38,0.415,0.474,18,20,10070,5140,4930,18,16,36,74,24.3%,262.5,134.0,128.5,0.47,0.42,0.94,1.93,265.0,135.3,129.7,0.47,0.42,0.95,1.95,70,88,1.82,2.29,1.84,2.32
,,,Bdsm Jones,Contender,"Outbreak
Samurai","The Soundtrack
The Sovereign",Lunar,36.7,594,45,0.504,0.511,23,22,12373,6780,5593,30,22,38,78,38.5%,264.4,144.9,119.5,0.64,0.47,0.81,1.67,275.0,150.7,124.3,0.67,0.49,0.84,1.73,108,107,2.31,2.29,2.40,2.38
,,,The_Evil_Taco_,Contender,Outbreak,The Soundtrack,Lunar,36.7,142,12,0.181,0.167,2,10,3207,1500,1707,6,2,11,25,24.0%,286.7,134.1,152.6,0.54,0.18,0.98,2.24,267.3,125.0,142.3,0.50,0.17,0.92,2.08,12,33,1.07,2.95,1.00,2.75
,,,Meeko,Contender,Wobbegongs,Shark Attack,Lunar,34.6,97,8,0.543,0.500,4,4,1778,780,998,1,6,6,8,12.5%,232.7,102.1,130.6,0.13,0.79,0.79,1.05,222.3,97.5,124.8,0.13,0.75,0.75,1.00,19,17,2.49,2.22,2.38,2.13
,,,Mr Lophi,Contender,Chasms,North American Soccar Club,Solar,34.2,637,48,0.390,0.417,20,28,13187,7290,5897,32,17,45,99,32.3%,262.8,145.3,117.5,0.64,0.34,0.90,1.97,274.7,151.9,122.9,0.67,0.35,0.94,2.06,94,126,1.87,2.51,1.96,2.63
,,,Fatnutfreddy,Contender,Scout Bikes,The Empire,Solar,32.5,89,8,0.574,0.625,5,3,2060,1130,930,6,1,7,13,46.2%,293.8,161.2,132.7,0.86,0.14,1.00,1.85,257.5,141.3,116.3,0.75,0.13,0.88,1.63,17,14,2.42,2.00,2.13,1.75
,,,Whynotzoidberg,Contender,Blobfish,The Abyss,Lunar,31.9,168,14,0.395,0.429,6,8,3834,2020,1814,4,5,25,12,33.3%,289.7,152.6,137.1,0.30,0.38,1.89,0.91,273.9,144.3,129.6,0.29,0.36,1.79,0.86,25,33,1.89,2.49,1.79,2.36
,,,Whoviancat,Contender,Weasels,The Forest,Solar,30.7,668,52,0.296,0.250,13,39,13805,6960,6845,22,17,60,91,24.2%,262.4,132.3,130.1,0.42,0.32,1.14,1.73,265.5,133.8,131.6,0.42,0.33,1.15,1.75,82,145,1.56,2.76,1.58,2.79
,,,Underbreadbore,Contender,Spearmint,Minty Fresh,Solar,30.0,163,15,0.396,0.467,7,8,3772,1910,1862,6,3,20,16,37.5%,293.8,148.8,145.0,0.47,0.23,1.56,1.25,251.5,127.3,124.1,0.40,0.20,1.33,1.07,21,28,1.64,2.18,1.40,1.87
,,,Macn24,Contender,Mothra,Kaiju,Solar,29.8,729,57,0.631,0.632,36,21,14926,8310,6616,41,17,46,106,38.7%,259.9,144.7,115.2,0.71,0.30,0.80,1.85,261.9,145.8,116.1,0.72,0.30,0.81,1.86,144,101,2.51,1.76,2.53,1.77
,,,Rocci,Contender,Chasms,North American Soccar Club,Solar,27.3,373,30,0.457,0.500,15,15,7919,4410,3509,19,10,33,36,52.8%,269.5,150.1,119.4,0.65,0.34,1.12,1.23,264.0,147.0,117.0,0.63,0.33,1.10,1.20,69,77,2.35,2.62,2.30,2.57
,,,Tegridy,Contender,"Muffin Tops
Weasels","The Cat Cafe
The Forest",Solar,26.4,466,37,0.232,0.162,6,31,9532,4640,4892,17,9,37,64,26.6%,259.7,126.4,133.3,0.46,0.25,1.01,1.74,257.6,125.4,132.2,0.46,0.24,1.00,1.73,52,113,1.42,3.08,1.41,3.05
,,,Notx Maniac,Contender,Outbreak,The Soundtrack,Lunar,26.2,558,44,0.360,0.386,17,27,11261,6040,5221,22,16,49,59,37.3%,256.2,137.4,118.8,0.50,0.36,1.11,1.34,255.9,137.3,118.7,0.50,0.36,1.11,1.34,79,115,1.80,2.62,1.80,2.61
,,,Loveandhennessy.,Contender,Weasels,The Forest,Solar,21.1,472,35,0.235,0.171,6,29,9246,4830,4416,19,9,38,58,32.8%,248.7,129.9,118.8,0.51,0.24,1.02,1.56,264.2,138.0,126.2,0.54,0.26,1.09,1.66,49,107,1.32,2.88,1.40,3.06
,,,Shane9B3,Contender,Pterodactyls,Dino Park,Lunar,19.0,322,27,0.417,0.519,14,13,6296,2940,3356,11,8,23,29,37.9%,248.2,115.9,132.3,0.43,0.32,0.91,1.14,233.2,108.9,124.3,0.41,0.30,0.85,1.07,55,68,2.17,2.68,2.04,2.52
,,,Papa_Lane_88,Contender,Battletoads,8-Bit Brigade,Lunar,13.5,84,7,0.446,0.429,3,4,1554,710,844,4,1,3,11,36.4%,234.9,107.3,127.6,0.60,0.15,0.45,1.66,222.0,101.4,120.6,0.57,0.14,0.43,1.57,13,15,1.96,2.27,1.86,2.14
,,,Alextross,Contender,Dart Frogs,The Jungle,Solar,12.9,214,16,0.367,0.375,6,10,3545,2150,1395,10,4,13,30,33.3%,210.3,127.5,82.8,0.59,0.24,0.77,1.78,221.6,134.4,87.2,0.63,0.25,0.81,1.88,27,39,1.60,2.31,1.69,2.44
,,,Quidditch Captn,Contender,Chasms,North American Soccar Club,Solar,12.3,542,42,0.385,0.452,19,23,9221,4820,4401,15,13,42,57,26.3%,216.0,112.9,103.1,0.35,0.30,0.98,1.34,219.5,114.8,104.8,0.36,0.31,1.00,1.36,77,105,1.80,2.46,1.83,2.50
,,,The Janitor,Contender,Mothra,Kaiju,Solar,11.7,196,15,0.409,0.400,6,9,3132,1570,1562,7,7,7,17,41.2%,202.9,101.7,101.2,0.45,0.45,0.45,1.10,208.8,104.7,104.1,0.47,0.47,0.47,1.13,29,37,1.88,2.40,1.93,2.47
,,,Thesaltylobbster,Contender,Outbreak,The Soundtrack,Lunar,11.1,316,26,0.200,0.154,4,22,5837,3110,2727,13,2,26,41,31.7%,234.5,124.9,109.6,0.52,0.08,1.04,1.65,224.5,119.6,104.9,0.50,0.08,1.00,1.58,29,73,1.17,2.93,1.12,2.81
,,,Styk75,Contender,Blobfish,The Abyss,Lunar,7.8,240,19,0.139,0.105,2,17,3899,1690,2209,3,4,18,29,10.3%,206.2,89.4,116.8,0.16,0.21,0.95,1.53,205.2,88.9,116.3,0.16,0.21,0.95,1.53,15,53,0.79,2.80,0.79,2.79
,,,Thenio,Contender,Weasels,The Forest,Solar,2.4,123,10,0.134,0.100,1,9,1936,920,1016,2,2,10,12,16.7%,199.8,95.0,104.9,0.21,0.21,1.03,1.24,193.6,92.0,101.6,0.20,0.20,1.00,1.20,7,26,0.72,2.68,0.70,2.60
,,,D1Rew00F,Contender,Muffin Tops,The Cat Cafe,Solar,-6.7,426,36,0.327,0.222,8,28,6478,2750,3728,4,6,36,25,16.0%,193.1,82.0,111.1,0.12,0.18,1.07,0.75,179.9,76.4,103.6,0.11,0.17,1.00,0.69,56,90,1.67,2.68,1.56,2.50
,,,Dayton,Challenger,Killer Bees,The Swarm,Solar,96.0,556,40,0.551,0.600,24,16,17312,9850,7462,43,27,60,120,35.8%,442.1,251.6,190.6,1.10,0.69,1.53,3.06,432.8,246.3,186.6,1.08,0.68,1.50,3.00,97,85,2.48,2.17,2.43,2.13
,,,Bosco,Challenger,Void,The Shadows,Lunar,94.6,724,54,0.722,0.759,41,13,21401,13130,8271,78,29,40,188,41.5%,419.7,257.5,162.2,1.53,0.57,0.78,3.69,396.3,243.1,153.2,1.44,0.54,0.74,3.48,158,86,3.10,1.69,2.93,1.59
,,,Matrixzthebad,Challenger,Squalls,Storm,Solar,85.5,877,60,0.724,0.750,45,15,24561,15150,9411,75,42,71,200,37.5%,397.7,245.3,152.4,1.21,0.68,1.15,3.24,409.4,252.5,156.9,1.25,0.70,1.18,3.33,189,102,3.06,1.65,3.15,1.70
,,,Okieghosty,Challenger,"Arctic Foxes
Toucans","Polar Vortex
The Jungle",Lunar,82.5,289,20,0.527,0.550,11,9,7875,4480,3395,20,13,23,68,29.4%,386.9,220.1,166.8,0.98,0.64,1.13,3.34,393.8,224.0,169.8,1.00,0.65,1.15,3.40,44,41,2.16,2.01,2.20,2.05
,,,D.,Challenger,Chia Pets,As Seen on TV!,Solar,80.6,767,53,0.647,0.679,36,17,21228,12260,8968,53,40,69,151,35.1%,393.0,227.0,166.0,0.98,0.74,1.28,2.80,400.5,231.3,169.2,1.00,0.75,1.30,2.85,152,103,2.81,1.91,2.87,1.94
,,,Glaevv,Challenger,Schnauzers,Puppy Paradise,Solar,80.0,830,57,0.563,0.526,30,27,24050,14750,9300,67,25,99,185,36.2%,411.5,252.3,159.1,1.15,0.43,1.69,3.17,421.9,258.8,163.2,1.18,0.44,1.74,3.25,146,124,2.50,2.12,2.56,2.18
,,,89Ken,Challenger,Isopods,The Abyss,Lunar,79.2,59,4,0.327,0.250,1,3,1433,840,593,1,6,7,9,11.1%,344.9,202.2,142.7,0.24,1.44,1.68,2.17,358.3,210.0,148.3,0.25,1.50,1.75,2.25,9,14,2.17,3.37,2.25,3.50
,,,M0Vethatbus,Challenger,Firecrackers,Fallout Shelter,Solar,77.8,711,51,0.603,0.627,32,19,19605,11540,8065,51,28,70,154,33.1%,391.5,230.5,161.1,1.02,0.56,1.40,3.08,384.4,226.3,158.1,1.00,0.55,1.37,3.02,137,105,2.74,2.10,2.69,2.06
,,,Curry,Challenger,"Threshers
Killer Bees","Shark Attack
The Swarm",Lunar,74.1,839,56,0.725,0.768,43,13,21376,12790,8586,55,45,66,174,31.6%,361.8,216.5,145.3,0.93,0.76,1.12,2.94,381.7,228.4,153.3,0.98,0.80,1.18,3.11,165,87,2.79,1.47,2.95,1.55
,,,Lastdark,Challenger,Chia Pets,As Seen on TV!,Solar,72.9,668,47,0.607,0.617,29,18,17560,10450,7110,51,26,52,145,35.2%,373.3,222.1,151.1,1.08,0.55,1.11,3.08,373.6,222.3,151.3,1.09,0.55,1.11,3.09,122,92,2.59,1.96,2.60,1.96
,,,The Dentist,Challenger,Saturn,Milky Way,Lunar,72.8,678,50,0.493,0.520,26,24,19079,10760,8319,53,17,64,141,37.6%,399.6,225.4,174.2,1.11,0.36,1.34,2.95,381.6,215.2,166.4,1.06,0.34,1.28,2.82,104,106,2.18,2.22,2.08,2.12
,,,Jkubb_,Challenger,Panda Bears,The Bear Den,Lunar,72.8,754,60,0.528,0.500,30,30,20122,11340,8782,52,32,61,149,34.9%,379.0,213.6,165.4,0.98,0.60,1.15,2.81,335.4,189.0,146.4,0.87,0.53,1.02,2.48,130,121,2.45,2.28,2.17,2.02
,,,Hewhogrins,Challenger,"TIE Fighters
Enigma","The Empire
The Soundtrack",Lunar,71.3,770,55,0.433,0.436,24,31,19839,11530,8309,38,46,82,133,28.6%,365.9,212.6,153.2,0.70,0.85,1.51,2.45,360.7,209.6,151.1,0.69,0.84,1.49,2.42,117,139,2.16,2.56,2.13,2.53
,,,Coopa,Challenger,Chimps,Planet of the Apes,Lunar,70.8,798,55,0.567,0.582,32,23,20769,12310,8459,58,34,64,161,36.0%,369.6,219.1,150.5,1.03,0.61,1.14,2.86,377.6,223.8,153.8,1.05,0.62,1.16,2.93,154,130,2.74,2.31,2.80,2.36
,,,Bak3R---Boy,Challenger,Void,The Shadows,Lunar,70.3,703,53,0.719,0.717,38,15,18396,10660,7736,41,43,67,106,38.7%,371.6,215.3,156.3,0.83,0.87,1.35,2.14,347.1,201.1,146.0,0.77,0.81,1.26,2.00,153,84,3.09,1.70,2.89,1.58
,,,Celestial,Challenger,Hysterics,The Asylum,Solar,70.0,756,55,0.506,0.455,25,30,19990,10910,9080,51,28,58,151,33.8%,375.5,204.9,170.6,0.96,0.53,1.09,2.84,363.5,198.4,165.1,0.93,0.51,1.05,2.75,119,117,2.24,2.20,2.16,2.13
,,,Sirtommynoble,Challenger,Squalls,Storm,Solar,69.9,721,52,0.726,0.712,37,15,17990,11270,6720,55,32,52,157,35.0%,354.3,222.0,132.3,1.08,0.63,1.02,3.09,346.0,216.7,129.2,1.06,0.62,1.00,3.02,160,86,3.15,1.69,3.08,1.65
,,,Bousquet,Challenger,Isopods,The Abyss,Lunar,69.8,813,60,0.511,0.483,29,31,21320,12350,8970,64,32,55,160,40.0%,372.4,215.7,156.7,1.12,0.56,0.96,2.79,355.3,205.8,149.5,1.07,0.53,0.92,2.67,140,136,2.45,2.38,2.33,2.27
,,,Dilly Dallier,Challenger,Kraits,The Serpents,Lunar,69.6,708,51,0.409,0.373,19,32,18464,10440,8024,50,27,53,144,34.7%,370.3,209.4,160.9,1.00,0.54,1.06,2.89,362.0,204.7,157.3,0.98,0.53,1.04,2.82,111,140,2.23,2.81,2.18,2.75
,,,Stealthman777,Challenger,Triceratops,Dino Park,Lunar,67.7,841,59,0.595,0.627,37,22,21958,12110,9848,49,33,79,161,30.4%,370.8,204.5,166.3,0.83,0.56,1.33,2.72,372.2,205.3,166.9,0.83,0.56,1.34,2.73,143,111,2.41,1.87,2.42,1.88
,,,Que.,Challenger,"Hysterics
Guardians of the Galaxy","The Asylum
The Comic Crusaders",Solar,67.2,800,56,0.467,0.446,25,31,21014,12510,8504,52,33,84,146,35.6%,373.0,222.1,150.9,0.92,0.59,1.49,2.59,375.3,223.4,151.9,0.93,0.59,1.50,2.61,123,134,2.18,2.38,2.20,2.39
,,,Hesawkward,Challenger,Triceratops,Dino Park,Lunar,66.6,796,56,0.597,0.625,35,21,21323,12210,9113,53,29,81,141,37.6%,380.4,217.8,162.6,0.95,0.52,1.44,2.52,380.8,218.0,162.7,0.95,0.52,1.45,2.52,136,105,2.43,1.87,2.43,1.88
,,,Jerxe,Challenger,Threshers,Shark Attack,Lunar,66.2,879,60,0.728,0.733,44,16,21284,11980,9304,46,45,68,173,26.6%,343.8,193.5,150.3,0.74,0.73,1.10,2.79,354.7,199.7,155.1,0.77,0.75,1.13,2.88,177,93,2.86,1.50,2.95,1.55
,,,Hero,Challenger,Aurora,The Cosmos,Solar,66.1,668,46,0.648,0.717,33,13,16014,9210,6804,42,33,40,136,30.9%,340.4,195.8,144.6,0.89,0.70,0.85,2.89,348.1,200.2,147.9,0.91,0.72,0.87,2.96,117,78,2.49,1.66,2.54,1.70
,,,Juanma2060,Challenger,TIE Fighters,The Empire,Solar,65.6,808,54,0.463,0.537,29,25,21403,12330,9073,51,32,85,138,37.0%,376.1,216.7,159.5,0.90,0.56,1.49,2.43,396.4,228.3,168.0,0.94,0.59,1.57,2.56,133,146,2.34,2.57,2.46,2.70
,,,Fineapple,Challenger,Aurora,The Cosmos,Solar,63.3,610,43,0.713,0.744,32,11,14299,8190,6109,40,27,31,129,31.0%,332.9,190.7,142.2,0.93,0.63,0.72,3.00,332.5,190.5,142.1,0.93,0.63,0.72,3.00,120,66,2.79,1.54,2.79,1.53
,,,Retroexplorer,Challenger,"Hephaestus
Toucans","Olympus
The Jungle",Solar,63.2,920,62,0.474,0.452,28,34,23467,13240,10227,61,30,77,179,34.1%,362.2,204.4,157.9,0.94,0.46,1.19,2.76,378.5,213.5,165.0,0.98,0.48,1.24,2.89,140,150,2.16,2.32,2.26,2.42
,,,Nebulade,Challenger,Shock,Electric Mayhem,Lunar,62.8,803,59,0.408,0.424,25,34,20469,11600,8869,52,32,68,140,37.1%,362.0,205.1,156.8,0.92,0.57,1.20,2.48,346.9,196.6,150.3,0.88,0.54,1.15,2.37,131,165,2.32,2.92,2.22,2.80
,,,Anserem,Challenger,Squalls,Storm,Solar,62.7,675,44,0.756,0.773,34,10,15300,9180,6120,41,40,36,128,32.0%,321.9,193.1,128.7,0.86,0.84,0.76,2.69,347.7,208.6,139.1,0.93,0.91,0.82,2.91,149,72,3.13,1.51,3.39,1.64
,,,Zeddwolff,Challenger,"Breadsticks
Toucans","Fifty-Fifty Pizzeria
The Jungle",Lunar,62.5,327,23,0.408,0.478,11,12,8562,5320,3242,19,10,46,62,30.6%,371.8,231.0,140.8,0.83,0.43,2.00,2.69,372.3,231.3,141.0,0.83,0.43,2.00,2.70,43,55,1.87,2.39,1.87,2.39
,,,Claydoh03,Challenger,Panda Bears,The Bear Den,Lunar,61.4,686,55,0.527,0.491,27,28,16675,9020,7655,33,34,57,117,28.2%,345.2,186.7,158.5,0.68,0.70,1.18,2.42,303.2,164.0,139.2,0.60,0.62,1.04,2.13,119,111,2.46,2.30,2.16,2.02
,,,Mustangboyz50,Challenger,Firecrackers,Fallout Shelter,Solar,60.3,586,41,0.548,0.561,23,18,14520,8540,5980,41,23,45,104,39.4%,351.8,206.9,144.9,0.99,0.56,1.09,2.52,354.1,208.3,145.9,1.00,0.56,1.10,2.54,103,91,2.50,2.21,2.51,2.22
,,,Gamingwepicj,Challenger,Threshers,Shark Attack,Lunar,60.0,850,58,0.725,0.724,42,16,21200,13280,7920,70,27,66,163,42.9%,354.2,221.9,132.3,1.17,0.45,1.10,2.72,365.5,229.0,136.6,1.21,0.47,1.14,2.81,173,92,2.89,1.54,2.98,1.59
,,,Mr.Numb3Rz,Challenger,Timber Wolves,The Forest,Solar,59.9,673,48,0.522,0.500,24,24,16596,9830,6766,51,21,47,133,38.3%,350.2,207.4,142.8,1.08,0.44,0.99,2.81,345.8,204.8,141.0,1.06,0.44,0.98,2.77,108,102,2.28,2.15,2.25,2.13
,,,Im Washed,Challenger,Metal,The Elements,Lunar,58.5,588,44,0.321,0.273,12,32,15539,8350,7189,34,14,65,100,34.0%,375.3,201.6,173.6,0.82,0.34,1.57,2.41,353.2,189.8,163.4,0.77,0.32,1.48,2.27,80,128,1.93,3.09,1.82,2.91
,,,Pant,Challenger,Polar Ice,Minty Fresh,Solar,58.1,622,46,0.580,0.565,26,20,15580,8760,6820,37,22,58,106,34.9%,355.7,200.0,155.7,0.84,0.50,1.32,2.42,338.7,190.4,148.3,0.80,0.48,1.26,2.30,111,90,2.53,2.05,2.41,1.96
,,,Mattviaairwaves,Challenger,Isopods,The Abyss,Lunar,58.0,697,52,0.560,0.538,28,24,16402,8620,7782,36,30,45,127,28.3%,334.2,175.6,158.5,0.73,0.61,0.92,2.59,315.4,165.8,149.7,0.69,0.58,0.87,2.44,125,107,2.55,2.18,2.40,2.06
,,,Rob,Challenger,Breadsticks,Fifty-Fifty Pizzeria,Lunar,58.0,737,50,0.539,0.560,28,22,17952,10530,7422,42,32,70,123,34.1%,345.9,202.9,143.0,0.81,0.62,1.35,2.37,359.0,210.6,148.4,0.84,0.64,1.40,2.46,125,113,2.41,2.18,2.50,2.26
,,,Sagents,Challenger,Guardians of the Galaxy,The Comic Crusaders,Lunar,57.8,764,56,0.447,0.446,25,31,19234,10970,8264,48,23,73,137,35.0%,357.5,203.9,153.6,0.89,0.43,1.36,2.55,343.5,195.9,147.6,0.86,0.41,1.30,2.45,116,133,2.16,2.47,2.07,2.38
,,,Thunda Esq,Challenger,Paperboys,8-Bit Brigade,Lunar,56.9,603,43,0.374,0.349,15,28,15088,8350,6738,41,20,45,100,41.0%,355.3,196.6,158.7,0.97,0.47,1.06,2.35,350.9,194.2,156.7,0.95,0.47,1.05,2.33,89,123,2.10,2.90,2.07,2.86
,,,Lebaneseninja,Challenger,Arctic Foxes,Polar Vortex,Lunar,56.6,909,60,0.500,0.500,30,30,21423,11990,9433,40,33,91,179,22.3%,334.7,187.3,147.4,0.62,0.52,1.42,2.80,357.1,199.8,157.2,0.67,0.55,1.52,2.98,135,135,2.11,2.11,2.25,2.25
,,,Pikmanchu,Challenger,Aurora,The Cosmos,Solar,56.4,751,52,0.709,0.769,40,12,18120,10550,7570,50,21,60,150,33.3%,342.6,199.5,143.1,0.95,0.40,1.13,2.84,348.5,202.9,145.6,0.96,0.40,1.15,2.88,144,80,2.72,1.51,2.77,1.54
,,,Lynky,Challenger,Polar Ice,Minty Fresh,Solar,56.3,570,44,0.509,0.500,22,22,13710,6730,6980,24,24,44,93,25.8%,341.5,167.7,173.9,0.60,0.60,1.10,2.32,311.6,153.0,158.6,0.55,0.55,1.00,2.11,89,87,2.22,2.17,2.02,1.98
,,,Lucky Ducky,Challenger,Isopods,The Abyss,Lunar,55.9,444,32,0.536,0.531,17,15,9986,5770,4216,26,19,27,87,29.9%,319.4,184.5,134.8,0.83,0.61,0.86,2.78,312.1,180.3,131.8,0.81,0.59,0.84,2.72,81,74,2.59,2.37,2.53,2.31
,,,Dm,Challenger,Arctic Foxes,Polar Vortex,Lunar,54.9,598,39,0.526,0.513,20,19,14751,8340,6411,38,12,55,119,31.9%,350.3,198.0,152.2,0.90,0.28,1.31,2.83,378.2,213.8,164.4,0.97,0.31,1.41,3.05,90,84,2.14,1.99,2.31,2.15
,,,Dubs,Challenger,Killer Bees,The Swarm,Solar,54.4,211,14,0.410,0.500,7,7,4897,2640,2257,10,8,17,39,25.6%,329.6,177.7,151.9,0.67,0.54,1.14,2.62,349.8,188.6,161.2,0.71,0.57,1.21,2.79,30,38,2.02,2.56,2.14,2.71
,,,Communistcowboy,Challenger,Recycling Bins,Waste Management,Solar,54.4,574,40,0.431,0.450,18,22,13337,6940,6397,28,20,41,109,25.7%,329.9,171.7,158.3,0.69,0.49,1.01,2.70,333.4,173.5,159.9,0.70,0.50,1.03,2.73,88,105,2.18,2.60,2.20,2.63
,,,Whymer,Challenger,Firecrackers,Fallout Shelter,Solar,54.2,586,41,0.583,0.610,25,16,12961,7080,5881,32,29,28,103,31.1%,314.1,171.6,142.5,0.78,0.70,0.68,2.50,316.1,172.7,143.4,0.78,0.71,0.68,2.51,109,88,2.64,2.13,2.66,2.15
,,,Xxfazepythrlxx.Ttv.Tiktok[Live],Challenger,Toucans,The Jungle,Solar,53.9,818,55,0.466,0.473,26,29,20392,12000,8392,55,18,82,150,36.7%,354.0,208.3,145.7,0.95,0.31,1.42,2.60,370.8,218.2,152.6,1.00,0.33,1.49,2.73,119,130,2.07,2.26,2.16,2.36
,,,Slipknota9538,Challenger,"Metal
Chia Pets","The Elements
As Seen on TV!",Solar,53.8,286,20,0.566,0.600,12,8,6904,3970,2934,21,6,20,57,36.8%,342.8,197.1,145.7,1.04,0.30,0.99,2.83,345.2,198.5,146.7,1.05,0.30,1.00,2.85,51,43,2.53,2.13,2.55,2.15
,,,Bebisher,Challenger,"Enigma
TIE Fighters","The Soundtrack
The Empire",Solar,53.6,838,55,0.404,0.436,24,31,19389,11040,8349,44,39,67,134,32.8%,328.5,187.1,141.5,0.75,0.66,1.14,2.27,352.5,200.7,151.8,0.80,0.71,1.22,2.44,125,160,2.12,2.71,2.27,2.91
,,,Satch Malone,Challenger,Recycling Bins,Waste Management,Solar,53.2,519,35,0.518,0.514,18,17,11340,6630,4710,26,26,36,93,28.0%,310.3,181.4,128.9,0.71,0.71,0.98,2.54,324.0,189.4,134.6,0.74,0.74,1.03,2.66,91,87,2.49,2.38,2.60,2.49
,,,Scias,Challenger,Timber Wolves,The Forest,Solar,53.0,591,43,0.551,0.535,23,20,13877,7490,6387,29,23,49,99,29.3%,333.4,180.0,153.5,0.70,0.55,1.18,2.38,322.7,174.2,148.5,0.67,0.53,1.14,2.30,94,82,2.26,1.97,2.19,1.91
,,,Preflight,Challenger,Chimps,Planet of the Apes,Lunar,52.3,686,48,0.551,0.583,28,20,15521,8970,6551,40,28,47,122,32.8%,321.3,185.7,135.6,0.83,0.58,0.97,2.53,323.4,186.9,136.5,0.83,0.58,0.98,2.54,132,116,2.73,2.40,2.75,2.42
,,,Halfiehour,Challenger,"Shock
Hysterics
Threshers","Electric Mayhem
The Asylum
Shark Attack",Lunar,52.3,618,44,0.500,0.500,22,22,14423,8310,6113,37,19,50,116,31.9%,331.4,190.9,140.5,0.85,0.44,1.15,2.67,327.8,188.9,138.9,0.84,0.43,1.14,2.64,111,111,2.55,2.55,2.52,2.52
,,,Blaniac,Challenger,Spartans,The Sovereign,Lunar,52.3,741,50,0.393,0.440,22,28,17577,9590,7987,40,22,63,134,29.9%,336.8,183.8,153.1,0.77,0.42,1.21,2.57,351.5,191.8,159.7,0.80,0.44,1.26,2.68,102,135,1.95,2.59,2.04,2.70
,,,Nickm,Challenger,Polar Ice,Minty Fresh,Solar,52.1,502,38,0.544,0.526,20,18,12142,7010,5132,36,14,37,86,41.9%,343.5,198.3,145.2,1.02,0.40,1.05,2.43,319.5,184.5,135.1,0.95,0.37,0.97,2.26,83,74,2.35,2.09,2.18,1.95
,,,Sef_Assasin666,Challenger,Pawberry Pancakes,The Cat Cafe,Solar,52.0,626,45,0.467,0.400,18,27,15381,8500,6881,35,15,63,110,31.8%,348.9,192.8,156.1,0.79,0.34,1.43,2.50,341.8,188.9,152.9,0.78,0.33,1.40,2.44,87,95,1.97,2.15,1.93,2.11
,,,Astro,Challenger,Schnauzers,Puppy Paradise,Solar,50.8,812,56,0.546,0.500,28,28,18455,10540,7915,42,38,64,124,33.9%,322.7,184.3,138.4,0.73,0.66,1.12,2.17,329.6,188.2,141.3,0.75,0.68,1.14,2.21,142,126,2.48,2.20,2.54,2.25
,,,Cazzuto,Challenger,Timber Wolves,The Forest,Solar,50.5,805,57,0.552,0.561,32,25,18402,10210,8192,38,37,67,121,31.4%,324.6,180.1,144.5,0.67,0.65,1.18,2.13,322.8,179.1,143.7,0.67,0.65,1.18,2.12,135,118,2.38,2.08,2.37,2.07
,,,Crongu,Challenger,Aurora,The Cosmos,Solar,49.9,578,39,0.688,0.769,30,9,12525,7140,5385,31,21,37,114,27.2%,307.7,175.4,132.3,0.76,0.52,0.91,2.80,321.2,183.1,138.1,0.79,0.54,0.95,2.92,108,64,2.65,1.57,2.77,1.64
,,,Mysty,Challenger,Pawberry Pancakes,The Cat Cafe,Solar,49.9,656,48,0.352,0.292,14,34,15988,8290,7698,31,16,66,109,28.4%,346.1,179.4,166.6,0.67,0.35,1.43,2.36,333.1,172.7,160.4,0.65,0.33,1.38,2.27,76,114,1.65,2.47,1.58,2.38
,,,Kvn,Challenger,"Guardians of the Galaxy
Hysterics","The Comic Crusaders
The Asylum",Lunar,49.7,627,49,0.430,0.408,20,29,14927,8460,6467,31,24,65,91,34.1%,338.1,191.6,146.5,0.70,0.54,1.47,2.06,304.6,172.7,132.0,0.63,0.49,1.33,1.86,104,124,2.36,2.81,2.12,2.53
,,,Emolga,Challenger,Void,The Shadows,Lunar,49.5,508,38,0.692,0.763,29,9,11849,6260,5589,24,18,43,81,29.6%,331.2,175.0,156.2,0.67,0.50,1.20,2.26,311.8,164.7,147.1,0.63,0.47,1.13,2.13,100,59,2.80,1.65,2.63,1.55
,,,Vote4Jr,Challenger,Killer Bees,The Swarm,Solar,48.7,519,39,0.456,0.462,18,21,12154,7120,5034,36,15,38,87,41.4%,332.5,194.8,137.7,0.98,0.41,1.04,2.38,311.6,182.6,129.1,0.92,0.38,0.97,2.23,85,95,2.33,2.60,2.18,2.44
,,,Cubbyybbuc,Challenger,Panda Bears,The Bear Den,Lunar,48.5,725,58,0.542,0.517,30,28,16028,8680,7348,43,26,36,128,33.6%,313.9,170.0,143.9,0.84,0.51,0.71,2.51,276.3,149.7,126.7,0.74,0.45,0.62,2.21,126,113,2.47,2.21,2.17,1.95
,,,Doucky,Challenger,Chimps,Planet of the Apes,Lunar,48.3,674,47,0.547,0.553,26,21,15484,9180,6304,43,24,52,108,39.8%,326.2,193.4,132.8,0.91,0.51,1.10,2.28,329.4,195.3,134.1,0.91,0.51,1.11,2.30,123,109,2.59,2.30,2.62,2.32
,,,The Instigant,Challenger,Polar Ice,Minty Fresh,Solar,48.1,694,52,0.514,0.481,25,27,16033,8390,7643,34,24,54,109,31.2%,328.1,171.7,156.4,0.70,0.49,1.10,2.23,308.3,161.3,147.0,0.65,0.46,1.04,2.10,110,106,2.25,2.17,2.12,2.04
,,,Tbone,Challenger,"Hysterics
Enigma
Breadsticks","The Asylum
The Soundtrack
Fifty-Fifty Pizzeria",Lunar,47.6,644,47,0.475,0.447,21,26,14897,8550,6347,40,20,50,105,38.1%,328.5,188.5,139.9,0.88,0.44,1.10,2.32,317.0,181.9,135.0,0.85,0.43,1.06,2.23,107,114,2.36,2.51,2.28,2.43
,,,Ghostie,Challenger,Paperboys,8-Bit Brigade,Lunar,47.3,534,38,0.394,0.447,17,21,12283,6650,5633,26,18,46,85,30.6%,326.6,176.8,149.8,0.69,0.48,1.22,2.26,323.2,175.0,148.2,0.68,0.47,1.21,2.24,75,99,1.99,2.63,1.97,2.61
,,,Drskimmilk,Challenger,Solar Flares,North American Soccar Club,Solar,46.8,738,46,0.473,0.478,22,24,17491,10060,7431,35,25,85,106,33.0%,336.5,193.6,143.0,0.67,0.48,1.64,2.04,380.2,218.7,161.5,0.76,0.54,1.85,2.30,110,118,2.12,2.27,2.39,2.57
,,,Kyllonen,Challenger,Recycling Bins,Waste Management,Solar,46.5,822,55,0.506,0.545,30,25,19275,11040,8235,52,25,67,124,41.9%,333.0,190.7,142.3,0.90,0.43,1.16,2.14,350.5,200.7,149.7,0.95,0.45,1.22,2.25,139,137,2.40,2.37,2.53,2.49
,,,Theunequal Yeti,Challenger,Firecrackers,Fallout Shelter,Solar,46.2,625,44,0.539,0.500,22,22,12956,7250,5706,27,34,38,95,28.4%,294.4,164.7,129.6,0.61,0.77,0.86,2.16,294.5,164.8,129.7,0.61,0.77,0.86,2.16,104,94,2.36,2.14,2.36,2.14
,,,Skrikeshut,Challenger,Schnauzers,Puppy Paradise,Solar,45.7,681,48,0.558,0.521,25,23,14534,7900,6634,28,32,49,105,26.7%,303.1,164.7,138.3,0.58,0.67,1.02,2.19,302.8,164.6,138.2,0.58,0.67,1.02,2.19,123,106,2.56,2.21,2.56,2.21
,,,Parkkid,Challenger,Destroyah,Kaiju,Solar,45.6,784,52,0.434,0.404,21,31,18408,10420,7988,47,19,70,127,37.0%,333.4,188.7,144.7,0.85,0.34,1.27,2.30,354.0,200.4,153.6,0.90,0.37,1.35,2.44,104,124,1.88,2.25,2.00,2.38
,,,Nizzlepls,Challenger,Void,The Shadows,Lunar,45.5,492,35,0.626,0.600,21,14,10734,5850,4884,23,19,36,80,28.8%,309.8,168.8,141.0,0.66,0.55,1.04,2.31,306.7,167.1,139.5,0.66,0.54,1.03,2.29,87,62,2.51,1.79,2.49,1.77
,,,S1Urptastic,Challenger,Chia Pets,As Seen on TV!,Solar,45.1,465,31,0.642,0.613,19,12,10558,5620,4938,25,11,35,82,30.5%,322.4,171.6,150.8,0.76,0.34,1.07,2.50,340.6,181.3,159.3,0.81,0.35,1.13,2.65,81,55,2.47,1.68,2.61,1.77
,,,Patrickshwastey,Challenger,Chimps,Planet of the Apes,Lunar,44.8,356,27,0.590,0.593,16,11,7932,4000,3932,20,12,17,55,36.4%,316.4,159.6,156.8,0.80,0.48,0.68,2.19,293.8,148.1,145.6,0.74,0.44,0.63,2.04,74,59,2.95,2.35,2.74,2.19
,,,Wannabuybubbles,Challenger,Paperboys,8-Bit Brigade,Lunar,44.5,68,5,0.139,0.200,1,4,1807,950,857,4,0,9,10,40.0%,377.3,198.4,179.0,0.84,0.00,1.88,2.09,361.4,190.0,171.4,0.80,0.00,1.80,2.00,7,21,1.46,4.39,1.40,4.20
,,,Prem1X,Challenger,Saturn,Milky Way,Lunar,43.4,451,35,0.505,0.514,18,17,9702,4610,5092,16,17,29,71,22.5%,305.5,145.1,160.3,0.50,0.54,0.91,2.24,277.2,131.7,145.5,0.46,0.49,0.83,2.03,70,69,2.20,2.17,2.00,1.97
,,,Lshewasntreadyl,Challenger,Saturn,Milky Way,Lunar,43.3,495,38,0.484,0.500,19,19,10503,5090,5413,15,18,37,84,17.9%,301.3,146.0,155.3,0.43,0.52,1.06,2.41,276.4,133.9,142.4,0.39,0.47,0.97,2.21,69,72,1.98,2.07,1.82,1.89
,,,The Static,Challenger,Breadsticks,Fifty-Fifty Pizzeria,Lunar,42.8,584,39,0.508,0.462,18,21,12815,7790,5025,36,19,46,94,38.3%,311.6,189.4,122.2,0.88,0.46,1.12,2.29,328.6,199.7,128.8,0.92,0.49,1.18,2.41,100,98,2.43,2.38,2.56,2.51
,,,Corrupt_Arrow,Challenger,Destroyah,Kaiju,Solar,42.6,518,33,0.367,0.333,11,22,11334,5720,5614,15,14,52,92,16.3%,310.7,156.8,153.9,0.41,0.38,1.43,2.52,343.5,173.3,170.1,0.45,0.42,1.58,2.79,58,84,1.59,2.30,1.76,2.55
,,,Mattyice,Challenger,"Paperboys
Solar Flares","8-Bit Brigade
North American Soccar Club",Solar,42.4,509,30,0.393,0.367,11,19,11428,6770,4658,29,12,48,87,33.3%,318.8,188.9,129.9,0.81,0.33,1.34,2.43,380.9,225.7,155.3,0.97,0.40,1.60,2.90,71,94,1.98,2.62,2.37,3.13
,,,Ofodo,Challenger,"Shock
Metal","Electric Mayhem
The Elements",Lunar,40.6,636,46,0.457,0.478,22,24,13536,7420,6116,31,23,44,97,32.0%,302.2,165.7,136.6,0.69,0.51,0.98,2.17,294.3,161.3,133.0,0.67,0.50,0.96,2.11,105,117,2.34,2.61,2.28,2.54
,,,Lickadoss77,Challenger,"Killer Bees
Arctic Foxes","The Swarm
Polar Vortex",Solar,40.6,596,44,0.468,0.455,20,24,12792,6690,6102,19,24,55,84,22.6%,304.8,159.4,145.4,0.45,0.57,1.31,2.00,290.7,152.0,138.7,0.43,0.55,1.25,1.91,91,99,2.17,2.36,2.07,2.25
,,,✪ Kloos.,Challenger,Toucans,The Jungle,Solar,39.7,68,5,0.163,0.200,1,4,1412,670,742,2,2,5,12,16.7%,294.9,139.9,154.9,0.42,0.42,1.04,2.51,282.4,134.0,148.4,0.40,0.40,1.00,2.40,6,17,1.25,3.55,1.20,3.40
,,,† Booterzzz,Challenger,Solar Flares,North American Soccar Club,Solar,39.7,895,54,0.454,0.463,25,29,19010,11100,7910,45,36,71,125,36.0%,301.6,176.1,125.5,0.71,0.57,1.13,1.98,352.0,205.6,146.5,0.83,0.67,1.31,2.31,135,152,2.14,2.41,2.50,2.81
,,,Coal,Challenger,Destroyah,Kaiju,Solar,39.6,641,43,0.440,0.419,18,25,13976,7370,6606,29,21,50,92,31.5%,309.6,163.3,146.3,0.64,0.47,1.11,2.04,325.0,171.4,153.6,0.67,0.49,1.16,2.14,94,110,2.08,2.44,2.19,2.56
,,,Quenrin,Challenger,Kraits,The Serpents,Lunar,39.2,554,41,0.391,0.341,14,27,12397,6840,5557,29,15,48,79,36.7%,317.8,175.3,142.4,0.74,0.38,1.23,2.02,302.4,166.8,135.5,0.71,0.37,1.17,1.93,88,116,2.26,2.97,2.15,2.83
,,,Speddybob,Challenger,Kraits,The Serpents,Lunar,39.0,597,42,0.434,0.405,17,25,13190,7290,5900,29,20,52,79,36.7%,313.7,173.4,140.3,0.69,0.48,1.24,1.88,314.0,173.6,140.5,0.69,0.48,1.24,1.88,93,110,2.21,2.62,2.21,2.62
,,,Houdini,Challenger,Guardians of the Galaxy,The Comic Crusaders,Lunar,38.8,557,39,0.425,0.410,16,23,11561,6090,5471,21,25,40,74,28.4%,294.7,155.3,139.5,0.54,0.64,1.02,1.89,296.4,156.2,140.3,0.54,0.64,1.03,1.90,85,103,2.17,2.63,2.18,2.64
,,,Dendro,Challenger,Pawberry Pancakes,The Cat Cafe,Solar,38.6,565,39,0.430,0.308,12,27,11981,6900,5081,20,24,59,75,26.7%,301.1,173.4,127.7,0.50,0.60,1.48,1.88,307.2,176.9,130.3,0.51,0.62,1.51,1.92,72,87,1.81,2.19,1.85,2.23
,,,Rogueum,Challenger,Solar Flares,North American Soccar Club,Solar,38.5,720,46,0.447,0.457,21,25,14358,8780,5578,37,23,52,133,27.8%,283.2,173.2,110.0,0.73,0.45,1.03,2.62,312.1,190.9,121.3,0.80,0.50,1.13,2.89,117,134,2.31,2.64,2.54,2.91
,,,Ownerofthewhitesedan,Challenger,Breadsticks,Fifty-Fifty Pizzeria,Lunar,38.4,716,50,0.532,0.540,27,23,15152,8010,7142,33,26,48,101,32.7%,300.5,158.9,141.6,0.65,0.52,0.95,2.00,303.0,160.2,142.8,0.66,0.52,0.96,2.02,126,116,2.50,2.30,2.52,2.32
,,,Raymondpart1,Challenger,Timber Wolves,The Forest,Solar,38.3,433,32,0.505,0.531,17,15,9628,5310,4318,20,14,41,56,35.7%,315.7,174.1,141.6,0.66,0.46,1.34,1.84,300.9,165.9,134.9,0.63,0.44,1.28,1.75,77,76,2.53,2.49,2.41,2.38
,,,Fryder,Challenger,Metal,The Elements,Lunar,37.6,620,47,0.335,0.255,12,35,13812,7270,6542,23,26,61,62,37.1%,316.3,166.5,149.8,0.53,0.60,1.40,1.42,293.9,154.7,139.2,0.49,0.55,1.30,1.32,85,131,1.95,3.00,1.81,2.79
,,,Monsterbuck46,Challenger,Hephaestus,Olympus,Solar,37.4,376,26,0.321,0.385,10,16,7361,3830,3531,10,13,30,68,14.7%,278.0,144.6,133.4,0.38,0.49,1.13,2.57,283.1,147.3,135.8,0.38,0.50,1.15,2.62,42,69,1.59,2.61,1.62,2.65
,,,Brink,Challenger,Enigma,The Soundtrack,Lunar,37.2,259,19,0.481,0.474,9,10,5722,2970,2752,15,6,16,37,40.5%,313.7,162.8,150.9,0.82,0.33,0.88,2.03,301.2,156.3,144.8,0.79,0.32,0.84,1.95,38,40,2.08,2.19,2.00,2.11
,,,Aatxerl,Challenger,Triceratops,Dino Park,Lunar,37.1,787,54,0.612,0.648,35,19,16537,9310,7227,38,28,60,111,34.2%,298.4,168.0,130.4,0.69,0.51,1.08,2.00,306.2,172.4,133.8,0.70,0.52,1.11,2.06,135,100,2.44,1.80,2.50,1.85
,,,Redline,Challenger,Recycling Bins,Waste Management,Solar,37.1,686,47,0.497,0.511,24,23,14627,7700,6927,38,18,39,105,36.2%,302.8,159.4,143.4,0.79,0.37,0.81,2.17,311.2,163.8,147.4,0.81,0.38,0.83,2.23,114,115,2.36,2.38,2.43,2.45
,,,Ph,Challenger,Spartans,The Sovereign,Lunar,37.1,717,49,0.369,0.449,22,27,14206,7780,6426,26,27,53,118,22.0%,281.3,154.1,127.3,0.51,0.53,1.05,2.34,289.9,158.8,131.1,0.53,0.55,1.08,2.41,97,137,1.92,2.71,1.98,2.80
,,,Rosefanatic3615,Challenger,Kraits,The Serpents,Lunar,36.9,576,42,0.345,0.310,13,29,11455,5940,5515,19,25,39,84,22.6%,282.4,146.4,136.0,0.47,0.62,0.96,2.07,272.7,141.4,131.3,0.45,0.60,0.93,2.00,83,124,2.05,3.06,1.98,2.95
,,,Twoslot,Challenger,Saturn,Milky Way,Lunar,36.6,697,52,0.478,0.519,27,25,14391,7920,6471,32,19,52,117,27.4%,293.2,161.4,131.8,0.65,0.39,1.06,2.38,276.8,152.3,124.4,0.62,0.37,1.00,2.25,101,107,2.06,2.18,1.94,2.06
,,,Dray,Challenger,Panda Bears,The Bear Den,Lunar,35.0,50,4,0.454,0.500,2,2,1083,450,633,1,2,4,5,20.0%,307.6,127.8,179.8,0.28,0.57,1.14,1.42,270.8,112.5,158.3,0.25,0.50,1.00,1.25,8,9,2.27,2.56,2.00,2.25
,,,D__E__R__K,Challenger,Hysterics,The Asylum,Solar,34.1,500,38,0.481,0.421,16,22,10137,5140,4997,17,22,35,59,28.8%,287.9,146.0,141.9,0.48,0.62,0.99,1.68,266.8,135.3,131.5,0.45,0.58,0.92,1.55,78,82,2.22,2.33,2.05,2.16
,,,Zcgentry,Challenger,Destroyah,Kaiju,Solar,34.0,769,52,0.393,0.365,19,33,16004,8580,7424,29,24,68,108,26.9%,295.5,158.4,137.1,0.54,0.44,1.26,1.99,307.8,165.0,142.8,0.56,0.46,1.31,2.08,104,138,1.92,2.55,2.00,2.65
,,,Gmoney,Challenger,Shock,Electric Mayhem,Lunar,33.8,268,21,0.306,0.238,5,16,5509,2890,2619,11,10,19,34,32.4%,291.9,153.1,138.8,0.58,0.53,1.01,1.80,262.3,137.6,124.7,0.52,0.48,0.90,1.62,38,63,2.01,3.34,1.81,3.00
,,,Witha ^~^,Challenger,Metal,The Elements,Lunar,33.4,164,13,0.371,0.385,5,8,3156,1630,1526,6,7,9,23,26.1%,273.3,141.1,132.1,0.52,0.61,0.78,1.99,242.8,125.4,117.4,0.46,0.54,0.69,1.77,26,36,2.25,3.12,2.00,2.77
,,,Hendo,Challenger,"Metal
Pawberry Pancakes","The Elements
The Cat Cafe",Solar,32.6,308,22,0.321,0.273,6,16,6012,3200,2812,14,11,16,45,31.1%,277.2,147.5,129.6,0.65,0.51,0.74,2.07,273.3,145.5,127.8,0.64,0.50,0.73,2.05,39,63,1.80,2.90,1.77,2.86
,,,Thecroctopustv,Challenger,Paperboys,8-Bit Brigade,Lunar,32.4,750,53,0.394,0.377,20,33,15495,8230,7265,32,22,58,103,31.1%,293.4,155.8,137.6,0.61,0.42,1.10,1.95,292.4,155.3,137.1,0.60,0.42,1.09,1.94,111,146,2.10,2.76,2.09,2.75
,,,Marq,Challenger,TIE Fighters,The Empire,Solar,32.4,719,47,0.442,0.511,24,23,14305,8200,6105,32,26,54,100,32.0%,282.5,161.9,120.6,0.63,0.51,1.07,1.97,304.4,174.5,129.9,0.68,0.55,1.15,2.13,113,131,2.23,2.59,2.40,2.79
,,,Diesel,Challenger,Enigma,The Soundtrack,Lunar,31.3,543,40,0.395,0.350,14,26,11527,6430,5097,31,12,40,73,42.5%,301.4,168.2,133.3,0.81,0.31,1.05,1.91,288.2,160.8,127.4,0.78,0.30,1.00,1.83,80,105,2.09,2.75,2.00,2.63
,,,Wolffse,Challenger,Hephaestus,Olympus,Solar,31.0,664,46,0.395,0.391,18,28,13662,7820,5842,33,12,57,107,30.8%,292.2,167.2,124.9,0.71,0.26,1.22,2.29,297.0,170.0,127.0,0.72,0.26,1.24,2.33,87,115,1.86,2.46,1.89,2.50
,,,Hayhay217,Challenger,Shock,Electric Mayhem,Lunar,30.2,346,28,0.259,0.250,7,21,7387,3980,3407,16,10,30,38,42.1%,303.2,163.3,139.8,0.66,0.41,1.23,1.56,263.8,142.1,121.7,0.57,0.36,1.07,1.36,45,86,1.85,3.53,1.61,3.07
,,,Freestyle,Challenger,Paperboys,8-Bit Brigade,Lunar,29.2,202,14,0.400,0.286,4,10,3944,2140,1804,8,8,14,24,33.3%,277.3,150.4,126.8,0.56,0.56,0.98,1.69,281.7,152.9,128.9,0.57,0.57,1.00,1.71,31,40,2.18,2.81,2.21,2.86
,,,Skiddlydiddly16,Challenger,Paperboys,8-Bit Brigade,Lunar,28.7,297,20,0.477,0.450,9,11,5615,3060,2555,10,13,21,36,27.8%,268.5,146.3,122.2,0.48,0.62,1.00,1.72,280.8,153.0,127.8,0.50,0.65,1.05,1.80,49,52,2.34,2.49,2.45,2.60
,,,Polarpandah,Challenger,Spartans,The Sovereign,Lunar,28.1,262,19,0.381,0.368,7,12,5204,3060,2144,14,7,19,36,38.9%,282.0,165.8,116.2,0.76,0.38,1.03,1.95,273.9,161.1,112.8,0.74,0.37,1.00,1.89,35,48,1.90,2.60,1.84,2.53
,,,Way2Luckee,Challenger,Spartans,The Sovereign,Lunar,28.0,818,55,0.351,0.400,22,33,16590,9150,7440,35,20,71,110,31.8%,288.0,158.8,129.2,0.61,0.35,1.23,1.91,301.6,166.4,135.3,0.64,0.36,1.29,2.00,110,163,1.91,2.83,2.00,2.96
,,,Jordayumm,Challenger,Isopods,The Abyss,Lunar,27.8,426,32,0.434,0.375,12,20,8604,4440,4164,13,12,40,54,24.1%,286.8,148.0,138.8,0.43,0.40,1.33,1.80,268.9,138.8,130.1,0.41,0.38,1.25,1.69,65,77,2.17,2.57,2.03,2.41
,,,Ovo_Navy,Challenger,Arctic Foxes,Polar Vortex,Lunar,27.5,481,31,0.555,0.548,17,14,9196,5340,3856,26,14,27,69,37.7%,271.5,157.6,113.8,0.77,0.41,0.80,2.04,296.6,172.3,124.4,0.84,0.45,0.87,2.23,83,72,2.45,2.13,2.68,2.32
,,,Ruthle,Challenger,Triceratops,Dino Park,Lunar,27.4,99,8,0.452,0.500,4,4,1907,780,1127,3,3,4,13,23.1%,273.5,111.9,161.7,0.43,0.43,0.57,1.86,238.4,97.5,140.9,0.38,0.38,0.50,1.63,15,17,2.15,2.44,1.88,2.13
,,,Titan,Challenger,Guardians of the Galaxy,The Comic Crusaders,Lunar,27.0,501,36,0.450,0.444,16,20,9846,5110,4736,19,16,36,61,31.1%,279.1,144.8,134.2,0.54,0.45,1.02,1.73,273.5,141.9,131.6,0.53,0.44,1.00,1.69,81,92,2.30,2.61,2.25,2.56
,,,Perk_At_Play,Challenger,TIE Fighters,The Empire,Solar,26.8,297,20,0.449,0.450,9,11,5775,3340,2435,14,9,22,39,35.9%,276.1,159.7,116.4,0.67,0.43,1.05,1.86,288.8,167.0,121.8,0.70,0.45,1.10,1.95,42,48,2.01,2.29,2.10,2.40
,,,A Hot Jackson,Challenger,Hephaestus,Olympus,Solar,26.3,610,41,0.371,0.341,14,27,12587,6950,5637,22,14,66,75,29.3%,293.0,161.8,131.2,0.51,0.33,1.54,1.75,307.0,169.5,137.5,0.54,0.34,1.61,1.83,81,114,1.89,2.65,1.98,2.78
,,,Its_Lost,Challenger,Squalls,Storm,Solar,26.1,358,24,0.652,0.792,19,5,6828,3510,3318,18,11,14,46,39.1%,270.8,139.2,131.6,0.71,0.44,0.56,1.82,284.5,146.3,138.3,0.75,0.46,0.58,1.92,69,46,2.74,1.82,2.88,1.92
,,,Brettwhitt,Challenger,Enigma,The Soundtrack,Lunar,22.9,561,41,0.356,0.293,12,29,10958,5870,5088,15,17,58,62,24.2%,277.4,148.6,128.8,0.38,0.43,1.47,1.57,267.3,143.2,124.1,0.37,0.41,1.41,1.51,76,111,1.92,2.81,1.85,2.71
,,,Trudsky,Challenger,Threshers,Shark Attack,Lunar,22.4,29,2,0.857,1.000,2,0,362,200,162,0,2,1,5,0.0%,177.3,97.9,79.3,0.00,0.98,0.49,2.45,181.0,100.0,81.0,0.00,1.00,0.50,2.50,4,1,1.96,0.49,2.00,0.50
,,,Young_Dylon,Challenger,"Arctic Foxes
Hephaestus","Polar Vortex
Olympus",Solar,21.1,97,6,0.357,0.333,2,4,1807,890,917,2,2,9,14,14.3%,264.5,130.3,134.2,0.29,0.29,1.32,2.05,301.2,148.3,152.8,0.33,0.33,1.50,2.33,10,15,1.46,2.20,1.67,2.50
,,,Veni,Challenger,Killer Bees,The Swarm,Solar,21.1,610,43,0.434,0.442,19,24,10572,5290,5282,20,20,29,84,23.8%,246.1,123.1,123.0,0.47,0.47,0.68,1.96,245.9,123.0,122.8,0.47,0.47,0.67,1.95,83,99,1.93,2.30,1.93,2.30
,,,Chazzthedr,Challenger,Schnauzers,Puppy Paradise,Solar,20.8,239,16,0.521,0.438,7,9,4328,2530,1798,12,8,13,28,42.9%,257.1,150.3,106.8,0.71,0.48,0.77,1.66,270.5,158.1,112.4,0.75,0.50,0.81,1.75,36,34,2.14,2.02,2.25,2.13
,,,Merioch,Challenger,Pawberry Pancakes,The Cat Cafe,Solar,19.4,427,31,0.443,0.355,11,20,7781,3570,4211,8,12,33,52,15.4%,258.8,118.7,140.0,0.27,0.40,1.10,1.73,251.0,115.2,135.8,0.26,0.39,1.06,1.68,53,62,1.76,2.06,1.71,2.00
,,,Breadmg,Challenger,Shock,Electric Mayhem,Lunar,18.7,165,12,0.374,0.417,5,7,3118,1710,1408,7,3,13,21,33.3%,268.3,147.2,121.2,0.60,0.26,1.12,1.81,259.8,142.5,117.3,0.58,0.25,1.08,1.75,23,32,1.98,2.75,1.92,2.67
,,,Zlayers98,Challenger,"Hephaestus
Hysterics","Olympus
The Asylum",Solar,18.1,317,23,0.295,0.348,8,15,6056,2980,3076,7,6,32,38,18.4%,271.3,133.5,137.8,0.31,0.27,1.43,1.70,263.3,129.6,133.7,0.30,0.26,1.39,1.65,35,62,1.57,2.78,1.52,2.70
,,,Chuggernaut,Challenger,Chia Pets,As Seen on TV!,Solar,18.0,464,33,0.572,0.606,20,13,7896,4460,3436,16,17,29,56,28.6%,241.6,136.5,105.2,0.49,0.52,0.89,1.71,239.3,135.2,104.1,0.48,0.52,0.88,1.70,82,68,2.51,2.08,2.48,2.06
,,,Col,Challenger,Arctic Foxes,Polar Vortex,Lunar,16.9,420,28,0.367,0.393,11,17,7695,4380,3315,13,11,41,48,27.1%,260.2,148.1,112.1,0.44,0.37,1.39,1.62,274.8,156.4,118.4,0.46,0.39,1.46,1.71,47,68,1.59,2.30,1.68,2.43
,,,Confuciusdragon,Challenger,Toucans,The Jungle,Solar,16.2,631,42,0.464,0.500,21,21,10771,5670,5101,17,20,44,77,22.1%,242.4,127.6,114.8,0.38,0.45,0.99,1.73,256.5,135.0,121.5,0.40,0.48,1.05,1.83,90,99,2.03,2.23,2.14,2.36
,,,Daturquoisorang,Challenger,Toucans,The Jungle,Solar,16.1,575,39,0.405,0.359,14,25,10466,5300,5166,17,14,45,65,26.2%,258.5,130.9,127.6,0.42,0.35,1.11,1.61,268.4,135.9,132.5,0.44,0.36,1.15,1.67,77,99,1.90,2.44,1.97,2.54
,,,Psychic_Rock,Challenger,Metal,The Elements,Lunar,16.1,588,43,0.351,0.302,13,30,10904,5510,5394,23,12,39,66,34.8%,263.3,133.1,130.3,0.56,0.29,0.94,1.59,253.6,128.1,125.4,0.53,0.28,0.91,1.53,79,117,1.91,2.83,1.84,2.72
,,,Musah,Challenger,"Paperboys
Spartans","8-Bit Brigade
The Sovereign",Lunar,14.2,165,11,0.237,0.455,5,6,2921,1560,1361,6,5,11,16,37.5%,251.4,134.3,117.1,0.52,0.43,0.95,1.38,265.5,141.8,123.7,0.55,0.45,1.00,1.45,24,48,2.07,4.13,2.18,4.36
,,,Honeybadgermo,Challenger,Enigma,The Soundtrack,Lunar,13.9,127,8,0.292,0.375,3,5,2196,1210,986,3,5,11,11,27.3%,245.5,135.3,110.2,0.34,0.56,1.23,1.23,274.5,151.3,123.3,0.38,0.63,1.38,1.38,16,28,1.79,3.13,2.00,3.50
,,,Fuzzball,Challenger,Enigma,The Soundtrack,Lunar,10.3,109,7,0.307,0.286,2,5,1956,900,1056,5,2,4,10,50.0%,254.8,117.2,137.6,0.65,0.26,0.52,1.30,279.4,128.6,150.9,0.71,0.29,0.57,1.43,13,22,1.69,2.87,1.86,3.14
,,,Galvarino,Challenger,Panda Bears,The Bear Den,Lunar,9.9,47,3,0.403,0.333,1,2,834,420,414,1,2,4,2,50.0%,252.0,126.9,125.1,0.30,0.60,1.21,0.60,278.0,140.0,138.0,0.33,0.67,1.33,0.67,7,9,2.11,2.72,2.33,3.00
,,,Yulsee,Challenger,Hephaestus,Olympus,Solar,5.6,119,8,0.295,0.125,1,7,1907,990,917,4,4,6,9,44.4%,227.6,118.1,109.4,0.48,0.48,0.72,1.07,238.4,123.8,114.6,0.50,0.50,0.75,1.13,17,29,2.03,3.46,2.13,3.63
,,,King Bonkk,Challenger,"Solar Flares
Saturn","North American Soccar Club
Milky Way",Lunar,4.7,142,9,0.327,0.222,2,7,2323,1090,1233,3,1,11,19,15.8%,232.3,109.0,123.3,0.30,0.10,1.10,1.90,258.1,121.1,137.0,0.33,0.11,1.22,2.11,14,23,1.40,2.30,1.56,2.56
,,,Ricostealth,Challenger,Kraits,The Serpents,Lunar,-2.2,61,4,0.156,0.000,0,4,961,480,481,0,2,7,3,0.0%,223.7,111.7,112.0,0.00,0.47,1.63,0.70,240.3,120.0,120.3,0.00,0.50,1.75,0.75,6,17,1.40,3.96,1.50,4.25
,,,Croptopolis,Challenger,Hysterics,The Asylum,Solar,-5.3,159,11,0.282,0.364,4,7,2584,1250,1334,5,0,12,15,33.3%,230.8,111.6,119.1,0.45,0.00,1.07,1.34,234.9,113.6,121.3,0.45,0.00,1.09,1.36,20,36,1.79,3.22,1.82,3.27
,,,Ttvmrredfalcon,Amateur,Winter Fresh,Minty Fresh,Solar,94.2,620,46,0.549,0.500,23,23,24313,14910,9403,84,33,62,176,47.7%,477.5,292.8,184.7,1.65,0.65,1.22,3.46,528.5,324.1,204.4,1.83,0.72,1.35,3.83,150,133,2.95,2.61,3.26,2.89
,,,Jiffy_Lube6925,Amateur,Watts,Electric Mayhem,Lunar,82.4,654,53,0.686,0.679,36,17,22960,14220,8740,84,37,48,157,53.5%,427.5,264.8,162.7,1.56,0.69,0.89,2.92,433.2,268.3,164.9,1.58,0.70,0.91,2.96,181,112,3.37,2.09,3.42,2.11
,,,Rvbb3Rdvck,Amateur,Capybaras,The Jungle,Solar,75.0,693,55,0.565,0.582,32,23,23766,14290,9476,88,20,49,204,43.1%,417.6,251.1,166.5,1.55,0.35,0.86,3.58,432.1,259.8,172.3,1.60,0.36,0.89,3.71,132,111,2.32,1.95,2.40,2.02
,,,Rocket-Reapz,Amateur,Spinosaurus,Dino Park,Lunar,71.6,612,53,0.447,0.453,24,29,20100,11060,9040,56,20,58,156,35.9%,399.9,220.1,179.9,1.11,0.40,1.15,3.10,379.2,208.7,170.6,1.06,0.38,1.09,2.94,118,135,2.35,2.69,2.23,2.55
,,,Exactlyzer0,Amateur,Excitebikers,8-Bit Brigade,Lunar,66.8,66,7,0.598,0.714,5,2,2239,1320,919,6,1,11,12,50.0%,413.1,243.5,169.5,1.11,0.18,2.03,2.21,319.9,188.6,131.3,0.86,0.14,1.57,1.71,13,10,2.40,1.84,1.86,1.43
,,,Monty._,Amateur,Nightfall,The Shadows,Lunar,65.5,698,55,0.563,0.564,31,24,21164,12460,8704,69,28,53,151,45.7%,369.2,217.4,151.8,1.20,0.49,0.92,2.63,384.8,226.5,158.3,1.25,0.51,0.96,2.75,157,134,2.74,2.34,2.85,2.44
,,,Tillythegringo,Amateur,Beavers,The Forest,Solar,64.4,630,54,0.519,0.519,28,26,17532,9460,8072,41,35,47,126,32.5%,338.9,182.8,156.0,0.79,0.68,0.91,2.44,324.7,175.2,149.5,0.76,0.65,0.87,2.33,130,124,2.51,2.40,2.41,2.30
,,,Arisedaft,Amateur,Fireflies,The Swarm,Solar,63.7,519,41,0.583,0.659,27,14,14769,8690,6079,44,24,40,109,40.4%,346.5,203.9,142.6,1.03,0.56,0.94,2.56,360.2,212.0,148.3,1.07,0.59,0.98,2.66,108,87,2.53,2.04,2.63,2.12
,,,Sharkkilla06,Amateur,Watts,Electric Mayhem,Lunar,62.0,578,47,0.634,0.617,29,18,14967,9610,5357,50,38,34,101,49.5%,315.3,202.4,112.9,1.05,0.80,0.72,2.13,318.4,204.5,114.0,1.06,0.81,0.72,2.15,150,107,3.16,2.25,3.19,2.28
,,,Trios,Amateur,Watts,Electric Mayhem,Lunar,55.7,346,29,0.691,0.655,19,10,8356,4980,3376,24,22,19,53,45.3%,294.1,175.3,118.8,0.84,0.77,0.67,1.87,288.1,171.7,116.4,0.83,0.76,0.66,1.83,101,62,3.55,2.18,3.48,2.14
,,,Triple Treyy,Amateur,"Nightfall
Fireflies","The Shadows
The Swarm",Lunar,55.1,392,28,0.742,0.786,22,6,9638,6010,3628,33,19,19,81,40.7%,299.4,186.7,112.7,1.03,0.59,0.59,2.52,344.2,214.6,129.6,1.18,0.68,0.68,2.89,102,52,3.17,1.62,3.64,1.86
,,,Domtut14,Amateur,Excitebikers,8-Bit Brigade,Lunar,52.4,576,54,0.246,0.241,13,41,14512,7260,7252,27,30,47,71,38.0%,306.8,153.5,153.3,0.57,0.63,0.99,1.50,268.7,134.4,134.3,0.50,0.56,0.87,1.31,81,163,1.71,3.45,1.50,3.02
,,,Yungchase69,Amateur,Watts,Electric Mayhem,Lunar,49.7,459,36,0.690,0.667,24,12,10221,6170,4051,29,29,25,57,50.9%,271.1,163.7,107.5,0.77,0.77,0.66,1.51,283.9,171.4,112.5,0.81,0.81,0.69,1.58,129,79,3.42,2.10,3.58,2.19
,,,Etaphosphate,Amateur,Nightfall,The Shadows,Lunar,49.2,688,54,0.570,0.574,31,23,15277,9330,5947,45,32,38,133,33.8%,270.4,165.1,105.3,0.80,0.57,0.67,2.35,282.9,172.8,110.1,0.83,0.59,0.70,2.46,153,128,2.71,2.27,2.83,2.37
,,,Blapgaming,Amateur,Excitebikers,8-Bit Brigade,Lunar,47.8,540,51,0.274,0.255,13,38,13843,7440,6403,32,17,54,69,46.4%,312.1,167.8,144.4,0.72,0.38,1.22,1.56,271.4,145.9,125.5,0.63,0.33,1.06,1.35,80,147,1.80,3.31,1.57,2.88
,,,That_Homie_Gage,Amateur,Fireflies,The Swarm,Solar,46.5,617,50,0.520,0.540,27,23,15188,8450,6738,33,19,68,80,41.3%,299.7,166.8,133.0,0.65,0.37,1.34,1.58,303.8,169.0,134.8,0.66,0.38,1.36,1.60,118,112,2.33,2.21,2.36,2.24
,,,Inwardlicense54,Amateur,Beavers,The Forest,Solar,46.2,510,44,0.559,0.545,24,20,12106,6290,5816,27,22,37,64,42.2%,289.0,150.2,138.9,0.64,0.53,0.88,1.53,275.1,143.0,132.2,0.61,0.50,0.84,1.45,116,100,2.77,2.39,2.64,2.27
,,,Mrmustymoks,Amateur,Spinosaurus,Dino Park,Lunar,45.4,641,55,0.390,0.436,24,31,14902,8330,6572,40,22,43,108,37.0%,283.1,158.2,124.8,0.76,0.42,0.82,2.05,270.9,151.5,119.5,0.73,0.40,0.78,1.96,118,156,2.24,2.96,2.15,2.84
,,,Blossom,Amateur,Capybaras,The Jungle,Solar,44.1,566,45,0.589,0.600,27,18,12246,6760,5486,27,23,40,91,29.7%,263.5,145.4,118.0,0.58,0.49,0.86,1.96,272.1,150.2,121.9,0.60,0.51,0.89,2.02,108,85,2.32,1.83,2.40,1.89
,,,Kyuremex08,Amateur,"Capybaras
Fireflies","The Jungle
The Swarm",Solar,43.7,141,10,0.459,0.500,5,5,2895,1740,1155,7,6,10,24,29.2%,250.0,150.3,99.7,0.60,0.52,0.86,2.07,289.5,174.0,115.5,0.70,0.60,1.00,2.40,28,31,2.42,2.68,2.80,3.10
,,,Ismokepans420,Amateur,Fireflies,The Swarm,Solar,42.7,286,23,0.485,0.478,11,12,6151,3610,2541,15,10,23,46,32.6%,261.9,153.7,108.2,0.64,0.43,0.98,1.96,267.4,157.0,110.5,0.65,0.43,1.00,2.00,52,54,2.21,2.30,2.26,2.35
,,,Gotmayo,Amateur,Beavers,The Forest,Solar,40.4,537,46,0.470,0.457,21,25,12798,7110,5688,42,9,30,96,43.8%,290.2,161.2,129.0,0.95,0.20,0.68,2.18,278.2,154.6,123.7,0.91,0.20,0.65,2.09,100,108,2.27,2.45,2.17,2.35
,,,Cobrakairl,Amateur,Winter Fresh,Minty Fresh,Solar,40.3,572,44,0.497,0.500,22,22,11671,7040,4631,41,29,15,74,55.4%,248.4,149.9,98.6,0.87,0.62,0.32,1.58,265.3,160.0,105.3,0.93,0.66,0.34,1.68,141,142,3.00,3.02,3.20,3.23
,,,Wombat Npples,Amateur,Fireflies,The Swarm,Solar,39.8,497,42,0.500,0.524,22,20,11131,6520,4611,33,12,37,77,42.9%,272.7,159.7,113.0,0.81,0.29,0.91,1.89,265.0,155.2,109.8,0.79,0.29,0.88,1.83,94,94,2.30,2.30,2.24,2.24
,,,Mjrlazer,Amateur,Winter Fresh,Minty Fresh,Solar,38.3,462,34,0.485,0.471,16,18,8894,5110,3784,18,23,34,46,39.1%,234.4,134.7,99.7,0.47,0.61,0.90,1.21,261.6,150.3,111.3,0.53,0.68,1.00,1.35,105,109,2.77,2.87,3.09,3.21
,,,4F0Ur,Amateur,Excitebikers,8-Bit Brigade,Lunar,36.0,250,23,0.200,0.087,2,21,5676,2670,3006,12,5,18,32,37.5%,276.5,130.0,146.4,0.58,0.24,0.88,1.56,246.8,116.1,130.7,0.52,0.22,0.78,1.39,30,72,1.46,3.51,1.30,3.13
,,,Lil-Uwuzi-Vert-,Amateur,"Beavers
Winter Fresh","The Forest
Minty Fresh",Solar,35.5,311,24,0.460,0.500,12,12,6752,3860,2892,21,6,20,46,45.7%,264.4,151.1,113.2,0.82,0.23,0.78,1.80,281.3,160.8,120.5,0.88,0.25,0.83,1.92,55,61,2.15,2.39,2.29,2.54
,,,Ark7000,Amateur,Nightfall,The Shadows,Lunar,32.2,176,13,0.468,0.462,6,7,3010,1870,1140,10,7,5,27,37.0%,208.2,129.4,78.9,0.69,0.48,0.35,1.87,231.5,143.8,87.7,0.77,0.54,0.38,2.08,36,39,2.49,2.70,2.77,3.00
,,,Kindaspace3486,Amateur,Capybaras,The Jungle,Solar,25.9,281,22,0.622,0.636,14,8,3974,2170,1804,4,14,17,22,18.2%,172.2,94.0,78.2,0.17,0.61,0.74,0.95,180.6,98.6,82.0,0.18,0.64,0.77,1.00,57,41,2.47,1.78,2.59,1.86
,,,Mbolt05,Amateur,Spinosaurus,Dino Park,Lunar,25.8,454,41,0.348,0.366,15,26,8303,4520,3783,20,10,32,42,47.6%,222.7,121.2,101.5,0.54,0.27,0.86,1.13,202.5,110.2,92.3,0.49,0.24,0.78,1.02,83,122,2.23,3.27,2.02,2.98
,,,Mintie,Amateur,Winter Fresh,Minty Fresh,Solar,25.2,436,34,0.432,0.382,13,21,7471,4420,3051,26,14,14,42,61.9%,208.6,123.4,85.2,0.73,0.39,0.39,1.17,219.7,130.0,89.7,0.76,0.41,0.41,1.24,102,120,2.85,3.35,3.00,3.53
,,,Zacryu-Senpaii,Amateur,Capybaras,The Jungle,Solar,22.1,506,41,0.521,0.537,22,19,7482,4000,3482,13,15,28,55,23.6%,180.0,96.3,83.8,0.31,0.36,0.67,1.32,182.5,97.6,84.9,0.32,0.37,0.68,1.34,93,88,2.24,2.12,2.27,2.15
,,,Meanstoner,Amateur,Nightfall,The Shadows,Lunar,20.1,216,19,0.376,0.368,7,12,3165,1710,1455,6,7,12,16,37.5%,178.4,96.4,82.0,0.34,0.39,0.68,0.90,166.6,90.0,76.6,0.32,0.37,0.63,0.84,37,51,2.09,2.88,1.95,2.68
,,,Shootzy,Amateur,Spinosaurus,Dino Park,Lunar,16.9,246,19,0.335,0.474,9,10,3187,1700,1487,5,9,12,15,33.3%,157.7,84.1,73.6,0.25,0.45,0.59,0.74,167.7,89.5,78.3,0.26,0.47,0.63,0.79,44,67,2.18,3.32,2.32,3.53
,,,Peyton Reilly10,Amateur,Excitebikers,8-Bit Brigade,Lunar,12.0,326,30,0.197,0.200,6,24,4221,1930,2291,6,6,15,28,21.4%,157.7,72.1,85.6,0.22,0.22,0.56,1.05,140.7,64.3,76.4,0.20,0.20,0.50,0.93,45,106,1.68,3.96,1.50,3.53
,,,Pea Bake,Amateur,Beavers,The Forest,Solar,8.4,8,1,0.136,0.000,0,1,122,10,112,0,0,0,1,0.0%,185.7,15.2,170.5,0.00,0.00,0.00,1.52,122.0,10.0,112.0,0.00,0.00,0.00,1.00,1,3,1.52,4.57,1.00,3.00
,,,Thenwo Wolfpack,Amateur,Nightfall,The Shadows,Lunar,-5.5,36,3,0.376,0.333,1,2,318,130,188,1,0,0,3,33.3%,107.6,44.0,63.6,0.34,0.00,0.00,1.01,106.0,43.3,62.7,0.33,0.00,0.00,1.00,9,12,3.04,4.06,3.00,4.00