Tier,RSC ID,Player Name,Team(s),Franchise(s),Conference,SBV,TS,GP,PWE,WP,W,L,P,SP,NP,G,A,Sv,S,S%,P/A,SP/A,NP/A,G/A,A/A,Sv/A,S/A,P/G,SP/G,NP/G,G/G,A/G,Sv/G,S/G,tm_G,opp_G,tm_G/A,opp_G/A,tm_G/G,opp_G/G
Prospect,,Cdeathuwu,Infrared,The Wavelengths,Solar,105.0,816,56,0.73,0.821,46,10,25048,14910,10138,68,42,78,211,32.2%,427.7,254.6,173.1,1.16,0.72,1.33,3.6,447.3,266.3,181.0,1.21,0.75,1.39,3.77,159,82,2.72,1.4,2.84,1.46
Prospect,RSC004578,Justin Beebear,Hippogriffs,Magical Beasts,Solar,96.5,263,19,0.736,0.737,14,5,7508,4750,2758,26,14,16,65,40.0%,397.8,251.7,146.1,1.38,0.74,0.85,3.44,395.2,250.0,145.2,1.37,0.74,0.84,3.42,58,30,3.07,1.59,3.05,1.58
Prospect,RSC000499,Johkev,Koala Bears,The Bear Den,Lunar,90.3,497,38,0.59,0.632,24,14,14903,8260,6643,35,25,51,96,36.5%,417.9,231.6,186.3,0.98,0.7,1.43,2.69,392.2,217.4,174.8,0.92,0.66,1.34,2.53,90,71,2.52,1.99,2.37,1.87
Prospect,RSC000966,Drip2Ez,Blacktips,Shark Attack,Lunar,89.2,739,52,0.725,0.673,35,17,20297,12380,7917,63,36,49,183,34.4%,382.7,233.4,149.3,1.19,0.68,0.92,3.45,390.3,238.1,152.3,1.21,0.69,0.94,3.52,159,85,3.0,1.6,3.06,1.63
Prospect,RSC003842,Koṫa,Earth,The Elements,Solar,87.4,207,15,0.744,0.8,12,3,5428,3550,1878,14,18,18,35,40.0%,365.4,239.0,126.4,0.94,1.21,1.21,2.36,361.9,236.7,125.2,0.93,1.2,1.2,2.33,49,25,3.3,1.68,3.27,1.67
Prospect,RSC003168,Mykopolis,Earth,The Elements,Solar,83.7,770,54,0.582,0.611,33,21,21814,12780,9034,62,31,67,168,36.9%,394.8,231.3,163.5,1.12,0.56,1.21,3.04,404.0,236.7,167.3,1.15,0.57,1.24,3.11,140,113,2.53,2.04,2.59,2.09
Prospect,RSC003228,Phyzixs6589,Earth,The Elements,Solar,79.0,62,4,0.949,1.0,4,0,1548,1200,348,7,3,4,15,46.7%,347.9,269.7,78.2,1.57,0.67,0.9,3.37,387.0,300.0,87.0,1.75,0.75,1.0,3.75,19,3,4.27,0.67,4.75,0.75
Prospect,RSC001361,Itsjustfruity,Iron,Metal,Lunar,74.7,700,48,0.634,0.708,34,14,18587,10950,7637,51,29,59,145,35.2%,370.0,218.0,152.0,1.02,0.58,1.17,2.89,387.2,228.1,159.1,1.06,0.6,1.23,3.02,133,93,2.65,1.85,2.77,1.94
Prospect,RSC004571,Spoiledbred,Koala Bears,The Bear Den,Lunar,70.4,463,35,0.575,0.571,20,15,13156,7010,6146,34,14,43,76,44.7%,396.0,211.0,185.0,1.02,0.42,1.29,2.29,375.9,200.3,175.6,0.97,0.4,1.23,2.17,85,70,2.56,2.11,2.43,2.0
Prospect,RSC004602,Twitch.Wyxik,Hippogriffs,Magical Beasts,Solar,69.8,591,42,0.629,0.667,28,14,15529,9090,6439,44,19,50,124,35.5%,366.2,214.3,151.8,1.04,0.45,1.18,2.92,369.7,216.4,153.3,1.05,0.45,1.19,2.95,110,78,2.59,1.84,2.62,1.86
Prospect,RSC004670,Carnagewolfbite,Rodan,Kaiju,Solar,69.2,673,47,0.624,0.66,31,16,16980,10030,6950,49,28,47,138,35.5%,351.6,207.7,143.9,1.01,0.58,0.97,2.86,361.3,213.4,147.9,1.04,0.6,1.0,2.94,139,101,2.88,2.09,2.96,2.15
Prospect,,(Xp),Sparks,Electric Mayhem,Lunar,69.0,529,35,0.709,0.686,24,11,13133,7830,5303,39,22,34,113,34.5%,345.9,206.3,139.7,1.03,0.58,0.9,2.98,375.2,223.7,151.5,1.11,0.63,0.97,3.23,109,61,2.87,1.61,3.11,1.74
Prospect,RSC004673,Beans.,Rodan,Kaiju,Solar,69.0,745,51,0.593,0.608,31,20,17994,10500,7494,49,41,42,145,33.8%,336.6,196.4,140.2,0.92,0.77,0.79,2.71,352.8,205.9,146.9,0.96,0.8,0.82,2.84,146,115,2.73,2.15,2.86,2.25
Prospect,RSC001768,Moldypbj,Iron,Metal,Lunar,68.8,738,52,0.615,0.673,35,17,18442,10920,7522,54,33,48,147,36.7%,348.2,206.2,142.0,1.02,0.62,0.91,2.78,354.7,210.0,144.7,1.04,0.63,0.92,2.83,137,101,2.59,1.91,2.63,1.94
Prospect,RSC004709,Bacon Satisfies,Hippogriffs,Magical Beasts,Solar,67.4,746,53,0.635,0.66,35,18,18997,10570,8427,46,35,58,132,34.8%,354.9,197.4,157.4,0.86,0.65,1.08,2.47,358.4,199.4,159.0,0.87,0.66,1.09,2.49,143,100,2.67,1.87,2.7,1.89
Prospect,RSC001078,Binx,Titanoboas,The Serpents,Lunar,66.4,611,45,0.434,0.489,22,23,15699,9010,6689,40,25,53,111,36.0%,358.0,205.5,152.6,0.91,0.57,1.21,2.53,348.9,200.2,148.6,0.89,0.56,1.18,2.47,99,117,2.26,2.67,2.2,2.6
Prospect,,Space,Air Buds,Puppy Paradise,Lunar,66.2,254,16,0.518,0.563,9,7,6648,3900,2748,22,7,17,50,44.0%,364.7,214.0,150.8,1.21,0.38,0.93,2.74,415.5,243.8,171.8,1.38,0.44,1.06,3.13,46,44,2.52,2.41,2.88,2.75
Prospect,RSC000716,Mochi,"Midnight
Hisspy Bacons","The Shadows
The Cat Cafe",Solar,65.3,705,52,0.503,0.462,24,28,17662,9440,8222,36,25,62,149,24.2%,349.1,186.6,162.5,0.71,0.49,1.23,2.95,339.7,181.5,158.1,0.69,0.48,1.19,2.87,109,108,2.15,2.13,2.1,2.08
Prospect,,Fourteen,House Salads,Fifty-Fifty Pizzeria,Solar,65.2,405,28,0.488,0.536,15,13,10041,5560,4481,27,14,26,86,31.4%,345.5,191.3,154.2,0.93,0.48,0.89,2.96,358.6,198.6,160.0,0.96,0.5,0.93,3.07,64,66,2.2,2.27,2.29,2.36
Prospect,RSC002414,Xxdarksidexx,Four Horsemen,Rocket Association Wrestling,Lunar,64.6,641,49,0.435,0.49,24,25,16563,9010,7553,31,30,68,101,30.7%,360.1,195.9,164.2,0.67,0.65,1.48,2.2,338.0,183.9,154.1,0.63,0.61,1.39,2.06,98,116,2.13,2.52,2.0,2.37
Prospect,RSC004028,Parker On 3 Legs,Barbarians,The Sovereign,Lunar,64.2,599,44,0.446,0.409,18,26,14538,7750,6788,27,32,48,105,25.7%,338.2,180.3,157.9,0.63,0.74,1.12,2.44,330.4,176.1,154.3,0.61,0.73,1.09,2.39,103,118,2.4,2.75,2.34,2.68
Prospect,RSC004096,Ben,"Rodan
Midnight","Kaiju
The Shadows",Lunar,64.1,441,30,0.619,0.6,18,12,10103,6250,3853,24,24,35,90,26.7%,319.2,197.5,121.7,0.76,0.76,1.11,2.84,336.8,208.3,128.4,0.8,0.8,1.17,3.0,81,59,2.56,1.86,2.7,1.97
Prospect,RSC001999,Cs O Gunkiller,Sparks,Electric Mayhem,Lunar,63.3,765,52,0.617,0.558,29,23,18484,11340,7144,59,28,49,159,37.1%,336.7,206.6,130.1,1.07,0.51,0.89,2.9,355.5,218.1,137.4,1.13,0.54,0.94,3.06,143,105,2.6,1.91,2.75,2.02
Prospect,RSC002262,Crypt1Cgames,Infrared,The Wavelengths,Solar,62.1,816,56,0.73,0.821,46,10,19557,11560,7997,51,41,60,141,36.2%,334.0,197.4,136.6,0.87,0.7,1.02,2.41,349.2,206.4,142.8,0.91,0.73,1.07,2.52,159,82,2.72,1.4,2.84,1.46
Prospect,RSC004640,Tharealdub,Blacktips,Shark Attack,Lunar,60.3,739,52,0.725,0.673,35,17,17635,10050,7585,47,32,48,135,34.8%,332.5,189.5,143.0,0.89,0.6,0.91,2.55,339.1,193.3,145.9,0.9,0.62,0.92,2.6,159,85,3.0,1.6,3.06,1.63
Prospect,RSC004328,Harsa,Blobfish,The Abyss,Lunar,59.8,494,37,0.505,0.514,19,18,12193,7000,5193,33,19,38,85,38.8%,343.9,197.5,146.5,0.93,0.54,1.07,2.4,329.5,189.2,140.4,0.89,0.51,1.03,2.3,88,87,2.48,2.45,2.38,2.35
Prospect,RSC000253,Musah,Puffins,Polar Vortex,Lunar,59.2,625,43,0.417,0.395,17,26,15854,8790,7064,43,17,50,114,37.7%,353.5,196.0,157.5,0.96,0.38,1.11,2.54,368.7,204.4,164.3,1.0,0.4,1.16,2.65,96,119,2.14,2.65,2.23,2.77
Prospect,RSC004264,Tearlessgoose21,Blobfish,The Abyss,Lunar,57.9,399,29,0.382,0.345,10,19,9303,5300,4003,19,21,34,65,29.2%,324.9,185.1,139.8,0.66,0.73,1.19,2.27,320.8,182.8,138.0,0.66,0.72,1.17,2.24,59,80,2.06,2.79,2.03,2.76
Prospect,,Notz0Han,Red Stags,The Forest,Solar,57.5,731,52,0.452,0.462,24,28,17497,10040,7457,38,30,69,129,29.5%,333.5,191.4,142.2,0.72,0.57,1.32,2.46,336.5,193.1,143.4,0.73,0.58,1.33,2.48,113,128,2.15,2.44,2.17,2.46
Prospect,RSC004277,Ohtrebek,Barbarians,The Sovereign,Lunar,57.3,612,44,0.454,0.432,19,25,15061,9380,5681,50,17,48,113,44.2%,342.9,213.6,129.4,1.14,0.39,1.09,2.57,342.3,213.2,129.1,1.14,0.39,1.09,2.57,108,121,2.46,2.76,2.45,2.75
Prospect,RSC003193,Shiftdrink,Snowfall,Sub Zero,Solar,57.2,730,55,0.428,0.382,21,34,18740,10680,8060,43,20,83,123,35.0%,357.7,203.9,153.9,0.82,0.38,1.58,2.35,340.7,194.2,146.5,0.78,0.36,1.51,2.24,105,127,2.0,2.42,1.91,2.31
Prospect,RSC002480,Blizzyy,Midnight,The Shadows,Lunar,56.9,654,49,0.576,0.592,29,20,16035,8790,7245,34,23,62,114,29.8%,341.7,187.3,154.4,0.72,0.49,1.32,2.43,327.2,179.4,147.9,0.69,0.47,1.27,2.33,101,82,2.15,1.75,2.06,1.67
Prospect,RSC002988,Pwapp,Okapis,The Jungle,Solar,56.9,684,48,0.57,0.521,25,23,16341,9570,6771,42,26,57,122,34.4%,332.9,195.0,137.9,0.86,0.53,1.16,2.49,340.4,199.4,141.1,0.88,0.54,1.19,2.54,120,100,2.44,2.04,2.5,2.08
Prospect,RSC003213,Soba_Man,Hisspy Bacons,The Cat Cafe,Solar,56.6,420,29,0.564,0.586,17,12,10045,5970,4075,31,14,28,77,40.3%,333.3,198.1,135.2,1.03,0.46,0.93,2.55,346.4,205.9,140.5,1.07,0.48,0.97,2.66,79,67,2.62,2.22,2.72,2.31
Prospect,RSC003823,Brettwhitt,Sparks,Electric Mayhem,Lunar,56.4,757,51,0.625,0.549,28,23,18137,10820,7317,43,33,73,122,35.2%,333.9,199.2,134.7,0.79,0.61,1.34,2.25,355.6,212.2,143.5,0.84,0.65,1.43,2.39,142,102,2.61,1.88,2.78,2.0
Prospect,RSC004005,Stormz,Dragonflies,The Swarm,Solar,56.4,639,47,0.438,0.468,22,25,15445,8360,7085,37,23,48,111,33.3%,336.8,182.3,154.5,0.81,0.5,1.05,2.42,328.6,177.9,150.7,0.79,0.49,1.02,2.36,98,115,2.14,2.51,2.09,2.45
Prospect,RSC000995,Xx_Pink_Man95_Xx,Earth,The Elements,Solar,56.0,677,49,0.521,0.551,27,22,16854,8600,8254,28,31,67,90,31.1%,346.9,177.0,169.9,0.58,0.64,1.38,1.85,344.0,175.5,168.4,0.57,0.63,1.37,1.84,114,108,2.35,2.22,2.33,2.2
Prospect,RSC004148,Thenoobishlord,Okapis,The Jungle,Solar,55.9,331,24,0.603,0.542,13,11,8227,4740,3487,20,11,33,54,37.0%,346.4,199.6,146.8,0.84,0.46,1.39,2.27,342.8,197.5,145.3,0.83,0.46,1.38,2.25,64,49,2.69,2.06,2.67,2.04
Prospect,,Chugg,Blacktips,Shark Attack,Lunar,55.7,683,48,0.741,0.688,33,15,15656,9300,6356,46,28,41,125,36.8%,319.4,189.7,129.7,0.94,0.57,0.84,2.55,326.2,193.8,132.4,0.96,0.58,0.85,2.6,153,78,3.12,1.59,3.19,1.63
Prospect,RSC001836,Zignian,Midnight,The Shadows,Lunar,55.3,611,47,0.605,0.638,30,17,14740,8510,6230,44,18,42,111,39.6%,336.2,194.1,142.1,1.0,0.41,0.96,2.53,313.6,181.1,132.6,0.94,0.38,0.89,2.36,106,80,2.42,1.82,2.26,1.7
Prospect,RSC004552,Op5Y,Koala Bears,The Bear Den,Lunar,52.5,371,30,0.465,0.5,15,15,8852,4910,3942,31,9,14,66,47.0%,332.5,184.4,148.1,1.16,0.34,0.53,2.48,295.1,163.7,131.4,1.03,0.3,0.47,2.2,66,72,2.48,2.7,2.2,2.4
Prospect,RSC002607,Maxwell2711,Hard Buzz,The Soundtrack,Lunar,49.9,215,16,0.414,0.375,6,10,5023,2720,2303,9,7,22,37,24.3%,325.6,176.3,149.3,0.58,0.45,1.43,2.4,313.9,170.0,143.9,0.56,0.44,1.38,2.31,32,40,2.07,2.59,2.0,2.5
Prospect,RSC002767,Rvbb3Rdvck,Okapis,The Jungle,Solar,49.3,576,40,0.633,0.6,24,16,12973,7360,5613,33,20,41,101,32.7%,313.9,178.1,135.8,0.8,0.48,0.99,2.44,324.3,184.0,140.3,0.83,0.5,1.03,2.53,111,78,2.69,1.89,2.78,1.95
Prospect,,Capalean,Dark Matter,The Cosmos,Solar,48.9,666,46,0.423,0.37,17,29,15523,8550,6973,28,24,70,105,26.7%,324.8,178.9,145.9,0.59,0.5,1.46,2.2,337.5,185.9,151.6,0.61,0.52,1.52,2.28,92,113,1.92,2.36,2.0,2.46
Prospect,,Xmicrowavechefx,Puffins,Polar Vortex,Lunar,48.6,722,49,0.417,0.388,19,30,15316,8730,6586,33,33,50,128,25.8%,295.6,168.5,127.1,0.64,0.64,0.97,2.47,312.6,178.2,134.4,0.67,0.67,1.02,2.61,108,134,2.08,2.59,2.2,2.73
Prospect,RSC001933,Ducky,House Salads,Fifty-Fifty Pizzeria,Solar,47.9,648,46,0.47,0.457,21,25,15074,8060,7014,35,21,50,101,34.7%,324.2,173.3,150.8,0.75,0.45,1.08,2.17,327.7,175.2,152.5,0.76,0.46,1.09,2.2,100,108,2.15,2.32,2.17,2.35
Prospect,RSC004274,Zvrns,Snowfall,Sub Zero,Solar,47.5,663,50,0.443,0.42,21,29,15195,8200,6995,36,24,48,100,36.0%,319.4,172.3,147.0,0.76,0.5,1.01,2.1,303.9,164.0,139.9,0.72,0.48,0.96,2.0,100,116,2.1,2.44,2.0,2.32
Prospect,RSC003720,Arisedaft,Dragonflies,The Swarm,Solar,47.1,616,44,0.527,0.5,22,22,15151,8210,6941,27,15,77,91,29.7%,342.7,185.7,157.0,0.61,0.34,1.74,2.06,344.3,186.6,157.8,0.61,0.34,1.75,2.07,105,98,2.38,2.22,2.39,2.23
Prospect,RSC003721,Kyurmex08,Okapis,The Jungle,Solar,46.5,652,48,0.627,0.583,28,20,14324,8380,5944,44,16,38,128,34.4%,306.1,179.1,127.0,0.94,0.34,0.81,2.74,298.4,174.6,123.8,0.92,0.33,0.79,2.67,127,91,2.71,1.94,2.65,1.9
Prospect,RSC002925,Slushy,Infrared,The Wavelengths,Solar,45.2,743,50,0.719,0.8,40,10,16119,9320,6799,38,32,56,112,33.9%,302.3,174.8,127.5,0.71,0.6,1.05,2.1,322.4,186.4,136.0,0.76,0.64,1.12,2.24,144,77,2.7,1.44,2.88,1.54
Prospect,RSC002255,Wipeout,Four Horsemen,Rocket Association Wrestling,Lunar,44.5,565,44,0.472,0.523,23,21,13251,7490,5761,31,15,56,84,36.9%,326.8,184.7,142.1,0.76,0.37,1.38,2.07,301.2,170.2,130.9,0.7,0.34,1.27,1.91,94,101,2.32,2.49,2.14,2.3
Prospect,,Dis-Ease,Rodan,Kaiju,Solar,44.5,651,43,0.537,0.558,24,19,13685,8520,5165,39,27,44,107,36.4%,292.9,182.4,110.6,0.83,0.58,0.94,2.29,318.3,198.1,120.1,0.91,0.63,1.02,2.49,122,111,2.61,2.38,2.84,2.58
Prospect,,Xlmlt,Air Buds,Puppy Paradise,Lunar,43.7,254,16,0.518,0.563,9,7,5328,3210,2118,12,11,21,41,29.3%,292.3,176.1,116.2,0.66,0.6,1.15,2.25,333.0,200.6,132.4,0.75,0.69,1.31,2.56,46,44,2.52,2.41,2.88,2.75
Prospect,RSC002056,Cheechoo777,Dark Matter,The Cosmos,Solar,43.6,510,34,0.342,0.294,10,24,11289,6170,5119,27,16,37,82,32.9%,308.5,168.6,139.9,0.74,0.44,1.01,2.24,332.0,181.5,150.6,0.79,0.47,1.09,2.41,64,98,1.75,2.68,1.88,2.88
Prospect,,1R3Ign,"House Salads
Barbarians
Air Buds","Fifty-Fifty Pizzeria
The Sovereign
Puppy Paradise",Lunar,43.5,144,12,0.435,0.5,6,6,3363,1700,1663,9,2,9,25,36.0%,325.4,164.5,160.9,0.87,0.19,0.87,2.42,280.3,141.7,138.6,0.75,0.17,0.75,2.08,22,26,2.13,2.52,1.83,2.17
Prospect,RSC002264,Cubsfan082016,Blobfish,The Abyss,Lunar,43.2,579,44,0.415,0.364,16,28,13515,6910,6605,26,13,55,91,28.6%,325.3,166.3,159.0,0.63,0.31,1.32,2.19,307.2,157.0,150.1,0.59,0.3,1.25,2.07,84,105,2.02,2.53,1.91,2.39
Prospect,RSC003290,Wyzer,Hard Buzz,The Soundtrack,Lunar,43.0,606,42,0.329,0.333,14,28,13784,7640,6144,28,19,60,89,31.5%,317.0,175.7,141.3,0.64,0.44,1.38,2.05,328.2,181.9,146.3,0.67,0.45,1.43,2.12,82,129,1.89,2.97,1.95,3.07
Prospect,RSC004697,Corndog,"Hisspy Bacons
Dragonflies","The Cat Cafe
The Swarm",Solar,42.9,335,23,0.383,0.435,10,13,7925,4690,3235,18,6,41,54,33.3%,329.7,195.1,134.6,0.75,0.25,1.71,2.25,344.6,203.9,140.7,0.78,0.26,1.78,2.35,43,59,1.79,2.45,1.87,2.57
Prospect,RSC000048,Pablo V2,Titanoboas,The Serpents,Lunar,42.3,538,38,0.422,0.421,16,22,11802,6830,4972,29,16,45,88,33.0%,305.7,176.9,128.8,0.75,0.41,1.17,2.28,310.6,179.7,130.8,0.76,0.42,1.18,2.32,87,106,2.25,2.75,2.29,2.79
Prospect,RSC004248,Musicalfoxes,Hard Buzz,The Soundtrack,Lunar,42.0,338,24,0.245,0.25,6,18,7774,4010,3764,15,5,33,61,24.6%,320.5,165.3,155.2,0.62,0.21,1.36,2.51,323.9,167.1,156.8,0.63,0.21,1.38,2.54,38,78,1.57,3.22,1.58,3.25
Prospect,RSC002412,Rosefanatic3615,Titanoboas,The Serpents,Lunar,41.5,493,37,0.456,0.459,17,20,10838,5510,5328,22,19,34,66,33.3%,306.3,155.7,150.6,0.62,0.54,0.96,1.87,292.9,148.9,144.0,0.59,0.51,0.92,1.78,85,95,2.4,2.69,2.3,2.57
Prospect,RSC002350,Nacho,Spearmint,Minty Fresh,Solar,40.1,650,49,0.267,0.224,11,38,14120,7480,6640,30,19,50,103,29.1%,302.7,160.4,142.4,0.64,0.41,1.07,2.21,288.2,152.7,135.5,0.61,0.39,1.02,2.1,78,148,1.67,3.17,1.59,3.02
Prospect,RSC001959,Grumpusdad,Titanoboas,The Serpents,Lunar,39.7,488,36,0.426,0.472,17,19,10899,6210,4689,25,17,45,61,41.0%,311.2,177.3,133.9,0.71,0.49,1.28,1.74,302.8,172.5,130.3,0.69,0.47,1.25,1.69,77,93,2.2,2.66,2.14,2.58
Prospect,RSC003523,Sleepy Harlow,Dark Matter,The Cosmos,Solar,39.1,706,49,0.383,0.347,17,32,14586,7690,6896,32,23,43,119,26.9%,287.9,151.8,136.1,0.63,0.45,0.85,2.35,297.7,156.9,140.7,0.65,0.47,0.88,2.43,97,132,1.91,2.61,1.98,2.69
Prospect,RSC003743,N00Bpr0N,Hippogriffs,Magical Beasts,Solar,39.0,722,51,0.651,0.667,34,17,14942,8030,6912,35,26,42,113,31.0%,288.4,155.0,133.4,0.68,0.5,0.81,2.18,293.0,157.5,135.5,0.69,0.51,0.82,2.22,142,95,2.74,1.83,2.78,1.86
Prospect,RSC002823,Sussurance_Blm,House Salads,Fifty-Fifty Pizzeria,Solar,38.8,512,37,0.449,0.459,17,20,10941,5880,5061,18,19,48,73,24.7%,297.8,160.0,137.7,0.49,0.52,1.31,1.99,295.7,158.9,136.8,0.49,0.51,1.3,1.97,77,88,2.1,2.4,2.08,2.38
Prospect,RSC003876,Phteven,"Air Buds
Snowfall","Puppy Paradise
Sub Zero",Solar,37.7,533,34,0.453,0.441,15,19,10851,6280,4571,22,24,43,73,30.1%,283.7,164.2,119.5,0.58,0.63,1.12,1.91,319.1,184.7,134.4,0.65,0.71,1.26,2.15,85,96,2.22,2.51,2.5,2.82
Prospect,RSC003266,Gameymcgamertag,Spearmint,Minty Fresh,Solar,37.2,628,47,0.325,0.298,14,33,13890,7230,6660,24,19,61,83,28.9%,308.2,160.4,147.8,0.53,0.42,1.35,1.84,295.5,153.8,141.7,0.51,0.4,1.3,1.77,82,131,1.82,2.91,1.74,2.79
Prospect,RSC003870,Etaphosphate,Midnight,The Shadows,Lunar,37.2,395,30,0.559,0.6,18,12,8147,4100,4047,18,10,22,70,25.7%,287.4,144.6,142.8,0.64,0.35,0.78,2.47,271.6,136.7,134.9,0.6,0.33,0.73,2.33,61,52,2.15,1.83,2.03,1.73
Prospect,RSC004220,Logixaal,"Puffins
House Salads
Earth","Polar Vortex
Fifty-Fifty Pizzeria
The Elements",Lunar,37.0,406,29,0.413,0.448,13,16,8423,4600,3823,21,12,25,65,32.3%,289.1,157.9,131.2,0.72,0.41,0.86,2.23,290.4,158.6,131.8,0.72,0.41,0.86,2.24,59,74,2.03,2.54,2.03,2.55
Prospect,RSC004036,第four,Blobfish,The Abyss,Lunar,36.2,604,46,0.429,0.391,18,28,12682,6720,5962,31,17,37,92,33.7%,292.6,155.0,137.5,0.72,0.39,0.85,2.12,275.7,146.1,129.6,0.67,0.37,0.8,2.0,96,115,2.21,2.65,2.09,2.5
Prospect,,Garretbax,Dragonflies,The Swarm,Solar,36.0,94,8,0.479,0.5,4,4,2290,1110,1180,5,1,9,11,45.5%,339.5,164.6,174.9,0.74,0.15,1.33,1.63,286.3,138.8,147.5,0.63,0.13,1.13,1.38,19,20,2.82,2.96,2.38,2.5
Prospect,RSC003916,G Robber22,Iron,Metal,Lunar,35.9,676,48,0.637,0.708,34,14,14209,8010,6199,29,26,59,86,33.7%,292.9,165.1,127.8,0.6,0.54,1.22,1.77,296.0,166.9,129.1,0.6,0.54,1.23,1.79,127,88,2.62,1.81,2.65,1.83
Prospect,RSC002461,Mimzy Dangerous,Four Horsemen,Rocket Association Wrestling,Lunar,35.0,626,49,0.414,0.469,23,26,13611,7170,6441,31,17,48,82,37.8%,303.0,159.6,143.4,0.69,0.38,1.07,1.83,277.8,146.3,131.4,0.63,0.35,0.98,1.67,92,115,2.05,2.56,1.88,2.35
Prospect,RSC003871,Manoftheauer,Barbarians,The Sovereign,Lunar,34.8,566,40,0.472,0.475,19,21,11101,6400,4701,29,20,32,90,32.2%,273.3,157.6,115.7,0.71,0.49,0.79,2.22,277.5,160.0,117.5,0.73,0.5,0.8,2.25,95,102,2.34,2.51,2.38,2.55
Prospect,RSC003929,Whoviancat,Hisspy Bacons,The Cat Cafe,Solar,34.5,545,40,0.483,0.45,18,22,11220,6040,5180,24,21,38,69,34.8%,286.9,154.4,132.4,0.61,0.54,0.97,1.76,280.5,151.0,129.5,0.6,0.53,0.95,1.73,87,91,2.22,2.33,2.18,2.28
Prospect,RSC004572,Smokinonmoonrock,Red Stags,The Forest,Solar,34.1,708,51,0.423,0.431,22,29,14631,7920,6711,32,20,53,107,29.9%,288.0,155.9,132.1,0.63,0.39,1.04,2.11,286.9,155.3,131.6,0.63,0.39,1.04,2.1,109,133,2.15,2.62,2.14,2.61
Prospect,,Perryxpotter,"Snowfall
Rodan","Sub Zero
Kaiju",Solar,34.0,522,42,0.473,0.429,18,24,11016,5240,5776,24,12,29,79,30.4%,294.1,139.9,154.2,0.64,0.32,0.77,2.11,262.3,124.8,137.5,0.57,0.29,0.69,1.88,81,87,2.16,2.32,1.93,2.07
Prospect,RSC004184,Drivingwebster,Red Stags,The Forest,Solar,33.7,707,50,0.385,0.4,20,30,15300,8750,6550,36,14,68,105,34.3%,301.6,172.5,129.1,0.71,0.28,1.34,2.07,306.0,175.0,131.0,0.72,0.28,1.36,2.1,95,129,1.87,2.54,1.9,2.58
Prospect,RSC001946,Fritzoz,"Hard Buzz
Koala Bears
Sparks","The Soundtrack
The Bear Den
Electric Mayhem",Lunar,32.4,515,38,0.413,0.368,14,24,10632,5790,4842,23,16,40,69,33.3%,287.7,156.7,131.0,0.62,0.43,1.08,1.87,279.8,152.4,127.4,0.61,0.42,1.05,1.82,80,100,2.16,2.71,2.11,2.63
Prospect,RSC004388,Bobbo174,Koala Bears,The Bear Den,Lunar,32.2,642,49,0.514,0.531,26,23,12654,6970,5684,19,28,57,82,23.2%,274.7,151.3,123.4,0.41,0.61,1.24,1.78,258.2,142.2,116.0,0.39,0.57,1.16,1.67,112,108,2.43,2.34,2.29,2.2
Prospect,,Carty.,Puffins,Polar Vortex,Lunar,32.2,453,30,0.381,0.3,9,21,9054,5410,3644,20,15,40,66,30.3%,278.5,166.4,112.1,0.62,0.46,1.23,2.03,301.8,180.3,121.5,0.67,0.5,1.33,2.2,66,90,2.03,2.77,2.2,3.0
Prospect,RSC004294,Thekramer22,House Salads,Fifty-Fifty Pizzeria,Solar,32.2,591,42,0.446,0.452,19,23,12519,6720,5799,23,15,57,82,28.0%,295.2,158.4,136.7,0.54,0.35,1.34,1.93,298.1,160.0,138.1,0.55,0.36,1.36,1.95,85,98,2.0,2.31,2.02,2.33
Prospect,,Roqket.,Dragonflies,The Swarm,Solar,31.6,662,47,0.43,0.489,23,24,13552,7530,6022,38,14,40,103,36.9%,285.3,158.5,126.8,0.8,0.29,0.84,2.17,288.3,160.2,128.1,0.81,0.3,0.85,2.19,101,121,2.13,2.55,2.15,2.57
Prospect,RSC000957,Gamerover40,Hisspy Bacons,The Cat Cafe,Solar,30.0,437,33,0.352,0.273,9,24,8270,4240,4030,13,15,30,69,18.8%,263.7,135.2,128.5,0.41,0.48,0.96,2.2,250.6,128.5,122.1,0.39,0.45,0.91,2.09,52,78,1.66,2.49,1.58,2.36
Prospect,,Draxz.,"Rodan
Okapis","Kaiju
The Jungle",Solar,28.5,207,15,0.375,0.4,6,9,4131,2380,1751,9,6,18,28,32.1%,278.1,160.2,117.9,0.61,0.4,1.21,1.88,275.4,158.7,116.7,0.6,0.4,1.2,1.87,28,39,1.88,2.63,1.87,2.6
Prospect,RSC004177,Abeillonnaise,Red Stags,The Forest,Solar,28.5,206,15,0.382,0.4,6,9,3810,2010,1800,10,7,7,31,32.3%,257.7,136.0,121.8,0.68,0.47,0.47,2.1,254.0,134.0,120.0,0.67,0.47,0.47,2.07,31,42,2.1,2.84,2.07,2.8
Prospect,RSC004098,Disiftw,"Dragonflies
Koala Bears","The Swarm
The Bear Den",Solar,27.4,115,8,0.33,0.375,3,5,2249,1220,1029,3,5,11,12,25.0%,272.5,147.8,124.7,0.36,0.61,1.33,1.45,281.1,152.5,128.6,0.38,0.63,1.38,1.5,16,25,1.94,3.03,2.0,3.13
Prospect,,Onomily,Spearmint,Minty Fresh,Solar,27.3,384,28,0.286,0.321,9,19,7539,3790,3749,15,12,24,49,30.6%,273.6,137.5,136.0,0.54,0.44,0.87,1.78,269.3,135.4,133.9,0.54,0.43,0.86,1.75,52,92,1.89,3.34,1.86,3.29
Prospect,RSC003374,Raisonbran,"Dark Matter
Hard Buzz","The Cosmos
The Soundtrack",Solar,26.2,504,36,0.333,0.333,12,24,9722,5340,4382,20,13,39,74,27.0%,268.8,147.6,121.2,0.55,0.36,1.08,2.05,270.1,148.3,121.7,0.56,0.36,1.08,2.06,63,99,1.74,2.74,1.75,2.75
Prospect,RSC002021,Perk_At_Play,Barbarians,The Sovereign,Lunar,25.5,326,25,0.377,0.36,9,16,6332,3100,3232,14,8,17,45,31.1%,270.7,132.5,138.2,0.6,0.34,0.73,1.92,253.3,124.0,129.3,0.56,0.32,0.68,1.8,56,76,2.39,3.25,2.24,3.04
Prospect,,Themuffinman,"Four Horsemen
Hisspy Bacons","Rocket Association Wrestling
The Cat Cafe",Solar,22.7,315,24,0.233,0.208,5,19,6300,3420,2880,13,7,28,37,35.1%,278.7,151.3,127.4,0.58,0.31,1.24,1.64,262.5,142.5,120.0,0.54,0.29,1.17,1.54,30,66,1.33,2.92,1.25,2.75
Prospect,RSC002796,Carno,Spearmint,Minty Fresh,Solar,22.5,585,44,0.263,0.182,8,36,11681,5970,5711,24,8,47,82,29.3%,278.2,142.2,136.0,0.57,0.19,1.12,1.95,265.5,135.7,129.8,0.55,0.18,1.07,1.86,67,130,1.6,3.1,1.52,2.95
Prospect,RSC004617,Executionatr,Earth,The Elements,Solar,22.3,604,43,0.488,0.512,22,21,11851,6470,5381,28,14,45,72,38.9%,273.4,149.3,124.1,0.65,0.32,1.04,1.66,275.6,150.5,125.1,0.65,0.33,1.05,1.67,96,99,2.21,2.28,2.23,2.3
Prospect,RSC003146,Haakon,Puffins,Polar Vortex,Lunar,18.2,220,15,0.5,0.4,6,9,3951,2130,1821,8,6,15,28,28.6%,250.3,134.9,115.3,0.51,0.38,0.95,1.77,263.4,142.0,121.4,0.53,0.4,1.0,1.87,38,38,2.41,2.41,2.53,2.53
Prospect,RSC004279,Onlyjammer,Hard Buzz,The Soundtrack,Lunar,16.7,599,42,0.304,0.262,11,31,10768,5990,4778,22,17,45,69,31.9%,250.5,139.3,111.2,0.51,0.4,1.05,1.61,256.4,142.6,113.8,0.52,0.4,1.07,1.64,78,132,1.81,3.07,1.86,3.14
Prospect,RSC002413,Dafiya711,Sparks,Electric Mayhem,Lunar,11.0,97,7,0.357,0.286,2,5,1596,760,836,1,5,7,6,16.7%,229.3,109.2,120.1,0.14,0.72,1.01,0.86,228.0,108.6,119.4,0.14,0.71,1.0,0.86,13,19,1.87,2.73,1.86,2.71
Prospect,RSC004374,Lunchbox_88X,Blacktips,Shark Attack,Lunar,8.2,31,2,0.786,1.0,2,0,503,280,223,1,1,2,3,33.3%,226.1,125.9,100.2,0.45,0.45,0.9,1.35,251.5,140.0,111.5,0.5,0.5,1.0,1.5,3,1,1.35,0.45,1.5,0.5
Prospect,RSC000429,Ty,"Iron
Hard Buzz
Dark Matter","Metal
The Soundtrack
The Cosmos",Lunar,4.5,233,17,0.247,0.176,3,14,3896,1800,2096,5,4,17,25,20.0%,233.0,107.7,125.4,0.3,0.24,1.02,1.5,229.2,105.9,123.3,0.29,0.24,1.0,1.47,29,58,1.73,3.47,1.71,3.41
Prospect,RSC002828,D1Rew00F,Snowfall,Sub Zero,Solar,-2.0,200,14,0.287,0.286,4,10,3212,1680,1532,4,5,18,13,30.8%,223.8,117.1,106.7,0.28,0.35,1.25,0.91,229.4,120.0,109.4,0.29,0.36,1.29,0.93,22,40,1.53,2.79,1.57,2.86
Prospect,RSC003700,Fuzz,"House Salads
Blacktips","Fifty-Fifty Pizzeria
Shark Attack",Solar,-3.1,75,6,0.125,0.0,0,6,1067,470,597,3,0,1,12,25.0%,198.2,87.3,110.9,0.56,0.0,0.19,2.23,177.8,78.3,99.5,0.5,0.0,0.17,2.0,5,18,0.93,3.34,0.83,3.0
Prospect,RSC002229,Banshii,Infrared,The Wavelengths,Solar,-16.3,73,6,0.834,1.0,6,0,1085,400,685,2,0,3,5,40.0%,207.1,76.4,130.8,0.38,0.0,0.57,0.95,180.8,66.7,114.2,0.33,0.0,0.5,0.83,15,5,2.86,0.95,2.5,0.83
Prospect,,Apollo+,Four Horsemen,Rocket Association Wrestling,Lunar,-36.3,50,4,0.015,0.0,0,4,486,240,246,1,0,2,4,25.0%,135.4,66.9,68.6,0.28,0.0,0.56,1.11,121.5,60.0,61.5,0.25,0.0,0.5,1.0,1,15,0.28,4.18,0.25,3.75
Prospect,,Frostii.,Barbarians,The Sovereign,Lunar,-58.6,15,1,0.0,0.0,0,1,117,50,67,0,0,1,0,,108.7,46.4,62.2,0.0,0.0,0.93,0.0,117.0,50.0,67.0,0.0,0.0,1.0,0.0,0,5,0.0,4.64,0.0,5.0
Premier,,Zeenics,Interstellar,The Cosmos,Solar,116.3,131,8,0.669,0.75,6,2,3824,2370,1454,9,11,12,32,28.1%,471.7,292.3,179.3,1.11,1.36,1.48,3.95,478.0,296.3,181.8,1.13,1.38,1.5,4.0,29,19,3.58,2.34,3.63,2.38
Premier,RSC000728,Gatman,Fettuccine Force,Italian Battalion,Solar,85.6,630,40,0.567,0.575,23,17,16930,10200,6730,45,34,54,130,34.6%,434.2,261.6,172.6,1.15,0.87,1.38,3.33,423.3,255.0,168.3,1.13,0.85,1.35,3.25,110,93,2.82,2.39,2.75,2.33
Premier,RSC003782,Vanilla Rain,Drones,The Swarm,Solar,79.5,412,24,0.651,0.75,18,6,11245,6700,4545,22,22,52,80,27.5%,441.0,262.8,178.2,0.86,0.86,2.04,3.14,468.5,279.2,189.4,0.92,0.92,2.17,3.33,73,49,2.86,1.92,3.04,2.04
Premier,RSC001897,Tater,Killers,Whale Defense,Lunar,79.5,667,40,0.635,0.675,27,13,18234,10800,7434,49,25,65,140,35.0%,441.7,261.6,180.1,1.19,0.61,1.57,3.39,455.9,270.0,185.9,1.23,0.63,1.63,3.5,114,80,2.76,1.94,2.85,2.0
Premier,RSC001573,Plantingcargo85,Mastadons,Polar Vortex,Lunar,77.3,802,48,0.587,0.646,31,17,21501,12020,9481,52,30,72,172,30.2%,433.2,242.2,191.0,1.05,0.6,1.45,3.47,447.9,250.4,197.5,1.08,0.63,1.5,3.58,129,103,2.6,2.08,2.69,2.15
Premier,,Vega.,Interstellar,The Cosmos,Solar,74.4,138,9,0.683,0.667,6,3,3693,2220,1473,8,8,16,22,36.4%,432.4,259.9,172.5,0.94,0.94,1.87,2.58,410.3,246.7,163.7,0.89,0.89,1.78,2.44,26,16,3.04,1.87,2.89,1.78
Premier,RSC000694,Pi'Erre,The Avengers,The Comic Crusaders,Lunar,72.6,429,27,0.422,0.37,10,17,10968,6530,4438,27,20,40,83,32.5%,413.1,245.9,167.2,1.02,0.75,1.51,3.13,406.2,241.9,164.4,1.0,0.74,1.48,3.07,59,72,2.22,2.71,2.19,2.67
Premier,RSC000354,Lotty Lettuce,Hurricanes,Storm,Solar,69.7,821,52,0.61,0.635,33,19,18973,11120,7853,46,45,52,167,27.5%,373.4,218.8,154.6,0.91,0.89,1.02,3.29,364.9,213.8,151.0,0.88,0.87,1.0,3.21,137,103,2.7,2.03,2.63,1.98
Premier,RSC000462,Kruncho,Killers,Whale Defense,Lunar,66.7,727,44,0.644,0.636,28,16,16896,9440,7456,41,34,43,149,27.5%,375.5,209.8,165.7,0.91,0.76,0.96,3.31,384.0,214.5,169.5,0.93,0.77,0.98,3.39,127,87,2.82,1.93,2.89,1.98
Premier,RSC002720,Ryker,Drones,The Swarm,Solar,65.5,417,26,0.506,0.538,14,12,10918,6620,4298,26,18,49,67,38.8%,423.1,256.5,166.5,1.01,0.7,1.9,2.6,419.9,254.6,165.3,1.0,0.69,1.88,2.58,62,61,2.4,2.36,2.38,2.35
Premier,RSC002457,Tulkey,Treachery,Inferno,Solar,64.6,458,28,0.541,0.607,17,11,10980,6510,4470,27,19,39,91,29.7%,387.4,229.7,157.7,0.95,0.67,1.38,3.21,392.1,232.5,159.6,0.96,0.68,1.39,3.25,71,64,2.5,2.26,2.54,2.29
Premier,RSC004149,Insanity,Hurricanes,Storm,Solar,64.4,821,52,0.61,0.635,33,19,20526,11420,9106,47,32,72,152,30.9%,404.0,224.8,179.2,0.92,0.63,1.42,2.99,394.7,219.6,175.1,0.9,0.62,1.38,2.92,137,103,2.7,2.03,2.63,1.98
Premier,RSC002542,Wiickkeddd,Treachery,Inferno,Solar,58.3,285,17,0.631,0.706,12,5,6480,3350,3130,12,18,17,40,30.0%,367.4,189.9,177.5,0.68,1.02,0.96,2.27,381.2,197.1,184.1,0.71,1.06,1.0,2.35,48,34,2.72,1.93,2.82,2.0
Premier,RSC004419,Miro,Interstellar,The Cosmos,Solar,56.4,252,16,0.489,0.375,6,10,6382,3430,2952,12,8,28,43,27.9%,409.2,219.9,189.3,0.77,0.51,1.8,2.76,398.9,214.4,184.5,0.75,0.5,1.75,2.69,34,35,2.18,2.24,2.13,2.19
Premier,,Maj,The Avengers,The Comic Crusaders,Lunar,56.1,88,6,0.538,0.667,4,2,2389,1390,999,5,2,13,14,35.7%,438.7,255.2,183.4,0.92,0.37,2.39,2.57,398.2,231.7,166.5,0.83,0.33,2.17,2.33,10,9,1.84,1.65,1.67,1.5
Premier,RSC000129,Seb,Fettuccine Force,Italian Battalion,Solar,55.7,822,52,0.491,0.462,24,28,19801,11220,8581,43,37,77,122,35.2%,389.2,220.5,168.7,0.85,0.73,1.51,2.4,380.8,215.8,165.0,0.83,0.71,1.48,2.35,129,132,2.54,2.59,2.48,2.54
Premier,RSC002789,Morph,Hurricanes,Storm,Solar,53.9,234,15,0.654,0.6,9,6,5089,2870,2219,8,16,19,32,25.0%,351.4,198.2,153.2,0.55,1.1,1.31,2.21,339.3,191.3,147.9,0.53,1.07,1.27,2.13,42,28,2.9,1.93,2.8,1.87
Premier,RSC000329,Melted,Interstellar,The Cosmos,Solar,53.0,480,31,0.57,0.548,17,14,11480,6660,4820,26,18,48,76,34.2%,386.4,224.2,162.3,0.88,0.61,1.62,2.56,370.3,214.8,155.5,0.84,0.58,1.55,2.45,88,74,2.96,2.49,2.84,2.39
Premier,RSC004035,Timmy_-_,Treachery,Inferno,Solar,52.9,498,32,0.406,0.469,15,17,12036,6640,5396,25,18,49,79,31.6%,390.5,215.4,175.1,0.81,0.58,1.59,2.56,376.1,207.5,168.6,0.78,0.56,1.53,2.47,71,90,2.3,2.92,2.22,2.81
Premier,RSC001232,Darkness,"Hurricanes
The Avengers","Storm
The Comic Crusaders",Solar,52.2,485,28,0.54,0.571,16,12,10577,6040,4537,29,12,30,104,27.9%,352.4,201.2,151.2,0.97,0.4,1.0,3.46,377.8,215.7,162.0,1.04,0.43,1.07,3.71,70,63,2.33,2.1,2.5,2.25
Premier,RSC002447,Ness,Treachery,Inferno,Solar,49.7,265,16,0.379,0.375,6,10,6195,3740,2455,18,7,23,44,40.9%,377.7,228.0,149.7,1.1,0.43,1.4,2.68,387.2,233.8,153.4,1.13,0.44,1.44,2.75,36,49,2.2,2.99,2.25,3.06
Premier,RSC004079,Toxic,"Treachery
Sun","Inferno
Milky Way",Lunar,48.4,426,28,0.457,0.5,14,14,9758,5170,4588,22,11,33,77,28.6%,370.1,196.1,174.0,0.83,0.42,1.25,2.92,348.5,184.6,163.9,0.79,0.39,1.18,2.75,60,67,2.28,2.54,2.14,2.39
Premier,RSC000773,Sicey,Killers,Whale Defense,Lunar,47.4,246,16,0.583,0.5,8,8,5137,2880,2257,10,11,18,43,23.3%,337.4,189.2,148.2,0.66,0.72,1.18,2.82,321.1,180.0,141.1,0.63,0.69,1.13,2.69,35,28,2.3,1.84,2.19,1.75
Premier,RSC002439,Angebro,"Interstellar
Sun","The Cosmos
Milky Way",Solar,47.3,390,26,0.469,0.462,12,14,8126,4720,3406,25,12,18,72,34.7%,336.7,195.6,141.1,1.04,0.5,0.75,2.98,312.5,181.5,131.0,0.96,0.46,0.69,2.77,62,67,2.57,2.78,2.38,2.58
Premier,,Ghosty,Drones,The Swarm,Solar,46.0,560,34,0.5,0.5,17,17,11549,6610,4939,32,21,28,96,33.3%,333.2,190.7,142.5,0.92,0.61,0.81,2.77,339.7,194.4,145.3,0.94,0.62,0.82,2.82,87,87,2.51,2.51,2.56,2.56
Premier,RSC003970,Steez.,"Drones
Interstellar","The Swarm
The Cosmos",Solar,45.9,400,24,0.449,0.375,9,15,8828,4920,3908,16,17,37,62,25.8%,356.6,198.7,157.9,0.65,0.69,1.49,2.5,367.8,205.0,162.8,0.67,0.71,1.54,2.58,58,66,2.34,2.67,2.42,2.75
Premier,RSC001927,Ghxst,Killers,Whale Defense,Lunar,44.8,721,44,0.665,0.682,30,14,14546,8480,6066,34,35,44,113,30.1%,326.0,190.0,135.9,0.76,0.78,0.99,2.53,330.6,192.7,137.9,0.77,0.8,1.0,2.57,126,81,2.82,1.82,2.86,1.84
Premier,,Lazy6714,Mastadons,Polar Vortex,Lunar,44.6,680,40,0.508,0.5,20,20,14451,8260,6191,32,23,54,121,26.4%,343.4,196.3,147.1,0.76,0.55,1.28,2.88,361.3,206.5,154.8,0.8,0.58,1.35,3.03,99,97,2.35,2.3,2.48,2.43
Premier,RSC003882,Alex,Hurricanes,Storm,Solar,41.4,250,17,0.541,0.588,10,7,5782,3130,2652,12,8,24,33,36.4%,373.7,202.3,171.4,0.78,0.52,1.55,2.13,340.1,184.1,156.0,0.71,0.47,1.41,1.94,40,36,2.59,2.33,2.35,2.12
Premier,RSC002782,Jimjohn,Mastadons,Polar Vortex,Lunar,40.1,665,39,0.575,0.667,26,13,12943,7550,5393,28,29,44,110,25.5%,314.5,183.4,131.0,0.68,0.7,1.07,2.67,331.9,193.6,138.3,0.72,0.74,1.13,2.82,101,83,2.45,2.02,2.59,2.13
Premier,RSC000318,Timthebull,The Avengers,The Comic Crusaders,Lunar,39.6,445,26,0.397,0.346,9,17,10923,6120,4803,20,9,61,62,32.3%,396.6,222.2,174.4,0.73,0.33,2.21,2.25,420.1,235.4,184.7,0.77,0.35,2.35,2.38,55,72,2.0,2.61,2.12,2.77
Premier,,Distant,"Megalodons
Sun","Shark Attack
Milky Way",Lunar,39.5,392,27,0.282,0.259,7,20,8641,4650,3991,14,13,40,60,23.3%,356.2,191.7,164.5,0.58,0.54,1.65,2.47,320.0,172.2,147.8,0.52,0.48,1.48,2.22,40,73,1.65,3.01,1.48,2.7
Premier,RSC000381,Noriko,Treachery,Inferno,Solar,39.4,420,27,0.455,0.519,14,13,9114,5100,4014,18,17,38,55,32.7%,350.6,196.2,154.4,0.69,0.65,1.46,2.12,337.6,188.9,148.7,0.67,0.63,1.41,2.04,69,77,2.65,2.96,2.56,2.85
Premier,RSC001923,M0Rg,Interstellar,The Cosmos,Solar,38.6,453,30,0.512,0.467,14,16,9137,5520,3617,21,19,36,67,31.3%,325.9,196.9,129.0,0.75,0.68,1.28,2.39,304.6,184.0,120.6,0.7,0.63,1.2,2.23,64,62,2.28,2.21,2.13,2.07
Premier,RSC001894,Rinoneal,The Avengers,The Comic Crusaders,Lunar,38.5,522,32,0.434,0.406,13,19,11038,5760,5278,19,20,42,76,25.0%,341.7,178.3,163.4,0.59,0.62,1.3,2.35,344.9,180.0,164.9,0.59,0.63,1.31,2.38,70,83,2.17,2.57,2.19,2.59
Premier,,Kenobs,Drones,The Swarm,Solar,37.5,796,48,0.532,0.563,27,21,16171,9220,6951,40,27,53,122,32.8%,328.3,187.2,141.1,0.81,0.55,1.08,2.48,336.9,192.1,144.8,0.83,0.56,1.1,2.54,127,117,2.58,2.37,2.65,2.44
Premier,RSC002882,.Pyyros,Megalodons,Shark Attack,Lunar,37.5,588,36,0.31,0.278,10,26,12718,6890,5828,26,15,52,94,27.7%,349.5,189.3,160.2,0.71,0.41,1.43,2.58,353.3,191.4,161.9,0.72,0.42,1.44,2.61,62,104,1.7,2.86,1.72,2.89
Premier,RSC004776,Wovah,"Megalodons
Interstellar","Shark Attack
The Cosmos",Lunar,37.2,177,12,0.381,0.417,5,7,3986,1820,2166,8,5,11,22,36.4%,363.9,166.1,197.7,0.73,0.46,1.0,2.01,332.2,151.7,180.5,0.67,0.42,0.92,1.83,22,30,2.01,2.74,1.83,2.5
Premier,,Chan-,Sun,Milky Way,Lunar,36.9,64,4,0.246,0.0,0,4,1423,880,543,4,0,7,13,30.8%,359.3,222.2,137.1,1.01,0.0,1.77,3.28,355.8,220.0,135.8,1.0,0.0,1.75,3.25,7,14,1.77,3.53,1.75,3.5
Premier,RSC002801,Alec,Treachery,Inferno,Solar,36.4,73,4,0.359,0.25,1,3,1575,940,635,3,3,8,9,33.3%,348.6,208.1,140.6,0.66,0.66,1.77,1.99,393.8,235.0,158.8,0.75,0.75,2.0,2.25,9,13,1.99,2.88,2.25,3.25
Premier,RSC001855,Peaceful.,Treachery,Inferno,Solar,35.8,82,4,0.5,0.5,2,2,1875,1110,765,2,3,13,11,18.2%,369.5,218.7,150.7,0.39,0.59,2.56,2.17,468.8,277.5,191.3,0.5,0.75,3.25,2.75,9,9,1.77,1.77,2.25,2.25
Premier,,Pxl,Mastadons,Polar Vortex,Lunar,35.4,499,29,0.544,0.552,16,13,9612,5830,3782,22,18,38,83,26.5%,311.2,188.8,122.5,0.71,0.58,1.23,2.69,331.4,201.0,130.4,0.76,0.62,1.31,2.86,73,65,2.36,2.1,2.52,2.24
Premier,RSC002936,Lu,Megalodons,Shark Attack,Lunar,33.9,535,32,0.326,0.281,9,23,10994,6020,4974,18,16,51,87,20.7%,332.0,181.8,150.2,0.54,0.48,1.54,2.63,343.6,188.1,155.4,0.56,0.5,1.59,2.72,56,90,1.69,2.72,1.75,2.81
Premier,RSC000159,Prussia,"Interstellar
Fettuccine Force","The Cosmos
Italian Battalion",Solar,30.6,122,8,0.267,0.125,1,7,2338,1240,1098,4,6,8,14,28.6%,309.6,164.2,145.4,0.53,0.79,1.06,1.85,292.3,155.0,137.3,0.5,0.75,1.0,1.75,12,23,1.59,3.05,1.5,2.88
Premier,RSC002037,Alfredo,Fettuccine Force,Italian Battalion,Solar,30.3,822,52,0.491,0.462,24,28,16135,8760,7375,32,26,61,121,26.4%,317.2,172.2,145.0,0.63,0.51,1.2,2.38,310.3,168.5,141.8,0.62,0.5,1.17,2.33,129,132,2.54,2.59,2.48,2.54
Premier,RSC003495,Knitt,Treachery,Inferno,Solar,27.3,214,12,0.421,0.333,4,8,4383,2350,2033,6,8,22,25,24.0%,330.9,177.4,153.5,0.45,0.6,1.66,1.89,365.3,195.8,169.4,0.5,0.67,1.83,2.08,26,32,1.96,2.42,2.17,2.67
Premier,RSC000756,Ls,Fettuccine Force,Italian Battalion,Solar,26.6,70,4,0.278,0.0,0,4,1587,980,607,6,0,6,8,75.0%,366.3,226.2,140.1,1.38,0.0,1.38,1.85,396.8,245.0,151.8,1.5,0.0,1.5,2.0,11,19,2.54,4.39,2.75,4.75
Premier,RSC002103,Orso,The Avengers,The Comic Crusaders,Lunar,24.2,331,21,0.408,0.333,7,14,6869,3630,3239,12,7,33,43,27.9%,335.3,177.2,158.1,0.59,0.34,1.61,2.1,327.1,172.9,154.2,0.57,0.33,1.57,2.05,40,51,1.95,2.49,1.9,2.43
Premier,RSC001579,Premium Manatee,Megalodons,Shark Attack,Lunar,23.4,108,8,0.175,0.25,2,6,2395,1230,1165,5,1,11,13,38.5%,358.3,184.0,174.3,0.75,0.15,1.65,1.94,299.4,153.8,145.6,0.63,0.13,1.38,1.63,10,26,1.5,3.89,1.25,3.25
Premier,RSC000665,Calí,Sun,Milky Way,Lunar,20.8,128,8,0.234,0.125,1,7,1864,1030,834,3,7,4,18,16.7%,235.3,130.0,105.3,0.38,0.88,0.5,2.27,233.0,128.8,104.3,0.38,0.88,0.5,2.25,14,29,1.77,3.66,1.75,3.63
Premier,RSC000931,Danger,Sun,Milky Way,Lunar,20.4,56,4,0.271,0.5,2,2,1472,690,782,2,0,9,4,50.0%,424.7,199.1,225.6,0.58,0.0,2.6,1.15,368.0,172.5,195.5,0.5,0.0,2.25,1.0,4,8,1.15,2.31,1.0,2.0
Premier,RSC002560,Killshot.,Megalodons,Shark Attack,Lunar,18.3,659,41,0.308,0.268,11,30,12505,6630,5875,15,21,66,78,19.2%,306.6,162.6,144.0,0.37,0.51,1.62,1.91,305.0,161.7,143.3,0.37,0.51,1.61,1.9,68,115,1.67,2.82,1.66,2.8
Premier,RSC003324,Jspiel,Fettuccine Force,Italian Battalion,Solar,8.9,63,4,0.154,0.0,0,4,1161,530,631,1,1,6,8,12.5%,297.8,135.9,161.8,0.26,0.26,1.54,2.05,290.3,132.5,157.8,0.25,0.25,1.5,2.0,3,10,0.77,2.56,0.75,2.5
Premier,RSC003762,Scorch,The Avengers,The Comic Crusaders,Lunar,1.9,148,8,0.329,0.25,2,6,2245,1050,1195,2,5,9,15,13.3%,245.1,114.6,130.5,0.22,0.55,0.98,1.64,280.6,131.3,149.4,0.25,0.63,1.13,1.88,15,24,1.64,2.62,1.88,3.0
Premier,RSC003762,Scorch,The Avengers,The Comic Crusaders,Lunar,1.9,148,8,0.329,0.25,2,6,2245,1050,1195,2,5,9,15,13.3%,245.1,114.6,130.5,0.22,0.55,0.98,1.64,280.6,131.3,149.4,0.25,0.63,1.13,1.88,15,24,1.64,2.62,1.88,3.0
Premier,,Ferd,Treachery,Inferno,Solar,-2.5,67,4,0.264,0.25,1,3,890,470,420,2,2,2,7,28.6%,214.6,113.3,101.3,0.48,0.48,0.48,1.69,222.5,117.5,105.0,0.5,0.5,0.5,1.75,8,15,1.93,3.62,2.0,3.75
Premier,RSC000426,Struttrl,The Avengers,The Comic Crusaders,Lunar,-5.7,70,4,0.358,0.25,1,3,1068,580,488,1,3,6,3,33.3%,246.5,133.9,112.6,0.23,0.69,1.38,0.69,267.0,145.0,122.0,0.25,0.75,1.5,0.75,9,13,2.08,3.0,2.25,3.25
Premier,RSC000426,Struttrl,The Avengers,The Comic Crusaders,Lunar,-5.7,70,4,0.358,0.25,1,3,1068,580,488,1,3,6,3,33.3%,246.5,133.9,112.6,0.23,0.69,1.38,0.69,267.0,145.0,122.0,0.25,0.75,1.5,0.75,9,13,2.08,3.0,2.25,3.25
Minor,RSC004229,Doty,Wings,Fifty-Fifty Pizzeria,Solar,103.0,911,63,0.583,0.667,42,21,27657,16490,11167,81,47,80,204,39.7%,452.7,269.9,182.8,1.33,0.77,1.31,3.34,439.0,261.7,177.3,1.29,0.75,1.27,3.24,191,156,3.13,2.55,3.03,2.48
Minor,,Florscnt.,Vikings,The Sovereign,Lunar,96.0,951,59,0.609,0.661,39,20,26943,16280,10663,75,45,84,233,32.2%,422.5,255.3,167.2,1.18,0.71,1.32,3.65,456.7,275.9,180.7,1.27,0.76,1.42,3.95,181,137,2.84,2.15,3.07,2.32
Minor,RSC004567,Plootou.,Silver Foxes,The Forest,Solar,88.3,808,56,0.497,0.464,26,30,23606,13510,10096,52,37,96,166,31.3%,435.7,249.3,186.3,0.96,0.68,1.77,3.06,421.5,241.3,180.3,0.93,0.66,1.71,2.96,132,133,2.44,2.45,2.36,2.38
Minor,RSC004586,Young Jay.,Rated-RKO,Rocket Association Wrestling,Lunar,82.3,721,47,0.597,0.596,28,19,19522,11640,7882,59,39,49,134,44.0%,403.8,240.8,163.0,1.22,0.81,1.01,2.77,415.4,247.7,167.7,1.26,0.83,1.04,2.85,149,117,3.08,2.42,3.17,2.49
Minor,RSC002812,Gtg Sugar,Ocelots,The Jungle,Solar,82.3,949,64,0.66,0.688,44,20,25583,15840,9743,78,51,74,179,43.6%,402.0,248.9,153.1,1.23,0.8,1.16,2.81,399.7,247.5,152.2,1.22,0.8,1.16,2.8,205,136,3.22,2.14,3.2,2.13
Minor,RSC004224,Dreemr,Surge,Electric Mayhem,Lunar,79.6,896,59,0.584,0.559,33,26,23630,13730,9900,64,44,66,183,35.0%,393.3,228.5,164.8,1.07,0.73,1.1,3.05,400.5,232.7,167.8,1.08,0.75,1.12,3.1,174,141,2.9,2.35,2.95,2.39
Minor,RSC000625,Sly,Ocelots,The Jungle,Solar,78.8,905,61,0.666,0.705,43,18,23111,13980,9131,69,42,60,198,34.8%,380.8,230.4,150.5,1.14,0.69,0.99,3.26,378.9,229.2,149.7,1.13,0.69,0.98,3.25,199,130,3.28,2.14,3.26,2.13
Minor,RSC001984,Cazzuto,Snuggies,As Seen on TV!,Solar,78.4,570,37,0.544,0.649,24,13,15245,9150,6095,39,26,56,115,33.9%,398.8,239.4,159.5,1.02,0.68,1.47,3.01,412.0,247.3,164.7,1.05,0.7,1.51,3.11,93,83,2.43,2.17,2.51,2.24
Minor,,Perkls,Mozza Marauders,Italian Battalion,Solar,78.2,681,43,0.514,0.512,22,21,18285,11550,6735,50,28,75,140,35.7%,400.4,252.9,147.5,1.09,0.61,1.64,3.07,425.2,268.6,156.6,1.16,0.65,1.74,3.26,118,114,2.58,2.5,2.74,2.65
Minor,RSC004109,Hawkish,Greed,Inferno,Solar,75.0,900,57,0.535,0.526,30,27,22636,13980,8656,70,41,61,188,37.2%,375.1,231.6,143.4,1.16,0.68,1.01,3.12,397.1,245.3,151.9,1.23,0.72,1.07,3.3,150,137,2.49,2.27,2.63,2.4
Minor,RSC004606,Nova_,Taipans,The Serpents,Lunar,75.0,660,49,0.507,0.592,29,20,18215,9820,8395,43,24,61,127,33.9%,411.6,221.9,189.7,0.97,0.54,1.38,2.87,371.7,200.4,171.3,0.88,0.49,1.24,2.59,114,112,2.58,2.53,2.33,2.29
Minor,RSC003739,Difto,Warrior Wasps,The Swarm,Solar,74.1,924,60,0.54,0.617,37,23,24743,14940,9803,66,47,89,154,42.9%,399.3,241.1,158.2,1.07,0.76,1.44,2.49,412.4,249.0,163.4,1.1,0.78,1.48,2.57,167,151,2.7,2.44,2.78,2.52
Minor,RSC004196,Keylesscreature,Fangtooths,The Abyss,Lunar,73.7,941,60,0.606,0.633,38,22,24454,14510,9944,67,38,80,191,35.1%,387.5,229.9,157.6,1.06,0.6,1.27,3.03,407.6,241.8,165.7,1.12,0.63,1.33,3.18,176,134,2.79,2.12,2.93,2.23
Minor,RSC003785,Sagents,Shih Tzus,Puppy Paradise,Lunar,70.8,748,48,0.557,0.604,29,19,18462,11490,6972,52,40,58,139,37.4%,368.1,229.1,139.0,1.04,0.8,1.16,2.77,384.6,239.4,145.3,1.08,0.83,1.21,2.9,143,124,2.85,2.47,2.98,2.58
Minor,RSC003239,Wallaby Gangsta,Polar Bears,The Bear Den,Lunar,70.4,948,64,0.548,0.563,36,28,23857,13690,10167,60,42,74,189,31.7%,375.3,215.4,159.9,0.94,0.66,1.16,2.97,372.8,213.9,158.9,0.94,0.66,1.16,2.95,166,147,2.61,2.31,2.59,2.3
Minor,RSC001141,Bill3113,Blizzards,Storm,Solar,69.7,916,60,0.593,0.617,37,23,22787,13210,9577,57,38,74,191,29.8%,371.0,215.1,155.9,0.93,0.62,1.2,3.11,379.8,220.2,159.6,0.95,0.63,1.23,3.18,164,129,2.67,2.1,2.73,2.15
Minor,RSC004366,Fingergunsjesus,Polar Bears,The Bear Den,Lunar,68.7,590,40,0.602,0.625,25,15,15291,9460,5831,46,25,52,101,45.5%,386.5,239.1,147.4,1.16,0.63,1.31,2.55,382.3,236.5,145.8,1.15,0.63,1.3,2.53,114,88,2.88,2.22,2.85,2.2
Minor,RSC000322,Humble Potato,Wings,Fifty-Fifty Pizzeria,Solar,68.4,921,64,0.579,0.656,42,22,22779,12980,9799,55,55,64,153,35.9%,368.8,210.2,158.7,0.89,0.89,1.04,2.48,355.9,202.8,153.1,0.86,0.86,1.0,2.39,193,159,3.13,2.57,3.02,2.48
Minor,RSC002492,Dray,Justice League,The Comic Crusaders,Lunar,68.2,251,20,0.509,0.45,9,11,6674,3680,2994,17,12,20,38,44.7%,396.5,218.6,177.9,1.01,0.71,1.19,2.26,333.7,184.0,149.7,0.85,0.6,1.0,1.9,44,43,2.61,2.55,2.2,2.15
Minor,RSC002448,Feb,Chromium,Metal,Lunar,68.0,219,16,0.552,0.563,9,7,5600,3110,2490,14,9,17,41,34.1%,381.3,211.8,169.6,0.95,0.61,1.16,2.79,350.0,194.4,155.6,0.88,0.56,1.06,2.56,41,36,2.79,2.45,2.56,2.25
Minor,RSC000032,Bravenewwrld,Taipans,The Serpents,Lunar,67.9,854,63,0.528,0.587,37,26,21637,12350,9287,56,36,67,160,35.0%,377.8,215.7,162.2,0.98,0.63,1.17,2.79,343.4,196.0,147.4,0.89,0.57,1.06,2.54,147,137,2.57,2.39,2.33,2.17
Minor,RSC003976,Creamysteve,Warrior Wasps,The Swarm,Solar,67.8,305,20,0.602,0.7,14,6,7437,4350,3087,19,21,19,45,42.2%,363.6,212.7,150.9,0.93,1.03,0.93,2.2,371.9,217.5,154.4,0.95,1.05,0.95,2.25,62,48,3.03,2.35,3.1,2.4
Minor,RSC002892,Nickm,Nifflers,Magical Beasts,Solar,67.6,798,52,0.618,0.615,32,20,19233,11320,7913,47,42,60,152,30.9%,359.4,211.5,147.9,0.88,0.78,1.12,2.84,369.9,217.7,152.2,0.9,0.81,1.15,2.92,137,100,2.56,1.87,2.63,1.92
Minor,RSC004202,Splish.,Warrior Wasps,The Swarm,Solar,67.5,849,55,0.582,0.655,36,19,21359,12520,8839,50,37,81,162,30.9%,375.2,219.9,155.3,0.88,0.65,1.42,2.85,388.3,227.6,160.7,0.91,0.67,1.47,2.95,161,131,2.83,2.3,2.93,2.38
Minor,RSC000438,Limon,Polar Ice,Minty Fresh,Solar,66.7,952,62,0.568,0.597,37,25,23661,13260,10401,59,37,72,191,30.9%,370.6,207.7,162.9,0.92,0.58,1.13,2.99,381.6,213.9,167.8,0.95,0.6,1.16,3.08,160,134,2.51,2.1,2.58,2.16
Minor,RSC002358,Sleepy_Eyesttv,MUTO,Kaiju,Solar,66.2,525,35,0.411,0.286,10,25,14298,8520,5778,32,20,70,82,39.0%,406.1,242.0,164.1,0.91,0.57,1.99,2.33,408.5,243.4,165.1,0.91,0.57,2.0,2.34,73,92,2.07,2.61,2.09,2.63
Minor,,Cobraz Re,Nifflers,Magical Beasts,Solar,66.1,841,56,0.62,0.643,36,20,21366,12330,9036,50,31,83,163,30.7%,378.9,218.6,160.2,0.89,0.55,1.47,2.89,381.5,220.2,161.4,0.89,0.55,1.48,2.91,142,103,2.52,1.83,2.54,1.84
Minor,RSC004674,Electric,"Hammerheads
Spell","Shark Attack
The Soundtrack",Lunar,65.0,524,37,0.491,0.514,19,18,13186,7490,5696,36,21,38,94,38.3%,375.3,213.2,162.1,1.02,0.6,1.08,2.68,356.4,202.4,153.9,0.97,0.57,1.03,2.54,87,89,2.48,2.53,2.35,2.41
Minor,RSC000659,Atoll,Ocelots,The Jungle,Solar,64.7,781,52,0.684,0.75,39,13,18957,11060,7897,52,39,51,136,38.2%,362.0,211.2,150.8,0.99,0.74,0.97,2.6,364.6,212.7,151.9,1.0,0.75,0.98,2.62,178,111,3.4,2.12,3.42,2.13
Minor,RSC002672,Papafish,Ultraviolet,The Wavelengths,Solar,64.2,96,5,0.386,0.2,1,4,2561,1530,1031,7,2,11,18,38.9%,397.8,237.7,160.2,1.09,0.31,1.71,2.8,512.2,306.0,206.2,1.4,0.4,2.2,3.6,11,15,1.71,2.33,2.2,3.0
Minor,RSC003378,Reyn,Necromorphs,The Monster Mash,Lunar,63.5,931,64,0.571,0.578,37,27,23054,13070,9984,61,34,70,177,34.5%,369.3,209.4,159.9,0.98,0.54,1.12,2.84,360.2,204.2,156.0,0.95,0.53,1.09,2.77,154,128,2.47,2.05,2.41,2.0
Minor,RSC004001,Weluvyouzion,Jupiter,Milky Way,Lunar,61.7,683,49,0.392,0.388,19,30,17669,10100,7569,37,25,80,115,32.2%,385.8,220.5,165.3,0.81,0.55,1.75,2.51,360.6,206.1,154.5,0.76,0.51,1.63,2.35,97,128,2.12,2.79,1.98,2.61
Minor,,Skybud_,"Spell
MUTO","The Soundtrack
Kaiju",Solar,61.3,555,39,0.504,0.462,18,21,12754,7380,5374,34,21,35,118,28.8%,342.7,198.3,144.4,0.91,0.56,0.94,3.17,327.0,189.2,137.8,0.87,0.54,0.9,3.03,87,86,2.34,2.31,2.23,2.21
Minor,,Duffy Doug,Bowheads,Whale Defense,Lunar,60.6,767,51,0.55,0.51,26,25,18404,10500,7904,49,20,59,165,29.7%,357.8,204.1,153.7,0.95,0.39,1.15,3.21,360.9,205.9,155.0,0.96,0.39,1.16,3.24,124,109,2.41,2.12,2.43,2.14
Minor,RSC000196,Hayhay,Surge,Electric Mayhem,Lunar,60.3,848,56,0.557,0.5,28,28,19087,11540,7547,48,49,56,149,32.2%,335.7,202.9,132.7,0.84,0.86,0.98,2.62,340.8,206.1,134.8,0.86,0.88,1.0,2.66,158,137,2.78,2.41,2.82,2.45
Minor,RSC000932,Crispynuggets,Fluffy Omelettes,The Cat Cafe,Solar,59.4,250,16,0.364,0.313,5,11,6019,3490,2529,13,11,24,44,29.5%,359.0,208.2,150.9,0.78,0.66,1.43,2.62,376.2,218.1,158.1,0.81,0.69,1.5,2.75,36,51,2.15,3.04,2.25,3.19
Minor,,Whispr,Mozza Marauders,Italian Battalion,Solar,59.4,887,55,0.561,0.527,29,26,20340,12090,8250,53,44,60,159,33.3%,342.0,203.3,138.7,0.89,0.74,1.01,2.67,369.8,219.8,150.0,0.96,0.8,1.09,2.89,161,138,2.71,2.32,2.93,2.51
Minor,RSC004009,Bandit,Rated-RKO,Rocket Association Wrestling,Lunar,59.2,970,64,0.559,0.516,33,31,23747,13580,10167,58,40,83,163,35.6%,365.1,208.8,156.3,0.89,0.61,1.28,2.51,371.0,212.2,158.9,0.91,0.63,1.3,2.55,191,165,2.94,2.54,2.98,2.58
Minor,,Tuna Can Terrence,"Polar Ice
Necromorphs","Minty Fresh
The Monster Mash",Solar,59.2,95,6,0.66,0.667,4,2,2188,1410,778,9,4,3,16,56.3%,343.5,221.3,122.1,1.41,0.63,0.47,2.51,364.7,235.0,129.7,1.5,0.67,0.5,2.67,21,14,3.3,2.2,3.5,2.33
Minor,,Lordalanshore,Nifflers,Magical Beasts,Solar,59.0,601,40,0.636,0.625,25,15,14784,9250,5534,43,20,58,105,41.0%,366.8,229.5,137.3,1.07,0.5,1.44,2.61,369.6,231.3,138.4,1.08,0.5,1.45,2.63,114,80,2.83,1.99,2.85,2.0
Minor,RSC000873,J3,"Mozza Marauders
Justice League","Italian Battalion
The Comic Crusaders",Solar,58.9,885,54,0.648,0.667,36,18,19780,12520,7260,54,50,62,152,35.5%,333.3,211.0,122.3,0.91,0.84,1.04,2.56,366.3,231.9,134.4,1.0,0.93,1.15,2.81,171,116,2.88,1.95,3.17,2.15
Minor,,Juul,"Spell
Greed","The Soundtrack
Inferno",Solar,58.6,447,28,0.473,0.5,14,14,10979,6430,4549,26,21,42,68,38.2%,366.3,214.5,151.8,0.87,0.7,1.4,2.27,392.1,229.6,162.5,0.93,0.75,1.5,2.43,72,77,2.4,2.57,2.57,2.75
Minor,RSC004333,Penguin,Bowheads,Whale Defense,Lunar,57.8,707,48,0.561,0.521,25,23,17271,9720,7551,36,28,70,122,29.5%,364.3,205.0,159.3,0.76,0.59,1.48,2.57,359.8,202.5,157.3,0.75,0.58,1.46,2.54,106,90,2.24,1.9,2.21,1.88
Minor,RSC003895,Gga Astro,Wind,The Elements,Solar,57.6,734,48,0.37,0.354,17,31,19703,11360,8343,41,22,102,106,38.7%,400.3,230.8,169.5,0.83,0.45,2.07,2.15,410.5,236.7,173.8,0.85,0.46,2.13,2.21,100,140,2.03,2.84,2.08,2.92
Minor,,Connor.,Shih Tzus,Puppy Paradise,Lunar,56.6,625,41,0.587,0.634,26,15,14704,8310,6394,40,26,39,106,37.7%,350.8,198.3,152.6,0.95,0.62,0.93,2.53,358.6,202.7,156.0,0.98,0.63,0.95,2.59,115,92,2.74,2.2,2.8,2.24
Minor,RSC002163,Skrikeshut,Shih Tzus,Puppy Paradise,Lunar,56.4,602,40,0.572,0.625,25,15,14268,8380,5888,39,19,48,113,34.5%,353.4,207.6,145.9,0.97,0.47,1.19,2.8,356.7,209.5,147.2,0.98,0.48,1.2,2.83,106,88,2.63,2.18,2.65,2.2
Minor,RSC000724,Dunnie14,Silver Foxes,The Forest,Solar,56.3,416,32,0.45,0.438,14,18,10406,6270,4136,32,14,35,62,51.6%,373.0,224.8,148.3,1.15,0.5,1.25,2.22,325.2,195.9,129.3,1.0,0.44,1.09,1.94,67,76,2.4,2.72,2.09,2.38
Minor,RSC004507,Wired,"Polaris
Dire Wolves
Polar Bears","The Cosmos
Polar Vortex
The Bear Den",Lunar,55.3,84,5,0.446,0.4,2,3,1743,1100,643,5,5,4,15,33.3%,309.4,195.3,114.2,0.89,0.89,0.71,2.66,348.6,220.0,128.6,1.0,1.0,0.8,3.0,14,16,2.49,2.84,2.8,3.2
Minor,RSC002096,Fjord,Polar Ice,Minty Fresh,Solar,55.2,686,46,0.581,0.63,29,17,16482,9470,7012,38,23,66,122,31.1%,358.3,205.9,152.4,0.83,0.5,1.43,2.65,358.3,205.9,152.4,0.83,0.5,1.43,2.65,115,93,2.5,2.02,2.5,2.02
Minor,RSC000247,Hexic,Polaris,The Cosmos,Solar,55.1,875,59,0.355,0.322,19,40,20418,10620,9798,39,41,64,147,26.5%,348.0,181.0,167.0,0.66,0.7,1.09,2.51,346.1,180.0,166.1,0.66,0.69,1.08,2.49,128,185,2.18,3.15,2.17,3.14
Minor,RSC001868,Thunda Esq,Necromorphs,The Monster Mash,Lunar,54.9,622,43,0.602,0.605,26,17,14653,8220,6433,28,31,58,97,28.9%,351.3,197.1,154.2,0.67,0.74,1.39,2.33,340.8,191.2,149.6,0.65,0.72,1.35,2.26,106,81,2.54,1.94,2.47,1.88
Minor,RSC000182,Goose,Blizzards,Storm,Solar,54.5,166,12,0.576,0.5,6,6,3957,2250,1707,8,8,16,25,32.0%,355.5,202.1,153.3,0.72,0.72,1.44,2.25,329.8,187.5,142.3,0.67,0.67,1.33,2.08,28,23,2.52,2.07,2.33,1.92
Minor,,Polik,"Ultraviolet
Dread
Fluffy Omelettes","The Wavelengths
The Shadows
The Cat Cafe",Solar,54.5,185,12,0.513,0.583,7,5,4331,2550,1781,14,7,10,30,46.7%,349.1,205.6,143.6,1.13,0.56,0.81,2.42,360.9,212.5,148.4,1.17,0.58,0.83,2.5,31,30,2.5,2.42,2.58,2.5
Minor,RSC000579,Crypt_Rl,Polar Ice,Minty Fresh,Solar,53.8,799,52,0.533,0.538,28,24,19058,10760,8298,43,31,72,131,32.8%,355.7,200.8,154.9,0.8,0.58,1.34,2.44,366.5,206.9,159.6,0.83,0.6,1.38,2.52,122,112,2.28,2.09,2.35,2.15
Minor,RSC000073,Nighthawk,Blizzards,Storm,Solar,53.3,806,52,0.576,0.615,32,20,18106,10660,7446,44,40,59,131,33.6%,335.0,197.2,137.8,0.81,0.74,1.09,2.42,348.2,205.0,143.2,0.85,0.77,1.13,2.52,147,121,2.72,2.24,2.83,2.33
Minor,RSC003816,Anserem,Necromorphs,The Monster Mash,Lunar,52.7,862,59,0.582,0.593,35,24,19765,11240,8525,48,34,65,149,32.2%,341.9,194.5,147.5,0.83,0.59,1.12,2.58,335.0,190.5,144.5,0.81,0.58,1.1,2.53,145,117,2.51,2.02,2.46,1.98
Minor,RSC004723,Lacognata,Ultraviolet,The Wavelengths,Solar,52.5,210,14,0.413,0.357,5,9,5061,2930,2131,13,5,20,38,34.2%,359.4,208.1,151.3,0.92,0.36,1.42,2.7,361.5,209.3,152.2,0.93,0.36,1.43,2.71,27,34,1.92,2.41,1.93,2.43
Minor,RSC003243,Jerxe,Chromium,Metal,Lunar,52.4,840,59,0.449,0.559,33,26,19556,10390,9166,40,35,65,139,28.8%,347.2,184.5,162.7,0.71,0.62,1.15,2.47,331.5,176.1,155.4,0.68,0.59,1.1,2.36,121,138,2.15,2.45,2.05,2.34
Minor,RSC003366,No U,"Chromium
Fangtooths","Metal
The Abyss",Lunar,52.1,304,21,0.518,0.571,12,9,6853,3970,2883,15,9,28,62,24.2%,336.2,194.7,141.4,0.74,0.44,1.37,3.04,326.3,189.0,137.3,0.71,0.43,1.33,2.95,42,40,2.06,1.96,2.0,1.9
Minor,RSC000233,Lilprsnwithanger,Justice League,The Comic Crusaders,Lunar,51.9,802,60,0.447,0.433,26,34,18478,9910,8568,35,36,66,131,26.7%,343.6,184.3,159.3,0.65,0.67,1.23,2.44,308.0,165.2,142.8,0.58,0.6,1.1,2.18,124,142,2.31,2.64,2.07,2.37
Minor,RSC004702,Stryke_Rl,Fangtooths,The Abyss,Lunar,51.5,514,34,0.603,0.647,22,12,11646,7060,4586,34,22,35,81,42.0%,337.9,204.8,133.1,0.99,0.64,1.02,2.35,342.5,207.6,134.9,1.0,0.65,1.03,2.38,100,77,2.9,2.23,2.94,2.26
Minor,RSC001321,Hannandgrenade,"Necromorphs
Chromium","The Monster Mash
Metal",Lunar,51.5,93,8,0.804,0.875,7,1,2236,1140,1096,6,1,6,19,31.6%,358.5,182.8,175.7,0.96,0.16,0.96,3.05,279.5,142.5,137.0,0.75,0.13,0.75,2.38,20,8,3.21,1.28,2.5,1.0
Minor,RSC004666,Paco00.,Fluffy Omelettes,The Cat Cafe,Solar,51.0,499,33,0.546,0.485,16,17,11038,5950,5088,21,24,36,85,24.7%,329.9,177.8,152.1,0.63,0.72,1.08,2.54,334.5,180.3,154.2,0.64,0.73,1.09,2.58,79,70,2.36,2.09,2.39,2.12
Minor,RSC001034,Kingbonkk,Fangtooths,The Abyss,Lunar,50.8,498,32,0.678,0.719,23,9,11377,6770,4607,28,22,42,77,36.4%,340.7,202.7,138.0,0.84,0.66,1.26,2.31,355.5,211.6,144.0,0.88,0.69,1.31,2.41,91,56,2.72,1.68,2.84,1.75
Minor,RSC001071,Reven,Rated-RKO,Rocket Association Wrestling,Lunar,50.5,916,60,0.573,0.55,33,27,19815,12420,7395,65,29,54,177,36.7%,322.6,202.2,120.4,1.06,0.47,0.88,2.88,330.3,207.0,123.3,1.08,0.48,0.9,2.95,188,157,3.06,2.56,3.13,2.62
Minor,RSC002676,Mitchy.,Taipans,The Serpents,Lunar,50.0,464,35,0.511,0.514,18,17,10146,5730,4416,18,21,41,83,21.7%,326.1,184.2,141.9,0.58,0.67,1.32,2.67,289.9,163.7,126.2,0.51,0.6,1.17,2.37,73,71,2.35,2.28,2.09,2.03
Minor,RSC004194,Legacy,"Blizzards
Polaris","Storm
The Cosmos",Solar,50.0,553,37,0.572,0.595,22,15,11995,7290,4705,31,25,40,94,33.0%,323.5,196.6,126.9,0.84,0.67,1.08,2.53,324.2,197.0,127.2,0.84,0.68,1.08,2.54,111,93,2.99,2.51,3.0,2.51
Minor,RSC001880,Juststopbro,Surge,Electric Mayhem,Lunar,49.8,636,42,0.492,0.429,18,24,14916,8540,6376,38,18,55,109,34.9%,349.7,200.2,149.5,0.89,0.42,1.29,2.56,355.1,203.3,151.8,0.9,0.43,1.31,2.6,102,104,2.39,2.44,2.43,2.48
Minor,RSC001492,Moatsart,Wings,Fifty-Fifty Pizzeria,Solar,49.7,440,30,0.614,0.733,22,8,9337,5510,3827,28,22,18,71,39.4%,316.5,186.7,129.7,0.95,0.75,0.61,2.41,311.2,183.7,127.6,0.93,0.73,0.6,2.37,98,74,3.32,2.51,3.27,2.47
Minor,,Minty,"Ultraviolet
MUTO
Whiteout","The Wavelengths
Kaiju
Sub Zero",Solar,49.1,558,38,0.455,0.421,16,22,12530,6900,5630,21,26,52,90,23.3%,334.9,184.4,150.5,0.56,0.69,1.39,2.41,329.7,181.6,148.2,0.55,0.68,1.37,2.37,80,90,2.14,2.41,2.11,2.37
Minor,RSC004609,Yellowbob0,Whiteout,Sub Zero,Solar,49.0,735,48,0.362,0.375,18,30,16634,9720,6914,43,20,61,137,31.4%,337.5,197.2,140.3,0.87,0.41,1.24,2.78,346.5,202.5,144.0,0.9,0.42,1.27,2.85,96,138,1.95,2.8,2.0,2.88
Minor,RSC002633,Titan,Justice League,The Comic Crusaders,Lunar,48.7,231,17,0.366,0.412,7,10,5155,2820,2335,11,8,18,42,26.2%,332.8,182.0,150.7,0.71,0.52,1.16,2.71,303.2,165.9,137.4,0.65,0.47,1.06,2.47,31,44,2.0,2.84,1.82,2.59
Minor,,Taq_7,Mozza Marauders,Italian Battalion,Solar,48.7,667,42,0.651,0.619,26,16,15327,9050,6277,40,24,56,105,38.1%,342.7,202.3,140.3,0.89,0.54,1.25,2.35,364.9,215.5,149.5,0.95,0.57,1.33,2.5,132,89,2.95,1.99,3.14,2.12
Minor,,Cob,"Greed
Dread","Inferno
The Shadows",Lunar,48.5,972,62,0.511,0.484,30,32,22129,13120,9009,50,35,95,162,30.9%,339.5,201.3,138.2,0.77,0.54,1.46,2.49,356.9,211.6,145.3,0.81,0.56,1.53,2.61,148,144,2.27,2.21,2.39,2.32
Minor,RSC003864,Destroyerallstar,Surge,Electric Mayhem,Lunar,48.4,548,35,0.583,0.571,20,15,11836,6900,4936,30,25,35,90,33.3%,322.1,187.8,134.3,0.82,0.68,0.95,2.45,338.2,197.1,141.0,0.86,0.71,1.0,2.57,106,86,2.88,2.34,3.03,2.46
Minor,RSC004561,I_Am_Beercules,Fangtooths,The Abyss,Lunar,48.1,831,53,0.576,0.585,31,22,17962,10910,7052,43,36,68,141,30.5%,322.3,195.8,126.6,0.77,0.65,1.22,2.53,338.9,205.8,133.1,0.81,0.68,1.28,2.66,154,127,2.76,2.28,2.91,2.4
Minor,,Cozyboy,Wings,Fifty-Fifty Pizzeria,Solar,47.6,491,35,0.54,0.571,20,15,11207,6490,4717,29,21,37,69,42.0%,340.4,197.1,143.3,0.88,0.64,1.12,2.1,320.2,185.4,134.8,0.83,0.6,1.06,1.97,97,88,2.95,2.67,2.77,2.51
Minor,RSC002206,Krev,Fluffy Omelettes,The Cat Cafe,Solar,46.8,327,23,0.493,0.435,10,13,7027,4090,2937,17,12,24,59,28.8%,320.5,186.5,133.9,0.78,0.55,1.09,2.69,305.5,177.8,127.7,0.74,0.52,1.04,2.57,58,59,2.65,2.69,2.52,2.57
Minor,RSC002320,Joeexotic,Justice League,The Comic Crusaders,Lunar,46.5,786,58,0.457,0.448,26,32,17790,9910,7880,42,23,64,136,30.9%,337.5,188.0,149.5,0.8,0.44,1.21,2.58,306.7,170.9,135.9,0.72,0.4,1.1,2.34,120,134,2.28,2.54,2.07,2.31
Minor,RSC003142,Fish,Polaris,The Cosmos,Solar,45.8,940,63,0.359,0.317,20,43,21939,12910,9029,63,24,79,146,43.2%,348.0,204.8,143.2,1.0,0.38,1.25,2.32,348.2,204.9,143.3,1.0,0.38,1.25,2.32,140,200,2.22,3.17,2.22,3.17
Minor,RSC002398,Kayso,Hammerheads,Shark Attack,Lunar,45.7,733,52,0.424,0.423,22,30,16715,9500,7215,37,23,69,120,30.8%,340.1,193.3,146.8,0.75,0.47,1.4,2.44,321.4,182.7,138.8,0.71,0.44,1.33,2.31,106,129,2.16,2.62,2.04,2.48
Minor,RSC002640,Lastdark,Snuggies,As Seen on TV!,Solar,44.7,951,63,0.472,0.524,33,30,21771,12200,9571,47,30,90,150,31.3%,341.4,191.3,150.1,0.74,0.47,1.41,2.35,345.6,193.7,151.9,0.75,0.48,1.43,2.38,146,157,2.29,2.46,2.32,2.49
Minor,RSC003094,Galvarino,Ultraviolet,The Wavelengths,Solar,43.9,645,45,0.443,0.467,21,24,14528,8290,6238,34,15,60,114,29.8%,335.9,191.7,144.2,0.79,0.35,1.39,2.64,322.8,184.2,138.6,0.76,0.33,1.33,2.53,85,99,1.97,2.29,1.89,2.2
Minor,RSC000493,Swimmer,Bowheads,Whale Defense,Lunar,43.7,760,51,0.543,0.529,27,24,16369,9530,6839,36,30,64,123,29.3%,321.2,187.0,134.2,0.71,0.59,1.26,2.41,321.0,186.9,134.1,0.71,0.59,1.25,2.41,125,112,2.45,2.2,2.45,2.2
Minor,RSC003012,Fluffles,"Greed
Warrior Wasps","Inferno
The Swarm",Solar,43.2,210,13,0.434,0.462,6,7,4522,2850,1672,12,7,19,35,34.3%,321.1,202.4,118.7,0.85,0.5,1.35,2.49,347.8,219.2,128.6,0.92,0.54,1.46,2.69,33,39,2.34,2.77,2.54,3.0
Minor,RSC002357,Bieles,Shih Tzus,Puppy Paradise,Lunar,43.2,780,52,0.542,0.596,31,21,17013,9740,7273,40,26,63,129,31.0%,325.3,186.2,139.1,0.76,0.5,1.2,2.47,327.2,187.3,139.9,0.77,0.5,1.21,2.48,139,125,2.66,2.39,2.67,2.4
Minor,RSC000039,Impalerv,"Dread
Spell
Polaris","The Shadows
The Soundtrack
The Cosmos",Lunar,43.1,732,49,0.478,0.388,19,30,17426,9670,7756,33,22,85,102,32.4%,355.0,197.0,158.0,0.67,0.45,1.73,2.08,355.6,197.3,158.3,0.67,0.45,1.73,2.08,101,107,2.06,2.18,2.06,2.18
Minor,RSC004351,Bafflebot,"MUTO
Spell","Kaiju
The Soundtrack",Lunar,43.0,856,57,0.411,0.298,17,40,18638,10160,8478,46,28,55,141,32.6%,324.7,177.0,147.7,0.8,0.49,0.96,2.46,327.0,178.2,148.7,0.81,0.49,0.96,2.47,120,151,2.09,2.63,2.11,2.65
Minor,RSC002074,Yoloǃ,Mozza Marauders,Italian Battalion,Solar,42.8,31,2,0.435,0.5,1,1,656,480,176,2,2,3,3,66.7%,315.6,230.9,84.7,0.96,0.96,1.44,1.44,328.0,240.0,88.0,1.0,1.0,1.5,1.5,6,7,2.89,3.37,3.0,3.5
Minor,RSC000491,Lazaryo,Fluffy Omelettes,The Cat Cafe,Solar,42.5,868,60,0.44,0.417,25,35,19344,11050,8294,47,25,74,140,33.6%,332.3,189.8,142.5,0.81,0.43,1.27,2.41,322.4,184.2,138.2,0.78,0.42,1.23,2.33,126,147,2.16,2.53,2.1,2.45
Minor,RSC003237,Palmtree,Snuggies,As Seen on TV!,Solar,41.9,218,16,0.411,0.375,6,10,4514,2220,2294,8,7,13,42,19.0%,308.8,151.9,156.9,0.55,0.48,0.89,2.87,282.1,138.8,143.4,0.5,0.44,0.81,2.63,31,39,2.12,2.67,1.94,2.44
Minor,RSC004237,Exist,Dread,The Shadows,Lunar,41.8,776,51,0.486,0.451,23,28,16875,9400,7475,38,26,61,125,30.4%,324.3,180.6,143.6,0.73,0.5,1.17,2.4,330.9,184.3,146.6,0.75,0.51,1.2,2.45,106,110,2.04,2.11,2.08,2.16
Minor,,Tbonelul,"Polaris
Blizzards","The Cosmos
Storm",Solar,41.4,871,56,0.47,0.464,26,30,19364,11160,8204,50,20,74,146,34.2%,331.5,191.1,140.5,0.86,0.34,1.27,2.5,345.8,199.3,146.5,0.89,0.36,1.32,2.61,140,151,2.4,2.59,2.5,2.7
Minor,RSC002960,King,Vikings,The Sovereign,Lunar,41.3,979,61,0.591,0.623,38,23,19905,11540,8365,53,30,58,184,28.8%,303.2,175.8,127.4,0.81,0.46,0.88,2.8,326.3,189.2,137.1,0.87,0.49,0.95,3.02,184,146,2.8,2.22,3.02,2.39
Minor,RSC003887,Cundy,Ultraviolet,The Wavelengths,Solar,41.2,886,60,0.468,0.45,27,33,19776,10110,9666,37,27,73,141,26.2%,332.9,170.2,162.7,0.62,0.45,1.23,2.37,329.6,168.5,161.1,0.62,0.45,1.22,2.35,126,137,2.12,2.31,2.1,2.28
Minor,,(P|F)Ineapple,Nifflers,Magical Beasts,Solar,41.0,670,44,0.592,0.614,27,17,13781,7730,6051,30,31,43,103,29.1%,306.7,172.1,134.7,0.67,0.69,0.96,2.29,313.2,175.7,137.5,0.68,0.7,0.98,2.34,117,92,2.6,2.05,2.66,2.09
Minor,RSC000178,Scias,Silver Foxes,The Forest,Solar,40.9,374,24,0.494,0.375,9,15,7710,4600,3110,19,13,28,65,29.2%,307.4,183.4,124.0,0.76,0.52,1.12,2.59,321.3,191.7,129.6,0.79,0.54,1.17,2.71,61,62,2.43,2.47,2.54,2.58
Minor,RSC002186,5Pike,Dire Wolves,Polar Vortex,Lunar,40.6,867,61,0.33,0.311,19,42,19480,10270,9210,41,21,74,142,28.9%,335.1,176.6,158.4,0.71,0.36,1.27,2.44,319.3,168.4,151.0,0.67,0.34,1.21,2.33,111,174,1.91,2.99,1.82,2.85
Minor,RSC001614,Rexxay614,MUTO,Kaiju,Solar,40.2,808,55,0.424,0.345,19,36,18080,9960,8120,37,25,76,121,30.6%,333.7,183.8,149.9,0.68,0.46,1.4,2.23,328.7,181.1,147.6,0.67,0.45,1.38,2.2,129,156,2.38,2.88,2.35,2.84
Minor,RSC001021,Sef_Assasin666,Fluffy Omelettes,The Cat Cafe,Solar,40.0,233,16,0.462,0.375,6,10,4753,2700,2053,12,6,15,45,26.7%,304.2,172.8,131.4,0.77,0.38,0.96,2.88,297.1,168.8,128.3,0.75,0.38,0.94,2.81,27,30,1.73,1.92,1.69,1.88
Minor,RSC004441,Slam!,Jupiter,Milky Way,Lunar,39.7,619,45,0.367,0.4,18,27,13883,7580,6303,29,20,56,88,33.0%,334.5,182.6,151.8,0.7,0.48,1.35,2.12,308.5,168.4,140.1,0.64,0.44,1.24,1.96,85,120,2.05,2.89,1.89,2.67
Minor,RSC003897,Halfiehour,Ultraviolet,The Wavelengths,Solar,39.4,418,28,0.554,0.607,17,11,8571,4930,3641,17,17,34,68,25.0%,305.8,175.9,129.9,0.61,0.61,1.21,2.43,306.1,176.1,130.0,0.61,0.61,1.21,2.43,69,60,2.46,2.14,2.46,2.14
Minor,RSC000313,Hendo,Taipans,The Serpents,Lunar,39.0,584,42,0.564,0.643,27,15,11827,6650,5177,30,27,29,85,35.3%,302.0,169.8,132.2,0.77,0.69,0.74,2.17,281.6,158.3,123.3,0.71,0.64,0.69,2.02,107,91,2.73,2.32,2.55,2.17
Minor,,Free.,Necromorphs,The Monster Mash,Lunar,38.6,293,20,0.449,0.45,9,11,6465,3550,2915,12,11,28,40,30.0%,329.0,180.7,148.4,0.61,0.56,1.43,2.04,323.3,177.5,145.8,0.6,0.55,1.4,2.0,43,49,2.19,2.49,2.15,2.45
Minor,RSC000320,Ryanawesome_,Polar Bears,The Bear Den,Lunar,37.7,870,59,0.541,0.542,32,27,18260,10470,7790,43,35,64,122,35.2%,313.0,179.5,133.5,0.74,0.6,1.1,2.09,309.5,177.5,132.0,0.73,0.59,1.08,2.07,150,135,2.57,2.31,2.54,2.29
Minor,RSC000443,Enceyy,Vikings,The Sovereign,Lunar,37.5,931,58,0.596,0.621,36,22,18709,11530,7179,53,43,56,128,41.4%,299.7,184.7,115.0,0.85,0.69,0.9,2.05,322.6,198.8,123.8,0.91,0.74,0.97,2.21,175,137,2.8,2.19,3.02,2.36
Minor,RSC003984,Cpt Jon Smith,Polar Bears,The Bear Den,Lunar,37.3,346,23,0.471,0.478,11,12,6731,3530,3201,11,18,20,53,20.8%,290.1,152.1,138.0,0.47,0.78,0.86,2.28,292.7,153.5,139.2,0.48,0.78,0.87,2.3,52,56,2.24,2.41,2.26,2.43
Minor,RSC000171,Blindeyez,Whiteout,Sub Zero,Solar,36.8,911,58,0.345,0.345,20,38,19050,10630,8420,36,36,78,133,27.1%,311.8,174.0,137.8,0.59,0.59,1.28,2.18,328.4,183.3,145.2,0.62,0.62,1.34,2.29,120,180,1.96,2.95,2.07,3.1
Minor,RSC000763,Rogueum,MUTO,Kaiju,Solar,36.7,853,57,0.425,0.333,19,38,17405,9910,7495,48,32,45,126,38.1%,304.3,173.3,131.0,0.84,0.56,0.79,2.2,305.4,173.9,131.5,0.84,0.56,0.79,2.21,136,164,2.38,2.87,2.39,2.88
Minor,RSC003320,Jojomojo13,Ocelots,The Jungle,Solar,36.7,186,13,0.5,0.308,4,9,3611,2020,1591,4,13,15,22,18.2%,289.5,162.0,127.6,0.32,1.04,1.2,1.76,277.8,155.4,122.4,0.31,1.0,1.15,1.69,29,29,2.33,2.33,2.23,2.23
Minor,RSC004365,Mattixbigs,"Dire Wolves
Chromium
Hammerheads","Polar Vortex
Metal
Shark Attack",Lunar,36.7,577,41,0.364,0.341,14,27,13825,7740,6085,22,15,82,69,31.9%,357.3,200.0,157.3,0.57,0.39,2.12,1.78,337.2,188.8,148.4,0.54,0.37,2.0,1.68,71,102,1.83,2.64,1.73,2.49
Minor,RSC000796,Hoyci,Chromium,Metal,Lunar,36.0,864,61,0.474,0.557,34,27,18562,10250,8312,40,25,74,130,30.8%,320.4,176.9,143.5,0.69,0.43,1.28,2.24,304.3,168.0,136.3,0.66,0.41,1.21,2.13,127,136,2.19,2.35,2.08,2.23
Minor,RSC003456,Brainman_18,Vikings,The Sovereign,Lunar,35.7,181,11,0.534,0.636,7,4,3365,2130,1235,12,8,5,28,42.9%,277.2,175.5,101.8,0.99,0.66,0.41,2.31,305.9,193.6,112.3,1.09,0.73,0.45,2.55,39,36,3.21,2.97,3.55,3.27
Minor,RSC004088,Kenthesilencer,Justice League,The Comic Crusaders,Lunar,35.5,301,22,0.36,0.409,9,13,6155,3390,2765,10,15,25,39,25.6%,304.9,168.0,137.0,0.5,0.74,1.24,1.93,279.8,154.1,125.7,0.45,0.68,1.14,1.77,41,59,2.03,2.92,1.86,2.68
Minor,RSC002386,Gidderrrs,Spell,The Soundtrack,Lunar,34.3,641,43,0.477,0.419,18,25,13586,7340,6246,25,18,59,99,25.3%,316.1,170.8,145.3,0.58,0.42,1.37,2.3,316.0,170.7,145.3,0.58,0.42,1.37,2.3,97,103,2.26,2.4,2.26,2.4
Minor,RSC000230,Chronic Lies,Warrior Wasps,The Swarm,Solar,33.9,610,40,0.508,0.575,23,17,12227,6900,5327,29,25,38,85,34.1%,298.9,168.7,130.2,0.71,0.61,0.93,2.08,305.7,172.5,133.2,0.73,0.63,0.95,2.13,105,103,2.57,2.52,2.63,2.58
Minor,RSC001015,Bak3R,"Silver Foxes
Rated-RKO
Shih Tzus
Polaris
Polar Bears
Dread","The Forest
Rocket Association Wrestling
Puppy Paradise
The Cosmos
The Bear Den
The Shadows",Lunar,33.5,307,21,0.491,0.476,10,11,6363,2950,3413,7,12,24,45,15.6%,309.1,143.3,165.8,0.34,0.58,1.17,2.19,303.0,140.5,162.5,0.33,0.57,1.14,2.14,43,44,2.09,2.14,2.05,2.1
Minor,,47Lmao,"Whiteout
Ocelots","Sub Zero
The Jungle",Solar,33.4,693,45,0.306,0.333,15,30,14835,8230,6605,32,15,64,108,29.6%,319.2,177.1,142.1,0.69,0.32,1.38,2.32,329.7,182.9,146.8,0.71,0.33,1.42,2.4,85,143,1.83,3.08,1.89,3.18
Minor,RSC000084,Biggins,Hammerheads,Shark Attack,Lunar,32.8,528,36,0.39,0.333,12,24,11023,6140,4883,23,15,46,79,29.1%,311.3,173.4,137.9,0.65,0.42,1.3,2.23,306.2,170.6,135.6,0.64,0.42,1.28,2.19,77,102,2.17,2.88,2.14,2.83
Minor,RSC003330,Lebaneseninja,Dire Wolves,Polar Vortex,Lunar,32.0,656,47,0.37,0.319,15,32,13553,6940,6613,27,21,45,94,28.7%,308.1,157.8,150.3,0.61,0.48,1.02,2.14,288.4,147.7,140.7,0.57,0.45,0.96,2.0,86,121,1.96,2.75,1.83,2.57
Minor,RSC001091,Stealthman777,Jupiter,Milky Way,Lunar,31.5,639,45,0.38,0.356,16,29,13072,6810,6262,25,17,49,101,24.8%,305.1,158.9,146.1,0.58,0.4,1.14,2.36,290.5,151.3,139.2,0.56,0.38,1.09,2.24,87,119,2.03,2.78,1.93,2.64
Minor,RSC003186,Blaniac,Jupiter,Milky Way,Lunar,31.1,735,53,0.416,0.415,22,31,14966,7420,7546,33,20,40,112,29.5%,303.6,150.5,153.1,0.67,0.41,0.81,2.27,282.4,140.0,142.4,0.62,0.38,0.75,2.11,103,128,2.09,2.6,1.94,2.42
Minor,RSC004192,Spurilly,Greed,Inferno,Solar,30.0,916,58,0.543,0.569,33,25,18074,10330,7744,42,26,68,143,29.4%,294.2,168.2,126.1,0.68,0.42,1.11,2.33,311.6,178.1,133.5,0.72,0.45,1.17,2.47,151,135,2.46,2.2,2.6,2.33
Minor,RSC004051,Spiicy,Hammerheads,Shark Attack,Lunar,29.6,53,4,0.236,0.25,1,3,1077,490,587,2,1,3,9,22.2%,303.0,137.9,165.2,0.56,0.28,0.84,2.53,269.3,122.5,146.8,0.5,0.25,0.75,2.25,4,9,1.13,2.53,1.0,2.25
Minor,RSC000136,Blun,Bowheads,Whale Defense,Lunar,29.4,628,42,0.481,0.429,18,24,13260,7270,5990,30,21,50,72,41.7%,314.9,172.6,142.2,0.71,0.5,1.19,1.71,315.7,173.1,142.6,0.71,0.5,1.19,1.71,98,103,2.33,2.45,2.33,2.45
Minor,,Pythagorjags,Dread,The Shadows,Lunar,29.4,374,23,0.309,0.261,6,17,7395,4070,3325,12,10,35,62,19.4%,294.9,162.3,132.6,0.48,0.4,1.4,2.47,321.5,177.0,144.6,0.52,0.43,1.52,2.7,47,78,1.87,3.11,2.04,3.39
Minor,,Edac_123,"Silver Foxes
Greed","The Forest
Inferno",Solar,28.6,421,28,0.506,0.464,13,15,8547,4620,3927,14,12,40,62,22.6%,302.8,163.6,139.1,0.5,0.43,1.42,2.2,305.3,165.0,140.3,0.5,0.43,1.43,2.21,64,63,2.27,2.23,2.29,2.25
Minor,RSC001942,Dendro,Fluffy Omelettes,The Cat Cafe,Solar,28.5,343,24,0.486,0.417,10,14,6988,4250,2738,20,7,28,50,40.0%,303.8,184.8,119.0,0.87,0.3,1.22,2.17,291.2,177.1,114.1,0.83,0.29,1.17,2.08,54,56,2.35,2.43,2.25,2.33
Minor,,Avid,Hammerheads,Shark Attack,Lunar,27.4,826,58,0.431,0.414,24,34,17285,9170,8115,35,19,72,112,31.3%,312.1,165.6,146.5,0.63,0.34,1.3,2.02,298.0,158.1,139.9,0.6,0.33,1.24,1.93,125,149,2.26,2.69,2.16,2.57
Minor,RSC003120,Okieghosty,Dire Wolves,Polar Vortex,Lunar,27.1,300,20,0.258,0.2,4,16,5747,3000,2747,11,12,18,40,27.5%,285.7,149.1,136.5,0.55,0.6,0.89,1.99,287.4,150.0,137.4,0.55,0.6,0.9,2.0,37,71,1.84,3.53,1.85,3.55
Minor,RSC004165,.Tor.,"Polar Ice
Dread","Minty Fresh
The Shadows",Lunar,26.0,555,35,0.481,0.457,16,19,10880,6050,4830,24,15,42,80,30.0%,292.3,162.6,129.8,0.64,0.4,1.13,2.15,310.9,172.9,138.0,0.69,0.43,1.2,2.29,77,81,2.07,2.18,2.2,2.31
Minor,RSC001997,Bioeffect,Snuggies,As Seen on TV!,Solar,25.2,801,52,0.466,0.558,29,23,15969,8280,7689,34,17,57,118,28.8%,297.3,154.2,143.1,0.63,0.32,1.06,2.2,307.1,159.2,147.9,0.65,0.33,1.1,2.27,121,132,2.25,2.46,2.33,2.54
Minor,RSC000712,Laprius,Warrior Wasps,The Swarm,Solar,24.1,191,13,0.411,0.462,6,7,3552,1880,1672,10,3,8,33,30.3%,277.3,146.8,130.5,0.78,0.23,0.62,2.58,273.2,144.6,128.6,0.77,0.23,0.62,2.54,27,34,2.11,2.65,2.08,2.62
Minor,RSC000351,Mitzi,Snuggies,As Seen on TV!,Solar,23.9,358,24,0.43,0.417,10,14,6807,4110,2697,19,9,25,51,37.3%,283.5,171.2,112.3,0.79,0.37,1.04,2.12,283.6,171.3,112.4,0.79,0.38,1.04,2.13,50,60,2.08,2.5,2.08,2.5
Minor,RSC000663,Thedrprofessornoah,"Justice League
Hammerheads","The Comic Crusaders
Shark Attack",Lunar,23.0,185,13,0.222,0.154,2,11,3857,2200,1657,10,2,17,25,40.0%,310.9,177.3,133.6,0.81,0.16,1.37,2.02,296.7,169.2,127.5,0.77,0.15,1.31,1.92,19,42,1.53,3.39,1.46,3.23
Minor,,Drewski Rl,Spell,The Soundtrack,Lunar,22.7,475,32,0.359,0.281,9,23,9402,4960,4442,15,16,42,56,26.8%,295.2,155.7,139.5,0.47,0.5,1.32,1.76,293.8,155.0,138.8,0.47,0.5,1.31,1.75,63,91,1.98,2.86,1.97,2.84
Minor,RSC002836,Parkkid,Wind,The Elements,Solar,22.2,854,55,0.382,0.327,18,37,17027,9440,7587,37,20,73,109,33.9%,297.3,164.8,132.5,0.65,0.35,1.27,1.9,309.6,171.6,137.9,0.67,0.36,1.33,1.98,113,154,1.97,2.69,2.05,2.8
Minor,RSC002252,Djras1996,Polar Ice,Minty Fresh,Solar,21.7,324,21,0.532,0.524,11,10,6339,3150,3189,8,13,27,35,22.9%,291.8,145.0,146.8,0.37,0.6,1.24,1.61,301.9,150.0,151.9,0.38,0.62,1.29,1.67,50,46,2.3,2.12,2.38,2.19
Minor,RSC003224,Drizz,Chromium,Metal,Lunar,21.7,456,30,0.359,0.4,12,18,9011,4760,4251,16,13,39,56,28.6%,294.7,155.7,139.0,0.52,0.43,1.28,1.83,300.4,158.7,141.7,0.53,0.43,1.3,1.87,54,79,1.77,2.58,1.8,2.63
Minor,RSC002153,Kyllonen_,"Chromium
Wind
Dread","Metal
The Elements
The Shadows",Lunar,21.1,364,23,0.354,0.348,8,15,6785,3780,3005,18,8,21,53,34.0%,278.0,154.9,123.1,0.74,0.33,0.86,2.17,295.0,164.3,130.7,0.78,0.35,0.91,2.3,50,73,2.05,2.99,2.17,3.17
Minor,RSC002128,Velocifaptor,Silver Foxes,The Forest,Solar,20.5,600,42,0.5,0.476,20,22,10276,5410,4866,22,23,24,86,25.6%,255.4,134.5,120.9,0.55,0.57,0.6,2.14,244.7,128.8,115.9,0.52,0.55,0.57,2.05,102,102,2.54,2.54,2.43,2.43
Minor,RSC004070,Dr. Babies,Spell,The Soundtrack,Lunar,20.4,325,22,0.358,0.273,6,16,6296,3540,2756,11,10,31,39,28.2%,288.9,162.4,126.5,0.5,0.46,1.42,1.79,286.2,160.9,125.3,0.5,0.45,1.41,1.77,42,61,1.93,2.8,1.91,2.77
Minor,RSC003118,Mysty,Silver Foxes,The Forest,Solar,19.3,487,34,0.414,0.382,13,21,9063,4860,4203,22,14,27,61,36.1%,277.5,148.8,128.7,0.67,0.43,0.83,1.87,266.6,142.9,123.6,0.65,0.41,0.79,1.79,74,92,2.27,2.82,2.18,2.71
Minor,RSC000357,Primed,Wind,The Elements,Solar,19.0,566,38,0.441,0.421,16,22,10149,6080,4069,23,19,42,73,31.5%,267.4,160.2,107.2,0.61,0.5,1.11,1.92,267.1,160.0,107.1,0.61,0.5,1.11,1.92,87,101,2.29,2.66,2.29,2.66
Minor,RSC000781,Vegitus,"Ultraviolet
Dire Wolves","The Wavelengths
Polar Vortex",Lunar,17.8,475,32,0.281,0.25,8,24,8602,4680,3922,20,13,28,63,31.7%,270.1,146.9,123.1,0.63,0.41,0.88,1.98,268.8,146.3,122.6,0.63,0.41,0.88,1.97,61,109,1.92,3.42,1.91,3.41
Minor,RSC002736,Chulainn,Wind,The Elements,Solar,14.5,590,39,0.278,0.231,9,30,10925,5920,5005,23,9,47,82,28.0%,276.1,149.6,126.5,0.58,0.23,1.19,2.07,280.1,151.8,128.3,0.59,0.23,1.21,2.1,67,123,1.69,3.11,1.72,3.15
Minor,RSC003468,Hisdudeness3,Rated-RKO,Rocket Association Wrestling,Lunar,12.3,249,17,0.446,0.294,5,12,4371,2170,2201,9,6,13,32,28.1%,261.8,130.0,131.8,0.54,0.36,0.78,1.92,257.1,127.6,129.5,0.53,0.35,0.76,1.88,42,48,2.52,2.87,2.47,2.82
Minor,RSC003032,X3Dx Toasty,Polaris,The Cosmos,Solar,9.9,384,26,0.332,0.308,8,18,7011,3490,3521,12,8,29,44,27.3%,272.3,135.5,136.7,0.47,0.31,1.13,1.71,269.7,134.2,135.4,0.46,0.31,1.12,1.69,48,75,1.86,2.91,1.85,2.88
Minor,RSC003367,Osoghost,Whiteout,Sub Zero,Solar,7.3,492,35,0.323,0.343,12,23,9057,4550,4507,13,15,42,40,32.5%,274.5,137.9,136.6,0.39,0.45,1.27,1.21,258.8,130.0,128.8,0.37,0.43,1.2,1.14,69,109,2.09,3.3,1.97,3.11
Minor,RSC003424,Fryder,Wind,The Elements,Solar,4.3,145,8,0.223,0.25,2,6,2401,1340,1061,3,5,13,14,21.4%,246.9,137.8,109.1,0.31,0.51,1.34,1.44,300.1,167.5,132.6,0.38,0.63,1.63,1.75,15,33,1.54,3.39,1.88,4.13
Minor,RSC003206,R00Sh-E,Shih Tzus,Puppy Paradise,Lunar,3.2,106,6,0.418,0.5,3,3,1550,980,570,5,3,4,13,38.5%,218.1,137.9,80.2,0.7,0.42,0.56,1.83,258.3,163.3,95.0,0.83,0.5,0.67,2.17,18,22,2.53,3.1,3.0,3.67
Minor,RSC004653,Danaconda84,"Fluffy Omelettes
Shih Tzus","The Cat Cafe
Puppy Paradise",Solar,-1.7,137,9,0.144,0.111,1,8,2211,850,1361,1,1,10,20,5.0%,240.7,92.5,148.1,0.11,0.11,1.09,2.18,245.7,94.4,151.2,0.11,0.11,1.11,2.22,11,34,1.2,3.7,1.22,3.78
Minor,RSC002181,Ownerofthewhitesedan,Dread,The Shadows,Lunar,-3.5,115,7,0.093,0.0,0,7,1879,1000,879,4,0,9,15,26.7%,243.7,129.7,114.0,0.52,0.0,1.17,1.95,268.4,142.9,125.6,0.57,0.0,1.29,2.14,7,30,0.91,3.89,1.0,4.29
Minor,,Mrcur1Y,Fluffy Omelettes,The Cat Cafe,Solar,-8.7,122,8,0.231,0.25,2,6,1820,910,910,2,3,9,11,18.2%,222.5,111.2,111.2,0.24,0.37,1.1,1.34,227.5,113.8,113.8,0.25,0.38,1.13,1.38,12,26,1.47,3.18,1.5,3.25
Master,RSC002667,Connor,Sabertooths,Polar Vortex,Lunar,120.2,66,4,0.561,0.75,3,1,1990,1420,570,8,5,4,17,47.1%,468.6,334.4,134.2,1.88,1.18,0.94,4.0,497.5,355.0,142.5,2.0,1.25,1.0,4.25,15,13,3.53,3.06,3.75,3.25
Master,RSC000665,Calí,The Watchmen,The Comic Crusaders,Lunar,108.9,75,5,0.595,0.6,3,2,2178,1430,748,8,3,5,23,34.8%,451.3,296.3,155.0,1.66,0.62,1.04,4.77,435.6,286.0,149.6,1.6,0.6,1.0,4.6,14,11,2.9,2.28,2.8,2.2
Master,,"Peeg :>, Lol.",Sabertooths,Polar Vortex,Lunar,92.5,54,4,0.823,1.0,4,0,1413,630,783,0,6,5,8,0.0%,406.7,181.3,225.4,0.0,1.73,1.44,2.3,353.3,157.5,195.8,0.0,1.5,1.25,2.0,11,4,3.17,1.15,2.75,1.0
Master,RSC003804,Ayylo,"Tempests
Chicago Style","Storm
Fifty-Fifty Pizzeria",Solar,82.5,157,12,0.646,0.583,7,5,4037,2460,1577,9,11,14,31,29.0%,399.6,243.5,156.1,0.89,1.09,1.39,3.07,336.4,205.0,131.4,0.75,0.92,1.17,2.58,28,19,2.77,1.88,2.33,1.58
Master,RSC001903,Plasma,Chicago Style,Fifty-Fifty Pizzeria,Solar,79.0,740,50,0.619,0.6,30,20,19378,11680,7698,47,43,68,143,32.9%,407.0,245.3,161.7,0.99,0.9,1.43,3.0,387.6,233.6,154.0,0.94,0.86,1.36,2.86,126,92,2.65,1.93,2.52,1.84
Master,RSC002532,Bubblyreaper,Andromeda,The Cosmos,Solar,78.5,701,47,0.461,0.447,21,26,19727,11060,8667,47,33,71,116,40.5%,437.4,245.2,192.2,1.04,0.73,1.57,2.57,419.7,235.3,184.4,1.0,0.7,1.51,2.47,106,117,2.35,2.59,2.26,2.49
Master,RSC000591,Packers,Glacier Mint,Minty Fresh,Solar,77.7,826,52,0.689,0.654,34,18,22053,13300,8753,59,36,78,170,34.7%,414.9,250.2,164.7,1.11,0.68,1.47,3.2,424.1,255.8,168.3,1.13,0.69,1.5,3.27,152,91,2.86,1.71,2.92,1.75
Master,RSC003861,Unix,Mambas,The Serpents,Lunar,75.1,751,48,0.608,0.646,31,17,19470,12230,7240,56,33,68,158,35.4%,402.9,253.1,149.8,1.16,0.68,1.41,3.27,405.6,254.8,150.8,1.17,0.69,1.42,3.29,126,95,2.61,1.97,2.63,1.98
Master,,Phoenixu.U,Blues,Whale Defense,Lunar,73.5,535,36,0.575,0.528,19,17,13260,7470,5790,31,31,36,102,30.4%,385.2,217.0,168.2,0.9,0.9,1.05,2.96,368.3,207.5,160.8,0.86,0.86,1.0,2.83,99,82,2.88,2.38,2.75,2.28
Master,RSC000399,Dart,Mosquitoes,The Swarm,Solar,73.3,685,46,0.544,0.565,26,20,17829,10310,7519,51,21,53,151,33.8%,404.5,233.9,170.6,1.16,0.48,1.2,3.43,387.6,224.1,163.5,1.11,0.46,1.15,3.28,99,88,2.25,2.0,2.15,1.91
Master,RSC000531,Ceejay,Deathclaws,The Monster Mash,Lunar,71.9,729,47,0.602,0.638,30,17,19618,11630,7988,55,23,71,143,38.5%,418.2,247.9,170.3,1.17,0.49,1.51,3.05,417.4,247.4,170.0,1.17,0.49,1.51,3.04,119,91,2.54,1.94,2.53,1.94
Master,RSC001114,Ashes,Mercury,Milky Way,Lunar,71.8,311,20,0.517,0.45,9,11,8237,4750,3487,20,14,30,55,36.4%,411.6,237.4,174.3,1.0,0.7,1.5,2.75,411.9,237.5,174.4,1.0,0.7,1.5,2.75,46,44,2.3,2.2,2.3,2.2
Master,RSC000849,Dapperstarfishh,Chimaeras,The Abyss,Lunar,71.6,808,52,0.536,0.519,27,25,21766,12580,9186,55,30,82,148,37.2%,418.7,242.0,176.7,1.06,0.58,1.58,2.85,418.6,241.9,176.7,1.06,0.58,1.58,2.85,139,127,2.67,2.44,2.67,2.44
Master,RSC000482,Poofy,Blues,Whale Defense,Lunar,70.6,451,30,0.581,0.533,16,14,11676,6730,4946,26,19,46,88,29.5%,402.4,231.9,170.4,0.9,0.65,1.59,3.03,389.2,224.3,164.9,0.87,0.63,1.53,2.93,81,66,2.79,2.27,2.7,2.2
Master,RSC002815,Cam,Chimaeras,The Abyss,Lunar,68.7,309,19,0.516,0.526,10,9,7699,4490,3209,18,15,27,59,30.5%,387.2,225.8,161.4,0.91,0.75,1.36,2.97,405.2,236.3,168.9,0.95,0.79,1.42,3.11,52,50,2.62,2.51,2.74,2.63
Master,RSC003749,Rule,Helicoprions,Shark Attack,Lunar,68.2,754,50,0.65,0.68,34,16,19904,11280,8624,47,31,75,128,36.7%,410.3,232.5,177.8,0.97,0.64,1.55,2.64,398.1,225.6,172.5,0.94,0.62,1.5,2.56,126,84,2.6,1.73,2.52,1.68
Master,RSC002682,Lukekapo,Chicago Style,Fifty-Fifty Pizzeria,Solar,67.9,503,34,0.651,0.618,21,13,12978,6890,6088,25,26,46,79,31.6%,401.0,212.9,188.1,0.77,0.8,1.42,2.44,381.7,202.6,179.1,0.74,0.76,1.35,2.32,87,58,2.69,1.79,2.56,1.71
Master,RSC000934,Shanerbaner,Helicoprions,Shark Attack,Lunar,66.6,784,52,0.628,0.654,34,18,20683,12100,8583,44,34,94,130,33.8%,410.0,239.9,170.1,0.87,0.67,1.86,2.58,397.8,232.7,165.1,0.85,0.65,1.81,2.5,127,90,2.52,1.78,2.44,1.73
Master,,Chan-,Mercury,Milky Way,Lunar,65.8,454,30,0.483,0.4,12,18,11501,6240,5261,24,16,43,89,27.0%,393.7,213.6,180.1,0.82,0.55,1.47,3.05,383.4,208.0,175.4,0.8,0.53,1.43,2.97,66,69,2.26,2.36,2.2,2.3
Master,RSC001977,T.,Glacier Mint,Minty Fresh,Solar,65.7,826,52,0.689,0.654,34,18,19207,11210,7997,40,50,63,156,25.6%,361.4,210.9,150.5,0.75,0.94,1.19,2.94,369.4,215.6,153.8,0.77,0.96,1.21,3.0,152,91,2.86,1.71,2.92,1.75
Master,RSC002084,Rhino.,Chicago Style,Fifty-Fifty Pizzeria,Solar,65.5,619,40,0.663,0.65,26,14,15764,9120,6644,46,16,49,127,36.2%,395.8,229.0,166.8,1.15,0.4,1.23,3.19,394.1,228.0,166.1,1.15,0.4,1.23,3.18,106,68,2.66,1.71,2.65,1.7
Master,,Rex,Deathclaws,The Monster Mash,Lunar,64.7,41,3,0.951,1.0,3,0,1109,720,389,4,1,4,7,57.1%,420.4,272.9,147.5,1.52,0.38,1.52,2.65,369.7,240.0,129.7,1.33,0.33,1.33,2.33,8,1,3.03,0.38,2.67,0.33
Master,RSC000408,Xero,Mambas,The Serpents,Lunar,64.5,824,52,0.585,0.615,32,20,20700,11380,9320,42,37,78,143,29.4%,390.4,214.6,175.8,0.79,0.7,1.47,2.7,398.1,218.8,179.2,0.81,0.71,1.5,2.75,137,110,2.58,2.07,2.63,2.12
Master,RSC002034,Goldenluigii,Mercury,Milky Way,Lunar,63.7,197,13,0.305,0.231,3,10,5332,3080,2252,14,5,22,33,42.4%,420.6,243.0,177.7,1.1,0.39,1.74,2.6,410.2,236.9,173.2,1.08,0.38,1.69,2.54,28,46,2.21,3.63,2.15,3.54
Master,RSC003780,Fusionbleach,Avalanche,Sub Zero,Solar,63.6,682,44,0.544,0.568,25,19,17370,9760,7610,32,30,78,116,27.6%,395.8,222.4,173.4,0.73,0.68,1.78,2.64,394.8,221.8,173.0,0.73,0.68,1.77,2.64,102,91,2.32,2.07,2.32,2.07
Master,RSC002455,Blocky,"Avalanche
Helicoprions","Sub Zero
Shark Attack",Lunar,63.5,326,20,0.696,0.65,13,7,7907,4490,3417,16,14,31,64,25.0%,377.0,214.1,162.9,0.76,0.67,1.48,3.05,395.4,224.5,170.9,0.8,0.7,1.55,3.2,51,29,2.43,1.38,2.55,1.45
Master,RSC000588,Cash,Chimaeras,The Abyss,Lunar,63.1,519,34,0.552,0.529,18,16,12465,7790,4675,37,27,37,89,41.6%,373.3,233.3,140.0,1.11,0.81,1.11,2.67,366.6,229.1,137.5,1.09,0.79,1.09,2.62,90,79,2.7,2.37,2.65,2.32
Master,RSC004607,Asuna,"Blues
Lasagna Legion","Whale Defense
Italian Battalion",Lunar,62.7,479,30,0.539,0.567,17,13,12094,7020,5074,30,15,47,92,32.6%,392.4,227.8,164.6,0.97,0.49,1.52,2.99,403.1,234.0,169.1,1.0,0.5,1.57,3.07,72,65,2.34,2.11,2.4,2.17
Master,RSC000750,Jatt,Sabertooths,Polar Vortex,Lunar,60.8,830,52,0.484,0.481,25,27,20166,11010,9156,38,35,79,151,25.2%,377.6,206.2,171.4,0.71,0.66,1.48,2.83,387.8,211.7,176.1,0.73,0.67,1.52,2.9,114,119,2.13,2.23,2.19,2.29
Master,,Rex.,Andromeda,The Cosmos,Solar,60.0,311,22,0.686,0.682,15,7,8324,4880,3444,23,8,34,48,47.9%,416.0,243.9,172.1,1.15,0.4,1.7,2.4,378.4,221.8,156.5,1.05,0.36,1.55,2.18,55,33,2.75,1.65,2.5,1.5
Master,RSC000577,Lord Ironskull,Soul,The Elements,Solar,57.2,590,36,0.453,0.361,13,23,13842,7760,6082,33,22,45,111,29.7%,364.6,204.4,160.2,0.87,0.58,1.19,2.92,384.5,215.6,168.9,0.92,0.61,1.25,3.08,86,97,2.27,2.56,2.39,2.69
Master,RSC004214,Miserable,Glacier Mint,Minty Fresh,Solar,56.6,490,31,0.783,0.742,23,8,11468,6820,4648,35,19,30,87,40.2%,363.7,216.3,147.4,1.11,0.6,0.95,2.76,369.9,220.0,149.9,1.13,0.61,0.97,2.81,97,42,3.08,1.33,3.13,1.35
Master,RSC002490,Bex!,Fraud,Inferno,Solar,56.3,631,41,0.434,0.488,20,21,14856,8090,6766,29,23,57,119,24.4%,365.9,199.3,166.6,0.71,0.57,1.4,2.93,362.3,197.3,165.0,0.71,0.56,1.39,2.9,94,111,2.32,2.73,2.29,2.71
Master,RSC004696,Nuggz,"Andromeda
Fraud
Blues","The Cosmos
Inferno
Whale Defense",Solar,54.9,401,26,0.618,0.692,18,8,8972,5290,3682,17,20,37,74,23.0%,347.7,205.0,142.7,0.66,0.78,1.43,2.87,345.1,203.5,141.6,0.65,0.77,1.42,2.85,67,49,2.6,1.9,2.58,1.88
Master,RSC000583,Unearthlylegend,Tempests,Storm,Solar,54.4,769,48,0.556,0.542,26,22,18518,10770,7748,40,30,80,127,31.5%,374.2,217.7,156.6,0.81,0.61,1.62,2.57,385.8,224.4,161.4,0.83,0.63,1.67,2.65,118,102,2.38,2.06,2.46,2.13
Master,,Rated_Zk,"Lasagna Legion
Fraud","Italian Battalion
Inferno",Solar,52.9,692,44,0.426,0.5,22,22,15268,8570,6698,33,29,50,132,25.0%,342.9,192.5,150.4,0.74,0.65,1.12,2.96,347.0,194.8,152.2,0.75,0.66,1.14,3.0,101,122,2.27,2.74,2.3,2.77
Master,RSC003412,Python,The Watchmen,The Comic Crusaders,Lunar,52.2,568,36,0.399,0.333,12,24,12772,7340,5432,25,22,53,109,22.9%,349.5,200.8,148.6,0.68,0.6,1.45,2.98,354.8,203.9,150.9,0.69,0.61,1.47,3.03,73,95,2.0,2.6,2.03,2.64
Master,RSC002944,Paylosoul,Mercury,Milky Way,Lunar,52.1,54,4,0.279,0.0,0,4,1218,700,518,3,2,4,10,30.0%,350.5,201.5,149.1,0.86,0.58,1.15,2.88,304.5,175.0,129.5,0.75,0.5,1.0,2.5,8,14,2.3,4.03,2.0,3.5
Master,RSC000330,Infinite,Mosquitoes,The Swarm,Solar,51.8,776,52,0.521,0.538,28,24,17950,9320,8630,30,28,71,137,21.9%,359.5,186.7,172.8,0.6,0.56,1.42,2.74,345.2,179.2,166.0,0.58,0.54,1.37,2.63,109,103,2.18,2.06,2.1,1.98
Master,,Aki,"Fraud
Lasagna Legion
Blues","Inferno
Italian Battalion
Whale Defense",Solar,51.7,616,42,0.368,0.429,18,24,15682,8580,7102,27,19,81,88,30.7%,395.7,216.5,179.2,0.68,0.48,2.04,2.22,373.4,204.3,169.1,0.64,0.45,1.93,2.1,74,105,1.87,2.65,1.76,2.5
Master,RSC002125,Neoblastz,Immortals,The Sovereign,Lunar,50.8,536,37,0.403,0.432,16,21,12821,6660,6161,22,22,52,76,28.9%,371.7,193.1,178.6,0.64,0.64,1.51,2.2,346.5,180.0,166.5,0.59,0.59,1.41,2.05,64,83,1.86,2.41,1.73,2.24
Master,RSC000595,E=Mc_Hammer,Deathclaws,The Monster Mash,Lunar,50.2,498,32,0.574,0.656,21,11,11393,6370,5023,24,20,43,82,29.3%,355.6,198.8,156.8,0.75,0.62,1.34,2.56,356.0,199.1,157.0,0.75,0.63,1.34,2.56,80,66,2.5,2.06,2.5,2.06
Master,RSC000634,Badasswalrus,Care Bears,The Bear Den,Lunar,50.2,662,43,0.385,0.349,15,28,16149,8830,7319,29,27,74,88,33.0%,379.1,207.3,171.8,0.68,0.63,1.74,2.07,375.6,205.3,170.2,0.67,0.63,1.72,2.05,78,106,1.83,2.49,1.81,2.47
Master,,Roden,Soul,The Elements,Solar,50.0,559,33,0.505,0.394,13,20,12656,7490,5166,35,13,44,114,30.7%,351.9,208.2,143.6,0.97,0.36,1.22,3.17,383.5,227.0,156.5,1.06,0.39,1.33,3.45,78,77,2.17,2.14,2.36,2.33
Master,RSC004228,Lyrics,"The Watchmen
Tempests","The Comic Crusaders
Storm",Solar,49.7,484,29,0.471,0.379,11,18,11041,6120,4921,26,13,39,92,28.3%,354.5,196.5,158.0,0.83,0.42,1.25,2.95,380.7,211.0,169.7,0.9,0.45,1.34,3.17,62,67,1.99,2.15,2.14,2.31
Master,RSC004580,Static,Fraud,Inferno,Solar,49.6,788,50,0.447,0.54,27,23,18508,10460,8048,40,32,74,116,34.5%,365.0,206.3,158.7,0.79,0.63,1.46,2.29,370.2,209.2,161.0,0.8,0.64,1.48,2.32,120,137,2.37,2.7,2.4,2.74
Master,RSC000589,Subzero,Deathclaws,The Monster Mash,Lunar,49.6,543,35,0.557,0.543,19,16,11985,6050,5935,18,27,41,85,21.2%,343.0,173.2,169.9,0.52,0.77,1.17,2.43,342.4,172.9,169.6,0.51,0.77,1.17,2.43,87,75,2.49,2.15,2.49,2.14
Master,RSC002332,Wespyyy,Tempests,Storm,Solar,48.4,202,13,0.619,0.769,10,3,4537,2680,1857,12,10,14,28,42.9%,349.1,206.2,142.9,0.92,0.77,1.08,2.15,349.0,206.2,142.8,0.92,0.77,1.08,2.15,38,28,2.92,2.15,2.92,2.15
Master,RSC004621,Jnah,"Mercury
Glacier Mint","Milky Way
Minty Fresh",Solar,48.0,345,22,0.493,0.455,10,12,7847,4490,3357,17,12,32,59,28.8%,353.5,202.3,151.2,0.77,0.54,1.44,2.66,356.7,204.1,152.6,0.77,0.55,1.45,2.68,58,59,2.61,2.66,2.64,2.68
Master,,Reag,Immortals,The Sovereign,Lunar,47.2,769,50,0.446,0.52,26,24,17953,9470,8483,27,20,88,137,19.7%,362.8,191.4,171.4,0.55,0.4,1.78,2.77,359.1,189.4,169.7,0.54,0.4,1.76,2.74,89,103,1.8,2.08,1.78,2.06
Master,RSC000052,Barra,Avalanche,Sub Zero,Solar,47.0,788,51,0.534,0.569,29,22,17384,9880,7504,38,31,64,133,28.6%,342.9,194.9,148.0,0.75,0.61,1.26,2.62,340.9,193.7,147.1,0.75,0.61,1.25,2.61,118,108,2.33,2.13,2.31,2.12
Master,RSC000249,Se7En,Blues,Whale Defense,Lunar,46.8,706,46,0.565,0.522,24,22,15786,8930,6856,38,29,52,108,35.2%,347.5,196.6,150.9,0.84,0.64,1.14,2.38,343.2,194.1,149.0,0.83,0.63,1.13,2.35,118,100,2.6,2.2,2.57,2.17
Master,RSC004067,Envy.,Mosquitoes,The Swarm,Solar,46.8,15,1,0.161,0.0,0,1,222,90,132,0,1,0,4,0.0%,230.0,93.2,136.8,0.0,1.04,0.0,4.14,222.0,90.0,132.0,0.0,1.0,0.0,4.0,1,3,1.04,3.11,1.0,3.0
Master,,Simpl3_Wolf,Tempests,Storm,Solar,46.8,30,2,0.362,0.0,0,2,553,360,193,1,2,2,6,16.7%,286.5,186.5,100.0,0.52,1.04,1.04,3.11,276.5,180.0,96.5,0.5,1.0,1.0,3.0,5,7,2.59,3.63,2.5,3.5
Master,RSC000193,Shamurl,Tempests,Storm,Solar,45.7,769,48,0.556,0.542,26,22,16765,9220,7545,34,29,61,132,25.8%,338.8,186.3,152.5,0.69,0.59,1.23,2.67,349.3,192.1,157.2,0.71,0.6,1.27,2.75,118,102,2.38,2.06,2.46,2.13
Master,RSC002148,Sir Mcdouble,"Avalanche
The Watchmen","Sub Zero
The Comic Crusaders",Solar,45.6,307,19,0.492,0.526,10,9,6643,3910,2733,18,10,21,56,32.1%,336.3,197.9,138.4,0.91,0.51,1.06,2.83,349.6,205.8,143.8,0.95,0.53,1.11,2.95,48,49,2.43,2.48,2.53,2.58
Master,RSC004254,Lefty,"Lasagna Legion
Andromeda","Italian Battalion
The Cosmos",Solar,44.8,297,19,0.398,0.263,5,14,6737,3760,2977,15,8,27,51,29.4%,352.5,196.8,155.8,0.78,0.42,1.41,2.67,354.6,197.9,156.7,0.79,0.42,1.42,2.68,40,52,2.09,2.72,2.11,2.74
Master,RSC004050,Typhon,Soul,The Elements,Solar,44.8,231,14,0.629,0.5,7,7,5038,2770,2268,8,8,23,42,19.0%,339.0,186.4,152.6,0.54,0.54,1.55,2.83,359.9,197.9,162.0,0.57,0.57,1.64,3.0,33,23,2.22,1.55,2.36,1.64
Master,RSC003433,Ellectrozx,Lasagna Legion,Italian Battalion,Solar,44.4,426,28,0.353,0.357,10,18,9662,5400,4262,20,15,40,65,30.8%,352.5,197.0,155.5,0.73,0.55,1.46,2.37,345.1,192.9,152.2,0.71,0.54,1.43,2.32,53,78,1.93,2.85,1.89,2.79
Master,,Kjo.,Helicoprions,Shark Attack,Lunar,43.0,566,38,0.608,0.658,25,13,12821,6830,5991,26,23,47,73,35.6%,352.0,187.5,164.5,0.71,0.63,1.29,2.0,337.4,179.7,157.7,0.68,0.61,1.24,1.92,92,69,2.53,1.89,2.42,1.82
Master,RSC000835,Kip,"Sabertooths
Flex Tapes","Polar Vortex
As Seen on TV!",Lunar,42.9,659,40,0.461,0.45,18,22,14074,8010,6064,30,23,54,116,25.9%,331.9,188.9,143.0,0.71,0.54,1.27,2.74,351.9,200.3,151.6,0.75,0.58,1.35,2.9,81,90,1.91,2.12,2.03,2.25
Master,RSC002371,Rocksox,Chimaeras,The Abyss,Lunar,41.9,788,51,0.534,0.51,26,25,17058,9100,7958,29,36,66,110,26.4%,336.4,179.5,157.0,0.57,0.71,1.3,2.17,334.5,178.4,156.0,0.57,0.71,1.29,2.16,136,125,2.68,2.47,2.67,2.45
Master,RSC000657,Saucey,Mosquitoes,The Swarm,Solar,41.9,428,29,0.494,0.483,14,15,8556,4350,4206,14,17,26,80,17.5%,310.7,158.0,152.7,0.51,0.62,0.94,2.9,295.0,150.0,145.0,0.48,0.59,0.9,2.76,61,62,2.22,2.25,2.1,2.14
Master,RSC001885,Wick,Avalanche,Sub Zero,Solar,41.7,408,27,0.565,0.63,17,10,9027,4720,4307,22,10,27,67,32.8%,343.9,179.8,164.1,0.84,0.38,1.03,2.55,334.3,174.8,159.5,0.81,0.37,1.0,2.48,64,54,2.44,2.06,2.37,2.0
Master,RSC000358,Stryyk3R,Mambas,The Serpents,Lunar,41.5,751,47,0.614,0.66,31,16,16032,8400,7632,33,27,51,120,27.5%,331.8,173.8,157.9,0.68,0.56,1.06,2.48,341.1,178.7,162.4,0.7,0.57,1.09,2.55,132,98,2.73,2.03,2.81,2.09
Master,RSC000373,Lunaoso,Care Bears,The Bear Den,Lunar,40.1,744,49,0.43,0.408,20,29,16338,9570,6768,33,25,77,117,28.2%,341.3,199.9,141.4,0.69,0.52,1.61,2.44,333.4,195.3,138.1,0.67,0.51,1.57,2.39,101,121,2.11,2.53,2.06,2.47
Master,RSC000080,Murloc,Deathclaws,The Monster Mash,Lunar,39.4,610,39,0.562,0.59,23,16,12610,7380,5230,28,25,47,98,28.6%,321.3,188.0,133.2,0.71,0.64,1.2,2.5,323.3,189.2,134.1,0.72,0.64,1.21,2.51,93,79,2.37,2.01,2.38,2.03
Master,RSC000082,Memlo,"Helicoprions
Soul","Shark Attack
The Elements",Solar,39.2,367,23,0.36,0.217,5,18,7977,4800,3177,19,13,34,55,34.5%,337.8,203.3,134.5,0.8,0.55,1.44,2.33,346.8,208.7,138.1,0.83,0.57,1.48,2.39,48,69,2.03,2.92,2.09,3.0
Master,RSC004645,Conyep,"Mercury
Andromeda","Milky Way
The Cosmos",Solar,38.9,546,36,0.428,0.333,12,24,11221,6040,5181,22,23,37,84,26.2%,319.4,171.9,147.5,0.63,0.65,1.05,2.39,311.7,167.8,143.9,0.61,0.64,1.03,2.33,79,95,2.25,2.7,2.19,2.64
Master,RSC001889,Phelpsy,"Tempests
Sabertooths","Storm
Polar Vortex",Lunar,38.9,202,13,0.315,0.231,3,10,4128,2510,1618,13,4,12,41,31.7%,317.6,193.1,124.5,1.0,0.31,0.92,3.15,317.5,193.1,124.5,1.0,0.31,0.92,3.15,21,35,1.62,2.69,1.62,2.69
Master,RSC000684,Kanman01,Flex Tapes,As Seen on TV!,Solar,38.6,611,36,0.368,0.389,14,22,13016,7610,5406,27,22,57,96,28.1%,331.1,193.6,137.5,0.69,0.56,1.45,2.44,361.6,211.4,150.2,0.75,0.61,1.58,2.67,77,109,1.96,2.77,2.14,3.03
Master,RSC001921,Dom,The Watchmen,The Comic Crusaders,Lunar,38.5,32,2,0.5,0.5,1,1,730,340,390,1,1,3,4,25.0%,354.5,165.1,189.4,0.49,0.49,1.46,1.94,365.0,170.0,195.0,0.5,0.5,1.5,2.0,2,2,0.97,0.97,1.0,1.0
Master,RSC001779,V15 Ehf,Care Bears,The Bear Den,Lunar,37.9,524,35,0.438,0.4,14,21,11151,5990,5161,19,17,48,84,22.6%,330.7,177.7,153.1,0.56,0.5,1.42,2.49,318.6,171.1,147.5,0.54,0.49,1.37,2.4,68,80,2.02,2.37,1.94,2.29
Master,,Chips.,Flex Tapes,As Seen on TV!,Solar,37.8,406,24,0.363,0.333,8,16,8493,4860,3633,24,12,24,66,36.4%,325.1,186.0,139.1,0.92,0.46,0.92,2.53,353.9,202.5,151.4,1.0,0.5,1.0,2.75,54,77,2.07,2.95,2.25,3.21
Master,,Bubbles,"Fraud
Care Bears","Inferno
The Bear Den",Lunar,37.0,427,27,0.42,0.519,14,13,9446,5330,4116,25,8,35,68,36.8%,343.8,194.0,149.8,0.91,0.29,1.27,2.47,349.9,197.4,152.4,0.93,0.3,1.3,2.52,56,69,2.04,2.51,2.07,2.56
Master,RSC004710,Antee,Flex Tapes,As Seen on TV!,Solar,36.5,41,3,0.155,0.0,0,3,1069,640,429,1,1,9,4,25.0%,405.2,242.6,162.6,0.38,0.38,3.41,1.52,356.3,213.3,143.0,0.33,0.33,3.0,1.33,3,9,1.14,3.41,1.0,3.0
Master,RSC000540,Blissful4,"The Watchmen
Lasagna Legion","The Comic Crusaders
Italian Battalion",Solar,35.8,249,15,0.469,0.467,7,8,5062,2910,2152,10,11,20,36,27.8%,315.9,181.6,134.3,0.62,0.69,1.25,2.25,337.5,194.0,143.5,0.67,0.73,1.33,2.4,36,39,2.25,2.43,2.4,2.6
Master,,Unexpected,Immortals,The Sovereign,Lunar,35.2,653,42,0.486,0.548,23,19,14024,7860,6164,30,15,61,106,28.3%,333.8,187.1,146.7,0.71,0.36,1.45,2.52,333.9,187.1,146.8,0.71,0.36,1.45,2.52,79,82,1.88,1.95,1.88,1.95
Master,RSC002500,Kalten,The Watchmen,The Comic Crusaders,Lunar,34.3,192,12,0.344,0.167,2,10,4139,2080,2059,4,6,22,28,14.3%,335.0,168.4,166.7,0.32,0.49,1.78,2.27,344.9,173.3,171.6,0.33,0.5,1.83,2.33,18,28,1.46,2.27,1.5,2.33
Master,RSC004538,Bones,"Glacier Mint
Mercury","Minty Fresh
Milky Way",Lunar,32.6,352,23,0.318,0.348,8,15,7565,4020,3545,15,10,31,47,31.9%,334.0,177.5,156.5,0.66,0.44,1.37,2.08,328.9,174.8,154.1,0.65,0.43,1.35,2.04,44,71,1.94,3.13,1.91,3.09
Master,RSC000623,Wall2Wall3,Sabertooths,Polar Vortex,Lunar,31.8,776,48,0.507,0.5,24,24,16139,8670,7469,34,22,61,112,30.4%,323.2,173.6,149.6,0.68,0.44,1.22,2.24,336.2,180.6,155.6,0.71,0.46,1.27,2.33,109,107,2.18,2.14,2.27,2.23
Master,RSC003110,Rev,Flex Tapes,As Seen on TV!,Solar,31.0,749,45,0.327,0.356,16,29,15906,8800,7106,28,23,77,100,28.0%,330.0,182.6,147.4,0.58,0.48,1.6,2.07,353.5,195.6,157.9,0.62,0.51,1.71,2.22,89,141,1.85,2.93,1.98,3.13
Master,RSC004353,Super,"Care Bears
Fraud","The Bear Den
Inferno",Lunar,30.6,335,21,0.444,0.429,9,12,6965,4200,2765,17,13,29,40,42.5%,323.1,194.8,128.3,0.79,0.6,1.35,1.86,331.7,200.0,131.7,0.81,0.62,1.38,1.9,54,62,2.51,2.88,2.57,2.95
Master,RSC002888,Kri0S,Flex Tapes,As Seen on TV!,Solar,29.1,738,44,0.367,0.409,18,26,15964,8750,7214,23,20,90,95,24.2%,336.2,184.3,151.9,0.48,0.42,1.9,2.0,362.8,198.9,164.0,0.52,0.45,2.05,2.16,90,128,1.9,2.7,2.05,2.91
Master,RSC004698,Slvr.,Mosquitoes,The Swarm,Solar,26.9,371,24,0.516,0.542,13,11,7269,3820,3449,13,12,28,52,25.0%,304.5,160.0,144.5,0.54,0.5,1.17,2.18,302.9,159.2,143.7,0.54,0.5,1.17,2.17,48,46,2.01,1.93,2.0,1.92
Master,RSC002639,Comet,Mosquitoes,The Swarm,Solar,26.9,53,4,0.597,0.75,3,1,1119,500,619,1,2,5,5,20.0%,328.1,146.6,181.5,0.29,0.59,1.47,1.47,279.8,125.0,154.8,0.25,0.5,1.25,1.25,9,7,2.64,2.05,2.25,1.75
Master,RSC003031,Yesper,The Watchmen,The Comic Crusaders,Lunar,26.2,400,26,0.235,0.231,6,20,7647,3740,3907,10,11,31,64,15.6%,297.1,145.3,151.8,0.39,0.43,1.2,2.49,294.1,143.8,150.3,0.38,0.42,1.19,2.46,35,76,1.36,2.95,1.35,2.92
Master,RSC000565,Twst,Mambas,The Serpents,Lunar,24.8,146,9,0.308,0.222,2,7,2915,1620,1295,6,3,13,22,27.3%,310.3,172.4,137.9,0.64,0.32,1.38,2.34,323.9,180.0,143.9,0.67,0.33,1.44,2.44,16,27,1.7,2.87,1.78,3.0
Master,RSC000544,Xaerous,Soul,The Elements,Solar,24.6,620,37,0.467,0.351,13,24,11694,6510,5184,18,28,51,76,23.7%,293.1,163.2,129.9,0.45,0.7,1.28,1.91,316.1,175.9,140.1,0.49,0.76,1.38,2.05,92,100,2.31,2.51,2.49,2.7
Master,RSC003009,Twisted,Chicago Style,Fifty-Fifty Pizzeria,Solar,22.8,389,28,0.575,0.607,17,11,7062,3410,3652,9,16,24,51,17.6%,282.1,136.2,145.9,0.36,0.64,0.96,2.04,252.2,121.8,130.4,0.32,0.57,0.86,1.82,62,51,2.48,2.04,2.21,1.82
Master,RSC000647,Leo.,Mercury,Milky Way,Lunar,21.9,265,18,0.269,0.222,4,14,4911,2490,2421,7,10,19,34,20.6%,288.0,146.0,142.0,0.41,0.59,1.11,1.99,272.8,138.3,134.5,0.39,0.56,1.06,1.89,35,64,2.05,3.75,1.94,3.56
Master,RSC002154,Gogbe,Immortals,The Sovereign,Lunar,21.9,439,27,0.5,0.593,16,11,8139,4820,3319,16,11,39,72,22.2%,288.1,170.6,117.5,0.57,0.39,1.38,2.55,301.4,178.5,122.9,0.59,0.41,1.44,2.67,53,53,1.88,1.88,1.96,1.96
Master,,Jsavvv,Lasagna Legion,Italian Battalion,Solar,21.7,348,23,0.353,0.391,9,14,6754,3460,3294,12,9,27,46,26.1%,301.6,154.5,147.1,0.54,0.4,1.21,2.05,293.7,150.4,143.2,0.52,0.39,1.17,2.0,39,58,1.74,2.59,1.7,2.52
Master,RSC004354,Edwin,Andromeda,The Cosmos,Solar,20.3,560,37,0.351,0.27,10,27,10987,5420,5567,13,14,54,72,18.1%,304.9,150.4,154.5,0.36,0.39,1.5,2.0,296.9,146.5,150.5,0.35,0.38,1.46,1.95,75,110,2.08,3.05,2.03,2.97
Master,RSC003263,Nine,Lasagna Legion,Italian Battalion,Solar,19.5,676,45,0.374,0.378,17,28,13119,7330,5789,24,19,63,83,28.9%,301.6,168.5,133.1,0.55,0.44,1.45,1.91,291.5,162.9,128.6,0.53,0.42,1.4,1.84,84,117,1.93,2.69,1.87,2.6
Master,RSC003837,Boofin’,The Watchmen,The Comic Crusaders,Lunar,19.1,209,13,0.42,0.385,5,8,3712,1760,1952,5,4,14,36,13.9%,276.0,130.9,145.2,0.37,0.3,1.04,2.68,285.5,135.4,150.2,0.38,0.31,1.08,2.77,25,31,1.86,2.31,1.92,2.38
Master,RSC004683,Chubi.,Sabertooths,Polar Vortex,Lunar,15.5,65,5,0.189,0.2,1,4,1103,340,763,0,2,3,9,0.0%,263.7,81.3,182.4,0.0,0.48,0.72,2.15,220.6,68.0,152.6,0.0,0.4,0.6,1.8,6,15,1.43,3.59,1.2,3.0
Master,RSC003310,Cbob,Avalanche,Sub Zero,Solar,9.8,78,5,0.5,0.6,3,2,1407,700,707,3,1,5,10,30.0%,280.3,139.5,140.9,0.6,0.2,1.0,1.99,281.4,140.0,141.4,0.6,0.2,1.0,2.0,12,12,2.39,2.39,2.4,2.4
Master,RSC002534,Ark.,The Watchmen,The Comic Crusaders,Lunar,7.0,267,17,0.147,0.118,2,15,5153,2600,2553,7,4,29,25,28.0%,299.9,151.3,148.6,0.41,0.23,1.69,1.46,303.1,152.9,150.2,0.41,0.24,1.71,1.47,18,57,1.05,3.32,1.06,3.35
Master,RSC000419,Moosey,Mercury,Milky Way,Lunar,1.5,95,6,0.261,0.5,3,3,1381,800,581,3,4,4,10,30.0%,225.9,130.9,95.0,0.49,0.65,0.65,1.64,230.2,133.3,96.8,0.5,0.67,0.67,1.67,11,21,1.8,3.44,1.83,3.5
Master,RSC003762,Scorch,The Watchmen,The Comic Crusaders,Lunar,-20.0,65,4,0.054,0.0,0,4,821,400,421,0,0,6,10,0.0%,196.3,95.6,100.7,0.0,0.0,1.43,2.39,205.3,100.0,105.3,0.0,0.0,1.5,2.5,2,14,0.48,3.35,0.5,3.5
Master,RSC003762,Scorch,The Watchmen,The Comic Crusaders,Lunar,-20.0,65,4,0.054,0.0,0,4,821,400,421,0,0,6,10,0.0%,196.3,95.6,100.7,0.0,0.0,1.43,2.39,205.3,100.0,105.3,0.0,0.0,1.5,2.5,2,14,0.48,3.35,0.5,3.5
Master,RSC000426,Struttrl,The Watchmen,The Comic Crusaders,Lunar,-21.1,28,2,0.205,0.0,0,2,478,260,218,1,0,3,1,100.0%,265.3,144.3,121.0,0.56,0.0,1.67,0.56,239.0,130.0,109.0,0.5,0.0,1.5,0.5,2,5,1.11,2.78,1.0,2.5
Master,RSC000426,Struttrl,The Watchmen,The Comic Crusaders,Lunar,-21.1,28,2,0.205,0.0,0,2,478,260,218,1,0,3,1,100.0%,265.3,144.3,121.0,0.56,0.0,1.67,0.56,239.0,130.0,109.0,0.5,0.0,1.5,0.5,2,5,1.11,2.78,1.0,2.5
Master,RSC001004,Rogers,Avalanche,Sub Zero,Solar,-23.7,54,4,0.278,0.25,1,3,716,250,466,1,0,2,5,20.0%,206.1,72.0,134.1,0.29,0.0,0.58,1.44,179.0,62.5,116.5,0.25,0.0,0.5,1.25,6,11,1.73,3.17,1.5,2.75
Master,RSC000960,Catlas,Helicoprions,Shark Attack,Lunar,-26.6,13,1,0.0,0.0,0,1,144,70,74,0,0,1,2,0.0%,172.2,83.7,88.5,0.0,0.0,1.2,2.39,144.0,70.0,74.0,0.0,0.0,1.0,2.0,0,4,0.0,4.78,0.0,4.0
Major,RSC004549,Min1Mum,Water,The Elements,Solar,122.0,64,4,0.431,0.25,1,3,2242,1360,882,8,2,6,16,50.0%,539.0,327.0,212.0,1.92,0.48,1.44,3.85,560.5,340.0,220.5,2.0,0.5,1.5,4.0,11,13,2.64,3.13,2.75,3.25
Major,RSC004132,Roberts7977,Supernova,The Cosmos,Solar,110.5,868,56,0.689,0.75,42,14,26565,16790,9775,85,49,75,209,40.7%,470.9,297.6,173.3,1.51,0.87,1.33,3.7,474.4,299.8,174.6,1.52,0.88,1.34,3.73,178,108,3.16,1.91,3.18,1.93
Major,,Forza!,Phoenix,Magical Beasts,Solar,87.9,918,60,0.561,0.55,33,27,25540,14630,10910,66,42,78,203,32.5%,428.1,245.2,182.9,1.11,0.7,1.31,3.4,425.7,243.8,181.8,1.1,0.7,1.3,3.38,160,137,2.68,2.3,2.67,2.28
Major,RSC000574,Icy,Calico Crepes,The Cat Cafe,Solar,83.2,919,63,0.63,0.651,41,22,26115,15530,10585,77,40,83,168,45.8%,437.2,260.0,177.2,1.29,0.67,1.39,2.81,414.5,246.5,168.0,1.22,0.63,1.32,2.67,185,133,3.1,2.23,2.94,2.11
Major,RSC002902,Stone-Dog Millionaire,Anger,Inferno,Solar,82.9,683,49,0.507,0.571,28,21,18968,11120,7848,51,29,64,137,37.2%,427.3,250.5,176.8,1.15,0.65,1.44,3.09,387.1,226.9,160.2,1.04,0.59,1.31,2.8,117,115,2.64,2.59,2.39,2.35
Major,,Polik,"Xenomorphs
Calzones","The Monster Mash
Fifty-Fifty Pizzeria",Solar,82.8,99,6,0.598,0.5,3,3,2557,1650,907,8,4,8,25,32.0%,397.4,256.4,141.0,1.24,0.62,1.24,3.89,426.2,275.0,151.2,1.33,0.67,1.33,4.17,18,14,2.8,2.18,3.0,2.33
Major,,Jmelly,Titanium,Metal,Lunar,80.8,1062,63,0.596,0.667,42,21,27455,16130,11325,65,63,87,213,30.5%,397.8,233.7,164.1,0.94,0.91,1.26,3.09,435.8,256.0,179.8,1.03,1.0,1.38,3.38,193,151,2.8,2.19,3.06,2.4
Major,,Earth,Lightning,Electric Mayhem,Lunar,80.6,847,55,0.628,0.655,36,19,22422,13460,8962,59,45,73,166,35.5%,407.3,244.5,162.8,1.07,0.82,1.33,3.02,407.7,244.7,162.9,1.07,0.82,1.33,3.02,155,111,2.82,2.02,2.82,2.02
Major,RSC004661,Mr.Fitter,Cobras,The Serpents,Lunar,77.4,863,54,0.565,0.574,31,23,22941,13610,9331,60,27,86,196,30.6%,409.0,242.7,166.4,1.07,0.48,1.53,3.49,424.8,252.0,172.8,1.11,0.5,1.59,3.63,134,113,2.39,2.01,2.48,2.09
Major,RSC003784,Rollsroyceowner,"Peppermint
Fantastic Four","Minty Fresh
The Comic Crusaders",Solar,76.5,430,29,0.716,0.69,20,9,11202,6630,4572,29,28,33,68,42.6%,400.8,237.2,163.6,1.04,1.0,1.18,2.43,386.3,228.6,157.7,1.0,0.97,1.14,2.34,94,53,3.36,1.9,3.24,1.83
Major,,Tuxedo Marx,Anger,Inferno,Solar,74.6,884,62,0.508,0.548,34,28,23087,13300,9787,60,43,70,165,36.4%,401.8,231.5,170.3,1.04,0.75,1.22,2.87,372.4,214.5,157.9,0.97,0.69,1.13,2.66,159,156,2.77,2.72,2.56,2.52
Major,RSC004591,Eenyo,"Typhoons
Makos","Storm
Shark Attack",Solar,74.6,173,10,0.717,0.9,9,1,4317,2610,1707,10,13,14,26,38.5%,384.0,232.1,151.8,0.89,1.16,1.25,2.31,431.7,261.0,170.7,1.0,1.3,1.4,2.6,39,22,3.47,1.96,3.9,2.2
Major,RSC002198,Divinerose,Seadevils,The Abyss,Lunar,73.2,631,43,0.668,0.698,30,13,16539,10070,6469,43,31,63,107,40.2%,403.3,245.6,157.7,1.05,0.76,1.54,2.61,384.6,234.2,150.4,1.0,0.72,1.47,2.49,123,79,3.0,1.93,2.86,1.84
Major,RSC000341,Therogerseffect,Xenomorphs,The Monster Mash,Lunar,72.3,782,50,0.493,0.38,19,31,20636,11970,8666,46,36,85,132,34.8%,406.0,235.5,170.5,0.91,0.71,1.67,2.6,412.7,239.4,173.3,0.92,0.72,1.7,2.64,118,120,2.32,2.36,2.36,2.4
Major,RSC003339,Jacob.,Grizzly Bears,The Bear Den,Lunar,72.2,958,62,0.539,0.5,31,31,25691,14380,11311,60,38,96,168,35.7%,412.6,231.0,181.7,0.96,0.61,1.54,2.7,414.4,231.9,182.4,0.97,0.61,1.55,2.71,156,141,2.51,2.26,2.52,2.27
Major,RSC000302,Tehblister,Calzones,Fifty-Fifty Pizzeria,Solar,72.0,956,63,0.451,0.476,30,33,25067,14670,10397,62,41,94,172,36.0%,403.4,236.1,167.3,1.0,0.66,1.51,2.77,397.9,232.9,165.0,0.98,0.65,1.49,2.73,152,172,2.45,2.77,2.41,2.73
Major,RSC000946,Rebel,Peppermint,Minty Fresh,Solar,69.6,733,51,0.557,0.569,29,22,18811,11200,7611,51,33,63,130,39.2%,394.9,235.1,159.8,1.07,0.69,1.32,2.73,368.8,219.6,149.2,1.0,0.65,1.24,2.55,136,118,2.85,2.48,2.67,2.31
Major,RSC001181,Capital,Fantastic Four,The Comic Crusaders,Lunar,69.5,1025,62,0.586,0.597,37,25,26622,15690,10932,63,34,114,199,31.7%,399.6,235.5,164.1,0.95,0.51,1.71,2.99,429.4,253.1,176.3,1.02,0.55,1.84,3.21,176,141,2.64,2.12,2.84,2.27
Major,RSC001907,Disasterpiece,Peppermint,Minty Fresh,Solar,69.5,821,56,0.537,0.571,32,24,20080,11310,8770,52,41,48,166,31.3%,376.3,212.0,164.4,0.97,0.77,0.9,3.11,358.6,202.0,156.6,0.93,0.73,0.86,2.96,148,135,2.77,2.53,2.64,2.41
Major,RSC002437,Critical,"Mastiffs
Phantoms","Puppy Paradise
The Shadows",Lunar,69.3,632,42,0.632,0.524,22,20,16024,8870,7154,37,27,52,122,30.3%,390.1,215.9,174.2,0.9,0.66,1.27,2.97,381.5,211.2,170.3,0.88,0.64,1.24,2.9,112,79,2.73,1.92,2.67,1.88
Major,RSC004651,Zap.,Flash Freeze,Sub Zero,Solar,67.9,176,12,0.637,0.75,9,3,4575,2700,1875,13,5,16,35,37.1%,400.0,236.0,163.9,1.14,0.44,1.4,3.06,381.3,225.0,156.3,1.08,0.42,1.33,2.92,29,20,2.54,1.75,2.42,1.67
Major,RSC003018,Mcchicky,King Ghidorah,Kaiju,Solar,67.1,687,45,0.515,0.511,23,22,17964,10610,7354,47,21,72,126,37.3%,402.3,237.6,164.7,1.05,0.47,1.61,2.82,399.2,235.8,163.4,1.04,0.47,1.6,2.8,108,104,2.42,2.33,2.4,2.31
Major,RSC004469,Lock,Gladiators,The Sovereign,Lunar,67.0,961,64,0.546,0.516,33,31,24415,13690,10725,53,35,96,184,28.8%,390.9,219.2,171.7,0.85,0.56,1.54,2.95,381.5,213.9,167.6,0.83,0.55,1.5,2.88,151,134,2.42,2.15,2.36,2.09
Major,RSC001873,Changswrld,Seadevils,The Abyss,Lunar,66.7,889,59,0.59,0.627,37,22,21549,12640,8909,55,44,65,169,32.5%,373.0,218.8,154.2,0.95,0.76,1.12,2.92,365.2,214.2,151.0,0.93,0.75,1.1,2.86,161,128,2.79,2.22,2.73,2.17
Major,RSC002403,Zro.,Calico Crepes,The Cat Cafe,Solar,66.2,717,48,0.636,0.646,31,17,17777,10590,7187,46,37,59,119,38.7%,381.5,227.3,154.2,0.99,0.79,1.27,2.55,370.4,220.6,149.7,0.96,0.77,1.23,2.48,144,102,3.09,2.19,3.0,2.13
Major,RSC002335,Jiggy Watt,Flash Freeze,Sub Zero,Solar,65.8,244,16,0.625,0.688,11,5,5967,3610,2357,17,11,18,46,37.0%,376.3,227.6,148.6,1.07,0.69,1.14,2.9,372.9,225.6,147.3,1.06,0.69,1.13,2.88,43,31,2.71,1.95,2.69,1.94
Major,,Phantao,Piranhas,The Jungle,Solar,65.8,896,54,0.533,0.519,28,26,22081,13190,8891,60,32,75,184,32.6%,379.2,226.5,152.7,1.03,0.55,1.29,3.16,408.9,244.3,164.6,1.11,0.59,1.39,3.41,148,136,2.54,2.34,2.74,2.52
Major,RSC000254,Keiko,Seadevils,The Abyss,Lunar,65.4,537,35,0.61,0.629,22,13,13257,8100,5157,32,24,55,95,33.7%,379.8,232.1,147.8,0.92,0.69,1.58,2.72,378.8,231.4,147.3,0.91,0.69,1.57,2.71,92,69,2.64,1.98,2.63,1.97
Major,,Makima,Seadevils,The Abyss,Lunar,65.1,559,36,0.653,0.694,25,11,13556,8120,5436,35,29,44,97,36.1%,373.1,223.5,149.6,0.96,0.8,1.21,2.67,376.6,225.6,151.0,0.97,0.81,1.22,2.69,114,77,3.14,2.12,3.17,2.14
Major,RSC001784,Vengeance,Phantoms,The Shadows,Lunar,64.8,836,55,0.662,0.618,34,21,20833,11630,9203,44,38,78,143,30.8%,383.4,214.0,169.4,0.81,0.7,1.44,2.63,378.8,211.5,167.3,0.8,0.69,1.42,2.6,143,92,2.63,1.69,2.6,1.67
Major,,Gobaroni And Cheese,Typhoons,Storm,Solar,64.1,960,61,0.57,0.557,34,27,22982,13250,9732,52,48,78,175,29.7%,368.3,212.4,156.0,0.83,0.77,1.25,2.8,376.8,217.2,159.5,0.85,0.79,1.28,2.87,165,138,2.64,2.21,2.7,2.26
Major,RSC000145,Gradster13,Lightning,Electric Mayhem,Lunar,64.0,727,48,0.674,0.708,34,14,17808,10390,7418,45,33,59,129,34.9%,376.9,219.9,157.0,0.95,0.7,1.25,2.73,371.0,216.5,154.5,0.94,0.69,1.23,2.69,141,89,2.98,1.88,2.94,1.85
Major,RSC000190,Lead,King Ghidorah,Kaiju,Solar,63.9,328,22,0.514,0.545,12,10,7661,4460,3201,17,20,24,56,30.4%,359.4,209.2,150.2,0.8,0.94,1.13,2.63,348.2,202.7,145.5,0.77,0.91,1.09,2.55,60,58,2.81,2.72,2.73,2.64
Major,RSC000777,Marcus.,Makos,Shark Attack,Lunar,63.5,983,64,0.617,0.688,44,20,23933,14060,9873,62,38,81,191,32.5%,374.6,220.1,154.5,0.97,0.59,1.27,2.99,374.0,219.7,154.3,0.97,0.59,1.27,2.98,160,117,2.5,1.83,2.5,1.83
Major,RSC002600,Taskhetto,Water,The Elements,Solar,63.3,818,55,0.42,0.418,23,32,20062,11640,8422,50,34,69,149,33.6%,377.4,218.9,158.4,0.94,0.64,1.3,2.8,364.8,211.6,153.1,0.91,0.62,1.25,2.71,120,147,2.26,2.77,2.18,2.67
Major,,Glizzygod,Typhoons,Storm,Solar,62.7,767,49,0.553,0.531,26,23,18961,11710,7251,50,29,78,136,36.8%,380.4,234.9,145.5,1.0,0.58,1.56,2.73,387.0,239.0,148.0,1.02,0.59,1.59,2.78,127,111,2.55,2.23,2.59,2.27
Major,RSC004554,Pro.,Makos,Shark Attack,Lunar,62.5,911,60,0.606,0.667,40,20,22317,12400,9917,39,47,95,140,27.9%,376.9,209.4,167.5,0.66,0.79,1.6,2.36,372.0,206.7,165.3,0.65,0.78,1.58,2.33,146,110,2.47,1.86,2.43,1.83
Major,RSC004317,Icye,Yellow Jackets,The Swarm,Solar,62.4,835,51,0.46,0.412,21,30,20202,11380,8822,44,36,73,153,28.8%,372.3,209.7,162.6,0.81,0.66,1.35,2.82,396.1,223.1,173.0,0.86,0.71,1.43,3.0,132,146,2.43,2.69,2.59,2.86
Major,RSC004090,Likewisse,Mars,Milky Way,Lunar,62.1,866,53,0.491,0.491,26,27,21210,12490,8720,49,28,90,169,29.0%,376.8,221.9,154.9,0.87,0.5,1.6,3.0,400.2,235.7,164.5,0.92,0.53,1.7,3.19,131,134,2.33,2.38,2.47,2.53
Major,RSC004147,Atlasxv,Calico Crepes,The Cat Cafe,Solar,61.9,932,64,0.626,0.641,41,23,22201,13000,9201,55,45,72,165,33.3%,366.5,214.6,151.9,0.91,0.74,1.19,2.72,346.9,203.1,143.8,0.86,0.7,1.13,2.58,187,136,3.09,2.25,2.92,2.13
Major,RSC000601,Bxffled,"Phoenix
Lynx","Magical Beasts
Polar Vortex",Lunar,61.2,671,42,0.477,0.5,21,21,16931,9450,7481,33,24,77,110,30.0%,388.2,216.7,171.5,0.76,0.55,1.77,2.52,403.1,225.0,178.1,0.79,0.57,1.83,2.62,96,102,2.2,2.34,2.29,2.43
Major,,Perc.,Anger,Inferno,Solar,59.6,353,24,0.45,0.458,11,13,8258,4800,3458,20,18,26,60,33.3%,359.9,209.2,150.7,0.87,0.78,1.13,2.62,344.1,200.0,144.1,0.83,0.75,1.08,2.5,62,70,2.7,3.05,2.58,2.92
Major,RSC000841,Ghaleon,"Lynx
Amnesia","Polar Vortex
The Soundtrack",Lunar,58.8,110,8,0.4,0.375,3,5,2654,1380,1274,5,5,9,18,27.8%,371.2,193.0,178.2,0.7,0.7,1.26,2.52,331.8,172.5,159.3,0.63,0.63,1.13,2.25,13,17,1.82,2.38,1.63,2.13
Major,,Goum,Lightning,Electric Mayhem,Lunar,57.6,683,45,0.629,0.667,30,15,16592,9460,7132,41,27,58,111,36.9%,373.8,213.1,160.7,0.92,0.61,1.31,2.5,368.7,210.2,158.5,0.91,0.6,1.29,2.47,126,90,2.84,2.03,2.8,2.0
Major,RSC003394,Pikmanchu,Supernova,The Cosmos,Solar,57.1,567,38,0.699,0.789,30,8,13612,7910,5702,36,24,44,91,39.6%,369.4,214.7,154.7,0.98,0.65,1.19,2.47,358.2,208.2,150.1,0.95,0.63,1.16,2.39,117,69,3.17,1.87,3.08,1.82
Major,RSC003043,Torque,Amnesia,The Soundtrack,Lunar,56.5,776,50,0.497,0.5,25,25,18933,11270,7663,47,26,80,127,37.0%,375.4,223.5,151.9,0.93,0.52,1.59,2.52,378.7,225.4,153.3,0.94,0.52,1.6,2.54,119,120,2.36,2.38,2.38,2.4
Major,,Link,Titanium,Metal,Lunar,55.7,706,41,0.662,0.78,32,9,15904,10230,5674,52,30,44,133,39.1%,346.6,223.0,123.7,1.13,0.65,0.96,2.9,387.9,249.5,138.4,1.27,0.73,1.07,3.24,143,94,3.12,2.05,3.49,2.29
Major,RSC001061,Spiffy,Grizzly Bears,The Bear Den,Lunar,54.9,788,52,0.61,0.558,29,23,18345,10610,7735,43,40,63,116,37.1%,358.2,207.2,151.0,0.84,0.78,1.23,2.27,352.8,204.0,148.8,0.83,0.77,1.21,2.23,141,106,2.75,2.07,2.71,2.04
Major,RSC001750,Tink,X-ray,The Wavelengths,Solar,54.1,239,16,0.304,0.313,5,11,5910,3150,2760,12,6,25,40,30.0%,380.5,202.8,177.7,0.77,0.39,1.61,2.58,369.4,196.9,172.5,0.75,0.38,1.56,2.5,23,40,1.48,2.58,1.44,2.5
Major,RSC003380,Revan,Supernova,The Cosmos,Solar,53.6,791,51,0.708,0.745,38,13,17804,10470,7334,42,40,60,127,33.1%,346.3,203.7,142.7,0.82,0.78,1.17,2.47,349.1,205.3,143.8,0.82,0.78,1.18,2.49,167,96,3.25,1.87,3.27,1.88
Major,RSC003358,Galacticcccc,Shake Weights,As Seen on TV!,Solar,53.5,693,47,0.352,0.362,17,30,16504,9290,7214,40,22,60,119,33.6%,366.4,206.3,160.2,0.89,0.49,1.33,2.64,351.1,197.7,153.5,0.85,0.47,1.28,2.53,95,139,2.11,3.09,2.02,2.96
Major,,Donald,Titanium,Metal,Lunar,53.5,1073,64,0.591,0.656,42,22,24144,14670,9474,64,43,83,197,32.5%,346.2,210.4,135.9,0.92,0.62,1.19,2.82,377.3,229.2,148.0,1.0,0.67,1.3,3.08,193,153,2.77,2.19,3.02,2.39
Major,RSC000441,Wolfocus,"Linguini Lancers
Lynx","Italian Battalion
Polar Vortex",Solar,53.4,587,36,0.504,0.472,17,19,13885,8430,5455,32,19,66,98,32.7%,364.0,221.0,143.0,0.84,0.5,1.73,2.57,385.7,234.2,151.5,0.89,0.53,1.83,2.72,92,91,2.41,2.39,2.56,2.53
Major,RSC004695,Whippy Flippy,"Lynx
X-ray
Cobras","Polar Vortex
The Wavelengths
The Serpents",Lunar,53.4,227,15,0.446,0.467,7,8,5110,2880,2230,12,11,15,38,31.6%,346.4,195.2,151.2,0.81,0.75,1.02,2.58,340.7,192.0,148.7,0.8,0.73,1.0,2.53,34,39,2.3,2.64,2.27,2.6
Major,,Glitchfire (New Chair),"X-ray
Mars","The Wavelengths
Milky Way",Lunar,52.9,648,41,0.488,0.488,20,21,14671,8790,5881,39,20,52,129,30.2%,348.4,208.7,139.6,0.93,0.47,1.23,3.06,357.8,214.4,143.4,0.95,0.49,1.27,3.15,92,95,2.18,2.26,2.24,2.32
Major,RSC000124,Mrfelon,Typhoons,Storm,Solar,52.9,873,55,0.586,0.582,32,23,19889,11480,8409,50,33,65,158,31.6%,350.5,202.3,148.2,0.88,0.58,1.15,2.78,361.6,208.7,152.9,0.91,0.6,1.18,2.87,152,122,2.68,2.15,2.76,2.22
Major,RSC000865,Level 76 Metapod,Fantastic Four,The Comic Crusaders,Lunar,52.2,1060,64,0.579,0.594,38,26,24209,14750,9459,58,49,98,160,36.3%,351.4,214.1,137.3,0.84,0.71,1.42,2.32,378.3,230.5,147.8,0.91,0.77,1.53,2.5,180,147,2.61,2.13,2.81,2.3
Major,RSC003995,Vekz Showz,X-ray,The Wavelengths,Solar,51.7,51,4,0.583,0.75,3,1,992,510,482,2,1,2,16,12.5%,299.3,153.9,145.4,0.6,0.3,0.6,4.83,248.0,127.5,120.5,0.5,0.25,0.5,4.0,11,9,3.32,2.72,2.75,2.25
Major,RSC000147,Dudebrosick,Gladiators,The Sovereign,Lunar,51.4,921,61,0.568,0.541,33,28,20237,12540,7697,60,34,61,179,33.5%,338.1,209.5,128.6,1.0,0.57,1.02,2.99,331.8,205.6,126.2,0.98,0.56,1.0,2.93,148,124,2.47,2.07,2.43,2.03
Major,,Yillow,Linguini Lancers,Italian Battalion,Solar,51.0,927,60,0.438,0.45,27,33,21431,12010,9421,53,33,70,156,34.0%,355.7,199.3,156.4,0.88,0.55,1.16,2.59,357.2,200.2,157.0,0.88,0.55,1.17,2.6,134,157,2.22,2.61,2.23,2.62
Major,RSC004402,Zapwad,Mastiffs,Puppy Paradise,Lunar,50.9,859,53,0.482,0.453,24,29,19769,11230,8539,45,27,77,153,29.4%,354.1,201.2,153.0,0.81,0.48,1.38,2.74,373.0,211.9,161.1,0.85,0.51,1.45,2.89,123,129,2.2,2.31,2.32,2.43
Major,RSC001603,Reckless.,Humpbacks,Whale Defense,Lunar,49.7,743,52,0.356,0.346,18,34,16850,9030,7820,34,29,59,123,27.6%,348.9,187.0,161.9,0.7,0.6,1.22,2.55,324.0,173.7,150.4,0.65,0.56,1.13,2.37,100,145,2.07,3.0,1.92,2.79
Major,RSC000227,Xiluym,"Mars
X-ray","Milky Way
The Wavelengths",Solar,49.2,817,48,0.447,0.438,21,27,17939,10630,7309,47,31,58,148,31.8%,337.8,200.2,137.7,0.89,0.58,1.09,2.79,373.7,221.5,152.3,0.98,0.65,1.21,3.08,127,145,2.39,2.73,2.65,3.02
Major,RSC002423,Cubby,Yellow Jackets,The Swarm,Solar,49.1,806,49,0.431,0.408,20,29,17569,10390,7179,43,39,57,129,33.3%,335.4,198.3,137.0,0.82,0.74,1.09,2.46,358.6,212.0,146.5,0.88,0.8,1.16,2.63,128,152,2.44,2.9,2.61,3.1
Major,RSC000201,Alphachee,Lynx,Polar Vortex,Lunar,49.0,731,47,0.408,0.362,17,30,16668,9240,7428,33,22,71,129,25.6%,350.8,194.5,156.3,0.69,0.46,1.49,2.72,354.6,196.6,158.0,0.7,0.47,1.51,2.74,96,122,2.02,2.57,2.04,2.6
Major,RSC004691,Le6Os,Piranhas,The Jungle,Solar,48.9,859,53,0.559,0.604,32,21,19743,11540,8203,48,33,76,129,37.2%,353.6,206.7,146.9,0.86,0.59,1.36,2.31,372.5,217.7,154.8,0.91,0.62,1.43,2.43,152,131,2.72,2.35,2.87,2.47
Major,RSC004700,Kaspeh,"Amnesia
Markhors","The Soundtrack
The Forest",Solar,48.5,580,37,0.415,0.324,12,25,13012,7550,5462,33,16,47,110,30.0%,345.2,200.3,144.9,0.88,0.42,1.25,2.92,351.7,204.1,147.6,0.89,0.43,1.27,2.97,76,95,2.02,2.52,2.05,2.57
Major,RSC000036,Scribbs,"Phantoms
Mastiffs","The Shadows
Puppy Paradise",Lunar,48.5,789,48,0.565,0.583,28,20,17586,10340,7246,45,23,64,149,30.2%,342.9,201.6,141.3,0.88,0.45,1.25,2.91,366.4,215.4,151.0,0.94,0.48,1.33,3.1,121,102,2.36,1.99,2.52,2.13
Major,RSC004225,Jackk,Cobras,The Serpents,Lunar,48.1,702,44,0.526,0.545,24,20,15779,8820,6959,40,24,48,122,32.8%,345.8,193.3,152.5,0.88,0.53,1.05,2.67,358.6,200.5,158.2,0.91,0.55,1.09,2.77,107,100,2.35,2.19,2.43,2.27
Major,RSC000430,Tterb86,"Calzones
X-ray","Fifty-Fifty Pizzeria
The Wavelengths",Solar,48.1,941,62,0.444,0.419,26,36,20407,11150,9257,39,48,68,145,26.9%,333.7,182.3,151.4,0.64,0.78,1.11,2.37,329.1,179.8,149.3,0.63,0.77,1.1,2.34,146,168,2.39,2.75,2.35,2.71
Major,RSC001007,Tdeez,Supernova,The Cosmos,Solar,48.1,708,47,0.66,0.723,34,13,15766,9510,6256,38,29,63,111,34.2%,342.6,206.7,136.0,0.83,0.63,1.37,2.41,335.4,202.3,133.1,0.81,0.62,1.34,2.36,141,93,3.06,2.02,3.0,1.98
Major,RSC004066,Dimez,Calico Crepes,The Cat Cafe,Solar,47.7,228,17,0.579,0.588,10,7,5373,2820,2553,9,10,23,27,33.3%,362.6,190.3,172.3,0.61,0.67,1.55,1.82,316.1,165.9,150.2,0.53,0.59,1.35,1.59,45,37,3.04,2.5,2.65,2.18
Major,RSC000507,Moondog,"Markhors
Amnesia","The Forest
The Soundtrack",Lunar,47.5,854,56,0.428,0.393,22,34,19535,10780,8755,39,34,79,123,31.7%,352.0,194.2,157.7,0.7,0.61,1.42,2.22,348.8,192.5,156.3,0.7,0.61,1.41,2.2,117,141,2.11,2.54,2.09,2.52
Major,RSC004557,Hamm.,Phoenix,Magical Beasts,Solar,47.0,840,55,0.538,0.527,29,26,18554,10220,8334,40,38,61,127,31.5%,339.9,187.2,152.7,0.73,0.7,1.12,2.33,337.3,185.8,151.5,0.73,0.69,1.11,2.31,142,129,2.6,2.36,2.58,2.35
Major,RSC004198,Dr. Cereal,Hart Foundation,Rocket Association Wrestling,Lunar,46.8,714,46,0.353,0.391,18,28,16324,9620,6704,35,22,78,112,31.3%,351.8,207.3,144.5,0.75,0.47,1.68,2.41,354.9,209.1,145.7,0.76,0.48,1.7,2.43,89,131,1.92,2.82,1.93,2.85
Major,RSC000819,Jwanderz,Yellow Jackets,The Swarm,Solar,46.2,759,47,0.46,0.426,20,27,16593,9270,7323,35,27,62,132,26.5%,336.4,187.9,148.5,0.71,0.55,1.26,2.68,353.0,197.2,155.8,0.74,0.57,1.32,2.81,113,125,2.29,2.53,2.4,2.66
Major,RSC003134,Kouki,King Ghidorah,Kaiju,Solar,45.6,826,54,0.503,0.5,27,27,18613,10100,8513,32,36,80,110,29.1%,346.7,188.1,158.6,0.6,0.67,1.49,2.05,344.7,187.0,157.6,0.59,0.67,1.48,2.04,122,121,2.27,2.25,2.26,2.24
Major,,Panick,Cobras,The Serpents,Lunar,45.4,475,32,0.583,0.563,18,14,9735,5320,4415,17,26,31,77,22.1%,315.3,172.3,143.0,0.55,0.84,1.0,2.49,304.2,166.3,138.0,0.53,0.81,0.97,2.41,77,62,2.49,2.01,2.41,1.94
Major,RSC001934,Bosnia_2003,Water,The Elements,Solar,44.8,359,26,0.39,0.423,11,15,8081,4330,3751,14,13,35,53,26.4%,346.3,185.6,160.8,0.6,0.56,1.5,2.27,310.8,166.5,144.3,0.54,0.5,1.35,2.04,49,65,2.1,2.79,1.88,2.5
Major,RSC000594,Hewhogrins,Anger,Inferno,Solar,44.7,732,51,0.537,0.569,29,22,15322,8380,6942,28,42,49,103,27.2%,322.1,176.1,145.9,0.59,0.88,1.03,2.17,300.4,164.3,136.1,0.55,0.82,0.96,2.02,139,127,2.92,2.67,2.73,2.49
Major,RSC000037,Md,Fantastic Four,The Comic Crusaders,Lunar,44.0,714,43,0.632,0.651,28,15,15295,9390,5905,45,29,46,114,39.5%,329.6,202.4,127.3,0.97,0.62,0.99,2.46,355.7,218.4,137.3,1.05,0.67,1.07,2.65,130,92,2.8,1.98,3.02,2.14
Major,RSC004563,Sous,Markhors,The Forest,Solar,43.7,782,52,0.433,0.385,20,32,17618,9440,8178,37,21,68,129,28.7%,346.6,185.7,160.9,0.73,0.41,1.34,2.54,338.8,181.5,157.3,0.71,0.4,1.31,2.48,104,124,2.05,2.44,2.0,2.38
Major,RSC000779,Chill,Piranhas,The Jungle,Solar,43.1,712,45,0.535,0.511,23,22,15131,9280,5851,34,28,67,113,30.1%,327.0,200.5,126.4,0.73,0.61,1.45,2.44,336.2,206.2,130.0,0.76,0.62,1.49,2.51,117,107,2.53,2.31,2.6,2.38
Major,,Navy101_,Phantoms,The Shadows,Lunar,43.1,730,49,0.603,0.612,30,19,15704,9100,6604,39,20,57,135,28.9%,331.0,191.8,139.2,0.82,0.42,1.2,2.85,320.5,185.7,134.8,0.8,0.41,1.16,2.76,117,89,2.47,1.88,2.39,1.82
Major,RSC002477,Ty (Arcus),Makos,Shark Attack,Lunar,43.0,935,61,0.616,0.689,42,19,19690,11660,8030,55,27,60,181,30.4%,324.0,191.9,132.1,0.91,0.44,0.99,2.98,322.8,191.1,131.6,0.9,0.44,0.98,2.97,154,113,2.53,1.86,2.52,1.85
Major,RSC003261,Willymoesr,"X-ray
Water","The Wavelengths
The Elements",Solar,42.7,851,56,0.463,0.429,24,32,18872,10720,8152,43,29,74,127,33.9%,341.2,193.8,147.4,0.78,0.52,1.34,2.3,337.0,191.4,145.6,0.77,0.52,1.32,2.27,135,148,2.44,2.68,2.41,2.64
Major,RSC003178,Snack Time!,King Ghidorah,Kaiju,Solar,42.2,444,29,0.421,0.414,12,17,9744,5440,4304,26,11,30,79,32.9%,337.7,188.5,149.2,0.9,0.38,1.04,2.74,336.0,187.6,148.4,0.9,0.38,1.03,2.72,56,69,1.94,2.39,1.93,2.38
Major,RSC004415,Pat,Mastiffs,Puppy Paradise,Lunar,41.9,702,43,0.454,0.372,16,27,15288,8820,6468,31,24,69,107,29.0%,335.1,193.3,141.8,0.68,0.53,1.51,2.35,355.5,205.1,150.4,0.72,0.56,1.6,2.49,94,106,2.06,2.32,2.19,2.47
Major,RSC004022,Crakd,"X-ray
Phoenix","The Wavelengths
Magical Beasts",Solar,41.3,590,38,0.48,0.474,18,20,13344,7630,5714,32,15,56,88,36.4%,348.0,199.0,149.0,0.83,0.39,1.46,2.29,351.2,200.8,150.4,0.84,0.39,1.47,2.32,96,101,2.5,2.63,2.53,2.66
Major,RSC000106,Nagz,Amnesia,The Soundtrack,Lunar,41.1,909,60,0.48,0.467,28,32,20327,11130,9197,42,25,86,138,30.4%,344.1,188.4,155.7,0.71,0.42,1.46,2.34,338.8,185.5,153.3,0.7,0.42,1.43,2.3,130,137,2.2,2.32,2.17,2.28
Major,RSC003880,Dumby,Calzones,Fifty-Fifty Pizzeria,Solar,40.9,15,1,0.237,0.0,0,1,256,130,126,0,1,1,3,0.0%,262.6,133.3,129.2,0.0,1.03,1.03,3.08,256.0,130.0,126.0,0.0,1.0,1.0,3.0,2,4,2.05,4.1,2.0,4.0
Major,RSC001482,Mered4,Lynx,Polar Vortex,Lunar,40.7,541,36,0.357,0.361,13,23,11597,5820,5777,22,15,38,97,22.7%,329.8,165.5,164.3,0.63,0.43,1.08,2.76,322.1,161.7,160.5,0.61,0.42,1.06,2.69,68,99,1.93,2.82,1.89,2.75
Major,,Eeeeeeeeeeeeeeeeeeeeeel,"Flash Freeze
Mars","Sub Zero
Milky Way",Solar,40.4,519,33,0.317,0.333,11,22,11450,6120,5330,21,14,50,82,25.6%,339.5,181.4,158.0,0.62,0.42,1.48,2.43,347.0,185.5,161.5,0.64,0.42,1.52,2.48,69,111,2.05,3.29,2.09,3.36
Major,RSC001075,Spoilt,Xenomorphs,The Monster Mash,Lunar,40.2,925,59,0.486,0.39,23,36,19788,11210,8578,45,29,75,151,29.8%,329.2,186.5,142.7,0.75,0.48,1.25,2.51,335.4,190.0,145.4,0.76,0.49,1.27,2.56,140,145,2.33,2.41,2.37,2.46
Major,RSC000291,Suckiest Sucker,Calzones,Fifty-Fifty Pizzeria,Solar,40.1,375,24,0.493,0.5,12,12,7794,4280,3514,18,14,23,63,28.6%,319.8,175.6,144.2,0.74,0.57,0.94,2.58,324.8,178.3,146.4,0.75,0.58,0.96,2.63,56,57,2.3,2.34,2.33,2.38
Major,RSC000140,Kaeso Clarus,"X-ray
Calzones","The Wavelengths
Fifty-Fifty Pizzeria",Solar,39.5,763,50,0.448,0.44,22,28,15851,9240,6611,39,26,55,129,30.2%,319.6,186.3,133.3,0.79,0.52,1.11,2.6,317.0,184.8,132.2,0.78,0.52,1.1,2.58,122,139,2.46,2.8,2.44,2.78
Major,RSC002693,M0Vethatbus,Water,The Elements,Solar,39.5,535,37,0.413,0.432,16,21,11310,5980,5330,26,14,34,98,26.5%,325.3,172.0,153.3,0.75,0.4,0.98,2.82,305.7,161.6,144.1,0.7,0.38,0.92,2.65,77,96,2.21,2.76,2.08,2.59
Major,RSC000203,Frostybrew,Xenomorphs,The Monster Mash,Lunar,39.3,768,49,0.532,0.449,22,27,15730,8580,7150,35,26,48,138,25.4%,315.1,171.9,143.2,0.7,0.52,0.96,2.76,321.0,175.1,145.9,0.71,0.53,0.98,2.82,127,117,2.54,2.34,2.59,2.39
Major,,Nebulade,Linguini Lancers,Italian Battalion,Solar,39.2,604,38,0.389,0.421,16,22,12848,7100,5748,26,20,51,95,27.4%,327.3,180.9,146.4,0.66,0.51,1.3,2.42,338.1,186.8,151.3,0.68,0.53,1.34,2.5,81,108,2.06,2.75,2.13,2.84
Major,,Zarthon,Markhors,The Forest,Solar,38.2,594,40,0.339,0.325,13,27,12550,6840,5710,22,21,54,89,24.7%,325.1,177.2,147.9,0.57,0.54,1.4,2.31,313.8,171.0,142.8,0.55,0.53,1.35,2.23,68,105,1.76,2.72,1.7,2.63
Major,RSC000699,Girty,Lightning,Electric Mayhem,Lunar,38.1,627,40,0.532,0.6,24,16,12962,7560,5402,28,26,51,91,30.8%,318.1,185.5,132.6,0.69,0.64,1.25,2.23,324.1,189.0,135.1,0.7,0.65,1.28,2.28,102,94,2.5,2.31,2.55,2.35
Major,RSC004312,Cheekymcspreads,Water,The Elements,Solar,38.0,619,42,0.45,0.476,20,22,12254,6640,5614,23,31,37,94,24.5%,304.6,165.1,139.5,0.57,0.77,0.92,2.34,291.8,158.1,133.7,0.55,0.74,0.88,2.24,96,109,2.39,2.71,2.29,2.6
Major,RSC000158,Gillz,Flash Freeze,Sub Zero,Solar,37.9,522,34,0.372,0.324,11,23,10779,6290,4489,31,21,27,79,39.2%,317.7,185.4,132.3,0.91,0.62,0.8,2.33,317.0,185.0,132.0,0.91,0.62,0.79,2.32,80,110,2.36,3.24,2.35,3.24
Major,RSC004633,Goom,Phoenix,Magical Beasts,Solar,37.5,397,26,0.567,0.538,14,12,8335,4580,3755,18,17,28,53,34.0%,323.0,177.5,145.5,0.7,0.66,1.09,2.05,320.6,176.2,144.4,0.69,0.65,1.08,2.04,70,59,2.71,2.29,2.69,2.27
Major,,Lilia,Humpbacks,Whale Defense,Lunar,37.0,250,16,0.215,0.188,3,13,5256,2670,2586,8,9,21,37,21.6%,323.5,164.3,159.2,0.49,0.55,1.29,2.28,328.5,166.9,161.6,0.5,0.56,1.31,2.31,27,60,1.66,3.69,1.69,3.75
Major,RSC000461,Viper15,Phantoms,The Shadows,Lunar,37.0,680,44,0.564,0.5,22,22,13973,8160,5813,39,23,40,111,35.1%,316.2,184.6,131.5,0.88,0.52,0.91,2.51,317.6,185.5,132.1,0.89,0.52,0.91,2.52,112,95,2.53,2.15,2.55,2.16
Major,RSC002917,Arbartenn,Grizzly Bears,The Bear Den,Lunar,36.9,750,48,0.52,0.479,23,25,15942,9470,6472,36,20,74,117,30.8%,327.1,194.3,132.8,0.74,0.41,1.52,2.4,332.1,197.3,134.8,0.75,0.42,1.54,2.44,117,111,2.4,2.28,2.44,2.31
Major,RSC002133,Lmao Beer Me,Flash Freeze,Sub Zero,Solar,36.5,793,52,0.387,0.423,22,30,17075,9090,7985,33,24,69,114,28.9%,331.3,176.4,154.9,0.64,0.47,1.34,2.21,328.4,174.8,153.6,0.63,0.46,1.33,2.19,115,153,2.23,2.97,2.21,2.94
Major,RSC004081,Kyle,Humpbacks,Whale Defense,Lunar,35.8,95,7,0.262,0.286,2,5,2072,980,1092,4,3,6,13,30.8%,335.6,158.7,176.9,0.65,0.49,0.97,2.11,296.0,140.0,156.0,0.57,0.43,0.86,1.86,11,21,1.78,3.4,1.57,3.0
Major,RSC004243,Chuckbrick,Hart Foundation,Rocket Association Wrestling,Lunar,35.8,733,48,0.368,0.396,19,29,14687,8280,6407,25,29,64,113,22.1%,308.3,173.8,134.5,0.52,0.61,1.34,2.37,306.0,172.5,133.5,0.52,0.6,1.33,2.35,95,134,1.99,2.81,1.98,2.79
Major,RSC003250,Shifty,Mastiffs,Puppy Paradise,Lunar,35.7,761,49,0.472,0.449,22,27,15828,8590,7238,29,32,62,99,29.3%,320.0,173.7,146.3,0.59,0.65,1.25,2.0,323.0,175.3,147.7,0.59,0.65,1.27,2.02,107,115,2.16,2.33,2.18,2.35
Major,RSC003366,No U,"Titanium
Seadevils","Metal
The Abyss",Lunar,35.6,222,15,0.489,0.6,9,6,4734,2630,2104,9,6,22,33,27.3%,328.1,182.3,145.8,0.62,0.42,1.52,2.29,315.6,175.3,140.3,0.6,0.4,1.47,2.2,37,38,2.56,2.63,2.47,2.53
Major,RSC004375,Cotni,Gladiators,The Sovereign,Lunar,35.6,710,47,0.558,0.532,25,22,14211,8170,6041,30,27,54,112,26.8%,308.0,177.1,130.9,0.65,0.59,1.17,2.43,302.4,173.8,128.5,0.64,0.57,1.15,2.38,114,98,2.47,2.12,2.43,2.09
Major,RSC002513,Supercruz101,Shake Weights,As Seen on TV!,Solar,34.7,787,54,0.34,0.333,18,36,16497,8600,7897,30,25,64,115,26.1%,322.5,168.1,154.4,0.59,0.49,1.25,2.25,305.5,159.3,146.2,0.56,0.46,1.19,2.13,103,156,2.01,3.05,1.91,2.89
Major,RSC000325,Rayem Whisperwind,"Mastiffs
Calzones","Puppy Paradise
Fifty-Fifty Pizzeria",Solar,34.2,79,5,0.39,0.4,2,3,1875,1230,645,6,1,10,8,75.0%,365.2,239.6,125.6,1.17,0.19,1.95,1.56,375.0,246.0,129.0,1.2,0.2,2.0,1.6,13,17,2.53,3.31,2.6,3.4
Major,RSC003987,Dovahkiin,Grizzly Bears,The Bear Den,Lunar,33.6,474,30,0.489,0.433,13,17,9446,5480,3966,23,13,34,83,27.7%,306.6,177.9,128.7,0.75,0.42,1.1,2.69,314.9,182.7,132.2,0.77,0.43,1.13,2.77,72,74,2.34,2.4,2.4,2.47
Major,RSC003510,Jagyd,Hart Foundation,Rocket Association Wrestling,Lunar,32.2,753,48,0.352,0.375,18,30,15429,8570,6859,31,24,64,107,29.0%,315.3,175.1,140.2,0.63,0.49,1.31,2.19,321.4,178.5,142.9,0.65,0.5,1.33,2.23,101,148,2.06,3.02,2.1,3.08
Major,,Archhie.,"Water
Cobras","The Elements
The Serpents",Solar,32.2,369,25,0.462,0.48,12,13,7656,4200,3456,16,14,29,45,35.6%,319.2,175.1,144.1,0.67,0.58,1.21,1.88,306.2,168.0,138.2,0.64,0.56,1.16,1.8,60,66,2.5,2.75,2.4,2.64
Major,RSC000848,Wittinghalo64,"Humpbacks
Flash Freeze","Whale Defense
Sub Zero",Lunar,32.2,543,39,0.322,0.308,12,27,11591,5870,5721,22,11,46,82,26.8%,328.4,166.3,162.1,0.62,0.31,1.3,2.32,297.2,150.5,146.7,0.56,0.28,1.18,2.1,66,106,1.87,3.0,1.69,2.72
Major,RSC002386,Gidderrrs,Amnesia,The Soundtrack,Lunar,32.1,56,4,0.819,1.0,4,0,1177,570,607,2,2,4,7,28.6%,323.4,156.6,166.8,0.55,0.55,1.1,1.92,294.3,142.5,151.8,0.5,0.5,1.0,1.75,13,5,3.57,1.37,3.25,1.25
Major,,Nully,Piranhas,The Jungle,Solar,31.6,617,40,0.473,0.475,19,21,12393,7070,5323,30,22,42,87,34.5%,309.1,176.3,132.7,0.75,0.55,1.05,2.17,309.8,176.8,133.1,0.75,0.55,1.05,2.18,99,106,2.47,2.64,2.48,2.65
Major,RSC002330,Jestergg,Phoenix,Magical Beasts,Solar,31.3,56,4,0.261,0.25,1,3,1271,640,631,2,2,6,4,50.0%,349.2,175.8,173.4,0.55,0.55,1.65,1.1,317.8,160.0,157.8,0.5,0.5,1.5,1.0,5,10,1.37,2.75,1.25,2.5
Major,RSC004598,Clem,"Gladiators
King Ghidorah","The Sovereign
Kaiju",Solar,31.2,187,13,0.461,0.462,6,7,3807,2040,1767,7,7,15,24,29.2%,313.2,167.9,145.4,0.58,0.58,1.23,1.97,292.8,156.9,135.9,0.54,0.54,1.15,1.85,29,32,2.39,2.63,2.23,2.46
Major,RSC002228,Funke,Humpbacks,Whale Defense,Lunar,31.0,523,36,0.298,0.278,10,26,10769,5910,4859,25,10,41,86,29.1%,316.8,173.9,143.0,0.74,0.29,1.21,2.53,299.1,164.2,135.0,0.69,0.28,1.14,2.39,63,108,1.85,3.18,1.75,3.0
Major,,Snugs,Hart Foundation,Rocket Association Wrestling,Lunar,30.8,728,47,0.318,0.362,17,30,14826,8400,6426,36,17,56,115,31.3%,313.4,177.5,135.8,0.76,0.36,1.18,2.43,315.4,178.7,136.7,0.77,0.36,1.19,2.45,96,154,2.03,3.25,2.04,3.28
Major,RSC000855,Sauceoninfinity,"Flash Freeze
X-ray","Sub Zero
The Wavelengths",Solar,30.7,514,32,0.328,0.313,10,22,10226,5470,4756,19,21,37,67,28.4%,306.1,163.7,142.4,0.57,0.63,1.11,2.01,319.6,170.9,148.6,0.59,0.66,1.16,2.09,70,109,2.1,3.26,2.19,3.41
Major,RSC000851,Joez,Peppermint,Minty Fresh,Solar,30.6,651,45,0.511,0.533,24,21,12455,7230,5225,34,20,34,113,30.1%,294.4,170.9,123.5,0.8,0.47,0.8,2.67,276.8,160.7,116.1,0.76,0.44,0.76,2.51,112,109,2.65,2.58,2.49,2.42
Major,RSC000185,Robwobwob,Calzones,Fifty-Fifty Pizzeria,Solar,29.4,423,28,0.419,0.464,13,15,8391,4850,3541,22,14,27,60,36.7%,305.2,176.4,128.8,0.8,0.51,0.98,2.18,299.7,173.2,126.5,0.79,0.5,0.96,2.14,67,82,2.44,2.98,2.39,2.93
Major,RSC003799,Armo27,Amnesia,The Soundtrack,Lunar,29.4,286,18,0.422,0.389,7,11,5641,3220,2421,12,9,23,42,28.6%,303.5,173.2,130.2,0.65,0.48,1.24,2.26,313.4,178.9,134.5,0.67,0.5,1.28,2.33,41,50,2.21,2.69,2.28,2.78
Major,RSC001074,Sabre,Cobras,The Serpents,Lunar,28.8,843,54,0.563,0.611,33,21,16559,9660,6899,35,31,70,111,31.5%,302.2,176.3,125.9,0.64,0.57,1.28,2.03,306.6,178.9,127.8,0.65,0.57,1.3,2.06,139,118,2.54,2.15,2.57,2.19
Major,RSC002267,Dooqal,Mars,Milky Way,Lunar,27.9,869,53,0.488,0.453,24,29,16521,8850,7671,33,34,52,125,26.4%,292.5,156.7,135.8,0.58,0.6,0.92,2.21,311.7,167.0,144.7,0.62,0.64,0.98,2.36,125,129,2.21,2.28,2.36,2.43
Major,,Chitrl,"Yellow Jackets
Mars
Humpbacks
Lightning","The Swarm
Milky Way
Whale Defense
Electric Mayhem",Lunar,27.8,244,15,0.328,0.267,4,11,5089,2860,2229,15,4,16,36,41.7%,320.9,180.4,140.6,0.95,0.25,1.01,2.27,339.3,190.7,148.6,1.0,0.27,1.07,2.4,32,50,2.02,3.15,2.13,3.33
Major,RSC002200,Machu,Linguini Lancers,Italian Battalion,Solar,27.7,853,55,0.408,0.382,21,34,16776,9580,7196,34,29,72,113,30.1%,302.6,172.8,129.8,0.61,0.52,1.3,2.04,305.0,174.2,130.8,0.62,0.53,1.31,2.05,116,147,2.09,2.65,2.11,2.67
Major,RSC004553,Robbym28,Gladiators,The Sovereign,Lunar,26.6,213,15,0.367,0.267,4,11,4103,2010,2093,5,7,17,31,16.1%,296.4,145.2,151.2,0.36,0.51,1.23,2.24,273.5,134.0,139.5,0.33,0.47,1.13,2.07,26,37,1.88,2.67,1.73,2.47
Major,RSC002909,Papi Tony,"Calzones
Peppermint","Fifty-Fifty Pizzeria
Minty Fresh",Solar,25.6,392,26,0.39,0.385,10,16,7162,4010,3152,13,14,28,61,21.3%,281.1,157.4,123.7,0.51,0.55,1.1,2.39,275.5,154.2,121.2,0.5,0.54,1.08,2.35,60,79,2.36,3.1,2.31,3.04
Major,RSC000897,S1Nnerreborn,Shake Weights,As Seen on TV!,Solar,24.7,440,30,0.283,0.233,7,23,8976,4590,4386,18,9,35,59,30.5%,313.9,160.5,153.4,0.63,0.31,1.22,2.06,299.2,153.0,146.2,0.6,0.3,1.17,1.97,48,87,1.68,3.04,1.6,2.9
Major,RSC001654,Shmeep,Linguini Lancers,Italian Battalion,Solar,24.3,286,18,0.341,0.333,6,12,5730,3020,2710,10,7,26,37,27.0%,308.3,162.5,145.8,0.54,0.38,1.4,1.99,318.3,167.8,150.6,0.56,0.39,1.44,2.06,34,52,1.83,2.8,1.89,2.89
Major,RSC002544,J.,Markhors,The Forest,Solar,24.2,735,51,0.435,0.373,19,32,13714,7470,6244,22,26,59,102,21.6%,287.1,156.4,130.7,0.46,0.54,1.24,2.14,268.9,146.5,122.4,0.43,0.51,1.16,2.0,97,115,2.03,2.41,1.9,2.25
Major,RSC002010,Heca,Shake Weights,As Seen on TV!,Solar,24.0,903,61,0.316,0.295,18,43,17618,9080,8538,32,25,68,123,26.0%,300.2,154.7,145.5,0.55,0.43,1.16,2.1,288.8,148.9,140.0,0.52,0.41,1.11,2.02,114,185,1.94,3.15,1.87,3.03
Major,RSC001974,Tinyelephant,Cobras,The Serpents,Lunar,23.6,49,3,0.34,0.333,1,2,1009,530,479,1,0,7,8,12.5%,316.8,166.4,150.4,0.31,0.0,2.2,2.51,336.3,176.7,159.7,0.33,0.0,2.33,2.67,3,5,0.94,1.57,1.0,1.67
Major,RSC004515,Be Tolerant,Yellow Jackets,The Swarm,Solar,18.4,609,38,0.357,0.368,14,24,11637,6720,4917,28,13,50,77,36.4%,294.0,169.8,124.2,0.71,0.33,1.26,1.95,306.2,176.8,129.4,0.74,0.34,1.32,2.03,83,120,2.1,3.03,2.18,3.16
Major,RSC003416,Drskimmilk,King Ghidorah,Kaiju,Solar,18.3,462,31,0.356,0.355,11,20,8532,4450,4082,15,11,35,65,23.1%,284.2,148.2,135.9,0.5,0.37,1.17,2.16,275.2,143.5,131.7,0.48,0.35,1.13,2.1,62,90,2.06,3.0,2.0,2.9
Major,RSC003988,Liducin,Titanium,Metal,Lunar,15.9,106,7,0.383,0.286,2,5,1841,1050,791,3,3,9,15,20.0%,267.2,152.4,114.8,0.44,0.44,1.31,2.18,263.0,150.0,113.0,0.43,0.43,1.29,2.14,14,19,2.03,2.76,2.0,2.71
Major,,Gnomie,Seadevils,The Abyss,Lunar,14.5,62,4,0.451,0.5,2,2,1240,680,560,2,0,8,8,25.0%,307.7,168.8,139.0,0.5,0.0,1.99,1.99,310.0,170.0,140.0,0.5,0.0,2.0,2.0,7,8,1.74,1.99,1.75,2.0
Major,RSC003405,Shai,"Mars
Titanium","Milky Way
Metal",Lunar,13.7,312,19,0.32,0.316,6,13,5428,2930,2498,9,8,24,43,20.9%,267.7,144.5,123.2,0.44,0.39,1.18,2.12,285.7,154.2,131.5,0.47,0.42,1.26,2.26,35,57,1.73,2.81,1.84,3.0
Major,RSC004034,Deadcupcake,Typhoons,Storm,Solar,13.6,224,15,0.369,0.333,5,10,3662,1990,1672,5,7,16,34,14.7%,251.5,136.7,114.8,0.34,0.48,1.1,2.34,244.1,132.7,111.5,0.33,0.47,1.07,2.27,26,37,1.79,2.54,1.73,2.47
Major,RSC003077,Yoky,Humpbacks,Whale Defense,Lunar,11.4,502,36,0.301,0.25,9,27,9059,4650,4409,16,13,37,55,29.1%,277.7,142.5,135.1,0.49,0.4,1.13,1.69,251.6,129.2,122.5,0.44,0.36,1.03,1.53,62,105,1.9,3.22,1.72,2.92
Major,RSC004615,Happiness,Makos,Shark Attack,Lunar,11.2,48,3,0.638,0.667,2,1,828,420,408,2,1,2,7,28.6%,265.4,134.6,130.8,0.64,0.32,0.64,2.24,276.0,140.0,136.0,0.67,0.33,0.67,2.33,6,4,1.92,1.28,2.0,1.33
Major,,M0Nkeyball,Mars,Milky Way,Lunar,10.0,260,16,0.379,0.438,7,9,4487,2690,1797,10,3,23,39,25.6%,265.5,159.2,106.3,0.59,0.18,1.36,2.31,280.4,168.1,112.3,0.63,0.19,1.44,2.44,28,39,1.66,2.31,1.75,2.44
Major,RSC000426,Struttrl,Fantastic Four,The Comic Crusaders,Lunar,9.5,348,21,0.379,0.429,9,12,6085,3240,2845,11,7,27,44,25.0%,269.0,143.3,125.8,0.49,0.31,1.19,1.95,289.8,154.3,135.5,0.52,0.33,1.29,2.1,42,58,1.86,2.56,2.0,2.76
Major,RSC000426,Struttrl,Fantastic Four,The Comic Crusaders,Lunar,9.5,348,21,0.379,0.429,9,12,6085,3240,2845,11,7,27,44,25.0%,269.0,143.3,125.8,0.49,0.31,1.19,1.95,289.8,154.3,135.5,0.52,0.33,1.29,2.1,42,58,1.86,2.56,2.0,2.76
Major,RSC003694,Thecroctopustv,Xenomorphs,The Monster Mash,Lunar,6.5,300,20,0.254,0.15,3,17,5223,2670,2553,11,5,19,37,29.7%,267.9,136.9,130.9,0.56,0.26,0.97,1.9,261.2,133.5,127.7,0.55,0.25,0.95,1.85,30,60,1.54,3.08,1.5,3.0
Major,,Washed Trevey,X-ray,The Wavelengths,Solar,-0.2,26,2,0.269,0.0,0,2,518,170,348,1,0,1,2,50.0%,306.5,100.6,205.9,0.59,0.0,0.59,1.18,259.0,85.0,174.0,0.5,0.0,0.5,1.0,2,4,1.18,2.37,1.0,2.0
Major,RSC001918,Imperial,Lynx,Polar Vortex,Lunar,-4.4,688,45,0.352,0.311,14,31,10469,5820,4649,20,15,47,72,27.8%,234.1,130.2,104.0,0.45,0.34,1.05,1.61,232.6,129.3,103.3,0.44,0.33,1.04,1.6,80,119,1.79,2.66,1.78,2.64
Major,,Cozyboy,Calzones,Fifty-Fifty Pizzeria,Solar,-6.3,60,4,0.407,0.25,1,3,808,370,438,0,2,4,7,0.0%,207.2,94.9,112.3,0.0,0.51,1.03,1.8,202.0,92.5,109.5,0.0,0.5,1.0,1.75,7,9,1.8,2.31,1.75,2.25
Major,RSC003329,Koirley,Seadevils,The Abyss,Lunar,-37.5,60,4,0.165,0.0,0,4,744,330,414,0,0,6,3,0.0%,190.8,84.6,106.2,0.0,0.0,1.54,0.77,186.0,82.5,103.5,0.0,0.0,1.5,0.75,5,14,1.28,3.59,1.25,3.5
Elite,RSC000094,Namdorin,Ravioli Rangers,Italian Battalion,Solar,160.5,58,4,0.868,1.0,4,0,1996,1290,706,6,6,5,14,42.9%,544.9,352.2,192.7,1.64,1.64,1.37,3.82,499.0,322.5,176.5,1.5,1.5,1.25,3.5,18,6,4.91,1.64,4.5,1.5
Elite,RSC003344,Frisbee,Vibranium,Metal,Lunar,103.9,795,52,0.581,0.519,27,25,23882,13440,10442,59,37,79,174,33.9%,475.7,267.7,208.0,1.18,0.74,1.57,3.47,459.3,258.5,200.8,1.13,0.71,1.52,3.35,133,108,2.65,2.15,2.56,2.08
Elite,RSC004286,Bolbi,Violence,Inferno,Solar,97.1,985,64,0.703,0.719,46,18,28318,16480,11838,77,51,84,203,37.9%,455.2,264.9,190.3,1.24,0.82,1.35,3.26,442.5,257.5,185.0,1.2,0.8,1.31,3.17,189,109,3.04,1.75,2.95,1.7
Elite,RSC004062,Good Ghost Vibes,Fire,The Elements,Solar,92.9,836,56,0.506,0.571,32,24,24601,14460,10141,70,24,87,191,36.6%,466.0,273.9,192.1,1.33,0.45,1.65,3.62,439.3,258.2,181.1,1.25,0.43,1.55,3.41,125,123,2.37,2.33,2.23,2.2
Elite,RSC003308,Tman,Godzilla,Kaiju,Solar,92.3,753,48,0.529,0.563,27,21,21460,12990,8470,62,29,73,169,36.7%,451.3,273.2,178.1,1.3,0.61,1.54,3.55,447.1,270.6,176.5,1.29,0.6,1.52,3.52,112,104,2.36,2.19,2.33,2.17
Elite,RSC000077,N8Bnsn,Harpy Eagles,The Forest,Solar,88.4,606,38,0.629,0.684,26,12,17010,10820,6190,55,25,56,127,43.3%,444.5,282.7,161.7,1.44,0.65,1.46,3.32,447.6,284.7,162.9,1.45,0.66,1.47,3.34,118,85,3.08,2.22,3.11,2.24
Elite,RSC002313,Galico,"Vibranium
Vipers
Ravioli Rangers","Metal
The Serpents
Italian Battalion",Lunar,81.6,588,36,0.577,0.583,21,15,16327,10130,6197,55,17,50,128,43.0%,439.7,272.8,166.9,1.48,0.46,1.35,3.45,453.5,281.4,172.1,1.53,0.47,1.39,3.56,109,90,2.94,2.42,3.03,2.5
Elite,RSC004676,Deesh,Vipers,The Serpents,Lunar,80.0,999,59,0.62,0.661,39,20,25785,15510,10275,61,53,97,191,31.9%,408.7,245.8,162.9,0.97,0.84,1.54,3.03,437.0,262.9,174.2,1.03,0.9,1.64,3.24,175,128,2.77,2.03,2.97,2.17
Elite,,Rex.,"Quasars
Sloths","The Cosmos
The Jungle",Solar,78.8,321,20,0.558,0.4,8,12,8630,5130,3500,21,14,35,58,36.2%,425.7,253.1,172.7,1.04,0.69,1.73,2.86,431.5,256.5,175.0,1.05,0.7,1.75,2.9,60,52,2.96,2.57,3.0,2.6
Elite,RSC003133,Picasso,Violence,Inferno,Solar,74.0,923,60,0.694,0.7,42,18,22875,13530,9345,56,44,77,188,29.8%,392.4,232.1,160.3,0.96,0.75,1.32,3.23,381.3,225.5,155.8,0.93,0.73,1.28,3.13,177,105,3.04,1.8,2.95,1.75
Elite,RSC003760,Wavepace,Cyclones,Storm,Solar,73.0,823,52,0.587,0.615,32,20,20971,11960,9011,47,34,79,161,29.2%,403.5,230.1,173.4,0.9,0.65,1.52,3.1,403.3,230.0,173.3,0.9,0.65,1.52,3.1,139,111,2.67,2.14,2.67,2.13
Elite,RSC000824,Cart,Knights,The Sovereign,Lunar,71.8,981,64,0.495,0.516,33,31,24730,13990,10740,58,35,87,209,27.8%,399.2,225.8,173.4,0.94,0.56,1.4,3.37,386.4,218.6,167.8,0.91,0.55,1.36,3.27,148,150,2.39,2.42,2.31,2.34
Elite,RSC000130,Anthage,Hornets,The Swarm,Solar,71.3,889,58,0.445,0.431,25,33,22991,12510,10481,53,30,79,176,30.1%,409.5,222.8,186.7,0.94,0.53,1.41,3.13,396.4,215.7,180.7,0.91,0.52,1.36,3.03,134,154,2.39,2.74,2.31,2.66
Elite,,Insta!,Frostbite,Sub Zero,Solar,70.4,878,55,0.655,0.709,39,16,22111,13460,8651,57,37,85,166,34.3%,398.8,242.7,156.0,1.03,0.67,1.53,2.99,402.0,244.7,157.3,1.04,0.67,1.55,3.02,149,98,2.69,1.77,2.71,1.78
Elite,RSC000334,Crabasaur,Vibranium,Metal,Lunar,69.1,569,38,0.5,0.474,18,20,13722,7700,6022,31,26,43,115,27.0%,381.9,214.3,167.6,0.86,0.72,1.2,3.2,361.1,202.6,158.5,0.82,0.68,1.13,3.03,90,90,2.5,2.5,2.37,2.37
Elite,RSC002690,K-9,"Cyclones
Menthol","Storm
Minty Fresh",Solar,69.1,1013,62,0.593,0.613,38,24,25328,14920,10408,65,42,88,192,33.9%,395.9,233.2,162.7,1.02,0.66,1.38,3.0,408.5,240.6,167.9,1.05,0.68,1.42,3.1,175,138,2.74,2.16,2.82,2.23
Elite,RSC003141,Swazy.,Great Whites,Shark Attack,Lunar,67.6,653,40,0.594,0.575,23,17,16585,9830,6755,45,23,59,123,36.6%,402.2,238.4,163.8,1.09,0.56,1.43,2.98,414.6,245.8,168.9,1.13,0.58,1.48,3.08,106,83,2.57,2.01,2.65,2.08
Elite,RSC000009,Timbo,Quasars,The Cosmos,Solar,67.2,333,23,0.414,0.435,10,13,8210,4660,3550,24,15,18,61,39.3%,390.4,221.6,168.8,1.14,0.71,0.86,2.9,357.0,202.6,154.3,1.04,0.65,0.78,2.65,56,69,2.66,3.28,2.43,3.0
Elite,,Jacks0Ntheboss,"Nightmare
Lacuna","The Shadows
The Soundtrack",Lunar,67.2,1016,62,0.546,0.532,33,29,26099,14520,11579,60,42,96,162,37.0%,406.8,226.3,180.5,0.94,0.65,1.5,2.52,421.0,234.2,186.8,0.97,0.68,1.55,2.61,172,153,2.68,2.38,2.77,2.47
Elite,RSC003082,Skulzy9,Harpy Eagles,The Forest,Solar,66.4,915,57,0.613,0.614,35,22,22186,13360,8826,52,46,86,156,33.3%,383.9,231.2,152.7,0.9,0.8,1.49,2.7,389.2,234.4,154.8,0.91,0.81,1.51,2.74,167,125,2.89,2.16,2.93,2.19
Elite,,O Beese,Knights,The Sovereign,Lunar,65.2,947,62,0.5,0.516,32,30,22848,12610,10238,53,40,70,181,29.3%,382.0,210.8,171.2,0.89,0.67,1.17,3.03,368.5,203.4,165.1,0.85,0.65,1.13,2.92,142,142,2.37,2.37,2.29,2.29
Elite,RSC000787,Bucklemyshoe,Nightmare,The Shadows,Lunar,65.0,858,57,0.476,0.509,29,28,22005,12360,9645,48,34,91,131,36.6%,406.1,228.1,178.0,0.89,0.63,1.68,2.42,386.1,216.8,169.2,0.84,0.6,1.6,2.3,129,137,2.38,2.53,2.26,2.4
Elite,RSC000229,Far,Frostbite,Sub Zero,Solar,64.5,821,52,0.663,0.712,37,15,20477,12190,8287,49,31,86,144,34.0%,394.9,235.1,159.8,0.95,0.6,1.66,2.78,393.8,234.4,159.4,0.94,0.6,1.65,2.77,137,88,2.64,1.7,2.63,1.69
Elite,,"Peeg :>, Lol.",Wolverines,Polar Vortex,Lunar,64.4,884,57,0.585,0.632,36,21,21019,11750,9269,44,40,74,165,26.7%,376.5,210.5,166.0,0.79,0.72,1.33,2.96,368.8,206.1,162.6,0.77,0.7,1.3,2.89,141,113,2.53,2.02,2.47,1.98
Elite,RSC003892,Treezy,Sloths,The Jungle,Solar,63.6,926,59,0.591,0.542,32,27,22097,13240,8857,62,35,68,189,32.8%,377.9,226.4,151.5,1.06,0.6,1.16,3.23,374.5,224.4,150.1,1.05,0.59,1.15,3.2,159,126,2.72,2.15,2.69,2.14
Elite,,Mer,Frostbite,Sub Zero,Solar,63.5,841,53,0.693,0.736,39,14,20243,11460,8783,38,43,84,131,29.0%,381.1,215.8,165.4,0.72,0.81,1.58,2.47,381.9,216.2,165.7,0.72,0.81,1.58,2.47,145,85,2.73,1.6,2.74,1.6
Elite,RSC000960,Catlas,Great Whites,Shark Attack,Lunar,63.3,435,29,0.696,0.793,23,6,10478,6320,4158,33,18,26,82,40.2%,381.4,230.1,151.4,1.2,0.66,0.95,2.98,361.3,217.9,143.4,1.14,0.62,0.9,2.83,86,51,3.13,1.86,2.97,1.76
Elite,,Grrrrrrrrrreat,The Nexus,Rocket Association Wrestling,Lunar,63.1,740,44,0.529,0.455,20,24,18639,11010,7629,54,21,63,141,38.3%,398.8,235.6,163.2,1.16,0.45,1.35,3.02,423.6,250.2,173.4,1.23,0.48,1.43,3.2,113,105,2.42,2.25,2.57,2.39
Elite,RSC003334,Hawk Rl,Finbacks,Whale Defense,Lunar,61.7,931,59,0.486,0.542,32,27,21967,12610,9357,51,44,74,161,31.7%,373.6,214.5,159.1,0.87,0.75,1.26,2.74,372.3,213.7,158.6,0.86,0.75,1.25,2.73,142,147,2.42,2.5,2.41,2.49
Elite,,Calc,Gamma,The Wavelengths,Solar,61.5,528,35,0.293,0.229,8,27,12899,6850,6049,21,20,57,90,23.3%,386.8,205.4,181.4,0.63,0.6,1.71,2.7,368.5,195.7,172.8,0.6,0.57,1.63,2.57,65,112,1.95,3.36,1.86,3.2
Elite,RSC000730,Sillybunny,Cyclones,Storm,Solar,61.5,630,40,0.58,0.6,24,16,14734,8620,6114,31,33,57,102,30.4%,370.3,216.7,153.7,0.78,0.83,1.43,2.56,368.4,215.5,152.9,0.78,0.83,1.43,2.55,108,88,2.71,2.21,2.7,2.2
Elite,,Kev1N,The Nexus,Rocket Association Wrestling,Lunar,60.8,679,40,0.477,0.4,16,24,15310,8740,6570,33,32,50,134,24.6%,357.0,203.8,153.2,0.77,0.75,1.17,3.12,382.8,218.5,164.3,0.83,0.8,1.25,3.35,99,105,2.31,2.45,2.48,2.63
Elite,RSC000065,Draxxs,Wolverines,Polar Vortex,Lunar,60.5,849,55,0.542,0.564,31,24,20466,11090,9376,44,31,72,154,28.6%,381.7,206.8,174.9,0.82,0.58,1.34,2.87,372.1,201.6,170.5,0.8,0.56,1.31,2.8,125,112,2.33,2.09,2.27,2.04
Elite,RSC000923,Stemantics,Slap Chops,As Seen on TV!,Solar,60.3,986,60,0.524,0.517,31,29,23462,13750,9712,51,36,100,185,27.6%,376.8,220.8,156.0,0.82,0.58,1.61,2.97,391.0,229.2,161.9,0.85,0.6,1.67,3.08,151,142,2.42,2.28,2.52,2.37
Elite,RSC000371,Capn' Clutch,Nightmare,The Shadows,Lunar,59.7,676,43,0.504,0.465,20,23,16072,9760,6312,42,25,61,126,33.3%,376.5,228.6,147.9,0.98,0.59,1.43,2.95,373.8,227.0,146.8,0.98,0.58,1.42,2.93,110,109,2.58,2.55,2.56,2.53
Elite,RSC000197,Kareemostyle,Quasars,The Cosmos,Solar,58.4,575,37,0.457,0.405,15,22,14265,7740,6525,30,20,57,89,33.7%,392.8,213.1,179.7,0.83,0.55,1.57,2.45,385.5,209.2,176.4,0.81,0.54,1.54,2.41,88,98,2.42,2.7,2.38,2.65
Elite,RSC000682,Mooshu,X-Men,The Comic Crusaders,Lunar,58.2,834,52,0.439,0.462,24,28,19539,11320,8219,43,32,78,152,28.3%,371.0,214.9,156.0,0.82,0.61,1.48,2.89,375.8,217.7,158.1,0.83,0.62,1.5,2.92,118,138,2.24,2.62,2.27,2.65
Elite,RSC002644,Kniknok,Kodiaks,The Bear Den,Lunar,57.6,887,55,0.588,0.564,31,24,20714,12140,8574,47,33,83,164,28.7%,369.8,216.7,153.1,0.84,0.59,1.48,2.93,376.6,220.7,155.9,0.85,0.6,1.51,2.98,135,107,2.41,1.91,2.45,1.95
Elite,RSC003323,Boog Mccroog,Ravioli Rangers,Italian Battalion,Solar,57.3,820,52,0.488,0.442,23,29,19215,11100,8115,49,27,65,160,30.6%,371.1,214.3,156.7,0.95,0.52,1.26,3.09,369.5,213.5,156.1,0.94,0.52,1.25,3.08,125,129,2.41,2.49,2.4,2.48
Elite,RSC003167,Kenny,Predators,The Monster Mash,Lunar,57.2,693,42,0.542,0.571,24,18,16684,9090,7594,33,25,68,114,28.9%,381.2,207.7,173.5,0.75,0.57,1.55,2.6,397.2,216.4,180.8,0.79,0.6,1.62,2.71,106,95,2.42,2.17,2.52,2.26
Elite,RSC000021,Tyty,Gelato,Fifty-Fifty Pizzeria,Solar,57.0,715,43,0.462,0.488,21,22,16658,9340,7318,34,29,65,124,27.4%,368.9,206.8,162.1,0.75,0.64,1.44,2.75,387.4,217.2,170.2,0.79,0.67,1.51,2.88,111,122,2.46,2.7,2.58,2.84
Elite,RSC002476,Argnor,Great Whites,Shark Attack,Lunar,57.0,941,60,0.637,0.667,40,20,21349,12300,9049,52,35,69,190,27.4%,359.2,207.0,152.3,0.88,0.59,1.16,3.2,355.8,205.0,150.8,0.87,0.58,1.15,3.17,165,115,2.78,1.94,2.75,1.92
Elite,RSC000884,Nathan.,Bolts,Electric Mayhem,Lunar,57.0,394,24,0.486,0.5,12,12,9458,5530,3928,19,13,46,68,27.9%,380.1,222.2,157.9,0.76,0.52,1.85,2.73,394.1,230.4,163.7,0.79,0.54,1.92,2.83,54,56,2.17,2.25,2.25,2.33
Elite,RSC000001,Obijuankenoi,Kopi Luwak,The Cat Cafe,Solar,57.0,58,3,0.5,0.333,1,2,1390,980,410,5,1,6,13,38.5%,379.5,267.6,111.9,1.37,0.27,1.64,3.55,463.3,326.7,136.7,1.67,0.33,2.0,4.33,9,9,2.46,2.46,3.0,3.0
Elite,RSC001019,Surge,"Frostbite
Lacuna","Sub Zero
The Soundtrack",Lunar,56.6,443,27,0.538,0.556,15,12,10261,6170,4091,23,20,43,72,31.9%,366.8,220.5,146.2,0.82,0.71,1.54,2.57,380.0,228.5,151.5,0.85,0.74,1.59,2.67,77,70,2.75,2.5,2.85,2.59
Elite,,Canine,Violence,Inferno,Solar,56.4,760,50,0.704,0.7,35,15,17773,10240,7533,45,31,58,129,34.9%,370.3,213.4,157.0,0.94,0.65,1.21,2.69,355.5,204.8,150.7,0.9,0.62,1.16,2.58,146,84,3.04,1.75,2.92,1.68
Elite,RSC004067,Envy.,Hornets,The Swarm,Solar,56.1,426,27,0.489,0.481,13,14,9210,5440,3770,20,22,31,79,25.3%,342.3,202.2,140.1,0.74,0.82,1.15,2.94,341.1,201.5,139.6,0.74,0.81,1.15,2.93,71,73,2.64,2.71,2.63,2.7
Elite,RSC000769,Perino,Hornets,The Swarm,Solar,56.0,750,49,0.42,0.388,19,30,17111,9290,7821,35,35,56,124,28.2%,361.3,196.1,165.1,0.74,0.74,1.18,2.62,349.2,189.6,159.6,0.71,0.71,1.14,2.53,113,138,2.39,2.91,2.31,2.82
Elite,RSC000179,Sykoshaggy,Venus,Milky Way,Lunar,55.7,586,37,0.551,0.568,21,16,13459,7920,5539,36,23,42,107,33.6%,363.7,214.0,149.7,0.97,0.62,1.13,2.89,363.8,214.1,149.7,0.97,0.62,1.14,2.89,88,77,2.38,2.08,2.38,2.08
Elite,RSC004215,Tshega,Sloths,The Jungle,Solar,55.5,279,17,0.539,0.529,9,8,7026,4080,2946,21,4,25,53,39.6%,398.8,231.6,167.2,1.19,0.23,1.42,3.01,413.3,240.0,173.3,1.24,0.24,1.47,3.12,42,38,2.38,2.16,2.47,2.24
Elite,RSC002178,Bird,"Gamma
Bolts
Vibranium","The Wavelengths
Electric Mayhem
Metal",Solar,55.0,96,6,0.5,0.5,3,3,2084,1010,1074,2,7,7,11,18.2%,343.7,166.6,177.2,0.33,1.15,1.15,1.81,347.3,168.3,179.0,0.33,1.17,1.17,1.83,16,16,2.64,2.64,2.67,2.67
Elite,RSC004205,Tirmenat,"Vibranium
Menthol
Trolls","Metal
Minty Fresh
Magical Beasts",Solar,54.8,507,32,0.576,0.594,19,13,12000,7040,4960,33,15,41,94,35.1%,374.8,219.9,154.9,1.03,0.47,1.28,2.94,375.0,220.0,155.0,1.03,0.47,1.28,2.94,85,70,2.65,2.19,2.66,2.19
Elite,RSC000898,Ty26,Kopi Luwak,The Cat Cafe,Solar,54.4,853,54,0.357,0.296,16,38,19905,11460,8445,46,31,77,146,31.5%,369.5,212.7,156.8,0.85,0.58,1.43,2.71,368.6,212.2,156.4,0.85,0.57,1.43,2.7,125,179,2.32,3.32,2.31,3.31
Elite,RSC003981,Rhino,Sloths,The Jungle,Solar,54.3,792,52,0.604,0.558,29,23,18198,9520,8678,34,38,61,117,29.1%,363.8,190.3,173.5,0.68,0.76,1.22,2.34,350.0,183.1,166.9,0.65,0.73,1.17,2.25,141,108,2.82,2.16,2.71,2.08
Elite,RSC000867,Ritter,Vipers,The Serpents,Lunar,53.9,735,44,0.599,0.636,28,16,17319,10220,7099,43,24,69,127,33.9%,373.1,220.2,152.9,0.93,0.52,1.49,2.74,393.6,232.3,161.3,0.98,0.55,1.57,2.89,123,95,2.65,2.05,2.8,2.16
Elite,RSC003203,Turnzy,Ravioli Rangers,Italian Battalion,Solar,53.1,884,56,0.424,0.375,21,35,19998,11290,8708,41,35,78,154,26.6%,358.2,202.2,156.0,0.73,0.63,1.4,2.76,357.1,201.6,155.5,0.73,0.63,1.39,2.75,128,155,2.29,2.78,2.29,2.77
Elite,RSC000265,Croph,Slap Chops,As Seen on TV!,Solar,52.8,1035,63,0.531,0.524,33,30,24016,13730,10286,61,38,80,173,35.3%,367.4,210.1,157.4,0.93,0.58,1.22,2.65,381.2,217.9,163.3,0.97,0.6,1.27,2.75,159,147,2.43,2.25,2.52,2.33
Elite,RSC000617,Dav,"Trolls
Quasars","Magical Beasts
The Cosmos",Solar,51.7,898,58,0.497,0.483,28,30,20013,11030,8983,46,40,59,148,31.1%,352.9,194.5,158.4,0.81,0.71,1.04,2.61,345.1,190.2,154.9,0.79,0.69,1.02,2.55,146,147,2.57,2.59,2.52,2.53
Elite,RSC000121,Cineo,Kopi Luwak,The Cat Cafe,Solar,51.6,432,27,0.322,0.222,6,21,10043,5810,4233,21,20,43,56,37.5%,368.1,213.0,155.2,0.77,0.73,1.58,2.05,372.0,215.2,156.8,0.78,0.74,1.59,2.07,59,93,2.16,3.41,2.19,3.44
Elite,RSC004361,Ezpz Scopezz,Predators,The Monster Mash,Lunar,51.5,997,61,0.511,0.508,31,30,23480,13480,10000,51,29,105,168,30.4%,372.9,214.1,158.8,0.81,0.46,1.67,2.67,384.9,221.0,163.9,0.84,0.48,1.72,2.75,144,140,2.29,2.22,2.36,2.3
Elite,RSC003794,K-U-T-O-,Gamma,The Wavelengths,Solar,50.6,677,42,0.39,0.31,13,29,15632,8580,7052,32,24,62,108,29.6%,365.6,200.7,164.9,0.75,0.56,1.45,2.53,372.2,204.3,167.9,0.76,0.57,1.48,2.57,92,122,2.15,2.85,2.19,2.9
Elite,RSC001790,Viglio,Bolts,Electric Mayhem,Lunar,49.9,652,40,0.457,0.45,18,22,14730,9140,5590,42,19,55,124,33.9%,357.7,222.0,135.8,1.02,0.46,1.34,3.01,368.3,228.5,139.8,1.05,0.48,1.38,3.1,96,107,2.33,2.6,2.4,2.68
Elite,RSC004146,Dandon,Harpy Eagles,The Forest,Solar,49.7,704,44,0.593,0.614,27,17,15478,9020,6458,35,32,56,112,31.3%,348.1,202.9,145.3,0.79,0.72,1.26,2.52,351.8,205.0,146.8,0.8,0.73,1.27,2.55,129,102,2.9,2.29,2.93,2.32
Elite,RSC000605,Jfmachine,Bolts,Electric Mayhem,Lunar,49.7,1012,63,0.479,0.492,31,32,23126,13320,9806,47,36,104,162,29.0%,361.8,208.4,153.4,0.74,0.56,1.63,2.53,367.1,211.4,155.7,0.75,0.57,1.65,2.57,143,151,2.24,2.36,2.27,2.4
Elite,RSC002444,Blender,Kodiaks,The Bear Den,Lunar,49.7,837,52,0.588,0.538,28,24,18297,11020,7277,43,34,71,147,29.3%,346.1,208.5,137.7,0.81,0.64,1.34,2.78,351.9,211.9,139.9,0.83,0.65,1.37,2.83,131,104,2.48,1.97,2.52,2.0
Elite,RSC004245,Iso,Great Whites,Shark Attack,Lunar,49.7,992,63,0.656,0.683,43,20,21555,12530,9025,48,42,78,173,27.7%,344.1,200.0,144.1,0.77,0.67,1.25,2.76,342.1,198.9,143.3,0.76,0.67,1.24,2.75,177,117,2.83,1.87,2.81,1.86
Elite,RSC000809,Wheats :),"Cyclones
The Nexus","Storm
Rocket Association Wrestling",Solar,49.3,442,29,0.473,0.517,15,14,9778,5630,4148,21,18,38,73,28.8%,350.3,201.7,148.6,0.75,0.64,1.36,2.62,337.2,194.1,143.0,0.72,0.62,1.31,2.52,74,79,2.65,2.83,2.55,2.72
Elite,,Cookie :>,Anglers,The Abyss,Lunar,49.2,718,49,0.441,0.469,23,26,16191,8860,7331,30,23,69,126,23.8%,357.1,195.4,161.7,0.66,0.51,1.52,2.78,330.4,180.8,149.6,0.61,0.47,1.41,2.57,97,113,2.14,2.49,1.98,2.31
Elite,,Merang,"Lacuna
Frostbite","The Soundtrack
Sub Zero",Solar,49.1,253,15,0.587,0.6,9,6,5495,3320,2175,15,6,19,57,26.3%,343.9,207.8,136.1,0.94,0.38,1.19,3.57,366.3,221.3,145.0,1.0,0.4,1.27,3.8,39,31,2.44,1.94,2.6,2.07
Elite,RSC002718,Clarky?,"Vibranium
Lacuna
Kodiaks","Metal
The Soundtrack
The Bear Den",Lunar,49.1,768,48,0.611,0.583,28,20,17192,10080,7112,38,34,69,113,33.6%,354.5,207.8,146.6,0.78,0.7,1.42,2.33,358.2,210.0,148.2,0.79,0.71,1.44,2.35,132,99,2.72,2.04,2.75,2.06
Elite,RSC000552,Cerealkiller,Godzilla,Kaiju,Solar,48.9,759,49,0.527,0.531,26,23,16706,9600,7106,35,35,64,115,30.4%,348.5,200.3,148.2,0.73,0.73,1.34,2.4,340.9,195.9,145.0,0.71,0.71,1.31,2.35,123,115,2.57,2.4,2.51,2.35
Elite,RSC003129,Papakhan,Kodiaks,The Bear Den,Lunar,48.7,961,61,0.585,0.574,35,26,21576,11690,9886,44,33,80,164,26.8%,355.5,192.6,162.9,0.72,0.54,1.32,2.7,353.7,191.6,162.1,0.72,0.54,1.31,2.69,150,120,2.47,1.98,2.46,1.97
Elite,RSC000310,Chrisakamrxd,Gelato,Fifty-Fifty Pizzeria,Solar,47.4,763,48,0.542,0.563,27,21,17469,10010,7459,44,23,64,126,34.9%,362.5,207.7,154.8,0.91,0.48,1.33,2.61,363.9,208.5,155.4,0.92,0.48,1.33,2.63,128,115,2.66,2.39,2.67,2.4
Elite,RSC000016,Beans,Venus,Milky Way,Lunar,47.3,805,51,0.431,0.471,24,27,18025,9740,8285,27,28,87,129,20.9%,354.6,191.6,163.0,0.53,0.55,1.71,2.54,353.4,191.0,162.5,0.53,0.55,1.71,2.53,108,129,2.12,2.54,2.12,2.53
Elite,RSC002097,Noobz,Sloths,The Jungle,Solar,47.3,645,42,0.552,0.524,22,20,14595,8260,6335,34,21,55,106,32.1%,358.3,202.8,155.5,0.83,0.52,1.35,2.6,347.5,196.7,150.8,0.81,0.5,1.31,2.52,104,91,2.55,2.23,2.48,2.17
Elite,RSC000437,Lonely,"Menthol
Gelato","Minty Fresh
Fifty-Fifty Pizzeria",Solar,47.0,891,54,0.442,0.481,26,28,19632,11500,8132,51,33,65,150,34.0%,348.9,204.4,144.5,0.91,0.59,1.16,2.67,363.6,213.0,150.6,0.94,0.61,1.2,2.78,134,155,2.38,2.75,2.48,2.87
Elite,RSC004687,Mateitsnate,Finbacks,Whale Defense,Lunar,46.8,1001,63,0.48,0.524,33,30,22648,13160,9488,56,33,86,161,34.8%,358.3,208.2,150.1,0.89,0.52,1.36,2.55,359.5,208.9,150.6,0.89,0.52,1.37,2.56,150,158,2.37,2.5,2.38,2.51
Elite,RSC004477,Wulfy,Harpy Eagles,The Forest,Solar,46.6,101,6,0.5,0.5,3,3,2231,1340,891,7,3,6,19,36.8%,349.8,210.1,139.7,1.1,0.47,0.94,2.98,371.8,223.3,148.5,1.17,0.5,1.0,3.17,13,13,2.04,2.04,2.17,2.17
Elite,RSC004535,Raycrusher1002,Great Danes,Puppy Paradise,Lunar,46.6,347,22,0.514,0.5,11,11,7752,4330,3422,18,17,25,43,41.9%,353.7,197.6,156.2,0.82,0.78,1.14,1.96,352.4,196.8,155.5,0.82,0.77,1.14,1.95,56,54,2.56,2.46,2.55,2.45
Elite,RSC000267,King Chikn,"Finbacks
Trolls","Whale Defense
Magical Beasts",Solar,46.3,520,34,0.459,0.5,17,17,11234,5940,5294,19,25,41,74,25.7%,342.1,180.9,161.2,0.58,0.76,1.25,2.25,330.4,174.7,155.7,0.56,0.74,1.21,2.18,86,95,2.62,2.89,2.53,2.79
Elite,RSC002691,Soup,Trolls,Magical Beasts,Solar,46.2,944,60,0.516,0.517,31,29,20604,12210,8394,47,34,84,161,29.2%,345.6,204.8,140.8,0.79,0.57,1.41,2.7,343.4,203.5,139.9,0.78,0.57,1.4,2.68,152,146,2.55,2.45,2.53,2.43
Elite,RSC003008,Generalzippy,Fire,The Elements,Solar,46.1,170,11,0.515,0.727,8,3,3595,2090,1505,7,9,14,24,29.2%,334.9,194.7,140.2,0.65,0.84,1.3,2.24,326.8,190.0,136.8,0.64,0.82,1.27,2.18,28,27,2.61,2.51,2.55,2.45
Elite,RSC000626,Canadian,"Gelato
Menthol
Quasars","Fifty-Fifty Pizzeria
Minty Fresh
The Cosmos",Solar,45.4,819,49,0.478,0.449,22,27,18955,10650,8305,43,19,81,135,31.9%,366.5,205.9,160.6,0.83,0.37,1.57,2.61,386.8,217.3,169.5,0.88,0.39,1.65,2.76,99,105,1.91,2.03,2.02,2.14
Elite,RSC002164,Dosia,Predators,The Monster Mash,Lunar,45.3,859,52,0.538,0.558,29,23,18202,10330,7872,48,30,48,163,29.4%,335.5,190.4,145.1,0.88,0.55,0.88,3.0,350.0,198.7,151.4,0.92,0.58,0.92,3.13,127,115,2.34,2.12,2.44,2.21
Elite,RSC000367,Pana,Quasars,The Cosmos,Solar,45.0,577,35,0.444,0.429,15,20,12988,7500,5488,31,15,53,100,31.0%,356.4,205.8,150.6,0.85,0.41,1.45,2.74,371.1,214.3,156.8,0.89,0.43,1.51,2.86,77,89,2.11,2.44,2.2,2.54
Elite,,Taka.,Vipers,The Serpents,Lunar,44.9,642,39,0.71,0.795,31,8,13853,8210,5643,33,30,50,91,36.3%,341.7,202.5,139.2,0.81,0.74,1.23,2.24,355.2,210.5,144.7,0.85,0.77,1.28,2.33,124,70,3.06,1.73,3.18,1.79
Elite,RSC000698,Inedibledeer,"Sloths
Quasars
Lacuna","The Jungle
The Cosmos
The Soundtrack",Solar,44.4,631,39,0.449,0.436,17,22,13342,6930,6412,15,31,60,88,17.0%,334.8,173.9,160.9,0.38,0.78,1.51,2.21,342.1,177.7,164.4,0.38,0.79,1.54,2.26,84,96,2.11,2.41,2.15,2.46
Elite,RSC001055,Scotti,Venus,Milky Way,Lunar,44.4,53,4,0.5,0.5,2,2,1381,780,601,5,0,4,8,62.5%,412.6,233.0,179.6,1.49,0.0,1.2,2.39,345.3,195.0,150.3,1.25,0.0,1.0,2.0,8,8,2.39,2.39,2.0,2.0
Elite,RSC004032,Monkeynut,Kopi Luwak,The Cat Cafe,Solar,44.2,629,41,0.37,0.341,14,27,14035,7930,6105,30,24,57,88,34.1%,353.3,199.6,153.7,0.76,0.6,1.43,2.22,342.3,193.4,148.9,0.73,0.59,1.39,2.15,90,125,2.27,3.15,2.2,3.05
Elite,RSC003371,Z-Clutch,Great Danes,Puppy Paradise,Lunar,43.1,987,60,0.39,0.333,20,40,22525,13840,8685,54,21,115,164,32.9%,361.4,222.0,139.3,0.87,0.34,1.84,2.63,375.4,230.7,144.8,0.9,0.35,1.92,2.73,126,168,2.02,2.7,2.1,2.8
Elite,,Feen'S Pal,Anglers,The Abyss,Lunar,42.8,701,49,0.42,0.429,21,28,15155,8680,6475,37,25,52,113,32.7%,342.3,196.1,146.3,0.84,0.56,1.17,2.55,309.3,177.1,132.1,0.76,0.51,1.06,2.31,90,111,2.03,2.51,1.84,2.27
Elite,,Zck,Finbacks,Whale Defense,Lunar,42.2,818,51,0.497,0.51,26,25,17933,10070,7863,33,30,82,117,28.2%,347.1,194.9,152.2,0.64,0.58,1.59,2.26,351.6,197.5,154.2,0.65,0.59,1.61,2.29,119,120,2.3,2.32,2.33,2.35
Elite,RSC003986,Reprise,Great Danes,Puppy Paradise,Lunar,42.2,105,7,0.545,0.286,2,5,2032,1240,792,4,7,7,14,28.6%,306.4,187.0,119.4,0.6,1.06,1.06,2.11,290.3,177.1,113.1,0.57,1.0,1.0,2.0,19,17,2.87,2.56,2.71,2.43
Elite,RSC000690,Paco,Menthol,Minty Fresh,Solar,41.8,781,49,0.48,0.49,24,25,16585,9260,7325,32,34,65,111,28.8%,336.3,187.7,148.5,0.65,0.69,1.32,2.25,338.5,189.0,149.5,0.65,0.69,1.33,2.27,111,117,2.25,2.37,2.27,2.39
Elite,,Biscuit,Nightmare,The Shadows,Lunar,41.4,525,35,0.424,0.429,15,20,11479,6050,5429,20,17,48,80,25.0%,346.2,182.5,163.7,0.6,0.51,1.45,2.41,328.0,172.9,155.1,0.57,0.49,1.37,2.29,68,83,2.05,2.5,1.94,2.37
Elite,RSC001921,Dom,X-Men,The Comic Crusaders,Lunar,41.2,820,51,0.452,0.471,24,27,18235,10470,7765,42,23,77,127,33.1%,352.1,202.2,149.9,0.81,0.44,1.49,2.45,357.5,205.3,152.3,0.82,0.45,1.51,2.49,115,130,2.22,2.51,2.25,2.55
Elite,RSC004285,Daniel,Quasars,The Cosmos,Solar,41.1,181,13,0.586,0.615,8,5,3921,2160,1761,10,7,11,26,38.5%,343.0,189.0,154.1,0.87,0.61,0.96,2.27,301.6,166.2,135.5,0.77,0.54,0.85,2.0,37,30,3.24,2.62,2.85,2.31
Elite,,Mew_Jr,"Trolls
Cyclones","Magical Beasts
Storm",Solar,40.7,170,12,0.361,0.417,5,7,3844,1910,1934,7,4,15,26,26.9%,358.0,177.9,180.1,0.65,0.37,1.4,2.42,320.3,159.2,161.2,0.58,0.33,1.25,2.17,17,25,1.58,2.33,1.42,2.08
Elite,RSC000805,Deezmuffinz,"The Nexus
Menthol","Rocket Association Wrestling
Minty Fresh",Solar,40.3,760,45,0.391,0.378,17,28,16022,8850,7172,31,26,64,125,24.8%,333.8,184.4,149.4,0.65,0.54,1.33,2.6,356.0,196.7,159.4,0.69,0.58,1.42,2.78,93,124,1.94,2.58,2.07,2.76
Elite,,Chimmy,Knights,The Sovereign,Lunar,40.0,158,10,0.563,0.6,6,4,3398,1870,1528,6,6,15,22,27.3%,340.5,187.4,153.1,0.6,0.6,1.5,2.2,339.8,187.0,152.8,0.6,0.6,1.5,2.2,27,23,2.71,2.31,2.7,2.3
Elite,RSC000929,Phoenixtouch.,"Trolls
The Nexus","Magical Beasts
Rocket Association Wrestling",Lunar,39.4,884,54,0.452,0.389,21,33,19246,10440,8806,33,28,89,129,25.6%,344.7,187.0,157.7,0.59,0.5,1.59,2.31,356.4,193.3,163.1,0.61,0.52,1.65,2.39,120,136,2.15,2.44,2.22,2.52
Elite,RSC001674,Skrooms,"Kodiaks
Lacuna","The Bear Den
The Soundtrack",Lunar,39.4,629,38,0.496,0.474,18,20,14274,8370,5904,31,16,72,87,35.6%,359.3,210.7,148.6,0.78,0.4,1.81,2.19,375.6,220.3,155.4,0.82,0.42,1.89,2.29,93,94,2.34,2.37,2.45,2.47
Elite,RSC001059,Saltybonnyr,"Lacuna
Wolverines","The Soundtrack
Polar Vortex",Lunar,39.4,709,45,0.391,0.356,16,29,16016,9070,6946,36,14,73,112,32.1%,357.7,202.6,155.1,0.8,0.31,1.63,2.5,355.9,201.6,154.4,0.8,0.31,1.62,2.49,83,111,1.85,2.48,1.84,2.47
Elite,RSC001446,Leerg,Hornets,The Swarm,Solar,39.4,750,49,0.458,0.429,21,28,15732,8810,6922,39,25,48,126,31.0%,332.1,186.0,146.1,0.82,0.53,1.01,2.66,321.1,179.8,141.3,0.8,0.51,0.98,2.57,116,129,2.45,2.72,2.37,2.63
Elite,RSC003122,Kovalchuk,"Ravioli Rangers
Trolls","Italian Battalion
Magical Beasts",Solar,39.3,132,8,0.341,0.25,2,6,2929,1590,1339,8,4,8,19,42.1%,351.4,190.7,160.6,0.96,0.48,0.96,2.28,366.1,198.8,167.4,1.0,0.5,1.0,2.38,15,23,1.8,2.76,1.88,2.88
Elite,RSC002407,Envy,Anglers,The Abyss,Lunar,39.1,776,51,0.457,0.49,25,26,16718,9700,7018,41,19,66,135,30.4%,341.1,197.9,143.2,0.84,0.39,1.35,2.75,327.8,190.2,137.6,0.8,0.37,1.29,2.65,112,125,2.29,2.55,2.2,2.45
Elite,RSC000697,Dolphino,Bolts,Electric Mayhem,Lunar,39.1,711,46,0.473,0.522,24,22,15023,7910,7113,27,28,56,101,26.7%,334.6,176.2,158.4,0.6,0.62,1.25,2.25,326.6,172.0,154.6,0.59,0.61,1.22,2.2,97,104,2.16,2.32,2.11,2.26
Elite,RSC001612,Reverse Fridge,"Lacuna
Nightmare","The Soundtrack
The Shadows",Lunar,38.5,709,47,0.38,0.34,16,31,14999,7810,7189,26,25,58,106,24.5%,335.0,174.4,160.6,0.58,0.56,1.3,2.37,319.1,166.2,153.0,0.55,0.53,1.23,2.26,90,123,2.01,2.75,1.91,2.62
Elite,,Yuu Gondai,Ravioli Rangers,Italian Battalion,Solar,38.0,758,48,0.503,0.458,22,26,15239,8650,6589,33,34,50,115,28.7%,318.3,180.7,137.6,0.69,0.71,1.04,2.4,317.5,180.2,137.3,0.69,0.71,1.04,2.4,118,117,2.47,2.44,2.46,2.44
Elite,,Miikey.Rl,Kopi Luwak,The Cat Cafe,Solar,37.7,602,39,0.336,0.256,10,29,13187,7130,6057,23,18,62,83,27.7%,346.9,187.5,159.3,0.6,0.47,1.63,2.18,338.1,182.8,155.3,0.59,0.46,1.59,2.13,80,122,2.1,3.21,2.05,3.13
Elite,RSC000666,Aeb311,Harpy Eagles,The Forest,Solar,37.5,755,47,0.51,0.553,26,21,15798,8900,6898,33,30,61,105,31.4%,331.3,186.7,144.7,0.69,0.63,1.28,2.2,336.1,189.4,146.8,0.7,0.64,1.3,2.23,119,116,2.5,2.43,2.53,2.47
Elite,RSC002172,Shimmy,Slap Chops,As Seen on TV!,Solar,37.2,532,33,0.456,0.424,14,19,11454,6620,4834,24,20,51,67,35.8%,340.9,197.0,143.9,0.71,0.6,1.52,1.99,347.1,200.6,146.5,0.73,0.61,1.55,2.03,76,85,2.26,2.53,2.3,2.58
Elite,RSC001487,Mikeismyike,Gelato,Fifty-Fifty Pizzeria,Solar,37.1,851,51,0.48,0.51,26,25,17289,10550,6739,44,33,63,135,32.6%,321.7,196.3,125.4,0.82,0.61,1.17,2.51,339.0,206.9,132.1,0.86,0.65,1.24,2.65,141,148,2.62,2.75,2.76,2.9
Elite,RSC000753,Prolly,Venus,Milky Way,Lunar,35.6,749,47,0.39,0.447,21,26,15777,9000,6777,38,17,61,130,29.2%,333.5,190.3,143.3,0.8,0.36,1.29,2.75,335.7,191.5,144.2,0.81,0.36,1.3,2.77,97,129,2.05,2.73,2.06,2.74
Elite,,Justin,Violence,Inferno,Solar,35.5,287,18,0.73,0.833,15,3,5702,3160,2542,11,13,20,41,26.8%,314.6,174.3,140.2,0.61,0.72,1.1,2.26,316.8,175.6,141.2,0.61,0.72,1.11,2.28,55,29,3.03,1.6,3.06,1.61
Elite,RSC003014,Sea Punk,The Nexus,Rocket Association Wrestling,Lunar,35.1,814,50,0.516,0.48,24,26,16813,9920,6893,37,24,74,132,28.0%,327.1,193.0,134.1,0.72,0.47,1.44,2.57,336.3,198.4,137.9,0.74,0.48,1.48,2.64,120,115,2.33,2.24,2.4,2.3
Elite,RSC000649,2Jsix,Fire,The Elements,Solar,35.1,740,49,0.522,0.551,27,22,14855,8370,6485,26,25,66,122,21.3%,317.9,179.1,138.8,0.56,0.53,1.41,2.61,303.2,170.8,132.3,0.53,0.51,1.35,2.49,111,105,2.38,2.25,2.27,2.14
Elite,RSC002961,Decoy,Godzilla,Kaiju,Solar,34.7,779,51,0.514,0.549,28,23,16261,8780,7481,26,23,77,118,22.0%,330.5,178.5,152.1,0.53,0.47,1.57,2.4,318.8,172.2,146.7,0.51,0.45,1.51,2.31,115,111,2.34,2.26,2.25,2.18
Elite,RSC000365,Trspriggs,Vipers,The Serpents,Lunar,34.4,517,30,0.533,0.533,16,14,9812,5770,4042,21,26,32,77,27.3%,300.5,176.7,123.8,0.64,0.8,0.98,2.36,327.1,192.3,134.7,0.7,0.87,1.07,2.57,89,82,2.73,2.51,2.97,2.73
Elite,RSC000175,Nytro,"Menthol
Cyclones","Minty Fresh
Storm",Solar,34.3,691,44,0.381,0.409,18,26,14248,7970,6278,27,23,62,102,26.5%,326.5,182.6,143.9,0.62,0.53,1.42,2.34,323.8,181.1,142.7,0.61,0.52,1.41,2.32,84,115,1.92,2.64,1.91,2.61
Elite,RSC004355,Legacy.,Wolverines,Polar Vortex,Lunar,33.1,689,45,0.59,0.622,28,17,13945,7600,6345,33,20,43,115,28.7%,320.5,174.7,145.8,0.76,0.46,0.99,2.64,309.9,168.9,141.0,0.73,0.44,0.96,2.56,115,91,2.64,2.09,2.56,2.02
Elite,RSC001741,Virus,Gamma,The Wavelengths,Solar,32.4,620,40,0.322,0.225,9,31,13425,7610,5815,29,14,63,86,33.7%,342.9,194.4,148.5,0.74,0.36,1.61,2.2,335.6,190.3,145.4,0.73,0.35,1.58,2.15,78,124,1.99,3.17,1.95,3.1
Elite,RSC004164,Shiftmind,Great Danes,Puppy Paradise,Lunar,32.3,959,58,0.37,0.328,19,39,20073,11190,8883,34,31,100,124,27.4%,331.4,184.8,146.7,0.56,0.51,1.65,2.05,346.1,192.9,153.2,0.59,0.53,1.72,2.14,118,166,1.95,2.74,2.03,2.86
Elite,RSC002473,Zdawg2020Dec,"Lacuna
Vibranium","The Soundtrack
Metal",Lunar,31.2,364,24,0.391,0.333,8,16,7759,4070,3689,16,10,30,47,34.0%,337.5,177.1,160.5,0.7,0.44,1.31,2.04,323.3,169.6,153.7,0.67,0.42,1.25,1.96,50,66,2.18,2.87,2.08,2.75
Elite,RSC003360,Flossy,Slap Chops,As Seen on TV!,Solar,30.9,552,33,0.616,0.636,21,12,11153,6540,4613,23,18,51,79,29.1%,319.9,187.6,132.3,0.66,0.52,1.46,2.27,338.0,198.2,139.8,0.7,0.55,1.55,2.39,91,67,2.61,1.92,2.76,2.03
Elite,RSC004295,Heavyumlaut,X-Men,The Comic Crusaders,Lunar,29.6,793,49,0.395,0.429,21,28,16340,8940,7400,36,21,63,114,31.6%,326.3,178.5,147.8,0.72,0.42,1.26,2.28,333.5,182.4,151.0,0.73,0.43,1.29,2.33,106,139,2.12,2.78,2.16,2.84
Elite,RSC003202,Thecoffee,Gamma,The Wavelengths,Solar,29.4,61,4,0.141,0.0,0,4,1154,530,624,1,1,5,13,7.7%,299.6,137.6,162.0,0.26,0.26,1.3,3.37,288.5,132.5,156.0,0.25,0.25,1.25,3.25,4,13,1.04,3.37,1.0,3.25
Elite,RSC000278,Tinsel,Menthol,Minty Fresh,Solar,28.7,353,22,0.401,0.409,9,13,6991,4090,2901,12,10,37,54,22.2%,313.6,183.5,130.1,0.54,0.45,1.66,2.42,317.8,185.9,131.9,0.55,0.45,1.68,2.45,39,51,1.75,2.29,1.77,2.32
Elite,RSC001852,Jester ,Vibranium,Metal,Lunar,28.3,819,53,0.536,0.509,27,26,15864,8370,7494,30,30,54,117,25.6%,306.7,161.8,144.9,0.58,0.58,1.04,2.26,299.3,157.9,141.4,0.57,0.57,1.02,2.21,124,113,2.4,2.18,2.34,2.13
Elite,RSC003710,Jgourmet,Fire,The Elements,Solar,28.2,966,64,0.481,0.547,35,29,18679,9860,8819,32,36,70,136,23.5%,306.2,161.6,144.6,0.52,0.59,1.15,2.23,291.9,154.1,137.8,0.5,0.56,1.09,2.13,140,147,2.29,2.41,2.19,2.3
Elite,RSC003866,Skizzbo,Predators,The Monster Mash,Lunar,27.6,547,34,0.424,0.353,12,22,10167,5670,4497,16,20,44,87,18.4%,294.3,164.1,130.2,0.46,0.58,1.27,2.52,299.0,166.8,132.3,0.47,0.59,1.29,2.56,67,82,1.94,2.37,1.97,2.41
Elite,RSC001949,Arrowsmith2,Godzilla,Kaiju,Solar,26.0,599,37,0.495,0.514,19,18,11426,6580,4846,22,20,50,88,25.0%,302.0,173.9,128.1,0.58,0.53,1.32,2.33,308.8,177.8,131.0,0.59,0.54,1.35,2.38,85,86,2.25,2.27,2.3,2.32
Elite,RSC000861,Thee Biologist,Venus,Milky Way,Lunar,25.8,795,50,0.42,0.44,22,28,14845,8330,6515,29,31,55,113,25.7%,295.7,165.9,129.8,0.58,0.62,1.1,2.25,296.9,166.6,130.3,0.58,0.62,1.1,2.26,104,128,2.07,2.55,2.08,2.56
Elite,RSC001998,Kxle,Menthol,Minty Fresh,Solar,25.6,52,3,0.255,0.333,1,2,959,530,429,1,0,6,13,7.7%,292.0,161.4,130.6,0.3,0.0,1.83,3.96,319.7,176.7,143.0,0.33,0.0,2.0,4.33,5,10,1.52,3.05,1.67,3.33
Elite,RSC000643,M3 Mario,Anglers,The Abyss,Lunar,25.3,607,40,0.369,0.375,15,25,11772,6070,5702,17,18,52,87,19.5%,307.1,158.3,148.7,0.44,0.47,1.36,2.27,294.3,151.8,142.6,0.43,0.45,1.3,2.18,76,107,1.98,2.79,1.9,2.68
Elite,RSC000555,Abom,"Wolverines
Quasars","Polar Vortex
The Cosmos",Lunar,23.9,312,19,0.467,0.474,9,10,6005,3540,2465,17,8,19,49,34.7%,304.8,179.7,125.1,0.86,0.41,0.96,2.49,316.1,186.3,129.7,0.89,0.42,1.0,2.58,45,49,2.28,2.49,2.37,2.58
Elite,RSC001196,Chuckles,Great Danes,Puppy Paradise,Lunar,22.2,429,26,0.368,0.308,8,18,8395,4340,4055,12,12,40,54,22.2%,309.9,160.2,149.7,0.44,0.44,1.48,1.99,322.9,166.9,156.0,0.46,0.46,1.54,2.08,53,75,1.96,2.77,2.04,2.88
Elite,RSC001098,Wafe,Kopi Luwak,The Cat Cafe,Solar,21.4,324,20,0.39,0.35,7,13,6328,3500,2828,12,11,28,35,34.3%,309.3,171.1,138.2,0.59,0.54,1.37,1.71,316.4,175.0,141.4,0.6,0.55,1.4,1.75,47,62,2.3,3.03,2.35,3.1
Elite,,.Skoot^,Knights,The Sovereign,Lunar,21.3,857,56,0.476,0.5,28,28,14661,7740,6921,31,36,30,134,23.1%,270.9,143.0,127.9,0.57,0.67,0.55,2.48,261.8,138.2,123.6,0.55,0.64,0.54,2.39,127,135,2.35,2.49,2.27,2.41
Elite,,Xeno,"Fire
Great Danes","The Elements
Puppy Paradise",Lunar,19.4,462,27,0.323,0.333,9,18,8680,4530,4150,18,13,29,63,28.6%,297.5,155.3,142.2,0.62,0.45,0.99,2.16,321.5,167.8,153.7,0.67,0.48,1.07,2.33,48,78,1.65,2.67,1.78,2.89
Elite,RSC003762,Scorch,X-Men,The Comic Crusaders,Lunar,19.1,562,37,0.343,0.297,11,26,10357,5460,4897,16,19,44,71,22.5%,291.8,153.8,138.0,0.45,0.54,1.24,2.0,279.9,147.6,132.4,0.43,0.51,1.19,1.92,68,103,1.92,2.9,1.84,2.78
Elite,RSC003762,Scorch,X-Men,The Comic Crusaders,Lunar,19.1,562,37,0.343,0.297,11,26,10357,5460,4897,16,19,44,71,22.5%,291.8,153.8,138.0,0.45,0.54,1.24,2.0,279.9,147.6,132.4,0.43,0.51,1.19,1.92,68,103,1.92,2.9,1.84,2.78
Elite,RSC000050,Lordmaccus,"Quasars
Hornets","The Cosmos
The Swarm",Solar,18.6,326,21,0.252,0.238,5,16,5698,3210,2488,8,12,27,46,17.4%,276.8,155.9,120.8,0.39,0.58,1.31,2.23,271.3,152.9,118.5,0.38,0.57,1.29,2.19,41,79,1.99,3.84,1.95,3.76
Elite,RSC003150,Slate,Lacuna,The Soundtrack,Lunar,18.6,300,18,0.458,0.278,5,13,5491,3030,2461,13,7,18,48,27.1%,289.8,159.9,129.9,0.69,0.37,0.95,2.53,305.1,168.3,136.7,0.72,0.39,1.0,2.67,45,50,2.38,2.64,2.5,2.78
Elite,RSC000954,Yullbrenna,Kopi Luwak,The Cat Cafe,Solar,18.3,67,4,0.767,0.75,3,1,1383,760,623,5,0,3,11,45.5%,326.9,179.6,147.2,1.18,0.0,0.71,2.6,345.8,190.0,155.8,1.25,0.0,0.75,2.75,13,6,3.07,1.42,3.25,1.5
Elite,RSC003774,Boogs,Finbacks,Whale Defense,Lunar,17.6,166,11,0.194,0.182,2,9,3060,1320,1740,4,3,10,27,14.8%,291.9,125.9,166.0,0.38,0.29,0.95,2.58,278.2,120.0,158.2,0.36,0.27,0.91,2.45,12,31,1.14,2.96,1.09,2.82
Elite,RSC000926,Slmrnchr,Gamma,The Wavelengths,Solar,17.4,701,44,0.344,0.273,12,32,13066,7200,5866,31,24,42,80,38.8%,295.1,162.6,132.5,0.7,0.54,0.95,1.81,297.0,163.6,133.3,0.7,0.55,0.95,1.82,90,135,2.03,3.05,2.05,3.07
Elite,,Glitchfire (New Chair),Gamma,The Wavelengths,Solar,13.7,63,4,0.199,0.25,1,3,1259,720,539,4,1,4,7,57.1%,316.4,181.0,135.5,1.01,0.25,1.01,1.76,314.8,180.0,134.8,1.0,0.25,1.0,1.75,8,18,2.01,4.52,2.0,4.5
Elite,RSC004766,Virrexo,"Godzilla
Quasars","Kaiju
The Cosmos",Solar,10.7,122,8,0.278,0.375,3,5,2321,1340,981,5,2,12,14,35.7%,301.2,173.9,127.3,0.65,0.26,1.56,1.82,290.1,167.5,122.6,0.63,0.25,1.5,1.75,17,30,2.21,3.89,2.13,3.75
Elite,RSC004371,Djcasualties,"Bolts
X-Men","Electric Mayhem
The Comic Crusaders",Lunar,9.9,265,17,0.418,0.412,7,10,4645,2200,2445,6,8,18,30,20.0%,277.6,131.5,146.1,0.36,0.48,1.08,1.79,273.2,129.4,143.8,0.35,0.47,1.06,1.76,33,41,1.97,2.45,1.94,2.41
Elite,RSC000030,Adeadm0053,"Lacuna
Sloths
Cyclones","The Soundtrack
The Jungle
Storm",Lunar,9.7,537,35,0.31,0.314,11,24,9839,5000,4839,16,12,44,60,26.7%,290.1,147.4,142.7,0.47,0.35,1.3,1.77,281.1,142.9,138.3,0.46,0.34,1.26,1.71,55,93,1.62,2.74,1.57,2.66
Elite,RSC004792,Fizzy,Bolts,Electric Mayhem,Lunar,7.7,76,4,0.581,0.5,2,2,1346,780,566,2,2,8,8,25.0%,280.4,162.5,117.9,0.42,0.42,1.67,1.67,336.5,195.0,141.5,0.5,0.5,2.0,2.0,10,8,2.08,1.67,2.5,2.0
Elite,,Yoza,Hornets,The Swarm,Solar,7.5,62,4,0.386,0.25,1,3,1258,720,538,4,0,5,7,57.1%,321.3,183.9,137.4,1.02,0.0,1.28,1.79,314.5,180.0,134.5,1.0,0.0,1.25,1.75,9,12,2.3,3.06,2.25,3.0
Elite,RSC000281,Plasmid,Ravioli Rangers,Italian Battalion,Solar,0.7,175,11,0.316,0.182,2,9,2987,1470,1517,4,4,14,17,23.5%,270.3,133.0,137.3,0.36,0.36,1.27,1.54,271.5,133.6,137.9,0.36,0.36,1.27,1.55,23,37,2.08,3.35,2.09,3.36
Elite,,Bovi,Ravioli Rangers,Italian Battalion,Solar,-2.1,75,5,0.122,0.0,0,5,1285,680,605,2,1,7,8,25.0%,271.3,143.6,127.7,0.42,0.21,1.48,1.69,257.0,136.0,121.0,0.4,0.2,1.4,1.6,4,15,0.84,3.17,0.8,3.0
Elite,RSC000369,Hexzy,Frostbite,Sub Zero,Solar,-2.9,68,4,0.5,0.75,3,1,915,460,455,1,2,3,11,9.1%,213.1,107.1,106.0,0.23,0.47,0.7,2.56,228.8,115.0,113.8,0.25,0.5,0.75,2.75,10,10,2.33,2.33,2.5,2.5
Elite,RSC002330,Jestergg,Gamma,The Wavelengths,Solar,-4.7,77,4,0.461,0.5,2,2,1245,660,585,0,2,10,6,0.0%,256.0,135.7,120.3,0.0,0.41,2.06,1.23,311.3,165.0,146.3,0.0,0.5,2.5,1.5,9,10,1.85,2.06,2.25,2.5
Elite,RSC001381,Jerdah,Kopi Luwak,The Cat Cafe,Solar,-21.3,62,4,0.1,0.0,0,4,933,360,573,0,0,6,6,0.0%,238.3,91.9,146.3,0.0,0.0,1.53,1.53,233.3,90.0,143.3,0.0,0.0,1.5,1.5,3,13,0.77,3.32,0.75,3.25
Elite,RSC000894,J,Fire,The Elements,Solar,-40.4,56,4,0.015,0.0,0,4,693,290,403,0,0,5,4,0.0%,196.0,82.0,114.0,0.0,0.0,1.41,1.13,173.3,72.5,100.8,0.0,0.0,1.25,1.0,1,15,0.28,4.24,0.25,3.75
Contender,RSC004374,Lunchbox_88X,Bowtruckles,Magical Beasts,,97.5,102,8,0.76,0.875,7,1,3228,2020,1208,12,6,5,27,44.4%,422.1,264.1,158.0,1.57,0.78,0.65,3.53,403.5,252.5,151.0,1.5,0.75,0.63,3.38,25,12,3.27,1.57,3.13,1.5
Contender,RSC001381,Jerdah,Munchkin Muffins,The Cat Cafe,,96.8,656,47,0.712,0.766,36,11,20939,12180,8759,67,37,39,168,39.9%,425.7,247.6,178.1,1.36,0.75,0.79,3.42,445.5,259.1,186.4,1.43,0.79,0.83,3.57,153,86,3.11,1.75,3.26,1.83
Contender,RSC004097,Coolbags3,The Nasty Boys,Rocket Association Wrestling,,88.6,50,4,0.634,0.75,3,1,1372,890,482,4,3,4,14,28.6%,366.0,237.4,128.6,1.07,0.8,1.07,3.73,343.0,222.5,120.5,1.0,0.75,1.0,3.5,10,7,2.67,1.87,2.5,1.75
Contender,RSC004539,Dumplingsaregod,Mothra,Kaiju,,88.1,447,34,0.579,0.618,21,13,13723,8110,5613,40,24,39,96,41.7%,409.4,242.0,167.5,1.19,0.72,1.16,2.86,403.6,238.5,165.1,1.18,0.71,1.15,2.82,94,77,2.8,2.3,2.76,2.26
Contender,RSC004568,Bushboy72,The Nasty Boys,Rocket Association Wrestling,,86.1,758,57,0.578,0.579,33,24,23473,13980,9493,76,29,60,193,39.4%,413.0,246.0,167.0,1.34,0.51,1.06,3.4,411.8,245.3,166.5,1.33,0.51,1.05,3.39,147,120,2.59,2.11,2.58,2.11
Contender,RSC004641,Yourdoomed181,Bowtruckles,Magical Beasts,,84.6,776,58,0.635,0.69,40,18,24527,13690,10837,62,27,88,174,35.6%,421.5,235.3,186.3,1.07,0.46,1.51,2.99,422.9,236.0,186.8,1.07,0.47,1.52,3.0,161,113,2.77,1.94,2.78,1.95
Contender,RSC003818,Freeix,"Bowtruckles
Thunder Buddies","Magical Beasts
Electric Mayhem",,81.2,326,26,0.519,0.538,14,12,9717,5530,4187,29,13,24,78,37.2%,397.5,226.2,171.3,1.19,0.53,0.98,3.19,373.7,212.7,161.0,1.12,0.5,0.92,3.0,63,60,2.58,2.45,2.42,2.31
Contender,RSC004452,Sleepzey,Samurai,The Sovereign,,78.4,655,51,0.677,0.725,37,14,19383,11560,7823,67,24,42,156,42.9%,394.7,235.4,159.3,1.36,0.49,0.86,3.18,380.1,226.7,153.4,1.31,0.47,0.82,3.06,140,87,2.85,1.77,2.75,1.71
Contender,,Zomby061,Ice,The Elements,,73.6,614,44,0.519,0.545,24,20,17346,10500,6846,49,18,64,150,32.7%,376.8,228.1,148.7,1.06,0.39,1.39,3.26,394.2,238.6,155.6,1.11,0.41,1.45,3.41,105,100,2.28,2.17,2.39,2.27
Contender,RSC004688,Mntnd3Wme,Teddy Bears,The Bear Den,,72.8,713,58,0.556,0.569,33,25,19729,10890,8839,46,31,66,144,31.9%,369.0,203.7,165.3,0.86,0.58,1.23,2.69,340.2,187.8,152.4,0.79,0.53,1.14,2.48,133,115,2.49,2.15,2.29,1.98
Contender,,Rlbigbrain,Boxers,Puppy Paradise,,69.1,547,42,0.458,0.429,18,24,15543,8420,7123,34,19,62,97,35.1%,379.0,205.3,173.7,0.83,0.46,1.51,2.37,370.1,200.5,169.6,0.81,0.45,1.48,2.31,87,97,2.12,2.37,2.07,2.31
Contender,RSC003598,I_Win_2681,Pomodoro,Fifty-Fifty Pizzeria,,67.4,238,18,0.354,0.389,7,11,6784,4040,2744,21,6,23,49,42.9%,380.2,226.4,153.8,1.18,0.34,1.29,2.75,376.9,224.4,152.4,1.17,0.33,1.28,2.72,37,54,2.07,3.03,2.06,3.0
Contender,RSC003851,Domtut14,"Fireworks
Darkness","The Soundtrack
The Shadows",,66.0,697,53,0.547,0.509,27,26,17530,10170,7360,50,34,41,142,35.2%,335.4,194.6,140.8,0.96,0.65,0.78,2.72,330.8,191.9,138.9,0.94,0.64,0.77,2.68,134,119,2.56,2.28,2.53,2.25
Contender,,Shark06,Dart Frogs,The Jungle,,65.7,127,10,0.442,0.4,4,6,3017,1840,1177,8,9,8,19,42.1%,316.8,193.2,123.6,0.84,0.95,0.84,2.0,301.7,184.0,117.7,0.8,0.9,0.8,1.9,27,31,2.84,3.26,2.7,3.1
Contender,RSC004699,D3Wly,Teddy Bears,The Bear Den,,64.9,687,55,0.587,0.6,33,22,18997,11110,7887,53,21,70,126,42.1%,368.8,215.7,153.1,1.03,0.41,1.36,2.45,345.4,202.0,143.4,0.96,0.38,1.27,2.29,134,107,2.6,2.08,2.44,1.95
Contender,RSC004613,Skriviere,Weasels,The Forest,,64.6,623,46,0.531,0.522,24,22,15729,9150,6579,45,27,40,130,34.6%,336.7,195.9,140.8,0.96,0.58,0.86,2.78,341.9,198.9,143.0,0.98,0.59,0.87,2.83,117,108,2.5,2.31,2.54,2.35
Contender,,The_Peskiest,Radio Waves,The Wavelengths,,63.5,729,55,0.519,0.509,28,27,19530,11770,7760,65,22,53,152,42.8%,357.3,215.3,142.0,1.19,0.4,0.97,2.78,355.1,214.0,141.1,1.18,0.4,0.96,2.76,128,122,2.34,2.23,2.33,2.22
Contender,,Ayochil1,"Thunder Buddies
The Nasty Boys","Electric Mayhem
Rocket Association Wrestling",,62.7,166,12,0.36,0.333,4,8,4249,2260,1989,9,8,14,26,34.6%,341.4,181.6,159.8,0.72,0.64,1.12,2.09,354.1,188.3,165.8,0.75,0.67,1.17,2.17,25,36,2.01,2.89,2.08,3.0
Contender,RSC003112,Thesaltylobbster,Aluminum,Metal,,62.3,836,58,0.508,0.5,29,29,21750,12420,9330,62,29,62,167,37.1%,347.0,198.1,148.8,0.99,0.46,0.99,2.66,375.0,214.1,160.9,1.07,0.5,1.07,2.88,148,145,2.36,2.31,2.55,2.5
Contender,RSC004171,Godfatherfig,Munchkin Muffins,The Cat Cafe,,62.1,694,50,0.688,0.74,37,13,17656,11160,6496,57,24,56,146,39.0%,339.3,214.5,124.8,1.1,0.46,1.08,2.81,353.1,223.2,129.9,1.14,0.48,1.12,2.92,144,86,2.77,1.65,2.88,1.72
Contender,RSC000086,Stale Popcorn,Radio Waves,The Wavelengths,,59.1,92,6,0.471,0.5,3,3,2012,1180,832,2,6,11,13,15.4%,291.7,171.1,120.6,0.29,0.87,1.59,1.88,335.3,196.7,138.7,0.33,1.0,1.83,2.17,12,13,1.74,1.88,2.0,2.17
Contender,RSC004249,Bb3Rk83,Samurai,The Sovereign,,58.6,711,56,0.655,0.679,38,18,16608,9120,7488,36,37,49,122,29.5%,311.5,171.1,140.5,0.68,0.69,0.92,2.29,296.6,162.9,133.7,0.64,0.66,0.88,2.18,152,101,2.85,1.89,2.71,1.8
Contender,RSC004099,Benpie24,"Darkness
Fireworks","The Shadows
The Soundtrack",,57.2,791,55,0.509,0.436,24,31,19560,11670,7890,54,26,69,152,35.5%,329.8,196.8,133.0,0.91,0.44,1.16,2.56,355.6,212.2,143.5,0.98,0.47,1.25,2.76,135,132,2.28,2.23,2.45,2.4
Contender,RSC004386,Fzgshadow24,Radio Waves,The Wavelengths,,56.4,426,32,0.581,0.594,19,13,9687,5390,4297,25,20,21,84,29.8%,303.3,168.7,134.5,0.78,0.63,0.66,2.63,302.7,168.4,134.3,0.78,0.63,0.66,2.63,85,69,2.66,2.16,2.66,2.16
Contender,RSC004059,Turboalpaca,Samurai,The Sovereign,,55.1,425,34,0.584,0.588,20,14,10729,6060,4669,31,14,31,71,43.7%,336.7,190.2,146.5,0.97,0.44,0.97,2.23,315.6,178.2,137.3,0.91,0.41,0.91,2.09,81,65,2.54,2.04,2.38,1.91
Contender,,Atma,Dart Frogs,The Jungle,,54.7,298,25,0.445,0.32,8,17,7536,4080,3456,15,10,33,43,34.9%,337.3,182.6,154.7,0.67,0.45,1.48,1.92,301.4,163.2,138.2,0.6,0.4,1.32,1.72,54,62,2.42,2.77,2.16,2.48
Contender,,Redwinglegendayg,Fireworks,The Soundtrack,,54.6,685,49,0.543,0.49,24,25,15767,8910,6857,38,29,48,126,30.2%,307.0,173.5,133.5,0.74,0.56,0.93,2.45,321.8,181.8,139.9,0.78,0.59,0.98,2.57,122,109,2.38,2.12,2.49,2.22
Contender,RSC004255,Avgjohnson,Darkness,The Shadows,,54.5,693,53,0.595,0.566,30,23,17274,9910,7364,53,24,45,116,45.7%,332.4,190.7,141.7,1.02,0.46,0.87,2.23,325.9,187.0,138.9,1.0,0.45,0.85,2.19,137,107,2.64,2.06,2.58,2.02
Contender,RSC004669,Mayday369,"Bowtruckles
Samurai","Magical Beasts
The Sovereign",,54.5,475,39,0.617,0.667,26,13,11321,6740,4581,33,17,34,89,37.1%,317.9,189.2,128.6,0.93,0.48,0.95,2.5,290.3,172.8,117.5,0.85,0.44,0.87,2.28,99,73,2.78,2.05,2.54,1.87
Contender,RSC003397,Uncle Chuck,Boxers,Puppy Paradise,,53.6,723,54,0.441,0.444,24,30,17479,9270,8209,40,30,54,107,37.4%,322.4,171.0,151.4,0.74,0.55,1.0,1.97,323.7,171.7,152.0,0.74,0.56,1.0,1.98,115,134,2.12,2.47,2.13,2.48
Contender,RSC004716,Brownewithnuts,"Dart Frogs
Ice","The Jungle
The Elements",,53.2,558,44,0.31,0.227,10,34,14112,7070,7042,27,16,54,87,31.0%,337.3,169.0,168.3,0.65,0.38,1.29,2.08,320.7,160.7,160.0,0.61,0.36,1.23,1.98,75,125,1.79,2.99,1.7,2.84
Contender,RSC004166,Markoyo,Aluminum,Metal,,53.0,831,57,0.513,0.509,29,28,19825,11000,8825,47,30,68,140,33.6%,318.2,176.5,141.6,0.75,0.48,1.09,2.25,347.8,193.0,154.8,0.82,0.53,1.19,2.46,147,142,2.36,2.28,2.58,2.49
Contender,,Dwse.,Darkness,The Shadows,,52.8,558,42,0.589,0.595,25,17,11885,6770,5115,27,30,32,97,27.8%,284.1,161.8,122.3,0.65,0.72,0.76,2.32,283.0,161.2,121.8,0.64,0.71,0.76,2.31,113,90,2.7,2.15,2.69,2.14
Contender,RSC004204,Kasperthepoet,Thunder Buddies,Electric Mayhem,,51.2,517,38,0.43,0.553,21,17,12087,6530,5557,23,20,49,78,29.5%,311.8,168.5,143.4,0.59,0.52,1.26,2.01,318.1,171.8,146.2,0.61,0.53,1.29,2.05,79,95,2.04,2.45,2.08,2.5
Contender,RSC002743,Kdfsjljklgjfg,Radio Waves,The Wavelengths,,49.9,631,47,0.475,0.447,21,26,14288,7720,6568,28,26,53,97,28.9%,302.0,163.2,138.8,0.59,0.55,1.12,2.05,304.0,164.3,139.7,0.6,0.55,1.13,2.06,103,110,2.18,2.32,2.19,2.34
Contender,RSC004545,Vires,Munchkin Muffins,The Cat Cafe,,47.7,601,46,0.702,0.783,36,10,13181,7660,5521,36,24,37,101,35.6%,292.5,170.0,122.5,0.8,0.53,0.82,2.24,286.5,166.5,120.0,0.78,0.52,0.8,2.2,126,72,2.8,1.6,2.74,1.57
Contender,RSC004012,Kgfan3,The Nasty Boys,Rocket Association Wrestling,,47.4,493,37,0.664,0.676,25,12,10778,6180,4598,25,20,38,78,32.1%,291.6,167.2,124.4,0.68,0.54,1.03,2.11,291.3,167.0,124.3,0.68,0.54,1.03,2.11,104,67,2.81,1.81,2.81,1.81
Contender,RSC004348,Bigpugg,"Bowtruckles
Fireworks","Magical Beasts
The Soundtrack",,46.4,649,47,0.521,0.468,22,25,14698,8000,6698,33,18,53,115,28.7%,302.0,164.4,137.6,0.68,0.37,1.09,2.36,312.7,170.2,142.5,0.7,0.38,1.13,2.45,113,107,2.32,2.2,2.4,2.28
Contender,RSC003471,Spazzy,Bowtruckles,Magical Beasts,,46.3,227,15,0.609,0.667,10,5,4795,3000,1795,14,9,15,40,35.0%,281.7,176.3,105.5,0.82,0.53,0.88,2.35,319.7,200.0,119.7,0.93,0.6,1.0,2.67,44,33,2.59,1.94,2.93,2.2
Contender,RSC004376,Missionaryjackk,Mothra,Kaiju,,46.1,634,47,0.447,0.468,22,25,15081,8610,6471,46,19,43,91,50.5%,317.2,181.1,136.1,0.97,0.4,0.9,1.91,320.9,183.2,137.7,0.98,0.4,0.91,1.94,113,129,2.38,2.71,2.4,2.74
Contender,,Rutherford The Great,Boxers,Puppy Paradise,,45.9,37,3,0.02,0.0,0,3,1006,540,466,1,0,8,4,25.0%,362.6,194.6,168.0,0.36,0.0,2.88,1.44,335.3,180.0,155.3,0.33,0.0,2.67,1.33,1,12,0.36,4.33,0.33,4.0
Contender,RSC004155,Heroes_Destiny,Mothra,Kaiju,,45.5,726,54,0.449,0.463,25,29,15512,8720,6792,31,33,60,97,32.0%,285.0,160.2,124.8,0.57,0.61,1.1,1.78,287.3,161.5,125.8,0.57,0.61,1.11,1.8,123,140,2.26,2.57,2.28,2.59
Contender,,Doomhunter,"Thunder Buddies
Dart Frogs
Pomodoro
Aluminum
Munchkin Muffins","Electric Mayhem
The Jungle
Fifty-Fifty Pizzeria
Metal
The Cat Cafe",,45.3,287,23,0.399,0.261,6,17,7452,4090,3362,20,2,31,44,45.5%,346.3,190.1,156.2,0.93,0.09,1.44,2.04,324.0,177.8,146.2,0.87,0.09,1.35,1.91,43,56,2.0,2.6,1.87,2.43
Contender,RSC004416,Emanatingshadow,Weasels,The Forest,,45.0,124,10,0.451,0.5,5,5,2708,1450,1258,3,5,15,15,20.0%,291.3,156.0,135.3,0.32,0.54,1.61,1.61,270.8,145.0,125.8,0.3,0.5,1.5,1.5,23,26,2.47,2.8,2.3,2.6
Contender,,Firefly3616,Pomodoro,Fifty-Fifty Pizzeria,,44.2,289,23,0.315,0.261,6,17,6580,3500,3080,13,9,27,40,32.5%,303.7,161.5,142.1,0.6,0.42,1.25,1.85,286.1,152.2,133.9,0.57,0.39,1.17,1.74,39,64,1.8,2.95,1.7,2.78
Contender,RSC003697,Deaththekid331,Samurai,The Sovereign,,43.6,290,21,0.742,0.762,16,5,6197,3830,2367,18,10,21,48,37.5%,285.0,176.1,108.9,0.83,0.46,0.97,2.21,295.1,182.4,112.7,0.86,0.48,1.0,2.29,67,34,3.08,1.56,3.19,1.62
Contender,RSC003927,Zacryu-Senpaii,Mothra,Kaiju,,43.3,578,42,0.426,0.452,19,23,12147,6840,5307,25,22,47,89,28.1%,280.3,157.8,122.5,0.58,0.51,1.08,2.05,289.2,162.9,126.4,0.6,0.52,1.12,2.12,96,116,2.22,2.68,2.29,2.76
Contender,RSC003978,Thenio,Weasels,The Forest,,42.9,366,26,0.434,0.423,11,15,7810,4460,3350,18,13,29,56,32.1%,284.6,162.5,122.1,0.66,0.47,1.06,2.04,300.4,171.5,128.8,0.69,0.5,1.12,2.15,59,70,2.15,2.55,2.27,2.69
Contender,,Arpxggio,Weasels,The Forest,,42.0,733,55,0.447,0.473,26,29,16757,9560,7197,47,15,58,121,38.8%,304.9,173.9,130.9,0.86,0.27,1.06,2.2,304.7,173.8,130.9,0.85,0.27,1.05,2.2,123,141,2.24,2.57,2.24,2.56
Contender,RSC004706,Avacadros,Teddy Bears,The Bear Den,,41.6,681,56,0.589,0.607,34,22,14517,7450,7067,35,27,33,95,36.8%,284.3,145.9,138.4,0.69,0.53,0.65,1.86,259.2,133.0,126.2,0.63,0.48,0.59,1.7,130,103,2.55,2.02,2.32,1.84
Contender,,Bucknekkid15,Ice,The Elements,,40.9,729,54,0.426,0.426,23,31,15305,8650,6655,40,25,45,115,34.8%,280.0,158.2,121.8,0.73,0.46,0.82,2.1,283.4,160.2,123.2,0.74,0.46,0.83,2.13,112,136,2.05,2.49,2.07,2.52
Contender,,Squirrel,Bowtruckles,Magical Beasts,,40.6,425,34,0.589,0.618,21,13,8347,4490,3857,17,23,23,49,34.7%,261.9,140.9,121.0,0.53,0.72,0.72,1.54,245.5,132.1,113.4,0.5,0.68,0.68,1.44,82,65,2.57,2.04,2.41,1.91
Contender,,Boulder,Weasels,The Forest,,40.4,539,40,0.448,0.45,18,22,11315,6730,4585,25,19,51,73,34.2%,280.0,166.5,113.4,0.62,0.47,1.26,1.81,282.9,168.3,114.6,0.63,0.48,1.28,1.83,92,105,2.28,2.6,2.3,2.63
Contender,,Shogun,Munchkin Muffins,The Cat Cafe,,40.3,462,33,0.629,0.667,22,11,8571,4690,3881,13,26,30,59,22.0%,247.4,135.4,112.0,0.38,0.75,0.87,1.7,259.7,142.1,117.6,0.39,0.79,0.91,1.79,98,70,2.83,2.02,2.97,2.12
Contender,RSC002654,Tacticalstr1Ke,Thunder Buddies,Electric Mayhem,,38.7,426,32,0.344,0.469,15,17,9468,5070,4398,19,10,42,57,33.3%,296.4,158.7,137.7,0.59,0.31,1.31,1.78,295.9,158.4,137.4,0.59,0.31,1.31,1.78,55,84,1.72,2.63,1.72,2.63
Contender,RSC004758,Array,"Thunder Buddies
Dart Frogs","Electric Mayhem
The Jungle",,36.5,75,6,0.274,0.167,1,5,1624,840,784,3,2,7,9,33.3%,288.8,149.4,139.4,0.53,0.36,1.24,1.6,270.7,140.0,130.7,0.5,0.33,1.17,1.5,11,20,1.96,3.56,1.83,3.33
Contender,,Robinchilling,"Darkness
Dart Frogs","The Shadows
The Jungle",,34.3,352,24,0.283,0.208,5,19,6764,4150,2614,14,14,33,40,35.0%,256.3,157.2,99.0,0.53,0.53,1.25,1.52,281.8,172.9,108.9,0.58,0.58,1.38,1.67,46,83,1.74,3.14,1.92,3.46
Contender,RSC004387,Runninghair,The Nasty Boys,Rocket Association Wrestling,,34.0,662,50,0.555,0.58,29,21,12350,6770,5580,28,27,34,92,30.4%,248.8,136.4,112.4,0.56,0.54,0.68,1.85,247.0,135.4,111.6,0.56,0.54,0.68,1.84,130,113,2.62,2.28,2.6,2.26
Contender,RSC004284,Get Painted.,"Thunder Buddies
Dart Frogs","Electric Mayhem
The Jungle",,33.7,609,45,0.34,0.333,15,30,12826,6950,5876,31,9,48,100,31.0%,280.9,152.2,128.7,0.68,0.2,1.05,2.19,285.0,154.4,130.6,0.69,0.2,1.07,2.22,79,122,1.73,2.67,1.76,2.71
Contender,,Kevbot-13,"Pomodoro
pomodoro
Thunder Buddies","Fifty-Fifty Pizzeria
Fifty-Fifty Pizzeria
Electric Mayhem",,33.6,507,40,0.297,0.3,12,28,10073,5120,4953,20,15,33,72,27.8%,265.0,134.7,130.3,0.53,0.39,0.87,1.89,251.8,128.0,123.8,0.5,0.38,0.83,1.8,71,122,1.87,3.21,1.78,3.05
Contender,RSC003223,Ark7000,Pomodoro,Fifty-Fifty Pizzeria,,32.5,520,41,0.331,0.293,12,29,10773,5700,5073,23,10,43,75,30.7%,276.3,146.2,130.1,0.59,0.26,1.1,1.92,262.8,139.0,123.7,0.56,0.24,1.05,1.83,72,113,1.85,2.9,1.76,2.76
Contender,RSC004597,Xxblindbeastxx,"Fireworks
Darkness","The Soundtrack
The Shadows",,31.5,419,30,0.564,0.467,14,16,8267,4600,3667,23,10,23,65,35.4%,263.1,146.4,116.7,0.73,0.32,0.73,2.07,275.6,153.3,122.2,0.77,0.33,0.77,2.17,79,67,2.51,2.13,2.63,2.23
Contender,RSC004718,Im_So_Lonely.Exe,The Nasty Boys,Rocket Association Wrestling,,30.3,330,25,0.487,0.48,12,13,6394,3630,2764,17,11,20,38,44.7%,258.4,146.7,111.7,0.69,0.44,0.81,1.54,255.8,145.2,110.6,0.68,0.44,0.8,1.52,59,61,2.38,2.47,2.36,2.44
Contender,RSC003992,Dunkmastercj123,Dart Frogs,The Jungle,,28.8,574,45,0.265,0.156,7,38,11138,5880,5258,25,15,38,73,34.2%,258.8,136.6,122.2,0.58,0.35,0.88,1.7,247.5,130.7,116.8,0.56,0.33,0.84,1.62,73,139,1.7,3.23,1.62,3.09
Contender,RSC002651,Monkeylover2219,Fireworks,The Soundtrack,,28.3,454,33,0.495,0.485,16,17,8497,4890,3607,22,16,28,49,44.9%,249.6,143.7,106.0,0.65,0.47,0.82,1.44,257.5,148.2,109.3,0.67,0.48,0.85,1.48,80,81,2.35,2.38,2.42,2.45
Contender,RSC000999,Wombat Npples,Boxers,Puppy Paradise,,26.7,628,45,0.418,0.4,18,27,12746,7190,5556,33,9,53,79,41.8%,270.7,152.7,118.0,0.7,0.19,1.13,1.68,283.2,159.8,123.5,0.73,0.2,1.18,1.76,96,119,2.04,2.53,2.13,2.64
Contender,RSC001009,Sarkasticrage,"Pomodoro
Boxers","Fifty-Fifty Pizzeria
Puppy Paradise",,26.5,648,51,0.274,0.235,12,39,12177,5770,6407,18,20,46,67,26.9%,250.6,118.8,131.9,0.37,0.41,0.95,1.38,238.8,113.1,125.6,0.35,0.39,0.9,1.31,85,157,1.75,3.23,1.67,3.08
Contender,RSC003288,Greengofantastic,Boxers,Puppy Paradise,,25.6,46,4,0.65,0.75,3,1,1064,600,464,4,0,3,5,80.0%,308.5,174.0,134.5,1.16,0.0,0.87,1.45,266.0,150.0,116.0,1.0,0.0,0.75,1.25,9,6,2.61,1.74,2.25,1.5
Contender,RSC004475,Jman787,Aluminum,Metal,,25.6,545,37,0.548,0.541,20,17,9848,5900,3948,27,14,35,75,36.0%,241.0,144.4,96.6,0.66,0.34,0.86,1.84,266.2,159.5,106.7,0.73,0.38,0.95,2.03,103,91,2.52,2.23,2.78,2.46
Contender,,Rizzosadoptedkid,Aluminum,Metal,,25.4,356,27,0.419,0.444,12,15,6588,3550,3038,15,9,23,45,33.3%,246.8,133.0,113.8,0.56,0.34,0.86,1.69,244.0,131.5,112.5,0.56,0.33,0.85,1.67,56,69,2.1,2.58,2.07,2.56
Contender,RSC001035,Charlieharley_1,"Teddy Bears
Ice","The Bear Den
The Elements",,24.1,144,10,0.326,0.4,4,6,2448,1370,1078,5,5,9,17,29.4%,226.7,126.9,99.8,0.46,0.46,0.83,1.57,244.8,137.0,107.8,0.5,0.5,0.9,1.7,18,29,1.67,2.69,1.8,2.9
Contender,RSC000654,Rocci,Ice,The Elements,,23.2,577,43,0.439,0.419,18,25,10231,5300,4931,19,18,38,60,31.7%,236.5,122.5,114.0,0.44,0.42,0.88,1.39,237.9,123.3,114.7,0.44,0.42,0.88,1.4,94,110,2.17,2.54,2.19,2.56
Contender,RSC003029,Nocturnal,Radio Waves,The Wavelengths,,22.9,555,40,0.479,0.475,19,21,9427,4940,4487,18,16,32,74,24.3%,226.5,118.7,107.8,0.43,0.38,0.77,1.78,235.7,123.5,112.2,0.45,0.4,0.8,1.85,86,91,2.07,2.19,2.15,2.28
Contender,,Cat.,Teddy Bears,The Bear Den,,20.2,46,4,0.293,0.0,0,4,804,230,574,1,2,0,3,33.3%,233.1,66.7,166.4,0.29,0.58,0.0,0.87,201.0,57.5,143.5,0.25,0.5,0.0,0.75,7,12,2.03,3.48,1.75,3.0
Contender,RSC003362,Quidditch Captn,Ice,The Elements,,19.4,436,32,0.416,0.406,13,19,7755,4270,3485,18,8,31,52,34.6%,237.2,130.6,106.6,0.55,0.24,0.95,1.59,242.3,133.4,108.9,0.56,0.25,0.97,1.63,70,87,2.14,2.66,2.19,2.72
Contender,RSC004654,Nicsmerf6,Thunder Buddies,Electric Mayhem,,18.4,22,2,0.0,0.0,0,2,429,220,209,0,0,4,2,0.0%,260.1,133.4,126.7,0.0,0.0,2.42,1.21,214.5,110.0,104.5,0.0,0.0,2.0,1.0,0,5,0.0,3.03,0.0,2.5
Contender,,Xsoulr34Per,"Bowtruckles
Pomodoro
Dart Frogs","Magical Beasts
Fifty-Fifty Pizzeria
The Jungle",,18.1,455,34,0.462,0.5,17,17,7746,4390,3356,25,6,17,74,33.8%,227.0,128.7,98.4,0.73,0.18,0.5,2.17,227.8,129.1,98.7,0.74,0.18,0.5,2.18,79,87,2.32,2.55,2.32,2.56
Contender,RSC000323,Styk75,"Boxers
Thunder Buddies","Puppy Paradise
Electric Mayhem",,15.9,561,42,0.401,0.31,13,29,9154,4360,4794,14,15,33,56,25.0%,217.6,103.7,114.0,0.33,0.36,0.78,1.33,218.0,103.8,114.1,0.33,0.36,0.79,1.33,85,110,2.02,2.62,2.02,2.62
Contender,RSC003893,Pr3V3Gaz313,Pomodoro,Fifty-Fifty Pizzeria,,5.8,43,3,0.23,0.333,1,2,666,320,346,1,1,3,2,50.0%,206.6,99.3,107.3,0.31,0.31,0.93,0.62,222.0,106.7,115.3,0.33,0.33,1.0,0.67,4,9,1.24,2.79,1.33,3.0
Contender,RSC004282,Fudansynder,Pomodoro,Fifty-Fifty Pizzeria,,0.7,55,4,0.081,0.0,0,4,756,430,326,2,0,3,8,25.0%,183.3,104.3,79.1,0.48,0.0,0.73,1.94,189.0,107.5,81.5,0.5,0.0,0.75,2.0,4,18,0.97,4.36,1.0,4.5
Challenger,,Ghostie {Mute},Saturn,Milky Way,Lunar,101.9,601,40,0.641,0.7,28,12,18317,11520,6797,52,31,68,137,38.0%,439.2,276.2,163.0,1.25,0.74,1.63,3.29,457.9,288.0,169.9,1.3,0.78,1.7,3.43,120,83,2.88,1.99,3.0,2.08
Challenger,RSC004602,Twitch.Wyxik,Dragons,Magical Beasts,Solar,90.8,66,4,0.825,1.0,4,0,1698,1180,518,5,4,6,18,27.8%,370.8,257.7,113.1,1.09,0.87,1.31,3.93,424.5,295.0,129.5,1.25,1.0,1.5,4.5,14,5,3.06,1.09,3.5,1.25
Challenger,RSC000513,Prometiumz,"Dragons
Pawberry Pancakes","Magical Beasts
The Cat Cafe",Solar,89.5,115,8,0.72,0.875,7,1,3336,2260,1076,14,3,8,31,45.2%,418.1,283.2,134.8,1.75,0.38,1.0,3.88,417.0,282.5,134.5,1.75,0.38,1.0,3.88,27,15,3.38,1.88,3.38,1.88
Challenger,RSC000331,Turtle_Supreme,Killer Bees,The Swarm,Solar,82.9,765,51,0.569,0.588,30,21,21358,13040,8318,63,32,70,164,38.4%,402.4,245.7,156.7,1.19,0.6,1.32,3.09,418.8,255.7,163.1,1.24,0.63,1.37,3.22,144,121,2.71,2.28,2.82,2.37
Challenger,,Tydzl,Squalls,Storm,Solar,81.5,701,54,0.609,0.704,38,16,19117,11320,7797,55,39,50,137,40.1%,393.0,232.7,160.3,1.13,0.8,1.03,2.82,354.0,209.6,144.4,1.02,0.72,0.93,2.54,146,111,3.0,2.28,2.7,2.06
Challenger,RSC003904,Tyyphoon454,Shock,Electric Mayhem,Lunar,81.2,864,54,0.598,0.648,35,19,23690,13550,10140,58,44,77,170,34.1%,395.2,226.0,169.1,0.97,0.73,1.28,2.84,438.7,250.9,187.8,1.07,0.81,1.43,3.15,160,124,2.67,2.07,2.96,2.3
Challenger,RSC002293,Corrupt_Arrow,Destroyah,Kaiju,Solar,80.6,852,56,0.646,0.679,38,18,22901,13510,9391,66,40,60,191,34.6%,387.4,228.5,158.9,1.12,0.68,1.01,3.23,408.9,241.3,167.7,1.18,0.71,1.07,3.41,166,113,2.81,1.91,2.96,2.02
Challenger,,Soolkj,Kraits,The Serpents,Lunar,80.5,777,53,0.466,0.453,24,29,20908,12030,8878,48,38,74,163,29.4%,387.8,223.1,164.7,0.89,0.7,1.37,3.02,394.5,227.0,167.5,0.91,0.72,1.4,3.08,121,132,2.24,2.45,2.28,2.49
Challenger,,Yuvaxx (Change),Dragons,Magical Beasts,Solar,80.2,435,28,0.702,0.75,21,7,11794,6950,4844,39,17,23,105,37.1%,390.7,230.3,160.5,1.29,0.56,0.76,3.48,421.2,248.2,173.0,1.39,0.61,0.82,3.75,93,54,3.08,1.79,3.32,1.93
Challenger,,B.Kittt,Schnauzers,Puppy Paradise,Lunar,79.4,867,58,0.615,0.621,36,22,23827,14130,9697,72,28,70,203,35.5%,396.1,234.9,161.2,1.2,0.47,1.16,3.37,410.8,243.6,167.2,1.24,0.48,1.21,3.5,151,111,2.51,1.85,2.6,1.91
Challenger,,Prismback父,Destroyah,Kaiju,Solar,78.8,223,16,0.637,0.688,11,5,5961,3850,2111,19,9,20,50,38.0%,385.2,248.8,136.4,1.23,0.58,1.29,3.23,372.6,240.6,131.9,1.19,0.56,1.25,3.13,43,30,2.78,1.94,2.69,1.88
Challenger,,Decay 333,Visible Light,The Wavelengths,Solar,75.8,811,53,0.689,0.679,36,17,21056,11930,9126,45,44,73,158,28.5%,374.2,212.0,162.2,0.8,0.78,1.3,2.81,397.3,225.1,172.2,0.85,0.83,1.38,2.98,165,99,2.93,1.76,3.11,1.87
Challenger,,Ttv. Tuueazyy,Void,The Shadows,Lunar,73.7,285,21,0.585,0.571,12,9,7257,3940,3317,19,14,14,64,29.7%,367.0,199.2,167.7,0.96,0.71,0.71,3.24,345.6,187.6,158.0,0.9,0.67,0.67,3.05,50,40,2.53,2.02,2.38,1.9
Challenger,RSC000038,Varenine,Visible Light,The Wavelengths,Solar,73.6,867,57,0.659,0.667,38,19,22506,13820,8686,67,42,66,172,39.0%,374.1,229.7,144.4,1.11,0.7,1.1,2.86,394.8,242.5,152.4,1.18,0.74,1.16,3.02,168,110,2.79,1.83,2.95,1.93
Challenger,RSC000276,Znin9,Nebulae,The Cosmos,Solar,73.2,630,42,0.39,0.357,15,27,16324,9250,7074,35,27,62,130,26.9%,373.4,211.6,161.8,0.8,0.62,1.42,2.97,388.7,220.2,168.4,0.83,0.64,1.48,3.1,83,111,1.9,2.54,1.98,2.64
Challenger,RSC004211,Lynchmeister,Angel Wings,The Soundtrack,Lunar,72.8,648,48,0.36,0.292,14,34,17532,9410,8122,36,24,68,121,29.8%,389.9,209.3,180.6,0.8,0.53,1.51,2.69,365.3,196.0,169.2,0.75,0.5,1.42,2.52,91,131,2.02,2.91,1.9,2.73
Challenger,RSC003297,Moist 10 Inch,Threshers,Shark Attack,Lunar,71.7,163,10,0.604,0.6,6,4,3940,2260,1680,8,11,12,31,25.8%,348.4,199.8,148.5,0.71,0.97,1.06,2.74,394.0,226.0,168.0,0.8,1.1,1.2,3.1,35,27,3.09,2.39,3.5,2.7
Challenger,RSC003376,Zarathustra,Steel,Metal,Lunar,69.4,601,47,0.435,0.404,19,28,15733,8860,6873,38,18,58,126,30.2%,377.3,212.5,164.8,0.91,0.43,1.39,3.02,334.7,188.5,146.2,0.81,0.38,1.23,2.68,87,103,2.09,2.47,1.85,2.19
Challenger,RSC004714,Simple,Limbo,Inferno,Solar,69.3,596,39,0.476,0.538,21,18,14645,8700,5945,34,22,56,140,24.3%,354.1,210.4,143.8,0.82,0.53,1.35,3.39,375.5,223.1,152.4,0.87,0.56,1.44,3.59,94,100,2.27,2.42,2.41,2.56
Challenger,RSC004544,Uf2,Belugas,Whale Defense,Lunar,68.2,699,51,0.447,0.471,24,27,18025,10550,7475,48,33,58,120,40.0%,371.6,217.5,154.1,0.99,0.68,1.2,2.47,353.4,206.9,146.6,0.94,0.65,1.14,2.35,111,127,2.29,2.62,2.18,2.49
Challenger,RSC001893,Cjax,"Threshers
Breadsticks","Shark Attack
Fifty-Fifty Pizzeria",Solar,67.9,325,23,0.521,0.522,12,11,8106,4700,3406,21,17,23,60,35.0%,359.5,208.4,151.0,0.93,0.75,1.02,2.66,352.4,204.3,148.1,0.91,0.74,1.0,2.61,57,54,2.53,2.39,2.48,2.35
Challenger,RSC002569,Spades,"Toucans
The Flood","The Jungle
The Monster Mash",Solar,66.6,699,50,0.485,0.44,22,28,18046,9840,8206,32,30,80,114,28.1%,372.1,202.9,169.2,0.66,0.62,1.65,2.35,360.9,196.8,164.1,0.64,0.6,1.6,2.28,99,103,2.04,2.12,1.98,2.06
Challenger,RSC002217,Debt,Penne Patrol,Italian Battalion,Solar,65.9,830,59,0.577,0.593,35,24,21606,12650,8956,58,22,82,165,35.2%,375.2,219.7,155.5,1.01,0.38,1.42,2.87,366.2,214.4,151.8,0.98,0.37,1.39,2.8,128,104,2.22,1.81,2.17,1.76
Challenger,,Reccoonn,Arctic Foxes,Polar Vortex,Lunar,65.8,546,41,0.572,0.634,26,15,14112,7570,6542,34,22,42,97,35.1%,372.5,199.8,172.7,0.9,0.58,1.11,2.56,344.2,184.6,159.6,0.83,0.54,1.02,2.37,94,78,2.48,2.06,2.29,1.9
Challenger,RSC004574,Akkina,Toucans,The Jungle,Solar,65.7,145,9,0.418,0.222,2,7,3713,2250,1463,7,7,20,20,35.0%,369.0,223.6,145.4,0.7,0.7,1.99,1.99,412.6,250.0,162.6,0.78,0.78,2.22,2.22,21,26,2.09,2.58,2.33,2.89
Challenger,RSC003747,Tr33F0Rt,Panda Bears,The Bear Den,Lunar,65.6,730,54,0.516,0.537,29,25,17367,10500,6867,45,39,52,145,31.0%,342.9,207.3,135.6,0.89,0.77,1.03,2.86,321.6,194.4,127.2,0.83,0.72,0.96,2.69,122,117,2.41,2.31,2.26,2.17
Challenger,,Phillys-_-,Killer Bees,The Swarm,Solar,65.6,635,43,0.587,0.628,27,16,15803,9120,6683,41,30,47,117,35.0%,358.7,207.0,151.7,0.93,0.68,1.07,2.66,367.5,212.1,155.4,0.95,0.7,1.09,2.72,127,102,2.88,2.31,2.95,2.37
Challenger,RSC002966,Wayward Futa,Chia Pets,As Seen on TV!,Solar,65.5,411,29,0.555,0.586,17,12,10241,5900,4341,25,21,33,70,35.7%,359.1,206.9,152.2,0.88,0.74,1.16,2.45,353.1,203.4,149.7,0.86,0.72,1.14,2.41,77,67,2.7,2.35,2.66,2.31
Challenger,RSC004638,Peltier,Squalls,Storm,Solar,65.1,291,21,0.548,0.524,11,10,6991,3800,3191,11,19,26,45,24.4%,346.2,188.2,158.0,0.54,0.94,1.29,2.23,332.9,181.0,152.0,0.52,0.9,1.24,2.14,52,46,2.58,2.28,2.48,2.19
Challenger,,Dylon37,"Shock
Dragons","Electric Mayhem
Magical Beasts",Lunar,64.3,127,7,0.661,0.714,5,2,2885,1850,1035,8,8,8,25,32.0%,327.4,209.9,117.5,0.91,0.91,0.91,2.84,412.1,264.3,147.9,1.14,1.14,1.14,3.57,26,17,2.95,1.93,3.71,2.43
Challenger,,Mr. Nuke!,Threshers,Shark Attack,Lunar,63.8,789,54,0.565,0.574,31,23,19920,11620,8300,57,30,59,147,38.8%,363.9,212.3,151.6,1.04,0.55,1.08,2.69,368.9,215.2,153.7,1.06,0.56,1.09,2.72,144,122,2.63,2.23,2.67,2.26
Challenger,,Wap Tart,"Toucans
New World Order
Breadsticks","The Jungle
Rocket Association Wrestling
Fifty-Fifty Pizzeria",Solar,63.0,522,38,0.532,0.553,21,17,12687,7220,5467,33,25,34,97,34.0%,350.3,199.3,150.9,0.91,0.69,0.94,2.68,333.9,190.0,143.9,0.87,0.66,0.89,2.55,89,82,2.46,2.26,2.34,2.16
Challenger,RSC004283,Tragic Event,Guardians of the Galaxy,The Comic Crusaders,Lunar,62.5,776,53,0.596,0.642,34,19,19568,12550,7018,72,25,52,150,48.0%,363.4,233.1,130.3,1.34,0.46,0.97,2.79,369.2,236.8,132.4,1.36,0.47,0.98,2.83,146,114,2.71,2.12,2.75,2.15
Challenger,RSC003789,Monty,Void,The Shadows,Lunar,62.4,655,44,0.633,0.523,23,21,16274,9320,6954,35,25,68,117,29.9%,358.1,205.1,153.0,0.77,0.55,1.5,2.57,369.9,211.8,158.0,0.8,0.57,1.55,2.66,121,85,2.66,1.87,2.75,1.93
Challenger,RSC002609,Lshewasntreadyl,Chia Pets,As Seen on TV!,Solar,62.0,829,56,0.512,0.536,30,26,20659,11860,8799,56,28,65,161,34.8%,359.1,206.2,153.0,0.97,0.49,1.13,2.8,368.9,211.8,157.1,1.0,0.5,1.16,2.88,137,133,2.38,2.31,2.45,2.38
Challenger,RSC003453,Cheft,Pawberry Pancakes,The Cat Cafe,Solar,61.7,613,45,0.455,0.467,21,24,15482,8940,6542,41,21,54,109,37.6%,364.0,210.2,153.8,0.96,0.49,1.27,2.56,344.0,198.7,145.4,0.91,0.47,1.2,2.42,101,113,2.37,2.66,2.24,2.51
Challenger,,The Communist Cat,Visible Light,The Wavelengths,Solar,61.3,855,56,0.672,0.679,38,18,20641,12440,8201,60,42,57,149,40.3%,347.9,209.7,138.2,1.01,0.71,0.96,2.51,368.6,222.1,146.4,1.07,0.75,1.02,2.66,171,108,2.88,1.82,3.05,1.93
Challenger,RSC004421,Rettirt,Spartans,The Sovereign,Lunar,60.7,807,53,0.556,0.585,31,22,19923,10830,9093,41,35,73,133,30.8%,355.8,193.4,162.4,0.73,0.63,1.3,2.38,375.9,204.3,171.6,0.77,0.66,1.38,2.51,131,113,2.34,2.02,2.47,2.13
Challenger,RSC003209,Doce,Kraits,The Serpents,Lunar,60.4,590,39,0.496,0.462,18,21,14638,8840,5798,37,20,62,104,35.6%,357.6,215.9,141.6,0.9,0.49,1.51,2.54,375.3,226.7,148.7,0.95,0.51,1.59,2.67,92,93,2.25,2.27,2.36,2.38
Challenger,RSC000442,Lynky,Smooth Mint,Minty Fresh,Solar,60.2,757,49,0.547,0.571,28,21,18289,10380,7909,41,35,65,128,32.0%,348.2,197.6,150.6,0.78,0.67,1.24,2.44,373.2,211.8,161.4,0.84,0.71,1.33,2.61,133,118,2.53,2.25,2.71,2.41
Challenger,RSC004394,Chis,Spartans,The Sovereign,Lunar,59.2,717,48,0.551,0.563,27,21,17703,10120,7583,41,28,69,117,35.0%,355.8,203.4,152.4,0.82,0.56,1.39,2.35,368.8,210.8,158.0,0.85,0.58,1.44,2.44,122,107,2.45,2.15,2.54,2.23
Challenger,RSC001065,Monsterbuck46,Guardians of the Galaxy,The Comic Crusaders,Lunar,59.1,692,47,0.562,0.617,29,18,16424,8840,7584,34,30,53,129,26.4%,342.1,184.1,157.9,0.71,0.62,1.1,2.69,349.4,188.1,161.4,0.72,0.64,1.13,2.74,121,103,2.52,2.15,2.57,2.19
Challenger,RSC000775,Lucky Ducky,Isopods,The Abyss,Lunar,59.0,524,36,0.548,0.583,21,15,11917,7100,4817,32,24,32,110,29.1%,327.8,195.3,132.5,0.88,0.66,0.88,3.03,331.0,197.2,133.8,0.89,0.67,0.89,3.06,95,84,2.61,2.31,2.64,2.33
Challenger,RSC003382,Whymer,Squalls,Storm,Solar,57.5,674,50,0.611,0.68,34,16,15753,9100,6653,45,27,38,135,33.3%,336.8,194.6,142.3,0.96,0.58,0.81,2.89,315.1,182.0,133.1,0.9,0.54,0.76,2.7,133,100,2.84,2.14,2.66,2.0
Challenger,RSC000685,Daturquoisorang,Squalls,Storm,Solar,57.3,719,55,0.606,0.673,37,18,17648,10130,7518,47,23,60,128,36.7%,353.7,203.0,150.7,0.94,0.46,1.2,2.57,320.9,184.2,136.7,0.85,0.42,1.09,2.33,143,109,2.87,2.18,2.6,1.98
Challenger,RSC004405,Datdude0623,Arctic Foxes,Polar Vortex,Lunar,57.3,747,54,0.523,0.556,30,24,18140,10280,7860,45,30,61,123,36.6%,350.0,198.3,151.6,0.87,0.58,1.18,2.37,335.9,190.4,145.6,0.83,0.56,1.13,2.28,124,117,2.39,2.26,2.3,2.17
Challenger,RSC002834,Clockwork7678,Metal,The Elements,Solar,57.2,688,49,0.447,0.408,20,29,16427,8990,7437,38,21,55,139,27.3%,344.1,188.3,155.8,0.8,0.44,1.15,2.91,335.2,183.5,151.8,0.78,0.43,1.12,2.84,103,118,2.16,2.47,2.1,2.41
Challenger,RSC002809,Wannabuybubbles,Dragons,Magical Beasts,Solar,57.0,571,38,0.692,0.737,28,10,13216,7950,5266,36,28,39,100,36.0%,333.6,200.7,132.9,0.91,0.71,0.98,2.52,347.8,209.2,138.6,0.95,0.74,1.03,2.63,116,69,2.93,1.74,3.05,1.82
Challenger,RSC000922,Derk,Dragons,Magical Beasts,Solar,56.9,867,57,0.621,0.649,37,20,20331,12260,8071,49,41,78,141,34.8%,338.0,203.8,134.2,0.81,0.68,1.3,2.34,356.7,215.1,141.6,0.86,0.72,1.37,2.47,171,125,2.84,2.08,3.0,2.19
Challenger,RSC001018,Ampleth3Grayman,Schnauzers,Puppy Paradise,Lunar,56.7,239,15,0.634,0.6,9,6,5286,2860,2426,10,13,15,46,21.7%,318.7,172.5,146.3,0.6,0.78,0.9,2.77,352.4,190.7,161.7,0.67,0.87,1.0,3.07,43,30,2.59,1.81,2.87,2.0
Challenger,,Rmuru-,New World Order,Rocket Association Wrestling,Lunar,56.6,53,4,0.282,0.25,1,3,1350,870,480,5,2,4,7,71.4%,367.1,236.6,130.5,1.36,0.54,1.09,1.9,337.5,217.5,120.0,1.25,0.5,1.0,1.75,8,14,2.18,3.81,2.0,3.5
Challenger,RSC004385,Braybaum02,Isopods,The Abyss,Lunar,56.3,687,48,0.626,0.646,31,17,15955,9110,6845,43,29,41,131,32.8%,334.7,191.1,143.6,0.9,0.61,0.86,2.75,332.4,189.8,142.6,0.9,0.6,0.85,2.73,132,95,2.77,1.99,2.75,1.98
Challenger,RSC003424,Fryder,Metal,The Elements,Solar,56.3,461,33,0.463,0.424,14,19,10996,6550,4446,27,19,43,75,36.0%,343.8,204.8,139.0,0.84,0.59,1.34,2.34,333.2,198.5,134.7,0.82,0.58,1.3,2.27,69,76,2.16,2.38,2.09,2.3
Challenger,RSC003830,Bradysc.,Threshers,Shark Attack,Lunar,56.2,821,56,0.562,0.571,32,24,20303,11880,8423,53,28,78,128,41.4%,356.4,208.5,147.9,0.93,0.49,1.37,2.25,362.6,212.1,150.4,0.95,0.5,1.39,2.29,151,129,2.65,2.26,2.7,2.3
Challenger,RSC001720,Superduperbam,Void,The Shadows,Lunar,56.0,809,56,0.628,0.536,30,26,19756,11750,8006,58,28,64,135,43.0%,351.9,209.3,142.6,1.03,0.5,1.14,2.4,352.8,209.8,143.0,1.04,0.5,1.14,2.41,150,107,2.67,1.91,2.68,1.91
Challenger,RSC004428,Toronto Pierson International,"Breadsticks
Void","Fifty-Fifty Pizzeria
The Shadows",Solar,55.6,208,15,0.386,0.333,5,10,5078,2790,2288,11,7,20,34,32.4%,351.8,193.3,158.5,0.76,0.49,1.39,2.36,338.5,186.0,152.5,0.73,0.47,1.33,2.27,33,44,2.29,3.05,2.2,2.93
Challenger,RSC000828,Mattviaairwaves,Isopods,The Abyss,Lunar,54.9,742,52,0.576,0.577,30,22,17157,9710,7447,43,31,50,136,31.6%,333.2,188.6,144.6,0.84,0.6,0.97,2.64,329.9,186.7,143.2,0.83,0.6,0.96,2.62,136,112,2.64,2.18,2.62,2.15
Challenger,RSC003049,Lunarxaos,Steel,Metal,Lunar,54.7,395,29,0.433,0.483,14,15,9626,5440,4186,27,14,28,64,42.2%,351.2,198.5,152.7,0.99,0.51,1.02,2.34,331.9,187.6,144.3,0.93,0.48,0.97,2.21,58,69,2.12,2.52,2.0,2.38
Challenger,RSC003815,Donkmedaddy,Panda Bears,The Bear Den,Lunar,54.4,776,58,0.543,0.569,33,25,18658,9970,8688,39,32,66,117,33.3%,346.5,185.2,161.4,0.72,0.59,1.23,2.17,321.7,171.9,149.8,0.67,0.55,1.14,2.02,132,118,2.45,2.19,2.28,2.03
Challenger,RSC004407,Rootbear,Guardians of the Galaxy,The Comic Crusaders,Lunar,54.1,838,57,0.573,0.614,35,22,19688,10960,8728,40,34,78,136,29.4%,338.6,188.5,150.1,0.69,0.58,1.34,2.34,345.4,192.3,153.1,0.7,0.6,1.37,2.39,152,126,2.61,2.17,2.67,2.21
Challenger,RSC003247,Croptopolis,Penne Patrol,Italian Battalion,Solar,54.0,746,53,0.575,0.604,32,21,17525,9730,7795,31,32,78,113,27.4%,338.6,188.0,150.6,0.6,0.62,1.51,2.18,330.7,183.6,147.1,0.58,0.6,1.47,2.13,114,93,2.2,1.8,2.15,1.75
Challenger,RSC004534,Thatepictragedy,"New World Order
Breadsticks
Icebergs","Rocket Association Wrestling
Fifty-Fifty Pizzeria
Sub Zero",Solar,53.7,767,57,0.43,0.456,26,31,18920,10610,8310,44,21,79,121,36.4%,355.5,199.4,156.1,0.83,0.39,1.48,2.27,331.9,186.1,145.8,0.77,0.37,1.39,2.12,116,139,2.18,2.61,2.04,2.44
Challenger,RSC004612,Cubetoast13,New World Order,Rocket Association Wrestling,Lunar,52.8,201,15,0.467,0.467,7,8,4979,2620,2359,14,6,12,32,43.8%,357.0,187.9,169.1,1.0,0.43,0.86,2.29,331.9,174.7,157.3,0.93,0.4,0.8,2.13,35,38,2.51,2.72,2.33,2.53
Challenger,RSC004004,Gambro,Threshers,Shark Attack,Lunar,52.7,480,33,0.539,0.515,17,16,10611,6160,4451,24,23,35,86,27.9%,318.6,185.0,133.6,0.72,0.69,1.05,2.58,321.5,186.7,134.9,0.73,0.7,1.06,2.61,85,77,2.55,2.31,2.58,2.33
Challenger,RSC004238,Tetsu,"Arctic Foxes
Threshers","Polar Vortex
Shark Attack",Lunar,52.7,615,46,0.56,0.609,28,18,14767,8190,6577,34,22,55,94,36.2%,346.0,191.9,154.1,0.8,0.52,1.29,2.2,321.0,178.0,143.0,0.74,0.48,1.2,2.04,104,89,2.44,2.09,2.26,1.93
Challenger,RSC003104,Nizzlepls,Void,The Shadows,Lunar,52.7,796,55,0.632,0.527,29,26,17803,10100,7703,46,37,44,145,31.7%,322.3,182.9,139.5,0.83,0.67,0.8,2.63,323.7,183.6,140.1,0.84,0.67,0.8,2.64,149,105,2.7,1.9,2.71,1.91
Challenger,RSC003411,Levibullrush,New World Order,Rocket Association Wrestling,Lunar,52.4,479,35,0.273,0.229,8,27,11521,6110,5411,25,16,41,76,32.9%,346.6,183.8,162.8,0.75,0.48,1.23,2.29,329.2,174.6,154.6,0.71,0.46,1.17,2.17,59,109,1.78,3.28,1.69,3.11
Challenger,RSC003900,Tryhard Goblin,Metal,The Elements,Solar,52.4,685,49,0.475,0.469,23,26,15863,8820,7043,34,30,57,107,31.8%,333.7,185.6,148.2,0.72,0.63,1.2,2.25,323.7,180.0,143.7,0.69,0.61,1.16,2.18,103,110,2.17,2.31,2.1,2.24
Challenger,RSC002580,Captainfeesh,Dragons,Magical Beasts,Solar,52.3,487,33,0.505,0.515,17,16,11297,6720,4577,32,15,37,92,34.8%,334.3,198.9,135.4,0.95,0.44,1.09,2.72,342.3,203.6,138.7,0.97,0.45,1.12,2.79,83,82,2.46,2.43,2.52,2.48
Challenger,,Beeb,Belugas,Whale Defense,Lunar,51.7,531,39,0.517,0.564,22,17,12441,7020,5421,29,23,44,77,37.7%,337.7,190.5,147.1,0.79,0.62,1.19,2.09,319.0,180.0,139.0,0.74,0.59,1.13,1.97,94,90,2.55,2.44,2.41,2.31
Challenger,RSC003040,Chung,Timber Wolves,The Forest,Solar,50.6,757,49,0.374,0.306,15,34,17978,9860,8118,43,24,63,121,35.5%,342.3,187.7,154.6,0.82,0.46,1.2,2.3,366.9,201.2,165.7,0.88,0.49,1.29,2.47,101,141,1.92,2.68,2.06,2.88
Challenger,RSC003898,Brink,Arctic Foxes,Polar Vortex,Lunar,50.2,226,15,0.384,0.4,6,9,5232,2920,2312,12,8,19,37,32.4%,333.6,186.2,147.4,0.77,0.51,1.21,2.36,348.8,194.7,154.1,0.8,0.53,1.27,2.47,31,42,1.98,2.68,2.07,2.8
Challenger,RSC000388,Dementedl,The Flood,The Monster Mash,Lunar,49.6,700,51,0.4,0.353,18,33,16196,8670,7526,34,17,62,132,25.8%,333.4,178.5,154.9,0.7,0.35,1.28,2.72,317.6,170.0,147.6,0.67,0.33,1.22,2.59,83,109,1.71,2.24,1.63,2.14
Challenger,RSC000148,Shadowvail,Schnauzers,Puppy Paradise,Lunar,48.5,627,43,0.627,0.651,28,15,14306,7980,6326,29,29,56,83,34.9%,328.8,183.4,145.4,0.67,0.67,1.29,1.91,332.7,185.6,147.1,0.67,0.67,1.3,1.93,111,79,2.55,1.82,2.58,1.84
Challenger,RSC002780,Lickadoss77,"Metal
Smooth Mint","The Elements
Minty Fresh",Solar,48.2,634,43,0.504,0.535,23,20,14540,8370,6170,38,24,48,97,39.2%,330.5,190.3,140.3,0.86,0.55,1.09,2.2,338.1,194.7,143.5,0.88,0.56,1.12,2.26,110,109,2.5,2.48,2.56,2.53
Challenger,RSC001576,Polarpandah,Angel Wings,The Soundtrack,Lunar,47.9,583,42,0.359,0.31,13,29,13363,7220,6143,27,22,51,87,31.0%,330.3,178.5,151.9,0.67,0.54,1.26,2.15,318.2,171.9,146.3,0.64,0.52,1.21,2.07,78,113,1.93,2.79,1.86,2.69
Challenger,RSC004332,Friendbrady,Nebulae,The Cosmos,Solar,47.7,627,42,0.44,0.429,18,24,14533,7630,6903,32,17,50,108,29.6%,334.0,175.4,158.7,0.74,0.39,1.15,2.48,346.0,181.7,164.4,0.76,0.4,1.19,2.57,88,103,2.02,2.37,2.1,2.45
Challenger,RSC003207,Lordhadron,Breadsticks,Fifty-Fifty Pizzeria,Solar,47.3,694,49,0.465,0.429,21,28,15482,8770,6712,32,28,62,107,29.9%,321.5,182.1,139.4,0.66,0.58,1.29,2.22,316.0,179.0,137.0,0.65,0.57,1.27,2.18,105,115,2.18,2.39,2.14,2.35
Challenger,RSC000979,Mauidestroya,Smooth Mint,Minty Fresh,Solar,47.1,77,4,0.225,0.25,1,3,1789,970,819,3,2,9,12,25.0%,334.8,181.6,153.3,0.56,0.37,1.68,2.25,447.3,242.5,204.8,0.75,0.5,2.25,3.0,6,14,1.12,2.62,1.5,3.5
Challenger,RSC002399,Mattyice,Belugas,Whale Defense,Lunar,47.1,509,41,0.478,0.488,20,21,11848,6680,5168,28,17,46,73,38.4%,335.5,189.1,146.3,0.79,0.48,1.3,2.07,289.0,162.9,126.0,0.68,0.41,1.12,1.78,86,91,2.44,2.58,2.1,2.22
Challenger,,Treedreams,Isopods,The Abyss,Lunar,46.7,548,38,0.576,0.605,23,15,12581,7440,5141,39,9,40,109,35.8%,330.9,195.7,135.2,1.03,0.24,1.05,2.87,331.1,195.8,135.3,1.03,0.24,1.05,2.87,102,84,2.68,2.21,2.68,2.21
Challenger,RSC004330,Koala!,Panda Bears,The Bear Den,Lunar,46.0,686,52,0.51,0.519,27,25,15612,8540,7072,39,25,47,104,37.5%,328.0,179.4,148.6,0.82,0.53,0.99,2.18,300.2,164.2,136.0,0.75,0.48,0.9,2.0,117,114,2.46,2.39,2.25,2.19
Challenger,RSC000194,Crzykil,Panda Bears,The Bear Den,Lunar,45.9,223,16,0.559,0.625,10,6,5005,2710,2295,12,6,16,41,29.3%,323.5,175.1,148.3,0.78,0.39,1.03,2.65,312.8,169.4,143.4,0.75,0.38,1.0,2.56,34,29,2.2,1.87,2.13,1.81
Challenger,RSC000446,Shankster,Icebergs,Sub Zero,Solar,45.5,816,59,0.331,0.322,19,40,18643,9570,9073,42,19,59,147,28.6%,329.3,169.0,160.2,0.74,0.34,1.04,2.6,316.0,162.2,153.8,0.71,0.32,1.0,2.49,101,159,1.78,2.81,1.71,2.69
Challenger,RSC000053,Its_Lost,Pawberry Pancakes,The Cat Cafe,Solar,45.2,488,36,0.462,0.472,17,19,10671,5590,5081,25,23,24,74,33.8%,315.1,165.1,150.1,0.74,0.68,0.71,2.19,296.4,155.3,141.1,0.69,0.64,0.67,2.06,80,88,2.36,2.6,2.22,2.44
Challenger,RSC002073,Ray Finkle,Chia Pets,As Seen on TV!,Solar,44.8,30,2,0.209,0.0,0,2,458,260,198,0,3,1,6,0.0%,220.0,124.9,95.1,0.0,1.44,0.48,2.88,229.0,130.0,99.0,0.0,1.5,0.5,3.0,3,7,1.44,3.36,1.5,3.5
Challenger,RSC000784,Astro,Schnauzers,Puppy Paradise,Lunar,44.4,850,57,0.609,0.614,35,22,18435,10340,8095,39,32,69,139,28.1%,312.6,175.3,137.3,0.66,0.54,1.17,2.36,323.4,181.4,142.0,0.68,0.56,1.21,2.44,146,109,2.48,1.85,2.56,1.91
Challenger,,Squart,"Killer Bees
Schnauzers","The Swarm
Puppy Paradise",Solar,44.4,71,5,0.256,0.2,1,4,1606,900,706,2,2,10,10,20.0%,326.0,182.7,143.3,0.41,0.41,2.03,2.03,321.2,180.0,141.2,0.4,0.4,2.0,2.0,10,19,2.03,3.86,2.0,3.8
Challenger,,Blue Ncs,Destroyah,Kaiju,Solar,44.1,745,48,0.608,0.646,31,17,16278,9320,6958,41,27,53,122,33.6%,314.9,180.3,134.6,0.79,0.52,1.03,2.36,339.1,194.2,145.0,0.85,0.56,1.1,2.54,139,105,2.69,2.03,2.9,2.19
Challenger,,Ashura.-,Smooth Mint,Minty Fresh,Solar,43.8,535,33,0.455,0.485,16,17,11606,7040,4566,29,22,45,79,36.7%,312.6,189.6,123.0,0.78,0.59,1.21,2.13,351.7,213.3,138.4,0.88,0.67,1.36,2.39,80,90,2.16,2.42,2.42,2.73
Challenger,RSC004065,Coop,Destroyah,Kaiju,Solar,43.7,910,60,0.629,0.667,40,20,18871,11580,7291,48,43,63,148,32.4%,298.9,183.4,115.5,0.76,0.68,1.0,2.34,314.5,193.0,121.5,0.8,0.72,1.05,2.47,174,124,2.76,1.96,2.9,2.07
Challenger,RSC003229,Boeso,Toucans,The Jungle,Solar,43.5,842,58,0.461,0.414,24,34,18180,10150,8030,42,31,60,140,30.0%,311.2,173.7,137.4,0.72,0.53,1.03,2.4,313.4,175.0,138.4,0.72,0.53,1.03,2.41,133,147,2.28,2.52,2.29,2.53
Challenger,RSC000347,Chris.,Limbo,Inferno,Solar,43.4,734,50,0.47,0.52,26,24,16162,9020,7142,35,28,61,107,32.7%,317.3,177.1,140.2,0.69,0.55,1.2,2.1,323.2,180.4,142.8,0.7,0.56,1.22,2.14,110,119,2.16,2.34,2.2,2.38
Challenger,,Reeky,Killer Bees,The Swarm,Solar,43.2,207,15,0.434,0.4,6,9,4798,2500,2298,9,7,20,25,36.0%,334.0,174.1,160.0,0.63,0.49,1.39,1.74,319.9,166.7,153.2,0.6,0.47,1.33,1.67,33,39,2.3,2.72,2.2,2.6
Challenger,RSC000713,Totoro,Chia Pets,As Seen on TV!,Solar,43.2,822,56,0.532,0.554,31,25,16835,9480,7355,33,39,57,138,23.9%,295.2,166.2,129.0,0.58,0.68,1.0,2.42,300.6,169.3,131.3,0.59,0.7,1.02,2.46,142,131,2.49,2.3,2.54,2.34
Challenger,RSC002956,Ofodo,Smooth Mint,Minty Fresh,Solar,42.8,778,51,0.479,0.49,25,26,16273,9290,6983,43,31,41,139,30.9%,301.4,172.1,129.4,0.8,0.57,0.76,2.57,319.1,182.2,136.9,0.84,0.61,0.8,2.73,127,134,2.35,2.48,2.49,2.63
Challenger,RSC004672,Jobin,Limbo,Inferno,Solar,42.5,882,60,0.463,0.517,31,29,19353,10500,8853,39,32,74,130,30.0%,316.2,171.6,144.7,0.64,0.52,1.21,2.12,322.6,175.0,147.6,0.65,0.53,1.23,2.17,129,142,2.11,2.32,2.15,2.37
Challenger,RSC000417,Twoslot,"The Flood
Toucans","The Monster Mash
The Jungle",Solar,41.7,733,50,0.367,0.28,14,36,15686,8930,6756,36,24,58,123,29.3%,308.4,175.6,132.8,0.71,0.47,1.14,2.42,313.7,178.6,135.1,0.72,0.48,1.16,2.46,104,147,2.04,2.89,2.08,2.94
Challenger,RSC000133,Sadmello,Steel,Metal,Lunar,41.5,572,44,0.386,0.364,16,28,12015,6510,5505,25,24,38,91,27.5%,302.7,164.0,138.7,0.63,0.6,0.96,2.29,273.1,148.0,125.1,0.57,0.55,0.86,2.07,81,109,2.04,2.75,1.84,2.48
Challenger,RSC003908,Veoloux,"New World Order
Breadsticks","Rocket Association Wrestling
Fifty-Fifty Pizzeria",Lunar,41.3,263,19,0.342,0.368,7,12,5710,3150,2560,9,8,29,40,22.5%,312.9,172.6,140.3,0.49,0.44,1.59,2.19,300.5,165.8,134.7,0.47,0.42,1.53,2.11,32,49,1.75,2.69,1.68,2.58
Challenger,RSC004242,Onyx On Myspace,Chia Pets,As Seen on TV!,Solar,41.2,545,37,0.473,0.486,18,19,12163,7140,5023,33,12,47,89,37.1%,321.6,188.8,132.8,0.87,0.32,1.24,2.35,328.7,193.0,135.8,0.89,0.32,1.27,2.41,82,88,2.17,2.33,2.22,2.38
Challenger,RSC003387,Redline,Belugas,Whale Defense,Lunar,41.0,673,49,0.486,0.551,27,22,14419,7840,6579,28,24,56,104,26.9%,308.8,167.9,140.9,0.6,0.51,1.2,2.23,294.3,160.0,134.3,0.57,0.49,1.14,2.12,108,112,2.31,2.4,2.2,2.29
Challenger,RSC002328,Trudsky,Arctic Foxes,Polar Vortex,Lunar,39.6,261,20,0.544,0.65,13,7,5662,3300,2362,12,9,26,35,34.3%,312.6,182.2,130.4,0.66,0.5,1.44,1.93,283.1,165.0,118.1,0.6,0.45,1.3,1.75,47,42,2.6,2.32,2.35,2.1
Challenger,RSC001002,Zar235,Saturn,Milky Way,Lunar,39.6,615,41,0.516,0.537,22,19,12603,7180,5423,29,22,42,108,26.9%,295.3,168.3,127.1,0.68,0.52,0.98,2.53,307.4,175.1,132.3,0.71,0.54,1.02,2.63,100,96,2.34,2.25,2.44,2.34
Challenger,RSC001941,Agamecp,Timber Wolves,The Forest,Solar,39.2,715,48,0.337,0.229,11,37,15181,8530,6651,27,27,70,98,27.6%,306.0,171.9,134.1,0.54,0.54,1.41,1.98,316.3,177.7,138.6,0.56,0.56,1.46,2.04,92,142,1.85,2.86,1.92,2.96
Challenger,RSC003848,Theairgerbil,Shock,Electric Mayhem,Lunar,39.1,530,35,0.574,0.6,21,14,11681,7330,4351,38,10,43,88,43.2%,317.6,199.3,118.3,1.03,0.27,1.17,2.39,333.7,209.4,124.3,1.09,0.29,1.23,2.51,91,75,2.47,2.04,2.6,2.14
Challenger,RSC002511,Moist_Games,Penne Patrol,Italian Battalion,Solar,39.0,677,46,0.597,0.63,29,17,14492,7810,6682,27,26,58,91,29.7%,308.5,166.3,142.2,0.57,0.55,1.23,1.94,315.0,169.8,145.3,0.59,0.57,1.26,1.98,108,83,2.3,1.77,2.35,1.8
Challenger,RSC002897,Vickyviksta,Shock,Electric Mayhem,Lunar,38.8,744,47,0.503,0.532,25,22,15523,9260,6263,30,30,75,101,29.7%,300.7,179.4,121.3,0.58,0.58,1.45,1.96,330.3,197.0,133.3,0.64,0.64,1.6,2.15,117,116,2.27,2.25,2.49,2.47
Challenger,RSC003856,The Dude,New World Order,Rocket Association Wrestling,Lunar,36.5,373,28,0.372,0.321,9,19,7928,4400,3528,18,11,30,55,32.7%,306.3,170.0,136.3,0.7,0.43,1.16,2.13,283.1,157.1,126.0,0.64,0.39,1.07,1.96,57,79,2.2,3.05,2.04,2.82
Challenger,RSC000337,Belial,Saturn,Milky Way,Lunar,36.5,61,4,0.259,0.0,0,4,1222,610,612,2,2,4,11,18.2%,288.7,144.1,144.6,0.47,0.47,0.95,2.6,305.5,152.5,153.0,0.5,0.5,1.0,2.75,6,12,1.42,2.84,1.5,3.0
Challenger,RSC001619,Rob,Breadsticks,Fifty-Fifty Pizzeria,Solar,34.9,751,53,0.45,0.415,22,31,16291,8590,7701,30,23,71,89,33.7%,312.6,164.8,147.8,0.58,0.44,1.36,1.71,307.4,162.1,145.3,0.57,0.43,1.34,1.68,116,132,2.23,2.53,2.19,2.49
Challenger,RSC004628,Chromium_Fire,Icebergs,Sub Zero,Solar,34.9,177,13,0.188,0.231,3,10,3882,2000,1882,6,3,20,25,24.0%,316.1,162.8,153.2,0.49,0.24,1.63,2.04,298.6,153.8,144.8,0.46,0.23,1.54,1.92,16,41,1.3,3.34,1.23,3.15
Challenger,RSC004111,Kamui_51,Pawberry Pancakes,The Cat Cafe,Solar,34.8,754,54,0.409,0.407,22,32,15133,8150,6983,31,29,49,115,27.0%,289.2,155.8,133.5,0.59,0.55,0.94,2.2,280.2,150.9,129.3,0.57,0.54,0.91,2.13,115,145,2.2,2.77,2.13,2.69
Challenger,RSC002847,Reeve-,Spartans,The Sovereign,Lunar,34.8,545,35,0.505,0.486,17,18,11265,6260,5005,28,12,38,96,29.2%,297.9,165.5,132.4,0.74,0.32,1.0,2.54,321.9,178.9,143.0,0.8,0.34,1.09,2.74,83,82,2.19,2.17,2.37,2.34
Challenger,RSC003276,Consciousprophit,Spartans,The Sovereign,Lunar,34.7,664,44,0.508,0.545,24,20,13493,7820,5673,36,17,44,117,30.8%,292.9,169.7,123.1,0.78,0.37,0.96,2.54,306.7,177.7,128.9,0.82,0.39,1.0,2.66,102,100,2.21,2.17,2.32,2.27
Challenger,RSC003498,Merioch,Saturn,Milky Way,Lunar,34.0,632,42,0.55,0.524,22,20,13274,7460,5814,34,16,46,96,35.4%,302.7,170.1,132.6,0.78,0.36,1.05,2.19,316.0,177.6,138.4,0.81,0.38,1.1,2.29,108,95,2.46,2.17,2.57,2.26
Challenger,RSC001724,Sweetnlow120,"Smooth Mint
Metal","Minty Fresh
The Elements",Solar,33.5,695,49,0.465,0.429,21,28,14517,7780,6737,26,21,64,93,28.0%,301.0,161.3,139.7,0.54,0.44,1.33,1.93,296.3,158.8,137.5,0.53,0.43,1.31,1.9,106,116,2.2,2.41,2.16,2.37
Challenger,RSC002291,Xp卿,Shock,Electric Mayhem,Lunar,33.5,629,40,0.507,0.5,20,20,12930,7570,5360,33,17,49,97,34.0%,296.3,173.4,122.8,0.76,0.39,1.12,2.22,323.3,189.3,134.0,0.83,0.43,1.23,2.43,109,107,2.5,2.45,2.73,2.68
Challenger,RSC004764,Beer96690,Saturn,Milky Way,Lunar,33.1,68,4,0.179,0.0,0,4,1226,700,526,2,4,4,10,20.0%,259.8,148.4,111.5,0.42,0.85,0.85,2.12,306.5,175.0,131.5,0.5,1.0,1.0,2.5,6,16,1.27,3.39,1.5,4.0
Challenger,RSC004424,Bigboy,Guardians of the Galaxy,The Comic Crusaders,Lunar,31.9,250,17,0.383,0.412,7,10,4704,2550,2154,6,14,19,30,20.0%,271.2,147.0,124.2,0.35,0.81,1.1,1.73,276.7,150.0,126.7,0.35,0.82,1.12,1.76,37,50,2.13,2.88,2.18,2.94
Challenger,RSC002100,Pant,Nebulae,The Cosmos,Solar,31.5,714,47,0.353,0.34,16,31,14674,7970,6704,34,18,52,107,31.8%,296.2,160.9,135.3,0.69,0.36,1.05,2.16,312.2,169.6,142.6,0.72,0.38,1.11,2.28,95,140,1.92,2.83,2.02,2.98
Challenger,RSC002515,Preflight,Penne Patrol,Italian Battalion,Solar,31.5,241,20,0.569,0.55,11,9,5120,2600,2520,12,3,17,40,30.0%,306.2,155.5,150.7,0.72,0.18,1.02,2.39,256.0,130.0,126.0,0.6,0.15,0.85,2.0,35,29,2.09,1.73,1.75,1.45
Challenger,RSC002684,Monkries,Killer Bees,The Swarm,Solar,31.3,883,60,0.53,0.55,33,27,17535,10270,7265,46,33,56,122,37.7%,286.2,167.6,118.6,0.75,0.54,0.91,1.99,292.3,171.2,121.1,0.77,0.55,0.93,2.03,164,152,2.68,2.48,2.73,2.53
Challenger,RSC001828,Zcgentry,"Saturn
New World Order
Timber Wolves","Milky Way
Rocket Association Wrestling
The Forest",Lunar,30.8,464,34,0.568,0.559,19,15,10150,5720,4430,27,8,41,57,47.4%,315.3,177.7,137.6,0.84,0.25,1.27,1.77,298.5,168.2,130.3,0.79,0.24,1.21,1.68,89,75,2.76,2.33,2.62,2.21
Challenger,RSC002846,Schrodog,Isopods,The Abyss,Lunar,30.6,28,2,0.5,0.5,1,1,627,390,237,2,0,3,4,50.0%,322.7,200.7,122.0,1.03,0.0,1.54,2.06,313.5,195.0,118.5,1.0,0.0,1.5,2.0,5,5,2.57,2.57,2.5,2.5
Challenger,RSC004664,Dadmayer,"Timber Wolves
Arctic Foxes","The Forest
Polar Vortex",Solar,27.5,379,25,0.377,0.32,8,17,7328,3970,3358,12,12,33,52,23.1%,278.7,151.0,127.7,0.46,0.46,1.25,1.98,293.1,158.8,134.3,0.48,0.48,1.32,2.08,49,68,1.86,2.59,1.96,2.72
Challenger,RSC002408,Gmoney,Steel,Metal,Lunar,27.4,733,56,0.399,0.393,22,34,14503,6840,7663,20,24,54,94,21.3%,285.1,134.5,150.7,0.39,0.47,1.06,1.85,259.0,122.1,136.8,0.36,0.43,0.96,1.68,103,134,2.03,2.63,1.84,2.39
Challenger,RSC004153,Genghizkaan,Limbo,Inferno,Solar,27.3,184,13,0.563,0.692,9,4,3928,2220,1708,11,1,16,27,40.7%,307.7,173.9,133.8,0.86,0.08,1.25,2.11,302.2,170.8,131.4,0.85,0.08,1.23,2.08,25,21,1.96,1.64,1.92,1.62
Challenger,RSC001946,Fritzoz,Angel Wings,The Soundtrack,Lunar,26.6,31,2,0.6,0.5,1,1,700,380,320,1,0,5,3,33.3%,325.4,176.7,148.8,0.46,0.0,2.32,1.39,350.0,190.0,160.0,0.5,0.0,2.5,1.5,4,3,1.86,1.39,2.0,1.5
Challenger,RSC000221,Treefrog,Toucans,The Jungle,Solar,26.0,512,36,0.438,0.361,13,23,9811,5630,4181,26,18,29,68,38.2%,276.2,158.5,117.7,0.73,0.51,0.82,1.91,272.5,156.4,116.1,0.72,0.5,0.81,1.89,83,97,2.34,2.73,2.31,2.69
Challenger,,Kyn,The Flood,The Monster Mash,Lunar,26.0,678,49,0.406,0.367,18,31,13252,6540,6712,23,15,49,104,22.1%,281.7,139.0,142.7,0.49,0.32,1.04,2.21,270.4,133.5,137.0,0.47,0.31,1.0,2.12,83,107,1.76,2.27,1.69,2.18
Challenger,RSC000545,A Hammered Hamster,Breadsticks,Fifty-Fifty Pizzeria,Solar,24.7,477,33,0.42,0.333,11,22,9060,4930,4130,20,16,30,63,31.7%,273.7,149.0,124.8,0.6,0.48,0.91,1.9,274.5,149.4,125.2,0.61,0.48,0.91,1.91,70,86,2.11,2.6,2.12,2.61
Challenger,,Flycasts,New World Order,Rocket Association Wrestling,Lunar,24.4,55,4,0.283,0.25,1,3,1214,520,694,2,0,5,7,28.6%,318.1,136.3,181.9,0.52,0.0,1.31,1.83,303.5,130.0,173.5,0.5,0.0,1.25,1.75,6,11,1.57,2.88,1.5,2.75
Challenger,RSC002108,Decebalus,Isopods,The Abyss,Lunar,24.3,54,4,0.5,0.5,2,2,940,420,520,1,3,2,7,14.3%,250.9,112.1,138.8,0.27,0.8,0.53,1.87,235.0,105.0,130.0,0.25,0.75,0.5,1.75,10,10,2.67,2.67,2.5,2.5
Challenger,RSC003298,Easytactical™️,"New World Order
Saturn","Rocket Association Wrestling
Milky Way",Lunar,23.8,145,9,0.408,0.444,4,5,2664,1680,984,5,5,15,18,27.8%,264.8,167.0,97.8,0.5,0.5,1.49,1.79,296.0,186.7,109.3,0.56,0.56,1.67,2.0,23,29,2.29,2.88,2.56,3.22
Challenger,RSC003109,Kflip11,"Limbo
Killer Bees
Angel Wings","Inferno
The Swarm
The Soundtrack",Lunar,23.6,527,39,0.307,0.282,11,28,10502,5420,5082,27,13,28,67,40.3%,287.2,148.2,139.0,0.74,0.36,0.77,1.83,269.3,139.0,130.3,0.69,0.33,0.72,1.72,71,118,1.94,3.23,1.82,3.03
Challenger,RSC002301,Raymondpart1,Timber Wolves,The Forest,Solar,21.4,691,45,0.363,0.289,13,32,12501,7110,5391,28,16,48,111,25.2%,260.7,148.3,112.4,0.58,0.33,1.0,2.32,277.8,158.0,119.8,0.62,0.36,1.07,2.47,89,128,1.86,2.67,1.98,2.84
Challenger,RSC001299,Fuzzball,Angel Wings,The Soundtrack,Lunar,21.3,565,40,0.316,0.275,11,29,10669,5340,5329,21,20,32,64,32.8%,272.1,136.2,135.9,0.54,0.51,0.82,1.63,266.7,133.5,133.2,0.53,0.5,0.8,1.6,75,122,1.91,3.11,1.88,3.05
Challenger,RSC003054,Particlect,Pawberry Pancakes,The Cat Cafe,Solar,20.2,417,31,0.346,0.226,7,24,7836,4450,3386,20,10,28,55,36.4%,270.8,153.8,117.0,0.69,0.35,0.97,1.9,252.8,143.5,109.2,0.65,0.32,0.9,1.77,59,88,2.04,3.04,1.9,2.84
Challenger,RSC003515,89Ken,Icebergs,Sub Zero,Solar,19.5,539,41,0.3,0.244,10,31,10156,4820,5336,16,14,37,67,23.9%,271.6,128.9,142.7,0.43,0.37,0.99,1.79,247.7,117.6,130.1,0.39,0.34,0.9,1.63,63,109,1.68,2.91,1.54,2.66
Challenger,,Derrrrrrrrp,Visible Light,The Wavelengths,Solar,18.7,203,14,0.394,0.357,5,9,3748,2010,1738,7,7,15,21,33.3%,266.1,142.7,123.4,0.5,0.5,1.06,1.49,267.7,143.6,124.1,0.5,0.5,1.07,1.5,33,43,2.34,3.05,2.36,3.07
Challenger,RSC004248,Musicalfoxes,Angel Wings,The Soundtrack,Lunar,18.2,276,20,0.272,0.25,5,15,5177,2420,2757,6,9,22,27,22.2%,270.3,126.4,144.0,0.31,0.47,1.15,1.41,258.9,121.0,137.9,0.3,0.45,1.1,1.35,34,63,1.78,3.29,1.7,3.15
Challenger,RSC001549,Packrat31306,Icebergs,Sub Zero,Solar,18.1,539,36,0.316,0.306,11,25,10035,5520,4515,21,10,44,72,29.2%,268.3,147.6,120.7,0.56,0.27,1.18,1.93,278.8,153.3,125.4,0.58,0.28,1.22,2.0,63,104,1.68,2.78,1.75,2.89
Challenger,RSC000759,Skiddlydiddly16,Nebulae,The Cosmos,Solar,17.3,699,46,0.321,0.304,14,32,12441,6270,6171,16,25,53,77,20.8%,256.5,129.3,127.2,0.33,0.52,1.09,1.59,270.5,136.3,134.2,0.35,0.54,1.15,1.67,85,138,1.75,2.85,1.85,3.0
Challenger,RSC002543,Tyty.,The Flood,The Monster Mash,Lunar,16.2,343,25,0.403,0.4,10,15,6316,3250,3066,11,6,28,45,24.4%,265.4,136.6,128.8,0.46,0.25,1.18,1.89,252.6,130.0,122.6,0.44,0.24,1.12,1.8,39,51,1.64,2.14,1.56,2.04
Challenger,,Rpi Lone Wolf,"Pawberry Pancakes
Limbo
Steel","The Cat Cafe
Inferno
Metal",Solar,15.6,159,12,0.189,0.083,1,11,2970,1290,1680,3,3,13,19,15.8%,269.2,116.9,152.3,0.27,0.27,1.18,1.72,247.5,107.5,140.0,0.25,0.25,1.08,1.58,13,34,1.18,3.08,1.08,2.83
Challenger,RSC002255,Wipeout,New World Order,Rocket Association Wrestling,Lunar,15.3,55,4,0.283,0.25,1,3,907,490,417,0,3,6,4,0.0%,237.7,128.4,109.3,0.0,0.79,1.57,1.05,226.8,122.5,104.3,0.0,0.75,1.5,1.0,6,11,1.57,2.88,1.5,2.75
Challenger,RSC000111,Wheelchair {Lflegs},Saturn,Milky Way,Lunar,14.3,39,4,0.324,0.5,2,2,800,340,460,1,0,4,4,25.0%,295.6,125.6,170.0,0.37,0.0,1.48,1.48,200.0,85.0,115.0,0.25,0.0,1.0,1.0,5,8,1.85,2.96,1.25,2.0
Challenger,RSC001031,Ab26Panther,Kraits,The Serpents,Lunar,13.9,830,56,0.462,0.446,25,31,14631,7880,6751,35,20,46,108,32.4%,254.0,136.8,117.2,0.61,0.35,0.8,1.88,261.3,140.7,120.6,0.63,0.36,0.82,1.93,127,140,2.21,2.43,2.27,2.5
Challenger,RSC003265,System,Saturn,Milky Way,Lunar,12.9,154,12,0.308,0.25,3,9,3170,1410,1760,4,1,17,11,36.4%,296.7,132.0,164.7,0.37,0.09,1.59,1.03,264.2,117.5,146.7,0.33,0.08,1.42,0.92,15,26,1.4,2.43,1.25,2.17
Challenger,RSC002864,Grovelove,"New World Order
Timber Wolves","Rocket Association Wrestling
The Forest",Lunar,12.9,398,29,0.278,0.241,7,22,6769,3600,3169,11,11,29,50,22.0%,245.1,130.4,114.8,0.4,0.4,1.05,1.81,233.4,124.1,109.3,0.38,0.38,1.0,1.72,50,91,1.81,3.3,1.72,3.14
Challenger,RSC000938,Nukem,"Limbo
Pawberry Pancakes","Inferno
The Cat Cafe",Solar,8.0,240,16,0.289,0.313,5,11,3840,2010,1830,8,7,11,31,25.8%,230.6,120.7,109.9,0.48,0.42,0.66,1.86,240.0,125.6,114.4,0.5,0.44,0.69,1.94,32,56,1.92,3.36,2.0,3.5
Challenger,RSC002187,Psychic_Rock,Kraits,The Serpents,Lunar,4.6,360,25,0.392,0.4,10,15,5837,2930,2907,9,7,25,43,20.9%,233.7,117.3,116.4,0.36,0.28,1.0,1.72,233.5,117.2,116.3,0.36,0.28,1.0,1.72,49,65,1.96,2.6,1.96,2.6
Challenger,RSC000317,Tylr,"Kraits
Arctic Foxes","The Serpents
Polar Vortex",Lunar,-0.3,143,8,0.238,0.125,1,7,2206,1200,1006,4,3,10,15,26.7%,222.3,120.9,101.4,0.4,0.3,1.01,1.51,275.8,150.0,125.8,0.5,0.38,1.25,1.88,17,35,1.71,3.53,2.13,4.38
Challenger,RSC004741,Losing Wifi,Dragons,Magical Beasts,Solar,-0.9,63,4,0.279,0.0,0,4,914,510,404,1,2,5,6,16.7%,209.1,116.7,92.4,0.23,0.46,1.14,1.37,228.5,127.5,101.0,0.25,0.5,1.25,1.5,11,19,2.52,4.35,2.75,4.75
Challenger,RSC004350,Saintgumbo98,Penne Patrol,Italian Battalion,Solar,-7.5,29,2,0.426,0.5,1,1,486,230,256,2,0,0,3,66.7%,241.5,114.3,127.2,0.99,0.0,0.0,1.49,243.0,115.0,128.0,1.0,0.0,0.0,1.5,5,6,2.48,2.98,2.5,3.0
Amateur,RSC004614,Bad_Example,Oncillas,The Forest,,90.1,597,54,0.792,0.796,43,11,19885,11660,8225,66,43,32,131,50.4%,383.7,225.0,158.7,1.27,0.83,0.62,2.53,368.2,215.9,152.3,1.22,0.8,0.59,2.43,185,80,3.57,1.54,3.43,1.48
Amateur,RSC004301,Fluffyninja4738,Oncillas,The Forest,,78.6,562,51,0.788,0.804,41,10,17666,10660,7006,64,31,30,121,52.9%,362.1,218.5,143.6,1.31,0.64,0.61,2.48,346.4,209.0,137.4,1.25,0.61,0.59,2.37,175,77,3.59,1.58,3.43,1.51
Amateur,,El_Trios,Dachshund,Puppy Paradise,,78.4,514,43,0.571,0.558,24,19,16088,9640,6448,52,24,40,124,41.9%,360.6,216.1,144.5,1.17,0.54,0.9,2.78,374.1,224.2,150.0,1.21,0.56,0.93,2.88,112,93,2.51,2.08,2.6,2.16
Amateur,RSC004622,Ryzor,Capybaras,The Jungle,,76.8,618,53,0.622,0.604,32,21,19702,11250,8452,59,30,52,125,47.2%,367.3,209.7,157.6,1.1,0.56,0.97,2.33,371.7,212.3,159.5,1.11,0.57,0.98,2.36,136,98,2.54,1.83,2.57,1.85
Amateur,RSC004728,Marxanity_,Nightfall,The Shadows,,75.3,495,45,0.663,0.711,32,13,14465,8020,6445,45,25,21,122,36.9%,336.7,186.7,150.0,1.05,0.58,0.49,2.84,321.4,178.2,143.2,1.0,0.56,0.47,2.71,126,82,2.93,1.91,2.8,1.82
Amateur,RSC004282,Fudansynder,"Nightfall
Hairless Hashbrowns
Oncillas
Watts","The Shadows
The Cat Cafe
The Forest
Electric Mayhem",,70.4,574,47,0.493,0.426,20,27,17118,10160,6958,56,24,42,126,44.4%,343.6,203.9,139.7,1.12,0.48,0.84,2.53,364.2,216.2,148.0,1.19,0.51,0.89,2.68,120,122,2.41,2.45,2.55,2.6
Amateur,RSC004456,Shazampoof,Oncillas,The Forest,,65.3,593,54,0.79,0.796,43,11,15872,9820,6052,51,35,35,122,41.8%,308.4,190.8,117.6,0.99,0.68,0.68,2.37,293.9,181.9,112.1,0.94,0.65,0.65,2.26,185,81,3.59,1.57,3.43,1.5
Amateur,RSC004399,Zippythegnome,Reptar,Kaiju,,64.3,538,50,0.583,0.64,32,18,14839,8020,6819,29,34,52,82,35.4%,317.8,171.7,146.0,0.62,0.73,1.11,1.76,296.8,160.4,136.4,0.58,0.68,1.04,1.64,118,95,2.53,2.03,2.36,1.9
Amateur,RSC004704,Financial Greed,"Nightfall
Castaways","The Shadows
The Soundtrack",,63.0,580,52,0.456,0.404,21,31,16780,8680,8100,46,16,42,118,39.0%,333.3,172.4,160.9,0.91,0.32,0.83,2.34,322.7,166.9,155.8,0.88,0.31,0.81,2.27,109,122,2.17,2.42,2.1,2.35
Amateur,,Slrslayer,Reptar,Kaiju,,62.3,237,21,0.629,0.667,14,7,6191,3530,2661,19,11,11,53,35.8%,300.9,171.6,129.4,0.92,0.53,0.53,2.58,294.8,168.1,126.7,0.9,0.52,0.52,2.52,51,36,2.48,1.75,2.43,1.71
Amateur,RSC003827,Calichromatic,Nightfall,The Shadows,,58.7,591,52,0.668,0.712,37,15,16197,9710,6487,56,19,39,121,46.3%,315.7,189.3,126.5,1.09,0.37,0.76,2.36,311.5,186.7,124.8,1.08,0.37,0.75,2.33,147,94,2.87,1.83,2.83,1.81
Amateur,RSC004679,Shadic148,Reptar,Kaiju,,51.8,547,50,0.567,0.64,32,18,14607,8440,6167,48,13,40,99,48.5%,307.6,177.8,129.9,1.01,0.27,0.84,2.09,292.1,168.8,123.3,0.96,0.26,0.8,1.98,118,99,2.49,2.09,2.36,1.98
Amateur,RSC002869,Exactlyzer0,"Reptar
Hairless Hashbrowns","Kaiju
The Cat Cafe",,51.5,252,24,0.508,0.5,12,12,6125,3210,2915,15,12,14,41,36.6%,280.0,146.7,133.3,0.69,0.55,0.64,1.87,255.2,133.8,121.5,0.63,0.5,0.58,1.71,49,48,2.24,2.19,2.04,2.0
Amateur,RSC004681,Speciial_Eddy,Hairless Hashbrowns,The Cat Cafe,,51.4,510,44,0.308,0.318,14,30,13233,7840,5393,44,13,36,99,44.4%,298.9,177.1,121.8,0.99,0.29,0.81,2.24,300.8,178.2,122.6,1.0,0.3,0.82,2.25,87,144,1.97,3.25,1.98,3.27
Amateur,RSC002055,Blapgaming,Capybaras,The Jungle,,50.9,219,20,0.563,0.6,12,8,4939,2600,2339,9,12,14,40,22.5%,259.8,136.8,123.0,0.47,0.63,0.74,2.1,247.0,130.0,117.0,0.45,0.6,0.7,2.0,46,39,2.42,2.05,2.3,1.95
Amateur,,Boblo Escobar,Watts,Electric Mayhem,,50.2,90,8,0.614,0.625,5,3,2055,1260,795,6,5,5,16,37.5%,263.1,161.3,101.8,0.77,0.64,0.64,2.05,256.9,157.5,99.4,0.75,0.63,0.63,2.0,24,18,3.07,2.3,3.0,2.25
Amateur,RSC004221,Shakewe8,Dachshund,Puppy Paradise,,49.0,624,53,0.528,0.528,28,25,15467,9070,6397,44,24,49,102,43.1%,285.6,167.5,118.1,0.81,0.44,0.9,1.88,291.8,171.1,120.7,0.83,0.45,0.92,1.92,131,122,2.42,2.25,2.47,2.3
Amateur,RSC004276,Dgitlsickboy,"Watts
Nightfall","Electric Mayhem
The Shadows",,48.4,568,50,0.442,0.46,23,27,14116,7510,6606,35,23,41,81,43.2%,286.3,152.3,134.0,0.71,0.47,0.83,1.64,282.3,150.2,132.1,0.7,0.46,0.82,1.62,113,131,2.29,2.66,2.26,2.62
Amateur,,K.Doughboy,Capybaras,The Jungle,,48.0,624,53,0.634,0.623,33,20,15255,8370,6885,39,21,47,107,36.4%,281.6,154.5,127.1,0.72,0.39,0.87,1.98,287.8,157.9,129.9,0.74,0.4,0.89,2.02,139,97,2.57,1.79,2.62,1.83
Amateur,,Live_Lust_Loot,Dachshund,Puppy Paradise,,45.0,550,48,0.556,0.542,26,22,12547,6650,5897,26,31,37,65,40.0%,262.8,139.3,123.5,0.54,0.65,0.78,1.36,261.4,138.5,122.9,0.54,0.65,0.77,1.35,120,104,2.51,2.18,2.5,2.17
Amateur,RSC003711,Whatisgeography,"Hairless Hashbrowns
Castaways","The Cat Cafe
The Soundtrack",,43.5,314,27,0.397,0.333,9,18,7370,3790,3580,19,10,18,49,38.8%,270.4,139.1,131.3,0.7,0.37,0.66,1.8,273.0,140.4,132.6,0.7,0.37,0.67,1.81,55,72,2.02,2.64,2.04,2.67
Amateur,RSC004247,Escorm,Capybaras,The Jungle,,39.0,492,42,0.562,0.524,22,20,10789,6390,4399,33,20,28,69,47.8%,252.6,149.6,103.0,0.77,0.47,0.66,1.62,256.9,152.1,104.7,0.79,0.48,0.67,1.64,99,84,2.32,1.97,2.36,2.0
Amateur,RSC000466,Underbreadbore,"Castaways
Watts","The Soundtrack
Electric Mayhem",,38.4,680,54,0.367,0.333,18,36,15509,8140,7369,33,18,59,99,33.3%,262.8,137.9,124.8,0.56,0.3,1.0,1.68,287.2,150.7,136.5,0.61,0.33,1.09,1.83,111,158,1.88,2.68,2.06,2.93
Amateur,RSC004550,Scoopsig,Reptar,Kaiju,,38.3,171,16,0.333,0.438,7,9,4308,2370,1938,14,2,13,22,63.6%,290.2,159.7,130.6,0.94,0.13,0.88,1.48,269.3,148.1,121.1,0.88,0.13,0.81,1.38,32,49,2.16,3.3,2.0,3.06
Amateur,RSC003335,Xeaglex20X,Castaways,The Soundtrack,,33.8,642,54,0.325,0.259,14,40,14178,7600,6578,27,17,65,80,33.8%,254.4,136.4,118.0,0.48,0.31,1.17,1.44,262.6,140.7,121.8,0.5,0.31,1.2,1.48,93,150,1.67,2.69,1.72,2.78
Amateur,RSC004234,Cbhiphop77,"Hairless Hashbrowns
Reptar","The Cat Cafe
Kaiju",,30.0,314,27,0.225,0.222,6,21,6657,2850,3807,6,7,31,35,17.1%,244.2,104.6,139.7,0.22,0.26,1.14,1.28,246.6,105.6,141.0,0.22,0.26,1.15,1.3,37,83,1.36,3.05,1.37,3.07
Amateur,RSC000146,Ethrealdoom,Hairless Hashbrowns,The Cat Cafe,,25.0,265,23,0.212,0.217,5,18,4702,2000,2702,9,8,7,35,25.7%,204.4,86.9,117.5,0.39,0.35,0.3,1.52,204.4,87.0,117.5,0.39,0.35,0.3,1.52,40,89,1.74,3.87,1.74,3.87
Amateur,RSC004327,Savageweaponx,Watts,Electric Mayhem,,24.8,317,26,0.333,0.231,6,20,5828,3160,2668,15,11,15,36,41.7%,211.8,114.8,97.0,0.55,0.4,0.55,1.31,224.2,121.5,102.6,0.58,0.42,0.58,1.38,55,85,2.0,3.09,2.12,3.27
Amateur,,Spiperwolf,Hairless Hashbrowns,The Cat Cafe,,22.5,112,8,0.5,0.5,4,4,1987,1260,727,6,3,7,16,37.5%,204.4,129.6,74.8,0.62,0.31,0.72,1.65,248.4,157.5,90.9,0.75,0.38,0.88,2.0,19,19,1.95,1.95,2.38,2.38
Amateur,RSC003968,Shootzy,Castaways,The Soundtrack,,18.2,604,51,0.329,0.255,13,38,10227,5510,4717,21,19,37,61,34.4%,195.1,105.1,90.0,0.4,0.36,0.71,1.16,200.5,108.0,92.5,0.41,0.37,0.73,1.2,92,146,1.75,2.78,1.8,2.86
Amateur,RSC004631,Benearlweber,Oncillas,The Forest,,18.0,60,6,0.442,0.5,3,3,1084,490,594,4,0,0,9,44.4%,208.1,94.1,114.1,0.77,0.0,0.0,1.73,180.7,81.7,99.0,0.67,0.0,0.0,1.5,13,15,2.5,2.88,2.17,2.5
Amateur,RSC004693,Ihavehalfhp,Nightfall,The Shadows,,16.9,96,7,0.696,0.714,5,2,1550,910,640,4,3,5,11,36.4%,186.0,109.2,76.8,0.48,0.36,0.6,1.32,221.4,130.0,91.4,0.57,0.43,0.71,1.57,21,12,2.52,1.44,3.0,1.71
Amateur,RSC000961,Mbolt05,Dachshund,Puppy Paradise,,16.7,238,21,0.317,0.429,9,12,4268,2190,2078,11,4,13,24,45.8%,206.6,106.0,100.6,0.53,0.19,0.63,1.16,203.2,104.3,99.0,0.52,0.19,0.62,1.14,36,59,1.74,2.86,1.71,2.81
Amateur,RSC004497,Froznferret,"Watts
Hairless Hashbrowns","Electric Mayhem
The Cat Cafe",,14.8,277,24,0.165,0.125,3,21,4740,2220,2520,8,5,18,27,29.6%,197.1,92.3,104.8,0.33,0.21,0.75,1.12,197.5,92.5,105.0,0.33,0.21,0.75,1.13,35,95,1.46,3.95,1.46,3.96
Amateur,RSC004625,Cbsq,Watts,Electric Mayhem,,11.8,194,16,0.167,0.125,2,14,3036,1370,1666,7,3,6,22,31.8%,180.3,81.4,98.9,0.42,0.18,0.36,1.31,189.8,85.6,104.1,0.44,0.19,0.38,1.38,23,63,1.37,3.74,1.44,3.94
Amateur,RSC004298,Attack3432,Castaways,The Soundtrack,,6.4,72,5,0.213,0.2,1,4,1226,790,436,2,1,10,4,50.0%,196.2,126.4,69.8,0.32,0.16,1.6,0.64,245.2,158.0,87.2,0.4,0.2,2.0,0.8,7,17,1.12,2.72,1.4,3.4
Amateur,RSC000083,Mintie,"Watts
Hairless Hashbrowns","Electric Mayhem
The Cat Cafe",,1.7,260,22,0.167,0.136,3,19,3205,1580,1625,6,8,8,18,33.3%,142.0,70.0,72.0,0.27,0.35,0.35,0.8,145.7,71.8,73.9,0.27,0.36,0.36,0.82,33,89,1.46,3.94,1.5,4.05
Amateur,RSC003786,Meanstoner,Hairless Hashbrowns,The Cat Cafe,,-2.0,147,13,0.191,0.231,3,10,1949,810,1139,2,1,9,11,18.2%,152.7,63.5,89.3,0.16,0.08,0.71,0.86,149.9,62.3,87.6,0.15,0.08,0.69,0.85,16,41,1.25,3.21,1.23,3.15
