Tier,RSC ID,Player Name,Team(s),Franchise(s),Conference,SBV,TS,GP,PWE,WP,W,L,P,SP,NP,G,A,Sv,S,S%,P/A,SP/A,NP/A,G/A,A/A,Sv/A,S/A,P/G,SP/G,NP/G,G/G,A/G,Sv/G,S/G,tm_G,opp_G,tm_G/A,opp_G/A,tm_G/G,opp_G/G
Veteran,RSC005070,Burgoid,King Ghidorah,Kaiju,Solar,125.9,81,4,0.764,0.75,3,1,2831,1880,951,12,2,7,23,52.20%,531,352.6,178.4,2.25,0.38,1.31,4.31,707.8,470,237.8,3,0.5,1.75,5.75,17,8,3.19,1.5,4.25,2
Veteran,RSC001196,Chuckles,Blue Angels,Warbirds,Lunar,94.7,807,54,0.628,0.611,33,21,22680,13490,9190,55,55,74,154,35.70%,427,254,173,1.04,1.04,1.39,2.9,420,249.8,170.2,1.02,1.02,1.37,2.85,152,109,2.86,2.05,2.81,2.02
Veteran,RSC002425,Kourses,Anger,Inferno,Solar,90.5,487,33,0.705,0.727,24,9,14226,8280,5946,45,17,37,108,41.70%,443.8,258.3,185.5,1.4,0.53,1.15,3.37,431.1,250.9,180.2,1.36,0.52,1.12,3.27,105,61,3.28,1.9,3.18,1.85
Veteran,RSC000030,Adeadm0053,Arctic Wolves,Sub Zero,Solar,89.2,910,62,0.552,0.565,35,27,26253,14860,11393,59,39,103,186,31.70%,438.3,248.1,190.2,0.98,0.65,1.72,3.11,423.4,239.7,183.8,0.95,0.63,1.66,3,142,124,2.37,2.07,2.29,2
Veteran,RSC001181,Capital,Fantastic Four,The Comic Crusaders,Lunar,81.4,956,63,0.583,0.635,40,23,25965,15760,10205,69,44,95,191,36.10%,412.6,250.4,162.2,1.1,0.7,1.51,3.04,412.1,250.2,162,1.1,0.7,1.51,3.03,166,134,2.64,2.13,2.63,2.13
Veteran,RSC004317,Icye,"Lightning
King Ghidorah","Electric Mayhem
Kaiju",Lunar,79.3,683,44,0.57,0.614,27,17,18372,10890,7482,57,25,49,149,38.30%,408.6,242.2,166.4,1.27,0.56,1.09,3.31,417.5,247.5,170,1.3,0.57,1.11,3.39,114,95,2.54,2.11,2.59,2.16
Veteran,RSC003134,Kouki,Anger,Inferno,Solar,78.3,870,57,0.556,0.596,34,23,22518,13660,8858,47,49,97,166,28.30%,393.2,238.5,154.7,0.82,0.86,1.69,2.9,395.1,239.6,155.4,0.82,0.86,1.7,2.91,152,132,2.65,2.3,2.67,2.32
Veteran,RSC003360,Flossy,Cobras,The Serpents,Lunar,74.9,919,61,0.674,0.656,40,21,23128,14120,9008,68,41,65,202,33.70%,382.3,233.4,148.9,1.12,0.68,1.07,3.34,379.1,231.5,147.7,1.11,0.67,1.07,3.31,185,117,3.06,1.93,3.03,1.92
Veteran,RSC004001,Weluvyouzion,Taurus,The N Ξ X U S,Solar,74.9,137,10,0.447,0.5,5,5,3672,2050,1622,7,8,15,20,35.00%,407.2,227.3,179.9,0.78,0.89,1.66,2.22,367.2,205,162.2,0.7,0.8,1.5,2,21,24,2.33,2.66,2.1,2.4
Veteran,RSC002477,Ty (Arcus),Makos,Shark Attack,Lunar,74.8,930,64,0.611,0.578,37,27,23878,13680,10198,61,41,72,193,31.60%,390.1,223.5,166.6,1,0.67,1.18,3.15,373.1,213.8,159.3,0.95,0.64,1.13,3.02,162,121,2.65,1.98,2.53,1.89
Veteran,RSC004196,Keylesscreature,Seadevils,The Abyss,Lunar,71.5,736,49,0.607,0.612,30,19,18520,10690,7830,44,37,61,139,31.70%,382.3,220.7,161.6,0.91,0.76,1.26,2.87,378,218.2,159.8,0.9,0.76,1.24,2.84,138,105,2.85,2.17,2.82,2.14
Veteran,RSC000875,Wüsten,"Xenomorphs
Centaurs","The Monster Mash
The Forest",Lunar,70.8,681,45,0.493,0.511,23,22,17319,9340,7979,35,31,60,129,27.10%,386.4,208.4,178,0.78,0.69,1.34,2.88,384.9,207.6,177.3,0.78,0.69,1.33,2.87,110,112,2.45,2.5,2.44,2.49
Veteran,RSC004766,Virrexo,Xenomorphs,The Monster Mash,Lunar,69.9,390,27,0.425,0.37,10,17,10005,5540,4465,25,14,31,79,31.60%,389.7,215.8,173.9,0.97,0.55,1.21,3.08,370.6,205.2,165.4,0.93,0.52,1.15,2.93,57,69,2.22,2.69,2.11,2.56
Veteran,RSC000158,Gillz,Yellow Jackets,The Swarm,Solar,69.3,136,8,0.576,0.375,3,5,3494,2370,1124,14,5,9,27,51.90%,390.3,264.7,125.6,1.56,0.56,1.01,3.02,436.8,296.3,140.5,1.75,0.63,1.13,3.38,30,25,3.35,2.79,3.75,3.13
Veteran,RSC000073,Nighthawk,Cobras,The Serpents,Lunar,68.5,781,51,0.65,0.647,33,18,19846,11740,8106,57,36,57,139,41.00%,386,228.4,157.7,1.11,0.7,1.11,2.7,389.1,230.2,158.9,1.12,0.71,1.12,2.73,155,105,3.02,2.04,3.04,2.06
Veteran,RSC000886,Blue Eyes Thunder Thighs,Typhoons,Storm,Solar,68.2,896,63,0.491,0.508,32,31,23527,13240,10287,53,35,93,154,34.40%,398.9,224.5,174.4,0.9,0.59,1.58,2.61,373.4,210.2,163.3,0.84,0.56,1.48,2.44,131,134,2.22,2.27,2.08,2.13
Veteran,RSC003762,Scorch,Makos,Shark Attack,Lunar,67.5,930,64,0.611,0.578,37,27,23195,13550,9645,66,33,67,195,33.80%,378.9,221.3,157.6,1.08,0.54,1.09,3.19,362.4,211.7,150.7,1.03,0.52,1.05,3.05,162,121,2.65,1.98,2.53,1.89
Veteran,RSC004224,Dreemr,"Centaurs
Xenomorphs","The Forest
The Monster Mash",Lunar,67.4,264,18,0.328,0.278,5,13,6549,3570,2979,14,11,22,52,26.90%,376.9,205.4,171.4,0.81,0.63,1.27,2.99,363.8,198.3,165.5,0.78,0.61,1.22,2.89,33,52,1.9,2.99,1.83,2.89
Veteran,RSC001592,Qudron,Humpbacks,Whale Defense,Solar,66.8,885,56,0.572,0.589,33,23,21918,12580,9338,55,39,69,168,32.70%,376.2,215.9,160.3,0.94,0.67,1.18,2.88,391.4,224.6,166.8,0.98,0.7,1.23,3,147,122,2.52,2.09,2.63,2.18
Veteran,,Panick,Cobras,The Serpents,Lunar,66.7,841,56,0.724,0.696,39,17,20351,12200,8151,50,46,68,150,33.30%,367.6,220.4,147.2,0.9,0.83,1.23,2.71,363.4,217.9,145.6,0.89,0.82,1.21,2.68,175,95,3.16,1.72,3.13,1.7
Veteran,RSC005008,Dan.,Typhoons,Storm,Solar,66.5,219,16,0.532,0.625,10,6,5481,3090,2391,12,10,20,39,30.80%,380.2,214.4,165.9,0.83,0.69,1.39,2.71,342.6,193.1,149.4,0.75,0.63,1.25,2.44,39,36,2.71,2.5,2.44,2.25
Veteran,RSC004212,Glitchfire;,"Titanium
Werewolves
X-ray","Metal
The Bestiary
The Wavelengths",Solar,66.5,709,44,0.452,0.477,21,23,17746,10110,7636,39,26,70,141,27.70%,380.2,216.6,163.6,0.84,0.56,1.5,3.02,403.3,229.8,173.5,0.89,0.59,1.59,3.2,107,121,2.29,2.59,2.43,2.75
Veteran,RSC003113,Nebulade,Linguini Lancers,Italian Battalion,Lunar,66.1,961,60,0.58,0.583,35,25,23076,13390,9686,55,54,70,169,32.50%,364.8,211.7,153.1,0.87,0.85,1.11,2.67,384.6,223.2,161.4,0.92,0.9,1.17,2.82,166,135,2.62,2.13,2.77,2.25
Veteran,RSC004090,Likewisse,Werewolves,The Bestiary,Lunar,65.8,921,59,0.416,0.458,27,32,23730,13780,9950,73,28,66,178,41.00%,391.4,227.3,164.1,1.2,0.46,1.09,2.94,402.2,233.6,168.6,1.24,0.47,1.12,3.02,146,180,2.41,2.97,2.47,3.05
Veteran,RSC004913,Pizzly,Lynx,Polar Vortex,Lunar,65.1,333,22,0.564,0.5,11,11,8147,4520,3627,20,15,23,62,32.30%,371.7,206.2,165.5,0.91,0.68,1.05,2.83,370.3,205.5,164.9,0.91,0.68,1.05,2.82,51,43,2.33,1.96,2.32,1.95
Veteran,RSC002600,Taskhetto,Water,The Elements,Solar,63.9,699,43,0.437,0.419,18,25,17185,9680,7505,36,34,64,118,30.50%,373.5,210.4,163.1,0.78,0.74,1.39,2.56,399.7,225.1,174.5,0.84,0.79,1.49,2.74,102,120,2.22,2.61,2.37,2.79
Veteran,RSC002706,Zarthon77,Water,The Elements,Solar,63.9,57,4,0.542,0.5,2,2,1284,820,464,4,3,3,12,33.30%,342.2,218.5,123.7,1.07,0.8,0.8,3.2,321,205,116,1,0.75,0.75,3,10,9,2.67,2.4,2.5,2.25
Veteran,RSC000519,Bovi,Blue Angels,Warbirds,Lunar,63.9,798,53,0.56,0.509,27,26,19521,11430,8091,57,28,54,163,35.00%,371.6,217.6,154,1.09,0.53,1.03,3.1,368.3,215.7,152.7,1.08,0.53,1.02,3.08,143,123,2.72,2.34,2.7,2.32
Veteran,RSC003380,Revan,Supernova,The Cosmos,Solar,63.5,794,55,0.537,0.545,30,25,19335,10660,8675,40,39,67,136,29.40%,369.9,204,166,0.77,0.75,1.28,2.6,351.5,193.8,157.7,0.73,0.71,1.22,2.47,132,120,2.53,2.3,2.4,2.18
Veteran,RSC000507,Moondog,Humpbacks,Whale Defense,Solar,63.4,965,62,0.552,0.548,34,28,23748,14190,9558,65,37,80,184,35.30%,373.9,223.4,150.5,1.02,0.58,1.26,2.9,383,228.9,154.2,1.05,0.6,1.29,2.97,161,141,2.53,2.22,2.6,2.27
Veteran,RSC002437,Critical,Werewolves,The Bestiary,Lunar,62.7,748,47,0.455,0.489,23,24,17525,10510,7015,46,31,56,156,29.50%,355.9,213.5,142.5,0.93,0.63,1.14,3.17,372.9,223.6,149.3,0.98,0.66,1.19,3.32,129,144,2.62,2.92,2.74,3.06
Veteran,RSC000254,Keiko,Seadevils,The Abyss,Lunar,62.2,871,57,0.579,0.579,33,24,22405,13800,8605,65,30,87,145,44.80%,390.8,240.7,150.1,1.13,0.52,1.52,2.53,393.1,242.1,151,1.14,0.53,1.53,2.54,160,131,2.79,2.28,2.81,2.3
Veteran,RSC004198,Dr. Cereal,Hart Foundation,Rocket Association Wrestling,Lunar,62.1,891,59,0.5,0.508,30,29,22263,12230,10033,41,37,96,148,27.70%,379.6,208.5,171.1,0.7,0.63,1.64,2.52,377.3,207.3,170.1,0.69,0.63,1.63,2.51,126,126,2.15,2.15,2.14,2.14
Veteran,RSC003895,Gga Astro,Water,The Elements,Solar,61.7,47,3,0.67,1,3,0,1052,630,422,3,1,3,13,23.10%,340,203.6,136.4,0.97,0.32,0.97,4.2,350.7,210,140.7,1,0.33,1,4.33,8,5,2.59,1.62,2.67,1.67
Veteran,RSC003895,Gga Astro,Water,The Elements,Solar,61.7,47,3,0.67,1,3,0,1052,630,422,3,1,3,13,23.10%,340,203.6,136.4,0.97,0.32,0.97,4.2,350.7,210,140.7,1,0.33,1,4.33,8,5,2.59,1.62,2.67,1.67
Veteran,RSC002615,Gman,Linguini Lancers,Italian Battalion,Lunar,60.3,828,52,0.576,0.577,30,22,20008,11960,8048,54,33,68,151,35.80%,367.1,219.4,147.7,0.99,0.61,1.25,2.77,384.8,230,154.8,1.04,0.63,1.31,2.9,139,114,2.55,2.09,2.67,2.19
Veteran,RSC003785,Sagents,Mastiffs,Puppy Paradise,Lunar,59.9,822,54,0.452,0.5,27,27,19867,11420,8447,40,33,86,147,27.20%,367.2,211.1,156.1,0.74,0.61,1.59,2.72,367.9,211.5,156.4,0.74,0.61,1.59,2.72,113,128,2.09,2.37,2.09,2.37
Veteran,RSC002473,Zdawg2020Dec,Linguini Lancers,Italian Battalion,Lunar,59.8,444,28,0.571,0.536,15,13,10327,6040,4287,23,20,38,84,27.40%,353.3,206.7,146.7,0.79,0.68,1.3,2.87,368.8,215.7,153.1,0.82,0.71,1.36,3,78,65,2.67,2.22,2.79,2.32
Veteran,RSC005042,Jer :),Fuzz,Rock FX,Lunar,59.5,710,49,0.554,0.612,30,19,17113,9410,7703,38,31,57,121,31.40%,366.2,201.3,164.8,0.81,0.66,1.22,2.59,349.2,192,157.2,0.78,0.63,1.16,2.47,125,109,2.67,2.33,2.55,2.22
Veteran,RSC001141,Bill3113,Fantastic Four,The Comic Crusaders,Lunar,59.5,866,58,0.603,0.638,37,21,21063,12800,8263,60,35,71,150,40.00%,369.5,224.5,145,1.05,0.61,1.25,2.63,363.2,220.7,142.5,1.03,0.6,1.22,2.59,154,118,2.7,2.07,2.66,2.03
Veteran,RSC004863,Wicked,Ballycastle Bats,Quidditch League,Solar,58.8,723,45,0.602,0.644,29,16,17102,9930,7172,41,34,58,123,33.30%,359.4,208.7,150.7,0.86,0.71,1.22,2.58,380,220.7,159.4,0.91,0.76,1.29,2.73,124,95,2.61,2,2.76,2.11
Veteran,RSC004225,Jackk,Yellow Jackets,The Swarm,Solar,58.6,763,49,0.564,0.531,26,23,18116,10350,7766,41,41,61,115,35.70%,360.7,206.1,154.6,0.82,0.82,1.21,2.29,369.7,211.2,158.5,0.84,0.84,1.24,2.35,133,113,2.65,2.25,2.71,2.31
Veteran,RSC000038,Varenine,X-ray,The Wavelengths,Solar,58.5,64,4,0.247,0,0,4,1411,860,551,4,4,3,11,36.40%,334.9,204.1,130.8,0.95,0.95,0.71,2.61,352.8,215,137.8,1,1,0.75,2.75,10,19,2.37,4.51,2.5,4.75
Veteran,RSC000038,Varenine,X-ray,The Wavelengths,Solar,58.5,64,4,0.247,0,0,4,1411,860,551,4,4,3,11,36.40%,334.9,204.1,130.8,0.95,0.95,0.71,2.61,352.8,215,137.8,1,1,0.75,2.75,10,19,2.37,4.51,2.5,4.75
Veteran,RSC000438,Limon,Peppermint,Minty Fresh,Solar,58.1,968,62,0.5,0.516,32,30,23162,12830,10332,54,27,82,198,27.30%,363.5,201.4,162.2,0.85,0.42,1.29,3.11,373.6,206.9,166.6,0.87,0.44,1.32,3.19,143,143,2.24,2.24,2.31,2.31
Veteran,RSC002453,Ghostie,"Seadevils
Lynx
Calzones","The Abyss
Polar Vortex
Fifty-Fifty Pizzeria",Lunar,57.6,253,17,0.684,0.765,13,4,5917,3430,2487,15,12,18,43,34.90%,355.3,206,149.3,0.9,0.72,1.08,2.58,348.1,201.8,146.3,0.88,0.71,1.06,2.53,52,32,3.12,1.92,3.06,1.88
Veteran,RSC003178,Snack Time!,Fuzz,Rock FX,Lunar,56.5,722,51,0.493,0.529,27,24,17506,9600,7906,42,25,58,125,33.60%,368.4,202,166.4,0.88,0.53,1.22,2.63,343.3,188.2,155,0.82,0.49,1.14,2.45,117,119,2.46,2.5,2.29,2.33
Veteran,RSC001482,Mered4,Lynx,Polar Vortex,Lunar,56.1,874,58,0.463,0.431,25,33,20875,11730,9145,44,32,84,153,28.80%,362.8,203.9,159,0.76,0.56,1.46,2.66,359.9,202.2,157.7,0.76,0.55,1.45,2.64,129,142,2.24,2.47,2.22,2.45
Veteran,RSC003043,Torque,Calzones,Fifty-Fifty Pizzeria,Solar,56,513,35,0.464,0.486,17,18,12498,6680,5818,23,19,52,83,27.70%,370.1,197.8,172.3,0.68,0.56,1.54,2.46,357.1,190.9,166.2,0.66,0.54,1.49,2.37,72,79,2.13,2.34,2.06,2.26
Veteran,RSC000579,Crypt_Rl,"Peppermint
Calzones","Minty Fresh
Fifty-Fifty Pizzeria",Solar,56,824,57,0.557,0.561,32,25,19698,10970,8728,46,33,67,137,33.60%,363.2,202.3,160.9,0.85,0.61,1.24,2.53,345.6,192.5,153.1,0.81,0.58,1.18,2.4,129,111,2.38,2.05,2.26,1.95
Veteran,RSC003378,Reyn,Fuzz,Rock FX,Lunar,55.5,607,41,0.543,0.537,22,19,14034,8140,5894,40,21,38,119,33.60%,351.2,203.7,147.5,1,0.53,0.95,2.98,342.3,198.5,143.8,0.98,0.51,0.93,2.9,106,95,2.65,2.38,2.59,2.32
Veteran,RSC000981,Mario,Taurus,The N Ξ X U S,Solar,55.2,670,46,0.411,0.413,19,27,16150,9170,6980,45,22,48,117,38.50%,366.2,207.9,158.3,1.02,0.5,1.09,2.65,351.1,199.3,151.7,0.98,0.48,1.04,2.54,105,131,2.38,2.97,2.28,2.85
Veteran,RSC002892,Nickm,Ballycastle Bats,Quidditch League,Solar,55.1,857,52,0.589,0.596,31,21,19022,11890,7132,49,41,67,159,30.80%,337.2,210.8,126.4,0.87,0.73,1.19,2.82,365.8,228.7,137.2,0.94,0.79,1.29,3.06,144,114,2.55,2.02,2.77,2.19
Veteran,RSC004586,Young Jay.,Hart Foundation,Rocket Association Wrestling,Lunar,54.9,586,38,0.509,0.5,19,19,13879,7630,6249,36,19,40,108,33.30%,359.8,197.8,162,0.93,0.49,1.04,2.8,365.2,200.8,164.4,0.95,0.5,1.05,2.84,89,87,2.31,2.26,2.34,2.29
Veteran,RSC004858,Meatrius,Titanium,Metal,Solar,54.7,754,48,0.56,0.583,28,20,18468,10470,7998,41,25,78,122,33.60%,372.1,211,161.1,0.83,0.5,1.57,2.46,384.8,218.1,166.6,0.85,0.52,1.63,2.54,117,100,2.36,2.01,2.44,2.08
Veteran,RSC003427,Fineapple,Supernova,The Cosmos,Solar,54.6,874,61,0.554,0.574,35,26,20904,11460,9444,42,34,83,141,29.80%,363.4,199.2,164.2,0.73,0.59,1.44,2.45,342.7,187.9,154.8,0.69,0.56,1.36,2.31,147,128,2.56,2.22,2.41,2.1
Veteran,RSC003709,Donald,Titanium,Metal,Solar,54.4,983,62,0.587,0.629,39,23,22478,13010,9468,43,39,99,181,23.80%,347.4,201.1,146.3,0.66,0.6,1.53,2.8,362.5,209.8,152.7,0.69,0.63,1.6,2.92,155,123,2.4,1.9,2.5,1.98
Veteran,RSC004202,Splish.,Yellow Jackets,The Swarm,Solar,53.7,554,33,0.551,0.485,16,17,12988,7750,5238,31,21,53,95,32.60%,356.2,212.5,143.6,0.85,0.58,1.45,2.61,393.6,234.8,158.7,0.94,0.64,1.61,2.88,89,78,2.44,2.14,2.7,2.36
Veteran,RSC000946,Rebel,Calzones,Fifty-Fifty Pizzeria,Solar,52.7,194,13,0.409,0.385,5,8,4391,2270,2121,5,9,20,32,15.60%,343.9,177.8,166.1,0.39,0.7,1.57,2.51,337.8,174.6,163.2,0.38,0.69,1.54,2.46,26,33,2.04,2.58,2,2.54
Veteran,RSC000946,Rebel,Calzones,Fifty-Fifty Pizzeria,Solar,52.7,194,13,0.409,0.385,5,8,4391,2270,2121,5,9,20,32,15.60%,343.9,177.8,166.1,0.39,0.7,1.57,2.51,337.8,174.6,163.2,0.38,0.69,1.54,2.46,26,33,2.04,2.58,2,2.54
Veteran,RSC001974,Tinyelephant,"Calzones
Blue Angels","Fifty-Fifty Pizzeria
Warbirds",Solar,52.5,692,48,0.474,0.458,22,26,15496,8250,7246,26,29,59,125,20.80%,340.2,181.1,159.1,0.57,0.64,1.3,2.74,322.8,171.9,151,0.54,0.6,1.23,2.6,101,108,2.22,2.37,2.1,2.25
Veteran,RSC000926,Slmrnchr,X-ray,The Wavelengths,Solar,52,691,45,0.443,0.422,19,26,15667,8960,6707,37,28,53,121,30.60%,344.4,197,147.5,0.81,0.62,1.17,2.66,348.2,199.1,149,0.82,0.62,1.18,2.69,112,129,2.46,2.84,2.49,2.87
Veteran,RSC001984,Cazzuto,"Centaurs
Shake Weights","The Forest
As Seen on TV!",Solar,51.9,769,48,0.497,0.479,23,25,17458,9560,7898,38,26,60,146,26.00%,344.9,188.9,156,0.75,0.51,1.19,2.88,363.7,199.2,164.5,0.79,0.54,1.25,3.04,113,114,2.23,2.25,2.35,2.38
Veteran,RSC001074,Sabre,Cobras,The Serpents,Lunar,51.9,342,24,0.563,0.583,14,10,7839,4470,3369,17,12,31,62,27.40%,348.2,198.6,149.7,0.76,0.53,1.38,2.75,326.6,186.3,140.4,0.71,0.5,1.29,2.58,61,52,2.71,2.31,2.54,2.17
Veteran,RSC001074,Sabre,Cobras,The Serpents,Lunar,51.9,342,24,0.563,0.583,14,10,7839,4470,3369,17,12,31,62,27.40%,348.2,198.6,149.7,0.76,0.53,1.38,2.75,326.6,186.3,140.4,0.71,0.5,1.29,2.58,61,52,2.71,2.31,2.54,2.17
Veteran,RSC002417,Crunch,Fuzz,Rock FX,Lunar,51.5,721,51,0.576,0.569,29,22,16029,9360,6669,40,32,50,126,31.70%,337.7,197.2,140.5,0.84,0.67,1.05,2.65,314.3,183.5,130.8,0.78,0.63,0.98,2.47,132,109,2.78,2.3,2.59,2.14
Veteran,RSC005032,Ol Dirty Dirty,Seadevils,The Abyss,Lunar,51.4,675,44,0.504,0.477,21,23,15025,8870,6155,32,30,60,117,27.40%,338.2,199.6,138.5,0.72,0.68,1.35,2.63,341.5,201.6,139.9,0.73,0.68,1.36,2.66,110,109,2.48,2.45,2.5,2.48
Veteran,RSC000300,2K,Lynx,Polar Vortex,Lunar,51.2,705,48,0.472,0.438,21,27,15578,9030,6548,34,34,55,118,28.80%,335.7,194.6,141.1,0.73,0.73,1.19,2.54,324.5,188.1,136.4,0.71,0.71,1.15,2.46,108,116,2.33,2.5,2.25,2.42
Veteran,RSC000430,Tterb86,"Blue Angels
Calzones","Warbirds
Fifty-Fifty Pizzeria",Lunar,51.1,928,63,0.6,0.587,37,26,21558,12130,9428,50,41,74,138,36.20%,352.9,198.6,154.3,0.82,0.67,1.21,2.26,342.2,192.5,149.7,0.79,0.65,1.17,2.19,173,134,2.83,2.19,2.75,2.13
Veteran,RSC003739,Difto,Yellow Jackets,The Swarm,Solar,51.1,866,54,0.524,0.519,28,26,20096,11990,8106,45,32,89,144,31.30%,352.5,210.3,142.2,0.79,0.56,1.56,2.53,372.1,222,150.1,0.83,0.59,1.65,2.67,131,123,2.3,2.16,2.43,2.28
Veteran,RSC003358,Galacticcccc,"Shake Weights
Gladiators","As Seen on TV!
The Sovereign",Lunar,50.9,853,55,0.377,0.382,21,34,20074,11300,8774,46,29,77,140,32.90%,357.5,201.3,156.3,0.82,0.52,1.37,2.49,365,205.5,159.5,0.84,0.53,1.4,2.55,122,167,2.17,2.97,2.22,3.04
Veteran,RSC000779,Chill,Gorillas,The Jungle,Solar,50.8,997,64,0.462,0.5,32,32,23134,13370,9764,50,42,95,152,32.90%,352.5,203.7,148.8,0.76,0.64,1.45,2.32,361.5,208.9,152.6,0.78,0.66,1.48,2.38,144,159,2.19,2.42,2.25,2.48
Veteran,RSC003250,Shifty,Mastiffs,Puppy Paradise,Lunar,50.2,862,57,0.487,0.544,31,26,20001,10580,9421,42,26,71,153,27.50%,352.5,186.5,166,0.74,0.46,1.25,2.7,350.9,185.6,165.3,0.74,0.46,1.25,2.68,119,123,2.1,2.17,2.09,2.16
Veteran,RSC000851,Joez,Peppermint,Minty Fresh,Solar,50.1,246,16,0.478,0.5,8,8,5456,3210,2246,12,9,22,46,26.10%,336.9,198.2,138.7,0.74,0.56,1.36,2.84,341,200.6,140.4,0.75,0.56,1.38,2.88,33,35,2.04,2.16,2.06,2.19
Veteran,RSC000851,Joez,Peppermint,Minty Fresh,Solar,50.1,246,16,0.478,0.5,8,8,5456,3210,2246,12,9,22,46,26.10%,336.9,198.2,138.7,0.74,0.56,1.36,2.84,341,200.6,140.4,0.75,0.56,1.38,2.88,33,35,2.04,2.16,2.06,2.19
Veteran,RSC002415,Goum,Lightning,Electric Mayhem,Lunar,50,680,43,0.454,0.488,21,22,16548,9230,7318,28,26,85,88,31.80%,369.7,206.2,163.5,0.63,0.58,1.9,1.97,384.8,214.7,170.2,0.65,0.6,1.98,2.05,95,107,2.12,2.39,2.21,2.49
Veteran,,Cobraz Re,Ballycastle Bats,Quidditch League,Solar,49.9,849,51,0.597,0.647,33,18,18557,10900,7657,41,33,71,160,25.60%,332.1,195,137,0.73,0.59,1.27,2.86,363.9,213.7,150.1,0.8,0.65,1.39,3.14,148,115,2.65,2.06,2.9,2.25
Veteran,RSC002271,Based Fame,Titanium,Metal,Solar,49.8,726,47,0.651,0.66,31,16,16354,9580,6774,45,29,48,123,36.60%,342.2,200.5,141.7,0.94,0.61,1,2.57,348,203.8,144.1,0.96,0.62,1.02,2.62,125,83,2.62,1.74,2.66,1.77
Veteran,RSC001007,Tdeez,Supernova,The Cosmos,Solar,49.5,341,24,0.467,0.5,12,12,8219,4830,3389,21,12,33,48,43.80%,366.2,215.2,151,0.94,0.53,1.47,2.14,342.5,201.3,141.2,0.88,0.5,1.38,2,58,63,2.58,2.81,2.42,2.63
Veteran,RSC004034,Deadcupcake,"Titanium
Gorillas","Metal
The Jungle",Solar,49,530,34,0.539,0.647,22,12,12264,7070,5194,30,16,47,92,32.60%,351.5,202.7,148.9,0.86,0.46,1.35,2.64,360.7,207.9,152.8,0.88,0.47,1.38,2.71,84,76,2.41,2.18,2.47,2.24
Veteran,RSC000461,Viper15,Arctic Wolves,Sub Zero,Solar,48.6,919,63,0.542,0.556,35,28,20488,11650,8838,46,39,72,150,30.70%,338.7,192.6,146.1,0.76,0.64,1.19,2.48,325.2,184.9,140.3,0.73,0.62,1.14,2.38,145,130,2.4,2.15,2.3,2.06
Veteran,RSC002917,Arbartenn,Grizzly Bears,The Bear Den,Lunar,48.1,838,54,0.449,0.37,20,34,19451,10690,8761,43,30,72,129,33.30%,352.6,193.8,158.8,0.78,0.54,1.31,2.34,360.2,198,162.2,0.8,0.56,1.33,2.39,120,137,2.18,2.48,2.22,2.54
Veteran,RSC000196,Hayhay,Linguini Lancers,Italian Battalion,Lunar,48.1,648,41,0.621,0.61,25,16,14632,8700,5932,38,21,54,115,33.00%,343,204,139.1,0.89,0.49,1.27,2.7,356.9,212.2,144.7,0.93,0.51,1.32,2.8,118,86,2.77,2.02,2.88,2.1
Veteran,RSC002821,Sush,"Calzones
Water
Taurus","Fifty-Fifty Pizzeria
The Elements
The N Ξ X U S",Solar,48.1,536,35,0.482,0.514,18,17,12733,6730,6003,22,20,56,73,30.10%,360.9,190.7,170.1,0.62,0.57,1.59,2.07,363.8,192.3,171.5,0.63,0.57,1.6,2.09,87,91,2.47,2.58,2.49,2.6
Veteran,RSC002423,Cubby,Shake Weights,As Seen on TV!,Solar,47.8,626,41,0.504,0.512,21,20,14052,8110,5942,40,23,38,106,37.70%,341,196.8,144.2,0.97,0.56,0.92,2.57,342.7,197.8,144.9,0.98,0.56,0.93,2.59,110,109,2.67,2.65,2.68,2.66
Veteran,RSC001061,Spiffy,Grizzly Bears,The Bear Den,Lunar,47.3,702,45,0.415,0.378,17,28,15692,8800,6892,35,23,58,125,28.00%,339.6,190.4,149.1,0.76,0.5,1.26,2.71,348.7,195.6,153.2,0.78,0.51,1.29,2.78,92,115,1.99,2.49,2.04,2.56
Veteran,RSC002163,Skrikeshut,Water,The Elements,Solar,46.9,441,29,0.517,0.448,13,16,10162,5640,4522,22,17,39,64,34.40%,350.1,194.3,155.8,0.76,0.59,1.34,2.2,350.4,194.5,155.9,0.76,0.59,1.34,2.21,71,68,2.45,2.34,2.45,2.34
Veteran,RSC005009,Qeetz,"Gorillas
Yellow Jackets","The Jungle
The Swarm",Solar,46.7,790,49,0.568,0.633,31,18,18526,10260,8266,34,22,90,126,27.00%,356.3,197.3,159,0.65,0.42,1.73,2.42,378.1,209.4,168.7,0.69,0.45,1.84,2.57,113,94,2.17,1.81,2.31,1.92
Veteran,RSC004147,Atlasxv,Taurus,The N Ξ X U S,Solar,46.1,853,59,0.386,0.356,21,38,20180,10640,9540,43,28,75,119,36.10%,359.4,189.5,169.9,0.77,0.5,1.34,2.12,342,180.3,161.7,0.73,0.47,1.27,2.02,125,167,2.23,2.97,2.12,2.83
Veteran,RSC000190,Lead,Shake Weights,As Seen on TV!,Solar,45.9,800,50,0.472,0.4,20,30,18029,10690,7339,50,26,61,134,37.30%,342.4,203,139.4,0.95,0.49,1.16,2.54,360.6,213.8,146.8,1,0.52,1.22,2.68,122,131,2.32,2.49,2.44,2.62
Veteran,RSC000625,Sly,Supernova,The Cosmos,Solar,45.8,760,52,0.523,0.538,28,24,17488,10190,7298,49,18,61,134,36.60%,349.6,203.7,145.9,0.98,0.36,1.22,2.68,336.3,196,140.3,0.94,0.35,1.17,2.58,119,112,2.38,2.24,2.29,2.15
Veteran,RSC004889,Steeltoehammer,Lightning,Electric Mayhem,Lunar,45.6,720,49,0.53,0.551,27,22,16289,8460,7829,27,24,68,116,23.30%,343.7,178.5,165.2,0.57,0.51,1.43,2.45,332.4,172.7,159.8,0.55,0.49,1.39,2.37,105,97,2.22,2.05,2.14,1.98
Veteran,RSC004192,Spurilly,Centaurs,The Forest,Lunar,45.6,308,20,0.299,0.3,6,14,6631,3590,3041,11,14,26,49,22.40%,327.1,177.1,150,0.54,0.69,1.28,2.42,331.6,179.5,152.1,0.55,0.7,1.3,2.45,32,56,1.58,2.76,1.6,2.8
Veteran,RSC003987,Dovahkiin,Gorillas,The Jungle,Solar,45.5,598,38,0.541,0.553,21,17,13247,7880,5367,36,18,46,108,33.30%,336.5,200.2,136.3,0.91,0.46,1.17,2.74,348.6,207.4,141.2,0.95,0.47,1.21,2.84,100,90,2.54,2.29,2.63,2.37
Veteran,RSC004487,Savant,"Blue Angels
Centaurs
Shake Weights","Warbirds
The Forest
As Seen on TV!",Lunar,45.5,650,45,0.414,0.422,19,26,14764,8180,6584,25,28,68,88,28.40%,345.1,191.2,153.9,0.58,0.65,1.59,2.06,328.1,181.8,146.3,0.56,0.62,1.51,1.96,94,117,2.2,2.73,2.09,2.6
Veteran,RSC000865,Level 76 Metapod,Fantastic Four,The Comic Crusaders,Lunar,45.3,437,30,0.656,0.733,22,8,9354,5300,4054,18,20,36,70,25.70%,325.2,184.2,140.9,0.63,0.7,1.25,2.43,311.8,176.7,135.1,0.6,0.67,1.2,2.33,79,52,2.75,1.81,2.63,1.73
Veteran,RSC000151,Bdbr,Anger,Inferno,Solar,45,948,63,0.553,0.571,36,27,20777,11570,9207,50,40,62,147,34.00%,333,185.4,147.5,0.8,0.64,0.99,2.36,329.8,183.7,146.1,0.79,0.63,0.98,2.33,168,147,2.69,2.36,2.67,2.33
Veteran,RSC000124,Mrfelon,Typhoons,Storm,Solar,44.7,783,54,0.47,0.481,26,28,18350,9720,8630,38,22,73,117,32.50%,356,188.6,167.4,0.74,0.43,1.42,2.27,339.8,180,159.8,0.7,0.41,1.35,2.17,112,121,2.17,2.35,2.07,2.24
Veteran,RSC004544,Uf2,Humpbacks,Whale Defense,Solar,44.5,391,26,0.546,0.577,15,11,8702,4770,3932,22,12,26,67,32.80%,338.1,185.3,152.8,0.85,0.47,1.01,2.6,334.7,183.5,151.2,0.85,0.46,1,2.58,62,55,2.41,2.14,2.38,2.12
Veteran,RSC001934,Bosnia_2003,Water,The Elements,Solar,44.1,885,56,0.441,0.393,22,34,19317,11230,8087,42,34,78,143,29.40%,331.6,192.8,138.8,0.72,0.58,1.34,2.45,344.9,200.5,144.4,0.75,0.61,1.39,2.55,129,150,2.21,2.57,2.3,2.68
Veteran,RSC002096,Fjord,Peppermint,Minty Fresh,Solar,43.8,998,64,0.5,0.516,33,31,22788,12240,10548,46,26,94,164,28.00%,346.9,186.3,160.6,0.7,0.4,1.43,2.5,356.1,191.3,164.8,0.72,0.41,1.47,2.56,147,147,2.24,2.24,2.3,2.3
Veteran,RSC003405,Shai,"King Ghidorah
Taurus","Kaiju
The N Ξ X U S",Solar,43.6,635,41,0.468,0.415,17,24,14863,8190,6673,23,21,80,84,27.40%,355.6,195.9,159.6,0.55,0.5,1.91,2.01,362.5,199.8,162.8,0.56,0.51,1.95,2.05,91,99,2.18,2.37,2.22,2.41
Veteran,RSC004598,Clem,Gladiators,The Sovereign,Lunar,43.5,833,54,0.366,0.333,18,36,18939,10700,8239,38,27,86,125,30.40%,345.4,195.1,150.3,0.69,0.49,1.57,2.28,350.7,198.1,152.6,0.7,0.5,1.59,2.31,117,165,2.13,3.01,2.17,3.06
Veteran,RSC002200,Machu,Gorillas,The Jungle,Solar,42.5,886,56,0.506,0.554,31,25,18984,11300,7684,45,34,73,145,31.00%,325.5,193.8,131.8,0.77,0.58,1.25,2.49,339,201.8,137.2,0.8,0.61,1.3,2.59,134,132,2.3,2.26,2.39,2.36
Veteran,RSC000032,Bravenewwrld,Arctic Wolves,Sub Zero,Solar,42.2,782,53,0.527,0.547,29,24,16066,8640,7426,34,36,43,129,26.40%,312.1,167.8,144.3,0.66,0.7,0.84,2.51,303.1,163,140.1,0.64,0.68,0.81,2.43,117,109,2.27,2.12,2.21,2.06
Veteran,RSC000322,Humble Potato,"Typhoons
Lightning","Storm
Electric Mayhem",Lunar,41.9,334,23,0.436,0.435,10,13,8000,4570,3430,17,9,40,42,40.50%,363.9,207.9,156,0.77,0.41,1.82,1.91,347.8,198.7,149.1,0.74,0.39,1.74,1.83,43,51,1.96,2.32,1.87,2.22
Veteran,RSC004375,Cotni,Gladiators,The Sovereign,Lunar,41.3,63,4,0.467,0.5,2,2,1486,850,636,5,1,4,10,50.00%,358.3,205,153.4,1.21,0.24,0.96,2.41,371.5,212.5,159,1.25,0.25,1,2.5,12,13,2.89,3.13,3,3.25
Veteran,RSC000601,Bxffled,Ballycastle Bats,Quidditch League,Solar,41.1,727,44,0.504,0.545,24,20,16198,9140,7058,41,15,60,129,31.80%,338.5,191,147.5,0.86,0.31,1.25,2.7,368.1,207.7,160.4,0.93,0.34,1.36,2.93,100,99,2.09,2.07,2.27,2.25
Veteran,RSC001989,Avidreaper1117,Makos,Shark Attack,Lunar,40.9,930,64,0.611,0.578,37,27,19794,10320,9474,35,40,69,137,25.50%,323.3,168.6,154.8,0.57,0.65,1.13,2.24,309.3,161.3,148,0.55,0.63,1.08,2.14,162,121,2.65,1.98,2.53,1.89
Veteran,RSC002812,Gtg Sugar,"Gladiators
Grizzly Bears","The Sovereign
The Bear Den",Lunar,38.4,655,43,0.369,0.256,11,32,14694,7840,6854,26,18,68,94,27.70%,340.8,181.8,159,0.6,0.42,1.58,2.18,341.7,182.3,159.4,0.6,0.42,1.58,2.19,79,112,1.83,2.6,1.84,2.6
Veteran,RSC002513,Supercruz101,Shake Weights,As Seen on TV!,Solar,38.3,706,46,0.486,0.457,21,25,14679,8040,6639,27,26,58,114,23.70%,315.9,173,142.9,0.58,0.56,1.25,2.45,319.1,174.8,144.3,0.59,0.57,1.26,2.48,112,116,2.41,2.5,2.43,2.52
Veteran,RSC002513,Supercruz101,Shake Weights,As Seen on TV!,Solar,38.3,706,46,0.486,0.457,21,25,14679,8040,6639,27,26,58,114,23.70%,315.9,173,142.9,0.58,0.56,1.25,2.45,319.1,174.8,144.3,0.59,0.57,1.26,2.48,112,116,2.41,2.5,2.43,2.52
Veteran,RSC002571,Google Girth,Xenomorphs,The Monster Mash,Lunar,38.2,816,56,0.458,0.464,26,30,17151,9390,7761,38,27,58,134,28.40%,319.3,174.8,144.5,0.71,0.5,1.08,2.49,306.3,167.7,138.6,0.68,0.48,1.04,2.39,123,137,2.29,2.55,2.2,2.45
Veteran,RSC002792,Duke Of Chutney,King Ghidorah,Kaiju,Solar,37.8,776,47,0.437,0.404,19,28,16982,9710,7272,45,21,59,121,37.20%,332.5,190.1,142.4,0.88,0.41,1.16,2.37,361.3,206.6,154.7,0.96,0.45,1.26,2.57,107,126,2.09,2.47,2.28,2.68
Veteran,RSC000945,Domino,Mastiffs,Puppy Paradise,Lunar,37.8,777,52,0.435,0.481,25,27,16637,8500,8137,31,25,59,120,25.80%,325.3,166.2,159.1,0.61,0.49,1.15,2.35,319.9,163.5,156.5,0.6,0.48,1.13,2.31,95,113,1.86,2.21,1.83,2.17
Veteran,RSC002729,Z_Snuggles,Hart Foundation,Rocket Association Wrestling,Lunar,37.6,841,55,0.522,0.527,29,26,17602,9640,7962,45,23,50,149,30.20%,318,174.1,143.8,0.81,0.42,0.9,2.69,320,175.3,144.8,0.82,0.42,0.91,2.71,127,120,2.29,2.17,2.31,2.18
Veteran,RSC003012,Fluffles,Anger,Inferno,Solar,36.6,77,4,0.435,0.25,1,3,1575,870,705,3,3,6,12,25.00%,310.7,171.6,139.1,0.59,0.59,1.18,2.37,393.8,217.5,176.3,0.75,0.75,1.5,3,11,13,2.17,2.56,2.75,3.25
Veteran,RSC003012,Fluffles,Anger,Inferno,Solar,36.6,77,4,0.435,0.25,1,3,1575,870,705,3,3,6,12,25.00%,310.7,171.6,139.1,0.59,0.59,1.18,2.37,393.8,217.5,176.3,0.75,0.75,1.5,3,11,13,2.17,2.56,2.75,3.25
Veteran,RSC000278,Tinsel,Peppermint,Minty Fresh,Solar,36.3,534,34,0.415,0.382,13,21,11017,5950,5067,22,23,37,75,29.30%,313.4,169.3,144.2,0.63,0.65,1.05,2.13,324,175,149,0.65,0.68,1.09,2.21,73,91,2.08,2.59,2.15,2.68
Veteran,RSC000278,Tinsel,Peppermint,Minty Fresh,Solar,36.3,534,34,0.415,0.382,13,21,11017,5950,5067,22,23,37,75,29.30%,313.4,169.3,144.2,0.63,0.65,1.05,2.13,324,175,149,0.65,0.68,1.09,2.21,73,91,2.08,2.59,2.15,2.68
Veteran,RSC002267,Dooqal,Hart Foundation,Rocket Association Wrestling,Lunar,36,607,40,0.434,0.45,18,22,12126,6240,5886,18,24,45,99,18.20%,303.5,156.2,147.3,0.45,0.6,1.13,2.48,303.2,156,147.2,0.45,0.6,1.13,2.48,78,93,1.95,2.33,1.95,2.33
Veteran,RSC000848,Wittinghalo64,Humpbacks,Whale Defense,Solar,36,762,48,0.546,0.542,26,22,15829,8390,7439,23,26,72,119,19.30%,315.6,167.3,148.3,0.46,0.52,1.44,2.37,329.8,174.8,155,0.48,0.54,1.5,2.48,125,111,2.49,2.21,2.6,2.31
Veteran,RSC003239,Wallaby Gangsta,Grizzly Bears,The Bear Den,Lunar,34.3,659,44,0.451,0.386,17,27,13743,7370,6373,29,18,50,107,27.10%,316.8,169.9,146.9,0.67,0.41,1.15,2.47,312.3,167.5,144.8,0.66,0.41,1.14,2.43,87,99,2.01,2.28,1.98,2.25
Veteran,RSC002493,Chitrl,King Ghidorah,Kaiju,Solar,34.2,244,16,0.426,0.438,7,9,5169,2720,2449,9,9,21,32,28.10%,321.8,169.4,152.5,0.56,0.56,1.31,1.99,323.1,170,153.1,0.56,0.56,1.31,2,33,40,2.05,2.49,2.06,2.5
Veteran,RSC003366,No U,King Ghidorah,Kaiju,Solar,34,718,47,0.384,0.383,18,29,15670,8150,7520,24,23,74,90,26.70%,331.6,172.4,159.1,0.51,0.49,1.57,1.9,333.4,173.4,160,0.51,0.49,1.57,1.91,88,120,1.86,2.54,1.87,2.55
Veteran,RSC004109,Hawkish,Centaurs,The Forest,Lunar,33.6,603,41,0.35,0.341,14,27,12444,6550,5894,28,16,39,100,28.00%,313.5,165,148.5,0.71,0.4,0.98,2.52,303.5,159.8,143.8,0.68,0.39,0.95,2.44,76,113,1.91,2.85,1.85,2.76
Veteran,RSC001075,Spoilt,"Water
Taurus
Lightning","The Elements
The N Ξ X U S
Electric Mayhem",Solar,33,753,51,0.447,0.431,22,29,16164,8880,7284,36,22,63,103,35.00%,326.1,179.2,147,0.73,0.44,1.27,2.08,316.9,174.1,142.8,0.71,0.43,1.24,2.02,101,116,2.04,2.34,1.98,2.27
Veteran,RSC001501,Konstant,Arctic Wolves,Sub Zero,Solar,32.8,188,14,0.475,0.429,6,8,3741,1920,1821,6,10,12,22,27.30%,302.3,155.2,147.2,0.48,0.81,0.97,1.78,267.2,137.1,130.1,0.43,0.71,0.86,1.57,31,33,2.51,2.67,2.21,2.36
Veteran,RSC004366,Fingergunsjesus,Taurus,The N Ξ X U S,Solar,32.5,444,30,0.403,0.333,10,20,8753,4710,4043,17,14,31,76,22.40%,299.5,161.2,138.3,0.58,0.48,1.06,2.6,291.8,157,134.8,0.57,0.47,1.03,2.53,64,82,2.19,2.81,2.13,2.73
Veteran,RSC001891,P0L1K,Seadevils,The Abyss,Lunar,32.4,350,23,0.466,0.478,11,12,7087,4080,3007,16,12,27,53,30.20%,307.6,177.1,130.5,0.69,0.52,1.17,2.3,308.1,177.4,130.7,0.7,0.52,1.17,2.3,57,62,2.47,2.69,2.48,2.7
Veteran,RSC002216,Dan,"Calzones
Gorillas","Fifty-Fifty Pizzeria
The Jungle",Solar,32.2,438,30,0.432,0.4,12,18,9255,4730,4525,22,8,28,73,30.10%,321,164.1,156.9,0.76,0.28,0.97,2.53,308.5,157.7,150.8,0.73,0.27,0.93,2.43,56,67,1.94,2.32,1.87,2.23
Veteran,RSC003746,Archhie,Water,The Elements,Solar,32.1,283,17,0.37,0.235,4,13,5754,3010,2744,10,10,22,41,24.40%,308.9,161.6,147.3,0.54,0.54,1.18,2.2,338.5,177.1,161.4,0.59,0.59,1.29,2.41,37,52,1.99,2.79,2.18,3.06
Veteran,RSC000441,Wolfocus,X-ray,The Wavelengths,Solar,31.8,682,45,0.302,0.244,11,34,15337,8160,7177,33,14,66,86,38.40%,341.6,181.8,159.9,0.74,0.31,1.47,1.92,340.8,181.3,159.5,0.73,0.31,1.47,1.91,86,145,1.92,3.23,1.91,3.22
Veteran,RSC000106,Nagz,Typhoons,Storm,Solar,31.2,687,49,0.457,0.49,24,25,13869,7370,6499,23,23,58,102,22.50%,306.7,163,143.7,0.51,0.51,1.28,2.26,283,150.4,132.6,0.47,0.47,1.18,2.08,93,104,2.06,2.3,1.9,2.12
Veteran,RSC000178,Scias,Centaurs,The Forest,Lunar,31.1,61,4,0.224,0,0,4,1235,590,645,1,2,6,9,11.10%,307.6,146.9,160.6,0.25,0.5,1.49,2.24,308.8,147.5,161.3,0.25,0.5,1.5,2.25,7,15,1.74,3.74,1.75,3.75
Veteran,RSC000178,Scias,Centaurs,The Forest,Lunar,31.1,61,4,0.224,0,0,4,1235,590,645,1,2,6,9,11.10%,307.6,146.9,160.6,0.25,0.5,1.49,2.24,308.8,147.5,161.3,0.25,0.5,1.5,2.25,7,15,1.74,3.74,1.75,3.75
Veteran,RSC004165,.Tor.,Blue Angels,Warbirds,Lunar,30.8,207,12,0.463,0.333,4,8,4167,2680,1487,13,6,15,33,39.40%,305.8,196.7,109.1,0.95,0.44,1.1,2.42,347.3,223.3,123.9,1.08,0.5,1.25,2.75,30,33,2.2,2.42,2.5,2.75
Veteran,RSC004331,Cujo,Anger,Inferno,Solar,30.5,486,35,0.418,0.457,16,19,9390,4990,4400,25,15,18,84,29.80%,293.5,156,137.5,0.78,0.47,0.56,2.63,268.3,142.6,125.7,0.71,0.43,0.51,2.4,74,91,2.31,2.84,2.11,2.6
Veteran,RSC004615,Happiness,"Centaurs
Xenomorphs","The Forest
The Monster Mash",Lunar,28.9,270,20,0.341,0.3,6,14,5536,2830,2706,11,12,17,28,39.30%,311.5,159.2,152.3,0.62,0.68,0.96,1.58,276.8,141.5,135.3,0.55,0.6,0.85,1.4,35,53,1.97,2.98,1.75,2.65
Veteran,RSC002937,Sirtommynoble,"Lightning
Linguini Lancers","Electric Mayhem
Italian Battalion",Lunar,28.3,630,40,0.592,0.65,26,14,12422,7220,5202,25,21,55,92,27.20%,299.5,174.1,125.4,0.6,0.51,1.33,2.22,310.6,180.5,130.1,0.63,0.53,1.38,2.3,102,80,2.46,1.93,2.55,2
Veteran,RSC004194,Legacy,"Centaurs
Lynx","The Forest
Polar Vortex",Lunar,27.9,526,35,0.412,0.4,14,21,10925,6330,4595,27,13,45,73,37.00%,315.5,182.8,132.7,0.78,0.38,1.3,2.11,312.1,180.9,131.3,0.77,0.37,1.29,2.09,75,94,2.17,2.71,2.14,2.69
Veteran,RSC004794,Buddha,King Ghidorah,Kaiju,Solar,27.1,645,40,0.383,0.35,14,26,13271,7020,6251,25,15,57,92,27.20%,312.6,165.3,147.2,0.59,0.35,1.34,2.17,331.8,175.5,156.3,0.63,0.38,1.43,2.3,80,109,1.88,2.57,2,2.73
Veteran,RSC004207,Hanson6351,"X-ray
King Ghidorah","The Wavelengths
Kaiju",Solar,24.1,112,8,0.222,0.125,1,7,2332,1100,1232,3,2,11,15,20.00%,316.3,149.2,167.1,0.41,0.27,1.49,2.03,291.5,137.5,154,0.38,0.25,1.38,1.88,8,19,1.09,2.58,1,2.38
Veteran,RSC000426,Struttrl,Fantastic Four,The Comic Crusaders,Lunar,23.4,648,41,0.537,0.585,24,17,12719,7170,5549,23,25,58,72,31.90%,298.2,168.1,130.1,0.54,0.59,1.36,1.69,310.2,174.9,135.3,0.56,0.61,1.41,1.76,111,101,2.6,2.37,2.71,2.46
Veteran,RSC003816,Anserem,Xenomorphs,The Monster Mash,Lunar,22.5,541,40,0.383,0.35,14,26,10558,5910,4648,23,16,42,71,32.40%,296.5,166,130.5,0.65,0.45,1.18,1.99,264,147.8,116.2,0.58,0.4,1.05,1.78,74,100,2.08,2.81,1.85,2.5
Veteran,RSC000037,Md,"Centaurs
Xenomorphs","The Forest
The Monster Mash",Lunar,22,424,29,0.357,0.379,11,18,8140,4140,4000,12,14,34,54,22.20%,291.7,148.3,143.3,0.43,0.5,1.22,1.93,280.7,142.8,137.9,0.41,0.48,1.17,1.86,49,72,1.76,2.58,1.69,2.48
Veteran,RSC000763,Rogueum,"X-ray
Gladiators","The Wavelengths
The Sovereign",Lunar,21.6,262,18,0.258,0.333,6,12,4908,2650,2258,12,7,14,40,30.00%,284.6,153.7,130.9,0.7,0.41,0.81,2.32,272.7,147.2,125.4,0.67,0.39,0.78,2.22,33,63,1.91,3.65,1.83,3.5
Veteran,RSC000029,Mccool,Grizzly Bears,The Bear Den,Lunar,18.6,196,12,0.4,0.333,4,8,3682,1950,1732,3,8,21,20,15.00%,285.4,151.1,134.2,0.23,0.62,1.63,1.55,306.8,162.5,144.3,0.25,0.67,1.75,1.67,27,35,2.09,2.71,2.25,2.92
Veteran,RSC000227,Xiluym,X-ray,The Wavelengths,Solar,16.7,656,41,0.399,0.366,15,26,11880,6260,5620,23,25,39,76,30.30%,275.1,145,130.2,0.53,0.58,0.9,1.76,289.8,152.7,137.1,0.56,0.61,0.95,1.85,95,123,2.2,2.85,2.32,3
Veteran,RSC004415,Pat,Mastiffs,Puppy Paradise,Lunar,15.3,410,29,0.375,0.448,13,16,7856,4020,3836,13,8,36,52,25.00%,291.1,149,142.1,0.48,0.3,1.33,1.93,270.9,138.6,132.3,0.45,0.28,1.24,1.79,51,71,1.89,2.63,1.76,2.45
Veteran,RSC000185,Robwobwob,"X-ray
Centaurs
Calzones","The Wavelengths
The Forest
Fifty-Fifty Pizzeria",Solar,13,327,22,0.377,0.318,7,15,5948,3470,2478,16,8,21,42,38.10%,276.3,161.2,115.1,0.74,0.37,0.98,1.95,270.4,157.7,112.6,0.73,0.36,0.95,1.91,46,63,2.14,2.93,2.09,2.86
Veteran,RSC001337,Hotdog,"Lynx
Werewolves","Polar Vortex
The Bestiary",Lunar,12.2,637,42,0.391,0.405,17,25,11495,6180,5315,22,19,46,73,30.10%,274.1,147.4,126.8,0.52,0.45,1.1,1.74,273.7,147.1,126.5,0.52,0.45,1.1,1.74,86,114,2.05,2.72,2.05,2.71
Veteran,RSC000594,Hewhogrins,"Gorillas
Taurus","The Jungle
The N Ξ X U S",Solar,12.1,260,17,0.245,0.176,3,14,4569,2220,2349,4,8,22,32,12.50%,267,129.7,137.3,0.23,0.47,1.29,1.87,268.8,130.6,138.2,0.24,0.47,1.29,1.88,28,57,1.64,3.33,1.65,3.35
Veteran,RSC001015,Bak3R,Blue Angels,Warbirds,Lunar,11.8,44,4,0.549,0.5,2,2,741,370,371,2,1,1,7,28.60%,255.8,127.7,128.1,0.69,0.35,0.35,2.42,185.3,92.5,92.8,0.5,0.25,0.25,1.75,9,8,3.11,2.76,2.25,2
Veteran,RSC000796,Hoyci,"Werewolves
Seadevils
Titanium","The Bestiary
The Abyss
Metal",Lunar,10.9,706,46,0.398,0.413,19,27,11946,6490,5456,19,26,49,84,22.60%,257.1,139.7,117.4,0.41,0.56,1.05,1.81,259.7,141.1,118.6,0.41,0.57,1.07,1.83,110,142,2.37,3.06,2.39,3.09
Veteran,RSC002742,Rob Bee,Grizzly Bears,The Bear Den,Lunar,10.3,57,4,0.123,0,0,4,1216,530,686,1,1,7,3,33.30%,324.1,141.3,182.8,0.27,0.27,1.87,0.8,304,132.5,171.5,0.25,0.25,1.75,0.75,4,14,1.07,3.73,1,3.5
Veteran,,Iesblueice,King Ghidorah,Kaiju,Solar,7.9,14,1,0.274,0,0,1,168,120,48,0,1,1,2,0.00%,182.3,130.2,52.1,0,1.09,1.09,2.17,168,120,48,0,1,1,2,1,2,1.09,2.17,1,2
Veteran,RSC000443,Enceyy,Gladiators,The Sovereign,Lunar,7.6,698,45,0.315,0.244,11,34,12058,6340,5718,23,20,45,79,29.10%,262.4,138,124.5,0.5,0.44,0.98,1.72,268,140.9,127.1,0.51,0.44,1,1.76,87,142,1.89,3.09,1.93,3.16
Veteran,RSC002133,Lmao Beer Me,Water,The Elements,Solar,7.2,38,3,0.5,0.333,1,2,755,270,485,1,1,2,2,50.00%,301.8,107.9,193.9,0.4,0.4,0.8,0.8,251.7,90,161.7,0.33,0.33,0.67,0.67,6,6,2.4,2.4,2,2
Veteran,RSC004993,Summit670Rl,Werewolves,The Bestiary,Lunar,3.6,151,9,0.458,0.444,4,5,2580,1580,1000,5,3,15,18,27.80%,259.6,159,100.6,0.5,0.3,1.51,1.81,286.7,175.6,111.1,0.56,0.33,1.67,2,28,31,2.82,3.12,3.11,3.44
Veteran,RSC001537,Nullidea,Gorillas,The Jungle,Solar,-3.4,107,8,0.168,0.25,2,6,1773,880,893,4,1,6,13,30.80%,251.7,124.9,126.8,0.57,0.14,0.85,1.85,221.6,110,111.6,0.5,0.13,0.75,1.63,10,27,1.42,3.83,1.25,3.38
Veteran,RSC002229,Banshii,X-ray,The Wavelengths,Solar,-6.6,58,4,0.114,0.25,1,3,756,430,326,2,4,0,3,66.70%,198,112.6,85.4,0.52,1.05,0,0.79,189,107.5,81.5,0.5,1,0,0.75,7,22,1.83,5.76,1.75,5.5
Veteran,RSC002229,Banshii,X-ray,The Wavelengths,Solar,-6.6,58,4,0.114,0.25,1,3,756,430,326,2,4,0,3,66.70%,198,112.6,85.4,0.52,1.05,0,0.79,189,107.5,81.5,0.5,1,0,0.75,7,22,1.83,5.76,1.75,5.5
Veteran,RSC003416,Drskimmilk,"Water
Centaurs","The Elements
The Forest",Lunar,-7.4,125,8,0.456,0.375,3,5,2113,1020,1093,3,1,11,12,25.00%,256.8,124,132.8,0.36,0.12,1.34,1.46,264.1,127.5,136.6,0.38,0.13,1.38,1.5,16,18,1.94,2.19,2,2.25
Veteran,RSC003416,Drskimmilk,"Water
Centaurs","The Elements
The Forest",Lunar,-7.4,125,8,0.456,0.375,3,5,2113,1020,1093,3,1,11,12,25.00%,256.8,124,132.8,0.36,0.12,1.34,1.46,264.1,127.5,136.6,0.38,0.13,1.38,1.5,16,18,1.94,2.19,2,2.25
Veteran,RSC000726,Way2Luckee,Gladiators,The Sovereign,Lunar,-15.2,72,5,0.174,0,0,5,1139,550,589,1,1,7,5,20.00%,240.3,116,124.3,0.21,0.21,1.48,1.05,227.8,110,117.8,0.2,0.2,1.4,1,4,12,0.84,2.53,0.8,2.4
Veteran,RSC003929,Whoviancat,Taurus,The N Ξ X U S,Solar,-25.2,55,4,0.261,0,0,4,727,290,437,0,1,4,4,0.00%,200.8,80.1,120.7,0,0.28,1.1,1.1,181.8,72.5,109.3,0,0.25,1,1,5,10,1.38,2.76,1.25,2.5
Veteran,RSC003929,Whoviancat,Taurus,The N Ξ X U S,Solar,-25.2,55,4,0.261,0,0,4,727,290,437,0,1,4,4,0.00%,200.8,80.1,120.7,0,0.28,1.1,1.1,181.8,72.5,109.3,0,0.25,1,1,5,10,1.38,2.76,1.25,2.5
Veteran,RSC005029,Jalapeño,Werewolves,The Bestiary,Lunar,-40.9,51,4,0.045,0,0,4,752,350,402,0,0,7,0,,224,104.3,119.7,0,0,2.09,0,188,87.5,100.5,0,0,1.75,0,2,14,0.6,4.17,0.5,3.5
Rival,,;Obi-Wan Snowglobie,Wings,Fifty-Fifty Pizzeria,Solar,96.6,982,63,0.647,0.603,38,25,28012,17230,10782,83,53,76,248,33.50%,425.4,261.6,163.7,1.26,0.8,1.15,3.77,444.6,273.5,171.1,1.32,0.84,1.21,3.94,196,134,2.98,2.03,3.11,2.13
Rival,RSC004658,Yuvaxx,Holyhead Harpies,Quidditch League,Solar,91.3,173,12,0.41,0.333,4,8,4953,2920,2033,17,9,8,37,45.90%,426.9,251.7,175.2,1.47,0.78,0.69,3.19,412.8,243.3,169.4,1.42,0.75,0.67,3.08,34,42,2.93,3.62,2.83,3.5
Rival,RSC003880,Dumby,Sea Fury,Warbirds,Lunar,90.1,805,53,0.765,0.717,38,15,22417,13920,8497,63,42,72,192,32.80%,415.2,257.8,157.4,1.17,0.78,1.33,3.56,423,262.6,160.3,1.19,0.79,1.36,3.62,166,77,3.07,1.43,3.13,1.45
Rival,RSC004904,Capricious,Shih Tzus,Puppy Paradise,Lunar,86.7,838,59,0.595,0.593,35,24,25199,14080,11119,45,41,121,148,30.40%,448.4,250.5,197.9,0.8,0.73,2.15,2.63,427.1,238.6,188.5,0.76,0.69,2.05,2.51,133,103,2.37,1.83,2.25,1.75
Rival,RSC003012,Fluffles,Greed,Inferno,Solar,85.8,309,21,0.493,0.476,10,11,8657,5190,3467,24,16,27,64,37.50%,417.8,250.5,167.3,1.16,0.77,1.3,3.09,412.2,247.1,165.1,1.14,0.76,1.29,3.05,55,56,2.65,2.7,2.62,2.67
Rival,RSC003012,Fluffles,Greed,Inferno,Solar,85.8,309,21,0.493,0.476,10,11,8657,5190,3467,24,16,27,64,37.50%,417.8,250.5,167.3,1.16,0.77,1.3,3.09,412.2,247.1,165.1,1.14,0.76,1.29,3.05,55,56,2.65,2.7,2.62,2.67
Rival,RSC004843,Beastmod1015,Snowy Owls,Sub Zero,Solar,84,765,50,0.682,0.7,35,15,21087,12440,8647,58,28,66,194,29.90%,411,242.5,168.5,1.13,0.55,1.29,3.78,421.7,248.8,172.9,1.16,0.56,1.32,3.88,143,87,2.79,1.7,2.86,1.74
Rival,RSC004753,Wonderl_,Sea Fury,Warbirds,Lunar,82.8,726,48,0.79,0.75,36,12,18416,11030,7386,54,46,34,163,33.10%,378.3,226.5,151.7,1.11,0.94,0.7,3.35,383.7,229.8,153.9,1.13,0.96,0.71,3.4,161,69,3.31,1.42,3.35,1.44
Rival,RSC005035,Broskijazz,Sea Fury,Warbirds,Lunar,80.4,57,4,0.624,0.5,2,2,1593,930,663,6,0,3,18,33.30%,416.7,243.3,173.4,1.57,0,0.78,4.71,398.3,232.5,165.8,1.5,0,0.75,4.5,11,8,2.88,2.09,2.75,2
Rival,RSC003799,Armo27,"Leshy
Reverb","The Forest
Rock FX",Lunar,80.3,795,52,0.564,0.538,28,24,21676,12720,8956,59,35,67,172,34.30%,406.6,238.6,168,1.11,0.66,1.26,3.23,416.8,244.6,172.2,1.13,0.67,1.29,3.31,139,118,2.61,2.21,2.67,2.27
Rival,RSC002320,Joeexotic,"Basilisks
Mozza Marauders","The Bestiary
Italian Battalion",Lunar,79.5,734,55,0.556,0.545,30,25,20162,10840,9322,44,39,63,134,32.80%,409.6,220.2,189.4,0.89,0.79,1.28,2.72,366.6,197.1,169.5,0.8,0.71,1.15,2.44,138,120,2.8,2.44,2.51,2.18
Rival,RSC004734,Siiderij23,Polaris,The Cosmos,Solar,79.1,932,60,0.694,0.75,45,15,23989,14560,9429,63,51,73,206,30.60%,383.8,233,150.9,1.01,0.82,1.17,3.3,399.8,242.7,157.2,1.05,0.85,1.22,3.43,190,113,3.04,1.81,3.17,1.88
Rival,RSC002204,Mr.Numb3Rz,Surge,Electric Mayhem,Lunar,79,868,59,0.651,0.729,43,16,23049,13740,9309,64,41,68,189,33.90%,396,236,159.9,1.1,0.7,1.17,3.25,390.7,232.9,157.8,1.08,0.69,1.15,3.2,168,113,2.89,1.94,2.85,1.92
Rival,RSC003119,Vencill,Vikings,The Sovereign,Lunar,78.2,756,50,0.607,0.6,30,20,19711,11530,8181,47,46,62,143,32.90%,388.8,227.4,161.4,0.93,0.91,1.22,2.82,394.2,230.6,163.6,0.94,0.92,1.24,2.86,136,103,2.68,2.03,2.72,2.06
Rival,RSC005024,Sspekky,"Scorpius
Leshy","The N Ξ X U S
The Forest",Solar,77.6,604,42,0.466,0.476,20,22,16713,9530,7183,37,23,68,128,28.90%,412.6,235.3,177.3,0.91,0.57,1.68,3.16,397.9,226.9,171,0.88,0.55,1.62,3.05,86,94,2.12,2.32,2.05,2.24
Rival,RSC004333,Penguin,Necromorphs,The Monster Mash,Lunar,75.1,720,50,0.541,0.6,30,20,18965,11240,7725,43,37,74,139,30.90%,392.8,232.8,160,0.89,0.77,1.53,2.88,379.3,224.8,154.5,0.86,0.74,1.48,2.78,120,108,2.49,2.24,2.4,2.16
Rival,RSC004780,Kayo,Snuggies,As Seen on TV!,Solar,71.8,807,52,0.503,0.519,27,25,21094,12830,8264,55,34,80,163,33.70%,389.8,237.1,152.7,1.02,0.63,1.48,3.01,405.7,246.7,158.9,1.06,0.65,1.54,3.13,124,123,2.29,2.27,2.38,2.37
Rival,RSC003718,Tbone,Polaris,The Cosmos,Solar,71.7,994,64,0.681,0.719,46,18,25791,16000,9791,71,50,92,180,39.40%,386.9,240,146.9,1.07,0.75,1.38,2.7,403,250,153,1.11,0.78,1.44,2.81,202,125,3.03,1.88,3.16,1.95
Rival,RSC004515,Be Tolerant,Warrior Wasps,The Swarm,Solar,69.2,762,52,0.431,0.404,21,31,20270,11330,8940,47,27,76,148,31.80%,396.7,221.7,174.9,0.92,0.53,1.49,2.9,389.8,217.9,171.9,0.9,0.52,1.46,2.85,114,136,2.23,2.66,2.19,2.62
Rival,RSC004779,St4Bb3Dxx,Holyhead Harpies,Quidditch League,Solar,69.1,448,30,0.48,0.433,13,17,11923,6970,4953,33,20,39,72,45.80%,396.9,232,164.9,1.1,0.67,1.3,2.4,397.4,232.3,165.1,1.1,0.67,1.3,2.4,81,85,2.7,2.83,2.7,2.83
Rival,RSC000873,J3,Greed,Inferno,Solar,68.9,251,16,0.474,0.563,9,7,6454,3860,2594,16,15,23,36,44.40%,383.4,229.3,154.1,0.95,0.89,1.37,2.14,403.4,241.3,162.1,1,0.94,1.44,2.25,45,48,2.67,2.85,2.81,3
Rival,RSC003862,Sloth,Holyhead Harpies,Quidditch League,Solar,68.8,211,15,0.415,0.4,6,9,5432,2980,2452,12,10,18,38,31.60%,383.9,210.6,173.3,0.85,0.71,1.27,2.69,362.1,198.7,163.5,0.8,0.67,1.2,2.53,34,42,2.4,2.97,2.27,2.8
Rival,RSC003789,Monty,Leshy,The Forest,Lunar,68.2,872,58,0.573,0.672,39,19,22257,12800,9457,49,38,86,170,28.80%,380.6,218.9,161.7,0.84,0.65,1.47,2.91,383.7,220.7,163.1,0.84,0.66,1.48,2.93,159,132,2.72,2.26,2.74,2.28
Rival,RSC002293,Corrupt_Arrow,MUTO,Kaiju,Solar,67.7,703,46,0.449,0.457,21,25,17771,10060,7711,42,28,60,146,28.80%,376.9,213.4,163.6,0.89,0.59,1.27,3.1,386.3,218.7,167.6,0.91,0.61,1.3,3.17,108,123,2.29,2.61,2.35,2.67
Rival,RSC004991,Raid,"Snuggies
Bowheads","As Seen on TV!
Whale Defense",Solar,66.5,809,52,0.497,0.442,23,29,20210,11640,8570,55,31,58,169,32.50%,372.5,214.5,158,1.01,0.57,1.07,3.12,388.7,223.8,164.8,1.06,0.6,1.12,3.25,135,136,2.49,2.51,2.6,2.62
Rival,RSC004894,Kidfluffy,Snowy Owls,Sub Zero,Solar,66,865,58,0.669,0.672,39,19,21294,12360,8934,48,50,73,141,34.00%,367.1,213.1,154,0.83,0.86,1.26,2.43,367.1,213.1,154,0.83,0.86,1.26,2.43,161,102,2.78,1.76,2.78,1.76
Rival,RSC004722,B.Kittt,Shih Tzus,Puppy Paradise,Lunar,65.8,513,36,0.663,0.667,24,12,12950,7720,5230,39,14,39,117,33.30%,376.4,224.4,152,1.13,0.41,1.13,3.4,359.7,214.4,145.3,1.08,0.39,1.08,3.25,89,57,2.59,1.66,2.47,1.58
Rival,RSC000855,Sauceoninfinity,"Taipans
Snowy Owls","The Serpents
Sub Zero",Solar,65.1,426,28,0.601,0.536,15,13,10789,6760,4029,40,10,26,96,41.70%,377.7,236.6,141,1.4,0.35,0.91,3.36,385.3,241.4,143.9,1.43,0.36,0.93,3.43,79,61,2.77,2.14,2.82,2.18
Rival,RSC003887,Cundy,Leshy,The Forest,Lunar,63.8,941,63,0.548,0.619,39,24,23282,13210,10072,56,44,75,166,33.70%,368.9,209.3,159.6,0.89,0.7,1.19,2.63,369.6,209.7,159.9,0.89,0.7,1.19,2.63,166,147,2.63,2.33,2.63,2.33
Rival,RSC004332,Friendbrady,Ocelots,The Jungle,Solar,62,751,47,0.65,0.702,33,14,18686,11650,7036,56,31,64,130,43.10%,371,231.3,139.7,1.11,0.62,1.27,2.58,397.6,247.9,149.7,1.19,0.66,1.36,2.77,136,91,2.7,1.81,2.89,1.94
Rival,RSC002762,Onward,Blizzards,Storm,Solar,61.9,833,54,0.548,0.537,29,25,20491,12430,8061,61,35,62,148,41.20%,366.8,222.5,144.3,1.09,0.63,1.11,2.65,379.5,230.2,149.3,1.13,0.65,1.15,2.74,147,130,2.63,2.33,2.72,2.41
Rival,RSC000230,Chronic Lies,Justice League,The Comic Crusaders,Lunar,61.7,679,46,0.478,0.5,23,23,17632,10270,7362,46,20,69,122,37.70%,387.2,225.5,161.7,1.01,0.44,1.52,2.68,383.3,223.3,160,1,0.43,1.5,2.65,106,112,2.33,2.46,2.3,2.43
Rival,RSC001091,Stealthman777,Basilisks,The Bestiary,Lunar,61.2,727,54,0.529,0.519,28,26,17899,10490,7409,52,26,52,139,37.40%,367.1,215.2,152,1.07,0.53,1.07,2.85,331.5,194.3,137.2,0.96,0.48,0.96,2.57,130,121,2.67,2.48,2.41,2.24
Rival,RSC002252,Djras1996,Taipans,The Serpents,Lunar,60.7,404,28,0.574,0.464,13,15,9693,5690,4003,23,20,34,69,33.30%,357.8,210,147.7,0.85,0.74,1.25,2.55,346.2,203.2,143,0.82,0.71,1.21,2.46,69,57,2.55,2.1,2.46,2.04
Rival,RSC002833,Coopa,"Ultraviolet
Basilisks","The Wavelengths
The Bestiary",Solar,60.5,673,43,0.613,0.651,28,15,15889,9550,6339,39,32,56,125,31.20%,352,211.6,140.5,0.86,0.71,1.24,2.77,369.5,222.1,147.4,0.91,0.74,1.3,2.91,126,94,2.79,2.08,2.93,2.19
Rival,RSC003320,Jojomojo13,Ocelots,The Jungle,Solar,59.8,1025,64,0.614,0.656,42,22,24808,15060,9748,66,44,89,181,36.50%,360.9,219.1,141.8,0.96,0.64,1.29,2.63,387.6,235.3,152.3,1.03,0.69,1.39,2.83,181,134,2.63,1.95,2.83,2.09
Rival,RSC003506,Boujee*!,Chromium,Metal,Solar,59.2,804,56,0.506,0.464,26,30,20139,11590,8549,44,31,86,134,32.80%,373.5,215,158.6,0.82,0.57,1.6,2.49,359.6,207,152.7,0.79,0.55,1.54,2.39,130,128,2.41,2.37,2.32,2.29
Rival,,Mamajoe,Ocelots,The Jungle,Solar,59,896,55,0.634,0.673,37,18,21869,12410,9459,38,47,99,131,29.00%,364,206.5,157.4,0.63,0.78,1.65,2.18,397.6,225.6,172,0.69,0.85,1.8,2.38,160,112,2.66,1.86,2.91,2.04
Rival,RSC003040,Chung,Taipans,The Serpents,Lunar,58.7,520,35,0.419,0.4,14,21,12214,7660,4554,32,25,46,91,35.20%,350.2,219.7,130.6,0.92,0.72,1.32,2.61,349,218.9,130.1,0.91,0.71,1.31,2.6,79,97,2.27,2.78,2.26,2.77
Rival,RSC001836,Zignian,Warrior Wasps,The Swarm,Solar,58.5,56,4,0.67,0.75,3,1,1321,880,441,5,3,3,8,62.50%,351.8,234.3,117.4,1.33,0.8,0.8,2.13,330.3,220,110.3,1.25,0.75,0.75,2,11,7,2.93,1.86,2.75,1.75
Rival,RSC001836,Zignian,Warrior Wasps,The Swarm,Solar,58.5,56,4,0.67,0.75,3,1,1321,880,441,5,3,3,8,62.50%,351.8,234.3,117.4,1.33,0.8,0.8,2.13,330.3,220,110.3,1.25,0.75,0.75,2,11,7,2.93,1.86,2.75,1.75
Rival,RSC004974,Acyke,Reverb,Rock FX,Lunar,58.2,49,3,0.652,0.333,1,2,1139,790,349,5,2,2,9,55.60%,346.6,240.4,106.2,1.52,0.61,0.61,2.74,379.7,263.3,116.3,1.67,0.67,0.67,3,9,6,2.74,1.83,3,2
Rival,RSC004974,Acyke,Reverb,Rock FX,Lunar,58.2,49,3,0.652,0.333,1,2,1139,790,349,5,2,2,9,55.60%,346.6,240.4,106.2,1.52,0.61,0.61,2.74,379.7,263.3,116.3,1.67,0.67,0.67,3,9,6,2.74,1.83,3,2
Rival,RSC002780,Lickadoss77,Wind,The Elements,Solar,57.4,816,56,0.488,0.446,25,31,20392,11460,8932,44,32,84,126,34.90%,372.6,209.4,163.2,0.8,0.58,1.54,2.3,364.1,204.6,159.5,0.79,0.57,1.5,2.25,123,127,2.25,2.32,2.2,2.27
Rival,RSC000039,Impalerv,Sea Fury,Warbirds,Lunar,57.2,763,51,0.787,0.765,39,12,17672,10730,6942,48,33,57,143,33.60%,345.4,209.7,135.7,0.94,0.64,1.11,2.79,346.5,210.4,136.1,0.94,0.65,1.12,2.8,161,69,3.15,1.35,3.16,1.35
Rival,RSC004949,Wriitzy,Wings,Fifty-Fifty Pizzeria,Solar,57.1,858,56,0.626,0.571,32,24,20132,12510,7622,56,41,69,141,39.70%,349.9,217.4,132.5,0.97,0.71,1.2,2.45,359.5,223.4,136.1,1,0.73,1.23,2.52,171,124,2.97,2.16,3.05,2.21
Rival,RSC000233,Lilprsnwithanger,Mozza Marauders,Italian Battalion,Lunar,57,520,36,0.453,0.5,18,18,12458,7050,5408,31,21,40,90,34.40%,357.2,202.2,155.1,0.89,0.6,1.15,2.58,346.1,195.8,150.2,0.86,0.58,1.11,2.5,89,100,2.55,2.87,2.47,2.78
Rival,RSC003694,Thecroctopustv,Necromorphs,The Monster Mash,Lunar,56.8,666,47,0.475,0.532,25,22,16091,8910,7181,34,31,59,101,33.70%,360.3,199.5,160.8,0.76,0.69,1.32,2.26,342.4,189.6,152.8,0.72,0.66,1.26,2.15,106,113,2.37,2.53,2.26,2.4
Rival,RSC000932,Crispynuggets,Scorpius,The N Ξ X U S,Solar,56.8,37,3,0.213,0.333,1,2,826,450,376,1,1,4,10,10.00%,332.9,181.4,151.5,0.4,0.4,1.61,4.03,275.3,150,125.3,0.33,0.33,1.33,3.33,4,9,1.61,3.63,1.33,3
Rival,RSC003895,Gga Astro,Wind,The Elements,Solar,56.7,485,35,0.475,0.486,17,18,11809,6180,5629,20,19,48,83,24.10%,363.1,190,173.1,0.61,0.58,1.48,2.55,337.4,176.6,160.8,0.57,0.54,1.37,2.37,78,83,2.4,2.55,2.23,2.37
Rival,RSC003895,Gga Astro,Wind,The Elements,Solar,56.7,485,35,0.475,0.486,17,18,11809,6180,5629,20,19,48,83,24.10%,363.1,190,173.1,0.61,0.58,1.48,2.55,337.4,176.6,160.8,0.57,0.54,1.37,2.37,78,83,2.4,2.55,2.23,2.37
Rival,RSC000276,Znin9,Holyhead Harpies,Quidditch League,Solar,56.6,448,29,0.5,0.448,13,16,10837,6410,4427,26,21,42,66,39.40%,360.7,213.4,147.4,0.87,0.7,1.4,2.2,373.7,221,152.7,0.9,0.72,1.45,2.28,73,73,2.43,2.43,2.52,2.52
Rival,RSC003243,Jerxe,Chromium,Metal,Solar,56.1,747,52,0.5,0.462,24,28,17373,9870,7503,48,27,45,147,32.70%,346.8,197,149.8,0.96,0.54,0.9,2.93,334.1,189.8,144.3,0.92,0.52,0.87,2.83,124,124,2.48,2.48,2.38,2.38
Rival,RSC002960,King,Vikings,The Sovereign,Lunar,55.7,897,59,0.582,0.593,35,24,21114,12440,8674,55,36,71,159,34.60%,351,206.8,144.2,0.91,0.6,1.18,2.64,357.9,210.8,147,0.93,0.61,1.2,2.69,157,127,2.61,2.11,2.66,2.15
Rival,RSC004441,Slam!,Basilisks,The Bestiary,Lunar,55.6,769,55,0.494,0.491,27,28,19006,10730,8276,44,29,74,118,37.30%,368.5,208.1,160.5,0.85,0.56,1.43,2.29,345.6,195.1,150.5,0.8,0.53,1.35,2.15,134,136,2.6,2.64,2.44,2.47
Rival,RSC004639,Tydizzle,Blizzards,Storm,Solar,54.9,676,43,0.529,0.512,22,21,15296,8420,6876,28,34,55,117,23.90%,337.4,185.7,151.7,0.62,0.75,1.21,2.58,355.7,195.8,159.9,0.65,0.79,1.28,2.72,111,103,2.45,2.27,2.58,2.4
Rival,RSC004329,Philly Is Washed,"Greed
Warrior Wasps","Inferno
The Swarm",Solar,54.5,344,25,0.528,0.44,11,14,8473,4080,4393,15,11,29,58,25.90%,367.3,176.9,190.4,0.65,0.48,1.26,2.51,338.9,163.2,175.7,0.6,0.44,1.16,2.32,59,55,2.56,2.38,2.36,2.2
Rival,RSC003904,Tyyphoon454,Surge,Electric Mayhem,Lunar,53.9,933,63,0.647,0.714,45,18,21927,13070,8857,64,31,68,172,37.20%,350.4,208.9,141.6,1.02,0.5,1.09,2.75,348,207.5,140.6,1.02,0.49,1.08,2.73,178,121,2.84,1.93,2.83,1.92
Rival,RSC004542,Cdef.,Ultraviolet,The Wavelengths,Solar,53.8,995,64,0.5,0.531,34,30,23047,12620,10427,52,38,74,182,28.60%,345.4,189.1,156.3,0.78,0.57,1.11,2.73,360.1,197.2,162.9,0.81,0.59,1.16,2.84,144,144,2.16,2.16,2.25,2.25
Rival,RSC000172,Bill Nye The Cat Guru,"Blizzards
Basilisks
Holyhead Harpies","Storm
The Bestiary
Quidditch League",Solar,53.6,220,15,0.659,0.733,11,4,5228,2660,2568,10,12,16,26,38.50%,354.4,180.3,174.1,0.68,0.81,1.08,1.76,348.5,177.3,171.2,0.67,0.8,1.07,1.73,44,29,2.98,1.97,2.93,1.93
Rival,RSC001893,Cjax,Ocelots,The Jungle,Solar,53.6,403,26,0.506,0.538,14,12,9161,5480,3681,21,19,35,68,30.90%,339,202.8,136.2,0.78,0.7,1.3,2.52,352.3,210.8,141.6,0.81,0.73,1.35,2.62,66,65,2.44,2.41,2.54,2.5
Rival,RSC004561,I_Am_Beercules,Fangtooths,The Abyss,Lunar,52.8,756,51,0.45,0.392,20,31,17414,10480,6934,42,27,70,143,29.40%,343.5,206.7,136.8,0.83,0.53,1.38,2.82,341.5,205.5,136,0.82,0.53,1.37,2.8,99,113,1.95,2.23,1.94,2.22
Rival,,Fish,Polaris,The Cosmos,Solar,52.7,967,62,0.684,0.726,45,17,21096,12870,8226,63,45,51,177,35.60%,325.3,198.5,126.8,0.97,0.69,0.79,2.73,340.3,207.6,132.7,1.02,0.73,0.82,2.85,199,122,3.07,1.88,3.21,1.97
Rival,RSC004471,Not Whispr,Warrior Wasps,The Swarm,Solar,51.5,545,36,0.409,0.361,13,23,12936,7160,5776,31,18,45,91,34.10%,353.9,195.9,158,0.85,0.49,1.23,2.49,359.3,198.9,160.4,0.86,0.5,1.25,2.53,86,108,2.35,2.95,2.39,3
Rival,RSC002544,J.,Hammerheads,Shark Attack,Lunar,51.1,983,64,0.424,0.406,26,38,23428,13460,9968,54,26,99,181,29.80%,355.4,204.2,151.2,0.82,0.39,1.5,2.75,366.1,210.3,155.8,0.84,0.41,1.55,2.83,130,159,1.97,2.41,2.03,2.48
Rival,RSC003456,Brainman_18,Vikings,The Sovereign,Lunar,50.7,873,57,0.568,0.579,33,24,19917,11300,8617,47,32,69,155,30.30%,340.2,193,147.2,0.8,0.55,1.18,2.65,349.4,198.2,151.2,0.82,0.56,1.21,2.72,149,125,2.55,2.14,2.61,2.19
Rival,RSC004283,Tragic Event,Justice League,The Comic Crusaders,Lunar,50.4,641,44,0.477,0.455,20,24,14356,8390,5966,30,28,58,109,27.50%,334,195.2,138.8,0.7,0.65,1.35,2.54,326.3,190.7,135.6,0.68,0.64,1.32,2.48,101,107,2.35,2.49,2.3,2.43
Rival,RSC004665,Prismiswashed.,MUTO,Kaiju,Solar,50.4,798,52,0.476,0.462,24,28,18339,10880,7459,50,28,62,138,36.20%,342.7,203.3,139.4,0.93,0.52,1.16,2.58,352.7,209.2,143.4,0.96,0.54,1.19,2.65,129,137,2.41,2.56,2.48,2.63
Rival,RSC002186,5Pike,Dire Wolves,Polar Vortex,Lunar,50.3,920,62,0.379,0.306,19,43,21707,12570,9137,57,26,79,162,35.20%,351.8,203.7,148.1,0.92,0.42,1.28,2.63,350.1,202.7,147.4,0.92,0.42,1.27,2.61,128,175,2.07,2.84,2.06,2.82
Rival,RSC000724,Dunnie14,Justice League,The Comic Crusaders,Lunar,50.2,880,60,0.484,0.483,29,31,20214,10920,9294,42,42,68,122,34.40%,342.5,185,157.5,0.71,0.71,1.15,2.07,336.9,182,154.9,0.7,0.7,1.13,2.03,144,150,2.44,2.54,2.4,2.5
Rival,,Iesblueice,MUTO,Kaiju,Solar,49.8,522,34,0.481,0.441,15,19,11788,6230,5558,25,21,36,88,28.40%,336.7,178,158.8,0.71,0.6,1.03,2.51,346.7,183.2,163.5,0.74,0.62,1.06,2.59,80,84,2.29,2.4,2.35,2.47
Rival,RSC000290,Jimjam,Holyhead Harpies,Quidditch League,Solar,49.7,685,47,0.421,0.426,20,27,15489,8430,7059,34,23,52,128,26.60%,337.2,183.5,153.7,0.74,0.5,1.13,2.79,329.6,179.4,150.2,0.72,0.49,1.11,2.72,110,134,2.39,2.92,2.34,2.85
Rival,RSC002217,Debt,Mozza Marauders,Italian Battalion,Lunar,49.1,788,55,0.42,0.418,23,32,18075,10230,7845,42,31,65,123,34.10%,342,193.6,148.5,0.79,0.59,1.23,2.33,328.6,186,142.6,0.76,0.56,1.18,2.24,126,154,2.38,2.91,2.29,2.8
Rival,RSC002640,Lastdark,Fangtooths,The Abyss,Lunar,48.9,808,55,0.475,0.436,24,31,17934,9590,8344,27,38,74,129,20.90%,331,177,154,0.5,0.7,1.37,2.38,326.1,174.4,151.7,0.49,0.69,1.35,2.35,118,126,2.18,2.33,2.15,2.29
Rival,RSC003186,Blaniac,Necromorphs,The Monster Mash,Lunar,48.6,409,28,0.415,0.464,13,15,8856,4760,4096,18,20,26,66,27.30%,322.9,173.5,149.3,0.66,0.73,0.95,2.41,316.3,170,146.3,0.64,0.71,0.93,2.36,62,77,2.26,2.81,2.21,2.75
Rival,RSC002736,Chulainn,Wind,The Elements,Solar,48.4,729,51,0.476,0.431,22,29,16976,9940,7036,51,17,53,134,38.10%,347.2,203.3,143.9,1.04,0.35,1.08,2.74,332.9,194.9,138,1,0.33,1.04,2.63,109,116,2.23,2.37,2.14,2.27
Rival,RSC004842,Trano.,Surge,Electric Mayhem,Lunar,48.4,90,6,0.558,0.5,3,3,2021,1210,811,6,3,6,16,37.50%,334.8,200.5,134.4,0.99,0.5,0.99,2.65,336.8,201.7,135.2,1,0.5,1,2.67,14,12,2.32,1.99,2.33,2
Rival,RSC004990,Legend,Snuggies,As Seen on TV!,Solar,47.5,803,53,0.551,0.547,29,24,18024,9850,8174,38,33,63,125,30.40%,334.7,182.9,151.8,0.71,0.61,1.17,2.32,340.1,185.8,154.2,0.72,0.62,1.19,2.36,129,113,2.4,2.1,2.43,2.13
Rival,RSC004070,Dr. Babies,Fangtooths,The Abyss,Lunar,47.3,264,17,0.528,0.529,9,8,6276,3730,2546,18,8,23,38,47.40%,354.5,210.7,143.8,1.02,0.45,1.3,2.15,369.2,219.4,149.8,1.06,0.47,1.35,2.24,43,40,2.43,2.26,2.53,2.35
Rival,RSC004871,Tmonz14,Surge,Electric Mayhem,Lunar,47.2,930,63,0.641,0.698,44,19,20293,11690,8603,45,40,73,154,29.20%,325.4,187.4,137.9,0.72,0.64,1.17,2.47,322.1,185.6,136.6,0.71,0.63,1.16,2.44,178,123,2.85,1.97,2.83,1.95
Rival,RSC004921,Icyphic,Bowheads,Whale Defense,Solar,47.1,701,45,0.465,0.422,19,26,15417,8630,6787,37,26,48,123,30.10%,327.9,183.6,144.4,0.79,0.55,1.02,2.62,342.6,191.8,150.8,0.82,0.58,1.07,2.73,107,117,2.28,2.49,2.38,2.6
Rival,RSC003330,Lebaneseninja,Basilisks,The Bestiary,Lunar,46.5,57,4,0.42,0.25,1,3,1392,790,602,4,1,5,9,44.40%,364.2,206.7,157.5,1.05,0.26,1.31,2.35,348,197.5,150.5,1,0.25,1.25,2.25,9,11,2.35,2.88,2.25,2.75
Rival,RSC003976,Creamysteve,Warrior Wasps,The Swarm,Solar,46.5,297,21,0.404,0.429,9,12,6541,3640,2901,15,10,22,54,27.80%,328.4,182.8,145.7,0.75,0.5,1.1,2.71,311.5,173.3,138.1,0.71,0.48,1.05,2.57,48,61,2.41,3.06,2.29,2.9
Rival,RSC004365,Mattixbigs,Dire Wolves,Polar Vortex,Lunar,45.7,920,62,0.379,0.306,19,43,20899,10790,10109,33,35,87,139,23.70%,338.7,174.9,163.8,0.53,0.57,1.41,2.25,337.1,174,163,0.53,0.56,1.4,2.24,128,175,2.07,2.84,2.06,2.82
Rival,RSC005000,Sirkrow,Polar Ice,Minty Fresh,Solar,45.5,722,51,0.42,0.471,24,27,16325,9210,7115,34,33,65,91,37.40%,337.2,190.2,146.9,0.7,0.68,1.34,1.88,320.1,180.6,139.5,0.67,0.65,1.27,1.78,112,137,2.31,2.83,2.2,2.69
Rival,RSC002330,Jestergg,Mozza Marauders,Italian Battalion,Lunar,44.7,213,16,0.402,0.25,4,12,4864,2390,2474,12,6,11,34,35.30%,340.5,167.3,173.2,0.84,0.42,0.77,2.38,304,149.4,154.6,0.75,0.38,0.69,2.13,32,41,2.24,2.87,2,2.56
Rival,RSC004854,Wicked Wilt,Ultraviolet,The Wavelengths,Solar,44.4,975,63,0.503,0.54,34,29,20890,11350,9540,41,39,73,165,24.80%,319.5,173.6,145.9,0.63,0.6,1.12,2.52,331.6,180.2,151.4,0.65,0.62,1.16,2.62,144,143,2.2,2.19,2.29,2.27
Rival,RSC001868,Thunda Esq,Mozza Marauders,Italian Battalion,Lunar,44,505,34,0.429,0.5,17,17,11052,6110,4942,23,24,39,66,34.80%,326.3,180.4,145.9,0.68,0.71,1.15,1.95,325.1,179.7,145.4,0.68,0.71,1.15,1.94,83,99,2.45,2.92,2.44,2.91
Rival,RSC003094,Galvarino,Polar Bears,The Bear Den,Lunar,42.9,932,64,0.403,0.484,31,33,21086,12110,8976,54,28,78,141,38.30%,337.4,193.8,143.6,0.86,0.45,1.25,2.26,329.5,189.2,140.3,0.84,0.44,1.22,2.2,140,179,2.24,2.86,2.19,2.8
Rival,RSC000320,Ryanawesome_,Polar Bears,The Bear Den,Lunar,42.7,932,64,0.403,0.484,31,33,20958,11760,9198,42,34,91,131,32.10%,335.3,188.2,147.2,0.67,0.54,1.46,2.1,327.5,183.8,143.7,0.66,0.53,1.42,2.05,140,179,2.24,2.86,2.19,2.8
Rival,RSC001034,Kingbonkk,"Reverb
Fangtooths","Rock FX
The Abyss",Lunar,42.7,671,46,0.428,0.391,18,28,15181,8370,6811,24,22,77,102,23.50%,337.4,186,151.4,0.53,0.49,1.71,2.27,330,182,148.1,0.52,0.48,1.67,2.22,84,102,1.87,2.27,1.83,2.22
Rival,RSC000460,Nano,Polar Ice,Minty Fresh,Solar,42.5,791,54,0.384,0.444,24,30,18021,10230,7791,45,16,71,138,32.60%,339.7,192.9,146.9,0.85,0.3,1.34,2.6,333.7,189.4,144.3,0.83,0.3,1.31,2.56,108,146,2.04,2.75,2,2.7
Rival,RSC000247,Hexic,Greed,Inferno,Solar,42.4,455,29,0.363,0.379,11,18,10261,5850,4411,25,15,39,65,38.50%,336.3,191.7,144.6,0.82,0.49,1.28,2.13,353.8,201.7,152.1,0.86,0.52,1.34,2.24,67,95,2.2,3.11,2.31,3.28
Rival,RSC000182,Goose,Blizzards,Storm,Solar,42.3,962,63,0.537,0.524,33,30,20990,12090,8900,54,37,69,139,38.80%,325.4,187.4,138,0.84,0.57,1.07,2.15,333.2,191.9,141.3,0.86,0.59,1.1,2.21,166,151,2.57,2.34,2.63,2.4
Rival,RSC001358,Cob,Greed,Inferno,Solar,42.2,750,48,0.388,0.417,20,28,16564,9670,6894,39,28,66,107,36.40%,329.3,192.3,137.1,0.78,0.56,1.31,2.13,345.1,201.5,143.6,0.81,0.58,1.38,2.23,118,156,2.35,3.1,2.46,3.25
Rival,RSC004869,Bananner,Snuggies,As Seen on TV!,Solar,42,636,42,0.522,0.548,23,19,13942,7520,6422,22,22,64,102,21.60%,326.9,176.3,150.6,0.52,0.52,1.5,2.39,332,179,152.9,0.52,0.52,1.52,2.43,89,84,2.09,1.97,2.12,2
Rival,RSC003168,Mykopolis,Greed,Inferno,Solar,41.6,784,50,0.459,0.48,24,26,16450,9780,6670,41,34,56,118,34.70%,312.9,186,126.9,0.78,0.65,1.07,2.24,329,195.6,133.4,0.82,0.68,1.12,2.36,142,157,2.7,2.99,2.84,3.14
Rival,RSC000491,Lazaryo,Scorpius,The N Ξ X U S,Solar,41.4,894,62,0.41,0.435,27,35,18785,10500,8285,42,35,62,145,29.00%,313.3,175.1,138.2,0.7,0.58,1.03,2.42,303,169.4,133.6,0.68,0.56,1,2.34,126,159,2.1,2.65,2.03,2.56
Rival,RSC003255,Cozyboy,Wings,Fifty-Fifty Pizzeria,Solar,41.1,697,45,0.673,0.644,29,16,14964,8590,6374,32,29,59,99,32.30%,320.1,183.8,136.4,0.68,0.62,1.26,2.12,332.5,190.9,141.6,0.71,0.64,1.31,2.2,142,90,3.04,1.93,3.16,2
Rival,RSC000754,Dfitz,Blizzards,Storm,Solar,40.7,434,29,0.527,0.552,16,13,9692,5680,4012,22,12,44,68,32.40%,333,195.2,137.8,0.76,0.41,1.51,2.34,334.2,195.9,138.3,0.76,0.41,1.52,2.34,77,72,2.65,2.47,2.66,2.48
Rival,RSC002153,Kyllonen_,Hammerheads,Shark Attack,Lunar,40.5,696,44,0.449,0.432,19,25,14204,8050,6154,30,26,50,125,24.00%,304.3,172.5,131.8,0.64,0.56,1.07,2.68,322.8,183,139.9,0.68,0.59,1.14,2.84,100,114,2.14,2.44,2.27,2.59
Rival,RSC003864,Destroyerallstar,"Necromorphs
Basilisks","The Monster Mash
The Bestiary",Lunar,40.2,174,13,0.425,0.462,6,7,3576,1950,1626,9,3,10,40,22.50%,306.5,167.1,139.3,0.77,0.26,0.86,3.43,275.1,150,125.1,0.69,0.23,0.77,3.08,23,28,1.97,2.4,1.77,2.15
Rival,RSC000024,Freezin,Chromium,Metal,Solar,40.2,683,48,0.535,0.5,24,24,14565,8500,6065,36,23,53,110,32.70%,318,185.6,132.4,0.79,0.5,1.16,2.4,303.4,177.1,126.4,0.75,0.48,1.1,2.29,117,107,2.55,2.34,2.44,2.23
Rival,RSC002467,Reccos007,Snowy Owls,Sub Zero,Solar,40,808,54,0.639,0.667,36,18,16822,9500,7322,36,33,60,125,28.80%,310.4,175.3,135.1,0.66,0.61,1.11,2.31,311.5,175.9,135.6,0.67,0.61,1.11,2.31,145,100,2.68,1.85,2.69,1.85
Rival,RSC000442,Lynky,Polar Ice,Minty Fresh,Solar,39.8,724,50,0.365,0.42,21,29,15584,7860,7724,27,27,55,106,25.50%,321,161.9,159.1,0.56,0.56,1.13,2.18,311.7,157.2,154.5,0.54,0.54,1.1,2.12,97,138,2,2.84,1.94,2.76
Rival,RSC002676,Mitchy.,Greed,Inferno,Solar,39.7,105,8,0.287,0.25,2,6,2103,1220,883,3,5,10,17,17.60%,298.7,173.3,125.4,0.43,0.71,1.42,2.41,262.9,152.5,110.4,0.38,0.63,1.25,2.13,13,23,1.85,3.27,1.63,2.88
Rival,RSC003104,Nizzlepls,Necromorphs,The Monster Mash,Lunar,39.1,772,54,0.49,0.574,31,23,17604,10100,7504,40,19,81,110,36.40%,340,195.1,144.9,0.77,0.37,1.56,2.12,326,187,139,0.74,0.35,1.5,2.04,117,120,2.26,2.32,2.17,2.22
Rival,RSC000499,Johkev,Sea Fury,Warbirds,Lunar,38.9,140,10,0.551,0.4,4,6,3082,1710,1372,7,4,12,21,33.30%,328.3,182.1,146.1,0.75,0.43,1.28,2.24,308.2,171,137.2,0.7,0.4,1.2,2.1,25,22,2.66,2.34,2.5,2.2
Rival,RSC002386,Gidderrrs,Reverb,Rock FX,Lunar,38.4,830,56,0.408,0.321,18,38,16622,8860,7762,30,35,55,136,22.10%,298.6,159.2,139.4,0.54,0.63,0.99,2.44,296.8,158.2,138.6,0.54,0.63,0.98,2.43,110,140,1.98,2.52,1.96,2.5
Rival,RSC004238,Tetsu,Polar Bears,The Bear Den,Lunar,38.3,16,2,0.653,0.5,1,1,349,110,239,0,1,1,1,0.00%,325.3,102.5,222.7,0,0.93,0.93,0.93,174.5,55,119.5,0,0.5,0.5,0.5,3,2,2.8,1.86,1.5,1
Rival,RSC004347,Mini Magoo,Wings,Fifty-Fifty Pizzeria,Solar,38.3,448,28,0.602,0.536,15,13,9125,5330,3795,26,18,23,68,38.20%,303.7,177.4,126.3,0.87,0.6,0.77,2.26,325.9,190.4,135.5,0.93,0.64,0.82,2.43,82,63,2.73,2.1,2.93,2.25
Rival,RSC004385,Braybaum02,Fangtooths,The Abyss,Lunar,38.3,319,23,0.483,0.435,10,13,7051,4100,2951,21,7,23,50,42.00%,329.6,191.7,137.9,0.98,0.33,1.08,2.34,306.6,178.3,128.3,0.91,0.3,1,2.17,45,47,2.1,2.2,1.96,2.04
Rival,RSC004511,Le Duckz,MUTO,Kaiju,Solar,38.2,908,60,0.5,0.5,30,30,19102,10100,9002,37,32,68,140,26.40%,313.7,165.9,147.8,0.61,0.53,1.12,2.3,318.4,168.3,150,0.62,0.53,1.13,2.33,145,145,2.38,2.38,2.42,2.42
Rival,RSC004211,Lynchmeister,Reverb,Rock FX,Lunar,38,576,40,0.477,0.4,16,24,12719,7360,5359,35,11,47,96,36.50%,329.3,190.5,138.7,0.91,0.28,1.22,2.49,318,184,134,0.88,0.28,1.18,2.4,80,85,2.07,2.2,2,2.13
Rival,RSC003209,Doce,Taipans,The Serpents,Lunar,37.6,233,16,0.288,0.25,4,12,5470,3070,2400,14,2,24,37,37.80%,350.1,196.5,153.6,0.9,0.13,1.54,2.37,341.9,191.9,150,0.88,0.13,1.5,2.31,23,42,1.47,2.69,1.44,2.63
Rival,RSC004857,Ttv_Nova_Ghostfy,"Holyhead Harpies
Taipans","Quidditch League
The Serpents",Solar,37.6,170,11,0.518,0.455,5,6,3875,2190,1685,7,4,21,24,29.20%,339.9,192.1,147.8,0.61,0.35,1.84,2.11,352.3,199.1,153.2,0.64,0.36,1.91,2.18,20,19,1.75,1.67,1.82,1.73
Rival,RSC000712,Laprius,Polar Ice,Minty Fresh,Solar,37,227,17,0.383,0.471,8,9,4411,2310,2101,11,10,7,36,30.60%,289.8,151.7,138,0.72,0.66,0.46,2.36,259.5,135.9,123.6,0.65,0.59,0.41,2.12,35,47,2.3,3.09,2.06,2.76
Rival,RSC001107,Anguz_Bruh,"Polar Ice
Scorpius","Minty Fresh
The N Ξ X U S",Solar,36.9,410,28,0.361,0.357,10,18,8899,4930,3969,18,11,39,63,28.60%,323.7,179.3,144.4,0.65,0.4,1.42,2.29,317.8,176.1,141.8,0.64,0.39,1.39,2.25,55,79,2,2.87,1.96,2.82
Rival,RSC005082,Silverwolf,Warrior Wasps,The Swarm,Solar,36.5,53,4,0.39,0.25,1,3,1051,560,491,2,3,3,6,33.30%,295.7,157.6,138.1,0.56,0.84,0.84,1.69,262.8,140,122.8,0.5,0.75,0.75,1.5,10,13,2.81,3.66,2.5,3.25
Rival,RSC003833,Soolkj,Taipans,The Serpents,Lunar,36.4,755,52,0.386,0.365,19,33,16713,8150,8563,24,26,71,90,26.70%,330.1,161,169.1,0.47,0.51,1.4,1.78,321.4,156.7,164.7,0.46,0.5,1.37,1.73,101,136,1.99,2.69,1.94,2.62
Rival,RSC002914,Moon,Dire Wolves,Polar Vortex,Lunar,36.3,234,14,0.5,0.5,7,7,4660,2750,1910,13,8,13,40,32.50%,297,175.2,121.7,0.83,0.51,0.83,2.55,332.9,196.4,136.4,0.93,0.57,0.93,2.86,41,41,2.61,2.61,2.93,2.93
Rival,RSC002357,Bieles,Shih Tzus,Puppy Paradise,Lunar,35.8,650,46,0.632,0.609,28,18,13051,7030,6021,33,20,32,113,29.20%,299.4,161.3,138.1,0.76,0.46,0.73,2.59,283.7,152.8,130.9,0.72,0.43,0.7,2.46,115,81,2.64,1.86,2.5,1.76
Rival,RSC002228,Funke,Bowheads,Whale Defense,Solar,35.5,803,50,0.446,0.42,21,29,16119,9280,6839,36,26,60,138,26.10%,299.3,172.3,127,0.67,0.48,1.11,2.56,322.4,185.6,136.8,0.72,0.52,1.2,2.76,121,139,2.25,2.58,2.42,2.78
Rival,RSC004137,Azazel,Chromium,Metal,Solar,34.6,529,36,0.5,0.444,16,20,11294,6250,5044,21,19,51,65,32.30%,318.4,176.2,142.2,0.59,0.54,1.44,1.83,313.7,173.6,140.1,0.58,0.53,1.42,1.81,76,76,2.14,2.14,2.11,2.11
Rival,RSC005048,Heyzisthename11,Polaris,The Cosmos,Solar,34.4,89,6,0.5,0.333,2,4,1932,1130,802,5,2,8,13,38.50%,323.7,189.3,134.4,0.84,0.34,1.34,2.18,322,188.3,133.7,0.83,0.33,1.33,2.17,15,15,2.51,2.51,2.5,2.5
Rival,RSC003118,Mysty,Polar Bears,The Bear Den,Lunar,33.9,916,62,0.399,0.484,30,32,19435,10750,8685,44,24,76,135,32.60%,316.4,175,141.4,0.72,0.39,1.24,2.2,313.5,173.4,140.1,0.71,0.39,1.23,2.18,137,177,2.23,2.88,2.21,2.85
Rival,RSC000239,DⓤG,Taipans,The Serpents,Lunar,33.9,282,19,0.306,0.316,6,13,5916,2930,2986,9,8,24,43,20.90%,312.8,154.9,157.9,0.48,0.42,1.27,2.27,311.4,154.2,157.2,0.47,0.42,1.26,2.26,29,50,1.53,2.64,1.53,2.63
Rival,RSC003830,Bradysc.,Hammerheads,Shark Attack,Lunar,32.3,971,63,0.428,0.413,26,37,19661,10660,9001,38,34,76,136,27.90%,301.9,163.7,138.2,0.58,0.52,1.17,2.09,312.1,169.2,142.9,0.6,0.54,1.21,2.16,129,156,1.98,2.4,2.05,2.48
Rival,RSC004394,Chis,Vikings,The Sovereign,Lunar,32.2,390,26,0.479,0.5,13,13,8310,4380,3930,16,7,36,63,25.40%,317.7,167.5,150.3,0.61,0.27,1.38,2.41,319.6,168.5,151.2,0.62,0.27,1.38,2.42,53,56,2.03,2.14,2.04,2.15
Rival,RSC004350,Saintgumbo98,Mozza Marauders,Italian Battalion,Lunar,31.9,477,33,0.295,0.242,8,25,9453,5500,3953,25,13,31,80,31.30%,295.5,171.9,123.6,0.78,0.41,0.97,2.5,286.5,166.7,119.8,0.76,0.39,0.94,2.42,61,105,1.91,3.28,1.85,3.18
Rival,RSC000038,Varenine,Ultraviolet,The Wavelengths,Solar,31.9,387,25,0.428,0.48,12,13,8145,4710,3435,18,8,38,61,29.50%,313.8,181.5,132.4,0.69,0.31,1.46,2.35,325.8,188.4,137.4,0.72,0.32,1.52,2.44,46,56,1.77,2.16,1.84,2.24
Rival,RSC000038,Varenine,Ultraviolet,The Wavelengths,Solar,31.9,387,25,0.428,0.48,12,13,8145,4710,3435,18,8,38,61,29.50%,313.8,181.5,132.4,0.69,0.31,1.46,2.35,325.8,188.4,137.4,0.72,0.32,1.52,2.44,46,56,1.77,2.16,1.84,2.24
Rival,RSC000178,Scias,Leshy,The Forest,Lunar,31.5,648,43,0.518,0.535,23,20,13035,7270,5765,32,21,42,92,34.80%,300,167.3,132.7,0.74,0.48,0.97,2.12,303.1,169.1,134.1,0.74,0.49,0.98,2.14,110,105,2.53,2.42,2.56,2.44
Rival,RSC000178,Scias,Leshy,The Forest,Lunar,31.5,648,43,0.518,0.535,23,20,13035,7270,5765,32,21,42,92,34.80%,300,167.3,132.7,0.74,0.48,0.97,2.12,303.1,169.1,134.1,0.74,0.49,0.98,2.14,110,105,2.53,2.42,2.56,2.44
Rival,RSC000967,Tr1Ppn,Justice League,The Comic Crusaders,Lunar,30.7,614,42,0.5,0.5,21,21,12975,7420,5555,32,15,53,82,39.00%,315.1,180.2,134.9,0.78,0.36,1.29,1.99,308.9,176.7,132.3,0.76,0.36,1.26,1.95,99,99,2.4,2.4,2.36,2.36
Rival,RSC003702,Donttakemyrock,"Bowheads
Snuggies","Whale Defense
As Seen on TV!",Solar,29.7,660,43,0.516,0.535,23,20,13113,7340,5773,32,22,43,89,36.00%,296.3,165.8,130.4,0.72,0.5,0.97,2.01,305,170.7,134.3,0.74,0.51,1,2.07,100,96,2.26,2.17,2.33,2.23
Rival,RSC000765,Potato Prophecy,Rated-RKO,Rocket Association Wrestling,Lunar,28.4,991,64,0.299,0.313,20,44,20299,11100,9199,28,31,110,125,22.40%,305.4,167,138.4,0.42,0.47,1.66,1.88,317.2,173.4,143.7,0.44,0.48,1.72,1.95,108,188,1.63,2.83,1.69,2.94
Rival,RSC004568,Bushboy72,Rated-RKO,Rocket Association Wrestling,Lunar,27.8,829,54,0.277,0.296,16,38,17309,9360,7949,34,18,79,111,30.60%,311.3,168.4,143,0.61,0.32,1.42,2,320.5,173.3,147.2,0.63,0.33,1.46,2.06,88,164,1.58,2.95,1.63,3.04
Rival,RSC000784,Astro,Shih Tzus,Puppy Paradise,Lunar,27.1,735,51,0.577,0.588,30,21,14052,7620,6432,33,28,40,92,35.90%,285.1,154.6,130.5,0.67,0.57,0.81,1.87,275.5,149.4,126.1,0.65,0.55,0.78,1.8,113,92,2.29,1.87,2.22,1.8
Rival,RSC000331,Turtle_Supreme,Rated-RKO,Rocket Association Wrestling,Lunar,27,909,59,0.302,0.322,19,40,18141,9840,8301,37,20,75,139,26.60%,297.6,161.4,136.2,0.61,0.33,1.23,2.28,307.5,166.8,140.7,0.63,0.34,1.27,2.36,99,171,1.62,2.81,1.68,2.9
Rival,RSC000755,Pre,"Fangtooths
Polar Ice","The Abyss
Minty Fresh",Lunar,26.9,145,8,0.381,0.375,3,5,2721,1610,1111,9,3,6,26,34.60%,279.8,165.6,114.3,0.93,0.31,0.62,2.67,340.1,201.3,138.9,1.13,0.38,0.75,3.25,19,26,1.95,2.67,2.38,3.25
Rival,RSC002128,Velocifaptor,Scorpius,The N Ξ X U S,Solar,26.8,586,40,0.42,0.425,17,23,11792,6270,5522,27,12,42,87,31.00%,300.1,159.5,140.5,0.69,0.31,1.07,2.21,294.8,156.8,138.1,0.68,0.3,1.05,2.18,88,108,2.24,2.75,2.2,2.7
Rival,RSC000922,Derk,Holyhead Harpies,Quidditch League,Solar,25.9,536,35,0.505,0.457,16,19,10964,6060,4904,23,15,48,61,37.70%,305,168.6,136.4,0.64,0.42,1.34,1.7,313.3,173.1,140.1,0.66,0.43,1.37,1.74,86,85,2.39,2.36,2.46,2.43
Rival,RSC002684,Monkries,Warrior Wasps,The Swarm,Solar,25.2,780,55,0.421,0.382,21,34,14702,8180,6522,31,34,51,83,37.30%,281.1,156.4,124.7,0.59,0.65,0.97,1.59,267.3,148.7,118.6,0.56,0.62,0.93,1.51,117,143,2.24,2.73,2.13,2.6
Rival,RSC001995,Tvveedle,"Basilisks
Greed","The Bestiary
Inferno",Solar,25,203,15,0.293,0.267,4,11,4103,1930,2173,8,4,13,28,28.60%,301.4,141.8,159.6,0.59,0.29,0.95,2.06,273.5,128.7,144.9,0.53,0.27,0.87,1.87,24,42,1.76,3.09,1.6,2.8
Rival,RSC002797,Mini,Hammerheads,Shark Attack,Lunar,24.9,299,21,0.343,0.333,7,14,5898,3080,2818,8,9,29,38,21.10%,294.1,153.6,140.5,0.4,0.45,1.45,1.9,280.9,146.7,134.2,0.38,0.43,1.38,1.81,31,48,1.55,2.39,1.48,2.29
Rival,RSC001614,Rexxay614,"Snowy Owls
Reverb","Sub Zero
Rock FX",Lunar,24.6,425,28,0.465,0.464,13,15,7749,4490,3259,10,17,41,59,16.90%,271.9,157.5,114.3,0.35,0.6,1.44,2.07,276.8,160.4,116.4,0.36,0.61,1.46,2.11,65,71,2.28,2.49,2.32,2.54
Rival,RSC004428,Toronto Pierson International,Fangtooths,The Abyss,Lunar,24.2,230,15,0.428,0.4,6,9,4314,2230,2084,6,9,18,28,21.40%,279.7,144.6,135.1,0.39,0.58,1.17,1.82,287.6,148.7,138.9,0.4,0.6,1.2,1.87,35,42,2.27,2.72,2.33,2.8
Rival,RSC004875,Prodijoe,"Reverb
Rated-RKO","Rock FX
Rocket Association Wrestling",Lunar,21.4,371,25,0.346,0.36,9,16,7185,3990,3195,15,10,31,44,34.10%,288.8,160.4,128.4,0.6,0.4,1.25,1.77,287.4,159.6,127.8,0.6,0.4,1.24,1.76,42,64,1.69,2.57,1.68,2.56
Rival,RSC004670,Carnagewolfbite,Scorpius,The N Ξ X U S,Solar,21.1,498,35,0.402,0.457,16,19,10044,5150,4894,16,13,48,50,32.00%,300.7,154.2,146.5,0.48,0.39,1.44,1.5,287,147.1,139.8,0.46,0.37,1.37,1.43,69,89,2.07,2.66,1.97,2.54
Rival,RSC003424,Fryder,Wind,The Elements,Solar,20.7,685,47,0.397,0.362,17,30,13268,6620,6648,20,18,58,82,24.40%,288.8,144.1,144.7,0.44,0.39,1.26,1.79,282.3,140.9,141.4,0.43,0.38,1.23,1.74,95,124,2.07,2.7,2.02,2.64
Rival,RSC000493,Swimmer,Bowheads,Whale Defense,Solar,20.7,658,44,0.477,0.477,21,23,12226,7120,5106,26,17,55,92,28.30%,277.1,161.4,115.7,0.59,0.39,1.25,2.08,277.9,161.8,116,0.59,0.39,1.25,2.09,98,104,2.22,2.36,2.23,2.36
Rival,RSC000716,Mochi,"Rated-RKO
Sea Fury","Rocket Association Wrestling
Warbirds",Lunar,18.8,281,18,0.491,0.444,8,10,4961,2570,2391,11,9,13,37,29.70%,263.3,136.4,126.9,0.58,0.48,0.69,1.96,275.6,142.8,132.8,0.61,0.5,0.72,2.06,40,41,2.12,2.18,2.22,2.28
Rival,RSC004405,Datdude0623,Dire Wolves,Polar Vortex,Lunar,18.8,686,48,0.337,0.25,12,36,12475,6330,6145,25,18,40,93,26.90%,271.2,137.6,133.6,0.54,0.39,0.87,2.02,259.9,131.9,128,0.52,0.38,0.83,1.94,87,134,1.89,2.91,1.81,2.79
Rival,RSC005005,Rep_Array,Taipans,The Serpents,Lunar,15,60,4,0.21,0,0,4,1051,480,571,1,0,5,13,7.70%,261.2,119.3,141.9,0.25,0,1.24,3.23,262.8,120,142.8,0.25,0,1.25,3.25,5,12,1.24,2.98,1.25,3
Rival,RSC005005,Rep_Array,Taipans,The Serpents,Lunar,15,60,4,0.21,0,0,4,1051,480,571,1,0,5,13,7.70%,261.2,119.3,141.9,0.25,0,1.24,3.23,262.8,120,142.8,0.25,0,1.25,3.25,5,12,1.24,2.98,1.25,3
Rival,RSC002427,Freestyle,Leshy,The Forest,Lunar,14.2,137,10,0.375,0.4,4,6,2476,1360,1116,7,3,7,16,43.80%,269.5,148,121.5,0.76,0.33,0.76,1.74,247.6,136,111.6,0.7,0.3,0.7,1.6,18,25,1.96,2.72,1.8,2.5
Rival,RSC003897,Halfiehour,"Holyhead Harpies
Basilisks","Quidditch League
The Bestiary",Solar,12.6,125,8,0.401,0.5,4,4,2133,1140,993,4,4,8,14,28.60%,254.4,136,118.5,0.48,0.48,0.95,1.67,266.6,142.5,124.1,0.5,0.5,1,1.75,17,22,2.03,2.62,2.13,2.75
Rival,RSC004413,Mr. Nuke!,"Taipans
Surge","The Serpents
Electric Mayhem",Lunar,2.5,396,27,0.279,0.333,9,18,6641,3440,3201,13,7,28,39,33.30%,250.1,129.5,120.5,0.49,0.26,1.05,1.47,246,127.4,118.6,0.48,0.26,1.04,1.44,48,87,1.81,3.28,1.78,3.22
Rival,RSC000126,Beyond Teddie,Fangtooths,The Abyss,Lunar,0.4,61,4,0.118,0,0,4,1028,410,618,0,1,6,6,0.00%,251.3,100.2,151.1,0,0.24,1.47,1.47,257,102.5,154.5,0,0.25,1.5,1.5,3,12,0.73,2.93,0.75,3
Rival,RSC000126,Beyond Teddie,Fangtooths,The Abyss,Lunar,0.4,61,4,0.118,0,0,4,1028,410,618,0,1,6,6,0.00%,251.3,100.2,151.1,0,0.24,1.47,1.47,257,102.5,154.5,0,0.25,1.5,1.5,3,12,0.73,2.93,0.75,3
Rival,RSC002609,Lshewasntreadyl,Warrior Wasps,The Swarm,Solar,-2,47,4,0.037,0,0,4,837,320,517,0,1,5,2,0.00%,265.6,101.5,164,0,0.32,1.59,0.63,209.3,80,129.3,0,0.25,1.25,0.5,2,15,0.63,4.76,0.5,3.75
Rival,RSC002925,Slushy,Ultraviolet,The Wavelengths,Solar,-11.1,183,12,0.107,0.083,1,11,2427,1040,1387,1,4,11,19,5.30%,197.8,84.7,113,0.08,0.33,0.9,1.55,202.3,86.7,115.6,0.08,0.33,0.92,1.58,10,41,0.81,3.34,0.83,3.42
Rival,RSC002809,Wannabuybubbles,Holyhead Harpies,Quidditch League,Solar,-12,58,4,0.317,0.25,1,3,834,390,444,2,1,2,4,50.00%,214.4,100.3,114.2,0.51,0.26,0.51,1.03,208.5,97.5,111,0.5,0.25,0.5,1,11,17,2.83,4.37,2.75,4.25
Rival,RSC002809,Wannabuybubbles,Holyhead Harpies,Quidditch League,Solar,-12,58,4,0.317,0.25,1,3,834,390,444,2,1,2,4,50.00%,214.4,100.3,114.2,0.51,0.26,0.51,1.03,208.5,97.5,111,0.5,0.25,0.5,1,11,17,2.83,4.37,2.75,4.25
Prospect,RSC004627,Dizzle,Foglets,The Bestiary,Lunar,89.4,739,50,0.608,0.62,31,19,22105,13180,8925,71,31,54,183,38.80%,424.8,253.3,171.5,1.36,0.6,1.04,3.52,442.1,263.6,178.5,1.42,0.62,1.08,3.66,149,113,2.86,2.17,2.98,2.26
Prospect,RSC004613,Skriviere,Jersey Devils,The Forest,Lunar,84.5,779,51,0.586,0.588,30,21,21261,13490,7771,63,45,63,179,35.20%,387.6,245.9,141.7,1.15,0.82,1.15,3.26,416.9,264.5,152.4,1.24,0.88,1.24,3.51,153,123,2.79,2.24,3,2.41
Prospect,RSC004614,Bad_Example,Jersey Devils,The Forest,Lunar,80.2,540,36,0.645,0.667,24,12,14312,8860,5452,44,34,33,111,39.60%,376.4,233,143.4,1.16,0.89,0.87,2.92,397.6,246.1,151.4,1.22,0.94,0.92,3.08,111,76,2.92,2,3.08,2.11
Prospect,RSC004859,Theonlycrow2929,Emperor Penguins,Sub Zero,Solar,80,611,41,0.629,0.683,28,13,17384,10630,6754,56,24,49,138,40.60%,404.1,247.1,157,1.3,0.56,1.14,3.21,424,259.3,164.7,1.37,0.59,1.2,3.37,123,88,2.86,2.05,3,2.15
Prospect,RSC003721,Kyurmex08,Piranhas,The Jungle,Solar,79.3,588,42,0.579,0.548,23,19,16931,10200,6731,52,20,53,135,38.50%,409,246.4,162.6,1.26,0.48,1.28,3.26,403.1,242.9,160.3,1.24,0.48,1.26,3.21,109,89,2.63,2.15,2.6,2.12
Prospect,RSC003697,Deaththekid331,Four Horsemen,Rocket Association Wrestling,Lunar,77.4,415,30,0.616,0.667,20,10,12068,7400,4668,35,16,46,80,43.80%,413,253.3,159.8,1.2,0.55,1.57,2.74,402.3,246.7,155.6,1.17,0.53,1.53,2.67,81,60,2.77,2.05,2.7,2
Prospect,RSC004908,Tyler,House Salads,Fifty-Fifty Pizzeria,Solar,77.3,709,52,0.473,0.462,24,28,19422,10650,8772,50,35,48,150,33.30%,389.1,213.3,175.7,1,0.7,0.96,3,373.5,204.8,168.7,0.96,0.67,0.92,2.88,128,137,2.56,2.74,2.46,2.63
Prospect,RSC001353,Pre Dude,Earth,The Elements,Solar,75.5,552,41,0.562,0.488,20,21,15871,8470,7401,38,22,50,107,35.50%,408.4,217.9,190.4,0.98,0.57,1.29,2.75,387.1,206.6,180.5,0.93,0.54,1.22,2.61,94,80,2.42,2.06,2.29,1.95
Prospect,RSC005019,M3Tabolic,Earth,The Elements,Solar,74.2,578,43,0.504,0.465,20,23,14570,8050,6520,30,36,41,120,25.00%,358,197.8,160.2,0.74,0.88,1.01,2.95,338.8,187.2,151.6,0.7,0.84,0.95,2.79,100,99,2.46,2.43,2.33,2.3
Prospect,RSC004326,The_Peskiest,Infrared,The Wavelengths,Solar,73.7,640,47,0.51,0.532,25,22,17750,10620,7130,55,29,50,117,47.00%,393.9,235.7,158.2,1.22,0.64,1.11,2.6,377.7,226,151.7,1.17,0.62,1.06,2.49,120,117,2.66,2.6,2.55,2.49
Prospect,RSC004856,Redfire0817,Chudley Cannons,Quidditch League,Solar,73.5,499,34,0.481,0.412,14,20,13191,7350,5841,35,18,34,125,28.00%,375.4,209.2,166.2,1,0.51,0.97,3.56,388,216.2,171.8,1.03,0.53,1,3.68,80,84,2.28,2.39,2.35,2.47
Prospect,RSC005056,Garrison,Barbarians,The Sovereign,Lunar,72.4,771,52,0.542,0.519,27,25,20747,11700,9047,53,30,64,170,31.20%,382.2,215.5,166.7,0.98,0.55,1.18,3.13,399,225,174,1.02,0.58,1.23,3.27,136,122,2.51,2.25,2.62,2.35
Prospect,RSC003720,Arisedaft,Foglets,The Bestiary,Lunar,70.5,336,24,0.654,0.708,17,7,8541,5120,3421,21,21,28,57,36.80%,361,216.4,144.6,0.89,0.89,1.18,2.41,355.9,213.3,142.5,0.88,0.88,1.17,2.38,77,52,3.25,2.2,3.21,2.17
Prospect,RSC004135,Frostii,Four Horsemen,Rocket Association Wrestling,Lunar,69.6,592,42,0.569,0.595,25,17,15413,9120,6293,40,29,51,112,35.70%,369.8,218.8,151,0.96,0.7,1.22,2.69,367,217.1,149.8,0.95,0.69,1.21,2.67,111,93,2.66,2.23,2.64,2.21
Prospect,RSC003172,Satch Malone,Mavericks,Warbirds,Lunar,68.4,789,52,0.506,0.5,26,26,20898,12190,8708,60,24,64,179,33.50%,376.2,219.4,156.8,1.08,0.43,1.15,3.22,401.9,234.4,167.5,1.15,0.46,1.23,3.44,125,123,2.25,2.21,2.4,2.37
Prospect,RSC001133,Beni Lava,Spearmint,Minty Fresh,Solar,64.1,484,36,0.5,0.556,20,16,12912,7100,5812,29,21,48,75,38.70%,378.9,208.3,170.6,0.85,0.62,1.41,2.2,358.7,197.2,161.4,0.81,0.58,1.33,2.08,80,80,2.35,2.35,2.22,2.22
Prospect,RSC003169,Roqket.,Iron,Metal,Solar,62.5,683,49,0.621,0.653,32,17,16580,9620,6960,41,29,53,142,28.90%,344.8,200,144.7,0.85,0.6,1.1,2.95,338.4,196.3,142,0.84,0.59,1.08,2.9,123,89,2.56,1.85,2.51,1.82
Prospect,RSC002412,Rosefanatic3615,Titanoboas,The Serpents,Lunar,61.7,415,30,0.495,0.5,15,15,9926,5740,4186,25,22,28,74,33.80%,339.7,196.4,143.3,0.86,0.75,0.96,2.53,330.9,191.3,139.5,0.83,0.73,0.93,2.47,73,74,2.5,2.53,2.43,2.47
Prospect,RSC004888,Agentanime07,Blobfish,The Abyss,Lunar,59.8,650,48,0.43,0.458,22,26,15873,9300,6573,42,29,50,115,36.50%,346.8,203.2,143.6,0.92,0.63,1.09,2.51,330.7,193.8,136.9,0.88,0.6,1.04,2.4,94,113,2.05,2.47,1.96,2.35
Prospect,RSC004845,Binboiz,Koala Bears,The Bear Den,Lunar,58.3,701,51,0.481,0.471,24,27,17416,10190,7226,51,23,52,134,38.10%,352.9,206.5,146.4,1.03,0.47,1.05,2.71,341.5,199.8,141.7,1,0.45,1.02,2.63,122,128,2.47,2.59,2.39,2.51
Prospect,,Lxserzz0,Iron,Metal,Solar,57,530,37,0.573,0.595,22,15,13256,7760,5496,35,20,48,86,40.70%,355.2,207.9,147.3,0.94,0.54,1.29,2.3,358.3,209.7,148.5,0.95,0.54,1.3,2.32,92,76,2.47,2.04,2.49,2.05
Prospect,RSC004348,Bigpugg,House Salads,Fifty-Fifty Pizzeria,Solar,56.8,431,32,0.491,0.5,16,16,10370,6150,4220,30,21,29,65,46.20%,341.7,202.7,139.1,0.99,0.69,0.96,2.14,324.1,192.2,131.9,0.94,0.66,0.91,2.03,86,88,2.83,2.9,2.69,2.75
Prospect,RSC004840,Obay Jackttv,Air Buds,Puppy Paradise,Lunar,56.6,68,4,0.596,0.75,3,1,1667,1080,587,6,2,5,13,46.20%,348.2,225.6,122.6,1.25,0.42,1.04,2.72,416.8,270,146.8,1.5,0.5,1.25,3.25,14,11,2.92,2.3,3.5,2.75
Prospect,RSC004688,Mntnd3Wme,Koala Bears,The Bear Den,Lunar,56.1,661,48,0.483,0.479,23,25,16150,8430,7720,35,28,49,108,32.40%,347,181.1,165.9,0.75,0.6,1.05,2.32,336.5,175.6,160.8,0.73,0.58,1.02,2.25,116,121,2.49,2.6,2.42,2.52
Prospect,RSC004970,Tgunn05,Four Horsemen,Rocket Association Wrestling,Lunar,55.2,636,45,0.628,0.689,31,14,15153,8560,6593,40,29,42,101,39.60%,338.4,191.2,147.2,0.89,0.65,0.94,2.26,336.7,190.2,146.5,0.89,0.64,0.93,2.24,127,91,2.84,2.03,2.82,2.02
Prospect,RSC004442,Hav0C,Titanoboas,The Serpents,Lunar,55.2,747,52,0.515,0.538,28,24,18373,10410,7963,50,25,57,131,38.20%,349.3,197.9,151.4,0.95,0.48,1.08,2.49,353.3,200.2,153.1,0.96,0.48,1.1,2.52,136,131,2.59,2.49,2.62,2.52
Prospect,RSC003213,Soba_Man,Titanoboas,The Serpents,Lunar,55.1,595,40,0.534,0.55,22,18,13178,7980,5198,30,29,48,113,26.50%,314.6,190.5,124.1,0.72,0.69,1.15,2.7,329.5,199.5,130,0.75,0.73,1.2,2.83,109,100,2.6,2.39,2.73,2.5
Prospect,RSC004099,Benpie24,Piranhas,The Jungle,Solar,54,582,42,0.611,0.571,24,18,13197,7440,5757,32,27,37,104,30.80%,322.1,181.6,140.5,0.78,0.66,0.9,2.54,314.2,177.1,137.1,0.76,0.64,0.88,2.48,117,88,2.86,2.15,2.79,2.1
Prospect,RSC005021,Rollindolan,Air Buds,Puppy Paradise,Lunar,53.8,537,37,0.449,0.432,16,21,13627,7980,5647,35,16,57,83,42.20%,360.4,211.1,149.4,0.93,0.42,1.51,2.2,368.3,215.7,152.6,0.95,0.43,1.54,2.24,86,98,2.27,2.59,2.32,2.65
Prospect,RSC003432,Redwinglegend,Emperor Penguins,Sub Zero,Solar,52.5,270,18,0.525,0.556,10,8,6361,4030,2331,18,9,26,48,37.50%,334.6,212,122.6,0.95,0.47,1.37,2.52,353.4,223.9,129.5,1,0.5,1.44,2.67,50,47,2.63,2.47,2.78,2.61
Prospect,RSC003978,Thenio,Infrared,The Wavelengths,Solar,51.2,687,50,0.487,0.48,24,26,16678,9760,6918,49,18,55,121,40.50%,344.8,201.8,143,1.01,0.37,1.14,2.5,333.6,195.2,138.4,0.98,0.36,1.1,2.42,127,131,2.63,2.71,2.54,2.62
Prospect,RSC004166,Markoyo,Iron,Metal,Solar,51.1,472,34,0.57,0.647,22,12,10871,6110,4761,26,20,35,76,34.20%,327.1,183.9,143.3,0.78,0.6,1.05,2.29,319.7,179.7,140,0.76,0.59,1.03,2.24,84,70,2.53,2.11,2.47,2.06
Prospect,RSC004249,Bb3Rk83,Barbarians,The Sovereign,Lunar,51,532,36,0.552,0.528,19,17,12375,7450,4925,40,16,33,100,40.00%,330.4,198.9,131.5,1.07,0.43,0.88,2.67,343.8,206.9,136.8,1.11,0.44,0.92,2.78,97,85,2.59,2.27,2.69,2.36
Prospect,RSC003523,Sleepy Harlow,Emperor Penguins,Sub Zero,Solar,50.2,696,47,0.608,0.638,30,17,14589,8590,5999,33,41,43,109,30.30%,297.7,175.3,122.4,0.67,0.84,0.88,2.22,310.4,182.8,127.6,0.7,0.87,0.91,2.32,141,107,2.88,2.18,3,2.28
Prospect,RSC003266,Gameymcgamertag,Spearmint,Minty Fresh,Solar,50.2,634,46,0.426,0.5,23,23,15448,8710,6738,28,22,78,91,30.80%,346.1,195.1,150.9,0.63,0.49,1.75,2.04,335.8,189.3,146.5,0.61,0.48,1.7,1.98,94,114,2.11,2.55,2.04,2.48
Prospect,RSC003726,Made By Miraj,Spearmint,Minty Fresh,Solar,49.3,485,37,0.368,0.432,16,21,11102,6090,5012,26,19,35,79,32.90%,325.1,178.3,146.8,0.76,0.56,1.02,2.31,300.1,164.6,135.5,0.7,0.51,0.95,2.14,68,96,1.99,2.81,1.84,2.59
Prospect,RSC004699,D3Wly,Rodan,Kaiju,Solar,49.1,553,40,0.534,0.55,22,18,13134,7530,5604,36,16,44,93,38.70%,337.3,193.4,143.9,0.92,0.41,1.13,2.39,328.4,188.3,140.1,0.9,0.4,1.1,2.33,94,86,2.41,2.21,2.35,2.15
Prospect,RSC007229,Yourboiblue,Air Buds,Puppy Paradise,Lunar,49.1,668,45,0.486,0.489,22,23,15069,8550,6519,42,27,38,110,38.20%,320.4,181.8,138.6,0.89,0.57,0.81,2.34,334.9,190,144.9,0.93,0.6,0.84,2.44,114,118,2.42,2.51,2.53,2.62
Prospect,RSC002182,Breadmg,Emperor Penguins,Sub Zero,Solar,48.8,643,43,0.593,0.628,27,16,14121,8320,5801,41,28,35,107,38.30%,311.9,183.8,128.1,0.91,0.62,0.77,2.36,328.4,193.5,134.9,0.95,0.65,0.81,2.49,129,102,2.85,2.25,3,2.37
Prospect,RSC004861,Batsly,Rodan,Kaiju,Solar,48.5,433,31,0.465,0.452,14,17,10519,6220,4299,26,10,48,72,36.10%,345,204,141,0.85,0.33,1.57,2.36,339.3,200.6,138.7,0.84,0.32,1.55,2.32,63,69,2.07,2.26,2.03,2.23
Prospect,RSC002021,Perk_At_Play,Barbarians,The Sovereign,Lunar,48.1,207,14,0.465,0.357,5,9,4495,2680,1815,12,8,14,38,31.60%,308.4,183.9,124.5,0.82,0.55,0.96,2.61,321.1,191.4,129.6,0.86,0.57,1,2.71,32,35,2.2,2.4,2.29,2.5
Prospect,RSC002350,Nacho,Sparks,Electric Mayhem,Lunar,45.8,652,47,0.279,0.255,12,35,15059,7980,7079,35,19,49,108,32.40%,328,173.8,154.2,0.76,0.41,1.07,2.35,320.4,169.8,150.6,0.74,0.4,1.04,2.3,82,149,1.79,3.25,1.74,3.17
Prospect,RSC000464,Ailurobear,"Blobfish
Sparks","The Abyss
Electric Mayhem",Lunar,45.4,544,41,0.406,0.415,17,24,12661,7020,5641,35,15,38,87,40.20%,330.6,183.3,147.3,0.91,0.39,0.99,2.27,308.8,171.2,137.6,0.85,0.37,0.93,2.12,80,102,2.09,2.66,1.95,2.49
Prospect,RSC004896,Phoenixark_7,Earth,The Elements,Solar,45.2,619,46,0.508,0.457,21,25,14050,7950,6100,39,21,41,95,41.10%,322.4,182.4,140,0.89,0.48,0.94,2.18,305.4,172.8,132.6,0.85,0.46,0.89,2.07,105,103,2.41,2.36,2.28,2.24
Prospect,RSC003916,G Robber22,Iron,Metal,Solar,45.2,481,36,0.644,0.639,23,13,11468,6430,5038,28,12,46,73,38.40%,338.6,189.9,148.8,0.83,0.35,1.36,2.16,318.6,178.6,139.9,0.78,0.33,1.28,2.03,91,62,2.69,1.83,2.53,1.72
Prospect,RSC003109,Kflip11,Rodan,Kaiju,Solar,45.2,591,41,0.533,0.561,23,18,12440,6830,5610,27,28,36,93,29.00%,299,164.1,134.8,0.65,0.67,0.87,2.23,303.4,166.6,136.8,0.66,0.68,0.88,2.27,98,90,2.36,2.16,2.39,2.2
Prospect,RSC002949,Razzr Elite,"Piranhas
Infrared","The Jungle
The Wavelengths",Solar,44.9,649,47,0.466,0.426,20,27,14093,7710,6383,32,27,43,101,31.70%,308.4,168.7,139.7,0.7,0.59,0.94,2.21,299.9,164,135.8,0.68,0.57,0.91,2.15,112,122,2.45,2.67,2.38,2.6
Prospect,RSC004222,Atma-,Piranhas,The Jungle,Solar,44.7,494,35,0.522,0.543,19,16,10917,6360,4557,29,20,35,71,40.80%,313.9,182.9,131,0.83,0.58,1.01,2.04,311.9,181.7,130.2,0.83,0.57,1,2.03,93,88,2.67,2.53,2.66,2.51
Prospect,RSC002108,Decebalus,"Gemini
Mavericks","The N Ξ X U S
Warbirds",Lunar,44.7,212,14,0.433,0.357,5,9,4414,2410,2004,9,11,13,31,29.00%,295.7,161.5,134.3,0.6,0.74,0.87,2.08,315.3,172.1,143.1,0.64,0.79,0.93,2.21,32,38,2.14,2.55,2.29,2.71
Prospect,RSC000126,Beyond Teddie,"Chudley Cannons
Blobfish","Quidditch League
The Abyss",Solar,44.1,115,8,0.26,0.125,1,7,2469,1470,999,4,5,13,17,23.50%,304.9,181.5,123.4,0.49,0.62,1.61,2.1,308.6,183.8,124.9,0.5,0.63,1.63,2.13,14,27,1.73,3.33,1.75,3.38
Prospect,RSC000126,Beyond Teddie,"Chudley Cannons
Blobfish","Quidditch League
The Abyss",Solar,44.1,115,8,0.26,0.125,1,7,2469,1470,999,4,5,13,17,23.50%,304.9,181.5,123.4,0.49,0.62,1.61,2.1,308.6,183.8,124.9,0.5,0.63,1.63,2.13,14,27,1.73,3.33,1.75,3.38
Prospect,RSC004844,Calicat01,Jersey Devils,The Forest,Lunar,44,445,28,0.561,0.536,15,13,9594,5470,4124,25,17,28,72,34.70%,306.2,174.6,131.6,0.8,0.54,0.89,2.3,342.6,195.4,147.3,0.89,0.61,1,2.57,83,71,2.65,2.27,2.96,2.54
Prospect,RSC004763,Smba-,Chudley Cannons,Quidditch League,Solar,43,461,32,0.404,0.281,9,23,10425,5560,4865,24,14,35,71,33.80%,321.2,171.3,149.9,0.74,0.43,1.08,2.19,325.8,173.8,152,0.75,0.44,1.09,2.22,67,86,2.06,2.65,2.09,2.69
Prospect,RSC004303,Shogun,Air Buds,Puppy Paradise,Lunar,42.7,598,41,0.489,0.463,19,22,13430,7630,5800,30,21,55,83,36.10%,319,181.2,137.8,0.71,0.5,1.31,1.97,327.6,186.1,141.5,0.73,0.51,1.34,2.02,104,107,2.47,2.54,2.54,2.61
Prospect,RSC003054,Particlect,Gemini,The N Ξ X U S,Solar,42.7,645,44,0.377,0.432,19,25,14298,7810,6488,31,21,53,101,30.70%,314.8,172,142.9,0.68,0.46,1.17,2.22,325,177.5,147.5,0.7,0.48,1.2,2.3,82,114,1.81,2.51,1.86,2.59
Prospect,RSC001933,Ducky,House Salads,Fifty-Fifty Pizzeria,Solar,41.7,627,46,0.431,0.435,20,26,13547,7000,6547,29,25,39,90,32.20%,306.9,158.6,148.3,0.66,0.57,0.88,2.04,294.5,152.2,142.3,0.63,0.54,0.85,1.96,106,126,2.4,2.85,2.3,2.74
Prospect,RSC000048,Pablo V2,Titanoboas,The Serpents,Lunar,41.5,484,34,0.509,0.559,19,15,10144,5960,4184,31,17,24,81,38.30%,297.7,174.9,122.8,0.91,0.5,0.7,2.38,298.4,175.3,123.1,0.91,0.5,0.71,2.38,90,88,2.64,2.58,2.65,2.59
Prospect,RSC004388,Bobbo174,Koala Bears,The Bear Den,Lunar,40.9,627,45,0.475,0.444,20,25,13386,7630,5756,30,25,50,88,34.10%,303.2,172.8,130.4,0.68,0.57,1.13,1.99,297.5,169.6,127.9,0.67,0.56,1.11,1.96,109,116,2.47,2.63,2.42,2.58
Prospect,RSC004272,I Grades I,Rodan,Kaiju,Solar,40.2,502,35,0.449,0.457,16,19,10960,5900,5060,19,21,47,60,31.70%,310.1,166.9,143.2,0.54,0.59,1.33,1.7,313.1,168.6,144.6,0.54,0.6,1.34,1.71,69,79,1.95,2.24,1.97,2.26
Prospect,RSC003851,Domtut14,Gemini,The N Ξ X U S,Solar,39.7,679,48,0.419,0.396,19,29,13790,7170,6620,20,27,54,112,17.90%,288.4,150,138.5,0.42,0.56,1.13,2.34,287.3,149.4,137.9,0.42,0.56,1.13,2.33,92,114,1.92,2.38,1.92,2.38
Prospect,RSC003153,Theman,Four Horsemen,Rocket Association Wrestling,Lunar,39.5,472,34,0.647,0.676,23,11,9541,5380,4161,24,23,24,63,38.10%,287.1,161.9,125.2,0.72,0.69,0.72,1.9,280.6,158.2,122.4,0.71,0.68,0.71,1.85,97,66,2.92,1.99,2.85,1.94
Prospect,RSC004669,Mayday369,"Gemini
Chudley Cannons","The N Ξ X U S
Quidditch League",Solar,39.1,189,14,0.444,0.357,5,9,4168,2190,1978,11,5,11,29,37.90%,313.2,164.6,148.6,0.83,0.38,0.83,2.18,297.7,156.4,141.3,0.79,0.36,0.79,2.07,34,39,2.55,2.93,2.43,2.79
Prospect,RSC002636,Nitemare,Foglets,The Bestiary,Lunar,38.9,629,43,0.607,0.605,26,17,12841,7020,5821,29,28,37,87,33.30%,289.9,158.5,131.4,0.65,0.63,0.84,1.96,298.6,163.3,135.4,0.67,0.65,0.86,2.02,125,95,2.82,2.15,2.91,2.21
Prospect,RSC000930,Solidfisher63,"Infrared
Four Horsemen","The Wavelengths
Rocket Association Wrestling",Solar,38.8,192,13,0.511,0.538,7,6,3542,1940,1602,6,11,10,29,20.70%,262,143.5,118.5,0.44,0.81,0.74,2.15,272.5,149.2,123.2,0.46,0.85,0.77,2.23,37,36,2.74,2.66,2.85,2.77
Prospect,RSC004184,Drivingwebster,Mavericks,Warbirds,Lunar,38.8,330,23,0.639,0.652,15,8,6628,3500,3128,10,16,25,45,22.20%,285.3,150.6,134.6,0.43,0.69,1.08,1.94,288.2,152.2,136,0.43,0.7,1.09,1.96,61,42,2.63,1.81,2.65,1.83
Prospect,RSC004184,Drivingwebster,Mavericks,Warbirds,Lunar,38.8,330,23,0.639,0.652,15,8,6628,3500,3128,10,16,25,45,22.20%,285.3,150.6,134.6,0.43,0.69,1.08,1.94,288.2,152.2,136,0.43,0.7,1.09,1.96,61,42,2.63,1.81,2.65,1.83
Prospect,RSC001032,Jme,"Chudley Cannons
Gemini","Quidditch League
The N Ξ X U S",Solar,38.7,144,9,0.483,0.556,5,4,2539,1310,1229,3,8,7,26,11.50%,250.4,129.2,121.2,0.3,0.79,0.69,2.56,282.1,145.6,136.6,0.33,0.89,0.78,2.89,22,23,2.17,2.27,2.44,2.56
Prospect,RSC004782,B00Tyeaterjoe96,Koala Bears,The Bear Den,Lunar,38.6,153,12,0.407,0.417,5,7,3269,1680,1589,7,5,10,23,30.40%,303.5,156,147.5,0.65,0.46,0.93,2.14,272.4,140,132.4,0.58,0.42,0.83,1.92,22,28,2.04,2.6,1.83,2.33
Prospect,RSC004678,Kingmunke,Blobfish,The Abyss,Lunar,38.4,383,30,0.437,0.467,14,16,8393,4160,4233,10,13,40,51,19.60%,311.2,154.3,157,0.37,0.48,1.48,1.89,279.8,138.7,141.1,0.33,0.43,1.33,1.7,56,66,2.08,2.45,1.87,2.2
Prospect,RSC004940,Pandacarriesm3,Blobfish,The Abyss,Lunar,38,541,39,0.395,0.436,17,22,12408,6200,6208,17,17,61,60,28.30%,325.7,162.8,163,0.45,0.45,1.6,1.58,318.2,159,159.2,0.44,0.44,1.56,1.54,76,100,2,2.63,1.95,2.56
Prospect,RSC004758,Array,House Salads,Fifty-Fifty Pizzeria,Solar,37.4,14,1,0.099,0,0,1,311,180,131,1,0,1,3,33.30%,315.5,182.6,132.9,1.01,0,1.01,3.04,311,180,131,1,0,1,3,1,4,1.01,4.06,1,4
Prospect,RSC004758,Array,House Salads,Fifty-Fifty Pizzeria,Solar,37.4,14,1,0.099,0,0,1,311,180,131,1,0,1,3,33.30%,315.5,182.6,132.9,1.01,0,1.01,3.04,311,180,131,1,0,1,3,1,4,1.01,4.06,1,4
Prospect,RSC004746,Tat Pitts,Gemini,The N Ξ X U S,Solar,37.2,687,48,0.379,0.396,19,29,15046,8450,6596,36,14,61,110,32.70%,311.1,174.7,136.4,0.74,0.29,1.26,2.27,313.5,176,137.4,0.75,0.29,1.27,2.29,93,128,1.92,2.65,1.94,2.67
Prospect,RSC003112,Thesaltylobbster,Piranhas,The Jungle,Solar,35.8,242,19,0.482,0.474,9,10,4927,2400,2527,12,9,8,35,34.30%,289.2,140.9,148.3,0.7,0.53,0.47,2.05,259.3,126.3,133,0.63,0.47,0.42,1.84,45,47,2.64,2.76,2.37,2.47
Prospect,RSC004177,Abeillonnaise,Foglets,The Bestiary,Lunar,35.3,588,39,0.601,0.641,25,14,11421,7230,4191,34,18,38,103,33.00%,275.9,174.6,101.2,0.82,0.43,0.92,2.49,292.8,185.4,107.5,0.87,0.46,0.97,2.64,114,88,2.75,2.13,2.92,2.26
Prospect,RSC000429,Ty,"Sparks
House Salads","Electric Mayhem
Fifty-Fifty Pizzeria",Lunar,35.1,537,39,0.358,0.333,13,26,11723,6530,5193,23,13,57,73,31.50%,310.1,172.7,137.3,0.61,0.34,1.51,1.93,300.6,167.4,133.2,0.59,0.33,1.46,1.87,76,110,2.01,2.91,1.95,2.82
Prospect,RSC004724,Egghead.,Chudley Cannons,Quidditch League,Solar,33.1,182,13,0.512,0.538,7,6,3297,1870,1427,8,7,8,32,25.00%,257.3,145.9,111.4,0.62,0.55,0.62,2.5,253.6,143.8,109.8,0.62,0.54,0.62,2.46,35,34,2.73,2.65,2.69,2.62
Prospect,RSC004876,Powerof3,Chudley Cannons,Quidditch League,Solar,31.8,557,38,0.467,0.421,16,22,11041,6370,4671,29,18,36,77,37.70%,281.5,162.4,119.1,0.74,0.46,0.92,1.96,290.6,167.6,122.9,0.76,0.47,0.95,2.03,92,100,2.35,2.55,2.42,2.63
Prospect,RSC004255,Avgjohnson,Mavericks,Warbirds,Lunar,29.4,722,48,0.497,0.5,24,24,13979,7580,6399,28,22,53,103,27.20%,275,149.1,125.9,0.55,0.43,1.04,2.03,291.2,157.9,133.3,0.58,0.46,1.1,2.15,114,115,2.24,2.26,2.38,2.4
Prospect,RSC003777,Mr Lophi,Mavericks,Warbirds,Lunar,28.3,341,21,0.464,0.429,9,12,6788,4030,2758,22,6,20,53,41.50%,282.7,167.9,114.9,0.92,0.25,0.83,2.21,323.2,191.9,131.3,1.05,0.29,0.95,2.52,51,56,2.12,2.33,2.43,2.67
Prospect,RSC003123,Itpaystoslay,Sparks,Electric Mayhem,Lunar,25,483,36,0.298,0.278,10,26,9168,4960,4208,17,14,39,61,27.90%,269.6,145.8,123.7,0.5,0.41,1.15,1.79,254.7,137.8,116.9,0.47,0.39,1.08,1.69,63,108,1.85,3.18,1.75,3
Prospect,RSC004279,Onlyjammer,Air Buds,Puppy Paradise,Lunar,23.3,372,25,0.409,0.4,10,15,6677,3990,2687,16,13,26,44,36.40%,254.9,152.3,102.6,0.61,0.5,0.99,1.68,267.1,159.6,107.5,0.64,0.52,1.04,1.76,63,79,2.41,3.02,2.52,3.16
Prospect,RSC004059,Turboalpaca,Barbarians,The Sovereign,Lunar,22.8,679,45,0.567,0.578,26,19,11475,6490,4985,28,22,31,104,26.90%,240,135.8,104.3,0.59,0.46,0.65,2.18,255,144.2,110.8,0.62,0.49,0.69,2.31,127,107,2.66,2.24,2.82,2.38
Prospect,RSC002796,Carno,Spearmint,Minty Fresh,Solar,21.6,515,37,0.403,0.432,16,21,9620,5060,4560,22,12,32,66,33.30%,265.3,139.5,125.8,0.61,0.33,0.88,1.82,260,136.8,123.2,0.59,0.32,0.86,1.78,73,94,2.01,2.59,1.97,2.54
Prospect,RSC004220,Logixaal,Jersey Devils,The Forest,Lunar,21.5,633,41,0.535,0.512,21,20,11904,6410,5494,24,17,49,71,33.80%,267.1,143.8,123.3,0.54,0.38,1.1,1.59,290.3,156.3,134,0.59,0.41,1.2,1.73,121,111,2.71,2.49,2.95,2.71
Prospect,RSC004387,Runninghair,House Salads,Fifty-Fifty Pizzeria,Solar,20.2,268,19,0.517,0.474,9,10,4640,2490,2150,10,7,15,39,25.60%,245.9,132,113.9,0.53,0.37,0.79,2.07,244.2,131.1,113.2,0.53,0.37,0.79,2.05,47,45,2.49,2.38,2.47,2.37
Prospect,RSC003288,Greengofantastic,Blobfish,The Abyss,Lunar,19.6,46,4,0.136,0.25,1,3,836,430,406,2,2,2,3,66.70%,258.1,132.8,125.4,0.62,0.62,0.62,0.93,209,107.5,101.5,0.5,0.5,0.5,0.75,5,15,1.54,4.63,1.25,3.75
Prospect,RSC003288,Greengofantastic,Blobfish,The Abyss,Lunar,19.6,46,4,0.136,0.25,1,3,836,430,406,2,2,2,3,66.70%,258.1,132.8,125.4,0.62,0.62,0.62,0.93,209,107.5,101.5,0.5,0.5,0.5,0.75,5,15,1.54,4.63,1.25,3.75
Prospect,RSC004943,Fpsframerate,Piranhas,The Jungle,Solar,16.5,61,4,0.678,0.5,2,2,943,510,433,0,3,6,6,0.00%,219.6,118.7,100.8,0,0.7,1.4,1.4,235.8,127.5,108.3,0,0.75,1.5,1.5,10,6,2.33,1.4,2.5,1.5
Prospect,RSC004790,Thefrostnl,Barbarians,The Sovereign,Lunar,13.1,124,9,0.478,0.444,4,5,2240,990,1250,3,2,9,14,21.40%,256.6,113.4,143.2,0.34,0.23,1.03,1.6,248.9,110,138.9,0.33,0.22,1,1.56,16,17,1.83,1.95,1.78,1.89
Prospect,RSC004937,The_Hogwired,Sparks,Electric Mayhem,Lunar,9.9,401,29,0.206,0.069,2,27,6703,3530,3173,14,8,26,43,32.60%,237.4,125,112.4,0.5,0.28,0.92,1.52,231.1,121.7,109.4,0.48,0.28,0.9,1.48,44,102,1.56,3.61,1.52,3.52
Prospect,RSC004274,Zvrns,"House Salads
Emperor Penguins
Mavericks","Fifty-Fifty Pizzeria
Sub Zero
Warbirds",Solar,2.1,115,8,0.243,0.125,1,7,1895,910,985,4,1,7,11,36.40%,234,112.4,121.6,0.49,0.12,0.86,1.36,236.9,113.8,123.1,0.5,0.13,0.88,1.38,12,25,1.48,3.09,1.5,3.13
Prospect,RSC002229,Banshii,Infrared,The Wavelengths,Solar,1.1,203,15,0.48,0.4,6,9,3026,1290,1736,3,6,11,14,21.40%,211.7,90.3,121.5,0.21,0.42,0.77,0.98,201.7,86,115.7,0.2,0.4,0.73,0.93,41,43,2.87,3.01,2.73,2.87
Prospect,RSC002229,Banshii,Infrared,The Wavelengths,Solar,1.1,203,15,0.48,0.4,6,9,3026,1290,1736,3,6,11,14,21.40%,211.7,90.3,121.5,0.21,0.42,0.77,0.98,201.7,86,115.7,0.2,0.4,0.73,0.93,41,43,2.87,3.01,2.73,2.87
Prospect,RSC003362,Quidditch Captn,Earth,The Elements,Solar,-1.1,213,17,0.286,0.294,5,12,3247,1290,1957,1,5,16,14,7.10%,216.5,86,130.5,0.07,0.33,1.07,0.93,191,75.9,115.1,0.06,0.29,0.94,0.82,25,45,1.67,3,1.47,2.65
Prospect,RSC004980,Whirlwind,Gemini,The N Ξ X U S,Solar,-9.4,82,5,0.151,0.4,2,3,1240,660,580,3,0,6,6,50.00%,214.8,114.3,100.5,0.52,0,1.04,1.04,248,132,116,0.6,0,1.2,1.2,7,21,1.21,3.64,1.4,4.2
Prospect,RSC004981,Itzzmmg,Air Buds,Puppy Paradise,Lunar,-10.7,55,4,0.593,0.5,2,2,745,330,415,1,1,3,3,33.30%,192.4,85.2,107.2,0.26,0.26,0.77,0.77,186.3,82.5,103.8,0.25,0.25,0.75,0.75,9,7,2.32,1.81,2.25,1.75
Premier,RSC002125,Neoblastz,Mastodons,Polar Vortex,Lunar,83.5,59,4,0.351,0.25,1,3,1547,970,577,2,4,9,12,16.70%,416.2,261,155.2,0.54,1.08,2.42,3.23,386.8,242.5,144.3,0.5,1,2.25,3,9,13,2.42,3.5,2.25,3.25
Premier,RSC002125,Neoblastz,Mastodons,Polar Vortex,Lunar,83.5,59,4,0.351,0.25,1,3,1547,970,577,2,4,9,12,16.70%,416.2,261,155.2,0.54,1.08,2.42,3.23,386.8,242.5,144.3,0.5,1,2.25,3,9,13,2.42,3.5,2.25,3.25
Premier,RSC002882,.Pyyros,Megalodons,Shark Attack,Lunar,77.2,712,46,0.632,0.587,27,19,19218,10890,8328,48,25,65,159,30.20%,428.4,242.8,185.7,1.07,0.56,1.45,3.54,417.8,236.7,181,1.04,0.54,1.41,3.46,114,80,2.54,1.78,2.48,1.74
Premier,RSC004762,Not_Zeenics,Interstellar,The Cosmos,Solar,76.2,449,28,0.598,0.536,15,13,12980,7480,5500,38,8,47,93,40.90%,458.9,264.4,194.4,1.34,0.28,1.66,3.29,463.6,267.1,196.4,1.36,0.29,1.68,3.32,76,59,2.69,2.09,2.71,2.11
Premier,RSC000978,Leaf,The Avengers,The Comic Crusaders,Lunar,72.7,751,48,0.49,0.542,26,22,20126,11730,8396,48,35,77,133,36.10%,425.4,247.9,177.5,1.01,0.74,1.63,2.81,419.3,244.4,174.9,1,0.73,1.6,2.77,119,122,2.52,2.58,2.48,2.54
Premier,RSC004035,Timmy_-_,Mastodons,Polar Vortex,Lunar,72.2,248,16,0.413,0.25,4,12,6540,4020,2520,17,11,26,47,36.20%,418.6,257.3,161.3,1.09,0.7,1.66,3.01,408.8,251.3,157.5,1.06,0.69,1.63,2.94,37,46,2.37,2.94,2.31,2.88
Premier,RSC002050,Dmt Goobz,Drones,The Swarm,Solar,68.2,391,24,0.535,0.5,12,12,10034,6020,4014,26,15,38,77,33.80%,407.3,244.4,162.9,1.06,0.61,1.54,3.13,418.1,250.8,167.3,1.08,0.63,1.58,3.21,58,53,2.35,2.15,2.42,2.21
Premier,RSC000996,Greensleeves,"Treachery
Mastodons","Inferno
Polar Vortex",Solar,67.1,829,52,0.579,0.596,31,21,20575,13240,7335,62,45,66,149,41.60%,393.9,253.5,140.4,1.19,0.86,1.26,2.85,395.7,254.6,141.1,1.19,0.87,1.27,2.87,158,130,3.03,2.49,3.04,2.5
Premier,RSC001935,Kenobs,Treachery,Inferno,Solar,66.7,326,20,0.636,0.65,13,7,7953,4680,3273,20,24,20,48,41.70%,387.2,227.9,159.4,0.97,1.17,0.97,2.34,397.7,234,163.7,1,1.2,1,2.4,75,54,3.65,2.63,3.75,2.7
Premier,RSC004306,Mxnorf,Hurricanes,Storm,Solar,66.3,766,47,0.567,0.638,30,17,18724,10570,8154,38,38,68,147,25.90%,388,219,169,0.79,0.79,1.41,3.05,398.4,224.9,173.5,0.81,0.81,1.45,3.13,126,106,2.61,2.2,2.68,2.26
Premier,RSC001927,Ghxst,Fettuccine Force,Italian Battalion,Lunar,65.8,853,55,0.672,0.745,41,14,20839,12150,8689,45,43,78,160,28.10%,387.8,226.1,161.7,0.84,0.8,1.45,2.98,378.9,220.9,158,0.82,0.78,1.42,2.91,134,83,2.49,1.54,2.44,1.51
Premier,RSC004149,Insanity,Hurricanes,Storm,Solar,65.6,729,47,0.643,0.66,31,16,18388,10250,8138,41,33,64,130,31.50%,400.4,223.2,177.2,0.89,0.72,1.39,2.83,391.2,218.1,173.1,0.87,0.7,1.36,2.77,127,87,2.77,1.89,2.7,1.85
Premier,RSC000436,Distant,Interstellar,The Cosmos,Solar,60.8,819,53,0.481,0.472,25,28,20671,11540,9131,42,29,90,139,30.20%,400.6,223.7,177,0.81,0.56,1.74,2.69,390,217.7,172.3,0.79,0.55,1.7,2.62,121,127,2.35,2.46,2.28,2.4
Premier,RSC004924,Comet.,Mastodons,Polar Vortex,Lunar,60.2,118,8,0.479,0.375,3,5,2867,1560,1307,7,5,8,21,33.30%,385.7,209.8,175.8,0.94,0.67,1.08,2.82,358.4,195,163.4,0.88,0.63,1,2.63,19,20,2.56,2.69,2.38,2.5
Premier,RSC004924,Comet.,Mastodons,Polar Vortex,Lunar,60.2,118,8,0.479,0.375,3,5,2867,1560,1307,7,5,8,21,33.30%,385.7,209.8,175.8,0.94,0.67,1.08,2.82,358.4,195,163.4,0.88,0.63,1,2.63,19,20,2.56,2.69,2.38,2.5
Premier,RSC000336,Bismarck,"Treachery
Drones","Inferno
The Swarm",Solar,59.8,589,38,0.557,0.526,20,18,13946,8410,5536,34,30,50,101,33.70%,375.8,226.6,149.2,0.92,0.81,1.35,2.72,367,221.3,145.7,0.89,0.79,1.32,2.66,105,91,2.83,2.45,2.76,2.39
Premier,RSC000773,Sicey,Reapers,The Monster Mash,Lunar,58.4,948,58,0.514,0.517,30,28,23529,14070,9459,56,34,104,157,35.70%,394,235.6,158.4,0.94,0.57,1.74,2.63,405.7,242.6,163.1,0.97,0.59,1.79,2.71,144,139,2.41,2.33,2.48,2.4
Premier,RSC001232,Darkness,Hurricanes,Storm,Solar,58.3,825,51,0.577,0.627,32,19,19155,10910,8245,58,28,39,176,33.00%,368.5,209.9,158.6,1.12,0.54,0.75,3.39,375.6,213.9,161.7,1.14,0.55,0.76,3.45,139,114,2.67,2.19,2.73,2.24
Premier,RSC005052,Yinliner,Reapers,The Monster Mash,Lunar,57.4,926,56,0.519,0.536,30,26,21301,11790,9511,42,41,76,174,24.10%,365.1,202.1,163,0.72,0.7,1.3,2.98,380.4,210.5,169.8,0.75,0.73,1.36,3.11,146,139,2.5,2.38,2.61,2.48
Premier,RSC004079,Toxic,"Drones
Treachery","The Swarm
Inferno",Solar,56,312,19,0.433,0.474,9,10,7181,4130,3051,12,15,33,53,22.60%,365.3,210.1,155.2,0.61,0.76,1.68,2.7,377.9,217.4,160.6,0.63,0.79,1.74,2.79,42,50,2.14,2.54,2.21,2.63
Premier,RSC000728,Gatman,Treachery,Inferno,Solar,56,253,16,0.511,0.563,9,7,5554,3000,2554,12,10,15,55,21.80%,348.4,188.2,160.2,0.75,0.63,0.94,3.45,347.1,187.5,159.6,0.75,0.63,0.94,3.44,37,36,2.32,2.26,2.31,2.25
Premier,RSC002037,Alfredo,Fettuccine Force,Italian Battalion,Lunar,54.7,786,50,0.672,0.74,37,13,17782,10510,7272,48,22,58,171,28.10%,359.1,212.2,146.9,0.97,0.44,1.17,3.45,355.6,210.2,145.4,0.96,0.44,1.16,3.42,120,74,2.42,1.49,2.4,1.48
Premier,RSC002560,Killshot.,Megalodons,Shark Attack,Lunar,53.4,779,50,0.586,0.54,27,23,18235,10040,8195,33,30,79,129,25.60%,371.6,204.6,167,0.67,0.61,1.61,2.63,364.7,200.8,163.9,0.66,0.6,1.58,2.58,117,93,2.38,1.89,2.34,1.86
Premier,RSC000745,Yung-,Fettuccine Force,Italian Battalion,Lunar,52.7,871,56,0.662,0.732,41,15,19469,10870,8599,39,42,68,147,26.50%,354.8,198.1,156.7,0.71,0.77,1.24,2.68,347.7,194.1,153.6,0.7,0.75,1.21,2.63,135,86,2.46,1.57,2.41,1.54
Premier,RSC003882,Alex,Treachery,Inferno,Solar,50.2,714,47,0.504,0.532,25,22,16513,9630,6883,41,22,64,123,33.30%,367.1,214.1,153,0.91,0.49,1.42,2.73,351.3,204.9,146.4,0.87,0.47,1.36,2.62,107,106,2.38,2.36,2.28,2.26
Premier,RSC005086,Kingnate74,Mastodons,Polar Vortex,Lunar,50.1,72,4,0.359,0,0,4,1619,870,749,4,3,4,12,33.30%,356.9,191.8,165.1,0.88,0.66,0.88,2.65,404.8,217.5,187.3,1,0.75,1,3,9,13,1.98,2.87,2.25,3.25
Premier,RSC002542,Wiickkeddd,Drones,The Swarm,Solar,50.1,902,54,0.418,0.37,20,34,21149,11660,9489,46,26,85,151,30.50%,372.2,205.2,167,0.81,0.46,1.5,2.66,391.6,215.9,175.7,0.85,0.48,1.57,2.8,118,146,2.08,2.57,2.19,2.7
Premier,RSC002782,Jimjohn,Mastodons,Polar Vortex,Lunar,49.9,189,12,0.332,0.333,4,8,4825,2640,2185,12,2,21,29,41.40%,405.2,221.7,183.5,1.01,0.17,1.76,2.44,402.1,220,182.1,1,0.17,1.75,2.42,21,33,1.76,2.77,1.75,2.75
Premier,RSC001977,T.,Double Mint,Minty Fresh,Solar,49.6,644,42,0.323,0.262,11,31,15527,8810,6717,38,16,64,101,37.60%,382.7,217.1,165.6,0.94,0.39,1.58,2.49,369.7,209.8,159.9,0.9,0.38,1.52,2.4,82,130,2.02,3.2,1.95,3.1
Premier,RSC000591,Packers,Double Mint,Minty Fresh,Solar,48.1,532,33,0.337,0.303,10,23,12664,7150,5514,28,12,58,85,32.90%,377.8,213.3,164.5,0.84,0.36,1.73,2.54,383.8,216.7,167.1,0.85,0.36,1.76,2.58,63,97,1.88,2.89,1.91,2.94
Premier,RSC000381,Noriko,The Avengers,The Comic Crusaders,Lunar,43.4,614,38,0.433,0.474,18,20,13805,7310,6495,31,17,48,96,32.30%,356.9,189,167.9,0.8,0.44,1.24,2.48,363.3,192.4,170.9,0.82,0.45,1.26,2.53,86,102,2.22,2.64,2.26,2.68
Premier,RSC002532,Bubblyreaper,Megalodons,Shark Attack,Lunar,43.2,720,46,0.586,0.543,25,21,15504,8790,6714,34,29,57,109,31.20%,341.8,193.8,148,0.75,0.64,1.26,2.4,337,191.1,146,0.74,0.63,1.24,2.37,107,85,2.36,1.87,2.33,1.85
Premier,RSC003344,Frisbee,"Treachery
Reapers","Inferno
The Monster Mash",Solar,42.9,227,14,0.392,0.357,5,9,4932,2950,1982,10,8,24,35,28.60%,344.9,206.3,138.6,0.7,0.56,1.68,2.45,352.3,210.7,141.6,0.71,0.57,1.71,2.5,27,36,1.89,2.52,1.93,2.57
Premier,RSC000516,Dorito,Interstellar,The Cosmos,Solar,41.6,242,17,0.489,0.471,8,9,5057,2660,2397,7,13,20,31,22.60%,331.7,174.5,157.2,0.46,0.85,1.31,2.03,297.5,156.5,141,0.41,0.76,1.18,1.82,35,36,2.3,2.36,2.06,2.12
Premier,RSC000851,Joez,Double Mint,Minty Fresh,Solar,41.2,63,4,0.541,0.75,3,1,1312,890,422,4,3,5,9,44.40%,330.6,224.2,106.3,1.01,0.76,1.26,2.27,328,222.5,105.5,1,0.75,1.25,2.25,10,9,2.52,2.27,2.5,2.25
Premier,RSC000851,Joez,Double Mint,Minty Fresh,Solar,41.2,63,4,0.541,0.75,3,1,1312,890,422,4,3,5,9,44.40%,330.6,224.2,106.3,1.01,0.76,1.26,2.27,328,222.5,105.5,1,0.75,1.25,2.25,10,9,2.52,2.27,2.5,2.25
Premier,RSC004228,Shazzy Fanboy,The Avengers,The Comic Crusaders,Lunar,41.1,619,38,0.442,0.474,18,20,12168,6930,5238,25,26,40,113,22.10%,312,177.7,134.3,0.64,0.67,1.03,2.9,320.2,182.4,137.8,0.66,0.68,1.05,2.97,87,101,2.23,2.59,2.29,2.66
Premier,RSC003324,Jspiel,Interstellar,The Cosmos,Solar,38.4,422,30,0.4,0.367,11,19,8632,4830,3802,19,15,30,68,27.90%,324.7,181.7,143,0.71,0.56,1.13,2.56,287.7,161,126.7,0.63,0.5,1,2.27,59,76,2.22,2.86,1.97,2.53
Premier,RSC004887,Laser,Fettuccine Force,Italian Battalion,Lunar,38.1,103,7,0.525,0.571,4,3,2159,1100,1059,3,6,8,10,30.00%,332.7,169.5,163.2,0.46,0.92,1.23,1.54,308.4,157.1,151.3,0.43,0.86,1.14,1.43,16,15,2.47,2.31,2.29,2.14
Premier,RSC004923,Monster.,Double Mint,Minty Fresh,Solar,38,456,31,0.315,0.29,9,22,9417,4730,4687,15,17,34,68,22.10%,327.8,164.6,163.1,0.52,0.59,1.18,2.37,303.8,152.6,151.2,0.48,0.55,1.1,2.19,56,91,1.95,3.17,1.81,2.94
Premier,RSC000690,Paco,Double Mint,Minty Fresh,Solar,37.9,224,14,0.422,0.5,7,7,4090,2200,1890,7,14,9,35,20.00%,289.8,155.9,133.9,0.5,0.99,0.64,2.48,292.1,157.1,135,0.5,1,0.64,2.5,32,39,2.27,2.76,2.29,2.79
Premier,RSC000690,Paco,Double Mint,Minty Fresh,Solar,37.9,224,14,0.422,0.5,7,7,4090,2200,1890,7,14,9,35,20.00%,289.8,155.9,133.9,0.5,0.99,0.64,2.48,292.1,157.1,135,0.5,1,0.64,2.5,32,39,2.27,2.76,2.29,2.79
Premier,RSC003749,Rule,Megalodons,Shark Attack,Lunar,37.6,168,11,0.517,0.455,5,6,3432,1830,1602,5,5,16,28,17.90%,324.3,172.9,151.4,0.47,0.47,1.51,2.65,312,166.4,145.6,0.45,0.45,1.45,2.55,22,21,2.08,1.98,2,1.91
Premier,RSC000849,Dapperstarfishh,Mastodons,Polar Vortex,Lunar,36,147,8,0.383,0.125,1,7,3284,1920,1364,7,4,17,17,41.20%,354.6,207.3,147.3,0.76,0.43,1.84,1.84,410.5,240,170.5,0.88,0.5,2.13,2.13,20,27,2.16,2.92,2.5,3.38
Premier,RSC004459,Phoξnixψ,"Reapers
Mastodons","The Monster Mash
Polar Vortex",Lunar,35.9,238,15,0.5,0.6,9,6,4863,2710,2153,11,8,17,36,30.60%,324.3,180.7,143.6,0.73,0.53,1.13,2.4,324.2,180.7,143.5,0.73,0.53,1.13,2.4,36,36,2.4,2.4,2.4,2.4
Premier,RSC004062,Good Ghost Vibes,Mastodons,Polar Vortex,Lunar,34.8,223,13,0.476,0.462,6,7,4477,2350,2127,7,7,19,35,20.00%,318.7,167.3,151.4,0.5,0.5,1.35,2.49,344.4,180.8,163.6,0.54,0.54,1.46,2.69,31,33,2.21,2.35,2.38,2.54
Premier,,Chan :>,Reapers,The Monster Mash,Lunar,33,796,48,0.535,0.542,26,22,15777,9280,6497,40,30,53,113,35.40%,314.6,185,129.6,0.8,0.6,1.06,2.25,328.7,193.3,135.4,0.83,0.63,1.1,2.35,130,119,2.59,2.37,2.71,2.48
Premier,RSC004286,Bolbi,Interstellar,The Cosmos,Solar,32.6,486,31,0.472,0.452,14,17,9803,5270,4533,13,23,46,52,25.00%,320.2,172.1,148,0.42,0.75,1.5,1.7,316.2,170,146.2,0.42,0.74,1.48,1.68,67,72,2.19,2.35,2.16,2.32
Premier,RSC000531,Ceejay,The Avengers,The Comic Crusaders,Lunar,30.6,659,41,0.488,0.537,22,19,13245,7720,5525,27,28,58,72,37.50%,319,185.9,133.1,0.65,0.67,1.4,1.73,323,188.3,134.8,0.66,0.68,1.41,1.76,101,104,2.43,2.5,2.46,2.54
Premier,RSC003141,Swazy.,Drones,The Swarm,Solar,30.5,801,48,0.449,0.396,19,29,15169,8380,6789,31,33,50,113,27.40%,300.6,166.1,134.5,0.61,0.65,0.99,2.24,316,174.6,141.4,0.65,0.69,1.04,2.35,105,120,2.08,2.38,2.19,2.5
Premier,RSC000394,Darf01,"Double Mint
Drones","Minty Fresh
The Swarm",Solar,30,783,48,0.42,0.375,18,30,15328,7920,7408,22,24,68,112,19.60%,310.7,160.6,150.2,0.45,0.49,1.38,2.27,319.3,165,154.3,0.46,0.5,1.42,2.33,104,128,2.11,2.59,2.17,2.67
Premier,RSC000658,Flyxzic,Drones,The Swarm,Solar,27.6,321,19,0.304,0.316,6,13,6118,3240,2878,7,8,33,49,14.30%,302.5,160.2,142.3,0.35,0.4,1.63,2.42,322,170.5,151.5,0.37,0.42,1.74,2.58,38,64,1.88,3.16,2,3.37
Premier,RSC004696,Nuggz,Interstellar,The Cosmos,Solar,26.7,63,4,0.398,0.25,1,3,1300,880,420,3,1,9,8,37.50%,327.5,221.7,105.8,0.76,0.25,2.27,2.02,325,220,105,0.75,0.25,2.25,2,6,8,1.51,2.02,1.5,2
Premier,RSC004696,Nuggz,Interstellar,The Cosmos,Solar,26.7,63,4,0.398,0.25,1,3,1300,880,420,3,1,9,8,37.50%,327.5,221.7,105.8,0.76,0.25,2.27,2.02,325,220,105,0.75,0.25,2.25,2,6,8,1.51,2.02,1.5,2
Premier,RSC002059,Thermal,Interstellar,The Cosmos,Solar,26.3,57,4,0.156,0,0,4,1252,620,632,1,0,9,7,14.30%,348.6,172.7,176,0.28,0,2.51,1.95,313,155,158,0.25,0,2.25,1.75,4,12,1.11,3.34,1,3
Premier,RSC004912,Mopeyrl,Mastodons,Polar Vortex,Lunar,25.9,249,16,0.399,0.25,4,12,4445,2410,2035,5,12,20,31,16.10%,283.4,153.6,129.7,0.32,0.76,1.27,1.98,277.8,150.6,127.2,0.31,0.75,1.25,1.94,34,44,2.17,2.8,2.13,2.75
Premier,RSC004089,Decay -_-,Interstellar,The Cosmos,Solar,21.5,72,4,0.641,1,4,0,1315,720,595,4,1,3,12,33.30%,289.9,158.7,131.2,0.88,0.22,0.66,2.65,328.8,180,148.8,1,0.25,0.75,3,13,9,2.87,1.98,3.25,2.25
Premier,RSC003861,Unix,Hurricanes,Storm,Solar,18.7,329,20,0.447,0.45,9,11,5334,2840,2494,10,10,16,54,18.50%,257.3,137,120.3,0.48,0.48,0.77,2.61,266.7,142,124.7,0.5,0.5,0.8,2.7,49,56,2.36,2.7,2.45,2.8
Premier,RSC002789,Morph,Mastodons,Polar Vortex,Lunar,16.9,323,20,0.316,0.1,2,18,6021,3210,2811,9,9,31,31,29.00%,295.9,157.7,138.1,0.44,0.44,1.52,1.52,301.1,160.5,140.6,0.45,0.45,1.55,1.55,38,62,1.87,3.05,1.9,3.1
Premier,RSC000739,Salty,Mastodons,Polar Vortex,Lunar,8.3,108,7,0.362,0.429,3,4,1741,920,821,3,3,7,12,25.00%,255.9,135.2,120.7,0.44,0.44,1.03,1.76,248.7,131.4,117.3,0.43,0.43,1,1.71,14,20,2.06,2.94,2,2.86
Premier,RSC000866,Kar,Double Mint,Minty Fresh,Solar,5.2,119,8,0.111,0,0,8,1938,860,1078,1,3,10,11,9.10%,258.5,114.7,143.8,0.13,0.4,1.33,1.47,242.3,107.5,134.8,0.13,0.38,1.25,1.38,7,27,0.93,3.6,0.88,3.38
Premier,RSC002046,Queeds,Treachery,Inferno,Solar,3.1,56,4,0.204,0.25,1,3,945,470,475,3,0,2,7,42.90%,267.9,133.2,134.6,0.85,0,0.57,1.98,236.3,117.5,118.8,0.75,0,0.5,1.75,4,10,1.13,2.83,1,2.5
Premier,RSC002046,Queeds,Treachery,Inferno,Solar,3.1,56,4,0.204,0.25,1,3,945,470,475,3,0,2,7,42.90%,267.9,133.2,134.6,0.85,0,0.57,1.98,236.3,117.5,118.8,0.75,0,0.5,1.75,4,10,1.13,2.83,1,2.5
Premier,RSC001579,Premium Manatee,Double Mint,Minty Fresh,Solar,-7.9,51,4,0.41,0.5,2,2,781,250,531,1,0,2,5,20.00%,243.1,77.8,165.3,0.31,0,0.62,1.56,195.3,62.5,132.8,0.25,0,0.5,1.25,8,10,2.49,3.11,2,2.5
Premier,RSC000183,Rex,Reapers,The Monster Mash,Lunar,-14.4,59,4,0.262,0.25,1,3,679,320,359,1,1,2,7,14.30%,182.7,86.1,96.6,0.27,0.27,0.54,1.88,169.8,80,89.8,0.25,0.25,0.5,1.75,5,10,1.35,2.69,1.25,2.5
Premier,RSC000183,Rex,Reapers,The Monster Mash,Lunar,-14.4,59,4,0.262,0.25,1,3,679,320,359,1,1,2,7,14.30%,182.7,86.1,96.6,0.27,0.27,0.54,1.88,169.8,80,89.8,0.25,0.25,0.5,1.75,5,10,1.35,2.69,1.25,2.5
Master,RSC005043,Carter,Andromeda,The Cosmos,Solar,102.2,74,4,0.295,0.25,1,3,2296,1240,1056,5,3,9,14,35.70%,488.1,263.6,224.5,1.06,0.64,1.91,2.98,574,310,264,1.25,0.75,2.25,3.5,8,14,1.7,2.98,2,3.5
Master,RSC004892,Kazi,"Tempests
Helicoprions","Storm
Shark Attack",Solar,93,817,52,0.596,0.635,33,19,22567,13340,9227,55,34,84,194,28.40%,434.6,256.9,177.7,1.06,0.65,1.62,3.74,434,256.5,177.4,1.06,0.65,1.62,3.73,123,95,2.37,1.83,2.37,1.83
Master,RSC003279,Majest1C,Overdrive,Rock FX,Lunar,90,730,48,0.654,0.667,32,16,19824,11870,7954,50,30,73,172,29.10%,427.2,255.8,171.4,1.08,0.65,1.57,3.71,413,247.3,165.7,1.04,0.63,1.52,3.58,127,84,2.74,1.81,2.65,1.75
Master,RSC000824,Cart,Fraud,Inferno,Solar,81.8,651,41,0.642,0.683,28,13,16633,9780,6853,36,35,62,133,27.10%,402,236.4,165.6,0.87,0.85,1.5,3.21,405.7,238.5,167.1,0.88,0.85,1.51,3.24,111,76,2.68,1.84,2.71,1.85
Master,RSC003308,Tman,Andromeda,The Cosmos,Solar,80.1,365,24,0.424,0.458,11,13,10166,5780,4386,26,8,40,78,33.30%,438.2,249.1,189.1,1.12,0.34,1.72,3.36,423.6,240.8,182.8,1.08,0.33,1.67,3.25,45,55,1.94,2.37,1.88,2.29
Master,RSC004254,Lefty,Lasagna Legion,Italian Battalion,Lunar,79.4,716,44,0.565,0.5,22,22,18177,10760,7417,43,31,66,161,26.70%,399.4,236.4,163,0.94,0.68,1.45,3.54,413.1,244.5,168.6,0.98,0.7,1.5,3.66,108,91,2.37,2,2.45,2.07
Master,RSC004607,Asuna,Deathclaws,The Monster Mash,Lunar,73.9,874,52,0.546,0.577,30,22,22361,13370,8991,55,38,87,162,34.00%,402.5,240.7,161.8,0.99,0.68,1.57,2.92,430,257.1,172.9,1.06,0.73,1.67,3.12,133,118,2.39,2.12,2.56,2.27
Master,RSC002888,Kri0S,Flex Tapes,As Seen on TV!,Solar,72.8,707,46,0.628,0.652,30,16,18349,10220,8129,41,30,68,122,33.60%,408.3,227.4,180.9,0.91,0.67,1.51,2.71,398.9,222.2,176.7,0.89,0.65,1.48,2.65,122,87,2.71,1.94,2.65,1.89
Master,RSC002750,Connor,Glacier Mint,Minty Fresh,Solar,71.8,771,48,0.546,0.563,27,21,19216,10690,8526,44,31,63,159,27.70%,392.1,218.1,174,0.9,0.63,1.29,3.24,400.3,222.7,177.6,0.92,0.65,1.31,3.31,114,101,2.33,2.06,2.38,2.1
Master,RSC004698,Slvr.,Mosquitoes,The Swarm,Solar,70.4,717,47,0.606,0.532,25,22,17852,10100,7752,37,35,68,125,29.60%,391.7,221.6,170.1,0.81,0.77,1.49,2.74,379.8,214.9,164.9,0.79,0.74,1.45,2.66,119,90,2.61,1.97,2.53,1.91
Master,RSC004676,Deesh,Mambas,The Serpents,Lunar,70.2,779,48,0.647,0.708,34,14,19183,11320,7863,47,32,69,157,29.90%,387.4,228.6,158.8,0.95,0.65,1.39,3.17,399.6,235.8,163.8,0.98,0.67,1.44,3.27,120,80,2.42,1.62,2.5,1.67
Master,RSC003760,Wavepace,Flex Tapes,As Seen on TV!,Solar,68.4,652,44,0.65,0.659,29,15,16482,9610,6872,44,23,57,121,36.40%,397.7,231.9,165.8,1.06,0.55,1.38,2.92,374.6,218.4,156.2,1,0.52,1.3,2.75,112,75,2.7,1.81,2.55,1.7
Master,RSC003412,Python,The Watchmen,The Comic Crusaders,Lunar,67.4,859,52,0.443,0.404,21,31,21801,12360,9441,53,33,79,146,36.30%,399.3,226.4,172.9,0.97,0.6,1.45,2.67,419.3,237.7,181.6,1.02,0.63,1.52,2.81,131,151,2.4,2.77,2.52,2.9
Master,,Fusionscout,Overdrive,Rock FX,Lunar,67.2,748,49,0.645,0.673,33,16,18563,10160,8403,42,32,61,131,32.10%,390.4,213.7,176.7,0.88,0.67,1.28,2.76,378.8,207.3,171.5,0.86,0.65,1.24,2.67,128,87,2.69,1.83,2.61,1.78
Master,RSC004873,Grape,Blues,Whale Defense,Solar,64.1,755,48,0.528,0.563,27,21,19152,11160,7992,50,18,76,146,34.20%,399.1,232.6,166.5,1.04,0.38,1.58,3.04,399,232.5,166.5,1.04,0.38,1.58,3.04,117,109,2.44,2.27,2.44,2.27
Master,RSC004924,Comet.,Fraud,Inferno,Solar,63.5,187,12,0.553,0.5,6,6,4297,2660,1637,11,9,15,36,30.60%,361.5,223.8,137.7,0.93,0.76,1.26,3.03,358.1,221.7,136.4,0.92,0.75,1.25,3,32,28,2.69,2.36,2.67,2.33
Master,RSC004924,Comet.,Fraud,Inferno,Solar,63.5,187,12,0.553,0.5,6,6,4297,2660,1637,11,9,15,36,30.60%,361.5,223.8,137.7,0.93,0.76,1.26,3.03,358.1,221.7,136.4,0.92,0.75,1.25,3,32,28,2.69,2.36,2.67,2.33
Master,RSC003402,Almost Magic Mike,Fraud,Inferno,Solar,63.2,817,52,0.625,0.654,34,18,20021,11280,8741,51,29,65,148,34.50%,385.5,217.2,168.3,0.98,0.56,1.25,2.85,385,216.9,168.1,0.98,0.56,1.25,2.85,139,100,2.68,1.93,2.67,1.92
Master,RSC000577,Lord Ironskull,Soul,The Elements,Solar,62.4,806,52,0.514,0.5,26,26,19335,11030,8305,41,37,75,133,30.80%,377.4,215.3,162.1,0.8,0.72,1.46,2.6,371.8,212.1,159.7,0.79,0.71,1.44,2.56,115,111,2.24,2.17,2.21,2.13
Master,RSC003388,Rodenrl.,Soul,The Elements,Solar,60.8,806,52,0.514,0.5,26,26,19668,11540,8128,48,25,80,149,32.20%,383.9,225.3,158.7,0.94,0.49,1.56,2.91,378.2,221.9,156.3,0.92,0.48,1.54,2.87,115,111,2.24,2.17,2.21,2.13
Master,RSC002371,Rocksox,Sabertooths,Polar Vortex,Lunar,60.2,588,38,0.505,0.474,18,20,13386,7250,6136,28,23,41,125,22.40%,358.2,194,164.2,0.75,0.62,1.1,3.34,352.3,190.8,161.5,0.74,0.61,1.08,3.29,81,80,2.17,2.14,2.13,2.11
Master,RSC002062,The Condra Triangle,Mercury,Metal,Solar,59,667,43,0.421,0.442,19,24,16049,8650,7399,28,25,69,115,24.30%,378.6,204,174.5,0.66,0.59,1.63,2.71,373.2,201.2,172.1,0.65,0.58,1.6,2.67,94,115,2.22,2.71,2.19,2.67
Master,RSC000799,Foam,Deathclaws,The Monster Mash,Lunar,59,400,24,0.606,0.667,16,8,9531,5570,3961,21,16,40,67,31.30%,374.9,219.1,155.8,0.83,0.63,1.57,2.64,397.1,232.1,165,0.88,0.67,1.67,2.79,71,54,2.79,2.12,2.96,2.25
Master,RSC000929,Phoenixtouch.,Chimaeras,The Abyss,Lunar,58.8,145,11,0.576,0.545,6,5,3667,1880,1787,5,6,18,18,27.80%,397.9,204,193.9,0.54,0.65,1.95,1.95,333.4,170.9,162.5,0.45,0.55,1.64,1.64,22,18,2.39,1.95,2,1.64
Master,RSC001885,Wick,Chimaeras,The Abyss,Lunar,58.7,700,48,0.504,0.521,25,23,17325,9310,8015,33,22,75,116,28.40%,389.4,209.2,180.1,0.74,0.49,1.69,2.61,360.9,194,167,0.69,0.46,1.56,2.42,90,89,2.02,2,1.88,1.85
Master,RSC000657,Saucey,Overdrive,Rock FX,Lunar,57.2,685,45,0.628,0.667,30,15,16410,9190,7220,34,28,67,104,32.70%,376.9,211.1,165.8,0.78,0.64,1.54,2.39,364.7,204.2,160.4,0.76,0.62,1.49,2.31,115,82,2.64,1.88,2.56,1.82
Master,RSC000583,Unearthlylegend,Chimaeras,The Abyss,Lunar,57.2,761,52,0.519,0.519,27,25,17821,9670,8151,34,27,70,142,23.90%,368.4,199.9,168.5,0.7,0.56,1.45,2.94,342.7,186,156.8,0.65,0.52,1.35,2.73,102,97,2.11,2.01,1.96,1.87
Master,RSC000193,Shamurl,Tempests,Storm,Solar,56.9,776,50,0.572,0.6,30,20,17821,9960,7861,36,35,66,131,27.50%,361.3,201.9,159.4,0.73,0.71,1.34,2.66,356.4,199.2,157.2,0.72,0.7,1.32,2.62,115,95,2.33,1.93,2.3,1.9
Master,RSC003031,Yesper,"Mercury
Flex Tapes","Metal
As Seen on TV!",Solar,56.9,472,30,0.484,0.5,15,15,10740,6070,4670,21,20,42,87,24.10%,358,202.3,155.7,0.7,0.67,1.4,2.9,358,202.3,155.7,0.7,0.67,1.4,2.9,70,73,2.33,2.43,2.33,2.43
Master,RSC000750,Jatt,Sabertooths,Polar Vortex,Lunar,56.5,831,52,0.517,0.481,25,27,20355,10740,9615,40,21,84,149,26.80%,385.4,203.3,182,0.76,0.4,1.59,2.82,391.4,206.5,184.9,0.77,0.4,1.62,2.87,112,107,2.12,2.03,2.15,2.06
Master,RSC002500,Kalten,The Watchmen,The Comic Crusaders,Lunar,56.3,852,51,0.446,0.412,21,30,19431,11030,8401,45,40,63,138,32.60%,358.8,203.7,155.1,0.83,0.74,1.16,2.55,381,216.3,164.7,0.88,0.78,1.24,2.71,130,149,2.4,2.75,2.55,2.92
Master,,Bex!,Fraud,Inferno,Solar,54.8,737,47,0.628,0.66,31,16,16266,9530,6736,38,32,55,138,27.50%,347.2,203.4,143.8,0.81,0.68,1.17,2.95,346.1,202.8,143.3,0.81,0.68,1.17,2.94,125,89,2.67,1.9,2.66,1.89
Master,RSC001114,Ashes,Mosquitoes,The Swarm,Solar,54.2,743,50,0.599,0.54,27,23,16838,9930,6908,38,29,67,133,28.60%,356.5,210.3,146.3,0.8,0.61,1.42,2.82,336.8,198.6,138.2,0.76,0.58,1.34,2.66,123,95,2.6,2.01,2.46,1.9
Master,RSC000589,Subzero,Mambas,The Serpents,Lunar,53.8,727,44,0.627,0.659,29,15,15409,8330,7079,29,34,45,148,19.60%,333.5,180.3,153.2,0.63,0.74,0.97,3.2,350.2,189.3,160.9,0.66,0.77,1.02,3.36,109,77,2.36,1.67,2.48,1.75
Master,RSC000934,Shanerbaner,Helicoprions,Shark Attack,Lunar,53.5,768,50,0.47,0.46,23,27,18053,9620,8433,28,24,85,137,20.40%,369.8,197.1,172.8,0.57,0.49,1.74,2.81,361.1,192.4,168.7,0.56,0.48,1.7,2.74,97,105,1.99,2.15,1.94,2.1
Master,RSC005047,Denzy,Chimaeras,The Abyss,Lunar,53.2,334,22,0.567,0.545,12,10,7281,4350,2931,19,15,22,60,31.70%,343,204.9,138.1,0.89,0.71,1.04,2.83,331,197.7,133.2,0.86,0.68,1,2.73,49,41,2.31,1.93,2.23,1.86
Master,RSC005047,Denzy,Chimaeras,The Abyss,Lunar,53.2,334,22,0.567,0.545,12,10,7281,4350,2931,19,15,22,60,31.70%,343,204.9,138.1,0.89,0.71,1.04,2.83,331,197.7,133.2,0.86,0.68,1,2.73,49,41,2.31,1.93,2.23,1.86
Master,RSC000330,Infinite,Mosquitoes,The Swarm,Solar,51.9,765,51,0.593,0.529,27,24,17897,10040,7857,45,26,61,119,37.80%,368.1,206.5,161.6,0.93,0.53,1.25,2.45,350.9,196.9,154.1,0.88,0.51,1.2,2.33,125,98,2.57,2.02,2.45,1.92
Master,RSC000265,Croph,Flex Tapes,As Seen on TV!,Solar,51.9,607,40,0.604,0.65,26,14,13234,7890,5344,29,33,49,89,32.60%,343,204.5,138.5,0.75,0.86,1.27,2.31,330.9,197.3,133.6,0.73,0.83,1.23,2.23,100,76,2.59,1.97,2.5,1.9
Master,RSC003804,Ayylo,"Andromeda
Snow Leopards","The Cosmos
Sub Zero",Solar,51.4,413,26,0.318,0.269,7,19,9517,5220,4297,21,13,35,72,29.20%,362.5,198.8,163.7,0.8,0.5,1.33,2.74,366,200.8,165.3,0.81,0.5,1.35,2.77,50,81,1.9,3.09,1.92,3.12
Master,RSC003433,Ellectrozx,"Helicoprions
Andromeda","Shark Attack
The Cosmos",Lunar,51.3,662,44,0.446,0.455,20,24,15636,8550,7086,27,26,73,90,30.00%,371.6,203.2,168.4,0.64,0.62,1.73,2.14,355.4,194.3,161,0.61,0.59,1.66,2.05,84,97,2,2.31,1.91,2.2
Master,RSC000374,Pletheros,Blues,Whale Defense,Solar,50,656,41,0.571,0.61,25,16,14058,8200,5858,31,28,50,120,25.80%,337.1,196.7,140.5,0.74,0.67,1.2,2.88,342.9,200,142.9,0.76,0.68,1.22,2.93,107,89,2.57,2.13,2.61,2.17
Master,RSC004914,Hams,Blues,Whale Defense,Solar,49.6,410,27,0.445,0.407,11,16,9204,5320,3884,19,14,40,72,26.40%,353.2,204.1,149,0.73,0.54,1.53,2.76,340.9,197,143.9,0.7,0.52,1.48,2.67,51,59,1.96,2.26,1.89,2.19
Master,RSC002714,.Andy,Helicoprions,Shark Attack,Lunar,49,729,47,0.481,0.489,23,24,16254,9270,6984,41,23,54,132,31.10%,350.8,200.1,150.7,0.88,0.5,1.17,2.85,345.8,197.2,148.6,0.87,0.49,1.15,2.81,97,102,2.09,2.2,2.06,2.17
Master,RSC000241,Geherpaderp,Sabertooths,Polar Vortex,Lunar,49,589,36,0.534,0.528,19,17,12905,7300,5605,28,27,45,90,31.10%,344.7,195,149.7,0.75,0.72,1.2,2.4,358.5,202.8,155.7,0.78,0.75,1.25,2.5,82,75,2.19,2,2.28,2.08
Master,RSC005049,Maddie.,Mambas,The Serpents,Lunar,48.5,828,51,0.608,0.647,33,18,18312,10450,7862,42,29,67,145,29.00%,347.9,198.6,149.4,0.8,0.55,1.27,2.76,359.1,204.9,154.2,0.82,0.57,1.31,2.84,122,91,2.32,1.73,2.39,1.78
Master,RSC004621,Jnah,Glacier Mint,Minty Fresh,Solar,47.7,829,52,0.52,0.519,27,25,18586,10410,8176,44,28,65,136,32.40%,352.7,197.6,155.2,0.84,0.53,1.23,2.58,357.4,200.2,157.2,0.85,0.54,1.25,2.62,119,113,2.26,2.14,2.29,2.17
Master,RSC000634,Badasswalrus,Care Bears,The Bear Den,Lunar,47.5,517,31,0.347,0.355,11,20,11794,6680,5114,23,18,54,78,29.50%,358.9,203.3,155.6,0.7,0.55,1.64,2.37,380.5,215.5,165,0.74,0.58,1.74,2.52,56,85,1.7,2.59,1.81,2.74
Master,RSC000094,Namdorin,Andromeda,The Cosmos,Solar,46.8,189,12,0.513,0.5,6,6,4057,2490,1567,9,7,18,34,26.50%,337.7,207.3,130.4,0.75,0.58,1.5,2.83,338.1,207.5,130.6,0.75,0.58,1.5,2.83,30,29,2.5,2.41,2.5,2.42
Master,RSC000202,Aki,Immortals,The Sovereign,Lunar,46.4,774,49,0.374,0.388,19,30,17234,8850,8384,37,25,52,130,28.50%,350.3,179.9,170.4,0.75,0.51,1.06,2.64,351.7,180.6,171.1,0.76,0.51,1.06,2.65,94,131,1.91,2.66,1.92,2.67
Master,RSC000408,Xero,"Snow Leopards
Helicoprions
Tempests","Sub Zero
Shark Attack
Storm",Solar,46.3,477,32,0.318,0.25,8,24,11216,5730,5486,14,16,58,63,22.20%,369.9,189,180.9,0.46,0.53,1.91,2.08,350.5,179.1,171.4,0.44,0.5,1.81,1.97,49,81,1.62,2.67,1.53,2.53
Master,RSC004878,Mcribsky,Mercury,Metal,Solar,45.6,498,32,0.5,0.563,18,14,11145,6010,5135,26,17,36,76,34.20%,352.1,189.9,162.2,0.82,0.54,1.14,2.4,348.3,187.8,160.5,0.81,0.53,1.13,2.38,77,77,2.43,2.43,2.41,2.41
Master,RSC001779,V15 Ehf,Care Bears,The Bear Den,Lunar,44.9,748,47,0.417,0.426,20,27,16629,8570,8059,32,19,61,137,23.40%,349.8,180.3,169.5,0.67,0.4,1.28,2.88,353.8,182.3,171.5,0.68,0.4,1.3,2.91,88,110,1.85,2.31,1.87,2.34
Master,RSC001889,Phelpsy,Lasagna Legion,Italian Battalion,Lunar,42.8,758,48,0.54,0.5,24,24,16480,9590,6890,41,22,62,129,31.80%,342.1,199,143,0.85,0.46,1.29,2.68,343.3,199.8,143.5,0.85,0.46,1.29,2.69,110,99,2.28,2.05,2.29,2.06
Master,RSC002455,Blocky,Deathclaws,The Monster Mash,Lunar,42.6,857,51,0.553,0.588,30,21,18874,10880,7994,44,30,75,123,35.80%,346.5,199.7,146.8,0.81,0.55,1.38,2.26,370.1,213.3,156.7,0.86,0.59,1.47,2.41,133,116,2.44,2.13,2.61,2.27
Master,RSC004687,Mateitsnate,Blues,Whale Defense,Solar,42.4,651,40,0.549,0.6,24,16,13658,7300,6358,25,30,47,95,26.30%,330.1,176.4,153.7,0.6,0.73,1.14,2.3,341.5,182.5,159,0.63,0.75,1.18,2.38,100,88,2.42,2.13,2.5,2.2
Master,RSC000130,Anthage,"Snow Leopards
The Watchmen","Sub Zero
The Comic Crusaders",Solar,42.4,239,16,0.324,0.375,6,10,5523,2920,2603,13,3,21,42,31.00%,363.6,192.2,171.3,0.86,0.2,1.38,2.76,345.2,182.5,162.7,0.81,0.19,1.31,2.63,26,42,1.71,2.76,1.63,2.63
Master,RSC000020,Frostiger,Mercury,Metal,Solar,41.9,763,48,0.397,0.396,19,29,17029,9400,7629,33,24,76,110,30.00%,351.1,193.8,157.3,0.68,0.49,1.57,2.27,354.8,195.8,158.9,0.69,0.5,1.58,2.29,102,133,2.1,2.74,2.13,2.77
Master,RSC004214,Miserable,Glacier Mint,Minty Fresh,Solar,41.2,678,42,0.537,0.524,22,20,14258,7690,6568,27,21,54,124,21.80%,330.9,178.4,152.4,0.63,0.49,1.25,2.88,339.5,183.1,156.4,0.64,0.5,1.29,2.95,98,89,2.27,2.07,2.33,2.12
Master,RSC000249,Se7En,Lasagna Legion,Italian Battalion,Lunar,41.1,827,52,0.523,0.481,25,27,17371,9370,8001,27,36,73,122,22.10%,330.5,178.3,152.2,0.51,0.68,1.39,2.32,334.1,180.2,153.9,0.52,0.69,1.4,2.35,119,112,2.26,2.13,2.29,2.15
Master,RSC004945,Frank.,Care Bears,The Bear Den,Lunar,39.7,429,27,0.332,0.333,9,18,9910,5100,4810,15,11,50,55,27.30%,363.4,187,176.4,0.55,0.4,1.83,2.02,367,188.9,178.1,0.56,0.41,1.85,2.04,44,70,1.61,2.57,1.63,2.59
Master,RSC004580,Static,"Tempests
Immortals","Storm
The Sovereign",Lunar,37.7,638,41,0.386,0.341,14,27,14283,7510,6773,24,17,68,86,27.90%,352.2,185.2,167,0.59,0.42,1.68,2.12,348.4,183.2,165.2,0.59,0.41,1.66,2.1,76,103,1.87,2.54,1.85,2.51
Master,RSC000082,Memlo,The Watchmen,The Comic Crusaders,Lunar,36.5,657,40,0.443,0.425,17,23,13871,7650,6221,22,26,66,85,25.90%,332.2,183.2,149,0.53,0.62,1.58,2.04,346.8,191.3,155.5,0.55,0.65,1.65,2.13,96,111,2.3,2.66,2.4,2.78
Master,RSC002046,Queeds,"Andromeda
Fraud","The Cosmos
Inferno",Solar,32,141,10,0.335,0.4,4,6,3196,1850,1346,6,3,19,15,40.00%,356.6,206.4,150.2,0.67,0.33,2.12,1.67,319.6,185,134.6,0.6,0.3,1.9,1.5,19,29,2.12,3.24,1.9,2.9
Master,RSC002046,Queeds,"Andromeda
Fraud","The Cosmos
Inferno",Solar,32,141,10,0.335,0.4,4,6,3196,1850,1346,6,3,19,15,40.00%,356.6,206.4,150.2,0.67,0.33,2.12,1.67,319.6,185,134.6,0.6,0.3,1.9,1.5,19,29,2.12,3.24,1.9,2.9
Master,RSC000052,Barra,Snow Leopards,Sub Zero,Solar,31.6,711,45,0.306,0.267,12,33,14820,7860,6960,22,19,73,106,20.80%,327.9,173.9,154,0.49,0.42,1.62,2.35,329.3,174.7,154.7,0.49,0.42,1.62,2.36,69,119,1.53,2.63,1.53,2.64
Master,RSC004050,Typhon,Soul,The Elements,Solar,30.4,742,48,0.489,0.479,23,25,15047,7730,7317,25,23,60,108,23.10%,319,163.9,155.1,0.53,0.49,1.27,2.29,313.5,161,152.4,0.52,0.48,1.25,2.25,105,108,2.23,2.29,2.19,2.25
Master,RSC002620,Instnt Gg7,Glacier Mint,Minty Fresh,Solar,30.3,88,6,0.375,0.333,2,4,1662,950,712,2,5,8,10,20.00%,297.1,169.8,127.3,0.36,0.89,1.43,1.79,277,158.3,118.7,0.33,0.83,1.33,1.67,10,14,1.79,2.5,1.67,2.33
Master,RSC002945,Ahhlusiv,Overdrive,Rock FX,Lunar,30.3,172,10,0.514,0.5,5,5,3346,1960,1386,9,6,10,26,34.60%,306.1,179.3,126.8,0.82,0.55,0.91,2.38,334.6,196,138.6,0.9,0.6,1,2.6,29,28,2.65,2.56,2.9,2.8
Master,RSC002332,Wespyyy,"Immortals
Tempests","The Sovereign
Storm",Lunar,29.5,407,26,0.378,0.385,10,16,8029,4580,3449,16,11,35,68,23.50%,310.4,177,133.3,0.62,0.43,1.35,2.63,308.8,176.2,132.7,0.62,0.42,1.35,2.62,54,74,2.09,2.86,2.08,2.85
Master,RSC003892,Treezy,"The Watchmen
Snow Leopards","The Comic Crusaders
Sub Zero",Solar,28.3,663,40,0.393,0.325,13,27,13445,7210,6235,28,14,53,106,26.40%,319,171.1,148,0.66,0.33,1.26,2.52,336.1,180.3,155.9,0.7,0.35,1.33,2.65,83,110,1.97,2.61,2.08,2.75
Master,RSC000197,Kareemostyle,Immortals,The Sovereign,Lunar,28.1,443,30,0.426,0.5,15,15,8938,4840,4098,15,14,41,59,25.40%,317.4,171.9,145.5,0.53,0.5,1.46,2.1,297.9,161.3,136.6,0.5,0.47,1.37,1.97,56,68,1.99,2.41,1.87,2.27
Master,RSC002313,Galico,"Immortals
Mercury","The Sovereign
Metal",Solar,27.2,483,28,0.26,0.071,2,26,10077,5550,4527,20,12,47,60,33.30%,328.2,180.8,147.5,0.65,0.39,1.53,1.95,359.9,198.2,161.7,0.71,0.43,1.68,2.14,51,99,1.66,3.22,1.82,3.54
Master,RSC002837,Frikitshoward,Lasagna Legion,Italian Battalion,Lunar,27,159,11,0.323,0.364,4,7,3219,1600,1619,8,3,8,25,32.00%,318.5,158.3,160.2,0.79,0.3,0.79,2.47,292.6,145.5,147.2,0.73,0.27,0.73,2.27,18,29,1.78,2.87,1.64,2.64
Master,RSC002154,Gogbe,Immortals,The Sovereign,Lunar,26.4,180,10,0.309,0.2,2,8,3642,2070,1572,6,4,20,27,22.20%,318.3,180.9,137.4,0.52,0.35,1.75,2.36,364.2,207,157.2,0.6,0.4,2,2.7,21,35,1.84,3.06,2.1,3.5
Master,RSC002077,Latte,Mosquitoes,The Swarm,Solar,26.2,124,8,0.348,0.25,2,6,2511,1450,1061,6,2,11,20,30.00%,318.6,184,134.6,0.76,0.25,1.4,2.54,313.9,181.3,132.6,0.75,0.25,1.38,2.5,11,17,1.4,2.16,1.38,2.13
Master,RSC003129,Papakhan,Care Bears,The Bear Den,Lunar,25.5,802,51,0.373,0.392,20,31,16138,8050,8088,23,23,71,105,21.90%,316.6,157.9,158.7,0.45,0.45,1.39,2.06,316.4,157.8,158.6,0.45,0.45,1.39,2.06,91,128,1.79,2.51,1.78,2.51
Master,RSC002744,Crasty24,Mambas,The Serpents,Lunar,25.2,186,13,0.485,0.462,6,7,3625,1930,1695,7,5,14,28,25.00%,306.6,163.2,143.4,0.59,0.42,1.18,2.37,278.8,148.5,130.4,0.54,0.38,1.08,2.15,24,25,2.03,2.11,1.85,1.92
Master,RSC002959,Jb.,Andromeda,The Cosmos,Solar,23.7,125,8,0.186,0.125,1,7,2876,1420,1456,3,1,19,12,25.00%,362,178.7,183.3,0.38,0.13,2.39,1.51,359.5,177.5,182,0.38,0.13,2.38,1.5,9,24,1.13,3.02,1.13,3
Master,RSC000183,Rex,Deathclaws,The Monster Mash,Lunar,23.4,423,25,0.513,0.52,13,12,8318,4810,3508,13,12,47,56,23.20%,309.4,178.9,130.5,0.48,0.45,1.75,2.08,332.7,192.4,140.3,0.52,0.48,1.88,2.24,57,55,2.12,2.05,2.28,2.2
Master,RSC000183,Rex,Deathclaws,The Monster Mash,Lunar,23.4,423,25,0.513,0.52,13,12,8318,4810,3508,13,12,47,56,23.20%,309.4,178.9,130.5,0.48,0.45,1.75,2.08,332.7,192.4,140.3,0.52,0.48,1.88,2.24,57,55,2.12,2.05,2.28,2.2
Master,RSC004874,Krueger,Chimaeras,The Abyss,Lunar,21.8,343,23,0.475,0.478,11,12,6754,3470,3284,11,13,28,32,34.40%,309.8,159.2,150.6,0.5,0.6,1.28,1.47,293.7,150.9,142.8,0.48,0.57,1.22,1.39,43,46,1.97,2.11,1.87,2
Master,RSC000595,E=Mc_Hammer,Tempests,Storm,Solar,21,623,39,0.586,0.641,25,14,11865,6340,5525,22,18,48,84,26.20%,299.6,160.1,139.5,0.56,0.45,1.21,2.12,304.2,162.6,141.7,0.56,0.46,1.23,2.15,93,74,2.35,1.87,2.38,1.9
Master,RSC000623,Wall2Wall3,Sabertooths,Polar Vortex,Lunar,19.4,485,30,0.512,0.433,13,17,9185,5070,4115,16,11,44,72,22.20%,297.9,164.5,133.5,0.52,0.36,1.43,2.34,306.2,169,137.2,0.53,0.37,1.47,2.4,61,59,1.98,1.91,2.03,1.97
Master,RSC000544,Xaerous,Soul,The Elements,Solar,16.5,64,4,0.843,0.75,3,1,827,530,297,1,4,2,13,7.70%,203.3,130.3,73,0.25,0.98,0.49,3.2,206.8,132.5,74.3,0.25,1,0.5,3.25,10,3,2.46,0.74,2.5,0.75
Master,RSC004696,Nuggz,Andromeda,The Cosmos,Solar,15.9,478,31,0.316,0.29,9,22,8816,4490,4326,8,15,47,59,13.60%,290.2,147.8,142.4,0.26,0.49,1.55,1.94,284.4,144.8,139.5,0.26,0.48,1.52,1.9,48,80,1.58,2.63,1.55,2.58
Master,RSC004696,Nuggz,Andromeda,The Cosmos,Solar,15.9,478,31,0.316,0.29,9,22,8816,4490,4326,8,15,47,59,13.60%,290.2,147.8,142.4,0.26,0.49,1.55,1.94,284.4,144.8,139.5,0.26,0.48,1.52,1.9,48,80,1.58,2.63,1.55,2.58
Master,RSC003189,Klamps,Andromeda,The Cosmos,Solar,13,320,20,0.415,0.45,9,11,6079,3310,2769,7,9,37,31,22.60%,298.9,162.7,136.1,0.34,0.44,1.82,1.52,304,165.5,138.5,0.35,0.45,1.85,1.55,40,50,1.97,2.46,2,2.5
Master,RSC004353,Super,Andromeda,The Cosmos,Solar,11.4,425,28,0.375,0.393,11,17,7268,3930,3338,15,11,25,63,23.80%,269,145.5,123.6,0.56,0.41,0.93,2.33,259.6,140.4,119.2,0.54,0.39,0.89,2.25,55,76,2.04,2.81,1.96,2.71
Master,RSC003009,Twisted,Snow Leopards,Sub Zero,Solar,9.2,387,23,0.32,0.304,7,16,7071,3790,3281,12,10,34,39,30.80%,287.5,154.1,133.4,0.49,0.41,1.38,1.59,307.4,164.8,142.7,0.52,0.43,1.48,1.7,43,70,1.75,2.85,1.87,3.04
Master,RSC003351,Rex.,Snow Leopards,Sub Zero,Solar,9.1,249,16,0.432,0.375,6,10,4435,2400,2035,10,4,17,35,28.60%,280.2,151.6,128.6,0.63,0.25,1.07,2.21,277.2,150,127.2,0.63,0.25,1.06,2.19,30,36,1.9,2.27,1.88,2.25
Master,RSC003133,Picasso,Mercury,Metal,Solar,7.2,46,3,0.166,0.333,1,2,790,460,330,2,1,3,6,33.30%,270.2,157.3,112.9,0.68,0.34,1.03,2.05,263.3,153.3,110,0.67,0.33,1,2,4,11,1.37,3.76,1.33,3.67
Master,RSC003110,Rev,Helicoprions,Shark Attack,Lunar,6,140,9,0.521,0.444,4,5,2663,1310,1353,5,1,12,16,31.30%,299.3,147.2,152,0.56,0.11,1.35,1.8,295.9,145.6,150.3,0.56,0.11,1.33,1.78,18,17,2.02,1.91,2,1.89
Master,RSC002125,Neoblastz,Immortals,The Sovereign,Lunar,2,30,2,0.631,0.5,1,1,552,240,312,1,0,2,4,25.00%,289.5,125.9,163.6,0.52,0,1.05,2.1,276,120,156,0.5,0,1,2,3,2,1.57,1.05,1.5,1
Master,RSC002125,Neoblastz,Immortals,The Sovereign,Lunar,2,30,2,0.631,0.5,1,1,552,240,312,1,0,2,4,25.00%,289.5,125.9,163.6,0.52,0,1.05,2.1,276,120,156,0.5,0,1,2,3,2,1.57,1.05,1.5,1
Master,RSC001852,Jester,Mercury,Metal,Solar,-2.7,179,11,0.162,0.091,1,10,3000,1350,1650,3,3,14,20,15.00%,263.7,118.7,145,0.26,0.26,1.23,1.76,272.7,122.7,150,0.27,0.27,1.27,1.82,14,40,1.23,3.52,1.27,3.64
Master,RSC004371,Djcasualties,Overdrive,Rock FX,Lunar,-4.2,53,4,0.457,0.5,2,2,824,440,384,1,2,4,4,25.00%,244.6,130.6,114,0.3,0.59,1.19,1.19,206,110,96,0.25,0.5,1,1,9,10,2.67,2.97,2.25,2.5
Master,RSC004371,Djcasualties,Overdrive,Rock FX,Lunar,-4.2,53,4,0.457,0.5,2,2,824,440,384,1,2,4,4,25.00%,244.6,130.6,114,0.3,0.59,1.19,1.19,206,110,96,0.25,0.5,1,1,9,10,2.67,2.97,2.25,2.5
Master,RSC004934,Zerotwo,Lasagna Legion,Italian Battalion,Lunar,-21.7,21,1,0.186,0,0,1,164,90,74,0,1,0,4,0.00%,122.9,67.4,55.4,0,0.75,0,3,164,90,74,0,1,0,4,2,5,1.5,3.75,2,5
Master,RSC000080,Murloc,"Glacier Mint
Deathclaws","Minty Fresh
The Monster Mash",Solar,-24.6,189,12,0.333,0.333,4,8,2291,1090,1201,2,5,9,19,10.50%,190.7,90.7,100,0.17,0.42,0.75,1.58,190.9,90.8,100.1,0.17,0.42,0.75,1.58,21,33,1.75,2.75,1.75,2.75
Elite,RSC000121,Cineo,Predators,The Monster Mash,Lunar,119.8,53,4,0.843,1,4,0,1698,1120,578,6,3,5,12,50.00%,504.2,332.6,171.6,1.78,0.89,1.48,3.56,424.5,280,144.5,1.5,0.75,1.25,3,16,6,4.75,1.78,4,1.5
Elite,RSC001357,Bubblebuddy47,Vibranium,Metal,Solar,116.7,195,12,0.559,0.5,6,6,6236,4140,2096,26,4,16,54,48.10%,503.3,334.1,169.2,2.1,0.32,1.29,4.36,519.7,345,174.7,2.17,0.33,1.33,4.5,37,32,2.99,2.58,3.08,2.67
Elite,RSC001502,Mranderson,"Vibranium
Great Danes","Metal
Puppy Paradise",Solar,93.6,831,52,0.598,0.558,29,23,23433,14500,8933,74,36,69,185,40.00%,443.8,274.6,169.2,1.4,0.68,1.31,3.5,450.6,278.8,171.8,1.42,0.69,1.33,3.56,162,127,3.07,2.41,3.12,2.44
Elite,RSC000960,Catlas,"Godzilla
Montrose Magpies","Kaiju
Quidditch League",Solar,90.9,126,8,0.393,0.375,3,5,3608,2250,1358,8,9,16,20,40.00%,450.7,281,169.6,1,1.12,2,2.5,451,281.3,169.8,1,1.13,2,2.5,20,26,2.5,3.25,2.5,3.25
Elite,RSC002793,Kev,D-Generation X,Rocket Association Wrestling,Lunar,85.8,910,59,0.673,0.729,43,16,24811,14680,10131,62,41,90,193,32.10%,429.1,253.9,175.2,1.07,0.71,1.56,3.34,420.5,248.8,171.7,1.05,0.69,1.53,3.27,168,106,2.91,1.83,2.85,1.8
Elite,RSC003728,Yillow,Great Whites,Shark Attack,Lunar,82.3,917,60,0.656,0.633,38,22,24739,14670,10069,67,44,80,177,37.90%,424.6,251.8,172.8,1.15,0.76,1.37,3.04,412.3,244.5,167.8,1.12,0.73,1.33,2.95,162,107,2.78,1.84,2.7,1.78
Elite,RSC005047,Denzy,Anglers,The Abyss,Lunar,81.2,281,16,0.518,0.5,8,8,6934,4210,2724,20,14,17,66,30.30%,388.4,235.8,152.6,1.12,0.78,0.95,3.7,433.4,263.1,170.3,1.25,0.88,1.06,4.13,45,43,2.52,2.41,2.81,2.69
Elite,RSC005047,Denzy,Anglers,The Abyss,Lunar,81.2,281,16,0.518,0.5,8,8,6934,4210,2724,20,14,17,66,30.30%,388.4,235.8,152.6,1.12,0.78,0.95,3.7,433.4,263.1,170.3,1.25,0.88,1.06,4.13,45,43,2.52,2.41,2.81,2.69
Elite,RSC005051,Supr3Me,Fire,The Elements,Solar,79.7,898,60,0.594,0.6,36,24,23979,13760,10219,63,39,75,176,35.80%,420.3,241.2,179.1,1.1,0.68,1.31,3.08,399.7,229.3,170.3,1.05,0.65,1.25,2.93,185,147,3.24,2.58,3.08,2.45
Elite,RSC001086,2% Mike,Violence,Inferno,Solar,79,427,30,0.64,0.667,20,10,11267,6390,4877,25,18,42,89,28.10%,415.3,235.5,179.8,0.92,0.66,1.55,3.28,375.6,213,162.6,0.83,0.6,1.4,2.97,74,51,2.73,1.88,2.47,1.7
Elite,RSC004543,Grrrrrrrrrreat,"Menthol
Hornets","Minty Fresh
The Swarm",Solar,79,896,55,0.466,0.455,25,30,23655,13670,9985,51,36,97,192,26.60%,415.5,240.1,175.4,0.9,0.63,1.7,3.37,430.1,248.5,181.5,0.93,0.65,1.76,3.49,131,143,2.3,2.51,2.38,2.6
Elite,RSC004130,Phantao,Sloths,The Jungle,Solar,78,905,58,0.651,0.672,39,19,22482,13280,9202,58,50,62,188,30.90%,391,230.9,160,1.01,0.87,1.08,3.27,387.6,229,158.7,1,0.86,1.07,3.24,172,116,2.99,2.02,2.97,2
Elite,RSC004798,Huskkio,"Violence
Predators","Inferno
The Monster Mash",Solar,76.3,478,29,0.478,0.379,11,18,12626,7440,5186,28,18,55,99,28.30%,415.7,245,170.8,0.92,0.59,1.81,3.26,435.4,256.6,178.8,0.97,0.62,1.9,3.41,67,71,2.21,2.34,2.31,2.45
Elite,RSC003008,Generalzippy,D-Generation X,Rocket Association Wrestling,Lunar,75.9,561,36,0.733,0.75,27,9,13609,8330,5279,40,28,34,123,32.50%,381.8,233.7,148.1,1.12,0.79,0.95,3.45,378,231.4,146.6,1.11,0.78,0.94,3.42,106,55,2.97,1.54,2.94,1.53
Elite,RSC002295,Rblegend,Aquarius,The N Ξ X U S,Solar,75.6,828,52,0.515,0.442,23,29,21544,12810,8734,59,33,72,166,35.50%,409.5,243.5,166,1.12,0.63,1.37,3.16,414.3,246.3,168,1.13,0.63,1.38,3.19,139,134,2.64,2.55,2.67,2.58
Elite,RSC003334,Hawk Rl,Finbacks,Whale Defense,Solar,75,930,58,0.518,0.534,31,27,23733,14670,9063,68,36,82,197,34.50%,401.6,248.3,153.4,1.15,0.61,1.39,3.33,409.2,252.9,156.3,1.17,0.62,1.41,3.4,158,151,2.67,2.56,2.72,2.6
Elite,RSC004911,Khamul,Predators,The Monster Mash,Lunar,73.1,915,59,0.483,0.475,28,31,25206,14290,10916,54,31,115,159,34.00%,433.6,245.8,187.8,0.93,0.53,1.98,2.73,427.2,242.2,185,0.92,0.53,1.95,2.69,135,141,2.32,2.43,2.29,2.39
Elite,RSC003220,Galaxy,"Slap Chops
Cyclones","As Seen on TV!
Storm",Solar,70.7,874,54,0.566,0.537,29,25,22152,13040,9112,58,40,73,159,36.50%,398.9,234.8,164.1,1.04,0.72,1.31,2.86,410.2,241.5,168.7,1.07,0.74,1.35,2.94,149,126,2.68,2.27,2.76,2.33
Elite,RSC002644,Kniknok,"Great Danes
Vibranium","Puppy Paradise
Metal",Lunar,70.6,931,58,0.497,0.552,32,26,25307,14670,10637,69,19,101,177,39.00%,427.8,248,179.8,1.17,0.32,1.71,2.99,436.3,252.9,183.4,1.19,0.33,1.74,3.05,150,151,2.54,2.55,2.59,2.6
Elite,RSC004567,Plootou.,Cyclones,Storm,Solar,70,623,40,0.628,0.65,26,14,15405,9250,6155,40,29,52,120,33.30%,389.2,233.7,155.5,1.01,0.73,1.31,3.03,385.1,231.3,153.9,1,0.73,1.3,3,118,85,2.98,2.15,2.95,2.13
Elite,RSC004032,Monkeynut,Fire,The Elements,Solar,70,978,64,0.581,0.578,37,27,24093,14100,9993,63,52,69,175,36.00%,387.7,226.9,160.8,1.01,0.84,1.11,2.82,376.5,220.3,156.1,0.98,0.81,1.08,2.73,193,158,3.11,2.54,3.02,2.47
Elite,RSC004982,Loyboy2,Godzilla,Kaiju,Solar,69.9,493,33,0.406,0.424,14,19,13555,7030,6525,23,8,67,98,23.50%,432.7,224.4,208.3,0.73,0.26,2.14,3.13,410.8,213,197.7,0.7,0.24,2.03,2.97,50,65,1.6,2.08,1.52,1.97
Elite,RSC000363,Relax,Kodiaks,The Bear Den,Lunar,69.5,875,58,0.589,0.621,36,22,21706,12520,9186,54,37,71,172,31.40%,390.4,225.2,165.2,0.97,0.67,1.28,3.09,374.2,215.9,158.4,0.93,0.64,1.22,2.97,146,116,2.63,2.09,2.52,2
Elite,RSC003323,Boog Mccroog,Ravioli Rangers,Italian Battalion,Lunar,68.5,1033,64,0.553,0.609,39,25,26439,15690,10749,67,47,98,174,38.50%,402.8,239,163.8,1.02,0.72,1.49,2.65,413.1,245.2,168,1.05,0.73,1.53,2.72,165,144,2.51,2.19,2.58,2.25
Elite,RSC000787,Bucklemyshoe,Wraiths,Warbirds,Lunar,68.4,796,53,0.527,0.566,30,23,19991,11330,8661,37,46,81,128,28.90%,395.3,224,171.2,0.73,0.91,1.6,2.53,377.2,213.8,163.4,0.7,0.87,1.53,2.42,120,112,2.37,2.21,2.26,2.11
Elite,RSC004797,Tempest,Wendigos,The Forest,Lunar,68.4,906,56,0.566,0.607,34,22,21646,12760,8886,46,44,82,186,24.70%,376,221.7,154.4,0.8,0.76,1.42,3.23,386.5,227.9,158.7,0.82,0.79,1.46,3.32,148,125,2.57,2.17,2.64,2.23
Elite,RSC002498,Justin,Violence,Inferno,Solar,67.8,544,37,0.505,0.514,19,18,13276,7810,5466,31,27,47,101,30.70%,384.1,225.9,158.1,0.9,0.78,1.36,2.92,358.8,211.1,147.7,0.84,0.73,1.27,2.73,87,86,2.52,2.49,2.35,2.32
Elite,RSC003792,Calcifiree,Gamma,The Wavelengths,Solar,67.3,984,58,0.538,0.621,36,22,24648,14400,10248,60,39,92,185,32.40%,394.2,230.3,163.9,0.96,0.62,1.47,2.96,425,248.3,176.7,1.03,0.67,1.59,3.19,149,135,2.38,2.16,2.57,2.33
Elite,RSC000777,Marcus.,Great Whites,Shark Attack,Lunar,66.5,977,64,0.642,0.609,39,25,23432,13810,9622,47,55,92,176,26.70%,377.5,222.5,155,0.76,0.89,1.48,2.84,366.1,215.8,150.3,0.73,0.86,1.44,2.75,168,115,2.71,1.85,2.63,1.8
Elite,RSC003763,Void,Great Danes,Puppy Paradise,Lunar,65.6,80,4,0.628,0.5,2,2,1969,1320,649,5,5,9,12,41.70%,387.4,259.7,127.7,0.98,0.98,1.77,2.36,492.3,330,162.3,1.25,1.25,2.25,3,14,10,2.75,1.97,3.5,2.5
Elite,RSC004535,Raycrusher1002,Knights,The Sovereign,Lunar,65.2,504,31,0.587,0.613,19,12,12696,7170,5526,29,23,46,82,35.40%,396.5,223.9,172.6,0.91,0.72,1.44,2.56,409.5,231.3,178.3,0.94,0.74,1.48,2.65,85,68,2.65,2.12,2.74,2.19
Elite,RSC000139,Jmelly,Vibranium,Metal,Solar,62.7,1047,64,0.58,0.547,35,29,24259,14430,9829,56,60,80,183,30.60%,364.7,216.9,147.7,0.84,0.9,1.2,2.75,379,225.5,153.6,0.88,0.94,1.25,2.86,201,165,3.02,2.48,3.14,2.58
Elite,RSC001055,Scotti,Cyclones,Storm,Solar,62.5,919,60,0.615,0.667,40,20,21443,12840,8603,60,39,62,179,33.50%,367.2,219.9,147.3,1.03,0.67,1.06,3.07,357.4,214,143.4,1,0.65,1.03,2.98,179,134,3.07,2.29,2.98,2.23
Elite,RSC000009,Timbo,Sloths,The Jungle,Solar,61.4,928,59,0.649,0.678,40,19,22047,12730,9317,59,34,67,178,33.10%,373.9,215.9,158,1,0.58,1.14,3.02,373.7,215.8,157.9,1,0.58,1.14,3.02,174,118,2.95,2,2.95,2
Elite,,Doja Cat,Knights,The Sovereign,Lunar,61.2,733,47,0.529,0.553,26,21,17186,10450,6736,45,33,59,135,33.30%,369,224.4,144.6,0.97,0.71,1.27,2.9,365.7,222.3,143.3,0.96,0.7,1.26,2.87,130,121,2.79,2.6,2.77,2.57
Elite,RSC004132,Roberts7977,Quasars,The Cosmos,Solar,59.9,666,43,0.489,0.442,19,24,16216,9800,6416,39,31,66,105,37.10%,383.2,231.6,151.6,0.92,0.73,1.56,2.48,377.1,227.9,149.2,0.91,0.72,1.53,2.44,111,114,2.62,2.69,2.58,2.65
Elite,RSC003055,Lad,Sloths,The Jungle,Solar,59.1,613,39,0.668,0.744,29,10,14443,8670,5773,40,26,46,107,37.40%,370.8,222.6,148.2,1.03,0.67,1.18,2.75,370.3,222.3,148,1.03,0.67,1.18,2.74,118,76,3.03,1.95,3.03,1.95
Elite,RSC004691,Le6Os,"Aquarius
Great Whites","The N Ξ X U S
Shark Attack",Solar,57.8,429,29,0.652,0.552,16,13,9848,6290,3558,25,24,38,69,36.20%,361.3,230.8,130.5,0.92,0.88,1.39,2.53,339.6,216.9,122.7,0.86,0.83,1.31,2.38,83,56,3.04,2.05,2.86,1.93
Elite,RSC000697,Dolphino,Bolts,Electric Mayhem,Lunar,57.5,979,64,0.508,0.516,33,31,23106,13070,10036,54,36,82,177,30.50%,371.5,210.1,161.3,0.87,0.58,1.32,2.85,361,204.2,156.8,0.84,0.56,1.28,2.77,150,147,2.41,2.36,2.34,2.3
Elite,RSC002476,Argnor,Anglers,The Abyss,Lunar,57.1,660,41,0.543,0.512,21,20,15541,8380,7161,32,18,59,133,24.10%,370.6,199.8,170.8,0.76,0.43,1.41,3.17,379,204.4,174.7,0.78,0.44,1.44,3.24,93,83,2.22,1.98,2.27,2.02
Elite,RSC000310,Chrisakamrxd,Wraiths,Warbirds,Lunar,56.8,860,57,0.54,0.561,32,25,20166,11420,8746,46,29,75,162,28.40%,369,209,160.1,0.84,0.53,1.37,2.96,353.8,200.4,153.4,0.81,0.51,1.32,2.84,132,119,2.42,2.18,2.32,2.09
Elite,RSC000923,Stemantics,"Cyclones
Slap Chops","Storm
As Seen on TV!",Solar,56.7,877,57,0.546,0.561,32,25,20220,11810,8410,52,34,66,161,32.30%,362.9,211.9,150.9,0.93,0.61,1.18,2.89,354.7,207.2,147.5,0.91,0.6,1.16,2.82,146,130,2.62,2.33,2.56,2.28
Elite,RSC000753,Prolly,Wendigos,The Forest,Lunar,56.6,977,60,0.572,0.633,38,22,22609,13520,9089,61,33,78,187,32.60%,364.2,217.8,146.4,0.98,0.53,1.26,3.01,376.8,225.3,151.5,1.02,0.55,1.3,3.12,158,131,2.55,2.11,2.63,2.18
Elite,RSC002164,Dosia,Montrose Magpies,Quidditch League,Solar,55.7,970,58,0.525,0.534,31,27,22300,13050,9250,55,36,79,180,30.60%,361.8,211.7,150.1,0.89,0.58,1.28,2.92,384.5,225,159.5,0.95,0.62,1.36,3.1,142,133,2.3,2.16,2.45,2.29
Elite,RSC003399,Josan,Distortion,Rock FX,Lunar,55.3,795,50,0.51,0.5,25,25,19223,11410,7813,47,27,81,131,35.90%,380.6,225.9,154.7,0.93,0.53,1.6,2.59,384.5,228.2,156.3,0.94,0.54,1.62,2.62,118,115,2.34,2.28,2.36,2.3
Elite,RSC001921,Dom,X-Men,The Comic Crusaders,Lunar,54.9,904,58,0.453,0.448,26,32,22182,12520,9662,50,25,95,152,32.90%,386.2,218,168.2,0.87,0.44,1.65,2.65,382.4,215.9,166.6,0.86,0.43,1.64,2.62,124,140,2.16,2.44,2.14,2.41
Elite,RSC001848,"Peeg :>, Lol.","Anglers
Wolverines","The Abyss
Polar Vortex",Lunar,54.9,924,59,0.488,0.424,25,34,21488,11350,10138,37,45,79,145,25.50%,366,193.3,172.7,0.63,0.77,1.35,2.47,364.2,192.4,171.8,0.63,0.76,1.34,2.46,131,135,2.23,2.3,2.22,2.29
Elite,RSC005017,Clef,Kodiaks,The Bear Den,Lunar,54.5,203,14,0.473,0.5,7,7,4660,2520,2140,8,8,19,37,21.60%,361.3,195.4,165.9,0.62,0.62,1.47,2.87,332.9,180,152.9,0.57,0.57,1.36,2.64,28,30,2.17,2.33,2,2.14
Elite,RSC001790,Viglio,Bolts,Electric Mayhem,Lunar,54.4,825,53,0.579,0.623,33,20,18857,11130,7727,45,35,69,143,31.50%,359.7,212.3,147.4,0.86,0.67,1.32,2.73,355.8,210,145.8,0.85,0.66,1.3,2.7,135,110,2.58,2.1,2.55,2.08
Elite,RSC000451,Cryke,D-Generation X,Rocket Association Wrestling,Lunar,54.3,585,38,0.573,0.632,24,14,13388,7390,5998,31,20,44,109,28.40%,360.2,198.8,161.4,0.83,0.54,1.18,2.93,352.3,194.5,157.8,0.82,0.53,1.16,2.87,92,76,2.48,2.04,2.42,2
Elite,RSC004469,Lock,Knights,The Sovereign,Lunar,54,970,61,0.523,0.541,33,28,23532,13480,10052,57,27,96,163,35.00%,381.8,218.7,163.1,0.92,0.44,1.56,2.64,385.8,221,164.8,0.93,0.44,1.57,2.67,157,148,2.55,2.4,2.57,2.43
Elite,RSC000649,2Jsix,Fire,The Elements,Solar,53.6,978,64,0.581,0.578,37,27,21880,13080,8800,64,40,59,173,37.00%,352.1,210.5,141.6,1.03,0.64,0.95,2.78,341.9,204.4,137.5,1,0.63,0.92,2.7,193,158,3.11,2.54,3.02,2.47
Elite,RSC004661,Mr.Fitter,Slap Chops,As Seen on TV!,Solar,52.8,404,24,0.5,0.458,11,13,9539,5760,3779,18,16,50,66,27.30%,371.6,224.4,147.2,0.7,0.62,1.95,2.57,397.5,240,157.5,0.75,0.67,2.08,2.75,56,56,2.18,2.18,2.33,2.33
Elite,RSC002161,Theangrytryhard,Menthol,Minty Fresh,Solar,52.8,660,42,0.418,0.357,15,27,14894,8550,6344,31,33,55,105,29.50%,355.2,203.9,151.3,0.74,0.79,1.31,2.5,354.6,203.6,151,0.74,0.79,1.31,2.5,101,124,2.41,2.96,2.4,2.95
Elite,RSC000690,Paco,Menthol,Minty Fresh,Solar,52.6,467,31,0.485,0.387,12,19,10348,5810,4538,24,21,31,81,29.60%,348.7,195.8,152.9,0.81,0.71,1.04,2.73,333.8,187.4,146.4,0.77,0.68,1,2.61,79,82,2.66,2.76,2.55,2.65
Elite,RSC000690,Paco,Menthol,Minty Fresh,Solar,52.6,467,31,0.485,0.387,12,19,10348,5810,4538,24,21,31,81,29.60%,348.7,195.8,152.9,0.81,0.71,1.04,2.73,333.8,187.4,146.4,0.77,0.68,1,2.61,79,82,2.66,2.76,2.55,2.65
Elite,RSC002579,Saltybikini,Orcas,Sub Zero,Solar,52.5,807,50,0.465,0.48,24,26,19445,11070,8375,39,30,89,122,32.00%,379.2,215.9,163.3,0.76,0.59,1.74,2.38,388.9,221.4,167.5,0.78,0.6,1.78,2.44,119,130,2.32,2.54,2.38,2.6
Elite,RSC003064,Taka,Vipers,The Serpents,Lunar,52.5,842,52,0.441,0.423,22,30,18269,10540,7729,40,32,65,169,23.70%,341.5,197,144.5,0.75,0.6,1.21,3.16,351.3,202.7,148.6,0.77,0.62,1.25,3.25,115,134,2.15,2.5,2.21,2.58
Elite,RSC003339,Jacob.,Kodiaks,The Bear Den,Lunar,52.4,856,56,0.597,0.625,35,21,20534,11530,9004,50,28,76,133,37.60%,377.5,212,165.5,0.92,0.51,1.4,2.45,366.7,205.9,160.8,0.89,0.5,1.36,2.38,144,112,2.65,2.06,2.57,2
Elite,RSC002105,Flexy,Aquarius,The N Ξ X U S,Solar,51.6,873,54,0.486,0.407,22,32,19370,11160,8210,41,39,72,151,27.20%,349.2,201.2,148,0.74,0.7,1.3,2.72,358.7,206.7,152,0.76,0.72,1.33,2.8,138,143,2.49,2.58,2.56,2.65
Elite,RSC000574,Icy,Quasars,The Cosmos,Solar,51.3,857,52,0.42,0.404,21,31,20505,11290,9215,41,33,86,124,33.10%,376.6,207.3,169.2,0.75,0.61,1.58,2.28,394.3,217.1,177.2,0.79,0.63,1.65,2.38,124,152,2.28,2.79,2.38,2.92
Elite,RSC000790,Void.,Great Danes,Puppy Paradise,Lunar,51.3,767,50,0.468,0.52,26,24,17212,9610,7602,39,31,57,131,29.80%,353.2,197.2,156,0.8,0.64,1.17,2.69,344.2,192.2,152,0.78,0.62,1.14,2.62,118,128,2.42,2.63,2.36,2.56
Elite,RSC001960,Angel,Ravioli Rangers,Italian Battalion,Lunar,51,177,12,0.5,0.5,6,6,4083,2480,1603,9,5,20,33,27.30%,363,220.5,142.5,0.8,0.44,1.78,2.93,340.3,206.7,133.6,0.75,0.42,1.67,2.75,20,20,1.78,1.78,1.67,1.67
Elite,RSC003784,Rollsroyceowner,Finbacks,Whale Defense,Solar,50.7,476,29,0.541,0.586,17,12,11025,6240,4785,25,21,40,69,36.20%,364.5,206.3,158.2,0.83,0.69,1.32,2.28,380.2,215.2,165,0.86,0.72,1.38,2.38,81,73,2.68,2.41,2.79,2.52
Elite,RSC001674,Skrooms,Kodiaks,The Bear Den,Lunar,50.3,967,64,0.581,0.609,39,25,23149,13580,9569,47,35,114,143,32.90%,376.8,221,155.7,0.76,0.57,1.86,2.33,361.7,212.2,149.5,0.73,0.55,1.78,2.23,159,129,2.59,2.1,2.48,2.02
Elite,RSC003150,Slate,Distortion,Rock FX,Lunar,50.2,429,27,0.461,0.444,12,15,9352,5400,3952,20,24,31,65,30.80%,343.1,198.1,145,0.73,0.88,1.14,2.38,346.4,200,146.4,0.74,0.89,1.15,2.41,68,75,2.49,2.75,2.52,2.78
Elite,RSC002444,Blender,"Ravioli Rangers
Distortion","Italian Battalion
Rock FX",Lunar,50.1,1009,61,0.54,0.607,37,24,22118,13260,8858,56,35,80,191,29.30%,345,206.8,138.2,0.87,0.55,1.25,2.98,362.6,217.4,145.2,0.92,0.57,1.31,3.13,164,148,2.56,2.31,2.69,2.43
Elite,RSC003995,Vekz Showz,Distortion,Rock FX,Lunar,50,69,4,0.5,0.5,2,2,1809,1060,749,3,3,11,6,50.00%,412.6,241.8,170.8,0.68,0.68,2.51,1.37,452.3,265,187.3,0.75,0.75,2.75,1.5,7,7,1.6,1.6,1.75,1.75
Elite,RSC000769,Perino,Orcas,Sub Zero,Solar,49.8,362,26,0.493,0.538,14,12,8690,4490,4200,19,13,29,49,38.80%,377.8,195.2,182.6,0.83,0.57,1.26,2.13,334.2,172.7,161.5,0.73,0.5,1.12,1.88,59,60,2.57,2.61,2.27,2.31
Elite,,Slurp,Wolverines,Polar Vortex,Lunar,49.8,787,50,0.333,0.3,15,35,18195,10170,8025,42,22,70,137,30.70%,363.9,203.4,160.5,0.84,0.44,1.4,2.74,363.9,203.4,160.5,0.84,0.44,1.4,2.74,93,145,1.86,2.9,1.86,2.9
Elite,RSC001098,Wafe,D-Generation X,Rocket Association Wrestling,Lunar,49.2,831,55,0.711,0.8,44,11,18010,9830,8180,43,35,47,143,30.10%,341.1,186.2,154.9,0.81,0.66,0.89,2.71,327.5,178.7,148.7,0.78,0.64,0.85,2.6,160,90,3.03,1.7,2.91,1.64
Elite,RSC004295,Heavyumlaut,Gamma,The Wavelengths,Solar,49,700,41,0.552,0.634,26,15,15432,9100,6332,39,25,54,125,31.20%,347,204.6,142.4,0.88,0.56,1.21,2.81,376.4,222,154.4,0.95,0.61,1.32,3.05,111,97,2.5,2.18,2.71,2.37
Elite,RSC000805,Deezmuffinz,Gamma,The Wavelengths,Solar,48.7,580,34,0.496,0.559,19,15,12355,7290,5065,23,32,49,94,24.50%,335.3,197.8,137.4,0.62,0.87,1.33,2.55,363.4,214.4,149,0.68,0.94,1.44,2.76,90,91,2.44,2.47,2.65,2.68
Elite,RSC002097,Noobz,Sloths,The Jungle,Solar,48.7,383,24,0.555,0.5,12,12,8233,4730,3503,18,14,30,73,24.70%,338.3,194.4,143.9,0.74,0.58,1.23,3,343,197.1,146,0.75,0.58,1.25,3.04,61,53,2.51,2.18,2.54,2.21
Elite,RSC002513,Supercruz101,Slap Chops,As Seen on TV!,Solar,48.6,62,4,0.574,0.75,3,1,1352,860,492,3,5,5,6,50.00%,343.2,218.3,124.9,0.76,1.27,1.27,1.52,338,215,123,0.75,1.25,1.25,1.5,12,10,3.05,2.54,3,2.5
Elite,RSC002513,Supercruz101,Slap Chops,As Seen on TV!,Solar,48.6,62,4,0.574,0.75,3,1,1352,860,492,3,5,5,6,50.00%,343.2,218.3,124.9,0.76,1.27,1.27,1.52,338,215,123,0.75,1.25,1.25,1.5,12,10,3.05,2.54,3,2.5
Elite,RSC000643,M3 Mario,Anglers,The Abyss,Lunar,48.4,732,45,0.489,0.422,19,26,16718,9290,7428,40,24,58,119,33.60%,359.4,199.7,159.7,0.86,0.52,1.25,2.56,371.5,206.4,165.1,0.89,0.53,1.29,2.64,98,101,2.11,2.17,2.18,2.24
Elite,RSC000097,Dravaco,Leshens,The Bestiary,Lunar,47.7,597,40,0.434,0.4,16,24,14440,7400,7040,21,16,72,90,23.30%,380.7,195.1,185.6,0.55,0.42,1.9,2.37,361,185,176,0.53,0.4,1.8,2.25,73,87,1.92,2.29,1.83,2.18
Elite,RSC004361,Ezpz Scopezz,"Hornets
Montrose Magpies","The Swarm
Quidditch League",Solar,47.5,450,30,0.41,0.467,14,16,10727,5710,5017,22,13,44,66,33.30%,375.2,199.7,175.5,0.77,0.45,1.54,2.31,357.6,190.3,167.2,0.73,0.43,1.47,2.2,61,77,2.13,2.69,2.03,2.57
Elite,RSC000179,Sykoshaggy,Predators,The Monster Mash,Lunar,47.2,712,46,0.47,0.478,22,24,16086,8550,7536,35,24,54,115,30.40%,355.6,189,166.6,0.77,0.53,1.19,2.54,349.7,185.9,163.8,0.76,0.52,1.17,2.5,98,106,2.17,2.34,2.13,2.3
Elite,RSC000819,Jwanderz,Hornets,The Swarm,Solar,46.8,596,37,0.441,0.459,17,20,12668,7510,5158,38,22,31,106,35.80%,334.5,198.3,136.2,1,0.58,0.82,2.8,342.4,203,139.4,1.03,0.59,0.84,2.86,86,100,2.27,2.64,2.32,2.7
Elite,RSC000367,Pana,Quasars,The Cosmos,Solar,46.4,498,27,0.426,0.444,12,15,10658,6390,4268,22,20,46,89,24.70%,336.8,201.9,134.9,0.7,0.63,1.45,2.81,394.7,236.7,158.1,0.81,0.74,1.7,3.3,66,80,2.09,2.53,2.44,2.96
Elite,RSC004477,Wulfy,Vipers,The Serpents,Lunar,46.3,421,27,0.564,0.519,14,13,9654,5450,4204,24,13,35,65,36.90%,360.9,203.7,157.2,0.9,0.49,1.31,2.43,357.6,201.9,155.7,0.89,0.48,1.3,2.41,65,55,2.43,2.06,2.41,2.04
Elite,RSC000175,Nytro,X-Men,The Comic Crusaders,Lunar,45.9,916,59,0.448,0.441,26,33,21024,11540,9484,37,37,94,129,28.70%,361.2,198.3,163,0.64,0.64,1.62,2.22,356.3,195.6,160.7,0.63,0.63,1.59,2.19,124,142,2.13,2.44,2.1,2.41
Elite,RSC005037,.Slop.,"Godzilla
Gelato
Anglers","Kaiju
Fifty-Fifty Pizzeria
The Abyss",Lunar,45.9,706,44,0.373,0.318,14,30,15679,8290,7389,25,32,63,104,24.00%,349.5,184.8,164.7,0.56,0.71,1.4,2.32,356.3,188.4,167.9,0.57,0.73,1.43,2.36,96,133,2.14,2.96,2.18,3.02
Elite,RSC002335,Jiggy Watt,Orcas,Sub Zero,Solar,45.9,770,49,0.406,0.408,20,29,16967,9660,7307,45,24,53,131,34.40%,346.8,197.4,149.4,0.92,0.49,1.08,2.68,346.3,197.1,149.1,0.92,0.49,1.08,2.67,107,136,2.19,2.78,2.18,2.78
Elite,RSC004825,Aqueis,Knights,The Sovereign,Lunar,45.8,551,35,0.448,0.4,14,21,12204,6590,5614,22,21,49,89,24.70%,348.6,188.2,160.4,0.63,0.6,1.4,2.54,348.7,188.3,160.4,0.63,0.6,1.4,2.54,77,88,2.2,2.51,2.2,2.51
Elite,RSC004867,Cap,"Hornets
Montrose Magpies","The Swarm
Quidditch League",Solar,45.6,253,17,0.4,0.294,5,12,5500,2830,2670,9,12,19,38,23.70%,342.1,176,166.1,0.56,0.75,1.18,2.36,323.5,166.5,157.1,0.53,0.71,1.12,2.24,34,44,2.12,2.74,2,2.59
Elite,RSC003418,Fern,Great Whites,Shark Attack,Lunar,45.3,699,47,0.685,0.638,30,17,15162,8650,6512,39,21,49,125,31.20%,341.4,194.8,146.6,0.88,0.47,1.1,2.81,322.6,184,138.6,0.83,0.45,1.04,2.66,127,77,2.86,1.73,2.7,1.64
Elite,RSC003705,Skybud_,Distortion,Rock FX,Lunar,45.2,497,33,0.42,0.364,12,21,10864,6060,4804,21,17,45,86,24.40%,344,191.9,152.1,0.67,0.54,1.43,2.72,329.2,183.6,145.6,0.64,0.52,1.36,2.61,65,80,2.06,2.53,1.97,2.42
Elite,RSC004729,0Starr,Knights,The Sovereign,Lunar,45.1,142,10,0.463,0.5,5,5,3107,1450,1657,4,7,10,20,20.00%,344.4,160.7,183.7,0.44,0.78,1.11,2.22,310.7,145,165.7,0.4,0.7,1,2,20,22,2.22,2.44,2,2.2
Elite,RSC000774,Eartharc2157,Bolts,Electric Mayhem,Lunar,44.4,979,64,0.508,0.516,33,31,21721,11780,9941,48,29,78,163,29.40%,349.2,189.4,159.8,0.77,0.47,1.25,2.62,339.4,184.1,155.3,0.75,0.45,1.22,2.55,150,147,2.41,2.36,2.34,2.3
Elite,RSC001019,Tohru,"Vipers
Distortion","The Serpents
Rock FX",Lunar,44.2,396,24,0.412,0.375,9,15,9216,5130,4086,13,18,49,48,27.10%,366.3,203.9,162.4,0.52,0.72,1.95,1.91,384,213.8,170.3,0.54,0.75,2.04,2,56,70,2.23,2.78,2.33,2.92
Elite,RSC000735,Itonydelatorre,Anglers,The Abyss,Lunar,44.2,460,29,0.54,0.517,15,14,10192,6080,4112,22,19,45,68,32.40%,348.7,208,140.7,0.75,0.65,1.54,2.33,351.4,209.7,141.8,0.76,0.66,1.55,2.34,72,65,2.46,2.22,2.48,2.24
Elite,RSC002718,Clarky?,Vibranium,Metal,Solar,43.8,975,59,0.595,0.576,34,25,20296,12280,8016,44,59,72,133,33.10%,327.6,198.2,129.4,0.71,0.95,1.16,2.15,344,208.1,135.9,0.75,1,1.22,2.25,191,151,3.08,2.44,3.24,2.56
Elite,RSC003416,Drskimmilk,Distortion,Rock FX,Lunar,43,70,4,0.567,0.75,3,1,1404,830,574,3,3,5,13,23.10%,315.7,186.6,129.1,0.67,0.67,1.12,2.92,351,207.5,143.5,0.75,0.75,1.25,3.25,13,11,2.92,2.47,3.25,2.75
Elite,RSC003416,Drskimmilk,Distortion,Rock FX,Lunar,43,70,4,0.567,0.75,3,1,1404,830,574,3,3,5,13,23.10%,315.7,186.6,129.1,0.67,0.67,1.12,2.92,351,207.5,143.5,0.75,0.75,1.25,3.25,13,11,2.92,2.47,3.25,2.75
Elite,RSC004919,Ikigai,"Wraiths
Vipers","Warbirds
The Serpents",Lunar,42.7,903,56,0.509,0.518,29,27,20301,11100,9201,43,31,79,130,33.10%,353.8,193.5,160.4,0.75,0.54,1.38,2.27,362.5,198.2,164.3,0.77,0.55,1.41,2.32,135,132,2.35,2.3,2.41,2.36
Elite,RSC003014,Sea Punk,Cyclones,Storm,Solar,42.6,121,8,0.5,0.375,3,5,2511,1520,991,7,4,8,22,31.80%,326.6,197.7,128.9,0.91,0.52,1.04,2.86,313.9,190,123.9,0.88,0.5,1,2.75,22,22,2.86,2.86,2.75,2.75
Elite,RSC004898,Uh Steve,Slap Chops,As Seen on TV!,Solar,42.6,863,55,0.424,0.382,21,34,19861,10810,9051,37,25,92,126,29.40%,362.2,197.1,165.1,0.67,0.46,1.68,2.3,361.1,196.5,164.6,0.67,0.45,1.67,2.29,114,139,2.08,2.53,2.07,2.53
Elite,RSC000021,Tyty,Montrose Magpies,Quidditch League,Solar,42.2,783,46,0.537,0.543,25,21,17612,10530,7082,37,23,89,123,30.10%,354,211.7,142.3,0.74,0.46,1.79,2.47,382.9,228.9,154,0.8,0.5,1.93,2.67,121,110,2.43,2.21,2.63,2.39
Elite,RSC002691,Soup,Montrose Magpies,Quidditch League,Solar,41.9,928,57,0.529,0.544,31,26,19182,11150,8032,39,35,77,165,23.60%,325.3,189.1,136.2,0.66,0.59,1.31,2.8,336.5,195.6,140.9,0.68,0.61,1.35,2.89,140,130,2.37,2.2,2.46,2.28
Elite,RSC003981,Rhino,Violence,Inferno,Solar,41.8,807,55,0.569,0.582,32,23,18106,9610,8496,39,33,61,101,38.60%,353.1,187.4,165.7,0.76,0.64,1.19,1.97,329.2,174.7,154.5,0.71,0.6,1.11,1.84,128,107,2.5,2.09,2.33,1.95
Elite,RSC003866,Skizzbo,X-Men,The Comic Crusaders,Lunar,41.8,551,35,0.486,0.486,17,18,12047,6460,5587,20,22,51,81,24.70%,344.1,184.5,159.6,0.57,0.63,1.46,2.31,344.2,184.6,159.6,0.57,0.63,1.46,2.31,81,84,2.31,2.4,2.31,2.4
Elite,RSC000016,Beans,Leshens,The Bestiary,Lunar,41.2,786,53,0.373,0.34,18,35,17676,9600,8076,32,25,80,115,27.80%,353.9,192.2,161.7,0.64,0.5,1.6,2.3,333.5,181.1,152.4,0.6,0.47,1.51,2.17,88,124,1.76,2.48,1.66,2.34
Elite,RSC000302,Tehblister,Gelato,Fifty-Fifty Pizzeria,Solar,41.2,1024,61,0.389,0.377,23,38,22314,12350,9964,44,37,91,155,28.40%,343,189.8,153.1,0.68,0.57,1.4,2.38,365.8,202.5,163.3,0.72,0.61,1.49,2.54,123,165,1.89,2.54,2.02,2.7
Elite,RSC000437,Lonely,Menthol,Minty Fresh,Solar,41,874,55,0.456,0.436,24,31,18810,10380,8430,45,31,60,133,33.80%,338.7,186.9,151.8,0.81,0.56,1.08,2.39,342,188.7,153.3,0.82,0.56,1.09,2.42,138,154,2.49,2.77,2.51,2.8
Elite,RSC004910,Seefooo,Leshens,The Bestiary,Lunar,40.4,713,49,0.325,0.306,15,34,15758,7890,7868,26,19,64,114,22.80%,347.8,174.2,173.7,0.57,0.42,1.41,2.52,321.6,161,160.6,0.53,0.39,1.31,2.33,70,114,1.55,2.52,1.43,2.33
Elite,RSC001784,Vengeance,Wraiths,Warbirds,Lunar,40.3,392,25,0.507,0.48,12,13,8572,4760,3812,18,12,35,61,29.50%,344.2,191.1,153,0.72,0.48,1.41,2.45,342.9,190.4,152.5,0.72,0.48,1.4,2.44,53,52,2.13,2.09,2.12,2.08
Elite,RSC000645,Denz,Wendigos,The Forest,Lunar,40.3,798,50,0.534,0.58,29,21,16562,9270,7292,41,26,50,137,29.90%,326.6,182.8,143.8,0.81,0.51,0.99,2.7,331.2,185.4,145.8,0.82,0.52,1,2.74,120,110,2.37,2.17,2.4,2.2
Elite,RSC000626,Canadian Things,Gelato,Fifty-Fifty Pizzeria,Solar,39.2,971,58,0.389,0.379,22,36,20294,10920,9374,34,34,84,162,21.00%,328.9,177,151.9,0.55,0.55,1.36,2.63,349.9,188.3,161.6,0.59,0.59,1.45,2.79,117,157,1.9,2.54,2.02,2.71
Elite,RSC000867,Ritter,"Vipers
Wraiths","The Serpents
Warbirds",Lunar,39,907,61,0.455,0.459,28,33,19577,10750,8827,40,26,80,145,27.60%,339.7,186.5,153.2,0.69,0.45,1.39,2.52,320.9,176.2,144.7,0.66,0.43,1.31,2.38,122,137,2.12,2.38,2,2.25
Elite,RSC004730,Sgtpickle,Distortion,Rock FX,Lunar,38.4,253,15,0.447,0.467,7,8,5902,3450,2452,13,5,31,35,37.10%,367.1,214.6,152.5,0.81,0.31,1.93,2.18,393.5,230,163.5,0.87,0.33,2.07,2.33,34,39,2.12,2.43,2.27,2.6
Elite,RSC000946,Rebel,Great Danes,Puppy Paradise,Lunar,38.3,84,5,0.473,0.4,2,3,1598,960,638,3,6,5,11,27.30%,299.4,179.9,119.5,0.56,1.12,0.94,2.06,319.6,192,127.6,0.6,1.2,1,2.2,15,16,2.81,3,3,3.2
Elite,RSC000946,Rebel,Great Danes,Puppy Paradise,Lunar,38.3,84,5,0.473,0.4,2,3,1598,960,638,3,6,5,11,27.30%,299.4,179.9,119.5,0.56,1.12,0.94,2.06,319.6,192,127.6,0.6,1.2,1,2.2,15,16,2.81,3,3,3.2
Elite,RSC003321,Crystalbohemian,"Slap Chops
Orcas","As Seen on TV!
Sub Zero",Solar,38,283,19,0.344,0.316,6,13,6264,3570,2694,13,10,28,37,35.10%,348.4,198.5,149.8,0.72,0.56,1.56,2.06,329.7,187.9,141.8,0.68,0.53,1.47,1.95,42,62,2.34,3.45,2.21,3.26
Elite,RSC004966,Buck,Finbacks,Whale Defense,Solar,37.9,777,47,0.488,0.511,24,23,15417,8910,6507,35,34,49,126,27.80%,312.3,180.5,131.8,0.71,0.69,0.99,2.55,328,189.6,138.4,0.74,0.72,1.04,2.68,127,131,2.57,2.65,2.7,2.79
Elite,RSC002658,Boojoyner,Quasars,The Cosmos,Solar,37.8,908,55,0.465,0.455,25,30,18847,10230,8617,44,31,57,143,30.80%,326.7,177.3,149.4,0.76,0.54,0.99,2.48,342.7,186,156.7,0.8,0.56,1.04,2.6,140,153,2.43,2.65,2.55,2.78
Elite,RSC004371,Djcasualties,Great Danes,Puppy Paradise,Lunar,36.2,571,36,0.514,0.583,21,15,11469,6510,4959,25,27,37,81,30.90%,316.1,179.4,136.7,0.69,0.74,1.02,2.23,318.6,180.8,137.8,0.69,0.75,1.03,2.25,88,85,2.43,2.34,2.44,2.36
Elite,RSC004371,Djcasualties,Great Danes,Puppy Paradise,Lunar,36.2,571,36,0.514,0.583,21,15,11469,6510,4959,25,27,37,81,30.90%,316.1,179.4,136.7,0.69,0.74,1.02,2.23,318.6,180.8,137.8,0.69,0.75,1.03,2.25,88,85,2.43,2.34,2.44,2.36
Elite,RSC003073,Perkls,Ravioli Rangers,Italian Battalion,Lunar,36.2,253,16,0.447,0.438,7,9,5506,3130,2376,12,4,26,43,27.90%,342.5,194.7,147.8,0.75,0.25,1.62,2.67,344.1,195.6,148.5,0.75,0.25,1.63,2.69,34,39,2.12,2.43,2.13,2.44
Elite,RSC002246,Jalen.,Hornets,The Swarm,Solar,35.9,363,24,0.418,0.375,9,15,7535,4130,3405,16,11,28,58,27.60%,326.7,179.1,147.6,0.69,0.48,1.21,2.51,314,172.1,141.9,0.67,0.46,1.17,2.42,52,64,2.25,2.77,2.17,2.67
Elite,RSC000552,Cerealkiller,Godzilla,Kaiju,Solar,35.8,704,49,0.377,0.388,19,30,15770,8230,7540,28,14,74,103,27.20%,352.5,184,168.6,0.63,0.31,1.65,2.3,321.8,168,153.9,0.57,0.29,1.51,2.1,86,119,1.92,2.66,1.76,2.43
Elite,RSC000229,Far,"Wolverines
Menthol","Polar Vortex
Minty Fresh",Solar,35.7,544,35,0.371,0.371,13,22,11930,6570,5360,26,14,50,77,33.80%,345.1,190.1,155.1,0.75,0.41,1.45,2.23,340.9,187.7,153.1,0.74,0.4,1.43,2.2,78,108,2.26,3.12,2.23,3.09
Elite,RSC003986,Reprise,"Slap Chops
Hornets","As Seen on TV!
The Swarm",Solar,35.2,738,44,0.421,0.409,18,26,15761,8720,7041,35,19,63,112,31.30%,336.1,186,150.2,0.75,0.41,1.34,2.39,358.2,198.2,160,0.8,0.43,1.43,2.55,96,118,2.05,2.52,2.18,2.68
Elite,RSC000621,Ogkrish,Orcas,Sub Zero,Solar,34.8,875,56,0.408,0.411,23,33,18392,10500,7892,35,31,84,125,28.00%,330.8,188.9,142,0.63,0.56,1.51,2.25,328.4,187.5,140.9,0.63,0.55,1.5,2.23,125,158,2.25,2.84,2.23,2.82
Elite,RSC001741,Virus,Gamma,The Wavelengths,Solar,34.6,1012,59,0.524,0.61,36,23,19762,11390,8372,45,33,69,179,25.10%,307.3,177.1,130.2,0.7,0.51,1.07,2.78,334.9,193.1,141.9,0.76,0.56,1.17,3.03,151,142,2.35,2.21,2.56,2.41
Elite,RSC003277,Miikey.Rl,X-Men,The Comic Crusaders,Lunar,33.6,422,28,0.335,0.321,9,19,8995,4480,4515,18,12,30,58,31.00%,335.5,167.1,168.4,0.67,0.45,1.12,2.16,321.3,160,161.3,0.64,0.43,1.07,2.07,46,72,1.72,2.69,1.64,2.57
Elite,RSC003203,Turnzy,Ravioli Rangers,Italian Battalion,Lunar,33.5,842,52,0.576,0.635,33,19,16577,9380,7197,31,38,63,123,25.20%,309.9,175.3,134.5,0.58,0.71,1.18,2.3,318.8,180.4,138.4,0.6,0.73,1.21,2.37,140,115,2.62,2.15,2.69,2.21
Elite,RSC002178,Bird,Slap Chops,As Seen on TV!,Solar,31.7,501,33,0.41,0.333,11,22,10679,6180,4499,22,19,49,58,37.90%,335.5,194.1,141.3,0.69,0.6,1.54,1.82,323.6,187.3,136.3,0.67,0.58,1.48,1.76,70,88,2.2,2.76,2.12,2.67
Elite,RSC000766,Visionaryone,Wendigos,The Forest,Lunar,31.7,415,26,0.465,0.5,13,13,8695,4580,4115,16,17,33,48,33.30%,329.7,173.7,156.1,0.61,0.64,1.25,1.82,334.4,176.2,158.3,0.62,0.65,1.27,1.85,66,72,2.5,2.73,2.54,2.77
Elite,RSC002403,Zro.,Aquarius,The N Ξ X U S,Solar,31.4,486,32,0.414,0.406,13,19,10081,5610,4471,21,11,44,76,27.60%,326.5,181.7,144.8,0.68,0.36,1.42,2.46,315,175.3,139.7,0.66,0.34,1.38,2.38,64,80,2.07,2.59,2,2.5
Elite,RSC004770,(Twitch) Canadianchief,Great Danes,Puppy Paradise,Lunar,31.3,131,7,0.711,0.714,5,2,2413,1550,863,8,6,5,20,40.00%,289.9,186.2,103.7,0.96,0.72,0.6,2.4,344.7,221.4,123.3,1.14,0.86,0.71,2.86,28,16,3.36,1.92,4,2.29
Elite,RSC001074,Sabre,Vipers,The Serpents,Lunar,30.8,62,4,0.209,0,0,4,1309,800,509,3,1,7,10,30.00%,332.3,203.1,129.2,0.76,0.25,1.78,2.54,327.3,200,127.3,0.75,0.25,1.75,2.5,5,12,1.27,3.05,1.25,3
Elite,RSC001074,Sabre,Vipers,The Serpents,Lunar,30.8,62,4,0.209,0,0,4,1309,800,509,3,1,7,10,30.00%,332.3,203.1,129.2,0.76,0.25,1.78,2.54,327.3,200,127.3,0.75,0.25,1.75,2.5,5,12,1.27,3.05,1.25,3
Elite,RSC004606,Nova_,Vipers,The Serpents,Lunar,30.7,534,33,0.48,0.485,16,17,10744,6090,4654,22,15,46,84,26.20%,316.7,179.5,137.2,0.65,0.44,1.36,2.48,325.6,184.5,141,0.67,0.45,1.39,2.55,73,77,2.15,2.27,2.21,2.33
Elite,RSC001487,Mikeismyike,"Vipers
Gelato","The Serpents
Fifty-Fifty Pizzeria",Solar,30.5,683,42,0.36,0.357,15,27,14835,8090,6745,27,14,75,94,28.70%,341.8,186.4,155.4,0.62,0.32,1.73,2.17,353.2,192.6,160.6,0.64,0.33,1.79,2.24,76,111,1.75,2.56,1.81,2.64
Elite,RSC001059,Saltybonnyr,"Hornets
Quasars
Distortion","The Swarm
The Cosmos
Rock FX",Lunar,30.4,800,51,0.4,0.431,22,29,16628,8770,7858,33,17,68,122,27.00%,327.1,172.5,154.6,0.65,0.33,1.34,2.4,326,172,154.1,0.65,0.33,1.33,2.39,105,136,2.07,2.68,2.06,2.67
Elite,RSC004355,Legacy.,Wolverines,Polar Vortex,Lunar,29.6,743,49,0.373,0.367,18,31,15080,8170,6910,23,24,72,107,21.50%,319.4,173.1,146.4,0.49,0.51,1.53,2.27,307.8,166.7,141,0.47,0.49,1.47,2.18,94,131,1.99,2.77,1.92,2.67
Elite,RSC000341,Therogerseffect,Predators,The Monster Mash,Lunar,28.9,650,43,0.462,0.488,21,22,13716,7150,6566,22,20,63,80,27.50%,332.1,173.1,159,0.53,0.48,1.53,1.94,319,166.3,152.7,0.51,0.47,1.47,1.86,86,95,2.08,2.3,2,2.21
Elite,RSC000861,Thee Biologist,Leshens,The Bestiary,Lunar,28.3,715,50,0.357,0.34,17,33,14263,7110,7153,22,16,59,116,19.00%,314,156.5,157.4,0.48,0.35,1.3,2.55,285.3,142.2,143.1,0.44,0.32,1.18,2.32,72,107,1.58,2.36,1.44,2.14
Elite,RSC000714,Duffy Doug,Finbacks,Whale Defense,Solar,27.8,205,14,0.318,0.357,5,9,3954,2200,1754,11,4,11,35,31.40%,303.6,168.9,134.7,0.84,0.31,0.84,2.69,282.4,157.1,125.3,0.79,0.29,0.79,2.5,29,46,2.23,3.53,2.07,3.29
Elite,RSC000118,Classé,Gelato,Fifty-Fifty Pizzeria,Solar,24.3,217,13,0.537,0.538,7,6,4141,2530,1611,11,8,15,28,39.30%,300.3,183.5,116.8,0.8,0.58,1.09,2.03,318.5,194.6,123.9,0.85,0.62,1.15,2.15,33,30,2.39,2.18,2.54,2.31
Elite,RSC002902,Stone-Dog Millionaire,Finbacks,Whale Defense,Solar,24.1,492,32,0.547,0.5,16,16,9443,5400,4043,19,20,38,60,31.70%,302.1,172.7,129.3,0.61,0.64,1.22,1.92,295.1,168.8,126.3,0.59,0.63,1.19,1.88,79,70,2.53,2.24,2.47,2.19
Elite,RSC004792,Fizzy,"Vipers
Wolverines","The Serpents
Polar Vortex",Lunar,22.8,117,8,0.242,0.25,2,6,2263,1210,1053,2,4,13,16,12.50%,304.4,162.8,141.6,0.27,0.54,1.75,2.15,282.9,151.3,131.6,0.25,0.5,1.63,2,11,23,1.48,3.09,1.38,2.88
Elite,RSC002961,Decoy,Godzilla,Kaiju,Solar,22.4,730,48,0.306,0.313,15,33,13439,6840,6599,23,23,46,109,21.10%,289.7,147.5,142.3,0.5,0.5,0.99,2.35,280,142.5,137.5,0.48,0.48,0.96,2.27,75,128,1.62,2.76,1.56,2.67
Elite,RSC000278,Tinsel,Menthol,Minty Fresh,Solar,21.8,240,13,0.533,0.615,8,5,4463,2400,2063,7,10,18,30,23.30%,292.7,157.4,135.3,0.46,0.66,1.18,1.97,343.3,184.6,158.7,0.54,0.77,1.38,2.31,36,33,2.36,2.16,2.77,2.54
Elite,RSC000278,Tinsel,Menthol,Minty Fresh,Solar,21.8,240,13,0.533,0.615,8,5,4463,2400,2063,7,10,18,30,23.30%,292.7,157.4,135.3,0.46,0.66,1.18,1.97,343.3,184.6,158.7,0.54,0.77,1.38,2.31,36,33,2.36,2.16,2.77,2.54
Elite,RSC004634,Girth,Cyclones,Storm,Solar,21,351,24,0.608,0.625,15,9,6385,3450,2935,14,9,21,55,25.50%,286.3,154.7,131.6,0.63,0.4,0.94,2.47,266,143.8,122.3,0.58,0.38,0.88,2.29,73,56,3.27,2.51,3.04,2.33
Elite,RSC003216,Xenomorph,Aquarius,The N Ξ X U S,Solar,20.9,222,15,0.273,0.2,3,12,4110,2090,2020,7,8,14,29,24.10%,291.4,148.2,143.2,0.5,0.57,0.99,2.06,274,139.3,134.7,0.47,0.53,0.93,1.93,30,54,2.13,3.83,2,3.6
Elite,RSC000203,Frostybrew,Predators,The Monster Mash,Lunar,18.6,525,33,0.408,0.333,11,22,9337,4840,4497,19,17,27,74,25.70%,279.9,145.1,134.8,0.57,0.51,0.81,2.22,282.9,146.7,136.3,0.58,0.52,0.82,2.24,71,90,2.13,2.7,2.15,2.73
Elite,RSC000156,Drupenson,"Great Whites
Aquarius","Shark Attack
The N Ξ X U S",Lunar,18.5,446,27,0.444,0.37,10,17,7875,4450,3425,17,12,29,70,24.30%,277.9,157,120.9,0.6,0.42,1.02,2.47,291.7,164.8,126.9,0.63,0.44,1.07,2.59,57,66,2.01,2.33,2.11,2.44
Elite,RSC004205,Tirmenat,Aquarius,The N Ξ X U S,Solar,18.1,51,4,0.323,0.25,1,3,994,380,614,2,0,2,8,25.00%,306.7,117.3,189.5,0.62,0,0.62,2.47,248.5,95,153.5,0.5,0,0.5,2,7,11,2.16,3.39,1.75,2.75
Elite,RSC004229,Doty,"Gelato
Vibranium","Fifty-Fifty Pizzeria
Metal",Solar,17.3,279,15,0.291,0.2,3,12,5459,3020,2439,9,5,30,37,24.30%,307.9,170.4,137.6,0.51,0.28,1.69,2.09,363.9,201.3,162.6,0.6,0.33,2,2.47,24,44,1.35,2.48,1.6,2.93
Elite,RSC000555,Abom,Wolverines,Polar Vortex,Lunar,15.7,451,30,0.277,0.267,8,22,8528,4280,4248,16,9,33,58,27.60%,297.6,149.4,148.2,0.56,0.31,1.15,2.02,284.3,142.7,141.6,0.53,0.3,1.1,1.93,47,87,1.64,3.04,1.57,2.9
Elite,RSC001603,Reckless.,Montrose Magpies,Quidditch League,Solar,14,266,17,0.424,0.412,7,10,5025,2850,2175,13,6,19,30,43.30%,297.3,168.6,128.7,0.77,0.36,1.12,1.78,295.6,167.6,127.9,0.76,0.35,1.12,1.76,37,45,2.19,2.66,2.18,2.65
Elite,RSC001082,Tuxedo Marx,Violence,Inferno,Solar,6.8,511,33,0.451,0.455,15,18,8777,4440,4337,17,8,33,69,24.60%,270.3,136.7,133.6,0.52,0.25,1.02,2.13,266,134.5,131.4,0.52,0.24,1,2.09,66,75,2.03,2.31,2,2.27
Elite,RSC000698,Inedibledeer,"Great Danes
Gelato","Puppy Paradise
Fifty-Fifty Pizzeria",Lunar,6.1,524,32,0.35,0.344,11,21,8892,4470,4422,11,17,39,57,19.30%,267.1,134.3,132.8,0.33,0.51,1.17,1.71,277.9,139.7,138.2,0.34,0.53,1.22,1.78,64,95,1.92,2.85,2,2.97
Elite,RSC004356,Chimney-28,Bolts,Electric Mayhem,Lunar,5.3,154,11,0.189,0,0,11,2764,1320,1444,3,3,14,17,17.60%,282.5,134.9,147.6,0.31,0.31,1.43,1.74,251.3,120,131.3,0.27,0.27,1.27,1.55,15,37,1.53,3.78,1.36,3.36
Elite,RSC001949,Arrowsmith2,Godzilla,Kaiju,Solar,2.8,607,42,0.258,0.262,11,31,10656,5270,5386,19,14,42,57,33.30%,276.3,136.6,139.6,0.49,0.36,1.09,1.48,253.7,125.5,128.2,0.45,0.33,1,1.36,59,117,1.53,3.03,1.4,2.79
Elite,RSC000925,.Skoot^,"Knights
Wolverines
Godzilla
Anglers","The Sovereign
Polar Vortex
Kaiju
The Abyss",Lunar,-2.9,243,16,0.296,0.375,6,10,3747,1960,1787,8,4,13,31,25.80%,242.7,126.9,115.7,0.52,0.26,0.84,2.01,234.2,122.5,111.7,0.5,0.25,0.81,1.94,25,44,1.62,2.85,1.56,2.75
Elite,RSC000431,Kugelblitz,Hornets,The Swarm,Solar,-6.2,191,11,0.428,0.364,4,7,3030,1550,1480,4,6,14,15,26.70%,249.7,127.7,122,0.33,0.49,1.15,1.24,275.5,140.9,134.5,0.36,0.55,1.27,1.36,24,29,1.98,2.39,2.18,2.64
Elite,RSC004739,Seer,Fire,The Elements,Solar,-10.8,80,4,0.386,0.25,1,3,1188,690,498,3,1,5,9,33.30%,233.7,135.7,98,0.59,0.2,0.98,1.77,297,172.5,124.5,0.75,0.25,1.25,2.25,8,11,1.57,2.16,2,2.75
Elite,RSC001998,Kxle,Montrose Magpies,Quidditch League,Solar,-11,14,1,0.728,1,1,0,192,120,72,1,0,0,2,50.00%,215.8,134.9,80.9,1.12,0,0,2.25,192,120,72,1,0,0,2,2,1,2.25,1.12,2,1
Elite,,Dimez,Vibranium,Metal,Solar,-14.4,138,8,0.406,0.25,2,6,1970,850,1120,2,2,8,15,13.30%,224.7,96.9,127.7,0.23,0.23,0.91,1.71,246.3,106.3,140,0.25,0.25,1,1.88,18,23,2.05,2.62,2.25,2.88
Elite,RSC004367,Perc.,D-Generation X,Rocket Association Wrestling,Lunar,-16.2,80,4,0.275,0,0,4,1051,500,551,2,1,3,10,20.00%,206.8,98.4,108.4,0.39,0.2,0.59,1.97,262.8,125,137.8,0.5,0.25,0.75,2.5,8,15,1.57,2.95,2,3.75
Contender,RSC002841,Dyl,Mothra,Kaiju,Solar,87.5,726,53,0.681,0.623,33,20,21154,11940,9214,48,38,74,154,31.20%,382.3,215.8,166.5,0.87,0.69,1.34,2.78,399.1,225.3,173.8,0.91,0.72,1.4,2.91,148,90,2.68,1.63,2.79,1.7
Contender,RSC003843,Ypetee,Microwaves,The Wavelengths,Solar,85.7,694,51,0.604,0.608,31,20,19979,11310,8669,49,33,65,151,32.50%,377.8,213.8,163.9,0.93,0.62,1.23,2.86,391.7,221.8,170,0.96,0.65,1.27,2.96,122,92,2.31,1.74,2.39,1.8
Contender,RSC004064,Tokifyy,Teddy Bears,The Bear Den,Lunar,81.3,620,47,0.584,0.596,28,19,16754,9540,7214,52,25,33,144,36.10%,354.6,201.9,152.7,1.1,0.53,0.7,3.05,356.5,203,153.5,1.11,0.53,0.7,3.06,122,98,2.58,2.07,2.6,2.09
Contender,RSC004603,Deweese3018,Dauntless,Warbirds,Lunar,70.6,735,56,0.719,0.804,45,11,18623,10480,8143,53,31,42,153,34.60%,332.5,187.1,145.4,0.95,0.55,0.75,2.73,332.6,187.1,145.4,0.95,0.55,0.75,2.73,153,82,2.73,1.46,2.73,1.46
Contender,RSC002413,Dafiya711,Thunder Buddies,Electric Mayhem,Lunar,70.2,659,49,0.579,0.592,29,20,17420,10080,7340,48,21,56,143,33.60%,346.9,200.7,146.2,0.96,0.42,1.12,2.85,355.5,205.7,149.8,0.98,0.43,1.14,2.92,115,93,2.29,1.85,2.35,1.9
Contender,RSC004704,Financial Greed,Dauntless,Warbirds,Lunar,69.4,659,50,0.726,0.82,41,9,16914,10000,6914,48,26,51,135,35.60%,336.8,199.1,137.7,0.96,0.52,1.02,2.69,338.3,200,138.3,0.96,0.52,1.02,2.7,144,76,2.87,1.51,2.88,1.52
Contender,RSC004097,Coolbags3,Boxers,Puppy Paradise,Lunar,68.7,776,56,0.526,0.482,27,29,19962,11030,8932,46,36,63,148,31.10%,337.6,186.5,151,0.78,0.61,1.07,2.5,356.5,197,159.5,0.82,0.64,1.13,2.64,138,129,2.33,2.18,2.46,2.3
Contender,RSC000244,Diesel,Banchory Bangers,Quidditch League,Solar,67.5,478,39,0.454,0.513,20,19,13049,6810,6239,29,19,43,81,35.80%,358.2,186.9,171.3,0.8,0.52,1.18,2.22,334.6,174.6,160,0.74,0.49,1.1,2.08,80,90,2.2,2.47,2.05,2.31
Contender,RSC004618,Squirrel,Banchory Bangers,Quidditch League,Solar,66.7,361,28,0.561,0.536,15,13,9795,5730,4065,24,20,38,43,55.80%,356,208.3,147.8,0.87,0.73,1.38,1.56,349.8,204.6,145.2,0.86,0.71,1.36,1.54,69,59,2.51,2.14,2.46,2.11
Contender,RSC004879,M0Ngo.,"Banchory Bangers
Cassiopeia
Dart Frogs","Quidditch League
The N Ξ X U S
The Jungle",Solar,64.7,415,31,0.5,0.516,16,15,9627,5230,4397,19,25,26,78,24.40%,304.4,165.4,139,0.6,0.79,0.82,2.47,310.5,168.7,141.8,0.61,0.81,0.84,2.52,69,69,2.18,2.18,2.23,2.23
Contender,RSC001950,Moreawpsplease,Boxers,Puppy Paradise,Lunar,63.3,776,56,0.526,0.482,27,29,19705,11430,8275,55,30,61,138,39.90%,333.2,193.3,139.9,0.93,0.51,1.03,2.33,351.9,204.1,147.8,0.98,0.54,1.09,2.46,138,129,2.33,2.18,2.46,2.3
Contender,RSC004282,Fudansynder,Teddy Bears,The Bear Den,Lunar,61.8,738,55,0.582,0.6,33,22,18817,10550,8267,54,22,53,140,38.60%,334.6,187.6,147,0.96,0.39,0.94,2.49,342.1,191.8,150.3,0.98,0.4,0.96,2.55,140,113,2.49,2.01,2.55,2.05
Contender,RSC004597,Xxblindbeastxx,"Mothra
Microwaves
Cassiopeia","Kaiju
The Wavelengths
The N Ξ X U S",Solar,60.9,345,26,0.692,0.577,15,11,8242,4840,3402,24,16,21,59,40.70%,313.5,184.1,129.4,0.91,0.61,0.8,2.24,317,186.2,130.8,0.92,0.62,0.81,2.27,73,43,2.78,1.64,2.81,1.65
Contender,RSC002651,Monkeylover2219,Boxers,Puppy Paradise,Lunar,60.6,89,7,0.754,0.714,5,2,1813,1230,583,6,7,3,13,46.20%,267.3,181.3,86,0.88,1.03,0.44,1.92,259,175.7,83.3,0.86,1,0.43,1.86,24,12,3.54,1.77,3.43,1.71
Contender,RSC004376,Missionaryjackk,Mothra,Kaiju,Solar,60.5,729,54,0.667,0.611,33,21,17695,10640,7055,57,23,47,144,39.60%,318.5,191.5,127,1.03,0.41,0.85,2.59,327.7,197,130.6,1.06,0.43,0.87,2.67,147,93,2.65,1.67,2.72,1.72
Contender,RSC004540,Realtar21Ki11Er,Dauntless,Warbirds,Lunar,59.2,702,53,0.724,0.811,43,10,16005,9140,6865,44,27,38,149,29.50%,299.2,170.8,128.3,0.82,0.5,0.71,2.79,302,172.5,129.5,0.83,0.51,0.72,2.81,146,77,2.73,1.44,2.75,1.45
Contender,,Kurrupshin,Pomodoro,Fifty-Fifty Pizzeria,Solar,59,723,56,0.449,0.429,24,32,18618,10280,8338,44,21,70,133,33.10%,337.9,186.6,151.3,0.8,0.38,1.27,2.41,332.5,183.6,148.9,0.79,0.38,1.25,2.38,111,127,2.01,2.3,1.98,2.27
Contender,RSC001972,Jiffy_Lube6925,Samurai,The Sovereign,Lunar,58.5,674,52,0.419,0.462,24,28,16678,9050,7628,41,26,50,115,35.70%,324.7,176.2,148.5,0.8,0.51,0.97,2.24,320.7,174,146.7,0.79,0.5,0.96,2.21,114,140,2.22,2.73,2.19,2.69
Contender,RSC000850,Jcrdude,Microwaves,The Wavelengths,Solar,57.7,737,54,0.6,0.611,33,21,18164,10390,7774,49,24,59,134,36.60%,323.4,185,138.4,0.87,0.43,1.05,2.39,336.4,192.4,144,0.91,0.44,1.09,2.48,126,96,2.24,1.71,2.33,1.78
Contender,RSC000963,Sup3Rm4N,Giants,The Forest,Lunar,54.6,666,53,0.468,0.472,25,28,16320,8730,7590,43,24,44,103,41.70%,321.5,172,149.5,0.85,0.47,0.87,2.03,307.9,164.7,143.2,0.81,0.45,0.83,1.94,120,130,2.36,2.56,2.26,2.45
Contender,RSC004456,Shazampoof,Giants,The Forest,Lunar,53.5,628,50,0.48,0.48,24,26,14721,8290,6431,39,21,44,114,34.20%,307.6,173.2,134.4,0.81,0.44,0.92,2.38,294.4,165.8,128.6,0.78,0.42,0.88,2.28,116,122,2.42,2.55,2.32,2.44
Contender,RSC003827,Calichromatic,Dauntless,Warbirds,Lunar,53.4,109,9,0.628,0.667,6,3,2615,1400,1215,8,1,6,25,32.00%,314.8,168.5,146.3,0.96,0.12,0.72,3.01,290.6,155.6,135,0.89,0.11,0.67,2.78,16,11,1.93,1.32,1.78,1.22
Contender,RSC004777,Prestondew00,Dart Frogs,The Jungle,Solar,53.1,515,40,0.443,0.4,16,24,11996,6700,5296,34,16,31,95,35.80%,305.7,170.7,134.9,0.87,0.41,0.79,2.42,299.9,167.5,132.4,0.85,0.4,0.78,2.38,80,93,2.04,2.37,2,2.33
Contender,RSC004204,Kasperthepoet,Banchory Bangers,Quidditch League,Solar,53,443,35,0.324,0.257,9,26,11819,6360,5459,27,10,50,66,40.90%,350.1,188.4,161.7,0.8,0.3,1.48,1.95,337.7,181.7,156,0.77,0.29,1.43,1.89,59,95,1.75,2.81,1.69,2.71
Contender,RSC004758,Array,Pomodoro,Fifty-Fifty Pizzeria,Solar,49.3,378,31,0.507,0.548,17,14,8986,4470,4516,18,14,28,57,31.60%,311.9,155.2,156.8,0.62,0.49,0.97,1.98,289.9,144.2,145.7,0.58,0.45,0.9,1.84,56,55,1.94,1.91,1.81,1.77
Contender,RSC004758,Array,Pomodoro,Fifty-Fifty Pizzeria,Solar,49.3,378,31,0.507,0.548,17,14,8986,4470,4516,18,14,28,57,31.60%,311.9,155.2,156.8,0.62,0.49,0.97,1.98,289.9,144.2,145.7,0.58,0.45,0.9,1.84,56,55,1.94,1.91,1.81,1.77
Contender,RSC004953,Kush_The_Ninja,Samurai,The Sovereign,Lunar,49.3,683,53,0.41,0.453,24,29,15293,8720,6573,41,23,45,122,33.60%,293.8,167.5,126.3,0.79,0.44,0.86,2.34,288.5,164.5,124,0.77,0.43,0.85,2.3,111,140,2.13,2.69,2.09,2.64
Contender,RSC004834,Bud-Lite4U,Giants,The Forest,Lunar,48.1,556,44,0.439,0.455,20,24,13168,7030,6138,32,15,43,93,34.40%,310.8,165.9,144.9,0.76,0.35,1.01,2.19,299.3,159.8,139.5,0.73,0.34,0.98,2.11,96,112,2.27,2.64,2.18,2.55
Contender,RSC002654,Tacticalstr1Ke,Thunder Buddies,Electric Mayhem,Lunar,46.6,562,41,0.559,0.585,24,17,11904,6770,5134,23,27,44,92,25.00%,277.9,158.1,119.9,0.54,0.63,1.03,2.15,290.3,165.1,125.2,0.56,0.66,1.07,2.24,97,83,2.26,1.94,2.37,2.02
Contender,RSC004901,Dofri9976,Thunder Buddies,Electric Mayhem,Lunar,45.1,731,55,0.567,0.582,32,23,17019,9360,7659,43,21,58,111,38.70%,305.5,168,137.5,0.77,0.38,1.04,1.99,309.4,170.2,139.3,0.78,0.38,1.05,2.02,129,108,2.32,1.94,2.35,1.96
Contender,RSC002849,Sharkkilla06,Samurai,The Sovereign,Lunar,42.1,503,38,0.411,0.474,18,20,10697,5900,4797,27,16,31,85,31.80%,279.1,153.9,125.1,0.7,0.42,0.81,2.22,281.5,155.3,126.2,0.71,0.42,0.82,2.24,82,103,2.14,2.69,2.16,2.71
Contender,RSC004972,Buck_Nut82,Thunder Buddies,Electric Mayhem,Lunar,41.5,286,23,0.5,0.478,11,12,6161,3580,2581,15,12,22,38,39.50%,282.7,164.3,118.4,0.69,0.55,1.01,1.74,267.9,155.7,112.2,0.65,0.52,0.96,1.65,46,46,2.11,2.11,2,2
Contender,RSC005050,Carlsaganbro,"Pomodoro
Cassiopeia","Fifty-Fifty Pizzeria
The N Ξ X U S",Solar,41.4,520,42,0.311,0.238,10,32,12565,6580,5985,25,12,55,73,34.20%,317.1,166,151,0.63,0.3,1.39,1.84,299.2,156.7,142.5,0.6,0.29,1.31,1.74,60,102,1.51,2.57,1.43,2.43
Contender,RSC004301,Fluffyninja4738,Giants,The Forest,Lunar,41.3,268,21,0.469,0.429,9,12,5832,3320,2512,13,9,23,42,31.00%,285.6,162.6,123,0.64,0.44,1.13,2.06,277.7,158.1,119.6,0.62,0.43,1.1,2,49,53,2.4,2.6,2.33,2.52
Contender,RSC004862,Crimzonsparrow,"Dart Frogs
Cassiopeia","The Jungle
The N Ξ X U S",Solar,41,598,49,0.387,0.367,18,31,13856,7040,6816,25,15,57,94,26.60%,304,154.5,149.6,0.55,0.33,1.25,2.06,282.8,143.7,139.1,0.51,0.31,1.16,1.92,82,111,1.8,2.44,1.67,2.27
Contender,RSC004180,Kg3924,Mothra,Kaiju,Solar,40.7,247,18,0.51,0.5,9,9,5418,2760,2658,10,9,19,36,27.80%,287.8,146.6,141.2,0.53,0.48,1.01,1.91,301,153.3,147.7,0.56,0.5,1.06,2,36,35,1.91,1.86,2,1.94
Contender,,Xx_Smitty_Xx,Dart Frogs,The Jungle,Solar,39.9,509,40,0.388,0.325,13,27,12327,6370,5957,22,14,57,62,35.50%,317.8,164.2,153.6,0.57,0.36,1.47,1.6,308.2,159.3,148.9,0.55,0.35,1.43,1.55,68,92,1.75,2.37,1.7,2.3
Contender,RSC000086,Stale Popcorn,Microwaves,The Wavelengths,Solar,37.9,451,33,0.511,0.485,16,17,8429,4550,3879,16,23,22,70,22.90%,245.2,132.4,112.9,0.47,0.67,0.64,2.04,255.4,137.9,117.5,0.48,0.7,0.67,2.12,72,70,2.09,2.04,2.18,2.12
Contender,RSC004399,Zippythegnome,Mothra,Kaiju,Solar,34.3,320,24,0.603,0.542,13,11,6208,3460,2748,13,15,20,41,31.70%,254.6,141.9,112.7,0.53,0.62,0.82,1.68,258.7,144.2,114.5,0.54,0.63,0.83,1.71,58,44,2.38,1.8,2.42,1.83
Contender,RSC004012,Kgfan3,Pomodoro,Fifty-Fifty Pizzeria,Solar,34.3,684,52,0.479,0.462,24,28,14765,7150,7615,29,17,48,100,29.00%,283.3,137.2,146.1,0.56,0.33,0.92,1.92,283.9,137.5,146.4,0.56,0.33,0.92,1.92,107,113,2.05,2.17,2.06,2.17
Contender,RSC002911,Alextross,Pomodoro,Fifty-Fifty Pizzeria,Solar,34.2,214,17,0.375,0.294,5,12,4364,2540,1824,12,7,14,29,41.40%,267.6,155.7,111.8,0.74,0.43,0.86,1.78,256.7,149.4,107.3,0.71,0.41,0.82,1.71,38,52,2.33,3.19,2.24,3.06
Contender,RSC004706,Avacadros,Teddy Bears,The Bear Den,Lunar,32.2,456,33,0.53,0.545,18,15,8994,4740,4254,16,19,32,59,27.10%,258.8,136.4,122.4,0.46,0.55,0.92,1.7,272.5,143.6,128.9,0.48,0.58,0.97,1.79,80,74,2.3,2.13,2.42,2.24
Contender,RSC003288,Greengofantastic,"Banchory Bangers
Boxers","Quidditch League
Puppy Paradise",Lunar,32.1,247,18,0.356,0.278,5,13,5191,2990,2201,11,7,24,34,32.40%,275.8,158.8,116.9,0.58,0.37,1.28,1.81,288.4,166.1,122.3,0.61,0.39,1.33,1.89,28,42,1.49,2.23,1.56,2.33
Contender,RSC003288,Greengofantastic,"Banchory Bangers
Boxers","Quidditch League
Puppy Paradise",Lunar,32.1,247,18,0.356,0.278,5,13,5191,2990,2201,11,7,24,34,32.40%,275.8,158.8,116.9,0.58,0.37,1.28,1.81,288.4,166.1,122.3,0.61,0.39,1.33,1.89,28,42,1.49,2.23,1.56,2.33
Contender,RSC001035,Charlieharley_1,Teddy Bears,The Bear Den,Lunar,31.9,384,29,0.572,0.552,16,13,7179,4170,3009,17,15,23,57,29.80%,245.3,142.5,102.8,0.58,0.51,0.79,1.95,247.6,143.8,103.8,0.59,0.52,0.79,1.97,69,57,2.36,1.95,2.38,1.97
Contender,RSC004956,Beacon_Trill,Banchory Bangers,Quidditch League,Solar,28.4,546,43,0.484,0.465,20,23,11654,6540,5114,24,14,56,64,37.50%,280.1,157.2,122.9,0.58,0.34,1.35,1.54,271,152.1,118.9,0.56,0.33,1.3,1.49,98,102,2.36,2.45,2.28,2.37
Contender,RSC004690,Robinchilling,Microwaves,The Wavelengths,Solar,26.5,78,5,0.576,0.6,3,2,1605,890,715,2,1,10,14,14.30%,270,149.7,120.3,0.34,0.17,1.68,2.36,321,178,143,0.4,0.2,2,2.8,10,8,1.68,1.35,2,1.6
Contender,RSC000654,Rocci,Microwaves,The Wavelengths,Solar,22.1,331,24,0.656,0.667,16,8,5857,3460,2397,14,10,22,46,30.40%,232.2,137.2,95,0.56,0.4,0.87,1.82,244,144.2,99.9,0.58,0.42,0.92,1.92,59,38,2.34,1.51,2.46,1.58
Contender,RSC000776,Bernatra,Banchory Bangers,Quidditch League,Solar,21,49,4,0.252,0,0,4,903,420,483,2,1,2,7,28.60%,241.8,112.5,129.3,0.54,0.27,0.54,1.87,225.8,105,120.8,0.5,0.25,0.5,1.75,6,12,1.61,3.21,1.5,3
Contender,RSC000776,Bernatra,Banchory Bangers,Quidditch League,Solar,21,49,4,0.252,0,0,4,903,420,483,2,1,2,7,28.60%,241.8,112.5,129.3,0.54,0.27,0.54,1.87,225.8,105,120.8,0.5,0.25,0.5,1.75,6,12,1.61,3.21,1.5,3
Contender,RSC000323,Styk75,Boxers,Puppy Paradise,Lunar,20.2,476,34,0.518,0.5,17,17,8804,4920,3884,21,11,33,62,33.90%,242.7,135.6,107.1,0.58,0.3,0.91,1.71,258.9,144.7,114.2,0.62,0.32,0.97,1.82,88,84,2.43,2.32,2.59,2.47
Contender,RSC004593,Boulder God,Dart Frogs,The Jungle,Solar,19.3,673,53,0.431,0.396,21,32,13829,7370,6459,32,8,60,77,41.60%,269.6,143.7,125.9,0.62,0.16,1.17,1.5,260.9,139.1,121.9,0.6,0.15,1.13,1.45,100,120,1.95,2.34,1.89,2.26
Contender,RSC001765,Trios,"Cassiopeia
Teddy Bears","The N Ξ X U S
The Bear Den",Solar,19.2,242,19,0.169,0.263,5,14,5022,2370,2652,10,3,19,27,37.00%,272.3,128.5,143.8,0.54,0.16,1.03,1.46,264.3,124.7,139.6,0.53,0.16,1,1.42,26,70,1.41,3.8,1.37,3.68
Contender,RSC004106,Kdoughboy767,Cassiopeia,The N Ξ X U S,Solar,18.1,489,40,0.198,0.225,9,31,9666,4690,4976,14,9,45,59,23.70%,259.4,125.9,133.5,0.38,0.24,1.21,1.58,241.7,117.3,124.4,0.35,0.23,1.13,1.48,48,119,1.29,3.19,1.2,2.98
Contender,RSC004587,Doomhunter,Cassiopeia,The N Ξ X U S,Solar,17.5,233,17,0.247,0.176,3,14,4302,2190,2112,7,4,19,34,20.60%,242.3,123.3,118.9,0.39,0.23,1.07,1.91,253.1,128.8,124.2,0.41,0.24,1.12,2,25,52,1.41,2.93,1.47,3.06
Contender,RSC004931,The Susser,Samurai,The Sovereign,Lunar,11.6,282,22,0.252,0.273,6,16,4556,2360,2196,7,8,18,36,19.40%,212,109.8,102.2,0.33,0.37,0.84,1.68,207.1,107.3,99.8,0.32,0.36,0.82,1.64,37,73,1.72,3.4,1.68,3.32
Contender,RSC005059,Techfour,Banchory Bangers,Quidditch League,Solar,7.6,49,4,0.252,0,0,4,872,470,402,1,2,5,2,50.00%,233.5,125.9,107.7,0.27,0.54,1.34,0.54,218,117.5,100.5,0.25,0.5,1.25,0.5,6,12,1.61,3.21,1.5,3
Contender,RSC005059,Techfour,Banchory Bangers,Quidditch League,Solar,7.6,49,4,0.252,0,0,4,872,470,402,1,2,5,2,50.00%,233.5,125.9,107.7,0.27,0.54,1.34,0.54,218,117.5,100.5,0.25,0.5,1.25,0.5,6,12,1.61,3.21,1.5,3
Contender,RSC002869,Exactlyzer0,Cassiopeia,The N Ξ X U S,Solar,-7.9,108,7,0.096,0,0,7,1530,660,870,3,1,4,11,27.30%,185.9,80.2,105.7,0.36,0.12,0.49,1.34,218.6,94.3,124.3,0.43,0.14,0.57,1.57,8,33,0.97,4.01,1.14,4.71
Contender,RSC004599,Xatom.,Samurai,The Sovereign,Lunar,-12.4,39,3,0.144,0,0,3,506,180,326,0,1,2,3,0.00%,170.2,60.6,109.7,0,0.34,0.67,1.01,168.7,60,108.7,0,0.33,0.67,1,4,12,1.35,4.04,1.33,4
Contender,RSC004462,Bbcomedian,Banchory Bangers,Quidditch League,Solar,-26.3,51,4,0.455,0.75,3,1,540,240,300,2,0,0,4,50.00%,138.9,61.8,77.2,0.51,0,0,1.03,135,60,75,0.5,0,0,1,8,9,2.06,2.32,2,2.25
Contender,RSC000083,Mintie,Cassiopeia,The N Ξ X U S,Solar,-40.6,214,16,0.055,0.063,1,15,1910,900,1010,2,1,11,10,20.00%,117.1,55.2,61.9,0.12,0.06,0.67,0.61,119.4,56.3,63.1,0.13,0.06,0.69,0.63,13,75,0.8,4.6,0.81,4.69
Challenger,RSC004965,Zweiizy,Penne Patrol,Italian Battalion,Lunar,92.2,695,47,0.766,0.83,39,8,19910,12060,7850,63,32,45,191,33.00%,414.6,251.1,163.5,1.31,0.67,0.94,3.98,423.6,256.6,167,1.34,0.68,0.96,4.06,149,69,3.1,1.44,3.17,1.47
Challenger,RSC004974,Acyke,Delay,Rock FX,Lunar,90.1,152,12,0.455,0.417,5,7,4309,2500,1809,9,10,16,30,30.00%,410.3,238,172.2,0.86,0.95,1.52,2.86,359.1,208.3,150.8,0.75,0.83,1.33,2.5,25,28,2.38,2.67,2.08,2.33
Challenger,RSC004974,Acyke,Delay,Rock FX,Lunar,90.1,152,12,0.455,0.417,5,7,4309,2500,1809,9,10,16,30,30.00%,410.3,238,172.2,0.86,0.95,1.52,2.86,359.1,208.3,150.8,0.75,0.83,1.33,2.5,25,28,2.38,2.67,2.08,2.33
Challenger,,Tidepods_Sq,Squalls,Storm,Solar,88.5,861,57,0.552,0.561,32,25,25521,15350,10171,78,36,76,195,40.00%,429,258,171,1.31,0.61,1.28,3.28,447.7,269.3,178.4,1.37,0.63,1.33,3.42,153,134,2.57,2.25,2.68,2.35
Challenger,RSC000258,Honeybadgermo,Chia Pets,As Seen on TV!,Solar,87.5,65,4,0.5,0.5,2,2,1888,1140,748,2,6,12,4,50.00%,420.4,253.8,166.5,0.45,1.34,2.67,0.89,472,285,187,0.5,1.5,3,1,10,10,2.23,2.23,2.5,2.5
Challenger,RSC004820,Aos Arctic,Narwhals,Sub Zero,Solar,86,828,59,0.59,0.61,36,23,23628,13170,10458,59,45,67,167,35.30%,413,230.2,182.8,1.03,0.79,1.17,2.92,400.5,223.2,177.3,1,0.76,1.14,2.83,155,123,2.71,2.15,2.63,2.08
Challenger,RSC004569,Mikee Gfuelcom,Steel,Metal,Solar,83.3,854,60,0.633,0.633,38,22,23520,13750,9770,70,35,56,220,31.80%,398.6,233,165.6,1.19,0.59,0.95,3.73,392,229.2,162.8,1.17,0.58,0.93,3.67,154,108,2.61,1.83,2.57,1.8
Challenger,RSC004925,Riddle,Thunderbirds,Warbirds,Lunar,82.9,897,59,0.683,0.729,43,16,25049,15550,9499,68,39,95,205,33.20%,404.1,250.9,153.3,1.1,0.63,1.53,3.31,424.6,263.6,161,1.15,0.66,1.61,3.47,166,100,2.68,1.61,2.81,1.69
Challenger,RSC004602,Twitch.Wyxik,Destroyah,Kaiju,Solar,77.3,301,20,0.565,0.7,14,6,8526,4960,3566,21,10,35,61,34.40%,409.9,238.5,171.5,1.01,0.48,1.68,2.93,426.3,248,178.3,1.05,0.5,1.75,3.05,51,43,2.45,2.07,2.55,2.15
Challenger,RSC004900,Jordon1377,Limbo,Inferno,Solar,76.3,711,50,0.66,0.74,37,13,19541,11010,8531,47,28,69,146,32.20%,397.8,224.1,173.6,0.96,0.57,1.4,2.97,390.8,220.2,170.6,0.94,0.56,1.38,2.92,134,87,2.73,1.77,2.68,1.74
Challenger,RSC003984,Cpt Jon Smith,Panda Bears,The Bear Den,Lunar,76,846,58,0.561,0.603,35,23,23202,13590,9612,70,30,64,189,37.00%,396.9,232.5,164.4,1.2,0.51,1.09,3.23,400,234.3,165.7,1.21,0.52,1.1,3.26,142,121,2.43,2.07,2.45,2.09
Challenger,RSC001065,Monsterbuck46,Narwhals,Sub Zero,Solar,75.8,828,59,0.59,0.61,36,23,22846,13380,9466,64,29,75,178,36.00%,399.3,233.9,165.5,1.12,0.51,1.31,3.11,387.2,226.8,160.4,1.08,0.49,1.27,3.02,155,123,2.71,2.15,2.63,2.08
Challenger,RSC004968,Jdubzz.Rl,Toucans,The Jungle,Solar,74.4,874,59,0.495,0.492,29,30,23985,15020,8965,73,31,87,182,40.10%,397.2,248.7,148.4,1.21,0.51,1.44,3.01,406.5,254.6,151.9,1.24,0.53,1.47,3.08,149,151,2.47,2.5,2.53,2.56
Challenger,RSC004209,Chrismingle,Penne Patrol,Italian Battalion,Lunar,74.3,873,59,0.74,0.797,47,12,22882,14650,8232,68,41,79,185,36.80%,379.3,242.9,136.5,1.13,0.68,1.31,3.07,387.8,248.3,139.5,1.15,0.69,1.34,3.14,188,96,3.12,1.59,3.19,1.63
Challenger,RSC004452,Sleepzey,"Aries
Baba Yaga","The N Ξ X U S
The Forest",Solar,71.4,212,14,0.262,0.143,2,12,5467,3150,2317,10,12,24,35,28.60%,373.2,215,158.2,0.68,0.82,1.64,2.39,390.5,225,165.5,0.71,0.86,1.71,2.5,25,48,1.71,3.28,1.79,3.43
Challenger,RSC003730,Ma410,Tutshill Tornados,Quidditch League,Solar,71.1,884,59,0.591,0.559,33,26,22565,13690,8875,63,49,66,164,38.40%,369.4,224.1,145.3,1.03,0.8,1.08,2.68,382.5,232,150.4,1.07,0.83,1.12,2.78,174,138,2.85,2.26,2.95,2.34
Challenger,RSC003303,Bizzyrl,Killer Bees,The Swarm,Solar,70.8,694,48,0.578,0.604,29,19,17908,10660,7248,46,31,62,141,32.60%,373.4,222.3,151.1,0.96,0.65,1.29,2.94,373.1,222.1,151,0.96,0.65,1.29,2.94,119,97,2.48,2.02,2.48,2.02
Challenger,RSC004998,Tonymenji,Delay,Rock FX,Lunar,70.6,790,56,0.581,0.571,32,24,20870,12100,8770,47,34,85,145,32.40%,382.3,221.7,160.7,0.86,0.62,1.56,2.66,372.7,216.1,156.6,0.84,0.61,1.52,2.59,137,111,2.51,2.03,2.45,1.98
Challenger,,Aueroh,"Penne Patrol
Metal","Italian Battalion
The Elements",Solar,69.2,412,28,0.561,0.607,17,11,11271,5940,5331,28,10,36,84,33.30%,395.9,208.7,187.3,0.98,0.35,1.26,2.95,402.5,212.1,190.4,1,0.36,1.29,3,68,58,2.39,2.04,2.43,2.07
Challenger,RSC000390,Cronus,Botchlings,The Bestiary,Lunar,68.7,741,54,0.462,0.389,21,33,18883,10210,8673,46,34,49,146,31.50%,368.8,199.4,169.4,0.9,0.66,0.96,2.85,349.7,189.1,160.6,0.85,0.63,0.91,2.7,117,129,2.29,2.52,2.17,2.39
Challenger,RSC000053,Its_Lost,"Squalls
Aries","Storm
The N Ξ X U S",Solar,68.7,795,56,0.469,0.464,26,30,20408,10990,9418,43,31,70,164,26.20%,371.5,200.1,171.4,0.78,0.56,1.27,2.99,364.4,196.3,168.2,0.77,0.55,1.25,2.93,118,128,2.15,2.33,2.11,2.29
Challenger,RSC004673,Beans.,Limbo,Inferno,Solar,67.2,753,52,0.669,0.75,39,13,19412,11880,7532,63,29,52,153,41.20%,373.1,228.3,144.8,1.21,0.56,1,2.94,373.3,228.5,144.8,1.21,0.56,1,2.94,152,97,2.92,1.86,2.92,1.87
Challenger,RSC003908,Veoloux,New World Order,Rocket Association Wrestling,Lunar,65.2,748,48,0.543,0.563,27,21,18770,10680,8090,35,28,86,148,23.60%,363.2,206.6,156.5,0.68,0.54,1.66,2.86,391,222.5,168.5,0.73,0.58,1.79,3.08,111,99,2.15,1.92,2.31,2.06
Challenger,RSC004153,Genghizkaan,Limbo,Inferno,Solar,65.1,708,50,0.686,0.76,38,12,17872,10490,7382,43,34,66,119,36.10%,365.3,214.4,150.9,0.88,0.69,1.35,2.43,357.4,209.8,147.6,0.86,0.68,1.32,2.38,142,86,2.9,1.76,2.84,1.72
Challenger,RSC002931,Reeky,Killer Bees,The Swarm,Solar,64.6,749,52,0.596,0.596,31,21,19906,11370,8536,46,25,86,122,37.70%,384.6,219.7,164.9,0.89,0.48,1.66,2.36,382.8,218.7,164.2,0.88,0.48,1.65,2.35,130,101,2.51,1.95,2.5,1.94
Challenger,RSC003922,Jerry4L,Spartans,The Sovereign,Lunar,64.2,355,25,0.621,0.64,16,9,8807,5150,3657,26,17,21,65,40.00%,359,209.9,149.1,1.06,0.69,0.86,2.65,352.3,206,146.3,1.04,0.68,0.84,2.6,66,48,2.69,1.96,2.64,1.92
Challenger,RSC004407,Rootbear,Guardians of the Galaxy,The Comic Crusaders,Lunar,64.2,843,57,0.525,0.561,32,25,21340,11870,9470,51,33,71,157,32.50%,366.4,203.8,162.6,0.88,0.57,1.22,2.7,374.4,208.2,166.1,0.89,0.58,1.25,2.75,149,140,2.56,2.4,2.61,2.46
Challenger,RSC001381,Jerdah,"Baba Yaga
Chia Pets
Killer Bees","The Forest
As Seen on TV!
The Swarm",Solar,62.8,168,12,0.443,0.333,4,8,4221,2310,1911,9,8,15,26,34.60%,363.6,199,164.6,0.78,0.69,1.29,2.24,351.8,192.5,159.3,0.75,0.67,1.25,2.17,25,29,2.15,2.5,2.08,2.42
Challenger,RSC000136,Blun,Belugas,Whale Defense,Solar,62.4,816,60,0.535,0.55,33,27,20120,11000,9120,47,35,61,150,31.30%,356.8,195.1,161.7,0.83,0.62,1.08,2.66,335.3,183.3,152,0.78,0.58,1.02,2.5,138,126,2.45,2.23,2.3,2.1
Challenger,RSC000346,Beeb,Belugas,Whale Defense,Solar,61.5,764,55,0.531,0.545,30,25,18804,10320,8484,44,29,60,147,29.90%,356.2,195.5,160.7,0.83,0.55,1.14,2.78,341.9,187.6,154.3,0.8,0.53,1.09,2.67,129,119,2.44,2.25,2.35,2.16
Challenger,RSC000775,Lucky Ducky,Isopods,The Abyss,Lunar,61.1,385,27,0.523,0.519,14,13,9752,5820,3932,30,11,30,77,39.00%,366.6,218.8,147.8,1.13,0.41,1.13,2.89,361.2,215.6,145.6,1.11,0.41,1.11,2.85,70,66,2.63,2.48,2.59,2.44
Challenger,RSC003906,Curs3D,Spartans,The Sovereign,Lunar,61.1,786,55,0.524,0.473,26,29,20528,11620,8908,45,25,93,122,36.90%,378,214,164,0.83,0.46,1.71,2.25,373.2,211.3,162,0.82,0.45,1.69,2.22,132,124,2.43,2.28,2.4,2.25
Challenger,RSC004999,Daniel...,Chia Pets,As Seen on TV!,Solar,60.8,675,47,0.4,0.447,21,26,17602,9900,7702,46,14,66,130,35.40%,377.4,212.3,165.1,0.99,0.3,1.42,2.79,374.5,210.6,163.9,0.98,0.3,1.4,2.77,98,127,2.1,2.72,2.09,2.7
Challenger,RSC004640,Tharealdub,Threshers,Shark Attack,Lunar,60.5,877,58,0.528,0.603,35,23,21534,13030,8504,52,38,89,148,35.10%,355.4,215,140.3,0.86,0.63,1.47,2.44,371.3,224.7,146.6,0.9,0.66,1.53,2.55,145,135,2.39,2.23,2.5,2.33
Challenger,RSC000858,Gorillacream707,Spartans,The Sovereign,Lunar,60,574,40,0.598,0.525,21,19,13423,7260,6163,27,30,41,101,26.70%,338.4,183,155.4,0.68,0.76,1.03,2.55,335.6,181.5,154.1,0.68,0.75,1.03,2.53,101,78,2.55,1.97,2.53,1.95
Challenger,RSC003229,Boeso,Toucans,The Jungle,Solar,59.8,676,45,0.551,0.533,24,21,15898,9380,6518,38,33,54,123,30.90%,340.4,200.8,139.5,0.81,0.71,1.16,2.63,353.3,208.4,144.8,0.84,0.73,1.2,2.73,125,110,2.68,2.35,2.78,2.44
Challenger,RSC000828,Mattviaairwaves,Isopods,The Abyss,Lunar,59.7,847,59,0.423,0.373,22,37,21044,11600,9444,50,34,70,140,35.70%,359.6,198.2,161.4,0.85,0.58,1.2,2.39,356.7,196.6,160.1,0.85,0.58,1.19,2.37,128,156,2.19,2.67,2.17,2.64
Challenger,RSC000685,Daturquoisorang,Visible Light,The Wavelengths,Solar,59.6,622,43,0.446,0.442,19,24,15671,8740,6931,34,23,64,99,34.30%,364.6,203.4,161.3,0.79,0.54,1.49,2.3,364.4,203.3,161.2,0.79,0.53,1.49,2.3,94,108,2.19,2.51,2.19,2.51
Challenger,RSC005007,Obeyedmuffin,Guardians of the Galaxy,The Comic Crusaders,Lunar,59.4,391,28,0.712,0.714,20,8,9321,5670,3651,29,18,23,72,40.30%,345,209.9,135.1,1.07,0.67,0.85,2.66,332.9,202.5,130.4,1.04,0.64,0.82,2.57,85,48,3.15,1.78,3.04,1.71
Challenger,RSC001724,Sweetnlow120,Smooth Mint,Minty Fresh,Solar,59.1,847,57,0.554,0.526,30,27,20766,11470,9296,42,32,84,147,28.60%,354.8,196,158.8,0.72,0.55,1.44,2.51,364.3,201.2,163.1,0.74,0.56,1.47,2.58,126,109,2.15,1.86,2.21,1.91
Challenger,RSC004096,Ben,Steel,Metal,Solar,58.6,179,12,0.748,0.667,8,4,4103,2660,1443,14,7,10,41,34.10%,331.7,215.1,116.7,1.13,0.57,0.81,3.31,341.9,221.7,120.3,1.17,0.58,0.83,3.42,40,20,3.23,1.62,3.33,1.67
Challenger,RSC000357,Primed,Delay,Rock FX,Lunar,57.8,638,45,0.587,0.6,27,18,15613,8760,6853,42,24,45,111,37.80%,354.2,198.7,155.5,0.95,0.54,1.02,2.52,347,194.7,152.3,0.93,0.53,1,2.47,113,90,2.56,2.04,2.51,2
Challenger,RSC000417,Twoslot,The Flood,The Monster Mash,Lunar,57.4,663,47,0.486,0.553,26,21,15918,8640,7278,37,24,50,124,29.80%,347.5,188.6,158.9,0.81,0.52,1.09,2.71,338.7,183.8,154.9,0.79,0.51,1.06,2.64,110,114,2.4,2.49,2.34,2.43
Challenger,RSC004539,Dumplingsaregod,"Nebulae
Shock","The Cosmos
Electric Mayhem",Solar,56.9,316,21,0.372,0.429,9,12,7139,4190,2949,14,17,28,54,25.90%,327,191.9,135.1,0.64,0.78,1.28,2.47,340,199.5,140.4,0.67,0.81,1.33,2.57,46,64,2.11,2.93,2.19,3.05
Challenger,RSC004971,Ttvcentuaro,"Threshers
Toucans","Shark Attack
The Jungle",Lunar,56.4,542,37,0.632,0.676,25,12,12396,6520,5876,23,24,40,102,22.50%,331,174.1,156.9,0.61,0.64,1.07,2.72,335,176.2,158.8,0.62,0.65,1.08,2.76,98,69,2.62,1.84,2.65,1.86
Challenger,RSC002836,Parkkid,Metal,The Elements,Solar,56.2,749,49,0.406,0.408,20,29,17947,10090,7857,39,23,72,144,27.10%,346.8,195,151.8,0.75,0.44,1.39,2.78,366.3,205.9,160.3,0.8,0.47,1.47,2.94,99,127,1.91,2.45,2.02,2.59
Challenger,RSC004866,Zl Mango Lz,"Steel
Aries","Metal
The N Ξ X U S",Solar,56,685,50,0.542,0.56,28,22,16299,8680,7619,33,25,58,123,26.80%,344.4,183.4,161,0.7,0.53,1.23,2.6,326,173.6,152.4,0.66,0.5,1.16,2.46,105,94,2.22,1.99,2.1,1.88
Challenger,RSC003848,Theairgerbil,Shock,Electric Mayhem,Lunar,55.6,693,49,0.445,0.388,19,30,16640,9850,6790,38,26,72,115,33.00%,347.5,205.7,141.8,0.79,0.54,1.5,2.4,339.6,201,138.6,0.78,0.53,1.47,2.35,104,120,2.17,2.51,2.12,2.45
Challenger,RSC000966,Drip2Ez,"Isopods
New World Order","The Abyss
Rocket Association Wrestling",Lunar,55,344,23,0.5,0.478,11,12,8537,4920,3617,19,11,39,52,36.50%,359.2,207,152.2,0.8,0.46,1.64,2.19,371.2,213.9,157.3,0.83,0.48,1.7,2.26,49,49,2.06,2.06,2.13,2.13
Challenger,RSC003201,Ashura.-,Smooth Mint,Minty Fresh,Solar,54.4,604,42,0.566,0.524,22,20,13774,7400,6374,27,29,45,100,27.00%,330,177.3,152.7,0.65,0.69,1.08,2.4,328,176.2,151.8,0.64,0.69,1.07,2.38,92,77,2.2,1.84,2.19,1.83
Challenger,RSC003387,Redline,Belugas,Whale Defense,Solar,54.4,376,30,0.531,0.567,17,13,9233,5310,3923,21,13,40,56,37.50%,355.4,204.4,151,0.81,0.5,1.54,2.16,307.8,177,130.8,0.7,0.43,1.33,1.87,66,61,2.54,2.35,2.2,2.03
Challenger,RSC004653,Danaconda84,"Nebulae
Limbo","The Cosmos
Inferno",Solar,54.1,268,19,0.33,0.368,7,12,6088,3500,2588,11,14,26,40,27.50%,328.8,189,139.8,0.59,0.76,1.4,2.16,320.4,184.2,136.2,0.58,0.74,1.37,2.11,38,59,2.05,3.19,2,3.11
Challenger,RSC000513,Prometiumz,Tutshill Tornados,Quidditch League,Solar,53.9,580,38,0.565,0.553,21,17,14108,8840,5268,51,14,38,114,44.70%,352,220.6,131.4,1.27,0.35,0.95,2.84,371.3,232.6,138.6,1.34,0.37,1,3,113,96,2.82,2.4,2.97,2.53
Challenger,RSC004148,Thenoobishlord,Schnauzers,Puppy Paradise,Lunar,53.6,638,44,0.5,0.432,19,25,14301,8020,6281,28,26,54,122,23.00%,324.4,181.9,142.5,0.64,0.59,1.22,2.77,325,182.3,142.8,0.64,0.59,1.23,2.77,95,95,2.15,2.15,2.16,2.16
Challenger,RSC004977,Xswannig,Baba Yaga,The Forest,Lunar,53.5,291,20,0.611,0.6,12,8,7331,4010,3321,15,8,34,41,36.60%,364.6,199.4,165.2,0.75,0.4,1.69,2.04,366.6,200.5,166.1,0.75,0.4,1.7,2.05,51,38,2.54,1.89,2.55,1.9
Challenger,RSC004571,Spoiledbred,Steel,Metal,Solar,53.2,108,8,0.725,0.625,5,3,2258,1230,1028,4,7,6,18,22.20%,302.6,164.8,137.8,0.54,0.94,0.8,2.41,282.3,153.8,128.5,0.5,0.88,0.75,2.25,16,8,2.14,1.07,2,1
Challenger,RSC002966,Wayward Futa,Chia Pets,As Seen on TV!,Solar,53,147,11,0.451,0.364,4,7,3517,1910,1607,8,6,12,21,38.10%,346.2,188,158.2,0.79,0.59,1.18,2.07,319.7,173.6,146.1,0.73,0.55,1.09,1.91,22,25,2.17,2.46,2,2.27
Challenger,RSC004595,Draxz.,Baba Yaga,The Forest,Lunar,52.9,690,47,0.46,0.468,22,25,17053,9150,7903,40,13,65,125,32.00%,357.7,191.9,165.8,0.84,0.27,1.36,2.62,362.8,194.7,168.1,0.85,0.28,1.38,2.66,101,112,2.12,2.35,2.15,2.38
Challenger,RSC002399,Mattyice,Breadsticks,Fifty-Fifty Pizzeria,Solar,51.1,515,36,0.5,0.5,18,18,12399,7510,4889,40,13,39,91,44.00%,348.4,211,137.4,1.12,0.37,1.1,2.56,344.4,208.6,135.8,1.11,0.36,1.08,2.53,89,89,2.5,2.5,2.47,2.47
Challenger,RSC002809,Wannabuybubbles,Tutshill Tornados,Quidditch League,Solar,51,539,37,0.631,0.595,22,15,11995,6420,5575,28,26,29,87,32.20%,322.1,172.4,149.7,0.75,0.7,0.78,2.34,324.2,173.5,150.7,0.76,0.7,0.78,2.35,113,81,3.03,2.17,3.05,2.19
Challenger,RSC002809,Wannabuybubbles,Tutshill Tornados,Quidditch League,Solar,51,539,37,0.631,0.595,22,15,11995,6420,5575,28,26,29,87,32.20%,322.1,172.4,149.7,0.75,0.7,0.78,2.34,324.2,173.5,150.7,0.76,0.7,0.78,2.35,113,81,3.03,2.17,3.05,2.19
Challenger,RSC001941,Agamecp,Delay,Rock FX,Lunar,50.7,769,55,0.58,0.564,31,24,17958,9430,8528,39,29,58,118,33.10%,338,177.5,160.5,0.73,0.55,1.09,2.22,326.5,171.5,155.1,0.71,0.53,1.05,2.15,132,107,2.48,2.01,2.4,1.95
Challenger,RSC003247,Croptopolis,Penne Patrol,Italian Battalion,Lunar,50.7,787,53,0.743,0.811,43,10,16938,10310,6628,43,42,52,131,32.80%,311.5,189.6,121.9,0.79,0.77,0.96,2.41,319.6,194.5,125.1,0.81,0.79,0.98,2.47,170,86,3.13,1.58,3.21,1.62
Challenger,RSC001993,Shyguy,"Steel
Visible Light","Metal
The Wavelengths",Solar,50.5,531,37,0.66,0.703,26,11,11728,6780,4948,29,25,35,88,33.00%,319.6,184.8,134.9,0.79,0.68,0.95,2.4,317,183.2,133.7,0.78,0.68,0.95,2.38,100,65,2.73,1.77,2.7,1.76
Challenger,RSC003812,Jeoka,Panda Bears,The Bear Den,Lunar,50.2,790,54,0.564,0.611,33,21,17829,10370,7459,40,33,69,127,31.50%,326.6,190,136.6,0.73,0.6,1.26,2.33,330.2,192,138.1,0.74,0.61,1.28,2.35,130,110,2.38,2.02,2.41,2.04
Challenger,RSC001999,Cs O Gunkiller,"Baba Yaga
Narwhals","The Forest
Sub Zero",Lunar,50.2,185,13,0.656,0.615,8,5,3670,2310,1360,8,11,12,36,22.20%,287.1,180.7,106.4,0.63,0.86,0.94,2.82,282.3,177.7,104.6,0.62,0.85,0.92,2.77,39,26,3.05,2.03,3,2
Challenger,RSC004930,Griffin5484,Destroyah,Kaiju,Solar,50.1,873,60,0.475,0.517,31,29,19906,11340,8566,50,32,65,149,33.60%,330,188,142,0.83,0.53,1.08,2.47,331.8,189,142.8,0.83,0.53,1.08,2.48,135,144,2.24,2.39,2.25,2.4
Challenger,RSC004641,Yourdoomed181,Tutshill Tornados,Quidditch League,Solar,50,630,43,0.555,0.512,22,21,14543,8300,6243,29,24,65,95,30.50%,334.1,190.7,143.4,0.67,0.55,1.49,2.18,338.2,193,145.2,0.67,0.56,1.51,2.21,114,99,2.62,2.27,2.65,2.3
Challenger,RSC001720,Superduperbam,Thunderbirds,Warbirds,Lunar,50,831,54,0.697,0.759,41,13,18592,10610,7982,49,35,51,141,34.80%,323.8,184.8,139,0.85,0.61,0.89,2.46,344.3,196.5,147.8,0.91,0.65,0.94,2.61,153,88,2.66,1.53,2.83,1.63
Challenger,RSC003276,Consciousprophit,"Arctic Foxes
Tutshill Tornados
Spartans","Polar Vortex
Quidditch League
The Sovereign",Lunar,49.8,452,33,0.443,0.364,12,21,10125,5640,4485,27,18,25,79,34.20%,324.2,180.6,143.6,0.86,0.58,0.8,2.53,306.8,170.9,135.9,0.82,0.55,0.76,2.39,70,81,2.24,2.59,2.12,2.45
Challenger,RSC004534,Thatepictragedy,The Flood,The Monster Mash,Lunar,49.8,742,52,0.424,0.5,26,26,16866,9410,7456,35,28,66,121,28.90%,329,183.5,145.4,0.68,0.55,1.29,2.36,324.3,181,143.4,0.67,0.54,1.27,2.33,111,135,2.16,2.63,2.13,2.6
Challenger,RSC002480,Blizzyy,Thunderbirds,Warbirds,Lunar,49.7,697,47,0.704,0.723,34,13,14747,8350,6397,35,30,39,140,25.00%,306.2,173.4,132.8,0.73,0.62,0.81,2.91,313.8,177.7,136.1,0.74,0.64,0.83,2.98,128,72,2.66,1.49,2.72,1.53
Challenger,RSC004967,Leesa-Chan,Arctic Foxes,Polar Vortex,Lunar,49.5,487,36,0.362,0.278,10,26,11341,6170,5171,24,16,44,77,31.20%,337,183.4,153.7,0.71,0.48,1.31,2.29,315,171.4,143.6,0.67,0.44,1.22,2.14,70,100,2.08,2.97,1.94,2.78
Challenger,RSC003803,Lone-Le,Kraits,The Serpents,Lunar,49.2,650,44,0.372,0.364,16,28,15138,8180,6958,31,19,61,108,28.70%,337,182.1,154.9,0.69,0.42,1.36,2.4,344,185.9,158.1,0.7,0.43,1.39,2.45,84,118,1.87,2.63,1.91,2.68
Challenger,RSC000534,Blood12Aven,Breadsticks,Fifty-Fifty Pizzeria,Solar,47.4,804,54,0.438,0.389,21,33,18064,10230,7834,45,25,61,143,31.50%,325.2,184.1,141,0.81,0.45,1.1,2.57,334.5,189.4,145.1,0.83,0.46,1.13,2.65,122,143,2.2,2.57,2.26,2.65
Challenger,RSC005005,Rep_Array,Kraits,The Serpents,Lunar,47.3,612,44,0.346,0.273,12,32,13488,7380,6108,32,22,40,108,29.60%,319,174.5,144.4,0.76,0.52,0.95,2.55,306.5,167.7,138.8,0.73,0.5,0.91,2.45,79,119,1.87,2.81,1.8,2.7
Challenger,RSC005005,Rep_Array,Kraits,The Serpents,Lunar,47.3,612,44,0.346,0.273,12,32,13488,7380,6108,32,22,40,108,29.60%,319,174.5,144.4,0.76,0.52,0.95,2.55,306.5,167.7,138.8,0.73,0.5,0.91,2.45,79,119,1.87,2.81,1.8,2.7
Challenger,RSC004917,Nahzey,Botchlings,The Bestiary,Lunar,47.3,697,51,0.52,0.471,24,27,14883,8010,6873,29,30,48,121,24.00%,309,166.3,142.7,0.6,0.62,1,2.51,291.8,157.1,134.8,0.57,0.59,0.94,2.37,118,112,2.45,2.33,2.31,2.2
Challenger,RSC002662,Aku Lmlt,Schnauzers,Puppy Paradise,Lunar,46.7,800,55,0.475,0.4,22,33,18291,10200,8091,42,27,69,120,35.00%,330.9,184.5,146.4,0.76,0.49,1.25,2.17,332.6,185.5,147.1,0.76,0.49,1.25,2.18,122,130,2.21,2.35,2.22,2.36
Challenger,RSC002049,Aatxerl,Thunderbirds,Warbirds,Lunar,46,266,17,0.595,0.647,11,6,5746,3260,2486,14,12,17,41,34.10%,312.6,177.4,135.3,0.76,0.65,0.92,2.23,338,191.8,146.2,0.82,0.71,1,2.41,51,40,2.77,2.18,3,2.35
Challenger,RSC004512,Xguerrax509,"Nebulae
Destroyah
Spartans","The Cosmos
Kaiju
The Sovereign",Lunar,45.4,585,40,0.426,0.4,16,24,12539,6750,5789,21,27,49,85,24.70%,310.2,167,143.2,0.52,0.67,1.21,2.1,313.5,168.8,144.7,0.53,0.68,1.23,2.13,86,104,2.13,2.57,2.15,2.6
Challenger,RSC001002,Zar235,"Visible Light
Panda Bears","The Wavelengths
The Bear Den",Solar,45.1,459,33,0.422,0.394,13,20,10445,5370,5075,25,12,30,77,32.50%,329.3,169.3,160,0.79,0.38,0.95,2.43,316.5,162.7,153.8,0.76,0.36,0.91,2.33,73,89,2.3,2.81,2.21,2.7
Challenger,RSC000564,Treeedreams,Threshers,Shark Attack,Lunar,44.6,834,54,0.517,0.593,32,22,18051,10970,7081,51,30,59,142,35.90%,313.2,190.4,122.9,0.88,0.52,1.02,2.46,334.3,203.1,131.1,0.94,0.56,1.09,2.63,137,131,2.38,2.27,2.54,2.43
Challenger,RSC004004,Gambro,"Squalls
Threshers","Storm
Shark Attack",Solar,44.5,645,42,0.478,0.5,21,21,13469,7640,5829,30,28,43,109,27.50%,302.2,171.4,130.8,0.67,0.63,0.96,2.45,320.7,181.9,138.8,0.71,0.67,1.02,2.6,106,112,2.38,2.51,2.52,2.67
Challenger,RSC005040,Keglan,Belugas,Whale Defense,Solar,44.4,492,35,0.545,0.543,19,16,10621,5920,4701,26,20,31,77,33.80%,312.4,174.1,138.3,0.76,0.59,0.91,2.26,303.5,169.1,134.3,0.74,0.57,0.89,2.2,81,72,2.38,2.12,2.31,2.06
Challenger,RSC003815,Donkmedaddy,Panda Bears,The Bear Den,Lunar,44.3,817,56,0.563,0.607,34,22,17840,9620,8220,29,32,79,117,24.80%,316,170.4,145.6,0.51,0.57,1.4,2.07,318.6,171.8,146.8,0.52,0.57,1.41,2.09,138,117,2.44,2.07,2.46,2.09
Challenger,RSC004768,Reaperodeath,Shock,Electric Mayhem,Lunar,44,541,37,0.386,0.297,11,26,12356,7270,5086,32,13,51,87,36.80%,330.5,194.5,136.1,0.86,0.35,1.36,2.33,333.9,196.5,137.5,0.86,0.35,1.38,2.35,71,96,1.9,2.57,1.92,2.59
Challenger,RSC002580,Captainfeesh,Destroyah,Kaiju,Solar,44,159,10,0.59,0.8,8,2,3227,1920,1307,8,6,10,32,25.00%,293.7,174.8,119,0.73,0.55,0.91,2.91,322.7,192,130.7,0.8,0.6,1,3.2,29,23,2.64,2.09,2.9,2.3
Challenger,RSC002494,Rpi Lone Wolf,The Flood,The Monster Mash,Lunar,43.4,551,37,0.41,0.405,15,22,12610,7380,5230,34,16,48,78,43.60%,331.2,193.8,137.4,0.89,0.42,1.26,2.05,340.8,199.5,141.4,0.92,0.43,1.3,2.11,86,108,2.26,2.84,2.32,2.92
Challenger,RSC000545,A Hammered Hamster,Smooth Mint,Minty Fresh,Solar,43.1,537,36,0.461,0.417,15,21,11820,6490,5330,29,14,39,94,30.90%,318.5,174.9,143.6,0.78,0.38,1.05,2.53,328.3,180.3,148.1,0.81,0.39,1.08,2.61,74,82,1.99,2.21,2.06,2.28
Challenger,RSC004709,Bacon Satisfies,Isopods,The Abyss,Lunar,42.5,413,28,0.353,0.25,7,21,9252,4990,4262,17,12,42,59,28.80%,324.2,174.9,149.3,0.6,0.42,1.47,2.07,330.4,178.2,152.2,0.61,0.43,1.5,2.11,55,81,1.93,2.84,1.96,2.89
Challenger,RSC004460,Space,Schnauzers,Puppy Paradise,Lunar,42.4,849,59,0.453,0.373,22,37,18644,10310,8334,49,21,57,151,32.50%,317.8,175.7,142.1,0.84,0.36,0.97,2.57,316,174.7,141.3,0.83,0.36,0.97,2.56,123,139,2.1,2.37,2.08,2.36
Challenger,RSC001361,Itsjustfruity,"New World Order
Steel","Rocket Association Wrestling
Metal",Lunar,42.2,769,52,0.534,0.519,27,25,16880,9420,7460,47,19,48,137,34.30%,317.7,177.3,140.4,0.88,0.36,0.9,2.58,324.6,181.2,143.5,0.9,0.37,0.92,2.63,117,107,2.2,2.01,2.25,2.06
Challenger,RSC003411,Levibullrush,"Chia Pets
Visible Light","As Seen on TV!
The Wavelengths",Solar,41.4,451,31,0.388,0.452,14,17,9972,5270,4702,19,11,42,72,26.40%,320,169.1,150.9,0.61,0.35,1.35,2.31,321.7,170,151.7,0.61,0.35,1.35,2.32,57,77,1.83,2.47,1.84,2.48
Challenger,RSC004933,Enric0 Palazz0,The Flood,The Monster Mash,Lunar,41.3,612,41,0.485,0.561,23,18,13376,7370,6006,30,19,50,92,32.60%,316.3,174.3,142,0.71,0.45,1.18,2.18,326.2,179.8,146.5,0.73,0.46,1.22,2.24,101,105,2.39,2.48,2.46,2.56
Challenger,RSC003382,Whymer,Arctic Foxes,Polar Vortex,Lunar,41,712,51,0.278,0.235,12,39,15545,7690,7855,26,22,59,104,25.00%,316,156.3,159.7,0.53,0.45,1.2,2.11,304.8,150.8,154,0.51,0.43,1.16,2.04,84,154,1.71,3.13,1.65,3.02
Challenger,RSC001820,Youreviltwin,"Delay
New World Order","Rock FX
Rocket Association Wrestling",Lunar,40.7,195,16,0.575,0.5,8,8,4019,2000,2019,8,10,9,25,32.00%,298.3,148.4,149.8,0.59,0.74,0.67,1.86,251.2,125,126.2,0.5,0.63,0.56,1.56,34,28,2.52,2.08,2.13,1.75
Challenger,RSC002747,Derrrrrrrrp,Squalls,Storm,Solar,40,697,47,0.59,0.596,28,19,14461,8940,5521,39,32,50,94,41.50%,300.3,185.6,114.6,0.81,0.66,1.04,1.95,307.7,190.2,117.5,0.83,0.68,1.06,2,138,110,2.87,2.28,2.94,2.34
Challenger,RSC002414,Xxdarksidexx,New World Order,Rocket Association Wrestling,Lunar,39.8,513,36,0.51,0.5,18,18,11025,5730,5295,23,14,38,83,27.70%,311,161.6,149.4,0.65,0.39,1.07,2.34,306.3,159.2,147.1,0.64,0.39,1.06,2.31,75,73,2.12,2.06,2.08,2.03
Challenger,RSC003498,Merioch,Botchlings,The Bestiary,Lunar,39.6,363,25,0.427,0.36,9,16,8370,4670,3700,21,6,35,52,40.40%,333.7,186.2,147.5,0.84,0.24,1.4,2.07,334.8,186.8,148,0.84,0.24,1.4,2.08,53,64,2.11,2.55,2.12,2.56
Challenger,RSC003900,Tryhard Goblin,Shock,Electric Mayhem,Lunar,39.4,599,43,0.432,0.349,15,28,12849,6680,6169,26,19,45,88,29.50%,310.4,161.4,149,0.63,0.46,1.09,2.13,298.8,155.3,143.5,0.6,0.44,1.05,2.05,81,97,1.96,2.34,1.88,2.26
Challenger,,Chugg,Threshers,Shark Attack,Lunar,38.9,225,16,0.5,0.625,10,6,4934,2890,2044,14,4,18,39,35.90%,317.4,185.9,131.5,0.9,0.26,1.16,2.51,308.4,180.6,127.8,0.88,0.25,1.13,2.44,37,37,2.38,2.38,2.31,2.31
Challenger,RSC000133,Sadmello,Nebulae,The Cosmos,Solar,38.6,379,25,0.358,0.28,7,18,8505,4350,4155,21,8,26,55,38.20%,324.8,166.1,158.7,0.8,0.31,0.99,2.1,340.2,174,166.2,0.84,0.32,1.04,2.2,51,74,1.95,2.83,2.04,2.96
Challenger,RSC002459,Darkenedlink,"Destroyah
Nebulae","Kaiju
The Cosmos",Solar,38.1,644,45,0.355,0.333,15,30,13944,7880,6064,31,19,59,88,35.20%,313.4,177.1,136.3,0.7,0.43,1.33,1.98,309.9,175.1,134.8,0.69,0.42,1.31,1.96,93,135,2.09,3.03,2.07,3
Challenger,RSC004424,Bigboy,Guardians of the Galaxy,The Comic Crusaders,Lunar,38,839,57,0.519,0.561,32,25,17333,9800,7533,46,23,51,150,30.70%,299,169,129.9,0.79,0.4,0.88,2.59,304.1,171.9,132.2,0.81,0.4,0.89,2.63,147,140,2.54,2.41,2.58,2.46
Challenger,RSC001828,Zcgentry,Botchlings,The Bestiary,Lunar,37.7,692,50,0.497,0.48,24,26,14950,9000,5950,39,17,64,105,37.10%,312.7,188.2,124.4,0.82,0.36,1.34,2.2,299,180,119,0.78,0.34,1.28,2.1,117,118,2.45,2.47,2.34,2.36
Challenger,RSC004546,Schwiftyjv,"Nebulae
Squalls","The Cosmos
Storm",Solar,37.7,678,48,0.403,0.5,24,24,14567,8240,6327,32,20,62,94,34.00%,310.9,175.9,135.1,0.68,0.43,1.32,2.01,303.5,171.7,131.8,0.67,0.42,1.29,1.96,98,126,2.09,2.69,2.04,2.63
Challenger,RSC003743,N00Bpr0N,Limbo,Inferno,Solar,37.7,346,25,0.641,0.76,19,6,6755,4100,2655,13,20,28,40,32.50%,282.5,171.5,111.1,0.54,0.84,1.17,1.67,270.2,164,106.2,0.52,0.8,1.12,1.6,68,47,2.84,1.97,2.72,1.88
Challenger,RSC001768,Moldypbj,"Visible Light
Steel","The Wavelengths
Metal",Solar,37.2,793,56,0.482,0.446,25,31,16897,9490,7407,35,24,74,109,32.10%,308.4,173.2,135.2,0.64,0.44,1.35,1.99,301.7,169.5,132.3,0.63,0.43,1.32,1.95,128,134,2.34,2.45,2.29,2.39
Challenger,RSC002834,Clockwork7678,Metal,The Elements,Solar,37.2,693,45,0.421,0.4,18,27,14133,7980,6153,33,19,50,123,26.80%,295.1,166.6,128.5,0.69,0.4,1.04,2.57,314.1,177.3,136.7,0.73,0.42,1.11,2.73,95,117,1.98,2.44,2.11,2.6
Challenger,RSC002956,Ofodo,Smooth Mint,Minty Fresh,Solar,36.4,697,45,0.558,0.578,26,19,14608,7850,6758,34,15,50,120,28.30%,303.3,163,140.3,0.71,0.31,1.04,2.49,324.6,174.4,150.2,0.76,0.33,1.11,2.67,104,89,2.16,1.85,2.31,1.98
Challenger,RSC000938,Nukem,Chia Pets,As Seen on TV!,Solar,36.4,574,41,0.337,0.366,15,26,10733,5810,4923,13,36,41,66,19.70%,270.6,146.5,124.1,0.33,0.91,1.03,1.66,261.8,141.7,120.1,0.32,0.88,1,1.61,82,125,2.07,3.15,2,3.05
Challenger,RSC004005,Stormz.,Baba Yaga,The Forest,Lunar,36.2,389,28,0.467,0.536,15,13,7955,3760,4195,15,14,20,56,26.80%,296,139.9,156.1,0.56,0.52,0.74,2.08,284.1,134.3,149.8,0.54,0.5,0.71,2,56,61,2.08,2.27,2,2.18
Challenger,RSC004997,Kimii,Aries,The N Ξ X U S,Solar,35.3,660,46,0.346,0.304,14,32,13769,6940,6829,25,19,51,94,26.60%,301.9,152.2,149.7,0.55,0.42,1.12,2.06,299.3,150.9,148.5,0.54,0.41,1.11,2.04,82,124,1.8,2.72,1.78,2.7
Challenger,RSC001031,Ab26Panther,"Killer Bees
Shock","The Swarm
Electric Mayhem",Solar,35.3,125,8,0.519,0.5,4,4,2644,1560,1084,7,4,10,16,43.80%,306.1,180.6,125.5,0.81,0.46,1.16,1.85,330.5,195,135.5,0.88,0.5,1.25,2,21,20,2.43,2.32,2.63,2.5
Challenger,RSC003207,Lordhadron,Breadsticks,Fifty-Fifty Pizzeria,Solar,35,819,54,0.436,0.389,21,33,16940,8700,8240,28,28,69,105,26.70%,299.3,153.7,145.6,0.49,0.49,1.22,1.86,313.7,161.1,152.6,0.52,0.52,1.28,1.94,123,145,2.17,2.56,2.28,2.69
Challenger,RSC002301,Raymondpart1,Baba Yaga,The Forest,Lunar,35,626,45,0.406,0.444,20,25,12938,7080,5858,29,18,47,93,31.20%,299.1,163.7,135.4,0.67,0.42,1.09,2.15,287.5,157.3,130.2,0.64,0.4,1.04,2.07,86,110,1.99,2.54,1.91,2.44
Challenger,RSC004374,Lunchbox_88X,Kraits,The Serpents,Lunar,35,80,5,0.302,0.2,1,4,1674,840,834,3,3,6,9,33.30%,302.8,152,150.9,0.54,0.54,1.09,1.63,334.8,168,166.8,0.6,0.6,1.2,1.8,10,17,1.81,3.08,2,3.4
Challenger,RSC002461,Mimzy Dangerous,Narwhals,Sub Zero,Solar,34.5,417,31,0.633,0.677,21,10,8629,4980,3649,22,13,31,58,37.90%,299.5,172.8,126.6,0.76,0.45,1.08,2.01,278.4,160.6,117.7,0.71,0.42,1,1.87,82,58,2.85,2.01,2.65,1.87
Challenger,RSC005079,Blu3Prints,Arctic Foxes,Polar Vortex,Lunar,34.4,35,3,0.219,0.333,1,2,687,360,327,1,1,3,6,16.70%,284.1,148.9,135.2,0.41,0.41,1.24,2.48,229,120,109,0.33,0.33,1,2,3,7,1.24,2.89,1,2.33
Challenger,RSC001576,Polarpandah,Kraits,The Serpents,Lunar,34.1,633,43,0.345,0.279,12,31,13141,6970,6171,23,21,57,77,29.90%,300.4,159.4,141.1,0.53,0.48,1.3,1.76,305.6,162.1,143.5,0.53,0.49,1.33,1.79,80,121,1.83,2.77,1.86,2.81
Challenger,RSC003193,Shiftdrink,Breadsticks,Fifty-Fifty Pizzeria,Solar,31.9,353,24,0.355,0.292,7,17,7134,3870,3264,14,9,30,52,26.90%,292.5,158.7,133.8,0.57,0.37,1.23,2.13,297.3,161.3,136,0.58,0.38,1.25,2.17,51,74,2.09,3.03,2.13,3.08
Challenger,RSC000221,Treefrog,Toucans,The Jungle,Solar,31.4,488,33,0.457,0.485,16,17,9538,5140,4398,23,19,25,64,35.90%,282.9,152.4,130.4,0.68,0.56,0.74,1.9,289,155.8,133.3,0.7,0.58,0.76,1.94,77,86,2.28,2.55,2.33,2.61
Challenger,RSC004817,Crybound,Guardians of the Galaxy,The Comic Crusaders,Lunar,31.3,282,18,0.401,0.389,7,11,5702,3200,2502,16,8,16,40,40.00%,292.6,164.2,128.4,0.82,0.41,0.82,2.05,316.8,177.8,139,0.89,0.44,0.89,2.22,41,53,2.1,2.72,2.28,2.94
Challenger,RSC004188,Dis.Ease,Destroyah,Kaiju,Solar,31.1,686,47,0.441,0.489,23,24,14005,7820,6185,26,24,66,72,36.10%,295.5,165,130.5,0.55,0.51,1.39,1.52,298,166.4,131.6,0.55,0.51,1.4,1.53,104,121,2.19,2.55,2.21,2.57
Challenger,RSC001619,Rob,"Spartans
Breadsticks","The Sovereign
Fifty-Fifty Pizzeria",Solar,30.6,333,23,0.484,0.391,9,14,7327,4160,3167,20,6,30,36,55.60%,318.4,180.8,137.6,0.87,0.26,1.3,1.56,318.6,180.9,137.7,0.87,0.26,1.3,1.57,47,49,2.04,2.13,2.04,2.13
Challenger,RSC004396,Thecricket,"Visible Light
Nebulae","The Wavelengths
The Cosmos",Solar,30.4,710,47,0.377,0.319,15,32,13845,7880,5965,30,27,53,88,34.10%,282.2,160.6,121.6,0.61,0.55,1.08,1.79,294.6,167.7,126.9,0.64,0.57,1.13,1.87,98,135,2,2.75,2.09,2.87
Challenger,RSC004184,Drivingwebster,Baba Yaga,The Forest,Lunar,30.3,124,10,0.163,0.1,1,9,2753,1380,1373,5,0,14,18,27.80%,321.3,161.1,160.2,0.58,0,1.63,2.1,275.3,138,137.3,0.5,0,1.4,1.8,11,31,1.28,3.62,1.1,3.1
Challenger,RSC004184,Drivingwebster,Baba Yaga,The Forest,Lunar,30.3,124,10,0.163,0.1,1,9,2753,1380,1373,5,0,14,18,27.80%,321.3,161.1,160.2,0.58,0,1.63,2.1,275.3,138,137.3,0.5,0,1.4,1.8,11,31,1.28,3.62,1.1,3.1
Challenger,RSC002897,Vickyviksta,Shock,Electric Mayhem,Lunar,29.8,640,44,0.447,0.409,18,26,12566,6580,5986,21,17,54,93,22.60%,284.2,148.8,135.4,0.47,0.38,1.22,2.1,285.6,149.5,136,0.48,0.39,1.23,2.11,86,99,1.94,2.24,1.95,2.25
Challenger,RSC003468,Hisdudeness3,New World Order,Rocket Association Wrestling,Lunar,28.7,588,40,0.46,0.45,18,22,11376,6120,5256,21,19,46,77,27.30%,280,150.6,129.4,0.52,0.47,1.13,1.9,284.4,153,131.4,0.53,0.48,1.15,1.93,79,88,1.94,2.17,1.98,2.2
Challenger,RSC004578,Justin Beebear,Isopods,The Abyss,Lunar,28.7,201,14,0.4,0.357,5,9,4039,2350,1689,11,4,15,30,36.70%,290.8,169.2,121.6,0.79,0.29,1.08,2.16,288.5,167.9,120.6,0.79,0.29,1.07,2.14,31,40,2.23,2.88,2.21,2.86
Challenger,RSC000713,Totoro,Chia Pets,As Seen on TV!,Solar,28.5,748,53,0.375,0.415,22,31,15086,7900,7186,32,17,57,100,32.00%,291.9,152.8,139,0.62,0.33,1.1,1.93,284.6,149.1,135.6,0.6,0.32,1.08,1.89,107,148,2.07,2.86,2.02,2.79
Challenger,RSC004065,Coop,"Toucans
Destroyah","The Jungle
Kaiju",Solar,27.7,651,45,0.475,0.467,21,24,12390,6500,5890,21,25,48,75,28.00%,275.4,144.5,130.9,0.47,0.56,1.07,1.67,275.3,144.4,130.9,0.47,0.56,1.07,1.67,104,111,2.31,2.47,2.31,2.47
Challenger,RSC000253,Musah,Arctic Foxes,Polar Vortex,Lunar,27.6,392,28,0.272,0.214,6,22,7662,4140,3522,18,7,27,64,28.10%,282.9,152.8,130,0.66,0.26,1,2.36,273.6,147.9,125.8,0.64,0.25,0.96,2.29,46,86,1.7,3.18,1.64,3.07
Challenger,RSC002864,Grovelove,Killer Bees,The Swarm,Solar,27.5,685,47,0.592,0.596,28,19,12550,6830,5720,30,21,33,113,26.50%,265.1,144.3,120.8,0.63,0.44,0.7,2.39,267,145.3,121.7,0.64,0.45,0.7,2.4,115,90,2.43,1.9,2.45,1.91
Challenger,RSC002264,Cubsfan082016,Isopods,The Abyss,Lunar,26.1,597,44,0.455,0.432,19,25,11807,6250,5557,16,16,64,65,24.60%,286.2,151.5,134.7,0.39,0.39,1.55,1.58,268.3,142,126.3,0.36,0.36,1.45,1.48,90,101,2.18,2.45,2.05,2.3
Challenger,RSC005098,Itsjustcrimm,Destroyah,Kaiju,Solar,26,62,4,0.317,0,0,4,1194,620,574,2,2,5,7,28.60%,278.7,144.7,134,0.47,0.47,1.17,1.63,298.5,155,143.5,0.5,0.5,1.25,1.75,8,13,1.87,3.03,2,3.25
Challenger,RSC002100,Pant,Nebulae,The Cosmos,Solar,25.9,379,26,0.487,0.615,16,10,7517,4000,3517,16,6,31,55,29.10%,287,152.7,134.3,0.61,0.23,1.18,2.1,289.1,153.8,135.3,0.62,0.23,1.19,2.12,57,59,2.18,2.25,2.19,2.27
Challenger,RSC002262,Crypt1Cgames,"Schnauzers
Visible Light","Puppy Paradise
The Wavelengths",Solar,25.7,393,27,0.366,0.444,12,15,7452,4000,3452,13,10,33,55,23.60%,274.4,147.3,127.1,0.48,0.37,1.22,2.03,276,148.1,127.9,0.48,0.37,1.22,2.04,45,65,1.66,2.39,1.67,2.41
Challenger,RSC000502,Xmicrowavechefx,"Guardians of the Galaxy
Arctic Foxes","The Comic Crusaders
Polar Vortex",Lunar,25.4,767,53,0.238,0.208,11,42,14179,7850,6329,27,24,58,105,25.70%,267.5,148.1,119.4,0.51,0.45,1.09,1.98,267.5,148.1,119.4,0.51,0.45,1.09,1.98,82,172,1.55,3.25,1.55,3.25
Challenger,RSC001836,Zignian,Killer Bees,The Swarm,Solar,25.3,186,13,0.406,0.385,5,8,3633,2150,1483,9,4,16,25,36.00%,282.7,167.3,115.4,0.7,0.31,1.24,1.95,279.5,165.4,114.1,0.69,0.31,1.23,1.92,30,38,2.33,2.96,2.31,2.92
Challenger,RSC001836,Zignian,Killer Bees,The Swarm,Solar,25.3,186,13,0.406,0.385,5,8,3633,2150,1483,9,4,16,25,36.00%,282.7,167.3,115.4,0.7,0.31,1.24,1.95,279.5,165.4,114.1,0.69,0.31,1.23,1.92,30,38,2.33,2.96,2.31,2.92
Challenger,RSC002511,Moist_Games,"Narwhals
Arctic Foxes
Destroyah","Sub Zero
Polar Vortex
Kaiju",Solar,24,510,36,0.49,0.472,17,19,9547,4880,4667,14,20,40,48,29.20%,270.9,138.5,132.4,0.4,0.57,1.14,1.36,265.2,135.6,129.6,0.39,0.56,1.11,1.33,79,81,2.24,2.3,2.19,2.25
Challenger,RSC004664,Dadmayer,Aries,The N Ξ X U S,Solar,23.9,216,16,0.432,0.438,7,9,4067,1940,2127,6,7,15,24,25.00%,272.5,130,142.5,0.4,0.47,1.01,1.61,254.2,121.3,132.9,0.38,0.44,0.94,1.5,31,37,2.08,2.48,1.94,2.31
Challenger,RSC000054,Blindvisionary,Metal,The Elements,Solar,23.1,801,53,0.413,0.415,22,31,14896,7920,6976,29,26,56,92,31.50%,269.1,143.1,126,0.52,0.47,1.01,1.66,281.1,149.4,131.6,0.55,0.49,1.06,1.74,108,136,1.95,2.46,2.04,2.57
Challenger,RSC004028,Parker On 3 Legs,Metal,The Elements,Solar,22.8,24,2,0.195,0,0,2,570,260,310,1,0,3,1,100.00%,343.7,156.8,186.9,0.6,0,1.81,0.6,285,130,155,0.5,0,1.5,0.5,3,7,1.81,4.22,1.5,3.5
Challenger,RSC004628,Chromium_Fire,"Metal
Schnauzers","The Elements
Puppy Paradise",Lunar,22.4,351,26,0.354,0.308,8,18,6874,3350,3524,8,8,36,35,22.90%,283.4,138.1,145.3,0.33,0.33,1.48,1.44,264.4,128.8,135.5,0.31,0.31,1.38,1.35,47,69,1.94,2.84,1.81,2.65
Challenger,RSC000162,Draconium,Kraits,The Serpents,Lunar,21.9,629,44,0.373,0.295,13,31,11996,6510,5486,24,12,54,81,29.60%,276,149.8,126.2,0.55,0.28,1.24,1.86,272.6,148,124.7,0.55,0.27,1.23,1.84,86,120,1.98,2.76,1.95,2.73
Challenger,RSC004525,Kocosaur,Arctic Foxes,Polar Vortex,Lunar,21,257,19,0.264,0.158,3,16,4866,2610,2256,7,5,27,31,22.60%,274,147,127,0.39,0.28,1.52,1.75,256.1,137.4,118.7,0.37,0.26,1.42,1.63,26,51,1.46,2.87,1.37,2.68
Challenger,RSC002847,Reeve-,Squalls,Storm,Solar,18.7,388,25,0.47,0.48,12,13,6594,3490,3104,12,10,24,59,20.30%,246,130.2,115.8,0.45,0.37,0.9,2.2,263.8,139.6,124.2,0.48,0.4,0.96,2.36,62,67,2.31,2.5,2.48,2.68
Challenger,RSC003929,Whoviancat,Aries,The N Ξ X U S,Solar,17.4,591,41,0.354,0.366,15,26,10716,6020,4696,22,12,50,72,30.60%,262.4,147.4,115,0.54,0.29,1.22,1.76,261.4,146.8,114.5,0.54,0.29,1.22,1.76,76,112,1.86,2.74,1.85,2.73
Challenger,RSC003929,Whoviancat,Aries,The N Ξ X U S,Solar,17.4,591,41,0.354,0.366,15,26,10716,6020,4696,22,12,50,72,30.60%,262.4,147.4,115,0.54,0.29,1.22,1.76,261.4,146.8,114.5,0.54,0.29,1.22,1.76,76,112,1.86,2.74,1.85,2.73
Challenger,RSC003888,Reedyorange,Penne Patrol,Italian Battalion,Lunar,16.3,200,14,0.59,0.571,8,6,3334,1620,1714,5,11,9,12,41.70%,241.3,117.2,124,0.36,0.8,0.65,0.87,238.1,115.7,122.4,0.36,0.79,0.64,0.86,39,31,2.82,2.24,2.79,2.21
Challenger,RSC003101,Sirzohan1002,"Panda Bears
Baba Yaga","The Bear Den
The Forest",Lunar,15.4,255,18,0.269,0.222,4,14,4343,2290,2053,8,6,17,34,23.50%,246.5,130,116.5,0.45,0.34,0.96,1.93,241.3,127.2,114.1,0.44,0.33,0.94,1.89,29,55,1.65,3.12,1.61,3.06
Challenger,RSC003871,Manoftheauer,Isopods,The Abyss,Lunar,-3.7,63,4,0.19,0,0,4,928,540,388,3,0,3,9,33.30%,213.2,124,89.1,0.69,0,0.69,2.07,232,135,97,0.75,0,0.75,2.25,7,17,1.61,3.91,1.75,4.25
Amateur,RSC004872,Justlaben,Shurale,The Forest,Solar,91.7,727,56,0.792,0.804,45,11,25015,16160,8855,97,43,48,191,50.80%,424.8,274.4,150.4,1.65,0.73,0.82,3.24,446.7,288.6,158.1,1.73,0.77,0.86,3.41,212,92,3.6,1.56,3.79,1.64
Amateur,RSC004907,Weirdkiwi,Puddlemere United,Quidditch League,Solar,85.4,713,55,0.692,0.673,37,18,22975,14590,8385,87,38,41,194,44.80%,397.8,252.6,145.2,1.51,0.66,0.71,3.36,417.7,265.3,152.5,1.58,0.69,0.75,3.53,190,115,3.29,1.99,3.45,2.09
Amateur,RSC004922,Suxze,Shurale,The Forest,Solar,79.4,727,56,0.792,0.804,45,11,21529,13350,8179,73,43,41,185,39.50%,365.6,226.7,138.9,1.24,0.73,0.7,3.14,384.4,238.4,146.1,1.3,0.77,0.73,3.3,212,92,3.6,1.56,3.79,1.64
Amateur,RSC004890,Kamikaze7200,Puddlemere United,Quidditch League,Solar,68.2,713,55,0.692,0.673,37,18,19590,12110,7480,61,43,51,131,46.60%,339.2,209.7,129.5,1.06,0.74,0.88,2.27,356.2,220.2,136,1.11,0.78,0.93,2.38,190,115,3.29,1.99,3.45,2.09
Amateur,RSC004681,Speciial_Eddy,Reptar,Kaiju,Solar,67,583,47,0.514,0.489,23,24,15337,8780,6557,44,30,30,138,31.90%,324.8,185.9,138.8,0.93,0.64,0.64,2.92,326.3,186.8,139.5,0.94,0.64,0.64,2.94,109,105,2.31,2.22,2.32,2.23
Amateur,RSC004276,Dgitlsickboy,Spitfires,Warbirds,Solar,66.7,645,54,0.506,0.537,29,25,18956,11270,7686,57,25,61,127,44.90%,362.8,215.7,147.1,1.09,0.48,1.17,2.43,351,208.7,142.3,1.06,0.46,1.13,2.35,128,126,2.45,2.41,2.37,2.33
Amateur,RSC004509,Tazlien,"Radio Waves
Shurale
Watts","The Wavelengths
The Forest
Electric Mayhem",Solar,65.9,607,48,0.452,0.458,22,26,17533,9800,7733,41,26,65,115,35.70%,356.6,199.3,157.3,0.83,0.53,1.32,2.34,365.3,204.2,161.1,0.85,0.54,1.35,2.4,107,121,2.18,2.46,2.23,2.52
Amateur,RSC004952,Iamdmachinee,Radio Waves,The Wavelengths,Solar,62.6,577,49,0.577,0.51,25,24,15964,8790,7174,43,23,44,114,37.70%,341.6,188.1,153.5,0.92,0.49,0.94,2.44,325.8,179.4,146.4,0.88,0.47,0.9,2.33,114,93,2.44,1.99,2.33,1.9
Amateur,RSC004963,Snazzy_Noodle,Reptar,Kaiju,Solar,59.4,170,14,0.576,0.571,8,6,4657,2760,1897,15,6,13,31,48.40%,338.2,200.4,137.8,1.09,0.44,0.94,2.25,332.6,197.1,135.5,1.07,0.43,0.93,2.21,41,34,2.98,2.47,2.93,2.43
Amateur,RSC004679,Shadic148,Reptar,Kaiju,Solar,58.5,644,54,0.526,0.481,26,28,17104,10040,7064,50,23,53,124,40.30%,327.9,192.5,135.4,0.96,0.44,1.02,2.38,316.7,185.9,130.8,0.93,0.43,0.98,2.3,125,117,2.4,2.24,2.31,2.17
Amateur,RSC003156,W0Odhou5E,"Radio Waves
Dachshund","The Wavelengths
Puppy Paradise",Solar,57.4,459,39,0.505,0.462,18,21,11972,6800,5172,30,19,41,80,37.50%,322,182.9,139.1,0.81,0.51,1.1,2.15,307,174.4,132.6,0.77,0.49,1.05,2.05,82,81,2.21,2.18,2.1,2.08
Amateur,RSC004885,Slowlow,Spitfires,Warbirds,Solar,55.4,645,54,0.506,0.537,29,25,17252,9130,8122,38,26,62,93,40.90%,330.2,174.8,155.5,0.73,0.5,1.19,1.78,319.5,169.1,150.4,0.7,0.48,1.15,1.72,128,126,2.45,2.41,2.37,2.33
Amateur,RSC004221,Shakewe8,Dachshund,Puppy Paradise,Solar,51.9,340,26,0.365,0.423,11,15,8310,4830,3480,21,14,30,53,39.60%,301.7,175.4,126.4,0.76,0.51,1.09,1.92,319.6,185.8,133.8,0.81,0.54,1.15,2.04,58,82,2.11,2.98,2.23,3.15
Amateur,,Unicornhuntresss,Radio Waves,The Wavelengths,Solar,51,538,45,0.559,0.489,22,23,12646,7030,5616,29,22,42,93,31.20%,290.2,161.3,128.9,0.67,0.5,0.96,2.13,281,156.2,124.8,0.64,0.49,0.93,2.07,104,89,2.39,2.04,2.31,1.98
Amateur,RSC004234,Cbhiphop77,Capybaras,The Jungle,Solar,48.2,600,52,0.296,0.365,19,33,15126,7670,7456,35,15,49,97,36.10%,311.2,157.8,153.4,0.72,0.31,1.01,2,290.9,147.5,143.4,0.67,0.29,0.94,1.87,92,158,1.89,3.25,1.77,3.04
Amateur,RSC004823,Krypt0_.,Reptar,Kaiju,Solar,46.9,461,40,0.523,0.475,19,21,9864,5150,4714,17,26,31,60,28.30%,264.2,137.9,126.2,0.46,0.7,0.83,1.61,246.6,128.8,117.9,0.43,0.65,0.78,1.5,86,81,2.3,2.17,2.15,2.03
Amateur,RSC005075,Lockl11N,"Spitfires
Watts","Warbirds
Electric Mayhem",Solar,43.6,140,12,0.578,0.667,8,4,3026,1560,1466,7,7,7,16,43.80%,266.8,137.6,129.3,0.62,0.62,0.62,1.41,252.2,130,122.2,0.58,0.58,0.58,1.33,34,28,3,2.47,2.83,2.33
Amateur,RSC002642,Jonb,Watts,Electric Mayhem,Solar,43.3,607,49,0.351,0.388,19,30,13694,7700,5994,37,16,44,100,37.00%,278.5,156.6,121.9,0.75,0.33,0.89,2.03,279.5,157.1,122.3,0.76,0.33,0.9,2.04,90,134,1.83,2.73,1.84,2.73
Amateur,RSC004625,Cbsq,Dachshund,Puppy Paradise,Solar,43.3,310,25,0.28,0.24,6,19,6614,3850,2764,18,11,20,50,36.00%,263.4,153.3,110.1,0.72,0.44,0.8,1.99,264.6,154,110.6,0.72,0.44,0.8,2,44,80,1.75,3.19,1.76,3.2
Amateur,RSC004693,Ihavehalfhp,Spitfires,Warbirds,Solar,42.4,338,28,0.578,0.607,17,11,7374,4600,2774,24,8,24,60,40.00%,269.3,168,101.3,0.88,0.29,0.88,2.19,263.4,164.3,99.1,0.86,0.29,0.86,2.14,71,58,2.59,2.12,2.54,2.07
Amateur,RSC003991,Solartoaster,"Puddlemere United
Reptar","Quidditch League
Kaiju",Solar,41.6,599,47,0.787,0.766,36,11,12091,7840,4251,39,26,36,84,46.40%,249.2,161.6,87.6,0.8,0.54,0.74,1.73,257.3,166.8,90.4,0.83,0.55,0.77,1.79,176,78,3.63,1.61,3.74,1.66
Amateur,RSC000146,Ethrealdoom,Dachshund,Puppy Paradise,Solar,37.5,681,53,0.336,0.321,17,36,13463,7090,6373,35,24,28,99,35.40%,244.1,128.5,115.5,0.63,0.44,0.51,1.79,254,133.8,120.2,0.66,0.45,0.53,1.87,114,174,2.07,3.15,2.15,3.28
Amateur,RSC004190,Demonikgoat4061,Radio Waves,The Wavelengths,Solar,37,57,5,0.563,0.4,2,3,1335,810,525,5,1,4,6,83.30%,289.1,175.4,113.7,1.08,0.22,0.87,1.3,267,162,105,1,0.2,0.8,1.2,14,12,3.03,2.6,2.8,2.4
Amateur,RSC000989,Papa_Lane_88,Dachshund,Puppy Paradise,Solar,35.4,691,53,0.346,0.34,18,35,14946,8050,6896,37,12,56,95,38.90%,267,143.8,123.2,0.66,0.21,1,1.7,282,151.9,130.1,0.7,0.23,1.06,1.79,117,174,2.09,3.11,2.21,3.28
Amateur,RSC005027,Lordschmicky,Shurale,The Forest,Solar,33.3,301,21,0.847,0.905,19,2,4952,2920,2032,15,14,6,42,35.70%,203.1,119.8,83.3,0.62,0.57,0.25,1.72,235.8,139,96.8,0.71,0.67,0.29,2,89,30,3.65,1.23,4.24,1.43
Amateur,RSC005011,Sinthesized_,Radio Waves,The Wavelengths,Solar,31.1,61,5,0.352,0.2,1,4,1370,700,670,5,1,2,5,100.00%,277.3,141.7,135.6,1.01,0.2,0.4,1.01,274,140,134,1,0.2,0.4,1,11,16,2.23,3.24,2.2,3.2
Amateur,RSC005001,Bear_Fitz,Capybaras,The Jungle,Solar,30.9,283,22,0.214,0.273,6,16,5685,3280,2405,15,7,23,28,53.60%,248,143.1,104.9,0.65,0.31,1,1.22,258.4,149.1,109.3,0.68,0.32,1.05,1.27,37,83,1.61,3.62,1.68,3.77
Amateur,RSC004902,Cuse42,Shurale,The Forest,Solar,30.5,415,34,0.747,0.735,25,9,6855,4260,2595,25,16,8,56,44.60%,203.9,126.7,77.2,0.74,0.48,0.24,1.67,201.6,125.3,76.3,0.74,0.47,0.24,1.65,119,61,3.54,1.81,3.5,1.79
Amateur,RSC003968,Shootzy,Capybaras,The Jungle,Solar,29.1,462,40,0.265,0.325,13,27,8861,4810,4051,25,8,26,61,41.00%,236.8,128.5,108.2,0.67,0.21,0.69,1.63,221.5,120.3,101.3,0.63,0.2,0.65,1.53,73,136,1.95,3.63,1.83,3.4
Amateur,RSC004795,Sailingsteven,Capybaras,The Jungle,Solar,25.4,623,54,0.284,0.352,19,35,11676,5960,5716,24,12,47,61,39.30%,231.4,118.1,113.3,0.48,0.24,0.93,1.21,216.2,110.4,105.9,0.44,0.22,0.87,1.13,95,169,1.88,3.35,1.76,3.13
Amateur,RSC004247,Escorm,"Reptar
Watts","Kaiju
Electric Mayhem",Solar,21.9,115,9,0.329,0.333,3,6,1602,680,922,1,6,4,8,12.50%,172,73,99,0.11,0.64,0.43,0.86,178,75.6,102.4,0.11,0.67,0.44,0.89,20,31,2.15,3.33,2.22,3.44
Amateur,RSC000466,Underbreadbore,Watts,Electric Mayhem,Solar,18.9,521,43,0.299,0.372,16,27,8707,4620,4087,18,5,40,57,31.60%,206.3,109.5,96.8,0.43,0.12,0.95,1.35,202.5,107.4,95,0.42,0.12,0.93,1.33,73,126,1.73,2.99,1.7,2.93
Amateur,RSC000776,Bernatra,Puddlemere United,Quidditch League,Solar,15.9,60,4,0.114,0,0,4,842,520,322,3,1,2,7,42.90%,173.2,107,66.3,0.62,0.21,0.41,1.44,210.5,130,80.5,0.75,0.25,0.5,1.75,6,21,1.23,4.32,1.5,5.25
Amateur,RSC000776,Bernatra,Puddlemere United,Quidditch League,Solar,15.9,60,4,0.114,0,0,4,842,520,322,3,1,2,7,42.90%,173.2,107,66.3,0.62,0.21,0.41,1.44,210.5,130,80.5,0.75,0.25,0.5,1.75,6,21,1.23,4.32,1.5,5.25
Amateur,RSC004903,Djskye1990,Watts,Electric Mayhem,Solar,15.7,309,23,0.14,0.217,5,18,4328,2510,1818,10,8,17,26,38.50%,172.9,100.3,72.6,0.4,0.32,0.68,1.04,188.2,109.1,79,0.43,0.35,0.74,1.13,32,99,1.28,3.96,1.39,4.3
Amateur,RSC005013,Torment43,Dachshund,Puppy Paradise,Solar,13.5,37,3,0.286,0,0,3,529,270,259,1,1,2,2,50.00%,176.5,90.1,86.4,0.33,0.33,0.67,0.67,176.3,90,86.3,0.33,0.33,0.67,0.67,5,9,1.67,3,1.67,3
Amateur,RSC004935,Somebodydosometh,Radio Waves,The Wavelengths,Solar,12.1,33,3,0.356,0.333,1,2,362,90,272,0,1,0,4,0.00%,135.4,33.7,101.8,0,0.37,0,1.5,120.7,30,90.7,0,0.33,0,1.33,4,6,1.5,2.24,1.33,2
Amateur,RSC005059,Techfour,Watts,Electric Mayhem,Solar,6.3,108,8,0.232,0.375,3,5,1301,570,731,1,2,6,7,14.30%,148.7,65.2,83.6,0.11,0.23,0.69,0.8,162.6,71.3,91.4,0.13,0.25,0.75,0.88,13,28,1.49,3.2,1.63,3.5
Amateur,RSC005059,Techfour,Watts,Electric Mayhem,Solar,6.3,108,8,0.232,0.375,3,5,1301,570,731,1,2,6,7,14.30%,148.7,65.2,83.6,0.11,0.23,0.69,0.8,162.6,71.3,91.4,0.13,0.25,0.75,0.88,13,28,1.49,3.2,1.63,3.5
Amateur,RSC004939,Jdoyle15,Puddlemere United,Quidditch League,Solar,2.7,88,8,0.479,0.5,4,4,1051,450,601,2,1,3,5,40.00%,147.4,63.1,84.3,0.28,0.14,0.42,0.7,131.4,56.3,75.1,0.25,0.13,0.38,0.63,19,20,2.67,2.81,2.38,2.5
Amateur,RSC004298,Attack3432,Radio Waves,The Wavelengths,Solar,-1.4,27,3,0.5,0.333,1,2,290,170,120,1,0,1,2,50.00%,132.6,77.7,54.9,0.46,0,0.46,0.91,96.7,56.7,40,0.33,0,0.33,0.67,5,5,2.29,2.29,1.67,1.67
Amateur,RSC005044,Mooseyslaya,Radio Waves,The Wavelengths,Solar,-7.7,57,5,0.321,0.2,1,4,562,270,292,2,0,1,2,100.00%,121.7,58.5,63.2,0.43,0,0.22,0.43,112.4,54,58.4,0.4,0,0.2,0.4,8,13,1.73,2.82,1.6,2.6
Amateur,RSC005022,Ziggomc,Spitfires,Warbirds,Solar,-9.3,206,17,0.272,0.294,5,12,1614,910,704,4,2,7,6,66.70%,96.7,54.5,42.2,0.24,0.12,0.42,0.36,94.9,53.5,41.4,0.24,0.12,0.41,0.35,29,54,1.74,3.24,1.71,3.18
Amateur,RSC005014,Sewer Shark,Spitfires,Warbirds,Solar,-15.2,18,2,0,0,0,2,110,10,100,0,0,0,1,0.00%,75.4,6.9,68.6,0,0,0,0.69,55,5,50,0,0,0,0.5,0,4,0,2.74,0,2