Filter(s),,,Name,Tier,Team(s),Franchise(s),Conference,SBV,TS,GP,PWE,WP,W,L,P,SP,NP,G,A,Sv,S,S%,P/A,SP/A,NP/A,G/A,A/A,Sv/A,S/A,P/G,SP/G,NP/G,G/G,A/G,Sv/G,S/G,tm_G,opp_G,tm_G/A,opp_G/A,tm_G/G,opp_G/G
Stat,Condition,,Skepsis,Veteran,Quetzalcoatl,Pantheon,Lunar,136.5,54,4,0.751,0.500,2,2,1589,1000,589,4,6,3,15,26.7%,445.9,280.6,165.3,1.12,1.68,0.84,4.21,397.3,250.0,147.3,1.00,1.50,0.75,3.75,12,6,3.37,1.68,3.00,1.50
,,,Taskhetto,Veteran,Water,The Elements,Solar,109.7,302,20,0.648,0.700,14,6,9212,5550,3662,27,19,25,65,41.5%,462.2,278.5,183.8,1.35,0.95,1.25,3.26,460.6,277.5,183.1,1.35,0.95,1.25,3.25,68,47,3.41,2.36,3.40,2.35
,,,Tr1Ppn,Veteran,Quetzalcoatl,Pantheon,Lunar,104.6,10,1,0.326,0.000,0,1,270,170,100,1,1,0,2,50.0%,409.1,257.6,151.5,1.52,1.52,0.00,3.03,270.0,170.0,100.0,1.00,1.00,0.00,2.00,2,3,3.03,4.55,2.00,3.00
,,,Neito,Veteran,Typhoons,Storm,Solar,100.1,60,4,0.469,0.500,2,2,1772,1140,632,6,5,4,9,66.7%,447.5,287.9,159.6,1.52,1.26,1.01,2.27,443.0,285.0,158.0,1.50,1.25,1.00,2.25,14,15,3.54,3.79,3.50,3.75
,,,Tinsel,Veteran,Peppermint,Minty Fresh,Solar,100.1,14,1,0.000,0.000,0,1,435,190,245,0,0,3,4,0.0%,470.8,205.7,265.2,0.00,0.00,3.25,4.33,435.0,190.0,245.0,0.00,0.00,3.00,4.00,0,3,0.00,3.25,0.00,3.00
,,,Snack Time!,Veteran,Marshmallow Mob,Snack Syndicate,Lunar,94.0,842,59,0.644,0.610,36,23,22612,13040,9572,56,54,56,194,28.9%,407.0,234.7,172.3,1.01,0.97,1.01,3.49,383.3,221.0,162.2,0.95,0.92,0.95,3.29,164,113,2.95,2.03,2.78,1.92
,,,Cotni,Veteran,Typhoons,Storm,Solar,87.3,561,34,0.539,0.559,19,15,15615,9160,6455,40,27,53,116,34.5%,421.8,247.4,174.4,1.08,0.73,1.43,3.13,459.3,269.4,189.9,1.18,0.79,1.56,3.41,82,74,2.21,2.00,2.41,2.18
,,,.Bzy,Veteran,Makos,Shark Attack,Lunar,87.3,733,48,0.574,0.563,27,21,19935,11530,8405,47,38,67,158,29.7%,412.1,238.4,173.8,0.97,0.79,1.39,3.27,415.3,240.2,175.1,0.98,0.79,1.40,3.29,126,104,2.60,2.15,2.63,2.17
,,,Bill3113,Veteran,Quetzalcoatl,Pantheon,Lunar,81.9,884,57,0.628,0.649,37,20,24269,14860,9409,69,44,82,166,41.6%,416.0,254.7,161.3,1.18,0.75,1.41,2.85,425.8,260.7,165.1,1.21,0.77,1.44,2.91,171,123,2.93,2.11,3.00,2.16
,,,Frenchy,Veteran,"Supernova
Banshees","The Cosmos
The Monster Mash",Lunar,77.5,319,22,0.562,0.636,14,8,8775,4950,3825,23,14,28,55,41.8%,416.8,235.1,181.7,1.09,0.67,1.33,2.61,398.9,225.0,173.9,1.05,0.64,1.27,2.50,54,46,2.57,2.19,2.45,2.09
,,,Vencill,Veteran,Gladiators,The Sovereign,Lunar,76.5,802,54,0.643,0.667,36,18,20750,12600,8150,53,46,70,150,35.3%,392.1,238.1,154.0,1.00,0.87,1.32,2.83,384.3,233.3,150.9,0.98,0.85,1.30,2.78,146,100,2.76,1.89,2.70,1.85
,,,Buddha,Veteran,Cobras,The Serpents,Solar,76.0,704,46,0.543,0.500,23,23,19203,11950,7253,53,22,82,145,36.6%,413.3,257.2,156.1,1.14,0.47,1.77,3.12,417.5,259.8,157.7,1.15,0.48,1.78,3.15,116,104,2.50,2.24,2.52,2.26
Sort(s),,,Be Tolerant,Veteran,"Linguini Lancers
Thermal
Quetzalcoatl","Italian Battalion
Energy
Pantheon",Lunar,75.9,137,10,0.725,0.600,6,4,3630,2220,1410,10,6,13,27,37.0%,401.5,245.6,156.0,1.11,0.66,1.44,2.99,363.0,222.0,141.0,1.00,0.60,1.30,2.70,31,17,3.43,1.88,3.10,1.70
Stat,Order,,Zay,Veteran,Titanium,Metal,Solar,75.8,559,37,0.679,0.730,27,10,14644,8540,6104,38,24,48,114,33.3%,397.0,231.5,165.5,1.03,0.65,1.30,3.09,395.8,230.8,165.0,1.03,0.65,1.30,3.08,118,74,3.20,2.01,3.19,2.00
Name,Desc,,G,Veteran,Quetzalcoatl,Pantheon,Lunar,74.3,966,63,0.641,0.635,40,23,25089,15060,10029,72,46,74,186,38.7%,393.6,236.2,157.3,1.13,0.72,1.16,2.92,398.2,239.0,159.2,1.14,0.73,1.17,2.95,190,132,2.98,2.07,3.02,2.10
Conference,Desc,,Cobraz Re,Veteran,Peppers,The Garden,Solar,73.9,719,47,0.627,0.681,32,15,18982,11270,7712,48,33,70,132,36.4%,400.1,237.5,162.5,1.01,0.70,1.48,2.78,403.9,239.8,164.1,1.02,0.70,1.49,2.81,135,97,2.85,2.04,2.87,2.06
TS,Desc,,M0Vethatbus,Veteran,"Hades
Gorillas","The Gods
The Jungle",Lunar,72.6,196,14,0.422,0.429,6,8,4980,2770,2210,12,10,14,37,32.4%,385.0,214.2,170.9,0.93,0.77,1.08,2.86,355.7,197.9,157.9,0.86,0.71,1.00,2.64,33,40,2.55,3.09,2.36,2.86
,,,Armo27,Veteran,X-ray,The Wavelengths,Solar,72.0,756,52,0.522,0.519,27,25,19692,10790,8902,37,36,79,134,27.6%,394.7,216.3,178.4,0.74,0.72,1.58,2.69,378.7,207.5,171.2,0.71,0.69,1.52,2.58,131,124,2.63,2.49,2.52,2.38
,,,Lordpinhead,Veteran,Grizzly Bears,The Bear Den,Lunar,71.3,768,50,0.570,0.600,30,20,20415,11990,8425,51,32,79,134,38.1%,402.8,236.6,166.2,1.01,0.63,1.56,2.64,408.3,239.8,168.5,1.02,0.64,1.58,2.68,133,111,2.62,2.19,2.66,2.22
,,,Scanti,Veteran,Linguini Lancers,Italian Battalion,Lunar,71.1,186,12,0.500,0.500,6,6,5048,2910,2138,12,7,21,31,38.7%,411.3,237.1,174.2,0.98,0.57,1.71,2.53,420.7,242.5,178.2,1.00,0.58,1.75,2.58,29,29,2.36,2.36,2.42,2.42
,,,Thunda Esq,Veteran,X-ray,The Wavelengths,Solar,70.8,69,4,0.293,0.500,2,2,1952,1240,712,4,3,12,9,44.4%,428.7,272.3,156.4,0.88,0.66,2.64,1.98,488.0,310.0,178.0,1.00,0.75,3.00,2.25,8,14,1.76,3.07,2.00,3.50
,,,Girth,Veteran,Titanium,Metal,Solar,70.7,942,63,0.656,0.698,44,19,23485,13620,9865,62,46,65,187,33.2%,377.8,219.1,158.7,1.00,0.74,1.05,3.01,372.8,216.2,156.6,0.98,0.73,1.03,2.97,189,126,3.04,2.03,3.00,2.00
,,,Galacticcccc,Veteran,"Supernova
Grizzly Bears","The Cosmos
The Bear Den",Lunar,70.6,540,35,0.552,0.571,20,15,12947,7390,5557,25,30,45,114,21.9%,363.3,207.4,155.9,0.70,0.84,1.26,3.20,369.9,211.1,158.8,0.71,0.86,1.29,3.26,87,76,2.44,2.13,2.49,2.17
,,,Jeremy,Veteran,Marshmallow Mob,Snack Syndicate,Lunar,70.4,687,49,0.654,0.612,30,19,16756,9570,7186,42,35,44,142,29.6%,369.6,211.1,158.5,0.93,0.77,0.97,3.13,342.0,195.3,146.7,0.86,0.71,0.90,2.90,136,91,3.00,2.01,2.78,1.86
,,,Cujo.,Veteran,Gouda Gangsters,Cheese Guild,Solar,69.9,130,10,0.379,0.200,2,8,3124,1720,1404,6,7,10,27,22.2%,364.2,200.5,163.7,0.70,0.82,1.17,3.15,312.4,172.0,140.4,0.60,0.70,1.00,2.70,24,32,2.80,3.73,2.40,3.20
,,,Gekkos0Lid,Veteran,Lightning,Electric Mayhem,Lunar,69.8,694,48,0.587,0.604,29,19,18090,10260,7830,39,33,71,116,33.6%,395.0,224.0,171.0,0.85,0.72,1.55,2.53,376.9,213.8,163.1,0.81,0.69,1.48,2.42,125,100,2.73,2.18,2.60,2.08
,,,Colossal Beast,Veteran,Posessed,Destined,Solar,69.7,731,49,0.531,0.592,29,20,18619,10380,8239,44,32,60,138,31.9%,386.0,215.2,170.8,0.91,0.66,1.24,2.86,380.0,211.8,168.1,0.90,0.65,1.22,2.82,120,111,2.49,2.30,2.45,2.27
,,,Uf2,Veteran,Humpbacks,Whale Defense,Solar,69.0,924,56,0.535,0.571,32,24,23739,14220,9519,59,44,90,162,36.4%,389.3,233.2,156.1,0.97,0.72,1.48,2.66,423.9,253.9,170.0,1.05,0.79,1.61,2.89,166,152,2.72,2.49,2.96,2.71
,,,Darii,Veteran,"Peppers
Gorillas
Typhoons","The Garden
The Jungle
Storm",Solar,68.2,614,44,0.516,0.545,24,20,15948,8550,7398,28,35,63,85,32.9%,393.6,211.0,182.6,0.69,0.86,1.55,2.10,362.5,194.3,168.1,0.64,0.80,1.43,1.93,103,99,2.54,2.44,2.34,2.25
,,,P1Zzly,Veteran,Banana Spiders,Eight Legged Freaks,Lunar,67.9,662,43,0.572,0.581,25,18,17211,9930,7281,42,28,64,113,37.2%,394.0,227.3,166.7,0.96,0.64,1.47,2.59,400.3,230.9,169.3,0.98,0.65,1.49,2.63,112,93,2.56,2.13,2.60,2.16
,,,Slmrnchr,Veteran,X-ray,The Wavelengths,Solar,67.8,684,46,0.553,0.565,26,20,17194,10540,6654,51,31,52,129,39.5%,380.9,233.5,147.4,1.13,0.69,1.15,2.86,373.8,229.1,144.7,1.11,0.67,1.13,2.80,120,105,2.66,2.33,2.61,2.28
,,,Siiderij23,Veteran,Supernova,The Cosmos,Lunar,67.5,763,50,0.544,0.460,23,27,18824,11030,7794,51,38,52,143,35.7%,373.9,219.1,154.8,1.01,0.75,1.03,2.84,376.5,220.6,155.9,1.02,0.76,1.04,2.86,134,120,2.66,2.38,2.68,2.40
,,,Bosnia_2003,Veteran,Water,The Elements,Solar,66.9,877,54,0.541,0.556,30,24,22744,13920,8824,69,33,76,157,43.9%,393.0,240.5,152.5,1.19,0.57,1.31,2.71,421.2,257.8,163.4,1.28,0.61,1.41,2.91,155,140,2.68,2.42,2.87,2.59
,,,Cazzuto,Veteran,"Rollin Cannolis
Werewolves","The Bakery
The Forest",Lunar,66.3,755,50,0.572,0.580,29,21,19275,11020,8255,50,25,66,147,34.0%,386.9,221.2,165.7,1.00,0.50,1.32,2.95,385.5,220.4,165.1,1.00,0.50,1.32,2.94,130,108,2.61,2.17,2.60,2.16
,,,Viper15,Veteran,"Valencias Wrath
Posessed","Seas Despair
Destined",Solar,65.6,686,47,0.643,0.681,32,15,17212,10100,7112,51,29,46,125,40.8%,380.2,223.1,157.1,1.13,0.64,1.02,2.76,366.2,214.9,151.3,1.09,0.62,0.98,2.66,136,94,3.00,2.08,2.89,2.00
,,,Moose,Veteran,Humpbacks,Whale Defense,Solar,64.5,621,39,0.523,0.513,20,19,15523,8840,6683,40,25,49,114,35.1%,378.8,215.7,163.1,0.98,0.61,1.20,2.78,398.0,226.7,171.4,1.03,0.64,1.26,2.92,109,103,2.66,2.51,2.79,2.64
,,,Lilia,Veteran,Werewolves,The Forest,Lunar,64.1,846,57,0.485,0.561,32,25,21548,11830,9718,47,36,79,138,34.1%,386.0,211.9,174.1,0.84,0.64,1.42,2.47,378.0,207.5,170.5,0.82,0.63,1.39,2.42,133,138,2.38,2.47,2.33,2.42
,,,Holey Shmoley,Veteran,Yellow Jackets,The Swarm,Solar,63.5,965,61,0.526,0.607,37,24,23522,13710,9812,59,43,77,181,32.6%,369.4,215.3,154.1,0.93,0.68,1.21,2.84,385.6,224.8,160.9,0.97,0.70,1.26,2.97,154,144,2.42,2.26,2.52,2.36
,,,Archhie.,Veteran,Titanium,Metal,Solar,63.2,833,56,0.663,0.714,40,16,20249,12280,7969,64,32,52,168,38.1%,368.4,223.4,145.0,1.16,0.58,0.95,3.06,361.6,219.3,142.3,1.14,0.57,0.93,3.00,167,109,3.04,1.98,2.98,1.95
,,,Sspekky,Veteran,Taurus,The Nexus,Solar,62.9,778,50,0.494,0.480,24,26,19171,10630,8541,41,32,70,143,28.7%,373.4,207.0,166.4,0.80,0.62,1.36,2.79,383.4,212.6,170.8,0.82,0.64,1.40,2.86,123,125,2.40,2.43,2.46,2.50
,,,Nickm,Veteran,Peppers,The Garden,Solar,62.3,897,56,0.593,0.661,37,19,21312,12560,8752,56,43,62,171,32.7%,360.0,212.2,147.9,0.95,0.73,1.05,2.89,380.6,224.3,156.3,1.00,0.77,1.11,3.05,166,131,2.80,2.21,2.96,2.34
,,,Goum,Veteran,Lightning,Electric Mayhem,Lunar,61.9,269,18,0.678,0.778,14,4,6431,3710,2721,15,19,18,36,41.7%,362.3,209.0,153.3,0.85,1.07,1.01,2.03,357.3,206.1,151.2,0.83,1.06,1.00,2.00,53,33,2.99,1.86,2.94,1.83
,,,Cubby,Veteran,Thermal,Energy,Solar,61.5,916,58,0.574,0.586,34,24,21714,12650,9064,51,54,67,150,34.0%,359.2,209.3,149.9,0.84,0.89,1.11,2.48,374.4,218.1,156.3,0.88,0.93,1.16,2.59,171,142,2.83,2.35,2.95,2.45
,,,Supercruz101,Veteran,Thermal,Energy,Solar,61.4,683,43,0.600,0.628,27,16,16600,9770,6830,43,35,52,112,38.4%,368.3,216.8,151.5,0.95,0.78,1.15,2.48,386.0,227.2,158.8,1.00,0.81,1.21,2.60,130,101,2.88,2.24,3.02,2.35
,,,Wicked,Veteran,Peppers,The Garden,Solar,60.7,640,40,0.578,0.600,24,16,15083,8520,6563,36,25,47,132,27.3%,357.1,201.7,155.4,0.85,0.59,1.11,3.13,377.1,213.0,164.1,0.90,0.63,1.18,3.30,109,89,2.58,2.11,2.73,2.23
,,,Mrfelon,Veteran,Valencias Wrath,Seas Despair,Lunar,60.1,851,54,0.526,0.537,29,25,20777,12110,8667,51,35,75,151,33.8%,370.0,215.6,154.3,0.91,0.62,1.34,2.69,384.8,224.3,160.5,0.94,0.65,1.39,2.80,144,135,2.56,2.40,2.67,2.50
,,,Crunch,Veteran,Marshmallow Mob,Snack Syndicate,Lunar,58.7,758,53,0.650,0.623,33,20,17846,10620,7226,54,33,43,142,38.0%,356.8,212.3,144.5,1.08,0.66,0.86,2.84,336.7,200.4,136.3,1.02,0.62,0.81,2.68,152,103,3.04,2.06,2.87,1.94
,,,El_Unico_Nacho,Veteran,Dobermans,Puppy Paradise,Lunar,58.7,56,4,0.445,0.250,1,3,1304,770,534,3,2,5,12,25.0%,352.9,208.4,144.5,0.81,0.54,1.35,3.25,326.0,192.5,133.5,0.75,0.50,1.25,3.00,6,7,1.62,1.89,1.50,1.75
,,,Bachleon,Veteran,Lightning,Electric Mayhem,Lunar,58.7,768,52,0.595,0.635,33,19,18663,11260,7403,50,24,71,151,33.1%,368.2,222.2,146.1,0.99,0.47,1.40,2.98,358.9,216.5,142.4,0.96,0.46,1.37,2.90,132,103,2.60,2.03,2.54,1.98
,,,Acp.,Veteran,Makos,Shark Attack,Lunar,58.2,866,56,0.545,0.518,29,27,21319,11830,9489,47,36,79,138,34.1%,373.1,207.0,166.0,0.82,0.63,1.38,2.41,380.7,211.3,169.4,0.84,0.64,1.41,2.46,150,134,2.62,2.34,2.68,2.39
,,,Fjord,Veteran,Peppermint,Minty Fresh,Solar,58.0,973,63,0.626,0.619,39,24,23895,14150,9745,62,35,90,170,36.5%,372.1,220.4,151.8,0.97,0.55,1.40,2.65,379.3,224.6,154.7,0.98,0.56,1.43,2.70,169,121,2.63,1.88,2.68,1.92
,,,Sturmo.,Veteran,Gladiators,The Sovereign,Lunar,57.9,873,60,0.619,0.617,37,23,20566,11770,8796,49,37,68,162,30.2%,357.0,204.3,152.7,0.85,0.64,1.18,2.81,342.8,196.2,146.6,0.82,0.62,1.13,2.70,152,111,2.64,1.93,2.53,1.85
,,,Leaf.,Veteran,Thermal,Energy,Solar,57.8,829,51,0.534,0.529,27,24,19553,11830,7723,57,31,59,163,35.0%,357.4,216.2,141.2,1.04,0.57,1.08,2.98,383.4,232.0,151.4,1.12,0.61,1.16,3.20,145,133,2.65,2.43,2.84,2.61
,,,Sagents,Veteran,Werewolves,The Forest,Lunar,57.6,564,38,0.530,0.632,24,14,12911,7560,5351,29,28,44,106,27.4%,346.9,203.1,143.8,0.78,0.75,1.18,2.85,339.8,198.9,140.8,0.76,0.74,1.16,2.79,95,88,2.55,2.36,2.50,2.32
,,,Cereal21,Veteran,Rollin Cannolis,The Bakery,Lunar,57.3,894,60,0.533,0.550,33,27,21701,11530,10171,44,38,76,143,30.8%,367.8,195.4,172.4,0.75,0.64,1.29,2.42,361.7,192.2,169.5,0.73,0.63,1.27,2.38,149,137,2.53,2.32,2.48,2.28
,,,Roman.,Veteran,"Gorillas
Valencias Wrath","The Jungle
Seas Despair",Lunar,57.1,814,54,0.582,0.574,31,23,19567,11040,8527,39,34,81,139,28.1%,364.3,205.5,158.7,0.73,0.63,1.51,2.59,362.4,204.4,157.9,0.72,0.63,1.50,2.57,135,109,2.51,2.03,2.50,2.02
,,,Tbonelul,Veteran,Supernova,The Cosmos,Lunar,57.0,807,54,0.614,0.574,31,23,18875,10930,7945,42,40,67,138,30.4%,354.4,205.2,149.2,0.79,0.75,1.26,2.59,349.5,202.4,147.1,0.78,0.74,1.24,2.56,155,116,2.91,2.18,2.87,2.15
,,,Limon,Veteran,Peppermint,Minty Fresh,Solar,56.8,908,59,0.608,0.610,36,23,21155,12440,8715,56,28,70,194,28.9%,353.1,207.6,145.4,0.93,0.47,1.17,3.24,358.6,210.8,147.7,0.95,0.47,1.19,3.29,153,115,2.55,1.92,2.59,1.95
,,,2K,Veteran,Banana Spiders,Eight Legged Freaks,Lunar,55.9,943,62,0.560,0.548,34,28,22904,13460,9444,54,39,92,151,35.8%,368.1,216.3,151.8,0.87,0.63,1.48,2.43,369.4,217.1,152.3,0.87,0.63,1.48,2.44,152,130,2.44,2.09,2.45,2.10
,,,Crypt_Rl,Veteran,Peppermint,Minty Fresh,Solar,55.9,873,57,0.662,0.649,37,20,20174,11860,8314,43,46,76,146,29.5%,350.2,205.9,144.3,0.75,0.80,1.32,2.53,353.9,208.1,145.9,0.75,0.81,1.33,2.56,158,102,2.74,1.77,2.77,1.79
,,,Kxle,Veteran,Cobras,The Serpents,Solar,55.8,871,57,0.470,0.456,26,31,20684,11920,8764,48,42,73,137,35.0%,359.9,207.4,152.5,0.84,0.73,1.27,2.38,362.9,209.1,153.8,0.84,0.74,1.28,2.40,138,149,2.40,2.59,2.42,2.61
,,,Tmonz14,Veteran,Water,The Elements,Solar,55.4,265,18,0.549,0.556,10,8,5867,3640,2227,16,17,15,44,36.4%,335.5,208.1,127.3,0.91,0.97,0.86,2.52,325.9,202.2,123.7,0.89,0.94,0.83,2.44,53,47,3.03,2.69,2.94,2.61
,,,Iamnavy101,Veteran,"Seadevils
Rollin Cannolis","The Abyss
The Bakery",Lunar,55.0,492,33,0.342,0.333,11,22,11890,6590,5300,20,22,55,74,27.0%,366.2,203.0,163.2,0.62,0.68,1.69,2.28,360.3,199.7,160.6,0.61,0.67,1.67,2.24,65,98,2.00,3.02,1.97,2.97
,,,A Calm Panda,Veteran,"Banshees
Typhoons","The Monster Mash
Storm",Lunar,54.7,569,39,0.378,0.410,16,23,13691,7750,5941,32,19,52,100,32.0%,364.6,206.4,158.2,0.85,0.51,1.38,2.66,351.1,198.7,152.3,0.82,0.49,1.33,2.56,78,107,2.08,2.85,2.00,2.74
,,,Bdbr,Veteran,"Gorillas
Gouda Gangsters","The Jungle
Cheese Guild",Solar,54.4,793,54,0.385,0.370,20,34,19237,10420,8817,48,26,60,132,36.4%,367.6,199.1,168.5,0.92,0.50,1.15,2.52,356.2,193.0,163.3,0.89,0.48,1.11,2.44,119,159,2.27,3.04,2.20,2.94
,,,Virrexo,Veteran,Banshees,The Monster Mash,Lunar,54.4,636,43,0.400,0.419,18,25,14964,8040,6924,31,21,54,119,26.1%,356.5,191.6,165.0,0.74,0.50,1.29,2.84,348.0,187.0,161.0,0.72,0.49,1.26,2.77,83,108,1.98,2.57,1.93,2.51
,,,Wolfocus,Veteran,X-ray,The Wavelengths,Solar,54.3,298,21,0.609,0.667,14,7,6932,4050,2882,17,16,22,45,37.8%,352.5,205.9,146.6,0.86,0.81,1.12,2.29,330.1,192.9,137.2,0.81,0.76,1.05,2.14,58,44,2.95,2.24,2.76,2.10
,,,Humble Potato,Veteran,Posessed,Destined,Solar,53.8,673,47,0.578,0.638,30,17,15478,8520,6958,36,32,44,112,32.1%,348.5,191.8,156.7,0.81,0.72,0.99,2.52,329.3,181.3,148.0,0.77,0.68,0.94,2.38,122,100,2.75,2.25,2.60,2.13
,,,N0Maa,Veteran,Fighters,Dungeons And Double Taps,Solar,53.4,146,12,0.278,0.167,2,10,3446,1630,1816,5,6,12,23,21.7%,357.7,169.2,188.5,0.52,0.62,1.25,2.39,287.2,135.8,151.3,0.42,0.50,1.00,1.92,17,31,1.76,3.22,1.42,2.58
,,,Tinyelephant,Veteran,Linguini Lancers,Italian Battalion,Lunar,53.3,713,47,0.459,0.489,23,24,17052,9880,7172,34,27,79,118,28.8%,362.4,210.0,152.4,0.72,0.57,1.68,2.51,362.8,210.2,152.6,0.72,0.57,1.68,2.51,108,120,2.30,2.55,2.30,2.55
,,,Captainplasmo,Veteran,Banana Spiders,Eight Legged Freaks,Lunar,53.1,595,39,0.559,0.538,21,18,13600,7620,5980,32,25,42,107,29.9%,346.4,194.1,152.3,0.81,0.64,1.07,2.73,348.7,195.4,153.3,0.82,0.64,1.08,2.74,90,77,2.29,1.96,2.31,1.97
,,,Kidfluffy,Veteran,Posessed,Destined,Solar,51.7,738,49,0.459,0.510,25,24,17576,9830,7746,38,27,70,118,32.2%,360.9,201.8,159.1,0.78,0.55,1.44,2.42,358.7,200.6,158.1,0.78,0.55,1.43,2.41,109,121,2.24,2.48,2.22,2.47
,,,Form_Rl,Veteran,"Water
Fighters","The Elements
Dungeons And Double Taps",Solar,51.5,668,41,0.470,0.415,17,24,15641,9040,6601,31,25,71,114,27.2%,354.8,205.1,149.7,0.70,0.57,1.61,2.59,381.5,220.5,161.0,0.76,0.61,1.73,2.78,99,107,2.25,2.43,2.41,2.61
,,,Hoes,Veteran,Rollin Cannolis,The Bakery,Lunar,51.3,908,61,0.532,0.557,34,27,20689,11820,8869,53,36,62,162,32.7%,345.3,197.3,148.0,0.88,0.60,1.03,2.70,339.2,193.8,145.4,0.87,0.59,1.02,2.66,153,141,2.55,2.35,2.51,2.31
,,,Melon,Veteran,Lightning,Electric Mayhem,Lunar,50.8,792,53,0.571,0.585,31,22,18905,10790,8115,46,28,71,124,37.1%,361.7,206.4,155.3,0.88,0.54,1.36,2.37,356.7,203.6,153.1,0.87,0.53,1.34,2.34,138,115,2.64,2.20,2.60,2.17
,,,Kayo,Veteran,Gorillas,The Jungle,Solar,50.8,206,14,0.372,0.286,4,10,4632,2650,1982,12,5,15,45,26.7%,340.7,194.9,145.8,0.88,0.37,1.10,3.31,330.9,189.3,141.6,0.86,0.36,1.07,3.21,28,39,2.06,2.87,2.00,2.79
,,,Tomkay,Veteran,X-ray,The Wavelengths,Solar,50.5,58,4,0.361,0.250,1,3,1507,890,617,2,3,10,4,50.0%,393.7,232.5,161.2,0.52,0.78,2.61,1.05,376.8,222.5,154.3,0.50,0.75,2.50,1.00,10,14,2.61,3.66,2.50,3.50
,,,Perkls,Veteran,Linguini Lancers,Italian Battalion,Lunar,50.5,814,52,0.461,0.519,27,25,18770,10760,8010,49,30,59,141,34.8%,349.4,200.3,149.1,0.91,0.56,1.10,2.62,361.0,206.9,154.0,0.94,0.58,1.13,2.71,125,138,2.33,2.57,2.40,2.65
,,,Cundy,Veteran,Quetzalcoatl,Pantheon,Lunar,50.3,956,62,0.645,0.645,40,22,21490,11950,9540,42,51,75,145,29.0%,340.6,189.4,151.2,0.67,0.81,1.19,2.30,346.6,192.7,153.9,0.68,0.82,1.21,2.34,188,129,2.98,2.04,3.03,2.08
,,,Arrowsmith2,Veteran,Typhoons,Storm,Solar,49.9,792,53,0.547,0.585,31,22,18240,10480,7760,36,38,76,118,30.5%,349.0,200.5,148.5,0.69,0.73,1.45,2.26,344.2,197.7,146.4,0.68,0.72,1.43,2.23,133,118,2.54,2.26,2.51,2.23
,,,Skrikeshut,Veteran,Water,The Elements,Solar,49.4,93,6,0.864,1.000,6,0,2094,1390,704,7,5,6,14,50.0%,341.2,226.5,114.7,1.14,0.81,0.98,2.28,349.0,231.7,117.3,1.17,0.83,1.00,2.33,25,8,4.07,1.30,4.17,1.33
,,,.Skoot^,Veteran,Calzones,Fifty-Fifty Pizzeria,Solar,49.2,797,52,0.373,0.346,18,34,18076,10500,7576,41,24,73,155,26.5%,343.7,199.6,144.0,0.78,0.46,1.39,2.95,347.6,201.9,145.7,0.79,0.46,1.40,2.98,107,149,2.03,2.83,2.06,2.87
,,,Gtg Sugar,Veteran,Gladiators,The Sovereign,Lunar,48.9,739,50,0.575,0.580,29,21,16333,9010,7323,38,27,49,141,27.0%,334.9,184.8,150.2,0.78,0.55,1.00,2.89,326.7,180.2,146.5,0.76,0.54,0.98,2.82,117,96,2.40,1.97,2.34,1.92
,,,Dareaves12,Veteran,Dobermans,Puppy Paradise,Lunar,48.6,443,31,0.444,0.387,12,19,10509,5880,4629,28,10,36,78,35.9%,359.5,201.1,158.3,0.96,0.34,1.23,2.67,339.0,189.7,149.3,0.90,0.32,1.16,2.52,64,74,2.19,2.53,2.06,2.39
,,,Splish.,Veteran,Yellow Jackets,The Swarm,Solar,48.6,760,48,0.493,0.563,27,21,17557,10330,7227,40,27,74,128,31.3%,350.1,206.0,144.1,0.80,0.54,1.48,2.55,365.8,215.2,150.6,0.83,0.56,1.54,2.67,115,117,2.29,2.33,2.40,2.44
,,,Tdeez,Veteran,Supernova,The Cosmos,Lunar,47.7,759,50,0.576,0.500,25,25,17505,10430,7075,50,23,59,133,37.6%,349.5,208.2,141.3,1.00,0.46,1.18,2.66,350.1,208.6,141.5,1.00,0.46,1.18,2.66,137,113,2.74,2.26,2.74,2.26
,,,Gcol,Veteran,Hades,The Gods,Lunar,47.6,734,49,0.422,0.449,22,27,17065,9610,7455,35,26,73,116,30.2%,352.3,198.4,153.9,0.72,0.54,1.51,2.39,348.3,196.1,152.1,0.71,0.53,1.49,2.37,96,118,1.98,2.44,1.96,2.41
,,,Chefty,Veteran,Werewolves,The Forest,Lunar,46.9,475,33,0.426,0.424,14,19,10703,6150,4553,25,18,39,80,31.3%,341.5,196.2,145.3,0.80,0.57,1.24,2.55,324.3,186.4,138.0,0.76,0.55,1.18,2.42,66,80,2.11,2.55,2.00,2.42
,,,Gidderrrs,Veteran,Banana Spiders,Eight Legged Freaks,Lunar,45.5,119,8,0.597,0.625,5,3,2744,1560,1184,8,5,7,16,50.0%,349.4,198.7,150.8,1.02,0.64,0.89,2.04,343.0,195.0,148.0,1.00,0.63,0.88,2.00,23,18,2.93,2.29,2.88,2.25
,,,Link,Veteran,Taurus,The Nexus,Solar,45.4,696,45,0.496,0.444,20,25,15355,9260,6095,41,29,51,116,35.3%,334.3,201.6,132.7,0.89,0.63,1.11,2.53,341.2,205.8,135.4,0.91,0.64,1.13,2.58,111,112,2.42,2.44,2.47,2.49
,,,Spoilt,Veteran,"Gouda Gangsters
X-ray","Cheese Guild
The Wavelengths",Solar,45.4,612,43,0.353,0.349,15,28,13791,7740,6051,31,27,48,89,34.8%,341.5,191.6,149.8,0.77,0.67,1.19,2.20,320.7,180.0,140.7,0.72,0.63,1.12,2.07,85,124,2.10,3.07,1.98,2.88
,,,Mr.Numb3Rz,Veteran,"Lightning
Rollin Cannolis","Electric Mayhem
The Bakery",Lunar,44.6,472,32,0.511,0.563,18,14,10463,5970,4493,21,21,42,72,29.2%,335.9,191.7,144.2,0.67,0.67,1.35,2.31,327.0,186.6,140.4,0.66,0.66,1.31,2.25,74,72,2.38,2.31,2.31,2.25
,,,Jackk,Veteran,Yellow Jackets,The Swarm,Solar,44.6,860,53,0.565,0.660,35,18,18907,10910,7997,41,38,71,136,30.1%,333.2,192.2,140.9,0.72,0.67,1.25,2.40,356.7,205.8,150.9,0.77,0.72,1.34,2.57,143,121,2.52,2.13,2.70,2.28
,,,Cameron,Veteran,Thermal,Energy,Solar,44.4,543,36,0.492,0.444,16,20,12323,6950,5373,29,19,45,85,34.1%,343.9,194.0,149.9,0.81,0.53,1.26,2.37,342.3,193.1,149.3,0.81,0.53,1.25,2.36,94,96,2.62,2.68,2.61,2.67
,,,Wallaby Gangsta,Veteran,Grizzly Bears,The Bear Den,Lunar,44.1,912,59,0.555,0.559,33,26,19928,11830,8098,53,39,62,148,35.8%,331.1,196.6,134.6,0.88,0.65,1.03,2.46,337.8,200.5,137.3,0.90,0.66,1.05,2.51,150,130,2.49,2.16,2.54,2.20
,,,Joez,Veteran,Humpbacks,Whale Defense,Solar,43.7,1012,63,0.543,0.571,36,27,21255,12930,8325,59,47,58,178,33.1%,318.3,193.6,124.7,0.88,0.70,0.87,2.67,337.4,205.2,132.1,0.94,0.75,0.92,2.83,188,169,2.82,2.53,2.98,2.68
,,,Phil,Veteran,"Calzones
Fighters","Fifty-Fifty Pizzeria
Dungeons And Double Taps",Solar,42.6,435,31,0.408,0.355,11,20,9270,5340,3930,20,14,36,84,23.8%,322.9,186.0,136.9,0.70,0.49,1.25,2.93,299.0,172.3,126.8,0.65,0.45,1.16,2.71,59,75,2.06,2.61,1.90,2.42
,,,Rebel,Veteran,Dobermans,Puppy Paradise,Lunar,42.4,671,45,0.407,0.333,15,30,15050,7730,7320,26,25,58,98,26.5%,339.9,174.6,165.3,0.59,0.56,1.31,2.21,334.4,171.8,162.7,0.58,0.56,1.29,2.18,87,111,1.96,2.51,1.93,2.47
,,,Capricious,Veteran,Dobermans,Puppy Paradise,Lunar,42.2,386,27,0.255,0.222,6,21,9034,4500,4534,12,8,46,60,20.0%,354.7,176.7,178.0,0.47,0.31,1.81,2.36,334.6,166.7,167.9,0.44,0.30,1.70,2.22,33,68,1.30,2.67,1.22,2.52
,,,Dovahkiin,Veteran,"Gouda Gangsters
Gorillas","Cheese Guild
The Jungle",Solar,42.1,719,48,0.299,0.271,13,35,16874,9180,7694,31,19,82,103,30.1%,355.6,193.5,162.2,0.65,0.40,1.73,2.17,351.5,191.3,160.3,0.65,0.40,1.71,2.15,83,143,1.75,3.01,1.73,2.98
,,,Atlasxv,Veteran,Taurus,The Nexus,Solar,41.8,868,55,0.503,0.473,26,29,19323,11040,8283,51,26,64,144,35.4%,337.3,192.7,144.6,0.89,0.45,1.12,2.51,351.3,200.7,150.6,0.93,0.47,1.16,2.62,143,142,2.50,2.48,2.60,2.58
,,,Lmao Beer Me,Veteran,Hades,The Gods,Lunar,41.2,968,62,0.421,0.419,26,36,20999,11520,9479,48,29,71,172,27.9%,328.7,180.3,148.4,0.75,0.45,1.11,2.69,338.7,185.8,152.9,0.77,0.47,1.15,2.77,132,162,2.07,2.54,2.13,2.61
,,,Draxz2Time,Veteran,Titanium,Metal,Solar,41.0,537,36,0.554,0.583,21,15,11666,6420,5246,25,24,39,77,32.5%,329.2,181.2,148.0,0.71,0.68,1.10,2.17,324.1,178.3,145.7,0.69,0.67,1.08,2.14,93,81,2.62,2.29,2.58,2.25
,,,Sirtommynoble,Veteran,Peppers,The Garden,Solar,40.6,633,41,0.580,0.659,27,14,13567,7860,5707,34,28,42,96,35.4%,324.8,188.2,136.6,0.81,0.67,1.01,2.30,330.9,191.7,139.2,0.83,0.68,1.02,2.34,114,93,2.73,2.23,2.78,2.27
,,,Machu,Veteran,"Valencias Wrath
Gorillas","Seas Despair
The Jungle",Solar,40.3,731,47,0.329,0.255,12,35,15734,8690,7044,34,27,55,119,28.6%,326.2,180.1,146.0,0.70,0.56,1.14,2.47,334.8,184.9,149.9,0.72,0.57,1.17,2.53,99,154,2.05,3.19,2.11,3.28
,,,Chronic Lies,Veteran,Gladiators,The Sovereign,Lunar,39.9,403,28,0.559,0.536,15,13,8835,5030,3805,19,14,36,63,30.2%,332.2,189.1,143.1,0.71,0.53,1.35,2.37,315.5,179.6,135.9,0.68,0.50,1.29,2.25,62,53,2.33,1.99,2.21,1.89
,,,Bovi,Veteran,Valencias Wrath,Seas Despair,Lunar,39.7,874,56,0.556,0.571,32,24,18704,10620,8084,47,28,60,152,30.9%,324.3,184.1,140.2,0.81,0.49,1.04,2.64,334.0,189.6,144.4,0.84,0.50,1.07,2.71,150,130,2.60,2.25,2.68,2.32
,,,Ghostie,Veteran,Seadevils,The Abyss,Lunar,39.5,843,54,0.332,0.296,16,38,18392,10220,8172,38,27,74,137,27.7%,330.6,183.7,146.9,0.68,0.49,1.33,2.46,340.6,189.3,151.3,0.70,0.50,1.37,2.54,111,172,2.00,3.09,2.06,3.19
,,,Jestergg,Veteran,Linguini Lancers,Italian Battalion,Lunar,38.5,71,4,0.342,0.500,2,2,1533,850,683,3,3,6,10,30.0%,327.2,181.4,145.8,0.64,0.64,1.28,2.13,383.3,212.5,170.8,0.75,0.75,1.50,2.50,10,15,2.13,3.20,2.50,3.75
,,,Nathanry,Veteran,Supernova,The Cosmos,Lunar,38.0,151,10,0.252,0.200,2,8,3041,1660,1381,5,9,10,21,23.8%,305.2,166.6,138.6,0.50,0.90,1.00,2.11,304.1,166.0,138.1,0.50,0.90,1.00,2.10,16,32,1.61,3.21,1.60,3.20
,,,Slam!,Veteran,Hades,The Gods,Lunar,37.5,221,13,0.301,0.154,2,11,4765,2710,2055,11,9,17,31,35.5%,326.7,185.8,140.9,0.75,0.62,1.17,2.13,366.5,208.5,158.1,0.85,0.69,1.31,2.38,25,43,1.71,2.95,1.92,3.31
,,,Duke Of Chutney,Veteran,Grizzly Bears,The Bear Den,Lunar,37.0,592,38,0.539,0.526,20,18,12286,6580,5706,24,22,42,98,24.5%,314.5,168.4,146.1,0.61,0.56,1.08,2.51,323.3,173.2,150.2,0.63,0.58,1.11,2.58,94,85,2.41,2.18,2.47,2.24
,,,Mccool,Veteran,Humpbacks,Whale Defense,Solar,36.9,469,30,0.570,0.633,19,11,10158,6230,3928,31,15,33,73,42.5%,328.2,201.3,126.9,1.00,0.48,1.07,2.36,338.6,207.7,130.9,1.03,0.50,1.10,2.43,96,81,3.10,2.62,3.20,2.70
,,,Keiko,Veteran,"Banshees
Seadevils","The Monster Mash
The Abyss",Lunar,36.6,548,35,0.349,0.343,12,23,12013,6790,5223,31,13,43,89,34.8%,332.2,187.8,144.4,0.86,0.36,1.19,2.46,343.2,194.0,149.2,0.89,0.37,1.23,2.54,70,104,1.94,2.88,2.00,2.97
,,,Venom,Veteran,Typhoons,Storm,Solar,36.5,412,25,0.582,0.640,16,9,8825,4910,3915,16,13,40,66,24.2%,324.6,180.6,144.0,0.59,0.48,1.47,2.43,353.0,196.4,156.6,0.64,0.52,1.60,2.64,67,54,2.46,1.99,2.68,2.16
,,,Sly,Veteran,Makos,Shark Attack,Lunar,36.4,957,63,0.497,0.476,30,33,20550,11970,8580,52,32,74,147,35.4%,325.4,189.5,135.9,0.82,0.51,1.17,2.33,326.2,190.0,136.2,0.83,0.51,1.17,2.33,155,156,2.45,2.47,2.46,2.48
,,,Hawkish,Veteran,Werewolves,The Forest,Lunar,35.7,697,49,0.485,0.551,27,22,15203,8060,7143,32,21,56,101,31.7%,330.5,175.2,155.3,0.70,0.46,1.22,2.20,310.3,164.5,145.8,0.65,0.43,1.14,2.06,103,107,2.24,2.33,2.10,2.18
,,,Mayhem,Veteran,Water,The Elements,Solar,35.5,444,28,0.457,0.429,12,16,9046,4930,4116,16,22,32,63,25.4%,308.7,168.3,140.5,0.55,0.75,1.09,2.15,323.1,176.1,147.0,0.57,0.79,1.14,2.25,71,79,2.42,2.70,2.54,2.82
,,,Monty,Veteran,Valencias Wrath,Seas Despair,Lunar,34.5,158,9,0.244,0.222,2,7,3482,1960,1522,7,5,16,21,33.3%,334.0,188.0,146.0,0.67,0.48,1.53,2.01,386.9,217.8,169.1,0.78,0.56,1.78,2.33,19,38,1.82,3.64,2.11,4.22
,,,Steeltoehammer,Veteran,"Gouda Gangsters
Water","Cheese Guild
The Elements",Solar,33.7,238,16,0.563,0.688,11,5,4807,2530,2277,12,9,10,38,31.6%,306.1,161.1,145.0,0.76,0.57,0.64,2.42,300.4,158.1,142.3,0.75,0.56,0.63,2.38,40,34,2.55,2.16,2.50,2.13
,,,A Legit Bunee,Veteran,Cobras,The Serpents,Solar,33.4,465,29,0.387,0.345,10,19,9599,5300,4299,19,22,34,60,31.7%,312.8,172.7,140.1,0.62,0.72,1.11,1.96,331.0,182.8,148.2,0.66,0.76,1.17,2.07,70,93,2.28,3.03,2.41,3.21
,,,Tigertopaz,Veteran,Marshmallow Mob,Snack Syndicate,Lunar,33.3,239,16,0.585,0.563,9,7,4951,2850,2101,12,7,18,40,30.0%,313.9,180.7,133.2,0.76,0.44,1.14,2.54,309.4,178.1,131.3,0.75,0.44,1.13,2.50,40,32,2.54,2.03,2.50,2.00
,,,Rozi-,Veteran,Taurus,The Nexus,Solar,32.9,652,42,0.440,0.405,17,25,13484,7610,5874,25,25,58,96,26.0%,313.4,176.9,136.5,0.58,0.58,1.35,2.23,321.0,181.2,139.9,0.60,0.60,1.38,2.29,97,113,2.25,2.63,2.31,2.69
,,,Google Girth,Veteran,"Gouda Gangsters
Calzones
Banshees","Cheese Guild
Fifty-Fifty Pizzeria
The Monster Mash",Solar,32.7,503,35,0.362,0.400,14,21,10682,5770,4912,21,16,43,72,29.2%,321.8,173.8,148.0,0.63,0.48,1.30,2.17,305.2,164.9,140.3,0.60,0.46,1.23,2.06,64,92,1.93,2.77,1.83,2.63
,,,Tterb86,Veteran,Calzones,Fifty-Fifty Pizzeria,Solar,32.6,817,54,0.384,0.370,20,34,16635,9010,7625,37,30,51,126,29.4%,308.5,167.1,141.4,0.69,0.56,0.95,2.34,308.1,166.9,141.2,0.69,0.56,0.94,2.33,116,156,2.15,2.89,2.15,2.89
,,,Tuxedo Marx,Veteran,Gouda Gangsters,Cheese Guild,Solar,31.0,512,35,0.306,0.257,9,26,10700,5550,5150,17,20,44,65,26.2%,316.7,164.3,152.4,0.50,0.59,1.30,1.92,305.7,158.6,147.1,0.49,0.57,1.26,1.86,66,110,1.95,3.26,1.89,3.14
,,,Aos Arctic,Veteran,Posessed,Destined,Solar,30.6,45,3,0.559,0.667,2,1,943,550,393,3,2,2,5,60.0%,317.6,185.2,132.3,1.01,0.67,0.67,1.68,314.3,183.3,131.0,1.00,0.67,0.67,1.67,7,6,2.36,2.02,2.33,2.00
,,,Spiicy,Veteran,Humpbacks,Whale Defense,Solar,30.1,67,4,0.708,1.000,4,0,1201,680,521,2,3,4,13,15.4%,271.6,153.8,117.8,0.45,0.68,0.90,2.94,300.3,170.0,130.3,0.50,0.75,1.00,3.25,14,8,3.17,1.81,3.50,2.00
,,,Legacy,Veteran,Linguini Lancers,Italian Battalion,Lunar,30.0,297,20,0.434,0.450,9,11,6183,3300,2883,14,10,20,40,35.0%,315.5,168.4,147.1,0.71,0.51,1.02,2.04,309.2,165.0,144.2,0.70,0.50,1.00,2.00,43,51,2.19,2.60,2.15,2.55
,,,Qeetz,Veteran,Calzones,Fifty-Fifty Pizzeria,Solar,29.9,45,3,0.191,0.000,0,3,1034,620,414,3,0,5,7,42.9%,348.2,208.8,139.4,1.01,0.00,1.68,2.36,344.7,206.7,138.0,1.00,0.00,1.67,2.33,5,12,1.68,4.04,1.67,4.00
,,,St4Bb3Dxx,Veteran,Supernova,The Cosmos,Lunar,29.6,14,1,0.341,0.000,0,1,331,220,111,1,0,2,2,50.0%,358.3,238.1,120.1,1.08,0.00,2.16,2.16,331.0,220.0,111.0,1.00,0.00,2.00,2.00,2,3,2.16,3.25,2.00,3.00
,,,Rob Bee,Veteran,Linguini Lancers,Italian Battalion,Lunar,29.6,604,41,0.398,0.439,18,23,12468,6750,5718,24,20,50,85,28.2%,312.8,169.4,143.5,0.60,0.50,1.25,2.13,304.1,164.6,139.5,0.59,0.49,1.22,2.07,88,114,2.21,2.86,2.15,2.78
,,,Dimezach,Veteran,"Supernova
Linguini Lancers","The Cosmos
Italian Battalion",Lunar,28.7,106,8,0.662,0.500,4,4,2212,1310,902,4,5,11,11,36.4%,316.2,187.3,128.9,0.57,0.71,1.57,1.57,276.5,163.8,112.8,0.50,0.63,1.38,1.38,20,13,2.86,1.86,2.50,1.63
,,,Elite Ope,Veteran,"Water
Fighters","The Elements
Dungeons And Double Taps",Solar,28.6,396,24,0.375,0.333,8,16,7718,4270,3448,14,13,31,67,20.9%,295.3,163.4,131.9,0.54,0.50,1.19,2.56,321.6,177.9,143.7,0.58,0.54,1.29,2.79,52,72,1.99,2.76,2.17,3.00
,,,Croptopolis,Veteran,Linguini Lancers,Italian Battalion,Lunar,28.2,68,4,0.304,0.250,1,3,1386,890,496,3,5,6,4,75.0%,308.9,198.3,110.5,0.67,1.11,1.34,0.89,346.5,222.5,124.0,0.75,1.25,1.50,1.00,9,15,2.01,3.34,2.25,3.75
,,,Savant,Veteran,"Grizzly Bears
Banshees","The Bear Den
The Monster Mash",Lunar,27.2,390,26,0.401,0.423,11,15,8197,4310,3887,17,6,34,61,27.9%,318.5,167.5,151.0,0.66,0.23,1.32,2.37,315.3,165.8,149.5,0.65,0.23,1.31,2.35,50,65,1.94,2.53,1.92,2.50
,,,Jordton,Veteran,"Typhoons
Calzones","Storm
Fifty-Fifty Pizzeria",Solar,26.9,635,41,0.387,0.341,14,27,13308,7090,6218,25,17,58,84,29.8%,317.6,169.2,148.4,0.60,0.41,1.38,2.00,324.6,172.9,151.7,0.61,0.41,1.41,2.05,89,119,2.12,2.84,2.17,2.90
,,,Dvorl.Ttv,Veteran,Fighters,Dungeons And Double Taps,Solar,26.5,214,17,0.256,0.176,3,14,4731,2280,2451,2,5,32,23,8.7%,335.0,161.5,173.6,0.14,0.35,2.27,1.63,278.3,134.1,144.2,0.12,0.29,1.88,1.35,18,37,1.27,2.62,1.06,2.18
,,,Goose,Veteran,"Calzones
Typhoons","Fifty-Fifty Pizzeria
Storm",Solar,26.1,549,36,0.355,0.361,13,23,11440,6900,4540,32,12,46,80,40.0%,315.8,190.5,125.3,0.88,0.33,1.27,2.21,317.8,191.7,126.1,0.89,0.33,1.28,2.22,75,109,2.07,3.01,2.08,3.03
,,,Dfat22,Veteran,"Dobermans
Cobras","Puppy Paradise
The Serpents",Lunar,25.3,577,39,0.433,0.385,15,24,11247,6020,5227,20,19,44,87,23.0%,295.4,158.1,137.3,0.53,0.50,1.16,2.28,288.4,154.4,134.0,0.51,0.49,1.13,2.23,79,94,2.07,2.47,2.03,2.41
,,,Md,Veteran,Seadevils,The Abyss,Lunar,25.3,368,25,0.269,0.320,8,17,7606,4060,3546,14,11,33,46,30.4%,313.2,167.2,146.0,0.58,0.45,1.36,1.89,304.2,162.4,141.8,0.56,0.44,1.32,1.84,42,79,1.73,3.25,1.68,3.16
,,,Wittinghalo64,Veteran,"Fighters
Calzones","Dungeons And Double Taps
Fifty-Fifty Pizzeria",Solar,25.0,734,52,0.239,0.096,5,47,14809,7810,6999,28,17,61,111,25.2%,305.7,161.2,144.5,0.58,0.35,1.26,2.29,284.8,150.2,134.6,0.54,0.33,1.17,2.13,71,150,1.47,3.10,1.37,2.88
,,,Dooqal,Veteran,"Fighters
Rollin Cannolis","Dungeons And Double Taps
The Bakery",Solar,24.8,518,34,0.248,0.059,2,32,10524,5160,5364,17,7,45,86,19.8%,307.9,151.0,156.9,0.50,0.20,1.32,2.52,309.5,151.8,157.8,0.50,0.21,1.32,2.53,50,103,1.46,3.01,1.47,3.03
,,,Level 76 Metapod,Veteran,X-ray,The Wavelengths,Solar,24.7,734,49,0.451,0.449,22,27,14852,8340,6512,36,24,52,94,38.3%,306.6,172.2,134.4,0.74,0.50,1.07,1.94,303.1,170.2,132.9,0.73,0.49,1.06,1.92,115,130,2.37,2.68,2.35,2.65
,,,No U,Veteran,Gouda Gangsters,Cheese Guild,Solar,24.7,73,6,0.313,0.333,2,4,1581,770,811,3,2,6,7,42.9%,328.2,159.8,168.4,0.62,0.42,1.25,1.45,263.5,128.3,135.2,0.50,0.33,1.00,1.17,12,19,2.49,3.94,2.00,3.17
,,,Shai,Veteran,Banana Spiders,Eight Legged Freaks,Lunar,24.6,68,4,0.640,0.500,2,2,1521,980,541,4,1,9,8,50.0%,339.0,218.4,120.6,0.89,0.22,2.01,1.78,380.3,245.0,135.3,1.00,0.25,2.25,2.00,9,6,2.01,1.34,2.25,1.50
,,,Go Fig,Veteran,Hades,The Gods,Lunar,24.2,896,58,0.412,0.397,23,35,17669,9460,8209,29,29,77,126,23.0%,298.8,160.0,138.8,0.49,0.49,1.30,2.13,304.6,163.1,141.5,0.50,0.50,1.33,2.17,119,150,2.01,2.54,2.05,2.59
,,,Chulainn,Veteran,Water,The Elements,Solar,23.8,69,4,0.720,1.000,4,0,1155,530,625,2,3,1,13,15.4%,253.7,116.4,137.3,0.44,0.66,0.22,2.86,288.8,132.5,156.3,0.50,0.75,0.25,3.25,13,7,2.86,1.54,3.25,1.75
,,,Joeexotic,Veteran,Banshees,The Monster Mash,Lunar,23.5,696,46,0.328,0.348,16,30,13793,7330,6463,21,25,62,88,23.9%,300.3,159.6,140.7,0.46,0.54,1.35,1.92,299.8,159.3,140.5,0.46,0.54,1.35,1.91,84,133,1.83,2.90,1.83,2.89
,,,Nano,Veteran,Peppermint,Minty Fresh,Solar,21.0,151,9,0.580,0.556,5,4,2779,1640,1139,8,5,7,24,33.3%,278.9,164.6,114.3,0.80,0.50,0.70,2.41,308.8,182.2,126.6,0.89,0.56,0.78,2.67,27,22,2.71,2.21,3.00,2.44
,,,Beni Lava,Veteran,Linguini Lancers,Italian Battalion,Lunar,20.2,48,4,0.103,0.000,0,4,1043,440,603,1,1,5,4,25.0%,329.3,138.9,190.4,0.32,0.32,1.58,1.26,260.8,110.0,150.8,0.25,0.25,1.25,1.00,3,12,0.95,3.79,0.75,3.00
,,,Tmr99,Veteran,Banana Spiders,Eight Legged Freaks,Lunar,18.9,478,32,0.527,0.531,17,15,10102,5180,4922,13,10,58,48,27.1%,320.3,164.2,156.0,0.41,0.32,1.84,1.52,315.7,161.9,153.8,0.41,0.31,1.81,1.50,74,69,2.35,2.19,2.31,2.16
,,,Nully,Veteran,Gorillas,The Jungle,Solar,18.8,750,48,0.336,0.313,15,33,14258,7440,6818,21,31,59,84,25.0%,288.1,150.3,137.8,0.42,0.63,1.19,1.70,297.0,155.0,142.0,0.44,0.65,1.23,1.75,97,149,1.96,3.01,2.02,3.10
,,,Gillz,Veteran,Yellow Jackets,The Swarm,Solar,18.0,433,27,0.382,0.444,12,15,7739,4570,3169,17,11,31,77,22.1%,270.8,159.9,110.9,0.59,0.38,1.08,2.69,286.6,169.3,117.4,0.63,0.41,1.15,2.85,59,80,2.06,2.80,2.19,2.96
,,,Pythagorjags,Veteran,Banana Spiders,Eight Legged Freaks,Lunar,17.2,60,4,0.344,0.250,1,3,1356,760,596,3,0,8,6,50.0%,342.5,191.9,150.5,0.76,0.00,2.02,1.52,339.0,190.0,149.0,0.75,0.00,2.00,1.50,8,12,2.02,3.03,2.00,3.00
,,,Sush,Veteran,Calzones,Fifty-Fifty Pizzeria,Solar,16.3,14,1,0.115,0.000,0,1,245,110,135,0,1,1,1,0.0%,265.2,119.1,146.1,0.00,1.08,1.08,1.08,245.0,110.0,135.0,0.00,1.00,1.00,1.00,2,6,2.16,6.49,2.00,6.00
,,,Thenio,Veteran,X-ray,The Wavelengths,Solar,14.8,55,4,0.405,0.250,1,3,1046,630,416,3,1,4,8,37.5%,288.2,173.6,114.6,0.83,0.28,1.10,2.20,261.5,157.5,104.0,0.75,0.25,1.00,2.00,7,9,1.93,2.48,1.75,2.25
,,,Imperial,Veteran,Seadevils,The Abyss,Lunar,14.1,217,15,0.489,0.533,8,7,4083,2160,1923,9,4,15,31,29.0%,285.1,150.8,134.3,0.63,0.28,1.05,2.16,272.2,144.0,128.2,0.60,0.27,1.00,2.07,34,35,2.37,2.44,2.27,2.33
,,,Domino,Veteran,Dobermans,Puppy Paradise,Lunar,13.4,229,16,0.220,0.188,3,13,4624,2260,2364,6,3,25,26,23.1%,306.0,149.6,156.4,0.40,0.20,1.65,1.72,289.0,141.3,147.8,0.38,0.19,1.56,1.63,19,44,1.26,2.91,1.19,2.75
,,,Auryarts,Veteran,Seadevils,The Abyss,Lunar,8.9,481,31,0.329,0.290,9,22,9088,5200,3888,19,12,44,50,38.0%,286.3,163.8,122.5,0.60,0.38,1.39,1.58,293.2,167.7,125.4,0.61,0.39,1.42,1.61,62,97,1.95,3.06,2.00,3.13
,,,Sabre,Veteran,Cobras,The Serpents,Solar,8.6,763,49,0.430,0.388,19,30,14130,7760,6370,27,23,63,76,35.5%,280.6,154.1,126.5,0.54,0.46,1.25,1.51,288.4,158.4,130.0,0.55,0.47,1.29,1.55,112,134,2.22,2.66,2.29,2.73
,,,Nagz,Veteran,Fighters,Dungeons And Double Taps,Solar,6.9,842,60,0.261,0.117,7,53,14745,7270,7475,27,16,52,117,23.1%,265.4,130.8,134.5,0.49,0.29,0.94,2.11,245.8,121.2,124.6,0.45,0.27,0.87,1.95,82,162,1.48,2.92,1.37,2.70
,,,Suckiest Sucker,Veteran,"Banshees
Gorillas
Dobermans","The Monster Mash
The Jungle
Puppy Paradise",Lunar,5.3,278,19,0.360,0.421,8,11,5087,2590,2497,10,6,20,29,34.5%,277.3,141.2,136.1,0.55,0.33,1.09,1.58,267.7,136.3,131.4,0.53,0.32,1.05,1.53,36,52,1.96,2.83,1.89,2.74
,,,Ma410,Veteran,"Gouda Gangsters
Calzones","Cheese Guild
Fifty-Fifty Pizzeria",Solar,4.7,104,7,0.201,0.143,1,6,1803,680,1123,2,2,5,13,15.4%,262.7,99.1,163.6,0.29,0.29,0.73,1.89,257.6,97.1,160.4,0.29,0.29,0.71,1.86,9,22,1.31,3.21,1.29,3.14
,,,Armando,Veteran,"Posessed
Banshees
Gorillas","Destined
The Monster Mash
The Jungle",Solar,1.2,339,21,0.277,0.238,5,16,6059,3470,2589,12,6,32,37,32.4%,270.8,155.1,115.7,0.54,0.27,1.43,1.65,288.5,165.2,123.3,0.57,0.29,1.52,1.76,38,70,1.70,3.13,1.81,3.33
,,,Bradyk-,Veteran,Makos,Shark Attack,Lunar,-0.3,332,21,0.279,0.190,4,17,5582,2980,2602,11,10,21,33,33.3%,254.8,136.0,118.8,0.50,0.46,0.96,1.51,265.8,141.9,123.9,0.52,0.48,1.00,1.57,41,74,1.87,3.38,1.95,3.52
,,,Kousei,Veteran,"X-ray
Seadevils","The Wavelengths
The Abyss",Solar,-6.1,187,12,0.263,0.250,3,9,3282,1710,1572,4,5,19,11,36.4%,266.0,138.6,127.4,0.32,0.41,1.54,0.89,273.5,142.5,131.0,0.33,0.42,1.58,0.92,24,45,1.94,3.65,2.00,3.75
,,,Tenched,Veteran,Banshees,The Monster Mash,Lunar,-10.4,122,8,0.273,0.375,3,5,1954,960,994,6,0,4,16,37.5%,242.7,119.2,123.5,0.75,0.00,0.50,1.99,244.3,120.0,124.3,0.75,0.00,0.50,2.00,14,26,1.74,3.23,1.75,3.25
,,,Drip2Ez,Veteran,Linguini Lancers,Italian Battalion,Lunar,-10.9,48,4,0.103,0.000,0,4,730,220,510,0,0,3,7,0.0%,230.5,69.5,161.0,0.00,0.00,0.95,2.21,182.5,55.0,127.5,0.00,0.00,0.75,1.75,3,12,0.95,3.79,0.75,3.00
,,,Johnnygシ,Veteran,Linguini Lancers,Italian Battalion,Lunar,-15.6,66,4,0.417,0.500,2,2,874,480,394,1,2,4,8,12.5%,200.7,110.2,90.5,0.23,0.46,0.92,1.84,218.5,120.0,98.5,0.25,0.50,1.00,2.00,8,10,1.84,2.30,2.00,2.50
,,,Matrixzthebad,Veteran,Fighters,Dungeons And Double Taps,Solar,-16.8,47,3,0.102,0.000,0,3,624,230,394,1,0,1,8,12.5%,201.2,74.2,127.0,0.32,0.00,0.32,2.58,208.0,76.7,131.3,0.33,0.00,0.33,2.67,3,12,0.97,3.87,1.00,4.00
,,,Greengofantastic,Veteran,Linguini Lancers,Italian Battalion,Lunar,-25.2,48,4,0.103,0.000,0,4,655,360,295,2,0,2,6,33.3%,206.8,113.7,93.1,0.63,0.00,0.63,1.89,163.8,90.0,73.8,0.50,0.00,0.50,1.50,3,12,0.95,3.79,0.75,3.00
,,,Chugg,Veteran,Makos,Shark Attack,Lunar,-26.4,58,4,0.069,0.000,0,4,933,430,503,1,0,6,3,33.3%,243.8,112.3,131.4,0.26,0.00,1.57,0.78,233.3,107.5,125.8,0.25,0.00,1.50,0.75,2,12,0.52,3.14,0.50,3.00
,,,Tacobae,Veteran,Banshees,The Monster Mash,Lunar,-48.5,55,4,0.250,0.250,1,3,574,200,374,0,0,3,5,0.0%,158.1,55.1,103.0,0.00,0.00,0.83,1.38,143.5,50.0,93.5,0.00,0.00,0.75,1.25,6,12,1.65,3.31,1.50,3.00
,,,Chrismingle,Rival,Surge,Electric Mayhem,Lunar,102.6,20,2,0.500,0.500,1,1,702,340,362,1,0,4,4,25.0%,521.5,252.6,268.9,0.74,0.00,2.97,2.97,351.0,170.0,181.0,0.50,0.00,2.00,2.00,3,3,2.23,2.23,1.50,1.50
,,,Joe,Rival,Ocelots,The Jungle,Solar,99.7,339,22,0.615,0.682,15,7,9641,5760,3881,27,20,25,81,33.3%,422.6,252.5,170.1,1.18,0.88,1.10,3.55,438.2,261.8,176.4,1.23,0.91,1.14,3.68,62,46,2.72,2.02,2.82,2.09
,,,Dray,Rival,Snicker Doobles,The Bakery,Lunar,82.8,800,55,0.643,0.655,36,19,21581,11960,9621,52,37,63,176,29.5%,400.8,222.1,178.7,0.97,0.69,1.17,3.27,392.4,217.5,174.9,0.95,0.67,1.15,3.20,145,99,2.69,1.84,2.64,1.80
,,,Satella.,Rival,Chromium,Metal,Solar,82.1,63,4,0.672,0.750,3,1,1574,970,604,5,3,3,17,29.4%,371.2,228.8,142.5,1.18,0.71,0.71,4.01,393.5,242.5,151.0,1.25,0.75,0.75,4.25,14,9,3.30,2.12,3.50,2.25
,,,Bizzyrl,Rival,Warrior Wasps,The Swarm,Solar,80.9,645,45,0.614,0.644,29,16,17893,10170,7723,44,32,61,112,39.3%,412.2,234.3,177.9,1.01,0.74,1.41,2.58,397.6,226.0,171.6,0.98,0.71,1.36,2.49,122,91,2.81,2.10,2.71,2.02
,,,.Tor.,Rival,Pale Tides,Seas Despair,Lunar,80.1,877,55,0.623,0.673,37,18,23253,13780,9473,61,37,78,193,31.6%,394.0,233.5,160.5,1.03,0.63,1.32,3.27,422.8,250.5,172.2,1.11,0.67,1.42,3.51,159,115,2.69,1.95,2.89,2.09
,,,Tidepods_Sq,Rival,Raisin Racket,Snack Syndicate,Lunar,77.3,305,19,0.521,0.579,11,8,7417,4790,2627,23,20,17,64,35.9%,361.3,233.4,128.0,1.12,0.97,0.83,3.12,390.4,252.1,138.3,1.21,1.05,0.89,3.37,61,58,2.97,2.83,3.21,3.05
,,,Feb,Rival,"Blizzards
Phantoms","Storm
The Monster Mash",Solar,76.5,337,22,0.539,0.455,10,12,9142,5630,3512,27,13,33,63,42.9%,403.1,248.2,154.8,1.19,0.57,1.45,2.78,415.5,255.9,159.6,1.23,0.59,1.50,2.86,65,59,2.87,2.60,2.95,2.68
,,,Corrupt_Arrow,Rival,Chromium,Metal,Solar,76.3,740,48,0.696,0.771,37,11,19120,11600,7520,61,34,44,160,38.1%,383.9,232.9,151.0,1.22,0.68,0.88,3.21,398.3,241.7,156.7,1.27,0.71,0.92,3.33,151,89,3.03,1.79,3.15,1.85
,,,Yeetn-Skeet,Rival,Ultraviolet,The Wavelengths,Solar,76.0,852,56,0.576,0.536,30,26,22581,13390,9191,62,36,74,169,36.7%,393.8,233.5,160.3,1.08,0.63,1.29,2.95,403.2,239.1,164.1,1.11,0.64,1.32,3.02,161,133,2.81,2.32,2.88,2.38
,,,Momed09,Rival,Dalmatians,Puppy Paradise,Lunar,76.0,662,47,0.497,0.404,19,28,17930,10700,7230,44,32,73,105,41.9%,402.4,240.2,162.3,0.99,0.72,1.64,2.36,381.5,227.7,153.8,0.94,0.68,1.55,2.23,124,125,2.78,2.81,2.64,2.66
,,,Omegablaze33,Rival,"Anubis
Taipans","The Gods
The Serpents",Lunar,75.8,107,8,0.603,0.500,4,4,3066,2010,1056,13,2,8,21,61.9%,425.8,279.1,146.6,1.81,0.28,1.11,2.92,383.3,251.3,132.0,1.63,0.25,1.00,2.63,22,17,3.06,2.36,2.75,2.13
,,,Ryan,Rival,Hammerheads,Shark Attack,Lunar,75.1,967,64,0.664,0.641,41,23,25721,15090,10631,73,38,79,194,37.6%,395.2,231.9,163.4,1.12,0.58,1.21,2.98,401.9,235.8,166.1,1.14,0.59,1.23,3.03,172,110,2.64,1.69,2.69,1.72
,,,Imoldgreg67,Rival,Polar Bears,The Bear Den,Lunar,73.9,1006,63,0.448,0.444,28,35,26177,15010,11167,70,32,82,231,30.3%,386.6,221.7,164.9,1.03,0.47,1.21,3.41,415.5,238.3,177.3,1.11,0.51,1.30,3.67,158,180,2.33,2.66,2.51,2.86
,,,Slam!,Rival,Paladins,Dungeons And Double Taps,Solar,72.3,230,15,0.636,0.667,10,5,6222,3770,2452,17,7,26,42,40.5%,402.0,243.5,158.4,1.10,0.45,1.68,2.71,414.8,251.3,163.5,1.13,0.47,1.73,2.80,39,27,2.52,1.74,2.60,1.80
,,,Tyyphoon454,Rival,Surge,Electric Mayhem,Lunar,72.1,886,59,0.562,0.610,36,23,22798,12630,10168,53,38,73,178,29.8%,382.3,211.8,170.5,0.89,0.64,1.22,2.99,386.4,214.1,172.3,0.90,0.64,1.24,3.02,149,127,2.50,2.13,2.53,2.15
,,,Gga Astro,Rival,Wind,The Elements,Solar,71.7,555,40,0.468,0.475,19,21,14912,8200,6712,38,17,49,110,34.5%,399.2,219.5,179.7,1.02,0.46,1.31,2.94,372.8,205.0,167.8,0.95,0.43,1.23,2.75,82,89,2.20,2.38,2.05,2.23
,,,Nuke,Rival,Chromium,Metal,Solar,71.6,804,52,0.680,0.750,39,13,20001,12420,7581,56,45,62,147,38.1%,369.6,229.5,140.1,1.03,0.83,1.15,2.72,384.6,238.8,145.8,1.08,0.87,1.19,2.83,173,108,3.20,2.00,3.33,2.08
,,,Mikee Gfuelcom,Rival,"Carrots
Chromium","The Garden
Metal",Solar,70.9,840,57,0.586,0.579,33,24,21075,12390,8685,57,31,65,189,30.2%,372.8,219.2,153.6,1.01,0.55,1.15,3.34,369.7,217.4,152.4,1.00,0.54,1.14,3.32,152,122,2.69,2.16,2.67,2.14
,,,Deej,Rival,Paladins,Dungeons And Double Taps,Solar,70.9,719,47,0.521,0.532,25,22,18443,10400,8043,48,30,53,145,33.1%,381.1,214.9,166.2,0.99,0.62,1.10,3.00,392.4,221.3,171.1,1.02,0.64,1.13,3.09,116,110,2.40,2.27,2.47,2.34
,,,Aos Arctic,Rival,Cursed,Destined,Solar,70.8,794,52,0.660,0.635,33,19,20651,12270,8381,52,31,81,147,35.4%,386.5,229.6,156.8,0.97,0.58,1.52,2.75,397.1,236.0,161.2,1.00,0.60,1.56,2.83,135,87,2.53,1.63,2.60,1.67
,,,Whispr,Rival,Anubis,The Gods,Lunar,70.8,790,54,0.484,0.519,28,26,20391,11750,8641,47,36,77,140,33.6%,383.5,221.0,162.5,0.88,0.68,1.45,2.63,377.6,217.6,160.0,0.87,0.67,1.43,2.59,123,128,2.31,2.41,2.28,2.37
,,,Itoh,Rival,Warrior Wasps,The Swarm,Solar,70.3,707,49,0.631,0.612,30,19,18688,10920,7768,56,24,55,137,40.9%,392.8,229.5,163.3,1.18,0.50,1.16,2.88,381.4,222.9,158.5,1.14,0.49,1.12,2.80,139,99,2.92,2.08,2.84,2.02
,,,Soberclown,Rival,Hot Wings,Fifty-Fifty Pizzeria,Solar,69.9,788,55,0.627,0.709,39,16,21425,12480,8945,56,22,88,138,40.6%,404.0,235.3,168.7,1.06,0.41,1.66,2.60,389.5,226.9,162.6,1.02,0.40,1.60,2.51,131,93,2.47,1.75,2.38,1.69
,,,Gnomie,Rival,"Polaris
Wolf Spiders","The Cosmos
Eight Legged Freaks",Lunar,69.4,329,25,0.438,0.360,9,16,8658,4670,3988,17,15,34,52,32.7%,391.0,210.9,180.1,0.77,0.68,1.54,2.35,346.3,186.8,159.5,0.68,0.60,1.36,2.08,54,63,2.44,2.85,2.16,2.52
,,,Llama,Rival,Fangtooths,The Abyss,Lunar,69.3,785,56,0.583,0.589,33,23,20194,11970,8224,61,27,58,162,37.7%,382.2,226.6,155.7,1.15,0.51,1.10,3.07,360.6,213.8,146.9,1.09,0.48,1.04,2.89,140,113,2.65,2.14,2.50,2.02
,,,Jordon1377,Rival,Swiss Swindlers,Cheese Guild,Solar,68.6,469,35,0.464,0.571,20,15,12567,7210,5357,33,13,48,86,38.4%,398.1,228.4,169.7,1.05,0.41,1.52,2.72,359.1,206.0,153.1,0.94,0.37,1.37,2.46,72,79,2.28,2.50,2.06,2.26
,,,Friendbrady,Rival,Warrior Wasps,The Swarm,Solar,68.3,477,33,0.641,0.636,21,12,11168,6680,4488,29,28,28,98,29.6%,347.9,208.1,139.8,0.90,0.87,0.87,3.05,338.4,202.4,136.0,0.88,0.85,0.85,2.97,95,66,2.96,2.06,2.88,2.00
,,,Fishkiller,Rival,Polaris,The Cosmos,Lunar,67.0,518,36,0.591,0.639,23,13,12722,7760,4962,31,26,49,91,34.1%,364.9,222.6,142.3,0.89,0.75,1.41,2.61,353.4,215.6,137.8,0.86,0.72,1.36,2.53,96,76,2.75,2.18,2.67,2.11
,,,Jalapeño,Rival,Snicker Doobles,The Bakery,Lunar,66.6,59,4,0.715,1.000,4,0,1544,850,694,3,2,7,10,30.0%,388.8,214.1,174.8,0.76,0.50,1.76,2.52,386.0,212.5,173.5,0.75,0.50,1.75,2.50,11,6,2.77,1.51,2.75,1.50
,,,Rmack,Rival,Snicker Doobles,The Bakery,Lunar,66.4,686,48,0.672,0.688,33,15,16861,9940,6921,43,32,55,129,33.3%,365.2,215.3,149.9,0.93,0.69,1.19,2.79,351.3,207.1,144.2,0.90,0.67,1.15,2.69,129,81,2.79,1.75,2.69,1.69
,,,Curs3D,Rival,"Ocelots
Leshy","The Jungle
The Forest",Solar,65.1,612,42,0.565,0.619,26,16,15804,9240,6564,34,28,72,84,40.5%,383.7,224.3,159.4,0.83,0.68,1.75,2.04,376.3,220.0,156.3,0.81,0.67,1.71,2.00,112,95,2.72,2.31,2.67,2.26
,,,Izzyyy*!,Rival,Polaris,The Cosmos,Lunar,64.7,179,12,0.641,0.583,7,5,4694,2770,1924,14,5,16,32,43.8%,389.6,229.9,159.7,1.16,0.42,1.33,2.66,391.2,230.8,160.3,1.17,0.42,1.33,2.67,36,25,2.99,2.08,3.00,2.08
,,,Porkchop,Rival,"Snicker Doobles
Kinetic
Ocelots
Blizzards
Chromium","The Bakery
Energy
The Jungle
Storm
Metal",Solar,64.0,476,31,0.479,0.452,14,17,11571,6960,4611,31,18,40,96,32.3%,361.2,217.3,143.9,0.97,0.56,1.25,3.00,373.3,224.5,148.7,1.00,0.58,1.29,3.10,70,74,2.19,2.31,2.26,2.39
,,,Roadsauce,Rival,Leshy,The Forest,Lunar,63.7,171,12,0.346,0.500,6,6,4325,2390,1935,10,7,15,29,34.5%,375.8,207.7,168.1,0.87,0.61,1.30,2.52,360.4,199.2,161.3,0.83,0.58,1.25,2.42,22,33,1.91,2.87,1.83,2.75
,,,J.,Rival,Hammerheads,Shark Attack,Lunar,63.6,802,53,0.665,0.642,34,19,19814,11770,8044,49,31,77,147,33.3%,367.1,218.1,149.0,0.91,0.57,1.43,2.72,373.8,222.1,151.8,0.92,0.58,1.45,2.77,140,89,2.59,1.65,2.64,1.68
,,,Cde4Th,Rival,Ultraviolet,The Wavelengths,Solar,63.3,891,59,0.594,0.525,31,28,21581,12910,8671,57,39,72,166,34.3%,359.9,215.3,144.6,0.95,0.65,1.20,2.77,365.8,218.8,147.0,0.97,0.66,1.22,2.81,170,134,2.83,2.23,2.88,2.27
,,,Bry456,Rival,Scorpius,The Nexus,Solar,63.2,535,34,0.358,0.324,11,23,13220,7790,5430,29,21,58,94,30.9%,367.2,216.4,150.8,0.81,0.58,1.61,2.61,388.8,229.1,159.7,0.85,0.62,1.71,2.76,81,116,2.25,3.22,2.38,3.41
,,,Parker On 3 Legs,Rival,Dalmatians,Puppy Paradise,Lunar,62.6,590,42,0.550,0.500,21,21,14943,8790,6153,41,20,53,104,39.4%,376.3,221.4,155.0,1.03,0.50,1.33,2.62,355.8,209.3,146.5,0.98,0.48,1.26,2.48,112,99,2.82,2.49,2.67,2.36
,,,Le Duckz,Rival,Chromium,Metal,Solar,62.3,880,57,0.705,0.789,45,12,21517,13030,8487,61,41,68,148,41.2%,363.3,220.0,143.3,1.03,0.69,1.15,2.50,377.5,228.6,148.9,1.07,0.72,1.19,2.60,196,114,3.31,1.92,3.44,2.00
,,,Jdubzz.Rl,Rival,Mozza Marauders,Italian Battalion,Lunar,62.0,250,16,0.510,0.563,9,7,6006,3780,2226,19,6,20,58,32.8%,357.0,224.7,132.3,1.13,0.36,1.19,3.45,375.4,236.3,139.1,1.19,0.38,1.25,3.63,39,38,2.32,2.26,2.44,2.38
,,,Slightlyon,Rival,Raisin Racket,Snack Syndicate,Lunar,61.7,695,47,0.625,0.617,29,18,16783,9870,6913,41,27,62,132,31.1%,358.8,211.0,147.8,0.88,0.58,1.33,2.82,357.1,210.0,147.1,0.87,0.57,1.32,2.81,129,93,2.76,1.99,2.74,1.98
,,,Impalerv,Rival,"Surge
Kinetic","Electric Mayhem
Energy",Lunar,61.6,795,54,0.543,0.556,30,24,19614,11590,8024,48,30,78,139,34.5%,366.6,216.6,150.0,0.90,0.56,1.46,2.60,363.2,214.6,148.6,0.89,0.56,1.44,2.57,133,119,2.49,2.22,2.46,2.20
,,,Redfire0817,Rival,Raisin Racket,Snack Syndicate,Lunar,60.6,774,53,0.587,0.566,30,23,18574,10310,8264,48,36,46,141,34.0%,356.6,197.9,158.6,0.92,0.69,0.88,2.71,350.5,194.5,155.9,0.91,0.68,0.87,2.66,139,111,2.67,2.13,2.62,2.09
,,,Jshotxzy,Rival,Raisin Racket,Snack Syndicate,Lunar,60.4,745,51,0.565,0.569,29,22,18473,10570,7903,46,26,67,132,34.8%,368.4,210.8,157.6,0.92,0.52,1.34,2.63,362.2,207.3,155.0,0.90,0.51,1.31,2.59,130,110,2.59,2.19,2.55,2.16
,,,Bearichaun,Rival,Chromium,Metal,Solar,60.3,72,4,0.769,1.000,4,0,1554,980,574,4,5,4,13,30.8%,320.7,202.2,118.5,0.83,1.03,0.83,2.68,388.5,245.0,143.5,1.00,1.25,1.00,3.25,22,11,4.54,2.27,5.50,2.75
,,,Pinguu,Rival,Fangtooths,The Abyss,Lunar,59.5,821,60,0.566,0.583,35,25,19675,11140,8535,42,39,73,134,31.3%,356.1,201.6,154.5,0.76,0.71,1.32,2.43,327.9,185.7,142.3,0.70,0.65,1.22,2.23,148,125,2.68,2.26,2.47,2.08
,,,Hoyci,Rival,Anubis,The Gods,Lunar,59.1,560,39,0.570,0.538,21,18,13809,7680,6129,29,25,54,83,34.9%,366.4,203.8,162.6,0.77,0.66,1.43,2.20,354.1,196.9,157.2,0.74,0.64,1.38,2.13,97,81,2.57,2.15,2.49,2.08
,,,Chung,Rival,Taipans,The Serpents,Solar,59.1,704,48,0.421,0.458,22,26,17319,9700,7619,36,29,71,110,32.7%,365.5,204.7,160.8,0.76,0.61,1.50,2.32,360.8,202.1,158.7,0.75,0.60,1.48,2.29,103,126,2.17,2.66,2.15,2.63
,,,Lastdark,Rival,"Ultraviolet
Raisin Racket
Kinetic","The Wavelengths
Snack Syndicate
Energy",Solar,59.0,688,47,0.490,0.468,22,25,16888,9480,7408,41,24,59,123,33.3%,364.7,204.7,160.0,0.89,0.52,1.27,2.66,359.3,201.7,157.6,0.87,0.51,1.26,2.62,112,115,2.42,2.48,2.38,2.45
,,,Broskijazz,Rival,"Dalmatians
Snicker Doobles","Puppy Paradise
The Bakery",Lunar,58.5,342,24,0.633,0.542,13,11,8153,4770,3383,26,11,18,72,36.1%,354.2,207.2,147.0,1.13,0.48,0.78,3.13,339.7,198.8,141.0,1.08,0.46,0.75,3.00,69,49,3.00,2.13,2.88,2.04
,,,Skillar -Famous-,Rival,Carrots,The Garden,Solar,58.3,541,38,0.671,0.605,23,15,12389,7270,5119,31,26,37,102,30.4%,340.3,199.7,140.6,0.85,0.71,1.02,2.80,326.0,191.3,134.7,0.82,0.68,0.97,2.68,103,65,2.83,1.79,2.71,1.71
,,,Blue Ncs,Rival,Blizzards,Storm,Solar,58.1,804,51,0.553,0.471,24,27,19032,10580,8452,42,37,63,138,30.4%,351.7,195.5,156.2,0.78,0.68,1.16,2.55,373.2,207.5,165.7,0.82,0.73,1.24,2.71,144,126,2.66,2.33,2.82,2.47
,,,Hotdog,Rival,Polaris,The Cosmos,Lunar,58.0,421,30,0.472,0.467,14,16,10494,6010,4484,26,15,40,66,39.4%,370.4,212.1,158.3,0.92,0.53,1.41,2.33,349.8,200.3,149.5,0.87,0.50,1.33,2.20,69,74,2.44,2.61,2.30,2.47
,,,Taz.Rm,Rival,Taipans,The Serpents,Solar,58.0,158,10,0.677,0.800,8,2,3706,2230,1476,10,7,12,28,35.7%,348.5,209.7,138.8,0.94,0.66,1.13,2.63,370.6,223.0,147.6,1.00,0.70,1.20,2.80,32,20,3.01,1.88,3.20,2.00
,,,Dunnie14,Rival,Horus,Pantheon,Lunar,57.7,711,51,0.440,0.471,24,27,18133,9610,8523,44,19,61,121,36.4%,378.9,200.8,178.1,0.92,0.40,1.27,2.53,355.5,188.4,167.1,0.86,0.37,1.20,2.37,108,126,2.26,2.63,2.12,2.47
,,,Monsterbuck46,Rival,Cursed,Destined,Solar,57.2,716,48,0.657,0.625,30,18,17077,10220,6857,44,22,67,137,32.1%,354.4,212.1,142.3,0.91,0.46,1.39,2.84,355.8,212.9,142.9,0.92,0.46,1.40,2.85,119,77,2.47,1.60,2.48,1.60
,,,Dwightschrute,Rival,Hammerheads,Shark Attack,Lunar,56.7,21,1,0.358,0.000,0,1,483,330,153,1,1,3,3,33.3%,341.7,233.5,108.3,0.71,0.71,2.12,2.12,483.0,330.0,153.0,1.00,1.00,3.00,3.00,2,3,1.42,2.12,2.00,3.00
,,,King.,Rival,Carrots,The Garden,Solar,56.6,878,60,0.540,0.517,31,29,20937,11080,9857,47,33,62,163,28.8%,354.3,187.5,166.8,0.80,0.56,1.05,2.76,349.0,184.7,164.3,0.78,0.55,1.03,2.72,140,126,2.37,2.13,2.33,2.10
,,,Riddle,Rival,Pale Tides,Seas Despair,Lunar,56.6,595,38,0.667,0.711,27,11,14334,8520,5814,41,20,47,107,38.3%,358.0,212.8,145.2,1.02,0.50,1.17,2.67,377.2,224.2,153.0,1.08,0.53,1.24,2.82,110,70,2.75,1.75,2.89,1.84
,,,Tenched,Rival,Polar Ice,Minty Fresh,Solar,56.5,175,12,0.353,0.250,3,9,4102,2560,1542,12,7,14,31,38.7%,348.3,217.4,130.9,1.02,0.59,1.19,2.63,341.8,213.3,128.5,1.00,0.58,1.17,2.58,30,43,2.55,3.65,2.50,3.58
,,,Dmister,Rival,Polaris,The Cosmos,Lunar,55.8,479,30,0.526,0.533,16,14,10910,6750,4160,30,20,37,90,33.3%,338.4,209.4,129.0,0.93,0.62,1.15,2.79,363.7,225.0,138.7,1.00,0.67,1.23,3.00,79,74,2.45,2.30,2.63,2.47
,,,Heyzisthename11,Rival,Polaris,The Cosmos,Lunar,55.0,819,56,0.559,0.500,28,28,19720,10790,8930,45,31,68,134,33.6%,357.8,195.8,162.0,0.82,0.56,1.23,2.43,352.1,192.7,159.5,0.80,0.55,1.21,2.39,143,123,2.59,2.23,2.55,2.20
,,,Ttv_Nova_Ghostfy,Rival,Phantoms,The Monster Mash,Lunar,54.1,732,48,0.408,0.354,17,31,16895,9620,7275,39,33,57,122,32.0%,342.9,195.3,147.7,0.79,0.67,1.16,2.48,352.0,200.4,151.6,0.81,0.69,1.19,2.54,104,132,2.11,2.68,2.17,2.75
,,,Pokerchuxd,Rival,Hammerheads,Shark Attack,Lunar,54.0,152,10,0.677,0.600,6,4,3513,1990,1523,7,7,14,24,29.2%,343.4,194.5,148.9,0.68,0.68,1.37,2.35,351.3,199.0,152.3,0.70,0.70,1.40,2.40,29,18,2.83,1.76,2.90,1.80
,,,El Angus,Rival,Polar Ice,Minty Fresh,Solar,54.0,77,6,0.269,0.167,1,5,1862,1050,812,6,2,4,15,40.0%,359.3,202.6,156.7,1.16,0.39,0.77,2.89,310.3,175.0,135.3,1.00,0.33,0.67,2.50,11,20,2.12,3.86,1.83,3.33
,,,Koala!,Rival,Horus,Pantheon,Lunar,54.0,491,35,0.491,0.543,19,16,11302,6670,4632,26,21,44,82,31.7%,342.0,201.8,140.2,0.79,0.64,1.33,2.48,322.9,190.6,132.3,0.74,0.60,1.26,2.34,85,87,2.57,2.63,2.43,2.49
,,,Dr. Babies,Rival,Fangtooths,The Abyss,Lunar,53.6,764,55,0.616,0.618,34,21,17848,9980,7868,43,34,55,123,35.0%,347.1,194.1,153.0,0.84,0.66,1.07,2.39,324.5,181.5,143.1,0.78,0.62,1.00,2.24,142,105,2.76,2.04,2.58,1.91
,,,Wriitzy,Rival,Hot Wings,Fifty-Fifty Pizzeria,Solar,53.3,690,48,0.655,0.750,36,12,15721,9220,6501,36,30,59,117,30.8%,338.5,198.5,140.0,0.78,0.65,1.27,2.52,327.5,192.1,135.4,0.75,0.63,1.23,2.44,115,75,2.48,1.62,2.40,1.56
,,,Falco,Rival,Surge,Electric Mayhem,Lunar,52.6,572,38,0.573,0.605,23,15,13048,7620,5428,34,23,41,102,33.3%,338.9,197.9,141.0,0.88,0.60,1.07,2.65,343.4,200.5,142.8,0.89,0.61,1.08,2.68,98,81,2.55,2.10,2.58,2.13
,,,Legend,Rival,"Kinetic
Paladins","Energy
Dungeons And Double Taps",Solar,52.5,412,30,0.378,0.367,11,19,9923,5340,4583,16,17,47,54,29.6%,357.9,192.6,165.3,0.58,0.61,1.70,1.95,330.8,178.0,152.8,0.53,0.57,1.57,1.80,64,87,2.31,3.14,2.13,2.90
,,,Truxjillo,Rival,Wind,The Elements,Solar,52.3,866,59,0.497,0.492,29,30,19913,11690,8223,52,32,67,154,33.8%,341.7,200.6,141.1,0.89,0.55,1.15,2.64,337.5,198.1,139.4,0.88,0.54,1.14,2.61,133,134,2.28,2.30,2.25,2.27
,,,Pat,Rival,Dalmatians,Puppy Paradise,Lunar,51.5,727,51,0.509,0.471,24,27,17138,9930,7208,46,30,55,108,42.6%,350.3,203.0,147.3,0.94,0.61,1.12,2.21,336.0,194.7,141.3,0.90,0.59,1.08,2.12,133,130,2.72,2.66,2.61,2.55
,,,Dfitz,Rival,Blizzards,Storm,Solar,51.5,782,50,0.527,0.440,22,28,17485,10850,6635,50,34,56,135,37.0%,332.2,206.2,126.1,0.95,0.65,1.06,2.57,349.7,217.0,132.7,1.00,0.68,1.12,2.70,138,129,2.62,2.45,2.76,2.58
,,,Beans.,Rival,Swiss Swindlers,Cheese Guild,Solar,51.4,378,28,0.601,0.643,18,10,8793,4780,4013,21,17,25,58,36.2%,345.6,187.9,157.7,0.83,0.67,0.98,2.28,314.0,170.7,143.3,0.75,0.61,0.89,2.07,70,54,2.75,2.12,2.50,1.93
,,,Mykopolis,Rival,Swiss Swindlers,Cheese Guild,Solar,50.5,540,37,0.523,0.514,19,18,12193,7050,5143,31,19,40,100,31.0%,335.5,194.0,141.5,0.85,0.52,1.10,2.75,329.5,190.5,139.0,0.84,0.51,1.08,2.70,89,84,2.45,2.31,2.41,2.27
,,,Reeky,Rival,Warrior Wasps,The Swarm,Solar,49.9,691,47,0.588,0.596,28,19,15879,8850,7029,33,31,60,100,33.0%,341.4,190.3,151.1,0.71,0.67,1.29,2.15,337.9,188.3,149.6,0.70,0.66,1.28,2.13,130,104,2.80,2.24,2.77,2.21
,,,Debt,Rival,Leshy,The Forest,Lunar,49.2,799,55,0.473,0.473,26,29,18720,10430,8290,50,28,55,128,39.1%,348.1,194.0,154.2,0.93,0.52,1.02,2.38,340.4,189.6,150.7,0.91,0.51,1.00,2.33,128,137,2.38,2.55,2.33,2.49
,,,Slum,Rival,Horus,Pantheon,Lunar,49.1,638,44,0.409,0.364,16,28,14476,8160,6316,31,28,54,96,32.3%,337.1,190.0,147.1,0.72,0.65,1.26,2.24,329.0,185.5,143.5,0.70,0.64,1.23,2.18,101,127,2.35,2.96,2.30,2.89
,,,Mattviaairwaves,Rival,Fangtooths,The Abyss,Lunar,49.1,306,21,0.316,0.286,6,15,6836,3730,3106,10,11,33,53,18.9%,331.9,181.1,150.8,0.49,0.53,1.60,2.57,325.5,177.6,147.9,0.48,0.52,1.57,2.52,38,62,1.85,3.01,1.81,2.95
,,,The Instigant,Rival,Polar Ice,Minty Fresh,Solar,49.0,760,52,0.430,0.462,24,28,17891,9530,8361,35,27,71,113,31.0%,349.8,186.3,163.5,0.68,0.53,1.39,2.21,344.1,183.3,160.8,0.67,0.52,1.37,2.17,120,143,2.35,2.80,2.31,2.75
,,,Cob,Rival,Pale Tides,Seas Despair,Lunar,48.6,933,59,0.658,0.712,42,17,20299,12220,8079,48,46,73,147,32.7%,323.3,194.6,128.7,0.76,0.73,1.16,2.34,344.1,207.1,136.9,0.81,0.78,1.24,2.49,174,114,2.77,1.82,2.95,1.93
,,,Regularlyjones,Rival,Ocelots,The Jungle,Solar,48.2,685,46,0.521,0.522,24,22,16024,9420,6604,38,26,68,92,41.3%,347.6,204.3,143.2,0.82,0.56,1.48,2.00,348.3,204.8,143.6,0.83,0.57,1.48,2.00,114,108,2.47,2.34,2.48,2.35
,,,Cozyboy,Rival,Hot Wings,Fifty-Fifty Pizzeria,Solar,48.0,859,60,0.625,0.717,43,17,19849,10580,9269,39,33,75,128,30.5%,343.3,183.0,160.3,0.67,0.57,1.30,2.21,330.8,176.3,154.5,0.65,0.55,1.25,2.13,143,102,2.47,1.76,2.38,1.70
,,,Robwobwob,Rival,Ultraviolet,The Wavelengths,Solar,48.0,535,36,0.569,0.528,19,17,11130,6790,4340,27,30,34,89,30.3%,309.1,188.6,120.5,0.75,0.83,0.94,2.47,309.2,188.6,120.6,0.75,0.83,0.94,2.47,100,84,2.78,2.33,2.78,2.33
,,,Pete Weber,Rival,Blizzards,Storm,Solar,47.9,844,54,0.474,0.407,22,32,19001,10770,8231,44,35,66,132,33.3%,334.5,189.6,144.9,0.77,0.62,1.16,2.32,351.9,199.4,152.4,0.81,0.65,1.22,2.44,133,142,2.34,2.50,2.46,2.63
,,,Spliffy Puffins,Rival,Ocelots,The Jungle,Solar,47.8,703,48,0.493,0.479,23,25,16489,9520,6969,39,21,70,107,36.4%,348.5,201.2,147.3,0.82,0.44,1.48,2.26,343.5,198.3,145.2,0.81,0.44,1.46,2.23,114,116,2.41,2.45,2.38,2.42
,,,Prismback.,Rival,Leshy,The Forest,Lunar,47.7,734,50,0.461,0.480,24,26,16545,8920,7625,28,30,70,112,25.0%,334.9,180.6,154.4,0.57,0.61,1.42,2.27,330.9,178.4,152.5,0.56,0.60,1.40,2.24,114,126,2.31,2.55,2.28,2.52
,,,Jimjam,Rival,Bowheads,Whale Defense,Solar,46.7,716,47,0.292,0.298,14,33,16632,8720,7912,41,21,47,122,33.6%,345.1,181.0,164.2,0.85,0.44,0.98,2.53,353.9,185.5,168.3,0.87,0.45,1.00,2.60,93,161,1.93,3.34,1.98,3.43
,,,Cpt Jon Smith,Rival,Polar Bears,The Bear Den,Lunar,46.2,592,38,0.472,0.526,20,18,12748,7490,5258,31,24,43,104,29.8%,320.0,188.0,132.0,0.78,0.60,1.08,2.61,335.5,197.1,138.4,0.82,0.63,1.13,2.74,97,104,2.43,2.61,2.55,2.74
,,,N O A .,Rival,"Hammerheads
Taipans
Kinetic","Shark Attack
The Serpents
Energy",Lunar,45.5,259,18,0.595,0.556,10,8,5551,3220,2331,13,14,17,37,35.1%,318.5,184.7,133.7,0.75,0.80,0.98,2.12,308.4,178.9,129.5,0.72,0.78,0.94,2.06,52,41,2.98,2.35,2.89,2.28
,,,Howdy,Rival,Scorpius,The Nexus,Solar,45.4,308,20,0.326,0.300,6,14,7070,3990,3080,17,9,27,49,34.7%,341.1,192.5,148.6,0.82,0.43,1.30,2.36,353.5,199.5,154.0,0.85,0.45,1.35,2.45,42,66,2.03,3.18,2.10,3.30
,,,Cjax,Rival,Horus,Pantheon,Lunar,44.7,705,49,0.460,0.469,23,26,15828,8370,7458,32,25,56,112,28.6%,333.6,176.4,157.2,0.67,0.53,1.18,2.36,323.0,170.8,152.2,0.65,0.51,1.14,2.29,113,125,2.38,2.63,2.31,2.55
,,,Xblaniac,Rival,Vikings,The Sovereign,Lunar,44.6,649,45,0.344,0.311,14,31,14373,8000,6373,34,22,48,110,30.9%,329.1,183.2,145.9,0.78,0.50,1.10,2.52,319.4,177.8,141.6,0.76,0.49,1.07,2.44,88,132,2.01,3.02,1.96,2.93
,,,Djras1996,Rival,Taipans,The Serpents,Solar,44.3,784,55,0.405,0.418,23,32,18139,9210,8929,28,27,80,106,26.4%,343.8,174.5,169.2,0.53,0.51,1.52,2.01,329.8,167.5,162.3,0.51,0.49,1.45,1.93,111,142,2.10,2.69,2.02,2.58
,,,Hannandgrenade,Rival,"Scorpius
Ultraviolet","The Nexus
The Wavelengths",Solar,44.3,325,20,0.312,0.250,5,15,7190,3940,3250,15,11,27,54,27.8%,328.7,180.1,148.6,0.69,0.50,1.23,2.47,359.5,197.0,162.5,0.75,0.55,1.35,2.70,42,69,1.92,3.15,2.10,3.45
,,,Reccoonn,Rival,Cursed,Destined,Solar,44.1,810,54,0.641,0.611,33,21,17451,9790,7661,39,31,59,139,28.1%,320.1,179.6,140.5,0.72,0.57,1.08,2.55,323.2,181.3,141.9,0.72,0.57,1.09,2.57,138,94,2.53,1.72,2.56,1.74
,,,Bananner,Rival,Kinetic,Energy,Solar,43.7,473,32,0.392,0.375,12,20,10665,5780,4885,25,12,37,83,30.1%,335.0,181.6,153.5,0.79,0.38,1.16,2.61,333.3,180.6,152.7,0.78,0.38,1.16,2.59,69,91,2.17,2.86,2.16,2.84
,,,Kagurashinkiller,Rival,Mozza Marauders,Italian Battalion,Lunar,43.6,899,58,0.447,0.500,29,29,20504,11270,9234,47,23,79,147,32.0%,338.9,186.3,152.6,0.78,0.38,1.31,2.43,353.5,194.3,159.2,0.81,0.40,1.36,2.53,129,148,2.13,2.45,2.22,2.55
,,,Vega,Rival,Hammerheads,Shark Attack,Lunar,42.9,744,50,0.655,0.620,31,19,16201,9190,7011,32,28,69,114,28.1%,323.6,183.5,140.0,0.64,0.56,1.38,2.28,324.0,183.8,140.2,0.64,0.56,1.38,2.28,131,86,2.62,1.72,2.62,1.72
,,,Velocifaptor,Rival,"Polar Ice
Anubis","Minty Fresh
The Gods",Solar,42.6,662,46,0.406,0.478,22,24,14547,8240,6307,36,26,47,99,36.4%,326.5,184.9,141.6,0.81,0.58,1.05,2.22,316.2,179.1,137.1,0.78,0.57,1.02,2.15,101,128,2.27,2.87,2.20,2.78
,,,Thecroctopustv,Rival,Wolf Spiders,Eight Legged Freaks,Lunar,42.1,477,32,0.367,0.313,10,22,10319,5430,4889,17,19,41,73,23.3%,321.4,169.1,152.3,0.53,0.59,1.28,2.27,322.5,169.7,152.8,0.53,0.59,1.28,2.28,62,88,1.93,2.74,1.94,2.75
,,,Stealthman777,Rival,Anubis,The Gods,Lunar,42.1,677,46,0.445,0.500,23,23,15149,7930,7219,26,21,65,103,25.2%,332.5,174.0,158.4,0.57,0.46,1.43,2.26,329.3,172.4,156.9,0.57,0.46,1.41,2.24,97,112,2.13,2.46,2.11,2.43
,,,Pre,Rival,Snicker Doobles,The Bakery,Lunar,42.0,564,40,0.647,0.625,25,15,11786,6900,4886,27,25,41,90,30.0%,310.5,181.8,128.7,0.71,0.66,1.08,2.37,294.7,172.5,122.2,0.68,0.63,1.03,2.25,105,71,2.77,1.87,2.63,1.78
,,,Croptopolis,Rival,"Mozza Marauders
Blizzards","Italian Battalion
Storm",Lunar,41.7,478,31,0.500,0.548,17,14,9753,5480,4273,18,23,35,78,23.1%,303.2,170.3,132.8,0.56,0.71,1.09,2.42,314.6,176.8,137.8,0.58,0.74,1.13,2.52,72,72,2.24,2.24,2.32,2.32
,,,Calicat01,Rival,Paladins,Dungeons And Double Taps,Solar,40.6,14,1,0.342,0.000,0,1,244,170,74,0,1,2,2,0.0%,259.0,180.4,78.5,0.00,1.06,2.12,2.12,244.0,170.0,74.0,0.00,1.00,2.00,2.00,2,3,2.12,3.18,2.00,3.00
,,,Kyurmex.,Rival,"Chromium
Ocelots","Metal
The Jungle",Solar,40.4,380,25,0.465,0.360,9,16,7973,4270,3703,17,16,23,62,27.4%,311.8,167.0,144.8,0.66,0.63,0.90,2.42,318.9,170.8,148.1,0.68,0.64,0.92,2.48,51,56,1.99,2.19,2.04,2.24
,,,Gidderrrs,Rival,Wolf Spiders,Eight Legged Freaks,Lunar,39.2,629,41,0.385,0.341,14,27,13655,7570,6085,27,19,59,97,27.8%,322.6,178.8,143.7,0.64,0.45,1.39,2.29,333.0,184.6,148.4,0.66,0.46,1.44,2.37,86,116,2.03,2.74,2.10,2.83
,,,Jojomojo13,Rival,Mozza Marauders,Italian Battalion,Lunar,38.6,899,58,0.447,0.500,29,29,18798,10860,7938,41,31,75,146,28.1%,310.7,179.5,131.2,0.68,0.51,1.24,2.41,324.1,187.2,136.9,0.71,0.53,1.29,2.52,129,148,2.13,2.45,2.22,2.55
,,,King,Rival,Vikings,The Sovereign,Lunar,38.1,895,62,0.322,0.306,19,43,19576,9930,9646,37,31,68,128,28.9%,325.0,164.9,160.1,0.61,0.51,1.13,2.13,315.7,160.2,155.6,0.60,0.50,1.10,2.06,115,184,1.91,3.05,1.85,2.97
,,,Fluffles,Rival,Paladins,Dungeons And Double Taps,Solar,37.4,268,16,0.582,0.563,9,7,5495,3210,2285,13,9,20,46,28.3%,304.7,178.0,126.7,0.72,0.50,1.11,2.55,343.4,200.6,142.8,0.81,0.56,1.25,2.88,47,38,2.61,2.11,2.94,2.38
,,,Nizzlepls,Rival,Pale Tides,Seas Despair,Lunar,35.4,448,28,0.645,0.714,20,8,9414,5340,4074,26,13,27,74,35.1%,312.2,177.1,135.1,0.86,0.43,0.90,2.45,336.2,190.7,145.5,0.93,0.46,0.96,2.64,85,58,2.82,1.92,3.04,2.07
,,,Rexxay614,Rival,"Kinetic
Bowheads
Hammerheads","Energy
Whale Defense
Shark Attack",Solar,33.8,322,20,0.454,0.550,11,9,6155,3470,2685,8,18,27,42,19.0%,284.0,160.1,123.9,0.37,0.83,1.25,1.94,307.8,173.5,134.3,0.40,0.90,1.35,2.10,47,53,2.17,2.45,2.35,2.65
,,,Funke,Rival,Bowheads,Whale Defense,Solar,33.7,793,53,0.290,0.264,14,39,17106,8980,8126,39,14,61,133,29.3%,320.5,168.3,152.3,0.73,0.26,1.14,2.49,322.8,169.4,153.3,0.74,0.26,1.15,2.51,100,175,1.87,3.28,1.89,3.30
,,,Lynchmeister,Rival,Hot Wings,Fifty-Fifty Pizzeria,Solar,33.6,240,17,0.541,0.647,11,6,5159,2850,2309,12,6,20,35,34.3%,319.4,176.4,143.0,0.74,0.37,1.24,2.17,303.5,167.6,135.8,0.71,0.35,1.18,2.06,40,36,2.48,2.23,2.35,2.12
,,,Mysty,Rival,Polar Bears,The Bear Den,Lunar,33.0,704,45,0.430,0.400,18,27,14295,7880,6415,29,26,53,103,28.2%,301.7,166.3,135.4,0.61,0.55,1.12,2.17,317.7,175.1,142.6,0.64,0.58,1.18,2.29,108,129,2.28,2.72,2.40,2.87
,,,5Pike,Rival,Paladins,Dungeons And Double Taps,Solar,32.9,711,47,0.510,0.532,25,22,14721,8050,6671,36,20,46,115,31.3%,307.6,168.2,139.4,0.75,0.42,0.96,2.40,313.2,171.3,141.9,0.77,0.43,0.98,2.45,118,115,2.47,2.40,2.51,2.45
,,,Rayneerl,Rival,Wolf Spiders,Eight Legged Freaks,Lunar,32.7,55,4,0.095,0.000,0,4,1321,690,631,2,1,8,4,50.0%,356.9,186.4,170.5,0.54,0.27,2.16,1.08,330.3,172.5,157.8,0.50,0.25,2.00,1.00,4,16,1.08,4.32,1.00,4.00
,,,Drprofessornoah,Rival,Surge,Electric Mayhem,Lunar,31.5,414,27,0.572,0.667,18,9,8344,4770,3574,15,21,36,42,35.7%,299.5,171.2,128.3,0.54,0.75,1.29,1.51,309.0,176.7,132.4,0.56,0.78,1.33,1.56,70,58,2.51,2.08,2.59,2.15
,,,Lickadoss77,Rival,Wind,The Elements,Solar,31.4,775,53,0.513,0.509,27,26,16112,8630,7482,28,29,69,93,30.1%,308.9,165.5,143.4,0.54,0.56,1.32,1.78,304.0,162.8,141.2,0.53,0.55,1.30,1.75,123,119,2.36,2.28,2.32,2.25
,,,Struttrl,Rival,Swiss Swindlers,Cheese Guild,Solar,31.3,763,52,0.429,0.481,25,27,16065,8360,7705,27,27,68,91,29.7%,312.8,162.8,150.0,0.53,0.53,1.32,1.77,308.9,160.8,148.2,0.52,0.52,1.31,1.75,116,139,2.26,2.71,2.23,2.67
,,,Bieles,Rival,Dalmatians,Puppy Paradise,Lunar,31.3,308,24,0.500,0.458,11,13,6553,3240,3313,11,12,24,34,32.4%,316.1,156.3,159.8,0.53,0.58,1.16,1.64,273.0,135.0,138.0,0.46,0.50,1.00,1.42,56,56,2.70,2.70,2.33,2.33
,,,Halfiehour,Rival,Phantoms,The Monster Mash,Lunar,31.0,475,30,0.376,0.267,8,22,10040,5950,4090,28,8,40,75,37.3%,314.1,186.1,127.9,0.88,0.25,1.25,2.35,334.7,198.3,136.3,0.93,0.27,1.33,2.50,62,86,1.94,2.69,2.07,2.87
,,,Way2Luckee,Rival,Vikings,The Sovereign,Lunar,30.5,889,61,0.340,0.328,20,41,17323,9840,7483,36,32,65,139,25.9%,289.5,164.5,125.1,0.60,0.53,1.09,2.32,284.0,161.3,122.7,0.59,0.52,1.07,2.28,120,182,2.01,3.04,1.97,2.98
,,,Then000Bster,Rival,Polaris,The Cosmos,Lunar,30.4,48,4,0.360,0.250,1,3,965,530,435,1,3,5,3,33.3%,298.7,164.1,134.7,0.31,0.93,1.55,0.93,241.3,132.5,108.8,0.25,0.75,1.25,0.75,7,10,2.17,3.10,1.75,2.50
,,,Shewasntready,Rival,Scorpius,The Nexus,Solar,30.1,585,38,0.423,0.395,15,23,11453,6330,5123,24,20,40,93,25.8%,290.9,160.8,130.1,0.61,0.51,1.02,2.36,301.4,166.6,134.8,0.63,0.53,1.05,2.45,87,106,2.21,2.69,2.29,2.79
,,,Pooka2854,Rival,Phantoms,The Monster Mash,Lunar,29.8,701,44,0.417,0.341,15,29,13964,8270,5694,35,19,54,112,31.3%,296.0,175.3,120.7,0.74,0.40,1.14,2.37,317.4,188.0,129.4,0.80,0.43,1.23,2.55,106,131,2.25,2.78,2.41,2.98
,,,Chulainn,Rival,Wind,The Elements,Solar,29.8,600,40,0.492,0.450,18,22,12234,6680,5554,26,13,49,98,26.5%,303.0,165.4,137.5,0.64,0.32,1.21,2.43,305.9,167.0,138.9,0.65,0.33,1.23,2.45,94,96,2.33,2.38,2.35,2.40
,,,Kirisutoh,Rival,Vikings,The Sovereign,Lunar,29.5,60,4,0.319,0.250,1,3,1046,510,536,1,3,3,11,9.1%,259.0,126.3,132.7,0.25,0.74,0.74,2.72,261.5,127.5,134.0,0.25,0.75,0.75,2.75,6,10,1.49,2.48,1.50,2.50
,,,Anserem,Rival,Wolf Spiders,Eight Legged Freaks,Lunar,29.0,801,54,0.329,0.315,17,37,16457,9010,7447,34,20,69,116,29.3%,305.3,167.1,138.1,0.63,0.37,1.28,2.15,304.8,166.9,137.9,0.63,0.37,1.28,2.15,96,152,1.78,2.82,1.78,2.81
,,,Consciousprophit,Rival,Taipans,The Serpents,Solar,28.8,764,53,0.456,0.434,23,30,16013,9470,6543,47,17,57,107,43.9%,311.4,184.2,127.3,0.91,0.33,1.11,2.08,302.1,178.7,123.5,0.89,0.32,1.08,2.02,120,134,2.33,2.61,2.26,2.53
,,,Ziggy.,Rival,"Polar Ice
Cursed","Minty Fresh
Destined",Solar,28.3,230,15,0.478,0.467,7,8,4169,2350,1819,11,6,9,50,22.0%,269.3,151.8,117.5,0.71,0.39,0.58,3.23,277.9,156.7,121.3,0.73,0.40,0.60,3.33,35,37,2.26,2.39,2.33,2.47
,,,Jj.Dunbar,Rival,"Polar Ice
Mozza Marauders","Minty Fresh
Italian Battalion",Solar,28.3,629,41,0.414,0.463,19,22,12570,6770,5800,28,18,42,97,28.9%,296.9,159.9,137.0,0.66,0.43,0.99,2.29,306.6,165.1,141.5,0.68,0.44,1.02,2.37,88,110,2.08,2.60,2.15,2.68
,,,Brainman_18,Rival,"Paladins
Vikings","Dungeons And Double Taps
The Sovereign",Lunar,27.1,350,24,0.253,0.250,6,18,7288,3890,3398,15,7,31,49,30.6%,309.4,165.1,144.3,0.64,0.30,1.32,2.08,303.7,162.1,141.6,0.63,0.29,1.29,2.04,40,79,1.70,3.35,1.67,3.29
,,,Coop,Rival,Leshy,The Forest,Lunar,26.8,791,53,0.448,0.434,23,30,15375,8940,6435,37,22,58,124,29.8%,288.8,167.9,120.9,0.70,0.41,1.09,2.33,290.1,168.7,121.4,0.70,0.42,1.09,2.34,121,138,2.27,2.59,2.28,2.60
,,,Thunda Esq,Rival,Ultraviolet,The Wavelengths,Solar,26.7,245,17,0.452,0.294,5,12,4577,2620,1957,11,10,13,37,29.7%,277.6,158.9,118.7,0.67,0.61,0.79,2.24,269.2,154.1,115.1,0.65,0.59,0.76,2.18,39,44,2.37,2.67,2.29,2.59
,,,Bigboy,Rival,Carrots,The Garden,Solar,26.4,26,2,0.312,0.500,1,1,573,340,233,2,0,2,4,50.0%,327.5,194.3,133.2,1.14,0.00,1.14,2.29,286.5,170.0,116.5,1.00,0.00,1.00,2.00,3,5,1.71,2.86,1.50,2.50
,,,Bioeffect,Rival,Kinetic,Energy,Solar,26.4,730,49,0.402,0.388,19,30,14148,7890,6258,34,24,44,109,31.2%,288.0,160.6,127.4,0.69,0.49,0.90,2.22,288.7,161.0,127.7,0.69,0.49,0.90,2.22,104,134,2.12,2.73,2.12,2.73
,,,Genghizkaan,Rival,"Swiss Swindlers
Bowheads
Mozza Marauders","Cheese Guild
Whale Defense
Italian Battalion",Solar,25.6,468,30,0.293,0.333,10,20,9484,5390,4094,19,12,46,59,32.2%,301.1,171.1,130.0,0.60,0.38,1.46,1.87,316.1,179.7,136.5,0.63,0.40,1.53,1.97,56,98,1.78,3.11,1.87,3.27
,,,Twoslot,Rival,Phantoms,The Monster Mash,Lunar,23.2,80,4,0.374,0.250,1,3,1608,940,668,3,2,9,9,33.3%,298.7,174.6,124.1,0.56,0.37,1.67,1.67,402.0,235.0,167.0,0.75,0.50,2.25,2.25,10,14,1.86,2.60,2.50,3.50
,,,Sirkrow,Rival,Phantoms,The Monster Mash,Lunar,23.2,681,43,0.406,0.326,14,29,13323,7260,6063,23,20,62,86,26.7%,290.7,158.4,132.3,0.50,0.44,1.35,1.88,309.8,168.8,141.0,0.53,0.47,1.44,2.00,99,126,2.16,2.75,2.30,2.93
,,,Koach,Rival,Scorpius,The Nexus,Solar,22.6,505,31,0.368,0.355,11,20,9904,5580,4324,27,12,31,73,37.0%,291.4,164.2,127.2,0.79,0.35,0.91,2.15,319.5,180.0,139.5,0.87,0.39,1.00,2.35,72,101,2.12,2.97,2.32,3.26
,,,Simple,Rival,Taipans,The Serpents,Solar,21.7,226,15,0.322,0.400,6,9,4355,2510,1845,11,6,16,31,35.5%,286.3,165.0,121.3,0.72,0.39,1.05,2.04,290.3,167.3,123.0,0.73,0.40,1.07,2.07,28,45,1.84,2.96,1.87,3.00
,,,Donttakemyrock,Rival,Bowheads,Whale Defense,Solar,21.6,197,14,0.365,0.286,4,10,3656,1960,1696,5,9,16,21,23.8%,275.7,147.8,127.9,0.38,0.68,1.21,1.58,261.1,140.0,121.1,0.36,0.64,1.14,1.50,33,46,2.49,3.47,2.36,3.29
,,,Tragic Event,Rival,"Swiss Swindlers
Scorpius","Cheese Guild
The Nexus",Solar,21.4,263,17,0.278,0.294,5,12,4900,2450,2450,8,10,16,35,22.9%,276.8,138.4,138.4,0.45,0.56,0.90,1.98,288.2,144.1,144.1,0.47,0.59,0.94,2.06,28,52,1.58,2.94,1.65,3.06
,,,Theonlycrow2929,Rival,Cursed,Destined,Solar,20.9,133,9,0.588,0.667,6,3,2580,1370,1210,6,4,8,17,35.3%,288.2,153.1,135.2,0.67,0.45,0.89,1.90,286.7,152.2,134.4,0.67,0.44,0.89,1.89,25,20,2.79,2.23,2.78,2.22
,,,Tr1Ppn,Rival,Horus,Pantheon,Lunar,20.2,134,10,0.246,0.200,2,8,2586,1420,1166,7,2,8,22,31.8%,286.7,157.5,129.3,0.78,0.22,0.89,2.44,258.6,142.0,116.6,0.70,0.20,0.80,2.20,13,27,1.44,2.99,1.30,2.70
,,,Tvveedle,Rival,Anubis,The Gods,Lunar,18.8,216,14,0.272,0.357,5,9,4334,2210,2124,8,4,19,26,30.8%,298.1,152.0,146.1,0.55,0.28,1.31,1.79,309.6,157.9,151.7,0.57,0.29,1.36,1.86,24,45,1.65,3.10,1.71,3.21
,,,Stallee,Rival,Wolf Spiders,Eight Legged Freaks,Lunar,18.1,716,48,0.326,0.333,16,32,13778,7290,6488,30,10,54,109,27.5%,285.9,151.3,134.6,0.62,0.21,1.12,2.26,287.0,151.9,135.2,0.63,0.21,1.13,2.27,83,133,1.72,2.76,1.73,2.77
,,,Mounke1,Rival,Carrots,The Garden,Solar,16.9,92,6,0.430,0.333,2,4,1675,750,925,2,2,6,15,13.3%,270.5,121.1,149.4,0.32,0.32,0.97,2.42,279.2,125.0,154.2,0.33,0.33,1.00,2.50,9,11,1.45,1.78,1.50,1.83
,,,Ma410,Rival,"Blizzards
Phantoms","Storm
The Monster Mash",Lunar,16.7,98,6,0.240,0.167,1,5,1659,820,839,2,5,5,12,16.7%,251.5,124.3,127.2,0.30,0.76,0.76,1.82,276.5,136.7,139.8,0.33,0.83,0.83,2.00,13,26,1.97,3.94,2.17,4.33
,,,Azazel,Rival,Bowheads,Whale Defense,Solar,16.0,647,44,0.255,0.227,10,34,12165,6000,6165,19,15,50,85,22.4%,279.4,137.8,141.6,0.44,0.34,1.15,1.95,276.5,136.4,140.1,0.43,0.34,1.14,1.93,72,142,1.65,3.26,1.64,3.23
,,,Galvarino,Rival,Polar Bears,The Bear Den,Lunar,15.9,716,43,0.447,0.419,18,25,12626,7150,5476,28,29,41,85,32.9%,262.0,148.4,113.6,0.58,0.60,0.85,1.76,293.6,166.3,127.3,0.65,0.67,0.95,1.98,111,127,2.30,2.64,2.58,2.95
,,,Stellar,Rival,Carrots,The Garden,Solar,15.5,382,25,0.360,0.400,10,15,6358,3120,3238,10,12,17,67,14.9%,247.3,121.4,125.9,0.39,0.47,0.66,2.61,254.3,124.8,129.5,0.40,0.48,0.68,2.68,46,67,1.79,2.61,1.84,2.68
,,,Merioch,Rival,Anubis,The Gods,Lunar,14.7,54,4,0.365,0.250,1,3,1063,550,513,1,1,7,5,20.0%,292.5,151.3,141.2,0.28,0.28,1.93,1.38,265.8,137.5,128.3,0.25,0.25,1.75,1.25,7,10,1.93,2.75,1.75,2.50
,,,Lazaryo,Rival,Scorpius,The Nexus,Solar,13.3,308,20,0.326,0.300,6,14,5722,3230,2492,16,5,19,43,37.2%,276.0,155.8,120.2,0.77,0.24,0.92,2.07,286.1,161.5,124.6,0.80,0.25,0.95,2.15,42,66,2.03,3.18,2.10,3.30
,,,Damian557,Rival,Surge,Electric Mayhem,Lunar,10.6,69,4,0.543,0.500,2,2,1095,600,495,3,3,1,10,30.0%,235.8,129.2,106.6,0.65,0.65,0.22,2.15,273.8,150.0,123.8,0.75,0.75,0.25,2.50,9,8,1.94,1.72,2.25,2.00
,,,Osoghost,Rival,Raisin Racket,Snack Syndicate,Lunar,10.1,60,4,0.770,0.500,2,2,936,450,486,1,2,3,10,10.0%,231.8,111.4,120.4,0.25,0.50,0.74,2.48,234.0,112.5,121.5,0.25,0.50,0.75,2.50,13,6,3.22,1.49,3.25,1.50
,,,Dust,Rival,"Ocelots
Carrots","The Jungle
The Garden",Solar,9.4,110,8,0.289,0.250,2,6,2009,1020,989,2,2,12,12,16.7%,271.4,137.8,133.6,0.27,0.27,1.62,1.62,251.1,127.5,123.6,0.25,0.25,1.50,1.50,11,20,1.49,2.70,1.38,2.50
,,,Nano,Rival,Polar Ice,Minty Fresh,Solar,5.1,67,5,0.315,0.200,1,4,1130,550,580,2,1,4,10,20.0%,250.6,122.0,128.6,0.44,0.22,0.89,2.22,226.0,110.0,116.0,0.40,0.20,0.80,2.00,10,16,2.22,3.55,2.00,3.20
,,,Gameymcgamertag,Rival,Polar Ice,Minty Fresh,Solar,5.1,54,4,0.201,0.250,1,3,919,490,429,1,2,5,4,25.0%,252.9,134.8,118.0,0.28,0.55,1.38,1.10,229.8,122.5,107.3,0.25,0.50,1.25,1.00,6,14,1.65,3.85,1.50,3.50
,,,Superduperbam,Rival,"Dalmatians
Ocelots","Puppy Paradise
The Jungle",Solar,1.9,53,4,0.196,0.000,0,4,930,500,430,2,1,4,5,40.0%,260.7,140.2,120.5,0.56,0.28,1.12,1.40,232.5,125.0,107.5,0.50,0.25,1.00,1.25,7,16,1.96,4.49,1.75,4.00
,,,Dendro,Rival,"Paladins
Scorpius","Dungeons And Double Taps
The Nexus",Solar,-0.5,344,24,0.232,0.167,4,20,5735,3010,2725,8,8,30,31,25.8%,247.7,130.0,117.7,0.35,0.35,1.30,1.34,239.0,125.4,113.5,0.33,0.33,1.25,1.29,39,82,1.68,3.54,1.63,3.42
,,,Carnagewolfbite,Rival,Chromium,Metal,Solar,-2.1,67,4,0.829,0.750,3,1,1024,570,454,2,0,5,12,16.7%,227.1,126.4,100.7,0.44,0.00,1.11,2.66,256.0,142.5,113.5,0.50,0.00,1.25,3.00,12,4,2.66,0.89,3.00,1.00
,,,Prometiumz,Rival,Kinetic,Energy,Solar,-3.1,64,5,0.611,0.600,3,2,912,420,492,2,1,1,12,16.7%,211.7,97.5,114.2,0.46,0.23,0.23,2.79,182.4,84.0,98.4,0.40,0.20,0.20,2.40,12,9,2.79,2.09,2.40,1.80
,,,Dylon37,Rival,"Bowheads
Scorpius
Polaris","Whale Defense
The Nexus
The Cosmos",Solar,-3.7,197,14,0.291,0.143,2,12,3259,1450,1809,2,5,17,15,13.3%,245.8,109.4,136.4,0.15,0.38,1.28,1.13,232.8,103.6,129.2,0.14,0.36,1.21,1.07,20,36,1.51,2.72,1.43,2.57
,,,Wheelchair {Lflegs},Rival,Bowheads,Whale Defense,Solar,-6.2,47,4,0.141,0.000,0,4,650,340,310,0,2,4,4,0.0%,205.5,107.5,98.0,0.00,0.63,1.26,1.26,162.5,85.0,77.5,0.00,0.50,1.00,1.00,3,10,0.95,3.16,0.75,2.50
,,,Cronus,Rival,Polaris,The Cosmos,Lunar,-10.9,58,4,0.205,0.000,0,4,922,390,532,0,1,6,4,0.0%,236.2,99.9,136.3,0.00,0.26,1.54,1.02,230.5,97.5,133.0,0.00,0.25,1.50,1.00,6,14,1.54,3.59,1.50,3.50
,,,R4Ppp,Rival,Wolf Spiders,Eight Legged Freaks,Lunar,-15.5,55,4,0.095,0.000,0,4,858,410,448,2,0,3,6,33.3%,231.8,110.8,121.0,0.54,0.00,0.81,1.62,214.5,102.5,112.0,0.50,0.00,0.75,1.50,4,16,1.08,4.32,1.00,4.00
,,,Pythagorjags,Rival,Mozza Marauders,Italian Battalion,Lunar,-25.5,123,8,0.143,0.125,1,7,1533,740,793,2,1,7,14,14.3%,185.2,89.4,95.8,0.24,0.12,0.85,1.69,191.6,92.5,99.1,0.25,0.13,0.88,1.75,10,31,1.21,3.74,1.25,3.88
,,,Khev_,Prospect,Earth,The Elements,Solar,86.2,540,40,0.530,0.475,19,21,16256,9360,6896,39,30,60,96,40.6%,421.2,242.5,178.7,1.01,0.78,1.55,2.49,406.4,234.0,172.4,0.98,0.75,1.50,2.40,95,88,2.46,2.28,2.38,2.20
,,,Missionaryjackk,Prospect,Jersey Devils,The Forest,Lunar,84.0,626,44,0.686,0.705,31,13,17929,11280,6649,64,26,42,148,43.2%,400.7,252.1,148.6,1.43,0.58,0.94,3.31,407.5,256.4,151.1,1.45,0.59,0.95,3.36,149,92,3.33,2.06,3.39,2.09
,,,Thefrostnl,Prospect,Iron,Metal,Solar,80.2,217,16,0.660,0.688,11,5,6330,3780,2550,19,7,21,48,39.6%,408.1,243.7,164.4,1.23,0.45,1.35,3.09,395.6,236.3,159.4,1.19,0.44,1.31,3.00,43,28,2.77,1.81,2.69,1.75
,,,Grobber22,Prospect,Sonic,Energy,Solar,79.9,613,44,0.637,0.636,28,16,17242,9940,7302,37,30,70,124,29.8%,393.6,226.9,166.7,0.84,0.68,1.60,2.83,391.9,225.9,166.0,0.84,0.68,1.59,2.82,114,79,2.60,1.80,2.59,1.80
,,,D3Wly,Prospect,Funnel-Webs,Eight Legged Freaks,Lunar,77.8,637,47,0.540,0.596,28,19,18018,11320,6698,55,24,65,137,40.1%,395.8,248.6,147.1,1.21,0.53,1.43,3.01,383.4,240.9,142.5,1.17,0.51,1.38,2.91,113,102,2.48,2.24,2.40,2.17
,,,Justlaben,Prospect,Jersey Devils,The Forest,Lunar,74.8,447,31,0.681,0.710,22,9,12550,7180,5370,34,17,41,88,38.6%,392.8,224.7,168.1,1.06,0.53,1.28,2.75,404.8,231.6,173.2,1.10,0.55,1.32,2.84,97,60,3.04,1.88,3.13,1.94
,,,Donyvan,Prospect,"Cherried Crepes
Infrared","The Bakery
The Wavelengths",Lunar,74.2,678,48,0.671,0.688,33,15,18614,11600,7014,56,27,65,140,40.0%,384.1,239.4,144.7,1.16,0.56,1.34,2.89,387.8,241.7,146.1,1.17,0.56,1.35,2.92,132,83,2.72,1.71,2.75,1.73
,,,Financial Greed,Prospect,Sonic,Energy,Solar,74.2,99,6,0.669,0.667,4,2,2508,1400,1108,4,8,9,15,26.7%,354.5,197.9,156.6,0.57,1.13,1.27,2.12,418.0,233.3,184.7,0.67,1.33,1.50,2.50,19,12,2.69,1.70,3.17,2.00
,,,Mk Mkof,Prospect,Sonic,Energy,Solar,73.0,626,46,0.640,0.609,28,18,17240,10160,7080,54,25,46,121,44.6%,385.3,227.1,158.2,1.21,0.56,1.03,2.70,374.8,220.9,153.9,1.17,0.54,1.00,2.63,123,85,2.75,1.90,2.67,1.85
,,,Made By Miraj,Prospect,"Undead
Kali","Destined
The Gods",Solar,72.4,53,5,0.298,0.200,1,4,1462,700,762,3,2,4,10,30.0%,386.0,184.8,201.2,0.79,0.53,1.06,2.64,292.4,140.0,152.4,0.60,0.40,0.80,2.00,7,12,1.85,3.17,1.40,2.40
,,,Jandr,Prospect,Sparks,Electric Mayhem,Lunar,70.6,79,6,0.444,0.333,2,4,2107,1210,897,6,5,5,11,54.5%,373.2,214.3,158.9,1.06,0.89,0.89,1.95,351.2,201.7,149.5,1.00,0.83,0.83,1.83,13,15,2.30,2.66,2.17,2.50
,,,Yaboijeans,Prospect,Muenster Misfits,Cheese Guild,Solar,70.4,487,33,0.505,0.545,18,15,13500,8080,5420,46,10,38,108,42.6%,387.9,232.1,155.7,1.32,0.29,1.09,3.10,409.1,244.8,164.2,1.39,0.30,1.15,3.27,88,87,2.53,2.50,2.67,2.64
,,,Nacho,Prospect,Chicken Parm,Fifty-Fifty Pizzeria,Solar,70.2,781,52,0.534,0.519,27,25,20430,12370,8060,59,30,66,167,35.3%,366.0,221.6,144.4,1.06,0.54,1.18,2.99,392.9,237.9,155.0,1.13,0.58,1.27,3.21,128,117,2.29,2.10,2.46,2.25
,,,Rebarbative,Prospect,Iron,Metal,Solar,68.2,62,4,0.651,0.500,2,2,1318,910,408,4,4,3,16,25.0%,297.4,205.4,92.1,0.90,0.90,0.68,3.61,329.5,227.5,102.0,1.00,1.00,0.75,4.00,12,8,2.71,1.81,3.00,2.00
,,,Rayneerl,Prospect,Funnel-Webs,Eight Legged Freaks,Lunar,68.1,416,32,0.528,0.594,19,13,11003,5940,5063,24,16,39,79,30.4%,370.1,199.8,170.3,0.81,0.54,1.31,2.66,343.8,185.6,158.2,0.75,0.50,1.22,2.47,73,68,2.46,2.29,2.28,2.13
,,,Jshmn2008,Prospect,Iron,Metal,Solar,67.8,572,42,0.570,0.571,24,18,14543,8050,6493,32,23,50,120,26.7%,355.7,196.9,158.8,0.78,0.56,1.22,2.94,346.3,191.7,154.6,0.76,0.55,1.19,2.86,102,85,2.50,2.08,2.43,2.02
,,,Viiiccc,Prospect,Earth,The Elements,Solar,67.5,376,24,0.634,0.583,14,10,9688,5530,4158,22,16,36,73,30.1%,360.5,205.8,154.7,0.82,0.60,1.34,2.72,403.7,230.4,173.3,0.92,0.67,1.50,3.04,74,52,2.75,1.94,3.08,2.17
,,,Ducky,Prospect,"Peons
Earth","Dungeons And Double Taps
The Elements",Solar,66.6,299,24,0.449,0.458,11,13,8187,4310,3877,15,8,37,56,26.8%,383.1,201.7,181.4,0.70,0.37,1.73,2.62,341.1,179.6,161.5,0.63,0.33,1.54,2.33,41,47,1.92,2.20,1.71,1.96
,,,Logicc,Prospect,Muenster Misfits,Cheese Guild,Solar,66.6,553,37,0.479,0.541,20,17,14044,7720,6324,34,24,41,107,31.8%,355.3,195.3,160.0,0.86,0.61,1.04,2.71,379.6,208.6,170.9,0.92,0.65,1.11,2.89,91,96,2.30,2.43,2.46,2.59
,,,Logixaal,Prospect,Jersey Devils,The Forest,Lunar,66.2,682,48,0.690,0.729,35,13,16199,9880,6319,44,44,41,123,35.8%,332.3,202.7,129.6,0.90,0.90,0.84,2.52,337.5,205.8,131.6,0.92,0.92,0.85,2.56,158,96,3.24,1.97,3.29,2.00
,,,Blu3Prints,Prospect,Green Beans,The Garden,Solar,66.0,528,38,0.607,0.632,24,14,13076,7310,5766,31,22,40,111,27.9%,346.5,193.7,152.8,0.82,0.58,1.06,2.94,344.1,192.4,151.7,0.82,0.58,1.05,2.92,92,69,2.44,1.83,2.42,1.82
,,,Modoz,Prospect,Cherried Crepes,The Bakery,Lunar,65.4,375,26,0.756,0.808,21,5,9534,5330,4204,22,17,32,68,32.4%,355.7,198.9,156.9,0.82,0.63,1.19,2.54,366.7,205.0,161.7,0.85,0.65,1.23,2.62,78,37,2.91,1.38,3.00,1.42
,,,Humd1Gger,Prospect,Iron,Metal,Solar,64.5,155,12,0.583,0.750,9,3,4142,2350,1792,9,6,18,25,36.0%,373.9,212.1,161.8,0.81,0.54,1.62,2.26,345.2,195.8,149.3,0.75,0.50,1.50,2.08,32,26,2.89,2.35,2.67,2.17
,,,Rutherford The Great,Prospect,Beagles,Puppy Paradise,Lunar,64.3,413,29,0.484,0.517,15,14,10530,6080,4450,30,18,29,73,41.1%,356.7,206.0,150.8,1.02,0.61,0.98,2.47,363.1,209.7,153.4,1.03,0.62,1.00,2.52,73,76,2.47,2.57,2.52,2.62
,,,Dyl,Prospect,Jersey Devils,The Forest,Lunar,63.1,453,33,0.688,0.697,23,10,10707,6060,4647,29,26,21,81,35.8%,330.7,187.2,143.5,0.90,0.80,0.65,2.50,324.5,183.6,140.8,0.88,0.79,0.64,2.45,109,67,3.37,2.07,3.30,2.03
,,,Wendeezfofofo,Prospect,Cherried Crepes,The Bakery,Lunar,62.1,679,46,0.643,0.630,29,17,16840,9840,7000,35,35,70,109,32.1%,347.0,202.8,144.2,0.72,0.72,1.44,2.25,366.1,213.9,152.2,0.76,0.76,1.52,2.37,129,88,2.66,1.81,2.80,1.91
,,,Iamhoba,Prospect,Kali,The Gods,Lunar,61.4,641,47,0.439,0.426,20,27,15702,8840,6862,40,23,48,129,31.0%,342.7,193.0,149.8,0.87,0.50,1.05,2.82,334.1,188.1,146.0,0.85,0.49,1.02,2.74,101,118,2.20,2.58,2.15,2.51
,,,Jme,Prospect,"Peons
Green Beans","Dungeons And Double Taps
The Garden",Solar,60.3,290,19,0.474,0.421,8,11,6842,4220,2622,19,11,23,62,30.6%,330.1,203.6,126.5,0.92,0.53,1.11,2.99,360.1,222.1,138.0,1.00,0.58,1.21,3.26,41,44,1.98,2.12,2.16,2.32
,,,Tabernakdecalis,Prospect,Spearmint,Minty Fresh,Solar,60.2,372,29,0.507,0.552,16,13,9507,5390,4117,16,15,49,59,27.1%,357.6,202.7,154.9,0.60,0.56,1.84,2.22,327.8,185.9,142.0,0.55,0.52,1.69,2.03,58,57,2.18,2.14,2.00,1.97
,,,Ark,Prospect,Dark Matter,The Cosmos,Lunar,60.2,68,5,0.575,0.600,3,2,1647,1050,597,5,2,6,15,33.3%,338.9,216.1,122.8,1.03,0.41,1.23,3.09,329.4,210.0,119.4,1.00,0.40,1.20,3.00,11,9,2.26,1.85,2.20,1.80
,,,Avoidedemu,Prospect,"Peons
Chicken Parm","Dungeons And Double Taps
Fifty-Fifty Pizzeria",Solar,57.3,71,6,0.500,0.500,3,3,1606,920,686,4,4,4,12,33.3%,316.5,181.3,135.2,0.79,0.79,0.79,2.36,267.7,153.3,114.3,0.67,0.67,0.67,2.00,12,12,2.36,2.36,2.00,2.00
,,,Xisle,Prospect,Sparks,Electric Mayhem,Lunar,57.1,519,38,0.535,0.526,20,18,12997,7630,5367,32,17,54,88,36.4%,350.4,205.7,144.7,0.86,0.46,1.46,2.37,342.0,200.8,141.2,0.84,0.45,1.42,2.32,93,85,2.51,2.29,2.45,2.24
,,,Kbm Grifter,Prospect,Green Beans,The Garden,Solar,56.6,483,36,0.637,0.639,23,13,11284,6310,4974,29,21,30,86,33.7%,326.9,182.8,144.1,0.84,0.61,0.87,2.49,313.4,175.3,138.2,0.81,0.58,0.83,2.39,87,60,2.52,1.74,2.42,1.67
,,,Breadmg,Prospect,Undead,Destined,Solar,56.5,617,44,0.532,0.523,23,21,13517,7640,5877,27,34,42,114,23.7%,306.5,173.3,133.3,0.61,0.77,0.95,2.59,307.2,173.6,133.6,0.61,0.77,0.95,2.59,97,89,2.20,2.02,2.20,2.02
,,,Phteven,Prospect,Shiva,Pantheon,Lunar,55.6,519,36,0.427,0.444,16,20,12254,6750,5504,28,19,41,95,29.5%,330.4,182.0,148.4,0.75,0.51,1.11,2.56,340.4,187.5,152.9,0.78,0.53,1.14,2.64,84,101,2.26,2.72,2.33,2.81
,,,Riko,Prospect,Iron,Metal,Solar,55.5,442,33,0.548,0.606,20,13,10864,6210,4654,28,14,39,76,36.8%,343.9,196.6,147.3,0.89,0.44,1.23,2.41,329.2,188.2,141.0,0.85,0.42,1.18,2.30,76,67,2.41,2.12,2.30,2.03
,,,Yourboiblue,Prospect,"Dark Matter
Sparks","The Cosmos
Electric Mayhem",Lunar,54.8,533,39,0.580,0.538,21,18,13050,7450,5600,41,11,35,105,39.0%,342.6,195.6,147.0,1.08,0.29,0.92,2.76,334.6,191.0,143.6,1.05,0.28,0.90,2.69,95,77,2.49,2.02,2.44,1.97
,,,Bobbo174,Prospect,Koala Bears,The Bear Den,Lunar,52.7,615,46,0.392,0.413,19,27,15538,7920,7618,22,20,78,82,26.8%,353.5,180.2,173.3,0.50,0.46,1.77,1.87,337.8,172.2,165.6,0.48,0.43,1.70,1.78,85,113,1.93,2.57,1.85,2.46
,,,Goldenkiwi.,Prospect,Green Beans,The Garden,Solar,52.7,393,28,0.600,0.571,16,12,9246,5570,3676,27,14,30,67,40.3%,329.2,198.3,130.9,0.96,0.50,1.07,2.39,330.2,198.9,131.3,0.96,0.50,1.07,2.39,74,57,2.63,2.03,2.64,2.04
,,,Theman,Prospect,Cherried Crepes,The Bakery,Lunar,52.3,113,8,0.500,0.625,5,3,2887,1760,1127,10,3,9,16,62.5%,357.5,217.9,139.5,1.24,0.37,1.11,1.98,360.9,220.0,140.9,1.25,0.38,1.13,2.00,20,20,2.48,2.48,2.50,2.50
,,,Peppytoes,Prospect,Cherried Crepes,The Bakery,Lunar,51.6,295,20,0.554,0.500,10,10,6699,3950,2749,20,12,17,50,40.0%,317.7,187.3,130.4,0.95,0.57,0.81,2.37,335.0,197.5,137.5,1.00,0.60,0.85,2.50,54,47,2.56,2.23,2.70,2.35
,,,Ark0002,Prospect,Dark Matter,The Cosmos,Lunar,50.9,353,23,0.473,0.478,11,12,7869,4810,3059,20,15,29,61,32.8%,311.9,190.7,121.2,0.79,0.59,1.15,2.42,342.1,209.1,133.0,0.87,0.65,1.26,2.65,54,58,2.14,2.30,2.35,2.52
,,,Bigpugg,Prospect,Chicken Parm,Fifty-Fifty Pizzeria,Solar,50.8,670,45,0.574,0.600,27,18,15518,8680,6838,37,21,55,118,31.4%,324.1,181.3,142.8,0.77,0.44,1.15,2.46,344.8,192.9,152.0,0.82,0.47,1.22,2.62,119,98,2.49,2.05,2.64,2.18
,,,Avgjohnson,Prospect,"Kali
The Drowned","The Gods
Seas Despair",Lunar,50.2,506,35,0.402,0.400,14,21,11404,6370,5034,25,19,41,87,28.7%,315.3,176.1,139.2,0.69,0.53,1.13,2.41,325.8,182.0,143.8,0.71,0.54,1.17,2.49,72,93,1.99,2.57,2.06,2.66
,,,Doctorprofessor_,Prospect,Undead,Destined,Solar,50.1,673,48,0.511,0.521,25,23,16030,8880,7150,37,14,65,123,30.1%,333.3,184.6,148.7,0.77,0.29,1.35,2.56,334.0,185.0,149.0,0.77,0.29,1.35,2.56,106,103,2.20,2.14,2.21,2.15
,,,Onlyjammer,Prospect,Beagles,Puppy Paradise,Lunar,49.7,564,40,0.419,0.450,18,22,12904,7340,5564,27,18,55,99,27.3%,320.1,182.1,138.0,0.67,0.45,1.36,2.46,322.6,183.5,139.1,0.68,0.45,1.38,2.48,87,107,2.16,2.65,2.18,2.68
,,,Zenith,Prospect,Koala Bears,The Bear Den,Lunar,49.3,460,35,0.384,0.429,15,20,11049,6080,4969,27,12,41,73,37.0%,336.1,184.9,151.1,0.82,0.37,1.25,2.22,315.7,173.7,142.0,0.77,0.34,1.17,2.09,65,88,1.98,2.68,1.86,2.51
,,,Abeillonnaise,Prospect,Shiva,Pantheon,Lunar,49.2,319,23,0.409,0.391,9,14,6959,3730,3229,16,12,19,58,27.6%,305.2,163.6,141.6,0.70,0.53,0.83,2.54,302.6,162.2,140.4,0.70,0.52,0.83,2.52,44,56,1.93,2.46,1.91,2.43
,,,Honeybadgermo,Prospect,Green Beans,The Garden,Solar,48.9,387,28,0.648,0.714,20,8,8795,5110,3685,20,11,37,71,28.2%,318.0,184.8,133.2,0.72,0.40,1.34,2.57,314.1,182.5,131.6,0.71,0.39,1.32,2.54,69,46,2.49,1.66,2.46,1.64
,,,Gameymcgamertag,Prospect,Spearmint,Minty Fresh,Solar,48.3,597,44,0.458,0.500,22,22,14065,7820,6245,27,20,65,87,31.0%,329.6,183.3,146.4,0.63,0.47,1.52,2.04,319.7,177.7,141.9,0.61,0.45,1.48,1.98,85,95,1.99,2.23,1.93,2.16
,,,Blindvisionary,Prospect,Earth,The Elements,Solar,48.2,572,38,0.557,0.526,20,18,12486,7120,5366,34,21,33,102,33.3%,305.4,174.2,131.3,0.83,0.51,0.81,2.50,328.6,187.4,141.2,0.89,0.55,0.87,2.68,102,88,2.50,2.15,2.68,2.32
,,,Perryxpotter,Prospect,"Chicken Parm
Kali
Iron
Green Beans","Fifty-Fifty Pizzeria
The Gods
Metal
The Garden",Solar,47.4,367,27,0.595,0.481,13,14,7746,4180,3566,19,18,16,58,32.8%,295.3,159.4,136.0,0.72,0.69,0.61,2.21,286.9,154.8,132.1,0.70,0.67,0.59,2.15,68,53,2.59,2.02,2.52,1.96
,,,Dillynmario,Prospect,"Iron
Green Beans","Metal
The Garden",Solar,47.3,205,16,0.545,0.625,10,6,4444,2600,1844,13,8,11,35,37.1%,303.3,177.5,125.9,0.89,0.55,0.75,2.39,277.8,162.5,115.3,0.81,0.50,0.69,2.19,37,33,2.53,2.25,2.31,2.06
,,,Mogulmaniac5480,Prospect,Dark Matter,The Cosmos,Lunar,46.5,627,44,0.512,0.500,22,22,14340,7790,6550,28,21,60,94,29.8%,320.0,173.8,146.2,0.62,0.47,1.34,2.10,325.9,177.0,148.9,0.64,0.48,1.36,2.14,99,96,2.21,2.14,2.25,2.18
,,,Benpie24,Prospect,Kali,The Gods,Lunar,46.2,562,40,0.484,0.450,18,22,12346,7260,5086,30,19,47,96,31.3%,307.4,180.7,126.6,0.75,0.47,1.17,2.39,308.7,181.5,127.2,0.75,0.48,1.18,2.40,94,98,2.34,2.44,2.35,2.45
,,,Xkilk,Prospect,"The Drowned
Earth","Seas Despair
The Elements",Solar,45.9,89,8,0.412,0.375,3,5,2156,1150,1006,5,1,9,15,33.3%,338.9,180.8,158.2,0.79,0.16,1.41,2.36,269.5,143.8,125.8,0.63,0.13,1.13,1.88,11,14,1.73,2.20,1.38,1.75
,,,Tat Pitts,Prospect,Muenster Misfits,Cheese Guild,Solar,45.3,494,34,0.472,0.471,16,18,10650,6000,4650,23,21,38,75,30.7%,301.6,169.9,131.7,0.65,0.59,1.08,2.12,313.2,176.5,136.8,0.68,0.62,1.12,2.21,79,85,2.24,2.41,2.32,2.50
,,,Cooper.,Prospect,Infrared,The Wavelengths,Solar,44.4,494,38,0.300,0.368,14,24,11649,6020,5629,23,13,48,67,34.3%,329.9,170.5,159.4,0.65,0.37,1.36,1.90,306.6,158.4,148.1,0.61,0.34,1.26,1.76,59,102,1.67,2.89,1.55,2.68
,,,Smitty,Prospect,"Kali
Cherried Crepes
Infrared","The Gods
The Bakery
The Wavelengths",Lunar,44.3,288,22,0.508,0.500,11,11,6632,3800,2832,16,7,28,45,35.6%,322.2,184.6,137.6,0.78,0.34,1.36,2.19,301.5,172.7,128.7,0.73,0.32,1.27,2.05,47,46,2.28,2.23,2.14,2.09
,,,Therumkage,Prospect,Peons,Dungeons And Double Taps,Solar,44.3,473,37,0.369,0.324,12,25,10749,5420,5329,18,13,45,72,25.0%,318.0,160.3,157.6,0.53,0.38,1.33,2.13,290.5,146.5,144.0,0.49,0.35,1.22,1.95,62,88,1.83,2.60,1.68,2.38
,,,Kflip11,Prospect,Shiva,Pantheon,Lunar,44.2,678,48,0.469,0.458,22,26,15235,8090,7145,35,22,50,99,35.4%,314.4,167.0,147.5,0.72,0.45,1.03,2.04,317.4,168.5,148.9,0.73,0.46,1.04,2.06,108,117,2.23,2.41,2.25,2.44
,,,Itsjustcrimm,Prospect,The Drowned,Seas Despair,Lunar,42.7,605,41,0.436,0.415,17,24,12842,6800,6042,27,22,41,95,28.4%,297.0,157.3,139.7,0.62,0.51,0.95,2.20,313.2,165.9,147.4,0.66,0.54,1.00,2.32,87,103,2.01,2.38,2.12,2.51
,,,Nitemarerl,Prospect,Spearmint,Minty Fresh,Solar,42.3,547,40,0.458,0.500,20,20,11749,5850,5899,26,10,34,105,24.8%,300.5,149.6,150.9,0.67,0.26,0.87,2.69,293.7,146.3,147.5,0.65,0.25,0.85,2.63,77,86,1.97,2.20,1.93,2.15
,,,Soba_Man,Prospect,Dark Matter,The Cosmos,Lunar,42.2,298,21,0.492,0.476,10,11,6124,3330,2794,13,10,20,53,24.5%,287.5,156.4,131.2,0.61,0.47,0.94,2.49,291.6,158.6,133.0,0.62,0.48,0.95,2.52,46,47,2.16,2.21,2.19,2.24
,,,Razzr Elite,Prospect,Sonic,Energy,Solar,42.0,669,48,0.641,0.625,30,18,14267,7790,6477,33,25,45,99,33.3%,298.4,162.9,135.5,0.69,0.52,0.94,2.07,297.2,162.3,134.9,0.69,0.52,0.94,2.06,128,88,2.68,1.84,2.67,1.83
,,,Perk_At_Play,Prospect,Sparks,Electric Mayhem,Lunar,41.8,474,34,0.452,0.382,13,21,10757,6060,4697,26,11,44,71,36.6%,317.5,178.9,138.6,0.77,0.32,1.30,2.10,316.4,178.2,138.1,0.76,0.32,1.29,2.09,77,87,2.27,2.57,2.26,2.56
,,,Decebalus,Prospect,Funnel-Webs,Eight Legged Freaks,Lunar,41.2,502,36,0.552,0.639,23,13,10534,5370,5164,21,20,31,72,29.2%,293.6,149.7,143.9,0.59,0.56,0.86,2.01,292.6,149.2,143.4,0.58,0.56,0.86,2.00,88,77,2.45,2.15,2.44,2.14
,,,Suxze,Prospect,"Muenster Misfits
The Drowned","Cheese Guild
Seas Despair",Lunar,39.5,412,28,0.459,0.500,14,14,8666,4630,4036,19,11,30,68,27.9%,294.3,157.2,137.1,0.65,0.37,1.02,2.31,309.5,165.4,144.1,0.68,0.39,1.07,2.43,62,69,2.11,2.34,2.21,2.46
,,,Bucknekkid15,Prospect,The Drowned,Seas Despair,Lunar,39.2,644,43,0.448,0.419,18,25,13344,7280,6064,35,16,37,113,31.0%,289.9,158.2,131.7,0.76,0.35,0.80,2.46,310.3,169.3,141.0,0.81,0.37,0.86,2.63,96,110,2.09,2.39,2.23,2.56
,,,I Grades I,Prospect,Peons,Dungeons And Double Taps,Solar,38.8,144,11,0.219,0.091,1,10,3110,1760,1350,8,2,12,26,30.8%,302.2,171.0,131.2,0.78,0.19,1.17,2.53,282.7,160.0,122.7,0.73,0.18,1.09,2.36,14,32,1.36,3.11,1.27,2.91
,,,Astarte,Prospect,Peons,Dungeons And Double Taps,Solar,37.9,118,8,0.277,0.125,1,7,2690,1410,1280,7,2,9,16,43.8%,319.0,167.2,151.8,0.83,0.24,1.07,1.90,336.3,176.3,160.0,0.88,0.25,1.13,2.00,18,32,2.13,3.79,2.25,4.00
,,,Drivingwebster,Prospect,Shiva,Pantheon,Lunar,37.7,707,49,0.449,0.449,22,27,14961,8880,6081,38,21,60,103,36.9%,296.1,175.7,120.3,0.75,0.42,1.19,2.04,305.3,181.2,124.1,0.78,0.43,1.22,2.10,115,131,2.28,2.59,2.35,2.67
,,,Dafiya711,Prospect,Sparks,Electric Mayhem,Lunar,37.4,435,33,0.505,0.485,16,17,8969,4920,4049,20,15,31,62,32.3%,288.5,158.3,130.2,0.64,0.48,1.00,1.99,271.8,149.1,122.7,0.61,0.45,0.94,1.88,74,73,2.38,2.35,2.24,2.21
,,,Redwinglegendayg,Prospect,"Infrared
Undead","The Wavelengths
Destined",Solar,37.0,339,25,0.286,0.400,10,15,7687,4020,3667,15,7,35,42,35.7%,317.3,165.9,151.4,0.62,0.29,1.44,1.73,307.5,160.8,146.7,0.60,0.28,1.40,1.68,38,69,1.57,2.85,1.52,2.76
,,,Sleepy Harlow,Prospect,Undead,Destined,Solar,35.0,586,40,0.537,0.550,22,18,11356,6890,4466,34,16,33,104,32.7%,271.1,164.5,106.6,0.81,0.38,0.79,2.48,283.9,172.3,111.7,0.85,0.40,0.83,2.60,98,89,2.34,2.13,2.45,2.23
,,,Shogun,Prospect,Beagles,Puppy Paradise,Lunar,34.8,410,28,0.363,0.321,9,19,8839,4700,4139,16,11,41,50,32.0%,301.6,160.4,141.2,0.55,0.38,1.40,1.71,315.7,167.9,147.8,0.57,0.39,1.46,1.79,51,74,1.74,2.53,1.82,2.64
,,,Nightraptor04,Prospect,Beagles,Puppy Paradise,Lunar,34.3,662,48,0.383,0.396,19,29,13213,7160,6053,32,19,40,101,31.7%,279.3,151.3,127.9,0.68,0.40,0.85,2.13,275.3,149.2,126.1,0.67,0.40,0.83,2.10,100,135,2.11,2.85,2.08,2.81
,,,Pablo V2,Prospect,Dark Matter,The Cosmos,Lunar,34.1,621,44,0.480,0.477,21,23,12331,6700,5631,30,16,38,100,30.0%,277.8,151.0,126.9,0.68,0.36,0.86,2.25,280.3,152.3,128.0,0.68,0.36,0.86,2.27,94,99,2.12,2.23,2.14,2.25
,,,Tokifyy,Prospect,Koala Bears,The Bear Den,Lunar,33.9,335,24,0.293,0.292,7,17,7224,3990,3234,19,5,27,49,38.8%,301.7,166.6,135.1,0.79,0.21,1.13,2.05,301.0,166.3,134.8,0.79,0.21,1.13,2.04,39,69,1.63,2.88,1.63,2.88
,,,Ty,Prospect,Peons,Dungeons And Double Taps,Solar,33.8,439,33,0.361,0.303,10,23,8485,4540,3945,12,18,37,59,20.3%,270.4,144.7,125.7,0.38,0.57,1.18,1.88,257.1,137.6,119.5,0.36,0.55,1.12,1.79,58,84,1.85,2.68,1.76,2.55
,,,Manoftheauer,Prospect,"The Drowned
Infrared","Seas Despair
The Wavelengths",Solar,32.4,104,8,0.353,0.250,2,6,2134,1080,1054,4,3,8,13,30.8%,287.1,145.3,141.8,0.54,0.40,1.08,1.75,266.8,135.0,131.8,0.50,0.38,1.00,1.63,15,22,2.02,2.96,1.88,2.75
,,,Notz0Han,Prospect,Koala Bears,The Bear Den,Lunar,30.0,531,39,0.389,0.410,16,23,10668,5550,5118,18,15,47,65,27.7%,281.1,146.2,134.9,0.47,0.40,1.24,1.71,273.5,142.3,131.2,0.46,0.38,1.21,1.67,69,93,1.82,2.45,1.77,2.38
,,,Carno,Prospect,Spearmint,Minty Fresh,Solar,29.1,425,31,0.414,0.452,14,17,8639,4800,3839,24,7,29,60,40.0%,284.4,158.0,126.4,0.79,0.23,0.95,1.98,278.7,154.8,123.8,0.77,0.23,0.94,1.94,59,74,1.94,2.44,1.90,2.39
,,,Thesaltylobbster,Prospect,Kali,The Gods,Lunar,28.9,330,23,0.428,0.478,11,12,5977,3300,2677,13,11,19,50,26.0%,253.4,139.9,113.5,0.55,0.47,0.81,2.12,259.9,143.5,116.4,0.57,0.48,0.83,2.17,48,58,2.04,2.46,2.09,2.52
,,,Arpxggio,Prospect,"Infrared
Cherried Crepes","The Wavelengths
The Bakery",Solar,28.6,477,35,0.307,0.229,8,27,9612,5020,4592,18,10,42,62,29.0%,281.9,147.3,134.7,0.53,0.29,1.23,1.82,274.6,143.4,131.2,0.51,0.29,1.20,1.77,62,104,1.82,3.05,1.77,2.97
,,,Crimzonsparrow,Prospect,Muenster Misfits,Cheese Guild,Solar,27.7,529,37,0.474,0.486,18,19,10101,5320,4781,14,20,47,57,24.6%,267.2,140.7,126.5,0.37,0.53,1.24,1.51,273.0,143.8,129.2,0.38,0.54,1.27,1.54,87,93,2.30,2.46,2.35,2.51
,,,Banshii,Prospect,Infrared,The Wavelengths,Solar,26.8,536,41,0.335,0.366,15,26,10267,5370,4897,16,19,45,57,28.1%,268.0,140.2,127.8,0.42,0.50,1.17,1.49,250.4,131.0,119.4,0.39,0.46,1.10,1.39,73,113,1.91,2.95,1.78,2.76
,,,Sup3Rm4N,Prospect,Chicken Parm,Fifty-Fifty Pizzeria,Solar,23.1,149,9,0.301,0.111,1,8,2909,1390,1519,4,2,14,19,21.1%,273.2,130.5,142.6,0.38,0.19,1.31,1.78,323.2,154.4,168.8,0.44,0.22,1.56,2.11,14,25,1.31,2.35,1.56,2.78
,,,Outlaw K3,Prospect,Funnel-Webs,Eight Legged Freaks,Lunar,19.8,395,29,0.500,0.483,14,15,6783,3630,3153,13,14,24,43,30.2%,240.3,128.6,111.7,0.46,0.50,0.85,1.52,233.9,125.2,108.7,0.45,0.48,0.83,1.48,65,65,2.30,2.30,2.24,2.24
,,,Bean,Prospect,Peons,Dungeons And Double Taps,Solar,19.7,212,15,0.298,0.133,2,13,3955,2320,1635,11,5,15,22,50.0%,261.0,153.1,107.9,0.73,0.33,0.99,1.45,263.7,154.7,109.0,0.73,0.33,1.00,1.47,30,51,1.98,3.37,2.00,3.40
,,,Array,Prospect,Chicken Parm,Fifty-Fifty Pizzeria,Solar,19.6,513,34,0.510,0.529,18,16,8785,4610,4175,16,18,31,56,28.6%,239.6,125.7,113.9,0.44,0.49,0.85,1.53,258.4,135.6,122.8,0.47,0.53,0.91,1.65,81,79,2.21,2.15,2.38,2.32
,,,Xxblindbeastxx,Prospect,"Beagles
Kali","Puppy Paradise
The Gods",Lunar,19.3,295,22,0.195,0.136,3,19,5115,2610,2505,9,8,19,36,25.0%,242.6,123.8,118.8,0.43,0.38,0.90,1.71,232.5,118.6,113.9,0.41,0.36,0.86,1.64,36,85,1.71,4.03,1.64,3.86
,,,Draconium,Prospect,"Sparks
Iron
Green Beans","Electric Mayhem
Metal
The Garden",Solar,16.6,362,25,0.549,0.480,12,13,6245,3410,2835,15,9,21,41,36.6%,241.4,131.8,109.6,0.58,0.35,0.81,1.58,249.8,136.4,113.4,0.60,0.36,0.84,1.64,57,50,2.20,1.93,2.28,2.00
,,,Thisisdrew314,Prospect,Infrared,The Wavelengths,Solar,7.1,53,4,0.152,0.250,1,3,904,360,544,2,0,2,6,33.3%,238.7,95.0,143.6,0.53,0.00,0.53,1.58,226.0,90.0,136.0,0.50,0.00,0.50,1.50,3,10,0.79,2.64,0.75,2.50
,,,Quidditch Captn,Prospect,Earth,The Elements,Solar,5.1,507,34,0.442,0.412,14,20,7656,4330,3326,17,10,32,53,32.1%,211.3,119.5,91.8,0.47,0.28,0.88,1.46,225.2,127.4,97.8,0.50,0.29,0.94,1.56,72,84,1.99,2.32,2.12,2.47
,,,Steven <3,Prospect,Peons,Dungeons And Double Taps,Solar,4.8,107,9,0.222,0.111,1,8,1732,730,1002,1,2,9,8,12.5%,226.5,95.5,131.0,0.13,0.26,1.18,1.05,192.4,81.1,111.3,0.11,0.22,1.00,0.89,9,21,1.18,2.75,1.00,2.33
,,,D1Rew00F,Prospect,Undead,Destined,Solar,-0.8,9,1,0.000,0.000,0,1,132,10,122,0,0,0,1,0.0%,205.2,15.5,189.7,0.00,0.00,0.00,1.55,132.0,10.0,122.0,0.00,0.00,0.00,1.00,0,1,0.00,1.55,0.00,1.00
,,,Dvn8657,Prospect,Peons,Dungeons And Double Taps,Solar,-8.8,28,2,0.256,0.000,0,2,306,120,186,0,1,1,2,0.0%,152.9,60.0,92.9,0.00,0.50,0.50,1.00,153.0,60.0,93.0,0.00,0.50,0.50,1.00,3,6,1.50,3.00,1.50,3.00
,,,Ethone,Premier,Praetorians,The Sovereign,Lunar,92.2,993,60,0.638,0.650,39,21,27495,15650,11845,65,45,94,220,29.5%,465.9,265.2,200.7,1.10,0.76,1.59,3.73,458.3,260.8,197.4,1.08,0.75,1.57,3.67,168,117,2.85,1.98,2.80,1.95
,,,Fartnor,Premier,Megalodons,Shark Attack,Lunar,83.6,53,4,0.888,0.750,3,1,1238,760,478,5,3,0,11,45.5%,393.0,241.3,151.7,1.59,0.95,0.00,3.49,309.5,190.0,119.5,1.25,0.75,0.00,2.75,14,4,4.44,1.27,3.50,1.00
,,,Tulkey,Premier,Pythons,The Serpents,Solar,81.4,50,3,0.441,0.333,1,2,1337,660,677,2,2,5,11,18.2%,449.9,222.1,227.8,0.67,0.67,1.68,3.70,445.7,220.0,225.7,0.67,0.67,1.67,3.67,6,7,2.02,2.36,2.00,2.33
,,,Anti ^_^,Premier,"Capybaras
Hurricanes
Cookie Capos
Sorcerers
Pythons","The Jungle
Storm
Snack Syndicate
Dungeons And Double Taps
The Serpents",Solar,78.7,325,20,0.642,0.650,13,7,8799,5130,3669,23,12,32,63,36.5%,455.5,265.6,189.9,1.19,0.62,1.66,3.26,440.0,256.5,183.5,1.15,0.60,1.60,3.15,59,41,3.05,2.12,2.95,2.05
,,,Mello!,Premier,Hurricanes,Storm,Solar,78.2,277,16,0.539,0.563,9,7,6512,3850,2662,16,15,18,60,26.7%,395.6,233.9,161.7,0.97,0.91,1.09,3.64,407.0,240.6,166.4,1.00,0.94,1.13,3.75,42,38,2.55,2.31,2.63,2.38
,,,Leaf,Premier,Pythons,The Serpents,Solar,75.0,328,20,0.710,0.750,15,5,8015,4840,3175,20,15,28,69,29.0%,411.1,248.3,162.9,1.03,0.77,1.44,3.54,400.8,242.0,158.8,1.00,0.75,1.40,3.45,69,40,3.54,2.05,3.45,2.00
,,,Dankmemehub,Premier,Pythons,The Serpents,Solar,74.6,985,59,0.561,0.542,32,27,25302,15550,9752,68,43,96,180,37.8%,432.2,265.6,166.6,1.16,0.73,1.64,3.07,428.8,263.6,165.3,1.15,0.73,1.63,3.05,161,138,2.75,2.36,2.73,2.34
,,,Erikkszz,Premier,Cookie Capos,Snack Syndicate,Lunar,71.1,846,50,0.513,0.560,28,22,21955,13290,8665,48,34,105,154,31.2%,436.6,264.3,172.3,0.95,0.68,2.09,3.06,439.1,265.8,173.3,0.96,0.68,2.10,3.08,122,118,2.43,2.35,2.44,2.36
,,,Prada,Premier,Hurricanes,Storm,Solar,68.0,482,28,0.574,0.571,16,12,11654,6960,4694,34,21,33,86,39.5%,406.8,243.0,163.9,1.19,0.73,1.15,3.00,416.2,248.6,167.6,1.21,0.75,1.18,3.07,83,69,2.90,2.41,2.96,2.46
,,,Wicked.,Premier,Drones,The Swarm,Solar,67.2,765,44,0.500,0.500,22,22,17808,10470,7338,42,35,60,152,27.6%,391.7,230.3,161.4,0.92,0.77,1.32,3.34,404.7,238.0,166.8,0.95,0.80,1.36,3.45,119,119,2.62,2.62,2.70,2.70
,,,Greh,Premier,Megalodons,Shark Attack,Lunar,66.5,660,40,0.458,0.450,18,22,16179,9740,6439,42,23,61,134,31.3%,412.5,248.3,164.2,1.07,0.59,1.56,3.42,404.5,243.5,161.0,1.05,0.58,1.53,3.35,99,110,2.52,2.80,2.48,2.75
,,,Distant,Premier,Capybaras,The Jungle,Solar,64.7,860,51,0.512,0.569,29,22,21216,12350,8866,44,37,93,145,30.3%,415.1,241.6,173.5,0.86,0.72,1.82,2.84,416.0,242.2,173.8,0.86,0.73,1.82,2.84,131,127,2.56,2.48,2.57,2.49
,,,Reagfamous,Premier,Praetorians,The Sovereign,Lunar,64.2,628,37,0.671,0.730,27,10,14972,8800,6172,29,32,66,100,29.0%,401.1,235.8,165.4,0.78,0.86,1.77,2.68,404.6,237.8,166.8,0.78,0.86,1.78,2.70,106,67,2.84,1.80,2.86,1.81
,,,Jacks0Ntheboss,Premier,Hurricanes,Storm,Solar,63.9,63,4,0.330,0.250,1,3,1462,800,662,3,2,5,15,20.0%,390.5,213.7,176.8,0.80,0.53,1.34,4.01,365.5,200.0,165.5,0.75,0.50,1.25,3.75,7,11,1.87,2.94,1.75,2.75
,,,North.-.,Premier,Drones,The Swarm,Solar,63.4,672,40,0.500,0.525,21,19,16539,9960,6579,44,24,63,121,36.4%,414.1,249.4,164.7,1.10,0.60,1.58,3.03,413.5,249.0,164.5,1.10,0.60,1.58,3.03,112,112,2.80,2.80,2.80,2.80
,,,Aes.,Premier,Hurricanes,Storm,Solar,61.3,963,56,0.459,0.446,25,31,23494,14090,9404,54,36,104,169,32.0%,410.5,246.2,164.3,0.94,0.63,1.82,2.95,419.5,251.6,167.9,0.96,0.64,1.86,3.02,138,153,2.41,2.67,2.46,2.73
,,,Danger,Premier,Capybaras,The Jungle,Solar,60.2,937,55,0.526,0.582,32,23,22404,12510,9894,47,36,87,166,28.3%,402.3,224.6,177.7,0.84,0.65,1.56,2.98,407.3,227.5,179.9,0.85,0.65,1.58,3.02,144,135,2.59,2.42,2.62,2.45
,,,Ghxst,Premier,Fettuccine Force,Italian Battalion,Lunar,59.8,991,60,0.570,0.583,35,25,23121,12540,10581,45,42,84,174,25.9%,392.6,212.9,179.6,0.76,0.71,1.43,2.95,385.4,209.0,176.4,0.75,0.70,1.40,2.90,152,127,2.58,2.16,2.53,2.12
,,,Alfredo,Premier,Fettuccine Force,Italian Battalion,Lunar,58.7,991,60,0.570,0.583,35,25,22654,13300,9354,57,36,77,195,29.2%,384.6,225.8,158.8,0.97,0.61,1.31,3.31,377.6,221.7,155.9,0.95,0.60,1.28,3.25,152,127,2.58,2.16,2.53,2.12
,,,5050 Fots,Premier,Pythons,The Serpents,Solar,55.3,519,32,0.556,0.531,17,15,11551,6490,5061,23,23,43,89,25.8%,374.5,210.4,164.1,0.75,0.75,1.39,2.89,361.0,202.8,158.2,0.72,0.72,1.34,2.78,83,72,2.69,2.33,2.59,2.25
,,,Jpablo,Premier,Fettuccine Force,Italian Battalion,Lunar,53.5,991,60,0.570,0.583,35,25,21712,12410,9302,50,42,72,171,29.2%,368.6,210.7,157.9,0.85,0.71,1.22,2.90,361.9,206.8,155.0,0.83,0.70,1.20,2.85,152,127,2.58,2.16,2.53,2.12
,,,!Chan,Premier,Drones,The Swarm,Solar,51.6,801,45,0.529,0.533,24,21,17030,10100,6930,37,37,64,135,27.4%,357.7,212.2,145.6,0.78,0.78,1.34,2.84,378.4,224.4,154.0,0.82,0.82,1.42,3.00,132,123,2.77,2.58,2.93,2.73
,,,Darkness,Premier,Reapers,The Monster Mash,Lunar,51.1,588,33,0.432,0.455,15,18,12528,7210,5318,28,23,43,111,25.2%,358.5,206.3,152.2,0.80,0.66,1.23,3.18,379.6,218.5,161.2,0.85,0.70,1.30,3.36,79,94,2.26,2.69,2.39,2.85
,,,Dsife,Premier,Cookie Capos,Snack Syndicate,Lunar,50.5,908,54,0.524,0.574,31,23,21401,11990,9411,45,32,91,134,33.6%,396.6,222.2,174.4,0.83,0.59,1.69,2.48,396.3,222.0,174.3,0.83,0.59,1.69,2.48,134,126,2.48,2.33,2.48,2.33
,,,Kenobs,Premier,Praetorians,The Sovereign,Lunar,49.4,803,48,0.629,0.625,30,18,17325,10100,7225,47,28,51,145,32.4%,363.0,211.6,151.4,0.98,0.59,1.07,3.04,360.9,210.4,150.5,0.98,0.58,1.06,3.02,137,98,2.87,2.05,2.85,2.04
,,,Phoenixu.U,Premier,Reapers,The Monster Mash,Lunar,49.1,727,44,0.377,0.341,15,29,16405,9270,7135,33,24,70,127,26.0%,379.7,214.5,165.1,0.76,0.56,1.62,2.94,372.8,210.7,162.2,0.75,0.55,1.59,2.89,91,125,2.11,2.89,2.07,2.84
,,,Yinliner,Premier,Reapers,The Monster Mash,Lunar,47.5,859,51,0.398,0.373,19,32,18672,10930,7742,40,30,78,153,26.1%,365.7,214.1,151.6,0.78,0.59,1.53,3.00,366.1,214.3,151.8,0.78,0.59,1.53,3.00,110,143,2.15,2.80,2.16,2.80
,,,Laser,Premier,Megalodons,Shark Attack,Lunar,44.5,664,42,0.516,0.476,20,22,14722,8260,6462,28,25,65,96,29.2%,373.1,209.3,163.7,0.71,0.63,1.65,2.43,350.5,196.7,153.9,0.67,0.60,1.55,2.29,104,100,2.64,2.53,2.48,2.38
,,,Bluejay,Premier,"Sorcerers
Capybaras","Dungeons And Double Taps
The Jungle",Solar,43.6,139,9,0.440,0.333,3,6,3465,2030,1435,8,3,18,18,44.4%,419.4,245.7,173.7,0.97,0.36,2.18,2.18,385.0,225.6,159.4,0.89,0.33,2.00,2.00,18,21,2.18,2.54,2.00,2.33
,,,Deesh,Premier,Pythons,The Serpents,Solar,42.4,577,34,0.574,0.529,18,16,12841,7300,5541,29,21,52,75,38.7%,374.4,212.9,161.6,0.85,0.61,1.52,2.19,377.7,214.7,163.0,0.85,0.62,1.53,2.21,94,78,2.74,2.27,2.76,2.29
,,,Tokyo.,Premier,Sorcerers,Dungeons And Double Taps,Solar,42.3,706,42,0.273,0.238,10,32,17258,9050,8208,28,14,90,105,26.7%,411.3,215.7,195.6,0.67,0.33,2.14,2.50,410.9,215.5,195.4,0.67,0.33,2.14,2.50,67,126,1.60,3.00,1.60,3.00
,,,Infinite,Premier,Drones,The Swarm,Solar,41.2,16,1,0.883,1.000,1,0,326,210,116,1,1,1,1,100.0%,342.8,220.8,122.0,1.05,1.05,1.05,1.05,326.0,210.0,116.0,1.00,1.00,1.00,1.00,6,2,6.31,2.10,6.00,2.00
,,,Diamond ^.^,Premier,Capybaras,The Jungle,Solar,41.0,999,59,0.519,0.559,33,26,21093,12030,9063,46,36,82,153,30.1%,355.3,202.6,152.6,0.77,0.61,1.38,2.58,357.5,203.9,153.6,0.78,0.61,1.39,2.59,151,144,2.54,2.43,2.56,2.44
,,,T.,Premier,"Hurricanes
Sorcerers","Storm
Dungeons And Double Taps",Solar,38.8,590,36,0.495,0.444,16,20,11764,6520,5244,14,26,58,92,15.2%,335.5,185.9,149.5,0.40,0.74,1.65,2.62,326.8,181.1,145.7,0.39,0.72,1.61,2.56,72,73,2.05,2.08,2.00,2.03
,,,Dmt Goobz,Premier,"Megalodons
Drones","Shark Attack
The Swarm",Solar,37.4,525,31,0.553,0.484,15,16,10985,6200,4785,28,12,37,95,29.5%,352.1,198.7,153.4,0.90,0.38,1.19,3.04,354.4,200.0,154.4,0.90,0.39,1.19,3.06,78,68,2.50,2.18,2.52,2.19
,,,Scula,Premier,Pythons,The Serpents,Solar,36.9,237,12,0.410,0.417,5,7,5232,2900,2332,10,9,24,25,40.0%,371.4,205.9,165.6,0.71,0.64,1.70,1.77,436.0,241.7,194.3,0.83,0.75,2.00,2.08,31,39,2.20,2.77,2.58,3.25
,,,Lu,Premier,"Drones
Megalodons","The Swarm
Shark Attack",Lunar,36.8,752,44,0.408,0.364,16,28,15724,8870,6854,36,24,59,112,32.1%,351.8,198.5,153.4,0.81,0.54,1.32,2.51,357.4,201.6,155.8,0.82,0.55,1.34,2.55,104,131,2.33,2.93,2.36,2.98
,,,Tuna,Premier,"Sorcerers
Drones","Dungeons And Double Taps
The Swarm",Solar,34.0,109,6,0.353,0.333,2,4,1865,1010,855,3,6,5,16,18.8%,287.9,155.9,132.0,0.46,0.93,0.77,2.47,310.8,168.3,142.5,0.50,1.00,0.83,2.67,16,23,2.47,3.55,2.67,3.83
,,,Bmorr,Premier,Megalodons,Shark Attack,Lunar,32.9,40,3,0.402,0.333,1,2,792,380,412,2,2,1,3,66.7%,333.1,159.8,173.3,0.84,0.84,0.42,1.26,264.0,126.7,137.3,0.67,0.67,0.33,1.00,8,10,3.37,4.21,2.67,3.33
,,,O Beese,Premier,Praetorians,The Sovereign,Lunar,31.9,555,35,0.616,0.600,21,14,10497,6200,4297,27,20,33,85,31.8%,318.2,188.0,130.3,0.82,0.61,1.00,2.58,299.9,177.1,122.8,0.77,0.57,0.94,2.43,93,69,2.82,2.09,2.66,1.97
,,,Bismarck,Premier,Hurricanes,Storm,Solar,30.9,823,48,0.458,0.458,22,26,15918,8760,7158,28,30,65,121,23.1%,325.4,179.1,146.3,0.57,0.61,1.33,2.47,331.6,182.5,149.1,0.58,0.63,1.35,2.52,116,129,2.37,2.64,2.42,2.69
,,,Alex,Premier,Cookie Capos,Snack Syndicate,Lunar,29.0,793,47,0.555,0.617,29,18,15085,8280,6805,32,28,51,113,28.3%,320.1,175.7,144.4,0.68,0.59,1.08,2.40,321.0,176.2,144.8,0.68,0.60,1.09,2.40,123,107,2.61,2.27,2.62,2.28
,,,Rule,Premier,Megalodons,Shark Attack,Lunar,25.5,408,25,0.378,0.320,8,17,8060,4690,3370,17,12,37,54,31.5%,332.4,193.4,139.0,0.70,0.49,1.53,2.23,322.4,187.6,134.8,0.68,0.48,1.48,2.16,52,71,2.14,2.93,2.08,2.84
,,,Tree When,Premier,"Pythons
Hurricanes","The Serpents
Storm",Solar,25.1,252,16,0.466,0.438,7,9,4620,2320,2300,6,9,18,37,16.2%,308.5,154.9,153.6,0.40,0.60,1.20,2.47,288.8,145.0,143.8,0.38,0.56,1.13,2.31,33,36,2.20,2.40,2.06,2.25
,,,Noriko,Premier,Capybaras,The Jungle,Solar,21.5,62,4,0.405,0.250,1,3,1314,630,684,2,1,6,8,25.0%,356.6,171.0,185.6,0.54,0.27,1.63,2.17,328.5,157.5,171.0,0.50,0.25,1.50,2.00,7,9,1.90,2.44,1.75,2.25
,,,Darf01,Premier,Sorcerers,Dungeons And Double Taps,Solar,20.7,614,35,0.292,0.229,8,27,11888,6030,5858,18,13,53,93,19.4%,325.8,165.2,160.5,0.49,0.36,1.45,2.55,339.7,172.3,167.4,0.51,0.37,1.51,2.66,57,102,1.56,2.80,1.63,2.91
,,,Hirsch,Premier,"Megalodons
Reapers","Shark Attack
The Monster Mash",Lunar,19.9,128,6,0.552,0.500,3,3,2512,1330,1182,3,3,14,18,16.7%,330.2,174.8,155.4,0.39,0.39,1.84,2.37,418.7,221.7,197.0,0.50,0.50,2.33,3.00,15,13,1.97,1.71,2.50,2.17
,,,Cart,Premier,Sorcerers,Dungeons And Double Taps,Solar,18.6,732,44,0.323,0.318,14,30,13822,7850,5972,33,18,54,95,34.7%,317.7,180.4,137.3,0.76,0.41,1.24,2.18,314.1,178.4,135.7,0.75,0.41,1.23,2.16,89,141,2.05,3.24,2.02,3.20
,,,Sicey,Premier,Reapers,The Monster Mash,Lunar,15.8,742,43,0.412,0.372,16,27,13802,7580,6222,23,21,67,88,26.1%,313.0,171.9,141.1,0.52,0.48,1.52,2.00,321.0,176.3,144.7,0.53,0.49,1.56,2.05,89,112,2.02,2.54,2.07,2.60
,,,Ghoosstyyyyyyy,Premier,Cookie Capos,Snack Syndicate,Lunar,12.7,115,7,0.302,0.286,2,5,2315,1280,1035,6,0,10,18,33.3%,338.7,187.3,151.4,0.88,0.00,1.46,2.63,330.7,182.9,147.9,0.86,0.00,1.43,2.57,11,19,1.61,2.78,1.57,2.71
,,,Marcus.,Premier,Megalodons,Shark Attack,Lunar,9.6,63,4,0.148,0.000,0,4,1059,570,489,2,2,4,7,28.6%,282.8,152.2,130.6,0.53,0.53,1.07,1.87,264.8,142.5,122.3,0.50,0.50,1.00,1.75,6,17,1.60,4.54,1.50,4.25
,,,Maj,Premier,Pythons,The Serpents,Solar,7.5,65,4,0.500,0.500,2,2,1225,730,495,2,1,8,8,25.0%,317.1,189.0,128.1,0.52,0.26,2.07,2.07,306.3,182.5,123.8,0.50,0.25,2.00,2.00,9,9,2.33,2.33,2.25,2.25
,,,Ness,Premier,Hurricanes,Storm,Solar,5.9,76,4,0.095,0.000,0,4,1421,840,581,3,1,8,9,33.3%,314.6,186.0,128.6,0.66,0.22,1.77,1.99,355.3,210.0,145.3,0.75,0.25,2.00,2.25,4,17,0.89,3.76,1.00,4.25
,,,Frikitshoward,Premier,Sorcerers,Dungeons And Double Taps,Solar,-1.4,79,4,0.150,0.250,1,3,1371,820,551,1,2,11,7,14.3%,292.0,174.6,117.4,0.21,0.43,2.34,1.49,342.8,205.0,137.8,0.25,0.50,2.75,1.75,7,20,1.49,4.26,1.75,5.00
,,,Galico,Premier,Reapers,The Monster Mash,Lunar,-6.3,54,4,0.500,0.500,2,2,760,380,380,1,1,3,8,12.5%,236.8,118.4,118.4,0.31,0.31,0.93,2.49,190.0,95.0,95.0,0.25,0.25,0.75,2.00,5,5,1.56,1.56,1.25,1.25
,,,Kri0S,Premier,Hurricanes,Storm,Solar,-19.0,133,8,0.313,0.250,2,6,2245,1010,1235,3,0,12,11,27.3%,284.0,127.8,156.2,0.38,0.00,1.52,1.39,280.6,126.3,154.4,0.38,0.00,1.50,1.38,16,26,2.02,3.29,2.00,3.25
,,,Dlnaod.,Premier,Sorcerers,Dungeons And Double Taps,Solar,-22.5,83,4,0.120,0.000,0,4,1171,630,541,1,1,8,8,12.5%,237.4,127.7,109.7,0.20,0.20,1.62,1.62,292.8,157.5,135.3,0.25,0.25,2.00,2.00,5,18,1.01,3.65,1.25,4.50
,,,Ashes.,Premier,Drones,The Swarm,Solar,-24.6,16,1,0.236,0.000,0,1,248,160,88,1,0,1,1,100.0%,260.8,168.3,92.5,1.05,0.00,1.05,1.05,248.0,160.0,88.0,1.00,0.00,1.00,1.00,2,4,2.10,4.21,2.00,4.00
,,,Rex,Premier,Reapers,The Monster Mash,Lunar,-59.4,14,1,0.000,0.000,0,1,126,60,66,0,0,1,1,0.0%,151.4,72.1,79.3,0.00,0.00,1.20,1.20,126.0,60.0,66.0,0.00,0.00,1.00,1.00,0,2,0.00,2.40,0.00,2.00
,,,Unearthlylegend,Master,Chimaeras,The Abyss,Lunar,96.6,289,20,0.573,0.600,12,8,8835,4890,3945,23,8,32,59,39.0%,475.5,263.2,212.3,1.24,0.43,1.72,3.18,441.8,244.5,197.3,1.15,0.40,1.60,2.95,46,38,2.48,2.05,2.30,1.90
,,,Tman,Master,Immortals,The Sovereign,Lunar,86.3,599,38,0.608,0.684,26,12,15639,9270,6369,36,36,52,127,28.3%,406.1,240.7,165.4,0.93,0.93,1.35,3.30,411.6,243.9,167.6,0.95,0.95,1.37,3.34,118,90,3.06,2.34,3.11,2.37
,,,Maples,Master,Bagel Bagmen,Snack Syndicate,Lunar,82.6,624,38,0.689,0.763,29,9,15574,9210,6364,41,34,40,141,29.1%,388.2,229.6,158.6,1.02,0.85,1.00,3.51,409.8,242.4,167.5,1.08,0.89,1.05,3.71,114,68,2.84,1.70,3.00,1.79
,,,Tuna,Master,Blackout,Electric Mayhem,Lunar,79.0,71,4,0.368,0.500,2,2,2061,1230,831,7,1,7,13,53.8%,451.5,269.5,182.1,1.53,0.22,1.53,2.85,515.3,307.5,207.8,1.75,0.25,1.75,3.25,10,14,2.19,3.07,2.50,3.50
,,,Wick,Master,Spectres,The Monster Mash,Lunar,76.3,762,49,0.497,0.490,24,25,19542,11660,7882,41,37,83,156,26.3%,398.9,238.0,160.9,0.84,0.76,1.69,3.18,398.8,238.0,160.9,0.84,0.76,1.69,3.18,115,116,2.35,2.37,2.35,2.37
,,,Hawk Rl,Master,Blues,Whale Defense,Solar,75.4,379,23,0.619,0.609,14,9,9499,5570,3929,20,20,36,77,26.0%,389.9,228.6,161.3,0.82,0.82,1.48,3.16,413.0,242.2,170.8,0.87,0.87,1.57,3.35,63,46,2.59,1.89,2.74,2.00
,,,Mcribsky,Master,Devoured,Destined,Solar,72.0,330,22,0.420,0.409,9,13,8365,4360,4005,15,10,33,71,21.1%,394.3,205.5,188.8,0.71,0.47,1.56,3.35,380.2,198.2,182.0,0.68,0.45,1.50,3.23,37,46,1.74,2.17,1.68,2.09
,,,Yacobe,Master,Bagel Bagmen,Snack Syndicate,Lunar,71.8,793,48,0.655,0.708,34,14,19984,11750,8234,46,41,73,145,31.7%,392.0,230.5,161.5,0.90,0.80,1.43,2.84,416.3,244.8,171.5,0.96,0.85,1.52,3.02,130,85,2.55,1.67,2.71,1.77
,,,Slvr.,Master,"Orion
Lasagna Legion","The Nexus
Italian Battalion",Lunar,71.3,690,46,0.557,0.500,23,23,18911,11090,7821,49,19,81,119,41.2%,426.3,250.0,176.3,1.10,0.43,1.83,2.68,411.1,241.1,170.0,1.07,0.41,1.76,2.59,108,93,2.43,2.10,2.35,2.02
,,,Kri0S,Master,Chimaeras,The Abyss,Lunar,70.8,189,14,0.381,0.429,6,8,4649,2240,2409,4,11,19,34,11.8%,382.6,184.4,198.3,0.33,0.91,1.56,2.80,332.1,160.0,172.1,0.29,0.79,1.36,2.43,21,29,1.73,2.39,1.50,2.07
,,,Shanerbaner,Master,Helicoprions,Shark Attack,Lunar,70.7,711,47,0.640,0.638,30,17,17675,10330,7345,41,41,59,123,33.3%,386.7,226.0,160.7,0.90,0.90,1.29,2.69,376.1,219.8,156.3,0.87,0.87,1.26,2.62,139,97,3.04,2.12,2.96,2.06
,,,Wolf,Master,Blues,Whale Defense,Solar,70.0,735,48,0.606,0.583,28,20,19331,10760,8571,41,31,78,121,33.9%,409.1,227.7,181.4,0.87,0.66,1.65,2.56,402.7,224.2,178.6,0.85,0.65,1.63,2.52,124,94,2.62,1.99,2.58,1.96
,,,Rzemb1E,Master,Helicoprions,Shark Attack,Lunar,68.7,781,51,0.615,0.608,31,20,19434,11520,7914,49,37,67,142,34.5%,387.1,229.4,157.6,0.98,0.74,1.33,2.83,381.1,225.9,155.2,0.96,0.73,1.31,2.78,145,108,2.89,2.15,2.84,2.12
,,,Rocksox,Master,Immortals,The Sovereign,Lunar,68.6,760,48,0.578,0.625,30,18,19047,11780,7267,55,29,67,148,37.2%,389.9,241.1,148.7,1.13,0.59,1.37,3.03,396.8,245.4,151.4,1.15,0.60,1.40,3.08,134,110,2.74,2.25,2.79,2.29
,,,.Andy,Master,Helicoprions,Shark Attack,Lunar,67.4,797,52,0.610,0.596,31,21,19231,11430,7801,54,31,57,163,33.1%,375.3,223.1,152.3,1.05,0.61,1.11,3.18,369.8,219.8,150.0,1.04,0.60,1.10,3.13,146,110,2.85,2.15,2.81,2.12
,,,Hams,Master,Blues,Whale Defense,Solar,64.9,746,48,0.650,0.667,32,16,18623,10780,7843,41,33,75,128,32.0%,388.3,224.8,163.5,0.85,0.69,1.56,2.67,388.0,224.6,163.4,0.85,0.69,1.56,2.67,126,84,2.63,1.75,2.63,1.75
,,,Rated,Master,Spectres,The Monster Mash,Lunar,64.7,662,43,0.515,0.512,22,21,15744,9280,6464,41,29,49,128,32.0%,369.9,218.1,151.9,0.96,0.68,1.15,3.01,366.1,215.8,150.3,0.95,0.67,1.14,2.98,104,100,2.44,2.35,2.42,2.33
,,,Typhon,Master,Soul,The Elements,Solar,64.4,715,47,0.594,0.596,28,19,17906,9920,7986,41,20,69,137,29.9%,389.6,215.8,173.7,0.89,0.44,1.50,2.98,381.0,211.1,169.9,0.87,0.43,1.47,2.91,107,83,2.33,1.81,2.28,1.77
,,,Barra,Master,Devoured,Destined,Solar,63.8,89,7,0.449,0.429,3,4,2494,1270,1224,4,2,13,12,33.3%,435.9,222.0,213.9,0.70,0.35,2.27,2.10,356.3,181.4,174.9,0.57,0.29,1.86,1.71,15,17,2.62,2.97,2.14,2.43
,,,Jatt,Master,Tempests,Storm,Solar,63.8,803,52,0.565,0.635,33,19,18414,9940,8474,37,26,62,184,20.1%,356.7,192.6,164.2,0.72,0.50,1.20,3.56,354.1,191.2,163.0,0.71,0.50,1.19,3.54,119,100,2.31,1.94,2.29,1.92
,,,Xero,Master,Devoured,Destined,Solar,63.6,671,45,0.453,0.467,21,24,16784,8960,7824,40,17,57,126,31.7%,389.1,207.7,181.4,0.93,0.39,1.32,2.92,373.0,199.1,173.9,0.89,0.38,1.27,2.80,83,94,1.92,2.18,1.84,2.09
,,,Generalzippy,Master,"Packed Eclairs
Lemurs","The Bakery
The Jungle",Lunar,63.3,173,12,0.411,0.417,5,7,4222,2650,1572,13,5,15,35,37.1%,379.6,238.3,141.3,1.17,0.45,1.35,3.15,351.8,220.8,131.0,1.08,0.42,1.25,2.92,29,36,2.61,3.24,2.42,3.00
,,,Bolbi,Master,Andromeda,The Cosmos,Lunar,62.3,676,43,0.522,0.535,23,20,16903,9700,7203,42,24,63,115,36.5%,389.0,223.2,165.7,0.97,0.55,1.45,2.65,393.1,225.6,167.5,0.98,0.56,1.47,2.67,114,108,2.62,2.49,2.65,2.51
,,,B10Ckyy,Master,Rogues,Dungeons And Double Taps,Solar,61.6,459,28,0.483,0.429,12,16,11371,6870,4501,27,22,47,72,37.5%,385.4,232.8,152.5,0.92,0.75,1.59,2.44,406.1,245.4,160.8,0.96,0.79,1.68,2.57,69,72,2.34,2.44,2.46,2.57
,,,Yesper,Master,Orion,The Nexus,Solar,61.5,375,24,0.344,0.292,7,17,8853,4770,4083,19,14,29,72,26.4%,367.2,197.9,169.4,0.79,0.58,1.20,2.99,368.9,198.8,170.1,0.79,0.58,1.21,3.00,42,64,1.74,2.65,1.75,2.67
,,,Shamurl,Master,Tempests,Storm,Solar,60.0,803,52,0.565,0.635,33,19,19343,11200,8143,44,33,75,140,31.4%,374.7,217.0,157.7,0.85,0.64,1.45,2.71,372.0,215.4,156.6,0.85,0.63,1.44,2.69,119,100,2.31,1.94,2.29,1.92
,,,Yillow,Master,Lasagna Legion,Italian Battalion,Lunar,59.9,804,51,0.592,0.529,27,24,19327,10710,8617,40,32,74,141,28.4%,373.9,207.2,166.7,0.77,0.62,1.43,2.73,379.0,210.0,169.0,0.78,0.63,1.45,2.76,143,113,2.77,2.19,2.80,2.22
,,,Nue.,Master,Soul,The Elements,Solar,59.9,288,18,0.611,0.667,12,6,7132,4110,3022,14,15,31,41,34.1%,385.2,222.0,163.2,0.76,0.81,1.67,2.21,396.2,228.3,167.9,0.78,0.83,1.72,2.28,42,31,2.27,1.67,2.33,1.72
,,,Infinite,Master,Mosquitoes,The Swarm,Solar,59.7,812,54,0.517,0.519,28,26,20107,11380,8727,40,29,91,138,29.0%,385.2,218.0,167.2,0.77,0.56,1.74,2.64,372.4,210.7,161.6,0.74,0.54,1.69,2.56,114,109,2.18,2.09,2.11,2.02
,,,Calc,Master,Lemurs,The Jungle,Solar,59.4,741,48,0.544,0.604,29,19,17868,9780,8088,38,28,66,128,29.7%,375.1,205.3,169.8,0.80,0.59,1.39,2.69,372.3,203.8,168.5,0.79,0.58,1.38,2.67,109,97,2.29,2.04,2.27,2.02
,,,Ayylo,Master,"Lasagna Legion
Rogues","Italian Battalion
Dungeons And Double Taps",Solar,58.5,762,47,0.517,0.426,20,27,18494,10960,7534,47,30,70,126,37.3%,377.5,223.7,153.8,0.96,0.61,1.43,2.57,393.5,233.2,160.3,1.00,0.64,1.49,2.68,117,112,2.39,2.29,2.49,2.38
,,,Miserable,Master,Glacier Mint,Minty Fresh,Solar,58.4,397,28,0.354,0.357,10,18,9720,5240,4480,19,15,39,64,29.7%,380.9,205.3,175.5,0.74,0.59,1.53,2.51,347.1,187.1,160.0,0.68,0.54,1.39,2.29,49,72,1.92,2.82,1.75,2.57
,,,Geherpaderp,Master,Blues,Whale Defense,Solar,58.3,549,37,0.620,0.595,22,15,12598,7050,5548,33,20,34,105,31.4%,357.0,199.8,157.2,0.94,0.57,0.96,2.98,340.5,190.5,149.9,0.89,0.54,0.92,2.84,92,67,2.61,1.90,2.49,1.81
,,,Phoenixtouch.,Master,Rogues,Dungeons And Double Taps,Solar,56.7,81,5,0.326,0.200,1,4,1885,1050,835,1,4,12,15,6.7%,362.0,201.6,160.4,0.19,0.77,2.30,2.88,377.0,210.0,167.0,0.20,0.80,2.40,3.00,8,13,1.54,2.50,1.60,2.60
,,,Supr3Me,Master,Soul,The Elements,Solar,55.9,669,44,0.583,0.614,27,17,16355,9510,6845,32,26,79,106,30.2%,380.3,221.1,159.2,0.74,0.60,1.84,2.46,371.7,216.1,155.6,0.73,0.59,1.80,2.41,100,80,2.33,1.86,2.27,1.82
,,,Relax,Master,Care Bears,The Bear Den,Lunar,55.3,492,32,0.516,0.469,15,17,11418,6800,4618,29,20,41,85,34.1%,361.0,215.0,146.0,0.92,0.63,1.30,2.69,356.8,212.5,144.3,0.91,0.63,1.28,2.66,72,69,2.28,2.18,2.25,2.16
,,,Scotti,Master,Lemurs,The Jungle,Solar,54.9,783,51,0.584,0.647,33,18,18429,10360,8069,41,27,71,136,30.1%,366.1,205.8,160.3,0.81,0.54,1.41,2.70,361.4,203.1,158.2,0.80,0.53,1.39,2.67,119,95,2.36,1.89,2.33,1.86
,,,Robin,Master,Mambas,The Serpents,Solar,54.1,598,39,0.435,0.436,17,22,13832,7620,6212,24,25,59,102,23.5%,359.8,198.2,161.6,0.62,0.65,1.53,2.65,354.7,195.4,159.3,0.62,0.64,1.51,2.62,81,96,2.11,2.50,2.08,2.46
,,,Fuel The Fury,Master,Packed Eclairs,The Bakery,Lunar,53.9,529,32,0.408,0.406,13,19,12329,6880,5449,28,20,44,88,31.8%,362.5,202.3,160.2,0.82,0.59,1.29,2.59,385.3,215.0,170.3,0.88,0.63,1.38,2.75,70,89,2.06,2.62,2.19,2.78
,,,Lord Ironskull,Master,Soul,The Elements,Solar,53.4,506,35,0.590,0.600,21,14,11289,6320,4969,22,27,39,82,26.8%,347.0,194.3,152.8,0.68,0.83,1.20,2.52,322.5,180.6,142.0,0.63,0.77,1.11,2.34,80,63,2.46,1.94,2.29,1.80
,,,Cash,Master,"Blackout
Glacier Mint
Packed Eclairs","Electric Mayhem
Minty Fresh
The Bakery",Lunar,52.7,241,15,0.392,0.400,6,9,5402,3000,2402,12,11,17,40,30.0%,348.7,193.6,155.0,0.77,0.71,1.10,2.58,360.1,200.0,160.1,0.80,0.73,1.13,2.67,35,46,2.26,2.97,2.33,3.07
,,,Ashes.,Master,Mosquitoes,The Swarm,Solar,52.3,625,42,0.563,0.524,22,20,14002,7400,6602,24,23,54,115,20.9%,348.5,184.2,164.3,0.60,0.57,1.34,2.86,333.4,176.2,157.2,0.57,0.55,1.29,2.74,90,76,2.24,1.89,2.14,1.81
,,,Jacks0Ntheboss,Master,Soul,The Elements,Solar,52.3,55,4,0.822,0.750,3,1,1214,650,564,3,2,3,10,30.0%,343.4,183.8,159.5,0.85,0.57,0.85,2.83,303.5,162.5,141.0,0.75,0.50,0.75,2.50,11,4,3.11,1.13,2.75,1.00
,,,Krey,Master,Care Bears,The Bear Den,Lunar,51.5,792,51,0.483,0.471,24,27,19121,10420,8701,35,30,86,112,31.3%,375.6,204.7,170.9,0.69,0.59,1.69,2.20,374.9,204.3,170.6,0.69,0.59,1.69,2.20,108,113,2.12,2.22,2.12,2.22
,,,Treezy,Master,Rogues,Dungeons And Double Taps,Solar,50.9,562,36,0.517,0.417,15,21,13089,7250,5839,27,20,53,90,30.0%,362.3,200.7,161.6,0.75,0.55,1.47,2.49,363.6,201.4,162.2,0.75,0.56,1.47,2.50,94,90,2.60,2.49,2.61,2.50
,,,Kalten,Master,Mambas,The Serpents,Solar,50.9,788,52,0.419,0.423,22,30,18525,10780,7745,38,25,88,133,28.6%,365.7,212.8,152.9,0.75,0.49,1.74,2.63,356.3,207.3,148.9,0.73,0.48,1.69,2.56,102,126,2.01,2.49,1.96,2.42
,,,Bex!,Master,Lasagna Legion,Italian Battalion,Lunar,50.7,642,40,0.597,0.525,21,19,13920,8410,5510,37,28,43,116,31.9%,337.3,203.8,133.5,0.90,0.68,1.04,2.81,348.0,210.3,137.8,0.93,0.70,1.08,2.90,120,94,2.91,2.28,3.00,2.35
,,,Phelpsy,Master,Mosquitoes,The Swarm,Solar,49.6,758,51,0.559,0.549,28,23,17087,9950,7137,45,23,59,135,33.3%,350.7,204.2,146.5,0.92,0.47,1.21,2.77,335.0,195.1,139.9,0.88,0.45,1.16,2.65,111,95,2.28,1.95,2.18,1.86
,,,Static,Master,Tempests,Storm,Solar,49.2,803,52,0.565,0.635,33,19,17662,9300,8362,38,34,50,130,29.2%,342.1,180.2,162.0,0.74,0.66,0.97,2.52,339.7,178.8,160.8,0.73,0.65,0.96,2.50,119,100,2.31,1.94,2.29,1.92
,,,Frostiger,Master,Andromeda,The Cosmos,Lunar,47.1,575,36,0.382,0.361,13,23,13006,7490,5516,28,25,52,84,33.3%,351.9,202.6,149.2,0.76,0.68,1.41,2.27,361.3,208.1,153.2,0.78,0.69,1.44,2.33,83,112,2.25,3.03,2.31,3.11
,,,Phantao,Master,Lemurs,The Jungle,Solar,45.8,213,14,0.563,0.643,9,5,4538,2600,1938,13,6,12,40,32.5%,331.4,189.9,141.5,0.95,0.44,0.88,2.92,324.1,185.7,138.4,0.93,0.43,0.86,2.86,33,28,2.41,2.04,2.36,2.00
,,,Anthage,Master,Devoured,Destined,Solar,45.4,177,13,0.429,0.538,7,6,3847,2090,1757,6,10,15,24,25.0%,338.1,183.7,154.4,0.53,0.88,1.32,2.11,295.9,160.8,135.2,0.46,0.77,1.15,1.85,25,30,2.20,2.64,1.92,2.31
,,,Loyboy2,Master,Soul,The Elements,Solar,44.6,61,4,0.407,0.250,1,3,1395,770,625,4,0,5,12,33.3%,355.7,196.4,159.4,1.02,0.00,1.28,3.06,348.8,192.5,156.3,1.00,0.00,1.25,3.00,7,9,1.79,2.30,1.75,2.25
,,,Saucey,Master,Bagel Bagmen,Snack Syndicate,Lunar,44.6,635,38,0.736,0.789,30,8,13248,7310,5938,34,16,37,126,27.0%,324.5,179.1,145.5,0.83,0.39,0.91,3.09,348.6,192.4,156.3,0.89,0.42,0.97,3.32,106,53,2.60,1.30,2.79,1.39
,,,Pletheros,Master,Glacier Mint,Minty Fresh,Solar,43.9,603,38,0.381,0.289,11,27,13379,7280,6099,25,19,57,98,25.5%,345.1,187.8,157.3,0.64,0.49,1.47,2.53,352.1,191.6,160.5,0.66,0.50,1.50,2.58,76,104,1.96,2.68,2.00,2.74
,,,Aki,Master,"Orion
Packed Eclairs","The Nexus
The Bakery",Lunar,43.4,173,10,0.318,0.300,3,7,3512,2130,1382,8,7,13,33,24.2%,315.8,191.5,124.3,0.72,0.63,1.17,2.97,351.2,213.0,138.2,0.80,0.70,1.30,3.30,21,34,1.89,3.06,2.10,3.40
,,,Eros,Master,"Mambas
Packed Eclairs","The Serpents
The Bakery",Lunar,42.7,460,27,0.451,0.519,14,13,9632,5860,3772,25,17,34,81,30.9%,325.7,198.2,127.6,0.85,0.57,1.15,2.74,356.7,217.0,139.7,0.93,0.63,1.26,3.00,68,77,2.30,2.60,2.52,2.85
,,,Queeds,Master,Andromeda,The Cosmos,Lunar,42.1,574,37,0.446,0.432,16,21,12842,7480,5362,35,13,48,93,37.6%,348.0,202.7,145.3,0.95,0.35,1.30,2.52,347.1,202.2,144.9,0.95,0.35,1.30,2.51,90,103,2.44,2.79,2.43,2.78
,,,Neoblastz,Master,"Immortals
Mambas","The Sovereign
The Serpents",Lunar,42.0,285,18,0.429,0.444,8,10,6399,3820,2579,14,10,30,42,33.3%,349.3,208.5,140.8,0.76,0.55,1.64,2.29,355.5,212.2,143.3,0.78,0.56,1.67,2.33,40,48,2.18,2.62,2.22,2.67
,,,Unexpected,Master,Lemurs,The Jungle,Solar,42.0,548,35,0.620,0.686,24,11,12509,6990,5519,23,17,61,79,29.1%,355.1,198.4,156.7,0.65,0.48,1.73,2.24,357.4,199.7,157.7,0.66,0.49,1.74,2.26,82,59,2.33,1.67,2.34,1.69
,,,Boog Mccroog,Master,Mosquitoes,The Swarm,Solar,41.6,133,9,0.539,0.667,6,3,2809,1600,1209,5,9,10,15,33.3%,328.5,187.1,141.4,0.58,1.05,1.17,1.75,312.1,177.8,134.3,0.56,1.00,1.11,1.67,21,19,2.46,2.22,2.33,2.11
,,,Frank.,Master,Orion,The Nexus,Solar,41.3,227,16,0.613,0.625,10,6,4777,2350,2427,5,10,20,35,14.3%,327.4,161.0,166.3,0.34,0.69,1.37,2.40,298.6,146.9,151.7,0.31,0.63,1.25,2.19,34,25,2.33,1.71,2.13,1.56
,,,Wall2Wall3,Master,Chimaeras,The Abyss,Lunar,41.0,753,50,0.421,0.440,22,28,16418,8770,7648,32,21,66,122,26.2%,339.2,181.2,158.0,0.66,0.43,1.36,2.52,328.4,175.4,153.0,0.64,0.42,1.32,2.44,94,116,1.94,2.40,1.88,2.32
,,,Wespyyy,Master,Glacier Mint,Minty Fresh,Solar,40.9,807,52,0.367,0.308,16,36,18195,10440,7755,38,24,85,119,31.9%,350.7,201.2,149.5,0.73,0.46,1.64,2.29,349.9,200.8,149.1,0.73,0.46,1.63,2.29,97,138,1.87,2.66,1.87,2.65
,,,Dolphino,Master,Blackout,Electric Mayhem,Lunar,40.4,548,34,0.332,0.294,10,24,11996,7060,4936,26,15,56,91,28.6%,340.5,200.4,140.1,0.74,0.43,1.59,2.58,352.8,207.6,145.2,0.76,0.44,1.65,2.68,66,103,1.87,2.92,1.94,3.03
,,,Jnah,Master,Rogues,Dungeons And Double Taps,Solar,40.1,322,22,0.476,0.364,8,14,6886,3830,3056,15,7,28,58,25.9%,332.7,185.0,147.6,0.72,0.34,1.35,2.80,313.0,174.1,138.9,0.68,0.32,1.27,2.64,46,49,2.22,2.37,2.09,2.23
,,,Ninjatron,Master,Packed Eclairs,The Bakery,Lunar,39.9,60,4,0.500,0.500,2,2,1394,830,564,5,1,4,8,62.5%,361.4,215.2,146.2,1.30,0.26,1.04,2.07,348.5,207.5,141.0,1.25,0.25,1.00,2.00,8,8,2.07,2.07,2.00,2.00
,,,//Nullptr,Master,Andromeda,The Cosmos,Lunar,38.0,656,40,0.535,0.575,23,17,14069,8070,5999,26,27,64,92,28.3%,333.6,191.4,142.3,0.62,0.64,1.52,2.18,351.7,201.8,150.0,0.65,0.68,1.60,2.30,106,97,2.51,2.30,2.65,2.43
,,,Jayy,Master,Immortals,The Sovereign,Lunar,37.4,56,4,0.161,0.250,1,3,1298,670,628,3,1,5,7,42.9%,360.6,186.1,174.4,0.83,0.28,1.39,1.94,324.5,167.5,157.0,0.75,0.25,1.25,1.75,6,16,1.67,4.44,1.50,4.00
,,,Instnt,Master,"Rogues
Spectres","Dungeons And Double Taps
The Monster Mash",Solar,37.4,499,31,0.477,0.452,14,17,10267,6080,4187,30,15,30,83,36.1%,320.1,189.5,130.5,0.94,0.47,0.94,2.59,331.2,196.1,135.1,0.97,0.48,0.97,2.68,85,90,2.65,2.81,2.74,2.90
,,,Oxy,Master,Immortals,The Sovereign,Lunar,36.3,657,42,0.538,0.595,25,17,13243,7590,5653,28,32,45,94,29.8%,313.5,179.7,133.8,0.66,0.76,1.07,2.23,315.3,180.7,134.6,0.67,0.76,1.07,2.24,109,99,2.58,2.34,2.60,2.36
,,,Paylosoul,Master,Packed Eclairs,The Bakery,Lunar,35.4,620,36,0.434,0.500,18,18,12967,7670,5297,31,19,53,97,32.0%,325.3,192.4,132.9,0.78,0.48,1.33,2.43,360.2,213.1,147.1,0.86,0.53,1.47,2.69,87,103,2.18,2.58,2.42,2.86
,,,Python,Master,Mambas,The Serpents,Solar,34.8,743,49,0.424,0.429,21,28,15845,7850,7995,29,20,58,105,27.6%,331.7,164.3,167.4,0.61,0.42,1.21,2.20,323.4,160.2,163.2,0.59,0.41,1.18,2.14,95,116,1.99,2.43,1.94,2.37
,,,Cearu,Master,Devoured,Destined,Solar,34.3,577,39,0.411,0.410,16,23,12448,6170,6278,13,19,63,77,16.9%,335.6,166.3,169.3,0.35,0.51,1.70,2.08,319.2,158.2,161.0,0.33,0.49,1.62,1.97,66,84,1.78,2.26,1.69,2.15
,,,Simpl3_Wolf,Master,Orion,The Nexus,Solar,34.2,402,26,0.351,0.308,8,18,8236,4500,3736,15,12,35,65,23.1%,318.7,174.1,144.6,0.58,0.46,1.35,2.52,316.8,173.1,143.7,0.58,0.46,1.35,2.50,44,66,1.70,2.55,1.69,2.54
,,,Skrooms,Master,Care Bears,The Bear Den,Lunar,33.5,412,26,0.439,0.462,12,14,8387,4790,3597,18,11,35,69,26.1%,316.7,180.9,135.8,0.68,0.42,1.32,2.61,322.6,184.2,138.3,0.69,0.42,1.35,2.65,51,60,1.93,2.27,1.96,2.31
,,,Sparcnovatg1,Master,Blackout,Electric Mayhem,Lunar,33.2,537,34,0.333,0.206,7,27,11266,6090,5176,18,19,52,74,24.3%,326.3,176.4,149.9,0.52,0.55,1.51,2.14,331.4,179.1,152.2,0.53,0.56,1.53,2.18,70,108,2.03,3.13,2.06,3.18
,,,Sgtpickle,Master,Bagel Bagmen,Snack Syndicate,Lunar,32.7,501,32,0.597,0.656,21,11,9774,5630,4144,22,15,36,88,25.0%,303.5,174.8,128.7,0.68,0.47,1.12,2.73,305.4,175.9,129.5,0.69,0.47,1.13,2.75,79,61,2.45,1.89,2.47,1.91
,,,Croph,Master,Chimaeras,The Abyss,Lunar,31.7,777,52,0.410,0.423,22,30,15323,8050,7273,25,28,59,120,20.8%,306.8,161.2,145.6,0.50,0.56,1.18,2.40,294.7,154.8,139.9,0.48,0.54,1.13,2.31,96,122,1.92,2.44,1.85,2.35
,,,Mystikal,Master,"Mambas
Rogues","The Serpents
Dungeons And Double Taps",Solar,31.5,202,13,0.471,0.385,5,8,3780,1910,1870,7,9,9,31,22.6%,291.1,147.1,144.0,0.54,0.69,0.69,2.39,290.8,146.9,143.8,0.54,0.69,0.69,2.38,24,26,1.85,2.00,1.85,2.00
,,,Wavepace,Master,Blackout,Electric Mayhem,Lunar,29.5,267,16,0.268,0.125,2,14,5291,2970,2321,10,8,23,42,23.8%,308.3,173.0,135.2,0.58,0.47,1.34,2.45,330.7,185.6,145.1,0.63,0.50,1.44,2.63,31,58,1.81,3.38,1.94,3.63
,,,Badasswalrus,Master,Care Bears,The Bear Den,Lunar,29.5,680,44,0.484,0.477,21,23,14585,8200,6385,26,17,77,90,28.9%,333.6,187.6,146.1,0.59,0.39,1.76,2.06,331.5,186.4,145.1,0.59,0.39,1.75,2.05,93,97,2.13,2.22,2.11,2.20
,,,Stemantics,Master,Lasagna Legion,Italian Battalion,Lunar,28.4,198,13,0.500,0.462,6,7,3798,2190,1608,9,5,14,34,26.5%,298.4,172.1,126.3,0.71,0.39,1.10,2.67,292.2,168.5,123.7,0.69,0.38,1.08,2.62,29,29,2.28,2.28,2.23,2.23
,,,Latte,Master,"Spectres
Blackout","The Monster Mash
Electric Mayhem",Lunar,26.3,669,42,0.350,0.262,11,31,13531,7590,5941,30,24,52,79,38.0%,314.6,176.5,138.1,0.70,0.56,1.21,1.84,322.2,180.7,141.5,0.71,0.57,1.24,1.88,89,131,2.07,3.05,2.12,3.12
,,,Detox,Master,Orion,The Nexus,Solar,25.3,617,39,0.454,0.462,18,21,12480,6770,5710,21,12,63,92,22.8%,314.6,170.7,144.0,0.53,0.30,1.59,2.32,320.0,173.6,146.4,0.54,0.31,1.62,2.36,76,86,1.92,2.17,1.95,2.21
,,,Demoralize,Master,Orion,The Nexus,Solar,24.0,530,34,0.339,0.324,11,23,10623,5820,4803,20,13,49,72,27.8%,311.8,170.8,141.0,0.59,0.38,1.44,2.11,312.4,171.2,141.3,0.59,0.38,1.44,2.12,58,90,1.70,2.64,1.71,2.65
,,,Krizy,Master,Glacier Mint,Minty Fresh,Solar,24.0,186,11,0.360,0.364,4,7,3602,1800,1802,6,3,15,30,20.0%,301.2,150.5,150.7,0.50,0.25,1.25,2.51,327.5,163.6,163.8,0.55,0.27,1.36,2.73,19,28,1.59,2.34,1.73,2.55
,,,Kjo.,Master,Packed Eclairs,The Bakery,Lunar,22.4,655,40,0.415,0.450,18,22,12311,6540,5771,19,21,53,94,20.2%,292.4,155.3,137.1,0.45,0.50,1.26,2.23,307.8,163.5,144.3,0.48,0.53,1.33,2.35,90,112,2.14,2.66,2.25,2.80
,,,Galaxy,Master,Immortals,The Sovereign,Lunar,22.1,118,8,0.360,0.375,3,5,2308,1030,1278,4,1,8,18,22.2%,304.3,135.8,168.5,0.53,0.13,1.05,2.37,288.5,128.8,159.8,0.50,0.13,1.00,2.25,13,19,1.71,2.50,1.63,2.38
,,,Rex,Master,Spectres,The Monster Mash,Lunar,20.7,562,36,0.569,0.583,21,15,10785,5760,5025,19,15,47,76,25.0%,298.5,159.4,139.1,0.53,0.42,1.30,2.10,299.6,160.0,139.6,0.53,0.42,1.31,2.11,92,77,2.55,2.13,2.56,2.14
,,,Twisted,Master,"Glacier Mint
Lemurs","Minty Fresh
The Jungle",Solar,20.5,446,28,0.392,0.286,8,20,8245,4470,3775,11,16,39,62,17.7%,287.6,155.9,131.7,0.38,0.56,1.36,2.16,294.5,159.6,134.8,0.39,0.57,1.39,2.21,54,72,1.88,2.51,1.93,2.57
,,,Memlo,Master,Devoured,Destined,Solar,19.0,397,27,0.374,0.481,13,14,7263,4020,3243,12,15,31,52,23.1%,284.6,157.5,127.1,0.47,0.59,1.21,2.04,269.0,148.9,120.1,0.44,0.56,1.15,1.93,44,62,1.72,2.43,1.63,2.30
,,,Sirdetta,Master,Blackout,Electric Mayhem,Lunar,17.3,199,12,0.244,0.083,1,11,3819,1750,2069,5,4,16,25,20.0%,298.5,136.8,161.7,0.39,0.31,1.25,1.95,318.3,145.8,172.4,0.42,0.33,1.33,2.08,17,36,1.33,2.81,1.42,3.00
,,,Kareemostyle,Master,Mambas,The Serpents,Solar,15.7,89,6,0.212,0.167,1,5,1771,910,861,2,4,9,6,33.3%,309.5,159.1,150.5,0.35,0.70,1.57,1.05,295.2,151.7,143.5,0.33,0.67,1.50,1.00,11,24,1.92,4.19,1.83,4.00
,,,Kev1N,Master,Packed Eclairs,The Bakery,Lunar,11.0,83,4,0.407,0.500,2,2,1623,970,653,2,3,11,7,28.6%,304.2,181.8,122.4,0.37,0.56,2.06,1.31,405.8,242.5,163.3,0.50,0.75,2.75,1.75,11,14,2.06,2.62,2.75,3.50
,,,Marcus.,Master,Helicoprions,Shark Attack,Lunar,10.7,102,6,0.289,0.167,1,5,1707,920,787,2,2,9,17,11.8%,260.3,140.3,120.0,0.31,0.31,1.37,2.59,284.5,153.3,131.2,0.33,0.33,1.50,2.83,8,15,1.22,2.29,1.33,2.50
,,,Krueger_02,Master,Chimaeras,The Abyss,Lunar,6.2,306,19,0.257,0.211,4,15,5622,2910,2712,12,5,23,31,38.7%,285.8,147.9,137.9,0.61,0.25,1.17,1.58,295.9,153.2,142.7,0.63,0.26,1.21,1.63,29,58,1.47,2.95,1.53,3.05
,,,Galico,Master,"Blackout
Spectres
Rogues","Electric Mayhem
The Monster Mash
Dungeons And Double Taps",Lunar,1.2,366,21,0.289,0.238,5,16,7152,3920,3232,7,6,53,27,25.9%,304.0,166.6,137.4,0.30,0.26,2.25,1.15,340.6,186.7,153.9,0.33,0.29,2.52,1.29,32,59,1.36,2.51,1.52,2.81
,,,2Jsix,Master,Soul,The Elements,Solar,-10.7,61,4,0.407,0.250,1,3,976,410,566,2,0,3,6,33.3%,248.9,104.6,144.3,0.51,0.00,0.77,1.53,244.0,102.5,141.5,0.50,0.00,0.75,1.50,7,9,1.79,2.30,1.75,2.25
,,,Fartnor,Master,Chimaeras,The Abyss,Lunar,-27.7,17,1,0.348,0.000,0,1,209,70,139,0,0,1,2,0.0%,191.2,64.1,127.2,0.00,0.00,0.92,1.83,209.0,70.0,139.0,0.00,0.00,1.00,2.00,2,3,1.83,2.75,2.00,3.00
,,,Keiko,Elite,Knights,The Sovereign,Lunar,112.9,33,2,0.711,1.000,2,0,953,670,283,3,3,3,7,42.9%,449.8,316.3,133.6,1.42,1.42,1.42,3.30,476.5,335.0,141.5,1.50,1.50,1.50,3.50,7,4,3.30,1.89,3.50,2.00
,,,Mayhem,Elite,Fire,The Elements,Solar,92.6,23,2,0.640,0.500,1,1,625,410,215,1,1,4,6,16.7%,423.3,277.7,145.6,0.68,0.68,2.71,4.06,312.5,205.0,107.5,0.50,0.50,2.00,3.00,3,2,2.03,1.35,1.50,1.00
,,,Cubby :'),Elite,Cyclones,Storm,Solar,88.9,777,52,0.636,0.635,33,19,21219,12130,9089,60,40,50,163,36.8%,425.4,243.2,182.2,1.20,0.80,1.00,3.27,408.1,233.3,174.8,1.15,0.77,0.96,3.13,149,105,2.99,2.10,2.87,2.02
,,,Clifestyle,Elite,Rottweilers,Puppy Paradise,Lunar,85.6,60,4,0.353,0.250,1,3,1522,860,662,2,5,6,11,18.2%,395.1,223.3,171.9,0.52,1.30,1.56,2.86,380.5,215.0,165.5,0.50,1.25,1.50,2.75,9,13,2.34,3.37,2.25,3.25
,,,Swax,Elite,Demons,The Monster Mash,Lunar,81.6,857,56,0.632,0.607,34,22,23401,14130,9271,64,40,82,163,39.3%,425.3,256.8,168.5,1.16,0.73,1.49,2.96,417.9,252.3,165.6,1.14,0.71,1.46,2.91,154,109,2.80,1.98,2.75,1.95
,,,Aub,Elite,Menthol,Minty Fresh,Solar,79.8,338,22,0.448,0.318,7,15,9653,5530,4123,23,13,40,58,39.7%,444.9,254.9,190.0,1.06,0.60,1.84,2.67,438.8,251.4,187.4,1.05,0.59,1.82,2.64,49,56,2.26,2.58,2.23,2.55
,,,Aurora,Elite,Nuclear,Energy,Solar,79.6,159,10,0.740,0.900,9,1,3830,2370,1460,10,9,11,37,27.0%,375.2,232.2,143.0,0.98,0.88,1.08,3.62,383.0,237.0,146.0,1.00,0.90,1.10,3.70,33,17,3.23,1.67,3.30,1.70
,,,Sykoshaggy,Elite,Finbacks,Whale Defense,Solar,76.5,795,48,0.655,0.708,34,14,19687,12500,7187,57,41,61,170,33.5%,385.7,244.9,140.8,1.12,0.80,1.20,3.33,410.1,260.4,149.7,1.19,0.85,1.27,3.54,162,109,3.17,2.14,3.38,2.27
,,,Ohmeon,Elite,Kodiaks,The Bear Den,Lunar,76.4,754,52,0.599,0.596,31,21,19832,12060,7772,62,30,57,151,41.1%,409.7,249.1,160.6,1.28,0.62,1.18,3.12,381.4,231.9,149.5,1.19,0.58,1.10,2.90,139,108,2.87,2.23,2.67,2.08
,,,Robtull1,Elite,Santa Muerte,The Gods,Lunar,75.8,854,56,0.556,0.571,32,24,22392,11980,10412,45,31,83,178,25.3%,408.4,218.5,189.9,0.82,0.57,1.51,3.25,399.9,213.9,185.9,0.80,0.55,1.48,3.18,123,106,2.24,1.93,2.20,1.89
,,,Miikey.Rl,Elite,Amaterasu,Pantheon,Lunar,73.7,861,55,0.601,0.564,31,24,22053,11970,10083,47,44,70,157,29.9%,399.0,216.6,182.4,0.85,0.80,1.27,2.84,401.0,217.6,183.3,0.85,0.80,1.27,2.85,148,114,2.68,2.06,2.69,2.07
,,,Buck,Elite,Finbacks,Whale Defense,Solar,72.9,1022,64,0.603,0.656,42,22,24905,15080,9825,69,46,73,223,30.9%,379.6,229.8,149.7,1.05,0.70,1.11,3.40,389.1,235.6,153.5,1.08,0.72,1.14,3.48,192,148,2.93,2.26,3.00,2.31
,,,Glitch;,Elite,Knights,The Sovereign,Lunar,72.7,699,51,0.480,0.471,24,27,18292,10340,7952,49,26,56,134,36.6%,407.6,230.4,177.2,1.09,0.58,1.25,2.99,358.7,202.7,155.9,0.96,0.51,1.10,2.63,115,121,2.56,2.70,2.25,2.37
,,,Yoza,Elite,Ravioli Rangers,Italian Battalion,Lunar,71.4,591,35,0.482,0.571,20,15,14602,9040,5562,35,26,60,124,28.2%,384.9,238.3,146.6,0.92,0.69,1.58,3.27,417.2,258.3,158.9,1.00,0.74,1.71,3.54,82,86,2.16,2.27,2.34,2.46
,,,Bigrick6,Elite,Sugar Soldiers,Snack Syndicate,Lunar,71.3,904,59,0.526,0.492,29,30,23200,12740,10460,49,39,84,169,29.0%,399.8,219.5,180.2,0.84,0.67,1.45,2.91,393.2,215.9,177.3,0.83,0.66,1.42,2.86,138,129,2.38,2.22,2.34,2.19
,,,Ginfoe,Elite,Kodiaks,The Bear Den,Lunar,70.3,698,48,0.592,0.542,26,22,18089,9790,8299,36,30,69,124,29.0%,403.7,218.5,185.2,0.80,0.67,1.54,2.77,376.9,204.0,172.9,0.75,0.63,1.44,2.58,118,93,2.63,2.08,2.46,1.94
,,,Buckle,Elite,Annes Revenge,Seas Despair,Lunar,70.1,1042,63,0.593,0.619,39,24,26132,15440,10692,62,50,96,194,32.0%,390.6,230.8,159.8,0.93,0.75,1.44,2.90,414.8,245.1,169.7,0.98,0.79,1.52,3.08,171,134,2.56,2.00,2.71,2.13
,,,.Slop.,Elite,"Thunder
Vibranium","Electric Mayhem
Metal",Lunar,70.1,1009,64,0.544,0.609,39,25,26577,15180,11397,43,54,133,153,28.1%,410.3,234.3,175.9,0.66,0.83,2.05,2.36,415.3,237.2,178.1,0.67,0.84,2.08,2.39,146,130,2.25,2.01,2.28,2.03
,,,Sulace,Elite,Onions,The Garden,Solar,69.9,204,13,0.589,0.615,8,5,4870,2960,1910,11,11,18,41,26.8%,371.9,226.0,145.8,0.84,0.84,1.37,3.13,374.6,227.7,146.9,0.85,0.85,1.38,3.15,34,27,2.60,2.06,2.62,2.08
,,,Fluf.,Elite,Amaterasu,Pantheon,Lunar,69.6,742,44,0.632,0.614,27,17,17896,10960,6936,58,22,46,176,33.0%,375.7,230.1,145.6,1.22,0.46,0.97,3.69,406.7,249.1,157.6,1.32,0.50,1.05,4.00,134,95,2.81,1.99,3.05,2.16
,,,Taka.,Elite,Vipers,The Serpents,Solar,69.5,865,57,0.529,0.439,25,32,21631,12370,9261,50,35,78,172,29.1%,389.5,222.8,166.8,0.90,0.63,1.40,3.10,379.5,217.0,162.5,0.88,0.61,1.37,3.02,124,115,2.23,2.07,2.18,2.02
,,,Plootou.,Elite,Cyclones,Storm,Solar,69.2,44,3,0.317,0.000,0,3,1073,620,453,2,3,4,7,28.6%,379.9,219.5,160.4,0.71,1.06,1.42,2.48,357.7,206.7,151.0,0.67,1.00,1.33,2.33,7,11,2.48,3.89,2.33,3.67
,,,V,Elite,Brie Bandits,Cheese Guild,Solar,68.7,932,60,0.610,0.633,38,22,23474,13400,10074,54,37,87,180,30.0%,392.3,224.0,168.4,0.90,0.62,1.45,3.01,391.2,223.3,167.9,0.90,0.62,1.45,3.00,155,116,2.59,1.94,2.58,1.93
,,,Zdawg2020Dec,Elite,Gelato,Fifty-Fifty Pizzeria,Solar,68.0,877,54,0.536,0.537,29,25,21758,13070,8688,62,35,68,172,36.0%,386.5,232.1,154.3,1.10,0.62,1.21,3.05,402.9,242.0,160.9,1.15,0.65,1.26,3.19,149,136,2.65,2.42,2.76,2.52
,,,Noobz,Elite,Sloths,The Jungle,Solar,67.8,945,57,0.575,0.596,34,23,22906,13910,8996,58,44,81,186,31.2%,377.6,229.3,148.3,0.96,0.73,1.34,3.07,401.9,244.0,157.8,1.02,0.77,1.42,3.26,161,133,2.65,2.19,2.82,2.33
,,,Kourses,Elite,Brie Bandits,Cheese Guild,Solar,67.7,614,40,0.623,0.650,26,14,15781,8090,7691,29,24,58,109,26.6%,400.4,205.2,195.1,0.74,0.61,1.47,2.77,394.5,202.3,192.3,0.73,0.60,1.45,2.73,95,68,2.41,1.73,2.38,1.70
,,,Envy,Elite,Rottweilers,Puppy Paradise,Lunar,67.0,202,13,0.488,0.462,6,7,5086,3190,1896,17,7,15,39,43.6%,392.2,246.0,146.2,1.31,0.54,1.16,3.01,391.2,245.4,145.8,1.31,0.54,1.15,3.00,34,35,2.62,2.70,2.62,2.69
,,,Kenny,Elite,Demons,The Monster Mash,Lunar,66.5,986,64,0.597,0.563,36,28,24348,13670,10678,48,47,95,177,27.1%,384.6,216.0,168.7,0.76,0.74,1.50,2.80,380.4,213.6,166.8,0.75,0.73,1.48,2.77,171,133,2.70,2.10,2.67,2.08
,,,Jwanderz,Elite,Gamma,The Wavelengths,Solar,66.4,550,36,0.515,0.639,23,13,12904,7400,5504,33,22,36,120,27.5%,365.5,209.6,155.9,0.93,0.62,1.02,3.40,358.4,205.6,152.9,0.92,0.61,1.00,3.33,81,78,2.29,2.21,2.25,2.17
,,,Theonlynx,Elite,Nuclear,Energy,Solar,65.8,893,56,0.485,0.518,29,27,22981,12120,10861,36,38,103,147,24.5%,400.9,211.4,189.5,0.63,0.66,1.80,2.56,410.4,216.4,193.9,0.64,0.68,1.84,2.63,124,129,2.16,2.25,2.21,2.30
,,,Dom,Elite,Hornets,The Swarm,Solar,63.8,963,63,0.544,0.508,32,31,25518,14850,10668,58,30,120,155,37.4%,412.8,240.2,172.6,0.94,0.49,1.94,2.51,405.0,235.7,169.3,0.92,0.48,1.90,2.46,150,134,2.43,2.17,2.38,2.13
,,,Taq_7,Elite,Anglers,The Abyss,Lunar,63.2,50,4,0.345,0.250,1,3,1223,740,483,4,2,3,9,44.4%,381.0,230.5,150.5,1.25,0.62,0.93,2.80,305.8,185.0,120.8,1.00,0.50,0.75,2.25,9,13,2.80,4.05,2.25,3.25
,,,Timbo,Elite,Sloths,The Jungle,Solar,62.8,1045,62,0.573,0.581,36,26,25091,14640,10451,61,50,84,184,33.2%,374.0,218.2,155.8,0.91,0.75,1.25,2.74,404.7,236.1,168.6,0.98,0.81,1.35,2.97,176,146,2.62,2.18,2.84,2.35
,,,Stonewall,Elite,Amaterasu,Pantheon,Lunar,62.4,963,60,0.574,0.567,34,26,23212,12990,10222,50,42,83,174,28.7%,375.5,210.1,165.3,0.81,0.68,1.34,2.81,386.9,216.5,170.4,0.83,0.70,1.38,2.90,161,133,2.60,2.15,2.68,2.22
,,,Fitness,Elite,Dab Brulee,The Bakery,Lunar,62.4,863,58,0.491,0.517,30,28,20599,11820,8779,38,48,84,142,26.8%,371.8,213.3,158.5,0.69,0.87,1.52,2.56,355.2,203.8,151.4,0.66,0.83,1.45,2.45,131,134,2.36,2.42,2.26,2.31
,,,Deezmuffinz,Elite,Gamma,The Wavelengths,Solar,62.1,759,51,0.536,0.588,30,21,18178,10590,7588,39,41,68,124,31.5%,373.1,217.3,155.7,0.80,0.84,1.40,2.54,356.4,207.6,148.8,0.76,0.80,1.33,2.43,128,117,2.63,2.40,2.51,2.29
,,,Slurp,Elite,Quasars,The Cosmos,Lunar,60.0,986,64,0.555,0.578,37,27,24397,13510,10887,59,31,86,176,33.5%,385.4,213.4,172.0,0.93,0.49,1.36,2.78,381.2,211.1,170.1,0.92,0.48,1.34,2.75,150,130,2.37,2.05,2.34,2.03
,,,Lock,Elite,Knights,The Sovereign,Lunar,59.1,894,60,0.528,0.533,32,28,22199,12390,9809,56,28,77,154,36.4%,386.8,215.9,170.9,0.98,0.49,1.34,2.68,370.0,206.5,163.5,0.93,0.47,1.28,2.57,146,136,2.54,2.37,2.43,2.27
,,,Rev,Elite,Great Whites,Shark Attack,Lunar,58.2,947,57,0.522,0.509,29,28,22141,13230,8911,56,39,79,173,32.4%,364.2,217.6,146.6,0.92,0.64,1.30,2.85,388.4,232.1,156.3,0.98,0.68,1.39,3.04,148,140,2.43,2.30,2.60,2.46
,,,Kouki,Elite,Brie Bandits,Cheese Guild,Solar,58.1,918,60,0.617,0.650,39,21,21901,12940,8961,52,40,84,154,33.8%,371.6,219.6,152.1,0.88,0.68,1.43,2.61,365.0,215.7,149.4,0.87,0.67,1.40,2.57,154,113,2.61,1.92,2.57,1.88
,,,Pana,Elite,Quasars,The Cosmos,Lunar,57.7,567,37,0.607,0.649,24,13,13521,8270,5251,34,21,56,102,33.3%,371.5,227.2,144.3,0.93,0.58,1.54,2.80,365.4,223.5,141.9,0.92,0.57,1.51,2.76,88,66,2.42,1.81,2.38,1.78
,,,Leavanny,Elite,"Vibranium
Thunder","Metal
Electric Mayhem",Lunar,57.3,723,41,0.437,0.415,17,24,18904,11650,7254,51,23,88,100,51.0%,407.3,251.0,156.3,1.10,0.50,1.90,2.15,461.1,284.1,176.9,1.24,0.56,2.15,2.44,111,130,2.39,2.80,2.71,3.17
,,,Drupenson,Elite,Finbacks,Whale Defense,Solar,57.2,96,6,0.696,0.667,4,2,2198,1430,768,7,4,7,18,38.9%,356.6,232.0,124.6,1.14,0.65,1.14,2.92,366.3,238.3,128.0,1.17,0.67,1.17,3.00,23,14,3.73,2.27,3.83,2.33
,,,Alexk,Elite,Santa Muerte,The Gods,Lunar,56.5,749,49,0.595,0.592,29,20,16844,9880,6964,38,35,59,138,27.5%,350.3,205.5,144.8,0.79,0.73,1.23,2.87,343.8,201.6,142.1,0.78,0.71,1.20,2.82,117,91,2.43,1.89,2.39,1.86
,,,Sillybunny,Elite,Cyclones,Storm,Solar,56.2,782,52,0.574,0.558,29,23,17075,9680,7395,43,31,44,163,26.4%,340.1,192.8,147.3,0.86,0.62,0.88,3.25,328.4,186.2,142.2,0.83,0.60,0.85,3.13,134,111,2.67,2.21,2.58,2.13
,,,Bosco,Elite,Sugar Soldiers,Snack Syndicate,Lunar,55.9,854,56,0.524,0.482,27,29,20614,11270,9344,47,30,73,142,33.1%,376.0,205.6,170.4,0.86,0.55,1.33,2.59,368.1,201.3,166.9,0.84,0.54,1.30,2.54,133,125,2.43,2.28,2.38,2.23
,,,Denz,Elite,Wendigos,The Forest,Lunar,55.6,917,61,0.461,0.492,30,31,21293,12590,8703,62,32,62,169,36.7%,361.7,213.9,147.8,1.05,0.54,1.05,2.87,349.1,206.4,142.7,1.02,0.52,1.02,2.77,132,146,2.24,2.48,2.16,2.39
,,,Earth,Elite,Thunder,Electric Mayhem,Lunar,55.0,1036,64,0.585,0.641,41,23,24708,14460,10248,54,40,107,171,31.6%,371.5,217.4,154.1,0.81,0.60,1.61,2.57,386.1,225.9,160.1,0.84,0.63,1.67,2.67,164,131,2.47,1.97,2.56,2.05
,,,Nehtaro,Elite,"Annes Revenge
Ravioli Rangers","Seas Despair
Italian Battalion",Lunar,54.9,1004,64,0.473,0.453,29,35,23195,12220,10975,39,43,89,172,22.7%,359.9,189.6,170.3,0.61,0.67,1.38,2.67,362.4,190.9,171.5,0.61,0.67,1.39,2.69,136,146,2.11,2.27,2.13,2.28
,,,Dosia,Elite,Onions,The Garden,Solar,54.9,938,60,0.538,0.550,33,27,21783,12520,9263,57,27,73,182,31.3%,361.7,207.9,153.8,0.95,0.45,1.21,3.02,363.1,208.7,154.4,0.95,0.45,1.22,3.03,150,136,2.49,2.26,2.50,2.27
,,,Wusten,Elite,"Brie Bandits
Quasars","Cheese Guild
The Cosmos",Solar,54.7,448,29,0.640,0.724,21,8,10215,5800,4415,28,23,23,70,40.0%,355.2,201.7,153.5,0.97,0.80,0.80,2.43,352.2,200.0,152.2,0.97,0.79,0.79,2.41,86,60,2.99,2.09,2.97,2.07
,,,Duffydoug,Elite,Vibranium,Metal,Solar,54.5,582,35,0.397,0.314,11,24,13859,8180,5679,39,25,43,88,44.3%,370.9,218.9,152.0,1.04,0.67,1.15,2.36,396.0,233.7,162.3,1.11,0.71,1.23,2.51,89,115,2.38,3.08,2.54,3.29
,,,Gob!,Elite,Cyclones,Storm,Solar,54.3,794,52,0.578,0.558,29,23,17766,10340,7426,42,30,62,154,27.3%,348.5,202.9,145.7,0.82,0.59,1.22,3.02,341.7,198.8,142.8,0.81,0.58,1.19,2.96,138,113,2.71,2.22,2.65,2.17
,,,Tyty,Elite,Onions,The Garden,Solar,54.0,1000,63,0.559,0.587,37,26,23304,13290,10014,56,39,81,169,33.1%,363.0,207.0,156.0,0.87,0.61,1.26,2.63,369.9,211.0,159.0,0.89,0.62,1.29,2.68,165,142,2.57,2.21,2.62,2.25
,,,Heavyumlaut,Elite,Gamma,The Wavelengths,Solar,53.9,760,52,0.563,0.596,31,21,17495,10010,7485,42,33,58,126,33.3%,358.6,205.2,153.4,0.86,0.68,1.19,2.58,336.4,192.5,143.9,0.81,0.63,1.12,2.42,138,118,2.83,2.42,2.65,2.27
,,,Ay G.,Elite,Wendigos,The Forest,Lunar,53.7,701,48,0.504,0.500,24,24,16044,8720,7324,28,34,62,112,25.0%,356.5,193.8,162.7,0.62,0.76,1.38,2.49,334.3,181.7,152.6,0.58,0.71,1.29,2.33,106,105,2.36,2.33,2.21,2.19
,,,Dlnaod.,Elite,"Vibranium
Warlocks
Anglers","Metal
Dungeons And Double Taps
The Abyss",Solar,53.3,690,45,0.527,0.511,23,22,15817,8850,6967,32,30,60,115,27.8%,357.1,199.8,157.3,0.72,0.68,1.35,2.60,351.5,196.7,154.8,0.71,0.67,1.33,2.56,105,98,2.37,2.21,2.33,2.18
,,,Lad,Elite,Sloths,The Jungle,Solar,53.2,987,58,0.599,0.603,35,23,22434,13200,9234,50,45,86,165,30.3%,354.1,208.3,145.7,0.79,0.71,1.36,2.60,386.8,227.6,159.2,0.86,0.78,1.48,2.84,167,129,2.64,2.04,2.88,2.22
,,,Josan (Needs To Respond),Elite,Gelato,Fifty-Fifty Pizzeria,Solar,53.1,1020,63,0.522,0.508,32,31,22863,12680,10183,42,51,85,168,25.0%,349.1,193.6,155.5,0.64,0.78,1.30,2.57,362.9,201.3,161.6,0.67,0.81,1.35,2.67,167,158,2.55,2.41,2.65,2.51
,,,Viglio,Elite,Thunder,Electric Mayhem,Lunar,53.0,736,44,0.589,0.636,28,16,16154,9850,6304,43,28,54,145,29.7%,341.9,208.5,133.4,0.91,0.59,1.14,3.07,367.1,223.9,143.3,0.98,0.64,1.23,3.30,121,96,2.56,2.03,2.75,2.18
,,,Stellarblitz,Elite,Widows,Eight Legged Freaks,Lunar,52.9,900,55,0.531,0.618,34,21,20463,11710,8753,46,32,77,166,27.7%,354.2,202.7,151.5,0.80,0.55,1.33,2.87,372.1,212.9,159.1,0.84,0.58,1.40,3.02,144,133,2.49,2.30,2.62,2.42
,,,Jacob.,Elite,Kodiaks,The Bear Den,Lunar,51.6,715,50,0.610,0.600,30,20,16291,8860,7431,31,31,61,116,26.7%,354.9,193.0,161.9,0.68,0.68,1.33,2.53,325.8,177.2,148.6,0.62,0.62,1.22,2.32,124,93,2.70,2.03,2.48,1.86
,,,Trspriggs,Elite,Vipers,The Serpents,Solar,51.4,906,59,0.506,0.458,27,32,20599,11250,9349,45,32,71,160,28.1%,354.2,193.4,160.7,0.77,0.55,1.22,2.75,349.1,190.7,158.5,0.76,0.54,1.20,2.71,127,125,2.18,2.15,2.15,2.12
,,,Saltybonnyr,Elite,Hornets,The Swarm,Solar,51.1,433,28,0.562,0.536,15,13,10315,5960,4355,24,13,44,71,33.8%,371.1,214.4,156.7,0.86,0.47,1.58,2.55,368.4,212.9,155.5,0.86,0.46,1.57,2.54,66,56,2.37,2.01,2.36,2.00
,,,Vengeance,Elite,Annes Revenge,Seas Despair,Lunar,50.7,979,59,0.589,0.610,36,23,22551,12860,9691,48,37,92,161,29.8%,358.8,204.6,154.2,0.76,0.59,1.46,2.56,382.2,218.0,164.3,0.81,0.63,1.56,2.73,158,125,2.51,1.99,2.68,2.12
,,,Akabryan,Elite,Great Whites,Shark Attack,Lunar,50.7,929,56,0.528,0.518,29,27,21321,12630,8691,48,36,90,153,31.4%,357.5,211.8,145.7,0.80,0.60,1.51,2.57,380.7,225.5,155.2,0.86,0.64,1.61,2.73,146,136,2.45,2.28,2.61,2.43
,,,The Insane Dan,Elite,"Rottweilers
Menthol","Puppy Paradise
Minty Fresh",Solar,50.5,684,45,0.430,0.333,15,30,15874,9090,6784,30,29,72,104,28.8%,361.5,207.0,154.5,0.68,0.66,1.64,2.37,352.8,202.0,150.8,0.67,0.64,1.60,2.31,89,107,2.03,2.44,1.98,2.38
,,,Murloc,Elite,Widows,Eight Legged Freaks,Lunar,50.4,974,60,0.518,0.600,36,24,21670,13190,8480,55,40,80,169,32.5%,346.6,210.9,135.6,0.88,0.64,1.28,2.70,361.2,219.8,141.3,0.92,0.67,1.33,2.82,155,148,2.48,2.37,2.58,2.47
,,,Rob,Elite,Quasars,The Cosmos,Lunar,50.3,651,41,0.574,0.610,25,16,15001,8300,6701,25,28,68,100,25.0%,358.9,198.6,160.3,0.60,0.67,1.63,2.39,365.9,202.4,163.4,0.61,0.68,1.66,2.44,102,84,2.44,2.01,2.49,2.05
,,,Nova_,Elite,Summoned,Destined,Solar,50.1,436,30,0.450,0.567,17,13,10279,5580,4699,20,15,43,68,29.4%,367.2,199.4,167.9,0.71,0.54,1.54,2.43,342.6,186.0,156.6,0.67,0.50,1.43,2.27,57,65,2.04,2.32,1.90,2.17
,,,Flexy,Elite,Finbacks,Whale Defense,Solar,50.1,957,60,0.573,0.633,38,22,20919,11890,9029,52,50,54,149,34.9%,340.5,193.5,147.0,0.85,0.81,0.88,2.43,348.7,198.2,150.5,0.87,0.83,0.90,2.48,172,143,2.80,2.33,2.87,2.38
,,,Knyght,Elite,Knights,The Sovereign,Lunar,50.0,676,43,0.526,0.512,22,21,14598,8170,6428,25,35,56,112,22.3%,336.4,188.3,148.1,0.58,0.81,1.29,2.58,339.5,190.0,149.5,0.58,0.81,1.30,2.60,110,103,2.53,2.37,2.56,2.40
,,,Tehblister,Elite,Gelato,Fifty-Fifty Pizzeria,Solar,48.8,1039,64,0.512,0.500,32,32,23204,13690,9514,59,38,82,179,33.0%,347.9,205.2,142.6,0.88,0.57,1.23,2.68,362.6,213.9,148.7,0.92,0.59,1.28,2.80,169,164,2.53,2.46,2.64,2.56
,,,Necro,Elite,Aquarius,The Nexus,Solar,48.6,675,42,0.340,0.262,11,31,15923,9070,6853,32,23,74,102,31.4%,367.4,209.3,158.1,0.74,0.53,1.71,2.35,379.1,216.0,163.2,0.76,0.55,1.76,2.43,81,124,1.87,2.86,1.93,2.95
,,,Anonymouse,Elite,Dab Brulee,The Bakery,Lunar,48.2,522,36,0.440,0.444,16,20,12302,6850,5452,26,14,54,85,30.6%,367.1,204.4,162.7,0.78,0.42,1.61,2.54,341.7,190.3,151.4,0.72,0.39,1.50,2.36,71,83,2.12,2.48,1.97,2.31
,,,Djcasualties,Elite,Sugar Soldiers,Snack Syndicate,Lunar,48.0,944,61,0.508,0.475,29,32,21123,11990,9133,42,35,89,159,26.4%,348.5,197.8,150.7,0.69,0.58,1.47,2.62,346.3,196.6,149.7,0.69,0.57,1.46,2.61,142,139,2.34,2.29,2.33,2.28
,,,Capn' Clutch,Elite,"Ravioli Rangers
Annes Revenge
Knights","Italian Battalion
Seas Despair
The Sovereign",Lunar,47.7,956,57,0.577,0.632,36,21,20738,12600,8138,61,31,63,180,33.9%,337.9,205.3,132.6,0.99,0.51,1.03,2.93,363.8,221.1,142.8,1.07,0.54,1.11,3.16,153,125,2.49,2.04,2.68,2.19
,,,Space Captain,Elite,"Warlocks
Quasars","Dungeons And Double Taps
The Cosmos",Solar,47.4,595,39,0.510,0.564,22,17,13744,7520,6224,26,18,61,97,26.8%,359.8,196.9,162.9,0.68,0.47,1.60,2.54,352.4,192.8,159.6,0.67,0.46,1.56,2.49,78,76,2.04,1.99,2.00,1.95
,,,Treko50,Elite,Great Whites,Shark Attack,Lunar,47.3,1077,64,0.512,0.500,32,32,24828,14050,10778,50,36,111,170,29.4%,359.1,203.2,155.9,0.72,0.52,1.61,2.46,387.9,219.5,168.4,0.78,0.56,1.73,2.66,162,157,2.34,2.27,2.53,2.45
,,,Reprise,Elite,"Warlocks
Vibranium
Nuclear","Dungeons And Double Taps
Metal
Energy",Solar,47.1,677,40,0.416,0.400,16,24,14775,8580,6195,34,23,56,123,27.6%,340.0,197.4,142.5,0.78,0.53,1.29,2.83,369.4,214.5,154.9,0.85,0.58,1.40,3.08,84,105,1.93,2.42,2.10,2.63
,,,Rollsroyceowner,Elite,"Fire
Finbacks","The Elements
Whale Defense",Solar,47.0,457,30,0.405,0.400,12,18,10316,5260,5056,14,18,45,71,19.7%,351.6,179.3,172.3,0.48,0.61,1.53,2.42,343.9,175.3,168.5,0.47,0.60,1.50,2.37,56,72,1.91,2.45,1.87,2.40
,,,Virus,Elite,Gamma,The Wavelengths,Solar,47.0,758,49,0.540,0.571,28,21,17120,9820,7300,43,24,61,127,33.9%,351.8,201.8,150.0,0.88,0.49,1.25,2.61,349.4,200.4,149.0,0.88,0.49,1.24,2.59,125,113,2.57,2.32,2.55,2.31
,,,Perino,Elite,Summoned,Destined,Solar,46.4,768,51,0.462,0.588,30,21,17390,9130,8260,36,28,59,118,30.5%,352.7,185.2,167.5,0.73,0.57,1.20,2.39,341.0,179.0,162.0,0.71,0.55,1.16,2.31,94,104,1.91,2.11,1.84,2.04
,,,Adeadm0053,Elite,Summoned,Destined,Solar,46.2,888,60,0.513,0.617,37,23,19836,10510,9326,32,29,87,151,21.2%,348.0,184.4,163.6,0.56,0.51,1.53,2.65,330.6,175.2,155.4,0.53,0.48,1.45,2.52,113,109,1.98,1.91,1.88,1.82
,,,Ninjab,Elite,"Rottweilers
Anglers
Brie Bandits","Puppy Paradise
The Abyss
Cheese Guild",Solar,45.9,181,13,0.396,0.231,3,10,4134,2330,1804,6,9,21,23,26.1%,355.8,200.5,155.3,0.52,0.77,1.81,1.98,318.0,179.2,138.8,0.46,0.69,1.62,1.77,22,29,1.89,2.50,1.69,2.23
,,,Ogkrish,Elite,Summoned,Destined,Solar,45.9,758,51,0.496,0.588,30,21,17174,9720,7454,31,23,84,127,24.4%,352.9,199.7,153.2,0.64,0.47,1.73,2.61,336.7,190.6,146.2,0.61,0.45,1.65,2.49,93,94,1.91,1.93,1.82,1.84
,,,Icye,Elite,Fire,The Elements,Solar,44.9,265,17,0.299,0.235,4,13,5717,3030,2687,10,11,21,43,23.3%,336.0,178.1,157.9,0.59,0.65,1.23,2.53,336.3,178.2,158.1,0.59,0.65,1.24,2.53,33,56,1.94,3.29,1.94,3.29
,,,Visionaryone,Elite,Wendigos,The Forest,Lunar,44.9,614,40,0.408,0.400,16,24,13008,7070,5938,16,28,61,102,15.7%,330.0,179.4,150.6,0.41,0.71,1.55,2.59,325.2,176.8,148.5,0.40,0.70,1.53,2.55,81,103,2.05,2.61,2.03,2.58
,,,Mikeismyike,Elite,"Cyclones
Annes Revenge","Storm
Seas Despair",Solar,44.9,492,33,0.554,0.485,16,17,10372,6020,4352,27,24,27,77,35.1%,328.4,190.6,137.8,0.85,0.76,0.85,2.44,314.3,182.4,131.9,0.82,0.73,0.82,2.33,87,76,2.75,2.41,2.64,2.30
,,,N0Maa,Elite,"Vibranium
Knights","Metal
The Sovereign",Solar,44.6,89,5,0.465,0.400,2,3,1939,1170,769,6,2,6,17,35.3%,339.4,204.8,134.6,1.05,0.35,1.05,2.98,387.8,234.0,153.8,1.20,0.40,1.20,3.40,10,11,1.75,1.93,2.00,2.20
,,,Blender,Elite,Onions,The Garden,Solar,44.2,819,52,0.584,0.615,32,20,17185,9660,7525,39,36,52,136,28.7%,326.8,183.7,143.1,0.74,0.68,0.99,2.59,330.5,185.8,144.7,0.75,0.69,1.00,2.62,139,112,2.64,2.13,2.67,2.15
,,,Dav,Elite,"Menthol
Rottweilers","Minty Fresh
Puppy Paradise",Lunar,44.0,962,60,0.395,0.367,22,38,21541,12030,9511,44,36,88,143,30.8%,348.8,194.8,154.0,0.71,0.58,1.42,2.32,359.0,200.5,158.5,0.73,0.60,1.47,2.38,132,173,2.14,2.80,2.20,2.88
,,,Peas And Beans,Elite,Demons,The Monster Mash,Lunar,43.4,803,52,0.557,0.519,27,25,17122,10210,6912,45,27,59,141,31.9%,332.1,198.1,134.1,0.87,0.52,1.14,2.74,329.3,196.3,132.9,0.87,0.52,1.13,2.71,131,113,2.54,2.19,2.52,2.17
,,,Legacy.,Elite,Widows,Eight Legged Freaks,Lunar,43.3,768,47,0.484,0.532,25,22,16341,9610,6731,38,36,57,116,32.8%,331.4,194.9,136.5,0.77,0.73,1.16,2.35,347.7,204.5,143.2,0.81,0.77,1.21,2.47,120,125,2.43,2.54,2.55,2.66
,,,Le6Os,Elite,Aquarius,The Nexus,Solar,43.1,723,49,0.373,0.306,15,34,16356,9010,7346,25,33,79,91,27.5%,352.4,194.1,158.3,0.54,0.71,1.70,1.96,333.8,183.9,149.9,0.51,0.67,1.61,1.86,95,132,2.05,2.84,1.94,2.69
,,,Seefoo,Elite,"Sugar Soldiers
Amaterasu","Snack Syndicate
Pantheon",Lunar,43.0,112,8,0.346,0.375,3,5,2475,1470,1005,7,4,8,17,41.2%,344.2,204.4,139.8,0.97,0.56,1.11,2.36,309.4,183.8,125.6,0.88,0.50,1.00,2.13,14,21,1.95,2.92,1.75,2.63
,,,Wafe,Elite,Dab Brulee,The Bakery,Lunar,42.9,832,55,0.482,0.545,30,25,18522,10030,8492,39,30,68,123,31.7%,346.8,187.8,159.0,0.73,0.56,1.27,2.30,336.8,182.4,154.4,0.71,0.55,1.24,2.24,129,135,2.42,2.53,2.35,2.45
,,,Icy,Elite,Quasars,The Cosmos,Lunar,42.3,631,42,0.467,0.452,19,23,14059,7770,6289,27,23,60,92,29.3%,347.1,191.8,155.2,0.67,0.57,1.48,2.27,334.7,185.0,149.7,0.64,0.55,1.43,2.19,91,99,2.25,2.44,2.17,2.36
,,,Best Cheerleader Dan!,Elite,Dab Brulee,The Bakery,Lunar,41.8,595,39,0.434,0.462,18,21,13367,8130,5237,36,14,57,98,36.7%,349.9,212.8,137.1,0.94,0.37,1.49,2.57,342.7,208.5,134.3,0.92,0.36,1.46,2.51,89,105,2.33,2.75,2.28,2.69
,,,Sir Mcdouble,Elite,Vibranium,Metal,Solar,40.9,363,21,0.450,0.476,10,11,7958,4780,3178,23,8,29,63,36.5%,341.5,205.1,136.4,0.99,0.34,1.24,2.70,379.0,227.6,151.3,1.10,0.38,1.38,3.00,51,58,2.19,2.49,2.43,2.76
,,,Cerealkiller,Elite,Anglers,The Abyss,Lunar,40.5,871,60,0.305,0.300,18,42,18781,9670,9111,39,26,61,142,27.5%,335.9,172.9,162.9,0.70,0.46,1.09,2.54,313.0,161.2,151.9,0.65,0.43,1.02,2.37,98,166,1.75,2.97,1.63,2.77
,,,Mew_Jr,Elite,Knights,The Sovereign,Lunar,40.4,460,30,0.495,0.533,16,14,9554,5160,4394,16,23,35,66,24.2%,323.5,174.7,148.8,0.54,0.78,1.19,2.23,318.5,172.0,146.5,0.53,0.77,1.17,2.20,73,74,2.47,2.51,2.43,2.47
,,,Chrisakamrxd,Elite,Aquarius,The Nexus,Solar,40.4,837,56,0.375,0.321,18,38,18476,10020,8456,40,28,68,122,32.8%,343.8,186.5,157.4,0.74,0.52,1.27,2.27,329.9,178.9,151.0,0.71,0.50,1.21,2.18,109,151,2.03,2.81,1.95,2.70
,,,Lonely,Elite,Kodiaks,The Bear Den,Lunar,39.3,671,42,0.454,0.357,15,27,14531,8220,6311,30,20,63,107,28.0%,337.3,190.8,146.5,0.70,0.46,1.46,2.48,346.0,195.7,150.3,0.71,0.48,1.50,2.55,96,108,2.23,2.51,2.29,2.57
,,,2Jsix,Elite,Fire,The Elements,Solar,38.5,994,64,0.346,0.281,18,46,20946,10950,9996,51,21,60,180,28.3%,328.2,171.6,156.6,0.80,0.33,0.94,2.82,327.3,171.1,156.2,0.80,0.33,0.94,2.81,118,178,1.85,2.79,1.84,2.78
,,,Paco,Elite,Santa Muerte,The Gods,Lunar,38.1,619,40,0.513,0.475,19,21,13221,7700,5521,38,17,41,100,38.0%,332.7,193.8,138.9,0.96,0.43,1.03,2.52,330.5,192.5,138.0,0.95,0.43,1.03,2.50,91,88,2.29,2.21,2.28,2.20
,,,Ezpz Scopezz,Elite,Hornets,The Swarm,Solar,36.9,670,43,0.531,0.465,20,23,14300,7760,6540,33,18,50,106,31.1%,332.5,180.4,152.0,0.77,0.42,1.16,2.46,332.6,180.5,152.1,0.77,0.42,1.16,2.47,105,97,2.44,2.26,2.44,2.26
,,,Ritter,Elite,Vipers,The Serpents,Solar,36.0,867,56,0.529,0.464,26,30,18835,10270,8565,34,32,83,112,30.4%,338.4,184.5,153.9,0.61,0.57,1.49,2.01,336.3,183.4,152.9,0.61,0.57,1.48,2.00,124,115,2.23,2.07,2.21,2.05
,,,Flossy,Elite,Vipers,The Serpents,Solar,35.5,266,17,0.509,0.529,9,8,5642,2960,2682,10,10,22,36,27.8%,330.4,173.3,157.1,0.59,0.59,1.29,2.11,331.9,174.1,157.8,0.59,0.59,1.29,2.12,42,41,2.46,2.40,2.47,2.41
,,,Soup,Elite,"Onions
Dab Brulee
Fire","The Garden
The Bakery
The Elements",Solar,34.6,202,12,0.344,0.333,4,8,4267,2570,1697,8,8,22,27,29.6%,329.0,198.2,130.9,0.62,0.62,1.70,2.08,355.6,214.2,141.4,0.67,0.67,1.83,2.25,26,39,2.00,3.01,2.17,3.25
,,,Goum,Elite,Thunder,Electric Mayhem,Lunar,34.5,300,20,0.576,0.650,13,7,6487,3540,2947,10,8,34,44,22.7%,336.8,183.8,153.0,0.52,0.42,1.77,2.28,324.4,177.0,147.4,0.50,0.40,1.70,2.20,43,35,2.23,1.82,2.15,1.75
,,,Nytro,Elite,Hornets,The Swarm,Solar,34.5,881,57,0.539,0.509,29,28,18743,10450,8293,38,33,77,115,33.0%,331.4,184.8,146.6,0.67,0.58,1.36,2.03,328.8,183.3,145.5,0.67,0.58,1.35,2.02,137,124,2.42,2.19,2.40,2.18
,,,Canadianregaining,Elite,Warlocks,Dungeons And Double Taps,Solar,34.4,837,53,0.463,0.472,25,28,17750,9970,7780,40,25,70,122,32.8%,330.3,185.5,144.8,0.74,0.47,1.30,2.27,334.9,188.1,146.8,0.75,0.47,1.32,2.30,108,119,2.01,2.21,2.04,2.25
,,,Qudron,Elite,Rottweilers,Puppy Paradise,Lunar,34.1,765,49,0.375,0.306,15,34,15967,8510,7457,26,26,70,111,23.4%,325.1,173.3,151.8,0.53,0.53,1.43,2.26,325.9,173.7,152.2,0.53,0.53,1.43,2.27,98,136,2.00,2.77,2.00,2.78
,,,Tinsel,Elite,Menthol,Minty Fresh,Solar,33.9,141,9,0.258,0.222,2,7,3026,1570,1456,5,3,14,22,22.7%,334.3,173.4,160.8,0.55,0.33,1.55,2.43,336.2,174.4,161.8,0.56,0.33,1.56,2.44,13,26,1.44,2.87,1.44,2.89
,,,Surge,Elite,"Ravioli Rangers
Warlocks","Italian Battalion
Dungeons And Double Taps",Solar,33.7,862,53,0.480,0.528,28,25,19343,10510,8833,26,22,114,111,23.4%,349.5,189.9,159.6,0.47,0.40,2.06,2.01,365.0,198.3,166.7,0.49,0.42,2.15,2.09,110,116,1.99,2.10,2.08,2.19
,,,Rolo,Elite,"Warlocks
Ravioli Rangers","Dungeons And Double Taps
Italian Battalion",Lunar,33.5,417,29,0.500,0.517,15,14,8880,4550,4330,16,14,34,55,29.1%,331.7,170.0,161.7,0.60,0.52,1.27,2.05,306.2,156.9,149.3,0.55,0.48,1.17,1.90,57,57,2.13,2.13,1.97,1.97
,,,Xaerous,Elite,Fire,The Elements,Solar,32.5,742,48,0.363,0.313,15,33,15573,7890,7683,24,18,69,114,21.1%,326.9,165.6,161.3,0.50,0.38,1.45,2.39,324.4,164.4,160.1,0.50,0.38,1.44,2.38,89,128,1.87,2.69,1.85,2.67
,,,Panick,Elite,Widows,Eight Legged Freaks,Lunar,31.8,406,25,0.398,0.480,12,13,8526,4990,3536,20,11,37,59,33.9%,327.1,191.4,135.7,0.77,0.42,1.42,2.26,341.0,199.6,141.4,0.80,0.44,1.48,2.36,57,74,2.19,2.84,2.28,2.96
,,,Theangrytryhard,Elite,Menthol,Minty Fresh,Solar,31.6,912,59,0.385,0.322,19,40,18677,10780,7897,36,25,90,143,25.2%,319.0,184.1,134.9,0.61,0.43,1.54,2.44,316.6,182.7,133.8,0.61,0.42,1.53,2.42,117,158,2.00,2.70,1.98,2.68
,,,Sky,Elite,"Nuclear
Ravioli Rangers","Energy
Italian Battalion",Solar,31.4,634,42,0.437,0.476,20,22,13230,7350,5880,31,13,52,100,31.0%,325.0,180.6,144.5,0.76,0.32,1.28,2.46,315.0,175.0,140.0,0.74,0.31,1.24,2.38,84,99,2.06,2.43,2.00,2.36
,,,Nebulade,Elite,Ravioli Rangers,Italian Battalion,Lunar,30.8,732,48,0.436,0.438,21,27,14853,8030,6823,30,20,58,113,26.5%,316.1,170.9,145.2,0.64,0.43,1.23,2.40,309.4,167.3,142.1,0.63,0.42,1.21,2.35,93,110,1.98,2.34,1.94,2.29
,,,Slick Rick,Elite,Nuclear,Energy,Solar,29.5,788,50,0.450,0.460,23,27,15866,8680,7186,37,17,57,128,28.9%,313.6,171.6,142.0,0.73,0.34,1.13,2.53,317.3,173.6,143.7,0.74,0.34,1.14,2.56,107,122,2.12,2.41,2.14,2.44
,,,Cineo,Elite,Aquarius,The Nexus,Solar,29.4,596,41,0.342,0.317,13,28,12717,6840,5877,24,17,57,74,32.4%,332.4,178.8,153.6,0.63,0.44,1.49,1.93,310.2,166.8,143.3,0.59,0.41,1.39,1.80,74,112,1.93,2.93,1.80,2.73
,,,Beans,Elite,Santa Muerte,The Gods,Lunar,29.2,694,47,0.521,0.532,25,22,14570,7760,6810,20,23,75,86,23.3%,327.0,174.2,152.8,0.45,0.52,1.68,1.93,310.0,165.1,144.9,0.43,0.49,1.60,1.83,92,87,2.06,1.95,1.96,1.85
,,,Stone-Dog Millionaire,Elite,Menthol,Minty Fresh,Solar,28.4,796,51,0.356,0.294,15,36,16006,8500,7506,28,21,69,120,23.3%,313.2,166.3,146.9,0.55,0.41,1.35,2.35,313.8,166.7,147.2,0.55,0.41,1.35,2.35,94,138,1.84,2.70,1.84,2.71
,,,Deadcupcake,Elite,"Rottweilers
Menthol","Puppy Paradise
Minty Fresh",Lunar,28.1,302,21,0.364,0.333,7,14,6190,3390,2800,10,10,30,39,25.6%,319.3,174.9,144.4,0.52,0.52,1.55,2.01,294.8,161.4,133.3,0.48,0.48,1.43,1.86,37,53,1.91,2.73,1.76,2.52
,,,Shiftiig,Elite,Anglers,The Abyss,Lunar,27.1,779,54,0.259,0.259,14,40,15353,7650,7703,24,20,61,120,20.0%,307.0,153.0,154.0,0.48,0.40,1.22,2.40,284.3,141.7,142.6,0.44,0.37,1.13,2.22,80,157,1.60,3.14,1.48,2.91
,,,Jester,Elite,Vibranium,Metal,Solar,26.9,858,52,0.413,0.346,18,34,16729,9250,7479,30,28,72,125,24.0%,303.7,167.9,135.8,0.54,0.51,1.31,2.27,321.7,177.9,143.8,0.58,0.54,1.38,2.40,121,151,2.20,2.74,2.33,2.90
,,,Wulfy,Elite,Fire,The Elements,Solar,26.7,200,13,0.372,0.308,4,9,4176,2100,2076,9,5,14,25,36.0%,325.2,163.6,161.7,0.70,0.39,1.09,1.95,321.2,161.5,159.7,0.69,0.38,1.08,1.92,25,35,1.95,2.73,1.92,2.69
,,,Bosnia_2003,Elite,Fire,The Elements,Solar,26.4,59,4,0.200,0.000,0,4,1263,710,553,2,2,7,6,33.3%,333.4,187.4,146.0,0.53,0.53,1.85,1.58,315.8,177.5,138.3,0.50,0.50,1.75,1.50,7,16,1.85,4.22,1.75,4.00
,,,Frostybrew,Elite,Demons,The Monster Mash,Lunar,25.5,312,20,0.602,0.550,11,9,6415,3540,2875,14,11,25,34,41.2%,320.3,176.7,143.5,0.70,0.55,1.25,1.70,320.8,177.0,143.8,0.70,0.55,1.25,1.70,57,44,2.85,2.20,2.85,2.20
,,,Slate,Elite,Gelato,Fifty-Fifty Pizzeria,Solar,24.9,181,11,0.335,0.273,3,8,3166,1670,1496,6,6,9,32,18.8%,272.5,143.7,128.7,0.52,0.52,0.77,2.75,287.8,151.8,136.0,0.55,0.55,0.82,2.91,22,34,1.89,2.93,2.00,3.09
,,,Thecroctopustv,Elite,Widows,Eight Legged Freaks,Lunar,23.6,78,5,0.276,0.200,1,4,1445,860,585,3,3,6,11,27.3%,288.6,171.7,116.8,0.60,0.60,1.20,2.20,289.0,172.0,117.0,0.60,0.60,1.20,2.20,10,18,2.00,3.59,2.00,3.60
,,,Inedibledeer,Elite,Rottweilers,Puppy Paradise,Lunar,22.9,747,49,0.355,0.286,14,35,14901,8140,6761,33,18,59,99,33.3%,310.7,169.7,141.0,0.69,0.38,1.23,2.06,304.1,166.1,138.0,0.67,0.37,1.20,2.02,89,131,1.86,2.73,1.82,2.67
,,,Justin,Elite,Anglers,The Abyss,Lunar,22.2,389,26,0.259,0.192,5,21,7249,3380,3869,10,11,25,58,17.2%,290.3,135.3,154.9,0.40,0.44,1.00,2.32,278.8,130.0,148.8,0.38,0.42,0.96,2.23,41,80,1.64,3.20,1.58,3.08
,,,Super (Change),Elite,Wendigos,The Forest,Lunar,21.2,672,43,0.413,0.465,20,23,13683,7250,6433,29,10,59,90,32.2%,317.2,168.1,149.1,0.67,0.23,1.37,2.09,318.2,168.6,149.6,0.67,0.23,1.37,2.09,86,108,1.99,2.50,2.00,2.51
,,,Elite Ope,Elite,Fire,The Elements,Solar,20.4,61,4,0.355,0.500,2,2,1271,740,531,4,0,5,9,44.4%,324.6,189.0,135.6,1.02,0.00,1.28,2.30,317.8,185.0,132.8,1.00,0.00,1.25,2.25,6,9,1.53,2.30,1.50,2.25
,,,Chill,Elite,Sloths,The Jungle,Solar,20.4,251,15,0.440,0.400,6,9,4759,2660,2099,11,6,18,36,30.6%,295.3,165.1,130.3,0.68,0.37,1.12,2.23,317.3,177.3,139.9,0.73,0.40,1.20,2.40,36,42,2.23,2.61,2.40,2.80
,,,Skizzbo,Elite,"Anglers
Hornets","The Abyss
The Swarm",Lunar,19.8,619,43,0.241,0.302,13,30,12202,5930,6272,17,12,56,83,20.5%,307.1,149.2,157.8,0.43,0.30,1.41,2.09,283.8,137.9,145.9,0.40,0.28,1.30,1.93,58,122,1.46,3.07,1.35,2.84
,,,Turnzy,Elite,"Gamma
Vibranium","The Wavelengths
Metal",Solar,18.7,113,8,0.500,0.500,4,4,2268,1140,1128,4,2,10,14,28.6%,312.6,157.1,155.5,0.55,0.28,1.38,1.93,283.5,142.5,141.0,0.50,0.25,1.25,1.75,16,16,2.21,2.21,2.00,2.00
,,,Ryanawesome_,Elite,Nuclear,Energy,Solar,17.0,64,4,0.288,0.250,1,3,1227,620,607,2,2,5,7,28.6%,298.6,150.9,147.7,0.49,0.49,1.22,1.70,306.8,155.0,151.8,0.50,0.50,1.25,1.75,8,14,1.95,3.41,2.00,3.50
,,,Catlas,Elite,Fire,The Elements,Solar,16.8,56,4,0.273,0.250,1,3,1113,490,623,0,0,8,9,0.0%,309.6,136.3,173.3,0.00,0.00,2.23,2.50,278.3,122.5,155.8,0.00,0.00,2.00,2.25,4,8,1.11,2.23,1.00,2.00
,,,Zarthon,Elite,Vibranium,Metal,Solar,16.5,55,4,0.267,0.250,1,3,1019,510,509,2,2,3,6,33.3%,288.6,144.4,144.2,0.57,0.57,0.85,1.70,254.8,127.5,127.3,0.50,0.50,0.75,1.50,9,16,2.55,4.53,2.25,4.00
,,,Tirmenat,Elite,"Warlocks
Fire","Dungeons And Double Taps
The Elements",Solar,16.3,89,5,0.437,0.400,2,3,1474,790,684,3,3,4,14,21.4%,258.0,138.3,119.7,0.53,0.53,0.70,2.45,294.8,158.0,136.8,0.60,0.60,0.80,2.80,11,13,1.93,2.28,2.20,2.60
,,,Drskimmilk,Elite,Sugar Soldiers,Snack Syndicate,Lunar,12.5,197,12,0.262,0.083,1,11,3382,1740,1642,4,5,16,29,13.8%,267.4,137.6,129.8,0.32,0.40,1.27,2.29,281.8,145.0,136.8,0.33,0.42,1.33,2.42,17,34,1.34,2.69,1.42,2.83
,,,Vulp The Philosopher,Elite,Nuclear,Energy,Solar,11.1,162,10,0.244,0.300,3,7,2801,1490,1311,6,3,10,24,25.0%,269.3,143.3,126.1,0.58,0.29,0.96,2.31,280.1,149.0,131.1,0.60,0.30,1.00,2.40,16,33,1.54,3.17,1.60,3.30
,,,Yoder,Elite,Amaterasu,Pantheon,Lunar,5.4,438,29,0.458,0.483,14,15,6977,3820,3157,12,16,26,52,23.1%,248.1,135.9,112.3,0.43,0.57,0.92,1.85,240.6,131.7,108.9,0.41,0.55,0.90,1.79,61,68,2.17,2.42,2.10,2.34
,,,Chulainn,Elite,Fire,The Elements,Solar,5.1,57,4,0.450,0.500,2,2,998,500,498,1,2,5,5,20.0%,272.7,136.6,136.1,0.27,0.55,1.37,1.37,249.5,125.0,124.5,0.25,0.50,1.25,1.25,7,8,1.91,2.19,1.75,2.00
,,,Vaan (Change),Elite,"Fire
Thunder","The Elements
Electric Mayhem",Lunar,3.9,171,10,0.381,0.300,3,7,2638,1480,1158,7,5,6,23,30.4%,240.3,134.8,105.5,0.64,0.46,0.55,2.10,263.8,148.0,115.8,0.70,0.50,0.60,2.30,22,30,2.00,2.73,2.20,3.00
,,,Blue Eyes Thunder Thighs,Elite,Cyclones,Storm,Solar,2.4,62,5,0.266,0.200,1,4,1259,500,759,1,0,7,5,20.0%,316.3,125.6,190.7,0.25,0.00,1.76,1.26,251.8,100.0,151.8,0.20,0.00,1.40,1.00,5,10,1.26,2.51,1.00,2.00
,,,Ty (Arcus),Elite,Great Whites,Shark Attack,Lunar,0.2,278,15,0.414,0.400,6,9,3941,2140,1801,8,9,10,39,20.5%,220.8,119.9,100.9,0.45,0.50,0.56,2.19,262.7,142.7,120.1,0.53,0.60,0.67,2.60,30,38,1.68,2.13,2.00,2.53
,,,Kaeso Clarus,Elite,"Nuclear
Vibranium
Warlocks","Energy
Metal
Dungeons And Double Taps",Solar,-1.2,369,24,0.272,0.292,7,17,6032,3250,2782,9,11,29,35,25.7%,254.6,137.2,117.4,0.38,0.46,1.22,1.48,251.3,135.4,115.9,0.38,0.46,1.21,1.46,42,78,1.77,3.29,1.75,3.25
,,,Nighthawk,Elite,Annes Revenge,Seas Despair,Lunar,-6.7,124,9,0.541,0.556,5,4,1914,770,1144,2,3,6,12,16.7%,240.4,96.7,143.7,0.25,0.38,0.75,1.51,212.7,85.6,127.1,0.22,0.33,0.67,1.33,20,18,2.51,2.26,2.22,2.00
,,,Mimzy Dangerous,Elite,Aquarius,The Nexus,Solar,-8.7,70,4,0.231,0.000,0,4,996,610,386,1,3,6,6,16.7%,221.6,135.7,85.9,0.22,0.67,1.34,1.34,249.0,152.5,96.5,0.25,0.75,1.50,1.50,7,15,1.56,3.34,1.75,3.75
,,,Fryder,Elite,Fire,The Elements,Solar,-22.8,48,4,0.169,0.000,0,4,680,260,420,0,2,3,1,0.0%,220.7,84.4,136.3,0.00,0.65,0.97,0.32,170.0,65.0,105.0,0.00,0.50,0.75,0.25,4,11,1.30,3.57,1.00,2.75
,,,Zro.,Elite,Warlocks,Dungeons And Double Taps,Solar,-23.9,66,4,0.288,0.250,1,3,826,440,386,1,0,5,9,11.1%,194.9,103.8,91.1,0.24,0.00,1.18,2.12,206.5,110.0,96.5,0.25,0.00,1.25,2.25,6,11,1.42,2.60,1.50,2.75
,,,Dvorl.Ttv,Elite,Warlocks,Dungeons And Double Taps,Solar,-71.1,18,1,0.000,0.000,0,1,118,60,58,0,0,1,1,0.0%,102.1,51.9,50.2,0.00,0.00,0.87,0.87,118.0,60.0,58.0,0.00,0.00,1.00,1.00,0,4,0.00,3.46,0.00,4.00
,,,Dctgti,Contender,"Gravitational
Dutchmans Curse","Energy
Seas Despair",Solar,85.0,415,30,0.775,0.800,24,6,11317,7010,4307,38,24,22,91,41.8%,370.3,229.4,140.9,1.24,0.79,0.72,2.98,377.2,233.7,143.6,1.27,0.80,0.73,3.03,94,42,3.08,1.37,3.13,1.40
,,,Carshawnlynch,Contender,Gravitational,Energy,Solar,84.3,609,43,0.677,0.744,32,11,16729,10370,6359,47,29,55,147,32.0%,373.0,231.2,141.8,1.05,0.65,1.23,3.28,389.0,241.2,147.9,1.09,0.67,1.28,3.42,126,78,2.81,1.74,2.93,1.81
,,,Squirrel,Contender,"Dutchmans Curse
Pumpkins","Seas Despair
The Garden",Lunar,81.9,665,50,0.591,0.560,28,22,20160,11830,8330,61,24,63,138,44.2%,411.7,241.6,170.1,1.25,0.49,1.29,2.82,403.2,236.6,166.6,1.22,0.48,1.26,2.76,129,102,2.63,2.08,2.58,2.04
,,,Greengofantastic,Contender,Aluminum,Metal,Solar,81.6,53,4,0.763,0.750,3,1,1350,890,460,4,4,4,9,44.4%,345.9,228.0,117.9,1.02,1.02,1.02,2.31,337.5,222.5,115.0,1.00,1.00,1.00,2.25,16,8,4.10,2.05,4.00,2.00
,,,Lucas_Rl,Contender,Tic Tacs,Minty Fresh,Solar,80.7,458,33,0.627,0.758,25,8,12688,7760,4928,37,24,39,91,40.7%,376.2,230.1,146.1,1.10,0.71,1.16,2.70,384.5,235.2,149.3,1.12,0.73,1.18,2.76,96,69,2.85,2.05,2.91,2.09
,,,Kryptonic09_,Contender,Aluminum,Metal,Solar,78.2,57,4,0.673,0.750,3,1,1352,870,482,4,4,3,12,33.3%,322.1,207.3,114.8,0.95,0.95,0.71,2.86,338.0,217.5,120.5,1.00,1.00,0.75,3.00,14,9,3.34,2.14,3.50,2.25
,,,Irishhhh,Contender,"Pumpkins
Dutchmans Curse","The Garden
Seas Despair",Solar,74.3,704,51,0.552,0.569,29,22,19321,11450,7871,56,26,60,155,36.1%,372.7,220.9,151.8,1.08,0.50,1.16,2.99,378.8,224.5,154.3,1.10,0.51,1.18,3.04,126,110,2.43,2.12,2.47,2.16
,,,Coolbags3,Contender,Pugs,Puppy Paradise,Lunar,71.7,653,51,0.444,0.490,25,26,18063,9730,8333,45,28,52,123,36.6%,375.6,202.3,173.3,0.94,0.58,1.08,2.56,354.2,190.8,163.4,0.88,0.55,1.02,2.41,113,130,2.35,2.70,2.22,2.55
,,,Calichromatic,Contender,Dutchmans Curse,Seas Despair,Lunar,71.2,627,45,0.646,0.600,27,18,16784,9970,6814,48,27,52,122,39.3%,363.5,215.9,147.6,1.04,0.58,1.13,2.64,373.0,221.6,151.4,1.07,0.60,1.16,2.71,128,87,2.77,1.88,2.84,1.93
,,,Speciial_Eddy,Contender,Aluminum,Metal,Solar,69.7,49,3,0.419,0.333,1,2,1380,970,410,6,2,4,7,85.7%,382.4,268.8,113.6,1.66,0.55,1.11,1.94,460.0,323.3,136.7,2.00,0.67,1.33,2.33,9,11,2.49,3.05,3.00,3.67
,,,Galatiq,Contender,Dionysus,Pantheon,Lunar,66.3,687,50,0.458,0.420,21,29,18471,9990,8481,38,24,73,134,28.4%,365.1,197.5,167.6,0.75,0.47,1.44,2.65,369.4,199.8,169.6,0.76,0.48,1.46,2.68,101,113,2.00,2.23,2.02,2.26
,,,Mysticmax07,Contender,Aluminum,Metal,Solar,66.0,726,51,0.532,0.490,25,26,18139,10730,7409,50,31,54,148,33.8%,339.3,200.7,138.6,0.94,0.58,1.01,2.77,355.7,210.4,145.3,0.98,0.61,1.06,2.90,142,131,2.66,2.45,2.78,2.57
,,,Fpsframerate,Contender,Aluminum,Metal,Solar,65.2,268,19,0.626,0.632,12,7,6866,4110,2756,22,11,17,51,43.1%,347.9,208.2,139.6,1.11,0.56,0.86,2.58,361.4,216.3,145.1,1.16,0.58,0.89,2.68,53,38,2.69,1.93,2.79,2.00
,,,Camsl4Yz82,Contender,Tic Tacs,Minty Fresh,Solar,62.5,718,52,0.518,0.577,30,22,19110,10950,8160,53,25,63,125,42.4%,361.4,207.1,154.3,1.00,0.47,1.19,2.36,367.5,210.6,156.9,1.02,0.48,1.21,2.40,132,126,2.50,2.38,2.54,2.42
,,,Raisonbran,Contender,Cheese Pizza,Fifty-Fifty Pizzeria,Solar,62.1,730,52,0.630,0.692,36,16,17887,10500,7387,58,30,35,145,40.0%,332.7,195.3,137.4,1.08,0.56,0.65,2.70,344.0,201.9,142.1,1.12,0.58,0.67,2.79,144,102,2.68,1.90,2.77,1.96
,,,Kush_The_Ninja,Contender,Cheese Pizza,Fifty-Fifty Pizzeria,Solar,61.9,730,52,0.630,0.692,36,16,17275,10180,7095,49,31,44,153,32.0%,321.3,189.4,132.0,0.91,0.58,0.82,2.85,332.2,195.8,136.4,0.94,0.60,0.85,2.94,144,102,2.68,1.90,2.77,1.96
,,,Diesel,Contender,Aluminum,Metal,Solar,61.7,340,24,0.494,0.417,10,14,7906,4610,3296,23,17,16,66,34.8%,315.8,184.1,131.6,0.92,0.68,0.64,2.64,329.4,192.1,137.3,0.96,0.71,0.67,2.75,64,65,2.56,2.60,2.67,2.71
,,,Fudansynder,Contender,Teddy Bears,The Bear Den,Lunar,59.8,697,53,0.509,0.491,26,27,17757,10270,7487,55,23,46,132,41.7%,345.9,200.1,145.9,1.07,0.45,0.90,2.57,335.0,193.8,141.3,1.04,0.43,0.87,2.49,126,123,2.45,2.40,2.38,2.32
,,,Carlsaganbro,Contender,Cheese Pizza,Fifty-Fifty Pizzeria,Solar,59.2,730,52,0.630,0.692,36,16,17138,9770,7368,37,36,60,127,29.1%,318.8,181.7,137.1,0.69,0.67,1.12,2.36,329.6,187.9,141.7,0.71,0.69,1.15,2.44,144,102,2.68,1.90,2.77,1.96
,,,R00K46,Contender,Teddy Bears,The Bear Den,Lunar,57.8,564,44,0.504,0.477,21,23,13989,7890,6099,37,23,42,94,39.4%,336.8,190.0,146.8,0.89,0.55,1.01,2.26,317.9,179.3,138.6,0.84,0.52,0.95,2.14,101,100,2.43,2.41,2.30,2.27
,,,Shazampoof,Contender,Teddy Bears,The Bear Den,Lunar,55.9,683,52,0.497,0.481,25,27,17558,9170,8388,31,27,75,97,32.0%,349.1,182.3,166.8,0.62,0.54,1.49,1.93,337.7,176.3,161.3,0.60,0.52,1.44,1.87,121,122,2.41,2.43,2.33,2.35
,,,Yig'S #1 Cheerleader,Contender,Giants,The Forest,Lunar,52.8,231,18,0.357,0.389,7,11,5843,3050,2793,14,5,19,45,31.1%,343.5,179.3,164.2,0.82,0.29,1.12,2.65,324.6,169.4,155.2,0.78,0.28,1.06,2.50,33,48,1.94,2.82,1.83,2.67
,,,Bud-Lite4U,Contender,Dionysus,Pantheon,Lunar,52.6,336,24,0.577,0.542,13,11,7923,4340,3583,19,11,25,64,29.7%,320.2,175.4,144.8,0.77,0.44,1.01,2.59,330.1,180.8,149.3,0.79,0.46,1.04,2.67,60,49,2.42,1.98,2.50,2.04
,,,Daggumbigfoot,Contender,"Giants
Pumpkins
Static","The Forest
The Garden
Electric Mayhem",Lunar,51.9,403,30,0.387,0.433,13,17,9853,5390,4463,23,11,36,74,31.1%,332.0,181.6,150.4,0.77,0.37,1.21,2.49,328.4,179.7,148.8,0.77,0.37,1.20,2.47,58,78,1.95,2.63,1.93,2.60
,,,Zippythegnome,Contender,Pugs,Puppy Paradise,Lunar,48.6,616,48,0.458,0.500,24,24,13519,7580,5939,31,26,43,103,30.1%,298.0,167.1,130.9,0.68,0.57,0.95,2.27,281.6,157.9,123.7,0.65,0.54,0.90,2.15,106,118,2.34,2.60,2.21,2.46
,,,Mr Luyee,Contender,Static,Electric Mayhem,Lunar,46.7,633,48,0.373,0.354,17,31,14928,8140,6788,36,17,52,109,33.0%,320.2,174.6,145.6,0.77,0.36,1.12,2.34,311.0,169.6,141.4,0.75,0.35,1.08,2.27,91,127,1.95,2.72,1.90,2.65
,,,Mrsupersanic,Contender,Gravitational,Energy,Solar,46.1,409,30,0.624,0.667,20,10,8765,5260,3505,26,14,24,76,34.2%,291.0,174.6,116.4,0.86,0.46,0.80,2.52,292.2,175.3,116.8,0.87,0.47,0.80,2.53,69,49,2.29,1.63,2.30,1.63
,,,Dofri9976,Contender,Static,Electric Mayhem,Lunar,44.1,595,46,0.371,0.391,18,28,13839,6650,7189,21,18,54,95,22.1%,315.8,151.8,164.1,0.48,0.41,1.23,2.17,300.8,144.6,156.3,0.46,0.39,1.17,2.07,84,118,1.92,2.69,1.83,2.57
,,,Jcrdude,Contender,Microwaves,The Wavelengths,Solar,43.2,568,45,0.325,0.289,13,32,13853,7050,6803,27,10,58,95,28.4%,331.2,168.5,162.6,0.65,0.24,1.39,2.27,307.8,156.7,151.2,0.60,0.22,1.29,2.11,70,113,1.67,2.70,1.56,2.51
,,,Stickaplex,Contender,Aluminum,Metal,Solar,43.0,728,51,0.558,0.529,27,24,16477,9400,7077,44,23,55,110,40.0%,307.3,175.3,132.0,0.82,0.43,1.03,2.05,323.1,184.3,138.8,0.86,0.45,1.08,2.16,148,128,2.76,2.39,2.90,2.51
,,,Kevbot-13,Contender,Pugs,Puppy Paradise,Lunar,42.7,660,51,0.445,0.490,25,26,14797,8240,6557,38,22,47,99,38.4%,304.4,169.5,134.9,0.78,0.45,0.97,2.04,290.1,161.6,128.6,0.75,0.43,0.92,1.94,113,130,2.32,2.67,2.22,2.55
,,,Dgitlsickboy,Contender,Dutchmans Curse,Seas Despair,Lunar,41.9,224,16,0.500,0.500,8,8,4731,2960,1771,11,9,22,31,35.5%,286.8,179.4,107.4,0.67,0.55,1.33,1.88,295.7,185.0,110.7,0.69,0.56,1.38,1.94,36,36,2.18,2.18,2.25,2.25
,,,Sky406,Contender,Pumpkins,The Garden,Solar,41.3,465,34,0.495,0.529,18,16,10378,5980,4398,18,17,55,58,31.0%,303.1,174.6,128.4,0.53,0.50,1.61,1.69,305.2,175.9,129.4,0.53,0.50,1.62,1.71,79,80,2.31,2.34,2.32,2.35
,,,Tazlien,Contender,Dutchmans Curse,Seas Despair,Lunar,40.3,409,30,0.704,0.700,21,9,8764,4690,4074,20,17,26,54,37.0%,291.0,155.7,135.3,0.66,0.56,0.86,1.79,292.1,156.3,135.8,0.67,0.57,0.87,1.80,86,49,2.86,1.63,2.87,1.63
,,,Prestondew00,Contender,Giants,The Forest,Lunar,40.2,688,47,0.411,0.383,18,29,14253,8020,6233,31,26,51,107,29.0%,281.3,158.3,123.0,0.61,0.51,1.01,2.11,303.3,170.6,132.6,0.66,0.55,1.09,2.28,98,124,1.93,2.45,2.09,2.64
,,,Defnotmongo.,Contender,Pumpkins,The Garden,Solar,40.0,644,48,0.517,0.542,26,22,14253,8570,5683,41,18,52,97,42.3%,300.5,180.7,119.8,0.86,0.38,1.10,2.05,296.9,178.5,118.4,0.85,0.38,1.08,2.02,116,111,2.45,2.34,2.42,2.31
,,,Kamikaze7200,Contender,Pumpkins,The Garden,Solar,38.7,378,30,0.545,0.533,16,14,7542,3990,3552,13,20,25,44,29.5%,270.9,143.3,127.6,0.47,0.72,0.90,1.58,251.4,133.0,118.4,0.43,0.67,0.83,1.47,74,66,2.66,2.37,2.47,2.20
,,,Boulder,Contender,Gravitational,Energy,Solar,38.6,685,50,0.680,0.720,36,14,14107,7650,6457,30,27,46,100,30.0%,279.7,151.6,128.0,0.59,0.54,0.91,1.98,282.1,153.0,129.1,0.60,0.54,0.92,2.00,136,83,2.70,1.65,2.72,1.66
,,,Kgfan3,Contender,Static,Electric Mayhem,Lunar,38.3,469,37,0.450,0.405,15,22,9989,5480,4509,23,16,34,68,33.8%,289.2,158.7,130.6,0.67,0.46,0.98,1.97,270.0,148.1,121.9,0.62,0.43,0.92,1.84,72,82,2.08,2.37,1.95,2.22
,,,Trillapando,Contender,Tic Tacs,Minty Fresh,Solar,37.8,660,47,0.510,0.574,27,20,13513,7740,5773,33,24,45,99,33.3%,278.0,159.2,118.8,0.68,0.49,0.93,2.04,287.5,164.7,122.8,0.70,0.51,0.96,2.11,121,118,2.49,2.43,2.57,2.51
,,,Sup3Rm4N,Contender,Microwaves,The Wavelengths,Solar,37.2,140,10,0.284,0.200,2,8,3301,1610,1691,6,1,14,26,23.1%,320.2,156.2,164.0,0.58,0.10,1.36,2.52,330.1,161.0,169.1,0.60,0.10,1.40,2.60,12,23,1.16,2.23,1.20,2.30
,,,El_Macho,Contender,Microwaves,The Wavelengths,Solar,35.6,437,34,0.274,0.206,7,27,9652,4800,4852,21,11,30,65,32.3%,299.9,149.2,150.8,0.65,0.34,0.93,2.02,283.9,141.2,142.7,0.62,0.32,0.88,1.91,46,88,1.43,2.73,1.35,2.59
,,,Thisisdrew314,Contender,Giants,The Forest,Lunar,35.5,460,32,0.351,0.313,10,22,8921,5000,3921,20,18,28,70,28.6%,263.3,147.6,115.7,0.59,0.53,0.83,2.07,278.8,156.3,122.5,0.63,0.56,0.88,2.19,61,91,1.80,2.69,1.91,2.84
,,,Stale Popcorn,Contender,Microwaves,The Wavelengths,Solar,34.6,412,33,0.311,0.273,9,24,8758,4640,4118,14,13,41,54,25.9%,288.7,152.9,135.7,0.46,0.43,1.35,1.78,265.4,140.6,124.8,0.42,0.39,1.24,1.64,52,87,1.71,2.87,1.58,2.64
,,,Beanie_92,Contender,"Giants
Dionysus
Aluminum","The Forest
Pantheon
Metal",Lunar,33.7,136,11,0.576,0.545,6,5,2583,1320,1263,4,8,8,12,33.3%,257.9,131.8,126.1,0.40,0.80,0.80,1.20,234.8,120.0,114.8,0.36,0.73,0.73,1.09,29,24,2.90,2.40,2.64,2.18
,,,Ole.Mr.Bison.,Contender,"Dionysus
Tic Tacs","Pantheon
Minty Fresh",Lunar,29.8,427,32,0.455,0.406,13,19,8991,4820,4171,20,10,35,57,35.1%,285.9,153.3,132.6,0.64,0.32,1.11,1.81,281.0,150.6,130.3,0.63,0.31,1.09,1.78,64,72,2.04,2.29,2.00,2.25
,,,Zacryu-Senpaii,Contender,Giants,The Forest,Lunar,27.7,96,7,0.259,0.143,1,6,2117,1130,987,2,1,15,13,15.4%,299.4,159.8,139.6,0.28,0.14,2.12,1.84,302.4,161.4,141.0,0.29,0.14,2.14,1.86,10,20,1.41,2.83,1.43,2.86
,,,Trios,Contender,"Tic Tacs
Dionysus","Minty Fresh
Pantheon",Lunar,27.1,345,24,0.397,0.375,9,15,6633,3620,3013,12,10,29,47,25.5%,261.1,142.5,118.6,0.47,0.39,1.14,1.85,276.4,150.8,125.5,0.50,0.42,1.21,1.96,43,57,1.69,2.24,1.79,2.38
,,,Charlieharley_1,Contender,Teddy Bears,The Bear Den,Lunar,22.8,147,10,0.588,0.600,6,4,2363,1380,983,3,8,11,13,23.1%,218.3,127.5,90.8,0.28,0.74,1.02,1.20,236.3,138.0,98.3,0.30,0.80,1.10,1.30,30,24,2.77,2.22,3.00,2.40
,,,Obay Jack6185,Contender,"Giants
Dutchmans Curse","The Forest
Seas Despair",Lunar,20.6,415,27,0.356,0.296,8,19,7731,4000,3731,14,11,31,50,28.0%,253.0,130.9,122.1,0.46,0.36,1.01,1.64,286.3,148.1,138.2,0.52,0.41,1.15,1.85,55,81,1.80,2.65,2.04,3.00
,,,Shadic148,Contender,Giants,The Forest,Lunar,14.6,263,19,0.314,0.316,6,13,4744,2340,2404,7,6,21,29,24.1%,244.9,120.8,124.1,0.36,0.31,1.08,1.50,249.7,123.2,126.5,0.37,0.32,1.11,1.53,29,49,1.50,2.53,1.53,2.58
,,,K.Doughboy,Contender,"Static
Gravitational","Electric Mayhem
Energy",Lunar,13.3,318,22,0.395,0.409,9,13,5653,3150,2503,14,5,22,40,35.0%,241.4,134.5,106.9,0.60,0.21,0.94,1.71,257.0,143.2,113.8,0.64,0.23,1.00,1.82,43,57,1.84,2.43,1.95,2.59
,,,Buck_Nut82,Contender,Dionysus,Pantheon,Lunar,11.8,490,38,0.371,0.342,13,25,9399,4410,4989,18,5,36,56,32.1%,260.5,122.2,138.3,0.50,0.14,1.00,1.55,247.3,116.1,131.3,0.47,0.13,0.95,1.47,65,92,1.80,2.55,1.71,2.42
,,,Covi,Contender,Aluminum,Metal,Solar,6.9,58,4,0.336,0.250,1,3,825,410,415,0,2,5,6,0.0%,193.2,96.0,97.2,0.00,0.47,1.17,1.40,206.3,102.5,103.8,0.00,0.50,1.25,1.50,7,11,1.64,2.58,1.75,2.75
,,,The Ramsey,Contender,"Giants
Microwaves","The Forest
The Wavelengths",Solar,6.0,412,32,0.293,0.250,8,24,6706,3210,3496,9,9,29,41,22.0%,221.0,105.8,115.2,0.30,0.30,0.96,1.35,209.6,100.3,109.3,0.28,0.28,0.91,1.28,51,90,1.68,2.97,1.59,2.81
,,,Countrywolfz,Contender,Aluminum,Metal,Solar,2.9,58,4,0.336,0.250,1,3,980,450,530,2,1,3,5,40.0%,229.4,105.4,124.1,0.47,0.23,0.70,1.17,245.0,112.5,132.5,0.50,0.25,0.75,1.25,7,11,1.64,2.58,1.75,2.75
,,,Mintie,Contender,Tic Tacs,Minty Fresh,Solar,-1.9,87,6,0.260,0.167,1,5,1032,680,352,3,3,3,8,37.5%,161.1,106.1,54.9,0.47,0.47,0.47,1.25,172.0,113.3,58.7,0.50,0.50,0.50,1.33,14,26,2.19,4.06,2.33,4.33
,,,Styk75,Contender,Pugs,Puppy Paradise,Lunar,-11.1,81,6,0.262,0.167,1,5,1139,340,799,1,2,2,4,25.0%,190.9,57.0,133.9,0.17,0.34,0.34,0.67,189.8,56.7,133.2,0.17,0.33,0.33,0.67,13,24,2.18,4.02,2.17,4.00
,,,Hypnotoad.,Challenger,Wizards,Dungeons And Double Taps,Solar,98.0,805,51,0.645,0.706,36,15,23936,15070,8866,73,40,80,177,41.2%,437.5,275.5,162.1,1.33,0.73,1.46,3.24,469.3,295.5,173.8,1.43,0.78,1.57,3.47,159,109,2.91,1.99,3.12,2.14
,,,Seiiko,Challenger,Tyr,Pantheon,Lunar,93.4,53,4,0.500,0.500,2,2,1673,1020,653,6,1,5,12,50.0%,464.5,283.2,181.3,1.67,0.28,1.39,3.33,418.3,255.0,163.3,1.50,0.25,1.25,3.00,8,8,2.22,2.22,2.00,2.00
,,,Fluffy,Challenger,Shock,Electric Mayhem,Lunar,91.2,736,48,0.583,0.604,29,19,21011,11960,9051,48,29,77,186,25.8%,420.1,239.1,180.9,0.96,0.58,1.54,3.72,437.7,249.2,188.6,1.00,0.60,1.60,3.88,116,93,2.32,1.86,2.42,1.94
,,,Yourboiblue,Challenger,Nebulae,The Cosmos,Lunar,90.2,27,2,0.878,1.000,2,0,728,570,158,3,1,3,7,42.9%,396.7,310.6,86.1,1.63,0.54,1.63,3.81,364.0,285.0,79.0,1.50,0.50,1.50,3.50,7,2,3.81,1.09,3.50,1.00
,,,Eekeos,Challenger,Kraits,The Serpents,Solar,86.7,822,54,0.672,0.741,40,14,22698,13140,9558,63,41,61,174,36.2%,406.3,235.2,171.1,1.13,0.73,1.09,3.11,420.3,243.3,177.0,1.17,0.76,1.13,3.22,163,103,2.92,1.84,3.02,1.91
,,,Dizzle,Challenger,Baba Yaga,The Forest,Lunar,81.9,907,58,0.503,0.517,30,28,23788,13490,10298,65,45,55,199,32.7%,385.9,218.8,167.1,1.05,0.73,0.89,3.23,410.1,232.6,177.6,1.12,0.78,0.95,3.43,161,160,2.61,2.60,2.78,2.76
,,,Garrison,Challenger,Spartans,The Sovereign,Lunar,81.5,730,51,0.582,0.608,31,20,19262,10940,8322,47,36,57,159,29.6%,388.3,220.5,167.7,0.95,0.73,1.15,3.20,377.7,214.5,163.2,0.92,0.71,1.12,3.12,132,107,2.66,2.16,2.59,2.10
,,,Blizzyy,Challenger,Dark Mary,Seas Despair,Lunar,80.2,826,58,0.711,0.759,44,14,21814,11910,9904,48,46,64,161,29.8%,388.6,212.2,176.4,0.86,0.82,1.14,2.87,376.1,205.3,170.8,0.83,0.79,1.10,2.78,157,87,2.80,1.55,2.71,1.50
,,,Veoloux,Challenger,Puffin Pastries,The Bakery,Lunar,79.9,825,55,0.555,0.527,29,26,23291,13570,9721,58,34,91,152,38.2%,415.4,242.0,173.4,1.03,0.61,1.62,2.71,423.5,246.7,176.7,1.05,0.62,1.65,2.76,145,126,2.59,2.25,2.64,2.29
,,,Theonlycrow2929,Challenger,Deceased,Destined,Solar,79.5,155,12,0.617,0.500,6,6,4135,2280,1855,8,9,15,28,28.6%,392.5,216.4,176.1,0.76,0.85,1.42,2.66,344.6,190.0,154.6,0.67,0.75,1.25,2.33,31,23,2.94,2.18,2.58,1.92
,,,Yoshi,Challenger,Deceased,Destined,Solar,78.7,811,56,0.591,0.554,31,25,21387,12490,8897,57,37,65,169,33.7%,388.0,226.6,161.4,1.03,0.67,1.18,3.07,381.9,223.0,158.9,1.02,0.66,1.16,3.02,136,107,2.47,1.94,2.43,1.91
,,,Gorillacream707,Challenger,Spartans,The Sovereign,Lunar,78.2,810,56,0.565,0.589,33,23,21988,13030,8958,59,29,79,173,34.1%,399.4,236.7,162.7,1.07,0.53,1.44,3.14,392.6,232.7,160.0,1.05,0.52,1.41,3.09,144,122,2.62,2.22,2.57,2.18
,,,Ben (Banned Admin),Challenger,"Nebulae
Steel","The Cosmos
Metal",Solar,77.4,437,30,0.583,0.567,17,13,11480,7130,4350,28,17,50,98,28.6%,386.5,240.1,146.5,0.94,0.57,1.68,3.30,382.7,237.7,145.0,0.93,0.57,1.67,3.27,78,63,2.63,2.12,2.60,2.10
,,,Tharealdub,Challenger,Threshers,Shark Attack,Lunar,76.0,904,60,0.573,0.550,33,27,23715,13810,9905,58,39,84,186,31.2%,386.0,224.8,161.2,0.94,0.63,1.37,3.03,395.3,230.2,165.1,0.97,0.65,1.40,3.10,157,130,2.56,2.12,2.62,2.17
,,,Chugg,Challenger,Threshers,Shark Attack,Lunar,74.9,59,4,0.699,0.500,2,2,1514,960,554,4,3,6,11,36.4%,377.6,239.4,138.2,1.00,0.75,1.50,2.74,378.5,240.0,138.5,1.00,0.75,1.50,2.75,9,5,2.24,1.25,2.25,1.25
,,,Boeso,Challenger,Toucans,The Jungle,Solar,73.7,755,52,0.642,0.654,34,18,19264,11430,7834,59,27,50,168,35.1%,375.4,222.8,152.7,1.15,0.53,0.97,3.27,370.5,219.8,150.7,1.13,0.52,0.96,3.23,145,100,2.83,1.95,2.79,1.92
,,,Storm,Challenger,Toucans,The Jungle,Solar,72.7,769,51,0.637,0.647,33,18,19342,11340,8002,55,30,53,169,32.5%,370.1,217.0,153.1,1.05,0.57,1.01,3.23,379.3,222.4,156.9,1.08,0.59,1.04,3.31,146,102,2.79,1.95,2.86,2.00
,,,Stuckonthex,Challenger,Shinigami,The Gods,Lunar,71.7,289,20,0.551,0.550,11,9,7394,4170,3224,15,13,29,57,26.3%,376.5,212.3,164.1,0.76,0.66,1.48,2.90,369.7,208.5,161.2,0.75,0.65,1.45,2.85,48,42,2.44,2.14,2.40,2.10
,,,Drnasti,Challenger,Wizards,Dungeons And Double Taps,Solar,69.9,793,49,0.594,0.633,31,18,19334,11890,7444,49,36,71,164,29.9%,358.7,220.6,138.1,0.91,0.67,1.32,3.04,394.6,242.7,151.9,1.00,0.73,1.45,3.35,143,112,2.65,2.08,2.92,2.29
,,,Notkyto,Challenger,Squalls,Storm,Solar,69.7,265,18,0.648,0.667,12,6,5967,3340,2627,9,23,18,39,23.1%,331.3,185.5,145.9,0.50,1.28,1.00,2.17,331.5,185.6,145.9,0.50,1.28,1.00,2.17,49,33,2.72,1.83,2.72,1.83
,,,Lucky Ducky,Challenger,Isopods,The Abyss,Lunar,68.7,438,32,0.442,0.469,15,17,10756,6340,4416,23,23,42,79,29.1%,361.3,213.0,148.4,0.77,0.77,1.41,2.65,336.1,198.1,138.0,0.72,0.72,1.31,2.47,70,81,2.35,2.72,2.19,2.53
,,,Blun,Challenger,Belugas,Whale Defense,Solar,68.1,848,59,0.528,0.508,30,29,21340,11290,10050,52,33,55,169,30.8%,370.3,195.9,174.4,0.90,0.57,0.95,2.93,361.7,191.4,170.3,0.88,0.56,0.93,2.86,126,117,2.19,2.03,2.14,1.98
,,,Beastky,Challenger,Havarti Hustlers,Cheese Guild,Solar,68.1,480,33,0.596,0.606,20,13,11779,6830,4949,31,18,36,103,30.1%,361.1,209.4,151.7,0.95,0.55,1.10,3.16,356.9,207.0,150.0,0.94,0.55,1.09,3.12,86,67,2.64,2.05,2.61,2.03
,,,Jebmond,Challenger,Dark Mary,Seas Despair,Lunar,67.7,768,53,0.692,0.755,40,13,19423,11570,7853,52,29,69,147,35.4%,372.1,221.7,150.5,1.00,0.56,1.32,2.82,366.5,218.3,148.2,0.98,0.55,1.30,2.77,140,82,2.68,1.57,2.64,1.55
,,,Sleepzey,Challenger,"Tarantulas
Aries","Eight Legged Freaks
The Nexus",Solar,66.5,659,46,0.551,0.500,23,23,16469,9590,6879,39,25,63,129,30.2%,367.7,214.1,153.6,0.87,0.56,1.41,2.88,358.0,208.5,149.5,0.85,0.54,1.37,2.80,103,90,2.30,2.01,2.24,1.96
,,,Its_Lost,Challenger,Chemical,Energy,Solar,65.6,592,39,0.473,0.462,18,21,14584,8280,6304,36,24,47,113,31.9%,362.5,205.8,156.7,0.89,0.60,1.17,2.81,373.9,212.3,161.6,0.92,0.62,1.21,2.90,99,106,2.46,2.63,2.54,2.72
,,,Rootbear,Challenger,Havarti Hustlers,Cheese Guild,Solar,64.9,804,55,0.552,0.600,33,22,19244,10280,8964,39,47,55,128,30.5%,352.2,188.1,164.1,0.71,0.86,1.01,2.34,349.9,186.9,163.0,0.71,0.85,1.00,2.33,135,118,2.47,2.16,2.45,2.15
,,,Moist_Games,Challenger,Deceased,Destined,Solar,64.0,761,54,0.612,0.574,31,23,18757,11150,7607,41,36,80,125,32.8%,362.7,215.6,147.1,0.79,0.70,1.55,2.42,347.4,206.5,140.9,0.76,0.67,1.48,2.31,132,98,2.55,1.89,2.44,1.81
,,,Squart,Challenger,Nebulae,The Cosmos,Lunar,63.6,860,60,0.494,0.567,34,26,20951,12090,8861,48,41,76,144,33.3%,358.5,206.9,151.6,0.82,0.70,1.30,2.46,349.2,201.5,147.7,0.80,0.68,1.27,2.40,139,141,2.38,2.41,2.32,2.35
,,,Derrrrrrrrp,Challenger,Squalls,Storm,Solar,63.3,836,57,0.539,0.614,35,22,20669,12140,8529,55,32,71,149,36.9%,363.8,213.7,150.1,0.97,0.56,1.25,2.62,362.6,213.0,149.6,0.96,0.56,1.25,2.61,149,135,2.62,2.38,2.61,2.37
,,,Mauidestroya,Challenger,Kraits,The Serpents,Solar,63.2,624,41,0.724,0.805,33,8,14982,9100,5882,41,26,51,115,35.7%,353.3,214.6,138.7,0.97,0.61,1.20,2.71,365.4,222.0,143.5,1.00,0.63,1.24,2.80,130,70,3.07,1.65,3.17,1.71
,,,Skriviere,Challenger,Baba Yaga,The Forest,Lunar,62.9,649,43,0.557,0.535,23,20,15743,9270,6473,38,29,58,112,33.9%,356.9,210.2,146.8,0.86,0.66,1.31,2.54,366.1,215.6,150.5,0.88,0.67,1.35,2.60,119,103,2.70,2.34,2.77,2.40
,,,Itsjustfruity,Challenger,Puffin Pastries,The Bakery,Lunar,62.7,625,42,0.585,0.595,25,17,14677,8780,5897,41,29,42,113,36.3%,345.5,206.7,138.8,0.97,0.68,0.99,2.66,349.5,209.0,140.4,0.98,0.69,1.00,2.69,118,95,2.78,2.24,2.81,2.26
,,,Levibullrush,Challenger,"Visible Light
Zombies","The Wavelengths
The Monster Mash",Solar,60.6,819,55,0.423,0.418,23,32,20013,10650,9363,45,26,65,160,28.1%,359.6,191.3,168.2,0.81,0.47,1.17,2.87,363.9,193.6,170.2,0.82,0.47,1.18,2.91,111,136,1.99,2.44,2.02,2.47
,,,Daturquoisorang,Challenger,Squalls,Storm,Solar,60.0,772,53,0.528,0.604,32,21,19752,11270,8482,50,21,78,132,37.9%,376.5,214.8,161.7,0.95,0.40,1.49,2.52,372.7,212.6,160.0,0.94,0.40,1.47,2.49,133,124,2.53,2.36,2.51,2.34
,,,Pre Dude,Challenger,Metal,The Elements,Solar,60.0,582,41,0.491,0.463,19,22,14552,8100,6452,31,18,61,105,29.5%,367.9,204.8,163.1,0.78,0.46,1.54,2.65,354.9,197.6,157.4,0.76,0.44,1.49,2.56,88,90,2.22,2.28,2.15,2.20
,,,Donkmedaddy,Challenger,Panda Bears,The Bear Den,Lunar,59.8,843,59,0.488,0.390,23,36,21236,11220,10016,41,29,85,142,28.9%,370.7,195.8,174.8,0.72,0.51,1.48,2.48,359.9,190.2,169.8,0.69,0.49,1.44,2.41,124,128,2.16,2.23,2.10,2.17
,,,Nahzey,Challenger,Shinigami,The Gods,Lunar,59.3,873,59,0.564,0.559,33,26,19874,11680,8194,58,36,48,168,34.5%,335.0,196.9,138.1,0.98,0.61,0.81,2.83,336.8,198.0,138.9,0.98,0.61,0.81,2.85,150,127,2.53,2.14,2.54,2.15
,,,Treedreams,Challenger,Havarti Hustlers,Cheese Guild,Solar,58.6,803,54,0.527,0.556,30,24,18691,10980,7711,49,28,62,158,31.0%,342.5,201.2,141.3,0.90,0.51,1.14,2.90,346.1,203.3,142.8,0.91,0.52,1.15,2.93,132,123,2.42,2.25,2.44,2.28
,,,Old Uncleron,Challenger,Zombies,The Monster Mash,Lunar,58.6,731,52,0.421,0.404,21,31,18364,10260,8104,42,23,74,121,34.7%,369.6,206.5,163.1,0.85,0.46,1.49,2.44,353.2,197.3,155.8,0.81,0.44,1.42,2.33,106,130,2.13,2.62,2.04,2.50
,,,Reaperodeath,Challenger,Tyr,Pantheon,Lunar,58.5,629,43,0.436,0.419,18,25,15779,8700,7079,34,20,65,105,32.4%,369.1,203.5,165.6,0.80,0.47,1.52,2.46,367.0,202.3,164.6,0.79,0.47,1.51,2.44,88,104,2.06,2.43,2.05,2.42
,,,Caustic_Snow420,Challenger,Chemical,Energy,Solar,58.1,828,57,0.503,0.491,28,29,20695,11980,8715,52,23,84,143,36.4%,367.8,212.9,154.9,0.92,0.41,1.49,2.54,363.1,210.2,152.9,0.91,0.40,1.47,2.51,137,136,2.43,2.42,2.40,2.39
,,,Zar235,Challenger,Dark Mary,Seas Despair,Lunar,58.0,680,47,0.686,0.745,35,12,16386,9450,6936,44,21,55,125,35.2%,354.6,204.5,150.1,0.95,0.45,1.19,2.70,348.6,201.1,147.6,0.94,0.45,1.17,2.66,128,77,2.77,1.67,2.72,1.64
,,,Jknop2,Challenger,Killer Bees,The Swarm,Solar,57.8,781,52,0.427,0.346,18,34,19343,10610,8733,38,28,83,126,30.2%,364.4,199.9,164.5,0.72,0.53,1.56,2.37,372.0,204.0,167.9,0.73,0.54,1.60,2.42,97,118,1.83,2.22,1.87,2.27
,,,Hcalno_250,Challenger,Toucans,The Jungle,Solar,57.0,857,59,0.617,0.627,37,22,19604,10660,8944,41,42,61,141,29.1%,336.6,183.0,153.6,0.70,0.72,1.05,2.42,332.3,180.7,151.6,0.69,0.71,1.03,2.39,165,122,2.83,2.09,2.80,2.07
,,,Xlmlt,Challenger,Bulldogs,Puppy Paradise,Lunar,57.0,663,46,0.577,0.565,26,20,16016,8630,7386,31,26,63,108,28.7%,355.4,191.5,163.9,0.69,0.58,1.40,2.40,348.2,187.6,160.6,0.67,0.57,1.37,2.35,102,83,2.26,1.84,2.22,1.80
,,,Thatepictragedy,Challenger,Zombies,The Monster Mash,Lunar,56.9,256,19,0.448,0.421,8,11,5511,2970,2541,13,17,9,37,35.1%,316.8,170.7,146.0,0.75,0.98,0.52,2.13,290.1,156.3,133.7,0.68,0.89,0.47,1.95,43,49,2.47,2.82,2.26,2.58
,,,Astro,Challenger,Bulldogs,Puppy Paradise,Lunar,56.5,832,56,0.581,0.607,34,22,19405,11710,7695,59,21,61,171,34.5%,343.2,207.1,136.1,1.04,0.37,1.08,3.02,346.5,209.1,137.4,1.05,0.38,1.09,3.05,134,108,2.37,1.91,2.39,1.93
,,,Ttv.Shinny999,Challenger,Penne Patrol,Italian Battalion,Lunar,55.7,654,44,0.405,0.341,15,29,15418,8890,6528,28,28,73,104,26.9%,346.9,200.0,146.9,0.63,0.63,1.64,2.34,350.4,202.0,148.4,0.64,0.64,1.66,2.36,93,119,2.09,2.68,2.11,2.70
,,,Sweetnlow120,Challenger,Smooth Mint,Minty Fresh,Solar,55.6,285,20,0.395,0.350,7,13,7262,3770,3492,17,3,27,57,29.8%,374.9,194.6,180.3,0.88,0.15,1.39,2.94,363.1,188.5,174.6,0.85,0.15,1.35,2.85,33,44,1.70,2.27,1.65,2.20
,,,Ashura.-,Challenger,Smooth Mint,Minty Fresh,Solar,55.3,749,51,0.482,0.490,25,26,18646,10710,7936,36,22,96,121,29.8%,366.3,210.4,155.9,0.71,0.43,1.89,2.38,365.6,210.0,155.6,0.71,0.43,1.88,2.37,101,106,1.98,2.08,1.98,2.08
,,,Satella.,Challenger,Steel,Metal,Solar,55.3,514,35,0.381,0.371,13,22,12100,6330,5770,27,19,36,88,30.7%,346.4,181.2,165.2,0.77,0.54,1.03,2.52,345.7,180.9,164.9,0.77,0.54,1.03,2.51,76,103,2.18,2.95,2.17,2.94
,,,Bigboy,Challenger,Smooth Mint,Minty Fresh,Solar,54.9,268,18,0.453,0.444,8,10,6238,3530,2708,15,11,21,43,34.9%,342.5,193.8,148.7,0.82,0.60,1.15,2.36,346.6,196.1,150.4,0.83,0.61,1.17,2.39,38,43,2.09,2.36,2.11,2.39
,,,Lazlough,Challenger,Bulldogs,Puppy Paradise,Lunar,54.9,738,49,0.568,0.612,30,19,17763,9410,8353,29,27,79,121,24.0%,354.2,187.6,166.5,0.58,0.54,1.58,2.41,362.5,192.0,170.5,0.59,0.55,1.61,2.47,115,96,2.29,1.91,2.35,1.96
,,,Centuarottv,Challenger,Threshers,Shark Attack,Lunar,54.6,904,60,0.573,0.550,33,27,20469,11330,9139,40,44,74,143,28.0%,333.2,184.4,148.8,0.65,0.72,1.20,2.33,341.2,188.8,152.3,0.67,0.73,1.23,2.38,157,130,2.56,2.12,2.62,2.17
,,,Beeb,Challenger,Mandrakes,The Garden,Solar,54.2,730,50,0.497,0.460,23,27,17239,9810,7429,41,22,66,131,31.3%,347.5,197.7,149.7,0.83,0.44,1.33,2.64,344.8,196.2,148.6,0.82,0.44,1.32,2.62,110,111,2.22,2.24,2.20,2.22
,,,Fryder,Challenger,Metal,The Elements,Solar,54.0,660,46,0.480,0.478,22,24,16309,8920,7389,34,20,70,102,33.3%,363.6,198.9,164.7,0.76,0.45,1.56,2.27,354.5,193.9,160.6,0.74,0.43,1.52,2.22,92,97,2.05,2.16,2.00,2.11
,,,Hav0C,Challenger,Kraits,The Serpents,Solar,53.4,629,41,0.586,0.585,24,17,13892,8220,5672,35,26,46,112,31.3%,325.0,192.3,132.7,0.82,0.61,1.08,2.62,338.8,200.5,138.3,0.85,0.63,1.12,2.73,117,94,2.74,2.20,2.85,2.29
,,,Then000Bster,Challenger,Nebulae,The Cosmos,Lunar,52.0,242,18,0.600,0.667,12,6,6266,3230,3036,16,5,21,33,48.5%,381.0,196.4,184.6,0.97,0.30,1.28,2.01,348.1,179.4,168.7,0.89,0.28,1.17,1.83,50,39,3.04,2.37,2.78,2.17
,,,Swimmer,Challenger,Belugas,Whale Defense,Solar,51.1,680,49,0.549,0.510,25,24,15317,8390,6927,30,30,57,104,28.8%,331.4,181.5,149.9,0.65,0.65,1.23,2.25,312.6,171.2,141.4,0.61,0.61,1.16,2.12,109,96,2.36,2.08,2.22,1.96
,,,Dumplingsaregod,Challenger,Nebulae,The Cosmos,Lunar,50.9,743,52,0.487,0.558,29,23,16807,9750,7057,44,24,57,130,33.8%,332.8,193.1,139.8,0.87,0.48,1.13,2.57,323.2,187.5,135.7,0.85,0.46,1.10,2.50,118,122,2.34,2.42,2.27,2.35
,,,Thenio,Challenger,Visible Light,The Wavelengths,Solar,50.4,453,31,0.399,0.484,15,16,9698,5590,4108,20,20,36,79,25.3%,315.0,181.6,133.4,0.65,0.65,1.17,2.57,312.8,180.3,132.5,0.65,0.65,1.16,2.55,59,77,1.92,2.50,1.90,2.48
,,,Agamecp,Challenger,Apple Associates,Snack Syndicate,Lunar,50.2,97,8,0.572,0.625,5,3,2143,1020,1123,3,4,7,17,17.6%,325.1,154.7,170.4,0.46,0.61,1.06,2.58,267.9,127.5,140.4,0.38,0.50,0.88,2.13,18,15,2.73,2.28,2.25,1.88
,,,Tyler,Challenger,Breadsticks,Fifty-Fifty Pizzeria,Solar,50.1,526,35,0.423,0.429,15,20,12257,7260,4997,35,11,45,96,36.5%,342.9,203.1,139.8,0.98,0.31,1.26,2.69,350.2,207.4,142.8,1.00,0.31,1.29,2.74,71,87,1.99,2.43,2.03,2.49
,,,P0Pfgf,Challenger,Mandrakes,The Garden,Solar,49.4,691,47,0.515,0.511,24,23,15991,9540,6451,38,20,72,114,33.3%,340.5,203.1,137.4,0.81,0.43,1.53,2.43,340.2,203.0,137.3,0.81,0.43,1.53,2.43,105,101,2.24,2.15,2.23,2.15
,,,Binboiz,Challenger,Panda Bears,The Bear Den,Lunar,49.2,429,29,0.518,0.448,13,16,9500,5720,3780,25,15,35,72,34.7%,325.8,196.2,129.6,0.86,0.51,1.20,2.47,327.6,197.2,130.3,0.86,0.52,1.21,2.48,64,61,2.20,2.09,2.21,2.10
,,,Jobin,Challenger,"Wizards
Smooth Mint","Dungeons And Double Taps
Minty Fresh",Solar,48.7,150,10,0.437,0.500,5,5,3432,2020,1412,12,3,8,27,44.4%,336.7,198.2,138.5,1.18,0.29,0.78,2.65,343.2,202.0,141.2,1.20,0.30,0.80,2.70,23,27,2.26,2.65,2.30,2.70
,,,Clockwork7678,Challenger,Metal,The Elements,Solar,48.6,689,46,0.500,0.478,22,24,16363,9140,7223,36,21,70,99,36.4%,349.4,195.2,154.3,0.77,0.45,1.49,2.11,355.7,198.7,157.0,0.78,0.46,1.52,2.15,96,96,2.05,2.05,2.09,2.09
,,,Beni Lava,Challenger,Breadsticks,Fifty-Fifty Pizzeria,Solar,48.1,50,4,0.564,0.500,2,2,978,510,468,2,2,2,11,18.2%,287.8,150.1,137.7,0.59,0.59,0.59,3.24,244.5,127.5,117.0,0.50,0.50,0.50,2.75,6,5,1.77,1.47,1.50,1.25
,,,.Renzy,Challenger,"Baba Yaga
Steel","The Forest
Metal",Solar,48.0,748,49,0.393,0.449,22,27,16596,10130,6466,43,25,67,123,35.0%,326.5,199.3,127.2,0.85,0.49,1.32,2.42,338.7,206.7,132.0,0.88,0.51,1.37,2.51,121,158,2.38,3.11,2.47,3.22
,,,Bad_Example,Challenger,Tyr,Pantheon,Lunar,47.9,681,46,0.515,0.500,23,23,15667,8880,6787,38,20,60,108,35.2%,338.5,191.9,146.6,0.82,0.43,1.30,2.33,340.6,193.0,147.5,0.83,0.43,1.30,2.35,109,105,2.36,2.27,2.37,2.28
,,,Jeoka,Challenger,Panda Bears,The Bear Den,Lunar,47.7,545,40,0.455,0.375,15,25,11589,6320,5269,29,22,28,92,31.5%,312.9,170.6,142.3,0.78,0.59,0.76,2.48,289.7,158.0,131.7,0.73,0.55,0.70,2.30,80,90,2.16,2.43,2.00,2.25
,,,Goldenkiwi.,Challenger,Mandrakes,The Garden,Solar,47.7,12,1,0.664,1.000,1,0,348,210,138,1,0,2,1,100.0%,426.7,257.5,169.2,1.23,0.00,2.45,1.23,348.0,210.0,138.0,1.00,0.00,2.00,1.00,3,2,3.68,2.45,3.00,2.00
,,,Ivolkqz,Challenger,"Breadsticks
Penne Patrol
Threshers","Fifty-Fifty Pizzeria
Italian Battalion
Shark Attack",Lunar,47.7,395,26,0.422,0.500,13,13,8519,4890,3629,21,14,28,69,30.4%,317.3,182.2,135.2,0.78,0.52,1.04,2.57,327.7,188.1,139.6,0.81,0.54,1.08,2.65,59,72,2.20,2.68,2.27,2.77
,,,Banthisone2,Challenger,Wizards,Dungeons And Double Taps,Solar,47.6,225,14,0.546,0.571,8,6,5167,3120,2047,11,8,26,32,34.4%,337.9,204.0,133.9,0.72,0.52,1.70,2.09,369.1,222.9,146.2,0.79,0.57,1.86,2.29,35,31,2.29,2.03,2.50,2.21
,,,Crackdragon,Challenger,Dark Mary,Seas Despair,Lunar,47.0,309,22,0.649,0.727,16,6,6753,3910,2843,17,9,24,56,30.4%,321.6,186.2,135.4,0.81,0.43,1.14,2.67,307.0,177.7,129.2,0.77,0.41,1.09,2.55,58,39,2.76,1.86,2.64,1.77
,,,Baldmanstreamer,Challenger,Aries,The Nexus,Solar,45.9,806,53,0.438,0.415,22,31,18034,9250,8784,35,19,66,150,23.3%,329.2,168.9,160.4,0.64,0.35,1.20,2.74,340.3,174.5,165.7,0.66,0.36,1.25,2.83,97,115,1.77,2.10,1.83,2.17
,,,Tryhard Goblin,Challenger,Tarantulas,Eight Legged Freaks,Lunar,45.6,657,45,0.508,0.489,22,23,14897,8310,6587,37,19,53,101,36.6%,333.6,186.1,147.5,0.83,0.43,1.19,2.26,331.0,184.7,146.4,0.82,0.42,1.18,2.24,104,102,2.33,2.28,2.31,2.27
,,,Jerry4L,Challenger,Shock,Electric Mayhem,Lunar,45.6,327,20,0.524,0.600,12,8,6942,3950,2992,18,10,21,60,30.0%,312.4,177.7,134.6,0.81,0.45,0.94,2.70,347.1,197.5,149.6,0.90,0.50,1.05,3.00,50,47,2.25,2.11,2.50,2.35
,,,Rpi Lone Wolf,Challenger,Tyr,Pantheon,Lunar,45.5,630,41,0.417,0.366,15,26,13433,7350,6083,25,26,51,100,25.0%,313.7,171.7,142.1,0.58,0.61,1.19,2.34,327.6,179.3,148.4,0.61,0.63,1.24,2.44,87,108,2.03,2.52,2.12,2.63
,,,Wannabuybubbles,Challenger,Mandrakes,The Garden,Solar,45.3,458,31,0.517,0.548,17,14,9863,5440,4423,22,15,34,79,27.8%,316.9,174.8,142.1,0.71,0.48,1.09,2.54,318.2,175.5,142.7,0.71,0.48,1.10,2.55,70,67,2.25,2.15,2.26,2.16
,,,Trudsky,Challenger,Threshers,Shark Attack,Lunar,44.9,619,42,0.587,0.595,25,17,13337,8120,5217,42,17,40,107,39.3%,317.0,193.0,124.0,1.00,0.40,0.95,2.54,317.5,193.3,124.2,1.00,0.40,0.95,2.55,115,92,2.73,2.19,2.74,2.19
,,,Fryer_Lee,Challenger,Belugas,Whale Defense,Solar,44.3,562,39,0.576,0.564,22,17,13017,7510,5507,32,9,58,96,33.3%,340.8,196.6,144.2,0.84,0.24,1.52,2.51,333.8,192.6,141.2,0.82,0.23,1.49,2.46,87,71,2.28,1.86,2.23,1.82
,,,Gambro,Challenger,Penne Patrol,Italian Battalion,Lunar,44.0,729,50,0.406,0.360,18,32,16080,8930,7150,39,19,57,123,31.7%,324.6,180.2,144.3,0.79,0.38,1.15,2.48,321.6,178.6,143.0,0.78,0.38,1.14,2.46,106,135,2.14,2.72,2.12,2.70
,,,Osoghost,Challenger,Apple Associates,Snack Syndicate,Lunar,43.5,733,52,0.370,0.404,21,31,17063,9090,7973,29,18,84,109,26.6%,342.5,182.5,160.0,0.58,0.36,1.69,2.19,328.1,174.8,153.3,0.56,0.35,1.62,2.10,88,125,1.77,2.51,1.69,2.40
,,,Merioch,Challenger,Shinigami,The Gods,Lunar,43.4,664,46,0.541,0.565,26,20,14411,8320,6091,34,22,56,102,33.3%,319.3,184.4,135.0,0.75,0.49,1.24,2.26,313.3,180.9,132.4,0.74,0.48,1.22,2.22,109,98,2.42,2.17,2.37,2.13
,,,Treefrog,Challenger,"Shinigami
Smooth Mint
Chemical","The Gods
Minty Fresh
Energy",Lunar,43.4,697,47,0.539,0.511,24,23,14918,8370,6548,38,21,47,117,32.5%,314.9,176.7,138.2,0.80,0.44,0.99,2.47,317.4,178.1,139.3,0.81,0.45,1.00,2.49,115,104,2.43,2.20,2.45,2.21
,,,Redline,Challenger,Isopods,The Abyss,Lunar,43.2,787,56,0.371,0.393,22,34,18453,9780,8673,41,21,72,103,39.8%,345.0,182.9,162.2,0.77,0.39,1.35,1.93,329.5,174.6,154.9,0.73,0.38,1.29,1.84,112,156,2.09,2.92,2.00,2.79
,,,Suhtivah,Challenger,Steel,Metal,Solar,43.2,271,19,0.326,0.368,7,12,5765,3160,2605,16,8,14,46,34.8%,313.0,171.6,141.4,0.87,0.43,0.76,2.50,303.4,166.3,137.1,0.84,0.42,0.74,2.42,39,61,2.12,3.31,2.05,3.21
,,,Datdude0623,Challenger,Tarantulas,Eight Legged Freaks,Lunar,43.2,672,46,0.458,0.457,21,25,14242,7510,6732,27,22,51,116,23.3%,311.8,164.4,147.4,0.59,0.48,1.12,2.54,309.6,163.3,146.3,0.59,0.48,1.11,2.52,95,106,2.08,2.32,2.07,2.30
,,,Lee-Lo,Challenger,"Aries
Tarantulas","The Nexus
Eight Legged Freaks",Lunar,43.1,586,42,0.442,0.429,18,24,12647,7100,5547,26,17,53,100,26.0%,317.6,178.3,139.3,0.65,0.43,1.33,2.51,301.1,169.0,132.1,0.62,0.40,1.26,2.38,78,91,1.96,2.28,1.86,2.17
,,,Reedyorange,Challenger,"Steel
Apple Associates","Metal
Snack Syndicate",Lunar,42.9,760,56,0.379,0.411,23,33,18194,9190,9004,24,18,97,104,23.1%,352.2,177.9,174.3,0.46,0.35,1.88,2.01,324.9,164.1,160.8,0.43,0.32,1.73,1.86,86,120,1.67,2.32,1.54,2.14
,,,Lordhadron,Challenger,Deceased,Destined,Solar,42.4,663,45,0.589,0.578,26,19,14798,8450,6348,32,20,66,95,33.7%,328.4,187.5,140.9,0.71,0.44,1.46,2.11,328.8,187.8,141.1,0.71,0.44,1.47,2.11,109,86,2.42,1.91,2.42,1.91
,,,The_Peskiest,Challenger,Visible Light,The Wavelengths,Solar,42.2,752,49,0.455,0.469,23,26,15935,8640,7295,36,24,52,124,29.0%,311.8,169.1,142.7,0.70,0.47,1.02,2.43,325.2,176.3,148.9,0.73,0.49,1.06,2.53,104,117,2.03,2.29,2.12,2.39
,,,As1 Hazard,Challenger,"Zombies
Steel","The Monster Mash
Metal",Solar,41.7,107,7,0.686,0.857,6,1,2217,1390,827,6,3,9,19,31.6%,304.9,191.1,113.7,0.83,0.41,1.24,2.61,316.7,198.6,118.1,0.86,0.43,1.29,2.71,20,12,2.75,1.65,2.86,1.71
,,,Youreviltwin,Challenger,Apple Associates,Snack Syndicate,Lunar,41.7,247,18,0.435,0.500,9,9,4916,2900,2016,11,14,16,30,36.7%,292.9,172.8,120.1,0.66,0.83,0.95,1.79,273.1,161.1,112.0,0.61,0.78,0.89,1.67,39,46,2.32,2.74,2.17,2.56
,,,Hisdudeness3,Challenger,Puffin Pastries,The Bakery,Lunar,41.5,849,56,0.555,0.536,30,26,17034,10110,6924,43,36,54,131,32.8%,295.2,175.2,120.0,0.75,0.62,0.94,2.27,304.2,180.5,123.6,0.77,0.64,0.96,2.34,152,132,2.63,2.29,2.71,2.36
,,,Chromium_Fire,Challenger,Belugas,Whale Defense,Solar,41.2,422,29,0.395,0.414,12,17,9207,4940,4267,12,19,46,49,24.5%,321.0,172.2,148.8,0.42,0.66,1.60,1.71,317.5,170.3,147.1,0.41,0.66,1.59,1.69,52,69,1.81,2.41,1.79,2.38
,,,Twoslot,Challenger,Zombies,The Monster Mash,Lunar,41.0,576,38,0.380,0.368,14,24,11687,6370,5317,26,19,36,102,25.5%,298.5,162.7,135.8,0.66,0.49,0.92,2.61,307.6,167.6,139.9,0.68,0.50,0.95,2.68,83,113,2.12,2.89,2.18,2.97
,,,Capalean,Challenger,Isopods,The Abyss,Lunar,40.2,53,4,0.328,0.250,1,3,1158,640,518,3,1,4,9,33.3%,321.5,177.7,143.8,0.83,0.28,1.11,2.50,289.5,160.0,129.5,0.75,0.25,1.00,2.25,7,11,1.94,3.05,1.75,2.75
,,,Blood12Aven,Challenger,Breadsticks,Fifty-Fifty Pizzeria,Solar,40.0,814,55,0.392,0.400,22,33,16209,8740,7469,34,30,49,139,24.5%,293.0,158.0,135.0,0.61,0.54,0.89,2.51,294.7,158.9,135.8,0.62,0.55,0.89,2.53,110,146,1.99,2.64,2.00,2.65
,,,Tacobae,Challenger,"Zombies
Tarantulas","The Monster Mash
Eight Legged Freaks",Lunar,39.2,555,41,0.457,0.463,19,22,11821,5940,5881,21,21,41,74,28.4%,313.4,157.5,155.9,0.56,0.56,1.09,1.96,288.3,144.9,143.4,0.51,0.51,1.00,1.80,87,97,2.31,2.57,2.12,2.37
,,,Bill Nye The Cat Guy,Challenger,Squalls,Storm,Solar,38.9,665,46,0.500,0.565,26,20,13805,7600,6205,35,20,41,105,33.3%,305.5,168.2,137.3,0.77,0.44,0.91,2.32,300.1,165.2,134.9,0.76,0.43,0.89,2.28,116,116,2.57,2.57,2.52,2.52
,,,Ab26Panther,Challenger,Tarantulas,Eight Legged Freaks,Lunar,38.7,615,42,0.410,0.381,16,26,14054,7490,6564,27,15,65,79,34.2%,336.2,179.2,157.0,0.65,0.36,1.56,1.89,334.6,178.3,156.3,0.64,0.36,1.55,1.88,82,104,1.96,2.49,1.95,2.48
,,,Golden,Challenger,Breadsticks,Fifty-Fifty Pizzeria,Solar,37.1,889,59,0.391,0.407,24,35,18048,9410,8638,36,27,60,146,24.7%,298.7,155.7,143.0,0.60,0.45,0.99,2.42,305.9,159.5,146.4,0.61,0.46,1.02,2.47,118,157,1.95,2.60,2.00,2.66
,,,Calicat01,Challenger,"Shock
Baba Yaga","Electric Mayhem
The Forest",Lunar,36.9,367,26,0.536,0.500,13,13,7513,4230,3283,17,9,29,63,27.0%,301.2,169.6,131.6,0.68,0.36,1.16,2.53,289.0,162.7,126.3,0.65,0.35,1.12,2.42,55,50,2.21,2.00,2.12,1.92
,,,Silverwolf,Challenger,Shock,Electric Mayhem,Lunar,36.7,790,53,0.602,0.623,33,20,15512,8390,7122,39,30,36,119,32.8%,288.9,156.3,132.7,0.73,0.56,0.67,2.22,292.7,158.3,134.4,0.74,0.57,0.68,2.25,129,98,2.40,1.83,2.43,1.85
,,,(Xp),Challenger,Kraits,The Serpents,Solar,36.4,529,34,0.612,0.676,23,11,10796,6320,4476,28,15,39,82,34.1%,300.3,175.8,124.5,0.78,0.42,1.08,2.28,317.5,185.9,131.6,0.82,0.44,1.15,2.41,89,66,2.48,1.84,2.62,1.94
,,,Loko Deputy,Challenger,Penne Patrol,Italian Battalion,Lunar,35.8,615,42,0.433,0.381,16,26,12922,7390,5532,29,20,54,79,36.7%,309.2,176.8,132.4,0.69,0.48,1.29,1.89,307.7,176.0,131.7,0.69,0.48,1.29,1.88,90,107,2.15,2.56,2.14,2.55
,,,Onepopshop88,Challenger,Zombies,The Monster Mash,Lunar,35.4,108,8,0.153,0.125,1,7,2317,1150,1167,5,1,8,20,25.0%,315.7,156.7,159.0,0.68,0.14,1.09,2.72,289.6,143.8,145.9,0.63,0.13,1.00,2.50,11,31,1.50,4.22,1.38,3.88
,,,Crypt1Cgames,Challenger,"Visible Light
Zombies","The Wavelengths
The Monster Mash",Solar,34.8,665,43,0.465,0.419,18,25,13353,7000,6353,25,20,49,105,23.8%,295.5,154.9,140.6,0.55,0.44,1.08,2.32,310.5,162.8,147.7,0.58,0.47,1.14,2.44,92,101,2.04,2.23,2.14,2.35
,,,13-L-A-N-K,Challenger,Killer Bees,The Swarm,Solar,34.4,791,54,0.413,0.352,19,35,15909,8850,7059,32,24,65,120,26.7%,295.9,164.6,131.3,0.60,0.45,1.21,2.23,294.6,163.9,130.7,0.59,0.44,1.20,2.22,99,125,1.84,2.33,1.83,2.31
,,,Tgunn05,Challenger,Chemical,Energy,Solar,33.8,566,40,0.492,0.425,17,23,11025,6450,4575,23,23,45,75,30.7%,286.6,167.7,118.9,0.60,0.60,1.17,1.95,275.6,161.3,114.4,0.58,0.58,1.13,1.88,92,94,2.39,2.44,2.30,2.35
,,,Rep_Array,Challenger,"Smooth Mint
Nebulae","Minty Fresh
The Cosmos",Solar,33.8,692,46,0.450,0.522,24,22,13792,7150,6642,23,24,53,100,23.0%,293.3,152.0,141.2,0.49,0.51,1.13,2.13,299.8,155.4,144.4,0.50,0.52,1.15,2.17,91,104,1.93,2.21,1.98,2.26
,,,Polarpandah,Challenger,Isopods,The Abyss,Lunar,33.6,728,51,0.373,0.392,20,31,14904,8150,6754,33,20,56,105,31.4%,301.2,164.7,136.5,0.67,0.40,1.13,2.12,292.2,159.8,132.4,0.65,0.39,1.10,2.06,103,143,2.08,2.89,2.02,2.80
,,,Fluffy-Death,Challenger,Chemical,Energy,Solar,33.2,536,36,0.457,0.472,17,19,11301,6340,4961,24,11,52,79,30.4%,310.2,174.0,136.2,0.66,0.30,1.43,2.17,313.9,176.1,137.8,0.67,0.31,1.44,2.19,75,84,2.06,2.31,2.08,2.33
,,,Villet,Challenger,Apple Associates,Snack Syndicate,Lunar,32.4,725,51,0.292,0.333,17,34,15692,7910,7782,37,12,52,101,36.6%,318.5,160.5,157.9,0.75,0.24,1.06,2.05,307.7,155.1,152.6,0.73,0.24,1.02,1.98,76,136,1.54,2.76,1.49,2.67
,,,Zcgentry,Challenger,Shinigami,The Gods,Lunar,31.7,359,26,0.632,0.538,14,12,6919,3950,2969,15,11,27,55,27.3%,283.6,161.9,121.7,0.61,0.45,1.11,2.25,266.1,151.9,114.2,0.58,0.42,1.04,2.12,64,45,2.62,1.84,2.46,1.73
,,,Turboalpaca,Challenger,Spartans,The Sovereign,Lunar,30.9,449,31,0.521,0.548,17,14,9038,5150,3888,21,16,35,50,42.0%,296.2,168.8,127.4,0.69,0.52,1.15,1.64,291.5,166.1,125.4,0.68,0.52,1.13,1.61,79,75,2.59,2.46,2.55,2.42
,,,Theomega34,Challenger,Visible Light,The Wavelengths,Solar,30.6,64,4,0.192,0.000,0,4,1191,610,581,0,4,7,6,0.0%,273.8,140.2,133.6,0.00,0.92,1.61,1.38,297.8,152.5,145.3,0.00,1.00,1.75,1.50,5,13,1.15,2.99,1.25,3.25
,,,Dinnindu,Challenger,"Shock
Kraits","Electric Mayhem
The Serpents",Lunar,30.0,596,40,0.547,0.525,21,19,11678,6710,4968,17,23,63,71,23.9%,288.3,165.7,122.7,0.42,0.57,1.56,1.75,292.0,167.8,124.2,0.43,0.58,1.58,1.78,84,74,2.07,1.83,2.10,1.85
,,,Rmuru-,Challenger,Mandrakes,The Garden,Solar,29.8,739,50,0.465,0.440,22,28,14749,8160,6589,29,22,64,96,30.2%,293.7,162.5,131.2,0.58,0.44,1.27,1.91,295.0,163.2,131.8,0.58,0.44,1.28,1.92,105,115,2.09,2.29,2.10,2.30
,,,Kli,Challenger,Shock,Electric Mayhem,Lunar,28.8,93,6,0.354,0.167,1,5,1784,930,854,3,3,7,13,23.1%,282.3,147.1,135.1,0.47,0.47,1.11,2.06,297.3,155.0,142.3,0.50,0.50,1.17,2.17,10,15,1.58,2.37,1.67,2.50
,,,Ayochil1,Challenger,Spartans,The Sovereign,Lunar,28.8,565,38,0.574,0.579,22,16,10629,5980,4649,24,19,37,78,30.8%,276.8,155.7,121.1,0.63,0.49,0.96,2.03,279.7,157.4,122.3,0.63,0.50,0.97,2.05,97,80,2.53,2.08,2.55,2.11
,,,Vickyviksta,Challenger,Panda Bears,The Bear Den,Lunar,28.0,745,52,0.465,0.346,18,34,14754,8200,6554,29,14,69,115,25.2%,291.4,162.0,129.4,0.57,0.28,1.36,2.27,283.7,157.7,126.0,0.56,0.27,1.33,2.21,104,114,2.05,2.25,2.00,2.19
,,,The Squiddler,Challenger,Bulldogs,Puppy Paradise,Lunar,27.3,422,29,0.494,0.517,15,14,7705,4350,3355,18,9,27,75,24.0%,268.7,151.7,117.0,0.63,0.31,0.94,2.62,265.7,150.0,115.7,0.62,0.31,0.93,2.59,60,61,2.09,2.13,2.07,2.10
,,,Ofodo,Challenger,Smooth Mint,Minty Fresh,Solar,27.0,528,36,0.375,0.389,14,22,9839,5260,4579,16,15,42,81,19.8%,274.2,146.6,127.6,0.45,0.42,1.17,2.26,273.3,146.1,127.2,0.44,0.42,1.17,2.25,58,82,1.62,2.29,1.61,2.28
,,,-Duplicate-,Challenger,Metal,The Elements,Solar,26.8,700,47,0.482,0.447,21,26,12601,7070,5531,25,26,46,97,25.8%,264.9,148.6,116.3,0.53,0.55,0.97,2.04,268.1,150.4,117.7,0.53,0.55,0.98,2.06,102,107,2.14,2.25,2.17,2.28
,,,Whoviancat,Challenger,Tyr,Pantheon,Lunar,26.5,518,34,0.411,0.412,14,20,9693,5210,4483,17,20,38,61,27.9%,275.3,148.0,127.3,0.48,0.57,1.08,1.73,285.1,153.2,131.9,0.50,0.59,1.12,1.79,68,86,1.93,2.44,2.00,2.53
,,,Enric0 Palazz0,Challenger,Killer Bees,The Swarm,Solar,26.2,669,45,0.447,0.356,16,29,13109,6760,6349,21,15,59,96,21.9%,288.3,148.7,139.6,0.46,0.33,1.30,2.11,291.3,150.2,141.1,0.47,0.33,1.31,2.13,84,97,1.85,2.13,1.87,2.16
,,,Kyn,Challenger,"Killer Bees
Aries","The Swarm
The Nexus",Solar,25.9,742,48,0.456,0.396,19,29,14692,8130,6562,26,17,74,98,26.5%,291.3,161.2,130.1,0.52,0.34,1.47,1.94,306.1,169.4,136.7,0.54,0.35,1.54,2.04,94,106,1.86,2.10,1.96,2.21
,,,Arisedaft,Challenger,Toucans,The Jungle,Solar,25.8,274,18,0.448,0.389,7,11,5198,2690,2508,11,7,17,39,28.2%,279.1,144.5,134.7,0.59,0.38,0.91,2.09,288.8,149.4,139.3,0.61,0.39,0.94,2.17,42,48,2.26,2.58,2.33,2.67
,,,Carnagewolfbite,Challenger,Steel,Metal,Solar,25.4,717,51,0.433,0.471,24,27,13918,7370,6548,33,16,46,97,34.0%,285.6,151.2,134.4,0.68,0.33,0.94,1.99,272.9,144.5,128.4,0.65,0.31,0.90,1.90,113,134,2.32,2.75,2.22,2.63
,,,Bacon Satisfies,Challenger,Isopods,The Abyss,Lunar,23.8,418,30,0.314,0.333,10,20,8293,4290,4003,16,8,35,54,29.6%,291.9,151.0,140.9,0.56,0.28,1.23,1.90,276.4,143.0,133.4,0.53,0.27,1.17,1.80,51,84,1.80,2.96,1.70,2.80
,,,N00Bpr0N,Challenger,Havarti Hustlers,Cheese Guild,Solar,23.7,583,38,0.410,0.421,16,22,10788,6130,4658,25,14,42,83,30.1%,272.3,154.7,117.6,0.63,0.35,1.06,2.09,283.9,161.3,122.6,0.66,0.37,1.11,2.18,79,100,1.99,2.52,2.08,2.63
,,,Markoyo,Challenger,Baba Yaga,The Forest,Lunar,23.3,706,44,0.466,0.500,22,22,13123,7610,5513,35,20,45,86,40.7%,273.5,158.6,114.9,0.73,0.42,0.94,1.79,298.3,173.0,125.3,0.80,0.45,1.02,1.95,127,138,2.65,2.88,2.89,3.14
,,,Zachs Vibes,Challenger,"Aries
Shock","The Nexus
Electric Mayhem",Lunar,22.0,121,7,0.320,0.286,2,5,2556,1440,1116,5,1,15,14,35.7%,310.8,175.1,135.7,0.61,0.12,1.82,1.70,365.1,205.7,159.4,0.71,0.14,2.14,2.00,12,20,1.46,2.43,1.71,2.86
,,,Mimzy Dangerous,Challenger,"Aries
Killer Bees","The Nexus
The Swarm",Solar,21.9,388,29,0.328,0.241,7,22,7430,4230,3200,18,8,31,48,37.5%,281.8,160.4,121.4,0.68,0.30,1.18,1.82,256.2,145.9,110.3,0.62,0.28,1.07,1.66,48,76,1.82,2.88,1.66,2.62
,,,Xxdarksidexx,Challenger,Puffin Pastries,The Bakery,Lunar,21.1,371,24,0.526,0.500,12,12,6825,3800,3025,17,8,24,50,34.0%,270.7,150.7,120.0,0.67,0.32,0.95,1.98,284.4,158.3,126.0,0.71,0.33,1.00,2.08,62,58,2.46,2.30,2.58,2.42
,,,Falaffels,Challenger,Penne Patrol,Italian Battalion,Lunar,20.1,160,13,0.315,0.308,4,9,2980,1470,1510,6,3,10,22,27.3%,274.1,135.2,138.9,0.55,0.28,0.92,2.02,229.2,113.1,116.2,0.46,0.23,0.77,1.69,23,37,2.12,3.40,1.77,2.85
,,,Cs O Gunkiller,Challenger,"Deceased
Belugas
Visible Light","Destined
Whale Defense
The Wavelengths",Solar,18.6,449,29,0.366,0.310,9,20,8001,4260,3741,15,7,34,71,21.1%,262.2,139.6,122.6,0.49,0.23,1.11,2.33,275.9,146.9,129.0,0.52,0.24,1.17,2.45,56,80,1.84,2.62,1.93,2.76
,,,Xguerrax509,Challenger,Nebulae,The Cosmos,Lunar,18.4,446,30,0.433,0.467,14,16,8419,4480,3939,16,7,39,58,27.6%,277.8,147.8,130.0,0.53,0.23,1.29,1.91,280.6,149.3,131.3,0.53,0.23,1.30,1.93,63,75,2.08,2.47,2.10,2.50
,,,Particlect,Challenger,Aries,The Nexus,Solar,17.3,461,30,0.384,0.367,11,19,8411,4680,3731,19,7,36,63,30.2%,268.5,149.4,119.1,0.61,0.22,1.15,2.01,280.4,156.0,124.4,0.63,0.23,1.20,2.10,54,74,1.72,2.36,1.80,2.47
,,,Agentanime07,Challenger,Wizards,Dungeons And Double Taps,Solar,16.9,562,36,0.517,0.528,19,17,9499,5540,3959,19,21,40,59,32.2%,248.7,145.0,103.7,0.50,0.55,1.05,1.54,263.9,153.9,110.0,0.53,0.58,1.11,1.64,93,89,2.43,2.33,2.58,2.47
,,,Jonrezz,Challenger,Wizards,Dungeons And Double Taps,Solar,16.2,314,20,0.537,0.550,11,9,5070,2860,2210,9,16,18,26,34.6%,237.6,134.0,103.6,0.42,0.75,0.84,1.22,253.5,143.0,110.5,0.45,0.80,0.90,1.30,57,52,2.67,2.44,2.85,2.60
,,,Musah,Challenger,Spartans,The Sovereign,Lunar,16.1,62,4,0.540,0.500,2,2,992,510,482,3,1,1,11,27.3%,235.4,121.0,114.4,0.71,0.24,0.24,2.61,248.0,127.5,120.5,0.75,0.25,0.25,2.75,10,9,2.37,2.14,2.50,2.25
,,,R4Ppp,Challenger,Isopods,The Abyss,Lunar,13.6,90,7,0.195,0.143,1,6,1738,680,1058,1,2,8,8,12.5%,284.1,111.2,173.0,0.16,0.33,1.31,1.31,248.3,97.1,151.1,0.14,0.29,1.14,1.14,8,20,1.31,3.27,1.14,2.86
,,,Shiftdrink,Challenger,Breadsticks,Fifty-Fifty Pizzeria,Solar,9.2,195,12,0.208,0.167,2,10,3422,1790,1632,1,3,26,24,4.2%,258.2,135.1,123.1,0.08,0.23,1.96,1.81,285.2,149.2,136.0,0.08,0.25,2.17,2.00,15,37,1.13,2.79,1.25,3.08
,,,Wheelchair {Lflegs},Challenger,Threshers,Shark Attack,Lunar,8.5,80,4,0.446,0.250,1,3,1238,810,428,6,1,1,11,54.5%,227.7,149.0,78.7,1.10,0.18,0.18,2.02,309.5,202.5,107.0,1.50,0.25,0.25,2.75,14,16,2.57,2.94,3.50,4.00
,,,Pant,Challenger,Nebulae,The Cosmos,Lunar,-0.5,62,4,0.190,0.250,1,3,896,530,366,1,1,6,8,12.5%,212.6,125.8,86.9,0.24,0.24,1.42,1.90,224.0,132.5,91.5,0.25,0.25,1.50,2.00,6,15,1.42,3.56,1.50,3.75
,,,Thesaltylobbster,Challenger,Steel,Metal,Solar,-3.3,104,8,0.430,0.500,4,4,1571,820,751,2,1,9,12,16.7%,222.3,116.0,106.3,0.28,0.14,1.27,1.70,196.4,102.5,93.9,0.25,0.13,1.13,1.50,15,18,2.12,2.55,1.88,2.25
,,,Katie,Challenger,"Apple Associates
Steel
Smooth Mint","Snack Syndicate
Metal
Minty Fresh",Lunar,-25.4,137,9,0.074,0.000,0,9,1591,730,861,1,2,9,8,12.5%,170.9,78.4,92.5,0.11,0.21,0.97,0.86,176.8,81.1,95.7,0.11,0.22,1.00,0.89,8,39,0.86,4.19,0.89,4.33
,,,Dvn8657,Challenger,Mandrakes,The Garden,Solar,-44.6,19,1,0.000,0.000,0,1,212,100,112,0,0,2,0,,164.2,77.4,86.7,0.00,0.00,1.55,0.00,212.0,100.0,112.0,0.00,0.00,2.00,0.00,0,6,0.00,4.65,0.00,6.00
,,,Pridedbird3406,Amateur,Nuwa,Pantheon,N/A,91.3,639,49,0.694,0.735,36,13,20658,12550,8108,72,28,47,160,45.0%,420.9,255.7,165.2,1.47,0.57,0.96,3.26,421.6,256.1,165.5,1.47,0.57,0.96,3.27,157,94,3.20,1.92,3.20,1.92
,,,Supershooter777,Amateur,Nuwa,Pantheon,N/A,80.0,505,38,0.658,0.711,27,11,14140,8270,5870,42,27,31,117,35.9%,364.5,213.2,151.3,1.08,0.70,0.80,3.02,372.1,217.6,154.5,1.11,0.71,0.82,3.08,119,79,3.07,2.04,3.13,2.08
,,,Anarcrist,Amateur,Potatoes,The Garden,N/A,74.5,667,46,0.699,0.761,35,11,19055,11510,7545,59,20,58,171,34.5%,371.9,224.7,147.3,1.15,0.39,1.13,3.34,414.2,250.2,164.0,1.28,0.43,1.26,3.72,132,75,2.58,1.46,2.87,1.63
,,,Salvation,Amateur,Potatoes,The Garden,N/A,66.4,637,44,0.740,0.795,35,9,16456,10510,5946,51,27,55,131,38.9%,336.3,214.8,121.5,1.04,0.55,1.12,2.68,374.0,238.9,135.1,1.16,0.61,1.25,2.98,136,68,2.78,1.39,3.09,1.55
,,,Slowlow24,Amateur,Crimson Cries,Seas Despair,N/A,66.4,635,52,0.493,0.462,24,28,17673,9900,7773,46,26,57,115,40.0%,362.3,203.0,159.4,0.94,0.53,1.17,2.36,339.9,190.4,149.5,0.88,0.50,1.10,2.21,119,121,2.44,2.48,2.29,2.33
,,,Alphaslayer6072,Amateur,Brass,Metal,N/A,62.5,532,43,0.405,0.442,19,24,14894,8330,6564,37,15,57,103,35.9%,364.5,203.9,160.6,0.91,0.37,1.39,2.52,346.4,193.7,152.7,0.86,0.35,1.33,2.40,81,104,1.98,2.55,1.88,2.42
,,,Skyhighscorer,Amateur,Yorkies,Puppy Paradise,N/A,62.4,697,51,0.437,0.392,20,31,17953,10110,7843,41,33,63,121,33.9%,335.3,188.8,146.5,0.77,0.62,1.18,2.26,352.0,198.2,153.8,0.80,0.65,1.24,2.37,121,142,2.26,2.65,2.37,2.78
,,,Attonas,Amateur,"Crimson Cries
Yorkies","Seas Despair
Puppy Paradise",N/A,61.6,522,41,0.488,0.439,18,23,14310,8220,6090,37,19,54,87,42.5%,356.9,205.0,151.9,0.92,0.47,1.35,2.17,349.0,200.5,148.5,0.90,0.46,1.32,2.12,97,100,2.42,2.49,2.37,2.44
,,,Haro.-,Amateur,Radio Waves,The Wavelengths,N/A,58.4,674,50,0.456,0.460,23,27,17989,10740,7249,57,17,58,129,44.2%,347.5,207.5,140.0,1.10,0.33,1.12,2.49,359.8,214.8,145.0,1.14,0.34,1.16,2.58,119,133,2.30,2.57,2.38,2.66
,,,Bernatra,Amateur,Potential,Energy,N/A,55.0,611,47,0.441,0.404,19,28,14299,8020,6279,33,29,45,102,32.4%,304.7,170.9,133.8,0.70,0.62,0.96,2.17,304.2,170.6,133.6,0.70,0.62,0.96,2.17,104,121,2.22,2.58,2.21,2.57
,,,Chikhenjoe,Amateur,Yorkies,Puppy Paradise,N/A,54.1,255,19,0.610,0.579,11,8,6311,4020,2291,24,7,16,47,51.1%,322.2,205.2,117.0,1.23,0.36,0.82,2.40,332.2,211.6,120.6,1.26,0.37,0.84,2.47,52,39,2.65,1.99,2.74,2.05
,,,Sandreeche,Amateur,Potential,Energy,N/A,53.8,548,43,0.451,0.419,18,25,14143,8080,6063,42,14,44,98,42.9%,336.0,192.0,144.0,1.00,0.33,1.05,2.33,328.9,187.9,141.0,0.98,0.33,1.02,2.28,99,112,2.35,2.66,2.30,2.60
,,,Unicornhuntresss,Amateur,Radio Waves,The Wavelengths,N/A,53.3,588,44,0.411,0.432,19,25,15089,8060,7029,34,19,55,96,35.4%,334.1,178.5,155.6,0.75,0.42,1.22,2.13,342.9,183.2,159.8,0.77,0.43,1.25,2.18,97,122,2.15,2.70,2.20,2.77
,,,Techfour,Amateur,Nuwa,Pantheon,N/A,52.5,354,32,0.685,0.719,23,9,8147,4730,3417,25,14,18,63,39.7%,299.6,174.0,125.7,0.92,0.51,0.66,2.32,254.6,147.8,106.8,0.78,0.44,0.56,1.97,89,55,3.27,2.02,2.78,1.72
,,,Lockl11N,Amateur,Crimson Cries,Seas Despair,N/A,51.4,471,39,0.487,0.436,17,22,10350,5630,4720,25,26,23,68,36.8%,286.1,155.6,130.5,0.69,0.72,0.64,1.88,265.4,144.4,121.0,0.64,0.67,0.59,1.74,94,97,2.60,2.68,2.41,2.49
,,,Jaifinator34,Amateur,Yorkies,Puppy Paradise,N/A,50.7,346,25,0.446,0.400,10,15,7538,4340,3198,19,16,21,59,32.2%,283.6,163.3,120.3,0.71,0.60,0.79,2.22,301.5,173.6,127.9,0.76,0.64,0.84,2.36,62,71,2.33,2.67,2.48,2.84
,,,Ethrealdoom,Amateur,"Shurale
Potential","The Forest
Energy",N/A,50.3,432,37,0.426,0.459,17,20,8678,4540,4138,13,28,24,64,20.3%,261.5,136.8,124.7,0.39,0.84,0.72,1.93,234.5,122.7,111.8,0.35,0.76,0.65,1.73,72,87,2.17,2.62,1.95,2.35
,,,Engy,Amateur,Shurale,The Forest,N/A,49.7,616,51,0.326,0.333,17,34,15668,8610,7058,45,12,48,111,40.5%,331.1,182.0,149.2,0.95,0.25,1.01,2.35,307.2,168.8,138.4,0.88,0.24,0.94,2.18,86,137,1.82,2.90,1.69,2.69
,,,Piky Life88,Amateur,Nuwa,Pantheon,N/A,43.4,467,34,0.745,0.824,28,6,8813,5120,3693,22,26,19,67,32.8%,245.7,142.7,103.0,0.61,0.72,0.53,1.87,259.2,150.6,108.6,0.65,0.76,0.56,1.97,118,60,3.29,1.67,3.47,1.76
,,,Cbhiphop77,Amateur,Potential,Energy,N/A,43.0,508,39,0.417,0.410,16,23,11086,5760,5326,27,16,28,86,31.4%,284.1,147.6,136.5,0.69,0.41,0.72,2.20,284.3,147.7,136.6,0.69,0.41,0.72,2.21,78,97,2.00,2.49,2.00,2.49
,,,Youngslingblade,Amateur,"Crimson Cries
Yorkies","Seas Despair
Puppy Paradise",N/A,42.5,53,5,0.613,0.600,3,2,1029,520,509,2,3,2,7,28.6%,252.8,127.7,125.0,0.49,0.74,0.49,1.72,205.8,104.0,101.8,0.40,0.60,0.40,1.40,12,9,2.95,2.21,2.40,1.80
,,,Neithernick,Amateur,Radio Waves,The Wavelengths,N/A,40.4,508,37,0.516,0.595,22,15,10629,5680,4949,25,18,30,78,32.1%,272.4,145.6,126.8,0.64,0.46,0.77,2.00,287.3,153.5,133.8,0.68,0.49,0.81,2.11,99,95,2.54,2.43,2.68,2.57
,,,Dabzxst4Tu5,Amateur,Potatoes,The Garden,N/A,40.3,589,41,0.736,0.805,33,8,11943,6840,5103,31,24,34,84,36.9%,264.0,151.2,112.8,0.69,0.53,0.75,1.86,291.3,166.8,124.5,0.76,0.59,0.83,2.05,123,62,2.72,1.37,3.00,1.51
,,,Fbstovergaming,Amateur,Brass,Metal,N/A,37.3,263,21,0.302,0.286,6,15,5623,3060,2563,16,5,15,46,34.8%,278.4,151.5,126.9,0.79,0.25,0.74,2.28,267.8,145.7,122.0,0.76,0.24,0.71,2.19,33,57,1.63,2.82,1.57,2.71
,,,Countrywolfz,Amateur,"Brass
Crimson Cries","Metal
Seas Despair",N/A,33.2,384,31,0.472,0.516,16,15,8072,4160,3912,17,10,29,51,33.3%,273.7,141.0,132.6,0.58,0.34,0.98,1.73,260.4,134.2,126.2,0.55,0.32,0.94,1.65,66,71,2.24,2.41,2.13,2.29
,,,Pineapple448,Amateur,Shurale,The Forest,N/A,32.5,615,51,0.321,0.314,16,35,13430,6860,6570,26,11,57,86,30.2%,284.3,145.2,139.1,0.55,0.23,1.21,1.82,263.3,134.5,128.8,0.51,0.22,1.12,1.69,86,139,1.82,2.94,1.69,2.73
,,,Underbreadbore,Amateur,Brass,Metal,N/A,29.4,442,34,0.435,0.441,15,19,8972,4880,4092,19,11,38,53,35.8%,264.3,143.7,120.5,0.56,0.32,1.12,1.56,263.9,143.5,120.4,0.56,0.32,1.12,1.56,70,83,2.06,2.44,2.06,2.44
,,,Boblo Escobar,Amateur,Yorkies,Puppy Paradise,N/A,28.7,531,39,0.437,0.385,15,24,10397,5810,4587,26,15,37,61,42.6%,254.9,142.5,112.5,0.64,0.37,0.91,1.50,266.6,149.0,117.6,0.67,0.38,0.95,1.56,92,108,2.26,2.65,2.36,2.77
,,,Ffejgnak,Amateur,Potential,Energy,N/A,28.3,301,23,0.366,0.348,8,15,5189,2700,2489,8,13,18,35,22.9%,224.4,116.8,107.7,0.35,0.56,0.78,1.51,225.6,117.4,108.2,0.35,0.57,0.78,1.52,45,64,1.95,2.77,1.96,2.78
,,,Spiperwolf,Amateur,Potatoes,The Garden,N/A,27.2,333,22,0.649,0.636,14,8,5599,3280,2319,10,14,24,38,26.3%,218.9,128.2,90.7,0.39,0.55,0.94,1.49,254.5,149.1,105.4,0.45,0.64,1.09,1.73,62,41,2.42,1.60,2.82,1.86
,,,Sprite728,Amateur,Brass,Metal,N/A,26.9,488,41,0.444,0.415,17,24,9539,5090,4449,21,13,36,54,38.9%,254.5,135.8,118.7,0.56,0.35,0.96,1.44,232.7,124.1,108.5,0.51,0.32,0.88,1.32,85,98,2.27,2.61,2.07,2.39
,,,Silk-Fu,Amateur,"Shurale
Crimson Cries","The Forest
Seas Despair",N/A,25.7,201,18,0.360,0.278,5,13,4031,1930,2101,8,3,14,28,28.6%,261.1,125.0,136.1,0.52,0.19,0.91,1.81,223.9,107.2,116.7,0.44,0.17,0.78,1.56,29,42,1.88,2.72,1.61,2.33
,,,Cuse42,Amateur,"Crimson Cries
Shurale","Seas Despair
The Forest",N/A,23.9,216,15,0.268,0.333,5,10,3700,1960,1740,7,7,13,26,26.9%,223.0,118.1,104.9,0.42,0.42,0.78,1.57,246.7,130.7,116.0,0.47,0.47,0.87,1.73,23,45,1.39,2.71,1.53,3.00
,,,Shootzy,Amateur,Radio Waves,The Wavelengths,N/A,18.9,330,25,0.494,0.440,11,14,4927,2640,2287,10,13,13,34,29.4%,194.4,104.2,90.2,0.39,0.51,0.51,1.34,197.1,105.6,91.5,0.40,0.52,0.52,1.36,63,64,2.49,2.52,2.52,2.56
,,,Microaggression1,Amateur,Yorkies,Puppy Paradise,N/A,0.4,144,10,0.263,0.300,3,7,1742,830,912,4,3,3,13,30.8%,157.5,75.0,82.5,0.36,0.27,0.27,1.18,174.2,83.0,91.2,0.40,0.30,0.30,1.30,20,38,1.81,3.44,2.00,3.80
,,,Lordschmicky,Amateur,Shurale,The Forest,N/A,-5.6,68,5,0.185,0.000,0,5,788,260,528,1,1,1,6,16.7%,150.9,49.8,101.1,0.19,0.19,0.19,1.15,157.6,52.0,105.6,0.20,0.20,0.20,1.20,6,16,1.15,3.06,1.20,3.20