Filter(s),,,Name,Tier,Team(s),Franchise(s),Conference,SBV,TS,GP,PWE,WP,W,L,P,SP,NP,G,A,Sv,S,S%,P/A,SP/A,NP/A,G/A,A/A,Sv/A,S/A,P/G,SP/G,NP/G,G/G,A/G,Sv/G,S/G,tm_G,opp_G,tm_G/A,opp_G/A,tm_G/G,opp_G/G
Stat,Condition,,Plopwiththesave,Veteran,Calzones,Fifty-Fifty Pizzeria,Lunar,95.0,189,12,0.428,0.250,3,9,5388,3390,1998,18,5,17,49,36.7%,436.6,274.7,161.9,1.46,0.41,1.38,3.97,449.0,282.5,166.5,1.50,0.42,1.42,4.08,31,37,2.51,3.00,2.58,3.08
,,,Peakingpineapple,Veteran,"Hades
Gouda Gangsters","The Gods
Cheese Guild",Solar,93.2,604,39,0.564,0.564,22,17,17560,10240,7320,51,19,56,139,36.7%,445.3,259.7,185.6,1.29,0.48,1.42,3.52,450.3,262.6,187.7,1.31,0.49,1.44,3.56,98,83,2.49,2.10,2.51,2.13
,,,Yullbrenna,Veteran,Menthol,Minty Fresh,Solar,83.8,839,56,0.641,0.661,37,19,22331,13350,8981,58,50,69,160,36.3%,407.7,243.7,164.0,1.06,0.91,1.26,2.92,398.8,238.4,160.4,1.04,0.89,1.23,2.86,168,117,3.07,2.14,3.00,2.09
,,,Clem5On3_,Veteran,Atomic,Energy,Lunar,82.6,888,53,0.661,0.585,31,22,23077,14010,9067,63,35,77,211,29.9%,398.0,241.7,156.4,1.09,0.60,1.33,3.64,435.4,264.3,171.1,1.19,0.66,1.45,3.98,163,106,2.81,1.83,3.08,2.00
,,,Kidfluffy,Veteran,Cthulhu,The Mythos,Lunar,78.6,927,60,0.666,0.650,39,21,24212,14990,9222,73,47,71,179,40.8%,400.1,247.7,152.4,1.21,0.78,1.17,2.96,403.5,249.8,153.7,1.22,0.78,1.18,2.98,181,117,2.99,1.93,3.02,1.95
,,,Croutqn,Veteran,Jaculus,Draconem,Solar,77.6,844,56,0.602,0.625,35,21,22343,12510,9833,51,42,75,156,32.7%,405.5,227.0,178.4,0.93,0.76,1.36,2.83,399.0,223.4,175.6,0.91,0.75,1.34,2.79,157,121,2.85,2.20,2.80,2.16
,,,Djretirementhome,Veteran,Titanium,Metal,Solar,76.7,848,56,0.560,0.536,30,26,22348,12950,9398,47,39,94,160,29.4%,403.7,233.9,169.7,0.85,0.70,1.70,2.89,399.1,231.3,167.8,0.84,0.70,1.68,2.86,138,118,2.49,2.13,2.46,2.11
,,,Tinsel,Veteran,Menthol,Minty Fresh,Solar,76.4,947,64,0.623,0.625,40,24,24777,14710,10067,67,41,82,186,36.0%,400.7,237.9,162.8,1.08,0.66,1.33,3.01,387.1,229.8,157.3,1.05,0.64,1.28,2.91,191,140,3.09,2.26,2.98,2.19
,,,Danub,Veteran,Grizzly Bears,The Bear Den,Lunar,74.7,290,20,0.544,0.500,10,10,7654,4490,3164,18,12,31,54,33.3%,404.3,237.1,167.1,0.95,0.63,1.64,2.85,382.7,224.5,158.2,0.90,0.60,1.55,2.70,46,41,2.43,2.17,2.30,2.05
,,,Jmac Hd,Veteran,Dobermans,Puppy Paradise,Solar,73.4,908,60,0.508,0.500,30,30,23671,14070,9601,61,34,90,177,34.5%,399.3,237.3,162.0,1.03,0.57,1.52,2.99,394.5,234.5,160.0,1.02,0.57,1.50,2.95,154,151,2.60,2.55,2.57,2.52
,,,Janixity.,Veteran,Grizzly Bears,The Bear Den,Lunar,72.9,915,60,0.612,0.633,38,22,23516,14310,9206,60,41,91,171,35.1%,393.6,239.5,154.1,1.00,0.69,1.52,2.86,391.9,238.5,153.4,1.00,0.68,1.52,2.85,163,122,2.73,2.04,2.72,2.03
,,,Supe,Veteran,Banana Spiders,Eight Legged Freaks,Lunar,72.8,1022,63,0.571,0.587,37,26,26680,15130,11550,54,43,114,188,28.7%,399.9,226.8,173.1,0.81,0.64,1.71,2.82,423.5,240.2,183.3,0.86,0.68,1.81,2.98,159,132,2.38,1.98,2.52,2.10
Sort(s),,,Rozi-,Veteran,Cepheus,The Nexus,Solar,72.0,662,47,0.507,0.489,23,24,16848,9200,7648,37,31,54,125,29.6%,389.8,212.9,177.0,0.86,0.72,1.25,2.89,358.5,195.7,162.7,0.79,0.66,1.15,2.66,113,111,2.61,2.57,2.40,2.36
Stat,Order,,Sly,Veteran,Jaculus,Draconem,Solar,71.2,373,27,0.561,0.593,16,11,9881,6210,3671,31,13,36,66,47.0%,405.7,255.0,150.7,1.27,0.53,1.48,2.71,366.0,230.0,136.0,1.15,0.48,1.33,2.44,72,62,2.96,2.55,2.67,2.30
Name,Desc,,Crypt_Rl,Veteran,Typhoons,Storm,Solar,71.0,982,64,0.526,0.531,34,30,25065,13890,11175,52,43,94,184,28.3%,390.9,216.6,174.3,0.81,0.67,1.47,2.87,391.6,217.0,174.6,0.81,0.67,1.47,2.88,153,143,2.39,2.23,2.39,2.23
Conference,Desc,,Beckols,Veteran,Seadevils,The Abyss,Lunar,71.0,958,58,0.538,0.534,31,27,23975,13940,10035,53,34,98,204,26.0%,383.3,222.9,160.4,0.85,0.54,1.57,3.26,413.4,240.3,173.0,0.91,0.59,1.69,3.52,135,122,2.16,1.95,2.33,2.10
TS,Desc,,Commanderboy,Veteran,Rockin Revenants,Ghoul School,Solar,70.6,821,56,0.486,0.446,25,31,22396,12220,10176,45,28,100,132,34.1%,417.8,228.0,189.8,0.84,0.52,1.87,2.46,399.9,218.2,181.7,0.80,0.50,1.79,2.36,107,111,2.00,2.07,1.91,1.98
,,,King.,Veteran,Peppers,The Garden,Solar,70.1,868,56,0.628,0.643,36,20,22075,12280,9795,46,42,81,153,30.1%,389.5,216.7,172.8,0.81,0.74,1.43,2.70,394.2,219.3,174.9,0.82,0.75,1.45,2.73,149,106,2.63,1.87,2.66,1.89
,,,Dvorl.Ttv,Veteran,Matadors,Ox Gaming,Solar,68.9,599,40,0.521,0.575,23,17,14712,8540,6172,38,21,48,129,29.5%,376.2,218.4,157.8,0.97,0.54,1.23,3.30,367.8,213.5,154.3,0.95,0.53,1.20,3.23,94,89,2.40,2.28,2.35,2.23
,,,Cereal21,Veteran,Rollin Cannolis,The Bakery,Lunar,68.8,838,57,0.566,0.579,33,24,21499,12070,9429,54,25,75,167,32.3%,393.0,220.6,172.3,0.99,0.46,1.37,3.05,377.2,211.8,165.4,0.95,0.44,1.32,2.93,131,110,2.39,2.01,2.30,1.93
,,,Supercruz101,Veteran,"Peppers
Supernova
Water","The Garden
The Cosmos
The Elements",Solar,68.8,169,11,0.551,0.545,6,5,4305,2750,1555,14,7,14,30,46.7%,390.2,249.2,140.9,1.27,0.63,1.27,2.72,391.4,250.0,141.4,1.27,0.64,1.27,2.73,35,31,3.17,2.81,3.18,2.82
,,,Cundy,Veteran,Cthulhu,The Mythos,Lunar,67.5,990,64,0.635,0.609,39,25,24264,13960,10304,55,52,82,176,31.3%,375.4,216.0,159.4,0.85,0.80,1.27,2.72,379.1,218.1,161.0,0.86,0.81,1.28,2.75,185,130,2.86,2.01,2.89,2.03
,,,Bladedraptor,Veteran,"Dobermans
Humpbacks","Puppy Paradise
Whale Defense",Solar,67.5,925,60,0.435,0.383,23,37,23768,14300,9468,70,25,85,180,38.9%,393.6,236.8,156.8,1.16,0.41,1.41,2.98,396.1,238.3,157.8,1.17,0.42,1.42,3.00,141,166,2.33,2.75,2.35,2.77
,,,ッrxtro.,Veteran,Gorillas,The Jungle,Solar,67.2,114,7,0.500,0.571,4,3,2829,1580,1249,5,4,13,23,21.7%,380.1,212.3,167.8,0.67,0.54,1.75,3.09,404.1,225.7,178.4,0.71,0.57,1.86,3.29,14,14,1.88,1.88,2.00,2.00
,,,Lil Windex,Veteran,Peppers,The Garden,Solar,65.8,638,41,0.602,0.634,26,15,16017,8790,7227,29,31,66,104,27.9%,384.5,211.0,173.5,0.70,0.74,1.58,2.50,390.7,214.4,176.3,0.71,0.76,1.61,2.54,100,76,2.40,1.82,2.44,1.85
,,,Galacticcccc,Veteran,"Typhoons
Linguini Lancers","Storm
Italian Battalion",Solar,65.4,917,58,0.537,0.552,32,26,22124,12890,9234,54,39,75,179,30.2%,369.5,215.3,154.2,0.90,0.65,1.25,2.99,381.4,222.2,159.2,0.93,0.67,1.29,3.09,144,131,2.41,2.19,2.48,2.26
,,,Partyshark.,Veteran,Water,The Elements,Solar,64.4,545,35,0.587,0.686,24,11,13998,8750,5248,47,16,46,95,49.5%,393.4,245.9,147.5,1.32,0.45,1.29,2.67,399.9,250.0,149.9,1.34,0.46,1.31,2.71,101,81,2.84,2.28,2.89,2.31
,,,A Legit Bunee,Veteran,Cepheus,The Nexus,Solar,64.2,729,49,0.479,0.490,24,25,18578,11220,7358,49,18,81,137,35.8%,390.3,235.7,154.6,1.03,0.38,1.70,2.88,379.1,229.0,150.2,1.00,0.37,1.65,2.80,109,115,2.29,2.42,2.22,2.35
,,,Wilderlorde,Veteran,Atomic,Energy,Lunar,63.7,900,55,0.632,0.527,29,26,21642,13150,8492,65,35,63,175,37.1%,368.3,223.8,144.5,1.11,0.60,1.07,2.98,393.5,239.1,154.4,1.18,0.64,1.15,3.18,165,117,2.81,1.99,3.00,2.13
,,,Savant,Veteran,Rollin Cannolis,The Bakery,Lunar,63.5,785,54,0.594,0.593,32,22,19312,10230,9082,43,34,57,138,31.2%,376.8,199.6,177.2,0.84,0.66,1.11,2.69,357.6,189.4,168.2,0.80,0.63,1.06,2.56,127,99,2.48,1.93,2.35,1.83
,,,Braamse,Veteran,Grizzly Bears,The Bear Den,Lunar,62.0,811,51,0.616,0.647,33,18,19876,11770,8106,47,37,78,132,35.6%,375.4,222.3,153.1,0.89,0.70,1.47,2.49,389.7,230.8,158.9,0.92,0.73,1.53,2.59,146,108,2.76,2.04,2.86,2.12
,,,Shim_Sham,Veteran,Wyverns,The Forest,Solar,61.6,911,64,0.574,0.563,36,28,23137,13140,9997,48,30,107,149,32.2%,389.0,220.9,168.1,0.81,0.50,1.80,2.51,361.5,205.3,156.2,0.75,0.47,1.67,2.33,141,116,2.37,1.95,2.20,1.81
,,,Skriviere,Veteran,Wyverns,The Forest,Solar,61.4,509,36,0.558,0.500,18,18,12318,6860,5458,29,18,42,96,30.2%,370.7,206.4,164.2,0.87,0.54,1.26,2.89,342.2,190.6,151.6,0.81,0.50,1.17,2.67,77,66,2.32,1.99,2.14,1.83
,,,Therogerseffect,Veteran,Banshees,The Monster Mash,Lunar,61.1,927,61,0.528,0.557,34,27,22062,13120,8942,58,40,73,167,34.7%,364.5,216.8,147.7,0.96,0.66,1.21,2.76,361.7,215.1,146.6,0.95,0.66,1.20,2.74,141,131,2.33,2.16,2.31,2.15
,,,Mf Method,Veteran,Titanium,Metal,Solar,60.3,904,59,0.597,0.593,35,24,21049,12510,8539,64,31,54,186,34.4%,356.6,212.0,144.7,1.08,0.53,0.91,3.15,356.8,212.0,144.7,1.08,0.53,0.92,3.15,152,118,2.58,2.00,2.58,2.00
,,,Lickadoss77,Veteran,Water,The Elements,Solar,60.2,949,60,0.530,0.567,34,26,23266,13090,10176,44,45,100,144,30.6%,375.5,211.3,164.2,0.71,0.73,1.61,2.32,387.8,218.2,169.6,0.73,0.75,1.67,2.40,164,152,2.65,2.45,2.73,2.53
,,,Archhie.,Veteran,Spastics,The Quad Dynasty,Lunar,59.2,694,45,0.515,0.556,25,20,16264,9210,7054,37,30,55,126,29.4%,358.9,203.3,155.7,0.82,0.66,1.21,2.78,361.4,204.7,156.8,0.82,0.67,1.22,2.80,107,103,2.36,2.27,2.38,2.29
,,,J.,Veteran,Makos,Shark Attack,Lunar,59.0,873,58,0.527,0.569,33,25,22023,12630,9393,53,22,95,148,35.8%,386.4,221.6,164.8,0.93,0.39,1.67,2.60,379.7,217.8,161.9,0.91,0.38,1.64,2.55,136,127,2.39,2.23,2.34,2.19
,,,Aos Arctic,Veteran,Possessed,Destined,Solar,59.0,574,39,0.440,0.385,15,24,14614,8300,6314,36,14,61,95,37.9%,390.0,221.5,168.5,0.96,0.37,1.63,2.53,374.7,212.8,161.9,0.92,0.36,1.56,2.44,77,90,2.05,2.40,1.97,2.31
,,,.Tor.,Veteran,Jaculus,Draconem,Solar,58.2,602,37,0.587,0.595,22,15,13545,8170,5375,30,35,48,102,29.4%,344.6,207.9,136.8,0.76,0.89,1.22,2.60,366.1,220.8,145.3,0.81,0.95,1.30,2.76,105,84,2.67,2.14,2.84,2.27
,,,Chimmy,Veteran,Gorillas,The Jungle,Solar,58.1,682,47,0.481,0.553,26,21,16840,9140,7700,38,22,62,114,33.3%,378.2,205.3,172.9,0.85,0.49,1.39,2.56,358.3,194.5,163.8,0.81,0.47,1.32,2.43,103,108,2.31,2.43,2.19,2.30
,,,Chefty,Veteran,Wyverns,The Forest,Solar,57.9,883,62,0.570,0.565,35,27,21773,11820,9953,45,34,85,137,32.8%,377.7,205.0,172.6,0.78,0.59,1.47,2.38,351.2,190.6,160.5,0.73,0.55,1.37,2.21,137,114,2.38,1.98,2.21,1.84
,,,Legend,Veteran,Singularity,Event Horizon,Solar,57.2,601,40,0.533,0.600,24,16,13835,7720,6115,34,22,41,117,29.1%,352.6,196.7,155.8,0.87,0.56,1.04,2.98,345.9,193.0,152.9,0.85,0.55,1.03,2.93,99,91,2.52,2.32,2.48,2.28
,,,(P|F)Ineapple,Veteran,Hades,The Gods,Lunar,56.9,949,64,0.528,0.531,34,30,22664,12650,10014,48,39,87,155,31.0%,365.8,204.2,161.6,0.77,0.63,1.40,2.50,354.1,197.7,156.5,0.75,0.61,1.36,2.42,141,131,2.28,2.11,2.20,2.05
,,,Chitfpv,Veteran,Gorillas,The Jungle,Solar,56.9,68,4,0.663,0.750,3,1,1679,1060,619,6,2,5,11,54.5%,378.2,238.8,139.4,1.35,0.45,1.13,2.48,419.8,265.0,154.8,1.50,0.50,1.25,2.75,11,7,2.48,1.58,2.75,1.75
,,,Gga Astro,Veteran,Water,The Elements,Solar,56.7,255,17,0.422,0.353,6,11,6389,3770,2619,16,6,29,42,38.1%,383.8,226.4,157.3,0.96,0.36,1.74,2.52,375.8,221.8,154.1,0.94,0.35,1.71,2.47,36,44,2.16,2.64,2.12,2.59
,,,Slygo21,Veteran,Dobermans,Puppy Paradise,Solar,56.5,831,55,0.494,0.473,26,29,19569,11330,8239,42,46,73,118,35.6%,360.7,208.8,151.9,0.77,0.85,1.35,2.17,355.8,206.0,149.8,0.76,0.84,1.33,2.15,140,142,2.58,2.62,2.55,2.58
,,,Nano,Veteran,Menthol,Minty Fresh,Solar,56.1,765,51,0.607,0.608,31,20,17040,10550,6490,43,42,57,130,33.1%,341.2,211.2,129.9,0.86,0.84,1.14,2.60,334.1,206.9,127.3,0.84,0.82,1.12,2.55,153,117,3.06,2.34,3.00,2.29
,,,Iamnotacook,Veteran,Merciless Mob,The Syndicate,Lunar,55.5,1011,63,0.472,0.460,29,34,23959,13980,9979,53,38,102,168,31.5%,363.0,211.8,151.2,0.80,0.58,1.55,2.55,380.3,221.9,158.4,0.84,0.60,1.62,2.67,149,160,2.26,2.42,2.37,2.54
,,,Rmack,Veteran,Rollin Cannolis,The Bakery,Lunar,55.4,402,26,0.542,0.615,16,10,9185,5370,3815,20,14,38,77,26.0%,350.0,204.6,145.4,0.76,0.53,1.45,2.93,353.3,206.5,146.7,0.77,0.54,1.46,2.96,57,51,2.17,1.94,2.19,1.96
,,,Iamreaperr_-,Veteran,Banshees,The Monster Mash,Lunar,55.2,194,13,0.642,0.692,9,4,4426,2550,1876,10,8,16,35,28.6%,349.4,201.3,148.1,0.79,0.63,1.26,2.76,340.5,196.2,144.3,0.77,0.62,1.23,2.69,31,21,2.45,1.66,2.38,1.62
,,,Mykopolis,Veteran,Seadevils,The Abyss,Lunar,55.1,59,4,0.397,0.250,1,3,1511,910,601,4,0,8,11,36.4%,392.3,236.2,156.0,1.04,0.00,2.08,2.86,377.8,227.5,150.3,1.00,0.00,2.00,2.75,6,8,1.56,2.08,1.50,2.00
,,,Sirtommynoble,Veteran,Peppers,The Garden,Solar,54.4,879,56,0.593,0.607,34,22,20501,12230,8271,59,23,70,168,35.1%,357.2,213.1,144.1,1.03,0.40,1.22,2.93,366.1,218.4,147.7,1.05,0.41,1.25,3.00,136,106,2.37,1.85,2.43,1.89
,,,Jibletsmasher,Veteran,Makos,Shark Attack,Lunar,54.2,456,32,0.541,0.531,17,15,10483,5690,4793,18,24,40,69,26.1%,352.1,191.1,161.0,0.60,0.81,1.34,2.32,327.6,177.8,149.8,0.56,0.75,1.25,2.16,69,62,2.32,2.08,2.16,1.94
,,,Md,Veteran,Atomic,Energy,Lunar,52.6,803,50,0.667,0.620,31,19,17327,10330,6997,41,44,53,138,29.7%,330.5,197.0,133.5,0.78,0.84,1.01,2.63,346.5,206.6,139.9,0.82,0.88,1.06,2.76,150,96,2.86,1.83,3.00,1.92
,,,Ty (Arcus),Veteran,Matadors,Ox Gaming,Solar,52.6,52,4,0.270,0.250,1,3,1193,560,633,3,1,2,11,27.3%,351.4,164.9,186.5,0.88,0.29,0.59,3.24,298.3,140.0,158.3,0.75,0.25,0.50,2.75,4,8,1.18,2.36,1.00,2.00
,,,Porkchop,Veteran,Spastics,The Quad Dynasty,Lunar,52.3,775,49,0.521,0.551,27,22,17314,10640,6674,44,25,70,149,29.5%,342.2,210.3,131.9,0.87,0.49,1.38,2.94,353.3,217.1,136.2,0.90,0.51,1.43,3.04,115,109,2.27,2.15,2.35,2.22
,,,Bolts,Veteran,Gorillas,The Jungle,Solar,52.3,804,54,0.484,0.537,29,25,18453,10370,8083,33,38,79,122,27.0%,351.5,197.6,154.0,0.63,0.72,1.50,2.32,341.7,192.0,149.7,0.61,0.70,1.46,2.26,124,129,2.36,2.46,2.30,2.39
,,,Fluffy,Veteran,Gladiators,The Sovereign,Lunar,52.1,721,48,0.325,0.292,14,34,16731,8900,7831,31,21,69,130,23.8%,355.4,189.1,166.4,0.66,0.45,1.47,2.76,348.6,185.4,163.1,0.65,0.44,1.44,2.71,78,126,1.66,2.68,1.63,2.63
,,,Joez,Veteran,Menthol,Minty Fresh,Solar,51.7,290,21,0.614,0.571,12,9,6863,3920,2943,23,9,14,47,48.9%,362.5,207.0,155.4,1.21,0.48,0.74,2.48,326.8,186.7,140.1,1.10,0.43,0.67,2.24,61,46,3.22,2.43,2.90,2.19
,,,Virrexo,Veteran,Singularity,Event Horizon,Solar,51.5,887,58,0.523,0.534,31,27,20275,10810,9465,48,28,60,161,29.8%,350.1,186.7,163.4,0.83,0.48,1.04,2.78,349.6,186.4,163.2,0.83,0.48,1.03,2.78,138,130,2.38,2.24,2.38,2.24
,,,Viper15,Veteran,Jaculus,Draconem,Solar,50.9,975,64,0.576,0.594,38,26,22805,12850,9955,61,28,74,165,37.0%,358.3,201.9,156.4,0.96,0.44,1.16,2.59,356.3,200.8,155.5,0.95,0.44,1.16,2.58,177,146,2.78,2.29,2.77,2.28
,,,Gregy.,Veteran,"Wyverns
Merciless Mob","The Forest
The Syndicate",Lunar,50.8,704,44,0.500,0.500,22,22,15325,8510,6815,29,26,59,136,21.3%,333.4,185.1,148.3,0.63,0.57,1.28,2.96,348.3,193.4,154.9,0.66,0.59,1.34,3.09,108,108,2.35,2.35,2.45,2.45
,,,Kxle,Veteran,Hades,The Gods,Lunar,50.6,824,56,0.559,0.571,32,24,19150,10170,8980,39,24,73,142,27.5%,356.0,189.0,166.9,0.72,0.45,1.36,2.64,342.0,181.6,160.4,0.70,0.43,1.30,2.54,125,107,2.32,1.99,2.23,1.91
,,,Hexzy,Veteran,Spastics,The Quad Dynasty,Lunar,50.5,705,48,0.593,0.583,28,20,15817,8750,7067,29,28,65,120,24.2%,343.6,190.1,153.5,0.63,0.61,1.41,2.61,329.5,182.3,147.2,0.60,0.58,1.35,2.50,115,90,2.50,1.96,2.40,1.88
,,,P1Zzly,Veteran,Banshees,The Monster Mash,Lunar,50.1,658,42,0.561,0.571,24,18,15102,8450,6652,31,22,63,110,28.2%,351.5,196.7,154.8,0.72,0.51,1.47,2.56,359.6,201.2,158.4,0.74,0.52,1.50,2.62,102,87,2.37,2.03,2.43,2.07
,,,Eekeos,Veteran,"Possessed
Spastics","Destined
The Quad Dynasty",Solar,50.1,163,10,0.453,0.400,4,6,3436,1950,1486,10,8,5,30,33.3%,322.9,183.2,139.6,0.94,0.75,0.47,2.82,343.6,195.0,148.6,1.00,0.80,0.50,3.00,23,26,2.16,2.44,2.30,2.60
,,,Armando,Veteran,Banana Spiders,Eight Legged Freaks,Lunar,49.1,645,40,0.577,0.525,21,19,14048,8640,5408,40,23,46,119,33.6%,333.6,205.2,128.4,0.95,0.55,1.09,2.83,351.2,216.0,135.2,1.00,0.58,1.15,2.98,104,85,2.47,2.02,2.60,2.13
,,,Ray,Veteran,Spastics,The Quad Dynasty,Lunar,48.6,277,19,0.555,0.526,10,9,6391,3450,2941,19,6,15,50,38.0%,353.4,190.8,162.6,1.05,0.33,0.83,2.76,336.4,181.6,154.8,1.00,0.32,0.79,2.63,45,39,2.49,2.16,2.37,2.05
,,,A Calm Panda,Veteran,Banana Spiders,Eight Legged Freaks,Lunar,48.0,872,53,0.567,0.585,31,22,20116,11750,8366,48,23,87,145,33.1%,353.3,206.4,146.9,0.84,0.40,1.53,2.55,379.5,221.7,157.8,0.91,0.43,1.64,2.74,135,113,2.37,1.98,2.55,2.13
,,,Lmao Beer Me,Veteran,"Merciless Mob
Cthulhu","The Syndicate
The Mythos",Lunar,48.0,573,36,0.564,0.500,18,18,13037,7790,5247,34,18,51,94,36.2%,348.5,208.2,140.3,0.91,0.48,1.36,2.51,362.1,216.4,145.8,0.94,0.50,1.42,2.61,110,94,2.94,2.51,3.06,2.61
,,,Bradyk-,Veteran,Makos,Shark Attack,Lunar,47.7,838,54,0.484,0.519,28,26,18418,10470,7948,42,27,68,152,27.6%,336.6,191.4,145.3,0.77,0.49,1.24,2.78,341.1,193.9,147.2,0.78,0.50,1.26,2.81,119,124,2.18,2.27,2.20,2.30
,,,Corrupt_Arrow,Veteran,Calzones,Fifty-Fifty Pizzeria,Lunar,47.3,824,57,0.399,0.386,22,35,18010,9870,8140,27,42,77,122,22.1%,334.8,183.5,151.3,0.50,0.78,1.43,2.27,316.0,173.2,142.8,0.47,0.74,1.35,2.14,109,142,2.03,2.64,1.91,2.49
,,,Gillz,Veteran,Singularity,Event Horizon,Solar,47.2,491,31,0.469,0.355,11,20,11198,6970,4228,36,13,38,82,43.9%,349.3,217.4,131.9,1.12,0.41,1.19,2.56,361.2,224.8,136.4,1.16,0.42,1.23,2.65,74,80,2.31,2.50,2.39,2.58
,,,Spiicy,Veteran,Titanium,Metal,Solar,47.1,258,16,0.601,0.625,10,6,5318,2870,2448,12,10,13,52,23.1%,315.7,170.4,145.3,0.71,0.59,0.77,3.09,332.4,179.4,153.0,0.75,0.63,0.81,3.25,43,33,2.55,1.96,2.69,2.06
,,,Fjord,Veteran,Rockin Revenants,Ghoul School,Solar,47.0,723,48,0.492,0.479,23,25,16028,8480,7548,29,28,60,118,24.6%,339.6,179.6,159.9,0.61,0.59,1.27,2.50,333.9,176.7,157.3,0.60,0.58,1.25,2.46,96,98,2.03,2.08,2.00,2.04
,,,Machu,Veteran,Humpbacks,Whale Defense,Solar,46.1,825,49,0.358,0.306,15,34,17218,9990,7228,31,35,73,149,20.8%,319.7,185.5,134.2,0.58,0.65,1.36,2.77,351.4,203.9,147.5,0.63,0.71,1.49,3.04,103,150,1.91,2.78,2.10,3.06
,,,Diviniation,Veteran,Lightning,Electric Mayhem,Lunar,45.8,800,52,0.399,0.385,20,32,18303,9600,8703,32,24,79,125,25.6%,350.4,183.8,166.6,0.61,0.46,1.51,2.39,352.0,184.6,167.4,0.62,0.46,1.52,2.40,107,139,2.05,2.66,2.06,2.67
,,,Zarthon,Veteran,Calzones,Fifty-Fifty Pizzeria,Lunar,45.6,590,40,0.358,0.400,16,24,13809,7480,6329,26,18,63,83,31.3%,358.5,194.2,164.3,0.67,0.47,1.64,2.15,345.2,187.0,158.2,0.65,0.45,1.58,2.08,69,101,1.79,2.62,1.73,2.53
,,,Avid,Veteran,Makos,Shark Attack,Lunar,45.6,746,48,0.535,0.563,27,21,16504,9320,7184,34,31,65,112,30.4%,338.9,191.4,147.5,0.70,0.64,1.33,2.30,343.8,194.2,149.7,0.71,0.65,1.35,2.33,117,107,2.40,2.20,2.44,2.23
,,,Justifyye,Veteran,Banshees,The Monster Mash,Lunar,45.5,856,56,0.512,0.536,30,26,19130,11000,8130,39,29,86,135,28.9%,342.3,196.8,145.5,0.70,0.52,1.54,2.42,341.6,196.4,145.2,0.70,0.52,1.54,2.41,129,125,2.31,2.24,2.30,2.23
,,,Gorillacream707,Veteran,Gladiators,The Sovereign,Lunar,45.4,704,46,0.451,0.413,19,27,15329,8420,6909,30,21,62,127,23.6%,333.5,183.2,150.3,0.65,0.46,1.35,2.76,333.2,183.0,150.2,0.65,0.46,1.35,2.76,94,107,2.05,2.33,2.04,2.33
,,,Misfitsmedia_,Veteran,Gouda Gangsters,Cheese Guild,Solar,45.3,629,43,0.400,0.465,20,23,14645,7890,6755,24,22,71,84,28.6%,356.6,192.1,164.5,0.58,0.54,1.73,2.05,340.6,183.5,157.1,0.56,0.51,1.65,1.95,75,98,1.83,2.39,1.74,2.28
,,,Tenched,Veteran,Merciless Mob,The Syndicate,Lunar,44.8,140,8,0.464,0.500,4,4,3104,1750,1354,6,6,13,20,30.0%,339.6,191.5,148.1,0.66,0.66,1.42,2.19,388.0,218.8,169.3,0.75,0.75,1.63,2.50,21,23,2.30,2.52,2.63,2.88
,,,Jknop2,Veteran,Singularity,Event Horizon,Solar,44.7,967,63,0.521,0.524,33,30,21750,12060,9690,37,41,100,131,28.2%,344.5,191.0,153.5,0.59,0.65,1.58,2.07,345.2,191.4,153.8,0.59,0.65,1.59,2.08,154,146,2.44,2.31,2.44,2.32
,,,Racer,Veteran,"Matadors
Lightning
Gorillas
Water","Ox Gaming
Electric Mayhem
The Jungle
The Elements",Solar,44.4,271,16,0.337,0.250,4,12,5824,3630,2194,14,11,25,43,32.6%,329.2,205.2,124.0,0.79,0.62,1.41,2.43,364.0,226.9,137.1,0.88,0.69,1.56,2.69,36,55,2.03,3.11,2.25,3.44
,,,Mathews175,Veteran,Seadevils,The Abyss,Lunar,43.6,516,33,0.613,0.576,19,14,11346,5980,5366,23,20,38,78,29.5%,336.8,177.5,159.3,0.68,0.59,1.13,2.32,343.8,181.2,162.6,0.70,0.61,1.15,2.36,85,63,2.52,1.87,2.58,1.91
,,,Hawkish,Veteran,Wyverns,The Forest,Solar,43.3,362,26,0.605,0.615,16,10,7938,3990,3948,16,12,24,59,27.1%,335.9,168.8,167.0,0.68,0.51,1.02,2.50,305.3,153.5,151.8,0.62,0.46,0.92,2.27,57,43,2.41,1.82,2.19,1.65
,,,Pre,Veteran,Spastics,The Quad Dynasty,Lunar,43.3,249,15,0.518,0.600,9,6,5290,3220,2070,14,9,19,42,33.3%,325.4,198.1,127.3,0.86,0.55,1.17,2.58,352.7,214.7,138.0,0.93,0.60,1.27,2.80,46,44,2.83,2.71,3.07,2.93
,,,Warrai711,Veteran,Gladiators,The Sovereign,Lunar,43.1,661,42,0.452,0.429,18,24,14388,8160,6228,34,20,53,111,30.6%,333.4,189.1,144.3,0.79,0.46,1.23,2.57,342.6,194.3,148.3,0.81,0.48,1.26,2.64,91,103,2.11,2.39,2.17,2.45
,,,Slycooperd3Mis3,Veteran,Atomic,Energy,Lunar,43.1,559,34,0.598,0.588,20,14,11365,6720,4645,21,28,46,92,22.8%,311.4,184.1,127.3,0.58,0.77,1.26,2.52,334.3,197.6,136.6,0.62,0.82,1.35,2.71,92,71,2.52,1.95,2.71,2.09
,,,Tomacasche,Veteran,Rollin Cannolis,The Bakery,Lunar,42.8,792,55,0.638,0.655,36,19,17434,9790,7644,32,31,78,114,28.1%,337.2,189.3,147.8,0.62,0.60,1.51,2.20,317.0,178.0,139.0,0.58,0.56,1.42,2.07,132,91,2.55,1.76,2.40,1.65
,,,Wolfocus,Veteran,Rockin Revenants,Ghoul School,Solar,42.7,431,29,0.599,0.586,17,12,9501,5350,4151,23,15,33,65,35.4%,337.6,190.1,147.5,0.82,0.53,1.17,2.31,327.6,184.5,143.1,0.79,0.52,1.14,2.24,69,53,2.45,1.88,2.38,1.83
,,,Iprofessorex,Veteran,Possessed,Destined,Solar,42.3,650,46,0.425,0.413,19,27,14724,7150,7574,22,17,62,100,22.0%,347.0,168.5,178.5,0.52,0.40,1.46,2.36,320.1,155.4,164.7,0.48,0.37,1.35,2.17,82,100,1.93,2.36,1.78,2.17
,,,Leaf.,Veteran,"Linguini Lancers
Cepheus","Italian Battalion
The Nexus",Solar,42.3,577,37,0.514,0.514,19,18,12705,7450,5255,32,15,51,95,33.7%,337.3,197.8,139.5,0.85,0.40,1.35,2.52,343.4,201.4,142.0,0.86,0.41,1.38,2.57,85,82,2.26,2.18,2.30,2.22
,,,Spliffy Puffins,Veteran,Gorillas,The Jungle,Solar,42.1,709,48,0.485,0.542,26,22,15914,8980,6934,39,22,59,103,37.9%,343.8,194.0,149.8,0.84,0.48,1.27,2.23,331.5,187.1,144.5,0.81,0.46,1.23,2.15,103,107,2.23,2.31,2.15,2.23
,,,Link,Veteran,Water,The Elements,Solar,41.8,687,42,0.535,0.595,25,17,13971,8490,5481,37,26,45,124,29.8%,311.5,189.3,122.2,0.82,0.58,1.00,2.76,332.6,202.1,130.5,0.88,0.62,1.07,2.95,121,111,2.70,2.47,2.88,2.64
,,,Dawn,Veteran,Supernova,The Cosmos,Lunar,41.4,183,12,0.290,0.167,2,10,4021,2330,1691,13,3,11,33,39.4%,336.5,195.0,141.5,1.09,0.25,0.92,2.76,335.1,194.2,140.9,1.08,0.25,0.92,2.75,27,46,2.26,3.85,2.25,3.83
,,,Slmrnchr,Veteran,Matadors,Ox Gaming,Solar,41.3,843,53,0.431,0.415,22,31,17616,9970,7646,39,31,62,142,27.5%,320.1,181.1,138.9,0.71,0.56,1.13,2.58,332.4,188.1,144.3,0.74,0.58,1.17,2.68,111,133,2.02,2.42,2.09,2.51
,,,Ryanawesome_,Veteran,Rockin Revenants,Ghoul School,Solar,40.8,842,59,0.487,0.475,28,31,18294,9900,8394,30,30,83,125,24.0%,332.8,180.1,152.7,0.55,0.55,1.51,2.27,310.1,167.8,142.3,0.51,0.51,1.41,2.12,109,113,1.98,2.06,1.85,1.92
,,,Blue Ncs,Veteran,Linguini Lancers,Italian Battalion,Lunar,40.7,634,41,0.351,0.317,13,28,13637,7170,6467,23,23,55,97,23.7%,329.5,173.2,156.2,0.56,0.56,1.33,2.34,332.6,174.9,157.7,0.56,0.56,1.34,2.37,73,109,1.76,2.63,1.78,2.66
,,,Wallaby Gangsta,Veteran,Grizzly Bears,The Bear Den,Lunar,40.6,930,61,0.565,0.590,36,25,19488,10990,8498,45,36,64,149,30.2%,321.0,181.0,140.0,0.74,0.59,1.05,2.45,319.5,180.2,139.3,0.74,0.59,1.05,2.44,155,131,2.55,2.16,2.54,2.15
,,,Humble Potato,Veteran,Cthulhu,The Mythos,Lunar,40.5,386,25,0.650,0.640,16,9,8196,4540,3656,15,15,34,59,25.4%,325.2,180.1,145.1,0.60,0.60,1.35,2.34,327.8,181.6,146.2,0.60,0.60,1.36,2.36,66,44,2.62,1.75,2.64,1.76
,,,Spiffy,Veteran,"Cthulhu
Spastics
Gladiators","The Mythos
The Quad Dynasty
The Sovereign",Lunar,40.2,222,15,0.712,0.733,11,4,4699,2560,2139,14,5,10,41,34.1%,324.2,176.6,147.6,0.97,0.34,0.69,2.83,313.3,170.7,142.6,0.93,0.33,0.67,2.73,40,22,2.76,1.52,2.67,1.47
,,,Tinyelephant,Veteran,"Spastics
Linguini Lancers
Typhoons","The Quad Dynasty
Italian Battalion
Storm",Lunar,40.0,770,50,0.351,0.300,15,35,16577,9430,7147,35,28,68,113,31.0%,329.7,187.6,142.2,0.70,0.56,1.35,2.25,331.5,188.6,142.9,0.70,0.56,1.36,2.26,102,150,2.03,2.98,2.04,3.00
,,,Tryhard Goblin,Veteran,Water,The Elements,Solar,39.4,143,10,0.516,0.500,5,5,3135,1710,1425,5,7,14,16,31.3%,335.8,183.2,152.6,0.54,0.75,1.50,1.71,313.5,171.0,142.5,0.50,0.70,1.40,1.60,27,26,2.89,2.78,2.70,2.60
,,,Heyzisthename11,Veteran,Possessed,Destined,Solar,39.3,552,40,0.366,0.350,14,26,11585,6250,5335,21,16,48,95,22.1%,321.5,173.4,148.0,0.58,0.44,1.33,2.64,289.6,156.3,133.4,0.53,0.40,1.20,2.38,65,93,1.80,2.58,1.63,2.33
,,,Cubby,Veteran,Linguini Lancers,Italian Battalion,Lunar,39.1,457,28,0.360,0.357,10,18,10108,5930,4178,22,14,48,63,34.9%,338.8,198.7,140.0,0.74,0.47,1.61,2.11,361.0,211.8,149.2,0.79,0.50,1.71,2.25,59,85,1.98,2.85,2.11,3.04
,,,Yeetn-Skeet,Veteran,Titanium,Metal,Solar,38.6,868,56,0.596,0.571,32,24,18314,9950,8364,37,30,68,135,27.4%,323.2,175.6,147.6,0.65,0.53,1.20,2.38,327.0,177.7,149.4,0.66,0.54,1.21,2.41,143,111,2.52,1.96,2.55,1.98
,,,Scrubbzy,Veteran,Lightning,Electric Mayhem,Lunar,37.7,66,4,0.500,0.750,3,1,1412,830,582,3,3,6,8,37.5%,327.7,192.6,135.1,0.70,0.70,1.39,1.86,353.0,207.5,145.5,0.75,0.75,1.50,2.00,10,10,2.32,2.32,2.50,2.50
,,,Tyyphoon454,Veteran,Lightning,Electric Mayhem,Lunar,37.3,813,51,0.414,0.431,22,29,16865,9230,7635,35,20,66,143,24.5%,317.7,173.9,143.8,0.66,0.38,1.24,2.69,330.7,181.0,149.7,0.69,0.39,1.29,2.80,107,134,2.02,2.52,2.10,2.63
,,,Tidepods_Sq,Veteran,Merciless Mob,The Syndicate,Lunar,36.6,579,36,0.391,0.389,14,22,12125,7050,5075,30,15,47,95,31.6%,320.8,186.5,134.3,0.79,0.40,1.24,2.51,336.8,195.8,141.0,0.83,0.42,1.31,2.64,76,101,2.01,2.67,2.11,2.81
,,,Stealthman777,Veteran,Hades,The Gods,Lunar,36.5,604,41,0.446,0.488,20,21,12707,6920,5787,25,19,51,92,27.2%,322.2,175.5,146.8,0.63,0.48,1.29,2.33,309.9,168.8,141.1,0.61,0.46,1.24,2.24,79,91,2.00,2.31,1.93,2.22
,,,S_Ckz,Veteran,Merciless Mob,The Syndicate,Lunar,36.4,645,41,0.516,0.488,20,21,13187,7370,5817,32,23,40,102,31.4%,313.1,175.0,138.1,0.76,0.55,0.95,2.42,321.6,179.8,141.9,0.78,0.56,0.98,2.49,98,94,2.33,2.23,2.39,2.29
,,,Ditto,Veteran,Lightning,Electric Mayhem,Lunar,36.1,1009,64,0.398,0.391,25,39,20941,11580,9361,46,32,76,158,29.1%,317.9,175.8,142.1,0.70,0.49,1.15,2.40,327.2,180.9,146.3,0.72,0.50,1.19,2.47,131,171,1.99,2.60,2.05,2.67
,,,Joeexotic,Veteran,"Gouda Gangsters
Humpbacks","Cheese Guild
Whale Defense",Solar,36.1,537,37,0.382,0.486,18,19,10939,5600,5339,18,17,41,90,20.0%,312.0,159.7,152.3,0.51,0.48,1.17,2.57,295.6,151.4,144.3,0.49,0.46,1.11,2.43,69,94,1.97,2.68,1.86,2.54
,,,Nully,Veteran,Gorillas,The Jungle,Solar,35.6,172,12,0.470,0.500,6,6,3720,2000,1720,6,7,17,20,30.0%,331.3,178.1,153.2,0.53,0.62,1.51,1.78,310.0,166.7,143.3,0.50,0.58,1.42,1.67,25,27,2.23,2.40,2.08,2.25
,,,Papi Tony,Veteran,Seadevils,The Abyss,Lunar,34.7,591,36,0.486,0.472,17,19,12135,6690,5445,22,12,57,104,21.2%,314.5,173.4,141.1,0.57,0.31,1.48,2.70,337.1,185.8,151.3,0.61,0.33,1.58,2.89,77,80,2.00,2.07,2.14,2.22
,,,Lastdark,Veteran,Calzones,Fifty-Fifty Pizzeria,Lunar,34.6,871,58,0.395,0.379,22,36,18535,10170,8365,42,26,69,122,34.4%,325.9,178.8,147.1,0.74,0.46,1.21,2.15,319.6,175.3,144.2,0.72,0.45,1.19,2.10,119,156,2.09,2.74,2.05,2.69
,,,Riddle,Veteran,Matadors,Ox Gaming,Solar,33.7,671,43,0.400,0.372,16,27,13533,6930,6603,25,16,49,118,21.2%,308.9,158.2,150.7,0.57,0.37,1.12,2.69,314.7,161.2,153.6,0.58,0.37,1.14,2.74,82,107,1.87,2.44,1.91,2.49
,,,5Pike,Veteran,Seadevils,The Abyss,Lunar,33.7,1008,61,0.533,0.508,31,30,20699,11560,9139,46,32,77,151,30.5%,314.5,175.7,138.9,0.70,0.49,1.17,2.29,339.3,189.5,149.8,0.75,0.52,1.26,2.48,141,129,2.14,1.96,2.31,2.11
,,,Whispr,Veteran,"Supernova
Water","The Cosmos
The Elements",Lunar,33.5,735,47,0.303,0.277,13,34,15933,8630,7303,32,24,67,88,36.4%,332.0,179.8,152.2,0.67,0.50,1.40,1.83,339.0,183.6,155.4,0.68,0.51,1.43,1.87,92,155,1.92,3.23,1.96,3.30
,,,Tuxedo Marx,Veteran,Gouda Gangsters,Cheese Guild,Solar,33.4,752,50,0.404,0.500,25,25,15416,8290,7126,27,26,64,109,24.8%,314.0,168.8,145.1,0.55,0.53,1.30,2.22,308.3,165.8,142.5,0.54,0.52,1.28,2.18,93,120,1.89,2.44,1.86,2.40
,,,Rebel,Veteran,Dobermans,Puppy Paradise,Solar,33.2,370,23,0.381,0.391,9,14,7905,4140,3765,17,11,28,49,34.7%,327.2,171.4,155.9,0.70,0.46,1.16,2.03,343.7,180.0,163.7,0.74,0.48,1.22,2.13,54,73,2.24,3.02,2.35,3.17
,,,Kousei,Veteran,Cthulhu,The Mythos,Lunar,32.9,57,4,0.500,0.250,1,3,1119,630,489,4,0,2,13,30.8%,300.7,169.3,131.4,1.07,0.00,0.54,3.49,279.8,157.5,122.3,1.00,0.00,0.50,3.25,8,8,2.15,2.15,2.00,2.00
,,,.Pass,Veteran,Cepheus,The Nexus,Solar,32.6,594,42,0.479,0.476,20,22,12042,6870,5172,26,20,48,87,29.9%,310.5,177.1,133.4,0.67,0.52,1.24,2.24,286.7,163.6,123.1,0.62,0.48,1.14,2.07,94,99,2.42,2.55,2.24,2.36
,,,Shai,Veteran,Supernova,The Cosmos,Lunar,32.0,657,43,0.292,0.233,10,33,13379,7160,6219,18,29,62,81,22.2%,311.9,166.9,145.0,0.42,0.68,1.45,1.89,311.1,166.5,144.6,0.42,0.67,1.44,1.88,88,151,2.05,3.52,2.05,3.51
,,,Tbonelul,Veteran,Gouda Gangsters,Cheese Guild,Solar,31.8,761,51,0.398,0.451,23,28,15114,7870,7244,28,29,50,112,25.0%,304.2,158.4,145.8,0.56,0.58,1.01,2.25,296.4,154.3,142.0,0.55,0.57,0.98,2.20,97,127,1.95,2.56,1.90,2.49
,,,Hoyci,Veteran,Peppers,The Garden,Solar,31.7,549,35,0.604,0.686,24,11,11309,6520,4789,24,22,47,67,35.8%,315.5,181.9,133.6,0.67,0.61,1.31,1.87,323.1,186.3,136.8,0.69,0.63,1.34,1.91,86,65,2.40,1.81,2.46,1.86
,,,Fishkiller,Veteran,Supernova,The Cosmos,Lunar,30.2,719,47,0.217,0.213,10,37,14946,7810,7136,24,18,70,101,23.8%,318.4,166.4,152.0,0.51,0.38,1.49,2.15,318.0,166.2,151.8,0.51,0.38,1.49,2.15,76,169,1.62,3.60,1.62,3.60
,,,Wild.,Veteran,Jaculus,Draconem,Solar,30.1,64,4,0.395,0.500,2,2,1242,550,692,0,5,5,5,0.0%,297.2,131.6,165.6,0.00,1.20,1.20,1.20,310.5,137.5,173.0,0.00,1.25,1.25,1.25,10,13,2.39,3.11,2.50,3.25
,,,Slam!,Veteran,Jaculus,Draconem,Solar,29.7,67,4,0.428,0.250,1,3,1410,910,500,4,3,6,6,66.7%,322.3,208.0,114.3,0.91,0.69,1.37,1.37,352.5,227.5,125.0,1.00,0.75,1.50,1.50,10,12,2.29,2.74,2.50,3.00
,,,Monty.,Veteran,Matadors,Ox Gaming,Solar,29.1,746,48,0.489,0.500,24,24,14655,8120,6535,26,26,63,107,24.3%,300.9,166.7,134.2,0.53,0.53,1.29,2.20,305.3,169.2,136.1,0.54,0.54,1.31,2.23,105,108,2.16,2.22,2.19,2.25
,,,Goose,Veteran,Typhoons,Storm,Solar,28.9,954,62,0.532,0.548,34,28,19281,11170,8111,48,25,75,137,35.0%,309.6,179.3,130.2,0.77,0.40,1.20,2.20,311.0,180.2,130.8,0.77,0.40,1.21,2.21,149,137,2.39,2.20,2.40,2.21
,,,Baldmanstreamer,Veteran,Gladiators,The Sovereign,Lunar,27.9,771,48,0.433,0.396,19,29,14877,8230,6647,26,24,65,118,22.0%,295.5,163.5,132.0,0.52,0.48,1.29,2.34,309.9,171.5,138.5,0.54,0.50,1.35,2.46,104,124,2.07,2.46,2.17,2.58
,,,Tdeez,Veteran,Supernova,The Cosmos,Lunar,27.7,358,24,0.272,0.250,6,18,7436,4420,3016,24,8,23,47,51.1%,318.1,189.1,129.0,1.03,0.34,0.98,2.01,309.8,184.2,125.7,1.00,0.33,0.96,1.96,50,90,2.14,3.85,2.08,3.75
,,,Sush,Veteran,Lightning,Electric Mayhem,Lunar,26.9,178,11,0.338,0.182,2,9,3436,1930,1506,9,2,12,33,27.3%,295.7,166.1,129.6,0.77,0.17,1.03,2.84,312.4,175.5,136.9,0.82,0.18,1.09,3.00,20,31,1.72,2.67,1.82,2.82
,,,Croptopolis,Veteran,Banshees,The Monster Mash,Lunar,26.4,281,20,0.471,0.550,11,9,5533,3010,2523,9,10,25,36,25.0%,301.6,164.1,137.5,0.49,0.55,1.36,1.96,276.7,150.5,126.2,0.45,0.50,1.25,1.80,38,41,2.07,2.23,1.90,2.05
,,,Wittinghalo64,Veteran,"Cepheus
Lightning
Gladiators","The Nexus
Electric Mayhem
The Sovereign",Solar,26.2,396,28,0.486,0.500,14,14,7661,3840,3821,14,9,27,64,21.9%,296.3,148.5,147.8,0.54,0.35,1.04,2.48,273.6,137.1,136.5,0.50,0.32,0.96,2.29,54,56,2.09,2.17,1.93,2.00
,,,Mxffyn,Veteran,Linguini Lancers,Italian Battalion,Lunar,26.0,821,53,0.341,0.302,16,37,16019,9110,6909,31,24,73,116,26.7%,298.9,170.0,128.9,0.58,0.45,1.36,2.16,302.2,171.9,130.4,0.58,0.45,1.38,2.19,104,158,1.94,2.95,1.96,2.98
,,,Iklutch All In,Veteran,Humpbacks,Whale Defense,Solar,25.5,428,26,0.317,0.269,7,19,8098,4250,3848,10,16,37,60,16.7%,289.8,152.1,137.7,0.36,0.57,1.32,2.15,311.5,163.5,148.0,0.38,0.62,1.42,2.31,53,86,1.90,3.08,2.04,3.31
,,,Le Duckz,Veteran,Calzones,Fifty-Fifty Pizzeria,Lunar,25.3,385,25,0.447,0.360,9,16,7087,4170,2917,18,12,23,62,29.0%,281.9,165.9,116.0,0.72,0.48,0.92,2.47,283.5,166.8,116.7,0.72,0.48,0.92,2.48,65,74,2.59,2.94,2.60,2.96
,,,Yoshi,Veteran,"Humpbacks
Dobermans
Possessed","Whale Defense
Puppy Paradise
Destined",Solar,23.4,441,29,0.383,0.345,10,19,8180,4450,3730,11,17,38,60,18.3%,284.1,154.6,129.5,0.38,0.59,1.32,2.08,282.1,153.4,128.6,0.38,0.59,1.31,2.07,59,80,2.05,2.78,2.03,2.76
,,,Nuke,Veteran,"Possessed
Titanium","Destined
Metal",Solar,23.2,539,36,0.398,0.333,12,24,10569,5460,5109,21,12,40,76,27.6%,300.3,155.2,145.2,0.60,0.34,1.14,2.16,293.6,151.7,141.9,0.58,0.33,1.11,2.11,68,89,1.93,2.53,1.89,2.47
,,,Hexic,Veteran,Humpbacks,Whale Defense,Solar,22.8,973,60,0.334,0.283,17,43,18830,10010,8820,43,27,61,131,32.8%,296.4,157.6,138.8,0.68,0.43,0.96,2.06,313.8,166.8,147.0,0.72,0.45,1.02,2.18,122,189,1.92,2.98,2.03,3.15
,,,Pwapp,Veteran,Gorillas,The Jungle,Solar,18.3,59,4,0.398,0.250,1,3,996,710,286,4,1,3,11,36.4%,258.6,184.3,74.2,1.04,0.26,0.78,2.86,249.0,177.5,71.5,1.00,0.25,0.75,2.75,11,14,2.86,3.63,2.75,3.50
,,,Sleepzey,Veteran,Possessed,Destined,Solar,17.6,149,11,0.393,0.455,5,6,2844,1310,1534,2,5,14,16,12.5%,292.4,134.7,157.7,0.21,0.51,1.44,1.64,258.5,119.1,139.5,0.18,0.45,1.27,1.45,14,19,1.44,1.95,1.27,1.73
,,,Lazaryo,Veteran,Dobermans,Puppy Paradise,Solar,16.0,492,32,0.400,0.438,14,18,8588,4820,3768,16,19,33,62,25.8%,267.4,150.1,117.3,0.50,0.59,1.03,1.93,268.4,150.6,117.8,0.50,0.59,1.03,1.94,73,94,2.27,2.93,2.28,2.94
,,,Thecroctopustv,Veteran,Banana Spiders,Eight Legged Freaks,Lunar,15.8,590,36,0.546,0.611,22,14,10323,5850,4473,20,19,42,80,25.0%,268.0,151.9,116.1,0.52,0.49,1.09,2.08,286.8,162.5,124.3,0.56,0.53,1.17,2.22,88,78,2.28,2.02,2.44,2.17
,,,Tearlessgoose21,Veteran,Supernova,The Cosmos,Lunar,9.9,117,8,0.058,0.000,0,8,2315,1060,1255,1,4,14,6,16.7%,303.1,138.8,164.3,0.13,0.52,1.83,0.79,289.4,132.5,156.9,0.13,0.50,1.75,0.75,6,34,0.79,4.45,0.75,4.25
,,,Paulie,Veteran,Hades,The Gods,Lunar,9.6,179,12,0.347,0.250,3,9,2838,1380,1458,2,5,13,28,7.1%,242.8,118.1,124.8,0.17,0.43,1.11,2.40,236.5,115.0,121.5,0.17,0.42,1.08,2.33,22,33,1.88,2.82,1.83,2.75
,,,Halfiehour,Veteran,Cepheus,The Nexus,Solar,7.2,55,4,0.260,0.250,1,3,881,370,511,0,2,4,7,0.0%,245.3,103.0,142.3,0.00,0.56,1.11,1.95,220.3,92.5,127.8,0.00,0.50,1.00,1.75,5,10,1.39,2.78,1.25,2.50
,,,Chronic Lies,Veteran,Linguini Lancers,Italian Battalion,Lunar,-7.3,253,17,0.274,0.176,3,14,3715,1750,1965,6,5,12,30,20.0%,224.9,105.9,119.0,0.36,0.30,0.73,1.82,218.5,102.9,115.6,0.35,0.29,0.71,1.76,28,52,1.70,3.15,1.65,3.06
,,,Pete Weber,Veteran,Typhoons,Storm,Solar,-8.2,166,12,0.470,0.417,5,7,2614,1270,1344,5,2,10,17,29.4%,241.2,117.2,124.0,0.46,0.18,0.92,1.57,217.8,105.8,112.0,0.42,0.17,0.83,1.42,25,27,2.31,2.49,2.08,2.25
,,,Squart,Veteran,Supernova,The Cosmos,Lunar,-12.9,248,16,0.089,0.125,2,14,4202,2060,2142,3,1,31,16,18.8%,259.5,127.2,132.3,0.19,0.06,1.91,0.99,262.6,128.8,133.9,0.19,0.06,1.94,1.00,16,68,0.99,4.20,1.00,4.25
,,,Bry456,Veteran,Lightning,Electric Mayhem,Lunar,-21.6,32,2,0.081,0.000,0,2,382,180,202,0,1,2,3,0.0%,182.8,86.2,96.7,0.00,0.48,0.96,1.44,191.0,90.0,101.0,0.00,0.50,1.00,1.50,2,9,0.96,4.31,1.00,4.50
,,,Rinuku,Rival,Polaris,The Cosmos,Lunar,103.2,1041,64,0.596,0.547,35,29,30174,18250,11924,95,50,69,280,33.9%,443.4,268.2,175.2,1.40,0.73,1.01,4.11,471.5,285.2,186.3,1.48,0.78,1.08,4.38,193,151,2.84,2.22,3.02,2.36
,,,Veoloux,Rival,Snicker Doobles,The Bakery,Lunar,95.9,510,34,0.755,0.824,28,6,14823,9090,5733,42,23,51,119,35.3%,444.6,272.6,171.9,1.26,0.69,1.53,3.57,436.0,267.4,168.6,1.24,0.68,1.50,3.50,110,54,3.30,1.62,3.24,1.59
,,,Notkyto,Rival,Ocelots,The Jungle,Solar,93.3,876,56,0.688,0.696,39,17,24925,15500,9425,74,43,80,195,37.9%,435.2,270.6,164.6,1.29,0.75,1.40,3.40,445.1,276.8,168.3,1.32,0.77,1.43,3.48,185,113,3.23,1.97,3.30,2.02
,,,Bas Radala,Rival,"Chromium
Phantoms","Metal
The Monster Mash",Solar,91.0,857,49,0.655,0.612,30,19,23741,15020,8721,76,30,72,232,32.8%,423.7,268.1,155.7,1.36,0.54,1.29,4.14,484.5,306.5,178.0,1.55,0.61,1.47,4.73,161,107,2.87,1.91,3.29,2.18
,,,Creme,Rival,"Wind
Surge","The Elements
Electric Mayhem",Solar,89.6,112,8,0.611,0.625,5,3,2854,1590,1264,6,5,8,34,17.6%,389.8,217.1,172.6,0.82,0.68,1.09,4.64,356.8,198.8,158.0,0.75,0.63,1.00,4.25,20,15,2.73,2.05,2.50,1.88
,,,Storm,Rival,Lu-Kthu,The Mythos,Lunar,88.2,46,4,0.876,0.750,3,1,1320,770,550,4,1,4,12,33.3%,438.9,256.0,182.9,1.33,0.33,1.33,3.99,330.0,192.5,137.5,1.00,0.25,1.00,3.00,8,2,2.66,0.67,2.00,0.50
,,,Fluffles,Rival,Necrotic Nerds,Ghoul School,Solar,85.0,367,24,0.645,0.667,16,8,10494,6470,4024,33,14,35,72,45.8%,437.4,269.7,167.7,1.38,0.58,1.46,3.00,437.3,269.6,167.7,1.38,0.58,1.46,3.00,74,51,3.08,2.13,3.08,2.13
,,,Austination123,Rival,Dalmatians,Puppy Paradise,Solar,80.8,809,56,0.651,0.625,35,21,21890,12890,9000,61,33,69,169,36.1%,413.9,243.7,170.2,1.15,0.62,1.30,3.20,390.9,230.2,160.7,1.09,0.59,1.23,3.02,145,97,2.74,1.83,2.59,1.73
,,,Banthisone2,Rival,Fangtooths,The Abyss,Lunar,79.4,686,46,0.657,0.609,28,18,19265,11270,7995,44,22,88,137,32.1%,429.6,251.3,178.3,0.98,0.49,1.96,3.05,418.8,245.0,173.8,0.96,0.48,1.91,2.98,103,66,2.30,1.47,2.24,1.43
,,,Hannandgrenade,Rival,Ruthless Racket,The Syndicate,Lunar,77.9,886,59,0.582,0.576,34,25,23989,13770,10219,57,34,92,177,32.2%,414.1,237.7,176.4,0.98,0.59,1.59,3.06,406.6,233.4,173.2,0.97,0.58,1.56,3.00,144,116,2.49,2.00,2.44,1.97
,,,Spider,Rival,Hot Wings,Fifty-Fifty Pizzeria,Lunar,77.4,615,37,0.496,0.568,21,16,16267,9210,7057,33,33,64,106,31.1%,404.6,229.1,175.5,0.82,0.82,1.59,2.64,439.6,248.9,190.7,0.89,0.89,1.73,2.86,95,96,2.36,2.39,2.57,2.59
,,,Turboalpaca,Rival,Vikings,The Sovereign,Lunar,76.4,66,4,0.417,0.250,1,3,1981,1160,821,6,1,8,11,54.5%,459.1,268.8,190.3,1.39,0.23,1.85,2.55,495.3,290.0,205.3,1.50,0.25,2.00,2.75,8,10,1.85,2.32,2.00,2.50
,,,Qx5Z,Rival,"Surge
Hot Wings","Electric Mayhem
Fifty-Fifty Pizzeria",Lunar,76.0,382,26,0.374,0.462,12,14,10923,6460,4463,29,9,48,71,40.8%,437.4,258.7,178.7,1.16,0.36,1.92,2.84,420.1,248.5,171.7,1.12,0.35,1.85,2.73,56,77,2.24,3.08,2.15,2.96
,,,Illusionngg,Rival,Lacuna,Event Horizon,Solar,74.9,790,51,0.637,0.686,35,16,19560,11470,8090,48,44,58,157,30.6%,378.7,222.1,156.6,0.93,0.85,1.12,3.04,383.5,224.9,158.6,0.94,0.86,1.14,3.08,150,105,2.90,2.03,2.94,2.06
,,,Helix1.0,Rival,Cursed,Destined,Solar,74.0,643,42,0.712,0.762,32,10,16988,10000,6988,35,34,76,100,35.0%,404.1,237.9,166.2,0.83,0.81,1.81,2.38,404.5,238.1,166.4,0.83,0.81,1.81,2.38,116,64,2.76,1.52,2.76,1.52
,,,Regularlyjones,Rival,Ocelots,The Jungle,Solar,73.0,891,58,0.653,0.655,38,20,22140,12910,9230,56,47,65,171,32.7%,380.1,221.6,158.5,0.96,0.81,1.12,2.94,381.7,222.6,159.1,0.97,0.81,1.12,2.95,181,122,3.11,2.09,3.12,2.10
,,,The_Peskiest,Rival,Necrotic Nerds,Ghoul School,Solar,71.8,906,59,0.601,0.644,38,21,23415,13970,9445,57,41,92,162,35.2%,395.3,235.9,159.5,0.96,0.69,1.55,2.74,396.9,236.8,160.1,0.97,0.69,1.56,2.75,161,124,2.72,2.09,2.73,2.10
,,,Zloczz-,Rival,Cursed,Destined,Solar,70.9,525,35,0.591,0.629,22,13,12675,7370,5305,32,27,35,107,29.9%,369.3,214.7,154.6,0.93,0.79,1.02,3.12,362.1,210.6,151.6,0.91,0.77,1.00,3.06,91,72,2.65,2.10,2.60,2.06
,,,Touchrl,Rival,Fangtooths,The Abyss,Lunar,70.8,860,59,0.591,0.542,32,27,21683,12820,8863,58,34,71,177,32.8%,385.7,228.0,157.6,1.03,0.60,1.26,3.15,367.5,217.3,150.2,0.98,0.58,1.20,3.00,135,106,2.40,1.89,2.29,1.80
,,,Debt,Rival,Necrotic Nerds,Ghoul School,Solar,68.7,813,54,0.596,0.630,34,20,19649,11740,7909,53,35,59,174,30.5%,369.7,220.9,148.8,1.00,0.66,1.11,3.27,363.9,217.4,146.5,0.98,0.65,1.09,3.22,141,110,2.65,2.07,2.61,2.04
,,,Bioeffect,Rival,Radiant,Energy,Lunar,68.5,49,4,0.669,0.500,2,2,1073,510,563,2,3,1,11,18.2%,335.0,159.2,175.7,0.62,0.94,0.31,3.43,268.3,127.5,140.8,0.50,0.75,0.25,2.75,8,5,2.50,1.56,2.00,1.25
,,,Dunnie14,Rival,Dalmatians,Puppy Paradise,Solar,68.0,922,64,0.610,0.578,37,27,22714,12780,9934,52,39,76,183,28.4%,376.8,212.0,164.8,0.86,0.65,1.26,3.04,354.9,199.7,155.2,0.81,0.61,1.19,2.86,155,116,2.57,1.92,2.42,1.81
,,,Ryan.,Rival,"Ruthless Racket
Longhorns","The Syndicate
Ox Gaming",Solar,67.3,539,38,0.558,0.605,23,15,13423,7200,6223,35,17,34,115,30.4%,380.9,204.3,176.6,0.99,0.48,0.96,3.26,353.2,189.5,163.8,0.92,0.45,0.89,3.03,95,82,2.70,2.33,2.50,2.16
,,,Viiiccc,Rival,Snicker Doobles,The Bakery,Lunar,65.7,752,49,0.669,0.694,34,15,19631,11720,7911,48,30,86,112,42.9%,399.3,238.4,160.9,0.98,0.61,1.75,2.28,400.6,239.2,161.4,0.98,0.61,1.76,2.29,144,92,2.93,1.87,2.94,1.88
,,,Synkz Ψ,Rival,Phantoms,The Monster Mash,Lunar,65.1,102,7,0.403,0.429,3,4,2782,1450,1332,6,1,12,20,30.0%,417.2,217.4,199.7,0.90,0.15,1.80,3.00,397.4,207.1,190.3,0.86,0.14,1.71,2.86,14,18,2.10,2.70,2.00,2.57
,,,Thereal.Potato,Rival,Blizzards,Storm,Solar,64.8,866,56,0.477,0.464,26,30,22464,12820,9644,54,26,92,152,35.5%,396.8,226.4,170.3,0.95,0.46,1.62,2.68,401.1,228.9,172.2,0.96,0.46,1.64,2.71,131,139,2.31,2.46,2.34,2.48
,,,Reccoonn,Rival,Snicker Doobles,The Bakery,Lunar,64.7,883,57,0.673,0.737,42,15,21772,12610,9162,51,41,80,146,34.9%,377.2,218.4,158.7,0.88,0.71,1.39,2.53,382.0,221.2,160.7,0.89,0.72,1.40,2.56,168,106,2.91,1.84,2.95,1.86
,,,Lupitowey.,Rival,Carrots,The Garden,Solar,63.8,792,50,0.589,0.640,32,18,19115,11250,7865,44,35,73,145,30.3%,369.2,217.3,151.9,0.85,0.68,1.41,2.80,382.3,225.0,157.3,0.88,0.70,1.46,2.90,130,103,2.51,1.99,2.60,2.06
,,,Donkmedaddy,Rival,Polar Bears,The Bear Den,Lunar,63.3,925,60,0.489,0.517,31,29,23565,13820,9745,54,35,104,147,36.7%,389.7,228.5,161.1,0.89,0.58,1.72,2.43,392.8,230.3,162.4,0.90,0.58,1.73,2.45,148,152,2.45,2.51,2.47,2.53
,,,Redsteel43Br,Rival,Hammerheads,Shark Attack,Lunar,62.8,951,59,0.484,0.424,25,34,23383,12910,10473,55,24,83,206,26.7%,376.1,207.6,168.4,0.88,0.39,1.33,3.31,396.3,218.8,177.5,0.93,0.41,1.41,3.49,137,143,2.20,2.30,2.32,2.42
,,,Shoddywolfman-,Rival,Lu-Kthu,The Mythos,Lunar,62.8,763,50,0.514,0.560,28,22,19026,11570,7456,46,27,85,137,33.6%,381.4,231.9,149.5,0.92,0.54,1.70,2.75,380.5,231.4,149.1,0.92,0.54,1.70,2.74,114,110,2.29,2.21,2.28,2.20
,,,Soulxnz,Rival,Radiant,Energy,Lunar,62.7,898,62,0.466,0.516,32,30,22109,12690,9419,54,31,81,169,32.0%,376.6,216.2,160.4,0.92,0.53,1.38,2.88,356.6,204.7,151.9,0.87,0.50,1.31,2.73,133,145,2.27,2.47,2.15,2.34
,,,Going_Steddy,Rival,Lu-Kthu,The Mythos,Lunar,61.8,892,59,0.593,0.610,36,23,21497,12050,9447,45,37,82,160,28.1%,368.6,206.6,162.0,0.77,0.63,1.41,2.74,364.4,204.2,160.1,0.76,0.63,1.39,2.71,142,111,2.44,1.90,2.41,1.88
,,,Lazlough,Rival,Swiss Swindlers,Cheese Guild,Solar,61.1,805,53,0.616,0.604,32,21,19979,11380,8599,48,23,78,153,31.4%,379.6,216.2,163.4,0.91,0.44,1.48,2.91,377.0,214.7,162.2,0.91,0.43,1.47,2.89,136,100,2.58,1.90,2.57,1.89
,,,R0Xy-_-,Rival,Mozza Marauders,Italian Battalion,Lunar,60.5,917,54,0.616,0.574,31,23,21022,12310,8712,51,42,67,176,29.0%,350.7,205.3,145.3,0.85,0.70,1.12,2.94,389.3,228.0,161.3,0.94,0.78,1.24,3.26,160,118,2.67,1.97,2.96,2.19
,,,Thirteen_1313,Rival,Mozza Marauders,Italian Battalion,Lunar,60.3,874,52,0.600,0.577,30,22,20211,12340,7871,53,36,70,174,30.5%,353.7,216.0,137.8,0.93,0.63,1.23,3.05,388.7,237.3,151.4,1.02,0.69,1.35,3.35,153,118,2.68,2.07,2.94,2.27
,,,Irishhhh,Rival,Carrots,The Garden,Solar,59.9,803,53,0.595,0.604,32,21,19330,11340,7990,50,28,69,149,33.6%,368.2,216.0,152.2,0.95,0.53,1.31,2.84,364.7,214.0,150.8,0.94,0.53,1.30,2.81,136,106,2.59,2.02,2.57,2.00
,,,Impavv,Rival,Blizzards,Storm,Solar,59.3,140,10,0.632,0.600,6,4,3225,1900,1325,7,10,11,15,46.7%,352.4,207.6,144.8,0.76,1.09,1.20,1.64,322.5,190.0,132.5,0.70,1.00,1.10,1.50,28,20,3.06,2.19,2.80,2.00
,,,Shewasntready,Rival,Bowheads,Whale Defense,Solar,58.5,900,60,0.405,0.467,28,32,21048,11960,9088,45,36,80,166,27.1%,357.7,203.3,154.5,0.76,0.61,1.36,2.82,350.8,199.3,151.5,0.75,0.60,1.33,2.77,122,156,2.07,2.65,2.03,2.60
,,,Fetiv,Rival,Swiss Swindlers,Cheese Guild,Solar,58.4,703,47,0.578,0.553,26,21,17427,9700,7727,38,21,73,120,31.7%,379.2,211.1,168.1,0.83,0.46,1.59,2.61,370.8,206.4,164.4,0.81,0.45,1.55,2.55,114,93,2.48,2.02,2.43,1.98
,,,Friendbrady,Rival,Lacuna,Event Horizon,Solar,58.2,986,64,0.610,0.609,39,25,22211,13030,9181,60,39,61,203,29.6%,344.6,202.1,142.4,0.93,0.61,0.95,3.15,347.0,203.6,143.5,0.94,0.61,0.95,3.17,173,130,2.68,2.02,2.70,2.03
,,,Ac3Kill762,Rival,Peppermint,Minty Fresh,Solar,57.6,730,49,0.420,0.388,19,30,17424,10520,6904,47,18,68,152,30.9%,365.1,220.4,144.7,0.98,0.38,1.42,3.18,355.6,214.7,140.9,0.96,0.37,1.39,3.10,100,123,2.10,2.58,2.04,2.51
,,,Chung,Rival,Scorpius,The Nexus,Solar,57.5,774,52,0.408,0.423,22,30,18844,10550,8294,40,26,79,130,30.8%,372.4,208.5,163.9,0.79,0.51,1.56,2.57,362.4,202.9,159.5,0.77,0.50,1.52,2.50,104,132,2.06,2.61,2.00,2.54
,,,Fluffy-Death,Rival,Vikings,The Sovereign,Lunar,57.3,362,25,0.456,0.480,12,13,8339,5020,3319,24,16,24,62,38.7%,352.4,212.1,140.2,1.01,0.68,1.01,2.62,333.6,200.8,132.8,0.96,0.64,0.96,2.48,61,68,2.58,2.87,2.44,2.72
,,,Rootbear,Rival,Swiss Swindlers,Cheese Guild,Solar,57.3,796,53,0.557,0.566,30,23,18108,9970,8138,34,45,63,117,29.1%,348.0,191.6,156.4,0.65,0.86,1.21,2.25,341.7,188.1,153.5,0.64,0.85,1.19,2.21,123,106,2.36,2.04,2.32,2.00
,,,Bodian,Rival,Dalmatians,Puppy Paradise,Solar,57.0,852,60,0.628,0.600,36,24,19833,10100,9733,35,36,67,145,24.1%,356.1,181.3,174.7,0.63,0.65,1.20,2.60,330.6,168.3,162.2,0.58,0.60,1.12,2.42,146,104,2.62,1.87,2.43,1.73
,,,Matrixzthebad,Rival,Cursed,Destined,Solar,56.9,925,61,0.629,0.656,40,21,21473,12280,9193,55,32,68,178,30.9%,355.1,203.1,152.0,0.91,0.53,1.12,2.94,352.0,201.3,150.7,0.90,0.52,1.11,2.92,159,113,2.63,1.87,2.61,1.85
,,,Suckiest Sucker,Rival,Surge,Electric Mayhem,Lunar,56.4,284,20,0.291,0.200,4,16,6748,3480,3268,13,12,23,43,30.2%,363.4,187.4,176.0,0.70,0.65,1.24,2.32,337.4,174.0,163.4,0.65,0.60,1.15,2.15,35,61,1.89,3.29,1.75,3.05
,,,Nahzey,Rival,Vikings,The Sovereign,Lunar,55.9,772,50,0.555,0.580,29,21,16824,9760,7064,38,41,51,136,27.9%,333.3,193.4,140.0,0.75,0.81,1.01,2.69,336.5,195.2,141.3,0.76,0.82,1.02,2.72,140,122,2.77,2.42,2.80,2.44
,,,Impalerv,Rival,Hot Wings,Fifty-Fifty Pizzeria,Lunar,55.8,1055,64,0.465,0.516,33,31,25591,15010,10581,60,28,114,191,31.4%,371.0,217.6,153.4,0.87,0.41,1.65,2.77,399.9,234.5,165.3,0.94,0.44,1.78,2.98,149,163,2.16,2.36,2.33,2.55
,,,Cjax,Rival,Longhorns,Ox Gaming,Solar,55.5,832,55,0.424,0.400,22,33,19750,11170,8580,38,31,89,137,27.7%,363.1,205.4,157.7,0.70,0.57,1.64,2.52,359.1,203.1,156.0,0.69,0.56,1.62,2.49,121,147,2.22,2.70,2.20,2.67
,,,Partyshark.,Rival,Wind,The Elements,Solar,55.3,250,17,0.325,0.176,3,14,6220,3430,2790,12,9,29,33,36.4%,380.6,209.9,170.7,0.73,0.55,1.77,2.02,365.9,201.8,164.1,0.71,0.53,1.71,1.94,33,52,2.02,3.18,1.94,3.06
,,,Rpgesus.,Rival,"Polaris
Swiss Swindlers
Snicker Doobles
Anubis","The Cosmos
Cheese Guild
The Bakery
The Gods",Lunar,55.0,627,41,0.546,0.463,19,22,15150,8500,6650,33,19,64,105,31.4%,369.6,207.4,162.2,0.81,0.46,1.56,2.56,369.5,207.3,162.2,0.80,0.46,1.56,2.56,96,85,2.34,2.07,2.34,2.07
,,,Blizzyy,Rival,"Werewolves
Chromium","The Forest
Metal",Solar,54.0,522,35,0.411,0.371,13,22,12164,6830,5334,26,19,48,88,29.5%,356.4,200.1,156.3,0.76,0.56,1.41,2.58,347.5,195.1,152.4,0.74,0.54,1.37,2.51,74,93,2.17,2.73,2.11,2.66
,,,Prismback.,Rival,Polar Bears,The Bear Den,Lunar,53.9,865,56,0.533,0.536,30,26,19719,11340,8379,47,36,68,144,32.6%,348.7,200.5,148.2,0.83,0.64,1.20,2.55,352.1,202.5,149.6,0.84,0.64,1.21,2.57,149,137,2.63,2.42,2.66,2.45
,,,Redline,Rival,"Surge
Hammerheads
Scorpius","Electric Mayhem
Shark Attack
The Nexus",Lunar,53.2,181,12,0.413,0.500,6,6,4127,2290,1837,9,11,13,19,47.4%,348.8,193.5,155.2,0.76,0.93,1.10,1.61,343.9,190.8,153.1,0.75,0.92,1.08,1.58,29,36,2.45,3.04,2.42,3.00
,,,Dread.,Rival,"Anubis
Phantoms
Wolf Spiders","The Gods
The Monster Mash
Eight Legged Freaks",Lunar,53.1,864,58,0.430,0.448,26,32,20557,11170,9387,47,21,77,157,29.9%,363.9,197.8,166.2,0.83,0.37,1.36,2.78,354.4,192.6,161.8,0.81,0.36,1.33,2.71,113,136,2.00,2.41,1.95,2.34
,,,King,Rival,Vikings,The Sovereign,Lunar,52.8,920,60,0.543,0.567,34,26,21038,11610,9428,54,32,60,161,33.5%,349.8,193.0,156.8,0.90,0.53,1.00,2.68,350.6,193.5,157.1,0.90,0.53,1.00,2.68,166,149,2.76,2.48,2.77,2.48
,,,Laguna,Rival,Quads,The Quad Dynasty,Lunar,52.0,961,59,0.474,0.492,29,30,21603,12350,9253,43,40,89,160,26.9%,343.8,196.6,147.3,0.68,0.64,1.42,2.55,366.2,209.3,156.8,0.73,0.68,1.51,2.71,143,153,2.28,2.44,2.42,2.59
,,,Tharealdub,Rival,"Vikings
Chromium","The Sovereign
Metal",Lunar,51.8,477,31,0.389,0.419,13,18,10881,6480,4401,29,18,38,78,37.2%,348.9,207.8,141.1,0.93,0.58,1.22,2.50,351.0,209.0,142.0,0.94,0.58,1.23,2.52,76,100,2.44,3.21,2.45,3.23
,,,Sabre,Rival,Werewolves,The Forest,Solar,51.6,824,52,0.410,0.423,22,30,18710,10250,8460,38,32,70,135,28.1%,347.3,190.3,157.0,0.71,0.59,1.30,2.51,359.8,197.1,162.7,0.73,0.62,1.35,2.60,116,146,2.15,2.71,2.23,2.81
,,,Daggumbigfoot,Rival,"Wyrm
Werewolves","Draconem
The Forest",Solar,51.5,495,31,0.485,0.516,16,15,11467,6730,4737,26,18,49,78,33.3%,354.3,208.0,146.4,0.80,0.56,1.51,2.41,369.9,217.1,152.8,0.84,0.58,1.58,2.52,74,77,2.29,2.38,2.39,2.48
,,,Donyvan,Rival,Wyrm,Draconem,Solar,51.2,969,61,0.492,0.541,33,28,22512,13440,9072,58,28,91,169,34.3%,355.4,212.2,143.2,0.92,0.44,1.44,2.67,369.0,220.3,148.7,0.95,0.46,1.49,2.77,140,143,2.21,2.26,2.30,2.34
,,,Z2Kay,Rival,Ocelots,The Jungle,Solar,50.8,790,52,0.691,0.692,36,16,16774,10120,6654,46,38,45,137,33.6%,324.8,195.9,128.8,0.89,0.74,0.87,2.65,322.6,194.6,128.0,0.88,0.73,0.87,2.63,161,97,3.12,1.88,3.10,1.87
,,,Reeky,Rival,Lacuna,Event Horizon,Solar,50.7,633,40,0.591,0.550,22,18,14480,7810,6670,33,21,48,106,31.1%,349.9,188.7,161.2,0.80,0.51,1.16,2.56,362.0,195.3,166.8,0.83,0.53,1.20,2.65,103,81,2.49,1.96,2.58,2.03
,,,D__E__R__K,Rival,Carrots,The Garden,Solar,49.6,649,46,0.553,0.565,26,20,14718,8560,6158,36,26,54,96,37.5%,346.9,201.7,145.1,0.85,0.61,1.27,2.26,320.0,186.1,133.9,0.78,0.57,1.17,2.09,111,97,2.62,2.29,2.41,2.11
,,,Hyper,Rival,Chromium,Metal,Solar,49.4,739,44,0.577,0.545,24,20,15447,9190,6257,32,40,56,119,26.9%,319.7,190.2,129.5,0.66,0.83,1.16,2.46,351.1,208.9,142.2,0.73,0.91,1.27,2.70,129,106,2.67,2.19,2.93,2.41
,,,Thenoobishlord,Rival,Radiant,Energy,Lunar,49.3,335,24,0.514,0.625,15,9,7316,4040,3276,17,11,23,64,26.6%,334.0,184.5,149.6,0.78,0.50,1.05,2.92,304.8,168.3,136.5,0.71,0.46,0.96,2.67,57,55,2.60,2.51,2.38,2.29
,,,Wendeezfofofo,Rival,Snicker Doobles,The Bakery,Lunar,48.8,630,41,0.617,0.683,28,13,14710,8610,6100,36,19,62,96,37.5%,357.1,209.0,148.1,0.87,0.46,1.51,2.33,358.8,210.0,148.8,0.88,0.46,1.51,2.34,105,77,2.55,1.87,2.56,1.88
,,,Darkstorm77,Rival,Bowheads,Whale Defense,Solar,48.6,263,17,0.355,0.353,6,11,6358,3790,2568,16,6,30,39,41.0%,369.8,220.4,149.4,0.93,0.35,1.74,2.27,374.0,222.9,151.1,0.94,0.35,1.76,2.29,35,51,2.04,2.97,2.06,3.00
,,,Rock Funk.,Rival,Hammerheads,Shark Attack,Lunar,48.5,700,47,0.470,0.426,20,27,15264,8320,6944,26,32,61,107,24.3%,333.5,181.8,151.7,0.57,0.70,1.33,2.34,324.8,177.0,147.7,0.55,0.68,1.30,2.28,97,105,2.12,2.29,2.06,2.23
,,,Enceyy,Rival,"Chromium
Vikings","Metal
The Sovereign",Lunar,48.3,753,47,0.542,0.532,25,22,16145,9370,6775,43,30,45,132,32.6%,328.0,190.3,137.6,0.87,0.61,0.91,2.68,343.5,199.4,144.1,0.91,0.64,0.96,2.81,128,115,2.60,2.34,2.72,2.45
,,,Drips,Rival,Cursed,Destined,Solar,48.0,718,49,0.625,0.653,32,17,16240,9590,6650,41,24,63,114,36.0%,346.0,204.3,141.7,0.87,0.51,1.34,2.43,331.4,195.7,135.7,0.84,0.49,1.29,2.33,124,89,2.64,1.90,2.53,1.82
,,,Rednovaultimate,Rival,Lacuna,Event Horizon,Solar,47.9,549,37,0.588,0.568,21,16,11390,6600,4790,32,17,27,120,26.7%,317.3,183.9,133.5,0.89,0.47,0.75,3.34,307.8,178.4,129.5,0.86,0.46,0.73,3.24,93,74,2.59,2.06,2.51,2.00
,,,Hayhay,Rival,Blizzards,Storm,Solar,47.2,969,64,0.495,0.484,31,33,21430,12350,9080,49,39,81,145,33.8%,338.3,194.9,143.3,0.77,0.62,1.28,2.29,334.8,193.0,141.9,0.77,0.61,1.27,2.27,149,151,2.35,2.38,2.33,2.36
,,,T Sant,Rival,Ruthless Racket,The Syndicate,Lunar,47.2,406,28,0.500,0.500,14,14,8816,4800,4016,19,13,30,75,25.3%,332.1,180.8,151.3,0.72,0.49,1.13,2.83,314.9,171.4,143.4,0.68,0.46,1.07,2.68,61,61,2.30,2.30,2.18,2.18
,,,Cob,Rival,Werewolves,The Forest,Solar,46.7,973,60,0.459,0.483,29,31,21321,12200,9121,48,37,80,155,31.0%,335.2,191.8,143.4,0.75,0.58,1.26,2.44,355.4,203.3,152.0,0.80,0.62,1.33,2.58,145,161,2.28,2.53,2.42,2.68
,,,The Instigant,Rival,Scorpius,The Nexus,Solar,46.5,678,45,0.414,0.400,18,27,15433,8350,7083,31,24,62,95,32.6%,348.2,188.4,159.8,0.70,0.54,1.40,2.14,343.0,185.6,157.4,0.69,0.53,1.38,2.11,92,115,2.08,2.59,2.04,2.56
,,,Heaaavy,Rival,Polaris,The Cosmos,Lunar,46.3,409,26,0.598,0.538,14,12,8581,4970,3611,20,15,29,77,26.0%,320.9,185.9,135.0,0.75,0.56,1.08,2.88,330.0,191.2,138.9,0.77,0.58,1.12,2.96,71,55,2.66,2.06,2.73,2.12
,,,Jj.Dunbar,Rival,Quads,The Quad Dynasty,Lunar,45.9,337,22,0.396,0.318,7,15,7641,4180,3461,17,8,30,58,29.3%,346.8,189.7,157.1,0.77,0.36,1.36,2.63,347.3,190.0,157.3,0.77,0.36,1.36,2.64,45,59,2.04,2.68,2.05,2.68
,,,Hisen,Rival,Ruthless Racket,The Syndicate,Lunar,45.7,835,55,0.576,0.564,31,24,17677,10380,7297,34,37,76,133,25.6%,323.8,190.1,133.7,0.62,0.68,1.39,2.44,321.4,188.7,132.7,0.62,0.67,1.38,2.42,133,109,2.44,2.00,2.42,1.98
,,,Willy Doo,Rival,Carrots,The Garden,Solar,45.4,660,43,0.540,0.558,24,19,14263,7940,6323,29,24,55,109,26.6%,330.6,184.0,146.5,0.67,0.56,1.27,2.53,331.7,184.7,147.0,0.67,0.56,1.28,2.53,100,90,2.32,2.09,2.33,2.09
,,,Modoz,Rival,Wyrm,Draconem,Solar,45.3,762,50,0.493,0.560,28,22,16227,8460,7767,27,30,60,126,21.4%,325.7,169.8,155.9,0.54,0.60,1.20,2.53,324.5,169.2,155.3,0.54,0.60,1.20,2.52,113,115,2.27,2.31,2.26,2.30
,,,Derrrrrrrrp,Rival,Blizzards,Storm,Solar,45.2,908,60,0.500,0.500,30,30,20188,11570,8618,39,32,94,137,28.5%,340.1,194.9,145.2,0.66,0.54,1.58,2.31,336.5,192.8,143.6,0.65,0.53,1.57,2.28,138,138,2.32,2.32,2.30,2.30
,,,R00Sh-E,Rival,Lu-Kthu,The Mythos,Lunar,45.1,448,33,0.529,0.576,19,14,9667,4860,4807,17,17,32,71,23.9%,330.1,165.9,164.1,0.58,0.58,1.09,2.42,292.9,147.3,145.7,0.52,0.52,0.97,2.15,70,65,2.39,2.22,2.12,1.97
,,,Wriitzy,Rival,Wyrm,Draconem,Solar,45.0,665,43,0.531,0.581,25,18,14409,8500,5909,33,25,58,105,31.4%,331.4,195.5,135.9,0.76,0.58,1.33,2.42,335.1,197.7,137.4,0.77,0.58,1.35,2.44,102,94,2.35,2.16,2.37,2.19
,,,Velocifaptor,Rival,Wind,The Elements,Solar,45.0,57,4,0.841,1.000,4,0,1341,810,531,4,2,5,6,66.7%,359.9,217.4,142.5,1.07,0.54,1.34,1.61,335.3,202.5,132.8,1.00,0.50,1.25,1.50,12,4,3.22,1.07,3.00,1.00
,,,San X Finesse,Rival,Peppermint,Minty Fresh,Solar,43.1,833,56,0.383,0.357,20,36,18070,9360,8710,29,33,73,116,25.0%,331.8,171.9,159.9,0.53,0.61,1.34,2.13,322.7,167.1,155.5,0.52,0.59,1.30,2.07,110,149,2.02,2.74,1.96,2.66
,,,Justlaben,Rival,Werewolves,The Forest,Solar,43.0,815,51,0.503,0.549,28,23,18399,10760,7639,38,26,91,111,34.2%,345.3,201.9,143.4,0.71,0.49,1.71,2.08,360.8,211.0,149.8,0.75,0.51,1.78,2.18,126,125,2.36,2.35,2.47,2.45
,,,Sthen0 -_-,Rival,Swiss Swindlers,Cheese Guild,Solar,42.5,591,38,0.548,0.526,20,18,12043,7170,4873,35,23,30,102,34.3%,311.7,185.6,126.1,0.91,0.60,0.78,2.64,316.9,188.7,128.2,0.92,0.61,0.79,2.68,94,83,2.43,2.15,2.47,2.18
,,,Am,Rival,Radiant,Energy,Lunar,42.4,888,62,0.472,0.516,32,30,19556,10990,8566,46,25,75,139,33.1%,336.9,189.3,147.6,0.79,0.43,1.29,2.39,315.4,177.3,138.2,0.74,0.40,1.21,2.24,132,142,2.27,2.45,2.13,2.29
,,,Redfire0817,Rival,Ruthless Racket,The Syndicate,Lunar,41.9,628,42,0.576,0.571,24,18,13310,7410,5900,34,21,39,101,33.7%,324.2,180.5,143.7,0.83,0.51,0.95,2.46,316.9,176.4,140.5,0.81,0.50,0.93,2.40,99,81,2.41,1.97,2.36,1.93
,,,Galvarino,Rival,Polar Bears,The Bear Den,Lunar,41.7,803,51,0.506,0.529,27,24,17402,9510,7892,41,29,57,111,36.9%,331.5,181.2,150.3,0.78,0.55,1.09,2.11,341.2,186.5,154.7,0.80,0.57,1.12,2.18,133,131,2.53,2.50,2.61,2.57
,,,Funke,Rival,Bowheads,Whale Defense,Solar,41.5,785,54,0.399,0.481,26,28,15984,8940,7044,36,30,50,134,26.9%,311.5,174.2,137.3,0.70,0.58,0.97,2.61,296.0,165.6,130.4,0.67,0.56,0.93,2.48,108,140,2.10,2.73,2.00,2.59
,,,Xlmlt,Rival,Scorpius,The Nexus,Solar,41.3,509,36,0.357,0.361,13,23,10890,6310,4580,24,18,45,76,31.6%,327.3,189.6,137.6,0.72,0.54,1.35,2.28,302.5,175.3,127.2,0.67,0.50,1.25,2.11,70,101,2.10,3.04,1.94,2.81
,,,Aztk_,Rival,Quads,The Quad Dynasty,Lunar,40.0,819,50,0.481,0.520,26,24,16250,9650,6600,38,30,57,150,25.3%,303.5,180.2,123.3,0.71,0.56,1.06,2.80,325.0,193.0,132.0,0.76,0.60,1.14,3.00,121,127,2.26,2.37,2.42,2.54
,,,Dr.Ukulele,Rival,Surge,Electric Mayhem,Lunar,39.6,894,62,0.297,0.306,19,43,19975,10880,9095,39,25,91,118,33.1%,341.8,186.2,155.6,0.67,0.43,1.56,2.02,322.2,175.5,146.7,0.63,0.40,1.47,1.90,113,193,1.93,3.30,1.82,3.11
,,,Dephin3D,Rival,Anubis,The Gods,Lunar,39.1,502,34,0.363,0.353,12,22,10786,6000,4786,21,15,48,75,28.0%,328.7,182.8,145.8,0.64,0.46,1.46,2.29,317.2,176.5,140.8,0.62,0.44,1.41,2.21,62,89,1.89,2.71,1.82,2.62
,,,Djras1996,Rival,Hot Wings,Fifty-Fifty Pizzeria,Lunar,38.9,891,54,0.459,0.519,28,26,18864,10270,8594,41,27,69,137,29.9%,323.8,176.3,147.5,0.70,0.46,1.18,2.35,349.3,190.2,159.1,0.76,0.50,1.28,2.54,123,137,2.11,2.35,2.28,2.54
,,,Garretbax,Rival,Longhorns,Ox Gaming,Solar,38.8,597,40,0.467,0.475,19,21,12442,6840,5602,26,21,46,89,29.2%,318.8,175.3,143.5,0.67,0.54,1.18,2.28,311.1,171.0,140.1,0.65,0.53,1.15,2.23,91,99,2.33,2.54,2.28,2.48
,,,Decky.,Rival,Polaris,The Cosmos,Lunar,38.2,1041,64,0.596,0.547,35,29,20398,12160,8238,52,43,62,171,30.4%,299.7,178.7,121.0,0.76,0.63,0.91,2.51,318.7,190.0,128.7,0.81,0.67,0.97,2.67,193,151,2.84,2.22,3.02,2.36
,,,Chulainn,Rival,Wind,The Elements,Solar,37.8,804,55,0.311,0.273,15,40,17148,9490,7658,37,23,69,119,31.1%,326.2,180.5,145.7,0.70,0.44,1.31,2.26,311.8,172.5,139.2,0.67,0.42,1.25,2.16,98,162,1.86,3.08,1.78,2.95
,,,Ziggy.,Rival,Scorpius,The Nexus,Solar,37.4,778,51,0.377,0.333,17,34,16075,8600,7475,28,29,65,110,25.5%,316.0,169.1,147.0,0.55,0.57,1.28,2.16,315.2,168.6,146.6,0.55,0.57,1.27,2.16,104,143,2.04,2.81,2.04,2.80
,,,Quaice,Rival,Anubis,The Gods,Lunar,37.4,526,36,0.442,0.444,16,20,11254,6130,5124,16,20,58,63,25.4%,327.3,178.3,149.0,0.47,0.58,1.69,1.83,312.6,170.3,142.3,0.44,0.56,1.61,1.75,74,86,2.15,2.50,2.06,2.39
,,,Nitro,Rival,Mozza Marauders,Italian Battalion,Lunar,36.9,859,52,0.557,0.500,26,26,16874,10100,6774,41,30,60,150,27.3%,300.5,179.8,120.6,0.73,0.53,1.07,2.67,324.5,194.2,130.3,0.79,0.58,1.15,2.88,138,119,2.46,2.12,2.65,2.29
,,,Treedreams,Rival,Quads,The Quad Dynasty,Lunar,36.4,922,57,0.473,0.491,28,29,19145,11320,7825,53,23,67,152,34.9%,317.6,187.8,129.8,0.88,0.38,1.11,2.52,335.9,198.6,137.3,0.93,0.40,1.18,2.67,137,147,2.27,2.44,2.40,2.58
,,,Pwapp,Rival,Ocelots,The Jungle,Solar,36.3,382,25,0.562,0.520,13,12,7948,4630,3318,24,9,23,63,38.1%,318.3,185.4,132.9,0.96,0.36,0.92,2.52,317.9,185.2,132.7,0.96,0.36,0.92,2.52,69,59,2.76,2.36,2.76,2.36
,,,47Lmao,Rival,Mozza Marauders,Italian Battalion,Lunar,36.2,566,34,0.471,0.441,15,19,10971,6420,4551,31,17,28,107,29.0%,296.5,173.5,123.0,0.84,0.46,0.76,2.89,322.7,188.8,133.9,0.91,0.50,0.82,3.15,77,83,2.08,2.24,2.26,2.44
,,,Ivighost,Rival,Phantoms,The Monster Mash,Lunar,35.9,672,42,0.332,0.310,13,29,13935,7650,6285,23,21,66,100,23.0%,317.2,174.1,143.1,0.52,0.48,1.50,2.28,331.8,182.1,149.6,0.55,0.50,1.57,2.38,82,128,1.87,2.91,1.95,3.05
,,,Fryder,Rival,Wind,The Elements,Solar,35.8,781,53,0.261,0.189,10,43,17274,9220,8054,32,21,81,92,34.8%,338.3,180.6,157.7,0.63,0.41,1.59,1.80,325.9,174.0,152.0,0.60,0.40,1.53,1.74,84,163,1.65,3.19,1.58,3.08
,,,Iamhoba,Rival,Anubis,The Gods,Lunar,35.7,753,53,0.437,0.453,24,29,15775,8150,7625,30,18,61,120,25.0%,320.4,165.6,154.9,0.61,0.37,1.24,2.44,297.6,153.8,143.9,0.57,0.34,1.15,2.26,99,117,2.01,2.38,1.87,2.21
,,,Ryo <3,Rival,Phantoms,The Monster Mash,Lunar,35.7,547,36,0.381,0.333,12,24,10989,6350,4639,25,17,42,90,27.8%,307.3,177.6,129.7,0.70,0.48,1.17,2.52,305.3,176.4,128.9,0.69,0.47,1.17,2.50,75,102,2.10,2.85,2.08,2.83
,,,Datdude0623,Rival,Bowheads,Whale Defense,Solar,35.3,365,25,0.346,0.440,11,14,7639,3660,3979,11,11,30,51,21.6%,320.1,153.4,166.7,0.46,0.46,1.26,2.14,305.6,146.4,159.2,0.44,0.44,1.20,2.04,40,61,1.68,2.56,1.60,2.44
,,,Langille_21,Rival,"Wind
Wyrm","The Elements
Draconem",Solar,35.0,507,32,0.339,0.313,10,22,10484,5800,4684,21,15,44,75,28.0%,316.3,175.0,141.3,0.63,0.45,1.33,2.26,327.6,181.3,146.4,0.66,0.47,1.38,2.34,62,95,1.87,2.87,1.94,2.97
,,,Heca,Rival,Fangtooths,The Abyss,Lunar,35.0,751,50,0.582,0.540,27,23,14676,7670,7006,20,31,60,112,17.9%,298.9,156.2,142.7,0.41,0.63,1.22,2.28,293.5,153.4,140.1,0.40,0.62,1.20,2.24,111,89,2.26,1.81,2.22,1.78
,,,Xblaniac,Rival,"Lu-Kthu
Cursed
Chromium
Ruthless Racket
Bowheads
Necrotic Nerds","The Mythos
Destined
Metal
The Syndicate
Whale Defense
Ghoul School",Solar,35.0,371,22,0.383,0.318,7,15,7750,4340,3410,20,10,26,54,37.0%,319.5,178.9,140.6,0.82,0.41,1.07,2.23,352.3,197.3,155.0,0.91,0.45,1.18,2.45,51,69,2.10,2.84,2.32,3.14
,,,Brockin_Out,Rival,Polar Bears,The Bear Den,Lunar,34.6,287,19,0.387,0.421,8,11,6064,3470,2594,14,7,26,42,33.3%,323.2,184.9,138.3,0.75,0.37,1.39,2.24,319.2,182.6,136.5,0.74,0.37,1.37,2.21,38,51,2.03,2.72,2.00,2.68
,,,Pant,Rival,Surge,Electric Mayhem,Lunar,34.1,28,2,0.108,0.000,0,2,672,440,232,1,0,6,4,25.0%,367.1,240.4,126.7,0.55,0.00,3.28,2.19,336.0,220.0,116.0,0.50,0.00,3.00,2.00,3,10,1.64,5.46,1.50,5.00
,,,Mattviaairwaves,Rival,Peppermint,Minty Fresh,Solar,33.9,593,40,0.355,0.350,14,26,12415,6530,5885,23,16,52,83,27.7%,320.2,168.4,151.8,0.59,0.41,1.34,2.14,310.4,163.3,147.1,0.58,0.40,1.30,2.08,72,106,1.86,2.73,1.80,2.65
,,,Jojomojo13,Rival,Chromium,Metal,Solar,33.8,942,55,0.593,0.545,30,25,18287,10850,7437,46,35,61,145,31.7%,296.9,176.2,120.8,0.75,0.57,0.99,2.35,332.5,197.3,135.2,0.84,0.64,1.11,2.64,170,134,2.76,2.18,3.09,2.44
,,,Nizzlepls,Rival,Hammerheads,Shark Attack,Lunar,31.8,89,4,0.559,0.500,2,2,1641,1030,611,5,4,4,13,38.5%,282.0,177.0,105.0,0.86,0.69,0.69,2.23,410.3,257.5,152.8,1.25,1.00,1.00,3.25,14,12,2.41,2.06,3.50,3.00
,,,Ghostie,Rival,Wolf Spiders,Eight Legged Freaks,Lunar,31.7,909,61,0.337,0.361,22,39,19034,9800,9234,31,23,87,120,25.8%,320.3,164.9,155.4,0.52,0.39,1.46,2.02,312.0,160.7,151.4,0.51,0.38,1.43,1.97,100,156,1.68,2.63,1.64,2.56
,,,Scias,Rival,Lu-Kthu,The Mythos,Lunar,31.4,646,42,0.479,0.452,19,23,13326,6800,6526,28,14,47,95,29.5%,315.5,161.0,154.5,0.66,0.33,1.11,2.25,317.3,161.9,155.4,0.67,0.33,1.12,2.26,88,93,2.08,2.20,2.10,2.21
,,,Frizz,Rival,"Longhorns
Vikings","Ox Gaming
The Sovereign",Solar,31.2,321,22,0.367,0.364,8,14,6353,3410,2943,11,12,26,41,26.8%,302.7,162.5,140.2,0.52,0.57,1.24,1.95,288.8,155.0,133.8,0.50,0.55,1.18,1.86,44,62,2.10,2.95,2.00,2.82
,,,Superduperbam,Rival,"Quads
Scorpius","The Quad Dynasty
The Nexus",Lunar,30.4,126,8,0.444,0.500,4,4,2292,1270,1022,6,6,4,17,35.3%,278.2,154.2,124.1,0.73,0.73,0.49,2.06,286.5,158.8,127.8,0.75,0.75,0.50,2.13,20,23,2.43,2.79,2.50,2.88
,,,Drprofessornoah,Rival,Fangtooths,The Abyss,Lunar,29.1,459,33,0.478,0.424,14,19,8750,4700,4050,18,16,29,65,27.7%,291.6,156.6,135.0,0.60,0.53,0.97,2.17,265.2,142.4,122.7,0.55,0.48,0.88,1.97,69,73,2.30,2.43,2.09,2.21
,,,Tragic Event,Rival,Longhorns,Ox Gaming,Solar,29.1,685,45,0.394,0.400,18,27,14041,7900,6141,38,14,49,95,40.0%,313.5,176.4,137.1,0.85,0.31,1.09,2.12,312.0,175.6,136.5,0.84,0.31,1.09,2.11,92,121,2.05,2.70,2.04,2.69
,,,Tryhard Goblin,Rival,Wind,The Elements,Solar,28.9,607,42,0.314,0.238,10,32,12764,6360,6404,16,18,65,61,26.2%,321.6,160.3,161.4,0.40,0.45,1.64,1.54,303.9,151.4,152.5,0.38,0.43,1.55,1.45,71,117,1.79,2.95,1.69,2.79
,,,Mysty,Rival,Radiant,Energy,Lunar,28.2,65,5,0.080,0.000,0,5,1443,590,853,0,2,9,4,0.0%,339.6,138.8,200.7,0.00,0.47,2.12,0.94,288.6,118.0,170.6,0.00,0.40,1.80,0.80,3,15,0.71,3.53,0.60,3.00
,,,Jean_Christ,Rival,Bowheads,Whale Defense,Solar,28.1,470,32,0.447,0.469,15,17,9535,5090,4445,18,14,41,54,33.3%,310.3,165.7,144.7,0.59,0.46,1.33,1.76,298.0,159.1,138.9,0.56,0.44,1.28,1.69,68,78,2.21,2.54,2.13,2.44
,,,Vega,Rival,Hammerheads,Shark Attack,Lunar,27.5,790,50,0.418,0.360,18,32,14445,8240,6205,30,29,52,119,25.2%,279.7,159.5,120.1,0.58,0.56,1.01,2.30,288.9,164.8,124.1,0.60,0.58,1.04,2.38,104,129,2.01,2.50,2.08,2.58
,,,Ttv_Nova_Ghostfy,Rival,Wolf Spiders,Eight Legged Freaks,Lunar,26.8,540,35,0.302,0.343,12,23,11199,6130,5069,18,9,63,73,24.7%,317.2,173.6,143.6,0.51,0.25,1.78,2.07,320.0,175.1,144.8,0.51,0.26,1.80,2.09,54,94,1.53,2.66,1.54,2.69
,,,Sweetnlow120,Rival,Peppermint,Minty Fresh,Solar,25.6,688,47,0.444,0.404,19,28,13585,7150,6435,27,15,55,95,28.4%,302.0,159.0,143.1,0.60,0.33,1.22,2.11,289.0,152.1,136.9,0.57,0.32,1.17,2.02,96,111,2.13,2.47,2.04,2.36
,,,Avgjohnson,Rival,"Phantoms
Anubis","The Monster Mash
The Gods",Lunar,25.5,730,49,0.350,0.327,16,33,14035,7650,6385,31,18,52,105,29.5%,294.1,160.3,133.8,0.65,0.38,1.09,2.20,286.4,156.1,130.3,0.63,0.37,1.06,2.14,81,122,1.70,2.56,1.65,2.49
,,,Beanie_92,Rival,Snicker Doobles,The Bakery,Lunar,23.2,64,4,0.189,0.250,1,3,1128,650,478,3,2,3,10,30.0%,269.6,155.3,114.2,0.72,0.48,0.72,2.39,282.0,162.5,119.5,0.75,0.50,0.75,2.50,6,15,1.43,3.58,1.50,3.75
,,,Norcho Rivers,Rival,Hammerheads,Shark Attack,Lunar,23.1,446,28,0.414,0.286,8,20,8477,4680,3797,20,10,31,63,31.7%,290.7,160.5,130.2,0.69,0.34,1.06,2.16,302.8,167.1,135.6,0.71,0.36,1.11,2.25,60,75,2.06,2.57,2.14,2.68
,,,Dinnindu,Rival,Surge,Electric Mayhem,Lunar,23.1,33,2,0.042,0.000,0,2,571,310,261,0,1,4,6,0.0%,264.7,143.7,121.0,0.00,0.46,1.85,2.78,285.5,155.0,130.5,0.00,0.50,2.00,3.00,1,8,0.46,3.71,0.50,4.00
,,,Bill Nye The Cat Guy,Rival,Necrotic Nerds,Ghoul School,Solar,22.8,789,51,0.525,0.549,28,23,13676,7290,6386,24,37,42,94,25.5%,265.1,141.3,123.8,0.47,0.72,0.81,1.82,268.2,142.9,125.2,0.47,0.73,0.82,1.84,128,120,2.48,2.33,2.51,2.35
,,,Pooka2854,Rival,Phantoms,The Monster Mash,Lunar,22.6,724,48,0.348,0.271,13,35,13653,7470,6183,31,15,51,107,29.0%,288.4,157.8,130.6,0.65,0.32,1.08,2.26,284.4,155.6,128.8,0.65,0.31,1.06,2.23,86,129,1.82,2.73,1.79,2.69
,,,Zachs Vibes,Rival,Wolf Spiders,Eight Legged Freaks,Lunar,21.2,724,48,0.396,0.375,18,30,14148,8080,6068,26,17,76,83,31.3%,298.9,170.7,128.2,0.55,0.36,1.61,1.75,294.8,168.3,126.4,0.54,0.35,1.58,1.73,88,116,1.86,2.45,1.83,2.42
,,,Anserem,Rival,Surge,Electric Mayhem,Lunar,19.7,582,41,0.349,0.341,14,27,11260,5840,5420,18,17,53,54,33.3%,295.9,153.5,142.4,0.47,0.45,1.39,1.42,274.6,142.4,132.2,0.44,0.41,1.29,1.32,77,114,2.02,3.00,1.88,2.78
,,,Carnagewolfbite,Rival,Hot Wings,Fifty-Fifty Pizzeria,Lunar,19.3,557,34,0.471,0.471,16,18,10203,4940,5263,13,19,42,59,22.0%,280.2,135.7,144.5,0.36,0.52,1.15,1.62,300.1,145.3,154.8,0.38,0.56,1.24,1.74,77,83,2.11,2.28,2.26,2.44
,,,Squart,Rival,Polaris,The Cosmos,Lunar,16.6,420,26,0.556,0.577,15,11,7322,3940,3382,14,14,27,49,28.6%,266.7,143.5,123.2,0.51,0.51,0.98,1.78,281.6,151.5,130.1,0.54,0.54,1.04,1.88,77,67,2.80,2.44,2.96,2.58
,,,Osoghost,Rival,"Radiant
Cursed","Energy
Destined",Lunar,14.7,549,37,0.406,0.405,15,22,9941,5320,4621,14,17,51,52,26.9%,277.0,148.2,128.7,0.39,0.47,1.42,1.45,268.7,143.8,124.9,0.38,0.46,1.38,1.41,71,91,1.98,2.54,1.92,2.46
,,,Bigchebbz,Rival,Dalmatians,Puppy Paradise,Solar,14.5,183,12,0.323,0.250,3,9,3071,1530,1541,7,4,7,28,25.0%,256.7,127.9,128.8,0.59,0.33,0.59,2.34,255.9,127.5,128.4,0.58,0.33,0.58,2.33,19,31,1.59,2.59,1.58,2.58
,,,Sleepzey,Rival,Surge,Electric Mayhem,Lunar,9.9,235,15,0.215,0.333,5,10,4033,1930,2103,5,5,18,28,17.9%,262.5,125.6,136.9,0.33,0.33,1.17,1.82,268.9,128.7,140.2,0.33,0.33,1.20,1.87,24,54,1.56,3.51,1.60,3.60
,,,Struttrl,Rival,"Wolf Spiders
Phantoms","Eight Legged Freaks
The Monster Mash",Lunar,9.3,584,39,0.208,0.205,8,31,10346,5380,4966,17,9,51,68,25.0%,271.0,140.9,130.1,0.45,0.24,1.34,1.78,265.3,137.9,127.3,0.44,0.23,1.31,1.74,55,129,1.44,3.38,1.41,3.31
,,,Twistedhydro,Rival,Surge,Electric Mayhem,Lunar,-2.2,11,1,0.049,0.000,0,1,194,60,134,0,0,1,1,0.0%,269.8,83.4,186.3,0.00,0.00,1.39,1.39,194.0,60.0,134.0,0.00,0.00,1.00,1.00,1,5,1.39,6.95,1.00,5.00
,,,Tragic Upset,Rival,"Surge
Ocelots","Electric Mayhem
The Jungle",Lunar,-2.3,130,9,0.132,0.000,0,9,2131,930,1201,4,1,7,13,30.8%,250.7,109.4,141.3,0.47,0.12,0.82,1.53,236.8,103.3,133.4,0.44,0.11,0.78,1.44,11,35,1.29,4.12,1.22,3.89
,,,Coop,Rival,Blizzards,Storm,Solar,-3.2,24,2,0.086,0.000,0,2,355,90,265,0,0,1,4,0.0%,226.3,57.4,168.9,0.00,0.00,0.64,2.55,177.5,45.0,132.5,0.00,0.00,0.50,2.00,1,5,0.64,3.19,0.50,2.50
,,,Nc Ajax,Rival,Radiant,Energy,Lunar,-36.6,20,1,0.102,0.000,0,1,164,130,34,1,0,0,3,33.3%,125.4,99.4,26.0,0.76,0.00,0.00,2.29,164.0,130.0,34.0,1.00,0.00,0.00,3.00,2,7,1.53,5.35,2.00,7.00
,,,Dorphin 2Ez,Rival,Surge,Electric Mayhem,Lunar,-52.2,56,4,0.146,0.000,0,4,428,90,338,0,0,1,4,0.0%,116.9,24.6,92.3,0.00,0.00,0.27,1.09,107.0,22.5,84.5,0.00,0.00,0.25,1.00,6,17,1.64,4.64,1.50,4.25
,,,The Chef!,Prospect,Iron,Metal,Solar,89.2,782,52,0.745,0.712,37,15,22136,13480,8656,62,41,67,188,33.0%,399.2,243.1,156.1,1.12,0.74,1.21,3.39,425.7,259.2,166.5,1.19,0.79,1.29,3.62,170,85,3.07,1.53,3.27,1.63
,,,Dyl,Prospect,Barbarians,The Sovereign,Lunar,86.1,659,47,0.644,0.638,30,17,19250,11400,7850,51,32,66,140,36.4%,411.9,243.9,168.0,1.09,0.68,1.41,3.00,409.6,242.6,167.0,1.09,0.68,1.40,2.98,134,92,2.87,1.97,2.85,1.96
,,,Abeillonnaise,Prospect,"Pyrausta
Earth","Draconem
The Elements",Solar,82.0,106,8,0.573,0.625,5,3,2667,1660,1007,8,8,5,21,38.1%,354.8,220.8,134.0,1.06,1.06,0.67,2.79,333.4,207.5,125.9,1.00,1.00,0.63,2.63,25,21,3.33,2.79,3.13,2.63
,,,Mayorh (Mute),Prospect,"Pyrausta
Bokrug","Draconem
The Mythos",Solar,78.5,68,6,0.820,0.667,4,2,2285,1330,955,8,0,8,13,61.5%,473.8,275.8,198.0,1.66,0.00,1.66,2.70,380.8,221.7,159.2,1.33,0.00,1.33,2.17,18,7,3.73,1.45,3.00,1.17
,,,Chazzthedr,Prospect,Beagles,Puppy Paradise,Solar,77.7,690,47,0.493,0.468,22,25,20133,11490,8643,57,16,68,159,35.8%,411.4,234.8,176.6,1.16,0.33,1.39,3.25,428.4,244.5,183.9,1.21,0.34,1.45,3.38,108,110,2.21,2.25,2.30,2.34
,,,Thefrostnl,Prospect,Bokrug,The Mythos,Lunar,76.3,564,40,0.516,0.500,20,20,15837,9150,6687,39,26,58,105,37.1%,396.0,228.8,167.2,0.98,0.65,1.45,2.63,395.9,228.8,167.2,0.98,0.65,1.45,2.63,98,94,2.45,2.35,2.45,2.35
,,,Tan The Man 1107,Prospect,Cherried Crepes,The Bakery,Lunar,75.7,563,39,0.569,0.615,24,15,15992,8940,7052,35,16,67,129,27.1%,400.5,223.9,176.6,0.88,0.40,1.68,3.23,410.1,229.2,180.8,0.90,0.41,1.72,3.31,88,73,2.20,1.83,2.26,1.87
,,,Parmeseanzo,Prospect,Muenster Misfits,Cheese Guild,Solar,75.5,623,44,0.636,0.705,31,13,17273,9730,7543,39,24,66,133,29.3%,391.0,220.2,170.7,0.88,0.54,1.49,3.01,392.6,221.1,171.4,0.89,0.55,1.50,3.02,102,70,2.31,1.58,2.32,1.59
,,,Afoxypancake,Prospect,Pushwalkers,The Quad Dynasty,Lunar,75.0,719,52,0.619,0.596,31,21,19934,12150,7784,60,28,66,145,41.4%,390.9,238.3,152.7,1.18,0.55,1.29,2.84,383.3,233.7,149.7,1.15,0.54,1.27,2.79,143,105,2.80,2.06,2.75,2.02
,,,Yig'S #1 Cheerleader,Prospect,Pepperoni Pizza,Fifty-Fifty Pizzeria,Lunar,71.5,716,52,0.509,0.519,27,25,18993,10250,8743,42,34,60,135,31.1%,374.1,201.9,172.2,0.83,0.67,1.18,2.66,365.3,197.1,168.1,0.81,0.65,1.15,2.60,128,125,2.52,2.46,2.46,2.40
,,,Firefly3616,Prospect,Spearmint,Minty Fresh,Solar,70.4,388,30,0.506,0.500,15,15,9691,5350,4341,21,20,29,80,26.3%,352.2,194.4,157.8,0.76,0.73,1.05,2.91,323.0,178.3,144.7,0.70,0.67,0.97,2.67,61,60,2.22,2.18,2.03,2.00
,,,Enygmah,Prospect,Kali,The Gods,Lunar,69.2,712,50,0.617,0.640,32,18,19421,11580,7841,60,16,64,158,38.0%,384.6,229.3,155.3,1.19,0.32,1.27,3.13,388.4,231.6,156.8,1.20,0.32,1.28,3.16,131,96,2.59,1.90,2.62,1.92
,,,Jme,Prospect,"Kali
Pushwalkers","The Gods
The Quad Dynasty",Lunar,68.1,535,36,0.661,0.694,25,11,14343,8070,6273,33,20,55,102,32.4%,378.0,212.7,165.3,0.87,0.53,1.45,2.69,398.4,224.2,174.3,0.92,0.56,1.53,2.83,98,63,2.58,1.66,2.72,1.75
,,,Mntnd3Wme,Prospect,Spearmint,Minty Fresh,Solar,66.5,542,41,0.564,0.561,23,18,13966,7520,6446,32,23,43,102,31.4%,363.4,195.6,167.7,0.83,0.60,1.12,2.65,340.6,183.4,157.2,0.78,0.56,1.05,2.49,90,76,2.34,1.98,2.20,1.85
,,,Shazampoof,Prospect,Earth,The Elements,Solar,66.3,646,46,0.489,0.522,24,22,17275,9800,7475,39,25,70,115,33.9%,377.1,213.9,163.2,0.85,0.55,1.53,2.51,375.5,213.0,162.5,0.85,0.54,1.52,2.50,104,107,2.27,2.34,2.26,2.33
,,,I Love Cuse,Prospect,Pushwalkers,The Quad Dynasty,Lunar,65.3,503,36,0.679,0.722,26,10,12544,7420,5124,37,25,32,87,42.5%,351.7,208.0,143.6,1.04,0.70,0.90,2.44,348.4,206.1,142.3,1.03,0.69,0.89,2.42,112,70,3.14,1.96,3.11,1.94
,,,Zippythegnome,Prospect,Barbarians,The Sovereign,Lunar,65.2,599,43,0.630,0.628,27,16,15367,9200,6167,45,26,47,105,42.9%,361.8,216.6,145.2,1.06,0.61,1.11,2.47,357.4,214.0,143.4,1.05,0.60,1.09,2.44,118,84,2.78,1.98,2.74,1.95
,,,Lxploitl,Prospect,Gemini,The Nexus,Solar,65.2,350,24,0.397,0.333,8,16,9339,5300,4039,24,8,35,75,32.0%,376.3,213.5,162.7,0.97,0.32,1.41,3.02,389.1,220.8,168.3,1.00,0.33,1.46,3.13,48,63,1.93,2.54,2.00,2.63
,,,Calichromatic,Prospect,Pyrausta,Draconem,Solar,64.1,313,23,0.458,0.435,10,13,7760,4410,3350,17,12,29,66,25.8%,349.6,198.7,150.9,0.77,0.54,1.31,2.97,337.4,191.7,145.7,0.74,0.52,1.26,2.87,42,47,1.89,2.12,1.83,2.04
,,,Spookyoldguy749,Prospect,Iron,Metal,Solar,63.6,669,43,0.707,0.698,30,13,16779,10570,6209,56,24,49,132,42.4%,353.7,222.8,130.9,1.18,0.51,1.03,2.78,390.2,245.8,144.4,1.30,0.56,1.14,3.07,138,78,2.91,1.64,3.21,1.81
,,,Olepetty,Prospect,Pyrausta,Draconem,Solar,63.3,502,35,0.605,0.571,20,15,11798,7130,4668,30,24,38,103,29.1%,331.4,200.3,131.1,0.84,0.67,1.07,2.89,337.1,203.7,133.4,0.86,0.69,1.09,2.94,91,69,2.56,1.94,2.60,1.97
,,,Nacho,Prospect,Pepperoni Pizza,Fifty-Fifty Pizzeria,Lunar,61.4,652,47,0.517,0.532,25,22,15829,9400,6429,49,19,42,145,33.8%,342.3,203.3,139.0,1.06,0.41,0.91,3.14,336.8,200.0,136.8,1.04,0.40,0.89,3.09,115,110,2.49,2.38,2.45,2.34
,,,Dafiya711,Prospect,Bokrug,The Mythos,Lunar,60.5,427,31,0.465,0.452,14,17,10160,5940,4220,28,21,27,74,37.8%,335.5,196.2,139.4,0.92,0.69,0.89,2.44,327.7,191.6,136.1,0.90,0.68,0.87,2.39,77,84,2.54,2.77,2.48,2.71
,,,Goldenkiwi.,Prospect,Iron,Metal,Solar,58.3,704,48,0.770,0.729,35,13,15390,8790,6600,33,41,43,129,25.6%,308.3,176.1,132.2,0.66,0.82,0.86,2.58,320.6,183.1,137.5,0.69,0.85,0.90,2.69,159,73,3.18,1.46,3.31,1.52
,,,Onlypandasrl,Prospect,Blobfish,The Abyss,Lunar,58.0,372,24,0.519,0.458,11,13,8527,4980,3547,23,16,23,73,31.5%,323.2,188.8,134.5,0.87,0.61,0.87,2.77,355.3,207.5,147.8,0.96,0.67,0.96,3.04,63,60,2.39,2.27,2.63,2.50
,,,Ttv Bluntkng,Prospect,"Dark Matter
Kali","The Cosmos
The Gods",Lunar,57.6,426,32,0.551,0.563,18,14,10685,6580,4105,31,16,40,68,45.6%,353.7,217.8,135.9,1.03,0.53,1.32,2.25,333.9,205.6,128.3,0.97,0.50,1.25,2.13,73,64,2.42,2.12,2.28,2.00
,,,Xxblindbeastxx,Prospect,Undead,Destined,Solar,56.6,705,50,0.450,0.520,26,24,17228,9460,7768,38,25,63,126,30.2%,344.6,189.2,155.4,0.76,0.50,1.26,2.52,344.6,189.2,155.4,0.76,0.50,1.26,2.52,108,123,2.16,2.46,2.16,2.46
,,,Squirrel,Prospect,Pulse,Energy,Lunar,56.1,387,30,0.402,0.433,13,17,9724,5050,4674,22,14,31,60,36.7%,354.3,184.0,170.3,0.80,0.51,1.13,2.19,324.1,168.3,155.8,0.73,0.47,1.03,2.00,60,77,2.19,2.81,2.00,2.57
,,,Shinxx403,Prospect,Green Beans,The Garden,Solar,55.8,636,41,0.529,0.537,22,19,14554,8090,6464,29,28,52,119,24.4%,322.7,179.4,143.3,0.64,0.62,1.15,2.64,355.0,197.3,157.7,0.71,0.68,1.27,2.90,94,87,2.08,1.93,2.29,2.12
,,,Gameymcgamertag,Prospect,Spearmint,Minty Fresh,Solar,55.4,555,42,0.560,0.548,23,19,13174,6800,6374,25,23,44,95,26.3%,334.7,172.8,161.9,0.64,0.58,1.12,2.41,313.7,161.9,151.8,0.60,0.55,1.05,2.26,88,75,2.24,1.91,2.10,1.79
,,,Fudansynder,Prospect,Barbarians,The Sovereign,Lunar,55.3,378,27,0.674,0.667,18,9,8538,5100,3438,28,14,17,75,37.3%,318.5,190.3,128.3,1.04,0.52,0.63,2.80,316.2,188.9,127.3,1.04,0.52,0.63,2.78,85,54,3.17,2.01,3.15,2.00
,,,Rosefanatic3615,Prospect,Spearmint,Minty Fresh,Solar,54.4,510,40,0.594,0.575,23,17,12286,7090,5196,32,19,42,84,38.1%,339.7,196.0,143.7,0.88,0.53,1.16,2.32,307.2,177.3,129.9,0.80,0.48,1.05,2.10,91,71,2.52,1.96,2.28,1.78
,,,Dwse.,Prospect,Barbarians,The Sovereign,Lunar,54.1,530,39,0.649,0.615,24,15,11703,6290,5413,27,29,26,84,32.1%,311.4,167.4,144.0,0.72,0.77,0.69,2.23,300.1,161.3,138.8,0.69,0.74,0.67,2.15,116,79,3.09,2.10,2.97,2.03
,,,Santa Turtle,Prospect,"Funnel-Webs
Kali","Eight Legged Freaks
The Gods",Lunar,52.9,543,39,0.469,0.462,18,21,13305,7820,5485,37,19,47,82,45.1%,345.5,203.1,142.4,0.96,0.49,1.22,2.13,341.2,200.5,140.6,0.95,0.49,1.21,2.10,83,90,2.16,2.34,2.13,2.31
,,,Reminey (Gagepaxton),Prospect,Funnel-Webs,Eight Legged Freaks,Lunar,52.7,64,4,0.293,0.250,1,3,1590,780,810,3,1,6,13,23.1%,350.3,171.9,178.5,0.66,0.22,1.32,2.86,397.5,195.0,202.5,0.75,0.25,1.50,3.25,8,14,1.76,3.08,2.00,3.50
,,,Pineapple448,Prospect,Pyrausta,Draconem,Solar,51.8,727,52,0.595,0.558,29,23,17184,10000,7184,51,21,51,130,39.2%,333.3,194.0,139.3,0.99,0.41,0.99,2.52,330.5,192.3,138.2,0.98,0.40,0.98,2.50,131,102,2.54,1.98,2.52,1.96
,,,System,Prospect,Undead,Destined,Solar,51.1,210,16,0.525,0.563,9,7,4859,2430,2429,6,11,20,28,21.4%,326.3,163.2,163.1,0.40,0.74,1.34,1.88,303.7,151.9,151.8,0.38,0.69,1.25,1.75,30,28,2.01,1.88,1.88,1.75
,,,Oh Frenzy,Prospect,"Gemini
Funnel-Webs","The Nexus
Eight Legged Freaks",Solar,49.9,286,19,0.336,0.263,5,14,6831,3600,3231,8,14,35,35,22.9%,336.8,177.5,159.3,0.39,0.69,1.73,1.73,359.5,189.5,170.1,0.42,0.74,1.84,1.84,36,56,1.77,2.76,1.89,2.95
,,,Larzten,Prospect,Iron,Metal,Solar,49.9,191,13,0.780,0.692,9,4,4611,3220,1391,19,6,15,27,70.4%,340.4,237.7,102.7,1.40,0.44,1.11,1.99,354.7,247.7,107.0,1.46,0.46,1.15,2.08,43,19,3.17,1.40,3.31,1.46
,,,Boulder,Prospect,Pulse,Energy,Lunar,49.8,669,51,0.394,0.373,19,32,16009,8190,7819,31,24,58,99,31.3%,337.4,172.6,164.8,0.65,0.51,1.22,2.09,313.9,160.6,153.3,0.61,0.47,1.14,1.94,102,134,2.15,2.82,2.00,2.63
,,,Raisonbran,Prospect,Beagles,Puppy Paradise,Solar,49.6,603,43,0.515,0.512,22,21,13175,7400,5775,24,30,51,95,25.3%,308.1,173.0,135.0,0.56,0.70,1.19,2.22,306.4,172.1,134.3,0.56,0.70,1.19,2.21,105,101,2.46,2.36,2.44,2.35
,,,Quaza Gs,Prospect,Dark Matter,The Cosmos,Lunar,49.5,685,49,0.493,0.490,24,25,16198,9470,6728,34,26,75,102,33.3%,333.4,194.9,138.5,0.70,0.54,1.54,2.10,330.6,193.3,137.3,0.69,0.53,1.53,2.08,111,113,2.29,2.33,2.27,2.31
,,,Zeano,Prospect,Green Beans,The Garden,Solar,49.1,576,37,0.526,0.514,19,18,13057,7540,5517,35,18,42,104,33.7%,319.7,184.6,135.1,0.86,0.44,1.03,2.55,352.9,203.8,149.1,0.95,0.49,1.14,2.81,92,86,2.25,2.11,2.49,2.32
,,,Insanefox05,Prospect,Pulse,Energy,Lunar,49.0,436,34,0.439,0.412,14,20,10317,5460,4857,21,17,38,61,34.4%,333.7,176.6,157.1,0.68,0.55,1.23,1.97,303.4,160.6,142.9,0.62,0.50,1.12,1.79,72,84,2.33,2.72,2.12,2.47
,,,N00Bpr0N,Prospect,Muenster Misfits,Cheese Guild,Solar,48.7,645,47,0.611,0.681,32,15,14729,7770,6959,29,25,52,102,28.4%,322.0,169.9,152.1,0.63,0.55,1.14,2.23,313.4,165.3,148.1,0.62,0.53,1.11,2.17,108,80,2.36,1.75,2.30,1.70
,,,Casualnudist,Prospect,Green Beans,The Garden,Solar,48.7,634,41,0.454,0.439,18,23,14353,8260,6093,27,21,67,116,23.3%,319.2,183.7,135.5,0.60,0.47,1.49,2.58,350.1,201.5,148.6,0.66,0.51,1.63,2.83,83,94,1.85,2.09,2.02,2.29
,,,Sup3Rm4N,Prospect,Bokrug,The Mythos,Lunar,48.5,418,32,0.472,0.531,17,15,9454,4420,5034,13,22,30,52,25.0%,318.9,149.1,169.8,0.44,0.74,1.01,1.75,295.4,138.1,157.3,0.41,0.69,0.94,1.63,68,73,2.29,2.46,2.13,2.28
,,,Tv_Impactreapz,Prospect,Pyrausta,Draconem,Solar,47.8,537,38,0.627,0.579,22,16,12045,6460,5585,23,23,44,81,28.4%,316.3,169.6,146.7,0.60,0.60,1.16,2.13,317.0,170.0,147.0,0.61,0.61,1.16,2.13,102,73,2.68,1.92,2.68,1.92
,,,Trexreaper,Prospect,Earth,The Elements,Solar,47.8,462,34,0.463,0.500,17,17,11183,5770,5413,22,14,44,67,32.8%,341.3,176.1,165.2,0.67,0.43,1.34,2.04,328.9,169.7,159.2,0.65,0.41,1.29,1.97,69,76,2.11,2.32,2.03,2.24
,,,Mysticmax07,Prospect,Muenster Misfits,Cheese Guild,Solar,47.2,524,38,0.617,0.658,25,13,11755,6490,5265,31,17,33,89,34.8%,316.3,174.6,141.7,0.83,0.46,0.89,2.40,309.3,170.8,138.6,0.82,0.45,0.87,2.34,88,64,2.37,1.72,2.32,1.68
,,,Defnotmongo.,Prospect,Gemini,The Nexus,Solar,46.8,509,37,0.466,0.432,16,21,11123,6360,4763,30,22,30,76,39.5%,308.1,176.2,132.0,0.83,0.61,0.83,2.11,300.6,171.9,128.7,0.81,0.59,0.81,2.05,90,98,2.49,2.71,2.43,2.65
,,,Array,Prospect,Pepperoni Pizza,Fifty-Fifty Pizzeria,Lunar,44.5,492,36,0.513,0.528,19,17,10104,5800,4304,26,22,26,80,32.5%,289.6,166.2,123.4,0.75,0.63,0.75,2.29,280.7,161.1,119.6,0.72,0.61,0.72,2.22,93,90,2.67,2.58,2.58,2.50
,,,Nightraptor04,Prospect,"Undead
Kali
Funnel-Webs","Destined
The Gods
Eight Legged Freaks",Lunar,44.4,636,45,0.343,0.356,16,29,14468,7680,6788,35,19,45,98,35.7%,320.8,170.3,150.5,0.78,0.42,1.00,2.17,321.5,170.7,150.8,0.78,0.42,1.00,2.18,88,133,1.95,2.95,1.96,2.96
,,,J A Y M E S,Prospect,Dark Matter,The Cosmos,Lunar,44.4,684,49,0.507,0.510,25,24,15232,8350,6882,35,22,53,110,31.8%,314.0,172.1,141.9,0.72,0.45,1.09,2.27,310.9,170.4,140.4,0.71,0.45,1.08,2.24,112,110,2.31,2.27,2.29,2.24
,,,Dofri9976,Prospect,Muenster Misfits,Cheese Guild,Solar,44.3,386,27,0.542,0.630,17,10,8352,4710,3642,19,13,30,66,28.8%,305.1,172.1,133.0,0.69,0.47,1.10,2.41,309.3,174.4,134.9,0.70,0.48,1.11,2.44,56,50,2.05,1.83,2.07,1.85
,,,Ragegamingis1,Prospect,Kali,The Gods,Lunar,43.9,476,33,0.613,0.576,19,14,10603,6090,4513,23,23,42,54,42.6%,314.1,180.4,133.7,0.68,0.68,1.24,1.60,321.3,184.5,136.8,0.70,0.70,1.27,1.64,90,67,2.67,1.98,2.73,2.03
,,,Tokifyy,Prospect,"Pulse
Dark Matter","Energy
The Cosmos",Lunar,43.9,356,24,0.481,0.458,11,13,7722,4180,3542,18,14,23,53,34.0%,305.9,165.6,140.3,0.71,0.55,0.91,2.10,321.8,174.2,147.6,0.75,0.58,0.96,2.21,61,64,2.42,2.54,2.54,2.67
,,,Goldentiger5,Prospect,Cherried Crepes,The Bakery,Lunar,43.8,653,47,0.519,0.596,28,19,14470,8620,5850,40,16,53,117,34.2%,312.5,186.1,126.3,0.86,0.35,1.14,2.53,307.9,183.4,124.5,0.85,0.34,1.13,2.49,105,100,2.27,2.16,2.23,2.13
,,,Neithernick,Prospect,Undead,Destined,Solar,43.6,523,35,0.431,0.514,18,17,11393,6410,4983,21,20,50,81,25.9%,307.2,172.8,134.4,0.57,0.54,1.35,2.18,325.5,183.1,142.4,0.60,0.57,1.43,2.31,76,91,2.05,2.45,2.17,2.60
,,,Benjamen A,Prospect,Detention Demons,Ghoul School,Solar,43.5,718,49,0.241,0.204,10,39,17853,9490,8363,33,14,90,99,33.3%,350.6,186.4,164.2,0.65,0.27,1.77,1.94,364.3,193.7,170.7,0.67,0.29,1.84,2.02,69,147,1.36,2.89,1.41,3.00
,,,Dom Tut,Prospect,Gemini,The Nexus,Solar,42.9,710,49,0.408,0.367,18,31,15439,9120,6319,43,20,52,122,35.2%,306.6,181.1,125.5,0.85,0.40,1.03,2.42,315.1,186.1,129.0,0.88,0.41,1.06,2.49,110,139,2.18,2.76,2.24,2.84
,,,Countrywolfz,Prospect,Bokrug,The Mythos,Lunar,42.1,549,39,0.487,0.513,20,19,11878,6410,5468,32,14,31,96,33.3%,305.1,164.6,140.4,0.82,0.36,0.80,2.47,304.6,164.4,140.2,0.82,0.36,0.79,2.46,92,95,2.36,2.44,2.36,2.44
,,,Chugg,Prospect,Blobfish,The Abyss,Lunar,41.8,592,40,0.436,0.425,17,23,12103,7110,4993,30,17,42,116,25.9%,288.3,169.4,118.9,0.71,0.40,1.00,2.76,302.6,177.8,124.8,0.75,0.43,1.05,2.90,89,105,2.12,2.50,2.23,2.63
,,,Creamcity6,Prospect,Dark Matter,The Cosmos,Lunar,41.6,326,25,0.530,0.560,14,11,6989,3970,3019,17,9,25,57,29.8%,302.3,171.7,130.6,0.74,0.39,1.08,2.47,279.6,158.8,120.8,0.68,0.36,1.00,2.28,52,48,2.25,2.08,2.08,1.92
,,,Thesaltylobbster,Prospect,Pushwalkers,The Quad Dynasty,Lunar,40.3,654,47,0.623,0.617,29,18,13269,8230,5039,36,26,46,103,35.0%,286.1,177.5,108.6,0.78,0.56,0.99,2.22,282.3,175.1,107.2,0.77,0.55,0.98,2.19,127,92,2.74,1.98,2.70,1.96
,,,Shogun,Prospect,Earth,The Elements,Solar,40.3,398,29,0.431,0.414,12,17,8326,4540,3786,16,14,32,64,25.0%,295.0,160.9,134.1,0.57,0.50,1.13,2.27,287.1,156.6,130.6,0.55,0.48,1.10,2.21,55,66,1.95,2.34,1.90,2.28
,,,Imlurkinn,Prospect,Undead,Destined,Solar,35.9,444,33,0.434,0.485,16,17,9855,5020,4835,23,11,32,57,40.4%,313.0,159.4,153.6,0.73,0.35,1.02,1.81,298.6,152.1,146.5,0.70,0.33,0.97,1.73,71,84,2.25,2.67,2.15,2.55
,,,K1Ngpollock,Prospect,Funnel-Webs,Eight Legged Freaks,Lunar,34.3,383,26,0.324,0.346,9,17,7890,4780,3110,22,10,30,58,37.9%,290.5,176.0,114.5,0.81,0.37,1.10,2.14,303.5,183.8,119.6,0.85,0.38,1.15,2.23,55,87,2.02,3.20,2.12,3.35
,,,Chadgpt,Prospect,Cherried Crepes,The Bakery,Lunar,33.7,584,43,0.526,0.558,24,19,11529,6010,5519,23,20,37,86,26.7%,278.4,145.1,133.3,0.56,0.48,0.89,2.08,268.1,139.8,128.3,0.53,0.47,0.86,2.00,91,85,2.20,2.05,2.12,1.98
,,,Dgitlsickboy,Prospect,Funnel-Webs,Eight Legged Freaks,Lunar,33.2,640,44,0.330,0.295,13,31,13201,6900,6301,21,21,58,85,24.7%,290.9,152.0,138.8,0.46,0.46,1.28,1.87,300.0,156.8,143.2,0.48,0.48,1.32,1.93,86,135,1.89,2.97,1.95,3.07
,,,Crimzonsparrow,Prospect,Pulse,Energy,Lunar,32.3,197,14,0.286,0.286,4,10,4078,2460,1618,10,4,19,31,32.3%,291.9,176.1,115.8,0.72,0.29,1.36,2.22,291.3,175.7,115.6,0.71,0.29,1.36,2.21,26,46,1.86,3.29,1.86,3.29
,,,Decebalus,Prospect,"Pulse
Gemini","Energy
The Nexus",Lunar,31.6,69,6,0.162,0.167,1,5,1597,830,767,3,1,8,8,37.5%,326.4,169.6,156.7,0.61,0.20,1.63,1.63,266.2,138.3,127.8,0.50,0.17,1.33,1.33,5,15,1.02,3.07,0.83,2.50
,,,Theman,Prospect,Cherried Crepes,The Bakery,Lunar,31.5,363,27,0.446,0.519,14,13,6909,3420,3489,14,13,17,52,26.9%,268.4,132.9,135.5,0.54,0.51,0.66,2.02,255.9,126.7,129.2,0.52,0.48,0.63,1.93,52,60,2.02,2.33,1.93,2.22
,,,Mickstery,Prospect,Blobfish,The Abyss,Lunar,31.2,272,20,0.248,0.250,5,15,5826,3360,2466,15,2,26,46,32.6%,302.0,174.2,127.8,0.78,0.10,1.35,2.38,291.3,168.0,123.3,0.75,0.10,1.30,2.30,30,61,1.56,3.16,1.50,3.05
,,,Youreviltwin,Prospect,Beagles,Puppy Paradise,Solar,30.4,454,32,0.424,0.375,12,20,8984,4360,4624,17,14,27,61,27.9%,279.0,135.4,143.6,0.53,0.43,0.84,1.89,280.8,136.3,144.5,0.53,0.44,0.84,1.91,63,77,1.96,2.39,1.97,2.41
,,,Maxox,Prospect,Earth,The Elements,Solar,30.1,556,40,0.483,0.500,20,20,11395,6180,5215,27,14,41,73,37.0%,289.0,156.7,132.3,0.68,0.36,1.04,1.85,284.9,154.5,130.4,0.68,0.35,1.03,1.83,87,91,2.21,2.31,2.18,2.28
,,,Outlaw K3,Prospect,Gemini,The Nexus,Solar,26.3,339,24,0.462,0.417,10,14,6136,3090,3046,11,11,19,49,22.4%,255.2,128.5,126.7,0.46,0.46,0.79,2.04,255.7,128.8,126.9,0.46,0.46,0.79,2.04,61,67,2.54,2.79,2.54,2.79
,,,Deejay,Prospect,Green Beans,The Garden,Solar,25.9,575,37,0.464,0.514,19,18,11216,6290,4926,25,13,47,79,31.6%,275.1,154.3,120.8,0.61,0.32,1.15,1.94,303.1,170.0,133.1,0.68,0.35,1.27,2.14,79,87,1.94,2.13,2.14,2.35
,,,Lil Nasty,Prospect,Blobfish,The Abyss,Lunar,24.9,476,32,0.396,0.313,10,22,8967,4630,4337,18,13,31,63,28.6%,265.6,137.2,128.5,0.53,0.39,0.92,1.87,280.2,144.7,135.5,0.56,0.41,0.97,1.97,72,94,2.13,2.78,2.25,2.94
,,,Wolverine36535,Prospect,Pushwalkers,The Quad Dynasty,Lunar,21.6,27,2,0.716,0.500,1,1,606,280,326,1,0,3,3,33.3%,316.5,146.2,170.3,0.52,0.00,1.57,1.57,303.0,140.0,163.0,0.50,0.00,1.50,1.50,7,4,3.66,2.09,3.50,2.00
,,,Nitemarerl,Prospect,Funnel-Webs,Eight Legged Freaks,Lunar,20.6,482,34,0.316,0.294,10,24,8951,4710,4241,17,11,37,61,27.9%,261.9,137.8,124.1,0.50,0.32,1.08,1.78,263.3,138.5,124.7,0.50,0.32,1.09,1.79,68,110,1.99,3.22,2.00,3.24
,,,R00K46,Prospect,Kali,The Gods,Lunar,20.4,178,12,0.569,0.667,8,4,2898,1410,1488,3,8,10,21,14.3%,229.6,111.7,117.9,0.24,0.63,0.79,1.66,241.5,117.5,124.0,0.25,0.67,0.83,1.75,30,25,2.38,1.98,2.50,2.08
,,,Redwinglegendayg,Prospect,Detention Demons,Ghoul School,Solar,19.3,472,32,0.190,0.156,5,27,8422,4170,4252,8,16,41,52,15.4%,251.6,124.6,127.0,0.24,0.48,1.22,1.55,263.2,130.3,132.9,0.25,0.50,1.28,1.63,40,104,1.20,3.11,1.25,3.25
,,,Sticky || Moon,Prospect,Blobfish,The Abyss,Lunar,17.4,394,28,0.283,0.286,8,20,7395,3940,3455,13,8,36,44,29.5%,264.7,141.0,123.7,0.47,0.29,1.29,1.57,264.1,140.7,123.4,0.46,0.29,1.29,1.57,43,79,1.54,2.83,1.54,2.82
,,,Alextross,Prospect,Pepperoni Pizza,Fifty-Fifty Pizzeria,Lunar,15.6,288,21,0.484,0.476,10,11,4660,2500,2160,11,9,12,35,31.4%,228.2,122.4,105.8,0.54,0.44,0.59,1.71,221.9,119.0,102.9,0.52,0.43,0.57,1.67,48,50,2.35,2.45,2.29,2.38
,,,Carno,Prospect,Detention Demons,Ghoul School,Solar,15.3,649,46,0.211,0.196,9,37,12565,6970,5595,23,11,70,62,37.1%,273.0,151.4,121.6,0.50,0.24,1.52,1.35,273.2,151.5,121.6,0.50,0.24,1.52,1.35,60,142,1.30,3.09,1.30,3.09
,,,I_Win_2681,Prospect,Beagles,Puppy Paradise,Solar,15.3,491,34,0.386,0.382,13,21,8775,4560,4215,17,12,35,51,33.3%,252.0,131.0,121.1,0.49,0.34,1.01,1.46,258.1,134.1,124.0,0.50,0.35,1.03,1.50,69,93,1.98,2.67,2.03,2.74
,,,Wtrdragon_,Prospect,Pushwalkers,The Quad Dynasty,Lunar,12.5,141,11,0.353,0.182,2,9,2408,1210,1198,3,5,11,11,27.3%,240.8,121.0,119.8,0.30,0.50,1.10,1.10,218.9,110.0,108.9,0.27,0.45,1.00,1.00,19,28,1.90,2.80,1.73,2.55
,,,Trillapando,Prospect,Detention Demons,Ghoul School,Solar,9.2,411,29,0.264,0.207,6,23,6982,3390,3592,6,10,38,39,15.4%,239.5,116.3,123.2,0.21,0.34,1.30,1.34,240.8,116.9,123.9,0.21,0.34,1.31,1.34,41,81,1.41,2.78,1.41,2.79
,,,Charlieharley_1,Prospect,Pulse,Energy,Lunar,8.8,127,10,0.194,0.100,1,9,2187,1030,1157,4,2,8,13,30.8%,242.8,114.4,128.5,0.44,0.22,0.89,1.44,218.7,103.0,115.7,0.40,0.20,0.80,1.30,11,28,1.22,3.11,1.10,2.80
,,,J5Nhanna,Prospect,Gemini,The Nexus,Solar,-13.8,73,4,0.042,0.000,0,4,835,380,455,0,1,5,8,0.0%,161.3,73.4,87.9,0.00,0.19,0.97,1.55,208.8,95.0,113.8,0.00,0.25,1.25,2.00,3,22,0.58,4.25,0.75,5.50
,,,Typhon,Premier,Fairies,The Forest,Solar,120.3,27,2,0.874,0.500,1,1,858,560,298,3,2,2,6,50.0%,518.0,338.1,179.9,1.81,1.21,1.21,3.62,429.0,280.0,149.0,1.50,1.00,1.00,3.00,9,3,5.43,1.81,4.50,1.50
,,,Wicked.,Premier,Bek,Ox Gaming,Solar,119.2,56,3,0.791,1.000,3,0,1779,1270,509,7,4,5,12,58.3%,517.9,369.7,148.2,2.04,1.16,1.46,3.49,593.0,423.3,169.7,2.33,1.33,1.67,4.00,17,8,4.95,2.33,5.67,2.67
,,,North.-.,Premier,Oblivion,Event Horizon,Solar,94.7,790,48,0.714,0.708,34,14,22609,14030,8579,65,45,72,168,38.7%,466.5,289.5,177.0,1.34,0.93,1.49,3.47,471.0,292.3,178.7,1.35,0.94,1.50,3.50,152,85,3.14,1.75,3.17,1.77
,,,Roden,Premier,Fairies,The Forest,Solar,74.8,823,52,0.597,0.577,30,22,23237,13860,9377,61,29,96,151,40.4%,460.3,274.5,185.7,1.21,0.57,1.90,2.99,446.9,266.5,180.3,1.17,0.56,1.85,2.90,147,115,2.91,2.28,2.83,2.21
,,,Danger,Premier,Capybaras,The Jungle,Solar,74.6,791,48,0.534,0.542,26,22,20931,12130,8801,52,39,70,148,35.1%,431.4,250.0,181.4,1.07,0.80,1.44,3.05,436.1,252.7,183.4,1.08,0.81,1.46,3.08,135,124,2.78,2.56,2.81,2.58
,,,Ethone,Premier,Orcas,Whale Defense,Solar,70.9,927,56,0.588,0.518,29,27,24564,14250,10314,55,36,103,180,30.6%,432.0,250.6,181.4,0.97,0.63,1.81,3.17,438.6,254.5,184.2,0.98,0.64,1.84,3.21,146,116,2.57,2.04,2.61,2.07
,,,Pixel Skies,Premier,"Fettuccine Force
Gummy Bears","Italian Battalion
The Bear Den",Lunar,70.5,489,31,0.510,0.645,20,11,13052,7560,5492,32,22,48,86,37.2%,435.1,252.0,183.1,1.07,0.73,1.60,2.87,421.0,243.9,177.2,1.03,0.71,1.55,2.77,85,83,2.83,2.77,2.74,2.68
,,,Kruncho,Premier,Megalodons,Shark Attack,Lunar,69.4,812,51,0.582,0.627,32,19,20549,11250,9299,46,39,63,155,29.7%,412.5,225.9,186.7,0.92,0.78,1.26,3.11,402.9,220.6,182.3,0.90,0.76,1.24,3.04,138,112,2.77,2.25,2.71,2.20
,,,Tylurr,Premier,Oblivion,Event Horizon,Solar,67.9,853,52,0.696,0.692,36,16,21904,13010,8894,45,48,94,141,31.9%,418.6,248.6,170.0,0.86,0.92,1.80,2.69,421.2,250.2,171.0,0.87,0.92,1.81,2.71,159,94,3.04,1.80,3.06,1.81
,,,Lukekapo,Premier,Chargers,Electric Mayhem,Lunar,67.0,642,41,0.500,0.610,25,16,17453,10130,7323,40,22,78,113,35.4%,443.2,257.2,185.9,1.02,0.56,1.98,2.87,425.7,247.1,178.6,0.98,0.54,1.90,2.76,92,92,2.34,2.34,2.24,2.24
,,,Molokoa,Premier,Hurricanes,Storm,Solar,67.0,878,56,0.531,0.571,32,24,22571,12430,10141,47,38,84,163,28.8%,419.1,230.8,188.3,0.87,0.71,1.56,3.03,403.1,222.0,181.1,0.84,0.68,1.50,2.91,147,136,2.73,2.53,2.63,2.43
,,,Insanity,Premier,Fairies,The Forest,Solar,66.8,823,52,0.597,0.577,30,22,20888,12190,8698,46,44,80,139,33.1%,413.7,241.5,172.3,0.91,0.87,1.58,2.75,401.7,234.4,167.3,0.88,0.85,1.54,2.67,147,115,2.91,2.28,2.83,2.21
,,,Reeves,Premier,Fettuccine Force,Italian Battalion,Lunar,64.8,816,52,0.472,0.500,26,26,21025,11880,9145,42,36,89,143,29.4%,420.0,237.3,182.7,0.84,0.72,1.78,2.86,404.3,228.5,175.9,0.81,0.69,1.71,2.75,121,130,2.42,2.60,2.33,2.50
,,,.Andy,Premier,Megalodons,Shark Attack,Lunar,64.1,812,51,0.582,0.627,32,19,20611,12200,8411,54,32,75,145,37.2%,413.8,244.9,168.9,1.08,0.64,1.51,2.91,404.1,239.2,164.9,1.06,0.63,1.47,2.84,138,112,2.77,2.25,2.71,2.20
,,,Grandplat,Premier,Orcas,Whale Defense,Solar,61.9,11,1,0.862,1.000,1,0,294,160,134,0,1,2,1,0.0%,435.7,237.1,198.6,0.00,1.48,2.96,1.48,294.0,160.0,134.0,0.00,1.00,2.00,1.00,3,1,4.45,1.48,3.00,1.00
,,,Distant,Premier,Capybaras,The Jungle,Solar,55.9,853,52,0.523,0.519,27,25,20321,11920,8401,45,35,84,147,30.6%,388.4,227.8,160.6,0.86,0.67,1.61,2.81,390.8,229.2,161.6,0.87,0.67,1.62,2.83,141,133,2.69,2.54,2.71,2.56
,,,Greensleeves,Premier,Hurricanes,Storm,Solar,55.4,850,54,0.553,0.593,32,22,18486,11610,6876,53,40,55,156,34.0%,354.5,222.7,131.9,1.02,0.77,1.05,2.99,342.3,215.0,127.3,0.98,0.74,1.02,2.89,145,127,2.78,2.44,2.69,2.35
,,,Maples,Premier,Crooked Capos,The Syndicate,Lunar,53.4,531,30,0.515,0.467,14,16,12667,7380,5287,27,21,55,88,30.7%,388.9,226.6,162.3,0.83,0.64,1.69,2.70,422.2,246.0,176.2,0.90,0.70,1.83,2.93,78,75,2.39,2.30,2.60,2.50
,,,Angebro,Premier,Hurricanes,Storm,Solar,53.2,878,56,0.531,0.571,32,24,19449,10900,8549,46,38,56,160,28.8%,361.1,202.4,158.7,0.85,0.71,1.04,2.97,347.3,194.6,152.7,0.82,0.68,1.00,2.86,147,136,2.73,2.53,2.63,2.43
,,,Don,Premier,"Bek
Orcas","Ox Gaming
Whale Defense",Solar,52.8,652,36,0.479,0.444,16,20,14632,8400,6232,33,23,54,125,26.4%,365.8,210.0,155.8,0.83,0.58,1.35,3.13,406.4,233.3,173.1,0.92,0.64,1.50,3.47,91,96,2.28,2.40,2.53,2.67
,,,Dsife,Premier,Megalodons,Shark Attack,Lunar,50.7,746,47,0.628,0.681,32,15,17066,9530,7536,36,32,62,123,29.3%,372.9,208.2,164.7,0.79,0.70,1.35,2.69,363.1,202.8,160.3,0.77,0.68,1.32,2.62,131,94,2.86,2.05,2.79,2.00
,,,Yillow,Premier,Fairies,The Forest,Solar,50.4,72,4,0.642,0.750,3,1,1543,1080,463,3,6,8,8,37.5%,349.4,244.5,104.8,0.68,1.36,1.81,1.81,385.8,270.0,115.8,0.75,1.50,2.00,2.00,13,9,2.94,2.04,3.25,2.25
,,,Yinliner,Premier,Reapers,The Monster Mash,Lunar,49.7,769,47,0.449,0.426,20,27,16865,10190,6675,46,22,60,149,30.9%,357.5,216.0,141.5,0.98,0.47,1.27,3.16,358.8,216.8,142.0,0.98,0.47,1.28,3.17,97,111,2.06,2.35,2.06,2.36
,,,Pain.,Premier,Orcas,Whale Defense,Solar,48.6,814,49,0.601,0.551,27,22,17741,10100,7641,42,34,56,140,30.0%,355.3,202.3,153.0,0.84,0.68,1.12,2.80,362.1,206.1,155.9,0.86,0.69,1.14,2.86,134,103,2.68,2.06,2.73,2.10
,,,Ashes.,Premier,Oblivion,Event Horizon,Solar,48.1,791,48,0.710,0.708,34,14,16499,10120,6379,46,33,49,142,32.4%,340.0,208.6,131.5,0.95,0.68,1.01,2.93,343.7,210.8,132.9,0.96,0.69,1.02,2.96,153,87,3.15,1.79,3.19,1.81
,,,Purplesleeves,Premier,Chargers,Electric Mayhem,Lunar,48.0,791,50,0.493,0.560,28,22,18601,10670,7931,42,26,78,127,33.1%,383.3,219.9,163.4,0.87,0.54,1.61,2.62,372.0,213.4,158.6,0.84,0.52,1.56,2.54,118,120,2.43,2.47,2.36,2.40
,,,Fusionbleach,Premier,Crooked Capos,The Syndicate,Lunar,47.1,890,51,0.400,0.353,18,33,20905,11680,9225,43,29,90,143,30.1%,382.9,213.9,169.0,0.79,0.53,1.65,2.62,409.9,229.0,180.9,0.84,0.57,1.76,2.80,115,149,2.11,2.73,2.25,2.92
,,,Reagfamous,Premier,Fairies,The Forest,Solar,46.6,475,30,0.586,0.567,17,13,10645,6170,4475,20,22,47,72,27.8%,365.3,211.7,153.6,0.69,0.76,1.61,2.47,354.8,205.7,149.2,0.67,0.73,1.57,2.40,82,66,2.81,2.27,2.73,2.20
,,,Nico,Premier,"Chargers
Crooked Capos","Electric Mayhem
The Syndicate",Lunar,45.9,146,8,0.412,0.250,2,6,3973,2240,1733,8,5,21,14,57.1%,443.6,250.1,193.5,0.89,0.56,2.34,1.56,496.6,280.0,216.6,1.00,0.63,2.63,1.75,20,25,2.23,2.79,2.50,3.13
,,,Wolf,Premier,Crooked Capos,The Syndicate,Lunar,45.2,74,4,0.375,0.500,2,2,1444,910,534,4,2,5,16,25.0%,318.1,200.5,117.6,0.88,0.44,1.10,3.52,361.0,227.5,133.5,1.00,0.50,1.25,4.00,11,15,2.42,3.30,2.75,3.75
,,,Bluesleeves,Premier,Bek,Ox Gaming,Solar,44.2,263,15,0.426,0.467,7,8,6181,3150,3031,10,9,26,40,25.0%,383.1,195.2,187.9,0.62,0.56,1.61,2.48,412.1,210.0,202.1,0.67,0.60,1.73,2.67,33,40,2.05,2.48,2.20,2.67
,,,Noriko,Premier,Capybaras,The Jungle,Solar,44.2,291,17,0.434,0.353,6,11,6389,3920,2469,16,13,25,42,38.1%,357.9,219.6,138.3,0.90,0.73,1.40,2.35,375.8,230.6,145.2,0.94,0.76,1.47,2.47,45,53,2.52,2.97,2.65,3.12
,,,Aes.,Premier,Reapers,The Monster Mash,Lunar,43.9,768,47,0.460,0.447,21,26,16682,9710,6972,34,24,75,136,25.0%,354.1,206.1,148.0,0.72,0.51,1.59,2.89,354.9,206.6,148.3,0.72,0.51,1.60,2.89,102,113,2.17,2.40,2.17,2.40
,,,Packers,Premier,Crooked Capos,The Syndicate,Lunar,43.6,231,15,0.258,0.333,5,10,5517,3180,2337,13,4,26,38,34.2%,389.3,224.4,164.9,0.92,0.28,1.83,2.68,367.8,212.0,155.8,0.87,0.27,1.73,2.53,26,50,1.83,3.53,1.73,3.33
,,,B10Ckyy,Premier,Orcas,Whale Defense,Solar,42.9,231,15,0.564,0.467,7,8,5089,2820,2269,8,9,24,37,21.6%,359.1,199.0,160.1,0.56,0.64,1.69,2.61,339.3,188.0,151.3,0.53,0.60,1.60,2.47,32,27,2.26,1.91,2.13,1.80
,,,Bax,Premier,Chargers,Electric Mayhem,Lunar,42.8,135,8,0.420,0.625,5,3,2649,1680,969,8,6,7,23,34.8%,319.9,202.9,117.0,0.97,0.72,0.85,2.78,331.1,210.0,121.1,1.00,0.75,0.88,2.88,24,29,2.90,3.50,3.00,3.63
,,,Mehsi4,Premier,Gummy Bears,The Bear Den,Lunar,42.6,772,48,0.303,0.229,11,37,17624,9370,8254,37,23,66,122,30.3%,372.1,197.9,174.3,0.78,0.49,1.39,2.58,367.2,195.2,172.0,0.77,0.48,1.38,2.54,93,156,1.96,3.29,1.94,3.25
,,,Mystikal,Premier,Capybaras,The Jungle,Solar,41.7,624,39,0.554,0.564,22,17,13288,7880,5408,28,28,55,93,30.1%,347.1,205.9,141.3,0.73,0.73,1.44,2.43,340.7,202.1,138.7,0.72,0.72,1.41,2.38,102,89,2.66,2.33,2.62,2.28
,,,Deesh,Premier,"Gummy Bears
Crooked Capos","The Bear Den
The Syndicate",Lunar,41.1,608,33,0.474,0.364,12,21,12514,7540,4974,23,32,55,89,25.8%,335.5,202.2,133.4,0.62,0.86,1.47,2.39,379.2,228.5,150.7,0.70,0.97,1.67,2.70,88,94,2.36,2.52,2.67,2.85
,,,Alfredo,Premier,Fettuccine Force,Italian Battalion,Lunar,41.1,316,20,0.271,0.200,4,16,6250,3410,2840,10,14,23,56,17.9%,322.4,175.9,146.5,0.52,0.72,1.19,2.89,312.5,170.5,142.0,0.50,0.70,1.15,2.80,37,68,1.91,3.51,1.85,3.40
,,,Rzemb1E,Premier,Bek,Ox Gaming,Solar,38.9,308,19,0.327,0.368,7,12,6057,3540,2517,11,15,24,49,22.4%,320.6,187.4,133.2,0.58,0.79,1.27,2.59,318.8,186.3,132.5,0.58,0.79,1.26,2.58,39,61,2.06,3.23,2.05,3.21
,,,Tokyo.,Premier,Bek,Ox Gaming,Solar,37.1,583,33,0.325,0.364,12,21,13273,6980,6293,26,8,60,98,26.5%,371.1,195.2,176.0,0.73,0.22,1.68,2.74,402.2,211.5,190.7,0.79,0.24,1.82,2.97,58,94,1.62,2.63,1.76,2.85
,,,Neoblastz,Premier,Chargers,Electric Mayhem,Lunar,36.6,213,13,0.394,0.231,3,10,4384,2390,1994,6,11,19,29,20.7%,335.5,182.9,152.6,0.46,0.84,1.45,2.22,337.2,183.8,153.4,0.46,0.85,1.46,2.23,34,44,2.60,3.37,2.62,3.38
,,,Static,Premier,Fairies,The Forest,Solar,36.5,249,16,0.560,0.563,9,7,5272,2920,2352,14,8,15,37,37.8%,345.1,191.2,154.0,0.92,0.52,0.98,2.42,329.5,182.5,147.0,0.88,0.50,0.94,2.31,43,37,2.82,2.42,2.69,2.31
,,,Phoenixu.U,Premier,Gummy Bears,The Bear Den,Lunar,35.6,642,40,0.358,0.275,11,29,14322,7810,6512,22,20,74,91,24.2%,363.7,198.3,165.4,0.56,0.51,1.88,2.31,358.1,195.3,162.8,0.55,0.50,1.85,2.28,81,117,2.06,2.97,2.03,2.93
,,,Prada,Premier,Reapers,The Monster Mash,Lunar,33.3,330,19,0.508,0.526,10,9,6416,3460,2956,14,13,18,51,27.5%,316.9,170.9,146.0,0.69,0.64,0.89,2.52,337.7,182.1,155.6,0.74,0.68,0.95,2.68,47,46,2.32,2.27,2.47,2.42
,,,Frisbee,Premier,Fettuccine Force,Italian Battalion,Lunar,32.7,54,4,0.443,0.250,1,3,1168,700,468,3,0,6,10,30.0%,352.6,211.3,141.3,0.91,0.00,1.81,3.02,292.0,175.0,117.0,0.75,0.00,1.50,2.50,6,7,1.81,2.11,1.50,1.75
,,,Lefty,Premier,Orcas,Whale Defense,Solar,32.6,590,35,0.586,0.543,19,16,12020,6620,5400,27,17,43,92,29.3%,332.1,182.9,149.2,0.75,0.47,1.19,2.54,343.4,189.1,154.3,0.77,0.49,1.23,2.63,88,70,2.43,1.93,2.51,2.00
,,,Kenobs,Premier,Fettuccine Force,Italian Battalion,Lunar,31.5,325,20,0.564,0.600,12,8,6246,3650,2596,15,9,23,55,27.3%,313.3,183.1,130.2,0.75,0.45,1.15,2.76,312.3,182.5,129.8,0.75,0.45,1.15,2.75,53,45,2.66,2.26,2.65,2.25
,,,!Chan,Premier,Bek,Ox Gaming,Solar,30.3,898,51,0.393,0.431,22,29,18509,10130,8379,31,29,86,128,24.2%,336.0,183.9,152.1,0.56,0.53,1.56,2.32,362.9,198.6,164.3,0.61,0.57,1.69,2.51,112,148,2.03,2.69,2.20,2.90
,,,Ghxst,Premier,Gummy Bears,The Bear Den,Lunar,27.2,243,16,0.347,0.188,3,13,5089,2660,2429,8,5,25,36,22.2%,341.4,178.4,162.9,0.54,0.34,1.68,2.42,318.1,166.3,151.8,0.50,0.31,1.56,2.25,28,42,1.88,2.82,1.75,2.63
,,,Rule,Premier,Hurricanes,Storm,Solar,27.1,28,2,0.072,0.000,0,2,671,290,381,1,0,3,4,25.0%,390.7,168.8,221.8,0.58,0.00,1.75,2.33,335.5,145.0,190.5,0.50,0.00,1.50,2.00,2,9,1.16,5.24,1.00,4.50
,,,Delta,Premier,"Gummy Bears
Fettuccine Force","The Bear Den
Italian Battalion",Lunar,26.0,309,18,0.367,0.333,6,12,5914,3570,2344,13,11,26,42,31.0%,312.0,188.3,123.7,0.69,0.58,1.37,2.22,328.6,198.3,130.2,0.72,0.61,1.44,2.33,39,55,2.06,2.90,2.17,3.06
,,,Robin,Premier,"Bek
Reapers
Gummy Bears","Ox Gaming
The Monster Mash
The Bear Den",Lunar,23.6,332,21,0.274,0.238,5,16,6636,3530,3106,15,9,23,43,34.9%,325.8,173.3,152.5,0.74,0.44,1.13,2.11,316.0,168.1,147.9,0.71,0.43,1.10,2.05,37,68,1.82,3.34,1.76,3.24
,,,Hams,Premier,Reapers,The Monster Mash,Lunar,23.0,612,39,0.377,0.359,14,25,12890,6290,6600,12,18,69,74,16.2%,343.3,167.5,175.8,0.32,0.48,1.84,1.97,330.5,161.3,169.2,0.31,0.46,1.77,1.90,73,101,1.94,2.69,1.87,2.59
,,,Anthage,Premier,Bek,Ox Gaming,Solar,20.2,66,4,0.351,0.250,1,3,1122,700,422,3,2,4,10,30.0%,277.1,172.9,104.2,0.74,0.49,0.99,2.47,280.5,175.0,105.5,0.75,0.50,1.00,2.50,12,17,2.96,4.20,3.00,4.25
,,,Wick,Premier,Fettuccine Force,Italian Battalion,Lunar,19.1,17,1,0.622,1.000,1,0,346,220,126,2,0,0,2,100.0%,331.8,211.0,120.8,1.92,0.00,0.00,1.92,346.0,220.0,126.0,2.00,0.00,0.00,2.00,4,3,3.84,2.88,4.00,3.00
,,,Cart,Premier,Fettuccine Force,Italian Battalion,Lunar,18.1,592,37,0.423,0.459,17,20,10898,6180,4718,28,15,37,78,35.9%,300.1,170.2,129.9,0.77,0.41,1.02,2.15,294.5,167.0,127.5,0.76,0.41,1.00,2.11,84,102,2.31,2.81,2.27,2.76
,,,Luximon.,Premier,Chargers,Electric Mayhem,Lunar,15.6,558,36,0.549,0.611,22,14,10130,5300,4830,19,11,41,80,23.8%,295.9,154.8,141.1,0.56,0.32,1.20,2.34,281.4,147.2,134.2,0.53,0.31,1.14,2.22,83,73,2.42,2.13,2.31,2.03
,,,Leaf,Premier,Crooked Capos,The Syndicate,Lunar,15.3,123,8,0.183,0.000,0,8,2525,1310,1215,4,1,14,16,25.0%,334.6,173.6,161.0,0.53,0.13,1.86,2.12,315.6,163.8,151.9,0.50,0.13,1.75,2.00,9,24,1.19,3.18,1.13,3.00
,,,Kylau,Premier,"Crooked Capos
Chargers","The Syndicate
Electric Mayhem",Lunar,11.8,296,19,0.248,0.263,5,14,5188,2470,2718,6,9,21,37,16.2%,285.7,136.0,149.7,0.33,0.50,1.16,2.04,273.1,130.0,143.1,0.32,0.47,1.11,1.95,31,62,1.71,3.41,1.63,3.26
,,,Skylin3,Premier,"Oblivion
Gummy Bears","Event Horizon
The Bear Den",Lunar,-2.8,193,12,0.179,0.167,2,10,3187,1510,1677,4,3,15,21,19.0%,269.2,127.5,141.6,0.34,0.25,1.27,1.77,265.6,125.8,139.8,0.33,0.25,1.25,1.75,19,48,1.60,4.05,1.58,4.00
,,,Melted,Premier,Megalodons,Shark Attack,Lunar,-6.0,66,4,0.169,0.000,0,4,950,530,420,2,1,4,8,25.0%,234.6,130.9,103.7,0.49,0.25,0.99,1.98,237.5,132.5,105.0,0.50,0.25,1.00,2.00,7,18,1.73,4.45,1.75,4.50
,,,Dissa,Premier,Oblivion,Event Horizon,Solar,-9.7,30,2,0.049,0.000,0,2,433,190,243,1,0,1,4,25.0%,235.3,103.2,132.0,0.54,0.00,0.54,2.17,216.5,95.0,121.5,0.50,0.00,0.50,2.00,1,7,0.54,3.80,0.50,3.50
,,,Slvr.,Premier,Oblivion,Event Horizon,Solar,-43.4,32,2,,1.000,2,0,291,80,211,0,0,1,3,0.0%,148.2,40.8,107.5,0.00,0.00,0.51,1.53,145.5,40.0,105.5,0.00,0.00,0.50,1.50,5,0,2.55,0.00,2.50,0.00
,,,Taelo,Master,Care Bears,The Bear Den,N/A,152.8,56,4,0.610,0.500,2,2,2016,1240,776,6,4,6,14,42.9%,565.0,347.5,217.5,1.68,1.12,1.68,3.92,504.0,310.0,194.0,1.50,1.00,1.50,3.50,13,10,3.64,2.80,3.25,2.50
,,,Neo,Master,Orion,The Nexus,N/A,93.7,57,4,0.776,0.750,3,1,1731,1050,681,6,2,5,10,60.0%,476.6,289.1,187.5,1.65,0.55,1.38,2.75,432.8,262.5,170.3,1.50,0.50,1.25,2.50,13,6,3.58,1.65,3.25,1.50
,,,Ayylo,Master,Stampede,Ox Gaming,N/A,84.0,909,60,0.575,0.567,34,26,23754,13660,10094,59,40,74,206,28.6%,410.1,235.8,174.3,1.02,0.69,1.28,3.56,395.9,227.7,168.2,0.98,0.67,1.23,3.43,147,121,2.54,2.09,2.45,2.02
,,,Hirsch,Master,Spectres,The Monster Mash,N/A,81.4,893,53,0.570,0.566,30,23,24419,14290,10129,60,31,98,184,32.6%,429.1,251.1,178.0,1.05,0.54,1.72,3.23,460.7,269.6,191.1,1.13,0.58,1.85,3.47,129,107,2.27,1.88,2.43,2.02
,,,Theblobofglob22,Master,Care Bears,The Bear Den,N/A,79.0,44,3,0.554,0.667,2,1,1224,790,434,4,1,5,9,44.4%,436.6,281.8,154.8,1.43,0.36,1.78,3.21,408.0,263.3,144.7,1.33,0.33,1.67,3.00,8,7,2.85,2.50,2.67,2.33
,,,Jatt,Master,Tempests,Storm,N/A,78.1,927,60,0.473,0.433,26,34,24607,14060,10547,54,37,99,186,29.0%,416.6,238.0,178.6,0.91,0.63,1.68,3.15,410.1,234.3,175.8,0.90,0.62,1.65,3.10,138,148,2.34,2.51,2.30,2.47
,,,Diamond ^.^,Master,Lemurs,The Jungle,N/A,77.0,901,56,0.607,0.661,37,19,23821,13450,10371,61,35,77,175,34.9%,414.9,234.3,180.6,1.06,0.61,1.34,3.05,425.4,240.2,185.2,1.09,0.63,1.38,3.13,152,115,2.65,2.00,2.71,2.05
,,,Leonis,Master,Heinous Henchmen,The Syndicate,N/A,76.2,941,60,0.733,0.783,47,13,23822,13460,10362,49,51,84,181,27.1%,397.3,224.5,172.8,0.82,0.85,1.40,3.02,397.0,224.3,172.7,0.82,0.85,1.40,3.02,163,83,2.72,1.38,2.72,1.38
,,,Wolf,Master,Heinous Henchmen,The Syndicate,N/A,74.7,885,56,0.733,0.768,43,13,23029,13720,9309,59,38,85,167,35.3%,408.4,243.3,165.1,1.05,0.67,1.51,2.96,411.2,245.0,166.2,1.05,0.68,1.52,2.98,153,78,2.71,1.38,2.73,1.39
,,,Loyboy2,Master,Chimaeras,The Abyss,N/A,72.7,291,18,0.532,0.611,11,7,7576,4180,3396,18,7,28,63,28.6%,408.6,225.4,183.1,0.97,0.38,1.51,3.40,420.9,232.2,188.7,1.00,0.39,1.56,3.50,35,32,1.89,1.73,1.94,1.78
,,,Kev1N,Master,Lasagna Legion,Italian Battalion,N/A,70.3,299,20,0.492,0.600,12,8,7415,3920,3495,15,16,22,52,28.8%,389.2,205.8,183.4,0.79,0.84,1.15,2.73,370.8,196.0,174.8,0.75,0.80,1.10,2.60,48,49,2.52,2.57,2.40,2.45
,,,Dq.,Master,Helicoprions,Shark Attack,N/A,68.5,948,60,0.549,0.600,36,24,24019,13720,10299,65,29,78,187,34.8%,397.6,227.1,170.5,1.08,0.48,1.29,3.10,400.3,228.7,171.7,1.08,0.48,1.30,3.12,154,136,2.55,2.25,2.57,2.27
,,,John Tingle,Master,Hel,The Gods,N/A,63.2,922,60,0.506,0.517,31,29,22623,12280,10343,48,39,79,158,30.4%,385.1,209.0,176.1,0.82,0.66,1.34,2.69,377.1,204.7,172.4,0.80,0.65,1.32,2.63,132,130,2.25,2.21,2.20,2.17
,,,Bex!,Master,Stampede,Ox Gaming,N/A,63.2,757,51,0.589,0.588,30,21,17502,10250,7252,46,32,50,155,29.7%,362.8,212.5,150.3,0.95,0.66,1.04,3.21,343.2,201.0,142.2,0.90,0.63,0.98,3.04,126,100,2.61,2.07,2.47,1.96
,,,Panzler,Master,Blues,Whale Defense,N/A,63.1,718,47,0.459,0.362,17,30,17031,9840,7191,37,33,63,134,27.6%,372.3,215.1,157.2,0.81,0.72,1.38,2.93,362.4,209.4,153.0,0.79,0.70,1.34,2.85,109,121,2.38,2.64,2.32,2.57
,,,Roman.,Master,Lemurs,The Jungle,N/A,62.7,731,45,0.554,0.622,28,17,17666,10410,7256,42,29,68,136,30.9%,379.3,223.5,155.8,0.90,0.62,1.46,2.92,392.6,231.3,161.2,0.93,0.64,1.51,3.02,114,99,2.45,2.13,2.53,2.20
,,,Tuna,Master,Desolation,Event Horizon,N/A,60.9,967,60,0.528,0.550,33,27,23597,13660,9937,60,32,86,176,34.1%,383.0,221.7,161.3,0.97,0.52,1.40,2.86,393.3,227.7,165.6,1.00,0.53,1.43,2.93,141,131,2.29,2.13,2.35,2.18
,,,Melly,Master,Lasagna Legion,Italian Battalion,N/A,60.1,299,20,0.492,0.600,12,8,7442,4330,3112,18,11,30,48,37.5%,390.6,227.3,163.3,0.94,0.58,1.57,2.52,372.1,216.5,155.6,0.90,0.55,1.50,2.40,48,49,2.52,2.57,2.40,2.45
,,,Infinite,Master,Desolation,Event Horizon,N/A,59.2,927,58,0.535,0.552,32,26,22295,11890,10405,37,36,95,164,22.6%,377.4,201.3,176.2,0.63,0.61,1.61,2.78,384.4,205.0,179.4,0.64,0.62,1.64,2.83,137,125,2.32,2.12,2.36,2.16
,,,Aub,Master,Helicoprions,Shark Attack,N/A,58.8,929,59,0.557,0.610,36,23,21883,12740,9143,52,39,79,164,31.7%,369.7,215.2,154.5,0.88,0.66,1.33,2.77,370.9,215.9,155.0,0.88,0.66,1.34,2.78,154,133,2.60,2.25,2.61,2.25
,,,Nehtaro,Master,Blues,Whale Defense,N/A,58.8,742,48,0.524,0.521,25,23,17202,9410,7792,35,32,59,136,25.7%,363.8,199.0,164.8,0.74,0.68,1.25,2.88,358.4,196.0,162.3,0.73,0.67,1.23,2.83,115,108,2.43,2.28,2.40,2.25
,,,Rev,Master,"Lasagna Legion
Basilisks","Italian Battalion
The Forest",N/A,58.4,643,41,0.447,0.390,16,25,14881,8610,6271,32,29,56,116,27.6%,363.2,210.1,153.1,0.78,0.71,1.37,2.83,363.0,210.0,153.0,0.78,0.71,1.37,2.83,88,101,2.15,2.47,2.15,2.46
,,,Generalzippy,Master,Care Bears,The Bear Den,N/A,58.1,735,48,0.415,0.438,21,27,18752,10100,8652,29,20,100,120,24.2%,400.4,215.7,184.7,0.62,0.43,2.14,2.56,390.7,210.4,180.3,0.60,0.42,2.08,2.50,86,108,1.84,2.31,1.79,2.25
,,,Pletheros,Master,"Chimaeras
Lasagna Legion","The Abyss
Italian Battalion",N/A,57.0,131,8,0.461,0.375,3,5,3087,1880,1207,7,3,15,28,25.0%,369.8,225.2,144.6,0.84,0.36,1.80,3.35,385.9,235.0,150.9,0.88,0.38,1.88,3.50,19,21,2.28,2.52,2.38,2.63
,,,Saucey,Master,Heinous Henchmen,The Syndicate,N/A,56.3,902,58,0.733,0.776,45,13,21360,11980,9380,50,29,78,163,30.7%,371.6,208.4,163.2,0.87,0.50,1.36,2.84,368.3,206.6,161.7,0.86,0.50,1.34,2.81,155,79,2.70,1.37,2.67,1.36
,,,Python,Master,Care Bears,The Bear Den,N/A,55.0,373,23,0.469,0.478,11,12,8795,4830,3965,16,12,39,68,23.5%,370.0,203.2,166.8,0.67,0.50,1.64,2.86,382.4,210.0,172.4,0.70,0.52,1.70,2.96,46,50,1.94,2.10,2.00,2.17
,,,Plasma,Master,"Basilisks
Blackout","The Forest
Electric Mayhem",N/A,54.9,932,60,0.486,0.467,28,32,22054,12340,9714,53,31,78,159,33.3%,371.4,207.8,163.6,0.89,0.52,1.31,2.68,367.6,205.7,161.9,0.88,0.52,1.30,2.65,136,141,2.29,2.37,2.27,2.35
,,,Kri0S,Master,Chimaeras,The Abyss,N/A,54.5,722,49,0.465,0.449,22,27,17560,9340,8220,26,30,84,104,25.0%,381.7,203.0,178.7,0.57,0.65,1.83,2.26,358.4,190.6,167.8,0.53,0.61,1.71,2.12,92,101,2.00,2.20,1.88,2.06
,,,Bubbles,Master,Chimaeras,The Abyss,N/A,54.4,55,4,0.550,0.500,2,2,1269,680,589,2,3,5,8,25.0%,362.1,194.0,168.1,0.57,0.86,1.43,2.28,317.3,170.0,147.3,0.50,0.75,1.25,2.00,8,7,2.28,2.00,2.00,1.75
,,,Nautikl,Master,Helicoprions,Shark Attack,N/A,53.9,614,40,0.606,0.700,28,12,13578,7480,6098,26,37,42,93,28.0%,347.1,191.2,155.9,0.66,0.95,1.07,2.38,339.5,187.0,152.5,0.65,0.93,1.05,2.33,109,83,2.79,2.12,2.73,2.08
,,,Zdawg2020Dec,Master,Blackout,Electric Mayhem,N/A,53.7,486,30,0.439,0.433,13,17,11688,6360,5328,20,13,57,86,23.3%,377.4,205.4,172.1,0.65,0.42,1.84,2.78,389.6,212.0,177.6,0.67,0.43,1.90,2.87,64,75,2.07,2.42,2.13,2.50
,,,Swax,Master,Spectres,The Monster Mash,N/A,53.3,243,15,0.591,0.600,9,6,6017,3620,2397,14,7,30,37,37.8%,388.6,233.8,154.8,0.90,0.45,1.94,2.39,401.1,241.3,159.8,0.93,0.47,2.00,2.47,37,29,2.39,1.87,2.47,1.93
,,,Xero,Master,Hel,The Gods,N/A,50.9,922,60,0.506,0.517,31,29,22061,12520,9541,39,31,113,142,27.5%,375.5,213.1,162.4,0.66,0.53,1.92,2.42,367.7,208.7,159.0,0.65,0.52,1.88,2.37,132,130,2.25,2.21,2.20,2.17
,,,Ghoosstyyyyyyy,Master,Feta Forgers,Cheese Guild,N/A,50.0,817,49,0.410,0.429,21,28,18685,10180,8505,39,25,72,143,27.3%,358.9,195.5,163.4,0.75,0.48,1.38,2.75,381.3,207.8,173.6,0.80,0.51,1.47,2.92,105,133,2.02,2.55,2.14,2.71
,,,Frikitshoward,Master,Basilisks,The Forest,N/A,49.5,564,38,0.379,0.316,12,26,12690,6710,5980,26,20,43,96,27.1%,353.1,186.7,166.4,0.72,0.56,1.20,2.67,333.9,176.6,157.4,0.68,0.53,1.13,2.53,69,95,1.92,2.64,1.82,2.50
,,,Jacks0Ntheboss,Master,Stampede,Ox Gaming,N/A,48.5,820,55,0.591,0.582,32,23,18368,9650,8718,34,38,63,120,28.3%,351.5,184.7,166.9,0.65,0.73,1.21,2.30,334.0,175.5,158.5,0.62,0.69,1.15,2.18,138,109,2.64,2.09,2.51,1.98
,,,Timbo,Master,Basilisks,The Forest,N/A,47.4,610,41,0.513,0.512,21,20,13713,7650,6063,33,25,44,90,36.7%,352.8,196.8,156.0,0.85,0.64,1.13,2.32,334.5,186.6,147.9,0.80,0.61,1.07,2.20,89,86,2.29,2.21,2.17,2.10
,,,Rocksox,Master,Spectres,The Monster Mash,N/A,47.0,986,59,0.545,0.542,32,27,21431,11760,9671,41,36,82,176,23.3%,341.1,187.2,153.9,0.65,0.57,1.31,2.80,363.2,199.3,163.9,0.69,0.61,1.39,2.98,141,125,2.24,1.99,2.39,2.12
,,,R0Cket,Master,"Care Bears
Blues","The Bear Den
Whale Defense",N/A,46.8,564,37,0.474,0.459,17,20,13014,6740,6274,23,19,53,84,27.4%,362.1,187.5,174.6,0.64,0.53,1.47,2.34,351.7,182.2,169.6,0.62,0.51,1.43,2.27,87,93,2.42,2.59,2.35,2.51
,,,Cid No Meka,Master,Chimaeras,The Abyss,N/A,45.1,829,53,0.500,0.528,28,25,19199,10960,8239,38,29,91,116,32.8%,363.5,207.5,156.0,0.72,0.55,1.72,2.20,362.2,206.8,155.5,0.72,0.55,1.72,2.19,106,106,2.01,2.01,2.00,2.00
,,,Papakhan,Master,Feta Forgers,Cheese Guild,N/A,43.8,754,45,0.389,0.378,17,28,16578,9250,7328,29,28,75,120,24.2%,345.1,192.5,152.5,0.60,0.58,1.56,2.50,368.4,205.6,162.8,0.64,0.62,1.67,2.67,99,132,2.06,2.75,2.20,2.93
,,,Cash,Master,"Orion
Lasagna Legion","The Nexus
Italian Battalion",N/A,42.9,612,39,0.437,0.359,14,25,13914,7780,6134,32,21,54,83,38.6%,356.8,199.5,157.3,0.82,0.54,1.38,2.13,356.8,199.5,157.3,0.82,0.54,1.38,2.13,86,101,2.21,2.59,2.21,2.59
,,,Treezy,Master,"Basilisks
Feta Forgers","The Forest
Cheese Guild",N/A,42.8,696,46,0.447,0.413,19,27,15220,8380,6840,31,18,63,123,25.2%,343.2,189.0,154.2,0.70,0.41,1.42,2.77,330.9,182.2,148.7,0.67,0.39,1.37,2.67,95,109,2.14,2.46,2.07,2.37
,,,Miserable,Master,Orion,The Nexus,N/A,42.5,451,28,0.344,0.286,8,20,10091,5810,4281,21,11,48,76,27.6%,351.1,202.2,149.0,0.73,0.38,1.67,2.64,360.4,207.5,152.9,0.75,0.39,1.71,2.71,55,83,1.91,2.89,1.96,2.96
,,,Kalten,Master,Hel,The Gods,N/A,42.4,883,57,0.509,0.509,29,28,20269,11140,9129,44,16,90,144,30.6%,360.2,198.0,162.3,0.78,0.28,1.60,2.56,355.6,195.4,160.2,0.77,0.28,1.58,2.53,125,122,2.22,2.17,2.19,2.14
,,,Scotti,Master,Chimaeras,The Abyss,N/A,42.2,789,52,0.500,0.519,27,25,17327,9360,7967,33,25,71,126,26.2%,344.6,186.2,158.5,0.66,0.50,1.41,2.51,333.2,180.0,153.2,0.63,0.48,1.37,2.42,104,104,2.07,2.07,2.00,2.00
,,,Shamurl,Master,Tempests,Storm,N/A,42.2,868,56,0.494,0.464,26,30,19484,11150,8334,49,25,74,130,37.7%,352.3,201.6,150.7,0.89,0.45,1.34,2.35,347.9,199.1,148.8,0.88,0.45,1.32,2.32,133,135,2.40,2.44,2.38,2.41
,,,Cheez,Master,Lasagna Legion,Italian Battalion,N/A,42.1,299,20,0.492,0.600,12,8,6926,3730,3196,15,7,29,43,34.9%,363.5,195.8,167.7,0.79,0.37,1.52,2.26,346.3,186.5,159.8,0.75,0.35,1.45,2.15,48,49,2.52,2.57,2.40,2.45
,,,Nuggz,Master,Orion,The Nexus,N/A,41.2,426,27,0.470,0.407,11,16,9589,5610,3979,19,14,48,61,31.1%,353.3,206.7,146.6,0.70,0.52,1.77,2.25,355.1,207.8,147.4,0.70,0.52,1.78,2.26,63,68,2.32,2.51,2.33,2.52
,,,Buck,Master,Blues,Whale Defense,N/A,39.2,742,48,0.462,0.396,19,29,15719,9040,6679,42,23,50,119,35.3%,332.5,191.2,141.3,0.89,0.49,1.06,2.52,327.5,188.3,139.1,0.88,0.48,1.04,2.48,106,117,2.24,2.47,2.21,2.44
,,,Phelpsy,Master,Desolation,Event Horizon,N/A,39.2,948,59,0.532,0.559,33,26,19273,11270,8003,41,35,75,167,24.6%,319.1,186.6,132.5,0.68,0.58,1.24,2.76,326.7,191.0,135.6,0.69,0.59,1.27,2.83,137,126,2.27,2.09,2.32,2.14
,,,Earth,Master,Blackout,Electric Mayhem,N/A,38.9,501,32,0.383,0.344,11,21,11780,6690,5090,21,12,67,64,32.8%,369.0,209.6,159.4,0.66,0.38,2.10,2.00,368.1,209.1,159.1,0.66,0.38,2.09,2.00,65,88,2.04,2.76,2.03,2.75
,,,Dolphino,Master,Blackout,Electric Mayhem,N/A,38.7,933,58,0.411,0.379,22,36,19440,11200,8240,39,42,77,135,28.9%,327.0,188.4,138.6,0.66,0.71,1.30,2.27,335.2,193.1,142.1,0.67,0.72,1.33,2.33,123,155,2.07,2.61,2.12,2.67
,,,Bosco,Master,Basilisks,The Forest,N/A,37.7,107,7,0.527,0.571,4,3,1921,1080,841,2,5,8,23,8.7%,281.8,158.4,123.3,0.29,0.73,1.17,3.37,274.4,154.3,120.1,0.29,0.71,1.14,3.29,14,13,2.05,1.91,2.00,1.86
,,,Robtull1,Master,Orion,The Nexus,N/A,37.4,702,46,0.446,0.391,18,28,15791,7920,7871,24,20,72,92,26.1%,353.0,177.1,176.0,0.54,0.45,1.61,2.06,343.3,172.2,171.1,0.52,0.43,1.57,2.00,92,106,2.06,2.37,2.00,2.30
,,,Prussia,Master,Care Bears,The Bear Den,N/A,36.7,56,4,0.610,0.500,2,2,1102,510,592,1,4,3,6,16.7%,308.8,142.9,165.9,0.28,1.12,0.84,1.68,275.5,127.5,148.0,0.25,1.00,0.75,1.50,13,10,3.64,2.80,3.25,2.50
,,,Unexpected,Master,Lemurs,The Jungle,N/A,36.0,707,43,0.578,0.605,26,17,14251,8200,6051,29,27,56,115,25.2%,316.3,182.0,134.3,0.64,0.60,1.24,2.55,331.4,190.7,140.7,0.67,0.63,1.30,2.67,114,93,2.53,2.06,2.65,2.16
,,,Instnt,Master,"Tempests
Orion","Storm
The Nexus",N/A,35.4,556,37,0.428,0.405,15,22,11812,6670,5142,25,17,50,82,30.5%,333.4,188.3,145.1,0.71,0.48,1.41,2.31,319.2,180.3,139.0,0.68,0.46,1.35,2.22,73,88,2.06,2.48,1.97,2.38
,,,Buckle,Master,Feta Forgers,Cheese Guild,N/A,35.2,805,48,0.414,0.396,19,29,16946,9620,7326,29,31,81,112,25.9%,330.4,187.5,142.8,0.57,0.60,1.58,2.18,353.0,200.4,152.6,0.60,0.65,1.69,2.33,103,129,2.01,2.51,2.15,2.69
,,,Boog Mccroog,Master,"Lasagna Legion
Orion","Italian Battalion
The Nexus",N/A,34.8,713,46,0.369,0.326,15,31,15030,8030,7000,26,19,67,113,23.0%,330.8,176.7,154.1,0.57,0.42,1.47,2.49,326.7,174.6,152.2,0.57,0.41,1.46,2.46,80,114,1.76,2.51,1.74,2.48
,,,Anthage,Master,Stampede,Ox Gaming,N/A,33.1,170,10,0.467,0.400,4,6,3413,1820,1593,5,6,15,27,18.5%,315.1,168.0,147.1,0.46,0.55,1.38,2.49,341.3,182.0,159.3,0.50,0.60,1.50,2.70,22,24,2.03,2.22,2.20,2.40
,,,Croph,Master,Spectres,The Monster Mash,N/A,31.9,875,53,0.516,0.528,28,25,17149,9710,7439,28,40,73,126,22.2%,307.6,174.2,133.4,0.50,0.72,1.31,2.26,323.6,183.2,140.4,0.53,0.75,1.38,2.38,122,117,2.19,2.10,2.30,2.21
,,,Sgtpickle,Master,Lemurs,The Jungle,N/A,29.6,577,36,0.522,0.556,20,16,11623,7280,4343,25,20,59,83,30.1%,316.1,198.0,118.1,0.68,0.54,1.60,2.26,322.9,202.2,120.6,0.69,0.56,1.64,2.31,91,86,2.48,2.34,2.53,2.39
,,,Aj,Master,Feta Forgers,Cheese Guild,N/A,29.0,548,33,0.349,0.333,11,22,10812,6140,4672,24,19,40,79,30.4%,309.6,175.8,133.8,0.69,0.54,1.15,2.26,327.6,186.1,141.6,0.73,0.58,1.21,2.39,65,97,1.86,2.78,1.97,2.94
,,,O Beese,Master,"Blackout
Basilisks","Electric Mayhem
The Forest",N/A,28.5,815,52,0.369,0.346,18,34,16040,8430,7610,29,23,62,128,22.7%,308.9,162.3,146.5,0.56,0.44,1.19,2.46,308.5,162.1,146.3,0.56,0.44,1.19,2.46,95,135,1.83,2.60,1.83,2.60
,,,Liam,Master,Lasagna Legion,Italian Battalion,N/A,27.9,414,26,0.450,0.423,11,15,7938,3940,3998,16,13,21,64,25.0%,300.9,149.4,151.6,0.61,0.49,0.80,2.43,305.3,151.5,153.8,0.62,0.50,0.81,2.46,58,66,2.20,2.50,2.23,2.54
,,,Bigrick6,Master,Heinous Henchmen,The Syndicate,N/A,27.2,95,6,0.744,1.000,6,0,1853,1110,743,5,2,7,16,31.3%,306.1,183.4,122.7,0.83,0.33,1.16,2.64,308.8,185.0,123.8,0.83,0.33,1.17,2.67,18,9,2.97,1.49,3.00,1.50
,,,Latte,Master,Tempests,Storm,N/A,26.2,115,8,0.289,0.250,2,6,2348,1110,1238,3,5,9,11,27.3%,320.4,151.5,168.9,0.41,0.68,1.23,1.50,293.5,138.8,154.8,0.38,0.63,1.13,1.38,15,26,2.05,3.55,1.88,3.25
,,,Wall2Wall3,Master,Tempests,Storm,N/A,22.3,505,32,0.510,0.406,13,19,9089,5050,4039,18,24,28,65,27.7%,282.5,156.9,125.5,0.56,0.75,0.87,2.02,284.0,157.8,126.2,0.56,0.75,0.88,2.03,76,74,2.36,2.30,2.38,2.31
,,,Wavepace,Master,"Tempests
Care Bears","Storm
The Bear Den",N/A,22.1,626,39,0.370,0.359,14,25,12249,6360,5889,23,15,49,86,26.7%,307.1,159.4,147.6,0.58,0.38,1.23,2.16,314.1,163.1,151.0,0.59,0.38,1.26,2.21,72,102,1.81,2.56,1.85,2.62
,,,Sikki,Master,Care Bears,The Bear Den,N/A,19.9,106,7,0.255,0.286,2,5,2270,1140,1130,4,0,12,14,28.6%,336.1,168.8,167.3,0.59,0.00,1.78,2.07,324.3,162.9,161.4,0.57,0.00,1.71,2.00,7,15,1.04,2.22,1.00,2.14
,,,Skrooms,Master,Care Bears,The Bear Den,N/A,19.4,833,55,0.396,0.400,22,33,16040,8800,7240,33,18,69,115,28.7%,302.2,165.8,136.4,0.62,0.34,1.30,2.17,291.6,160.0,131.6,0.60,0.33,1.25,2.09,101,133,1.90,2.51,1.84,2.42
,,,Memlo,Master,Helicoprions,Shark Attack,N/A,18.7,353,21,0.417,0.381,8,13,6279,3810,2469,11,11,32,56,19.6%,279.2,169.4,109.8,0.49,0.49,1.42,2.49,299.0,181.4,117.6,0.52,0.52,1.52,2.67,45,56,2.00,2.49,2.14,2.67
,,,Beans,Master,Hel,The Gods,N/A,17.9,39,3,0.444,0.667,2,1,824,410,414,1,2,4,1,100.0%,331.6,165.0,166.6,0.40,0.80,1.61,0.40,274.7,136.7,138.0,0.33,0.67,1.33,0.33,7,8,2.82,3.22,2.33,2.67
,,,Nue.,Master,Desolation,Event Horizon,N/A,15.9,59,3,0.376,0.333,1,2,949,570,379,3,1,2,12,25.0%,252.4,151.6,100.8,0.80,0.27,0.53,3.19,316.3,190.0,126.3,1.00,0.33,0.67,4.00,8,11,2.13,2.93,2.67,3.67
,,,Ibonic,Master,Stampede,Ox Gaming,N/A,14.3,71,4,0.457,0.500,2,2,1140,570,570,3,2,1,12,25.0%,252.0,126.0,126.0,0.66,0.44,0.22,2.65,285.0,142.5,142.5,0.75,0.50,0.25,3.00,8,9,1.77,1.99,2.00,2.25
,,,Dosia,Master,Blues,Whale Defense,N/A,10.6,137,9,0.533,0.556,5,4,2483,1450,1033,8,1,8,20,40.0%,284.4,166.1,118.3,0.92,0.11,0.92,2.29,275.9,161.1,114.8,0.89,0.11,0.89,2.22,26,24,2.98,2.75,2.89,2.67
,,,Djcasualties,Master,Lasagna Legion,Italian Battalion,N/A,5.7,221,15,0.426,0.333,5,10,3681,1900,1781,6,5,15,30,20.0%,261.4,134.9,126.5,0.43,0.36,1.07,2.13,245.4,126.7,118.7,0.40,0.33,1.00,2.00,28,34,1.99,2.41,1.87,2.27
,,,Florscnt.,Elite,Knights,The Sovereign,Lunar,108.8,396,23,0.613,0.478,11,12,11209,6990,4219,28,25,41,89,31.5%,448.4,279.6,168.8,1.12,1.00,1.64,3.56,487.3,303.9,183.4,1.22,1.09,1.78,3.87,77,58,3.08,2.32,3.35,2.52
,,,Acp.,Elite,"Vibranium
Great Whites","Metal
Shark Attack",Solar,102.0,134,8,0.711,0.500,4,4,3366,2020,1346,8,10,8,32,25.0%,397.9,238.8,159.1,0.95,1.18,0.95,3.78,420.8,252.5,168.3,1.00,1.25,1.00,4.00,31,18,3.66,2.13,3.88,2.25
,,,Pulse Maggie,Elite,Sloths,The Jungle,Solar,95.6,991,64,0.689,0.688,44,20,28406,17000,11406,66,47,121,200,33.0%,454.1,271.8,182.3,1.06,0.75,1.93,3.20,443.8,265.6,178.2,1.03,0.73,1.89,3.13,186,112,2.97,1.79,2.91,1.75
,,,Yaboi Lilv,Elite,Vibranium,Metal,Solar,87.7,663,44,0.649,0.614,27,17,18563,10520,8043,46,27,65,132,34.8%,443.6,251.4,192.2,1.10,0.65,1.55,3.15,421.9,239.1,182.8,1.05,0.61,1.48,3.00,116,78,2.77,1.86,2.64,1.77
,,,Vyvants,Elite,Widows,Eight Legged Freaks,Lunar,86.6,908,60,0.660,0.667,40,20,24241,14350,9891,59,46,87,180,32.8%,422.9,250.4,172.6,1.03,0.80,1.52,3.14,404.0,239.2,164.9,0.98,0.77,1.45,3.00,169,111,2.95,1.94,2.82,1.85
,,,Mezmer,Elite,Knights,The Sovereign,Lunar,86.3,75,4,0.563,0.750,3,1,2054,1330,724,5,4,10,13,38.5%,433.9,280.9,152.9,1.06,0.84,2.11,2.75,513.5,332.5,181.0,1.25,1.00,2.50,3.25,14,12,2.96,2.53,3.50,3.00
,,,Chips.,Elite,Azathoth,The Mythos,Lunar,85.1,1042,64,0.559,0.531,34,30,28450,17310,11140,81,39,100,226,35.8%,432.5,263.2,169.4,1.23,0.59,1.52,3.44,444.5,270.5,174.1,1.27,0.61,1.56,3.53,181,156,2.75,2.37,2.83,2.44
,,,Twst3D-,Elite,Onions,The Garden,Solar,84.1,417,28,0.575,0.571,16,12,10800,6560,4240,24,29,42,61,39.3%,410.3,249.2,161.1,0.91,1.10,1.60,2.32,385.7,234.3,151.4,0.86,1.04,1.50,2.18,76,63,2.89,2.39,2.71,2.25
,,,Clamhammer,Elite,Thunder,Electric Mayhem,Lunar,84.0,108,8,0.523,0.625,5,3,2672,1390,1282,5,6,7,24,20.8%,391.9,203.9,188.1,0.73,0.88,1.03,3.52,334.0,173.8,160.3,0.63,0.75,0.88,3.00,18,17,2.64,2.49,2.25,2.13
,,,Alley 8,Elite,"Anglers
Finbacks","The Abyss
Whale Defense",Solar,83.9,265,15,0.543,0.467,7,8,7342,4410,2932,15,11,37,51,29.4%,438.9,263.6,175.3,0.90,0.66,2.21,3.05,489.5,294.0,195.5,1.00,0.73,2.47,3.40,37,33,2.21,1.97,2.47,2.20
,,,Isaac13003,Elite,Geeky Ghouls,Ghoul School,Solar,83.6,760,48,0.570,0.646,31,17,21167,12270,8897,46,28,95,152,30.3%,441.2,255.8,185.5,0.96,0.58,1.98,3.17,441.0,255.6,185.4,0.96,0.58,1.98,3.17,120,100,2.50,2.08,2.50,2.08
,,,V,Elite,Cotija Cartel,Cheese Guild,Solar,82.1,938,60,0.604,0.617,37,23,24851,15240,9611,66,42,93,189,34.9%,419.7,257.4,162.3,1.11,0.71,1.57,3.19,414.2,254.0,160.2,1.10,0.70,1.55,3.15,167,128,2.82,2.16,2.78,2.13
,,,Marcus.,Elite,Vibranium,Metal,Solar,77.9,968,64,0.574,0.500,32,32,25327,14780,10547,60,45,95,178,33.7%,414.5,241.9,172.6,0.98,0.74,1.55,2.91,395.7,230.9,164.8,0.94,0.70,1.48,2.78,155,128,2.54,2.09,2.42,2.00
,,,Sea Punk,Elite,Demons,The Monster Mash,Lunar,77.5,48,4,0.400,0.500,2,2,1263,640,623,3,2,3,9,33.3%,416.8,211.2,205.6,0.99,0.66,0.99,2.97,315.8,160.0,155.8,0.75,0.50,0.75,2.25,7,9,2.31,2.97,1.75,2.25
,,,Tempo.,Elite,Ravioli Rangers,Italian Battalion,Lunar,76.9,407,28,0.560,0.536,15,13,10527,6280,4247,30,18,32,78,38.5%,409.8,244.4,165.3,1.17,0.70,1.25,3.04,376.0,224.3,151.7,1.07,0.64,1.14,2.79,71,61,2.76,2.37,2.54,2.18
,,,Frenchy,Elite,"Cyclones
Ghastly Goombahs
Flailers","Storm
The Syndicate
The Quad Dynasty",Lunar,76.6,709,47,0.576,0.532,25,22,17923,10240,7683,36,39,69,124,29.0%,400.5,228.8,171.7,0.80,0.87,1.54,2.77,381.3,217.9,163.5,0.77,0.83,1.47,2.64,118,97,2.64,2.17,2.51,2.06
,,,P0Larbear,Elite,"Flailers
Azathoth","The Quad Dynasty
The Mythos",Lunar,75.8,812,52,0.663,0.615,32,20,20110,12070,8040,48,41,72,162,29.6%,392.3,235.5,156.9,0.94,0.80,1.40,3.16,386.7,232.1,154.6,0.92,0.79,1.38,3.12,156,102,3.04,1.99,3.00,1.96
,,,Blender,Elite,Geeky Ghouls,Ghoul School,Solar,75.5,76,4,0.728,0.750,3,1,1932,1260,672,7,3,5,16,43.8%,402.7,262.6,140.1,1.46,0.63,1.04,3.34,483.0,315.0,168.0,1.75,0.75,1.25,4.00,15,8,3.13,1.67,3.75,2.00
,,,Rydexian,Elite,Cotija Cartel,Cheese Guild,Solar,73.9,1002,64,0.581,0.578,37,27,25208,14950,10258,65,44,85,200,32.5%,398.6,236.4,162.2,1.03,0.70,1.34,3.16,393.9,233.6,160.3,1.02,0.69,1.33,3.13,172,140,2.72,2.21,2.69,2.19
,,,Relax,Elite,Teddy Bears,The Bear Den,Lunar,72.5,1036,64,0.483,0.531,34,30,27348,16160,11188,71,30,108,216,32.9%,418.2,247.1,171.1,1.09,0.46,1.65,3.30,427.3,252.5,174.8,1.11,0.47,1.69,3.38,164,171,2.51,2.61,2.56,2.67
,,,Raunchyromanian,Elite,Dab Brulee,The Bakery,Lunar,71.0,928,60,0.505,0.567,34,26,24578,13820,10758,52,34,106,162,32.1%,419.6,235.9,183.7,0.89,0.58,1.81,2.77,409.6,230.3,179.3,0.87,0.57,1.77,2.70,148,146,2.53,2.49,2.47,2.43
,,,Nick.,Elite,Wendigos,The Forest,Solar,70.8,1000,63,0.613,0.651,41,22,24322,13960,10362,56,46,81,201,27.9%,385.3,221.2,164.2,0.89,0.73,1.28,3.18,386.1,221.6,164.5,0.89,0.73,1.29,3.19,168,125,2.66,1.98,2.67,1.98
,,,Sparcnovatg1,Elite,Widows,Eight Legged Freaks,Lunar,70.6,848,56,0.674,0.696,39,17,21269,12930,8339,62,35,67,163,38.0%,397.3,241.6,155.8,1.16,0.65,1.25,3.05,379.8,230.9,148.9,1.11,0.63,1.20,2.91,167,106,3.12,1.98,2.98,1.89
,,,Wohfu,Elite,Onions,The Garden,Solar,69.4,955,64,0.503,0.484,31,33,23850,13500,10350,51,42,91,175,29.1%,395.6,223.9,171.7,0.85,0.70,1.51,2.90,372.7,210.9,161.7,0.80,0.66,1.42,2.73,153,152,2.54,2.52,2.39,2.38
,,,Khamul,Elite,Santa Muerte,The Gods,Lunar,68.4,946,60,0.558,0.550,33,27,24014,13560,10454,48,41,102,161,29.8%,402.1,227.1,175.1,0.80,0.69,1.71,2.70,400.2,226.0,174.2,0.80,0.68,1.70,2.68,162,140,2.71,2.34,2.70,2.33
,,,Snack Time!,Elite,Ghastly Goombahs,The Syndicate,Lunar,68.0,964,64,0.556,0.578,37,27,24199,14170,10029,60,36,90,187,32.1%,397.7,232.9,164.8,0.99,0.59,1.48,3.07,378.1,221.4,156.7,0.94,0.56,1.41,2.92,157,136,2.58,2.23,2.45,2.13
,,,Gillz,Elite,Isolation,Event Horizon,Solar,66.8,73,4,0.668,0.500,2,2,1537,1010,527,4,6,4,11,36.4%,333.6,219.2,114.4,0.87,1.30,0.87,2.39,384.3,252.5,131.8,1.00,1.50,1.00,2.75,14,9,3.04,1.95,3.50,2.25
,,,Kourses,Elite,Hydras,Draconem,Solar,66.4,276,18,0.538,0.556,10,8,6795,3760,3035,15,10,24,56,26.8%,390.0,215.8,174.2,0.86,0.57,1.38,3.21,377.5,208.9,168.6,0.83,0.56,1.33,3.11,43,39,2.47,2.24,2.39,2.17
,,,Tyty,Elite,Mechanical,Energy,Lunar,65.1,847,51,0.589,0.647,33,18,20246,11970,8276,46,39,77,157,29.3%,378.7,223.9,154.8,0.86,0.73,1.44,2.94,397.0,234.7,162.3,0.90,0.76,1.51,3.08,155,124,2.90,2.32,3.04,2.43
,,,Alexk,Elite,Santa Muerte,The Gods,Lunar,64.6,944,60,0.542,0.550,33,27,23137,13830,9307,60,41,83,163,36.8%,388.3,232.1,156.2,1.01,0.69,1.39,2.74,385.6,230.5,155.1,1.00,0.68,1.38,2.72,158,142,2.65,2.38,2.63,2.37
,,,Localrl,Elite,Thunder,Electric Mayhem,Lunar,64.3,473,30,0.371,0.367,11,19,11906,6650,5256,24,20,50,75,32.0%,398.8,222.7,176.0,0.80,0.67,1.67,2.51,396.9,221.7,175.2,0.80,0.67,1.67,2.50,64,89,2.14,2.98,2.13,2.97
,,,Riptide;),Elite,"Isolation
Cyclones","Event Horizon
Storm",Solar,64.1,644,40,0.496,0.450,18,22,15263,8800,6463,33,31,56,115,28.7%,375.5,216.5,159.0,0.81,0.76,1.38,2.83,381.6,220.0,161.6,0.83,0.78,1.40,2.88,104,105,2.56,2.58,2.60,2.63
,,,Sillybunny,Elite,Cyclones,Storm,Solar,63.1,738,48,0.541,0.542,26,22,17634,10160,7474,44,30,57,141,31.2%,378.5,218.1,160.4,0.94,0.64,1.22,3.03,367.4,211.7,155.7,0.92,0.63,1.19,2.94,121,109,2.60,2.34,2.52,2.27
,,,Ryan,Elite,Great Whites,Shark Attack,Lunar,62.5,726,43,0.629,0.721,31,12,17323,9800,7523,32,34,73,125,25.6%,378.0,213.8,164.2,0.70,0.74,1.59,2.73,402.9,227.9,175.0,0.74,0.79,1.70,2.91,121,86,2.64,1.88,2.81,2.00
,,,Nixzy,Elite,Gelato,Fifty-Fifty Pizzeria,Lunar,62.0,785,44,0.491,0.432,19,25,19392,11320,8072,46,31,77,132,34.8%,391.4,228.4,162.9,0.93,0.63,1.55,2.66,440.7,257.3,183.5,1.05,0.70,1.75,3.00,126,129,2.54,2.60,2.86,2.93
,,,Super (Change),Elite,Rottweilers,Puppy Paradise,Solar,61.6,981,64,0.492,0.516,33,31,24378,13270,11108,48,38,99,162,29.6%,393.7,214.3,179.4,0.78,0.61,1.60,2.62,380.9,207.3,173.6,0.75,0.59,1.55,2.53,139,142,2.24,2.29,2.17,2.22
,,,Lordpinhead,Elite,"Dab Brulee
Sloths","The Bakery
The Jungle",Solar,61.6,94,6,0.529,0.500,3,3,2198,1230,968,5,4,7,18,27.8%,370.4,207.3,163.1,0.84,0.67,1.18,3.03,366.3,205.0,161.3,0.83,0.67,1.17,3.00,14,13,2.36,2.19,2.33,2.17
,,,Rapidz 0_0,Elite,Fire,The Elements,Solar,59.7,559,36,0.542,0.528,19,17,13507,7510,5997,29,25,50,86,33.7%,382.8,212.8,170.0,0.82,0.71,1.42,2.44,375.2,208.6,166.6,0.81,0.69,1.39,2.39,87,78,2.47,2.21,2.42,2.17
,,,Canadianregaining,Elite,Glacier Mint,Minty Fresh,Solar,59.7,932,59,0.506,0.508,30,29,22118,12990,9128,52,39,84,164,31.7%,376.0,220.8,155.2,0.88,0.66,1.43,2.79,374.9,220.2,154.7,0.88,0.66,1.42,2.78,135,133,2.29,2.26,2.29,2.25
,,,-Venomz,Elite,Dab Brulee,The Bakery,Lunar,59.4,609,41,0.541,0.634,26,15,14616,8120,6496,40,23,38,107,37.4%,380.2,211.2,169.0,1.04,0.60,0.99,2.78,356.5,198.0,158.4,0.98,0.56,0.93,2.61,103,93,2.68,2.42,2.51,2.27
,,,Super,Elite,Sloths,The Jungle,Solar,59.2,940,61,0.691,0.689,42,19,21787,12740,9047,57,50,63,139,41.0%,367.2,214.7,152.5,0.96,0.84,1.06,2.34,357.2,208.9,148.3,0.93,0.82,1.03,2.28,177,106,2.98,1.79,2.90,1.74
,,,Dav,Elite,Glacier Mint,Minty Fresh,Solar,59.1,973,62,0.519,0.532,33,29,23737,13570,10167,58,31,88,182,31.9%,386.5,220.9,165.5,0.94,0.50,1.43,2.96,382.9,218.9,164.0,0.94,0.50,1.42,2.94,150,143,2.44,2.33,2.42,2.31
,,,Flamethrowr,Elite,Mechanical,Energy,Lunar,58.9,964,58,0.515,0.552,32,26,22211,13550,8661,58,40,78,185,31.4%,365.0,222.7,142.3,0.95,0.66,1.28,3.04,382.9,233.6,149.3,1.00,0.69,1.34,3.19,158,152,2.60,2.50,2.72,2.62
,,,Ay G.,Elite,Wendigos,The Forest,Solar,58.7,952,60,0.619,0.667,40,20,22013,12300,9713,51,39,69,180,28.3%,366.3,204.7,161.6,0.85,0.65,1.15,3.00,366.9,205.0,161.9,0.85,0.65,1.15,3.00,160,117,2.66,1.95,2.67,1.95
,,,Zck,Elite,Ravioli Rangers,Italian Battalion,Lunar,58.6,792,54,0.579,0.556,30,24,19577,11080,8497,52,25,65,138,37.7%,391.6,221.6,170.0,1.04,0.50,1.30,2.76,362.5,205.2,157.4,0.96,0.46,1.20,2.56,144,118,2.88,2.36,2.67,2.19
,,,Kagurashinkiller,Elite,Ravioli Rangers,Italian Battalion,Lunar,58.6,896,60,0.563,0.533,32,28,21055,12150,8905,48,40,77,150,32.0%,372.3,214.8,157.4,0.85,0.71,1.36,2.65,350.9,202.5,148.4,0.80,0.67,1.28,2.50,157,134,2.78,2.37,2.62,2.23
,,,N0Maa,Elite,Knights,The Sovereign,Lunar,58.6,495,30,0.534,0.433,13,17,11393,6560,4833,26,26,38,76,34.2%,364.6,209.9,154.7,0.83,0.83,1.22,2.43,379.8,218.7,161.1,0.87,0.87,1.27,2.53,85,78,2.72,2.50,2.83,2.60
,,,Myth1Ck,Elite,Gelato,Fifty-Fifty Pizzeria,Lunar,58.4,723,40,0.514,0.475,19,21,17208,10540,6668,44,28,69,129,34.1%,377.1,230.9,146.1,0.96,0.61,1.51,2.83,430.2,263.5,166.7,1.10,0.70,1.73,3.23,119,115,2.61,2.52,2.98,2.88
,,,Zuleta,Elite,Flailers,The Quad Dynasty,Lunar,58.3,243,15,0.701,0.733,11,4,5773,3410,2363,16,7,19,51,31.4%,376.4,222.3,154.1,1.04,0.46,1.24,3.32,384.9,227.3,157.5,1.07,0.47,1.27,3.40,48,28,3.13,1.83,3.20,1.87
,,,Axlos (Goofy And Silly),Elite,Fire,The Elements,Solar,58.2,543,36,0.544,0.528,19,17,12641,7170,5471,29,23,43,97,29.9%,368.8,209.2,159.6,0.85,0.67,1.25,2.83,351.1,199.2,152.0,0.81,0.64,1.19,2.69,85,76,2.48,2.22,2.36,2.11
,,,Far,Elite,Onions,The Garden,Solar,58.1,920,61,0.522,0.508,31,30,21620,12500,9120,56,35,69,170,32.9%,372.3,215.2,157.0,0.96,0.60,1.19,2.93,354.4,204.9,149.5,0.92,0.57,1.13,2.79,151,143,2.60,2.46,2.48,2.34
,,,Ezpz Scopezz,Elite,Widows,Eight Legged Freaks,Lunar,57.9,908,60,0.660,0.667,40,20,20502,12070,8432,48,45,69,157,30.6%,357.7,210.6,147.1,0.84,0.79,1.20,2.74,341.7,201.2,140.5,0.80,0.75,1.15,2.62,169,111,2.95,1.94,2.82,1.85
,,,Lad,Elite,Sloths,The Jungle,Solar,57.0,866,56,0.692,0.679,38,18,19803,12010,7793,53,39,65,151,35.1%,362.3,219.7,142.6,0.97,0.71,1.19,2.76,353.6,214.5,139.2,0.95,0.70,1.16,2.70,160,95,2.93,1.74,2.86,1.70
,,,Fartnor,Elite,Great Whites,Shark Attack,Lunar,56.7,997,60,0.577,0.617,37,23,22917,13360,9557,56,40,78,186,30.1%,364.1,212.3,151.9,0.89,0.64,1.24,2.96,382.0,222.7,159.3,0.93,0.67,1.30,3.10,159,130,2.53,2.07,2.65,2.17
,,,Tristann3,Elite,Teddy Bears,The Bear Den,Lunar,55.9,334,20,0.628,0.750,15,5,7958,4680,3278,19,15,31,48,39.6%,377.5,222.0,155.5,0.90,0.71,1.47,2.28,397.9,234.0,163.9,0.95,0.75,1.55,2.40,60,43,2.85,2.04,3.00,2.15
,,,Ritter,Elite,Flailers,The Quad Dynasty,Lunar,55.0,369,25,0.674,0.640,16,9,8212,4760,3452,19,17,27,66,28.8%,352.6,204.4,148.2,0.82,0.73,1.16,2.83,328.5,190.4,138.1,0.76,0.68,1.08,2.64,60,37,2.58,1.59,2.40,1.48
,,,Gob!,Elite,Cyclones,Storm,Solar,54.9,901,58,0.525,0.500,29,29,20086,11770,8316,52,39,59,167,31.1%,353.2,206.9,146.2,0.91,0.69,1.04,2.94,346.3,202.9,143.4,0.90,0.67,1.02,2.88,149,140,2.62,2.46,2.57,2.41
,,,Reprise,Elite,Knights,The Sovereign,Lunar,54.5,396,24,0.392,0.333,8,16,9742,5350,4392,21,12,40,65,32.3%,389.7,214.0,175.7,0.84,0.48,1.60,2.60,405.9,222.9,183.0,0.88,0.50,1.67,2.71,62,81,2.48,3.24,2.58,3.38
,,,Nebulade,Elite,"Dab Brulee
Gelato","The Bakery
Fifty-Fifty Pizzeria",Lunar,54.2,794,48,0.494,0.500,24,24,17724,10140,7584,42,33,56,149,28.2%,353.6,202.3,151.3,0.84,0.66,1.12,2.97,369.3,211.3,158.0,0.88,0.69,1.17,3.10,124,126,2.47,2.51,2.58,2.63
,,,Deezmuffinz,Elite,Rottweilers,Puppy Paradise,Solar,54.0,847,56,0.526,0.536,30,26,19679,10850,8829,34,38,85,130,26.2%,368.1,202.9,165.1,0.64,0.71,1.59,2.43,351.4,193.8,157.7,0.61,0.68,1.52,2.32,123,115,2.30,2.15,2.20,2.05
,,,Fredrick,Elite,Flailers,The Quad Dynasty,Lunar,53.0,200,14,0.340,0.214,3,11,5163,2570,2593,12,5,17,27,44.4%,409.0,203.6,205.4,0.95,0.40,1.35,2.14,368.8,183.6,185.2,0.86,0.36,1.21,1.93,25,38,1.98,3.01,1.79,2.71
,,,Sspekky,Elite,"Anjou
Aquarius","Ox Gaming
The Nexus",Solar,51.7,953,60,0.405,0.333,20,40,21856,12230,9626,38,40,98,153,24.8%,363.3,203.3,160.0,0.63,0.66,1.63,2.54,364.3,203.8,160.4,0.63,0.67,1.63,2.55,125,160,2.08,2.66,2.08,2.67
,,,Rhino Is Trash,Elite,Cyclones,Storm,Solar,51.2,693,44,0.588,0.591,26,18,15717,8910,6807,40,26,48,121,33.1%,359.3,203.7,155.6,0.91,0.59,1.10,2.77,357.2,202.5,154.7,0.91,0.59,1.09,2.75,126,101,2.88,2.31,2.86,2.30
,,,Naro,Elite,Mechanical,Energy,Lunar,51.2,867,52,0.539,0.615,32,20,19223,11340,7883,51,37,58,149,34.2%,351.2,207.2,144.0,0.93,0.68,1.06,2.72,369.7,218.1,151.6,0.98,0.71,1.12,2.87,149,135,2.72,2.47,2.87,2.60
,,,Monty,Elite,Hydras,Draconem,Solar,50.8,814,49,0.546,0.571,28,21,18810,11250,7560,41,32,85,130,31.5%,366.1,218.9,147.1,0.80,0.62,1.65,2.53,383.9,229.6,154.3,0.84,0.65,1.73,2.65,125,111,2.43,2.16,2.55,2.27
,,,Rex,Elite,Demons,The Monster Mash,Lunar,50.8,941,58,0.363,0.293,17,41,22544,12650,9894,41,35,109,135,30.4%,379.5,213.0,166.6,0.69,0.59,1.84,2.27,388.7,218.1,170.6,0.71,0.60,1.88,2.33,122,174,2.05,2.93,2.10,3.00
,,,Bloopyaki,Elite,Thunder,Electric Mayhem,Lunar,50.6,364,24,0.319,0.333,8,16,8261,4480,3781,13,17,36,53,24.5%,359.5,195.0,164.6,0.57,0.74,1.57,2.31,344.2,186.7,157.5,0.54,0.71,1.50,2.21,44,71,1.91,3.09,1.83,2.96
,,,Vexingvertigo,Elite,"Aquarius
Summoned","The Nexus
Destined",Solar,50.5,409,25,0.450,0.520,13,12,9505,5230,4275,18,16,40,63,28.6%,368.2,202.6,165.6,0.70,0.62,1.55,2.44,380.2,209.2,171.0,0.72,0.64,1.60,2.52,59,67,2.29,2.60,2.36,2.68
,,,Skulzy9,Elite,Azathoth,The Mythos,Lunar,50.5,471,28,0.438,0.429,12,16,10803,6070,4733,19,20,49,72,26.4%,363.4,204.2,159.2,0.64,0.67,1.65,2.42,385.8,216.8,169.0,0.68,0.71,1.75,2.57,71,83,2.39,2.79,2.54,2.96
,,,Rob,Elite,Quasars,The Cosmos,Lunar,50.4,619,40,0.405,0.425,17,23,13889,7910,5979,29,25,54,106,27.4%,355.5,202.4,153.0,0.74,0.64,1.38,2.71,347.2,197.8,149.5,0.73,0.63,1.35,2.65,88,112,2.25,2.87,2.20,2.80
,,,Girth,Elite,Wendigos,The Forest,Solar,50.2,763,48,0.606,0.625,30,18,17194,10150,7044,42,27,64,140,30.0%,357.0,210.7,146.3,0.87,0.56,1.33,2.91,358.2,211.5,146.8,0.88,0.56,1.33,2.92,129,98,2.68,2.03,2.69,2.04
,,,Vengeance,Elite,Ghastly Goombahs,The Syndicate,Lunar,50.0,964,64,0.556,0.578,37,27,21949,12580,9369,50,36,83,163,30.7%,360.7,206.7,154.0,0.82,0.59,1.36,2.68,343.0,196.6,146.4,0.78,0.56,1.30,2.55,157,136,2.58,2.23,2.45,2.13
,,,Cookie :>,Elite,"Quasars
Anglers","The Cosmos
The Abyss",Lunar,48.9,805,52,0.430,0.442,23,29,18303,10020,8283,34,32,75,127,26.8%,360.2,197.2,163.0,0.67,0.63,1.48,2.50,352.0,192.7,159.3,0.65,0.62,1.44,2.44,112,134,2.20,2.64,2.15,2.58
,,,Draxz2Time,Elite,Sloths,The Jungle,Solar,48.6,125,8,0.666,0.750,6,2,2814,1820,994,7,6,13,17,41.2%,356.6,230.7,126.0,0.89,0.76,1.65,2.15,351.8,227.5,124.3,0.88,0.75,1.63,2.13,26,17,3.30,2.15,3.25,2.13
,,,Blaster50,Elite,"Flailers
Fire","The Quad Dynasty
The Elements",Lunar,48.5,803,55,0.528,0.509,28,27,17988,9670,8318,38,30,60,137,27.7%,354.9,190.8,164.1,0.75,0.59,1.18,2.70,327.1,175.8,151.2,0.69,0.55,1.09,2.49,114,106,2.25,2.09,2.07,1.93
,,,Doortk,Elite,"Ravioli Rangers
Azathoth","Italian Battalion
The Mythos",Lunar,47.9,637,39,0.653,0.564,22,17,14161,8290,5871,34,33,49,79,43.0%,352.2,206.2,146.0,0.85,0.82,1.22,1.96,363.1,212.6,150.5,0.87,0.85,1.26,2.03,130,88,3.23,2.19,3.33,2.26
,,,Dlnaod.,Elite,Great Whites,Shark Attack,Lunar,47.0,928,56,0.514,0.571,32,24,21130,12540,8590,52,27,86,169,30.8%,360.7,214.1,146.6,0.89,0.46,1.47,2.89,377.3,223.9,153.4,0.93,0.48,1.54,3.02,140,135,2.39,2.30,2.50,2.41
,,,Dom,Elite,Isolation,Event Horizon,Solar,46.7,965,59,0.478,0.525,31,28,21574,12290,9284,42,38,93,154,27.3%,354.2,201.8,152.4,0.69,0.62,1.53,2.53,365.7,208.3,157.4,0.71,0.64,1.58,2.61,138,146,2.27,2.40,2.34,2.47
,,,.Bzy,Elite,Anjou,Ox Gaming,Solar,46.7,518,32,0.510,0.500,16,16,11431,6290,5141,23,18,43,94,24.5%,349.6,192.4,157.2,0.70,0.55,1.32,2.87,357.2,196.6,160.7,0.72,0.56,1.34,2.94,80,78,2.45,2.39,2.50,2.44
,,,Trevey.,Elite,Aquarius,The Nexus,Solar,45.8,841,51,0.392,0.431,22,29,19250,11310,7940,45,23,83,151,29.8%,362.6,213.0,149.6,0.85,0.43,1.56,2.84,377.5,221.8,155.7,0.88,0.45,1.63,2.96,107,142,2.02,2.67,2.10,2.78
,,,Josan (Needs To Respond),Elite,Geeky Ghouls,Ghoul School,Solar,45.6,956,59,0.522,0.559,33,26,20695,12080,8615,47,41,76,153,30.7%,342.9,200.2,142.8,0.78,0.68,1.26,2.54,350.8,204.7,146.0,0.80,0.69,1.29,2.59,142,134,2.35,2.22,2.41,2.27
,,,Siiderij23,Elite,Quasars,The Cosmos,Lunar,45.5,873,57,0.434,0.439,25,32,19538,10850,8688,45,30,68,145,31.0%,354.6,196.9,157.7,0.82,0.54,1.23,2.63,342.8,190.4,152.4,0.79,0.53,1.19,2.54,127,150,2.30,2.72,2.23,2.63
,,,Frostybrew,Elite,Demons,The Monster Mash,Lunar,45.0,712,44,0.415,0.364,16,28,16242,9240,7002,36,23,67,114,31.6%,361.4,205.6,155.8,0.80,0.51,1.49,2.54,369.1,210.0,159.1,0.82,0.52,1.52,2.59,99,123,2.20,2.74,2.25,2.80
,,,Jwanderz,Elite,Rottweilers,Puppy Paradise,Solar,44.7,618,40,0.466,0.525,21,19,13835,7730,6105,31,22,51,98,31.6%,354.7,198.2,156.5,0.79,0.56,1.31,2.51,345.9,193.3,152.6,0.78,0.55,1.28,2.45,86,94,2.20,2.41,2.15,2.35
,,,Agua.,Elite,Dab Brulee,The Bakery,Lunar,44.5,84,4,0.500,0.500,2,2,1441,810,631,0,9,6,6,0.0%,271.8,152.8,119.0,0.00,1.70,1.13,1.13,360.3,202.5,157.8,0.00,2.25,1.50,1.50,14,14,2.64,2.64,3.50,3.50
,,,Paco,Elite,Santa Muerte,The Gods,Lunar,44.5,928,58,0.527,0.552,32,26,20058,11770,8288,51,37,66,152,33.6%,342.4,200.9,141.5,0.87,0.63,1.13,2.59,345.8,202.9,142.9,0.88,0.64,1.14,2.62,151,141,2.58,2.41,2.60,2.43
,,,Catlas,Elite,Summoned,Destined,Solar,44.5,926,58,0.396,0.379,22,36,19993,11290,8703,41,37,76,154,26.6%,342.0,193.2,148.9,0.70,0.63,1.30,2.63,344.7,194.7,150.1,0.71,0.64,1.31,2.66,123,161,2.10,2.75,2.12,2.78
,,,Colinn,Elite,"Fire
Anglers
Anjou","The Elements
The Abyss
Ox Gaming",Solar,44.1,918,56,0.450,0.446,25,31,20523,12350,8173,50,34,85,140,35.7%,354.2,213.1,141.0,0.86,0.59,1.47,2.42,366.5,220.5,145.9,0.89,0.61,1.52,2.50,134,152,2.31,2.62,2.39,2.71
,,,Yz,Elite,Thunder,Electric Mayhem,Lunar,43.5,501,33,0.434,0.455,15,18,11201,6450,4751,31,15,35,85,36.5%,354.2,204.0,150.2,0.98,0.47,1.11,2.69,339.4,195.5,144.0,0.94,0.45,1.06,2.58,78,92,2.47,2.91,2.36,2.79
,,,Colossal Beast,Elite,Finbacks,Whale Defense,Solar,43.1,399,25,0.388,0.440,11,14,8685,5180,3505,20,17,35,58,34.5%,344.8,205.7,139.2,0.79,0.67,1.39,2.30,347.4,207.2,140.2,0.80,0.68,1.40,2.32,54,72,2.14,2.86,2.16,2.88
,,,Xaerous,Elite,Fire,The Elements,Solar,42.8,814,52,0.500,0.500,26,26,17207,9960,7247,35,35,68,131,26.7%,334.9,193.8,141.0,0.68,0.68,1.32,2.55,330.9,191.5,139.4,0.67,0.67,1.31,2.52,129,129,2.51,2.51,2.48,2.48
,,,Stemantics,Elite,Anjou,Ox Gaming,Solar,42.6,825,50,0.448,0.360,18,32,19090,11020,8070,50,21,73,132,37.9%,366.6,211.6,155.0,0.96,0.40,1.40,2.53,381.8,220.4,161.4,1.00,0.42,1.46,2.64,112,128,2.15,2.46,2.24,2.56
,,,Skybud_,Elite,Summoned,Destined,Solar,42.5,871,54,0.428,0.426,23,31,18905,10560,8345,45,29,62,151,29.8%,343.9,192.1,151.8,0.82,0.53,1.13,2.75,350.1,195.6,154.5,0.83,0.54,1.15,2.80,132,158,2.40,2.87,2.44,2.93
,,,Gavalanche,Elite,Finbacks,Whale Defense,Solar,42.5,997,62,0.461,0.500,31,31,22477,12770,9707,46,29,101,167,27.5%,357.2,202.9,154.2,0.73,0.46,1.60,2.65,362.5,206.0,156.6,0.74,0.47,1.63,2.69,132,146,2.10,2.32,2.13,2.35
,,,Mrfelon,Elite,Ghastly Goombahs,The Syndicate,Lunar,42.4,872,57,0.558,0.596,34,23,18544,10320,8224,40,35,63,142,28.2%,336.9,187.5,149.4,0.73,0.64,1.14,2.58,325.3,181.1,144.3,0.70,0.61,1.11,2.49,137,118,2.49,2.14,2.40,2.07
,,,Bosnia_2003,Elite,Fire,The Elements,Solar,42.1,178,12,0.255,0.250,3,9,4020,2280,1740,9,4,17,33,27.3%,357.8,202.9,154.9,0.80,0.36,1.51,2.94,335.0,190.0,145.0,0.75,0.33,1.42,2.75,17,34,1.51,3.03,1.42,2.83
,,,Keiko,Elite,Knights,The Sovereign,Lunar,41.9,495,31,0.388,0.355,11,20,10937,6340,4597,27,18,40,74,36.5%,350.0,202.9,147.1,0.86,0.58,1.28,2.37,352.8,204.5,148.3,0.87,0.58,1.29,2.39,75,99,2.40,3.17,2.42,3.19
,,,Holey Shmoley,Elite,Isolation,Event Horizon,Solar,41.8,705,44,0.492,0.523,23,21,14976,8280,6696,32,24,52,128,25.0%,336.5,186.1,150.5,0.72,0.54,1.17,2.88,340.4,188.2,152.2,0.73,0.55,1.18,2.91,98,100,2.20,2.25,2.23,2.27
,,,Mikeismyike,Elite,"Ravioli Rangers
Gelato","Italian Battalion
Fifty-Fifty Pizzeria",Lunar,41.7,620,40,0.435,0.375,15,25,14241,8310,5931,30,19,69,91,33.0%,363.9,212.3,151.5,0.77,0.49,1.76,2.33,356.0,207.8,148.3,0.75,0.48,1.73,2.28,89,105,2.27,2.68,2.23,2.63
,,,Skizzbo,Elite,Anglers,The Abyss,Lunar,41.7,808,53,0.346,0.358,19,34,17510,9790,7720,37,24,68,149,24.8%,343.3,191.9,151.4,0.73,0.47,1.33,2.92,330.4,184.7,145.7,0.70,0.45,1.28,2.81,107,159,2.10,3.12,2.02,3.00
,,,Caleb,Elite,Teddy Bears,The Bear Den,Lunar,41.2,611,38,0.424,0.526,20,18,13465,8080,5385,35,20,52,98,35.7%,349.1,209.5,139.6,0.91,0.52,1.35,2.54,354.3,212.6,141.7,0.92,0.53,1.37,2.58,91,110,2.36,2.85,2.39,2.89
,,,Bender_Escobar,Elite,Isolation,Event Horizon,Solar,40.8,1041,63,0.487,0.524,33,30,22060,12730,9330,54,30,76,203,26.6%,335.7,193.7,142.0,0.82,0.46,1.16,3.09,350.2,202.1,148.1,0.86,0.48,1.21,3.22,151,156,2.30,2.37,2.40,2.48
,,,Vulp The Philosopher,Elite,Flailers,The Quad Dynasty,Lunar,40.3,161,11,0.362,0.182,2,9,3641,1910,1731,4,6,20,21,19.0%,358.3,187.9,170.3,0.39,0.59,1.97,2.07,331.0,173.6,157.4,0.36,0.55,1.82,1.91,21,30,2.07,2.95,1.91,2.73
,,,Buddha,Elite,"Thunder
Great Whites","Electric Mayhem
Shark Attack",Lunar,39.1,351,22,0.551,0.500,11,11,7801,4520,3281,21,8,28,62,33.9%,352.1,204.0,148.1,0.95,0.36,1.26,2.80,354.6,205.5,149.1,0.95,0.36,1.27,2.82,57,50,2.57,2.26,2.59,2.27
,,,Capn' Clutch,Elite,Hydras,Draconem,Solar,38.9,499,31,0.440,0.419,13,18,10731,6370,4361,26,12,44,97,26.8%,340.7,202.2,138.5,0.83,0.38,1.40,3.08,346.2,205.5,140.7,0.84,0.39,1.42,3.13,65,76,2.06,2.41,2.10,2.45
,,,Limon,Elite,Glacier Mint,Minty Fresh,Solar,38.8,397,24,0.469,0.458,11,13,8205,4540,3665,17,16,28,64,26.6%,327.4,181.2,146.3,0.68,0.64,1.12,2.55,341.9,189.2,152.7,0.71,0.67,1.17,2.67,62,67,2.47,2.67,2.58,2.79
,,,Null.Gamer,Elite,Geeky Ghouls,Ghoul School,Solar,38.0,1015,62,0.521,0.565,35,27,21778,12710,9068,45,39,96,146,30.8%,339.9,198.4,141.5,0.70,0.61,1.50,2.28,351.3,205.0,146.3,0.73,0.63,1.55,2.35,152,144,2.37,2.25,2.45,2.32
,,,Rollsroyceowner,Elite,Finbacks,Whale Defense,Solar,38.0,817,51,0.479,0.490,25,26,17539,9320,8219,27,33,77,112,24.1%,340.1,180.7,159.4,0.52,0.64,1.49,2.17,343.9,182.7,161.2,0.53,0.65,1.51,2.20,108,114,2.09,2.21,2.12,2.24
,,,Revan,Elite,Quasars,The Cosmos,Lunar,37.7,757,47,0.411,0.426,20,27,16580,9370,7210,33,25,74,112,29.5%,347.0,196.1,150.9,0.69,0.52,1.55,2.34,352.8,199.4,153.4,0.70,0.53,1.57,2.38,101,127,2.11,2.66,2.15,2.70
,,,Jiggy Watt,Elite,Mechanical,Energy,Lunar,37.4,517,31,0.500,0.548,17,14,10238,5990,4248,27,20,27,94,28.7%,313.7,183.5,130.2,0.83,0.61,0.83,2.88,330.3,193.2,137.0,0.87,0.65,0.87,3.03,84,84,2.57,2.57,2.71,2.71
,,,Adeadm0053,Elite,"Azathoth
Summoned","The Mythos
Destined",Solar,37.3,936,59,0.434,0.407,24,35,20205,11060,9145,41,33,79,136,30.1%,342.0,187.2,154.8,0.69,0.56,1.34,2.30,342.5,187.5,155.0,0.69,0.56,1.34,2.31,129,153,2.18,2.59,2.19,2.59
,,,Yoza,Elite,"Fire
Hydras","The Elements
Draconem",Solar,36.9,846,51,0.462,0.451,23,28,18659,11440,7219,51,27,76,119,42.9%,349.4,214.2,135.2,0.96,0.51,1.42,2.23,365.9,224.3,141.5,1.00,0.53,1.49,2.33,132,145,2.47,2.72,2.59,2.84
,,,Murloc,Elite,Demons,The Monster Mash,Lunar,35.2,720,44,0.343,0.250,11,33,15571,8770,6801,30,27,70,92,32.6%,342.6,193.0,149.6,0.66,0.59,1.54,2.02,353.9,199.3,154.6,0.68,0.61,1.59,2.09,91,137,2.00,3.01,2.07,3.11
,,,Vybe,Elite,Vibranium,Metal,Solar,34.5,328,23,0.402,0.304,7,16,6700,3590,3110,12,13,25,49,24.5%,323.6,173.4,150.2,0.58,0.63,1.21,2.37,291.3,156.1,135.2,0.52,0.57,1.09,2.13,41,53,1.98,2.56,1.78,2.30
,,,Qwn,Elite,"Teddy Bears
Demons","The Bear Den
The Monster Mash",Lunar,34.4,453,28,0.479,0.571,16,12,9254,5190,4064,13,21,45,59,22.0%,323.6,181.5,142.1,0.45,0.73,1.57,2.06,330.5,185.4,145.1,0.46,0.75,1.61,2.11,76,80,2.66,2.80,2.71,2.86
,,,Seefoo,Elite,Hydras,Draconem,Solar,33.5,806,51,0.523,0.529,27,24,16964,8640,8324,27,30,67,109,24.8%,333.4,169.8,163.6,0.53,0.59,1.32,2.14,332.6,169.4,163.2,0.53,0.59,1.31,2.14,119,112,2.34,2.20,2.33,2.20
,,,Theangrytryhard,Elite,Glacier Mint,Minty Fresh,Solar,32.9,713,47,0.507,0.532,25,22,14765,7880,6885,25,29,60,93,26.9%,328.1,175.1,153.0,0.56,0.64,1.33,2.07,314.1,167.7,146.5,0.53,0.62,1.28,1.98,109,107,2.42,2.38,2.32,2.28
,,,Gogbe,Elite,Aquarius,The Nexus,Solar,32.7,747,46,0.407,0.435,20,26,15851,9060,6791,34,23,68,111,30.6%,336.2,192.1,144.0,0.72,0.49,1.44,2.35,344.6,197.0,147.6,0.74,0.50,1.48,2.41,99,126,2.10,2.67,2.15,2.74
,,,Duffydoug,Elite,Finbacks,Whale Defense,Solar,32.7,694,43,0.431,0.512,22,21,14439,7970,6469,29,21,58,112,25.9%,329.6,181.9,147.7,0.66,0.48,1.32,2.56,335.8,185.3,150.4,0.67,0.49,1.35,2.60,85,102,1.94,2.33,1.98,2.37
,,,Justin,Elite,Gelato,Fifty-Fifty Pizzeria,Lunar,32.0,571,35,0.449,0.371,13,22,11543,6350,5193,28,21,33,85,32.9%,320.3,176.2,144.1,0.78,0.58,0.92,2.36,329.8,181.4,148.4,0.80,0.60,0.94,2.43,88,100,2.44,2.77,2.51,2.86
,,,Heavyumlaut,Elite,Rottweilers,Puppy Paradise,Solar,31.3,497,32,0.468,0.469,15,17,10224,5720,4504,26,14,32,82,31.7%,325.9,182.3,143.6,0.83,0.45,1.02,2.61,319.5,178.8,140.8,0.81,0.44,1.00,2.56,69,75,2.20,2.39,2.16,2.34
,,,Aos Arctic,Elite,Summoned,Destined,Solar,31.2,249,15,0.430,0.333,5,10,5423,3270,2153,13,6,26,37,35.1%,345.0,208.0,137.0,0.83,0.38,1.65,2.35,361.5,218.0,143.5,0.87,0.40,1.73,2.47,44,52,2.80,3.31,2.93,3.47
,,,Glitch;,Elite,"Widows
Quasars
Thunder","Eight Legged Freaks
The Cosmos
Electric Mayhem",Lunar,31.0,382,24,0.391,0.375,9,15,8421,4480,3941,13,11,43,48,27.1%,349.2,185.8,163.4,0.54,0.46,1.78,1.99,350.9,186.7,164.2,0.54,0.46,1.79,2.00,49,65,2.03,2.70,2.04,2.71
,,,Lilia,Elite,Wendigos,The Forest,Solar,30.8,285,18,0.612,0.667,12,6,5659,3360,2299,19,8,11,51,37.3%,314.6,186.8,127.8,1.06,0.44,0.61,2.83,314.4,186.7,127.7,1.06,0.44,0.61,2.83,47,35,2.61,1.95,2.61,1.94
,,,Sir Mcdouble,Elite,Flailers,The Quad Dynasty,Lunar,28.8,310,19,0.598,0.632,12,7,6492,3750,2742,18,4,23,60,30.0%,331.8,191.6,140.1,0.92,0.20,1.18,3.07,341.7,197.4,144.3,0.95,0.21,1.21,3.16,48,37,2.45,1.89,2.53,1.95
,,,Xxmemexxxl0Rdxx,Elite,Quasars,The Cosmos,Lunar,28.7,134,8,0.296,0.250,2,6,2537,1460,1077,6,4,8,26,23.1%,299.9,172.6,127.3,0.71,0.47,0.95,3.07,317.1,182.5,134.6,0.75,0.50,1.00,3.25,15,26,1.77,3.07,1.88,3.25
,,,Atlasxv,Elite,Demons,The Monster Mash,Lunar,28.1,569,38,0.312,0.237,9,29,11964,6250,5714,23,20,46,65,35.4%,333.1,174.0,159.1,0.64,0.56,1.28,1.81,314.8,164.5,150.4,0.61,0.53,1.21,1.71,75,122,2.09,3.40,1.97,3.21
,,,Lonely,Elite,Teddy Bears,The Bear Den,Lunar,28.0,683,42,0.467,0.452,19,23,13655,7280,6375,25,27,51,88,28.4%,316.7,168.9,147.9,0.58,0.63,1.18,2.04,325.1,173.3,151.8,0.60,0.64,1.21,2.10,103,112,2.39,2.60,2.45,2.67
,,,Panick,Elite,Knights,The Sovereign,Lunar,26.6,1046,62,0.474,0.403,25,37,21505,12670,8835,54,29,86,152,35.5%,325.7,191.9,133.8,0.82,0.44,1.30,2.30,346.9,204.4,142.5,0.87,0.47,1.39,2.45,168,179,2.54,2.71,2.71,2.89
,,,Judgemental,Elite,Thunder,Electric Mayhem,Lunar,24.9,584,37,0.381,0.432,16,21,11739,6410,5329,25,18,44,81,30.9%,318.4,173.9,144.6,0.68,0.49,1.19,2.20,317.3,173.2,144.0,0.68,0.49,1.19,2.19,82,111,2.22,3.01,2.22,3.00
,,,Danub,Elite,Teddy Bears,The Bear Den,Lunar,24.2,55,4,0.198,0.000,0,4,1204,570,634,2,1,5,7,28.6%,346.8,164.2,182.6,0.58,0.29,1.44,2.02,301.0,142.5,158.5,0.50,0.25,1.25,1.75,6,14,1.73,4.03,1.50,3.50
,,,Drskimmilk,Elite,Ghastly Goombahs,The Syndicate,Lunar,24.1,42,3,0.298,0.000,0,3,752,430,322,0,3,5,3,0.0%,283.6,162.2,121.5,0.00,1.13,1.89,1.13,250.7,143.3,107.3,0.00,1.00,1.67,1.00,6,10,2.26,3.77,2.00,3.33
,,,Deadcupcake,Elite,Summoned,Destined,Solar,24.1,29,2,0.251,0.000,0,2,612,360,252,2,0,2,6,33.3%,334.3,196.7,137.7,1.09,0.00,1.09,3.28,306.0,180.0,126.0,1.00,0.00,1.00,3.00,3,6,1.64,3.28,1.50,3.00
,,,Bird,Elite,Aquarius,The Nexus,Solar,24.1,688,43,0.394,0.442,19,24,13402,7510,5892,27,24,53,96,28.1%,308.6,172.9,135.7,0.62,0.55,1.22,2.21,311.7,174.7,137.0,0.63,0.56,1.23,2.23,92,121,2.12,2.79,2.14,2.81
,,,Nickm,Elite,Onions,The Garden,Solar,23.8,573,39,0.416,0.385,15,24,10666,6030,4636,22,20,38,93,23.7%,294.9,166.7,128.2,0.61,0.55,1.05,2.57,273.5,154.6,118.9,0.56,0.51,0.97,2.38,79,98,2.18,2.71,2.03,2.51
,,,G,Elite,Cotija Cartel,Cheese Guild,Solar,22.8,892,56,0.587,0.571,32,24,16803,9670,7133,34,35,66,122,27.9%,298.4,171.7,126.7,0.60,0.62,1.17,2.17,300.1,172.7,127.4,0.61,0.63,1.18,2.18,156,125,2.77,2.22,2.79,2.23
,,,Zay,Elite,Anjou,Ox Gaming,Solar,22.2,216,11,0.376,0.364,4,7,4415,2300,2115,6,4,23,35,17.1%,323.8,168.7,155.1,0.44,0.29,1.69,2.57,401.4,209.1,192.3,0.55,0.36,2.09,3.18,22,31,1.61,2.27,2.00,2.82
,,,Chiefergod,Elite,Geeky Ghouls,Ghoul School,Solar,21.8,68,4,0.460,0.500,2,2,1399,910,489,5,1,5,11,45.5%,325.9,212.0,113.9,1.16,0.23,1.16,2.56,349.8,227.5,122.3,1.25,0.25,1.25,2.75,9,10,2.10,2.33,2.25,2.50
,,,Go Fig,Elite,Santa Muerte,The Gods,Lunar,21.7,218,14,0.368,0.286,4,10,4161,2150,2011,8,9,13,25,32.0%,302.4,156.2,146.1,0.58,0.65,0.94,1.82,297.2,153.6,143.6,0.57,0.64,0.93,1.79,30,42,2.18,3.05,2.14,3.00
,,,Jester,Elite,Vibranium,Metal,Solar,21.2,878,57,0.572,0.509,29,28,15951,9190,6761,33,36,57,124,26.6%,287.8,165.8,122.0,0.60,0.65,1.03,2.24,279.8,161.2,118.6,0.58,0.63,1.00,2.18,140,116,2.53,2.09,2.46,2.04
,,,Perc.,Elite,Dab Brulee,The Bakery,Lunar,20.4,318,21,0.433,0.524,11,10,6212,3520,2692,12,10,28,42,28.6%,309.5,175.4,134.1,0.60,0.50,1.39,2.09,295.8,167.6,128.2,0.57,0.48,1.33,2.00,50,59,2.49,2.94,2.38,2.81
,,,Taka.,Elite,Flailers,The Quad Dynasty,Lunar,18.9,124,8,0.315,0.125,1,7,2568,1270,1298,6,2,8,17,35.3%,328.1,162.3,165.8,0.77,0.26,1.02,2.17,321.0,158.8,162.3,0.75,0.25,1.00,2.13,14,23,1.79,2.94,1.75,2.88
,,,Surge,Elite,Ravioli Rangers,Italian Battalion,Lunar,18.9,160,10,0.389,0.400,4,6,3459,1860,1599,6,2,19,21,28.6%,342.5,184.2,158.3,0.59,0.20,1.88,2.08,345.9,186.0,159.9,0.60,0.20,1.90,2.10,21,28,2.08,2.77,2.10,2.80
,,,Koto,Elite,Great Whites,Shark Attack,Lunar,16.2,65,4,0.185,0.250,1,3,1321,790,531,4,1,5,9,44.4%,322.0,192.5,129.4,0.97,0.24,1.22,2.19,330.3,197.5,132.8,1.00,0.25,1.25,2.25,8,19,1.95,4.63,2.00,4.75
,,,Imoldgreg67,Elite,"Aquarius
Summoned","The Nexus
Destined",Solar,15.2,145,8,0.406,0.375,3,5,2477,1490,987,4,8,11,14,28.6%,270.6,162.8,107.8,0.44,0.87,1.20,1.53,309.6,186.3,123.4,0.50,1.00,1.38,1.75,23,29,2.51,3.17,2.88,3.63
,,,Venom,Elite,Dab Brulee,The Bakery,Lunar,14.7,164,11,0.416,0.455,5,6,2883,1470,1413,7,6,5,22,31.8%,278.5,142.0,136.5,0.68,0.58,0.48,2.13,262.1,133.6,128.5,0.64,0.55,0.45,2.00,20,25,1.93,2.41,1.82,2.27
,,,"Peeg :>, Lol.",Elite,Anglers,The Abyss,Lunar,14.5,420,27,0.200,0.148,4,23,8108,4030,4078,17,9,26,58,29.3%,305.8,152.0,153.8,0.64,0.34,0.98,2.19,300.3,149.3,151.0,0.63,0.33,0.96,2.15,42,99,1.58,3.73,1.56,3.67
,,,Cerealkiller,Elite,Anglers,The Abyss,Lunar,14.4,762,51,0.297,0.294,15,36,14612,7620,6992,24,19,65,102,23.5%,303.8,158.4,145.4,0.50,0.40,1.35,2.12,286.5,149.4,137.1,0.47,0.37,1.27,2.00,91,156,1.89,3.24,1.78,3.06
,,,Chrisakamrxd,Elite,"Anjou
Gelato","Ox Gaming
Fifty-Fifty Pizzeria",Solar,13.3,770,49,0.392,0.265,13,36,14393,7800,6593,30,20,55,105,28.6%,296.1,160.5,135.6,0.62,0.41,1.13,2.16,293.7,159.2,134.6,0.61,0.41,1.12,2.14,103,136,2.12,2.80,2.10,2.78
,,,Tirmenat,Elite,"Knights
Dab Brulee","The Sovereign
The Bakery",Lunar,12.6,130,8,0.477,0.500,4,4,2520,1210,1310,4,3,10,16,25.0%,307.1,147.5,159.6,0.49,0.37,1.22,1.95,315.0,151.3,163.8,0.50,0.38,1.25,2.00,16,17,1.95,2.07,2.00,2.13
,,,Bill3113,Elite,Knights,The Sovereign,Lunar,12.3,196,11,0.319,0.364,4,7,3646,2270,1376,9,5,17,27,33.3%,294.7,183.5,111.2,0.73,0.40,1.37,2.18,331.5,206.4,125.1,0.82,0.45,1.55,2.45,25,40,2.02,3.23,2.27,3.64
,,,Reverse Fridge,Elite,Anglers,The Abyss,Lunar,10.3,273,18,0.143,0.056,1,17,5520,2860,2660,9,3,29,36,25.0%,320.3,166.0,154.4,0.52,0.17,1.68,2.09,306.7,158.9,147.8,0.50,0.17,1.61,2.00,21,65,1.22,3.77,1.17,3.61
,,,Tehblister,Elite,Gelato,Fifty-Fifty Pizzeria,Lunar,4.2,442,23,0.407,0.348,8,15,7137,4100,3037,15,15,25,60,25.0%,255.8,147.0,108.9,0.54,0.54,0.90,2.15,310.3,178.3,132.0,0.65,0.65,1.09,2.61,64,81,2.29,2.90,2.78,3.52
,,,Tyyphoon454,Elite,Thunder,Electric Mayhem,Lunar,3.8,57,4,0.156,0.000,0,4,991,490,501,1,1,5,9,11.1%,275.4,136.2,139.2,0.28,0.28,1.39,2.50,247.8,122.5,125.3,0.25,0.25,1.25,2.25,4,12,1.11,3.34,1.00,3.00
,,,Perkls,Elite,Summoned,Destined,Solar,1.8,183,11,0.357,0.273,3,8,3334,1670,1664,8,3,10,22,36.4%,288.6,144.6,144.1,0.69,0.26,0.87,1.90,303.1,151.8,151.3,0.73,0.27,0.91,2.00,25,36,2.16,3.12,2.27,3.27
,,,Steeltoehammer,Elite,Cotija Cartel,Cheese Guild,Solar,1.2,174,12,0.405,0.417,5,7,3049,1550,1499,7,4,9,20,35.0%,277.6,141.1,136.5,0.64,0.36,0.82,1.82,254.1,129.2,124.9,0.58,0.33,0.75,1.67,21,27,1.91,2.46,1.75,2.25
,,,Wafe,Elite,Geeky Ghouls,Ghoul School,Solar,-0.6,68,4,0.290,0.000,0,4,1248,680,568,2,1,7,8,25.0%,290.7,158.4,132.3,0.47,0.23,1.63,1.86,312.0,170.0,142.0,0.50,0.25,1.75,2.00,8,14,1.86,3.26,2.00,3.50
,,,Pana,Elite,"Anglers
Isolation","The Abyss
Event Horizon",Lunar,-0.6,319,19,0.284,0.368,7,12,5649,3260,2389,14,5,24,41,34.1%,280.5,161.9,118.6,0.70,0.25,1.19,2.04,297.3,171.6,125.7,0.74,0.26,1.26,2.16,37,66,1.84,3.28,1.95,3.47
,,,Bacaw,Elite,Azathoth,The Mythos,Lunar,-3.9,194,12,0.485,0.417,5,7,3220,1800,1420,5,7,16,15,33.3%,262.9,147.0,116.0,0.41,0.57,1.31,1.22,268.3,150.0,118.3,0.42,0.58,1.33,1.25,25,26,2.04,2.12,2.08,2.17
,,,Cameron,Elite,"Great Whites
Summoned
Flailers","Shark Attack
Destined
The Quad Dynasty",Lunar,-7.5,274,18,0.219,0.167,3,15,4606,2470,2136,9,6,20,27,33.3%,266.3,142.8,123.5,0.52,0.35,1.16,1.56,255.9,137.2,118.7,0.50,0.33,1.11,1.50,27,60,1.56,3.47,1.50,3.33
,,,Armo27,Elite,Geeky Ghouls,Ghoul School,Solar,-10.6,189,11,0.323,0.364,4,7,2850,1440,1410,3,6,13,19,15.8%,238.9,120.7,118.2,0.25,0.50,1.09,1.59,259.1,130.9,128.2,0.27,0.55,1.18,1.73,19,31,1.59,2.60,1.73,2.82
,,,Gcol,Elite,Knights,The Sovereign,Lunar,-12.4,63,3,0.415,0.333,1,2,1070,540,530,2,0,5,9,22.2%,269.1,135.8,133.3,0.50,0.00,1.26,2.26,356.7,180.0,176.7,0.67,0.00,1.67,3.00,8,10,2.01,2.51,2.67,3.33
,,,Cubby,Elite,Gelato,Fifty-Fifty Pizzeria,Lunar,-18.5,62,4,0.332,0.000,0,4,856,240,616,0,1,2,9,0.0%,218.7,61.3,157.4,0.00,0.26,0.51,2.30,214.0,60.0,154.0,0.00,0.25,0.50,2.25,7,11,1.79,2.81,1.75,2.75
,,,Rob (Change),Elite,Quasars,The Cosmos,Lunar,-18.7,64,4,0.078,0.000,0,4,1010,460,550,1,1,5,6,16.7%,250.0,113.9,136.1,0.25,0.25,1.24,1.49,252.5,115.0,137.5,0.25,0.25,1.25,1.50,3,15,0.74,3.71,0.75,3.75
,,,Humble Potato,Elite,Azathoth,The Mythos,Lunar,-38.3,14,1,0.000,0.000,0,1,208,60,148,0,0,1,1,0.0%,235.4,67.9,167.5,0.00,0.00,1.13,1.13,208.0,60.0,148.0,0.00,0.00,1.00,1.00,0,6,0.00,6.79,0.00,6.00
,,,Sohl,Contender,Dagon,The Mythos,Lunar,85.0,738,55,0.674,0.655,36,19,22794,13590,9204,68,29,73,169,40.2%,402.9,240.2,162.7,1.20,0.51,1.29,2.99,414.4,247.1,167.3,1.24,0.53,1.33,3.07,157,98,2.78,1.73,2.85,1.78
,,,Ary,Contender,Hippie Haunters,Ghoul School,Solar,84.6,632,54,0.611,0.648,35,19,19429,10580,8849,49,21,60,163,30.1%,401.0,218.4,182.6,1.01,0.43,1.24,3.36,359.8,195.9,163.9,0.91,0.39,1.11,3.02,116,86,2.39,1.78,2.15,1.59
,,,Covi,Contender,Hobo Spiders,Eight Legged Freaks,Lunar,76.0,731,52,0.605,0.615,32,20,21265,12860,8405,60,27,79,156,38.5%,379.5,229.5,150.0,1.07,0.48,1.41,2.78,408.9,247.3,161.6,1.15,0.52,1.52,3.00,139,105,2.48,1.87,2.67,2.02
,,,Yadicraft,Contender,"Ionic
Devoured","Energy
Destined",Lunar,74.4,97,8,0.702,0.875,7,1,2436,1270,1166,4,7,7,17,23.5%,327.6,170.8,156.8,0.54,0.94,0.94,2.29,304.5,158.8,145.8,0.50,0.88,0.88,2.13,21,12,2.82,1.61,2.63,1.50
,,,Envii._.,Contender,Ionic,Energy,Lunar,70.6,737,55,0.515,0.545,30,25,19926,11060,8866,52,31,55,156,33.3%,352.7,195.8,156.9,0.92,0.55,0.97,2.76,362.3,201.1,161.2,0.95,0.56,1.00,2.84,133,128,2.35,2.27,2.42,2.33
,,,Vortex3524,Contender,Devoured,Destined,Solar,68.8,689,54,0.479,0.519,28,26,19853,11130,8723,52,19,72,138,37.7%,375.9,210.7,165.2,0.98,0.36,1.36,2.61,367.6,206.1,161.5,0.96,0.35,1.33,2.56,107,113,2.03,2.14,1.98,2.09
,,,Mr Luyee,Contender,Pumpkins,The Garden,Solar,68.5,672,52,0.579,0.519,27,25,18547,10710,7837,49,26,65,126,38.9%,360.0,207.9,152.1,0.95,0.50,1.26,2.45,356.7,206.0,150.7,0.94,0.50,1.25,2.42,122,99,2.37,1.92,2.35,1.90
,,,Vires,Contender,Tic Tacs,Minty Fresh,Solar,68.4,677,55,0.632,0.655,36,19,18793,10270,8523,48,22,59,142,33.8%,362.1,197.9,164.2,0.92,0.42,1.14,2.74,341.7,186.7,155.0,0.87,0.40,1.07,2.58,135,95,2.60,1.83,2.45,1.73
,,,Ewoo!,Contender,Antimatter,The Cosmos,Lunar,67.7,709,55,0.622,0.600,33,22,19210,10560,8650,50,32,55,121,41.3%,353.4,194.3,159.1,0.92,0.59,1.01,2.23,349.3,192.0,157.3,0.91,0.58,1.00,2.20,141,102,2.59,1.88,2.56,1.85
,,,Iamthemosthumble,Contender,Pumpkins,The Garden,Solar,67.6,401,31,0.597,0.516,16,15,10732,5860,4872,29,15,27,86,33.7%,349.1,190.6,158.5,0.94,0.49,0.88,2.80,346.2,189.0,157.2,0.94,0.48,0.87,2.77,75,58,2.44,1.89,2.42,1.87
,,,Mr. Whiff3R,Contender,Antimatter,The Cosmos,Lunar,66.7,539,42,0.639,0.619,26,16,14065,8190,5875,39,23,41,109,35.8%,340.4,198.2,142.2,0.94,0.56,0.99,2.64,334.9,195.0,139.9,0.93,0.55,0.98,2.60,110,76,2.66,1.84,2.62,1.81
,,,Tazlien,Contender,Hobo Spiders,Eight Legged Freaks,Lunar,65.2,596,43,0.627,0.628,27,16,15270,8690,6580,35,27,54,114,30.7%,334.2,190.2,144.0,0.77,0.59,1.18,2.50,355.1,202.1,153.0,0.81,0.63,1.26,2.65,114,81,2.50,1.77,2.65,1.88
,,,Trey11X3,Contender,Aluminum,Metal,Solar,64.8,379,31,0.584,0.581,18,13,9938,5800,4138,28,17,30,65,43.1%,342.1,199.6,142.4,0.96,0.59,1.03,2.24,320.6,187.1,133.5,0.90,0.55,0.97,2.10,70,56,2.41,1.93,2.26,1.81
,,,Bromzatheoldman,Contender,Tic Tacs,Minty Fresh,Solar,62.4,560,45,0.628,0.644,29,16,14588,8850,5738,47,21,41,105,44.8%,339.8,206.2,133.7,1.09,0.49,0.96,2.45,324.2,196.7,127.5,1.04,0.47,0.91,2.33,110,78,2.56,1.82,2.44,1.73
,,,Engy,Contender,Dagon,The Mythos,Lunar,60.7,600,44,0.722,0.727,32,12,14835,8740,6095,46,26,34,114,40.4%,322.5,190.0,132.5,1.00,0.57,0.74,2.48,337.2,198.6,138.5,1.05,0.59,0.77,2.59,137,74,2.98,1.61,3.11,1.68
,,,Meondisplay,Contender,Aluminum,Metal,Solar,58.6,690,55,0.554,0.545,30,25,17550,9810,7740,44,22,59,136,32.4%,331.8,185.5,146.3,0.83,0.42,1.12,2.57,319.1,178.4,140.7,0.80,0.40,1.07,2.47,121,105,2.29,1.99,2.20,1.91
,,,K.Doughboy,Contender,Aluminum,Metal,Solar,58.1,681,54,0.547,0.537,29,25,16789,9020,7769,38,29,52,117,32.5%,321.6,172.8,148.8,0.73,0.56,1.00,2.24,310.9,167.0,143.9,0.70,0.54,0.96,2.17,119,105,2.28,2.01,2.20,1.94
,,,Pokeninja77,Contender,Antimatter,The Cosmos,Lunar,57.4,588,45,0.590,0.578,26,19,14460,8410,6050,39,22,46,111,35.1%,320.8,186.6,134.2,0.87,0.49,1.02,2.46,321.3,186.9,134.4,0.87,0.49,1.02,2.47,114,90,2.53,2.00,2.53,2.00
,,,Rlc_Omega,Contender,Pumpkins,The Garden,Solar,56.8,452,35,0.622,0.600,21,14,11144,5850,5294,21,22,41,60,35.0%,321.6,168.8,152.8,0.61,0.63,1.18,1.73,318.4,167.1,151.3,0.60,0.63,1.17,1.71,86,62,2.48,1.79,2.46,1.77
,,,Fiddle4,Contender,Samurai,The Sovereign,Lunar,53.9,644,46,0.324,0.261,12,34,16268,8920,7348,38,22,61,97,39.2%,329.5,180.7,148.8,0.77,0.45,1.24,1.96,353.7,193.9,159.7,0.83,0.48,1.33,2.11,90,144,1.82,2.92,1.96,3.13
,,,El_Macho,Contender,Ionic,Energy,Lunar,52.4,596,45,0.496,0.511,23,22,14148,7810,6338,37,25,39,91,40.7%,309.7,170.9,138.7,0.81,0.55,0.85,1.99,314.4,173.6,140.8,0.82,0.56,0.87,2.02,109,110,2.39,2.41,2.42,2.44
,,,Ltgbigbills,Contender,Tic Tacs,Minty Fresh,Solar,50.5,529,43,0.627,0.674,29,14,12023,6890,5133,28,23,42,84,33.3%,296.5,169.9,126.6,0.69,0.57,1.04,2.07,279.6,160.2,119.4,0.65,0.53,0.98,1.95,104,74,2.56,1.82,2.42,1.72
,,,Rayven,Contender,Dagon,The Mythos,Lunar,50.5,380,29,0.674,0.655,19,10,8139,4620,3519,19,21,22,57,33.3%,279.4,158.6,120.8,0.65,0.72,0.76,1.96,280.7,159.3,121.3,0.66,0.72,0.76,1.97,83,52,2.85,1.79,2.86,1.79
,,,Bluecrimsonjr,Contender,Pumpkins,The Garden,Solar,50.2,75,6,0.611,0.500,3,3,1836,1130,706,6,2,6,13,46.2%,319.3,196.5,122.8,1.04,0.35,1.04,2.26,306.0,188.3,117.7,1.00,0.33,1.00,2.17,16,12,2.78,2.09,2.67,2.00
,,,Kgfan3,Contender,Hippie Haunters,Ghoul School,Solar,49.4,549,47,0.647,0.681,32,15,12968,6840,6128,29,20,42,84,34.5%,308.1,162.5,145.6,0.69,0.48,1.00,2.00,275.9,145.5,130.4,0.62,0.43,0.89,1.79,102,68,2.42,1.62,2.17,1.45
,,,Trios,Contender,Packed Eclairs,The Bakery,Lunar,48.3,647,48,0.326,0.354,17,31,14124,7270,6854,25,31,45,97,25.8%,284.8,146.6,138.2,0.50,0.63,0.91,1.96,294.3,151.5,142.8,0.52,0.65,0.94,2.02,92,146,1.85,2.94,1.92,3.04
,,,Inwardlicense54,Contender,Devoured,Destined,Solar,47.5,601,47,0.488,0.511,24,23,13937,7330,6607,36,18,35,108,33.3%,302.5,159.1,143.4,0.78,0.39,0.76,2.34,296.5,156.0,140.6,0.77,0.38,0.74,2.30,96,99,2.08,2.15,2.04,2.11
,,,B1Scuit_Murder,Contender,Pumpkins,The Garden,Solar,46.8,544,42,0.570,0.524,22,20,11937,6910,5027,29,25,40,76,38.2%,286.2,165.7,120.5,0.70,0.60,0.96,1.82,284.2,164.5,119.7,0.69,0.60,0.95,1.81,101,84,2.42,2.01,2.40,2.00
,,,Stale Popcorn,Contender,Hobo Spiders,Eight Legged Freaks,Lunar,45.9,721,52,0.639,0.635,33,19,15331,8910,6421,45,31,33,121,37.2%,277.4,161.2,116.2,0.81,0.56,0.60,2.19,294.8,171.3,123.5,0.87,0.60,0.63,2.33,145,100,2.62,1.81,2.79,1.92
,,,Sentinel,Contender,"Packed Eclairs
Aluminum","The Bakery
Metal",Lunar,45.8,656,49,0.403,0.429,21,28,14050,7670,6380,36,27,32,112,32.1%,279.4,152.5,126.9,0.72,0.54,0.64,2.23,286.7,156.5,130.2,0.73,0.55,0.65,2.29,105,135,2.09,2.68,2.14,2.76
,,,Iiiyummyiiii,Contender,Ice,The Elements,Solar,45.2,686,49,0.223,0.143,7,42,16211,8660,7551,34,15,66,121,28.1%,308.3,164.7,143.6,0.65,0.29,1.26,2.30,330.8,176.7,154.1,0.69,0.31,1.35,2.47,68,155,1.29,2.95,1.39,3.16
,,,Sugar_Biscuit20,Contender,Antimatter,The Cosmos,Lunar,44.6,321,26,0.621,0.538,14,12,7107,3750,3357,14,14,25,40,35.0%,288.8,152.4,136.4,0.57,0.57,1.02,1.63,273.3,144.2,129.1,0.54,0.54,0.96,1.54,61,44,2.48,1.79,2.35,1.69
,,,Buckring,Contender,Packed Eclairs,The Bakery,Lunar,41.4,548,41,0.349,0.390,16,25,12636,7290,5346,33,14,50,79,41.8%,300.8,173.5,127.3,0.79,0.33,1.19,1.88,308.2,177.8,130.4,0.80,0.34,1.22,1.93,79,118,1.88,2.81,1.93,2.88
,,,Agent_Mandark,Contender,Ionic,Energy,Lunar,41.0,592,44,0.500,0.500,22,22,12939,7340,5599,35,18,40,94,37.2%,285.1,161.7,123.4,0.77,0.40,0.88,2.07,294.1,166.8,127.3,0.80,0.41,0.91,2.14,105,105,2.31,2.31,2.39,2.39
,,,Drizzydadizzy,Contender,Hippie Haunters,Ghoul School,Solar,40.3,180,14,0.281,0.286,4,10,3433,1630,1803,3,9,12,28,10.7%,248.8,118.1,130.7,0.22,0.65,0.87,2.03,245.2,116.4,128.8,0.21,0.64,0.86,2.00,23,42,1.67,3.04,1.64,3.00
,,,Attonas,Contender,Hippie Haunters,Ghoul School,Solar,39.7,619,53,0.599,0.642,34,19,13449,7290,6159,38,19,32,94,40.4%,283.4,153.6,129.8,0.80,0.40,0.67,1.98,253.8,137.5,116.2,0.72,0.36,0.60,1.77,116,89,2.44,1.88,2.19,1.68
,,,Odynastyo,Contender,Tic Tacs,Minty Fresh,Solar,37.4,304,25,0.567,0.560,14,11,5783,2860,2923,12,14,10,46,26.1%,248.1,122.7,125.4,0.51,0.60,0.43,1.97,231.3,114.4,116.9,0.48,0.56,0.40,1.84,56,47,2.40,2.02,2.24,1.88
,,,Shadic148,Contender,Ionic,Energy,Lunar,37.2,227,16,0.406,0.438,7,9,4684,2170,2514,7,7,15,37,18.9%,269.2,124.7,144.5,0.40,0.40,0.86,2.13,292.8,135.6,157.1,0.44,0.44,0.94,2.31,31,40,1.78,2.30,1.94,2.50
,,,Zephrence,Contender,"Aluminum
Packed Eclairs","Metal
The Bakery",Lunar,36.7,239,20,0.272,0.300,6,14,5202,2640,2562,8,5,24,39,20.5%,283.9,144.1,139.8,0.44,0.27,1.31,2.13,260.1,132.0,128.1,0.40,0.25,1.20,1.95,31,58,1.69,3.17,1.55,2.90
,,,Cuse42,Contender,Dagon,The Mythos,Lunar,36.5,526,40,0.580,0.525,21,19,10398,5400,4998,24,19,24,85,28.2%,257.9,133.9,123.9,0.60,0.47,0.60,2.11,260.0,135.0,125.0,0.60,0.48,0.60,2.13,94,76,2.33,1.88,2.35,1.90
,,,Cjayyrl,Contender,Ice,The Elements,Solar,29.0,57,4,0.325,0.250,1,3,1258,550,708,1,0,7,10,10.0%,287.9,125.9,162.0,0.23,0.00,1.60,2.29,314.5,137.5,177.0,0.25,0.00,1.75,2.50,4,7,0.92,1.60,1.00,1.75
,,,Angry-Hermit,Contender,Devoured,Destined,Solar,28.8,466,37,0.516,0.514,19,18,9087,4530,4557,16,13,33,63,25.4%,254.4,126.8,127.6,0.45,0.36,0.92,1.76,245.6,122.4,123.2,0.43,0.35,0.89,1.70,71,68,1.99,1.90,1.92,1.84
,,,Ninnahatake,Contender,"Pumpkins
Packed Eclairs","The Garden
The Bakery",Lunar,26.8,127,10,0.484,0.500,5,5,2593,1680,913,8,3,12,13,61.5%,266.3,172.6,93.8,0.82,0.31,1.23,1.34,259.3,168.0,91.3,0.80,0.30,1.20,1.30,25,26,2.57,2.67,2.50,2.60
,,,Cbhiphop77,Contender,Packed Eclairs,The Bakery,Lunar,26.7,408,30,0.370,0.400,12,18,7978,4020,3958,15,9,30,57,26.3%,255.1,128.5,126.5,0.48,0.29,0.96,1.82,265.9,134.0,131.9,0.50,0.30,1.00,1.90,65,91,2.08,2.91,2.17,3.03
,,,Prestondew00,Contender,Samurai,The Sovereign,Lunar,26.4,312,22,0.342,0.273,6,16,6452,3700,2752,17,6,27,35,48.6%,269.8,154.7,115.1,0.71,0.25,1.13,1.46,293.3,168.2,125.1,0.77,0.27,1.23,1.59,44,67,1.84,2.80,2.00,3.05
,,,Kenzius22,Contender,Samurai,The Sovereign,Lunar,25.3,602,43,0.284,0.233,10,33,11666,6060,5606,24,13,44,81,29.6%,252.8,131.3,121.5,0.52,0.28,0.95,1.76,271.3,140.9,130.4,0.56,0.30,1.02,1.88,80,144,1.73,3.12,1.86,3.35
,,,Og_Cuddles_,Contender,Samurai,The Sovereign,Lunar,22.5,731,53,0.299,0.264,14,39,13638,7200,6438,23,17,63,90,25.6%,243.4,128.5,114.9,0.41,0.30,1.12,1.61,257.3,135.8,121.5,0.43,0.32,1.19,1.70,98,169,1.75,3.02,1.85,3.19
,,,Salvation,Contender,Samurai,The Sovereign,Lunar,19.7,57,4,0.050,0.000,0,4,1047,570,477,3,0,3,12,25.0%,239.6,130.4,109.2,0.69,0.00,0.69,2.75,261.8,142.5,119.3,0.75,0.00,0.75,3.00,3,19,0.69,4.35,0.75,4.75
,,,Quidditch Captn,Contender,Ice,The Elements,Solar,19.3,493,38,0.258,0.158,6,32,9474,4800,4674,14,11,49,40,35.0%,250.7,127.0,123.7,0.37,0.29,1.30,1.06,249.3,126.3,123.0,0.37,0.29,1.29,1.05,60,118,1.59,3.12,1.58,3.11
,,,Lockl11N,Contender,"Ionic
Hobo Spiders","Energy
Eight Legged Freaks",Lunar,18.7,272,20,0.586,0.600,12,8,4295,2140,2155,9,10,8,34,26.5%,206.0,102.6,103.4,0.43,0.48,0.38,1.63,214.8,107.0,107.8,0.45,0.50,0.40,1.70,55,44,2.64,2.11,2.75,2.20
,,,D1Rew00F,Contender,Devoured,Destined,Solar,14.4,278,22,0.432,0.500,11,11,4514,2440,2074,6,9,23,24,25.0%,211.8,114.5,97.3,0.28,0.42,1.08,1.13,205.2,110.9,94.3,0.27,0.41,1.05,1.09,47,56,2.21,2.63,2.14,2.55
,,,Speciial_Eddy,Contender,"Hobo Spiders
Ice","Eight Legged Freaks
The Elements",Solar,11.5,85,6,0.183,0.167,1,5,1665,880,785,3,0,10,8,37.5%,255.5,135.1,120.5,0.46,0.00,1.53,1.23,277.5,146.7,130.8,0.50,0.00,1.67,1.33,6,17,0.92,2.61,1.00,2.83
,,,Ark7000,Contender,Ice,The Elements,Solar,9.8,504,39,0.154,0.103,4,35,8036,3710,4326,12,9,29,61,19.7%,208.0,96.0,112.0,0.31,0.23,0.75,1.58,206.1,95.1,110.9,0.31,0.23,0.74,1.56,39,121,1.01,3.13,1.00,3.10
,,,Rocci,Contender,Ice,The Elements,Solar,3.0,470,34,0.245,0.176,6,28,6884,3600,3284,14,10,26,40,35.0%,191.1,99.9,91.1,0.39,0.28,0.72,1.11,202.5,105.9,96.6,0.41,0.29,0.76,1.18,56,115,1.55,3.19,1.65,3.38
,,,Colossus4203316,Contender,Devoured,Destined,Solar,2.9,42,4,0.392,0.500,2,2,758,230,528,0,0,4,3,0.0%,235.4,71.4,164.0,0.00,0.00,1.24,0.93,189.5,57.5,132.0,0.00,0.00,1.00,0.75,6,8,1.86,2.48,1.50,2.00
,,,Zingaling,Contender,Hobo Spiders,Eight Legged Freaks,Lunar,-16.5,42,3,0.402,0.333,1,2,496,190,306,1,0,1,4,25.0%,154.1,59.0,95.0,0.31,0.00,0.31,1.24,165.3,63.3,102.0,0.33,0.00,0.33,1.33,7,9,2.17,2.80,2.33,3.00
,,,Rez,Challenger,Squalls,Storm,Solar,134.9,65,4,0.992,1.000,4,0,2026,1380,646,7,6,4,18,38.9%,441.5,300.8,140.8,1.53,1.31,0.87,3.92,506.5,345.0,161.5,1.75,1.50,1.00,4.50,21,1,4.58,0.22,5.25,0.25
,,,Nigel Thornbrake,Challenger,Belugas,Whale Defense,Solar,126.7,36,3,0.646,0.667,2,1,1277,800,477,5,1,3,10,50.0%,502.5,314.8,187.7,1.97,0.39,1.18,3.93,425.7,266.7,159.0,1.67,0.33,1.00,3.33,6,4,2.36,1.57,2.00,1.33
,,,Itzlight7,Challenger,Coatyl,Draconem,Solar,99.2,428,32,0.660,0.656,21,11,12685,7270,5415,36,21,32,102,35.3%,419.8,240.6,179.2,1.19,0.70,1.06,3.38,396.4,227.2,169.2,1.13,0.66,1.00,3.19,83,54,2.75,1.79,2.59,1.69
,,,Brainman_18,Challenger,Polar Ice,Minty Fresh,Solar,86.5,59,4,0.548,0.750,3,1,1612,930,682,4,3,5,13,30.8%,387.0,223.3,163.7,0.96,0.72,1.20,3.12,403.0,232.5,170.5,1.00,0.75,1.25,3.25,8,7,1.92,1.68,2.00,1.75
,,,Sageburner,Challenger,Belugas,Whale Defense,Solar,85.9,245,17,0.531,0.529,9,8,7203,4140,3063,19,8,27,49,38.8%,416.5,239.4,177.1,1.10,0.46,1.56,2.83,423.7,243.5,180.2,1.12,0.47,1.59,2.88,38,35,2.20,2.02,2.24,2.06
,,,I Like Bananas,Challenger,Toucans,The Jungle,Solar,85.0,58,4,0.832,1.000,4,0,1560,990,570,3,4,8,9,33.3%,381.0,241.8,139.2,0.73,0.98,1.95,2.20,390.0,247.5,142.5,0.75,1.00,2.00,2.25,14,5,3.42,1.22,3.50,1.25
,,,Pxrsonal.,Challenger,Panda Bears,The Bear Den,Lunar,82.3,855,60,0.530,0.533,32,28,23618,13680,9938,71,33,60,193,36.8%,391.3,226.7,164.7,1.18,0.55,0.99,3.20,393.6,228.0,165.6,1.18,0.55,1.00,3.22,150,139,2.49,2.30,2.50,2.32
,,,Riko,Challenger,Griffins,The Forest,Solar,80.4,744,54,0.573,0.630,34,20,20315,12530,7785,63,24,67,168,37.5%,386.8,238.6,148.2,1.20,0.46,1.28,3.20,376.2,232.0,144.2,1.17,0.44,1.24,3.11,141,117,2.68,2.23,2.61,2.17
,,,Mauidestroya,Challenger,Squalls,Storm,Solar,79.3,848,56,0.697,0.696,39,17,23283,14130,9153,63,40,86,153,41.2%,388.9,236.0,152.9,1.05,0.67,1.44,2.56,415.8,252.3,163.4,1.13,0.71,1.54,2.73,185,109,3.09,1.82,3.30,1.95
,,,Xxdarksidexx,Challenger,Isopods,The Abyss,Lunar,76.5,737,54,0.670,0.630,34,20,18979,11250,7729,48,36,62,155,31.0%,364.8,216.2,148.6,0.92,0.69,1.19,2.98,351.5,208.3,143.1,0.89,0.67,1.15,2.87,137,86,2.63,1.65,2.54,1.59
,,,Zar235,Challenger,Montbeliarde,Ox Gaming,Solar,76.5,595,45,0.563,0.578,26,19,16034,8970,7064,43,20,47,132,32.6%,381.7,213.6,168.2,1.02,0.48,1.12,3.14,356.3,199.3,157.0,0.96,0.44,1.04,2.93,97,82,2.31,1.95,2.16,1.82
,,,Ayochil1,Challenger,Apple Associates,The Syndicate,Lunar,76.5,886,59,0.588,0.593,35,24,23185,13700,9485,59,39,80,185,31.9%,370.7,219.0,151.7,0.94,0.62,1.28,2.96,393.0,232.2,160.8,1.00,0.66,1.36,3.14,167,133,2.67,2.13,2.83,2.25
,,,Poopsoup,Challenger,Squalls,Storm,Solar,76.0,899,60,0.687,0.683,41,19,23945,14260,9685,71,45,64,171,41.5%,377.3,224.7,152.6,1.12,0.71,1.01,2.69,399.1,237.7,161.4,1.18,0.75,1.07,2.85,194,118,3.06,1.86,3.23,1.97
,,,Yourboiblue,Challenger,Coatyl,Draconem,Solar,76.0,60,4,0.620,0.500,2,2,1488,730,758,4,2,1,18,22.2%,351.3,172.4,179.0,0.94,0.47,0.24,4.25,372.0,182.5,189.5,1.00,0.50,0.25,4.50,11,8,2.60,1.89,2.75,2.00
,,,Dougie,Challenger,Nebulae,The Cosmos,Lunar,74.8,688,47,0.537,0.617,29,18,18845,10270,8575,43,27,67,127,33.9%,388.0,211.5,176.6,0.89,0.56,1.38,2.61,401.0,218.5,182.4,0.91,0.57,1.43,2.70,120,109,2.47,2.24,2.55,2.32
,,,Drewski Rl,Challenger,Shinigami,The Gods,Lunar,74.1,628,46,0.519,0.587,27,19,16120,9330,6790,37,29,58,128,28.9%,363.6,210.5,153.2,0.83,0.65,1.31,2.89,350.4,202.8,147.6,0.80,0.63,1.26,2.78,105,100,2.37,2.26,2.28,2.17
,,,Dinger936,Challenger,Yig,The Mythos,Lunar,73.9,893,60,0.542,0.567,34,26,23453,13610,9843,59,41,79,171,34.5%,372.0,215.9,156.1,0.94,0.65,1.25,2.71,390.9,226.8,164.1,0.98,0.68,1.32,2.85,155,139,2.46,2.20,2.58,2.32
,,,Mummifiedraptor,Challenger,Threshers,Shark Attack,Lunar,73.3,710,47,0.618,0.638,30,17,18208,11140,7068,47,33,68,139,33.8%,363.3,222.3,141.0,0.94,0.66,1.36,2.77,387.4,237.0,150.4,1.00,0.70,1.45,2.96,135,99,2.69,1.98,2.87,2.11
,,,Bousquet,Challenger,Coatyl,Draconem,Solar,72.9,638,48,0.615,0.625,30,18,17357,10320,7037,54,25,50,117,46.2%,385.4,229.1,156.2,1.20,0.56,1.11,2.60,361.6,215.0,146.6,1.13,0.52,1.04,2.44,134,100,2.98,2.22,2.79,2.08
,,,Neutrino,Challenger,"Nebulae
Penne Patrol","The Cosmos
Italian Battalion",Lunar,72.1,760,55,0.494,0.509,28,27,21318,11960,9358,49,20,95,131,37.4%,397.4,222.9,174.4,0.91,0.37,1.77,2.44,387.6,217.5,170.1,0.89,0.36,1.73,2.38,125,127,2.33,2.37,2.27,2.31
,,,Kflip11,Challenger,Steel,Metal,Solar,72.1,667,51,0.510,0.529,27,24,18007,10460,7547,50,26,59,121,41.3%,382.4,222.2,160.3,1.06,0.55,1.25,2.57,353.1,205.1,148.0,0.98,0.51,1.16,2.37,117,114,2.48,2.42,2.29,2.24
,,,Onepopshop88,Challenger,Zombies,The Monster Mash,Lunar,71.3,822,58,0.460,0.448,26,32,21320,12160,9160,54,38,66,156,34.6%,367.4,209.6,157.9,0.93,0.65,1.14,2.69,367.6,209.7,157.9,0.93,0.66,1.14,2.69,127,141,2.19,2.43,2.19,2.43
,,,1Ssh1,Challenger,Metal,The Elements,Solar,68.0,777,50,0.571,0.620,31,19,20312,11580,8732,52,32,68,138,37.7%,370.3,211.1,159.2,0.95,0.58,1.24,2.52,406.2,231.6,174.6,1.04,0.64,1.36,2.76,135,112,2.46,2.04,2.70,2.24
,,,Vikha.,Challenger,Wheelchairs,The Quad Dynasty,Lunar,68.0,872,60,0.525,0.533,32,28,22066,13260,8806,66,30,66,186,35.5%,358.5,215.4,143.1,1.07,0.49,1.07,3.02,367.8,221.0,146.8,1.10,0.50,1.10,3.10,145,136,2.36,2.21,2.42,2.27
,,,Levibullrush,Challenger,Puffin Pastries,The Bakery,Lunar,67.9,869,60,0.556,0.583,35,25,22048,12240,9808,54,41,63,164,32.9%,359.4,199.5,159.9,0.88,0.67,1.03,2.67,367.5,204.0,163.5,0.90,0.68,1.05,2.73,157,136,2.56,2.22,2.62,2.27
,,,Daulton .,Challenger,Arcturus,The Nexus,Solar,67.9,823,60,0.465,0.450,27,33,21090,12120,8970,51,32,77,157,32.5%,363.0,208.6,154.4,0.88,0.55,1.33,2.70,351.5,202.0,149.5,0.85,0.53,1.28,2.62,126,138,2.17,2.38,2.10,2.30
,,,Mogulmaniac5480,Challenger,Toucans,The Jungle,Solar,67.9,639,47,0.588,0.511,24,23,17287,9770,7517,44,19,66,112,39.3%,383.2,216.6,166.6,0.98,0.42,1.46,2.48,367.8,207.9,159.9,0.94,0.40,1.40,2.38,111,88,2.46,1.95,2.36,1.87
,,,Astro,Challenger,Bulldogs,Puppy Paradise,Solar,67.8,196,15,0.431,0.467,7,8,5266,2880,2386,12,7,20,33,36.4%,380.6,208.2,172.4,0.87,0.51,1.45,2.39,351.1,192.0,159.1,0.80,0.47,1.33,2.20,31,37,2.24,2.67,2.07,2.47
,,,Rutherford The Great,Challenger,Threshers,Shark Attack,Lunar,66.8,84,6,0.410,0.500,3,3,2266,1240,1026,7,1,6,19,36.8%,382.1,209.1,173.0,1.18,0.17,1.01,3.20,377.7,206.7,171.0,1.17,0.17,1.00,3.17,11,14,1.86,2.36,1.83,2.33
,,,Crimed0Ge,Challenger,Isopods,The Abyss,Lunar,66.1,810,60,0.622,0.583,35,25,20940,11510,9430,49,32,71,146,33.6%,366.2,201.3,164.9,0.86,0.56,1.24,2.55,349.0,191.8,157.2,0.82,0.53,1.18,2.43,143,103,2.50,1.80,2.38,1.72
,,,Iv4N-Ivan-1Van,Challenger,Polar Ice,Minty Fresh,Solar,66.1,371,29,0.576,0.655,19,10,9731,5570,4161,28,11,30,72,38.9%,371.6,212.7,158.9,1.07,0.42,1.15,2.75,335.6,192.1,143.5,0.97,0.38,1.03,2.48,67,55,2.56,2.10,2.31,1.90
,,,Bad_Example,Challenger,Griffins,The Forest,Solar,65.0,649,49,0.573,0.653,32,17,16181,8830,7351,36,31,50,118,30.5%,353.2,192.7,160.5,0.79,0.68,1.09,2.58,330.2,180.2,150.0,0.73,0.63,1.02,2.41,116,96,2.53,2.10,2.37,1.96
,,,Itsbooktv,Challenger,Breadsticks,Fifty-Fifty Pizzeria,Lunar,64.1,640,46,0.598,0.543,25,21,16535,9660,6875,41,24,66,106,38.7%,366.0,213.8,152.2,0.91,0.53,1.46,2.35,359.5,210.0,149.5,0.89,0.52,1.43,2.30,120,93,2.66,2.06,2.61,2.02
,,,Capalean,Challenger,Tarantulas,Eight Legged Freaks,Lunar,63.5,101,7,0.500,0.429,3,4,2467,1500,967,7,4,8,20,35.0%,346.0,210.4,135.6,0.98,0.56,1.12,2.81,352.4,214.3,138.1,1.00,0.57,1.14,2.86,19,19,2.66,2.66,2.71,2.71
,,,Then000Bster,Challenger,Tarantulas,Eight Legged Freaks,Lunar,61.1,663,48,0.427,0.438,21,27,16829,9520,7309,42,30,56,102,41.2%,359.6,203.4,156.2,0.90,0.64,1.20,2.18,350.6,198.3,152.3,0.88,0.63,1.17,2.13,110,132,2.35,2.82,2.29,2.75
,,,Lucas_Rl,Challenger,Wheelchairs,The Quad Dynasty,Lunar,61.0,757,52,0.528,0.538,28,24,18753,10290,8463,37,34,73,124,29.8%,350.9,192.6,158.4,0.69,0.64,1.37,2.32,360.6,197.9,162.8,0.71,0.65,1.40,2.38,127,118,2.38,2.21,2.44,2.27
,,,Moose-182,Challenger,Yig,The Mythos,Lunar,60.7,719,48,0.560,0.583,28,20,17755,9960,7795,41,22,67,141,29.1%,349.8,196.2,153.6,0.81,0.43,1.32,2.78,369.9,207.5,162.4,0.85,0.46,1.40,2.94,125,107,2.46,2.11,2.60,2.23
,,,Yourdoomed181,Challenger,Strawberries,The Garden,Solar,60.6,621,44,0.540,0.568,25,19,15851,8210,7641,31,19,61,111,27.9%,361.6,187.3,174.3,0.71,0.43,1.39,2.53,360.3,186.6,173.7,0.70,0.43,1.39,2.52,87,78,1.98,1.78,1.98,1.77
,,,Washedtopher,Challenger,Panda Bears,The Bear Den,Lunar,60.0,740,52,0.541,0.538,28,24,17325,9890,7435,36,40,60,129,27.9%,331.7,189.3,142.3,0.69,0.77,1.15,2.47,333.2,190.2,143.0,0.69,0.77,1.15,2.48,132,119,2.53,2.28,2.54,2.29
,,,Whymer,Challenger,Threshers,Shark Attack,Lunar,59.5,856,59,0.563,0.559,33,26,20248,10720,9528,36,46,67,147,24.5%,335.1,177.4,157.7,0.60,0.76,1.11,2.43,343.2,181.7,161.5,0.61,0.78,1.14,2.49,152,129,2.52,2.13,2.58,2.19
,,,Fryer_Lee,Challenger,Belugas,Whale Defense,Solar,59.2,797,58,0.509,0.517,30,28,19927,11040,8887,46,30,72,134,34.3%,354.2,196.2,158.0,0.82,0.53,1.28,2.38,343.6,190.3,153.2,0.79,0.52,1.24,2.31,129,126,2.29,2.24,2.22,2.17
,,,Ashura.-,Challenger,Polar Ice,Minty Fresh,Solar,59.2,623,46,0.587,0.674,31,15,15337,8770,6567,36,19,61,117,30.8%,348.7,199.4,149.3,0.82,0.43,1.39,2.66,333.4,190.7,142.8,0.78,0.41,1.33,2.54,107,85,2.43,1.93,2.33,1.85
,,,Jackowanou,Challenger,Shinigami,The Gods,Lunar,58.9,632,47,0.488,0.553,26,21,15756,8460,7296,37,21,51,116,31.9%,353.2,189.6,163.5,0.83,0.47,1.14,2.60,335.2,180.0,155.2,0.79,0.45,1.09,2.47,95,98,2.13,2.20,2.02,2.09
,,,I Grades I,Challenger,Steel,Metal,Solar,58.6,455,35,0.452,0.400,14,21,11260,6070,5190,25,21,36,72,34.7%,350.6,189.0,161.6,0.78,0.65,1.12,2.24,321.7,173.4,148.3,0.71,0.60,1.03,2.06,78,88,2.43,2.74,2.23,2.51
,,,Blu3Prints,Challenger,Breadsticks,Fifty-Fifty Pizzeria,Lunar,58.3,859,60,0.550,0.500,30,30,20854,11950,8904,48,31,81,155,31.0%,343.9,197.1,146.8,0.79,0.51,1.34,2.56,347.6,199.2,148.4,0.80,0.52,1.35,2.58,149,131,2.46,2.16,2.48,2.18
,,,Cooper.,Challenger,Puffin Pastries,The Bakery,Lunar,56.6,815,56,0.563,0.589,33,23,20062,11880,8182,62,21,61,158,39.2%,348.7,206.5,142.2,1.08,0.37,1.06,2.75,358.3,212.1,146.1,1.11,0.38,1.09,2.82,148,126,2.57,2.19,2.64,2.25
,,,Mabracadabra919,Challenger,Apple Associates,The Syndicate,Lunar,56.1,505,34,0.587,0.559,19,15,11537,6520,5017,25,30,34,82,30.5%,323.6,182.9,140.7,0.70,0.84,0.95,2.30,339.3,191.8,147.6,0.74,0.88,1.00,2.41,88,70,2.47,1.96,2.59,2.06
,,,Tr1Ppn,Challenger,Montbeliarde,Ox Gaming,Solar,55.8,761,56,0.575,0.571,32,24,17943,9900,8043,38,32,63,135,28.1%,334.0,184.3,149.7,0.71,0.60,1.17,2.51,320.4,176.8,143.6,0.68,0.57,1.13,2.41,128,105,2.38,1.95,2.29,1.88
,,,Slowlow24,Challenger,"Jock O Lanterns
Bulldogs","Ghoul School
Puppy Paradise",Solar,55.8,338,25,0.520,0.640,16,9,7895,4450,3445,13,18,35,50,26.0%,330.9,186.5,144.4,0.54,0.75,1.47,2.10,315.8,178.0,137.8,0.52,0.72,1.40,2.00,63,60,2.64,2.51,2.52,2.40
,,,Boulder,Challenger,Fusion,Energy,Lunar,55.8,35,2,0.371,0.500,1,1,924,610,314,3,0,5,6,50.0%,374.0,246.9,127.1,1.21,0.00,2.02,2.43,462.0,305.0,157.0,1.50,0.00,2.50,3.00,5,7,2.02,2.83,2.50,3.50
,,,Markoyo,Challenger,Steel,Metal,Solar,55.8,668,50,0.487,0.500,25,25,16487,8990,7497,39,25,55,109,35.8%,349.6,190.6,159.0,0.83,0.53,1.17,2.31,329.7,179.8,149.9,0.78,0.50,1.10,2.18,120,124,2.54,2.63,2.40,2.48
,,,Bucknekkid15,Challenger,Coatyl,Draconem,Solar,55.7,759,57,0.608,0.596,34,23,18038,10640,7398,49,28,59,139,35.3%,336.7,198.6,138.1,0.91,0.52,1.10,2.59,316.5,186.7,129.8,0.86,0.49,1.04,2.44,153,116,2.86,2.16,2.68,2.04
,,,Mayday369,Challenger,Squalls,Storm,Solar,55.4,711,48,0.648,0.646,31,17,16633,9740,6893,42,34,53,119,35.3%,331.4,194.1,137.3,0.84,0.68,1.06,2.37,346.5,202.9,143.6,0.88,0.71,1.10,2.48,147,100,2.93,1.99,3.06,2.08
,,,Thog,Challenger,Shock,Electric Mayhem,Lunar,55.2,740,52,0.490,0.500,26,26,17943,10150,7793,41,31,67,115,35.7%,343.5,194.3,149.2,0.78,0.59,1.28,2.20,345.1,195.2,149.9,0.79,0.60,1.29,2.21,119,122,2.28,2.34,2.29,2.35
,,,Missionaryjackk,Challenger,Penne Patrol,Italian Battalion,Lunar,54.4,56,4,0.462,0.500,2,2,1316,760,556,4,2,3,11,36.4%,332.9,192.3,140.6,1.01,0.51,0.76,2.78,329.0,190.0,139.0,1.00,0.50,0.75,2.75,10,11,2.53,2.78,2.50,2.75
,,,Ledtasso,Challenger,Isopods,The Abyss,Lunar,53.5,513,40,0.558,0.475,19,21,12202,7020,5182,30,19,44,87,34.5%,336.9,193.8,143.1,0.83,0.52,1.22,2.40,305.1,175.5,129.6,0.75,0.48,1.10,2.18,84,72,2.32,1.99,2.10,1.80
,,,Merioch,Challenger,Polar Ice,Minty Fresh,Solar,53.1,600,44,0.536,0.591,26,18,14225,7750,6475,32,27,45,95,33.7%,335.8,183.0,152.9,0.76,0.64,1.06,2.24,323.3,176.1,147.2,0.73,0.61,1.02,2.16,101,92,2.38,2.17,2.30,2.09
,,,Tw1Zt3D,Challenger,Bulldogs,Puppy Paradise,Solar,52.9,288,20,0.447,0.400,8,12,6961,3930,3031,16,9,28,48,33.3%,342.4,193.3,149.1,0.79,0.44,1.38,2.36,348.1,196.5,151.6,0.80,0.45,1.40,2.40,50,57,2.46,2.80,2.50,2.85
,,,Turboalpaca,Challenger,Spartans,The Sovereign,Lunar,52.7,775,52,0.385,0.288,15,37,18804,10690,8114,47,24,70,129,36.4%,343.7,195.4,148.3,0.86,0.44,1.28,2.36,361.6,205.6,156.0,0.90,0.46,1.35,2.48,112,151,2.05,2.76,2.15,2.90
,,,Nj111_,Challenger,Toucans,The Jungle,Solar,52.7,697,50,0.500,0.420,21,29,16548,9190,7358,37,22,63,124,29.8%,336.3,186.8,149.5,0.75,0.45,1.28,2.52,331.0,183.8,147.2,0.74,0.44,1.26,2.48,112,112,2.28,2.28,2.24,2.24
,,,Theodorethe2,Challenger,Arcturus,The Nexus,Solar,52.5,305,22,0.565,0.636,14,8,7526,4150,3376,16,10,32,45,35.6%,349.5,192.7,156.8,0.74,0.46,1.49,2.09,342.1,188.6,153.5,0.73,0.45,1.45,2.05,51,43,2.37,2.00,2.32,1.95
,,,Dctgti,Challenger,Fusion,Energy,Lunar,52.2,848,55,0.412,0.382,21,34,19477,11140,8337,46,35,66,149,30.9%,325.4,186.1,139.3,0.77,0.58,1.10,2.49,354.1,202.5,151.6,0.84,0.64,1.20,2.71,130,163,2.17,2.72,2.36,2.96
,,,Dumplingsaregod,Challenger,Nebulae,The Cosmos,Lunar,52.1,840,56,0.553,0.643,36,20,19388,11620,7768,59,31,52,157,37.6%,327.0,196.0,131.0,0.99,0.52,0.88,2.65,346.2,207.5,138.7,1.05,0.55,0.93,2.80,149,130,2.51,2.19,2.66,2.32
,,,Crypt1Cgames,Challenger,Puffin Pastries,The Bakery,Lunar,51.2,793,55,0.561,0.582,32,23,18435,10440,7995,37,38,74,114,32.5%,329.3,186.5,142.8,0.66,0.68,1.32,2.04,335.2,189.8,145.4,0.67,0.69,1.35,2.07,145,124,2.59,2.22,2.64,2.25
,,,Donttakemyrock,Challenger,Deceased,Destined,Solar,50.8,643,46,0.411,0.370,17,29,15908,8890,7018,42,16,57,104,40.4%,350.5,195.9,154.6,0.93,0.35,1.26,2.29,345.8,193.3,152.6,0.91,0.35,1.24,2.26,97,122,2.14,2.69,2.11,2.65
,,,Oneplayamaker,Challenger,Jock O Lanterns,Ghoul School,Solar,50.7,789,56,0.317,0.321,18,38,18835,10040,8795,40,32,65,119,33.6%,338.2,180.3,157.9,0.72,0.57,1.17,2.14,336.3,179.3,157.1,0.71,0.57,1.16,2.13,111,179,1.99,3.21,1.98,3.20
,,,Lynchmeister,Challenger,Polar Ice,Minty Fresh,Solar,50.7,774,57,0.589,0.667,38,19,17815,9960,7855,39,36,61,121,32.2%,326.1,182.3,143.8,0.71,0.66,1.12,2.21,312.5,174.7,137.8,0.68,0.63,1.07,2.12,134,106,2.45,1.94,2.35,1.86
,,,Seiiko,Challenger,Deceased,Destined,Solar,50.2,603,44,0.361,0.386,17,27,14284,7890,6394,32,20,54,99,32.3%,335.6,185.4,150.2,0.75,0.47,1.27,2.33,324.6,179.3,145.3,0.73,0.45,1.23,2.25,88,126,2.07,2.96,2.00,2.86
,,,Blood12Aven,Challenger,Breadsticks,Fifty-Fifty Pizzeria,Lunar,50.2,859,60,0.550,0.500,30,30,20169,11420,8749,50,36,66,132,37.9%,332.6,188.3,144.3,0.82,0.59,1.09,2.18,336.2,190.3,145.8,0.83,0.60,1.10,2.20,149,131,2.46,2.16,2.48,2.18
,,,Ducky,Challenger,Metal,The Elements,Solar,49.7,716,46,0.592,0.630,29,17,15626,9270,6356,31,41,61,107,29.0%,309.2,183.4,125.8,0.61,0.81,1.21,2.12,339.7,201.5,138.2,0.67,0.89,1.33,2.33,132,104,2.61,2.06,2.87,2.26
,,,Logixaal,Challenger,Griffins,The Forest,Solar,49.5,778,57,0.560,0.596,34,23,17505,9570,7935,37,40,53,122,30.3%,318.7,174.3,144.5,0.67,0.73,0.97,2.22,307.1,167.9,139.2,0.65,0.70,0.93,2.14,140,120,2.55,2.18,2.46,2.11
,,,Lee-Lo,Challenger,Penne Patrol,Italian Battalion,Lunar,49.2,671,48,0.430,0.458,22,26,15363,7960,7403,27,25,57,116,23.3%,324.3,168.0,156.3,0.57,0.53,1.20,2.45,320.1,165.8,154.2,0.56,0.52,1.19,2.42,93,112,1.96,2.36,1.94,2.33
,,,I Love Sand,Challenger,Arcturus,The Nexus,Solar,49.0,709,52,0.483,0.462,24,28,16581,8730,7851,31,26,64,113,27.4%,331.3,174.4,156.9,0.62,0.52,1.28,2.26,318.9,167.9,151.0,0.60,0.50,1.23,2.17,109,114,2.18,2.28,2.10,2.19
,,,Ryo <3,Challenger,Zombies,The Monster Mash,Lunar,48.9,174,12,0.352,0.417,5,7,4085,2540,1545,10,4,21,29,34.5%,332.6,206.8,125.8,0.81,0.33,1.71,2.36,340.4,211.7,128.8,0.83,0.33,1.75,2.42,26,38,2.12,3.09,2.17,3.17
,,,Ngu_Ic3,Challenger,Strawberries,The Garden,Solar,48.9,632,45,0.476,0.511,23,22,14738,8070,6668,38,18,44,117,32.5%,330.3,180.9,149.5,0.85,0.40,0.99,2.62,327.5,179.3,148.2,0.84,0.40,0.98,2.60,89,95,1.99,2.13,1.98,2.11
,,,Butt.Quakes,Challenger,"Penne Patrol
Void","Italian Battalion
Event Horizon",Solar,48.6,218,16,0.458,0.500,8,8,5440,3050,2390,13,8,22,25,52.0%,353.5,198.2,155.3,0.84,0.52,1.43,1.62,340.0,190.6,149.4,0.81,0.50,1.38,1.56,36,40,2.34,2.60,2.25,2.50
,,,Calicat01,Challenger,Shock,Electric Mayhem,Lunar,48.3,665,48,0.500,0.479,23,25,15298,8570,6728,38,22,50,117,32.5%,325.9,182.6,143.3,0.81,0.47,1.07,2.49,318.7,178.5,140.2,0.79,0.46,1.04,2.44,110,110,2.34,2.34,2.29,2.29
,,,Cmonchan,Challenger,Strawberries,The Garden,Solar,48.3,767,54,0.507,0.556,30,24,17748,9300,8448,33,28,67,125,26.4%,327.8,171.8,156.0,0.61,0.52,1.24,2.31,328.7,172.2,156.4,0.61,0.52,1.24,2.31,116,114,2.14,2.11,2.15,2.11
,,,Zcgentry,Challenger,Belugas,Whale Defense,Solar,47.8,434,32,0.505,0.531,17,15,10021,5860,4161,23,16,42,66,34.8%,327.1,191.3,135.8,0.75,0.52,1.37,2.15,313.2,183.1,130.0,0.72,0.50,1.31,2.06,72,71,2.35,2.32,2.25,2.22
,,,Notz0Han,Challenger,Havarti Hustlers,Cheese Guild,Solar,47.6,300,23,0.427,0.391,9,14,7017,3780,3237,15,10,26,48,31.3%,331.3,178.5,152.8,0.71,0.47,1.23,2.27,305.1,164.3,140.7,0.65,0.43,1.13,2.09,43,52,2.03,2.46,1.87,2.26
,,,Doctorprofessor_,Challenger,Bulldogs,Puppy Paradise,Solar,47.3,634,45,0.456,0.444,20,25,14843,7800,7043,34,21,46,105,32.4%,331.6,174.3,157.4,0.76,0.47,1.03,2.35,329.8,173.3,156.5,0.76,0.47,1.02,2.33,100,112,2.23,2.50,2.22,2.49
,,,Ruthle,Challenger,Toucans,The Jungle,Solar,47.2,501,38,0.419,0.368,14,24,11445,5790,5655,22,22,34,79,27.8%,323.6,163.7,159.9,0.62,0.62,0.96,2.23,301.2,152.4,148.8,0.58,0.58,0.89,2.08,72,89,2.04,2.52,1.89,2.34
,,,Ofodo,Challenger,Metal,The Elements,Solar,47.0,654,42,0.475,0.500,21,21,14507,8640,5867,37,27,50,109,33.9%,314.2,187.1,127.1,0.80,0.58,1.08,2.36,345.4,205.7,139.7,0.88,0.64,1.19,2.60,104,111,2.25,2.40,2.48,2.64
,,,Tgunn05,Challenger,Tarantulas,Eight Legged Freaks,Lunar,46.5,748,52,0.431,0.404,21,31,16370,9020,7350,37,32,48,132,28.0%,310.0,170.8,139.2,0.70,0.61,0.91,2.50,314.8,173.5,141.3,0.71,0.62,0.92,2.54,120,143,2.27,2.71,2.31,2.75
,,,Sean.,Challenger,"Jock O Lanterns
Havarti Hustlers","Ghoul School
Cheese Guild",Solar,45.5,704,51,0.427,0.431,22,29,16231,9300,6931,47,16,50,130,36.2%,326.6,187.1,139.5,0.95,0.32,1.01,2.62,318.3,182.4,135.9,0.92,0.31,0.98,2.55,107,129,2.15,2.60,2.10,2.53
,,,Hybridparagon,Challenger,Shock,Electric Mayhem,Lunar,45.4,674,47,0.457,0.426,20,27,14956,8240,6716,34,24,49,119,28.6%,314.3,173.2,141.2,0.71,0.50,1.03,2.50,318.2,175.3,142.9,0.72,0.51,1.04,2.53,101,113,2.12,2.37,2.15,2.40
,,,Jpd.,Challenger,Apple Associates,The Syndicate,Lunar,45.3,603,41,0.577,0.610,25,16,13463,8070,5393,41,23,36,102,40.2%,316.3,189.6,126.7,0.96,0.54,0.85,2.40,328.4,196.8,131.5,1.00,0.56,0.88,2.49,119,98,2.80,2.30,2.90,2.39
,,,Sspohc,Challenger,Zombies,The Monster Mash,Lunar,45.3,197,15,0.578,0.533,8,7,4391,2220,2171,7,8,16,32,21.9%,315.7,159.6,156.1,0.50,0.58,1.15,2.30,292.7,148.0,144.7,0.47,0.53,1.07,2.13,32,26,2.30,1.87,2.13,1.73
,,,Atmabuster,Challenger,Toucans,The Jungle,Solar,44.8,571,41,0.524,0.439,18,23,12414,6890,5524,30,27,32,94,31.9%,308.0,170.9,137.0,0.74,0.67,0.79,2.33,302.8,168.0,134.7,0.73,0.66,0.78,2.29,99,93,2.46,2.31,2.41,2.27
,,,Twoslot,Challenger,Threshers,Shark Attack,Lunar,44.0,767,51,0.552,0.529,27,24,16498,10540,5958,55,26,46,144,38.2%,304.7,194.7,110.0,1.02,0.48,0.85,2.66,323.5,206.7,116.8,1.08,0.51,0.90,2.82,135,118,2.49,2.18,2.65,2.31
,,,Khev_,Challenger,Shinigami,The Gods,Lunar,43.8,587,44,0.496,0.523,23,21,13047,7500,5547,31,21,48,95,32.6%,314.9,181.0,133.9,0.75,0.51,1.16,2.29,296.5,170.5,126.1,0.70,0.48,1.09,2.16,95,96,2.29,2.32,2.16,2.18
,,,Thisisdrew314,Challenger,Deceased,Destined,Solar,43.3,737,53,0.359,0.321,17,36,16452,9300,7152,37,24,64,120,30.8%,316.2,178.8,137.5,0.71,0.46,1.23,2.31,310.4,175.5,134.9,0.70,0.45,1.21,2.26,107,154,2.06,2.96,2.02,2.91
,,,Masdhapotatoes,Challenger,Squalls,Storm,Solar,42.9,174,12,0.616,0.667,8,4,3947,2420,1527,11,5,16,27,40.7%,321.3,197.0,124.3,0.90,0.41,1.30,2.20,328.9,201.7,127.3,0.92,0.42,1.33,2.25,35,26,2.85,2.12,2.92,2.17
,,,Perryxpotter,Challenger,Wheelchairs,The Quad Dynasty,Lunar,42.7,65,4,0.540,0.500,2,2,1453,910,543,5,2,4,11,45.5%,316.7,198.3,118.3,1.09,0.44,0.87,2.40,363.3,227.5,135.8,1.25,0.50,1.00,2.75,10,9,2.18,1.96,2.50,2.25
,,,Anarcrist,Challenger,Strawberries,The Garden,Solar,42.7,518,33,0.549,0.576,19,14,10910,6350,4560,23,23,41,85,27.1%,298.4,173.7,124.7,0.63,0.63,1.12,2.32,330.6,192.4,138.2,0.70,0.70,1.24,2.58,83,73,2.27,2.00,2.52,2.21
,,,X_Marshallaw_X,Challenger,Jock O Lanterns,Ghoul School,Solar,42.6,372,25,0.302,0.160,4,21,8555,4740,3815,21,5,34,69,30.4%,325.8,180.5,145.3,0.80,0.19,1.29,2.63,342.2,189.6,152.6,0.84,0.20,1.36,2.76,51,86,1.94,3.27,2.04,3.44
,,,Wannabuybubbles,Challenger,Spartans,The Sovereign,Lunar,42.4,83,6,0.205,0.167,1,5,1861,1120,741,6,1,6,17,35.3%,317.6,191.2,126.5,1.02,0.17,1.02,2.90,310.2,186.7,123.5,1.00,0.17,1.00,2.83,9,21,1.54,3.58,1.50,3.50
,,,Bsmithrl,Challenger,Bulldogs,Puppy Paradise,Solar,42.4,766,55,0.413,0.382,21,34,16710,9090,7620,35,30,57,124,28.2%,309.0,168.1,140.9,0.65,0.55,1.05,2.29,303.8,165.3,138.5,0.64,0.55,1.04,2.25,115,144,2.13,2.66,2.09,2.62
,,,Carshawnlynch,Challenger,Fusion,Energy,Lunar,41.3,769,50,0.431,0.400,20,30,16617,9540,7077,41,30,54,124,33.1%,306.1,175.7,130.4,0.76,0.55,0.99,2.28,332.3,190.8,141.5,0.82,0.60,1.08,2.48,127,151,2.34,2.78,2.54,3.02
,,,Hank _,Challenger,"Arcturus
Penne Patrol","The Nexus
Italian Battalion",Solar,40.7,473,35,0.490,0.429,15,20,10072,5860,4212,26,20,30,76,34.2%,301.6,175.5,126.1,0.78,0.60,0.90,2.28,287.8,167.4,120.3,0.74,0.57,0.86,2.17,75,77,2.25,2.31,2.14,2.20
,,,Agentanime07,Challenger,Tarantulas,Eight Legged Freaks,Lunar,39.7,512,35,0.371,0.286,10,25,11418,6400,5018,29,18,37,75,38.7%,315.9,177.1,138.8,0.80,0.50,1.02,2.08,326.2,182.9,143.4,0.83,0.51,1.06,2.14,76,106,2.10,2.93,2.17,3.03
,,,Enric0 Palazz0,Challenger,Void,Event Horizon,Solar,39.5,834,60,0.366,0.400,24,36,18617,10570,8047,49,21,65,137,35.8%,316.2,179.5,136.7,0.83,0.36,1.10,2.33,310.3,176.2,134.1,0.82,0.35,1.08,2.28,114,162,1.94,2.75,1.90,2.70
,,,Baggymanny,Challenger,Threshers,Shark Attack,Lunar,39.4,208,17,0.366,0.353,6,11,4419,2380,2039,10,9,12,33,30.3%,301.0,162.1,138.9,0.68,0.61,0.82,2.25,259.9,140.0,119.9,0.59,0.53,0.71,1.94,32,45,2.18,3.06,1.88,2.65
,,,Primed,Challenger,Zombies,The Monster Mash,Lunar,38.6,802,56,0.471,0.464,26,30,17530,10180,7350,43,25,68,123,35.0%,309.6,179.8,129.8,0.76,0.44,1.20,2.17,313.0,181.8,131.3,0.77,0.45,1.21,2.20,131,141,2.31,2.49,2.34,2.52
,,,Free.,Challenger,Havarti Hustlers,Cheese Guild,Solar,38.4,730,54,0.416,0.389,21,33,16390,8680,7710,30,24,70,98,30.6%,318.1,168.4,149.6,0.58,0.47,1.36,1.90,303.5,160.7,142.8,0.56,0.44,1.30,1.81,100,125,1.94,2.43,1.85,2.31
,,,Dylon37,Challenger,Belugas,Whale Defense,Solar,38.4,765,56,0.506,0.518,29,27,16770,9090,7680,31,29,70,104,29.8%,310.5,168.3,142.2,0.57,0.54,1.30,1.93,299.5,162.3,137.1,0.55,0.52,1.25,1.86,122,120,2.26,2.22,2.18,2.14
,,,Jay-Dea,Challenger,Yig,The Mythos,Lunar,37.7,609,40,0.527,0.550,22,18,12785,8300,4485,39,22,47,95,41.1%,297.4,193.1,104.3,0.91,0.51,1.09,2.21,319.6,207.5,112.1,0.98,0.55,1.18,2.38,104,97,2.42,2.26,2.60,2.43
,,,Mrsupersanic,Challenger,Fusion,Energy,Lunar,37.5,558,36,0.458,0.444,16,20,11913,6900,5013,31,21,38,85,36.5%,302.4,175.2,127.3,0.79,0.53,0.96,2.16,330.9,191.7,139.3,0.86,0.58,1.06,2.36,87,97,2.21,2.46,2.42,2.69
,,,Itsjustcrimm,Challenger,Coatyl,Draconem,Solar,36.9,527,39,0.599,0.615,24,15,10762,5610,5152,18,30,32,71,25.4%,289.3,150.8,138.5,0.48,0.81,0.86,1.91,275.9,143.8,132.1,0.46,0.77,0.82,1.82,102,79,2.74,2.12,2.62,2.03
,,,Parkkid,Challenger,Metal,The Elements,Solar,36.4,628,42,0.526,0.571,24,18,13093,8030,5063,39,14,45,118,33.1%,295.3,181.1,114.2,0.88,0.32,1.02,2.66,311.7,191.2,120.5,0.93,0.33,1.07,2.81,106,99,2.39,2.23,2.52,2.36
,,,Grovelove,Challenger,Nebulae,The Cosmos,Lunar,36.1,383,25,0.554,0.680,17,8,7969,4680,3289,16,16,35,53,30.2%,294.7,173.1,121.6,0.59,0.59,1.29,1.96,318.8,187.2,131.6,0.64,0.64,1.40,2.12,69,60,2.55,2.22,2.76,2.40
,,,Xkilk,Challenger,Zombies,The Monster Mash,Lunar,35.4,499,35,0.427,0.429,15,20,11418,5990,5428,17,17,59,49,34.7%,324.1,170.0,154.1,0.48,0.48,1.67,1.39,326.2,171.1,155.1,0.49,0.49,1.69,1.40,71,86,2.02,2.44,2.03,2.46
,,,Gama .-.,Challenger,Panda Bears,The Bear Den,Lunar,35.3,519,36,0.586,0.611,22,14,10978,6250,4728,25,19,41,75,33.3%,299.6,170.6,129.0,0.68,0.52,1.12,2.05,304.9,173.6,131.3,0.69,0.53,1.14,2.08,95,76,2.59,2.07,2.64,2.11
,,,Jack.Flv,Challenger,"Void
Jock O Lanterns
Strawberries
Bulldogs
Nebulae","Event Horizon
Ghoul School
The Garden
Puppy Paradise
The Cosmos",Solar,35.1,715,51,0.404,0.451,23,28,15771,8280,7491,28,20,70,98,28.6%,312.5,164.0,148.4,0.55,0.40,1.39,1.94,309.2,162.4,146.9,0.55,0.39,1.37,1.92,107,137,2.12,2.71,2.10,2.69
,,,Deifik,Challenger,Montbeliarde,Ox Gaming,Solar,35.0,707,52,0.528,0.519,27,25,14405,7980,6425,31,28,47,113,27.4%,288.6,159.9,128.7,0.62,0.56,0.94,2.26,277.0,153.5,123.6,0.60,0.54,0.90,2.17,112,104,2.24,2.08,2.15,2.00
,,,Treefrog,Challenger,Apple Associates,The Syndicate,Lunar,34.8,691,46,0.587,0.565,26,20,14499,8620,5879,43,22,42,112,38.4%,297.2,176.7,120.5,0.88,0.45,0.86,2.30,315.2,187.4,127.8,0.93,0.48,0.91,2.43,130,104,2.67,2.13,2.83,2.26
,,,Dendro,Challenger,Void,Event Horizon,Solar,34.7,393,28,0.373,0.393,11,17,8025,4740,3285,15,14,39,59,25.4%,289.3,170.9,118.4,0.54,0.50,1.41,2.13,286.6,169.3,117.3,0.54,0.50,1.39,2.11,56,78,2.02,2.81,2.00,2.79
,,,Wp_Merciless,Challenger,Wheelchairs,The Quad Dynasty,Lunar,34.0,65,4,0.540,0.500,2,2,1380,660,720,3,2,3,11,27.3%,300.8,143.8,156.9,0.65,0.44,0.65,2.40,345.0,165.0,180.0,0.75,0.50,0.75,2.75,10,9,2.18,1.96,2.50,2.25
,,,Shiftdrink,Challenger,"Havarti Hustlers
Jock O Lanterns","Cheese Guild
Ghoul School",Solar,33.3,447,33,0.253,0.273,9,24,9458,5490,3968,22,6,44,79,27.8%,299.7,174.0,125.7,0.70,0.19,1.39,2.50,286.6,166.4,120.2,0.67,0.18,1.33,2.39,47,95,1.49,3.01,1.42,2.88
,,,Way2Luckee,Challenger,Spartans,The Sovereign,Lunar,33.3,885,58,0.397,0.276,16,42,18253,10100,8153,43,33,56,135,31.9%,292.2,161.7,130.5,0.69,0.53,0.90,2.16,314.7,174.1,140.6,0.74,0.57,0.97,2.33,131,171,2.10,2.74,2.26,2.95
,,,Thenio,Challenger,Tarantulas,Eight Legged Freaks,Lunar,33.1,562,38,0.402,0.368,14,24,10843,6050,4793,21,24,36,95,22.1%,273.3,152.5,120.8,0.53,0.60,0.91,2.39,285.3,159.2,126.1,0.55,0.63,0.95,2.50,83,107,2.09,2.70,2.18,2.82
,,,Tearlessgoose21,Challenger,Nebulae,The Cosmos,Lunar,31.9,348,26,0.500,0.615,16,10,7698,4070,3628,12,11,39,37,32.4%,313.4,165.7,147.7,0.49,0.45,1.59,1.51,296.1,156.5,139.5,0.46,0.42,1.50,1.42,54,54,2.20,2.20,2.08,2.08
,,,Rmuru-,Challenger,Griffins,The Forest,Solar,31.9,283,20,0.394,0.400,8,12,5732,2930,2802,10,11,19,43,23.3%,286.9,146.7,140.3,0.50,0.55,0.95,2.15,286.6,146.5,140.1,0.50,0.55,0.95,2.15,41,54,2.05,2.70,2.05,2.70
,,,Onlyjammer,Challenger,Montbeliarde,Ox Gaming,Solar,31.7,364,27,0.659,0.630,17,10,7651,4390,3261,22,9,23,59,37.3%,297.8,170.8,126.9,0.86,0.35,0.90,2.30,283.4,162.6,120.8,0.81,0.33,0.85,2.19,65,42,2.53,1.63,2.41,1.56
,,,Dondo Rf,Challenger,Havarti Hustlers,Cheese Guild,Solar,31.3,724,54,0.411,0.370,20,34,15670,7990,7680,27,21,66,94,28.7%,306.6,156.3,150.3,0.53,0.41,1.29,1.84,290.2,148.0,142.2,0.50,0.39,1.22,1.74,97,123,1.90,2.41,1.80,2.28
,,,Txaggie,Challenger,Steel,Metal,Solar,31.1,577,44,0.544,0.545,24,20,11813,6480,5333,25,21,42,83,30.1%,290.0,159.1,130.9,0.61,0.52,1.03,2.04,268.5,147.3,121.2,0.57,0.48,0.95,1.89,102,91,2.50,2.23,2.32,2.07
,,,Perk_At_Play,Challenger,Spartans,The Sovereign,Lunar,30.2,606,41,0.407,0.244,10,31,12720,6910,5810,22,20,59,76,28.9%,297.3,161.5,135.8,0.51,0.47,1.38,1.78,310.2,168.5,141.7,0.54,0.49,1.44,1.85,87,111,2.03,2.59,2.12,2.71
,,,Gnash7,Challenger,Spartans,The Sovereign,Lunar,29.5,363,23,0.451,0.391,9,14,7248,4230,3018,15,12,32,53,28.3%,282.8,165.1,117.8,0.59,0.47,1.25,2.07,315.1,183.9,131.2,0.65,0.52,1.39,2.30,60,68,2.34,2.65,2.61,2.96
,,,Kujiko234,Challenger,"Void
Jock O Lanterns","Event Horizon
Ghoul School",Solar,27.7,198,15,0.428,0.533,8,7,4138,2120,2018,9,6,13,27,33.3%,296.1,151.7,144.4,0.64,0.43,0.93,1.93,275.9,141.3,134.5,0.60,0.40,0.87,1.80,29,35,2.07,2.50,1.93,2.33
,,,Lordhadron,Challenger,Bulldogs,Puppy Paradise,Solar,26.8,508,35,0.399,0.286,10,25,10243,5880,4363,27,13,35,78,34.6%,285.6,164.0,121.7,0.75,0.36,0.98,2.18,292.7,168.0,124.7,0.77,0.37,1.00,2.23,73,95,2.04,2.65,2.09,2.71
,,,Countrywolfz,Challenger,Yig,The Mythos,Lunar,26.6,60,4,0.335,0.250,1,3,1210,560,650,1,3,5,6,16.7%,285.7,132.2,153.5,0.24,0.71,1.18,1.42,302.5,140.0,162.5,0.25,0.75,1.25,1.50,7,11,1.65,2.60,1.75,2.75
,,,Chromium_Fire,Challenger,Belugas,Whale Defense,Solar,26.5,175,13,0.371,0.231,3,10,3601,1920,1681,7,3,16,27,25.9%,291.5,155.4,136.1,0.57,0.24,1.30,2.19,277.0,147.7,129.3,0.54,0.23,1.23,2.08,25,35,2.02,2.83,1.92,2.69
,,,Tacobae,Challenger,Penne Patrol,Italian Battalion,Lunar,26.2,288,19,0.491,0.526,10,9,5488,2910,2578,8,9,24,46,17.4%,269.9,143.1,126.8,0.39,0.44,1.18,2.26,288.8,153.2,135.7,0.42,0.47,1.26,2.42,43,44,2.12,2.16,2.26,2.32
,,,Razzr Elite,Challenger,Fusion,Energy,Lunar,26.2,589,37,0.372,0.297,11,26,11362,6780,4582,27,22,43,83,32.5%,273.3,163.1,110.2,0.65,0.53,1.03,2.00,307.1,183.2,123.8,0.73,0.59,1.16,2.24,95,131,2.28,3.15,2.57,3.54
,,,Dinnindu,Challenger,Shock,Electric Mayhem,Lunar,24.2,447,33,0.434,0.364,12,21,9577,5110,4467,18,11,46,46,39.1%,303.5,161.9,141.6,0.57,0.35,1.46,1.46,290.2,154.8,135.4,0.55,0.33,1.39,1.39,63,75,2.00,2.38,1.91,2.27
,,,Discoverablematt,Challenger,Void,Event Horizon,Solar,22.5,536,38,0.303,0.289,11,27,10370,5390,4980,19,15,39,79,24.1%,274.1,142.5,131.6,0.50,0.40,1.03,2.09,272.9,141.8,131.1,0.50,0.39,1.03,2.08,65,111,1.72,2.93,1.71,2.92
,,,Polarpandah,Challenger,Isopods,The Abyss,Lunar,22.3,370,26,0.613,0.654,17,9,7376,3790,3586,16,14,21,44,36.4%,282.4,145.1,137.3,0.61,0.54,0.80,1.68,283.7,145.8,137.9,0.62,0.54,0.81,1.69,65,48,2.49,1.84,2.50,1.85
,,,Thatbugzbunny,Challenger,"Penne Patrol
Belugas","Italian Battalion
Whale Defense",Lunar,19.4,57,5,0.459,0.400,2,3,1068,530,538,2,2,3,8,25.0%,265.4,131.7,133.7,0.50,0.50,0.75,1.99,213.6,106.0,107.6,0.40,0.40,0.60,1.60,9,10,2.24,2.49,1.80,2.00
,,,Frostii,Challenger,Wheelchairs,The Quad Dynasty,Lunar,19.4,605,42,0.558,0.571,24,18,11828,6330,5498,28,15,39,83,33.7%,276.9,148.2,128.7,0.66,0.35,0.91,1.94,281.6,150.7,130.9,0.67,0.36,0.93,1.98,107,92,2.51,2.15,2.55,2.19
,,,Binboiz,Challenger,Penne Patrol,Italian Battalion,Lunar,19.3,697,50,0.412,0.400,20,30,13607,7190,6417,35,15,38,104,33.7%,276.5,146.1,130.4,0.71,0.30,0.77,2.11,272.1,143.8,128.3,0.70,0.30,0.76,2.08,101,127,2.05,2.58,2.02,2.54
,,,Chris.,Challenger,Yig,The Mythos,Lunar,17.7,398,28,0.563,0.607,17,11,7381,4240,3141,15,16,30,44,34.1%,262.7,150.9,111.8,0.53,0.57,1.07,1.57,263.6,151.4,112.2,0.54,0.57,1.07,1.57,74,63,2.63,2.24,2.64,2.25
,,,Ab26Panther,Challenger,Shinigami,The Gods,Lunar,16.8,544,40,0.496,0.575,23,17,10413,5650,4763,22,16,40,65,33.8%,271.2,147.1,124.0,0.57,0.42,1.04,1.69,260.3,141.3,119.1,0.55,0.40,1.00,1.63,86,87,2.24,2.27,2.15,2.18
,,,Vickyviksta,Challenger,Panda Bears,The Bear Den,Lunar,14.2,451,32,0.450,0.438,14,18,7705,4380,3325,18,18,21,63,28.6%,242.0,137.6,104.4,0.57,0.57,0.66,1.98,240.8,136.9,103.9,0.56,0.56,0.66,1.97,73,83,2.29,2.61,2.28,2.59
,,,Suxze,Challenger,Breadsticks,Fifty-Fifty Pizzeria,Lunar,9.7,163,10,0.377,0.300,3,7,2938,1790,1148,8,4,12,19,42.1%,255.3,155.6,99.8,0.70,0.35,1.04,1.65,293.8,179.0,114.8,0.80,0.40,1.20,1.90,24,33,2.09,2.87,2.40,3.30
,,,The_Wheelman_95,Challenger,Wheelchairs,The Quad Dynasty,Lunar,8.9,252,18,0.423,0.444,8,10,4135,2080,2055,6,10,13,33,18.2%,232.4,116.9,115.5,0.34,0.56,0.73,1.86,229.7,115.6,114.2,0.33,0.56,0.72,1.83,36,44,2.02,2.47,2.00,2.44
,,,Whoviancat,Challenger,Arcturus,The Nexus,Solar,8.8,274,19,0.314,0.263,5,14,5017,2610,2407,12,5,16,36,33.3%,259.4,134.9,124.4,0.62,0.26,0.83,1.86,264.1,137.4,126.7,0.63,0.26,0.84,1.89,36,59,1.86,3.05,1.89,3.11
,,,Chronoelevated,Challenger,Zombies,The Monster Mash,Lunar,-3.7,56,4,0.386,0.250,1,3,940,480,460,1,2,5,3,33.3%,237.8,121.4,116.4,0.25,0.51,1.26,0.76,235.0,120.0,115.0,0.25,0.50,1.25,0.75,9,12,2.28,3.04,2.25,3.00
,,,Draconium,Challenger,Breadsticks,Fifty-Fifty Pizzeria,Lunar,-4.7,56,4,0.500,0.500,2,2,875,560,315,2,1,5,6,33.3%,221.3,141.7,79.7,0.51,0.25,1.26,1.52,218.8,140.0,78.8,0.50,0.25,1.25,1.50,5,5,1.26,1.26,1.25,1.25
,,,Drivingwebster,Challenger,Deceased,Destined,Solar,-5.9,519,37,0.334,0.324,12,25,8094,4060,4034,11,14,35,51,21.6%,220.9,110.8,110.1,0.30,0.38,0.96,1.39,218.8,109.7,109.0,0.30,0.38,0.95,1.38,74,114,2.02,3.11,2.00,3.08
,,,Bang,Challenger,Jock O Lanterns,Ghoul School,Solar,-8.0,91,7,0.279,0.143,1,6,1270,590,680,1,4,4,9,11.1%,197.7,91.8,105.9,0.16,0.62,0.62,1.40,181.4,84.3,97.1,0.14,0.57,0.57,1.29,9,17,1.40,2.65,1.29,2.43
,,,Subj3Ct_Teonligas,Challenger,Bulldogs,Puppy Paradise,Solar,-14.2,34,2,0.000,0.000,0,2,356,180,176,0,0,2,8,0.0%,148.3,75.0,73.3,0.00,0.00,0.83,3.33,178.0,90.0,88.0,0.00,0.00,1.00,4.00,0,5,0.00,2.08,0.00,2.50
,,,Banshii,Challenger,Jock O Lanterns,Ghoul School,Solar,-18.9,458,31,0.223,0.129,4,27,6584,3490,3094,13,13,25,29,44.8%,203.6,107.9,95.7,0.40,0.40,0.77,0.90,212.4,112.6,99.8,0.42,0.42,0.81,0.94,58,124,1.79,3.84,1.87,4.00
,,,Beanie_92,Challenger,Puffin Pastries,The Bakery,Lunar,-26.2,130,9,0.482,0.556,5,4,1660,790,870,4,2,3,14,28.6%,180.9,86.1,94.8,0.44,0.22,0.33,1.53,184.4,87.8,96.7,0.44,0.22,0.33,1.56,21,22,2.29,2.40,2.33,2.44
,,,Chitoge,Amateur,"Winter Fresh
Potatoes","Minty Fresh
The Garden",N/A,88.9,654,55,0.548,0.545,30,25,20714,11480,9234,52,26,68,158,32.9%,392.6,217.6,175.0,0.99,0.49,1.29,2.99,376.6,208.7,167.9,0.95,0.47,1.24,2.87,115,101,2.18,1.91,2.09,1.84
,,,Voracious Star,Amateur,Winter Fresh,Minty Fresh,N/A,82.9,615,51,0.632,0.627,32,19,18785,11160,7625,59,28,49,141,41.8%,378.6,224.9,153.7,1.19,0.56,0.99,2.84,368.3,218.8,149.5,1.16,0.55,0.96,2.76,132,93,2.66,1.87,2.59,1.82
,,,Zachthebull36,Amateur,Cthylla,The Mythos,N/A,80.1,588,47,0.673,0.660,31,16,17957,10370,7587,55,19,50,142,38.7%,378.5,218.6,159.9,1.16,0.40,1.05,2.99,382.1,220.6,161.4,1.17,0.40,1.06,3.02,124,77,2.61,1.62,2.64,1.64
,,,Tdogplayz,Amateur,Surprise,The Elements,N/A,68.4,697,54,0.614,0.667,36,18,19042,10790,8252,48,28,65,134,35.8%,338.6,191.9,146.7,0.85,0.50,1.16,2.38,352.6,199.8,152.8,0.89,0.52,1.20,2.48,147,109,2.61,1.94,2.72,2.02
,,,Bengr33Dy,Amateur,Flic-Flacs,Eight Legged Freaks,N/A,68.2,674,55,0.551,0.582,32,23,17730,10130,7600,44,30,56,143,30.8%,326.0,186.3,139.8,0.81,0.55,1.03,2.63,322.4,184.2,138.2,0.80,0.55,1.02,2.60,128,112,2.35,2.06,2.33,2.04
,,,Techfour,Amateur,Cthylla,The Mythos,N/A,67.8,688,56,0.614,0.607,34,22,18164,10170,7994,46,34,51,132,34.8%,327.2,183.2,144.0,0.83,0.61,0.92,2.38,324.4,181.6,142.8,0.82,0.61,0.91,2.36,141,104,2.54,1.87,2.52,1.86
,,,Rwalls516R,Amateur,Surprise,The Elements,N/A,62.9,602,46,0.638,0.696,32,14,15721,9280,6441,49,24,39,123,39.8%,323.7,191.1,132.6,1.01,0.49,0.80,2.53,341.8,201.7,140.0,1.07,0.52,0.85,2.67,135,94,2.78,1.94,2.93,2.04
,,,Balynce,Amateur,Subatomic,The Cosmos,N/A,60.9,268,22,0.315,0.227,5,17,6910,3820,3090,15,8,28,52,28.8%,319.6,176.7,142.9,0.69,0.37,1.29,2.40,314.1,173.6,140.5,0.68,0.36,1.27,2.36,32,54,1.48,2.50,1.45,2.45
,,,King Habaroo,Amateur,Winter Fresh,Minty Fresh,N/A,59.7,360,29,0.679,0.655,19,10,9424,5690,3734,32,13,23,69,46.4%,324.5,195.9,128.6,1.10,0.45,0.79,2.38,325.0,196.2,128.8,1.10,0.45,0.79,2.38,77,47,2.65,1.62,2.66,1.62
,,,Piky Life88,Amateur,"Potatoes
Sacrificed","The Garden
Destined",N/A,59.2,581,47,0.507,0.447,21,26,15807,8980,6827,50,15,44,103,48.5%,337.2,191.6,145.6,1.07,0.32,0.94,2.20,336.3,191.1,145.3,1.06,0.32,0.94,2.19,105,103,2.24,2.20,2.23,2.19
,,,Legendhumble,Amateur,Elastic,Energy,N/A,54.2,289,22,0.353,0.364,8,14,6983,3750,3233,15,10,25,50,30.0%,299.5,160.8,138.7,0.64,0.43,1.07,2.14,317.4,170.5,147.0,0.68,0.45,1.14,2.27,44,65,1.89,2.79,2.00,2.95
,,,Reserentflyer5,Amateur,Elastic,Energy,N/A,52.9,652,51,0.519,0.510,26,25,16134,9180,6954,40,22,62,98,40.8%,306.7,174.5,132.2,0.76,0.42,1.18,1.86,316.4,180.0,136.4,0.78,0.43,1.22,1.92,127,121,2.41,2.30,2.49,2.37
,,,Ihydro,Amateur,Flic-Flacs,Eight Legged Freaks,N/A,51.3,672,55,0.548,0.582,32,23,16835,9980,6855,55,19,48,113,48.7%,310.5,184.1,126.4,1.01,0.35,0.89,2.08,306.1,181.5,124.6,1.00,0.35,0.87,2.05,127,112,2.34,2.07,2.31,2.04
,,,Pacman,Amateur,Elastic,Energy,N/A,50.8,676,53,0.479,0.491,26,27,16024,9590,6434,48,26,47,114,42.1%,293.8,175.8,118.0,0.88,0.48,0.86,2.09,302.3,180.9,121.4,0.91,0.49,0.89,2.15,127,134,2.33,2.46,2.40,2.53
,,,Xur,Amateur,Potatoes,The Garden,N/A,47.4,585,48,0.559,0.563,27,21,13717,7600,6117,30,16,58,90,33.3%,290.6,161.0,129.6,0.64,0.34,1.23,1.91,285.8,158.3,127.4,0.63,0.33,1.21,1.88,103,88,2.18,1.86,2.15,1.83
,,,Bluecrimsonjr,Amateur,Elastic,Energy,N/A,46.3,431,33,0.547,0.545,18,15,9548,5650,3898,28,17,25,75,37.3%,274.6,162.5,112.1,0.81,0.49,0.72,2.16,289.3,171.2,118.1,0.85,0.52,0.76,2.27,89,79,2.56,2.27,2.70,2.39
,,,Markster,Amateur,Winter Fresh,Minty Fresh,N/A,45.9,425,34,0.620,0.647,22,12,9243,4970,4273,22,17,24,72,30.6%,269.6,144.9,124.6,0.64,0.50,0.70,2.10,271.9,146.2,125.7,0.65,0.50,0.71,2.12,83,60,2.42,1.75,2.44,1.76
,,,Slashfabo420,Amateur,"Sacrificed
Potatoes","Destined
The Garden",N/A,44.2,393,34,0.221,0.147,5,29,8869,4850,4019,17,13,40,50,34.0%,279.7,153.0,126.8,0.54,0.41,1.26,1.58,260.9,142.6,118.2,0.50,0.38,1.18,1.47,51,112,1.61,3.53,1.50,3.29
,,,Wrychew,Amateur,"Potatoes
Winter Fresh","The Garden
Minty Fresh",N/A,44.0,527,44,0.628,0.591,26,18,11333,5970,5363,20,20,44,77,26.0%,266.5,140.4,126.1,0.47,0.47,1.03,1.81,257.6,135.7,121.9,0.45,0.45,1.00,1.75,106,75,2.49,1.76,2.41,1.70
,,,Sssvid,Amateur,Surprise,The Elements,N/A,40.4,525,41,0.603,0.683,28,13,11623,6290,5333,35,13,25,89,39.3%,274.4,148.5,125.9,0.83,0.31,0.59,2.10,283.5,153.4,130.1,0.85,0.32,0.61,2.17,104,79,2.46,1.87,2.54,1.93
,,,Shraggaholic,Amateur,Flic-Flacs,Eight Legged Freaks,N/A,39.5,645,53,0.536,0.547,29,24,13754,7420,6334,29,21,52,87,33.3%,264.3,142.6,121.7,0.56,0.40,1.00,1.67,259.5,140.0,119.5,0.55,0.40,0.98,1.64,121,110,2.33,2.11,2.28,2.08
,,,Deathmuffins_03,Amateur,Cthylla,The Mythos,N/A,37.0,202,17,0.579,0.588,10,7,4037,2500,1537,14,8,7,35,40.0%,247.7,153.4,94.3,0.86,0.49,0.43,2.15,237.5,147.1,90.4,0.82,0.47,0.41,2.06,44,36,2.70,2.21,2.59,2.12
,,,Xeaglex20X,Amateur,Surprise,The Elements,N/A,36.8,354,27,0.559,0.556,15,12,7288,4290,2998,20,13,23,49,40.8%,255.2,150.2,105.0,0.70,0.46,0.81,1.72,269.9,158.9,111.0,0.74,0.48,0.85,1.81,70,60,2.45,2.10,2.59,2.22
,,,T_I_M_O_G,Amateur,Subatomic,The Cosmos,N/A,35.8,573,45,0.322,0.311,14,31,12350,6330,6020,21,13,59,63,33.3%,267.1,136.9,130.2,0.45,0.28,1.28,1.36,274.4,140.7,133.8,0.47,0.29,1.31,1.40,76,124,1.64,2.68,1.69,2.76
,,,Colossus4203316,Amateur,Sacrificed,Destined,N/A,34.6,619,51,0.293,0.255,13,38,11737,6140,5597,21,26,38,84,25.0%,235.0,122.9,112.1,0.42,0.52,0.76,1.68,230.1,120.4,109.7,0.41,0.51,0.75,1.65,88,154,1.76,3.08,1.73,3.02
,,,Styk75,Amateur,Subatomic,The Cosmos,N/A,34.4,644,51,0.311,0.294,15,36,14189,7430,6759,40,7,42,98,40.8%,273.1,143.0,130.1,0.77,0.13,0.81,1.89,278.2,145.7,132.5,0.78,0.14,0.82,1.92,85,143,1.64,2.75,1.67,2.80
,,,Godsfarm,Amateur,Cthylla,The Mythos,N/A,33.8,586,48,0.569,0.563,27,21,11592,6050,5542,26,20,33,80,32.5%,245.2,128.0,117.2,0.55,0.42,0.70,1.69,241.5,126.0,115.5,0.54,0.42,0.69,1.67,114,95,2.41,2.01,2.38,1.98
,,,Rhinocersaurus,Amateur,Potatoes,The Garden,N/A,30.9,431,37,0.489,0.486,18,19,8548,3860,4688,17,8,22,66,25.8%,245.8,111.0,134.8,0.49,0.23,0.63,1.90,231.0,104.3,126.7,0.46,0.22,0.59,1.78,66,68,1.90,1.96,1.78,1.84
,,,Tigerblood2798,Amateur,Sacrificed,Destined,N/A,30.3,364,31,0.282,0.290,9,22,7299,4020,3279,18,7,27,52,34.6%,248.5,136.9,111.7,0.61,0.24,0.92,1.77,235.5,129.7,105.8,0.58,0.23,0.87,1.68,56,100,1.91,3.41,1.81,3.23
,,,Zingaling,Amateur,Sacrificed,Destined,N/A,25.3,226,18,0.432,0.333,6,12,4471,2300,2171,9,3,20,25,36.0%,245.2,126.1,119.1,0.49,0.16,1.10,1.37,248.4,127.8,120.6,0.50,0.17,1.11,1.39,35,42,1.92,2.30,1.94,2.33
,,,Superthr33S,Amateur,"Subatomic
Winter Fresh","The Cosmos
Minty Fresh",N/A,19.5,185,15,0.269,0.267,4,11,2922,1450,1472,2,6,15,20,10.0%,195.8,97.1,98.6,0.13,0.40,1.00,1.34,194.8,96.7,98.1,0.13,0.40,1.00,1.33,23,44,1.54,2.95,1.53,2.93
,,,Blackdawgg,Amateur,Subatomic,The Cosmos,N/A,17.9,464,36,0.329,0.306,11,25,8121,4230,3891,13,7,42,48,27.1%,216.9,113.0,103.9,0.35,0.19,1.12,1.28,225.6,117.5,108.1,0.36,0.19,1.17,1.33,64,102,1.71,2.72,1.78,2.83
,,,Sebbastiian2,Amateur,Sacrificed,Destined,N/A,15.7,113,10,0.185,0.000,0,10,1924,780,1144,1,2,10,8,12.5%,211.0,85.6,125.5,0.11,0.22,1.10,0.88,192.4,78.0,114.4,0.10,0.20,1.00,0.80,13,33,1.43,3.62,1.30,3.30
,,,Xposedgamingyt,Amateur,"Winter Fresh
Elastic","Minty Fresh
Energy",N/A,9.5,146,11,0.243,0.182,2,9,2383,1250,1133,5,1,11,15,33.3%,202.3,106.1,96.2,0.42,0.08,0.93,1.27,216.6,113.6,103.0,0.45,0.09,1.00,1.36,19,39,1.61,3.31,1.73,3.55
,,,Demonikgoat4061,Amateur,Flic-Flacs,Eight Legged Freaks,N/A,-1.1,61,5,0.500,0.600,3,2,800,440,360,1,1,5,4,25.0%,162.6,89.4,73.1,0.20,0.20,1.02,0.81,160.0,88.0,72.0,0.20,0.20,1.00,0.80,11,11,2.24,2.24,2.20,2.20
,,,Ethrealdoom,Amateur,Potatoes,The Garden,N/A,-4.5,69,6,0.440,0.500,3,3,782,250,532,1,2,0,5,20.0%,140.5,44.9,95.6,0.18,0.36,0.00,0.90,130.3,41.7,88.7,0.17,0.33,0.00,0.83,12,14,2.16,2.51,2.00,2.33