Tier,RSC ID,Player Name,Team(s),Franchise(s),Conference,SBV,TS,GP,PWE,WP,W,L,P,SP,NP,G,A,Sv,S,S%,P/A,SP/A,NP/A,G/A,A/A,Sv/A,S/A,P/G,SP/G,NP/G,G/G,A/G,Sv/G,S/G,tm_G,opp_G,tm_G/A,opp_G/A,tm_G/G,opp_G/G
Veteran,RSC006049,Iamreaperr_-,Titanium,Metal,Solar,95.4,941,59,0.662,0.678,40,19,25876,15910,9966,80,52,66,201,39.8%,426.6,262.3,164.3,1.32,0.86,1.09,3.31,438.6,269.7,168.9,1.36,0.88,1.12,3.41,198,131,3.26,2.16,3.36,2.22
Veteran,,Ace,Possessed,Destined,Solar,88.0,79,5,0.419,0.2,1,4,2271,1470,801,7,2,10,17,41.2%,446.0,288.7,157.3,1.37,0.39,1.96,3.34,454.2,294.0,160.2,1.4,0.4,2.0,3.4,14,17,2.75,3.34,2.8,3.4
Veteran,RSC006287,Chase Bank,Supernova,The Cosmos,Lunar,86.7,716,44,0.688,0.727,32,12,18644,11680,6964,53,40,58,148,35.8%,404.0,253.1,150.9,1.15,0.87,1.26,3.21,423.7,265.5,158.3,1.2,0.91,1.32,3.36,136,82,2.95,1.78,3.09,1.86
Veteran,RSC006408,Mw_Firegodk,Humpbacks,Whale Defense,Solar,86.4,586,39,0.556,0.513,20,19,15900,9260,6640,37,31,57,116,31.9%,421.0,245.2,175.8,0.98,0.82,1.51,3.07,407.7,237.4,170.3,0.95,0.79,1.46,2.97,98,85,2.59,2.25,2.51,2.18
Veteran,RSC005245,Rmack,Banana Spiders,Eight Legged Freaks,Lunar,81.2,52,4,0.3,0.0,0,4,1264,700,564,2,4,4,10,20.0%,377.1,208.8,168.3,0.6,1.19,1.19,2.98,316.0,175.0,141.0,0.5,1.0,1.0,2.5,10,16,2.98,4.77,2.5,4.0
Veteran,RSC004820,Aos Arctic,Possessed,Destined,Solar,80.1,919,59,0.613,0.559,33,26,24363,13910,10453,51,49,93,171,29.8%,411.3,234.8,176.5,0.86,0.83,1.57,2.89,412.9,235.8,177.2,0.86,0.83,1.58,2.9,172,129,2.9,2.18,2.92,2.19
Veteran,RSC003168,Mykopolis,Seadevils,The Abyss,Lunar,79.3,870,54,0.554,0.574,31,23,22781,14060,8721,67,33,78,181,37.0%,406.2,250.7,155.5,1.19,0.59,1.39,3.23,421.9,260.4,161.5,1.24,0.61,1.44,3.35,149,130,2.66,2.32,2.76,2.41
Veteran,RSC006468,Alphachuck,"Typhoons
Gouda Gangsters","Storm
Cheese Guild",Lunar,78.0,109,8,0.731,0.875,7,1,2955,1680,1275,8,3,10,23,34.8%,420.6,239.1,181.5,1.14,0.43,1.42,3.27,369.4,210.0,159.4,1.0,0.38,1.25,2.88,21,11,2.99,1.57,2.63,1.38
Veteran,RSC005100,Fluffy,Supernova,The Cosmos,Lunar,77.1,799,50,0.696,0.7,35,15,20514,11990,8524,54,34,65,164,32.9%,398.3,232.8,165.5,1.05,0.66,1.26,3.18,410.3,239.8,170.5,1.08,0.68,1.3,3.28,147,86,2.85,1.67,2.94,1.72
Veteran,RSC005100,Fluffy,Supernova,The Cosmos,Lunar,77.1,799,50,0.696,0.7,35,15,20514,11990,8524,54,34,65,164,32.9%,398.3,232.8,165.5,1.05,0.66,1.26,3.18,410.3,239.8,170.5,1.08,0.68,1.3,3.28,147,86,2.85,1.67,2.94,1.72
Veteran,RSC000367,Pana,Seadevils,The Abyss,Lunar,76.5,879,54,0.578,0.611,33,21,22093,13640,8453,56,46,81,169,33.1%,389.9,240.7,149.2,0.99,0.81,1.43,2.98,409.1,252.6,156.5,1.04,0.85,1.5,3.13,155,127,2.74,2.24,2.87,2.35
Veteran,RSC002492,Dray,"Cthulhu
Spastics
Cepheus","The Mythos
The Quad Dynasty
The Nexus",Solar,75.8,453,31,0.473,0.452,14,17,11566,6500,5066,34,10,30,110,30.9%,396.1,222.6,173.5,1.16,0.34,1.03,3.77,373.1,209.7,163.4,1.1,0.32,0.97,3.55,71,76,2.43,2.6,2.29,2.45
Veteran,RSC005920,R0Xy-_-,Linguini Lancers,Italian Battalion,Lunar,75.5,296,20,0.59,0.55,11,9,7730,4240,3490,13,13,34,59,22.0%,405.2,222.2,182.9,0.68,0.68,1.78,3.09,386.5,212.0,174.5,0.65,0.65,1.7,2.95,41,32,2.15,1.68,2.05,1.6
Veteran,RSC005522,Diviniation,Calzones,Fifty-Fifty Pizzeria,Lunar,74.3,909,58,0.566,0.552,32,26,23868,13790,10078,50,37,104,174,28.7%,407.4,235.4,172.0,0.85,0.63,1.78,2.97,411.5,237.8,173.8,0.86,0.64,1.79,3.0,145,122,2.47,2.08,2.5,2.1
Veteran,RSC005374,A Calm Panda,Banana Spiders,Eight Legged Freaks,Lunar,73.8,834,56,0.562,0.554,31,25,22016,12910,9106,56,34,82,151,37.1%,409.5,240.2,169.4,1.04,0.63,1.53,2.81,393.1,230.5,162.6,1.0,0.61,1.46,2.7,144,123,2.68,2.29,2.57,2.2
Veteran,RSC002559,Commanderboy,"Typhoons
Rockin Revenants","Storm
Ghoul School",Solar,73.0,660,43,0.619,0.581,25,18,17689,9990,7699,40,20,74,129,31.0%,415.8,234.8,181.0,0.94,0.47,1.74,3.03,411.4,232.3,179.0,0.93,0.47,1.72,3.0,111,81,2.61,1.9,2.58,1.88
Veteran,RSC004863,Wicked,Banshees,The Monster Mash,Lunar,72.5,905,55,0.494,0.473,26,29,22849,13190,9659,57,28,82,199,28.6%,391.7,226.1,165.6,0.98,0.48,1.41,3.41,415.4,239.8,175.6,1.04,0.51,1.49,3.62,133,135,2.28,2.31,2.42,2.45
Veteran,RSC003424,Fryder,Water,The Elements,Solar,71.3,57,4,0.5,0.5,2,2,1514,840,674,2,3,8,9,22.2%,412.1,228.6,183.5,0.54,0.82,2.18,2.45,378.5,210.0,168.5,0.5,0.75,2.0,2.25,8,8,2.18,2.18,2.0,2.0
Veteran,RSC006259,Mojomo,Cthulhu,The Mythos,Lunar,70.2,615,39,0.558,0.564,22,17,16549,9760,6789,37,16,82,116,31.9%,417.5,246.2,171.3,0.93,0.4,2.07,2.93,424.3,250.3,174.1,0.95,0.41,2.1,2.97,91,78,2.3,1.97,2.33,2.0
Veteran,RSC000209,Charm,Peppers,The Garden,Solar,69.4,947,54,0.628,0.667,36,18,23898,14230,9668,53,46,100,163,32.5%,391.5,233.1,158.4,0.87,0.75,1.64,2.67,442.6,263.5,179.0,0.98,0.85,1.85,3.02,168,120,2.75,1.97,3.11,2.22
Veteran,RSC005534,Mathews175,Banana Spiders,Eight Legged Freaks,Lunar,69.3,720,48,0.572,0.604,29,19,18273,10260,8013,42,31,64,131,32.1%,393.7,221.1,172.7,0.91,0.67,1.38,2.82,380.7,213.8,166.9,0.88,0.65,1.33,2.73,118,98,2.54,2.11,2.46,2.04
Veteran,RSC006211,Chase,Supernova,The Cosmos,Lunar,68.9,53,4,0.723,0.5,2,2,1472,730,742,3,2,5,8,37.5%,430.9,213.7,217.2,0.88,0.59,1.46,2.34,368.0,182.5,185.5,0.75,0.5,1.25,2.0,11,6,3.22,1.76,2.75,1.5
Veteran,RSC006211,Chase,Supernova,The Cosmos,Lunar,68.9,53,4,0.723,0.5,2,2,1472,730,742,3,2,5,8,37.5%,430.9,213.7,217.2,0.88,0.59,1.46,2.34,368.0,182.5,185.5,0.75,0.5,1.25,2.0,11,6,3.22,1.76,2.75,1.5
Veteran,RSC002760,Gcol,Matadors,Ox Gaming,Solar,68.9,750,48,0.528,0.521,25,23,19259,11050,8209,49,24,70,145,33.8%,398.4,228.6,169.8,1.01,0.5,1.45,3.0,401.2,230.2,171.0,1.02,0.5,1.46,3.02,113,105,2.34,2.17,2.35,2.19
Veteran,RSC006446,Ace_Cosplays.Ttv,Possessed,Destined,Solar,68.8,395,26,0.596,0.538,14,12,9693,6150,3543,27,14,39,80,33.8%,380.7,241.6,139.2,1.06,0.55,1.53,3.14,372.8,236.5,136.3,1.04,0.54,1.5,3.08,68,53,2.67,2.08,2.62,2.04
Veteran,RSC004131,Poptart Pounder,Gouda Gangsters,Cheese Guild,Lunar,68.7,933,56,0.606,0.643,36,20,23040,14050,8990,64,39,79,175,36.6%,383.1,233.6,149.5,1.06,0.65,1.31,2.91,411.4,250.9,160.5,1.14,0.7,1.41,3.13,162,123,2.69,2.05,2.89,2.2
Veteran,RSC002467,Reccoonn,Possessed,Destined,Solar,66.8,763,49,0.648,0.612,30,19,17912,11100,6812,54,41,46,135,40.0%,364.2,225.7,138.5,1.1,0.83,0.94,2.75,365.6,226.5,139.0,1.1,0.84,0.94,2.76,148,101,3.01,2.05,3.02,2.06
Veteran,RSC002780,Lickadoss77,Water,The Elements,Solar,66.4,911,60,0.48,0.45,27,33,24068,12790,11278,46,28,103,164,28.0%,409.9,217.8,192.1,0.78,0.48,1.75,2.79,401.1,213.2,188.0,0.77,0.47,1.72,2.73,128,135,2.18,2.3,2.13,2.25
Veteran,RSC003904,Tyyphoon454,Lightning,Electric Mayhem,Lunar,65.2,833,51,0.545,0.686,35,16,19715,11280,8435,38,43,76,153,24.8%,367.2,210.1,157.1,0.71,0.8,1.42,2.85,386.6,221.2,165.4,0.75,0.84,1.49,3.0,137,122,2.55,2.27,2.69,2.39
Veteran,RSC005308,Yeetn-Skeet,Titanium,Metal,Solar,65.0,948,59,0.632,0.644,38,21,22610,13840,8770,61,40,79,179,34.1%,370.0,226.5,143.5,1.0,0.65,1.29,2.93,383.2,234.6,148.6,1.03,0.68,1.34,3.03,185,132,3.03,2.16,3.14,2.24
Veteran,RSC000886,Blue Eyes Thunder Thighs,Calzones,Fifty-Fifty Pizzeria,Lunar,64.7,832,53,0.529,0.491,26,27,21084,12500,8584,44,36,99,135,32.6%,393.2,233.1,160.1,0.82,0.67,1.85,2.52,397.8,235.8,162.0,0.83,0.68,1.87,2.55,124,115,2.31,2.14,2.34,2.17
Veteran,RSC002544,J.,Makos,Shark Attack,Lunar,64.6,834,56,0.506,0.482,27,29,19687,11880,7807,42,41,82,153,27.5%,366.2,221.0,145.2,0.78,0.76,1.53,2.85,351.6,212.1,139.4,0.75,0.73,1.46,2.73,140,138,2.6,2.57,2.5,2.46
Veteran,RSC005760,Gregy.,Gouda Gangsters,Cheese Guild,Lunar,64.6,887,54,0.617,0.648,35,19,20791,12320,8471,51,37,72,177,28.8%,363.7,215.5,148.2,0.89,0.65,1.26,3.1,385.0,228.1,156.9,0.94,0.69,1.33,3.28,156,115,2.73,2.01,2.89,2.13
Veteran,RSC006409,Vp Reported,Linguini Lancers,Italian Battalion,Lunar,62.5,787,49,0.52,0.551,27,22,18716,10930,7786,43,32,71,148,29.1%,369.0,215.5,153.5,0.85,0.63,1.4,2.92,382.0,223.1,158.9,0.88,0.65,1.45,3.02,117,111,2.31,2.19,2.39,2.27
Veteran,RSC006316,Bop.-.,Rockin Revenants,Ghoul School,Solar,62.0,887,55,0.526,0.418,23,32,21188,12090,9098,54,35,66,164,32.9%,370.6,211.5,159.1,0.94,0.61,1.15,2.87,385.2,219.8,165.4,0.98,0.64,1.2,2.98,142,133,2.48,2.33,2.58,2.42
Veteran,RSC006218,Stingray,Singularity,Event Horizon,Solar,61.7,697,47,0.568,0.596,28,19,17382,9560,7822,35,26,71,121,28.9%,386.9,212.8,174.1,0.78,0.58,1.58,2.69,369.8,203.4,166.4,0.74,0.55,1.51,2.57,110,92,2.45,2.05,2.34,1.96
Veteran,RSC000698,Inedibledeer,Supernova,The Cosmos,Lunar,61.5,884,55,0.703,0.709,39,16,20324,11940,8384,49,39,68,169,29.0%,356.7,209.5,147.1,0.86,0.68,1.19,2.97,369.5,217.1,152.4,0.89,0.71,1.24,3.07,169,97,2.97,1.7,3.07,1.76
Veteran,RSC003300,Huntsman.,Knead for Speed,The Bakery,Solar,61.4,789,53,0.506,0.547,29,24,19307,11440,7867,49,26,76,144,34.0%,379.6,224.9,154.7,0.96,0.51,1.49,2.83,364.3,215.8,148.4,0.92,0.49,1.43,2.72,122,120,2.4,2.36,2.3,2.26
Veteran,RSC000858,Gorillacream707,Gladiators,The Sovereign,Lunar,60.6,893,53,0.524,0.547,29,24,21449,12520,8929,46,44,86,142,32.4%,372.6,217.5,155.1,0.8,0.76,1.49,2.47,404.7,236.2,168.5,0.87,0.83,1.62,2.68,154,145,2.68,2.52,2.91,2.74
Veteran,RSC005872,Ditto,Lightning,Electric Mayhem,Lunar,60.3,599,38,0.428,0.553,21,17,14620,8280,6340,31,21,61,108,28.7%,378.7,214.5,164.2,0.8,0.54,1.58,2.8,384.7,217.9,166.8,0.82,0.55,1.61,2.84,76,92,1.97,2.38,2.0,2.42
Veteran,RSC004229,Doty,Titanium,Metal,Solar,60.2,987,62,0.645,0.661,41,21,22466,13140,9326,56,50,66,174,32.2%,353.1,206.5,146.6,0.88,0.79,1.04,2.74,362.4,211.9,150.4,0.9,0.81,1.06,2.81,200,138,3.14,2.17,3.23,2.23
Veteran,RSC004569,Mikee Gfuelcom,Dobermans,Puppy Paradise,Solar,60.0,881,59,0.491,0.576,34,25,21457,11760,9697,49,32,74,156,31.4%,377.9,207.1,170.8,0.86,0.56,1.3,2.75,363.7,199.3,164.4,0.83,0.54,1.25,2.64,122,125,2.15,2.2,2.07,2.12
Veteran,RSC003272,Jknop2,Singularity,Event Horizon,Solar,59.5,783,54,0.533,0.574,31,23,19502,10880,8622,33,38,91,113,29.2%,386.4,215.6,170.8,0.65,0.75,1.8,2.24,361.1,201.5,159.7,0.61,0.7,1.69,2.09,125,115,2.48,2.28,2.31,2.13
Veteran,RSC000254,Keiko,Gladiators,The Sovereign,Lunar,59.2,626,36,0.523,0.5,18,18,14911,9150,5761,43,20,54,115,37.4%,369.5,226.8,142.8,1.07,0.5,1.34,2.85,414.2,254.2,160.0,1.19,0.56,1.5,3.19,106,100,2.63,2.48,2.94,2.78
Veteran,RSC004109,Hawkish,Wyverns,The Forest,Solar,59.1,725,47,0.507,0.553,26,21,17706,10290,7416,45,25,66,124,36.3%,378.9,220.2,158.7,0.96,0.53,1.41,2.65,376.7,218.9,157.8,0.96,0.53,1.4,2.64,109,107,2.33,2.29,2.32,2.28
Veteran,RSC004356,Chimmy,"Jaculus
Gorillas","Draconem
The Jungle",Solar,58.9,725,52,0.486,0.423,22,30,17527,9060,8467,34,34,56,116,29.3%,375.1,193.9,181.2,0.73,0.73,1.2,2.48,337.1,174.2,162.8,0.65,0.65,1.08,2.23,111,115,2.38,2.46,2.13,2.21
Veteran,RSC002917,Arbartenn,Grizzly Bears,The Bear Den,Lunar,57.5,894,62,0.384,0.387,24,38,22105,12300,9805,48,29,91,150,32.0%,383.6,213.5,170.2,0.83,0.5,1.58,2.6,356.5,198.4,158.1,0.77,0.47,1.47,2.42,116,157,2.01,2.72,1.87,2.53
Veteran,RSC005246,Irishhhh,Peppers,The Garden,Solar,57.3,501,26,0.579,0.577,15,11,10812,6950,3862,22,30,48,85,25.9%,334.8,215.2,119.6,0.68,0.93,1.49,2.63,415.8,267.3,148.5,0.85,1.15,1.85,3.27,87,71,2.69,2.2,3.35,2.73
Veteran,RSC001321,Hannandgrenade,Merciless Mob,The Syndicate,Lunar,57.2,709,46,0.463,0.478,22,24,16426,8650,7776,26,28,66,135,19.3%,359.4,189.3,170.2,0.57,0.61,1.44,2.95,357.1,188.0,169.0,0.57,0.61,1.43,2.93,99,109,2.17,2.39,2.15,2.37
Veteran,RSC005490,Iprofessorex,Knead for Speed,The Bakery,Solar,57.0,239,17,0.46,0.529,9,8,5879,3470,2409,18,8,18,37,48.6%,381.6,225.3,156.4,1.17,0.52,1.17,2.4,345.8,204.1,141.7,1.06,0.47,1.06,2.18,38,42,2.47,2.73,2.24,2.47
Veteran,RSC006193,Saucy Rexy,Makos,Shark Attack,Lunar,55.4,839,56,0.517,0.5,28,28,19003,11160,7843,55,32,51,151,36.4%,351.4,206.4,145.0,1.02,0.59,0.94,2.79,339.3,199.3,140.1,0.98,0.57,0.91,2.7,143,137,2.64,2.53,2.55,2.45
Veteran,RSC002937,Sirtommynoble,Peppers,The Garden,Solar,55.4,881,52,0.621,0.654,34,18,20292,12170,8122,57,31,67,157,36.3%,357.3,214.3,143.0,1.0,0.55,1.18,2.76,390.2,234.0,156.2,1.1,0.6,1.29,3.02,159,116,2.8,2.04,3.06,2.23
Veteran,RSC005682,S_Ckz,Spastics,The Quad Dynasty,Lunar,55.0,884,58,0.446,0.414,24,34,20413,11310,9103,49,31,65,161,30.4%,358.3,198.5,159.8,0.86,0.54,1.14,2.83,351.9,195.0,156.9,0.84,0.53,1.12,2.78,127,146,2.23,2.56,2.19,2.52
Veteran,RSC001989,Avid,Spastics,The Quad Dynasty,Lunar,54.2,958,64,0.431,0.391,25,39,22400,13040,9360,47,35,99,164,28.7%,362.8,211.2,151.6,0.76,0.57,1.6,2.66,350.0,203.8,146.3,0.73,0.55,1.55,2.56,134,160,2.17,2.59,2.09,2.5
Veteran,RSC003799,Armo27,Knead for Speed,The Bakery,Solar,53.8,784,53,0.474,0.528,28,25,17908,10010,7898,36,32,69,136,26.5%,354.4,198.1,156.3,0.71,0.63,1.37,2.69,337.9,188.9,149.0,0.68,0.6,1.3,2.57,119,127,2.35,2.51,2.25,2.4
Veteran,RSC002756,Blue Ncs,Water,The Elements,Solar,53.6,244,16,0.438,0.438,7,9,5412,2970,2442,12,9,17,47,25.5%,344.1,188.8,155.3,0.76,0.57,1.08,2.99,338.3,185.6,152.6,0.75,0.56,1.06,2.94,35,41,2.23,2.61,2.19,2.56
Veteran,RSC003746,Archhie.,"Gorillas
Typhoons","The Jungle
Storm",Solar,53.5,505,35,0.35,0.371,13,22,11769,6190,5579,25,20,37,84,29.8%,361.6,190.2,171.4,0.77,0.61,1.14,2.58,336.3,176.9,159.4,0.71,0.57,1.06,2.4,68,100,2.09,3.07,1.94,2.86
Veteran,RSC004511,Le Duckz,Hades,The Gods,Lunar,53.5,512,34,0.479,0.471,16,18,11789,6600,5189,29,18,38,90,32.2%,357.2,200.0,157.2,0.88,0.55,1.15,2.73,346.7,194.1,152.6,0.85,0.53,1.12,2.65,70,74,2.12,2.24,2.06,2.18
Veteran,RSC002513,Supercruz101,Humpbacks,Whale Defense,Solar,53.0,740,49,0.493,0.449,22,27,17037,9580,7457,46,23,50,133,34.6%,357.2,200.8,156.3,0.96,0.48,1.05,2.79,347.7,195.5,152.2,0.94,0.47,1.02,2.71,118,120,2.47,2.52,2.41,2.45
Veteran,RSC004394,Chis,Gladiators,The Sovereign,Lunar,52.7,892,51,0.5,0.51,26,25,20490,12730,7760,56,32,81,148,37.8%,356.4,221.4,135.0,0.97,0.56,1.41,2.57,401.8,249.6,152.2,1.1,0.63,1.59,2.9,146,146,2.54,2.54,2.86,2.86
Veteran,RSC000519,Bovi,"Jaculus
Humpbacks","Draconem
Whale Defense",Solar,52.6,492,35,0.456,0.429,15,20,11478,6290,5188,30,16,33,84,35.7%,361.9,198.3,163.6,0.95,0.5,1.04,2.65,327.9,179.7,148.2,0.86,0.46,0.94,2.4,76,85,2.4,2.68,2.17,2.43
Veteran,RSC000320,Ryanawesome_,"Banshees
Titanium
Atomic","The Monster Mash
Metal
Energy",Lunar,52.5,499,32,0.617,0.688,22,10,11052,6650,4402,30,21,35,85,35.3%,343.6,206.8,136.9,0.93,0.65,1.09,2.64,345.4,207.8,137.6,0.94,0.66,1.09,2.66,87,64,2.7,1.99,2.72,2.0
Veteran,RSC000322,Humble Potato,"Knead for Speed
Cthulhu","The Bakery
The Mythos",Solar,52.4,607,39,0.577,0.667,26,13,14201,8130,6071,31,25,57,93,33.3%,363.0,207.8,155.2,0.79,0.64,1.46,2.38,364.1,208.5,155.7,0.79,0.64,1.46,2.38,100,82,2.56,2.1,2.56,2.1
Veteran,RSC001918,Imperial,Grizzly Bears,The Bear Den,Lunar,52.0,295,20,0.406,0.35,7,13,7107,3940,3167,16,13,26,39,41.0%,373.8,207.2,166.6,0.84,0.68,1.37,2.05,355.4,197.0,158.4,0.8,0.65,1.3,1.95,51,64,2.68,3.37,2.55,3.2
Veteran,RSC005088,Thirteen_1313,Rockin Revenants,Ghoul School,Solar,51.7,326,20,0.462,0.4,8,12,6800,3880,2920,21,11,11,68,30.9%,323.6,184.6,139.0,1.0,0.52,0.52,3.24,340.0,194.0,146.0,1.05,0.55,0.55,3.4,50,55,2.38,2.62,2.5,2.75
Veteran,RSC003159,Braedyn,Singularity,Event Horizon,Solar,51.7,780,53,0.553,0.585,31,22,18619,10720,7899,54,21,60,127,42.5%,370.3,213.2,157.1,1.07,0.42,1.19,2.53,351.3,202.3,149.0,1.02,0.4,1.13,2.4,125,109,2.49,2.17,2.36,2.06
Veteran,RSC006357,Syncopace,Merciless Mob,The Syndicate,Lunar,51.6,883,57,0.479,0.509,29,28,19930,10520,9410,39,36,66,152,25.7%,350.2,184.8,165.3,0.69,0.63,1.16,2.67,349.6,184.6,165.1,0.68,0.63,1.16,2.67,126,133,2.21,2.34,2.21,2.33
Veteran,RSC006173,Racer,Atomic,Energy,Lunar,51.6,865,53,0.399,0.396,21,32,20119,11700,8419,44,29,88,145,30.3%,360.8,209.8,151.0,0.79,0.52,1.58,2.6,379.6,220.8,158.8,0.83,0.55,1.66,2.74,118,153,2.12,2.74,2.23,2.89
Veteran,RSC003104,Nizzlepls,Jaculus,Draconem,Solar,51.4,464,32,0.556,0.563,18,14,10354,6190,4164,30,15,32,84,35.7%,346.2,207.0,139.2,1.0,0.5,1.07,2.81,323.6,193.4,130.1,0.94,0.47,1.0,2.63,74,64,2.47,2.14,2.31,2.0
Veteran,RSC003250,Chefty,Wyverns,The Forest,Solar,51.0,521,35,0.55,0.6,21,14,12144,6900,5244,26,18,51,85,30.6%,361.6,205.5,156.2,0.77,0.54,1.52,2.53,347.0,197.1,149.8,0.74,0.51,1.46,2.43,71,62,2.11,1.85,2.03,1.77
Veteran,RSC006241,Grizz,Typhoons,Storm,Solar,50.7,165,10,0.311,0.3,3,7,3751,2130,1621,8,6,15,28,28.6%,352.7,200.3,152.4,0.75,0.56,1.41,2.63,375.1,213.0,162.1,0.8,0.6,1.5,2.8,20,33,1.88,3.1,2.0,3.3
Veteran,RSC004299,Mayhem,Matadors,Ox Gaming,Solar,49.4,935,60,0.489,0.5,30,30,21446,11620,9826,50,28,72,162,30.9%,355.9,192.8,163.0,0.83,0.46,1.19,2.69,357.4,193.7,163.8,0.83,0.47,1.2,2.7,140,144,2.32,2.39,2.33,2.4
Veteran,RSC004239,Nitro,Linguini Lancers,Italian Battalion,Lunar,48.8,709,45,0.552,0.6,27,18,15667,9640,6027,44,25,56,119,37.0%,342.8,210.9,131.9,0.96,0.55,1.23,2.6,348.2,214.2,133.9,0.98,0.56,1.24,2.64,110,96,2.41,2.1,2.44,2.13
Veteran,RSC000073,Nighthawk,Typhoons,Storm,Solar,48.7,594,39,0.44,0.462,18,21,13788,8060,5728,31,23,59,86,36.0%,360.1,210.5,149.6,0.81,0.6,1.54,2.25,353.5,206.7,146.9,0.79,0.59,1.51,2.21,92,107,2.4,2.79,2.36,2.74
Veteran,RSC000037,Md,Atomic,Energy,Lunar,48.4,883,56,0.385,0.375,21,35,19678,10950,8728,42,32,73,150,28.0%,345.7,192.4,153.4,0.74,0.56,1.28,2.64,351.4,195.5,155.9,0.75,0.57,1.3,2.68,118,159,2.07,2.79,2.11,2.84
Veteran,RSC005464,Taz.Rm,Gorillas,The Jungle,Solar,47.6,831,55,0.478,0.436,24,31,18106,10400,7706,35,36,75,135,25.9%,338.0,194.2,143.9,0.65,0.67,1.4,2.52,329.2,189.1,140.1,0.64,0.65,1.36,2.45,120,127,2.24,2.37,2.18,2.31
Veteran,RSC005193,Regularlyjones,Gorillas,The Jungle,Solar,47.2,625,41,0.403,0.341,14,27,14212,8140,6072,31,19,61,104,29.8%,352.8,202.1,150.7,0.77,0.47,1.51,2.58,346.6,198.5,148.1,0.76,0.46,1.49,2.54,84,108,2.09,2.68,2.05,2.63
Veteran,RSC006359,Liongoat.,Makos,Shark Attack,Lunar,46.8,62,4,0.23,0.0,0,4,1593,740,853,3,1,6,9,33.3%,398.6,185.2,213.4,0.75,0.25,1.5,2.25,398.3,185.0,213.3,0.75,0.25,1.5,2.25,6,13,1.5,3.25,1.5,3.25
Veteran,RSC004925,Riddle,Gouda Gangsters,Cheese Guild,Lunar,46.2,783,47,0.585,0.617,29,18,15948,9720,6228,36,36,59,137,26.3%,316.0,192.6,123.4,0.71,0.71,1.17,2.71,339.3,206.8,132.5,0.77,0.77,1.26,2.91,132,106,2.62,2.1,2.81,2.26
Veteran,RSC002204,Mr.Numb3Rz,Peppermint,Minty Fresh,Solar,44.8,685,43,0.346,0.233,10,33,15518,8680,6838,32,19,68,113,28.3%,351.5,196.6,154.9,0.72,0.43,1.54,2.56,360.9,201.9,159.0,0.74,0.44,1.58,2.63,92,137,2.08,3.1,2.14,3.19
Veteran,RSC006438,Westyzworld,Possessed,Destined,Solar,44.5,601,38,0.607,0.553,21,17,12810,7490,5320,33,25,40,94,35.1%,330.7,193.3,137.3,0.85,0.65,1.03,2.43,337.1,197.1,140.0,0.87,0.66,1.05,2.47,114,87,2.94,2.25,3.0,2.29
Veteran,RSC003830,Bradyk-,Makos,Shark Attack,Lunar,44.3,868,58,0.497,0.466,27,31,19000,10830,8170,44,31,70,138,31.9%,339.6,193.6,146.0,0.79,0.55,1.25,2.47,327.6,186.7,140.9,0.76,0.53,1.21,2.38,143,144,2.56,2.57,2.47,2.48
Veteran,RSC003762,Scorch,"Banshees
Typhoons","The Monster Mash
Storm",Lunar,43.9,52,4,0.362,0.5,2,2,1321,730,591,4,0,5,8,50.0%,394.1,217.8,176.3,1.19,0.0,1.49,2.39,330.3,182.5,147.8,1.0,0.0,1.25,2.0,7,10,2.09,2.98,1.75,2.5
Veteran,RSC000625,Sly,"Typhoons
Merciless Mob","Storm
The Syndicate",Solar,43.9,640,42,0.488,0.595,25,17,14266,8320,5946,38,16,53,107,35.5%,345.8,201.7,144.1,0.92,0.39,1.28,2.59,339.7,198.1,141.6,0.9,0.38,1.26,2.55,98,101,2.38,2.45,2.33,2.4
Veteran,RSC000461,Viper15,Jaculus,Draconem,Solar,43.8,750,52,0.493,0.481,25,27,17580,9900,7680,42,19,73,110,38.2%,363.7,204.8,158.9,0.87,0.39,1.51,2.28,338.1,190.4,147.7,0.81,0.37,1.4,2.12,115,117,2.38,2.42,2.21,2.25
Veteran,RSC003717,Cel,Cepheus,The Nexus,Solar,43.7,748,47,0.33,0.34,16,31,16147,8880,7267,35,22,59,133,26.3%,334.9,184.2,150.7,0.73,0.46,1.22,2.76,343.6,188.9,154.6,0.74,0.47,1.26,2.83,97,151,2.01,3.13,2.06,3.21
Veteran,RSC005077,Kbm Grifter,Banana Spiders,Eight Legged Freaks,Lunar,43.7,53,4,0.277,0.5,2,2,1270,680,590,3,1,5,8,37.5%,371.8,199.1,172.7,0.88,0.29,1.46,2.34,317.5,170.0,147.5,0.75,0.25,1.25,2.0,6,11,1.76,3.22,1.5,2.75
Veteran,RSC005077,Kbm Grifter,Banana Spiders,Eight Legged Freaks,Lunar,43.7,53,4,0.277,0.5,2,2,1270,680,590,3,1,5,8,37.5%,371.8,199.1,172.7,0.88,0.29,1.46,2.34,317.5,170.0,147.5,0.75,0.25,1.25,2.0,6,11,1.76,3.22,1.5,2.75
Veteran,RSC006395,Gizmo,Cthulhu,The Mythos,Lunar,43.6,902,58,0.538,0.534,31,27,20014,10520,9494,38,39,70,127,29.9%,344.2,180.9,163.3,0.65,0.67,1.2,2.18,345.1,181.4,163.7,0.66,0.67,1.21,2.19,138,125,2.37,2.15,2.38,2.16
Veteran,RSC005284,Bachleon,Dobermans,Puppy Paradise,Solar,43.2,854,57,0.5,0.579,33,24,18157,10600,7557,39,32,74,140,27.9%,329.9,192.6,137.3,0.71,0.58,1.34,2.54,318.5,186.0,132.6,0.68,0.56,1.3,2.46,121,121,2.2,2.2,2.12,2.12
Veteran,RSC002177,Slygo21,Humpbacks,Whale Defense,Solar,42.8,232,17,0.533,0.529,9,8,4879,2580,2299,10,7,16,43,23.3%,326.3,172.5,153.7,0.67,0.47,1.07,2.88,287.0,151.8,135.2,0.59,0.41,0.94,2.53,37,34,2.47,2.27,2.18,2.0
Veteran,RSC002477,Ty (Arcus),"Spastics
Typhoons","The Quad Dynasty
Storm",Solar,42.0,806,54,0.432,0.463,25,29,17120,9740,7380,37,35,62,119,31.1%,329.5,187.5,142.1,0.71,0.67,1.19,2.29,317.0,180.4,136.7,0.69,0.65,1.15,2.2,123,146,2.37,2.81,2.28,2.7
Veteran,RSC000946,Rebel,Dobermans,Puppy Paradise,Solar,41.9,839,57,0.487,0.561,32,25,18613,9840,8773,33,26,78,134,24.6%,344.2,182.0,162.2,0.61,0.48,1.44,2.48,326.5,172.6,153.9,0.58,0.46,1.37,2.35,116,120,2.15,2.22,2.04,2.11
Veteran,RSC000851,Joez,Peppers,The Garden,Solar,41.5,812,48,0.578,0.604,29,19,17542,10670,6872,52,22,61,132,39.4%,335.2,203.9,131.3,0.99,0.42,1.17,2.52,365.5,222.3,143.2,1.08,0.46,1.27,2.75,138,113,2.64,2.16,2.88,2.35
Veteran,RSC002133,Lmao Beer Me,Gladiators,The Sovereign,Lunar,41.2,901,52,0.604,0.615,32,20,19442,11050,8392,46,33,69,135,34.1%,334.8,190.3,144.5,0.79,0.57,1.19,2.32,373.9,212.5,161.4,0.88,0.63,1.33,2.6,167,128,2.88,2.2,3.21,2.46
Veteran,RSC005742,Misfitsmedia_,"Merciless Mob
Jaculus","The Syndicate
Draconem",Lunar,41.2,578,39,0.5,0.564,22,17,13041,7090,5951,30,15,49,89,33.7%,350.0,190.3,159.7,0.81,0.4,1.32,2.39,334.4,181.8,152.6,0.77,0.38,1.26,2.28,79,79,2.12,2.12,2.03,2.03
Veteran,RSC005805,Partyshark.,Water,The Elements,Solar,41.1,906,61,0.465,0.443,27,34,20028,10650,9378,41,21,79,155,26.5%,343.0,182.4,160.6,0.7,0.36,1.35,2.65,328.3,174.6,153.7,0.67,0.34,1.3,2.54,127,139,2.17,2.38,2.08,2.28
Veteran,RSC005068,Sturmo.,Wyverns,The Forest,Solar,40.8,828,53,0.493,0.509,27,26,17679,9640,8039,29,32,77,129,22.5%,331.3,180.6,150.6,0.54,0.6,1.44,2.42,333.6,181.9,151.7,0.55,0.6,1.45,2.43,116,118,2.17,2.21,2.19,2.23
Veteran,RSC006140,Jay_Kay99,Banana Spiders,Eight Legged Freaks,Lunar,40.7,719,48,0.586,0.583,28,20,14486,8500,5986,36,24,48,130,27.7%,312.6,183.4,129.2,0.78,0.52,1.04,2.81,301.8,177.1,124.7,0.75,0.5,1.0,2.71,120,96,2.59,2.07,2.5,2.0
Veteran,RSC001934,Bosnia_2003,Hades,The Gods,Lunar,40.6,273,19,0.271,0.263,5,14,6425,3570,2855,10,5,38,42,23.8%,365.1,202.9,162.2,0.57,0.28,2.16,2.39,338.2,187.9,150.3,0.53,0.26,2.0,2.21,23,45,1.31,2.56,1.21,2.37
Veteran,RSC006452,Legolas.,Lightning,Electric Mayhem,Lunar,40.6,636,40,0.549,0.675,27,13,12689,7300,5389,34,22,33,115,29.6%,309.5,178.1,131.5,0.83,0.54,0.8,2.81,317.2,182.5,134.7,0.85,0.55,0.83,2.88,101,89,2.46,2.17,2.53,2.23
Veteran,RSC004766,Virrexo,"Cepheus
Knead for Speed","The Nexus
The Bakery",Solar,40.3,778,50,0.389,0.4,20,30,17297,8890,8407,28,27,72,114,24.6%,344.9,177.3,167.6,0.56,0.54,1.44,2.27,345.9,177.8,168.1,0.56,0.54,1.44,2.28,105,140,2.09,2.79,2.1,2.8
Veteran,RSC004165,.Tor.,Jaculus,Draconem,Solar,40.2,428,29,0.494,0.552,16,13,9061,4850,4211,11,16,45,70,15.7%,328.4,175.8,152.6,0.4,0.58,1.63,2.54,312.4,167.2,145.2,0.38,0.55,1.55,2.41,60,61,2.17,2.21,2.07,2.1
Veteran,RSC004913,P1Zzly,Atomic,Energy,Lunar,39.8,242,14,0.41,0.429,6,8,5597,3040,2557,12,6,24,34,35.3%,358.8,194.9,163.9,0.77,0.38,1.54,2.18,399.8,217.1,182.6,0.86,0.43,1.71,2.43,35,44,2.24,2.82,2.5,3.14
Veteran,RSC003012,Fluffles,Makos,Shark Attack,Lunar,39.7,100,6,0.428,0.333,2,4,1985,1140,845,5,3,6,19,26.3%,308.0,176.9,131.1,0.78,0.47,0.93,2.95,330.8,190.0,140.8,0.83,0.5,1.0,3.17,15,18,2.33,2.79,2.5,3.0
Veteran,RSC005482,Spider,"Atomic
Peppermint","Energy
Minty Fresh",Solar,39.5,282,18,0.312,0.222,4,14,6270,3870,2400,16,7,30,42,38.1%,344.9,212.9,132.0,0.88,0.39,1.65,2.31,348.3,215.0,133.3,0.89,0.39,1.67,2.33,34,56,1.87,3.08,1.89,3.11
Veteran,RSC005824,Bolts,Wyverns,The Forest,Solar,39.3,665,42,0.43,0.452,19,23,13692,7640,6052,29,22,50,114,25.4%,319.4,178.2,141.2,0.68,0.51,1.17,2.66,326.0,181.9,144.1,0.69,0.52,1.19,2.71,91,109,2.12,2.54,2.17,2.6
Veteran,RSC005502,Soulxnz,Lightning,Electric Mayhem,Lunar,39.1,772,49,0.452,0.531,26,23,15949,9340,6609,42,29,50,119,35.3%,320.5,187.7,132.8,0.84,0.58,1.0,2.39,325.5,190.6,134.9,0.86,0.59,1.02,2.43,116,131,2.33,2.63,2.37,2.67
Veteran,RSC005386,Danub,Humpbacks,Whale Defense,Solar,38.2,500,35,0.49,0.457,16,19,10859,5920,4939,19,20,47,67,28.4%,336.9,183.7,153.3,0.59,0.62,1.46,2.08,310.3,169.1,141.1,0.54,0.57,1.34,1.91,83,85,2.58,2.64,2.37,2.43
Veteran,RSC002558,Troompet,Peppermint,Minty Fresh,Solar,38.1,774,50,0.36,0.28,14,36,17116,9340,7776,36,24,69,109,33.0%,343.1,187.2,155.9,0.72,0.48,1.38,2.18,342.3,186.8,155.5,0.72,0.48,1.38,2.18,103,148,2.06,2.97,2.06,2.96
Veteran,RSC006373,Flamezero.,Banshees,The Monster Mash,Lunar,38.0,246,15,0.319,0.133,2,13,4989,2900,2089,11,9,19,40,27.5%,314.6,182.9,131.7,0.69,0.57,1.2,2.52,332.6,193.3,139.3,0.73,0.6,1.27,2.67,29,47,1.83,2.96,1.93,3.13
Veteran,RSC003694,Thecroctopustv,Banana Spiders,Eight Legged Freaks,Lunar,37.3,283,20,0.454,0.45,9,11,5643,2990,2653,11,15,15,39,28.2%,309.4,163.9,145.4,0.6,0.82,0.82,2.14,282.2,149.5,132.7,0.55,0.75,0.75,1.95,52,58,2.85,3.18,2.6,2.9
Veteran,RSC006267,Tootie,Rockin Revenants,Ghoul School,Solar,37.2,551,35,0.5,0.429,15,20,12648,7020,5628,25,12,63,77,32.5%,356.1,197.7,158.5,0.7,0.34,1.77,2.17,361.4,200.6,160.8,0.71,0.34,1.8,2.2,77,77,2.17,2.17,2.2,2.2
Veteran,RSC005754,Monty.,"Cthulhu
Matadors","The Mythos
Ox Gaming",Lunar,37.2,545,37,0.422,0.351,13,24,11495,6020,5475,16,28,47,67,23.9%,327.2,171.4,155.9,0.46,0.8,1.34,1.91,310.7,162.7,148.0,0.43,0.76,1.27,1.81,84,102,2.39,2.9,2.27,2.76
Veteran,RSC000926,Slmrnchr,Matadors,Ox Gaming,Solar,36.5,646,41,0.476,0.463,19,22,13891,7240,6651,27,26,48,84,32.1%,333.6,173.9,159.7,0.65,0.62,1.15,2.02,338.8,176.6,162.2,0.66,0.63,1.17,2.05,97,103,2.33,2.47,2.37,2.51
Veteran,RSC000796,Hoyci,Hades,The Gods,Lunar,36.2,725,51,0.39,0.373,19,32,16061,7890,8171,23,29,65,89,25.8%,343.7,168.8,174.9,0.49,0.62,1.39,1.9,314.9,154.7,160.2,0.45,0.57,1.27,1.75,93,124,1.99,2.65,1.82,2.43
Veteran,RSC002217,Debt,Rockin Revenants,Ghoul School,Solar,36.1,740,46,0.581,0.478,22,24,14732,8310,6422,32,27,51,121,26.4%,308.9,174.2,134.6,0.67,0.57,1.07,2.54,320.3,180.7,139.6,0.7,0.59,1.11,2.63,121,98,2.54,2.05,2.63,2.13
Veteran,RSC002293,Corrupt_Arrow,Hades,The Gods,Lunar,36.1,797,54,0.389,0.37,20,34,16791,8950,7841,33,19,67,135,24.4%,326.9,174.2,152.6,0.64,0.37,1.3,2.63,310.9,165.7,145.2,0.61,0.35,1.24,2.5,100,134,1.95,2.61,1.85,2.48
Veteran,RSC005654,Mickfizle,Peppermint,Minty Fresh,Solar,34.7,693,43,0.355,0.302,13,30,14853,8100,6753,29,18,65,105,27.6%,332.5,181.3,151.2,0.65,0.4,1.46,2.35,345.4,188.4,157.0,0.67,0.42,1.51,2.44,93,135,2.08,3.02,2.16,3.14
Veteran,RSC003718,Tbonelul,Water,The Elements,Solar,34.3,369,25,0.493,0.48,12,13,7449,4280,3169,16,17,27,48,33.3%,313.2,179.9,133.2,0.67,0.71,1.14,2.02,298.0,171.2,126.8,0.64,0.68,1.08,1.92,55,56,2.31,2.35,2.2,2.24
Veteran,RSC000981,Link,Calzones,Fifty-Fifty Pizzeria,Lunar,34.1,540,34,0.573,0.588,20,14,10920,6120,4800,28,23,29,72,38.9%,313.7,175.8,137.9,0.8,0.66,0.83,2.07,321.2,180.0,141.2,0.82,0.68,0.85,2.12,87,72,2.5,2.07,2.56,2.12
Veteran,RSC000190,Leaf.,Humpbacks,Whale Defense,Solar,33.6,414,27,0.583,0.519,14,13,8051,4870,3181,24,11,24,72,33.3%,301.7,182.5,119.2,0.9,0.41,0.9,2.7,298.2,180.4,117.8,0.89,0.41,0.89,2.67,74,60,2.77,2.25,2.74,2.22
Veteran,RSC003239,Wallaby Gangsta,Grizzly Bears,The Bear Den,Lunar,33.1,855,58,0.394,0.397,23,35,17746,9450,8296,35,25,68,130,26.9%,322.0,171.5,150.5,0.64,0.45,1.23,2.36,306.0,162.9,143.0,0.6,0.43,1.17,2.24,109,144,1.98,2.61,1.88,2.48
Veteran,RSC006253,Flyxr.,"Jaculus
Atomic
Linguini Lancers","Draconem
Energy
Italian Battalion",Lunar,31.8,778,49,0.47,0.469,23,26,16354,9060,7294,30,27,74,101,29.7%,326.1,180.7,145.5,0.6,0.54,1.48,2.01,333.8,184.9,148.9,0.61,0.55,1.51,2.06,110,119,2.19,2.37,2.24,2.43
Veteran,RSC005504,Zloczz-,Cthulhu,The Mythos,Lunar,31.4,422,27,0.559,0.593,16,11,8425,4680,3745,24,8,23,73,32.9%,309.7,172.1,137.7,0.88,0.29,0.85,2.68,312.0,173.3,138.7,0.89,0.3,0.85,2.7,62,53,2.28,1.95,2.3,1.96
Veteran,RSC001082,Tuxedo Marx,Gouda Gangsters,Cheese Guild,Lunar,31.1,310,19,0.705,0.842,16,3,6043,3610,2433,20,10,13,46,43.5%,302.4,180.7,121.8,1.0,0.5,0.65,2.3,318.1,190.0,128.1,1.05,0.53,0.68,2.42,64,37,3.2,1.85,3.37,1.95
Veteran,RSC004413,Nuke,Supernova,The Cosmos,Lunar,30.8,355,22,0.52,0.545,12,10,6903,3990,2913,20,9,19,59,33.9%,301.7,174.4,127.3,0.87,0.39,0.83,2.58,313.8,181.4,132.4,0.91,0.41,0.86,2.68,62,59,2.71,2.58,2.82,2.68
Veteran,RSC000182,Goose,Calzones,Fifty-Fifty Pizzeria,Lunar,29.6,515,35,0.535,0.514,18,17,9698,5580,4118,24,17,30,83,28.9%,292.2,168.1,124.1,0.72,0.51,0.9,2.5,277.1,159.4,117.7,0.69,0.49,0.86,2.37,82,75,2.47,2.26,2.34,2.14
Veteran,RSC006043,.Pass,"Hades
Cepheus","The Gods
The Nexus",Solar,29.5,396,24,0.281,0.25,6,18,8171,4630,3541,15,10,41,58,25.9%,320.1,181.4,138.7,0.59,0.39,1.61,2.27,340.5,192.9,147.5,0.63,0.42,1.71,2.42,48,86,1.88,3.37,2.0,3.58
Veteran,RSC004332,Friendbrady,Seadevils,The Abyss,Lunar,29.0,656,41,0.597,0.61,25,16,13200,7310,5890,29,16,52,101,28.7%,312.2,172.9,139.3,0.69,0.38,1.23,2.39,322.0,178.3,143.7,0.71,0.39,1.27,2.46,112,87,2.65,2.06,2.73,2.12
Veteran,RSC000848,Wittinghalo64,Cepheus,The Nexus,Solar,28.9,705,47,0.387,0.447,21,26,14457,7370,7087,29,19,50,102,28.4%,318.1,162.2,156.0,0.64,0.42,1.1,2.24,307.6,156.8,150.8,0.62,0.4,1.06,2.17,94,126,2.07,2.77,2.0,2.68
Veteran,RSC003252,The_Magic,"Knead for Speed
Typhoons","The Bakery
Storm",Solar,28.0,283,21,0.411,0.429,9,12,5546,2920,2626,8,12,23,37,21.6%,304.0,160.1,144.0,0.44,0.66,1.26,2.03,264.1,139.0,125.0,0.38,0.57,1.1,1.76,39,49,2.14,2.69,1.86,2.33
Veteran,RSC004439,Rua.,Matadors,Ox Gaming,Solar,27.4,442,27,0.443,0.444,12,15,8475,4720,3755,15,17,35,62,24.2%,297.5,165.7,131.8,0.53,0.6,1.23,2.18,313.9,174.8,139.1,0.56,0.63,1.3,2.3,64,74,2.25,2.6,2.37,2.74
Veteran,RSC005875,San X Finesse,"Typhoons
Spastics
Banshees","Storm
The Quad Dynasty
The Monster Mash",Lunar,26.9,468,33,0.434,0.455,15,18,9390,4680,4710,14,16,37,63,22.2%,311.3,155.1,156.1,0.46,0.53,1.23,2.09,284.5,141.8,142.7,0.42,0.48,1.12,1.91,57,68,1.89,2.25,1.73,2.06
Veteran,RSC006309,Helzwright,Banshees,The Monster Mash,Lunar,26.9,329,21,0.476,0.429,9,12,6783,3550,3233,12,11,28,40,30.0%,319.9,167.4,152.5,0.57,0.52,1.32,1.89,323.0,169.0,154.0,0.57,0.52,1.33,1.9,48,51,2.26,2.4,2.29,2.43
Veteran,RSC002423,Cubby,Lightning,Electric Mayhem,Lunar,25.3,59,4,0.466,0.5,2,2,910,460,450,1,3,2,11,9.1%,239.3,121.0,118.3,0.26,0.79,0.53,2.89,227.5,115.0,112.5,0.25,0.75,0.5,2.75,12,13,3.16,3.42,3.0,3.25
Veteran,RSC000763,Tenched,Merciless Mob,The Syndicate,Lunar,25.3,340,22,0.477,0.5,11,11,6490,3720,2770,17,11,20,47,36.2%,296.1,169.7,126.4,0.78,0.5,0.91,2.14,295.0,169.1,125.9,0.77,0.5,0.91,2.14,49,52,2.24,2.37,2.23,2.36
Veteran,RSC006391,Duk,Banshees,The Monster Mash,Lunar,25.2,840,50,0.497,0.48,24,26,15881,8970,6911,33,30,60,117,28.2%,293.3,165.7,127.6,0.61,0.55,1.11,2.16,317.6,179.4,138.2,0.66,0.6,1.2,2.34,127,128,2.35,2.36,2.54,2.56
Veteran,RSC005355,Armando,Gorillas,The Jungle,Solar,24.2,624,40,0.426,0.425,17,23,12629,7200,5429,27,16,58,80,33.8%,314.0,179.0,135.0,0.67,0.4,1.44,1.99,315.7,180.0,135.7,0.68,0.4,1.45,2.0,85,103,2.11,2.56,2.13,2.58
Veteran,RSC006437,Timbo.,Spastics,The Quad Dynasty,Lunar,24.2,401,27,0.397,0.296,8,19,8079,4220,3859,14,9,36,57,24.6%,312.6,163.3,149.3,0.54,0.35,1.39,2.21,299.2,156.3,142.9,0.52,0.33,1.33,2.11,52,68,2.01,2.63,1.93,2.52
Veteran,RSC006171,Rivdogg.,Singularity,Event Horizon,Solar,23.5,380,26,0.357,0.346,9,17,7794,4000,3794,12,9,37,50,24.0%,318.2,163.3,154.9,0.49,0.37,1.51,2.04,299.8,153.8,145.9,0.46,0.35,1.42,1.92,42,62,1.71,2.53,1.62,2.38
Veteran,RSC000967,Tr1Ppn,Matadors,Ox Gaming,Solar,21.5,60,4,0.317,0.25,1,3,1392,860,532,4,0,8,6,66.7%,359.9,222.4,137.6,1.03,0.0,2.07,1.55,348.0,215.0,133.0,1.0,0.0,2.0,1.5,6,10,1.55,2.59,1.5,2.5
Veteran,RSC006378,Depressed Vibez,Banshees,The Monster Mash,Lunar,21.2,68,4,0.453,0.5,2,2,1300,680,620,3,0,5,13,23.1%,296.6,155.1,141.5,0.68,0.0,1.14,2.97,325.0,170.0,155.0,0.75,0.0,1.25,3.25,7,8,1.6,1.83,1.75,2.0
Veteran,RSC000460,Nano,Peppermint,Minty Fresh,Solar,20.5,532,34,0.362,0.294,10,24,10218,5500,4718,19,15,43,70,27.1%,298.0,160.4,137.6,0.55,0.44,1.25,2.04,300.5,161.8,138.8,0.56,0.44,1.26,2.06,73,104,2.13,3.03,2.15,3.06
Veteran,RSC003118,Mysty,Atomic,Energy,Lunar,20.0,730,45,0.367,0.333,15,30,12822,7330,5492,23,30,51,98,23.5%,272.5,155.8,116.7,0.49,0.64,1.08,2.08,284.9,162.9,122.0,0.51,0.67,1.13,2.18,91,129,1.93,2.74,2.02,2.87
Veteran,RSC003815,Donkmedaddy,Grizzly Bears,The Bear Den,Lunar,19.4,665,46,0.342,0.326,15,31,12946,6610,6336,17,18,63,86,19.8%,302.0,154.2,147.8,0.4,0.42,1.47,2.01,281.4,143.7,137.7,0.37,0.39,1.37,1.87,75,115,1.75,2.68,1.63,2.5
Veteran,RSC000785,Scrubbzy,"Supernova
Hades","The Cosmos
The Gods",Lunar,17.1,132,9,0.637,0.444,4,5,2192,1160,1032,3,7,7,16,18.8%,257.6,136.3,121.3,0.35,0.82,0.82,1.88,243.6,128.9,114.7,0.33,0.78,0.78,1.78,23,16,2.7,1.88,2.56,1.78
Veteran,RSC004269,Bodian,Dobermans,Puppy Paradise,Solar,16.6,114,7,0.379,0.429,3,4,2024,1120,904,3,3,10,17,17.6%,275.4,152.4,123.0,0.41,0.41,1.36,2.31,289.1,160.0,129.1,0.43,0.43,1.43,2.43,13,18,1.77,2.45,1.86,2.57
Veteran,RSC001091,Stealthman777,Hades,The Gods,Lunar,15.9,73,6,0.5,0.5,3,3,1486,770,716,2,2,8,7,28.6%,315.8,163.6,152.2,0.43,0.43,1.7,1.49,247.7,128.3,119.3,0.33,0.33,1.33,1.17,9,9,1.91,1.91,1.5,1.5
Veteran,RSC006093,Warrai711,"Grizzly Bears
Spastics","The Bear Den
The Quad Dynasty",Lunar,15.5,102,7,0.323,0.429,3,4,2217,1220,997,4,0,14,12,33.3%,337.2,185.6,151.6,0.61,0.0,2.13,1.83,316.7,174.3,142.4,0.57,0.0,2.0,1.71,9,15,1.37,2.28,1.29,2.14
Veteran,RSC002200,Machu,Humpbacks,Whale Defense,Solar,14.5,100,7,0.125,0.0,0,7,1951,980,971,3,4,8,8,37.5%,302.7,152.0,150.6,0.47,0.62,1.24,1.24,278.7,140.0,138.7,0.43,0.57,1.14,1.14,9,29,1.4,4.5,1.29,4.14
Veteran,RSC004207,Qx5Z,Titanium,Metal,Solar,14.3,122,8,0.462,0.5,4,4,2200,1020,1180,4,3,6,17,23.5%,279.8,129.7,150.1,0.51,0.38,0.76,2.16,275.0,127.5,147.5,0.5,0.38,0.75,2.13,20,22,2.54,2.8,2.5,2.75
Veteran,RSC005460,Slycooperd3Mis3,"Jaculus
Atomic
Hades","Draconem
Energy
The Gods",Lunar,12.3,180,12,0.257,0.333,4,8,3067,1590,1477,4,6,13,24,16.7%,264.3,137.0,127.3,0.34,0.52,1.12,2.07,255.6,132.5,123.1,0.33,0.5,1.08,2.0,17,34,1.47,2.93,1.42,2.83
Veteran,RSC000755,Pre,"Cepheus
Peppermint","The Nexus
Minty Fresh",Solar,11.6,632,39,0.386,0.385,15,24,11169,6440,4729,25,16,47,79,31.6%,274.2,158.1,116.1,0.61,0.39,1.15,1.94,286.4,165.1,121.3,0.64,0.41,1.21,2.03,80,108,1.96,2.65,2.05,2.77
Veteran,RSC004639,Pete Weber,Typhoons,Storm,Solar,10.9,281,17,0.278,0.176,3,14,4865,2750,2115,10,8,20,35,28.6%,268.6,151.8,116.8,0.55,0.44,1.1,1.93,286.2,161.8,124.4,0.59,0.47,1.18,2.06,35,63,1.93,3.48,2.06,3.71
Veteran,RSC002186,5Pike,Seadevils,The Abyss,Lunar,9.7,508,31,0.5,0.516,16,15,8615,4480,4135,13,19,33,58,22.4%,263.1,136.8,126.3,0.4,0.58,1.01,1.77,277.9,144.5,133.4,0.42,0.61,1.06,1.87,79,79,2.41,2.41,2.55,2.55
Veteran,RSC002736,Chulainn,Water,The Elements,Solar,8.0,390,26,0.411,0.346,9,17,6707,3730,2977,17,4,25,58,29.3%,266.8,148.4,118.4,0.68,0.16,0.99,2.31,258.0,143.5,114.5,0.65,0.15,0.96,2.23,49,62,1.95,2.47,1.88,2.38
Veteran,RSC002736,Chulainn,Water,The Elements,Solar,8.0,390,26,0.411,0.346,9,17,6707,3730,2977,17,4,25,58,29.3%,266.8,148.4,118.4,0.68,0.16,0.99,2.31,258.0,143.5,114.5,0.65,0.15,0.96,2.23,49,62,1.95,2.47,1.88,2.38
Veteran,RSC003276,Consciousprophit,"Lightning
Cthulhu","Electric Mayhem
The Mythos",Lunar,3.4,122,8,0.149,0.0,0,8,2125,1220,905,7,0,7,17,41.2%,270.2,155.1,115.1,0.89,0.0,0.89,2.16,265.6,152.5,113.1,0.88,0.0,0.88,2.13,11,32,1.4,4.07,1.38,4.0
Veteran,RSC003908,Veoloux,Atomic,Energy,Lunar,2.7,39,2,0.239,0.0,0,2,647,280,367,0,2,3,3,0.0%,257.4,111.4,146.0,0.0,0.8,1.19,1.19,323.5,140.0,183.5,0.0,1.0,1.5,1.5,5,10,1.99,3.98,2.5,5.0
Veteran,RSC006440,Ylg_Streaky,Banshees,The Monster Mash,Lunar,-0.3,58,4,0.206,0.0,0,4,1032,460,572,1,1,5,6,16.7%,276.0,123.0,153.0,0.27,0.27,1.34,1.6,258.0,115.0,143.0,0.25,0.25,1.25,1.5,5,12,1.34,3.21,1.25,3.0
Veteran,RSC002747,Derrrrrrrrp,Linguini Lancers,Italian Battalion,Lunar,-0.8,35,2,0.633,1.0,2,0,591,330,261,1,1,3,3,33.3%,262.0,146.3,115.7,0.44,0.44,1.33,1.33,295.5,165.0,130.5,0.5,0.5,1.5,1.5,7,5,3.1,2.22,3.5,2.5
Veteran,RSC003247,Croptopolis,Banshees,The Monster Mash,Lunar,-8.9,58,4,0.206,0.0,0,4,899,300,599,0,2,3,5,0.0%,240.5,80.2,160.2,0.0,0.53,0.8,1.34,224.8,75.0,149.8,0.0,0.5,0.75,1.25,5,12,1.34,3.21,1.25,3.0
Veteran,RSC006403,Fuzzysquid.,Linguini Lancers,Italian Battalion,Lunar,-15.8,68,4,0.358,0.25,1,3,939,430,509,1,1,4,8,12.5%,214.2,98.1,116.1,0.23,0.23,0.91,1.83,234.8,107.5,127.3,0.25,0.25,1.0,2.0,9,13,2.05,2.97,2.25,3.25
Veteran,RSC004872,Justlaben,Linguini Lancers,Italian Battalion,Lunar,-18.4,17,1,0.284,0.0,0,1,308,160,148,0,0,3,1,0.0%,281.1,146.0,135.1,0.0,0.0,2.74,0.91,308.0,160.0,148.0,0.0,0.0,3.0,1.0,1,2,0.91,1.83,1.0,2.0
Veteran,RSC006044,Hybridparagon,Makos,Shark Attack,Lunar,,0,0,,,0,0,0,0,0,0,0,0,0,,,,,,,,,,,,,,,,0,0,,,,
Veteran,RSC001817,Dylon37,Humpbacks,Whale Defense,Solar,,0,0,,,0,0,0,0,0,0,0,0,0,,,,,,,,,,,,,,,,0,0,,,,
Rival,RSC005367,Fryer_Lee,Bowheads,Whale Defense,Solar,218.2,10,1,,1.0,1,0,464,330,134,2,1,1,3,66.7%,708.7,504.0,204.7,3.05,1.53,1.53,4.58,464.0,330.0,134.0,2.0,1.0,1.0,3.0,3,0,4.58,0.0,3.0,0.0
Rival,RSC006056,Redsteel43Br,Hammerheads,Shark Attack,Lunar,91.1,838,54,0.774,0.87,47,7,22489,13860,8629,71,45,51,196,36.2%,409.9,252.6,157.3,1.29,0.82,0.93,3.57,416.5,256.7,159.8,1.31,0.83,0.94,3.63,185,85,3.37,1.55,3.43,1.57
Rival,RSC006528,Mxwebby,Ruthless Racket,The Syndicate,Lunar,87.9,77,4,0.833,1.0,4,0,1854,1020,834,4,7,2,17,23.5%,367.8,202.3,165.4,0.79,1.39,0.4,3.37,463.5,255.0,208.5,1.0,1.75,0.5,4.25,17,6,3.37,1.19,4.25,1.5
Rival,RSC004665,Prismback.,Polar Bears,The Bear Den,Lunar,83.5,923,60,0.528,0.583,35,25,25886,15370,10516,61,44,107,172,35.5%,428.4,254.3,174.0,1.01,0.73,1.77,2.85,431.4,256.2,175.3,1.02,0.73,1.78,2.87,160,149,2.65,2.47,2.67,2.48
Rival,RSC006071,Dougie,Polaris,The Cosmos,Lunar,83.4,856,58,0.61,0.638,37,21,23378,13400,9978,64,37,67,180,35.6%,417.1,239.1,178.0,1.14,0.66,1.2,3.21,403.1,231.0,172.0,1.1,0.64,1.16,3.1,164,124,2.93,2.21,2.83,2.14
Rival,RSC006405,Lil Panda,Hammerheads,Shark Attack,Lunar,83.2,846,54,0.793,0.889,48,6,22928,13990,8938,59,45,84,164,36.0%,414.0,252.6,161.4,1.07,0.81,1.52,2.96,424.6,259.1,165.5,1.09,0.83,1.56,3.04,188,80,3.39,1.44,3.48,1.48
Rival,RSC004917,Nahzey,Torte Reform,The Bakery,Solar,82.3,961,64,0.717,0.719,46,18,25869,15460,10409,69,46,86,196,35.2%,411.2,245.7,165.4,1.1,0.73,1.37,3.12,404.2,241.6,162.6,1.08,0.72,1.34,3.06,183,100,2.91,1.59,2.86,1.56
Rival,RSC006255,Acebourne4,Fangtooths,The Abyss,Lunar,82.1,818,56,0.648,0.661,37,19,23424,12880,10544,51,21,100,173,29.5%,437.4,240.5,196.9,0.95,0.39,1.87,3.23,418.3,230.0,188.3,0.91,0.38,1.79,3.09,136,91,2.54,1.7,2.43,1.63
Rival,RSC005657,Thereal.Potato,Torte Reform,The Bakery,Solar,80.0,888,59,0.738,0.763,45,14,23853,14310,9543,61,46,85,166,36.7%,410.3,246.1,164.1,1.05,0.79,1.46,2.86,404.3,242.5,161.7,1.03,0.78,1.44,2.81,174,89,2.99,1.53,2.95,1.51
Rival,RSC004088,Kenji Sk,Polar Ice,Minty Fresh,Solar,77.4,804,55,0.601,0.655,36,19,20837,10810,10027,39,49,59,151,25.8%,395.9,205.4,190.5,0.74,0.93,1.12,2.87,378.9,196.5,182.3,0.71,0.89,1.07,2.75,133,102,2.53,1.94,2.42,1.85
Rival,RSC006320,Escape_Plan,Wind,The Elements,Solar,76.8,820,56,0.643,0.625,35,21,21947,12530,9417,50,41,80,148,33.8%,408.8,233.4,175.4,0.93,0.76,1.49,2.76,391.9,223.8,168.2,0.89,0.73,1.43,2.64,145,99,2.7,1.84,2.59,1.77
Rival,RSC006334,Redsavage,Werewolves,The Forest,Solar,76.1,746,49,0.61,0.673,33,16,19758,11810,7948,50,42,69,126,39.7%,404.5,241.8,162.7,1.02,0.86,1.41,2.58,403.2,241.0,162.2,1.02,0.86,1.41,2.57,143,108,2.93,2.21,2.92,2.2
Rival,RSC006044,Hybridparagon,Hammerheads,Shark Attack,Lunar,74.4,230,16,0.65,0.75,12,4,5347,3420,1927,16,16,11,47,34.0%,355.1,227.1,128.0,1.06,1.06,0.73,3.12,334.2,213.8,120.4,1.0,1.0,0.69,2.94,51,35,3.39,2.32,3.19,2.19
Rival,RSC004767,Nfury8,"Quads
Hot Wings","The Quad Dynasty
Fifty-Fifty Pizzeria",Lunar,74.2,246,16,0.5,0.438,7,9,6469,3670,2799,11,11,31,47,23.4%,401.7,227.9,173.8,0.68,0.68,1.92,2.92,404.3,229.4,174.9,0.69,0.69,1.94,2.94,31,31,1.92,1.92,1.94,1.94
Rival,RSC005814,Rednovaultimate,Dalmatians,Puppy Paradise,Solar,73.3,890,58,0.644,0.672,39,19,22269,13460,8809,63,31,72,201,31.3%,382.2,231.0,151.2,1.08,0.53,1.24,3.45,383.9,232.1,151.9,1.09,0.53,1.24,3.47,157,107,2.69,1.84,2.71,1.84
Rival,RSC003027,Defiance,Hammerheads,Shark Attack,Lunar,72.9,870,56,0.791,0.875,49,7,21740,13160,8580,61,49,60,161,37.9%,381.7,231.0,150.6,1.07,0.86,1.05,2.83,388.2,235.0,153.2,1.09,0.88,1.07,2.88,197,85,3.46,1.49,3.52,1.52
Rival,RSC005447,Rpgesus.,Ocelots,The Jungle,Solar,72.8,221,13,0.512,0.462,6,7,5798,3010,2788,13,10,16,41,31.7%,400.7,208.0,192.7,0.9,0.69,1.11,2.83,446.0,231.5,214.5,1.0,0.77,1.23,3.15,33,32,2.28,2.21,2.54,2.46
Rival,RSC002480,Blizzyy,Polaris,The Cosmos,Lunar,72.5,569,39,0.665,0.667,26,13,14856,8950,5906,44,21,48,110,40.0%,398.8,240.3,158.5,1.18,0.56,1.29,2.95,380.9,229.5,151.4,1.13,0.54,1.23,2.82,114,74,3.06,1.99,2.92,1.9
Rival,RSC005077,Kbm Grifter,Blizzards,Storm,Solar,71.6,575,37,0.513,0.595,22,15,14165,8130,6035,37,22,41,128,28.9%,376.3,216.0,160.3,0.98,0.58,1.09,3.4,382.8,219.7,163.1,1.0,0.59,1.11,3.46,91,88,2.42,2.34,2.46,2.38
Rival,RSC005077,Kbm Grifter,Blizzards,Storm,Solar,71.6,575,37,0.513,0.595,22,15,14165,8130,6035,37,22,41,128,28.9%,376.3,216.0,160.3,0.98,0.58,1.09,3.4,382.8,219.7,163.1,1.0,0.59,1.11,3.46,91,88,2.42,2.34,2.46,2.38
Rival,RSC005833,Ac3Kill762,Polar Ice,Minty Fresh,Solar,71.4,708,46,0.657,0.739,34,12,16889,11010,5879,52,29,55,161,32.3%,364.4,237.5,126.8,1.12,0.63,1.19,3.47,367.2,239.3,127.8,1.13,0.63,1.2,3.5,128,84,2.76,1.81,2.78,1.83
Rival,RSC006273,Chawes.,Surge,Electric Mayhem,Lunar,70.8,741,49,0.554,0.551,27,22,18454,10740,7714,45,36,60,144,31.3%,380.4,221.4,159.0,0.93,0.74,1.24,2.97,376.6,219.2,157.4,0.92,0.73,1.22,2.94,125,109,2.58,2.25,2.55,2.22
Rival,RSC006314,Mimetic,"Quads
Anubis","The Quad Dynasty
The Gods",Lunar,70.5,646,44,0.527,0.5,22,22,16589,9150,7439,35,29,60,120,29.2%,392.2,216.3,175.9,0.83,0.69,1.42,2.84,377.0,208.0,169.1,0.8,0.66,1.36,2.73,106,99,2.51,2.34,2.41,2.25
Rival,RSC000333,Eternalsun,Fangtooths,The Abyss,Lunar,69.8,495,36,0.629,0.639,23,13,12538,7220,5318,28,20,49,97,28.9%,386.9,222.8,164.1,0.86,0.62,1.51,2.99,348.3,200.6,147.7,0.78,0.56,1.36,2.69,77,54,2.38,1.67,2.14,1.5
Rival,RSC005210,Baldmanstreamer,Vikings,The Sovereign,Lunar,68.8,999,63,0.565,0.54,34,29,25606,14790,10816,66,37,89,189,34.9%,391.5,226.1,165.4,1.01,0.57,1.36,2.89,406.4,234.8,171.7,1.05,0.59,1.41,3.0,169,143,2.58,2.19,2.68,2.27
Rival,RSC005212,Crackdragon,Vikings,The Sovereign,Lunar,68.8,754,47,0.551,0.468,22,25,18995,11370,7625,45,32,77,142,31.7%,384.8,230.3,154.5,0.91,0.65,1.56,2.88,404.1,241.9,162.2,0.96,0.68,1.64,3.02,120,105,2.43,2.13,2.55,2.23
Rival,RSC005577,Ryan.,Hot Wings,Fifty-Fifty Pizzeria,Lunar,68.6,775,50,0.564,0.58,29,21,18949,10720,8229,46,37,55,152,30.3%,373.5,211.3,162.2,0.91,0.73,1.08,3.0,379.0,214.4,164.6,0.92,0.74,1.1,3.04,131,111,2.58,2.19,2.62,2.22
Rival,RSC002930,Voakes,Wind,The Elements,Solar,67.4,801,52,0.646,0.635,33,19,20012,12180,7832,54,31,74,153,35.3%,381.6,232.3,149.3,1.03,0.59,1.41,2.92,384.8,234.2,150.6,1.04,0.6,1.42,2.94,139,94,2.65,1.79,2.67,1.81
Rival,RSC006315,Bigbadbullman13,"Cursed
Dalmatians
Quads","Destined
Puppy Paradise
The Quad Dynasty",Solar,67.1,637,41,0.567,0.512,21,20,15619,9510,6109,36,37,60,106,34.0%,374.5,228.0,146.5,0.86,0.89,1.44,2.54,381.0,232.0,149.0,0.88,0.9,1.46,2.59,115,97,2.76,2.33,2.8,2.37
Rival,RSC004662,D_Matt_,Werewolves,The Forest,Solar,66.2,702,44,0.574,0.614,27,17,17070,10000,7070,44,31,54,135,32.6%,371.4,217.6,153.8,0.96,0.67,1.17,2.94,388.0,227.3,160.7,1.0,0.7,1.23,3.07,121,100,2.63,2.18,2.75,2.27
Rival,RSC002871,Matrixzthebad,Cursed,Destined,Solar,65.8,952,60,0.516,0.467,28,32,24132,14210,9922,57,36,100,171,33.3%,387.2,228.0,159.2,0.91,0.58,1.6,2.74,402.2,236.8,165.4,0.95,0.6,1.67,2.85,148,142,2.37,2.28,2.47,2.37
Rival,RSC004856,Redfire0817,"Wind
Ruthless Racket","The Elements
The Syndicate",Lunar,65.4,846,55,0.463,0.455,25,30,21264,11770,9494,57,23,64,172,33.1%,383.9,212.5,171.4,1.03,0.42,1.16,3.11,386.6,214.0,172.6,1.04,0.42,1.16,3.13,118,130,2.13,2.35,2.15,2.36
Rival,RSC005778,Cup!,Hot Wings,Fifty-Fifty Pizzeria,Lunar,65.1,656,41,0.638,0.707,29,12,15904,9300,6604,41,31,49,120,34.2%,370.3,216.5,153.8,0.95,0.72,1.14,2.79,387.9,226.8,161.1,1.0,0.76,1.2,2.93,118,82,2.75,1.91,2.88,2.0
Rival,RSC005878,Itzlight7,Lacuna,Event Horizon,Solar,64.9,670,43,0.443,0.419,18,25,16989,9340,7649,34,26,69,119,28.6%,387.3,212.9,174.4,0.78,0.59,1.57,2.71,395.1,217.2,177.9,0.79,0.6,1.6,2.77,76,89,1.73,2.03,1.77,2.07
Rival,RSC005523,Laguna,Mozza Marauders,Italian Battalion,Lunar,63.9,937,58,0.531,0.5,29,29,22297,13420,8877,58,51,69,162,35.8%,363.5,218.8,144.7,0.95,0.83,1.12,2.64,384.4,231.4,153.1,1.0,0.88,1.19,2.79,163,151,2.66,2.46,2.81,2.6
Rival,RSC001061,Spiffy,Blizzards,Storm,Solar,61.4,54,4,0.661,0.75,3,1,1343,760,583,4,1,4,11,36.4%,379.9,215.0,164.9,1.13,0.28,1.13,3.11,335.8,190.0,145.8,1.0,0.25,1.0,2.75,12,8,3.39,2.26,3.0,2.0
Rival,RSC006338,Mykul.457,Dalmatians,Puppy Paradise,Solar,61.3,811,53,0.645,0.66,35,18,18774,10870,7904,44,37,61,157,28.0%,353.6,204.7,148.9,0.83,0.7,1.15,2.96,354.2,205.1,149.1,0.83,0.7,1.15,2.96,147,100,2.77,1.88,2.77,1.89
Rival,RSC006434,Zaya,Mozza Marauders,Italian Battalion,Lunar,60.7,779,50,0.518,0.5,25,25,18673,10650,8023,45,38,59,130,34.6%,366.1,208.8,157.3,0.88,0.75,1.16,2.55,373.5,213.0,160.5,0.9,0.76,1.18,2.6,134,128,2.63,2.51,2.68,2.56
Rival,RSC004474,Solar,Polar Bears,The Bear Den,Lunar,60.5,718,46,0.584,0.674,31,15,17587,10320,7267,51,25,54,127,40.2%,374.1,219.5,154.6,1.08,0.53,1.15,2.7,382.3,224.3,158.0,1.11,0.54,1.17,2.76,137,111,2.91,2.36,2.98,2.41
Rival,RSC004663,Satella.,Chromium,Metal,Solar,60.1,826,55,0.494,0.473,26,29,20808,11220,9588,48,31,71,132,36.4%,384.8,207.5,177.3,0.89,0.57,1.31,2.44,378.3,204.0,174.3,0.87,0.56,1.29,2.4,124,126,2.29,2.33,2.25,2.29
Rival,RSC005555,Ivighost,Phantoms,The Monster Mash,Lunar,60.0,723,48,0.416,0.417,20,28,17393,9860,7533,32,34,75,121,26.4%,367.4,208.3,159.1,0.68,0.72,1.58,2.56,362.4,205.4,156.9,0.67,0.71,1.56,2.52,105,130,2.22,2.75,2.19,2.71
Rival,RSC005518,Going_Steddy,"Ocelots
Lu-Kthu","The Jungle
The Mythos",Solar,59.8,623,38,0.447,0.5,19,19,15705,8910,6795,36,16,68,111,32.4%,385.0,218.4,166.6,0.88,0.39,1.67,2.72,413.3,234.5,178.8,0.95,0.42,1.79,2.92,88,101,2.16,2.48,2.32,2.66
Rival,RSC001966,Fynnatic,Dalmatians,Puppy Paradise,Solar,59.3,961,62,0.64,0.661,41,21,21955,12930,9025,54,46,69,178,30.3%,349.0,205.5,143.4,0.86,0.73,1.1,2.83,354.1,208.5,145.6,0.87,0.74,1.11,2.87,175,121,2.78,1.92,2.82,1.95
Rival,RSC004872,Justlaben,Mozza Marauders,Italian Battalion,Lunar,57.9,877,54,0.535,0.519,28,26,21163,12300,8863,50,35,82,145,34.5%,368.6,214.2,154.4,0.87,0.61,1.43,2.53,391.9,227.8,164.1,0.93,0.65,1.52,2.69,158,145,2.75,2.53,2.93,2.69
Rival,RSC005316,Modoz,Wyrm,Draconem,Solar,57.7,966,61,0.514,0.492,30,31,24422,13540,10882,58,26,97,159,36.5%,386.2,214.1,172.1,0.92,0.41,1.53,2.51,400.4,222.0,178.4,0.95,0.43,1.59,2.61,136,131,2.15,2.07,2.23,2.15
Rival,RSC004385,Braybaum02,"Polaris
Longhorns","The Cosmos
Ox Gaming",Solar,57.3,843,56,0.416,0.446,25,31,19851,11050,8801,40,34,77,150,26.7%,359.7,200.2,159.5,0.72,0.62,1.4,2.72,354.5,197.3,157.2,0.71,0.61,1.38,2.68,126,156,2.28,2.83,2.25,2.79
Rival,RSC006098,Ryo <3,Lu-Kthu,The Mythos,Lunar,57.0,192,13,0.46,0.385,5,8,4654,2850,1804,8,8,27,30,26.7%,370.2,226.7,143.5,0.64,0.64,2.15,2.39,358.0,219.2,138.8,0.62,0.62,2.08,2.31,28,31,2.23,2.47,2.15,2.38
Rival,RSC005256,Viiiccc,Carrots,The Garden,Solar,56.5,656,44,0.537,0.636,28,16,16258,8800,7458,30,25,71,100,30.0%,378.5,204.9,173.6,0.7,0.58,1.65,2.33,369.5,200.0,169.5,0.68,0.57,1.61,2.27,98,89,2.28,2.07,2.23,2.02
Rival,RSC006188,Billy_Man_Fi3H,Lu-Kthu,The Mythos,Lunar,55.9,762,50,0.548,0.54,27,23,18675,10370,8305,39,29,77,117,33.3%,374.3,207.9,166.5,0.78,0.58,1.54,2.35,373.5,207.4,166.1,0.78,0.58,1.54,2.34,118,104,2.37,2.08,2.36,2.08
Rival,RSC006388,Paullyng1,Scorpius,The Nexus,Solar,55.7,744,50,0.399,0.32,16,34,17931,10200,7731,40,28,72,120,33.3%,368.1,209.4,158.7,0.82,0.57,1.48,2.46,358.6,204.0,154.6,0.8,0.56,1.44,2.4,105,136,2.16,2.79,2.1,2.72
Rival,RSC005709,1Ssh1,Anubis,The Gods,Lunar,55.4,786,50,0.513,0.52,26,24,18735,11130,7605,48,24,75,138,34.8%,364.1,216.3,147.8,0.93,0.47,1.46,2.68,374.7,222.6,152.1,0.96,0.48,1.5,2.76,119,115,2.31,2.23,2.38,2.3
Rival,RSC005328,Wendeezfofofo,Carrots,The Garden,Solar,55.3,818,55,0.567,0.618,34,21,19710,11940,7770,51,27,83,134,38.1%,368.0,222.9,145.1,0.95,0.5,1.55,2.5,358.4,217.1,141.3,0.93,0.49,1.51,2.44,131,110,2.45,2.05,2.38,2.0
Rival,RSC005300,Riko,Hot Wings,Fifty-Fifty Pizzeria,Lunar,54.8,509,33,0.5,0.485,16,17,12070,7430,4640,30,16,55,88,34.1%,362.2,223.0,139.2,0.9,0.48,1.65,2.64,365.8,225.2,140.6,0.91,0.48,1.67,2.67,86,86,2.58,2.58,2.61,2.61
Rival,RSC006278,Dribblingpenguin,Radiant,Energy,Lunar,54.4,682,47,0.297,0.298,14,33,16796,9040,7756,36,15,70,119,30.3%,376.2,202.5,173.7,0.81,0.34,1.57,2.67,357.4,192.3,165.0,0.77,0.32,1.49,2.53,80,138,1.79,3.09,1.7,2.94
Rival,RSC006300,Rudeboipyro,Quads,The Quad Dynasty,Lunar,54.3,896,60,0.503,0.517,31,29,21766,12090,9676,52,26,82,149,34.9%,371.0,206.1,164.9,0.89,0.44,1.4,2.54,362.8,201.5,161.3,0.87,0.43,1.37,2.48,139,138,2.37,2.35,2.32,2.3
Rival,RSC003964,Drewski Rl,Anubis,The Gods,Lunar,53.1,738,47,0.486,0.468,22,25,17499,9620,7879,34,31,71,112,30.4%,362.2,199.1,163.1,0.7,0.64,1.47,2.32,372.3,204.7,167.6,0.72,0.66,1.51,2.38,109,113,2.26,2.34,2.32,2.4
Rival,RSC005263,Donyvan,Wyrm,Draconem,Solar,53.1,1005,64,0.524,0.5,32,32,23296,13170,10126,42,35,109,177,23.7%,354.1,200.2,153.9,0.64,0.53,1.66,2.69,364.0,205.8,158.2,0.66,0.55,1.7,2.77,144,135,2.19,2.05,2.25,2.11
Rival,RSC004850,Onepopshop88,Polar Ice,Minty Fresh,Solar,53.0,725,48,0.62,0.667,32,16,16317,9780,6537,43,26,57,133,32.3%,343.8,206.0,137.7,0.91,0.55,1.2,2.8,339.9,203.8,136.2,0.9,0.54,1.19,2.77,120,87,2.53,1.83,2.5,1.81
Rival,RSC005939,Dinger936,Lu-Kthu,The Mythos,Lunar,52.8,692,45,0.508,0.511,23,22,16103,8640,7463,29,25,66,119,24.4%,355.4,190.7,164.7,0.64,0.55,1.46,2.63,357.8,192.0,165.8,0.64,0.56,1.47,2.64,97,95,2.14,2.1,2.16,2.11
Rival,RSC005960,Hyper,Chromium,Metal,Solar,52.6,815,53,0.482,0.472,25,28,18330,10570,7760,39,34,71,142,27.5%,343.5,198.1,145.4,0.73,0.64,1.33,2.66,345.8,199.4,146.4,0.74,0.64,1.34,2.68,126,132,2.36,2.47,2.38,2.49
Rival,RSC006290,Dandemko,Ocelots,The Jungle,Solar,52.5,55,3,0.289,0.333,1,2,1296,660,636,2,1,6,11,18.2%,359.9,183.3,176.6,0.56,0.28,1.67,3.05,432.0,220.0,212.0,0.67,0.33,2.0,3.67,3,6,0.83,1.67,1.0,2.0
Rival,RSC006069,Poopsoup,Blizzards,Storm,Solar,52.3,929,57,0.5,0.544,31,26,21057,11720,9337,44,34,79,167,26.3%,346.2,192.7,153.5,0.72,0.56,1.3,2.75,369.4,205.6,163.8,0.77,0.6,1.39,2.93,140,140,2.3,2.3,2.46,2.46
Rival,RSC000291,Suckiest Sucker,Wolf Spiders,Eight Legged Freaks,Lunar,51.9,528,35,0.384,0.314,11,24,12503,7160,5343,32,19,44,81,39.5%,361.7,207.1,154.6,0.93,0.55,1.27,2.34,357.2,204.6,152.7,0.91,0.54,1.26,2.31,76,102,2.2,2.95,2.17,2.91
Rival,RSC006013,Mummifiedraptor,"Swiss Swindlers
Blizzards","Cheese Guild
Storm",Lunar,51.2,514,32,0.383,0.375,12,20,11509,7060,4449,29,13,50,101,28.7%,342.0,209.8,132.2,0.86,0.39,1.49,3.0,359.7,220.6,139.0,0.91,0.41,1.56,3.16,63,86,1.87,2.56,1.97,2.69
Rival,RSC000782,Hudx,Longhorns,Ox Gaming,Solar,50.9,68,4,0.33,0.25,1,3,1509,930,579,4,2,6,13,30.8%,338.9,208.9,130.1,0.9,0.45,1.35,2.92,377.3,232.5,144.8,1.0,0.5,1.5,3.25,9,14,2.02,3.14,2.25,3.5
Rival,RSC002988,Pwapp,Werewolves,The Forest,Solar,50.0,508,33,0.577,0.636,21,12,10736,6740,3996,26,22,42,94,27.7%,322.8,202.7,120.1,0.78,0.66,1.26,2.83,325.3,204.2,121.1,0.79,0.67,1.27,2.85,90,74,2.71,2.22,2.73,2.24
Rival,RSC001893,Cjax,Longhorns,Ox Gaming,Solar,49.7,786,52,0.383,0.365,19,33,18265,10270,7995,45,25,65,127,35.4%,354.9,199.6,155.4,0.87,0.49,1.26,2.47,351.3,197.5,153.8,0.87,0.48,1.25,2.44,117,157,2.27,3.05,2.25,3.02
Rival,RSC006174,I Like Bananas,"Cursed
Wind
Scorpius","Destined
The Elements
The Nexus",Solar,49.1,359,21,0.427,0.333,7,14,8149,4990,3159,24,9,30,64,37.5%,346.7,212.3,134.4,1.02,0.38,1.28,2.72,388.0,237.6,150.4,1.14,0.43,1.43,3.05,47,57,2.0,2.43,2.24,2.71
Rival,RSC004407,Rootbear,Swiss Swindlers,Cheese Guild,Lunar,48.8,638,42,0.43,0.381,16,26,14217,7340,6877,27,22,48,114,23.7%,340.4,175.7,164.6,0.65,0.53,1.15,2.73,338.5,174.8,163.7,0.64,0.52,1.14,2.71,85,102,2.03,2.44,2.02,2.43
Rival,RSC001074,Sabre,Werewolves,The Forest,Solar,48.5,956,62,0.584,0.661,41,21,21315,12470,8845,55,36,72,157,35.0%,340.5,199.2,141.3,0.88,0.58,1.15,2.51,343.8,201.1,142.7,0.89,0.58,1.16,2.53,172,139,2.75,2.22,2.77,2.24
Rival,RSC002736,Chulainn,Wind,The Elements,Solar,48.4,153,11,0.517,0.455,5,6,3325,1870,1455,7,6,12,27,25.9%,331.9,186.7,145.3,0.7,0.6,1.2,2.7,302.3,170.0,132.3,0.64,0.55,1.09,2.45,23,22,2.3,2.2,2.09,2.0
Rival,RSC002736,Chulainn,Wind,The Elements,Solar,48.4,153,11,0.517,0.455,5,6,3325,1870,1455,7,6,12,27,25.9%,331.9,186.7,145.3,0.7,0.6,1.2,2.7,302.3,170.0,132.3,0.64,0.55,1.09,2.45,23,22,2.3,2.2,2.09,2.0
Rival,RSC005491,Jackowanou,Torte Reform,The Bakery,Solar,48.1,142,9,0.578,0.444,4,5,2802,1650,1152,7,6,7,30,23.3%,301.4,177.5,123.9,0.75,0.65,0.75,3.23,311.3,183.3,128.0,0.78,0.67,0.78,3.33,21,17,2.26,1.83,2.33,1.89
Rival,RSC003094,Galvarino,Polar Bears,The Bear Den,Lunar,48.0,974,64,0.549,0.609,39,25,21145,12100,9045,46,49,71,150,30.7%,331.6,189.7,141.8,0.72,0.77,1.11,2.35,330.4,189.1,141.3,0.72,0.77,1.11,2.34,173,153,2.71,2.4,2.7,2.39
Rival,RSC005966,Drips,Necrotic Nerds,Ghoul School,Solar,47.9,944,64,0.318,0.281,18,46,22282,11800,10482,39,28,101,145,26.9%,360.5,190.9,169.6,0.63,0.45,1.63,2.35,348.2,184.4,163.8,0.61,0.44,1.58,2.27,111,181,1.8,2.93,1.73,2.83
Rival,RSC004220,Logixaal,Carrots,The Garden,Solar,46.7,566,39,0.611,0.641,25,14,13267,7780,5487,36,16,51,83,43.4%,358.0,210.0,148.1,0.97,0.43,1.38,2.24,340.2,199.5,140.7,0.92,0.41,1.31,2.13,94,70,2.54,1.89,2.41,1.79
Rival,RSC003387,Redline,Necrotic Nerds,Ghoul School,Solar,46.7,604,41,0.355,0.317,13,28,13809,7440,6369,30,20,50,94,31.9%,349.2,188.1,161.1,0.76,0.51,1.26,2.38,336.8,181.5,155.3,0.73,0.49,1.22,2.29,81,118,2.05,2.98,1.98,2.88
Rival,RSC002931,Reeky,Lacuna,Event Horizon,Solar,46.6,834,52,0.435,0.442,23,29,19747,10650,9097,32,20,103,130,24.6%,361.6,195.0,166.6,0.59,0.37,1.89,2.38,379.8,204.8,174.9,0.62,0.38,1.98,2.5,98,117,1.79,2.14,1.88,2.25
Rival,RSC004791,Decky.,Polaris,The Cosmos,Lunar,45.9,884,60,0.62,0.667,40,20,18376,10450,7926,43,39,53,155,27.7%,317.5,180.6,136.9,0.74,0.67,0.92,2.68,306.3,174.2,132.1,0.72,0.65,0.88,2.58,166,122,2.87,2.11,2.77,2.03
Rival,RSC006289,Saynova,Ruthless Racket,The Syndicate,Lunar,45.8,627,40,0.416,0.425,17,23,14008,7930,6078,27,20,64,103,26.2%,341.2,193.2,148.1,0.66,0.49,1.56,2.51,350.2,198.3,152.0,0.68,0.5,1.6,2.58,87,108,2.12,2.63,2.18,2.7
Rival,RSC006101,Vikha.,Quads,The Quad Dynasty,Lunar,45.7,771,51,0.487,0.471,24,27,17024,9920,7104,46,25,56,127,36.2%,337.3,196.5,140.7,0.91,0.5,1.11,2.52,333.8,194.5,139.3,0.9,0.49,1.1,2.49,117,121,2.32,2.4,2.29,2.37
Rival,RSC005885,Neutrino,Polaris,The Cosmos,Lunar,45.7,219,15,0.583,0.667,10,5,4669,2920,1749,13,11,15,32,40.6%,325.6,203.7,122.0,0.91,0.77,1.05,2.23,311.3,194.7,116.6,0.87,0.73,1.0,2.13,43,35,3.0,2.44,2.87,2.33
Rival,RSC004405,Datdude0623,"Scorpius
Lu-Kthu","The Nexus
The Mythos",Solar,44.9,277,20,0.509,0.45,9,11,6053,3290,2763,13,8,22,49,26.5%,333.8,181.4,152.4,0.72,0.44,1.21,2.7,302.7,164.5,138.2,0.65,0.4,1.1,2.45,45,44,2.48,2.43,2.25,2.2
Rival,RSC002228,Funke,Phantoms,The Monster Mash,Lunar,44.5,652,45,0.37,0.333,15,30,14749,8540,6209,37,17,59,104,35.6%,345.5,200.1,145.5,0.87,0.4,1.38,2.44,327.8,189.8,138.0,0.82,0.38,1.31,2.31,91,127,2.13,2.98,2.02,2.82
Rival,RSC002960,King,Vikings,The Sovereign,Lunar,43.7,882,56,0.589,0.571,32,24,18790,10600,8190,40,34,69,145,27.6%,325.4,183.6,141.8,0.69,0.59,1.19,2.51,335.5,189.3,146.3,0.71,0.61,1.23,2.59,157,125,2.72,2.16,2.8,2.23
Rival,RSC002212,Yoshi,Bowheads,Whale Defense,Solar,43.7,551,37,0.352,0.27,10,27,12326,6500,5826,24,18,47,85,28.2%,341.7,180.2,161.5,0.67,0.5,1.3,2.36,333.1,175.7,157.5,0.65,0.49,1.27,2.3,66,98,1.83,2.72,1.78,2.65
Rival,RSC002980,Koach,Blizzards,Storm,Solar,43.6,500,31,0.584,0.645,20,11,9790,5520,4270,21,27,24,87,24.1%,299.1,168.6,130.4,0.64,0.82,0.73,2.66,315.8,178.1,137.7,0.68,0.87,0.77,2.81,81,65,2.47,1.99,2.61,2.1
Rival,RSC004670,Carnagewolfbite,Surge,Electric Mayhem,Lunar,43.6,888,59,0.523,0.525,31,28,19775,11570,8205,49,30,77,132,37.1%,340.1,199.0,141.1,0.84,0.52,1.32,2.27,335.2,196.1,139.1,0.83,0.51,1.31,2.24,138,130,2.37,2.24,2.34,2.2
Rival,RSC005238,Iamhoba,Anubis,The Gods,Lunar,43.2,384,25,0.399,0.28,7,18,8554,4920,3634,18,13,38,57,31.6%,340.2,195.7,144.5,0.72,0.52,1.51,2.27,342.2,196.8,145.4,0.72,0.52,1.52,2.28,54,70,2.15,2.78,2.16,2.8
Rival,RSC001868,Thunda Esq,Torte Reform,The Bakery,Solar,43.2,830,56,0.71,0.732,41,15,17804,10110,7694,41,32,62,131,31.3%,327.6,186.0,141.6,0.75,0.59,1.14,2.41,317.9,180.5,137.4,0.73,0.57,1.11,2.34,156,87,2.87,1.6,2.79,1.55
Rival,RSC003186,Xblaniac,"Mozza Marauders
Werewolves
Swiss Swindlers","Italian Battalion
The Forest
Cheese Guild",Lunar,43.1,606,38,0.492,0.447,17,21,12681,7350,5331,31,27,39,95,32.6%,319.6,185.3,134.4,0.78,0.68,0.98,2.39,333.7,193.4,140.3,0.82,0.71,1.03,2.5,96,98,2.42,2.47,2.53,2.58
Rival,RSC003697,Fluffy-Death,Vikings,The Sovereign,Lunar,42.9,362,23,0.534,0.609,14,9,7763,4500,3263,18,12,30,60,30.0%,327.5,189.9,137.7,0.76,0.51,1.27,2.53,337.5,195.7,141.9,0.78,0.52,1.3,2.61,61,56,2.57,2.36,2.65,2.43
Rival,RSC006089,Zeropop11,Wind,The Elements,Solar,42.7,900,60,0.615,0.6,36,24,19503,10680,8823,37,32,79,143,25.9%,331.0,181.3,149.7,0.63,0.54,1.34,2.43,325.1,178.0,147.1,0.62,0.53,1.32,2.38,143,105,2.43,1.78,2.38,1.75
Rival,RSC005942,Washed Aj.,Wyrm,Draconem,Solar,42.4,325,22,0.576,0.545,12,10,6815,3720,3095,14,11,24,57,24.6%,320.3,174.8,145.5,0.66,0.52,1.13,2.68,309.8,169.1,140.7,0.64,0.5,1.09,2.59,49,40,2.3,1.88,2.23,1.82
Rival,RSC006086,Itsbooktv,Hot Wings,Fifty-Fifty Pizzeria,Lunar,41.7,686,45,0.58,0.644,29,16,14814,8240,6574,36,25,47,104,34.6%,329.8,183.5,146.4,0.8,0.56,1.05,2.32,329.2,183.1,146.1,0.8,0.56,1.04,2.31,118,96,2.63,2.14,2.62,2.13
Rival,RSC005691,Dr.Ukulele,Surge,Electric Mayhem,Lunar,41.5,379,24,0.472,0.458,11,13,8163,4850,3313,20,12,33,60,33.3%,329.0,195.5,133.5,0.81,0.48,1.33,2.42,340.1,202.1,138.0,0.83,0.5,1.38,2.5,53,57,2.14,2.3,2.21,2.38
Rival,RSC005944,Heaaavy,Swiss Swindlers,Cheese Guild,Lunar,41.1,623,41,0.363,0.268,11,30,13095,7090,6005,31,13,43,119,26.1%,321.0,173.8,147.2,0.76,0.32,1.05,2.92,319.4,172.9,146.5,0.76,0.32,1.05,2.9,81,116,1.99,2.84,1.98,2.83
Rival,RSC005703,Shoddywolfman-,Lu-Kthu,The Mythos,Lunar,41.1,875,58,0.512,0.517,30,28,19249,10930,8319,48,20,74,143,33.6%,336.0,190.8,145.2,0.84,0.35,1.29,2.5,331.9,188.4,143.4,0.83,0.34,1.28,2.47,128,124,2.23,2.16,2.21,2.14
Rival,RSC005692,Hisen,Phantoms,The Monster Mash,Lunar,40.6,701,48,0.373,0.375,18,30,15678,8610,7068,34,23,62,96,35.4%,341.6,187.6,154.0,0.74,0.5,1.35,2.09,326.6,179.4,147.3,0.71,0.48,1.29,2.0,95,132,2.07,2.88,1.98,2.75
Rival,RSC005314,Daggumbigfoot,Carrots,The Garden,Solar,40.3,582,38,0.561,0.684,26,12,11803,7010,4793,23,24,51,96,24.0%,309.8,184.0,125.8,0.6,0.63,1.34,2.52,310.6,184.5,126.1,0.61,0.63,1.34,2.53,96,82,2.52,2.15,2.53,2.16
Rival,RSC004415,Pat,Swiss Swindlers,Cheese Guild,Lunar,40.3,606,41,0.419,0.366,15,26,13323,6810,6513,22,22,53,86,25.6%,335.8,171.6,164.2,0.55,0.55,1.34,2.17,325.0,166.1,158.9,0.54,0.54,1.29,2.1,80,99,2.02,2.5,1.95,2.41
Rival,RSC000724,Dunnie14,Scorpius,The Nexus,Solar,39.4,769,52,0.365,0.288,15,37,16628,8550,8078,30,26,62,115,26.1%,330.3,169.8,160.4,0.6,0.52,1.23,2.28,319.8,164.4,155.3,0.58,0.5,1.19,2.21,99,141,1.97,2.8,1.9,2.71
Rival,RSC000039,Impalerv,"Surge
Hot Wings","Electric Mayhem
Fifty-Fifty Pizzeria",Lunar,39.4,785,53,0.5,0.528,28,25,15962,8780,7182,32,29,56,133,24.1%,310.6,170.8,139.7,0.62,0.56,1.09,2.59,301.2,165.7,135.5,0.6,0.55,1.06,2.51,121,121,2.35,2.35,2.28,2.28
Rival,RSC003142,Fishkiller,Blizzards,Storm,Solar,39.0,621,38,0.508,0.553,21,17,12869,7630,5239,34,19,45,103,33.0%,316.5,187.7,128.9,0.84,0.47,1.11,2.53,338.7,200.8,137.9,0.89,0.5,1.18,2.71,99,97,2.43,2.39,2.61,2.55
Rival,RSC005922,Jean_Christ,"Ruthless Racket
Wind","The Syndicate
The Elements",Lunar,38.9,18,1,0.649,1.0,1,0,286,190,96,1,1,0,4,25.0%,242.7,161.2,81.5,0.85,0.85,0.0,3.39,286.0,190.0,96.0,1.0,1.0,0.0,4.0,3,2,2.55,1.7,3.0,2.0
Rival,RSC004365,Mattixbigs,Wolf Spiders,Eight Legged Freaks,Lunar,37.2,547,37,0.248,0.189,7,30,11938,6170,5768,13,20,63,72,18.1%,333.3,172.3,161.1,0.36,0.56,1.76,2.01,322.6,166.8,155.9,0.35,0.54,1.7,1.95,56,114,1.56,3.18,1.51,3.08
Rival,RSC005404,Pooka2854,Bowheads,Whale Defense,Solar,36.7,718,49,0.321,0.286,14,35,15501,9070,6431,38,17,67,107,35.5%,329.8,192.9,136.8,0.81,0.36,1.43,2.28,316.3,185.1,131.2,0.78,0.35,1.37,2.18,89,143,1.89,3.04,1.82,2.92
Rival,RSC002609,Shewasntready,Bowheads,Whale Defense,Solar,36.6,671,46,0.366,0.304,14,32,13918,7030,6888,23,21,52,108,21.3%,316.8,160.0,156.8,0.52,0.48,1.18,2.46,302.6,152.8,149.7,0.5,0.46,1.13,2.35,89,126,2.03,2.87,1.93,2.74
Rival,RSC000828,Mattviaairwaves,Polar Ice,Minty Fresh,Solar,36.5,478,31,0.577,0.581,18,13,9790,5100,4690,21,14,30,80,26.3%,312.8,163.0,149.9,0.67,0.45,0.96,2.56,315.8,164.5,151.3,0.68,0.45,0.97,2.58,84,69,2.68,2.2,2.71,2.23
Rival,RSC002572,Gote,Phantoms,The Monster Mash,Lunar,35.9,683,47,0.379,0.34,16,31,14001,7300,6701,24,27,51,100,24.0%,313.1,163.3,149.9,0.54,0.6,1.14,2.24,297.9,155.3,142.6,0.51,0.57,1.09,2.13,92,126,2.06,2.82,1.96,2.68
Rival,RSC001358,Cob,"Chromium
Cursed","Metal
Destined",Solar,35.3,895,56,0.491,0.464,26,30,18524,10870,7654,43,26,78,137,31.4%,316.1,185.5,130.6,0.73,0.44,1.33,2.34,330.8,194.1,136.7,0.77,0.46,1.39,2.45,134,137,2.29,2.34,2.39,2.45
Rival,RSC006078,Crimed0Ge,Fangtooths,The Abyss,Lunar,35.3,789,55,0.636,0.636,35,20,16526,9270,7256,36,26,65,112,32.1%,319.9,179.5,140.5,0.7,0.5,1.26,2.17,300.5,168.5,131.9,0.65,0.47,1.18,2.04,130,90,2.52,1.74,2.36,1.64
Rival,RSC004600,Curlz.Rl,"Wyrm
Quads","Draconem
The Quad Dynasty",Lunar,35.0,842,54,0.522,0.5,27,27,17288,9180,8108,36,25,60,133,27.1%,313.6,166.5,147.1,0.65,0.45,1.09,2.41,320.1,170.0,150.1,0.67,0.46,1.11,2.46,129,122,2.34,2.21,2.39,2.26
Rival,RSC005677,Z2Kay,Ocelots,The Jungle,Solar,34.7,1042,61,0.445,0.443,27,34,21496,12020,9476,39,38,95,147,26.5%,315.1,176.2,138.9,0.57,0.56,1.39,2.15,352.4,197.0,155.3,0.64,0.62,1.56,2.41,142,164,2.08,2.4,2.33,2.69
Rival,RSC001066,Am,"Longhorns
Wolf Spiders","Ox Gaming
Eight Legged Freaks",Lunar,34.2,346,25,0.382,0.4,10,15,7570,4020,3550,17,8,29,47,36.2%,334.2,177.5,156.7,0.75,0.35,1.28,2.07,302.8,160.8,142.0,0.68,0.32,1.16,1.88,48,65,2.12,2.87,1.92,2.6
Rival,RSC005959,The Chef!,Chromium,Metal,Solar,34.1,342,24,0.364,0.333,8,16,7454,3940,3514,14,7,34,49,28.6%,332.9,176.0,156.9,0.63,0.31,1.52,2.19,310.6,164.2,146.4,0.58,0.29,1.42,2.04,41,59,1.83,2.63,1.71,2.46
Rival,RSC004283,Tragic Event,Longhorns,Ox Gaming,Solar,33.7,321,21,0.493,0.524,11,10,6521,3600,2921,18,9,17,50,36.0%,310.3,171.3,139.0,0.86,0.43,0.81,2.38,310.5,171.4,139.1,0.86,0.43,0.81,2.38,56,57,2.66,2.71,2.67,2.71
Rival,RSC005660,Brain,Ocelots,The Jungle,Solar,33.5,764,47,0.453,0.447,21,26,15564,9140,6424,40,20,59,119,33.6%,311.2,182.7,128.4,0.8,0.4,1.18,2.38,331.1,194.5,136.7,0.85,0.43,1.26,2.53,107,121,2.14,2.42,2.28,2.57
Rival,RSC004859,Theonlycrow2929,Swiss Swindlers,Cheese Guild,Lunar,32.6,99,6,0.196,0.167,1,5,2126,1270,856,4,3,12,12,33.3%,328.0,195.9,132.1,0.62,0.46,1.85,1.85,354.3,211.7,142.7,0.67,0.5,2.0,2.0,10,24,1.54,3.7,1.67,4.0
Rival,RSC005611,Bigchebbz,Dalmatians,Puppy Paradise,Solar,32.5,234,15,0.551,0.467,7,8,4584,2930,1654,12,12,17,28,42.9%,299.2,191.3,108.0,0.78,0.78,1.11,1.83,305.6,195.3,110.3,0.8,0.8,1.13,1.87,41,36,2.68,2.35,2.73,2.4
Rival,RSC000172,Bill Nye The Cat Guy,Ocelots,The Jungle,Solar,32.4,78,5,0.364,0.4,2,3,1598,870,728,3,2,7,12,25.0%,312.9,170.4,142.6,0.59,0.39,1.37,2.35,319.6,174.0,145.6,0.6,0.4,1.4,2.4,9,13,1.76,2.55,1.8,2.6
Rival,RSC005507,T Sant,Ruthless Racket,The Syndicate,Lunar,31.6,616,41,0.357,0.317,13,28,12583,6380,6203,21,25,45,78,26.9%,312.0,158.2,153.8,0.52,0.62,1.12,1.93,306.9,155.6,151.3,0.51,0.61,1.1,1.9,76,111,1.88,2.75,1.85,2.71
Rival,RSC001002,Zar235,Longhorns,Ox Gaming,Solar,31.5,395,25,0.407,0.36,9,16,8256,4680,3576,17,11,38,53,32.1%,319.2,181.0,138.3,0.66,0.43,1.47,2.05,330.2,187.2,143.0,0.68,0.44,1.52,2.12,61,77,2.36,2.98,2.44,3.08
Rival,RSC003897,Halfiehour,Wolf Spiders,Eight Legged Freaks,Lunar,31.2,738,50,0.274,0.22,11,39,14899,8540,6359,31,18,68,114,27.2%,308.4,176.7,131.6,0.64,0.37,1.41,2.36,298.0,170.8,127.2,0.62,0.36,1.36,2.28,87,160,1.8,3.31,1.74,3.2
Rival,RSC000663,Drprofessornoah,Fangtooths,The Abyss,Lunar,28.6,484,33,0.565,0.576,19,14,9578,5450,4128,25,13,32,70,35.7%,302.3,172.0,130.3,0.79,0.41,1.01,2.21,290.2,165.2,125.1,0.76,0.39,0.97,2.12,77,65,2.43,2.05,2.33,1.97
Rival,RSC000967,Tr1Ppn,Longhorns,Ox Gaming,Solar,28.5,248,17,0.366,0.353,6,11,4918,2880,2038,12,8,19,33,36.4%,302.9,177.4,125.5,0.74,0.49,1.17,2.03,289.3,169.4,119.9,0.71,0.47,1.12,1.94,34,48,2.09,2.96,2.0,2.82
Rival,RSC002010,Heca,Radiant,Energy,Lunar,27.9,581,40,0.243,0.2,8,32,11736,5680,6056,17,15,48,83,20.5%,308.5,149.3,159.2,0.45,0.39,1.26,2.18,293.4,142.0,151.4,0.43,0.38,1.2,2.08,62,127,1.63,3.34,1.55,3.18
Rival,RSC003900,Tryhard Goblin,Chromium,Metal,Solar,27.7,609,38,0.426,0.421,16,22,11818,6420,5398,25,14,45,97,25.8%,296.4,161.0,135.4,0.63,0.35,1.13,2.43,311.0,168.9,142.1,0.66,0.37,1.18,2.55,79,96,1.98,2.41,2.08,2.53
Rival,RSC000169,Momed09,"Carrots
Wolf Spiders","The Garden
Eight Legged Freaks",Solar,27.3,111,8,0.401,0.5,4,4,2197,1110,1087,4,3,8,16,25.0%,302.3,152.7,149.6,0.55,0.41,1.1,2.2,274.6,138.8,135.9,0.5,0.38,1.0,2.0,13,17,1.79,2.34,1.63,2.13
Rival,RSC002982,Ayochil1,Ruthless Racket,The Syndicate,Lunar,27.0,151,11,0.417,0.455,5,6,3152,1490,1662,5,1,14,24,20.8%,318.8,150.7,168.1,0.51,0.1,1.42,2.43,286.5,135.5,151.1,0.45,0.09,1.27,2.18,21,26,2.12,2.63,1.91,2.36
Rival,RSC006396,Phynr,Scorpius,The Nexus,Solar,26.8,641,44,0.372,0.341,15,29,13088,6440,6648,24,22,44,74,32.4%,311.9,153.5,158.4,0.57,0.52,1.05,1.76,297.5,146.4,151.1,0.55,0.5,1.0,1.68,87,121,2.07,2.88,1.98,2.75
Rival,RSC004857,Ttv_Nova_Ghostfy,Wyrm,Draconem,Solar,26.5,277,17,0.441,0.412,7,10,5052,2570,2482,11,8,12,47,23.4%,278.6,141.7,136.9,0.61,0.44,0.66,2.59,297.2,151.2,146.0,0.65,0.47,0.71,2.76,35,41,1.93,2.26,2.06,2.41
Rival,RSC006113,Aztk_,"Swiss Swindlers
Radiant
Blizzards","Cheese Guild
Energy
Storm",Lunar,25.9,293,18,0.354,0.333,6,12,5998,3350,2648,13,5,28,40,32.5%,312.7,174.6,138.0,0.68,0.26,1.46,2.09,333.2,186.1,147.1,0.72,0.28,1.56,2.22,36,53,1.88,2.76,2.0,2.94
Rival,RSC000685,Daturquoisorang,Necrotic Nerds,Ghoul School,Solar,25.5,729,50,0.312,0.28,14,36,14449,7450,6999,21,19,68,100,21.0%,302.7,156.1,146.6,0.44,0.4,1.42,2.1,289.0,149.0,140.0,0.42,0.38,1.36,2.0,83,138,1.74,2.89,1.66,2.76
Rival,RSC003411,Levibullrush,"Ruthless Racket
Scorpius","The Syndicate
The Nexus",Lunar,25.5,561,38,0.308,0.289,11,27,10329,5660,4669,22,18,34,86,25.6%,281.2,154.1,127.1,0.6,0.49,0.93,2.34,271.8,148.9,122.9,0.58,0.47,0.89,2.26,69,115,1.88,3.13,1.82,3.03
Rival,RSC003816,Anserem,Blizzards,Storm,Solar,24.3,150,8,0.521,0.5,4,4,2668,1410,1258,5,4,9,26,19.2%,271.7,143.6,128.1,0.51,0.41,0.92,2.65,333.5,176.3,157.3,0.63,0.5,1.13,3.25,18,17,1.83,1.73,2.25,2.13
Rival,RSC000426,Struttrl,Wolf Spiders,Eight Legged Freaks,Lunar,23.2,608,41,0.286,0.268,11,30,11762,6520,5242,22,18,53,77,28.6%,295.5,163.8,131.7,0.55,0.45,1.33,1.93,286.9,159.0,127.9,0.54,0.44,1.29,1.88,74,131,1.86,3.29,1.8,3.2
Rival,RSC005539,Sthen0 -_-,"Anubis
Cursed","The Gods
Destined",Lunar,21.8,860,52,0.482,0.5,26,26,15907,8800,7107,29,28,67,115,25.2%,282.5,156.3,126.2,0.52,0.5,1.19,2.04,305.9,169.2,136.7,0.56,0.54,1.29,2.21,127,133,2.26,2.36,2.44,2.56
Rival,RSC003109,Kflip11,"Torte Reform
Cursed
Mozza Marauders","The Bakery
Destined
Italian Battalion",Lunar,20.1,428,27,0.438,0.407,11,16,7761,4410,3351,21,11,23,61,34.4%,277.0,157.4,119.6,0.75,0.39,0.82,2.18,287.4,163.3,124.1,0.78,0.41,0.85,2.26,74,86,2.64,3.07,2.74,3.19
Rival,RSC000564,Treedreams,"Necrotic Nerds
Ocelots","Ghoul School
The Jungle",Solar,20.0,762,45,0.37,0.333,15,30,13672,7430,6242,23,26,56,103,22.3%,274.1,148.9,125.1,0.46,0.52,1.12,2.06,303.8,165.1,138.7,0.51,0.58,1.24,2.29,92,130,1.84,2.61,2.04,2.89
Rival,RSC001997,Bioeffect,Radiant,Energy,Lunar,19.7,646,44,0.241,0.227,10,34,11952,5810,6142,20,19,40,86,23.3%,282.6,137.4,145.2,0.47,0.45,0.95,2.03,271.6,132.0,139.6,0.45,0.43,0.91,1.95,67,139,1.58,3.29,1.52,3.16
Rival,RSC006291,Skywater,Surge,Electric Mayhem,Lunar,19.0,70,5,0.28,0.0,0,5,1280,630,650,0,3,8,8,0.0%,279.3,137.5,141.8,0.0,0.65,1.75,1.75,256.0,126.0,130.0,0.0,0.6,1.6,1.6,7,13,1.53,2.84,1.4,2.6
Rival,RSC006366,Scramble,Bowheads,Whale Defense,Solar,18.6,528,36,0.263,0.25,9,27,9467,4750,4717,14,15,37,75,18.7%,273.9,137.4,136.5,0.4,0.43,1.07,2.17,263.0,131.9,131.0,0.39,0.42,1.03,2.08,59,113,1.71,3.27,1.64,3.14
Rival,RSC002662,Xlmlt,Radiant,Energy,Lunar,15.2,502,35,0.29,0.257,9,26,9380,5150,4230,18,13,43,55,32.7%,285.4,156.7,128.7,0.55,0.4,1.31,1.67,268.0,147.1,120.9,0.51,0.37,1.23,1.57,61,107,1.86,3.26,1.74,3.06
Rival,RSC004614,Bad_Example,"Ruthless Racket
Swiss Swindlers","The Syndicate
Cheese Guild",Lunar,15.0,73,4,0.333,0.5,2,2,1417,670,747,2,2,6,7,28.6%,296.5,140.2,156.3,0.42,0.42,1.26,1.46,354.3,167.5,186.8,0.5,0.5,1.5,1.75,9,14,1.88,2.93,2.25,3.5
Rival,RSC000420,Pumpkant,Quads,The Quad Dynasty,Lunar,13.4,247,16,0.5,0.438,7,9,4300,2120,2180,5,7,19,32,15.6%,265.9,131.1,134.8,0.31,0.43,1.17,1.98,268.8,132.5,136.3,0.31,0.44,1.19,2.0,39,39,2.41,2.41,2.44,2.44
Rival,RSC006211,Chase,Lacuna,Event Horizon,Solar,10.5,525,34,0.331,0.324,11,23,8507,4550,3957,17,8,32,85,20.0%,247.5,132.4,115.1,0.49,0.23,0.93,2.47,250.2,133.8,116.4,0.5,0.24,0.94,2.5,58,92,1.69,2.68,1.71,2.71
Rival,RSC006211,Chase,Lacuna,Event Horizon,Solar,10.5,525,34,0.331,0.324,11,23,8507,4550,3957,17,8,32,85,20.0%,247.5,132.4,115.1,0.49,0.23,0.93,2.47,250.2,133.8,116.4,0.5,0.24,0.94,2.5,58,92,1.69,2.68,1.71,2.71
Rival,RSC004388,Bobbo174,Polar Bears,The Bear Den,Lunar,8.7,307,22,0.525,0.545,12,10,5523,2840,2683,15,5,15,34,44.1%,274.8,141.3,133.5,0.75,0.25,0.75,1.69,251.0,129.1,122.0,0.68,0.23,0.68,1.55,49,46,2.44,2.29,2.23,2.09
Rival,RSC004255,Avgjohnson,Lacuna,Event Horizon,Solar,8.3,824,54,0.397,0.37,20,34,14488,7630,6858,25,14,69,98,25.5%,268.6,141.4,127.1,0.46,0.26,1.28,1.82,268.3,141.3,127.0,0.46,0.26,1.28,1.81,92,122,1.71,2.26,1.7,2.26
Rival,RSC005428,Zachs Vibes,Bowheads,Whale Defense,Solar,7.7,195,14,0.204,0.214,3,11,3423,1930,1493,9,0,15,28,32.1%,268.1,151.2,116.9,0.7,0.0,1.17,2.19,244.5,137.9,106.6,0.64,0.0,1.07,2.0,24,54,1.88,4.23,1.71,3.86
Rival,RSC003320,Jojomojo13,Necrotic Nerds,Ghoul School,Solar,5.2,364,25,0.227,0.2,5,20,6599,3210,3389,13,5,26,36,36.1%,276.9,134.7,142.2,0.55,0.21,1.09,1.51,264.0,128.4,135.6,0.52,0.2,1.04,1.44,30,68,1.26,2.85,1.2,2.72
Rival,RSC006154,Nigel Thornbrake,Longhorns,Ox Gaming,Solar,5.1,252,16,0.338,0.375,6,10,4461,2130,2331,7,6,18,23,30.4%,270.4,129.1,141.3,0.42,0.36,1.09,1.39,278.8,133.1,145.7,0.44,0.38,1.13,1.44,35,53,2.12,3.21,2.19,3.31
Rival,RSC003118,Mysty,Radiant,Energy,Lunar,5.0,67,4,0.279,0.0,0,4,1020,570,450,1,3,5,7,14.3%,232.5,129.9,102.6,0.23,0.68,1.14,1.6,255.0,142.5,112.5,0.25,0.75,1.25,1.75,9,16,2.05,3.65,2.25,4.0
Rival,RSC003367,Osoghost,Cursed,Destined,Solar,4.7,290,19,0.591,0.474,9,10,4468,2600,1868,9,9,18,35,25.7%,235.3,136.9,98.4,0.47,0.47,0.95,1.84,235.2,136.8,98.3,0.47,0.47,0.95,1.84,47,37,2.48,1.95,2.47,1.95
Rival,RSC004922,Suxze,Phantoms,The Monster Mash,Lunar,0.0,61,4,0.1,0.0,0,4,1012,530,482,2,0,5,8,25.0%,253.4,132.7,120.7,0.5,0.0,1.25,2.0,253.0,132.5,120.5,0.5,0.0,1.25,2.0,4,16,1.0,4.01,1.0,4.0
Rival,RSC002836,Parkkid,Wyrm,Draconem,Solar,-41.8,25,2,0.732,1.0,2,0,300,110,190,0,0,2,1,0.0%,183.3,67.2,116.1,0.0,0.0,1.22,0.61,150.0,55.0,95.0,0.0,0.0,1.0,0.5,4,2,2.44,1.22,2.0,1.0
Rival,RSC004546,Squart,Hot Wings,Fifty-Fifty Pizzeria,Lunar,,0,0,,,0,0,0,0,0,0,0,0,0,,,,,,,,,,,,,,,,0,0,,,,
Prospect,RSC006192,Biscuitking18,Muenster Misfits,Cheese Guild,Lunar,94.5,738,51,0.605,0.647,33,18,21627,12840,8787,66,33,57,174,37.9%,419.9,249.3,170.6,1.28,0.64,1.11,3.38,424.1,251.8,172.3,1.29,0.65,1.12,3.41,144,110,2.8,2.14,2.82,2.16
Prospect,RSC005059,Techfour,Bokrug,The Mythos,Lunar,89.2,19,1,0.744,1.0,1,0,510,320,190,1,2,2,2,50.0%,384.6,241.3,143.3,0.75,1.51,1.51,1.51,510.0,320.0,190.0,1.0,2.0,2.0,2.0,4,2,3.02,1.51,4.0,2.0
Prospect,RSC003733,Sheluvstaco-_,Fruit Salad,Metal,Solar,87.3,393,25,0.545,0.52,13,12,11266,6790,4476,32,13,40,94,34.0%,410.8,247.6,163.2,1.17,0.47,1.46,3.43,450.6,271.6,179.0,1.28,0.52,1.6,3.76,63,56,2.3,2.04,2.52,2.24
Prospect,RSC005150,Galatiq,Pulse,Energy,Lunar,86.2,766,52,0.694,0.635,33,19,21310,12650,8660,59,33,67,175,33.7%,398.6,236.6,162.0,1.1,0.62,1.25,3.27,409.8,243.3,166.5,1.13,0.63,1.29,3.37,144,84,2.69,1.57,2.77,1.62
Prospect,RSC006031,Iamthemosthumble,Whisk-y Business,The Bakery,Solar,84.9,195,12,0.566,0.583,7,5,5897,3470,2427,19,4,19,42,45.2%,433.3,255.0,178.3,1.4,0.29,1.4,3.09,491.4,289.2,202.3,1.58,0.33,1.58,3.5,31,26,2.28,1.91,2.58,2.17
Prospect,RSC006393,Yadi Clears Me,Pepperoni Pizza,Fifty-Fifty Pizzeria,Lunar,84.5,186,12,0.611,0.583,7,5,4901,3190,1711,13,11,19,39,33.3%,377.6,245.8,131.8,1.0,0.85,1.46,3.0,408.4,265.8,142.6,1.08,0.92,1.58,3.25,36,27,2.77,2.08,3.0,2.25
Prospect,RSC005648,Chadgpt,Barbarians,The Sovereign,Lunar,77.1,725,50,0.514,0.52,26,24,19823,11460,8363,47,33,76,131,35.9%,391.8,226.5,165.3,0.93,0.65,1.5,2.59,396.5,229.2,167.3,0.94,0.66,1.52,2.62,115,111,2.27,2.19,2.3,2.22
Prospect,RSC006305,Airguitar,Pushwalkers,The Quad Dynasty,Lunar,75.5,496,35,0.471,0.514,18,17,13851,8120,5731,38,11,54,107,35.5%,400.2,234.6,165.6,1.1,0.32,1.56,3.09,395.7,232.0,163.7,1.09,0.31,1.54,3.06,78,84,2.25,2.43,2.23,2.4
Prospect,RSC003912,Stickisbad,Blobfish,The Abyss,Lunar,69.5,531,37,0.399,0.351,13,24,13981,7820,6161,29,22,58,92,31.5%,377.3,211.0,166.3,0.78,0.59,1.57,2.48,377.9,211.4,166.5,0.78,0.59,1.57,2.49,72,94,1.94,2.54,1.95,2.54
Prospect,RSC005475,Envii._.,"Tic Tacs
Pulse","Minty Fresh
Energy",Lunar,69.3,741,51,0.695,0.647,33,18,18684,10700,7984,48,35,56,135,35.6%,361.3,206.9,154.4,0.93,0.68,1.08,2.61,366.4,209.8,156.5,0.94,0.69,1.1,2.65,141,82,2.73,1.59,2.76,1.61
Prospect,RSC006128,Anth0Tex,Whisk-y Business,The Bakery,Solar,69.3,673,48,0.587,0.646,31,17,18087,9790,8297,40,16,72,139,28.8%,385.1,208.4,176.7,0.85,0.34,1.53,2.96,376.8,204.0,172.9,0.83,0.33,1.5,2.9,104,82,2.21,1.75,2.17,1.71
Prospect,RSC005455,Covi,Spaghetti Scouts,Italian Battalion,Lunar,68.2,628,44,0.508,0.455,20,24,16211,9010,7201,38,17,60,136,27.9%,369.9,205.6,164.3,0.87,0.39,1.37,3.1,368.4,204.8,163.7,0.86,0.39,1.36,3.09,91,89,2.08,2.03,2.07,2.02
Prospect,RSC006294,Paralysis_,Earth,The Elements,Solar,67.0,529,39,0.471,0.487,19,20,13551,7460,6091,37,13,39,116,31.9%,367.1,202.1,165.0,1.0,0.35,1.06,3.14,347.5,191.3,156.2,0.95,0.33,1.0,2.97,77,83,2.09,2.25,1.97,2.13
Prospect,RSC006109,Thatbugzbunny,Dark Matter,The Cosmos,Lunar,66.8,580,41,0.576,0.585,24,17,14681,7920,6761,31,24,51,107,29.0%,362.7,195.7,167.0,0.77,0.59,1.26,2.64,358.1,193.2,164.9,0.76,0.59,1.24,2.61,92,75,2.27,1.85,2.24,1.83
Prospect,RSC006448,Burger.101,Beagles,Puppy Paradise,Solar,66.6,425,32,0.426,0.438,14,18,11345,5910,5435,23,11,45,81,28.4%,382.5,199.3,183.2,0.78,0.37,1.52,2.73,354.5,184.7,169.8,0.72,0.34,1.41,2.53,61,74,2.06,2.5,1.91,2.31
Prospect,RSC005613,Wile_E_Quixote,Detention Demons,Ghoul School,Solar,65.9,55,4,0.361,0.25,1,3,1455,980,475,5,2,6,8,62.5%,379.1,255.3,123.8,1.3,0.52,1.56,2.08,363.8,245.0,118.8,1.25,0.5,1.5,2.0,10,14,2.61,3.65,2.5,3.5
Prospect,RSC005521,Sohl,Bokrug,The Mythos,Lunar,65.1,743,47,0.531,0.489,23,24,17657,10770,6887,46,37,59,137,33.6%,340.5,207.7,132.8,0.89,0.71,1.14,2.64,375.7,229.1,146.5,0.98,0.79,1.26,2.91,130,120,2.51,2.31,2.77,2.55
Prospect,RSC005827,Ewoo!,Dark Matter,The Cosmos,Lunar,64.5,602,43,0.576,0.605,26,17,14203,7860,6343,33,24,41,131,25.2%,338.1,187.1,151.0,0.79,0.57,0.98,3.12,330.3,182.8,147.5,0.77,0.56,0.95,3.05,98,80,2.33,1.9,2.28,1.86
Prospect,RSC004597,Xxblindbeastxx,Muenster Misfits,Cheese Guild,Lunar,63.6,650,44,0.609,0.636,28,16,15276,8970,6306,42,33,39,117,35.9%,336.8,197.7,139.0,0.93,0.73,0.86,2.58,347.2,203.9,143.3,0.95,0.75,0.89,2.66,132,100,2.91,2.2,3.0,2.27
Prospect,RSC004282,Fudansynder,Pepperoni Pizza,Fifty-Fifty Pizzeria,Lunar,63.1,194,14,0.346,0.357,5,9,4911,2570,2341,10,6,18,37,27.0%,362.7,189.8,172.9,0.74,0.44,1.33,2.73,350.8,183.6,167.2,0.71,0.43,1.29,2.64,23,35,1.7,2.59,1.64,2.5
Prospect,RSC005956,Mr. Whiff3R,Fruit Salad,Metal,Solar,62.7,700,47,0.546,0.511,24,23,16508,8950,7558,37,28,48,145,25.5%,337.9,183.2,154.7,0.76,0.57,0.98,2.97,351.2,190.4,160.8,0.79,0.6,1.02,3.09,104,92,2.13,1.88,2.21,1.96
Prospect,RSC004275,Happyturtle,Detention Demons,Ghoul School,Solar,62.7,634,45,0.543,0.578,26,19,16320,8740,7580,29,21,74,109,26.6%,368.9,197.5,171.3,0.66,0.47,1.67,2.46,362.7,194.2,168.4,0.64,0.47,1.64,2.42,90,80,2.03,1.81,2.0,1.78
Prospect,RSC006428,Sniperwarrior007,Undead,Destined,Solar,61.7,511,35,0.534,0.6,21,14,12688,7020,5668,31,16,43,97,32.0%,355.8,196.9,158.9,0.87,0.45,1.21,2.72,362.5,200.6,161.9,0.89,0.46,1.23,2.77,82,75,2.3,2.1,2.34,2.14
Prospect,RSC005780,Bananas,Pushwalkers,The Quad Dynasty,Lunar,61.6,54,5,0.545,0.4,2,3,1366,760,606,3,3,5,6,50.0%,362.5,201.7,160.8,0.8,0.8,1.33,1.59,273.2,152.0,121.2,0.6,0.6,1.0,1.2,9,8,2.39,2.12,1.8,1.6
Prospect,RSC006244,Whiite Bear,"Pulse
Tic Tacs","Energy
Minty Fresh",Solar,61.1,735,52,0.5,0.442,23,29,17714,10290,7424,37,31,75,129,28.7%,345.4,200.6,144.7,0.72,0.6,1.46,2.51,340.7,197.9,142.8,0.71,0.6,1.44,2.48,112,112,2.18,2.18,2.15,2.15
Prospect,RSC003827,Calichromatic,Pyrausta,Draconem,Solar,60.6,699,50,0.535,0.48,24,26,16803,9090,7713,27,28,74,129,20.9%,344.5,186.3,158.1,0.55,0.57,1.52,2.64,336.1,181.8,154.3,0.54,0.56,1.48,2.58,98,89,2.01,1.82,1.96,1.78
Prospect,RSC002991,Santa Turtle,"Barbarians
Funnel-Webs","The Sovereign
Eight Legged Freaks",Lunar,60.4,445,29,0.5,0.448,13,16,10626,6180,4446,23,19,43,78,29.5%,342.2,199.0,143.2,0.74,0.61,1.38,2.51,366.4,213.1,153.3,0.79,0.66,1.48,2.69,64,64,2.06,2.06,2.21,2.21
Prospect,RSC005526,Vortex3524,Undead,Destined,Solar,59.7,488,37,0.572,0.595,22,15,12112,6870,5242,29,15,47,87,33.3%,355.7,201.7,153.9,0.85,0.44,1.38,2.55,327.4,185.7,141.7,0.78,0.41,1.27,2.35,81,67,2.38,1.97,2.19,1.81
Prospect,RSC005018,Smitty,Beagles,Puppy Paradise,Solar,59.1,187,13,0.366,0.385,5,8,4438,2380,2058,7,8,19,33,21.2%,340.1,182.4,157.7,0.54,0.61,1.46,2.53,341.4,183.1,158.3,0.54,0.62,1.46,2.54,23,33,1.76,2.53,1.77,2.54
Prospect,RSC005503,Imlurkinn,Undead,Destined,Solar,58.5,671,48,0.55,0.583,28,20,16325,8420,7905,29,30,60,102,28.4%,348.6,179.8,168.8,0.62,0.64,1.28,2.18,340.1,175.4,164.7,0.6,0.63,1.25,2.13,114,100,2.43,2.14,2.38,2.08
Prospect,RSC004545,Vires,"Bokrug
Tic Tacs","The Mythos
Minty Fresh",Solar,58.4,752,52,0.484,0.404,21,31,18234,10500,7734,48,26,62,130,36.9%,347.5,200.1,147.4,0.91,0.5,1.18,2.48,350.7,201.9,148.7,0.92,0.5,1.19,2.5,115,120,2.19,2.29,2.21,2.31
Prospect,RSC005790,Chitoge,Pyrausta,Draconem,Solar,58.1,492,37,0.554,0.486,18,19,12374,6990,5384,31,13,48,84,36.9%,360.4,203.6,156.8,0.9,0.38,1.4,2.45,334.4,188.9,145.5,0.84,0.35,1.3,2.27,73,63,2.13,1.83,1.97,1.7
Prospect,RSC005892,Quaza Gs,Dark Matter,The Cosmos,Lunar,57.2,600,44,0.554,0.568,25,19,14471,7800,6671,34,22,46,100,34.0%,345.6,186.3,159.3,0.81,0.53,1.1,2.39,328.9,177.3,151.6,0.77,0.5,1.05,2.27,99,86,2.36,2.05,2.25,1.95
Prospect,RSC004177,Abeillonnaise,Pyrausta,Draconem,Solar,55.8,489,36,0.587,0.528,19,17,11188,6130,5058,25,18,36,93,26.9%,327.8,179.6,148.2,0.73,0.53,1.05,2.73,310.8,170.3,140.5,0.69,0.5,1.0,2.58,76,60,2.23,1.76,2.11,1.67
Prospect,RSC006095,Pinkpepper13,Beagles,Puppy Paradise,Solar,55.2,672,49,0.47,0.49,24,25,16081,8580,7501,30,23,66,113,26.5%,342.9,183.0,159.9,0.64,0.49,1.41,2.41,328.2,175.1,153.1,0.61,0.47,1.35,2.31,97,105,2.07,2.24,1.98,2.14
Prospect,RSC006412,Corydrav3N,Green Beans,The Garden,Solar,55.0,591,43,0.355,0.372,16,27,14448,7220,7228,24,15,60,107,22.4%,350.3,175.1,175.3,0.58,0.36,1.45,2.59,336.0,167.9,168.1,0.56,0.35,1.4,2.49,67,100,1.62,2.42,1.56,2.33
Prospect,RSC005215,Countrywolfz,Blobfish,The Abyss,Lunar,55.0,534,37,0.451,0.459,17,20,12987,6910,6077,32,15,41,91,35.2%,348.5,185.4,163.1,0.86,0.4,1.1,2.44,351.0,186.8,164.2,0.86,0.41,1.11,2.46,82,93,2.2,2.5,2.22,2.51
Prospect,RSC003886,Bobby Dangler.,Beagles,Puppy Paradise,Solar,54.2,479,36,0.516,0.556,20,16,10758,5920,4838,29,17,25,92,31.5%,321.8,177.1,144.7,0.87,0.51,0.75,2.75,298.8,164.4,134.4,0.81,0.47,0.69,2.56,74,71,2.21,2.12,2.06,1.97
Prospect,RSC005902,Voracious Star,"Detention Demons
Spaghetti Scouts","Ghoul School
Italian Battalion",Solar,53.4,541,39,0.573,0.615,24,15,12521,6640,5881,26,21,42,89,29.2%,331.6,175.9,155.8,0.69,0.56,1.11,2.36,321.1,170.3,150.8,0.67,0.54,1.08,2.28,91,75,2.41,1.99,2.33,1.92
Prospect,RSC005291,Beanie_92,Gemini,The Nexus,Solar,53.1,606,43,0.425,0.395,17,26,14302,7770,6532,38,15,42,112,33.9%,338.2,183.7,154.5,0.9,0.35,0.99,2.65,332.6,180.7,151.9,0.88,0.35,0.98,2.6,82,100,1.94,2.36,1.91,2.33
Prospect,RSC006264,Pinilla,Pepperoni Pizza,Fifty-Fifty Pizzeria,Lunar,53.0,662,43,0.5,0.581,25,18,15145,8680,6465,34,19,61,128,26.6%,327.8,187.9,139.9,0.74,0.41,1.32,2.77,352.2,201.9,150.3,0.79,0.44,1.42,2.98,93,93,2.01,2.01,2.16,2.16
Prospect,RSC005832,Ttv Bluntkng,Gemini,The Nexus,Solar,51.5,320,24,0.605,0.583,14,10,7410,4030,3380,14,9,32,58,24.1%,331.8,180.5,151.4,0.63,0.4,1.43,2.6,308.8,167.9,140.8,0.58,0.38,1.33,2.42,47,35,2.1,1.57,1.96,1.46
Prospect,RSC006346,Citrus Stoned,Pepperoni Pizza,Fifty-Fifty Pizzeria,Lunar,51.1,548,36,0.562,0.639,23,13,12271,6700,5571,27,22,40,90,30.0%,320.9,175.2,145.7,0.71,0.58,1.05,2.35,340.9,186.1,154.8,0.75,0.61,1.11,2.5,85,72,2.22,1.88,2.36,2.0
Prospect,RSC001763,Trav.,"Tic Tacs
Bokrug","Minty Fresh
The Mythos",Lunar,49.9,703,48,0.5,0.5,24,24,15481,8860,6621,41,24,46,126,32.5%,315.6,180.6,135.0,0.84,0.49,0.94,2.57,322.5,184.6,137.9,0.85,0.5,0.96,2.63,121,121,2.47,2.47,2.52,2.52
Prospect,RSC004890,Kamikaze7200,Fruit Salad,Metal,Solar,49.4,628,42,0.563,0.548,23,19,14626,8270,6356,29,25,66,82,35.4%,333.7,188.7,145.0,0.66,0.57,1.51,1.87,348.2,196.9,151.3,0.69,0.6,1.57,1.95,96,81,2.19,1.85,2.29,1.93
Prospect,RSC005164,R00K46,Bokrug,The Mythos,Lunar,49.2,802,52,0.494,0.442,23,29,17728,10370,7358,39,32,72,127,30.7%,316.7,185.3,131.5,0.7,0.57,1.29,2.27,340.9,199.4,141.5,0.75,0.62,1.38,2.44,135,137,2.41,2.45,2.6,2.63
Prospect,RSC004106,K.Doughboy,Pushwalkers,The Quad Dynasty,Lunar,49.2,453,33,0.453,0.515,17,16,11436,6730,4706,28,9,58,58,48.3%,361.7,212.9,148.9,0.89,0.28,1.83,1.83,346.5,203.9,142.6,0.85,0.27,1.76,1.76,69,78,2.18,2.47,2.09,2.36
Prospect,RSC002412,Rosefanatic3615,Whisk-y Business,The Bakery,Solar,48.2,611,45,0.578,0.644,29,16,13542,7520,6022,29,23,50,97,29.9%,317.6,176.4,141.2,0.68,0.54,1.17,2.27,300.9,167.1,133.8,0.64,0.51,1.11,2.16,101,82,2.37,1.92,2.24,1.82
Prospect,RSC005513,Tv_Impactreapz,Pulse,Energy,Lunar,48.1,715,48,0.711,0.667,32,16,15087,8780,6307,33,32,54,118,28.0%,302.4,176.0,126.4,0.66,0.64,1.08,2.36,314.3,182.9,131.4,0.69,0.67,1.13,2.46,136,75,2.73,1.5,2.83,1.56
Prospect,RSC005689,Ary,"Whisk-y Business
Detention Demons","The Bakery
Ghoul School",Solar,46.1,687,50,0.496,0.56,28,22,15872,8260,7612,33,18,60,106,31.1%,331.1,172.3,158.8,0.69,0.38,1.25,2.21,317.4,165.2,152.2,0.66,0.36,1.2,2.12,93,94,1.94,1.96,1.86,1.88
Prospect,RSC000162,Draconium,Pushwalkers,The Quad Dynasty,Lunar,46.1,659,47,0.467,0.511,24,23,13654,7660,5994,27,34,46,96,28.1%,296.9,166.6,130.3,0.59,0.74,1.0,2.09,290.5,163.0,127.5,0.57,0.72,0.98,2.04,102,111,2.22,2.41,2.17,2.36
Prospect,RSC006401,Shadohkami,"Fruit Salad
Barbarians","Metal
The Sovereign",Lunar,46.0,237,17,0.481,0.529,9,8,5194,3050,2144,14,7,18,40,35.0%,314.0,184.4,129.6,0.85,0.42,1.09,2.42,305.5,179.4,126.1,0.82,0.41,1.06,2.35,42,44,2.54,2.66,2.47,2.59
Prospect,RSC003374,Raisonbran,"Pepperoni Pizza
Funnel-Webs","Fifty-Fifty Pizzeria
Eight Legged Freaks",Lunar,45.5,121,8,0.251,0.375,3,5,2876,1730,1146,9,2,11,18,50.0%,340.6,204.9,135.7,1.07,0.24,1.3,2.13,359.5,216.3,143.3,1.13,0.25,1.38,2.25,19,36,2.25,4.26,2.38,4.5
Prospect,RSC004940,Sand D,Muenster Misfits,Cheese Guild,Lunar,44.7,337,23,0.67,0.652,15,8,7180,3930,3250,15,13,25,53,28.3%,305.3,167.1,138.2,0.64,0.55,1.06,2.25,312.2,170.9,141.3,0.65,0.57,1.09,2.3,65,41,2.76,1.74,2.83,1.78
Prospect,RSC006217,Subj3Ct_Teonligas,Spaghetti Scouts,Italian Battalion,Lunar,44.2,534,38,0.54,0.5,19,19,11002,5920,5082,22,19,36,97,22.7%,295.2,158.9,136.4,0.59,0.51,0.97,2.6,289.5,155.8,133.7,0.58,0.5,0.95,2.55,78,70,2.09,1.88,2.05,1.84
Prospect,RSC005519,Pokeninja77,Gemini,The Nexus,Solar,43.7,664,47,0.451,0.426,20,27,14549,7820,6729,24,18,68,112,21.4%,314.0,168.8,145.2,0.52,0.39,1.47,2.42,309.6,166.4,143.2,0.51,0.38,1.45,2.38,85,97,1.83,2.09,1.81,2.06
Prospect,RSC004565,Ole.Mr.Bison.,Tic Tacs,Minty Fresh,Solar,43.5,245,17,0.48,0.471,8,9,5159,3060,2099,11,10,22,36,30.6%,301.7,179.0,122.8,0.64,0.58,1.29,2.11,303.5,180.0,123.5,0.65,0.59,1.29,2.12,37,39,2.16,2.28,2.18,2.29
Prospect,RSC004184,Drivingwebster,Undead,Destined,Solar,42.6,484,36,0.505,0.528,19,17,10379,6330,4049,30,10,39,88,34.1%,307.3,187.4,119.9,0.89,0.3,1.15,2.61,288.3,175.8,112.5,0.83,0.28,1.08,2.44,80,79,2.37,2.34,2.22,2.19
Prospect,RSC000812,Lustlizard,Funnel-Webs,Eight Legged Freaks,Lunar,42.2,724,46,0.33,0.239,11,35,16148,8890,7258,29,17,80,114,25.4%,319.6,176.0,143.7,0.57,0.34,1.58,2.26,351.0,193.3,157.8,0.63,0.37,1.74,2.48,87,138,1.72,2.73,1.89,3.0
Prospect,RSC006345,Awesomebillfromdawsonville,Earth,The Elements,Solar,41.5,650,46,0.488,0.478,22,24,13944,7420,6524,21,22,65,97,21.6%,307.4,163.6,143.8,0.46,0.48,1.43,2.14,303.1,161.3,141.8,0.46,0.48,1.41,2.11,92,95,2.03,2.09,2.0,2.07
Prospect,RSC005568,Insanefox05,Blobfish,The Abyss,Lunar,40.8,473,32,0.437,0.469,15,17,10087,5460,4627,19,19,40,61,31.1%,305.6,165.4,140.2,0.58,0.58,1.21,1.85,315.2,170.6,144.6,0.59,0.59,1.25,1.91,75,88,2.27,2.67,2.34,2.75
Prospect,RSC006342,Tlee2121,Green Beans,The Garden,Solar,40.1,590,43,0.353,0.326,14,29,13554,6700,6854,24,9,59,90,26.7%,329.2,162.7,166.5,0.58,0.22,1.43,2.19,315.2,155.8,159.4,0.56,0.21,1.37,2.09,63,95,1.53,2.31,1.47,2.21
Prospect,RSC006225,Renightly,Pyrausta,Draconem,Solar,39.1,144,10,0.539,0.5,5,5,2908,1680,1228,6,5,12,23,26.1%,289.4,167.2,122.2,0.6,0.5,1.19,2.29,290.8,168.0,122.8,0.6,0.5,1.2,2.3,20,18,1.99,1.79,2.0,1.8
Prospect,RSC005275,Salvation,Spaghetti Scouts,Italian Battalion,Lunar,38.5,556,38,0.46,0.447,17,21,11465,6540,4925,28,16,41,89,31.5%,295.5,168.6,126.9,0.72,0.41,1.06,2.29,301.7,172.1,129.6,0.74,0.42,1.08,2.34,81,90,2.09,2.32,2.13,2.37
Prospect,RSC003153,Theman,Barbarians,The Sovereign,Lunar,37.7,169,10,0.7,0.7,7,3,3466,1700,1766,5,6,13,25,20.0%,293.9,144.1,149.7,0.42,0.51,1.1,2.12,346.6,170.0,176.6,0.5,0.6,1.3,2.5,33,19,2.8,1.61,3.3,1.9
Prospect,RSC004303,Shogun,Earth,The Elements,Solar,37.0,482,35,0.483,0.486,17,18,10014,5300,4714,22,11,35,80,27.5%,297.7,157.6,140.1,0.65,0.33,1.04,2.38,286.1,151.4,134.7,0.63,0.31,1.0,2.29,64,67,1.9,1.99,1.83,1.91
Prospect,RSC004952,El_Macho,Barbarians,The Sovereign,Lunar,36.0,398,27,0.543,0.593,16,11,9054,4910,4144,17,8,47,46,37.0%,326.0,176.8,149.2,0.61,0.29,1.69,1.66,335.3,181.9,153.5,0.63,0.3,1.74,1.7,67,60,2.41,2.16,2.48,2.22
Prospect,RSC005909,Yadicraft,Barbarians,The Sovereign,Lunar,35.6,505,36,0.408,0.417,15,21,11046,5710,5336,22,15,44,56,39.3%,313.4,162.0,151.4,0.62,0.43,1.25,1.59,306.8,158.6,148.2,0.61,0.42,1.22,1.56,69,88,1.96,2.5,1.92,2.44
Prospect,RSC001820,Youreviltwin,Beagles,Puppy Paradise,Solar,35.3,367,26,0.549,0.577,15,11,7055,3760,3295,15,16,19,51,29.4%,275.5,146.8,128.7,0.59,0.62,0.74,1.99,271.3,144.6,126.7,0.58,0.62,0.73,1.96,57,50,2.23,1.95,2.19,1.92
Prospect,RSC002554,Trexreaper,Earth,The Elements,Solar,35.0,378,25,0.428,0.4,10,15,7762,4220,3542,16,8,32,62,25.8%,294.2,160.0,134.3,0.61,0.3,1.21,2.35,310.5,168.8,141.7,0.64,0.32,1.28,2.48,46,56,1.74,2.12,1.84,2.24
Prospect,RSC000086,Stale Popcorn,Funnel-Webs,Eight Legged Freaks,Lunar,33.6,509,32,0.34,0.25,8,24,9771,5270,4501,19,20,33,72,26.4%,275.1,148.4,126.7,0.53,0.56,0.93,2.03,305.3,164.7,140.7,0.59,0.63,1.03,2.25,66,101,1.86,2.84,2.06,3.16
Prospect,RSC005915,Bromzatheoldman,Tic Tacs,Minty Fresh,Solar,32.9,482,35,0.515,0.457,16,19,9434,5590,3844,24,17,34,64,37.5%,280.5,166.2,114.3,0.71,0.51,1.01,1.9,269.5,159.7,109.8,0.69,0.49,0.97,1.83,76,73,2.26,2.17,2.17,2.09
Prospect,RSC005856,Ltgbigbills,Detention Demons,Ghoul School,Solar,32.5,82,7,0.437,0.429,3,4,1560,820,740,1,5,8,7,14.3%,272.6,143.3,129.3,0.17,0.87,1.4,1.22,222.9,117.1,105.7,0.14,0.71,1.14,1.0,11,13,1.92,2.27,1.57,1.86
Prospect,RSC005759,Xernaut,Detention Demons,Ghoul School,Solar,31.9,469,33,0.564,0.576,19,14,9300,5620,3680,29,12,29,67,43.3%,284.1,171.7,112.4,0.89,0.37,0.89,2.05,281.8,170.3,111.5,0.88,0.36,0.88,2.03,78,66,2.38,2.02,2.36,2.0
Prospect,RSC006092,Mickstery,Whisk-y Business,The Bakery,Solar,30.4,245,17,0.58,0.647,11,6,4405,2100,2305,4,13,15,30,13.3%,257.6,122.8,134.8,0.23,0.76,0.88,1.75,259.1,123.5,135.6,0.24,0.76,0.88,1.76,35,28,2.05,1.64,2.06,1.65
Prospect,RSC006037,K1Ngpollock,Funnel-Webs,Eight Legged Freaks,Lunar,29.8,548,35,0.332,0.286,10,25,10829,6100,4729,24,16,44,70,34.3%,283.2,159.5,123.7,0.63,0.42,1.15,1.83,309.4,174.3,135.1,0.69,0.46,1.26,2.0,71,111,1.86,2.9,2.03,3.17
Prospect,RSC005509,Benjamen A,"Pepperoni Pizza
Detention Demons","Fifty-Fifty Pizzeria
Ghoul School",Lunar,28.8,561,40,0.47,0.55,22,18,11359,5810,5549,17,12,55,76,22.4%,290.1,148.4,141.7,0.43,0.31,1.4,1.94,284.0,145.3,138.7,0.43,0.3,1.38,1.9,71,77,1.81,1.97,1.78,1.93
Prospect,RSC004879,Defnotmongo.,Blobfish,The Abyss,Lunar,28.7,573,40,0.395,0.425,17,23,11015,6340,4675,28,12,41,89,31.5%,275.5,158.5,116.9,0.7,0.3,1.03,2.23,275.4,158.5,116.9,0.7,0.3,1.03,2.23,79,104,1.98,2.6,1.98,2.6
Prospect,RSC002218,Deejay,Green Beans,The Garden,Solar,27.5,227,17,0.301,0.353,6,11,4284,2160,2124,10,5,11,36,27.8%,270.4,136.4,134.1,0.63,0.32,0.69,2.27,252.0,127.1,124.9,0.59,0.29,0.65,2.12,24,42,1.52,2.65,1.41,2.47
Prospect,RSC004064,Tokifyy,"Barbarians
Pepperoni Pizza","The Sovereign
Fifty-Fifty Pizzeria",Lunar,26.1,156,11,0.226,0.182,2,9,3039,1550,1489,6,2,12,25,24.0%,279.1,142.4,136.8,0.55,0.18,1.1,2.3,276.3,140.9,135.4,0.55,0.18,1.09,2.27,12,28,1.1,2.57,1.09,2.55
Prospect,RSC005252,Mysticmax07,Muenster Misfits,Cheese Guild,Lunar,25.4,549,38,0.538,0.605,23,15,10173,5400,4773,23,10,34,90,25.6%,265.5,140.9,124.6,0.6,0.26,0.89,2.35,267.7,142.1,125.6,0.61,0.26,0.89,2.37,97,88,2.53,2.3,2.55,2.32
Prospect,RSC004509,Tazlien,"Pepperoni Pizza
Blobfish","Fifty-Fifty Pizzeria
The Abyss",Lunar,25.1,127,7,0.42,0.429,3,4,2324,1200,1124,3,3,11,20,15.0%,262.2,135.4,126.8,0.34,0.34,1.24,2.26,332.0,171.4,160.6,0.43,0.43,1.57,2.86,17,21,1.92,2.37,2.43,3.0
Prospect,RSC006421,Polrbear <3,Dark Matter,The Cosmos,Lunar,24.7,381,28,0.482,0.536,15,13,7138,3970,3168,19,9,22,52,36.5%,268.5,149.3,119.1,0.71,0.34,0.83,1.96,254.9,141.8,113.1,0.68,0.32,0.79,1.86,62,65,2.33,2.44,2.21,2.32
Prospect,RSC003432,Redwinglegendayg,Pyrausta,Draconem,Solar,24.7,342,23,0.467,0.391,9,14,6575,3680,2895,14,8,29,43,32.6%,275.5,154.2,121.3,0.59,0.34,1.22,1.8,285.9,160.0,125.9,0.61,0.35,1.26,1.87,42,46,1.76,1.93,1.83,2.0
Prospect,RSC005608,Wolverine36535,Pushwalkers,The Quad Dynasty,Lunar,23.4,504,36,0.438,0.472,17,19,9444,4790,4654,15,17,38,54,27.8%,268.5,136.2,132.3,0.43,0.48,1.08,1.54,262.3,133.1,129.3,0.42,0.47,1.06,1.5,75,88,2.13,2.5,2.08,2.44
Prospect,RSC005403,Mr Luyee,Green Beans,The Garden,Solar,22.9,413,29,0.433,0.414,12,17,7697,3830,3867,13,7,31,63,20.6%,267.1,132.9,134.2,0.45,0.24,1.08,2.19,265.4,132.1,133.3,0.45,0.24,1.07,2.17,49,59,1.7,2.05,1.69,2.03
Prospect,RSC005280,Engy,Spaghetti Scouts,Italian Battalion,Lunar,22.6,448,32,0.453,0.406,13,19,8791,4490,4301,17,8,37,54,31.5%,281.2,143.6,137.6,0.54,0.26,1.18,1.73,274.7,140.3,134.4,0.53,0.25,1.16,1.69,59,67,1.89,2.14,1.84,2.09
Prospect,RSC004758,Array,Pepperoni Pizza,Fifty-Fifty Pizzeria,Lunar,21.5,209,14,0.376,0.429,6,8,3672,2010,1662,6,7,16,26,23.1%,251.8,137.8,114.0,0.41,0.48,1.1,1.78,262.3,143.6,118.7,0.43,0.5,1.14,1.86,25,35,1.71,2.4,1.79,2.5
Prospect,RSC006353,Novarchite,Gemini,The Nexus,Solar,20.3,579,42,0.446,0.429,18,24,11129,5880,5249,21,10,52,68,30.9%,275.4,145.5,129.9,0.52,0.25,1.29,1.68,265.0,140.0,125.0,0.5,0.24,1.24,1.62,77,89,1.91,2.2,1.83,2.12
Prospect,RSC004276,Dgitlsickboy,Green Beans,The Garden,Solar,19.2,274,20,0.37,0.4,8,12,4964,2480,2484,9,5,19,38,23.7%,259.6,129.7,129.9,0.47,0.26,0.99,1.99,248.2,124.0,124.2,0.45,0.25,0.95,1.9,33,47,1.73,2.46,1.65,2.35
Prospect,RSC006072,Avex Inceptionz,Earth,The Elements,Solar,17.3,100,8,0.523,0.5,4,4,1715,940,775,3,4,7,9,33.3%,245.8,134.7,111.1,0.43,0.57,1.0,1.29,214.4,117.5,96.9,0.38,0.5,0.88,1.13,18,17,2.58,2.44,2.25,2.13
Prospect,RSC003737,Meondisplay,Fruit Salad,Metal,Solar,13.6,520,36,0.592,0.583,21,15,8868,4420,4448,15,10,35,67,22.4%,244.4,121.8,122.6,0.41,0.28,0.96,1.85,246.3,122.8,123.6,0.42,0.28,0.97,1.86,75,58,2.07,1.6,2.08,1.61
Prospect,RSC005884,Zachthebull36,Bokrug,The Mythos,Lunar,13.3,114,8,0.293,0.125,1,7,2166,1020,1146,4,1,9,12,33.3%,272.3,128.2,144.0,0.5,0.13,1.13,1.51,270.8,127.5,143.3,0.5,0.13,1.13,1.5,13,23,1.63,2.89,1.63,2.88
Prospect,RSC005910,J5Nhanna,"Funnel-Webs
Blobfish","Eight Legged Freaks
The Abyss",Lunar,10.8,413,25,0.227,0.2,5,20,7031,3940,3091,16,8,30,44,36.4%,243.9,136.7,107.2,0.56,0.28,1.04,1.53,281.2,157.6,123.6,0.64,0.32,1.2,1.76,47,101,1.63,3.5,1.88,4.04
Prospect,RSC001765,Trios,Pulse,Energy,Lunar,-2.7,68,5,0.534,0.4,2,3,975,400,575,1,2,3,5,20.0%,205.5,84.3,121.2,0.21,0.42,0.63,1.05,195.0,80.0,115.0,0.2,0.4,0.6,1.0,12,11,2.53,2.32,2.4,2.2
Prospect,RSC001035,Charlieharley_1,Blobfish,The Abyss,Lunar,-3.2,48,3,0.5,0.667,2,1,704,410,294,1,2,4,1,100.0%,210.2,122.4,87.8,0.3,0.6,1.19,0.3,234.7,136.7,98.0,0.33,0.67,1.33,0.33,7,7,2.09,2.09,2.33,2.33
Prospect,RSC000963,Sup3Rm4N,Fruit Salad,Metal,Solar,-14.9,27,2,0.138,0.0,0,2,398,120,278,0,0,2,2,0.0%,211.2,63.7,147.5,0.0,0.0,1.06,1.06,199.0,60.0,139.0,0.0,0.0,1.0,1.0,1,4,0.53,2.12,0.5,2.0
Prospect,RSC004599,Xsoulr34Per,Green Beans,The Garden,Solar,-22.5,59,4,0.129,0.25,1,3,584,280,304,0,2,3,3,0.0%,141.8,68.0,73.8,0.0,0.49,0.73,0.73,146.0,70.0,76.0,0.0,0.5,0.75,0.75,4,14,0.97,3.4,1.0,3.5
Premier,RSC006525,Miliorl,Bek,Ox Gaming,Solar,142.7,75,4,0.566,0.5,2,2,2733,1530,1203,6,5,10,18,33.3%,586.7,328.4,258.2,1.29,1.07,2.15,3.86,683.3,382.5,300.8,1.5,1.25,2.5,4.5,13,11,2.79,2.36,3.25,2.75
Premier,RSC001855,Peaceful.,Orcas,Whale Defense,Solar,97.8,834,51,0.614,0.647,33,18,25677,14900,10777,65,31,100,185,35.1%,495.7,287.6,208.0,1.25,0.6,1.93,3.57,503.5,292.2,211.3,1.27,0.61,1.96,3.63,134,99,2.59,1.91,2.63,1.94
Premier,RSC000750,Jatt,Hurricanes,Storm,Solar,81.4,57,4,0.765,1.0,4,0,1689,1020,669,6,1,5,12,50.0%,477.1,288.1,189.0,1.69,0.28,1.41,3.39,422.3,255.0,167.3,1.5,0.25,1.25,3.0,9,4,2.54,1.13,2.25,1.0
Premier,RSC004149,Insanity,Megalodons,Shark Attack,Lunar,71.9,878,55,0.506,0.545,30,25,23539,13270,10269,49,34,103,152,32.2%,431.6,243.3,188.3,0.9,0.62,1.89,2.79,428.0,241.3,186.7,0.89,0.62,1.87,2.76,129,127,2.37,2.33,2.35,2.31
Premier,RSC000402,Reagfamous,Fairies,The Forest,Solar,71.6,724,46,0.602,0.652,30,16,19016,10660,8356,29,32,98,126,23.0%,422.9,237.0,185.8,0.64,0.71,2.18,2.8,413.4,231.7,181.7,0.63,0.7,2.13,2.74,109,83,2.42,1.85,2.37,1.8
Premier,RSC004306,North.-.,Interstellar,Event Horizon,Solar,70.8,787,51,0.556,0.549,28,23,20110,11320,8790,51,26,65,167,30.5%,411.4,231.6,179.8,1.04,0.53,1.33,3.42,394.3,222.0,172.4,1.0,0.51,1.27,3.27,117,101,2.39,2.07,2.29,1.98
Premier,RSC004560,Nico,Hurricanes,Storm,Solar,67.7,735,48,0.523,0.583,28,20,19459,9610,9849,28,26,86,121,23.1%,426.2,210.5,215.7,0.61,0.57,1.88,2.65,405.4,200.2,205.2,0.58,0.54,1.79,2.52,100,94,2.19,2.06,2.08,1.96
Premier,RSC000824,Cart,Bek,Ox Gaming,Solar,65.1,64,4,0.715,1.0,4,0,1719,1020,699,4,3,8,7,57.1%,432.4,256.6,175.8,1.01,0.75,2.01,1.76,429.8,255.0,174.8,1.0,0.75,2.0,1.75,11,6,2.77,1.51,2.75,1.5
Premier,RSC004923,Monster.,Bek,Ox Gaming,Solar,64.6,818,52,0.546,0.538,28,24,19688,10930,8758,48,31,59,163,29.4%,387.5,215.1,172.4,0.94,0.61,1.16,3.21,378.6,210.2,168.4,0.92,0.6,1.13,3.13,126,112,2.48,2.2,2.42,2.15
Premier,RSC000241,Geherpaderp,Orcas,Whale Defense,Solar,62.8,56,4,0.706,0.75,3,1,1199,690,509,2,4,4,9,22.2%,344.7,198.4,146.3,0.57,1.15,1.15,2.59,299.8,172.5,127.3,0.5,1.0,1.0,2.25,9,5,2.59,1.44,2.25,1.25
Premier,RSC000241,Geherpaderp,Orcas,Whale Defense,Solar,62.8,56,4,0.706,0.75,3,1,1199,690,509,2,4,4,9,22.2%,344.7,198.4,146.3,0.57,1.15,1.15,2.59,299.8,172.5,127.3,0.5,1.0,1.0,2.25,9,5,2.59,1.44,2.25,1.25
Premier,RSC006203,Tartan ^.^,Gummy Bears,The Bear Den,Lunar,62.7,879,52,0.545,0.538,28,24,22105,12140,9965,52,23,81,174,29.9%,404.9,222.4,182.5,0.95,0.42,1.48,3.19,425.1,233.5,191.6,1.0,0.44,1.56,3.35,124,110,2.27,2.01,2.38,2.12
Premier,RSC004580,Static,Fairies,The Forest,Solar,62.7,814,52,0.602,0.654,34,18,19803,11190,8613,48,34,66,139,34.5%,391.7,221.3,170.4,0.95,0.67,1.31,2.75,380.8,215.2,165.6,0.92,0.65,1.27,2.67,121,92,2.39,1.82,2.33,1.77
Premier,RSC003804,Ayylo,Meng Po,The Gods,Lunar,60.2,617,36,0.509,0.472,17,19,15359,8870,6489,37,17,63,117,31.6%,400.8,231.4,169.3,0.97,0.44,1.64,3.05,426.6,246.4,180.3,1.03,0.47,1.75,3.25,91,89,2.37,2.32,2.53,2.47
Premier,RSC000931,Danger,Crooked Capos,The Syndicate,Lunar,57.0,137,8,0.5,0.375,3,5,3225,1850,1375,6,5,15,25,24.0%,379.0,217.4,161.6,0.71,0.59,1.76,2.94,403.1,231.3,171.9,0.75,0.63,1.88,3.13,19,19,2.23,2.23,2.38,2.38
Premier,RSC003433,Purplesleeves,Bek,Ox Gaming,Solar,56.6,760,48,0.563,0.542,26,22,16980,9620,7360,38,37,54,127,29.9%,359.7,203.8,155.9,0.8,0.78,1.14,2.69,353.8,200.4,153.3,0.79,0.77,1.13,2.65,121,103,2.56,2.18,2.52,2.15
Premier,RSC001177,Calster,Gummy Bears,The Bear Den,Lunar,56.5,397,24,0.581,0.625,15,9,9871,5750,4121,28,8,36,75,37.3%,400.3,233.2,167.1,1.14,0.32,1.46,3.04,411.3,239.6,171.7,1.17,0.33,1.5,3.13,70,57,2.84,2.31,2.92,2.38
Premier,RSC000745,Jpablo,Fairies,The Forest,Solar,56.2,714,46,0.587,0.63,29,17,16290,8840,7450,35,28,53,129,27.1%,367.3,199.3,168.0,0.79,0.63,1.2,2.91,354.1,192.2,162.0,0.76,0.61,1.15,2.8,106,84,2.39,1.89,2.3,1.83
Premier,RSC002714,.Andy,Reapers,The Monster Mash,Lunar,55.4,811,52,0.511,0.538,28,24,18421,10280,8141,44,26,59,163,27.0%,365.7,204.1,161.6,0.87,0.52,1.17,3.24,354.3,197.7,156.6,0.85,0.5,1.13,3.13,107,104,2.12,2.06,2.06,2.0
Premier,RSC001977,T.,Orcas,Whale Defense,Solar,54.4,764,48,0.624,0.646,31,17,17163,9250,7913,27,35,71,125,21.6%,361.7,194.9,166.7,0.57,0.74,1.5,2.63,357.6,192.7,164.9,0.56,0.73,1.48,2.6,120,86,2.53,1.81,2.5,1.79
Premier,RSC005234,Hirsch,"Capybaras
Meng Po","The Jungle
The Gods",Solar,53.8,723,43,0.424,0.349,15,28,17057,9760,7297,36,20,76,136,26.5%,379.8,217.3,162.5,0.8,0.45,1.69,3.03,396.7,227.0,169.7,0.84,0.47,1.77,3.16,90,110,2.0,2.45,2.09,2.56
Premier,RSC000436,Distant,Megalodons,Shark Attack,Lunar,52.5,849,53,0.516,0.566,30,23,18893,10640,8253,38,34,73,149,25.5%,358.3,201.8,156.5,0.72,0.64,1.38,2.83,356.5,200.8,155.7,0.72,0.64,1.38,2.81,125,120,2.37,2.28,2.36,2.26
Premier,RSC003780,Fusionbleach,Fairies,The Forest,Solar,51.3,190,12,0.663,0.75,9,3,4636,2280,2356,9,5,17,28,32.1%,392.8,193.2,199.6,0.76,0.42,1.44,2.37,386.3,190.0,196.3,0.75,0.42,1.42,2.33,27,17,2.29,1.44,2.25,1.42
Premier,RSC004914,Hams,Reapers,The Monster Mash,Lunar,51.2,870,56,0.524,0.554,31,25,20901,11780,9121,33,31,114,123,26.8%,386.8,218.0,168.8,0.61,0.57,2.11,2.28,373.2,210.4,162.9,0.59,0.55,2.04,2.2,115,108,2.13,2.0,2.05,1.93
Premier,RSC000664,Vision,Crooked Capos,The Syndicate,Lunar,50.8,63,4,0.355,0.25,1,3,1680,860,820,3,0,9,11,27.3%,429.3,219.8,209.6,0.77,0.0,2.3,2.81,420.0,215.0,205.0,0.75,0.0,2.25,2.75,6,9,1.53,2.3,1.5,2.25
Premier,RSC005835,Kylau,Bek,Ox Gaming,Solar,50.4,893,56,0.548,0.536,30,26,19471,10940,8531,42,36,68,154,27.3%,351.0,197.2,153.8,0.76,0.65,1.23,2.78,347.7,195.4,152.3,0.75,0.64,1.21,2.75,139,123,2.51,2.22,2.48,2.2
Premier,RSC005435,Pain.,Capybaras,The Jungle,Solar,49.8,360,22,0.443,0.409,9,13,7827,3980,3847,15,15,23,58,25.9%,350.0,178.0,172.0,0.67,0.67,1.03,2.59,355.8,180.9,174.9,0.68,0.68,1.05,2.64,42,49,1.88,2.19,1.91,2.23
Premier,RSC005667,Nautikl,Meng Po,The Gods,Lunar,49.4,767,46,0.458,0.413,19,27,16733,9640,7093,33,33,69,124,26.6%,351.2,202.3,148.9,0.69,0.69,1.45,2.6,363.8,209.6,154.2,0.72,0.72,1.5,2.7,106,118,2.22,2.48,2.3,2.57
Premier,RSC003008,Generalzippy,Meng Po,The Gods,Lunar,49.2,59,4,0.659,0.75,3,1,1447,800,647,3,1,7,10,30.0%,394.9,218.3,176.6,0.82,0.27,1.91,2.73,361.8,200.0,161.8,0.75,0.25,1.75,2.5,12,8,3.27,2.18,3.0,2.0
Premier,RSC003008,Generalzippy,Meng Po,The Gods,Lunar,49.2,59,4,0.659,0.75,3,1,1447,800,647,3,1,7,10,30.0%,394.9,218.3,176.6,0.82,0.27,1.91,2.73,361.8,200.0,161.8,0.75,0.25,1.75,2.5,12,8,3.27,2.18,3.0,2.0
Premier,RSC005481,Leonis,Hurricanes,Storm,Solar,47.9,862,56,0.527,0.571,32,24,18598,9890,8708,35,32,66,149,23.5%,347.4,184.7,162.6,0.65,0.6,1.23,2.78,332.1,176.6,155.5,0.63,0.57,1.18,2.66,116,108,2.17,2.02,2.07,1.93
Premier,RSC005932,Hvbuddy,Interstellar,Event Horizon,Solar,47.9,867,56,0.554,0.554,31,25,19181,11100,8081,36,30,90,150,24.0%,356.2,206.1,150.1,0.67,0.56,1.67,2.79,342.5,198.2,144.3,0.64,0.54,1.61,2.68,129,112,2.4,2.08,2.3,2.0
Premier,RSC000128,Tylurr,"Interstellar
Chargers","Event Horizon
Electric Mayhem",Lunar,47.8,386,24,0.41,0.417,10,14,9601,5210,4391,15,8,55,56,26.8%,400.4,217.3,183.1,0.63,0.33,2.29,2.34,400.0,217.1,183.0,0.63,0.33,2.29,2.33,44,56,1.84,2.34,1.83,2.33
Premier,RSC004676,Deesh,"Crooked Capos
Capybaras","The Syndicate
The Jungle",Lunar,46.9,413,25,0.32,0.32,8,17,9968,5310,4658,21,9,43,61,34.4%,388.6,207.0,181.6,0.82,0.35,1.68,2.38,398.7,212.4,186.3,0.84,0.36,1.72,2.44,47,76,1.83,2.96,1.88,3.04
Premier,RSC004459,Phoenixu.U,Interstellar,Event Horizon,Solar,46.5,853,55,0.561,0.564,31,24,18658,10060,8598,39,37,63,116,33.6%,352.2,189.9,162.3,0.74,0.7,1.19,2.19,339.2,182.9,156.3,0.71,0.67,1.15,2.11,128,109,2.42,2.06,2.33,1.98
Premier,RSC005340,Mystikal,Gummy Bears,The Bear Den,Lunar,45.7,812,48,0.55,0.542,26,22,17188,9720,7468,23,41,85,112,20.5%,340.8,192.7,148.1,0.46,0.81,1.69,2.22,358.1,202.5,155.6,0.48,0.85,1.77,2.33,113,99,2.24,1.96,2.35,2.06
Premier,RSC000978,Leaf,Reapers,The Monster Mash,Lunar,45.5,612,40,0.534,0.6,24,16,14322,7730,6592,24,22,70,73,32.9%,376.8,203.4,173.4,0.63,0.58,1.84,1.92,358.1,193.3,164.8,0.6,0.55,1.75,1.83,80,73,2.1,1.92,2.0,1.83
Premier,RSC005349,Rzemb1E,Orcas,Whale Defense,Solar,45.4,743,46,0.603,0.609,28,18,15509,8760,6749,35,31,50,121,28.9%,336.1,189.8,146.2,0.76,0.67,1.08,2.62,337.2,190.4,146.7,0.76,0.67,1.09,2.63,118,90,2.56,1.95,2.57,1.96
Premier,RSC000381,Noriko,"Chargers
Gummy Bears","Electric Mayhem
The Bear Den",Lunar,45.1,673,40,0.42,0.35,14,26,15408,8130,7278,31,15,63,113,27.4%,368.6,194.5,174.1,0.74,0.36,1.51,2.7,385.2,203.3,182.0,0.78,0.38,1.58,2.83,74,92,1.77,2.2,1.85,2.3
Premier,RSC001114,Ashes.,Meng Po,The Gods,Lunar,44.5,904,54,0.477,0.444,24,30,20036,10820,9216,42,31,75,132,31.8%,356.8,192.7,164.1,0.75,0.55,1.34,2.35,371.0,200.4,170.7,0.78,0.57,1.39,2.44,130,138,2.32,2.46,2.41,2.56
Premier,RSC002439,Angebro,"Crooked Capos
Hurricanes","The Syndicate
Storm",Lunar,43.5,612,37,0.421,0.405,15,22,12271,6160,6111,17,27,42,101,16.8%,322.8,162.0,160.8,0.45,0.71,1.1,2.66,331.6,166.5,165.2,0.46,0.73,1.14,2.73,73,90,1.92,2.37,1.97,2.43
Premier,RSC000996,Greensleeves,Hurricanes,Storm,Solar,43.1,805,52,0.511,0.538,28,24,17697,10090,7607,45,20,64,139,32.4%,353.9,201.8,152.1,0.9,0.4,1.28,2.78,340.3,194.0,146.3,0.87,0.38,1.23,2.67,107,104,2.14,2.08,2.06,2.0
Premier,RSC002125,Neoblastz,Chargers,Electric Mayhem,Lunar,41.0,743,46,0.386,0.326,15,31,16328,9070,7258,20,25,95,107,18.7%,353.8,196.5,157.3,0.43,0.54,2.06,2.32,355.0,197.2,157.8,0.43,0.54,2.07,2.33,88,119,1.91,2.58,1.91,2.59
Premier,RSC000342,Ryzai,Megalodons,Shark Attack,Lunar,39.3,433,28,0.572,0.607,17,11,8998,5060,3938,23,13,28,71,32.4%,334.6,188.1,146.4,0.86,0.48,1.04,2.64,321.4,180.7,140.6,0.82,0.46,1.0,2.54,71,59,2.64,2.19,2.54,2.11
Premier,RSC004873,Wolf,Crooked Capos,The Syndicate,Lunar,38.4,713,45,0.341,0.289,13,32,15969,8810,7159,33,12,75,116,28.4%,360.6,198.9,161.7,0.75,0.27,1.69,2.62,354.9,195.8,159.1,0.73,0.27,1.67,2.58,79,121,1.78,2.73,1.76,2.69
Premier,RSC001923,M0Rg,Orcas,Whale Defense,Solar,36.6,273,16,0.653,0.813,13,3,5390,3020,2370,14,10,14,42,33.3%,317.9,178.1,139.8,0.83,0.59,0.83,2.48,336.9,188.8,148.1,0.88,0.63,0.88,2.63,48,32,2.83,1.89,3.0,2.0
Premier,RSC005109,Delta,Gummy Bears,The Bear Den,Lunar,36.5,264,16,0.605,0.625,10,6,5254,2940,2314,12,10,17,39,30.8%,320.4,179.3,141.1,0.73,0.61,1.04,2.38,328.4,183.8,144.6,0.75,0.63,1.06,2.44,41,31,2.5,1.89,2.56,1.94
Premier,RSC006327,Zip,Capybaras,The Jungle,Solar,36.1,860,48,0.382,0.333,16,32,18487,9590,8897,34,20,78,129,26.4%,346.1,179.5,166.6,0.64,0.37,1.46,2.41,385.1,199.8,185.4,0.71,0.42,1.63,2.69,97,133,1.82,2.49,2.02,2.77
Premier,RSC003279,Maj,Chargers,Electric Mayhem,Lunar,33.8,768,47,0.377,0.319,15,32,16305,8890,7415,37,15,65,119,31.1%,341.8,186.4,155.4,0.78,0.31,1.36,2.49,346.9,189.1,157.8,0.79,0.32,1.38,2.53,87,121,1.82,2.54,1.85,2.57
Premier,RSC002050,Dmt Goobz,Meng Po,The Gods,Lunar,31.1,368,23,0.384,0.348,8,15,6948,3820,3128,12,13,28,57,21.1%,304.0,167.1,136.8,0.52,0.57,1.22,2.49,302.1,166.1,136.0,0.52,0.57,1.22,2.48,45,61,1.97,2.67,1.96,2.65
Premier,RSC006429,Boone,Reapers,The Monster Mash,Lunar,31.0,56,4,0.294,0.25,1,3,1000,520,480,1,3,4,7,14.3%,287.5,149.5,138.0,0.29,0.86,1.15,2.01,250.0,130.0,120.0,0.25,0.75,1.0,1.75,5,9,1.44,2.59,1.25,2.25
Premier,RSC003402,Almost Magic Mike,"Reapers
Crooked Capos","The Monster Mash
The Syndicate",Lunar,30.0,572,36,0.452,0.389,14,22,11368,5860,5508,21,16,43,81,25.9%,320.0,164.9,155.0,0.59,0.45,1.21,2.28,315.8,162.8,153.0,0.58,0.44,1.19,2.25,74,84,2.08,2.36,2.06,2.33
Premier,RSC001570,Pixel,Crooked Capos,The Syndicate,Lunar,29.9,663,41,0.351,0.317,13,28,12773,7080,5693,21,17,60,113,18.6%,310.2,171.9,138.2,0.51,0.41,1.46,2.74,311.5,172.7,138.9,0.51,0.41,1.46,2.76,73,109,1.77,2.65,1.78,2.66
Premier,RSC005345,Roman.,Capybaras,The Jungle,Solar,28.7,909,53,0.387,0.34,18,35,16823,8930,7893,25,27,71,153,16.3%,298.0,158.2,139.8,0.44,0.48,1.26,2.71,317.4,168.5,148.9,0.47,0.51,1.34,2.89,102,138,1.81,2.44,1.92,2.6
Premier,RSC003749,Rule,Interstellar,Event Horizon,Solar,23.6,30,2,0.685,0.5,1,1,479,310,169,1,1,2,6,16.7%,257.1,166.4,90.7,0.54,0.54,1.07,3.22,239.5,155.0,84.5,0.5,0.5,1.0,3.0,5,3,2.68,1.61,2.5,1.5
Premier,RSC005690,Dq.,Megalodons,Shark Attack,Lunar,22.4,476,29,0.42,0.414,12,17,8888,5210,3678,20,11,39,71,28.2%,300.6,176.2,124.4,0.68,0.37,1.32,2.4,306.5,179.7,126.8,0.69,0.38,1.34,2.45,60,74,2.03,2.5,2.07,2.55
Premier,RSC002863,Rated,Chargers,Electric Mayhem,Lunar,8.1,485,31,0.313,0.226,7,24,7564,3840,3724,12,16,26,54,22.2%,251.1,127.5,123.6,0.4,0.53,0.86,1.79,244.0,123.9,120.1,0.39,0.52,0.84,1.74,51,85,1.69,2.82,1.65,2.74
Premier,RSC005948,Luximon.,Bek,Ox Gaming,Solar,7.8,69,4,0.251,0.0,0,4,1189,610,579,1,2,7,6,16.7%,277.4,142.3,135.1,0.23,0.47,1.63,1.4,297.3,152.5,144.8,0.25,0.5,1.75,1.5,7,14,1.63,3.27,1.75,3.5
Premier,RSC005757,Sjt-.,Megalodons,Shark Attack,Lunar,-25.1,55,3,0.382,0.333,1,2,467,130,337,0,1,0,8,0.0%,136.7,38.1,98.6,0.0,0.29,0.0,2.34,155.7,43.3,112.3,0.0,0.33,0.0,2.67,5,7,1.46,2.05,1.67,2.33
Master,RSC003334,Hawk Rl,Blues,Whale Defense,,85.6,983,60,0.548,0.617,37,23,26528,15780,10748,72,36,89,233,30.9%,419.2,249.4,169.8,1.14,0.57,1.41,3.68,442.1,263.0,179.1,1.2,0.6,1.48,3.88,153,135,2.42,2.13,2.55,2.25
Master,RSC001727,Syn,Tempests,Storm,,78.6,468,32,0.5,0.469,15,17,12094,6730,5364,25,22,43,98,25.5%,401.4,223.4,178.0,0.83,0.73,1.43,3.25,377.9,210.3,167.6,0.78,0.69,1.34,3.06,72,72,2.39,2.39,2.25,2.25
Master,RSC004982,Loyboy2,Spectres,The Monster Mash,,76.3,659,46,0.557,0.609,28,18,16520,9250,7270,38,32,50,135,28.1%,389.4,218.0,171.4,0.9,0.75,1.18,3.18,359.1,201.1,158.0,0.83,0.7,1.09,2.93,110,95,2.59,2.24,2.39,2.07
Master,RSC003412,Python,Stampede,Ox Gaming,,76.0,77,4,0.532,0.75,3,1,1830,1080,750,3,4,8,18,16.7%,369.2,217.9,151.3,0.61,0.81,1.61,3.63,457.5,270.0,187.5,0.75,1.0,2.0,4.5,13,12,2.62,2.42,3.25,3.0
Master,RSC006268,Kizvy,Orion,The Nexus,,74.9,823,52,0.574,0.538,28,24,20924,12020,8904,51,38,68,162,31.5%,394.9,226.9,168.1,0.96,0.72,1.28,3.06,402.4,231.2,171.2,0.98,0.73,1.31,3.12,139,115,2.62,2.17,2.67,2.21
Master,RSC004698,Slvr.,Oblivion,Event Horizon,,72.6,690,47,0.722,0.681,32,15,17978,10990,6988,53,32,59,114,46.5%,404.7,247.4,157.3,1.19,0.72,1.33,2.57,382.5,233.8,148.7,1.13,0.68,1.26,2.43,141,77,3.17,1.73,3.0,1.64
Master,RSC004138,Ghoosstyyyyyyy,Feta Forgers,Cheese Guild,,72.0,794,52,0.5,0.596,31,21,21143,11690,9453,47,30,80,149,31.5%,413.6,228.7,184.9,0.92,0.59,1.57,2.91,406.6,224.8,181.8,0.9,0.58,1.54,2.87,123,123,2.41,2.41,2.37,2.37
Master,RSC000330,Infinite,Oblivion,Event Horizon,,70.8,749,49,0.662,0.612,30,19,19353,10940,8413,36,37,84,129,27.9%,401.4,226.9,174.5,0.75,0.77,1.74,2.68,395.0,223.3,171.7,0.73,0.76,1.71,2.63,141,92,2.92,1.91,2.88,1.88
Master,RSC002620,Instnt,Basilisks,The Forest,,70.6,348,24,0.608,0.625,15,9,8038,4570,3468,15,21,27,67,22.4%,358.8,204.0,154.8,0.67,0.94,1.21,2.99,334.9,190.4,144.5,0.63,0.88,1.13,2.79,56,42,2.5,1.87,2.33,1.75
Master,RSC003323,Boog Mccroog,Oblivion,Event Horizon,,69.0,697,46,0.682,0.63,29,17,17158,10330,6828,51,29,49,133,38.3%,382.4,230.2,152.2,1.14,0.65,1.09,2.96,373.0,224.6,148.4,1.11,0.63,1.07,2.89,129,79,2.87,1.76,2.8,1.72
Master,RSC005187,Christophr,Basilisks,The Forest,,67.4,715,44,0.637,0.727,32,12,16805,9670,7135,33,41,61,127,26.0%,365.1,210.1,155.0,0.72,0.89,1.33,2.76,381.9,219.8,162.2,0.75,0.93,1.39,2.89,121,84,2.63,1.82,2.75,1.91
Master,RSC002490,Bex!,Stampede,Ox Gaming,,66.5,746,47,0.557,0.574,27,20,18021,10500,7521,50,27,52,155,32.3%,375.2,218.6,156.6,1.04,0.56,1.08,3.23,383.4,223.4,160.0,1.06,0.57,1.11,3.3,117,101,2.44,2.1,2.49,2.15
Master,RSC000839,P0Larbear,Stampede,Ox Gaming,,66.5,237,16,0.477,0.438,7,9,5803,3360,2443,14,8,21,51,27.5%,380.3,220.2,160.1,0.92,0.52,1.38,3.34,362.7,210.0,152.7,0.88,0.5,1.31,3.19,32,34,2.1,2.23,2.0,2.13
Master,RSC000241,Geherpaderp,Tempests,Storm,,66.3,656,44,0.562,0.591,26,18,15963,9020,6943,42,28,44,122,34.4%,378.0,213.6,164.4,0.99,0.66,1.04,2.89,362.8,205.0,157.8,0.95,0.64,1.0,2.77,108,92,2.56,2.18,2.45,2.09
Master,RSC000241,Geherpaderp,Tempests,Storm,,66.3,656,44,0.562,0.591,26,18,15963,9020,6943,42,28,44,122,34.4%,378.0,213.6,164.4,0.99,0.66,1.04,2.89,362.8,205.0,157.8,0.95,0.64,1.0,2.77,108,92,2.56,2.18,2.45,2.09
Master,RSC006499,Void,Spectres,The Monster Mash,,66.0,66,4,0.4,0.5,2,2,1577,830,747,3,3,5,13,23.1%,371.2,195.3,175.8,0.71,0.71,1.18,3.06,394.3,207.5,186.8,0.75,0.75,1.25,3.25,6,8,1.41,1.88,1.5,2.0
Master,RSC000408,Xero,Glacier Mint,Minty Fresh,,64.4,758,52,0.592,0.596,31,21,19318,10730,8588,35,38,84,113,31.0%,395.9,219.9,176.0,0.72,0.78,1.72,2.32,371.5,206.3,165.2,0.67,0.73,1.62,2.17,120,94,2.46,1.93,2.31,1.81
Master,RSC006328,Danwad,Basilisks,The Forest,,64.3,956,60,0.617,0.683,41,19,23345,13710,9635,61,35,80,186,32.8%,379.3,222.8,156.6,0.99,0.57,1.3,3.02,389.1,228.5,160.6,1.02,0.58,1.33,3.1,162,119,2.63,1.93,2.7,1.98
Master,RSC005524,Raunchyromanian,Heinous Henchmen,The Syndicate,,63.1,657,43,0.477,0.442,19,24,16278,9670,6608,45,21,57,127,35.4%,384.9,228.6,156.2,1.06,0.5,1.35,3.0,378.6,224.9,153.7,1.05,0.49,1.33,2.95,102,108,2.41,2.55,2.37,2.51
Master,RSC000787,Buckle,Glacier Mint,Minty Fresh,,60.7,654,44,0.599,0.636,28,16,16049,9360,6689,34,31,68,101,33.7%,381.2,222.3,158.9,0.81,0.74,1.62,2.4,364.8,212.7,152.0,0.77,0.7,1.55,2.3,104,80,2.47,1.9,2.36,1.82
Master,RSC000220,Sparcnovatg1,Recluses,Eight Legged Freaks,,60.6,446,28,0.428,0.429,12,16,9845,5720,4125,22,27,29,72,30.6%,342.9,199.2,143.7,0.77,0.94,1.01,2.51,351.6,204.3,147.3,0.79,0.96,1.04,2.57,65,78,2.26,2.72,2.32,2.79
Master,RSC003892,Treezy,Basilisks,The Forest,,60.5,784,48,0.633,0.708,34,14,18767,11580,7187,51,30,71,143,35.7%,371.8,229.4,142.4,1.01,0.59,1.41,2.83,391.0,241.3,149.7,1.06,0.63,1.48,2.98,139,98,2.75,1.94,2.9,2.04
Master,RSC000657,Saucey,Heinous Henchmen,The Syndicate,,59.9,914,59,0.443,0.407,24,35,21889,12370,9519,49,41,78,152,32.2%,372.0,210.2,161.8,0.83,0.7,1.33,2.58,371.0,209.7,161.3,0.83,0.69,1.32,2.58,136,157,2.31,2.67,2.31,2.66
Master,RSC001903,Plasma,Spectres,The Monster Mash,,59.7,836,58,0.515,0.534,31,27,20883,12220,8663,53,29,81,142,37.3%,388.0,227.1,161.0,0.98,0.54,1.51,2.64,360.1,210.7,149.4,0.91,0.5,1.4,2.45,131,126,2.43,2.34,2.26,2.17
Master,RSC002959,Jacks0Ntheboss,Stampede,Ox Gaming,,58.3,818,52,0.558,0.596,31,21,20634,11390,9244,41,33,88,124,33.1%,391.8,216.3,175.5,0.78,0.63,1.67,2.35,396.8,219.0,177.8,0.79,0.63,1.69,2.38,129,111,2.45,2.11,2.48,2.13
Master,RSC002888,Kri0S,Blackout,Electric Mayhem,,58.0,1010,60,0.552,0.6,36,24,25136,14310,10826,51,33,115,181,28.2%,386.6,220.1,166.5,0.78,0.51,1.77,2.78,418.9,238.5,180.4,0.85,0.55,1.92,3.02,148,129,2.28,1.98,2.47,2.15
Master,RSC000697,Dolphino,Blackout,Electric Mayhem,,57.4,1010,60,0.552,0.6,36,24,23747,14110,9637,60,37,88,186,32.3%,365.2,217.0,148.2,0.92,0.57,1.35,2.86,395.8,235.2,160.6,1.0,0.62,1.47,3.1,148,129,2.28,1.98,2.47,2.15
Master,RSC000374,Pletheros,"Helicoprions
Recluses","Shark Attack
Eight Legged Freaks",,57.0,125,8,0.456,0.5,4,4,2555,1370,1185,4,8,7,22,18.2%,317.5,170.2,147.3,0.5,0.99,0.87,2.73,319.4,171.3,148.1,0.5,1.0,0.88,2.75,16,18,1.99,2.24,2.0,2.25
Master,RSC003760,Wavepace,Feta Forgers,Cheese Guild,,56.5,601,40,0.558,0.65,26,14,13777,8650,5127,39,23,50,110,35.5%,356.1,223.6,132.5,1.01,0.59,1.29,2.84,344.4,216.3,128.2,0.98,0.58,1.25,2.75,102,88,2.64,2.27,2.55,2.2
Master,RSC001055,Scotti,Tempests,Storm,,55.5,395,27,0.507,0.519,14,13,8522,4960,3562,19,18,28,76,25.0%,335.1,195.1,140.1,0.75,0.71,1.1,2.99,315.6,183.7,131.9,0.7,0.67,1.04,2.81,57,56,2.24,2.2,2.11,2.07
Master,RSC005578,Rydexian,Oblivion,Event Horizon,,55.3,612,38,0.569,0.526,20,18,13389,7970,5419,32,28,45,112,28.6%,339.8,202.3,137.5,0.81,0.71,1.14,2.84,352.3,209.7,142.6,0.84,0.74,1.18,2.95,105,88,2.67,2.23,2.76,2.32
Master,RSC001889,Phelpsy,Glacier Mint,Minty Fresh,,54.9,693,47,0.564,0.553,26,21,16289,9630,6659,41,26,61,118,34.7%,365.1,215.9,149.3,0.92,0.58,1.37,2.64,346.6,204.9,141.7,0.87,0.55,1.3,2.51,112,95,2.51,2.13,2.38,2.02
Master,RSC002062,John Tingle,Hel,The Gods,,54.2,759,54,0.432,0.426,23,31,18210,9200,9010,36,28,59,125,28.8%,372.7,188.3,184.4,0.74,0.57,1.21,2.56,337.2,170.4,166.9,0.67,0.52,1.09,2.31,103,123,2.11,2.52,1.91,2.28
Master,RSC002332,Wespyyy,Orion,The Nexus,,53.4,929,60,0.552,0.517,31,29,20911,12270,8641,50,35,76,172,29.1%,349.6,205.2,144.5,0.84,0.59,1.27,2.88,348.5,204.5,144.0,0.83,0.58,1.27,2.87,153,134,2.56,2.24,2.55,2.23
Master,RSC003110,Rev,"Helicoprions
Orion","Shark Attack
The Nexus",,53.2,68,5,0.366,0.4,2,3,1645,750,895,2,3,6,10,20.0%,375.8,171.3,204.4,0.46,0.69,1.37,2.28,329.0,150.0,179.0,0.4,0.6,1.2,2.0,10,14,2.28,3.2,2.0,2.8
Master,RSC004476,Aub,Helicoprions,Shark Attack,,52.7,760,52,0.445,0.423,22,30,18601,10500,8101,46,24,70,120,38.3%,380.2,214.6,165.6,0.94,0.49,1.43,2.45,357.7,201.9,155.8,0.88,0.46,1.35,2.31,105,121,2.15,2.47,2.02,2.33
Master,RSC005373,Dvorl.Ttv,Basilisks,The Forest,,52.5,65,4,0.289,0.25,1,3,1590,890,700,2,3,9,9,22.2%,380.0,212.7,167.3,0.48,0.72,2.15,2.15,397.5,222.5,175.0,0.5,0.75,2.25,2.25,8,14,1.91,3.35,2.0,3.5
Master,RSC003792,Calc,Glacier Mint,Minty Fresh,,52.0,556,37,0.495,0.459,17,20,13213,7110,6103,30,19,45,91,33.0%,369.1,198.6,170.5,0.84,0.53,1.26,2.54,357.1,192.2,164.9,0.81,0.51,1.22,2.46,84,85,2.35,2.37,2.27,2.3
Master,RSC002313,Galico,Helicoprions,Shark Attack,,52.0,887,60,0.448,0.45,27,33,21460,11790,9670,39,31,98,144,27.1%,375.8,206.5,169.3,0.68,0.54,1.72,2.52,357.7,196.5,161.2,0.65,0.52,1.63,2.4,125,143,2.19,2.5,2.08,2.38
Master,RSC005391,Space Captain,Recluses,Eight Legged Freaks,,50.7,140,8,0.39,0.125,1,7,3139,1900,1239,8,5,12,25,32.0%,348.3,210.8,137.5,0.89,0.55,1.33,2.77,392.4,237.5,154.9,1.0,0.63,1.5,3.13,18,24,2.0,2.66,2.25,3.0
Master,RSC000588,Cash,Spectres,The Monster Mash,,49.9,567,41,0.483,0.488,20,21,12109,6360,5749,26,26,30,96,27.1%,331.7,174.2,157.5,0.71,0.71,0.82,2.63,295.3,155.1,140.2,0.63,0.63,0.73,2.34,91,95,2.49,2.6,2.22,2.32
Master,RSC000193,Shamurl,Tempests,Storm,,48.1,716,50,0.533,0.5,25,25,15737,8160,7577,32,30,46,116,27.6%,341.4,177.0,164.4,0.69,0.65,1.0,2.52,314.7,163.2,151.5,0.64,0.6,0.92,2.32,109,100,2.36,2.17,2.18,2.0
Master,RSC006317,Hec,Recluses,Eight Legged Freaks,,48.1,62,4,0.23,0.25,1,3,1533,780,753,0,3,11,8,0.0%,384.1,195.4,188.7,0.0,0.75,2.76,2.0,383.3,195.0,188.3,0.0,0.75,2.75,2.0,6,13,1.5,3.26,1.5,3.25
Master,RSC005220,Swax,Spectres,The Monster Mash,,47.8,394,28,0.513,0.5,14,14,8959,4880,4079,15,14,40,68,22.1%,353.2,192.4,160.8,0.59,0.55,1.58,2.68,320.0,174.3,145.7,0.54,0.5,1.43,2.43,61,59,2.4,2.33,2.18,2.11
Master,RSC006444,Iwonagoldtourney,Stampede,Ox Gaming,,47.1,816,52,0.558,0.577,30,22,17312,9880,7432,34,38,65,133,25.6%,329.6,188.1,141.5,0.65,0.72,1.24,2.53,332.9,190.0,142.9,0.65,0.73,1.25,2.56,128,110,2.44,2.09,2.46,2.12
Master,RSC005913,Aj,Orion,The Nexus,,46.4,313,22,0.492,0.5,11,11,6886,3680,3206,15,13,21,48,31.3%,341.7,182.6,159.1,0.74,0.65,1.04,2.38,313.0,167.3,145.7,0.68,0.59,0.95,2.18,49,50,2.43,2.48,2.23,2.27
Master,RSC005301,Nehtaro,Helicoprions,Shark Attack,,45.5,827,56,0.478,0.482,27,29,18530,9930,8600,34,34,72,123,27.6%,348.1,186.5,161.5,0.64,0.64,1.35,2.31,330.9,177.3,153.6,0.61,0.61,1.29,2.2,121,128,2.27,2.4,2.16,2.29
Master,RSC002908,Haerin,Feta Forgers,Cheese Guild,,45.3,849,56,0.485,0.571,32,24,19033,10150,8883,34,37,74,120,28.3%,348.2,185.7,162.5,0.62,0.68,1.35,2.2,339.9,181.3,158.6,0.61,0.66,1.32,2.14,129,134,2.36,2.45,2.3,2.39
Master,RSC003008,Generalzippy,Hel,The Gods,,44.7,842,58,0.417,0.431,25,33,19714,10580,9134,34,26,91,133,25.6%,363.7,195.2,168.5,0.63,0.48,1.68,2.45,339.9,182.4,157.5,0.59,0.45,1.57,2.29,107,133,1.97,2.45,1.84,2.29
Master,RSC003008,Generalzippy,Hel,The Gods,,44.7,842,58,0.417,0.431,25,33,19714,10580,9134,34,26,91,133,25.6%,363.7,195.2,168.5,0.63,0.48,1.68,2.45,339.9,182.4,157.5,0.59,0.45,1.57,2.29,107,133,1.97,2.45,1.84,2.29
Master,RSC002455,B10Ckyy,Recluses,Eight Legged Freaks,,44.2,670,40,0.407,0.35,14,26,16514,9610,6904,31,18,93,96,32.3%,382.9,222.8,160.1,0.72,0.42,2.16,2.23,412.9,240.3,172.6,0.78,0.45,2.33,2.4,87,111,2.02,2.57,2.18,2.78
Master,RSC000634,Badasswalrus,Care Bears,The Bear Den,,41.4,49,3,0.282,0.333,1,2,1166,610,556,1,2,7,6,16.7%,369.6,193.4,176.3,0.32,0.63,2.22,1.9,388.7,203.3,185.3,0.33,0.67,2.33,2.0,3,6,0.95,1.9,1.0,2.0
Master,RSC005204,Robtull1,Blues,Whale Defense,,41.1,927,57,0.555,0.614,35,22,19556,10510,9046,37,37,70,146,25.3%,327.7,176.1,151.6,0.62,0.62,1.17,2.45,343.1,184.4,158.7,0.65,0.65,1.23,2.56,142,123,2.38,2.06,2.49,2.16
Master,RSC000232,Unexpected,Lemurs,The Jungle,,40.6,793,46,0.42,0.304,14,32,16576,9410,7166,28,33,74,126,22.2%,324.7,184.3,140.4,0.55,0.65,1.45,2.47,360.3,204.6,155.8,0.61,0.72,1.61,2.74,97,120,1.9,2.35,2.11,2.61
Master,RSC004696,Nuggz,Orion,The Nexus,,39.5,709,45,0.557,0.511,23,22,14997,9080,5917,37,26,60,108,34.3%,328.6,198.9,129.6,0.81,0.57,1.31,2.37,333.3,201.8,131.5,0.82,0.58,1.33,2.4,117,101,2.56,2.21,2.6,2.24
Master,RSC006362,Dizzy,Care Bears,The Bear Den,,38.7,394,24,0.366,0.292,7,17,8405,4590,3815,14,17,36,54,25.9%,331.4,181.0,150.4,0.55,0.67,1.42,2.13,350.2,191.3,159.0,0.58,0.71,1.5,2.25,50,71,1.97,2.8,2.08,2.96
Master,RSC005499,R0Cket,Care Bears,The Bear Den,,37.0,842,52,0.395,0.365,19,33,18354,10220,8134,37,26,79,127,29.1%,338.6,188.5,150.1,0.68,0.48,1.46,2.34,353.0,196.5,156.4,0.71,0.5,1.52,2.44,112,147,2.07,2.71,2.15,2.83
Master,RSC000777,Marcus.,Care Bears,The Bear Den,,37.0,796,49,0.378,0.367,18,31,16628,9420,7208,33,29,69,122,27.0%,324.5,183.8,140.7,0.64,0.57,1.35,2.38,339.3,192.2,147.1,0.67,0.59,1.41,2.49,105,144,2.05,2.81,2.14,2.94
Master,RSC000009,Timbo,Care Bears,The Bear Den,,36.4,433,27,0.393,0.407,11,16,9506,5080,4426,20,6,39,83,24.1%,341.0,182.2,158.8,0.72,0.22,1.4,2.98,352.1,188.1,163.9,0.74,0.22,1.44,3.07,56,74,2.01,2.65,2.07,2.74
Master,RSC003445,Bosco,Heinous Henchmen,The Syndicate,,35.3,684,44,0.442,0.409,18,26,14791,8160,6631,29,21,64,101,28.7%,335.9,185.3,150.6,0.66,0.48,1.45,2.29,336.2,185.5,150.7,0.66,0.48,1.45,2.3,101,117,2.29,2.66,2.3,2.66
Master,RSC004730,Sgtpickle,Lemurs,The Jungle,,34.8,842,49,0.416,0.327,16,33,18174,10720,7454,36,25,92,127,28.3%,335.3,197.8,137.5,0.66,0.46,1.7,2.34,370.9,218.8,152.1,0.73,0.51,1.88,2.59,105,131,1.94,2.42,2.14,2.67
Master,RSC004911,Khamul,Hel,The Gods,,33.3,626,42,0.431,0.429,18,24,14034,7770,6264,27,16,68,87,31.0%,348.2,192.8,155.4,0.67,0.4,1.69,2.16,334.1,185.0,149.1,0.64,0.38,1.62,2.07,81,97,2.01,2.41,1.93,2.31
Master,RSC004412,Skillar -Famous-,Hel,The Gods,,32.9,55,4,0.295,0.5,2,2,1007,500,507,2,2,2,10,20.0%,284.4,141.2,143.2,0.56,0.56,0.56,2.82,251.8,125.0,126.8,0.5,0.5,0.5,2.5,5,9,1.41,2.54,1.25,2.25
Master,RSC005574,Cid No Meka,Blackout,Electric Mayhem,,32.8,995,59,0.564,0.61,36,23,19353,10990,8363,37,41,75,149,24.8%,302.1,171.6,130.6,0.58,0.64,1.17,2.33,328.0,186.3,141.7,0.63,0.69,1.27,2.53,148,125,2.31,1.95,2.51,2.12
Master,RSC002006,Avgjoeyb-,Heinous Henchmen,The Syndicate,,31.3,124,8,0.354,0.375,3,5,2387,1310,1077,5,4,8,21,23.8%,299.0,164.1,134.9,0.63,0.5,1.0,2.63,298.4,163.8,134.6,0.63,0.5,1.0,2.63,18,26,2.25,3.26,2.25,3.25
Master,RSC000016,Beans,Hel,The Gods,,28.3,331,22,0.38,0.455,10,12,6909,3720,3189,13,9,30,47,27.7%,324.2,174.6,149.7,0.61,0.42,1.41,2.21,314.0,169.1,145.0,0.59,0.41,1.36,2.14,40,55,1.88,2.58,1.82,2.5
Master,RSC004966,Buck,Blues,Whale Defense,,27.5,664,42,0.579,0.643,27,15,12438,7160,5278,31,21,39,106,29.2%,291.0,167.5,123.5,0.73,0.49,0.91,2.48,296.1,170.5,125.7,0.74,0.5,0.93,2.52,108,88,2.53,2.06,2.57,2.1
Master,RSC003321,Mew_Jr,Lemurs,The Jungle,,26.7,700,44,0.427,0.318,14,30,14798,8020,6778,31,16,63,97,32.0%,328.4,178.0,150.4,0.69,0.36,1.4,2.15,336.3,182.3,154.0,0.7,0.36,1.43,2.2,89,108,1.97,2.4,2.02,2.45
Master,RSC005320,Pulse Maggie,Lemurs,The Jungle,,24.2,115,6,0.29,0.167,1,5,2756,1460,1296,2,1,21,16,12.5%,372.3,197.2,175.1,0.27,0.14,2.84,2.16,459.3,243.3,216.0,0.33,0.17,3.5,2.67,6,12,0.81,1.62,1.0,2.0
Master,RSC005684,Vyvants,Recluses,Eight Legged Freaks,,22.4,454,28,0.288,0.25,7,21,9462,4680,4782,16,9,40,63,25.4%,323.7,160.1,163.6,0.55,0.31,1.37,2.16,337.9,167.1,170.8,0.57,0.32,1.43,2.25,44,80,1.51,2.74,1.57,2.86
Master,RSC004214,Miserable,Lemurs,The Jungle,,22.0,30,2,0.343,0.0,0,2,633,380,253,1,1,4,3,33.3%,327.8,196.8,131.0,0.52,0.52,2.07,1.55,316.5,190.0,126.5,0.5,0.5,2.0,1.5,4,6,2.07,3.11,2.0,3.0
Master,RSC005051,Supr3Me,Tempests,Storm,,21.5,148,10,0.342,0.3,3,7,3203,1440,1763,3,3,16,19,15.8%,336.2,151.1,185.0,0.31,0.31,1.68,1.99,320.3,144.0,176.3,0.3,0.3,1.6,1.9,17,26,1.78,2.73,1.7,2.6
Master,RSC003413,Md.,"Lemurs
Heinous Henchmen","The Jungle
The Syndicate",,19.6,621,37,0.429,0.378,14,23,12295,6550,5745,25,17,49,75,33.3%,307.5,163.8,143.7,0.63,0.43,1.23,1.88,332.3,177.0,155.3,0.68,0.46,1.32,2.03,92,110,2.3,2.75,2.49,2.97
Master,RSC002164,Dosia,Care Bears,The Bear Den,,18.9,420,25,0.346,0.28,7,18,7772,4220,3552,20,8,23,67,29.9%,287.4,156.1,131.4,0.74,0.3,0.85,2.48,310.9,168.8,142.1,0.8,0.32,0.92,2.68,49,74,1.81,2.74,1.96,2.96
Master,RSC002890,Myth1Ck,Recluses,Eight Legged Freaks,,18.2,700,44,0.312,0.295,13,31,13372,7280,6092,26,15,58,103,25.2%,296.7,161.5,135.2,0.58,0.33,1.29,2.29,303.9,165.5,138.5,0.59,0.34,1.32,2.34,76,127,1.69,2.82,1.73,2.89
Master,RSC005305,V,Feta Forgers,Cheese Guild,,17.9,303,20,0.3,0.35,7,13,5815,3140,2675,9,7,29,44,20.5%,298.1,161.0,137.1,0.46,0.36,1.49,2.26,290.8,157.0,133.8,0.45,0.35,1.45,2.2,33,57,1.69,2.92,1.65,2.85
Master,RSC005170,Frenchy,"Heinous Henchmen
Lemurs
Tempests","The Syndicate
The Jungle
Storm",,15.6,331,23,0.289,0.13,3,20,6541,3340,3201,13,4,27,49,26.5%,307.0,156.7,150.2,0.61,0.19,1.27,2.3,284.4,145.2,139.2,0.57,0.17,1.17,2.13,32,58,1.5,2.72,1.39,2.52
Master,RSC000623,Wall2Wall3,"Stampede
Tempests","Ox Gaming
Storm",,15.3,261,18,0.429,0.333,6,12,5130,2580,2550,7,6,25,33,21.2%,305.3,153.6,151.8,0.42,0.36,1.49,1.96,285.0,143.3,141.7,0.39,0.33,1.39,1.83,34,41,2.02,2.44,1.89,2.28
Master,RSC004595,Draxz2Time,Blues,Whale Defense,,8.8,375,21,0.48,0.571,12,9,6084,3770,2314,13,11,28,52,25.0%,252.0,156.2,95.9,0.54,0.46,1.16,2.15,289.7,179.5,110.2,0.62,0.52,1.33,2.48,56,59,2.32,2.44,2.67,2.81
Master,RSC000235,Zck,Stampede,Ox Gaming,,7.3,14,1,0.727,1.0,1,0,264,170,94,1,0,1,2,50.0%,292.9,188.6,104.3,1.11,0.0,1.11,2.22,264.0,170.0,94.0,1.0,0.0,1.0,2.0,2,1,2.22,1.11,2.0,1.0
Master,RSC000235,Zck,Stampede,Ox Gaming,,7.3,14,1,0.727,1.0,1,0,264,170,94,1,0,1,2,50.0%,292.9,188.6,104.3,1.11,0.0,1.11,2.22,264.0,170.0,94.0,1.0,0.0,1.0,2.0,2,1,2.22,1.11,2.0,1.0
Master,RSC000265,Croph,Spectres,The Monster Mash,,5.3,46,3,0.441,0.333,1,2,734,350,384,0,2,4,5,0.0%,247.9,118.2,129.7,0.0,0.68,1.35,1.69,244.7,116.7,128.0,0.0,0.67,1.33,1.67,6,7,2.03,2.36,2.0,2.33
Master,RSC004371,Djcasualties,Helicoprions,Shark Attack,,4.8,60,4,0.11,0.0,0,4,1251,600,651,1,1,8,5,20.0%,323.9,155.3,168.5,0.26,0.26,2.07,1.29,312.8,150.0,162.8,0.25,0.25,2.0,1.25,4,15,1.04,3.88,1.0,3.75
Master,RSC005705,Rapidz 0_0,Recluses,Eight Legged Freaks,,-6.4,68,4,0.318,0.0,0,4,1083,560,523,1,2,6,6,16.7%,247.4,127.9,119.5,0.23,0.46,1.37,1.37,270.8,140.0,130.8,0.25,0.5,1.5,1.5,8,13,1.83,2.97,2.0,3.25
Master,RSC006282,Smevdoe,Heinous Henchmen,The Syndicate,,-12.9,111,6,0.328,0.167,1,5,1906,1150,756,3,1,14,10,30.0%,266.7,160.9,105.8,0.42,0.14,1.96,1.4,317.7,191.7,126.0,0.5,0.17,2.33,1.67,14,22,1.96,3.08,2.33,3.67
Master,RSC004794,Buddha,Recluses,Eight Legged Freaks,,-16.2,131,8,0.405,0.25,2,6,1990,940,1050,4,1,7,14,28.6%,236.0,111.5,124.5,0.47,0.12,0.83,1.66,248.8,117.5,131.3,0.5,0.13,0.88,1.75,18,23,2.13,2.73,2.25,2.88
Master,RSC000774,Earth,Blackout,Electric Mayhem,,-40.2,15,1,0.0,0.0,0,1,98,30,68,0,0,0,3,0.0%,101.5,31.1,70.4,0.0,0.0,0.0,3.11,98.0,30.0,68.0,0.0,0.0,0.0,3.0,0,4,0.0,4.14,0.0,4.0
Elite,RSC005100,Fluffy,Quasars,The Cosmos,Lunar,130.5,69,4,0.765,1.0,4,0,2106,1320,786,5,6,7,17,29.4%,481.4,301.7,179.7,1.14,1.37,1.6,3.89,526.5,330.0,196.5,1.25,1.5,1.75,4.25,13,6,2.97,1.37,3.25,1.5
Elite,RSC005100,Fluffy,Quasars,The Cosmos,Lunar,130.5,69,4,0.765,1.0,4,0,2106,1320,786,5,6,7,17,29.4%,481.4,301.7,179.7,1.14,1.37,1.6,3.89,526.5,330.0,196.5,1.25,1.5,1.75,4.25,13,6,2.97,1.37,3.25,1.5
Elite,RSC004407,Rootbear,Cotija Cartel,Cheese Guild,Lunar,95.5,70,4,0.642,0.75,3,1,1821,1030,791,3,6,6,13,23.1%,410.3,232.1,178.2,0.68,1.35,1.35,2.93,455.3,257.5,197.8,0.75,1.5,1.5,3.25,13,9,2.93,2.03,3.25,2.25
Elite,RSC003073,Perkls,Thunder,Electric Mayhem,Lunar,92.5,55,4,0.389,0.25,1,3,1559,1010,549,6,3,3,11,54.5%,447.1,289.7,157.4,1.72,0.86,0.86,3.15,389.8,252.5,137.3,1.5,0.75,0.75,2.75,10,13,2.87,3.73,2.5,3.25
Elite,RSC001790,Viglio,Thunder,Electric Mayhem,Lunar,91.7,889,55,0.655,0.709,39,16,24654,15510,9144,77,39,76,206,37.4%,437.4,275.2,162.2,1.37,0.69,1.35,3.65,448.3,282.0,166.3,1.4,0.71,1.38,3.75,168,112,2.98,1.99,3.05,2.04
Elite,RSC005917,Gavalanche,Finbacks,Whale Defense,Solar,87.2,814,54,0.56,0.593,32,22,22921,13080,9841,48,36,98,158,30.4%,444.2,253.5,190.7,0.93,0.7,1.9,3.06,424.5,242.2,182.2,0.89,0.67,1.81,2.93,134,115,2.6,2.23,2.48,2.13
Elite,RSC006478,Wontay,Desolation,Event Horizon,Solar,85.6,263,17,0.545,0.588,10,7,7099,4290,2809,19,13,24,54,35.2%,425.8,257.3,168.5,1.14,0.78,1.44,3.24,417.6,252.4,165.2,1.12,0.76,1.41,3.18,48,43,2.88,2.58,2.82,2.53
Elite,RSC004208,Super,Sloths,The Jungle,Solar,85.1,807,52,0.728,0.769,40,12,22728,13020,9708,54,30,90,162,33.3%,444.2,254.5,189.7,1.06,0.59,1.76,3.17,437.1,250.4,186.7,1.04,0.58,1.73,3.12,134,69,2.62,1.35,2.58,1.33
Elite,RSC002476,Fartnor,Great Whites,Shark Attack,Lunar,83.3,865,56,0.756,0.821,46,10,22407,13370,9037,62,46,61,182,34.1%,408.6,243.8,164.8,1.13,0.84,1.11,3.32,400.1,238.8,161.4,1.11,0.82,1.09,3.25,172,83,3.14,1.51,3.07,1.48
Elite,RSC002944,Paylosoul,Ghastly Goombahs,The Syndicate,Lunar,81.6,1055,64,0.635,0.656,42,22,29156,17670,11486,84,39,104,212,39.6%,435.9,264.2,171.7,1.26,0.58,1.55,3.17,455.6,276.1,179.5,1.31,0.61,1.63,3.31,179,125,2.68,1.87,2.8,1.95
Elite,RSC000363,Relax,"Vibranium
Teddy Bears","Metal
The Bear Den",Lunar,80.3,747,50,0.486,0.58,29,21,20774,11530,9244,41,30,92,133,30.8%,438.7,243.5,195.2,0.87,0.63,1.94,2.81,415.5,230.6,184.9,0.82,0.6,1.84,2.66,109,113,2.3,2.39,2.18,2.26
Elite,RSC005017,Leavanny,Great Whites,Shark Attack,Lunar,79.5,930,60,0.752,0.817,49,11,24380,15220,9160,75,40,75,197,38.1%,413.5,258.1,155.4,1.27,0.68,1.27,3.34,406.3,253.7,152.7,1.25,0.67,1.25,3.28,184,90,3.12,1.53,3.07,1.5
Elite,RSC003178,Snack Time!,"Geeky Ghouls
Knights
Desolation","Ghoul School
The Sovereign
Event Horizon",Solar,77.2,194,12,0.549,0.5,6,6,4999,2830,2169,13,7,15,43,30.2%,406.4,230.1,176.4,1.06,0.57,1.22,3.5,416.6,235.8,180.8,1.08,0.58,1.25,3.58,35,31,2.85,2.52,2.92,2.58
Elite,RSC003784,Rollsroyceowner,"Ghastly Goombahs
Finbacks","The Syndicate
Whale Defense",Solar,74.7,549,37,0.635,0.649,24,13,14861,8730,6131,38,23,57,93,40.9%,427.0,250.8,176.1,1.09,0.66,1.64,2.67,401.6,235.9,165.7,1.03,0.62,1.54,2.51,102,72,2.93,2.07,2.76,1.95
Elite,RSC005290,Imoldgreg67,Azathoth,The Mythos,Lunar,72.1,872,56,0.61,0.643,36,20,20871,12760,8111,58,41,60,191,30.4%,377.5,230.8,146.7,1.05,0.74,1.09,3.45,372.7,227.9,144.8,1.04,0.73,1.07,3.41,148,111,2.68,2.01,2.64,1.98
Elite,RSC002148,Sir Mcdouble,Widows,Eight Legged Freaks,Lunar,71.2,871,55,0.521,0.455,25,30,22282,13280,9002,62,28,77,183,33.9%,403.5,240.5,163.0,1.12,0.51,1.39,3.31,405.1,241.5,163.7,1.13,0.51,1.4,3.33,134,127,2.43,2.3,2.44,2.31
Elite,RSC005030,Joe,Sloths,The Jungle,Solar,70.3,702,46,0.757,0.804,37,9,17460,9950,7510,42,31,57,135,31.1%,392.3,223.6,168.7,0.94,0.7,1.28,3.03,379.6,216.3,163.3,0.91,0.67,1.24,2.93,134,64,3.01,1.44,2.91,1.39
Elite,RSC005375,Ay G.,Wendigos,The Forest,Solar,70.0,970,62,0.534,0.5,31,31,24684,14540,10144,65,32,89,199,32.7%,401.4,236.4,165.0,1.06,0.52,1.45,3.24,398.1,234.5,163.6,1.05,0.52,1.44,3.21,143,131,2.33,2.13,2.31,2.11
Elite,RSC006292,Iluvnewjeans.,Cotija Cartel,Cheese Guild,Lunar,68.8,474,30,0.454,0.467,14,16,11682,6440,5242,27,19,37,94,28.7%,388.7,214.3,174.4,0.9,0.63,1.23,3.13,389.4,214.7,174.7,0.9,0.63,1.23,3.13,73,82,2.43,2.73,2.43,2.73
Elite,RSC006468,Alphachuck,Sloths,The Jungle,Solar,67.3,69,4,0.841,1.0,4,0,1575,940,635,4,6,3,9,44.4%,360.0,214.9,145.2,0.91,1.37,0.69,2.06,393.8,235.0,158.8,1.0,1.5,0.75,2.25,19,7,4.34,1.6,4.75,1.75
Elite,RSC005741,Rinuku,Quasars,The Cosmos,Lunar,67.1,225,12,0.632,0.75,9,3,4863,2850,2013,12,13,10,50,24.0%,340.9,199.8,141.1,0.84,0.91,0.7,3.51,405.3,237.5,167.8,1.0,1.08,0.83,4.17,37,26,2.59,1.82,3.08,2.17
Elite,RSC003082,Skulzy9,Azathoth,The Mythos,Lunar,66.7,987,64,0.599,0.641,41,23,24427,13980,10447,59,43,83,178,33.1%,390.4,223.4,167.0,0.94,0.69,1.33,2.84,381.7,218.4,163.2,0.92,0.67,1.3,2.78,163,126,2.6,2.01,2.55,1.97
Elite,RSC006087,Doortk,Sloths,The Jungle,Solar,66.5,876,56,0.714,0.786,44,12,21095,12270,8825,43,42,85,162,26.5%,379.8,220.9,158.9,0.77,0.76,1.53,2.92,376.7,219.1,157.6,0.77,0.75,1.52,2.89,152,83,2.74,1.49,2.71,1.48
Elite,RSC004132,Rob,Quasars,The Cosmos,Lunar,66.1,856,52,0.566,0.596,31,21,21209,12940,8269,60,31,74,169,35.5%,390.8,238.4,152.4,1.11,0.57,1.36,3.11,407.9,248.8,159.0,1.15,0.6,1.42,3.25,150,127,2.76,2.34,2.88,2.44
Elite,RSC004734,Siiderij23,Quasars,The Cosmos,Lunar,66.0,706,44,0.553,0.568,25,19,16706,10140,6566,40,42,57,119,33.6%,373.2,226.5,146.7,0.89,0.94,1.27,2.66,379.7,230.5,149.2,0.91,0.95,1.3,2.7,119,104,2.66,2.32,2.7,2.36
Elite,RSC000119,Nue.,Desolation,Event Horizon,Solar,66.0,681,44,0.466,0.409,18,26,17227,9830,7397,38,27,70,118,32.2%,399.0,227.7,171.3,0.88,0.63,1.62,2.73,391.5,223.4,168.1,0.86,0.61,1.59,2.68,101,110,2.34,2.55,2.3,2.5
Elite,RSC005024,Sspekky,"Fire
Vibranium","The Elements
Metal",Solar,65.7,962,60,0.529,0.583,35,25,23949,13810,10139,54,31,99,191,28.3%,392.7,226.4,166.2,0.89,0.51,1.62,3.13,399.2,230.2,169.0,0.9,0.52,1.65,3.18,139,129,2.28,2.12,2.32,2.15
Elite,RSC005936,Vexingvertigo,Aquarius,The Nexus,Solar,65.5,952,59,0.555,0.525,31,28,23302,13510,9792,65,36,67,186,34.9%,386.1,223.8,162.2,1.08,0.6,1.11,3.08,394.9,229.0,166.0,1.1,0.61,1.14,3.15,152,132,2.52,2.19,2.58,2.24
Elite,RSC004147,Atlasxv,Great Whites,Shark Attack,Lunar,65.2,126,8,0.793,0.875,7,1,2893,1870,1023,7,8,11,22,31.8%,362.2,234.1,128.1,0.88,1.0,1.38,2.75,361.6,233.8,127.9,0.88,1.0,1.38,2.75,28,12,3.51,1.5,3.5,1.5
Elite,RSC000714,Duffydoug,"Teddy Bears
Anglers
Thunder","The Bear Den
The Abyss
Electric Mayhem",Lunar,64.9,526,32,0.476,0.531,17,15,13159,7590,5569,37,18,40,99,37.4%,394.6,227.6,167.0,1.11,0.54,1.2,2.97,411.2,237.2,174.0,1.16,0.56,1.25,3.09,80,85,2.4,2.55,2.5,2.66
Elite,RSC000130,Anthage,Anjou,Ox Gaming,Solar,64.7,939,60,0.556,0.583,35,25,23584,13770,9814,49,35,109,167,29.3%,396.2,231.3,164.9,0.82,0.59,1.83,2.81,393.1,229.5,163.6,0.82,0.58,1.82,2.78,150,130,2.52,2.18,2.5,2.17
Elite,RSC003928,Trevey.,Aquarius,The Nexus,Solar,64.4,166,10,0.485,0.5,5,5,3753,2230,1523,8,11,12,28,28.6%,356.6,211.9,144.7,0.76,1.05,1.14,2.66,375.3,223.0,152.3,0.8,1.1,1.2,2.8,27,28,2.57,2.66,2.7,2.8
Elite,RSC002691,Soup,Geeky Ghouls,Ghoul School,Solar,64.1,833,53,0.441,0.491,26,27,20611,12690,7921,58,34,74,149,38.9%,390.3,240.3,150.0,1.1,0.64,1.4,2.82,388.9,239.4,149.5,1.09,0.64,1.4,2.81,134,155,2.54,2.94,2.53,2.92
Elite,RSC004582,Canine,"Gelato
Vibranium","Fifty-Fifty Pizzeria
Metal",Lunar,64.0,728,48,0.514,0.521,25,23,18416,10310,8106,39,30,75,116,33.6%,399.0,223.4,175.6,0.84,0.65,1.62,2.51,383.7,214.8,168.9,0.81,0.63,1.56,2.42,113,109,2.45,2.36,2.35,2.27
Elite,RSC004843,Colossal Beast,"Finbacks
Knights","Whale Defense
The Sovereign",Lunar,63.5,907,55,0.553,0.545,30,25,22243,13400,8843,62,34,76,170,36.5%,386.8,233.0,153.8,1.08,0.59,1.32,2.96,404.4,243.6,160.8,1.13,0.62,1.38,3.09,141,123,2.45,2.14,2.56,2.24
Elite,RSC000666,Aeb311,Geeky Ghouls,Ghoul School,Solar,62.8,755,49,0.466,0.469,23,26,18314,10260,8054,38,37,68,121,31.4%,382.6,214.3,168.3,0.79,0.77,1.42,2.53,373.8,209.4,164.4,0.78,0.76,1.39,2.47,125,136,2.61,2.84,2.55,2.78
Elite,RSC005065,Acp.,Great Whites,Shark Attack,Lunar,62.8,851,55,0.752,0.818,45,10,20435,11430,9005,40,43,78,138,29.0%,378.8,211.9,166.9,0.74,0.8,1.45,2.56,371.5,207.8,163.7,0.73,0.78,1.42,2.51,166,81,3.08,1.5,3.02,1.47
Elite,RSC000093,Beckols,Anglers,The Abyss,Lunar,61.6,306,17,0.582,0.588,10,7,7142,4400,2742,15,15,32,55,27.3%,368.1,226.8,141.3,0.77,0.77,1.65,2.84,420.1,258.8,161.3,0.88,0.88,1.88,3.24,46,37,2.37,1.91,2.71,2.18
Elite,RSC005298,Alexk,Santa Muerte,The Gods,Lunar,60.8,937,59,0.473,0.475,28,31,22451,13400,9051,53,44,87,155,34.2%,377.9,225.6,152.4,0.89,0.74,1.46,2.61,380.5,227.1,153.4,0.9,0.75,1.47,2.63,145,155,2.44,2.61,2.46,2.63
Elite,RSC005201,Stonewall,Aquarius,The Nexus,Solar,60.6,826,51,0.567,0.549,28,23,19360,11080,8280,37,37,81,148,25.0%,369.7,211.6,158.1,0.71,0.71,1.55,2.83,379.6,217.3,162.4,0.73,0.73,1.59,2.9,131,110,2.5,2.1,2.57,2.16
Elite,RSC002444,Blender,"Wendigos
Anglers","The Forest
The Abyss",Lunar,60.4,911,60,0.506,0.433,26,34,21654,12360,9294,51,43,72,151,33.8%,374.9,214.0,160.9,0.88,0.74,1.25,2.61,360.9,206.0,154.9,0.85,0.72,1.2,2.52,145,143,2.51,2.48,2.42,2.38
Elite,RSC005152,Dfat22,Summoned,Destined,Solar,60.4,981,58,0.549,0.569,33,25,23272,14190,9082,60,32,92,199,30.2%,374.2,228.2,146.0,0.96,0.51,1.48,3.2,401.2,244.7,156.6,1.03,0.55,1.59,3.43,138,121,2.22,1.95,2.38,2.09
Elite,RSC004874,Krueger_02,Ghastly Goombahs,The Syndicate,Lunar,59.5,1055,64,0.635,0.656,42,22,26235,14530,11705,47,47,120,148,31.8%,392.2,217.2,175.0,0.7,0.7,1.79,2.21,409.9,227.0,182.9,0.73,0.73,1.88,2.31,179,125,2.68,1.87,2.8,1.95
Elite,RSC000626,Canadianregaining,Finbacks,Whale Defense,Solar,59.2,889,58,0.576,0.586,34,24,21120,12220,8900,51,38,74,152,33.6%,374.7,216.8,157.9,0.9,0.67,1.31,2.7,364.1,210.7,153.4,0.88,0.66,1.28,2.62,145,119,2.57,2.11,2.5,2.05
Elite,RSC002105,Flexy,"Santa Muerte
Desolation","The Gods
Event Horizon",Lunar,58.3,986,64,0.492,0.469,30,34,22626,12290,10336,47,36,77,194,24.2%,362.0,196.6,165.3,0.75,0.58,1.23,3.1,353.5,192.0,161.5,0.73,0.56,1.2,3.03,145,148,2.32,2.37,2.27,2.31
Elite,RSC003505,G,Cotija Cartel,Cheese Guild,Lunar,58.0,41,3,0.594,0.667,2,1,1152,540,612,2,1,5,4,50.0%,443.2,207.7,235.4,0.77,0.38,1.92,1.54,384.0,180.0,204.0,0.67,0.33,1.67,1.33,4,3,1.54,1.15,1.33,1.0
Elite,RSC002425,Kourses,Summoned,Destined,Solar,57.9,847,50,0.604,0.66,33,17,20411,11140,9271,41,26,84,154,26.6%,380.1,207.5,172.6,0.76,0.48,1.56,2.87,408.2,222.8,185.4,0.82,0.52,1.68,3.08,127,96,2.37,1.79,2.54,1.92
Elite,RSC004353,Super (Change),Rottweilers,Puppy Paradise,Solar,57.7,705,52,0.461,0.558,29,23,17179,9070,8109,33,26,67,112,29.5%,384.4,202.9,181.4,0.74,0.58,1.5,2.51,330.4,174.4,155.9,0.63,0.5,1.29,2.15,108,119,2.42,2.66,2.08,2.29
Elite,RSC000617,Dav,Menthol,Minty Fresh,Solar,57.4,1006,61,0.534,0.541,33,28,23847,13690,10157,58,39,84,174,33.3%,373.9,214.6,159.3,0.91,0.61,1.32,2.73,390.9,224.4,166.5,0.95,0.64,1.38,2.85,152,139,2.38,2.18,2.49,2.28
Elite,RSC002498,Justin,Gelato,Fifty-Fifty Pizzeria,Lunar,56.7,740,47,0.496,0.489,23,24,17062,9540,7522,40,25,57,144,27.8%,363.7,203.3,160.3,0.85,0.53,1.21,3.07,363.0,203.0,160.0,0.85,0.53,1.21,3.06,110,111,2.34,2.37,2.34,2.36
Elite,RSC003705,Skybud_,"Knights
Finbacks
Cyclones","The Sovereign
Whale Defense
Storm",Solar,56.7,350,25,0.572,0.52,13,12,8172,4170,4002,15,15,27,57,26.3%,368.3,187.9,180.4,0.68,0.68,1.22,2.57,326.9,166.8,160.1,0.6,0.6,1.08,2.28,52,43,2.34,1.94,2.08,1.72
Elite,RSC004090,Likewisse,"Vibranium
Ravioli Rangers","Metal
Italian Battalion",Lunar,56.6,777,47,0.464,0.468,22,25,18810,10790,8020,34,27,95,129,26.4%,381.8,219.0,162.8,0.69,0.55,1.93,2.62,400.2,229.6,170.6,0.72,0.57,2.02,2.74,113,124,2.29,2.52,2.4,2.64
Elite,RSC000278,Tinsel,Menthol,Minty Fresh,Solar,56.0,662,39,0.614,0.667,26,13,15295,9050,6245,39,28,52,115,33.9%,364.4,215.6,148.8,0.93,0.67,1.24,2.74,392.2,232.1,160.1,1.0,0.72,1.33,2.95,107,79,2.55,1.88,2.74,2.03
Elite,RSC005899,Djretirementhome,Vibranium,Metal,Solar,56.0,779,50,0.578,0.68,34,16,17506,9870,7636,29,36,76,137,21.2%,354.5,199.8,154.6,0.59,0.73,1.54,2.77,350.1,197.4,152.7,0.58,0.72,1.52,2.74,111,90,2.25,1.82,2.22,1.8
Elite,RSC005183,Kagurashinkiller,Anjou,Ox Gaming,Solar,55.7,987,62,0.542,0.581,36,26,22649,12760,9889,54,44,70,166,32.5%,362.0,203.9,158.0,0.86,0.7,1.12,2.65,365.3,205.8,159.5,0.87,0.71,1.13,2.68,156,140,2.49,2.24,2.52,2.26
Elite,RSC000030,Adeadm0053,Azathoth,The Mythos,Lunar,55.5,833,54,0.61,0.667,36,18,19362,10580,8782,34,39,79,128,26.6%,366.6,200.3,166.3,0.64,0.74,1.5,2.42,358.6,195.9,162.6,0.63,0.72,1.46,2.37,140,105,2.65,1.99,2.59,1.94
Elite,RSC003656,Clamhammer,Cotija Cartel,Cheese Guild,Lunar,54.2,59,4,0.057,0.0,0,4,1288,620,668,1,2,6,12,8.3%,344.3,165.8,178.6,0.27,0.53,1.6,3.21,322.0,155.0,167.0,0.25,0.5,1.5,3.0,3,17,0.8,4.54,0.75,4.25
Elite,RSC003055,Lad,"Cyclones
Hydras","Storm
Draconem",Solar,53.9,718,48,0.45,0.354,17,31,17831,10170,7661,48,20,65,112,42.9%,391.7,223.4,168.3,1.05,0.44,1.43,2.46,371.5,211.9,159.6,1.0,0.42,1.35,2.33,102,116,2.24,2.55,2.13,2.42
Elite,RSC005274,King.,Hydras,Draconem,Solar,53.7,438,30,0.391,0.3,9,21,10117,5090,5027,19,16,33,74,25.7%,364.3,183.3,181.0,0.68,0.58,1.19,2.66,337.2,169.7,167.6,0.63,0.53,1.1,2.47,54,72,1.94,2.59,1.8,2.4
Elite,RSC004910,Seefoo,Hydras,Draconem,Solar,53.4,757,51,0.461,0.392,20,31,17236,9130,8106,28,28,72,133,21.1%,359.1,190.2,168.9,0.58,0.58,1.5,2.77,338.0,179.0,158.9,0.55,0.55,1.41,2.61,105,116,2.19,2.42,2.06,2.27
Elite,RSC004634,Gob!,"Chefs Kiss
Cyclones","The Bakery
Storm",Solar,53.4,273,16,0.5,0.5,8,8,5937,3430,2507,14,9,20,58,24.1%,343.0,198.2,144.8,0.81,0.52,1.16,3.35,371.1,214.4,156.7,0.88,0.56,1.25,3.63,35,35,2.02,2.02,2.19,2.19
Elite,RSC005066,Holey Shmoley,Cotija Cartel,Cheese Guild,Lunar,53.2,502,31,0.419,0.419,13,18,11309,6110,5199,23,23,37,81,28.4%,355.3,192.0,163.4,0.72,0.72,1.16,2.55,364.8,197.1,167.7,0.74,0.74,1.19,2.61,70,86,2.2,2.7,2.26,2.77
Elite,RSC005768,Naro,Mechanical,Energy,Lunar,52.6,1063,63,0.441,0.397,25,38,24226,13800,10426,54,40,91,185,29.2%,359.5,204.8,154.7,0.8,0.59,1.35,2.75,384.5,219.0,165.5,0.86,0.63,1.44,2.94,154,179,2.29,2.66,2.44,2.84
Elite,RSC004324,Notkyto,Sloths,The Jungle,Solar,52.4,402,26,0.626,0.692,18,8,9664,5710,3954,25,12,39,66,37.9%,379.2,224.0,155.1,0.98,0.47,1.53,2.59,371.7,219.6,152.1,0.96,0.46,1.5,2.54,67,48,2.63,1.88,2.58,1.85
Elite,RSC000183,Rex,Demons,The Monster Mash,Lunar,52.2,1020,63,0.387,0.317,20,43,24384,13440,10944,44,31,117,164,26.8%,377.1,207.8,169.2,0.68,0.48,1.81,2.54,387.0,213.3,173.7,0.7,0.49,1.86,2.6,127,171,1.96,2.64,2.02,2.71
Elite,RSC001612,Reverse Fridge,Anglers,The Abyss,Lunar,52.1,728,48,0.483,0.417,20,28,17110,10310,6800,43,27,70,116,37.1%,370.7,223.4,147.3,0.93,0.58,1.52,2.51,356.5,214.8,141.7,0.9,0.56,1.46,2.42,117,122,2.53,2.64,2.44,2.54
Elite,RSC000552,Cerealkiller,Rottweilers,Puppy Paradise,Solar,51.0,810,58,0.455,0.517,30,28,18624,10240,8384,36,33,75,124,29.0%,362.7,199.4,163.3,0.7,0.64,1.46,2.41,321.1,176.6,144.6,0.62,0.57,1.29,2.14,116,130,2.26,2.53,2.0,2.24
Elite,RSC003399,Josan (Needs To Respond),"Anglers
Wendigos","The Abyss
The Forest",Solar,50.6,853,53,0.574,0.547,29,24,18813,10200,8613,37,40,63,135,27.4%,347.9,188.6,159.3,0.68,0.74,1.16,2.5,355.0,192.5,162.5,0.7,0.75,1.19,2.55,122,100,2.26,1.85,2.3,1.89
Elite,RSC006397,War Xeon,Thunder,Electric Mayhem,Lunar,50.1,209,13,0.5,0.538,7,6,4660,2580,2080,10,7,17,38,26.3%,351.7,194.7,157.0,0.75,0.53,1.28,2.87,358.5,198.5,160.0,0.77,0.54,1.31,2.92,31,31,2.34,2.34,2.38,2.38
Elite,RSC006165,Drummerboy2022,Anglers,The Abyss,Lunar,50.0,874,56,0.54,0.5,28,28,18942,11200,7742,51,31,57,170,30.0%,341.9,202.1,139.7,0.92,0.56,1.03,3.07,338.3,200.0,138.3,0.91,0.55,1.02,3.04,147,133,2.65,2.4,2.63,2.38
Elite,RSC000805,Deezmuffinz,Rottweilers,Puppy Paradise,Solar,50.0,753,52,0.467,0.538,28,24,17609,9830,7779,44,21,62,128,34.4%,368.9,205.9,162.9,0.92,0.44,1.3,2.68,338.6,189.0,149.6,0.85,0.4,1.19,2.46,115,125,2.41,2.62,2.21,2.4
Elite,RSC000011,Vulp The Philosopher,"Wendigos
Ghastly Goombahs","The Forest
The Syndicate",Lunar,49.7,442,27,0.5,0.407,11,16,9734,5740,3994,14,21,52,69,20.3%,347.4,204.8,142.5,0.5,0.75,1.86,2.46,360.5,212.6,147.9,0.52,0.78,1.93,2.56,63,63,2.25,2.25,2.33,2.33
Elite,RSC004487,Savant,Rottweilers,Puppy Paradise,Solar,49.5,353,26,0.454,0.423,11,15,8315,4450,3865,19,13,28,50,38.0%,371.5,198.8,172.7,0.85,0.58,1.25,2.23,319.8,171.2,148.7,0.73,0.5,1.08,1.92,58,65,2.59,2.9,2.23,2.5
Elite,RSC001292,Flamethrowr,Mechanical,Energy,Lunar,49.4,897,53,0.486,0.453,24,29,20303,12270,8033,54,28,77,162,33.3%,357.0,215.8,141.3,0.95,0.49,1.35,2.85,383.1,231.5,151.6,1.02,0.53,1.45,3.06,139,144,2.44,2.53,2.62,2.72
Elite,RSC005734,Bas Radala,Ghastly Goombahs,The Syndicate,Lunar,49.4,385,23,0.79,0.826,19,4,8042,5120,2922,22,18,26,72,30.6%,329.5,209.8,119.7,0.9,0.74,1.07,2.95,349.7,222.6,127.0,0.96,0.78,1.13,3.13,76,32,3.11,1.31,3.3,1.39
Elite,RSC000124,Mrfelon,"Hydras
Cyclones","Draconem
Storm",Solar,49.3,451,28,0.402,0.321,9,19,10468,5650,4818,18,13,49,75,24.0%,366.1,197.6,168.5,0.63,0.45,1.71,2.62,373.9,201.8,172.1,0.64,0.46,1.75,2.68,49,64,1.71,2.24,1.75,2.29
Elite,RSC000021,Tyty,Onions,The Garden,Solar,49.3,661,43,0.413,0.395,17,26,14968,8150,6818,30,23,58,110,27.3%,357.2,194.5,162.7,0.72,0.55,1.38,2.62,348.1,189.5,158.6,0.7,0.53,1.35,2.56,87,109,2.08,2.6,2.02,2.53
Elite,RSC006377,Goodday,"Gelato
Knights","Fifty-Fifty Pizzeria
The Sovereign",Lunar,49.2,749,47,0.486,0.511,24,23,16352,8740,7612,28,32,62,124,22.6%,344.4,184.1,160.3,0.59,0.67,1.31,2.61,347.9,186.0,162.0,0.6,0.68,1.32,2.64,108,112,2.27,2.36,2.3,2.38
Elite,RSC005434,Blaster50,Flailers,The Quad Dynasty,Lunar,48.7,837,53,0.442,0.434,23,30,19354,10380,8974,37,31,78,123,30.1%,364.7,195.6,169.1,0.7,0.58,1.47,2.32,365.2,195.8,169.3,0.7,0.58,1.47,2.32,109,127,2.05,2.39,2.06,2.4
Elite,RSC000508,Bender_Escobar,"Hydras
Fire","Draconem
The Elements",Solar,48.3,678,46,0.429,0.348,16,30,14708,8440,6268,29,31,58,109,26.6%,342.2,196.4,145.8,0.67,0.72,1.35,2.54,319.7,183.5,136.3,0.63,0.67,1.26,2.37,89,107,2.07,2.49,1.93,2.33
Elite,RSC003709,Dlnaod.,Vibranium,Metal,Solar,48.1,991,62,0.548,0.645,40,22,22945,13600,9345,58,31,93,160,36.3%,365.2,216.5,148.7,0.92,0.49,1.48,2.55,370.1,219.4,150.7,0.94,0.5,1.5,2.58,144,127,2.29,2.02,2.32,2.05
Elite,RSC000690,Paco,Santa Muerte,The Gods,Lunar,47.3,565,37,0.392,0.351,13,24,12584,7150,5434,29,24,44,85,34.1%,351.3,199.6,151.7,0.81,0.67,1.23,2.37,340.1,193.2,146.9,0.78,0.65,1.19,2.3,79,104,2.21,2.9,2.14,2.81
Elite,RSC004212,Glitch;,Widows,Eight Legged Freaks,Lunar,47.1,210,12,0.56,0.5,6,6,4340,2670,1670,12,8,13,42,28.6%,326.0,200.5,125.4,0.9,0.6,0.98,3.15,361.7,222.5,139.2,1.0,0.67,1.08,3.5,35,30,2.63,2.25,2.92,2.5
Elite,RSC002161,Theangrytryhard,Menthol,Minty Fresh,Solar,47.1,988,60,0.532,0.533,32,28,21483,12530,8953,41,32,100,183,22.4%,343.0,200.0,142.9,0.65,0.51,1.6,2.92,358.1,208.8,149.2,0.68,0.53,1.67,3.05,149,137,2.38,2.19,2.48,2.28
Elite,RSC000867,Ritter,Flailers,The Quad Dynasty,Lunar,47.1,910,58,0.435,0.431,25,33,20541,11640,8901,40,30,93,149,26.8%,356.0,201.8,154.3,0.69,0.52,1.61,2.58,354.2,200.7,153.5,0.69,0.52,1.6,2.57,119,141,2.06,2.44,2.05,2.43
Elite,RSC001784,Vengeance,Thunder,Electric Mayhem,Lunar,46.8,980,61,0.63,0.672,41,20,21606,12510,9096,52,35,78,166,31.3%,347.8,201.4,146.4,0.84,0.56,1.26,2.67,354.2,205.1,149.1,0.85,0.57,1.28,2.72,183,131,2.95,2.11,3.0,2.15
Elite,RSC000371,Capn' Clutch,Onions,The Garden,Solar,46.5,714,44,0.4,0.432,19,25,16039,9140,6899,30,27,74,109,27.5%,354.3,201.9,152.4,0.66,0.6,1.63,2.41,364.5,207.7,156.8,0.68,0.61,1.68,2.48,86,112,1.9,2.47,1.95,2.55
Elite,RSC000438,Limon,Menthol,Minty Fresh,Solar,46.4,362,23,0.401,0.348,8,15,7995,4110,3885,14,14,29,56,25.0%,348.4,179.1,169.3,0.61,0.61,1.26,2.44,347.6,178.7,168.9,0.61,0.61,1.26,2.43,48,62,2.09,2.7,2.09,2.7
Elite,RSC005336,Go Fig,Santa Muerte,The Gods,Lunar,46.4,566,36,0.491,0.444,16,20,12851,7440,5411,29,19,54,89,32.6%,358.1,207.3,150.8,0.81,0.53,1.5,2.48,357.0,206.7,150.3,0.81,0.53,1.5,2.47,89,91,2.48,2.54,2.47,2.53
Elite,RSC005286,Darii,Anjou,Ox Gaming,Solar,46.1,796,50,0.533,0.58,29,21,16706,10110,6596,44,36,51,136,32.4%,331.0,200.3,130.7,0.87,0.71,1.01,2.69,334.1,202.2,131.9,0.88,0.72,1.02,2.72,125,115,2.48,2.28,2.5,2.3
Elite,RSC004015,Vybe,Aquarius,The Nexus,Solar,45.7,765,48,0.566,0.521,25,23,16609,9680,6929,39,29,61,128,30.5%,342.5,199.6,142.9,0.8,0.6,1.26,2.64,346.0,201.7,144.4,0.81,0.6,1.27,2.67,121,102,2.49,2.1,2.52,2.13
Elite,RSC003111,Judgemental,Thunder,Electric Mayhem,Lunar,45.4,767,48,0.611,0.625,30,18,16001,9070,6931,30,44,56,107,28.0%,329.1,186.5,142.5,0.62,0.9,1.15,2.2,333.4,189.0,144.4,0.63,0.92,1.17,2.23,143,108,2.94,2.22,2.98,2.25
Elite,RSC001986,Colinn,Fire,The Elements,Solar,45.2,963,60,0.489,0.533,32,28,20816,12150,8666,54,35,67,165,32.7%,341.0,199.0,141.9,0.88,0.57,1.1,2.7,346.9,202.5,144.4,0.9,0.58,1.12,2.75,141,145,2.31,2.37,2.35,2.42
Elite,RSC005634,Zuleta,"Ghastly Goombahs
Flailers","The Syndicate
The Quad Dynasty",Lunar,45.0,464,29,0.546,0.621,18,11,10715,5730,4985,23,14,41,68,33.8%,364.2,194.8,169.5,0.78,0.48,1.39,2.31,369.5,197.6,171.9,0.79,0.48,1.41,2.34,72,64,2.45,2.18,2.48,2.21
Elite,RSC000579,Crypt_Rl,"Flailers
Aquarius
Wendigos
Sloths
Cyclones","The Quad Dynasty
The Nexus
The Forest
The Jungle
Storm",Solar,44.8,552,35,0.536,0.629,22,13,12348,6780,5568,25,22,48,78,32.1%,352.8,193.7,159.1,0.71,0.63,1.37,2.23,352.8,193.7,159.1,0.71,0.63,1.37,2.23,77,70,2.2,2.0,2.2,2.0
Elite,RSC006459,Daylon,"Cyclones
Anglers
Widows","Storm
The Abyss
Eight Legged Freaks",Solar,44.6,491,32,0.423,0.375,12,20,10582,5250,5332,17,20,36,75,22.7%,339.9,168.7,171.3,0.55,0.64,1.16,2.41,330.7,164.1,166.6,0.53,0.63,1.13,2.34,69,84,2.22,2.7,2.16,2.63
Elite,RSC005807,Peakingpineapple,"Widows
Quasars
Chefs Kiss","Eight Legged Freaks
The Cosmos
The Bakery",Lunar,43.8,479,30,0.489,0.367,11,19,10172,5520,4652,23,15,32,87,26.4%,335.0,181.8,153.2,0.76,0.49,1.05,2.86,339.1,184.0,155.1,0.77,0.5,1.07,2.9,70,72,2.31,2.37,2.33,2.4
Elite,RSC003866,Skizzbo,Flailers,The Quad Dynasty,Lunar,43.6,599,39,0.442,0.436,17,22,13018,7140,5878,25,22,52,94,26.6%,342.8,188.0,154.8,0.66,0.58,1.37,2.48,333.8,183.1,150.7,0.64,0.56,1.33,2.41,80,93,2.11,2.45,2.05,2.38
Elite,RSC003380,Revan,Quasars,The Cosmos,Lunar,43.1,769,48,0.566,0.604,29,19,16268,9330,6938,38,34,53,118,32.2%,333.7,191.4,142.3,0.78,0.7,1.09,2.42,338.9,194.4,144.5,0.79,0.71,1.1,2.46,137,116,2.81,2.38,2.85,2.42
Elite,RSC002209,Panick,Knights,The Sovereign,Lunar,42.1,855,53,0.513,0.453,24,29,18440,10440,8000,38,31,75,134,28.4%,340.2,192.6,147.6,0.7,0.57,1.38,2.47,347.9,197.0,150.9,0.72,0.58,1.42,2.53,120,116,2.21,2.14,2.26,2.19
Elite,RSC000203,Frostybrew,Demons,The Monster Mash,Lunar,41.8,740,46,0.463,0.413,19,27,16022,8950,7072,34,26,62,115,29.6%,341.5,190.8,150.7,0.72,0.55,1.32,2.45,348.3,194.6,153.7,0.74,0.57,1.35,2.5,99,109,2.11,2.32,2.15,2.37
Elite,RSC005903,Qwn,Teddy Bears,The Bear Den,Lunar,40.9,704,46,0.41,0.413,19,27,15755,8500,7255,33,22,62,100,33.0%,353.0,190.4,162.5,0.74,0.49,1.39,2.24,342.5,184.8,157.7,0.72,0.48,1.35,2.17,96,121,2.15,2.71,2.09,2.63
Elite,RSC000344,Mezmer,"Vibranium
Gelato","Metal
Fifty-Fifty Pizzeria",Solar,40.9,646,40,0.454,0.525,21,19,14880,8400,6480,32,15,70,95,33.7%,363.3,205.1,158.2,0.78,0.37,1.71,2.32,372.0,210.0,162.0,0.8,0.38,1.75,2.38,86,97,2.1,2.37,2.15,2.43
Elite,RSC001019,Surge,Knights,The Sovereign,Lunar,40.6,621,40,0.525,0.475,19,21,13018,6840,6178,21,25,51,94,22.3%,330.7,173.7,156.9,0.53,0.63,1.3,2.39,325.5,171.0,154.5,0.53,0.63,1.28,2.35,95,89,2.41,2.26,2.38,2.23
Elite,RSC000287,Cookie :>,"Quasars
Vibranium","The Cosmos
Metal",Lunar,40.1,305,20,0.473,0.55,11,9,6349,3580,2769,12,12,26,48,25.0%,328.3,185.1,143.2,0.62,0.62,1.34,2.48,317.5,179.0,138.5,0.6,0.6,1.3,2.4,40,43,2.07,2.22,2.0,2.15
Elite,RSC003717,Cel,Aquarius,The Nexus,Solar,40.0,57,4,0.604,0.5,2,2,990,520,470,1,5,2,7,14.3%,274.0,143.9,130.1,0.28,1.38,0.55,1.94,247.5,130.0,117.5,0.25,1.25,0.5,1.75,14,11,3.87,3.04,3.5,2.75
Elite,RSC000954,Yullbrenna,Geeky Ghouls,Ghoul School,Solar,39.9,567,37,0.471,0.459,17,20,11818,6440,5378,29,24,30,84,34.5%,328.8,179.2,149.6,0.81,0.67,0.83,2.34,319.4,174.1,145.4,0.78,0.65,0.81,2.27,95,102,2.64,2.84,2.57,2.76
Elite,RSC001487,Mikeismyike,Geeky Ghouls,Ghoul School,Solar,39.5,765,49,0.456,0.51,25,24,15890,9000,6890,34,32,57,115,29.6%,327.6,185.6,142.1,0.7,0.66,1.18,2.37,324.3,183.7,140.6,0.69,0.65,1.16,2.35,123,137,2.54,2.82,2.51,2.8
Elite,RSC002615,Gman,Ravioli Rangers,Italian Battalion,Lunar,38.7,258,16,0.275,0.188,3,13,5885,3290,2595,16,5,21,39,41.0%,359.8,201.1,158.6,0.98,0.31,1.28,2.38,367.8,205.6,162.2,1.0,0.31,1.31,2.44,32,58,1.96,3.55,2.0,3.63
Elite,RSC004198,Cereal21,Chefs Kiss,The Bakery,Solar,38.5,762,49,0.347,0.347,17,32,16454,9260,7194,29,21,82,121,24.0%,340.6,191.7,148.9,0.6,0.43,1.7,2.5,335.8,189.0,146.8,0.59,0.43,1.67,2.47,81,123,1.68,2.55,1.65,2.51
Elite,RSC000314,Yoza,Cotija Cartel,Cheese Guild,Lunar,38.5,520,34,0.298,0.265,9,25,11145,6290,4855,21,19,50,74,28.4%,338.1,190.8,147.3,0.64,0.58,1.52,2.24,327.8,185.0,142.8,0.62,0.56,1.47,2.18,66,112,2.0,3.4,1.94,3.29
Elite,RSC005782,Caleb,Summoned,Destined,Solar,38.1,402,25,0.507,0.52,13,12,8267,4770,3497,18,16,31,62,29.0%,324.4,187.2,137.2,0.71,0.63,1.22,2.43,330.7,190.8,139.9,0.72,0.64,1.24,2.48,56,55,2.2,2.16,2.24,2.2
Elite,RSC003167,Kenny,Chefs Kiss,The Bakery,Solar,37.8,994,63,0.348,0.317,20,43,21636,10920,10716,34,25,95,152,22.4%,343.3,173.3,170.0,0.54,0.4,1.51,2.41,343.4,173.3,170.1,0.54,0.4,1.51,2.41,113,170,1.79,2.7,1.79,2.7
Elite,RSC004606,Nova_,Teddy Bears,The Bear Den,Lunar,37.4,864,56,0.407,0.411,23,33,18509,10340,8169,30,29,93,124,24.2%,337.9,188.8,149.1,0.55,0.53,1.7,2.26,330.5,184.6,145.9,0.54,0.52,1.66,2.21,113,144,2.06,2.63,2.02,2.57
Elite,RSC000960,Catlas,Cotija Cartel,Cheese Guild,Lunar,37.1,401,24,0.526,0.542,13,11,8191,4410,3781,20,9,24,76,26.3%,322.2,173.5,148.7,0.79,0.35,0.94,2.99,341.3,183.8,157.5,0.83,0.38,1.0,3.17,61,57,2.4,2.24,2.54,2.38
Elite,RSC006000,Janixity.,Teddy Bears,The Bear Den,Lunar,36.1,140,10,0.263,0.4,4,6,2717,1580,1137,5,6,11,23,21.7%,306.1,178.0,128.1,0.56,0.68,1.24,2.59,271.7,158.0,113.7,0.5,0.6,1.1,2.3,17,32,1.92,3.61,1.7,3.2
Elite,RSC000819,Jwanderz,"Desolation
Cyclones","Event Horizon
Storm",Solar,35.5,484,30,0.387,0.367,11,19,9425,5250,4175,21,15,30,90,23.3%,307.2,171.1,136.1,0.68,0.49,0.98,2.93,314.2,175.0,139.2,0.7,0.5,1.0,3.0,61,82,1.99,2.67,2.03,2.73
Elite,RSC000310,Chrisakamrxd,Anjou,Ox Gaming,Solar,35.2,266,17,0.606,0.647,11,6,5328,2990,2338,12,9,18,44,27.3%,315.9,177.3,138.6,0.71,0.53,1.07,2.61,313.4,175.9,137.5,0.71,0.53,1.06,2.59,46,35,2.73,2.08,2.71,2.06
Elite,RSC002046,Queeds,"Chefs Kiss
Cyclones","The Bakery
Storm",Solar,35.0,485,29,0.354,0.241,7,22,10122,5480,4642,19,15,42,73,26.0%,329.2,178.2,151.0,0.62,0.49,1.37,2.37,349.0,189.0,160.1,0.66,0.52,1.45,2.52,51,76,1.66,2.47,1.76,2.62
Elite,RSC000923,Stemantics,"Knights
Gelato","The Sovereign
Fifty-Fifty Pizzeria",Lunar,34.7,775,47,0.42,0.362,17,30,15688,9220,6468,30,27,73,122,24.6%,319.3,187.7,131.6,0.61,0.55,1.49,2.48,333.8,196.2,137.6,0.64,0.57,1.55,2.6,98,121,1.99,2.46,2.09,2.57
Elite,RSC005705,Rapidz 0_0,"Cyclones
Cotija Cartel","Storm
Cheese Guild",Solar,34.7,420,27,0.296,0.333,9,18,9026,4700,4326,9,11,53,60,15.0%,339.0,176.5,162.5,0.34,0.41,1.99,2.25,334.3,174.1,160.2,0.33,0.41,1.96,2.22,42,74,1.58,2.78,1.56,2.74
Elite,RSC000235,Zck,"Teddy Bears
Ravioli Rangers","The Bear Den
Italian Battalion",Lunar,34.1,664,41,0.448,0.366,15,26,14061,7960,6101,33,13,58,111,29.7%,334.0,189.1,144.9,0.78,0.31,1.38,2.64,343.0,194.1,148.8,0.8,0.32,1.41,2.71,90,103,2.14,2.45,2.2,2.51
Elite,RSC000235,Zck,"Teddy Bears
Ravioli Rangers","The Bear Den
Italian Battalion",Lunar,34.1,664,41,0.448,0.366,15,26,14061,7960,6101,33,13,58,111,29.7%,334.0,189.1,144.9,0.78,0.31,1.38,2.64,343.0,194.1,148.8,0.8,0.32,1.41,2.71,90,103,2.14,2.45,2.2,2.51
Elite,RSC004889,Steeltoehammer,Widows,Eight Legged Freaks,Lunar,33.1,764,48,0.487,0.417,20,28,15158,8040,7118,20,33,67,104,19.2%,312.9,166.0,147.0,0.41,0.68,1.38,2.15,315.8,167.5,148.3,0.42,0.69,1.4,2.17,115,119,2.37,2.46,2.4,2.48
Elite,RSC006427,Verza,"Cotija Cartel
Demons","Cheese Guild
The Monster Mash",Lunar,31.8,531,33,0.397,0.364,12,21,9951,5290,4661,24,16,22,99,24.2%,295.6,157.1,138.5,0.71,0.48,0.65,2.94,301.5,160.3,141.2,0.73,0.48,0.67,3.0,68,89,2.02,2.64,2.06,2.7
Elite,RSC003358,Galacticcccc,Mechanical,Energy,Lunar,31.7,738,44,0.447,0.409,18,26,14484,8440,6044,32,29,54,109,29.4%,309.6,180.4,129.2,0.68,0.62,1.15,2.33,329.2,191.8,137.4,0.73,0.66,1.23,2.48,113,129,2.42,2.76,2.57,2.93
Elite,RSC003981,Rhino Is Trash,Hydras,Draconem,Solar,31.0,363,25,0.471,0.4,10,15,7466,3850,3616,16,9,25,55,29.1%,324.4,167.3,157.1,0.7,0.39,1.09,2.39,298.6,154.0,144.6,0.64,0.36,1.0,2.2,52,56,2.26,2.43,2.08,2.24
Elite,RSC000730,Sillybunny,Cyclones,Storm,Solar,30.5,67,4,0.234,0.0,0,4,1657,850,807,2,1,11,5,40.0%,390.1,200.1,190.0,0.47,0.24,2.59,1.18,414.3,212.5,201.8,0.5,0.25,2.75,1.25,6,13,1.41,3.06,1.5,3.25
Elite,RSC001848,"Peeg :>, Lol.",Wendigos,The Forest,Solar,30.4,666,44,0.573,0.568,25,19,12619,6830,5789,19,26,52,103,18.4%,298.9,161.8,137.1,0.45,0.62,1.23,2.44,286.8,155.2,131.6,0.43,0.59,1.18,2.34,104,86,2.46,2.04,2.36,1.95
Elite,RSC003887,Cundy,"Onions
Desolation
Azathoth","The Garden
Event Horizon
The Mythos",Solar,30.3,713,46,0.455,0.413,19,27,14554,8100,6454,32,20,57,105,30.5%,322.0,179.2,142.8,0.71,0.44,1.26,2.32,316.4,176.1,140.3,0.7,0.43,1.24,2.28,96,108,2.12,2.39,2.09,2.35
Elite,RSC005373,Dvorl.Ttv,Wendigos,The Forest,Solar,30.2,306,18,0.516,0.5,9,9,6286,3820,2466,16,10,26,42,38.1%,324.0,196.9,127.1,0.82,0.52,1.34,2.16,349.2,212.2,137.0,0.89,0.56,1.44,2.33,49,47,2.53,2.42,2.72,2.61
Elite,RSC005508,Lil Windex,Onions,The Garden,Solar,30.1,322,21,0.424,0.524,11,10,6615,3450,3165,14,7,24,50,28.0%,324.0,169.0,155.0,0.69,0.34,1.18,2.45,315.0,164.3,150.7,0.67,0.33,1.14,2.38,41,50,2.01,2.45,1.95,2.38
Elite,RSC000197,Kareemostyle,Fire,The Elements,Solar,30.1,963,60,0.489,0.533,32,28,19573,10540,9033,36,28,83,139,25.9%,320.6,172.6,148.0,0.59,0.46,1.36,2.28,326.2,175.7,150.6,0.6,0.47,1.38,2.32,141,145,2.31,2.37,2.35,2.42
Elite,RSC003113,Nebulade,Ravioli Rangers,Italian Battalion,Lunar,30.0,841,53,0.364,0.321,17,36,16907,9240,7667,34,32,63,109,31.2%,317.1,173.3,143.8,0.64,0.6,1.18,2.04,319.0,174.3,144.7,0.64,0.6,1.19,2.06,112,159,2.1,2.98,2.11,3.0
Elite,RSC000080,Murloc,Demons,The Monster Mash,Lunar,29.5,839,52,0.391,0.346,18,34,16838,9430,7408,37,21,67,133,27.8%,316.6,177.3,139.3,0.7,0.39,1.26,2.5,323.8,181.3,142.5,0.71,0.4,1.29,2.56,106,141,1.99,2.65,2.04,2.71
Elite,RSC004630,Supe,Widows,Eight Legged Freaks,Lunar,28.9,727,47,0.416,0.383,18,29,15036,8280,6756,31,18,65,103,30.1%,326.2,179.6,146.6,0.67,0.39,1.41,2.23,319.9,176.2,143.7,0.66,0.38,1.38,2.19,93,116,2.02,2.52,1.98,2.47
Elite,RSC005658,Ray,"Ravioli Rangers
Flailers","Italian Battalion
The Quad Dynasty",Lunar,28.2,505,33,0.249,0.212,7,26,10547,5570,4977,22,8,44,77,28.6%,329.4,174.0,155.5,0.69,0.25,1.37,2.41,319.6,168.8,150.8,0.67,0.24,1.33,2.33,60,118,1.87,3.69,1.82,3.58
Elite,RSC002271,Cameron,"Desolation
Santa Muerte","Event Horizon
The Gods",Solar,27.3,788,52,0.392,0.288,15,37,15477,7880,7597,28,28,53,103,27.2%,309.8,157.7,152.1,0.56,0.56,1.06,2.06,297.6,151.5,146.1,0.54,0.54,1.02,1.98,115,151,2.3,3.02,2.21,2.9
Elite,RSC005531,Shim_Sham,Cyclones,Storm,Solar,26.1,622,40,0.307,0.325,13,27,13329,7340,5989,26,9,69,84,31.0%,338.0,186.1,151.9,0.66,0.23,1.75,2.13,333.2,183.5,149.7,0.65,0.23,1.73,2.1,64,109,1.62,2.76,1.6,2.73
Elite,RSC002892,Nickm,Onions,The Garden,Solar,25.1,930,60,0.396,0.383,23,37,18260,10390,7870,38,23,81,139,27.3%,309.7,176.2,133.5,0.64,0.39,1.37,2.36,304.3,173.2,131.2,0.63,0.38,1.35,2.32,118,155,2.0,2.63,1.97,2.58
Elite,RSC006363,Sirwillard,Fire,The Elements,Solar,24.5,63,4,0.574,0.5,2,2,1121,660,461,3,2,3,11,27.3%,280.7,165.2,115.4,0.75,0.5,0.75,2.75,280.3,165.0,115.3,0.75,0.5,0.75,2.75,12,10,3.0,2.5,3.0,2.5
Elite,RSC003014,Sea Punk,Ravioli Rangers,Italian Battalion,Lunar,24.3,524,33,0.362,0.364,12,21,9955,5680,4275,18,20,44,68,26.5%,299.7,171.0,128.7,0.54,0.6,1.32,2.05,301.7,172.1,129.5,0.55,0.61,1.33,2.06,78,110,2.35,3.31,2.36,3.33
Elite,RSC000621,Ogkrish,Summoned,Destined,Solar,24.1,992,59,0.556,0.593,35,24,18902,10440,8462,36,32,77,139,25.9%,300.6,166.0,134.5,0.57,0.51,1.22,2.21,320.4,176.9,143.4,0.61,0.54,1.31,2.36,144,124,2.29,1.97,2.44,2.1
Elite,RSC006295,Whybusy,"Cyclones
Rottweilers","Storm
Puppy Paradise",Solar,24.0,106,6,0.229,0.167,1,5,2102,1030,1072,5,1,6,18,27.8%,312.8,153.3,159.5,0.74,0.15,0.89,2.68,350.3,171.7,178.7,0.83,0.17,1.0,3.0,9,20,1.34,2.98,1.5,3.33
Elite,RSC006008,Croutqn,"Aquarius
Quasars
Desolation
Hydras","The Nexus
The Cosmos
Event Horizon
Draconem",Solar,23.1,448,29,0.348,0.207,6,23,8843,4530,4313,14,12,39,58,24.1%,311.3,159.5,151.9,0.49,0.42,1.37,2.04,304.9,156.2,148.7,0.48,0.41,1.34,2.0,49,74,1.73,2.61,1.69,2.55
Elite,RSC003150,Slate,Gelato,Fifty-Fifty Pizzeria,Lunar,22.3,549,35,0.462,0.514,18,17,10741,5920,4821,28,13,34,77,36.4%,308.6,170.1,138.5,0.8,0.37,0.98,2.21,306.9,169.1,137.7,0.8,0.37,0.97,2.2,79,87,2.27,2.5,2.26,2.49
Elite,RSC002407,Envy,"Desolation
Gelato","Event Horizon
Fifty-Fifty Pizzeria",Solar,21.2,128,8,0.273,0.125,1,7,2828,1620,1208,8,0,13,17,47.1%,348.5,199.6,148.9,0.99,0.0,1.6,2.09,353.5,202.5,151.0,1.0,0.0,1.63,2.13,14,26,1.73,3.2,1.75,3.25
Elite,RSC001921,Dom,Desolation,Event Horizon,Solar,20.0,115,8,0.401,0.25,2,6,2019,990,1029,2,3,9,19,10.5%,276.9,135.8,141.1,0.27,0.41,1.23,2.61,252.4,123.8,128.6,0.25,0.38,1.13,2.38,13,17,1.78,2.33,1.63,2.13
Elite,RSC002729,Hoes,Chefs Kiss,The Bakery,Solar,18.7,672,43,0.322,0.279,12,31,12748,6810,5938,23,16,56,91,25.3%,299.2,159.8,139.4,0.54,0.38,1.31,2.14,296.5,158.4,138.1,0.53,0.37,1.3,2.12,77,124,1.81,2.91,1.79,2.88
Elite,RSC002178,Bird,Mechanical,Energy,Lunar,16.0,201,12,0.176,0.083,1,11,3841,1950,1891,6,2,19,30,20.0%,301.4,153.0,148.4,0.47,0.16,1.49,2.35,320.1,162.5,157.6,0.5,0.17,1.58,2.5,14,39,1.1,3.06,1.17,3.25
Elite,RSC005203,Lordpinhead,Cotija Cartel,Cheese Guild,Lunar,15.2,61,4,0.014,0.0,0,4,1254,580,674,1,0,8,8,12.5%,324.3,150.0,174.3,0.26,0.0,2.07,2.07,313.5,145.0,168.5,0.25,0.0,2.0,2.0,1,16,0.26,4.14,0.25,4.0
Elite,RSC005831,Bladedraptor,Finbacks,Whale Defense,Solar,14.9,375,24,0.588,0.542,13,11,6693,3540,3153,10,11,30,49,20.4%,281.5,148.9,132.6,0.42,0.46,1.26,2.06,278.9,147.5,131.4,0.42,0.46,1.25,2.04,58,46,2.44,1.93,2.42,1.92
Elite,RSC000173,Wray,Teddy Bears,The Bear Den,Lunar,14.5,311,20,0.409,0.5,10,10,5734,3350,2384,11,10,28,35,31.4%,290.8,169.9,120.9,0.56,0.51,1.42,1.78,286.7,167.5,119.2,0.55,0.5,1.4,1.75,47,59,2.38,2.99,2.35,2.95
Elite,RSC002747,Derrrrrrrrp,Mechanical,Energy,Lunar,10.9,335,20,0.492,0.5,10,10,5644,3390,2254,10,11,28,44,22.7%,265.7,159.6,106.1,0.47,0.52,1.32,2.07,282.2,169.5,112.7,0.5,0.55,1.4,2.2,48,49,2.26,2.31,2.4,2.45
Elite,RSC006482,Bigronton,Cyclones,Storm,Solar,2.9,198,12,0.392,0.25,3,9,3270,1940,1330,4,7,20,19,21.1%,260.5,154.5,106.0,0.32,0.56,1.59,1.51,272.5,161.7,110.8,0.33,0.58,1.67,1.58,29,38,2.31,3.03,2.42,3.17
Elite,RSC000341,Therogerseffect,Demons,The Monster Mash,Lunar,2.0,402,24,0.263,0.083,2,22,6761,3550,3211,9,11,34,40,22.5%,265.3,139.3,126.0,0.35,0.43,1.33,1.57,281.7,147.9,133.8,0.38,0.46,1.42,1.67,42,81,1.65,3.18,1.75,3.38
Elite,RSC006390,Mytixs,Cotija Cartel,Cheese Guild,Lunar,1.5,345,22,0.291,0.318,7,15,5986,3170,2816,12,4,27,42,28.6%,273.7,144.9,128.7,0.55,0.18,1.23,1.92,272.1,144.1,128.0,0.55,0.18,1.23,1.91,40,70,1.83,3.2,1.82,3.18
Elite,RSC006465,Lilchris0921,Quasars,The Cosmos,Lunar,-5.3,69,4,0.765,1.0,4,0,1166,460,706,2,1,3,6,33.3%,266.5,105.2,161.4,0.46,0.23,0.69,1.37,291.5,115.0,176.5,0.5,0.25,0.75,1.5,13,6,2.97,1.37,3.25,1.5
Elite,RSC003427,(P|F)Ineapple,"Widows
Quasars
Great Whites
Desolation","Eight Legged Freaks
The Cosmos
Shark Attack
Event Horizon",Solar,-6.6,448,32,0.295,0.219,7,25,7075,3230,3845,8,7,32,48,16.7%,249.1,113.7,135.4,0.28,0.25,1.13,1.69,221.1,100.9,120.2,0.25,0.22,1.0,1.5,42,75,1.48,2.64,1.31,2.34
Elite,RSC005215,Countrywolfz,Anglers,The Abyss,Lunar,-8.7,62,4,0.229,0.0,0,4,809,480,329,1,2,4,8,12.5%,205.8,122.1,83.7,0.25,0.51,1.02,2.04,202.3,120.0,82.3,0.25,0.5,1.0,2.0,6,13,1.53,3.31,1.5,3.25
Contender,RSC006307,Boostqueenniico,Scooters,The Quad Dynasty,Lunar,99.6,620,46,0.55,0.522,24,22,20161,12010,8151,62,27,60,146,42.5%,442.4,263.5,178.8,1.36,0.59,1.32,3.2,438.3,261.1,177.2,1.35,0.59,1.3,3.17,118,104,2.59,2.28,2.57,2.26
Contender,RSC004679,Shadic148,Dagon,The Mythos,Lunar,94.8,640,47,0.775,0.851,40,7,19218,11540,7678,57,34,53,149,38.3%,408.5,245.3,163.2,1.21,0.72,1.13,3.17,408.9,245.5,163.4,1.21,0.72,1.13,3.17,147,66,3.12,1.4,3.13,1.4
Contender,RSC006435,Tw Desty,Ionic,Energy,Lunar,80.1,712,50,0.67,0.74,37,13,18987,10570,8417,44,41,52,152,28.9%,362.8,202.0,160.8,0.84,0.78,0.99,2.9,379.7,211.4,168.3,0.88,0.82,1.04,3.04,147,93,2.81,1.78,2.94,1.86
Contender,RSC006369,Nate,Ionic,Energy,Lunar,75.0,579,41,0.739,0.805,33,8,15194,9650,5544,45,33,48,110,40.9%,357.0,226.7,130.3,1.06,0.78,1.13,2.58,370.6,235.4,135.2,1.1,0.8,1.17,2.68,126,64,2.96,1.5,3.07,1.56
Contender,RSC005059,Techfour,Dagon,The Mythos,Lunar,72.2,634,45,0.753,0.822,37,8,15601,9330,6271,45,35,35,133,33.8%,334.7,200.2,134.6,0.97,0.75,0.75,2.85,346.7,207.3,139.4,1.0,0.78,0.78,2.96,142,69,3.05,1.48,3.16,1.53
Contender,RSC004681,Speciial_Eddy,Cheese Pizza,Fifty-Fifty Pizzeria,Lunar,67.8,147,12,0.399,0.417,5,7,3601,1710,1891,4,10,11,26,15.4%,333.2,158.2,175.0,0.37,0.93,1.02,2.41,300.1,142.5,157.6,0.33,0.83,0.92,2.17,24,31,2.22,2.87,2.0,2.58
Contender,RSC005549,Sugar_Biscuit20,Dagon,The Mythos,Lunar,67.1,669,48,0.753,0.813,39,9,16789,10160,6629,48,31,50,131,36.6%,341.4,206.6,134.8,0.98,0.63,1.02,2.66,349.8,211.7,138.1,1.0,0.65,1.04,2.73,152,74,3.09,1.5,3.17,1.54
Contender,RSC006384,Itsnotaxtro,Ice,The Elements,Solar,66.9,453,38,0.522,0.5,19,19,11983,6370,5613,23,21,44,82,28.0%,359.9,191.3,168.6,0.69,0.63,1.32,2.46,315.3,167.6,147.7,0.61,0.55,1.16,2.16,72,68,2.16,2.04,1.89,1.79
Contender,RSC006323,Deneyed,Samurai,The Sovereign,Lunar,66.2,710,51,0.541,0.608,31,20,18239,10940,7299,57,28,49,139,41.0%,349.5,209.6,139.8,1.09,0.54,0.94,2.66,357.6,214.5,143.1,1.12,0.55,0.96,2.73,132,119,2.53,2.28,2.59,2.33
Contender,RSC006240,Canadian Gamer,Cheese Pizza,Fifty-Fifty Pizzeria,Lunar,63.4,736,56,0.524,0.5,28,28,19783,11040,8743,53,31,60,119,44.5%,365.7,204.1,161.6,0.98,0.57,1.11,2.2,353.3,197.1,156.1,0.95,0.55,1.07,2.13,135,127,2.5,2.35,2.41,2.27
Contender,RSC006439,Sel_En_Ium,Cheese Pizza,Fifty-Fifty Pizzeria,Lunar,61.4,370,30,0.612,0.567,17,13,9483,5080,4403,19,19,33,58,32.8%,348.7,186.8,161.9,0.7,0.7,1.21,2.13,316.1,169.3,146.8,0.63,0.63,1.1,1.93,76,57,2.79,2.1,2.53,1.9
Contender,RSC005422,Buckring,Aluminum,Metal,Solar,59.5,759,55,0.529,0.491,27,28,19376,11510,7866,45,36,81,116,38.8%,347.3,206.3,141.0,0.81,0.65,1.45,2.08,352.3,209.3,143.0,0.82,0.65,1.47,2.11,140,130,2.51,2.33,2.55,2.36
Contender,RSC005843,B1Scuit_Murder,Samurai,The Sovereign,Lunar,59.1,501,37,0.522,0.622,23,14,12079,6590,5489,27,26,35,84,32.1%,328.0,178.9,149.0,0.73,0.71,0.95,2.28,326.5,178.1,148.4,0.73,0.7,0.95,2.27,93,88,2.53,2.39,2.51,2.38
Contender,RSC001881,Odynastyo,Toothpaste,Minty Fresh,Solar,58.4,588,44,0.369,0.318,14,30,15225,7960,7265,32,21,54,101,31.7%,352.2,184.2,168.1,0.74,0.49,1.25,2.34,346.0,180.9,165.1,0.73,0.48,1.23,2.3,82,116,1.9,2.68,1.86,2.64
Contender,RSC006355,Heartlesswins,Devoured,Destined,Solar,55.4,671,50,0.316,0.28,14,36,16660,9660,7000,43,23,61,116,37.1%,337.8,195.8,141.9,0.87,0.47,1.24,2.35,333.2,193.2,140.0,0.86,0.46,1.22,2.32,92,150,1.87,3.04,1.84,3.0
Contender,RSC002911,Alextross,Cheese Pizza,Fifty-Fifty Pizzeria,Lunar,54.5,642,48,0.521,0.5,24,24,14211,8550,5661,40,29,38,120,33.3%,301.1,181.2,120.0,0.85,0.61,0.81,2.54,296.1,178.1,117.9,0.83,0.6,0.79,2.5,113,107,2.39,2.27,2.35,2.23
Contender,RSC006419,Yerrp-,Drakes,Draconem,Solar,52.7,483,36,0.436,0.528,19,17,11778,6540,5238,26,18,45,79,32.9%,331.7,184.2,147.5,0.73,0.51,1.27,2.23,327.2,181.7,145.5,0.72,0.5,1.25,2.19,79,93,2.23,2.62,2.19,2.58
Contender,RSC005139,Brillo_Padd,Aluminum,Metal,Solar,52.5,757,55,0.529,0.491,27,28,18042,10930,7112,57,29,51,123,46.3%,324.2,196.4,127.8,1.02,0.52,0.92,2.21,328.0,198.7,129.3,1.04,0.53,0.93,2.24,139,129,2.5,2.32,2.53,2.35
Contender,RSC006402,Deadlyfeet1001,Aluminum,Metal,Solar,52.1,679,49,0.527,0.469,23,26,16446,8960,7486,33,28,64,106,31.1%,329.5,179.5,150.0,0.66,0.56,1.28,2.12,335.6,182.9,152.8,0.67,0.57,1.31,2.16,121,113,2.42,2.26,2.47,2.31
Contender,RSC006016,Pacman,Ionic,Energy,Lunar,52.0,697,49,0.671,0.755,37,12,15621,9610,6011,52,25,37,131,39.7%,304.9,187.6,117.3,1.01,0.49,0.72,2.56,318.8,196.1,122.7,1.06,0.51,0.76,2.67,144,91,2.81,1.78,2.94,1.86
Contender,RSC004777,Prestondew00,Samurai,The Sovereign,Lunar,52.0,372,25,0.618,0.68,17,8,8568,5420,3148,30,8,25,77,39.0%,313.3,198.2,115.1,1.1,0.29,0.91,2.82,342.7,216.8,125.9,1.2,0.32,1.0,3.08,81,60,2.96,2.19,3.24,2.4
Contender,RSC006487,Korusray,Toothpaste,Minty Fresh,Solar,49.9,60,4,0.389,0.5,2,2,1432,720,712,5,1,1,12,41.7%,324.7,163.2,161.4,1.13,0.23,0.23,2.72,358.0,180.0,178.0,1.25,0.25,0.25,3.0,9,12,2.04,2.72,2.25,3.0
Contender,RSC006322,Lorak,Hobo Spiders,Eight Legged Freaks,Lunar,49.2,704,50,0.436,0.36,18,32,17759,9900,7859,40,14,80,120,33.3%,343.2,191.3,151.9,0.77,0.27,1.55,2.32,355.2,198.0,157.2,0.8,0.28,1.6,2.4,89,106,1.72,2.05,1.78,2.12
Contender,RSC005834,Iiiyummyiiii,Ice,The Elements,Solar,49.2,490,40,0.459,0.45,18,22,12021,6380,5641,33,10,34,88,37.5%,333.7,177.1,156.6,0.92,0.28,0.94,2.44,300.5,159.5,141.0,0.83,0.25,0.85,2.2,80,89,2.22,2.47,2.0,2.23
Contender,RSC006115,Ivshamevi,Devoured,Destined,Solar,47.9,535,39,0.399,0.41,16,23,12308,6180,6128,26,18,35,93,28.0%,313.0,157.1,155.8,0.66,0.46,0.89,2.36,315.6,158.5,157.1,0.67,0.46,0.9,2.38,80,104,2.03,2.64,2.05,2.67
Contender,RSC006262,Illusionchaos,Dagon,The Mythos,Lunar,47.9,184,16,0.791,0.813,13,3,4090,2240,1850,10,6,12,34,29.4%,302.4,165.6,136.8,0.74,0.44,0.89,2.51,255.6,140.0,115.6,0.63,0.38,0.75,2.13,39,16,2.88,1.18,2.44,1.0
Contender,RSC006299,Dr_Zachattack,"Toothpaste
Scooters","Minty Fresh
The Quad Dynasty",Solar,47.7,447,32,0.453,0.469,15,17,10322,5380,4942,24,14,30,78,30.8%,314.1,163.7,150.4,0.73,0.43,0.91,2.37,322.6,168.1,154.4,0.75,0.44,0.94,2.44,69,78,2.1,2.37,2.16,2.44
Contender,RSC005136,Tdogplayz,Ice,The Elements,Solar,46.7,648,53,0.471,0.453,24,29,15292,7750,7542,32,23,48,100,32.0%,321.0,162.7,158.3,0.67,0.48,1.01,2.1,288.5,146.2,142.3,0.6,0.43,0.91,1.89,103,111,2.16,2.33,1.94,2.09
Contender,RSC005462,Kenzius22,Drakes,Draconem,Solar,46.4,722,53,0.417,0.491,26,27,17254,9420,7834,42,22,60,112,37.5%,325.1,177.5,147.6,0.79,0.41,1.13,2.11,325.5,177.7,147.8,0.79,0.42,1.13,2.11,107,133,2.02,2.51,2.02,2.51
Contender,RSC004012,Kgfan3,Hippie Haunters,Ghoul School,Solar,45.1,756,51,0.418,0.392,20,31,17293,9390,7903,38,24,63,124,30.6%,311.2,169.0,142.2,0.68,0.43,1.13,2.23,339.1,184.1,155.0,0.75,0.47,1.24,2.43,106,132,1.91,2.38,2.08,2.59
Contender,RSC005870,Evil Twin,Cheese Pizza,Fifty-Fifty Pizzeria,Lunar,44.3,244,18,0.483,0.389,7,11,5568,3440,2128,18,7,18,39,46.2%,310.4,191.8,118.6,1.0,0.39,1.0,2.17,309.3,191.1,118.2,1.0,0.39,1.0,2.17,47,49,2.62,2.73,2.61,2.72
Contender,RSC005663,Og_Cuddles_,Samurai,The Sovereign,Lunar,44.2,757,55,0.544,0.618,34,21,16514,8900,7614,35,33,52,115,30.4%,296.8,159.9,136.8,0.63,0.59,0.93,2.07,300.3,161.8,138.4,0.64,0.6,0.95,2.09,141,126,2.53,2.26,2.56,2.29
Contender,RSC006178,Nags02,"Scooters
Drakes","The Quad Dynasty
Draconem",Solar,39.8,412,31,0.451,0.452,14,17,9167,4850,4317,22,9,30,70,31.4%,302.7,160.1,142.5,0.73,0.3,0.99,2.31,295.7,156.5,139.3,0.71,0.29,0.97,2.26,67,76,2.21,2.51,2.16,2.45
Contender,RSC002849,Shark06,Toothpaste,Minty Fresh,Solar,39.1,555,42,0.365,0.333,14,28,12337,6620,5717,26,15,48,87,29.9%,302.4,162.3,140.1,0.64,0.37,1.18,2.13,293.7,157.6,136.1,0.62,0.36,1.14,2.07,77,110,1.89,2.7,1.83,2.62
Contender,RSC006329,Getmcstuffed,"Toothpaste
Scooters","Minty Fresh
The Quad Dynasty",Lunar,39.0,416,30,0.478,0.467,14,16,8400,4920,3480,20,16,29,67,29.9%,274.7,160.9,113.8,0.65,0.52,0.95,2.19,280.0,164.0,116.0,0.67,0.53,0.97,2.23,68,72,2.22,2.35,2.27,2.4
Contender,RSC006271,Levophed,Hippie Haunters,Ghoul School,Solar,37.7,212,15,0.374,0.267,4,11,4424,2520,1904,5,8,26,32,15.6%,283.9,161.7,122.2,0.32,0.51,1.67,2.05,294.9,168.0,126.9,0.33,0.53,1.73,2.13,27,38,1.73,2.44,1.8,2.53
Contender,RSC005844,Xur,Hobo Spiders,Eight Legged Freaks,Lunar,37.1,492,35,0.461,0.429,15,20,10293,5340,4953,16,18,42,74,21.6%,284.6,147.6,136.9,0.44,0.5,1.16,2.05,294.1,152.6,141.5,0.46,0.51,1.2,2.11,61,68,1.69,1.88,1.74,1.94
Contender,RSC006324,Ttv_1738,Hippie Haunters,Ghoul School,Solar,36.9,311,22,0.452,0.455,10,12,6526,3580,2946,14,10,24,48,29.2%,285.5,156.6,128.9,0.61,0.44,1.05,2.1,296.6,162.7,133.9,0.64,0.45,1.09,2.18,44,50,1.92,2.19,2.0,2.27
Contender,RSC005725,Rwalls516R,Ice,The Elements,Solar,36.7,446,37,0.458,0.459,17,20,9912,5000,4912,20,10,36,70,28.6%,302.3,152.5,149.8,0.61,0.31,1.1,2.14,267.9,135.1,132.8,0.54,0.27,0.97,1.89,69,77,2.1,2.35,1.86,2.08
Contender,RSC006387,Lguporkers,Drakes,Draconem,Solar,36.6,667,48,0.373,0.396,19,29,14986,6980,8006,25,20,51,93,26.9%,305.6,142.4,163.3,0.51,0.41,1.04,1.9,312.2,145.4,166.8,0.52,0.42,1.06,1.94,93,130,1.9,2.65,1.94,2.71
Contender,RSC005145,Attonas,Hippie Haunters,Ghoul School,Solar,35.6,647,44,0.412,0.364,16,28,13639,7850,5789,34,20,50,95,35.8%,286.8,165.1,121.7,0.71,0.42,1.05,2.0,310.0,178.4,131.6,0.77,0.45,1.14,2.16,92,116,1.93,2.44,2.09,2.64
Contender,RSC005974,Angry-Hermit,Devoured,Destined,Solar,34.7,559,42,0.34,0.357,15,27,12154,6390,5764,23,16,50,79,29.1%,295.8,155.5,140.3,0.56,0.39,1.22,1.92,289.4,152.1,137.2,0.55,0.38,1.19,1.88,78,119,1.9,2.9,1.86,2.83
Contender,RSC002796,Carno,Hippie Haunters,Ghoul School,Solar,33.9,537,36,0.424,0.444,16,20,11218,6230,4988,24,14,46,83,28.9%,284.2,157.8,126.4,0.61,0.35,1.17,2.1,311.6,173.1,138.6,0.67,0.39,1.28,2.31,76,93,1.93,2.36,2.11,2.58
Contender,RSC004462,Bbcomedian,Scooters,The Quad Dynasty,Lunar,32.9,120,10,0.434,0.4,4,6,2574,1380,1194,5,5,10,13,38.5%,291.8,156.4,135.4,0.57,0.57,1.13,1.47,257.4,138.0,119.4,0.5,0.5,1.0,1.3,23,27,2.61,3.06,2.3,2.7
Contender,RSC005073,Outlaw K3,"Scooters
Devoured","The Quad Dynasty
Destined",Lunar,31.7,319,23,0.421,0.348,8,15,5897,3190,2707,9,13,23,49,18.4%,251.5,136.0,115.4,0.38,0.55,0.98,2.09,256.4,138.7,117.7,0.39,0.57,1.0,2.13,48,59,2.05,2.52,2.09,2.57
Contender,RSC003598,I_Win_2681,Aluminum,Metal,Solar,31.2,59,4,0.235,0.0,0,4,1125,620,505,2,3,4,7,28.6%,259.4,143.0,116.4,0.46,0.69,0.92,1.61,281.3,155.0,126.3,0.5,0.75,1.0,1.75,6,13,1.38,3.0,1.5,3.25
Contender,RSC005550,Shraggaholic,Hobo Spiders,Eight Legged Freaks,Lunar,29.5,462,33,0.44,0.364,12,21,9351,5260,4091,17,17,43,56,30.4%,275.3,154.9,120.5,0.5,0.5,1.27,1.65,283.4,159.4,124.0,0.52,0.52,1.3,1.7,63,74,1.86,2.18,1.91,2.24
Contender,RSC005723,Reserentflyer5,Ionic,Energy,Lunar,27.2,232,16,0.52,0.625,10,6,4603,2620,1983,11,6,18,32,34.4%,269.9,153.6,116.3,0.65,0.35,1.06,1.88,287.7,163.8,123.9,0.69,0.38,1.13,2.0,39,37,2.29,2.17,2.44,2.31
Contender,RSC006024,Drizzydadizzy,"Aluminum
Toothpaste","Metal
Minty Fresh",Solar,25.8,306,25,0.389,0.36,9,16,6242,3260,2982,13,9,23,36,36.1%,277.5,144.9,132.6,0.58,0.4,1.02,1.6,249.7,130.4,119.3,0.52,0.36,0.92,1.44,49,65,2.18,2.89,1.96,2.6
Contender,RSC005798,Bengr33Dy,Hobo Spiders,Eight Legged Freaks,Lunar,25.7,718,50,0.432,0.36,18,32,13975,7200,6775,29,12,51,115,25.2%,264.8,136.4,128.4,0.55,0.23,0.97,2.18,279.5,144.0,135.5,0.58,0.24,1.02,2.3,93,112,1.76,2.12,1.86,2.24
Contender,RSC005570,Legendhumble,Scooters,The Quad Dynasty,Lunar,18.5,145,12,0.557,0.583,7,5,2872,1390,1482,7,4,7,14,50.0%,269.4,130.4,139.0,0.66,0.38,0.66,1.31,239.3,115.8,123.5,0.58,0.33,0.58,1.17,30,26,2.81,2.44,2.5,2.17
Contender,RSC006283,Abluerl,Scooters,The Quad Dynasty,Lunar,18.5,122,8,0.5,0.375,3,5,2186,1220,966,3,5,11,12,25.0%,243.8,136.0,107.7,0.33,0.56,1.23,1.34,273.3,152.5,120.8,0.38,0.63,1.38,1.5,19,19,2.12,2.12,2.38,2.38
Contender,RSC002828,D1Rew00F,Devoured,Destined,Solar,16.7,402,32,0.328,0.281,9,23,7630,3920,3710,13,13,32,37,35.1%,258.2,132.7,125.5,0.44,0.44,1.08,1.25,238.4,122.5,115.9,0.41,0.41,1.0,1.16,58,91,1.96,3.08,1.81,2.84
Contender,RSC005994,Ninnahatake,Toothpaste,Minty Fresh,Solar,10.2,338,26,0.338,0.346,9,17,5930,2900,3030,7,6,30,40,17.5%,238.7,116.7,121.9,0.28,0.24,1.21,1.61,228.1,111.5,116.5,0.27,0.23,1.15,1.54,41,64,1.65,2.58,1.58,2.46
Contender,RSC005527,Colossus4203316,Drakes,Draconem,Solar,5.9,159,12,0.364,0.417,5,7,2686,1430,1256,7,2,9,18,38.9%,229.8,122.3,107.5,0.6,0.17,0.77,1.54,223.8,119.2,104.7,0.58,0.17,0.75,1.5,27,38,2.31,3.25,2.25,3.17
Contender,RSC006445,Freemak1,Scooters,The Quad Dynasty,Lunar,1.0,57,4,0.612,0.5,2,2,924,280,644,1,0,2,8,12.5%,220.5,66.8,153.7,0.24,0.0,0.48,1.91,231.0,70.0,161.0,0.25,0.0,0.5,2.0,7,5,1.67,1.19,1.75,1.25
Contender,RSC006080,Eligaming38,Cheese Pizza,Fifty-Fifty Pizzeria,Lunar,-2.7,69,4,0.5,0.75,3,1,790,410,380,1,1,3,11,9.1%,155.8,80.8,74.9,0.2,0.2,0.59,2.17,197.5,102.5,95.0,0.25,0.25,0.75,2.75,10,10,1.97,1.97,2.5,2.5
Contender,RSC004972,Buck_Nut82,Scooters,The Quad Dynasty,Lunar,-5.9,44,4,0.654,0.75,3,1,651,330,321,2,1,1,3,66.7%,201.3,102.0,99.2,0.62,0.31,0.31,0.93,162.8,82.5,80.3,0.5,0.25,0.25,0.75,13,9,4.02,2.78,3.25,2.25
Challenger,RSC005505,The_Wheelman_95,Breadsticks,Fifty-Fifty Pizzeria,Lunar,99.6,643,44,0.684,0.75,33,11,18745,10910,7835,58,31,37,171,33.9%,430.3,250.4,179.9,1.33,0.71,0.85,3.93,426.0,248.0,178.1,1.32,0.7,0.84,3.89,132,81,3.03,1.86,3.0,1.84
Challenger,RSC005094,Dorphin 2Ez,Shinigami,The Gods,Lunar,92.2,164,11,0.723,0.909,10,1,4709,2920,1789,14,10,14,32,43.8%,423.8,262.8,161.0,1.26,0.9,1.26,2.88,428.1,265.5,162.6,1.27,0.91,1.27,2.91,38,21,3.42,1.89,3.45,1.91
Challenger,RSC000566,Miso,Fusion,Energy,Lunar,91.3,886,56,0.7,0.786,44,12,25231,14970,10261,76,38,65,222,34.2%,420.3,249.4,170.9,1.27,0.63,1.08,3.7,450.6,267.3,183.2,1.36,0.68,1.16,3.96,170,98,2.83,1.63,3.04,1.75
Challenger,RSC002305,Moose-182,Yig,The Mythos,Lunar,88.6,843,60,0.559,0.6,36,24,24759,13470,11289,47,39,102,172,27.3%,433.5,235.9,197.7,0.82,0.68,1.79,3.01,412.7,224.5,188.2,0.78,0.65,1.7,2.87,141,121,2.47,2.12,2.35,2.02
Challenger,RSC004618,Squirrel,"Breadsticks
Shinigami
Deceased","Fifty-Fifty Pizzeria
The Gods
Destined",Lunar,85.0,116,9,0.807,0.778,7,2,3005,1720,1285,6,10,9,17,35.3%,382.4,218.9,163.5,0.76,1.27,1.15,2.16,333.9,191.1,142.8,0.67,1.11,1.0,1.89,33,14,4.2,1.78,3.67,1.56
Challenger,RSC006318,Natefrog02,Jock O Lanterns,Ghoul School,Solar,83.3,825,56,0.64,0.714,40,16,22010,13320,8690,58,42,71,187,31.0%,393.8,238.3,155.5,1.04,0.75,1.27,3.35,393.0,237.9,155.2,1.04,0.75,1.27,3.34,165,115,2.95,2.06,2.95,2.05
Challenger,RSC006424,X_Con_Worriedfly,Isopods,The Abyss,Lunar,82.9,504,32,0.593,0.531,17,15,13449,7690,5759,34,25,38,114,29.8%,393.9,225.2,168.7,1.0,0.73,1.11,3.34,420.3,240.3,180.0,1.06,0.78,1.19,3.56,88,69,2.58,2.02,2.75,2.16
Challenger,RSC005257,P0Pfgf,Squalls,Storm,Solar,81.6,769,52,0.615,0.615,32,20,21420,12740,8680,62,30,67,169,36.7%,411.1,244.5,166.6,1.19,0.58,1.29,3.24,411.9,245.0,166.9,1.19,0.58,1.29,3.25,143,106,2.74,2.03,2.75,2.04
Challenger,RSC006417,Tangentrl,Deceased,Destined,Solar,79.2,649,42,0.549,0.524,22,20,17447,10310,7137,50,28,50,141,35.5%,396.8,234.5,162.3,1.14,0.64,1.14,3.21,415.4,245.5,169.9,1.19,0.67,1.19,3.36,120,106,2.73,2.41,2.86,2.52
Challenger,RSC005362,Anarcrist,Strawberries,The Garden,Solar,78.4,826,56,0.706,0.732,41,15,22917,14110,8807,59,37,96,156,37.8%,409.5,252.1,157.4,1.05,0.66,1.72,2.79,409.2,252.0,157.3,1.05,0.66,1.71,2.79,153,86,2.73,1.54,2.73,1.54
Challenger,RSC004970,Tgunn05,Tarantulas,Eight Legged Freaks,Lunar,78.4,735,47,0.583,0.617,29,18,19631,12270,7361,66,29,51,167,39.5%,394.2,246.4,147.8,1.33,0.58,1.02,3.35,417.7,261.1,156.6,1.4,0.62,1.09,3.55,144,117,2.89,2.35,3.06,2.49
Challenger,RSC004641,Yourdoomed181,Void,Event Horizon,Solar,75.5,852,55,0.542,0.527,29,26,23224,13350,9874,52,29,97,185,28.1%,402.3,231.3,171.1,0.9,0.5,1.68,3.21,422.3,242.7,179.5,0.95,0.53,1.76,3.36,121,108,2.1,1.87,2.2,1.96
Challenger,RSC001720,Superduperbam,Metal,The Elements,Solar,75.3,48,4,0.122,0.25,1,3,1301,490,811,1,2,4,9,11.1%,400.1,150.7,249.4,0.31,0.62,1.23,2.77,325.3,122.5,202.8,0.25,0.5,1.0,2.25,3,11,0.92,3.38,0.75,2.75
Challenger,RSC006177,Flyerrr85,Steel,Metal,Solar,75.0,712,45,0.654,0.756,34,11,18310,10570,7740,46,36,55,142,32.4%,379.6,219.1,160.5,0.95,0.75,1.14,2.94,406.9,234.9,172.0,1.02,0.8,1.22,3.16,118,77,2.45,1.6,2.62,1.71
Challenger,RSC005165,Lucas_Rl,Wheelchairs,The Quad Dynasty,Lunar,74.5,229,16,0.53,0.438,7,9,5596,3540,2056,15,13,18,49,30.6%,360.7,228.2,132.5,0.97,0.84,1.16,3.16,349.8,221.3,128.5,0.94,0.81,1.13,3.06,42,39,2.71,2.51,2.63,2.44
Challenger,RSC006351,Jps,Havarti Hustlers,Cheese Guild,Lunar,72.2,357,23,0.6,0.609,14,9,9639,5910,3729,27,14,37,66,40.9%,398.5,244.4,154.2,1.12,0.58,1.53,2.73,419.1,257.0,162.1,1.17,0.61,1.61,2.87,66,51,2.73,2.11,2.87,2.22
Challenger,RSC005367,Fryer_Lee,Belugas,Whale Defense,Solar,72.0,692,49,0.556,0.571,28,21,18654,10710,7944,46,26,70,131,35.1%,397.9,228.4,169.4,0.98,0.55,1.49,2.79,380.7,218.6,162.1,0.94,0.53,1.43,2.67,119,103,2.54,2.2,2.43,2.1
Challenger,RSC005628,I Love Sand,Leo,The Nexus,Solar,71.1,706,48,0.633,0.625,30,18,17778,10240,7538,41,39,59,124,33.1%,371.7,214.1,157.6,0.86,0.82,1.23,2.59,370.4,213.3,157.0,0.85,0.81,1.23,2.58,132,93,2.76,1.94,2.75,1.94
Challenger,RSC003561,Dooober,Breadsticks,Fifty-Fifty Pizzeria,Lunar,69.4,288,18,0.728,0.833,15,3,6816,3990,2826,20,14,13,64,31.3%,349.3,204.5,144.8,1.03,0.72,0.67,3.28,378.7,221.7,157.0,1.11,0.78,0.72,3.56,57,30,2.92,1.54,3.17,1.67
Challenger,RSC003888,Reedyorange,Zombies,The Monster Mash,Lunar,69.2,783,56,0.619,0.625,35,21,19606,11300,8306,48,37,63,150,32.0%,369.6,213.0,156.6,0.9,0.7,1.19,2.83,350.1,201.8,148.3,0.86,0.66,1.13,2.68,147,108,2.77,2.04,2.63,1.93
Challenger,RSC002809,Wannabuybubbles,Strawberries,The Garden,Solar,69.0,597,41,0.642,0.634,26,15,15512,9090,6422,40,25,55,109,36.7%,383.5,224.7,158.8,0.99,0.62,1.36,2.69,378.3,221.7,156.6,0.98,0.61,1.34,2.66,108,74,2.67,1.83,2.63,1.8
Challenger,RSC004888,Agentanime07,Zombies,The Monster Mash,Lunar,67.4,734,52,0.639,0.673,35,17,18223,10570,7653,51,34,48,137,37.2%,366.5,212.6,153.9,1.03,0.68,0.97,2.76,350.4,203.3,147.2,0.98,0.65,0.92,2.63,137,95,2.76,1.91,2.63,1.83
Challenger,RSC005315,Dillynmario,Shinigami,The Gods,Lunar,66.0,520,34,0.655,0.676,23,11,12521,7520,5001,32,28,40,92,34.8%,355.4,213.5,142.0,0.91,0.79,1.14,2.61,368.3,221.2,147.1,0.94,0.82,1.18,2.71,109,73,3.09,2.07,3.21,2.15
Challenger,RSC006060,Wp_Merciless,Griffins,The Forest,Solar,65.9,703,44,0.493,0.477,21,23,17342,10320,7022,52,28,46,142,36.6%,364.1,216.7,147.4,1.09,0.59,0.97,2.98,394.1,234.5,159.6,1.18,0.64,1.05,3.23,117,119,2.46,2.5,2.66,2.7
Challenger,RSC006394,Irox,"Griffins
Apple Associates","The Forest
The Syndicate",Lunar,65.9,909,60,0.426,0.383,23,37,23541,13310,10231,56,33,88,166,33.7%,382.3,216.1,166.1,0.91,0.54,1.43,2.7,392.4,221.8,170.5,0.93,0.55,1.47,2.77,135,163,2.19,2.65,2.25,2.72
Challenger,RSC005533,Enygmah,Shinigami,The Gods,Lunar,65.3,889,60,0.579,0.567,34,26,22281,13210,9071,66,31,65,181,36.5%,369.9,219.3,150.6,1.1,0.51,1.08,3.01,371.4,220.2,151.2,1.1,0.52,1.08,3.02,173,142,2.87,2.36,2.88,2.37
Challenger,RSC002427,Free.,Squalls,Storm,Solar,64.1,802,54,0.598,0.611,33,21,19858,11730,8128,52,35,67,143,36.4%,365.5,215.9,149.6,0.96,0.64,1.23,2.63,367.7,217.2,150.5,0.96,0.65,1.24,2.65,142,110,2.61,2.02,2.63,2.04
Challenger,RSC005861,Frizz,Montbeliarde,Ox Gaming,Solar,64.0,582,41,0.386,0.39,16,25,15738,8660,7078,31,17,75,96,32.3%,399.1,219.6,179.5,0.79,0.43,1.9,2.43,383.9,211.2,172.6,0.76,0.41,1.83,2.34,77,104,1.95,2.64,1.88,2.54
Challenger,RSC004817,Kujiko234,Leo,The Nexus,Solar,64.0,377,26,0.513,0.5,13,13,8863,4920,3943,26,15,15,82,31.7%,347.0,192.6,154.4,1.02,0.59,0.59,3.21,340.9,189.2,151.7,1.0,0.58,0.58,3.15,64,62,2.51,2.43,2.46,2.38
Challenger,RSC006379,1_Krispy_1,"Wheelchairs
Coatyl
Cake My Day","The Quad Dynasty
Draconem
The Bakery",Lunar,63.7,610,44,0.455,0.386,17,27,16245,8870,7375,37,17,65,107,34.6%,393.1,214.6,178.5,0.9,0.41,1.57,2.59,369.2,201.6,167.6,0.84,0.39,1.48,2.43,99,111,2.4,2.69,2.25,2.52
Challenger,RSC006418,Therealdashadow,"Steel
Spearmint","Metal
Minty Fresh",Solar,63.3,687,45,0.635,0.711,32,13,17044,9820,7224,43,24,59,137,31.4%,366.2,211.0,155.2,0.92,0.52,1.27,2.94,378.8,218.2,160.5,0.96,0.53,1.31,3.04,114,79,2.45,1.7,2.53,1.76
Challenger,RSC005276,Dctgti,Fusion,Energy,Lunar,62.9,920,58,0.69,0.776,45,13,21382,11820,9562,47,44,62,182,25.8%,343.1,189.6,153.4,0.75,0.71,0.99,2.92,368.7,203.8,164.9,0.81,0.76,1.07,3.14,175,104,2.81,1.67,3.02,1.79
Challenger,RSC005253,Dinnindu,Zombies,The Monster Mash,Lunar,62.9,815,58,0.633,0.655,38,20,20070,11760,8310,50,36,71,141,35.5%,363.5,213.0,150.5,0.91,0.65,1.29,2.55,346.0,202.8,143.3,0.86,0.62,1.22,2.43,153,108,2.77,1.96,2.64,1.86
Challenger,RSC006012,Jpd.,Coatyl,Draconem,Solar,62.7,690,46,0.559,0.609,28,18,17267,10310,6957,44,23,68,136,32.4%,369.4,220.6,148.8,0.94,0.49,1.45,2.91,375.4,224.1,151.2,0.96,0.5,1.48,2.96,111,95,2.37,2.03,2.41,2.07
Challenger,RSC003984,Cpt Jon Smith,Panda Bears,The Bear Den,Lunar,62.4,769,51,0.434,0.392,20,31,19357,11160,8197,59,29,50,131,45.0%,371.5,214.2,157.3,1.13,0.56,0.96,2.51,379.5,218.8,160.7,1.16,0.57,0.98,2.57,121,143,2.32,2.74,2.37,2.8
Challenger,RSC005079,Blu3Prints,"Havarti Hustlers
Breadsticks","Cheese Guild
Fifty-Fifty Pizzeria",Lunar,62.2,401,28,0.554,0.607,17,11,10183,5670,4513,21,17,42,62,33.9%,374.8,208.7,166.1,0.77,0.63,1.55,2.28,363.7,202.5,161.2,0.75,0.61,1.5,2.21,70,61,2.58,2.25,2.5,2.18
Challenger,RSC004997,Seiiko,Shinigami,The Gods,Lunar,62.1,565,38,0.581,0.526,20,18,12724,7800,4924,37,30,30,110,33.6%,332.4,203.8,128.6,0.97,0.78,0.78,2.87,334.8,205.3,129.6,0.97,0.79,0.79,2.89,108,88,2.82,2.3,2.84,2.32
Challenger,RSC000534,Blood12Aven,Breadsticks,Fifty-Fifty Pizzeria,Lunar,61.0,868,60,0.621,0.65,39,21,20466,11680,8786,51,43,59,148,34.5%,348.0,198.6,149.4,0.87,0.73,1.0,2.52,341.1,194.7,146.4,0.85,0.72,0.98,2.47,167,122,2.84,2.07,2.78,2.03
Challenger,RSC005493,Nj111_,Toucans,The Jungle,Solar,60.6,681,46,0.5,0.543,25,21,17332,9910,7422,49,19,56,126,38.9%,375.7,214.8,160.9,1.06,0.41,1.21,2.73,376.8,215.4,161.3,1.07,0.41,1.22,2.74,99,99,2.15,2.15,2.15,2.15
Challenger,RSC002153,Kyllonen-_-,Havarti Hustlers,Cheese Guild,Lunar,60.4,790,54,0.567,0.537,29,25,19994,11480,8514,58,22,62,148,39.2%,373.6,214.5,159.1,1.08,0.41,1.16,2.77,370.3,212.6,157.7,1.07,0.41,1.15,2.74,131,110,2.45,2.06,2.43,2.04
Challenger,RSC002324,Chazzthedr,Bulldogs,Puppy Paradise,Solar,60.4,863,59,0.478,0.492,29,30,21328,11920,9408,59,25,61,172,34.3%,364.8,203.9,160.9,1.01,0.43,1.04,2.94,361.5,202.0,159.5,1.0,0.42,1.03,2.92,141,149,2.41,2.55,2.39,2.53
Challenger,RSC005265,Doctorprofessor_,Bulldogs,Puppy Paradise,Solar,59.8,750,51,0.484,0.49,25,26,17682,10250,7432,43,35,58,130,33.1%,348.0,201.7,146.3,0.85,0.69,1.14,2.56,346.7,201.0,145.7,0.84,0.69,1.14,2.55,124,129,2.44,2.54,2.43,2.53
Challenger,RSC005287,Yig'S #1 Cheerleader,"Nebulae
Wheelchairs","The Cosmos
The Quad Dynasty",Lunar,58.6,503,36,0.481,0.444,16,20,12462,7190,5272,36,13,39,99,36.4%,365.7,211.0,154.7,1.06,0.38,1.14,2.91,346.2,199.7,146.4,1.0,0.36,1.08,2.75,78,82,2.29,2.41,2.17,2.28
Challenger,RSC005702,Jaegie,Shock,Electric Mayhem,Lunar,58.5,879,59,0.503,0.559,33,26,22683,12640,10043,55,20,91,159,34.6%,380.9,212.3,168.6,0.92,0.34,1.53,2.67,384.5,214.2,170.2,0.93,0.34,1.54,2.69,131,130,2.2,2.18,2.22,2.2
Challenger,RSC005791,Daulton .,Leo,The Nexus,Solar,57.2,881,60,0.574,0.55,33,27,20772,11970,8802,56,30,63,172,32.6%,348.0,200.5,147.5,0.94,0.5,1.06,2.88,346.2,199.5,146.7,0.93,0.5,1.05,2.87,155,128,2.6,2.14,2.58,2.13
Challenger,RSC005819,Hank _,Spearmint,Minty Fresh,Solar,56.4,404,29,0.357,0.31,9,20,9826,5470,4356,22,13,38,72,30.6%,359.0,199.9,159.1,0.8,0.47,1.39,2.63,338.8,188.6,150.2,0.76,0.45,1.31,2.48,49,72,1.79,2.63,1.69,2.48
Challenger,RSC006303,Basicnp,Jock O Lanterns,Ghoul School,Solar,55.9,625,43,0.627,0.674,29,14,14537,8410,6127,41,23,40,116,35.3%,343.3,198.6,144.7,0.97,0.54,0.94,2.74,338.1,195.6,142.5,0.95,0.53,0.93,2.7,126,91,2.98,2.15,2.93,2.12
Challenger,RSC005306,Mrsupersanic,Yig,The Mythos,Lunar,55.4,702,49,0.587,0.592,29,20,17061,9610,7451,41,27,62,106,38.7%,358.7,202.1,156.7,0.86,0.57,1.3,2.23,348.2,196.1,152.1,0.84,0.55,1.27,2.16,117,93,2.46,1.96,2.39,1.9
Challenger,RSC006014,Tan The Man 1107,Toucans,The Jungle,Solar,55.3,667,45,0.473,0.556,25,20,15426,8610,6816,29,25,64,126,23.0%,341.4,190.5,150.8,0.64,0.55,1.42,2.79,342.8,191.3,151.5,0.64,0.56,1.42,2.8,97,104,2.15,2.3,2.16,2.31
Challenger,RSC003424,Fryder,Metal,The Elements,Solar,55.0,813,57,0.329,0.298,17,40,19251,10270,8981,29,30,89,142,20.4%,349.5,186.5,163.1,0.53,0.54,1.62,2.58,337.7,180.2,157.6,0.51,0.53,1.56,2.49,92,147,1.67,2.67,1.61,2.58
Challenger,RSC003298,Easytactical,Threshers,Shark Attack,Lunar,53.9,314,22,0.391,0.364,8,14,7549,3760,3789,15,12,24,46,32.6%,354.9,176.7,178.1,0.71,0.56,1.13,2.16,343.1,170.9,172.2,0.68,0.55,1.09,2.09,47,62,2.21,2.91,2.14,2.82
Challenger,RSC003101,Notz0Han,Tarantulas,Eight Legged Freaks,Lunar,52.8,356,25,0.46,0.44,11,14,8136,4700,3436,18,13,32,65,27.7%,337.3,194.9,142.5,0.75,0.54,1.33,2.7,325.4,188.0,137.4,0.72,0.52,1.28,2.6,57,63,2.36,2.61,2.28,2.52
Challenger,RSC006090,Parmeseanzo,Havarti Hustlers,Cheese Guild,Lunar,52.3,854,58,0.561,0.517,30,28,19660,10610,9050,35,40,78,121,28.9%,339.8,183.4,156.4,0.6,0.69,1.35,2.09,339.0,182.9,156.0,0.6,0.69,1.34,2.09,142,121,2.45,2.09,2.45,2.09
Challenger,RSC001817,Dylon37,Belugas,Whale Defense,Solar,52.3,743,53,0.563,0.528,28,25,17359,9610,7749,38,32,63,106,35.8%,344.9,190.9,153.9,0.75,0.64,1.25,2.11,327.5,181.3,146.2,0.72,0.6,1.19,2.0,136,116,2.7,2.3,2.57,2.19
Challenger,RSC004546,Squart,Nebulae,The Cosmos,Lunar,52.1,588,40,0.433,0.45,18,22,13825,7330,6495,31,18,46,103,30.1%,347.0,184.0,163.0,0.78,0.45,1.15,2.59,345.6,183.3,162.4,0.78,0.45,1.15,2.58,77,92,1.93,2.31,1.93,2.3
Challenger,RSC004565,Ole.Mr.Bison.,Spearmint,Minty Fresh,Solar,51.8,35,2,0.43,0.5,1,1,872,650,222,4,1,3,5,80.0%,367.7,274.1,93.6,1.69,0.42,1.27,2.11,436.0,325.0,111.0,2.0,0.5,1.5,2.5,5,6,2.11,2.53,2.5,3.0
Challenger,RSC005283,Thisisdrew314,Deceased,Destined,Solar,51.7,777,52,0.542,0.538,28,24,16955,10270,6685,41,35,61,137,29.9%,322.1,195.1,127.0,0.78,0.66,1.16,2.6,326.1,197.5,128.6,0.79,0.67,1.17,2.63,140,126,2.66,2.39,2.69,2.42
Challenger,RSC005655,Oneplayamaker,Jock O Lanterns,Ghoul School,Solar,50.6,879,60,0.62,0.683,41,19,19653,11650,8003,54,36,60,145,37.2%,330.0,195.6,134.4,0.91,0.6,1.01,2.43,327.6,194.2,133.4,0.9,0.6,1.0,2.42,168,123,2.82,2.07,2.8,2.05
Challenger,RSC006159,Mayorh (Mute),Penne Patrol,Italian Battalion,Lunar,50.5,763,51,0.513,0.529,27,24,17725,10060,7665,43,24,65,131,32.8%,342.9,194.6,148.3,0.83,0.46,1.26,2.53,347.5,197.3,150.3,0.84,0.47,1.27,2.57,119,115,2.3,2.22,2.33,2.25
Challenger,RSC006245,Spite.,"Apple Associates
Griffins","The Syndicate
The Forest",Solar,50.4,678,45,0.453,0.422,19,26,16065,9360,6705,40,22,64,106,37.7%,349.7,203.8,146.0,0.87,0.48,1.39,2.31,357.0,208.0,149.0,0.89,0.49,1.42,2.36,112,126,2.44,2.74,2.49,2.8
Challenger,RSC003382,Whymer,Belugas,Whale Defense,Solar,50.1,748,52,0.52,0.5,26,26,17136,9340,7796,43,21,52,139,30.9%,338.1,184.3,153.8,0.85,0.41,1.03,2.74,329.5,179.6,149.9,0.83,0.4,1.0,2.67,121,115,2.39,2.27,2.33,2.21
Challenger,RSC004967,Lee-Lo,Penne Patrol,Italian Battalion,Lunar,50.0,526,36,0.444,0.472,17,19,11853,6460,5393,25,22,41,81,30.9%,332.6,181.3,151.3,0.7,0.62,1.15,2.27,329.3,179.4,149.8,0.69,0.61,1.14,2.25,77,89,2.16,2.5,2.14,2.47
Challenger,RSC005892,Quaza Gs,Nebulae,The Cosmos,Lunar,49.5,115,8,0.593,0.625,5,3,2607,1430,1177,5,3,11,23,21.7%,334.6,183.5,151.1,0.64,0.39,1.41,2.95,325.9,178.8,147.1,0.63,0.38,1.38,2.88,18,14,2.31,1.8,2.25,1.75
Challenger,RSC005237,Then000Bster,Tarantulas,Eight Legged Freaks,Lunar,49.5,836,55,0.586,0.6,33,22,18198,10180,8018,37,37,65,138,26.8%,321.3,179.7,141.6,0.65,0.65,1.15,2.44,330.9,185.1,145.8,0.67,0.67,1.18,2.51,158,127,2.79,2.24,2.87,2.31
Challenger,RSC004763,Rmuru-,Isopods,The Abyss,Lunar,48.7,169,12,0.313,0.25,3,9,3805,1970,1835,6,8,15,22,27.3%,332.3,172.1,160.3,0.52,0.7,1.31,1.92,317.1,164.2,152.9,0.5,0.67,1.25,1.83,22,36,1.92,3.14,1.83,3.0
Challenger,RSC006454,Ttv_Nyquil1X,Squalls,Storm,Solar,48.6,162,11,0.565,0.455,5,6,3681,2080,1601,10,5,11,28,35.7%,335.4,189.5,145.9,0.91,0.46,1.0,2.55,334.6,189.1,145.5,0.91,0.45,1.0,2.55,25,21,2.28,1.91,2.27,1.91
Challenger,RSC003322,Cmonchan,Strawberries,The Garden,Solar,48.5,779,53,0.686,0.698,37,16,18383,10020,8363,46,22,62,122,37.7%,348.3,189.9,158.5,0.87,0.42,1.17,2.31,346.8,189.1,157.8,0.87,0.42,1.17,2.3,145,87,2.75,1.65,2.74,1.64
Challenger,RSC004907,Goldenkiwi.,Steel,Metal,Solar,48.4,856,54,0.548,0.593,32,22,17796,10340,7456,40,36,58,164,24.4%,306.9,178.3,128.6,0.69,0.62,1.0,2.83,329.6,191.5,138.1,0.74,0.67,1.07,3.04,135,119,2.33,2.05,2.5,2.2
Challenger,RSC004376,Missionaryjackk,Griffins,The Forest,Solar,47.9,756,48,0.494,0.458,22,26,17286,10100,7186,37,23,79,130,28.5%,337.5,197.2,140.3,0.72,0.45,1.54,2.54,360.1,210.4,149.7,0.77,0.48,1.65,2.71,121,123,2.36,2.4,2.52,2.56
Challenger,RSC006312,Cognitixn,Coatyl,Draconem,Solar,47.8,477,31,0.5,0.548,17,14,10461,6070,4391,23,18,41,82,28.0%,323.7,187.8,135.9,0.71,0.56,1.27,2.54,337.5,195.8,141.6,0.74,0.58,1.32,2.65,72,72,2.23,2.23,2.32,2.32
Challenger,RSC004059,Turboalpaca,Spartans,The Sovereign,Lunar,46.7,760,54,0.42,0.444,24,30,16767,9080,7687,37,34,53,103,35.9%,325.6,176.3,149.3,0.72,0.66,1.03,2.0,310.5,168.1,142.4,0.69,0.63,0.98,1.91,114,140,2.21,2.72,2.11,2.59
Challenger,RSC005934,Theodorethe2,Leo,The Nexus,Solar,46.4,583,40,0.588,0.525,21,19,12821,7480,5341,32,22,45,93,34.4%,324.6,189.4,135.2,0.81,0.56,1.14,2.35,320.5,187.0,133.5,0.8,0.55,1.13,2.33,103,82,2.61,2.08,2.58,2.05
Challenger,RSC005209,Carshawnlynch,Fusion,Energy,Lunar,46.0,452,27,0.621,0.778,21,6,10086,6330,3756,31,12,36,83,37.3%,329.4,206.7,122.7,1.01,0.39,1.18,2.71,373.6,234.4,139.1,1.15,0.44,1.33,3.07,80,58,2.61,1.89,2.96,2.15
Challenger,RSC003498,Merioch,"Wheelchairs
Belugas
Spearmint","The Quad Dynasty
Whale Defense
Minty Fresh",Solar,45.6,719,50,0.438,0.38,19,31,16684,9490,7194,43,20,62,109,39.4%,342.5,194.8,147.7,0.88,0.41,1.27,2.24,333.7,189.8,143.9,0.86,0.4,1.24,2.18,104,122,2.14,2.5,2.08,2.44
Challenger,RSC005294,Mogulmaniac5480,Toucans,The Jungle,Solar,45.3,670,46,0.512,0.565,26,20,15198,8220,6978,25,22,72,102,24.5%,334.8,181.1,153.7,0.55,0.48,1.59,2.25,330.4,178.7,151.7,0.54,0.48,1.57,2.22,97,94,2.14,2.07,2.11,2.04
Challenger,RSC003978,Thenio,Tarantulas,Eight Legged Freaks,Lunar,45.0,779,53,0.524,0.547,29,24,17260,9650,7610,43,27,56,120,35.8%,327.0,182.8,144.2,0.81,0.51,1.06,2.27,325.7,182.1,143.6,0.81,0.51,1.06,2.26,133,125,2.52,2.37,2.51,2.36
Challenger,RSC001031,Ab26Panther,"Breadsticks
Leo
Shinigami","Fifty-Fifty Pizzeria
The Nexus
The Gods",Lunar,45.0,344,27,0.493,0.407,11,16,7519,3990,3529,12,16,31,44,27.3%,322.6,171.2,151.4,0.51,0.69,1.33,1.89,278.5,147.8,130.7,0.44,0.59,1.15,1.63,55,56,2.36,2.4,2.04,2.07
Challenger,RSC000726,Way2Luckee,Spartans,The Sovereign,Lunar,44.9,812,56,0.388,0.429,24,32,17450,9880,7570,42,24,59,153,27.5%,317.2,179.6,137.6,0.76,0.44,1.07,2.78,311.6,176.4,135.2,0.75,0.43,1.05,2.73,113,151,2.05,2.74,2.02,2.7
Challenger,RSC006372,X Arc Fives X,Shock,Electric Mayhem,Lunar,44.7,895,60,0.497,0.55,33,27,19800,11720,8080,53,22,73,167,31.7%,326.5,193.3,133.3,0.87,0.36,1.2,2.75,330.0,195.3,134.7,0.88,0.37,1.22,2.78,131,132,2.16,2.18,2.18,2.2
Challenger,RSC003916,Grobber22,Squalls,Storm,Solar,44.6,570,41,0.624,0.61,25,16,11941,6460,5481,23,26,40,86,26.7%,309.2,167.3,141.9,0.6,0.67,1.04,2.23,291.2,157.6,133.7,0.56,0.63,0.98,2.1,104,75,2.69,1.94,2.54,1.83
Challenger,RSC005889,Zeano,Isopods,The Abyss,Lunar,44.2,648,40,0.523,0.45,18,22,13437,7680,5757,31,27,43,108,28.7%,306.1,174.9,131.1,0.71,0.62,0.98,2.46,335.9,192.0,143.9,0.78,0.68,1.08,2.7,102,96,2.32,2.19,2.55,2.4
Challenger,RSC005099,Neithernick,Deceased,Destined,Solar,44.1,621,44,0.536,0.545,24,20,13387,7790,5597,32,26,48,89,36.0%,318.2,185.2,133.0,0.76,0.62,1.14,2.12,304.3,177.0,127.2,0.73,0.59,1.09,2.02,119,109,2.83,2.59,2.7,2.48
Challenger,RSC002583,Bsmithrl,Bulldogs,Puppy Paradise,Solar,43.8,376,26,0.448,0.462,12,14,8185,4450,3735,16,13,32,60,26.7%,321.3,174.7,146.6,0.63,0.51,1.26,2.36,314.8,171.2,143.7,0.62,0.5,1.23,2.31,56,64,2.2,2.51,2.15,2.46
Challenger,RSC006035,Washedtopher,Panda Bears,The Bear Den,Lunar,43.7,871,58,0.424,0.362,21,37,18807,10460,8347,37,34,75,131,28.2%,318.7,177.3,141.5,0.63,0.58,1.27,2.22,324.3,180.3,143.9,0.64,0.59,1.29,2.26,137,166,2.32,2.81,2.36,2.86
Challenger,RSC004845,Binboiz,Coatyl,Draconem,Solar,43.7,716,47,0.525,0.574,27,20,15696,8910,6786,29,30,71,96,30.2%,323.6,183.7,139.9,0.6,0.62,1.46,1.98,334.0,189.6,144.4,0.62,0.64,1.51,2.04,110,103,2.27,2.12,2.34,2.19
Challenger,RSC004166,Markoyo,"Penne Patrol
Threshers
Spearmint
Steel","Italian Battalion
Shark Attack
Minty Fresh
Metal",Solar,43.7,649,44,0.419,0.318,14,30,14492,8030,6462,31,24,57,88,35.2%,329.6,182.6,147.0,0.71,0.55,1.3,2.0,329.4,182.5,146.9,0.7,0.55,1.3,2.0,102,125,2.32,2.84,2.32,2.84
Challenger,RSC004037,Humd1Gger,Steel,Metal,Solar,43.6,393,24,0.507,0.542,13,11,8503,5120,3383,19,16,37,57,33.3%,319.4,192.3,127.1,0.71,0.6,1.39,2.14,354.3,213.3,141.0,0.79,0.67,1.54,2.38,58,57,2.18,2.14,2.42,2.38
Challenger,RSC003266,Gameymcgamertag,Spearmint,Minty Fresh,Solar,42.7,586,41,0.377,0.317,13,28,13475,7730,5745,25,17,71,83,30.1%,339.4,194.7,144.7,0.63,0.43,1.79,2.09,328.7,188.5,140.1,0.61,0.41,1.73,2.02,75,104,1.89,2.62,1.83,2.54
Challenger,RSC005040,Keglan,Montbeliarde,Ox Gaming,Solar,42.3,583,43,0.469,0.488,21,22,13092,6680,6412,23,18,53,83,27.7%,331.5,169.1,162.3,0.58,0.46,1.34,2.1,304.5,155.3,149.1,0.53,0.42,1.23,1.93,84,91,2.13,2.3,1.95,2.12
Challenger,RSC006066,Goldentiger5,Cake My Day,The Bakery,Solar,41.8,395,24,0.319,0.25,6,18,8621,4890,3731,20,10,34,69,29.0%,322.2,182.7,139.4,0.75,0.37,1.27,2.58,359.2,203.8,155.5,0.83,0.42,1.42,2.88,43,71,1.61,2.65,1.79,2.96
Challenger,RSC002413,Dafiya711,Yig,The Mythos,Lunar,41.8,457,33,0.608,0.697,23,10,10245,6370,3875,33,13,35,67,49.3%,330.9,205.7,125.2,1.07,0.42,1.13,2.16,310.5,193.0,117.4,1.0,0.39,1.06,2.03,87,66,2.81,2.13,2.64,2.0
Challenger,RSC005169,Nightraptor04,Belugas,Whale Defense,Solar,41.7,348,24,0.466,0.292,7,17,7630,4120,3510,17,11,27,52,32.7%,323.6,174.7,148.9,0.72,0.47,1.15,2.21,317.9,171.7,146.3,0.71,0.46,1.13,2.17,55,60,2.33,2.54,2.29,2.5
Challenger,RSC005969,Lukas.Kekw,Penne Patrol,Italian Battalion,Lunar,41.7,484,31,0.394,0.355,11,20,10335,5610,4725,13,16,54,81,16.0%,315.2,171.1,144.1,0.4,0.49,1.65,2.47,333.4,181.0,152.4,0.42,0.52,1.74,2.61,57,76,1.74,2.32,1.84,2.45
Challenger,RSC005162,Norcho Rivers,"Nebulae
Threshers","The Cosmos
Shark Attack",Lunar,41.7,736,52,0.4,0.365,19,33,15838,8890,6948,33,22,65,124,26.6%,317.6,178.3,139.3,0.66,0.44,1.3,2.49,304.6,171.0,133.6,0.63,0.42,1.25,2.38,101,131,2.03,2.63,1.94,2.52
Challenger,RSC003848,Theairgerbil,"Wheelchairs
Isopods","The Quad Dynasty
The Abyss",Lunar,41.6,337,26,0.422,0.423,11,15,7352,3960,3392,14,14,29,41,34.1%,322.0,173.4,148.6,0.61,0.61,1.27,1.8,282.8,152.3,130.5,0.54,0.54,1.12,1.58,56,68,2.45,2.98,2.15,2.62
Challenger,RSC006067,Shinxx403,Strawberries,The Garden,Solar,41.1,438,30,0.639,0.633,19,11,8996,4880,4116,16,18,34,68,23.5%,303.2,164.5,138.7,0.54,0.61,1.15,2.29,299.9,162.7,137.2,0.53,0.6,1.13,2.27,77,53,2.59,1.79,2.57,1.77
Challenger,RSC005699,Masdhapotatoes,Threshers,Shark Attack,Lunar,40.7,163,13,0.207,0.154,2,11,3317,1630,1687,4,6,13,28,14.3%,300.4,147.6,152.8,0.36,0.54,1.18,2.54,255.2,125.4,129.8,0.31,0.46,1.0,2.15,19,43,1.72,3.89,1.46,3.31
Challenger,RSC001828,Zcgentry,"Threshers
Cake My Day","Shark Attack
The Bakery",Lunar,40.6,437,31,0.349,0.355,11,20,9070,5170,3900,19,17,35,67,28.4%,306.4,174.6,131.7,0.64,0.57,1.18,2.26,292.6,166.8,125.8,0.61,0.55,1.13,2.16,64,94,2.16,3.18,2.06,3.03
Challenger,RSC001933,Ducky,Void,Event Horizon,Solar,40.0,692,44,0.578,0.614,27,17,13970,7990,5980,33,25,45,119,27.7%,298.0,170.4,127.6,0.7,0.53,0.96,2.54,317.5,181.6,135.9,0.75,0.57,1.02,2.7,105,85,2.24,1.81,2.39,1.93
Challenger,RSC006288,Zac,Isopods,The Abyss,Lunar,40.0,872,54,0.415,0.352,19,35,18401,10600,7801,43,25,71,150,28.7%,311.5,179.4,132.0,0.73,0.42,1.2,2.54,340.8,196.3,144.5,0.8,0.46,1.31,2.78,120,150,2.03,2.54,2.22,2.78
Challenger,RSC004399,Zippythegnome,Spartans,The Sovereign,Lunar,38.4,211,15,0.355,0.267,4,11,4429,2330,2099,5,10,22,23,21.7%,309.8,163.0,146.8,0.35,0.7,1.54,1.61,295.3,155.3,139.9,0.33,0.67,1.47,1.53,28,41,1.96,2.87,1.87,2.73
Challenger,RSC004593,Boulder,Fusion,Energy,Lunar,38.3,592,39,0.683,0.718,28,11,11030,6690,4340,26,33,32,84,31.0%,275.0,166.8,108.2,0.65,0.82,0.8,2.09,282.8,171.5,111.3,0.67,0.85,0.82,2.15,115,70,2.87,1.75,2.95,1.79
Challenger,RSC004279,Onlyjammer,Montbeliarde,Ox Gaming,Solar,38.2,614,44,0.406,0.432,19,25,12724,7300,5424,26,21,54,95,27.4%,305.9,175.5,130.4,0.63,0.5,1.3,2.28,289.2,165.9,123.3,0.59,0.48,1.23,2.16,82,105,1.97,2.52,1.86,2.39
Challenger,RSC003702,Donttakemyrock,Deceased,Destined,Solar,38.2,625,41,0.475,0.439,18,23,13448,7890,5558,40,17,42,94,42.6%,317.6,186.3,131.3,0.94,0.4,0.99,2.22,328.0,192.4,135.6,0.98,0.41,1.02,2.29,108,115,2.55,2.72,2.63,2.8
Challenger,RSC005633,Wntr,"Spartans
Griffins
Wheelchairs
Steel","The Sovereign
The Forest
The Quad Dynasty
Metal",Lunar,37.9,648,43,0.436,0.349,15,28,13241,7090,6151,20,27,57,89,22.5%,301.6,161.5,140.1,0.46,0.62,1.3,2.03,307.9,164.9,143.0,0.47,0.63,1.33,2.07,94,111,2.14,2.53,2.19,2.58
Challenger,RSC006125,Obwazsj08,"Cake My Day
Metal
Nebulae
Breadsticks","The Bakery
The Elements
The Cosmos
Fifty-Fifty Pizzeria",Lunar,37.6,478,33,0.484,0.455,15,18,10534,5940,4594,22,12,49,69,31.9%,325.3,183.4,141.9,0.68,0.37,1.51,2.13,319.2,180.0,139.2,0.67,0.36,1.48,2.09,73,76,2.25,2.35,2.21,2.3
Challenger,RSC006167,Magesticeagle1,Apple Associates,The Syndicate,Lunar,37.6,346,24,0.412,0.375,9,15,7970,4380,3590,15,8,41,43,34.9%,340.0,186.9,153.1,0.64,0.34,1.75,1.83,332.1,182.5,149.6,0.63,0.33,1.71,1.79,46,58,1.96,2.47,1.92,2.42
Challenger,RSC002841,Dyl,"Griffins
Spartans","The Forest
The Sovereign",Lunar,37.3,807,53,0.41,0.396,21,32,17148,9630,7518,39,21,68,128,30.5%,313.6,176.1,137.5,0.71,0.38,1.24,2.34,323.5,181.7,141.8,0.74,0.4,1.28,2.42,115,145,2.1,2.65,2.17,2.74
Challenger,RSC000357,Primed,Metal,The Elements,Solar,37.2,675,49,0.335,0.306,15,34,15010,7920,7090,34,13,57,102,33.3%,328.2,173.2,155.0,0.74,0.28,1.25,2.23,306.3,161.6,144.7,0.69,0.27,1.16,2.08,86,133,1.88,2.91,1.76,2.71
Challenger,RSC005976,Baggymanny,Threshers,Shark Attack,Lunar,37.2,583,42,0.283,0.333,14,28,12630,6640,5990,25,14,51,89,28.1%,319.8,168.1,151.7,0.63,0.35,1.29,2.25,300.7,158.1,142.6,0.6,0.33,1.21,2.12,72,129,1.82,3.27,1.71,3.07
Challenger,RSC006017,Dondo Rf,"Nebulae
Montbeliarde
Shinigami","The Cosmos
Ox Gaming
The Gods",Lunar,37.0,370,28,0.473,0.393,11,17,7541,3650,3891,13,13,23,55,23.6%,300.8,145.6,155.2,0.52,0.52,0.92,2.19,269.3,130.4,139.0,0.46,0.46,0.82,1.96,56,60,2.23,2.39,2.0,2.14
Challenger,RSC006319,Cowtooth,"Shinigami
Griffins","The Gods
The Forest",Solar,36.9,420,28,0.403,0.429,12,16,8777,4840,3937,17,16,36,54,31.5%,308.5,170.1,138.4,0.6,0.56,1.27,1.9,313.5,172.9,140.6,0.61,0.57,1.29,1.93,65,83,2.28,2.92,2.32,2.96
Challenger,RSC005747,Txaggie,Apple Associates,The Syndicate,Lunar,36.7,632,43,0.419,0.442,19,24,12461,6990,5471,26,29,42,84,31.0%,291.0,163.3,127.8,0.61,0.68,0.98,1.96,289.8,162.6,127.2,0.6,0.67,0.98,1.95,103,126,2.41,2.94,2.4,2.93
Challenger,RSC002262,Crypt1Cgames,Cake My Day,The Bakery,Solar,36.5,887,56,0.363,0.339,19,37,18727,9940,8787,35,25,77,134,26.1%,311.6,165.4,146.2,0.58,0.42,1.28,2.23,334.4,177.5,156.9,0.63,0.45,1.38,2.39,108,156,1.8,2.6,1.93,2.79
Challenger,RSC006293,Itz Cheezus,Yig,The Mythos,Lunar,36.3,527,38,0.476,0.526,20,18,10723,5490,5233,20,21,35,69,29.0%,300.3,153.8,146.6,0.56,0.59,0.98,1.93,282.2,144.5,137.7,0.53,0.55,0.92,1.82,78,83,2.18,2.32,2.05,2.18
Challenger,RSC003929,Whoviancat,Penne Patrol,Italian Battalion,Lunar,36.3,687,46,0.474,0.478,22,24,14773,8340,6433,36,18,57,99,36.4%,317.4,179.2,138.2,0.77,0.39,1.22,2.13,321.2,181.3,139.8,0.78,0.39,1.24,2.15,98,105,2.11,2.26,2.13,2.28
Challenger,RSC002956,Ofodo,"Cake My Day
Coatyl","The Bakery
Draconem",Solar,35.3,676,45,0.344,0.311,14,31,13739,7030,6709,28,21,43,103,27.2%,300.0,153.5,146.5,0.61,0.46,0.94,2.25,305.3,156.2,149.1,0.62,0.47,0.96,2.29,80,122,1.75,2.66,1.78,2.71
Challenger,RSC000221,Treefrog,"Montbeliarde
Cake My Day
Apple Associates","Ox Gaming
The Bakery
The Syndicate",Solar,34.5,677,42,0.291,0.214,9,33,13500,7560,5940,28,22,52,106,26.4%,294.3,164.8,129.5,0.61,0.48,1.13,2.31,321.4,180.0,141.4,0.67,0.52,1.24,2.52,74,132,1.61,2.88,1.76,3.14
Challenger,RSC001941,Agamecp,Breadsticks,Fifty-Fifty Pizzeria,Lunar,34.5,60,4,0.415,0.25,1,3,1276,720,556,3,2,5,7,42.9%,313.9,177.1,136.8,0.74,0.49,1.23,1.72,319.0,180.0,139.0,0.75,0.5,1.25,1.75,8,10,1.97,2.46,2.0,2.5
Challenger,RSC006248,Zetsubo-Teki,Panda Bears,The Bear Den,Lunar,34.2,190,12,0.298,0.167,2,10,4006,2510,1496,10,4,20,31,32.3%,311.2,195.0,116.2,0.78,0.31,1.55,2.41,333.8,209.2,124.7,0.83,0.33,1.67,2.58,26,44,2.02,3.42,2.17,3.67
Challenger,RSC005411,Pineapple448,Coatyl,Draconem,Solar,34.1,441,30,0.397,0.333,10,20,9456,5430,4026,29,8,29,68,42.6%,316.5,181.7,134.8,0.97,0.27,0.97,2.28,315.2,181.0,134.2,0.97,0.27,0.97,2.27,67,87,2.24,2.91,2.23,2.9
Challenger,RSC002328,Trudsky,Threshers,Shark Attack,Lunar,33.1,587,42,0.31,0.286,12,30,12619,6640,5979,25,15,53,74,33.8%,317.3,167.0,150.3,0.63,0.38,1.33,1.86,300.5,158.1,142.4,0.6,0.36,1.26,1.76,79,130,1.99,3.27,1.88,3.1
Challenger,RSC003193,Shiftdrink,Nebulae,The Cosmos,Lunar,31.5,299,20,0.389,0.4,8,12,6385,3460,2925,14,6,27,41,34.1%,315.2,170.8,144.4,0.69,0.3,1.33,2.02,319.3,173.0,146.3,0.7,0.3,1.35,2.05,38,51,1.88,2.52,1.9,2.55
Challenger,RSC005881,Jay-Dea,Spearmint,Minty Fresh,Solar,31.1,279,20,0.446,0.5,10,10,5963,3170,2793,10,6,30,37,27.0%,315.5,167.7,147.8,0.53,0.32,1.59,1.96,298.2,158.5,139.7,0.5,0.3,1.5,1.85,40,46,2.12,2.43,2.0,2.3
Challenger,RSC001032,Jme,"Apple Associates
Nebulae","The Syndicate
The Cosmos",Lunar,31.0,457,31,0.41,0.452,14,17,9086,4750,4336,19,12,31,70,27.1%,293.5,153.4,140.0,0.61,0.39,1.0,2.26,293.1,153.2,139.9,0.61,0.39,1.0,2.26,59,75,1.91,2.42,1.9,2.42
Challenger,RSC004456,Shazampoof,Metal,The Elements,Solar,30.0,400,29,0.399,0.345,10,19,8283,4430,3853,14,10,40,53,26.4%,305.7,163.5,142.2,0.52,0.37,1.48,1.96,285.6,152.8,132.9,0.48,0.34,1.38,1.83,48,63,1.77,2.32,1.66,2.17
Challenger,RSC005154,Tacobae,Montbeliarde,Ox Gaming,Solar,30.0,565,40,0.378,0.35,14,26,11692,6170,5522,24,16,46,67,35.8%,305.4,161.2,144.3,0.63,0.42,1.2,1.75,292.3,154.3,138.1,0.6,0.4,1.15,1.68,74,102,1.93,2.66,1.85,2.55
Challenger,RSC006187,1999 Toyota Camry,"Spearmint
Apple Associates","Minty Fresh
The Syndicate",Solar,28.9,539,38,0.398,0.368,14,24,11154,5580,5574,22,11,42,73,30.1%,305.5,152.8,152.6,0.6,0.3,1.15,2.0,293.5,146.8,146.7,0.58,0.29,1.11,1.92,71,93,1.94,2.55,1.87,2.45
Challenger,RSC005167,Cooper.,Cake My Day,The Bakery,Solar,28.3,279,18,0.354,0.333,6,12,5186,2450,2736,9,8,14,45,20.0%,274.4,129.6,144.7,0.48,0.42,0.74,2.38,288.1,136.1,152.0,0.5,0.44,0.78,2.5,33,49,1.75,2.59,1.83,2.72
Challenger,RSC005619,J A Y M E S,Void,Event Horizon,Solar,27.6,796,51,0.534,0.529,27,24,16061,9030,7031,34,17,73,113,30.1%,297.8,167.4,130.4,0.63,0.32,1.35,2.1,314.9,177.1,137.9,0.67,0.33,1.43,2.22,113,103,2.1,1.91,2.22,2.02
Challenger,RSC002897,Vickyviksta,Panda Bears,The Bear Den,Lunar,27.1,829,55,0.405,0.345,19,36,16358,9310,7048,32,24,77,106,30.2%,291.3,165.8,125.5,0.57,0.43,1.37,1.89,297.4,169.3,128.1,0.58,0.44,1.4,1.93,124,158,2.21,2.81,2.25,2.87
Challenger,RSC006413,Blueflre,Coatyl,Draconem,Solar,26.9,66,5,0.207,0.0,0,5,1357,560,797,2,2,4,6,33.3%,303.5,125.2,178.2,0.45,0.45,0.89,1.34,271.4,112.0,159.4,0.4,0.4,0.8,1.2,8,18,1.79,4.03,1.6,3.6
Challenger,RSC002021,Perk_At_Play,Shock,Electric Mayhem,Lunar,26.5,517,35,0.52,0.571,20,15,9825,5240,4585,15,15,45,74,20.3%,280.5,149.6,130.9,0.43,0.43,1.28,2.11,280.7,149.7,131.0,0.43,0.43,1.29,2.11,80,76,2.28,2.17,2.29,2.17
Challenger,RSC004135,Frostii,Wheelchairs,The Quad Dynasty,Lunar,26.2,294,20,0.428,0.4,8,12,5254,2550,2704,7,10,18,45,15.6%,263.8,128.0,135.8,0.35,0.5,0.9,2.26,262.7,127.5,135.2,0.35,0.5,0.9,2.25,45,54,2.26,2.71,2.25,2.7
Challenger,RSC004264,Tearlessgoose21,Nebulae,The Cosmos,Lunar,25.2,133,9,0.5,0.556,5,4,2663,1470,1193,5,3,13,17,29.4%,295.5,163.1,132.4,0.55,0.33,1.44,1.89,295.9,163.3,132.6,0.56,0.33,1.44,1.89,18,18,2.0,2.0,2.0,2.0
Challenger,RSC004211,Lynchmeister,Spearmint,Minty Fresh,Solar,24.3,140,10,0.347,0.2,2,8,2744,1410,1334,4,4,13,16,25.0%,289.3,148.7,140.6,0.42,0.42,1.37,1.69,274.4,141.0,133.4,0.4,0.4,1.3,1.6,18,27,1.9,2.85,1.8,2.7
Challenger,RSC003524,Deifik,Bulldogs,Puppy Paradise,Solar,23.8,642,44,0.467,0.477,21,23,12503,6680,5823,24,15,54,83,28.9%,287.5,153.6,133.9,0.55,0.34,1.24,1.91,284.2,151.8,132.3,0.55,0.34,1.23,1.89,105,114,2.41,2.62,2.39,2.59
Challenger,RSC003743,N00Bpr0N,Havarti Hustlers,Cheese Guild,Lunar,23.3,444,29,0.435,0.31,9,20,9020,4790,4230,15,5,48,64,23.4%,299.9,159.2,140.6,0.5,0.17,1.6,2.13,311.0,165.2,145.9,0.52,0.17,1.66,2.21,58,69,1.93,2.29,2.0,2.38
Challenger,RSC000347,Chris.,"Squalls
Panda Bears","Storm
The Bear Den",Solar,22.9,408,26,0.473,0.538,14,12,7118,4150,2968,13,17,30,50,26.0%,257.5,150.1,107.4,0.47,0.62,1.09,1.81,273.8,159.6,114.2,0.5,0.65,1.15,1.92,72,77,2.6,2.79,2.77,2.96
Challenger,RSC002949,Razzr Elite,Toucans,The Jungle,Solar,22.1,610,43,0.413,0.465,20,23,11430,5830,5600,20,13,46,88,22.7%,276.6,141.1,135.5,0.48,0.31,1.11,2.13,265.8,135.6,130.2,0.47,0.3,1.07,2.05,76,96,1.84,2.32,1.77,2.23
Challenger,RSC003374,Raisonbran,Breadsticks,Fifty-Fifty Pizzeria,Lunar,21.7,53,4,0.296,0.25,1,3,1201,710,491,2,0,9,6,33.3%,334.5,197.7,136.7,0.56,0.0,2.51,1.67,300.3,177.5,122.8,0.5,0.0,2.25,1.5,5,9,1.39,2.51,1.25,2.25
Challenger,RSC004885,Slowlow24,Jock O Lanterns,Ghoul School,Solar,20.8,308,21,0.544,0.619,13,8,5823,3390,2433,15,7,23,39,38.5%,279.1,162.5,116.6,0.72,0.34,1.1,1.87,277.3,161.4,115.9,0.71,0.33,1.1,1.86,45,40,2.16,1.92,2.14,1.9
Challenger,RSC003450,Chronoelevated,Shock,Electric Mayhem,Lunar,20.7,394,26,0.452,0.5,13,13,6686,3390,3296,8,19,25,39,20.5%,250.5,127.0,123.5,0.3,0.71,0.94,1.46,257.2,130.4,126.8,0.31,0.73,0.96,1.5,51,58,1.91,2.17,1.96,2.23
Challenger,RSC004540,Bucknekkid15,"Apple Associates
Coatyl","The Syndicate
Draconem",Lunar,20.0,617,43,0.338,0.326,14,29,11483,6190,5293,19,18,54,69,27.5%,274.7,148.1,126.6,0.45,0.43,1.29,1.65,267.0,144.0,123.1,0.44,0.42,1.26,1.6,92,139,2.2,3.33,2.14,3.23
Challenger,RSC005648,Chadgpt,Spartans,The Sovereign,Lunar,19.9,41,3,0.325,0.333,1,2,874,400,474,2,0,3,5,40.0%,314.6,144.0,170.6,0.72,0.0,1.08,1.8,291.3,133.3,158.0,0.67,0.0,1.0,1.67,5,8,1.8,2.88,1.67,2.67
Challenger,RSC006212,Kingtutt97,Wheelchairs,The Quad Dynasty,Lunar,17.2,317,23,0.467,0.478,11,12,5581,3020,2561,10,8,24,42,23.8%,259.9,140.6,119.2,0.47,0.37,1.12,1.96,242.7,131.3,111.3,0.43,0.35,1.04,1.83,43,47,2.0,2.19,1.87,2.04
Challenger,RSC005696,Jack.Flv,Void,Event Horizon,Solar,16.8,441,30,0.57,0.533,16,14,8441,4770,3671,15,9,47,47,31.9%,282.5,159.7,122.9,0.5,0.3,1.57,1.57,281.4,159.0,122.4,0.5,0.3,1.57,1.57,63,52,2.11,1.74,2.1,1.73
Challenger,RSC000054,Blindvisionary,Metal,The Elements,Solar,13.9,551,37,0.323,0.297,11,26,9925,5120,4805,19,13,40,57,33.3%,265.9,137.2,128.7,0.51,0.35,1.07,1.53,268.2,138.4,129.9,0.51,0.35,1.08,1.54,63,102,1.69,2.73,1.7,2.76
Challenger,RSC006209,Jdog308,Wheelchairs,The Quad Dynasty,Lunar,12.0,60,4,0.273,0.25,1,3,1113,660,453,3,1,5,6,50.0%,273.8,162.4,111.4,0.74,0.25,1.23,1.48,278.3,165.0,113.3,0.75,0.25,1.25,1.5,7,13,1.72,3.2,1.75,3.25
Challenger,RSC005106,Xkilk,Zombies,The Monster Mash,Lunar,10.9,200,14,0.392,0.429,6,8,3638,1660,1978,6,3,14,21,28.6%,268.5,122.5,146.0,0.44,0.22,1.03,1.55,259.9,118.6,141.3,0.43,0.21,1.0,1.5,28,37,2.07,2.73,2.0,2.64
Challenger,RSC000417,Twoslot,Threshers,Shark Attack,Lunar,10.6,338,22,0.346,0.318,7,15,5915,2940,2975,14,4,18,44,31.8%,258.3,128.4,129.9,0.61,0.17,0.79,1.92,268.9,133.6,135.2,0.64,0.18,0.82,2.0,44,66,1.92,2.88,2.0,3.0
Challenger,RSC005859,Ledtasso,Isopods,The Abyss,Lunar,9.9,521,33,0.359,0.303,10,23,8861,5160,3701,22,9,37,66,33.3%,251.0,146.2,104.9,0.62,0.25,1.05,1.87,268.5,156.4,112.2,0.67,0.27,1.12,2.0,73,105,2.07,2.97,2.21,3.18
Challenger,RSC001026,Ragegamingis1,Shinigami,The Gods,Lunar,5.0,115,8,0.192,0.25,2,6,1770,790,980,3,4,4,9,33.3%,227.2,101.4,125.8,0.39,0.51,0.51,1.16,221.3,98.8,122.5,0.38,0.5,0.5,1.13,14,33,1.8,4.24,1.75,4.13
Challenger,RSC004105,Spookyoldguy749,Steel,Metal,Solar,-0.1,87,6,0.192,0.0,0,6,1428,710,718,0,2,11,6,0.0%,242.3,120.5,121.8,0.0,0.34,1.87,1.02,238.0,118.3,119.7,0.0,0.33,1.83,1.0,9,22,1.53,3.73,1.5,3.67
Challenger,RSC006401,Shadohkami,Leo,The Nexus,Solar,-1.5,64,4,0.252,0.25,1,3,911,510,401,0,2,7,6,0.0%,210.1,117.6,92.5,0.0,0.46,1.61,1.38,227.8,127.5,100.3,0.0,0.5,1.75,1.5,7,14,1.61,3.23,1.75,3.5
Challenger,RSC004758,Array,Breadsticks,Fifty-Fifty Pizzeria,Lunar,-13.3,63,4,0.357,0.25,1,3,900,470,430,1,0,6,7,14.3%,210.9,110.1,100.7,0.23,0.0,1.41,1.64,225.0,117.5,107.5,0.25,0.0,1.5,1.75,9,13,2.11,3.05,2.25,3.25
Amateur,RSC006430,Xxdaddysherexx,Cthylla,The Mythos,,99.7,704,56,0.638,0.554,31,25,22643,13130,9513,61,38,67,178,34.3%,409.4,237.4,172.0,1.1,0.69,1.21,3.22,404.3,234.5,169.9,1.09,0.68,1.2,3.18,150,104,2.71,1.88,2.68,1.86
Amateur,RSC005766,Wrychew,Elastic,Energy,,90.1,730,55,0.574,0.564,31,24,22760,13520,9240,66,36,71,157,42.0%,396.8,235.7,161.1,1.15,0.63,1.24,2.74,413.8,245.8,168.0,1.2,0.65,1.29,2.85,150,124,2.62,2.16,2.73,2.25
Amateur,RSC003335,Xeaglex20X,Surprise,The Elements,,83.8,704,52,0.515,0.558,29,23,20942,12430,8512,59,34,67,148,39.9%,378.6,224.7,153.9,1.07,0.61,1.21,2.68,402.7,239.0,163.7,1.13,0.65,1.29,2.85,138,133,2.49,2.4,2.65,2.56
Amateur,RSC006416,Starazor,Brass,Metal,,77.9,758,56,0.626,0.661,37,19,21464,13220,8244,60,30,80,172,34.9%,360.4,222.0,138.4,1.01,0.5,1.34,2.89,383.3,236.1,147.2,1.07,0.54,1.43,3.07,155,111,2.6,1.86,2.77,1.98
Amateur,RSC006050,Rhinocersaurus,Rollers,The Quad Dynasty,,71.0,499,39,0.619,0.615,24,15,13105,7410,5695,39,21,26,116,33.6%,334.3,189.0,145.3,0.99,0.54,0.66,2.96,336.0,190.0,146.0,1.0,0.54,0.67,2.97,99,72,2.53,1.84,2.54,1.85
Amateur,RSC003807,Blossom,Sacrificed,Destined,,67.2,616,51,0.439,0.431,22,29,16760,10460,6300,52,21,61,116,44.8%,346.3,216.1,130.2,1.07,0.43,1.26,2.4,328.6,205.1,123.5,1.02,0.41,1.2,2.27,107,125,2.21,2.58,2.1,2.45
Amateur,RSC006441,Itchyramrod420,Rollers,The Quad Dynasty,,64.2,536,45,0.516,0.533,24,21,14051,7760,6291,35,22,43,101,34.7%,333.6,184.3,149.4,0.83,0.52,1.02,2.4,312.2,172.4,139.8,0.78,0.49,0.96,2.24,100,96,2.37,2.28,2.22,2.13
Amateur,RSC006436,Furian,Brass,Metal,,61.3,722,54,0.65,0.667,36,18,18558,10900,7658,55,29,54,125,44.0%,327.1,192.1,135.0,0.97,0.51,0.95,2.2,343.7,201.9,141.8,1.02,0.54,1.0,2.31,151,101,2.66,1.78,2.8,1.87
Amateur,RSC006422,Kakashixrage162,Elastic,Energy,,61.1,562,42,0.599,0.619,26,16,13142,7630,5512,36,31,28,108,33.3%,297.6,172.8,124.8,0.82,0.7,0.63,2.45,312.9,181.7,131.2,0.86,0.74,0.67,2.57,119,92,2.69,2.08,2.83,2.19
Amateur,RSC006251,Minitechniks,"Surprise
Fae","The Elements
Draconem",,55.4,587,47,0.422,0.447,21,26,14105,8300,5805,44,21,35,110,40.0%,305.8,180.0,125.9,0.95,0.46,0.76,2.39,300.1,176.6,123.5,0.94,0.45,0.74,2.34,106,129,2.3,2.8,2.26,2.74
Amateur,RSC003223,Ark7000,House Salads,Fifty-Fifty Pizzeria,,54.8,667,54,0.386,0.389,21,33,16665,9130,7535,38,25,60,108,35.2%,318.0,174.2,143.8,0.73,0.48,1.14,2.06,308.6,169.1,139.5,0.7,0.46,1.11,2.0,107,144,2.04,2.75,1.98,2.67
Amateur,RSC005937,Slashfabo420,Fae,Draconem,,52.9,505,43,0.336,0.349,15,28,12242,6270,5972,25,21,38,82,30.5%,308.5,158.0,150.5,0.63,0.53,0.96,2.07,284.7,145.8,138.9,0.58,0.49,0.88,1.91,84,128,2.12,3.23,1.95,2.98
Amateur,RSC006445,Freemak1,Rollers,The Quad Dynasty,,52.7,417,35,0.436,0.4,14,21,9861,5190,4671,19,17,34,74,25.7%,301.0,158.4,142.6,0.58,0.52,1.04,2.26,281.7,148.3,133.5,0.54,0.49,0.97,2.11,65,77,1.98,2.35,1.86,2.2
Amateur,RSC000323,Styk75,House Salads,Fifty-Fifty Pizzeria,,50.8,333,28,0.512,0.5,14,14,8490,4790,3700,24,7,30,54,44.4%,324.5,183.1,141.4,0.92,0.27,1.15,2.06,303.2,171.1,132.1,0.86,0.25,1.07,1.93,66,64,2.52,2.45,2.36,2.29
Amateur,RSC006442,Zsynz,Rollers,The Quad Dynasty,,48.0,447,37,0.581,0.595,22,15,10140,5500,4640,25,19,27,70,35.7%,288.7,156.6,132.1,0.71,0.54,0.77,1.99,274.1,148.6,125.4,0.68,0.51,0.73,1.89,90,73,2.56,2.08,2.43,1.97
Amateur,RSC006042,Superthr33S,Elastic,Energy,,44.3,581,43,0.61,0.581,25,18,13335,8040,5295,41,13,46,99,41.4%,292.1,176.1,116.0,0.9,0.28,1.01,2.17,310.1,187.0,123.1,0.95,0.3,1.07,2.3,120,90,2.63,1.97,2.79,2.09
Amateur,RSC006404,Protocol,Sacrificed,Destined,,42.7,627,51,0.412,0.412,21,30,15028,7500,7528,29,19,57,80,36.3%,305.0,152.2,152.8,0.59,0.39,1.16,1.62,294.7,147.1,147.6,0.57,0.37,1.12,1.57,101,127,2.05,2.58,1.98,2.49
Amateur,RSC005542,Godsfarm,Cthylla,The Mythos,,42.2,613,49,0.647,0.551,27,22,12944,7520,5424,40,22,28,102,39.2%,268.7,156.1,112.6,0.83,0.46,0.58,2.12,264.2,153.5,110.7,0.82,0.45,0.57,2.08,129,87,2.68,1.81,2.63,1.78
Amateur,RSC005877,Deathmuffins_03,Cthylla,The Mythos,,41.7,433,35,0.654,0.571,20,15,8913,5530,3383,27,16,26,73,37.0%,262.0,162.5,99.4,0.79,0.47,0.76,2.15,254.7,158.0,96.7,0.77,0.46,0.74,2.09,95,63,2.79,1.85,2.71,1.8
Amateur,RSC000654,Rocci,Surprise,The Elements,,41.6,566,43,0.5,0.512,22,21,12382,7570,4812,41,20,34,77,53.2%,278.4,170.2,108.2,0.92,0.45,0.76,1.73,288.0,176.0,111.9,0.95,0.47,0.79,1.79,116,116,2.61,2.61,2.7,2.7
Amateur,RSC005379,Wollyz,House Salads,Fifty-Fifty Pizzeria,,36.9,493,40,0.409,0.425,17,23,10045,6000,4045,29,18,30,70,41.4%,259.3,154.9,104.4,0.75,0.46,0.77,1.81,251.1,150.0,101.1,0.73,0.45,0.75,1.75,83,105,2.14,2.71,2.08,2.63
Amateur,RSC006344,Ferriscrueller,Surprise,The Elements,,36.3,545,42,0.504,0.571,24,18,11648,6250,5398,28,17,37,75,37.3%,272.0,146.0,126.1,0.65,0.4,0.86,1.75,277.3,148.8,128.5,0.67,0.4,0.88,1.79,110,109,2.57,2.55,2.62,2.6
Amateur,RSC006381,Yerp_Yerp02,Fae,Draconem,,36.2,547,44,0.402,0.409,18,26,11323,6060,5263,27,20,32,76,35.5%,263.5,141.0,122.5,0.63,0.47,0.74,1.77,257.3,137.7,119.6,0.61,0.45,0.73,1.73,101,129,2.35,3.0,2.3,2.93
Amateur,RSC006443,Onlyslim2198,Cthylla,The Mythos,,35.7,362,28,0.604,0.536,15,13,7172,4090,3082,22,12,14,59,37.3%,252.2,143.8,108.4,0.77,0.42,0.49,2.07,256.1,146.1,110.1,0.79,0.43,0.5,2.11,76,58,2.67,2.04,2.71,2.07
Amateur,RSC006375,Rich-Rollin6060,Brass,Metal,,35.0,272,20,0.607,0.7,14,6,5376,3220,2156,16,9,15,42,38.1%,251.6,150.7,100.9,0.75,0.42,0.7,1.97,268.8,161.0,107.8,0.8,0.45,0.75,2.1,58,44,2.71,2.06,2.9,2.2
Amateur,RSC005427,Lltoxic_Dripll,"Fae
Brass
Surprise","Draconem
Metal
The Elements",,29.3,209,16,0.288,0.375,6,10,4426,2440,1986,11,3,18,29,37.9%,269.5,148.6,120.9,0.67,0.18,1.1,1.77,276.6,152.5,124.1,0.69,0.19,1.13,1.81,30,53,1.83,3.23,1.88,3.31
Amateur,RSC006137,Fullbl00Dn8V,House Salads,Fifty-Fifty Pizzeria,,28.5,177,15,0.522,0.533,8,7,3590,1960,1630,12,3,7,26,46.2%,258.1,140.9,117.2,0.86,0.22,0.5,1.87,239.3,130.7,108.7,0.8,0.2,0.47,1.73,37,35,2.66,2.52,2.47,2.33
Amateur,RSC006426,Nobo_Ostnaga,Sacrificed,Destined,,27.2,581,47,0.409,0.383,18,29,12094,6150,5944,25,12,47,70,35.7%,264.9,134.7,130.2,0.55,0.26,1.03,1.53,257.3,130.9,126.5,0.53,0.26,1.0,1.49,93,118,2.04,2.58,1.98,2.51
Amateur,RSC005714,T_I_M_O_G,Brass,Metal,,25.2,365,26,0.555,0.615,16,10,7229,4080,3149,20,8,25,43,46.5%,252.1,142.3,109.8,0.7,0.28,0.87,1.5,278.0,156.9,121.1,0.77,0.31,0.96,1.65,66,57,2.3,1.99,2.54,2.19
Amateur,RSC005527,Colossus4203316,"Fae
House Salads","Draconem
Fifty-Fifty Pizzeria",,24.1,350,27,0.257,0.259,7,20,6019,2950,3069,10,12,16,55,18.2%,218.9,107.3,111.6,0.36,0.44,0.58,2.0,222.9,109.3,113.7,0.37,0.44,0.59,2.04,43,85,1.56,3.09,1.59,3.15
Amateur,RSC006269,Gratzki,Fae,Draconem,,23.4,152,13,0.354,0.385,5,8,2923,1650,1273,6,6,13,10,60.0%,244.7,138.2,106.6,0.5,0.5,1.09,0.84,224.8,126.9,97.9,0.46,0.46,1.0,0.77,27,39,2.26,3.27,2.08,3.0
Amateur,RSC006423,Jimmjammrumham,"Sacrificed
House Salads","Destined
Fifty-Fifty Pizzeria",,10.9,109,10,0.19,0.2,2,8,1884,820,1064,2,2,8,12,16.7%,220.0,95.7,124.2,0.23,0.23,0.93,1.4,188.4,82.0,106.4,0.2,0.2,0.8,1.2,8,22,0.93,2.57,0.8,2.2
Amateur,RSC005616,Tigerblood2798,Surprise,The Elements,,8.7,265,19,0.458,0.474,9,10,4347,2250,2097,9,4,17,30,30.0%,208.8,108.1,100.7,0.43,0.19,0.82,1.44,228.8,118.4,110.4,0.47,0.21,0.89,1.58,43,48,2.07,2.31,2.26,2.53
Amateur,RSC006297,M00Kie.,Brass,Metal,,1.6,101,8,0.736,0.625,5,3,1365,740,625,2,3,6,9,22.2%,172.0,93.2,78.8,0.25,0.38,0.76,1.13,170.6,92.5,78.1,0.25,0.38,0.75,1.13,25,13,3.15,1.64,3.13,1.63
Amateur,RSC006462,Ous,Fae,Draconem,,-10.1,55,3,0.063,0.0,0,3,692,410,282,2,0,3,6,33.3%,160.1,94.9,65.3,0.46,0.0,0.69,1.39,230.7,136.7,94.0,0.67,0.0,1.0,2.0,3,17,0.69,3.93,1.0,5.67
Amateur,RSC006256,Casca.A,Elastic,Energy,,-12.7,365,28,0.375,0.393,11,17,3967,1860,2107,7,9,9,26,26.9%,138.3,64.9,73.5,0.24,0.31,0.31,0.91,141.7,66.4,75.3,0.25,0.32,0.32,0.93,61,84,2.13,2.93,2.18,3.0
Amateur,RSC006364,1Arrry,"Fae
Sacrificed","Draconem
Destined",,-27.3,222,17,0.23,0.176,3,14,2248,900,1348,4,1,7,10,40.0%,128.9,51.6,77.3,0.23,0.06,0.4,0.57,132.2,52.9,79.3,0.24,0.06,0.41,0.59,31,65,1.78,3.73,1.82,3.82
Amateur,RSC006533,Kalandor4,House Salads,Fifty-Fifty Pizzeria,,-38.5,23,2,0.048,0.0,0,2,130,70,60,0,0,1,2,0.0%,71.9,38.7,33.2,0.0,0.0,0.55,1.11,65.0,35.0,30.0,0.0,0.0,0.5,1.0,1,7,0.55,3.87,0.5,3.5
