Filter(s),,,Name,Tier,Team(s),Franchise(s),Conference,SBV,TS,GP,PWE,WP,W,L,P,SP,NP,G,A,Sv,S,S%,P/A,SP/A,NP/A,G/A,A/A,Sv/A,S/A,P/G,SP/G,NP/G,G/G,A/G,Sv/G,S/G,tm_G,opp_G,tm_G/A,opp_G/A,tm_G/G,opp_G/G
Stat,Condition,,Cjax,Veteran,Makos,Shark Attack,Lunar,198.8,11,1,0.920,1.000,1,0,437,320,117,1,2,2,2,50.0%,623.3,456.4,166.9,1.43,2.85,2.85,2.85,437.0,320.0,117.0,1.00,2.00,2.00,2.00,4,1,5.70,1.43,4.00,1.00
,,,Grand Trashcan,Veteran,Saturn,The Nexus,Solar,118.4,13,1,0.732,1.000,1,0,432,250,182,2,0,0,5,40.0%,521.3,301.7,219.6,2.41,0.00,0.00,6.03,432.0,250.0,182.0,2.00,0.00,0.00,5.00,2,1,2.41,1.21,2.00,1.00
,,,Flyerrr85,Veteran,Saturn,The Nexus,Solar,97.7,54,4,0.753,0.750,3,1,1576,970,606,5,3,4,12,41.7%,457.9,281.8,176.1,1.45,0.87,1.16,3.49,394.0,242.5,151.5,1.25,0.75,1.00,3.00,12,6,3.49,1.74,3.00,1.50
,,,Not So Jucy Skep,Veteran,Singularity,Event Horizon,Solar,91.4,956,63,0.737,0.778,49,14,27270,16110,11160,73,45,89,211,34.6%,447.5,264.4,183.1,1.20,0.74,1.46,3.46,432.9,255.7,177.1,1.16,0.71,1.41,3.35,185,95,3.04,1.56,2.94,1.51
,,,Possiblyzach,Veteran,Makos,Shark Attack,Lunar,90.2,985,64,0.686,0.703,45,19,28397,17330,11067,79,48,101,198,39.9%,452.3,276.0,176.3,1.26,0.76,1.61,3.15,443.7,270.8,172.9,1.23,0.75,1.58,3.09,192,117,3.06,1.86,3.00,1.83
,,,Jordon1377,Veteran,Saturn,The Nexus,Solar,90.0,611,40,0.609,0.600,24,16,17402,10090,7312,47,34,50,119,39.5%,446.8,259.1,187.7,1.21,0.87,1.28,3.06,435.1,252.3,182.8,1.18,0.85,1.25,2.98,111,84,2.85,2.16,2.78,2.10
,,,Yeetn-Skeet,Veteran,Gouda Gangsters,Cheese Guild,Solar,87.0,1001,63,0.612,0.667,42,21,27432,16880,10552,75,46,96,228,32.9%,429.9,264.6,165.4,1.18,0.72,1.50,3.57,435.4,267.9,167.5,1.19,0.73,1.52,3.62,179,134,2.81,2.10,2.84,2.13
,,,Kayo,Veteran,Seadevils,The Abyss,Lunar,86.6,531,36,0.645,0.639,23,13,14671,8980,5691,49,19,36,133,36.8%,433.5,265.3,168.1,1.45,0.56,1.06,3.93,407.5,249.4,158.1,1.36,0.53,1.00,3.69,94,64,2.78,1.89,2.61,1.78
,,,Galaxiezz.,Veteran,Guanacos,The Herd,Lunar,83.5,955,60,0.538,0.500,30,30,26172,14730,11442,53,45,105,193,27.5%,429.9,242.0,188.0,0.87,0.74,1.72,3.17,436.2,245.5,190.7,0.88,0.75,1.75,3.22,151,137,2.48,2.25,2.52,2.28
,,,Rock_Sause,Veteran,Grizzly Bears,The Bear Den,Lunar,81.8,989,64,0.507,0.516,33,31,27906,16550,11356,68,36,120,195,34.9%,442.7,262.5,180.1,1.08,0.57,1.90,3.09,436.0,258.6,177.4,1.06,0.56,1.88,3.05,166,163,2.63,2.59,2.59,2.55
,,,Ryan.,Veteran,Mosaic Maestros,Art Club,Solar,79.4,981,64,0.510,0.516,33,31,25817,14950,10867,61,45,90,210,29.0%,412.9,239.1,173.8,0.98,0.72,1.44,3.36,403.4,233.6,169.8,0.95,0.70,1.41,3.28,159,155,2.54,2.48,2.48,2.42
,,,Regularlyjones,Veteran,Gorillas,The Jungle,Solar,79.3,928,59,0.682,0.712,42,17,24752,14620,10132,74,37,66,207,35.7%,418.4,247.2,171.3,1.25,0.63,1.12,3.50,419.5,247.8,171.7,1.25,0.63,1.12,3.51,177,109,2.99,1.84,3.00,1.85
Sort(s),,,J.,Veteran,Makos,Shark Attack,Lunar,79.2,974,63,0.682,0.698,44,19,25676,15630,10046,66,52,91,188,35.1%,413.6,251.8,161.8,1.06,0.84,1.47,3.03,407.6,248.1,159.5,1.05,0.83,1.44,2.98,188,116,3.03,1.87,2.98,1.84
Stat,Order,,Ptl_Kel,Veteran,Possessed,Destined,Solar,76.6,854,54,0.517,0.556,30,24,22836,13470,9366,64,37,71,167,38.3%,419.5,247.4,172.1,1.18,0.68,1.30,3.07,422.9,249.4,173.4,1.19,0.69,1.31,3.09,147,141,2.70,2.59,2.72,2.61
Name,Desc,,Lettuce,Veteran,"Linguini Lancers
Knead for Speed","Italian Battalion
The Bakery",Solar,75.4,299,19,0.541,0.579,11,8,8032,4820,3212,22,10,30,62,35.5%,421.4,252.9,168.5,1.15,0.52,1.57,3.25,422.7,253.7,169.1,1.16,0.53,1.58,3.26,51,46,2.68,2.41,2.68,2.42
Conference,Desc,,Jdubzz.Rl,Veteran,Singularity,Event Horizon,Solar,73.9,942,62,0.748,0.790,49,13,24204,14930,9274,70,40,79,198,35.4%,403.1,248.6,154.5,1.17,0.67,1.32,3.30,390.4,240.8,149.6,1.13,0.65,1.27,3.19,184,91,3.06,1.52,2.97,1.47
TS,Desc,,Sturmo.,Veteran,Wyverns,The Forest,Solar,72.4,1001,64,0.610,0.625,40,24,25194,15280,9914,64,51,88,193,33.2%,394.9,239.5,155.4,1.00,0.80,1.38,3.02,393.7,238.8,154.9,1.00,0.80,1.38,3.02,189,143,2.96,2.24,2.95,2.23
,,,Galacticcccc,Veteran,Rockin Revenants,Ghoul School,Solar,72.1,887,56,0.563,0.554,31,25,22224,13410,8814,64,43,61,181,35.4%,393.1,237.2,155.9,1.13,0.76,1.08,3.20,396.9,239.5,157.4,1.14,0.77,1.09,3.23,168,144,2.97,2.55,3.00,2.57
,,,Cubby,Veteran,Rockin Revenants,Ghoul School,Solar,71.6,55,4,0.500,0.750,3,1,1718,1060,658,6,1,7,6,100.0%,490.0,302.4,187.7,1.71,0.29,2.00,1.71,429.5,265.0,164.5,1.50,0.25,1.75,1.50,13,13,3.71,3.71,3.25,3.25
,,,Laruthlesss,Veteran,Gladiators,The Sovereign,Lunar,70.6,884,53,0.546,0.623,33,20,23610,13860,9750,60,28,96,166,36.1%,419.0,246.0,173.0,1.06,0.50,1.70,2.95,445.5,261.5,184.0,1.13,0.53,1.81,3.13,134,119,2.38,2.11,2.53,2.25
,,,Ace_Cosplays.Ttv,Veteran,Banana Spiders,Eight Legged Freaks,Lunar,70.1,906,56,0.526,0.536,30,26,23922,14220,9702,63,30,94,172,36.6%,414.2,246.2,168.0,1.09,0.52,1.63,2.98,427.2,253.9,173.3,1.13,0.54,1.68,3.07,140,131,2.42,2.27,2.50,2.34
,,,Imsoupergreat,Veteran,Gorillas,The Jungle,Solar,69.2,694,44,0.639,0.659,29,15,17232,10290,6942,44,33,58,134,32.8%,389.5,232.6,156.9,0.99,0.75,1.31,3.03,391.6,233.9,157.8,1.00,0.75,1.32,3.05,129,90,2.92,2.03,2.93,2.05
,,,Glaevv,Veteran,Saturn,The Nexus,Solar,69.0,237,16,0.560,0.688,11,5,5897,3580,2317,15,10,22,48,31.3%,390.4,237.0,153.4,0.99,0.66,1.46,3.18,368.6,223.8,144.8,0.94,0.63,1.38,3.00,43,37,2.85,2.45,2.69,2.31
,,,Dribblingpenguin,Veteran,Banshees,The Monster Mash,Lunar,66.8,761,45,0.628,0.644,29,16,19057,12010,7047,65,26,52,161,40.4%,392.9,247.6,145.3,1.34,0.54,1.07,3.32,423.5,266.9,156.6,1.44,0.58,1.16,3.58,148,107,3.05,2.21,3.29,2.38
,,,Ray,Veteran,"Linguini Lancers
Cthulhu
Banshees","Italian Battalion
The Mythos
The Monster Mash",Lunar,65.4,503,32,0.429,0.469,15,17,11658,6950,4708,25,27,42,100,25.0%,363.6,216.8,146.8,0.78,0.84,1.31,3.12,364.3,217.2,147.1,0.78,0.84,1.31,3.13,77,92,2.40,2.87,2.41,2.88
,,,Legend,Veteran,Banshees,The Monster Mash,Lunar,65.1,805,48,0.651,0.667,32,16,19393,11820,7573,51,45,62,137,37.2%,377.9,230.4,147.6,0.99,0.88,1.21,2.67,404.0,246.3,157.8,1.06,0.94,1.29,2.85,154,104,3.00,2.03,3.21,2.17
,,,Dooober,Veteran,Calzones,Fifty-Fifty Pizzeria,Lunar,65.0,1043,64,0.502,0.531,34,30,27211,15540,11671,65,27,115,194,33.5%,409.3,233.7,175.5,0.98,0.41,1.73,2.92,425.2,242.8,182.4,1.02,0.42,1.80,3.03,160,159,2.41,2.39,2.50,2.48
,,,Lmao Beer Me,Veteran,Knead for Speed,The Bakery,Solar,64.9,894,60,0.515,0.550,33,27,22864,13210,9654,53,28,97,166,31.9%,401.2,231.8,169.4,0.93,0.49,1.70,2.91,381.1,220.2,160.9,0.88,0.47,1.62,2.77,135,130,2.37,2.28,2.25,2.17
,,,Vp Reported,Veteran,Blues,Whale Defense,Lunar,64.3,945,60,0.546,0.567,34,26,23713,13420,10293,51,41,94,157,32.5%,393.7,222.8,170.9,0.85,0.68,1.56,2.61,395.2,223.7,171.6,0.85,0.68,1.57,2.62,152,135,2.52,2.24,2.53,2.25
,,,Taz.Rm,Veteran,Gorillas,The Jungle,Solar,63.1,941,59,0.670,0.695,41,18,21419,12880,8539,47,60,71,163,28.8%,357.1,214.7,142.4,0.78,1.00,1.18,2.72,363.0,218.3,144.7,0.80,1.02,1.20,2.76,180,115,3.00,1.92,3.05,1.95
,,,Xzoarny,Veteran,Merciless Mob,The Syndicate,Lunar,62.9,927,58,0.509,0.500,29,29,22782,13260,9522,55,36,85,171,32.2%,385.6,224.4,161.1,0.93,0.61,1.44,2.89,392.8,228.6,164.2,0.95,0.62,1.47,2.95,137,134,2.32,2.27,2.36,2.31
,,,Blue Eyes Thunder Thighs,Veteran,Typhoons,Storm,Solar,62.0,969,64,0.482,0.469,30,34,24032,13400,10632,51,32,98,180,28.3%,389.1,216.9,172.1,0.83,0.52,1.59,2.91,375.5,209.4,166.1,0.80,0.50,1.53,2.81,145,152,2.35,2.46,2.27,2.38
,,,Sirtommynoble,Veteran,Peppers,The Garden,Lunar,59.7,573,37,0.532,0.486,18,19,13551,8100,5451,32,26,52,100,32.0%,371.0,221.8,149.2,0.88,0.71,1.42,2.74,366.2,218.9,147.3,0.86,0.70,1.41,2.70,87,80,2.38,2.19,2.35,2.16
,,,Going_Steddy,Veteran,Banshees,The Monster Mash,Lunar,59.1,192,12,0.587,0.500,6,6,4462,2570,1892,11,6,15,42,26.2%,364.6,210.0,154.6,0.90,0.49,1.23,3.43,371.8,214.2,157.7,0.92,0.50,1.25,3.50,29,23,2.37,1.88,2.42,1.92
,,,Zyta,Veteran,"Saturn
Pride","The Nexus
Seven Deadly Sins",Lunar,58.9,121,8,0.614,0.750,6,2,2633,1330,1303,4,5,8,28,14.3%,341.4,172.4,168.9,0.52,0.65,1.04,3.63,329.1,166.3,162.9,0.50,0.63,1.00,3.50,19,14,2.46,1.82,2.38,1.75
,,,Joez,Veteran,"Peppermint
Linguini Lancers","Minty Fresh
Italian Battalion",Solar,58.9,515,37,0.337,0.324,12,25,12612,7220,5392,30,19,48,87,34.5%,384.2,219.9,164.3,0.91,0.58,1.46,2.65,340.9,195.1,145.7,0.81,0.51,1.30,2.35,72,109,2.19,3.32,1.95,2.95
,,,Lickadoss77,Veteran,Water,The Elements,Solar,58.8,902,56,0.509,0.482,27,29,21567,12160,9407,45,39,84,151,29.8%,375.1,211.5,163.6,0.78,0.68,1.46,2.63,385.1,217.1,168.0,0.80,0.70,1.50,2.70,136,133,2.37,2.31,2.43,2.38
,,,Partyshark.,Veteran,Water,The Elements,Solar,58.6,1007,64,0.490,0.469,30,34,24189,14040,10149,63,41,79,174,36.2%,376.8,218.7,158.1,0.98,0.64,1.23,2.71,378.0,219.4,158.6,0.98,0.64,1.23,2.72,151,155,2.35,2.41,2.36,2.42
,,,Flurry ^-^,Veteran,Cthulhu,The Mythos,Lunar,58.0,513,32,0.387,0.344,11,21,12645,7720,4925,37,11,49,102,36.3%,386.7,236.1,150.6,1.13,0.34,1.50,3.12,395.2,241.3,153.9,1.16,0.34,1.53,3.19,77,102,2.35,3.12,2.41,3.19
,,,Santi.,Veteran,"Saturn
Linguini Lancers","The Nexus
Italian Battalion",Solar,58.0,832,55,0.571,0.545,30,25,19985,11750,8235,46,33,82,140,32.9%,376.8,221.6,155.3,0.87,0.62,1.55,2.64,363.4,213.6,149.7,0.84,0.60,1.49,2.55,147,123,2.77,2.32,2.67,2.24
,,,Hawkish,Veteran,Wyverns,The Forest,Solar,57.8,685,43,0.648,0.698,30,13,16322,10180,6142,54,23,46,133,40.6%,373.8,233.1,140.7,1.24,0.53,1.05,3.05,379.6,236.7,142.8,1.26,0.53,1.07,3.09,140,96,3.21,2.20,3.26,2.23
,,,5/3Rds Stupid,Veteran,"Seadevils
Saturn","The Abyss
The Nexus",Lunar,57.8,466,30,0.511,0.500,15,15,11542,6420,5122,25,15,48,77,32.5%,388.6,216.1,172.4,0.84,0.50,1.62,2.59,384.7,214.0,170.7,0.83,0.50,1.60,2.57,73,71,2.46,2.39,2.43,2.37
,,,Nuke,Veteran,Peppers,The Garden,Lunar,57.7,693,46,0.486,0.457,21,25,16372,9250,7122,37,25,60,130,28.5%,370.6,209.4,161.2,0.84,0.57,1.36,2.94,355.9,201.1,154.8,0.80,0.54,1.30,2.83,108,112,2.44,2.54,2.35,2.43
,,,Curlz.Rl,Veteran,Lightning,Electric Mayhem,Lunar,57.5,946,59,0.478,0.492,29,30,22384,13600,8784,56,36,90,170,32.9%,371.2,225.5,145.7,0.93,0.60,1.49,2.82,379.4,230.5,148.9,0.95,0.61,1.53,2.88,141,149,2.34,2.47,2.39,2.53
,,,S_Ckz,Veteran,Pushwalkers,The Quad Dynasty,Solar,57.4,880,60,0.444,0.417,25,35,20902,11600,9302,46,32,76,160,28.8%,372.6,206.8,165.8,0.82,0.57,1.35,2.85,348.4,193.3,155.0,0.77,0.53,1.27,2.67,124,143,2.21,2.55,2.07,2.38
,,,1Ssh1,Veteran,Seadevils,The Abyss,Lunar,56.3,908,60,0.549,0.550,33,27,21345,12130,9215,50,32,77,168,29.8%,368.8,209.6,159.2,0.86,0.55,1.33,2.90,355.8,202.2,153.6,0.83,0.53,1.28,2.80,144,127,2.49,2.19,2.40,2.12
,,,Kirit0 Ttv,Veteran,"Guanacos
Merciless Mob
Blues","The Herd
The Syndicate
Whale Defense",Lunar,55.5,447,28,0.534,0.571,16,12,10419,6040,4379,27,22,31,69,39.1%,365.7,212.0,153.7,0.95,0.77,1.09,2.42,372.1,215.7,156.4,0.96,0.79,1.11,2.46,73,67,2.56,2.35,2.61,2.39
,,,Slmrnchr,Veteran,Calzones,Fifty-Fifty Pizzeria,Lunar,55.2,698,42,0.526,0.571,24,18,16121,9480,6641,35,30,66,118,29.7%,362.3,213.1,149.3,0.79,0.67,1.48,2.65,383.8,225.7,158.1,0.83,0.71,1.57,2.81,108,101,2.43,2.27,2.57,2.40
,,,Braamse,Veteran,"Knead for Speed
Gouda Gangsters","The Bakery
Cheese Guild",Solar,55.2,917,59,0.624,0.661,39,20,20603,12000,8603,51,43,62,165,30.9%,352.5,205.3,147.2,0.87,0.74,1.06,2.82,349.2,203.4,145.8,0.86,0.73,1.05,2.80,173,126,2.96,2.16,2.93,2.14
,,,Its Bigwill,Veteran,Mean Manatees,Speed Demons,Lunar,55.0,900,56,0.503,0.500,28,28,22032,11860,10172,45,23,93,156,28.8%,384.0,206.7,177.3,0.78,0.40,1.62,2.72,393.4,211.8,181.6,0.80,0.41,1.66,2.79,132,131,2.30,2.28,2.36,2.34
,,,Zloczz-,Veteran,Grizzly Bears,The Bear Den,Lunar,54.7,135,8,0.387,0.500,4,4,3292,2130,1162,11,6,11,18,61.1%,382.6,247.5,135.0,1.28,0.70,1.28,2.09,411.5,266.3,145.3,1.38,0.75,1.38,2.25,22,29,2.56,3.37,2.75,3.63
,,,Supercruz101,Veteran,Rockin Revenants,Ghoul School,Solar,54.6,583,36,0.618,0.611,22,14,13524,8170,5354,30,24,60,97,30.9%,363.9,219.9,144.1,0.81,0.65,1.61,2.61,375.7,226.9,148.7,0.83,0.67,1.67,2.69,112,83,3.01,2.23,3.11,2.31
,,,Itzxjp,Veteran,Merciless Mob,The Syndicate,Lunar,54.5,262,17,0.500,0.412,7,10,6080,3550,2530,11,14,28,35,31.4%,364.1,212.6,151.5,0.66,0.84,1.68,2.10,357.6,208.8,148.8,0.65,0.82,1.65,2.06,41,41,2.46,2.46,2.41,2.41
,,,Its Eenyo,Veteran,Saturn,The Nexus,Solar,54.4,186,12,0.513,0.583,7,5,4203,2360,1843,9,9,14,31,29.0%,354.5,199.1,155.4,0.76,0.76,1.18,2.61,350.3,196.7,153.6,0.75,0.75,1.17,2.58,33,32,2.78,2.70,2.75,2.67
,,,Grizz,Veteran,Singularity,Event Horizon,Solar,54.4,413,28,0.723,0.714,20,8,9381,5390,3991,25,20,24,69,36.2%,356.3,204.7,151.6,0.95,0.76,0.91,2.62,335.0,192.5,142.5,0.89,0.71,0.86,2.46,86,47,3.27,1.79,3.07,1.68
,,,Ogkrish,Veteran,"Pride
Nightmare
Peppers
Possessed","Seven Deadly Sins
The Shadows
The Garden
Destined",Lunar,54.2,617,38,0.433,0.500,19,19,14763,8520,6243,30,22,69,97,30.9%,375.4,216.6,158.7,0.76,0.56,1.75,2.47,388.5,224.2,164.3,0.79,0.58,1.82,2.55,84,100,2.14,2.54,2.21,2.63
,,,Hazard,Veteran,Rockin Revenants,Ghoul School,Solar,54.2,1003,62,0.538,0.516,32,30,23183,13700,9483,61,42,76,170,35.9%,362.6,214.3,148.3,0.95,0.66,1.19,2.66,373.9,221.0,153.0,0.98,0.68,1.23,2.74,180,164,2.82,2.57,2.90,2.65
,,,Laughing,Veteran,Guanacos,The Herd,Lunar,54.1,225,16,0.477,0.375,6,10,5304,3040,2264,15,6,16,44,34.1%,369.8,212.0,157.9,1.05,0.42,1.12,3.07,331.5,190.0,141.5,0.94,0.38,1.00,2.75,32,34,2.23,2.37,2.00,2.13
,,,Feen,Veteran,Wyverns,The Forest,Solar,53.8,1001,64,0.610,0.625,40,24,22760,12980,9780,50,49,79,158,31.6%,356.7,203.4,153.3,0.78,0.77,1.24,2.48,355.6,202.8,152.8,0.78,0.77,1.23,2.47,189,143,2.96,2.24,2.95,2.23
,,,Mathews175,Veteran,Banana Spiders,Eight Legged Freaks,Lunar,53.5,740,46,0.560,0.565,26,20,16924,9220,7704,31,32,66,122,25.4%,358.8,195.5,163.3,0.66,0.68,1.40,2.59,367.9,200.4,167.5,0.67,0.70,1.43,2.65,118,101,2.50,2.14,2.57,2.20
,,,.Tor.,Veteran,Nightmare,The Shadows,Solar,52.6,769,46,0.371,0.326,15,31,18088,10200,7888,40,25,73,130,30.8%,369.0,208.1,160.9,0.82,0.51,1.49,2.65,393.2,221.7,171.5,0.87,0.54,1.59,2.83,101,141,2.06,2.88,2.20,3.07
,,,Cundy,Veteran,"Mosaic Maestros
Cthulhu","Art Club
The Mythos",Solar,52.1,845,57,0.428,0.439,25,32,18965,10430,8535,39,41,63,133,29.3%,352.1,193.6,158.5,0.72,0.76,1.17,2.47,332.7,183.0,149.7,0.68,0.72,1.11,2.33,125,150,2.32,2.78,2.19,2.63
,,,Shai,Veteran,Lightning,Electric Mayhem,Lunar,51.7,902,56,0.452,0.446,25,31,20695,11450,9245,35,33,96,150,23.3%,359.9,199.1,160.8,0.61,0.57,1.67,2.61,369.6,204.5,165.1,0.63,0.59,1.71,2.68,129,146,2.24,2.54,2.30,2.61
,,,Angel <3,Veteran,Banshees,The Monster Mash,Lunar,51.6,1048,63,0.610,0.619,39,24,22222,12900,9322,49,52,69,195,25.1%,332.7,193.1,139.5,0.73,0.78,1.03,2.92,352.7,204.8,148.0,0.78,0.83,1.10,3.10,191,144,2.86,2.16,3.03,2.29
,,,Kovalchuk,Veteran,Hades,The Gods,Solar,51.6,105,6,0.446,0.500,3,3,2253,1140,1113,3,5,8,19,15.8%,336.6,170.3,166.3,0.45,0.75,1.20,2.84,375.5,190.0,185.5,0.50,0.83,1.33,3.17,13,15,1.94,2.24,2.17,2.50
,,,Archhie.,Veteran,Merciless Mob,The Syndicate,Lunar,51.3,660,41,0.561,0.561,23,18,14965,8340,6625,33,25,53,114,28.9%,355.7,198.2,157.5,0.78,0.59,1.26,2.71,365.0,203.4,161.6,0.80,0.61,1.29,2.78,102,87,2.42,2.07,2.49,2.12
,,,Lilia,Veteran,Wyverns,The Forest,Solar,51.1,265,17,0.480,0.471,8,9,6355,3660,2695,16,6,26,46,34.8%,376.2,216.7,159.5,0.95,0.36,1.54,2.72,373.8,215.3,158.5,0.94,0.35,1.53,2.71,38,40,2.25,2.37,2.24,2.35
,,,Irishhhh,Veteran,Mosaic Maestros,Art Club,Solar,50.2,699,46,0.539,0.522,24,22,15518,8880,6638,31,31,62,113,27.4%,348.3,199.3,149.0,0.70,0.70,1.39,2.54,337.3,193.0,144.3,0.67,0.67,1.35,2.46,116,105,2.60,2.36,2.52,2.28
,,,Daddydayts.Rl,Veteran,Knead for Speed,The Bakery,Solar,49.9,270,18,0.557,0.611,11,7,6113,3480,2633,15,9,21,48,31.3%,355.2,202.2,153.0,0.87,0.52,1.22,2.79,339.6,193.3,146.3,0.83,0.50,1.17,2.67,44,38,2.56,2.21,2.44,2.11
,,,Kryll_Jesusluvsu,Veteran,Mean Manatees,Speed Demons,Lunar,49.7,829,52,0.503,0.519,27,25,19338,11390,7948,55,23,66,144,38.2%,366.0,215.5,150.4,1.04,0.44,1.25,2.73,371.9,219.0,152.8,1.06,0.44,1.27,2.77,125,124,2.37,2.35,2.40,2.38
,,,Nitro,Veteran,Blues,Whale Defense,Lunar,48.9,956,60,0.524,0.567,34,26,20765,13030,7735,60,28,73,198,30.3%,340.8,213.8,126.9,0.98,0.46,1.20,3.25,346.1,217.2,128.9,1.00,0.47,1.22,3.30,150,141,2.46,2.31,2.50,2.35
,,,Reccoonn,Veteran,Possessed,Destined,Solar,47.6,422,28,0.543,0.571,16,12,8841,5380,3461,18,24,35,63,28.6%,328.7,200.0,128.7,0.67,0.89,1.30,2.34,315.8,192.1,123.6,0.64,0.86,1.25,2.25,81,73,3.01,2.71,2.89,2.61
,,,Monty.,Veteran,Gouda Gangsters,Cheese Guild,Solar,47.4,1000,63,0.619,0.667,42,21,22783,13120,9663,51,46,89,127,40.2%,357.4,205.8,151.6,0.80,0.72,1.40,1.99,361.6,208.3,153.4,0.81,0.73,1.41,2.02,181,133,2.84,2.09,2.87,2.11
,,,Nickm,Veteran,Peppers,The Garden,Lunar,47.1,899,58,0.517,0.483,28,30,19996,11000,8996,45,30,69,155,29.0%,348.9,192.0,157.0,0.79,0.52,1.20,2.70,344.8,189.7,155.1,0.78,0.52,1.19,2.67,139,133,2.43,2.32,2.40,2.29
,,,Daulton .,Veteran,Linguini Lancers,Italian Battalion,Lunar,47.0,357,26,0.355,0.308,8,18,8173,4630,3543,15,12,40,53,28.3%,359.2,203.5,155.7,0.66,0.53,1.76,2.33,314.3,178.1,136.3,0.58,0.46,1.54,2.04,46,67,2.02,2.94,1.77,2.58
,,,Kushw,Veteran,Gladiators,The Sovereign,Lunar,46.8,844,51,0.441,0.471,24,27,18369,10310,8059,35,35,74,136,25.7%,341.4,191.6,149.8,0.65,0.65,1.38,2.53,360.2,202.2,158.0,0.69,0.69,1.45,2.67,116,135,2.16,2.51,2.27,2.65
,,,Heat,Veteran,Crashtans,Maste Wanagement,Solar,46.6,913,58,0.364,0.345,20,38,20708,12210,8498,50,27,87,151,33.1%,355.8,209.8,146.0,0.86,0.46,1.49,2.59,357.0,210.5,146.5,0.86,0.47,1.50,2.60,122,173,2.10,2.97,2.10,2.98
,,,Pete Weber,Veteran,Typhoons,Storm,Solar,46.5,916,60,0.503,0.483,29,31,20502,11710,8792,50,35,71,141,35.5%,351.1,200.6,150.6,0.86,0.60,1.22,2.41,341.7,195.2,146.5,0.83,0.58,1.18,2.35,141,140,2.41,2.40,2.35,2.33
,,,Saucy Rexy,Veteran,Pushwalkers,The Quad Dynasty,Solar,46.5,808,54,0.465,0.426,23,31,19258,10640,8618,49,14,74,134,36.6%,373.9,206.6,167.3,0.95,0.27,1.44,2.60,356.6,197.0,159.6,0.91,0.26,1.37,2.48,117,128,2.27,2.49,2.17,2.37
,,,Slate,Veteran,Calzones,Fifty-Fifty Pizzeria,Lunar,46.2,524,33,0.486,0.485,16,17,11215,6410,4805,25,23,38,86,29.1%,335.8,191.9,143.9,0.75,0.69,1.14,2.57,339.8,194.2,145.6,0.76,0.70,1.15,2.61,83,86,2.48,2.57,2.52,2.61
,,,Rebel,Veteran,Pride,Seven Deadly Sins,Lunar,45.6,921,56,0.394,0.429,24,32,20200,10570,9630,39,27,73,167,23.4%,344.1,180.0,164.0,0.66,0.46,1.24,2.84,360.7,188.8,172.0,0.70,0.48,1.30,2.98,119,157,2.03,2.67,2.13,2.80
,,,Donkmedaddy,Veteran,Grizzly Bears,The Bear Den,Lunar,45.6,989,64,0.507,0.516,33,31,21839,12150,9689,50,44,71,140,35.7%,346.4,192.7,153.7,0.79,0.70,1.13,2.22,341.2,189.8,151.4,0.78,0.69,1.11,2.19,166,163,2.63,2.59,2.59,2.55
,,,Depressed Vibez,Veteran,"Rockin Revenants
Mean Manatees","Ghoul School
Speed Demons",Solar,44.7,343,23,0.513,0.478,11,12,7496,4410,3086,23,13,18,56,41.1%,342.9,201.7,141.1,1.05,0.59,0.82,2.56,325.9,191.7,134.2,1.00,0.57,0.78,2.43,62,60,2.84,2.74,2.70,2.61
,,,Jacob.,Veteran,"Linguini Lancers
Typhoons
Guanacos","Italian Battalion
Storm
The Herd",Lunar,44.2,633,40,0.515,0.550,22,18,14103,8130,5973,40,22,41,98,40.8%,349.5,201.5,148.0,0.99,0.55,1.02,2.43,352.6,203.3,149.3,1.00,0.55,1.03,2.45,111,107,2.75,2.65,2.78,2.68
,,,Md,Veteran,"Pride
Banshees","Seven Deadly Sins
The Monster Mash",Lunar,43.8,203,12,0.415,0.417,5,7,4713,2870,1843,12,4,23,32,37.5%,364.2,221.8,142.4,0.93,0.31,1.78,2.47,392.8,239.2,153.6,1.00,0.33,1.92,2.67,29,36,2.24,2.78,2.42,3.00
,,,The_Wheelman_95,Veteran,"Typhoons
Linguini Lancers","Storm
Italian Battalion",Lunar,43.1,336,26,0.361,0.385,10,16,7727,3860,3867,14,10,30,46,30.4%,360.8,180.2,180.6,0.65,0.47,1.40,2.15,297.2,148.5,148.7,0.54,0.38,1.15,1.77,44,63,2.05,2.94,1.69,2.42
,,,Tootie,Veteran,Water,The Elements,Solar,42.5,687,44,0.500,0.477,21,23,15007,8200,6807,27,21,67,110,24.5%,342.7,187.3,155.4,0.62,0.48,1.53,2.51,341.1,186.4,154.7,0.61,0.48,1.52,2.50,106,106,2.42,2.42,2.41,2.41
,,,Zeropop11,Veteran,Water,The Elements,Solar,41.9,379,24,0.458,0.458,11,13,7915,4460,3455,15,13,33,66,22.7%,327.6,184.6,143.0,0.62,0.54,1.37,2.73,329.8,185.8,144.0,0.63,0.54,1.38,2.75,53,59,2.19,2.44,2.21,2.46
,,,Quimbee,Veteran,Saturn,The Nexus,Solar,41.9,646,42,0.545,0.476,20,22,14237,8020,6217,33,23,53,92,35.9%,345.7,194.8,151.0,0.80,0.56,1.29,2.23,339.0,191.0,148.0,0.79,0.55,1.26,2.19,114,102,2.77,2.48,2.71,2.43
,,,Westyzworld,Veteran,Possessed,Destined,Solar,41.8,1020,64,0.498,0.500,32,32,22292,13260,9032,59,28,85,171,34.5%,342.9,203.9,138.9,0.91,0.43,1.31,2.63,348.3,207.2,141.1,0.92,0.44,1.33,2.67,168,169,2.58,2.60,2.63,2.64
,,,Bradyk-,Veteran,Makos,Shark Attack,Lunar,41.7,985,64,0.686,0.703,45,19,20596,11850,8746,46,43,72,150,30.7%,328.0,188.7,139.3,0.73,0.68,1.15,2.39,321.8,185.2,136.7,0.72,0.67,1.13,2.34,192,117,3.06,1.86,3.00,1.83
,,,Heyzisthename11,Veteran,Gorillas,The Jungle,Solar,41.4,494,30,0.687,0.767,23,7,10199,6000,4199,26,19,32,85,30.6%,323.9,190.5,133.4,0.83,0.60,1.02,2.70,340.0,200.0,140.0,0.87,0.63,1.07,2.83,87,52,2.76,1.65,2.90,1.73
,,,Hannandgrenade,Veteran,Mean Manatees,Speed Demons,Lunar,41.3,1015,64,0.495,0.500,32,32,21186,11600,9586,38,49,79,140,27.1%,327.5,179.3,148.2,0.59,0.76,1.22,2.16,331.0,181.3,149.8,0.59,0.77,1.23,2.19,154,156,2.38,2.41,2.41,2.44
,,,Chawes.,Veteran,Lightning,Electric Mayhem,Lunar,41.2,887,56,0.448,0.429,24,32,19512,11270,8242,46,28,79,132,34.8%,345.1,199.3,145.8,0.81,0.50,1.40,2.33,348.4,201.3,147.2,0.82,0.50,1.41,2.36,127,145,2.25,2.56,2.27,2.59
,,,Tyyphoon454,Veteran,Hades,The Gods,Solar,41.1,817,54,0.270,0.204,11,43,17785,9220,8565,32,19,73,142,22.5%,341.5,177.0,164.5,0.61,0.36,1.40,2.73,329.4,170.7,158.6,0.59,0.35,1.35,2.63,87,164,1.67,3.15,1.61,3.04
,,,Onward,Veteran,Possessed,Destined,Solar,41.1,77,4,0.454,0.250,1,3,1641,1010,631,3,3,9,11,27.3%,334.3,205.8,128.6,0.61,0.61,1.83,2.24,410.3,252.5,157.8,0.75,0.75,2.25,2.75,7,8,1.43,1.63,1.75,2.00
,,,Drskimmilk,Veteran,Merciless Mob,The Syndicate,Lunar,40.9,590,37,0.500,0.514,19,18,12764,7550,5214,28,15,60,100,28.0%,339.4,200.8,138.6,0.74,0.40,1.60,2.66,345.0,204.1,140.9,0.76,0.41,1.62,2.70,83,83,2.21,2.21,2.24,2.24
,,,Mikesplifff,Veteran,Nightmare,The Shadows,Solar,40.8,982,59,0.402,0.373,22,37,21575,12140,9435,47,33,88,139,33.8%,344.7,193.9,150.7,0.75,0.53,1.41,2.22,365.7,205.8,159.9,0.80,0.56,1.49,2.36,133,171,2.12,2.73,2.25,2.90
,,,Steem,Veteran,Pride,Seven Deadly Sins,Lunar,40.2,815,50,0.432,0.480,24,26,17747,9980,7767,38,27,73,118,32.2%,341.6,192.1,149.5,0.73,0.52,1.41,2.27,354.9,199.6,155.3,0.76,0.54,1.46,2.36,109,130,2.10,2.50,2.18,2.60
,,,Levibullrush,Veteran,"Pride
Nightmare
Pushwalkers","Seven Deadly Sins
The Shadows
The Quad Dynasty",Solar,39.8,554,34,0.406,0.412,14,20,11731,6770,4961,21,20,57,82,25.6%,332.2,191.7,140.5,0.59,0.57,1.61,2.32,345.0,199.1,145.9,0.62,0.59,1.68,2.41,78,99,2.21,2.80,2.29,2.91
,,,Cel,Veteran,Cthulhu,The Mythos,Lunar,38.8,799,50,0.346,0.300,15,35,17078,9400,7678,37,26,64,120,30.8%,335.3,184.6,150.8,0.73,0.51,1.26,2.36,341.6,188.0,153.6,0.74,0.52,1.28,2.40,113,167,2.22,3.28,2.26,3.34
,,,Arbartenn,Veteran,Grizzly Bears,The Bear Den,Lunar,38.7,854,56,0.529,0.518,29,27,16999,9620,7379,37,34,55,147,25.2%,312.3,176.7,135.6,0.68,0.62,1.01,2.70,303.6,171.8,131.8,0.66,0.61,0.98,2.63,144,134,2.65,2.46,2.57,2.39
,,,Sabre,Veteran,Pushwalkers,The Quad Dynasty,Solar,38.5,491,36,0.436,0.361,13,23,10388,5450,4938,18,18,41,70,25.7%,331.9,174.1,157.8,0.58,0.58,1.31,2.24,288.6,151.4,137.2,0.50,0.50,1.14,1.94,66,78,2.11,2.49,1.83,2.17
,,,Matrixzthebad,Veteran,Merciless Mob,The Syndicate,Lunar,38.2,585,34,0.581,0.529,18,16,11531,6600,4931,25,22,39,105,23.8%,309.2,177.0,132.2,0.67,0.59,1.05,2.82,339.1,194.1,145.0,0.74,0.65,1.15,3.09,95,77,2.55,2.06,2.79,2.26
,,,Sge Nemesis,Veteran,"Seadevils
Peppermint
Linguini Lancers","The Abyss
Minty Fresh
Italian Battalion",Lunar,38.2,814,51,0.343,0.294,15,36,16922,9300,7622,33,27,67,130,25.4%,326.1,179.2,146.9,0.64,0.52,1.29,2.51,331.8,182.4,149.5,0.65,0.53,1.31,2.55,100,151,1.93,2.91,1.96,2.96
,,,Potter,Veteran,"Merciless Mob
Wyverns
Nightmare
Cthulhu
Linguini Lancers","The Syndicate
The Forest
The Shadows
The Mythos
Italian Battalion",Lunar,38.2,373,24,0.346,0.292,7,17,7878,4670,3208,18,12,34,57,31.6%,331.3,196.4,134.9,0.76,0.50,1.43,2.40,328.3,194.6,133.7,0.75,0.50,1.42,2.38,52,77,2.19,3.24,2.17,3.21
,,,Crimson,Veteran,Nightmare,The Shadows,Solar,37.6,75,4,0.398,0.250,1,3,1575,1000,575,4,3,7,10,40.0%,329.5,209.2,120.3,0.84,0.63,1.46,2.09,393.8,250.0,143.8,1.00,0.75,1.75,2.50,10,13,2.09,2.72,2.50,3.25
,,,Jknop2,Veteran,Singularity,Event Horizon,Solar,37.2,593,39,0.748,0.821,32,7,12234,6730,5504,21,28,50,73,28.8%,323.7,178.0,145.6,0.56,0.74,1.32,1.93,313.7,172.6,141.1,0.54,0.72,1.28,1.87,112,55,2.96,1.46,2.87,1.41
,,,Cup!,Veteran,Crashtans,Maste Wanagement,Solar,36.5,120,8,0.270,0.375,3,5,2775,1640,1135,4,2,20,14,28.6%,362.8,214.4,148.4,0.52,0.26,2.61,1.83,346.9,205.0,141.9,0.50,0.25,2.50,1.75,9,18,1.18,2.35,1.13,2.25
,,,Nahzey,Veteran,Knead for Speed,The Bakery,Solar,36.4,952,63,0.500,0.524,33,30,19955,11310,8645,46,33,74,136,33.8%,328.8,186.4,142.5,0.76,0.54,1.22,2.24,316.7,179.5,137.2,0.73,0.52,1.17,2.16,142,142,2.34,2.34,2.25,2.25
,,,Riddle,Veteran,Nightmare,The Shadows,Solar,35.8,220,14,0.428,0.429,6,8,4423,2370,2053,8,7,17,37,21.6%,315.4,169.0,146.4,0.57,0.50,1.21,2.64,315.9,169.3,146.6,0.57,0.50,1.21,2.64,29,35,2.07,2.50,2.07,2.50
,,,Thirteen_1313,Veteran,Knead for Speed,The Bakery,Solar,35.3,502,32,0.500,0.500,16,16,10162,5210,4952,16,18,39,76,21.1%,317.6,162.8,154.8,0.50,0.56,1.22,2.38,317.6,162.8,154.8,0.50,0.56,1.22,2.38,76,76,2.38,2.38,2.38,2.38
,,,Terx,Veteran,Seadevils,The Abyss,Lunar,35.1,822,55,0.533,0.527,29,26,16299,8670,7629,28,36,58,117,23.9%,311.1,165.5,145.6,0.53,0.69,1.11,2.23,296.3,157.6,138.7,0.51,0.65,1.05,2.13,123,113,2.35,2.16,2.24,2.05
,,,Rua.,Veteran,Nightmare,The Shadows,Solar,35.0,872,54,0.411,0.389,21,33,17815,10570,7245,35,30,86,127,27.6%,320.5,190.2,130.3,0.63,0.54,1.55,2.28,329.9,195.7,134.2,0.65,0.56,1.59,2.35,121,152,2.18,2.73,2.24,2.81
,,,Miso,Veteran,Banana Spiders,Eight Legged Freaks,Lunar,34.7,909,56,0.557,0.571,32,24,18704,10570,8134,43,29,69,137,31.4%,322.8,182.4,140.4,0.74,0.50,1.19,2.36,334.0,188.8,145.3,0.77,0.52,1.23,2.45,145,125,2.50,2.16,2.59,2.23
,,,Goose,Veteran,Typhoons,Storm,Solar,34.7,768,51,0.490,0.490,25,26,14925,8920,6005,38,32,46,122,31.1%,304.9,182.2,122.7,0.78,0.65,0.94,2.49,292.6,174.9,117.7,0.75,0.63,0.90,2.39,120,123,2.45,2.51,2.35,2.41
,,,Redsavage,Veteran,Typhoons,Storm,Solar,34.4,69,5,0.192,0.000,0,5,1476,710,766,1,1,9,11,9.1%,335.6,161.4,174.2,0.23,0.23,2.05,2.50,295.2,142.0,153.2,0.20,0.20,1.80,2.20,4,11,0.91,2.50,0.80,2.20
,,,Escape_Plan,Veteran,"Blues
Lightning","Whale Defense
Electric Mayhem",Lunar,34.2,773,48,0.517,0.500,24,24,15889,8450,7439,29,26,63,110,26.4%,322.5,171.5,151.0,0.59,0.53,1.28,2.23,331.0,176.0,155.0,0.60,0.54,1.31,2.29,118,113,2.39,2.29,2.46,2.35
,,,Iprofessorex,Veteran,Banana Spiders,Eight Legged Freaks,Lunar,34.0,334,22,0.385,0.364,8,14,7130,3850,3280,13,9,33,45,28.9%,334.9,180.8,154.1,0.61,0.42,1.55,2.11,324.1,175.0,149.1,0.59,0.41,1.50,2.05,47,63,2.21,2.96,2.14,2.86
,,,Clown Sandwich,Veteran,Cthulhu,The Mythos,Lunar,33.9,267,16,0.369,0.313,5,11,5545,3090,2455,13,8,20,39,33.3%,325.8,181.6,144.2,0.76,0.47,1.18,2.29,346.6,193.1,153.4,0.81,0.50,1.25,2.44,38,53,2.23,3.11,2.38,3.31
,,,Suckiest Sucker,Veteran,Mosaic Maestros,Art Club,Solar,33.7,520,33,0.505,0.515,17,16,10987,6100,4887,28,16,36,70,40.0%,331.5,184.0,147.4,0.84,0.48,1.09,2.11,332.9,184.8,148.1,0.85,0.48,1.09,2.12,86,85,2.59,2.56,2.61,2.58
,,,Perkls,Veteran,Crashtans,Maste Wanagement,Solar,33.1,563,34,0.312,0.265,9,25,11276,6220,5056,23,14,45,97,23.7%,314.2,173.3,140.9,0.64,0.39,1.25,2.70,331.6,182.9,148.7,0.68,0.41,1.32,2.85,66,109,1.84,3.04,1.94,3.21
,,,Drupenson,Veteran,"Mean Manatees
Calzones","Speed Demons
Fifty-Fifty Pizzeria",Lunar,32.1,138,8,0.460,0.375,3,5,2613,1480,1133,4,7,11,18,22.2%,297.1,168.3,128.8,0.45,0.80,1.25,2.05,326.6,185.0,141.6,0.50,0.88,1.38,2.25,18,20,2.05,2.27,2.25,2.50
,,,Bill3113,Veteran,"Mean Manatees
Cthulhu","Speed Demons
The Mythos",Lunar,31.7,268,19,0.302,0.263,5,14,5609,3370,2239,15,7,23,37,40.5%,328.3,197.3,131.1,0.88,0.41,1.35,2.17,295.2,177.4,117.8,0.79,0.37,1.21,1.95,36,60,2.11,3.51,1.89,3.16
,,,Pana,Veteran,Peppermint,Minty Fresh,Solar,29.8,249,15,0.236,0.200,3,12,5280,3100,2180,11,6,28,30,36.7%,332.7,195.3,137.4,0.69,0.38,1.76,1.89,352.0,206.7,145.3,0.73,0.40,1.87,2.00,24,51,1.51,3.21,1.60,3.40
,,,Ryanawesome_,Veteran,Linguini Lancers,Italian Battalion,Lunar,29.7,797,55,0.455,0.473,26,29,15852,8670,7182,36,28,52,107,33.6%,312.0,170.7,141.4,0.71,0.55,1.02,2.11,288.2,157.6,130.6,0.65,0.51,0.95,1.95,126,141,2.48,2.78,2.29,2.56
,,,Heca,Veteran,Calzones,Fifty-Fifty Pizzeria,Lunar,29.3,797,49,0.487,0.531,26,23,15572,8640,6932,32,33,56,99,32.3%,306.5,170.1,136.5,0.63,0.65,1.10,1.95,317.8,176.3,141.5,0.65,0.67,1.14,2.02,119,123,2.34,2.42,2.43,2.51
,,,Viper15,Veteran,"Crashtans
Pride","Maste Wanagement
Seven Deadly Sins",Solar,29.1,806,51,0.351,0.373,19,32,16083,8720,7363,30,26,67,107,28.0%,313.0,169.7,143.3,0.58,0.51,1.30,2.08,315.4,171.0,144.4,0.59,0.51,1.31,2.10,97,144,1.89,2.80,1.90,2.82
,,,Corners-,Veteran,Guanacos,The Herd,Lunar,28.8,586,37,0.509,0.486,18,19,11540,6440,5100,25,18,44,84,29.8%,308.9,172.4,136.5,0.67,0.48,1.18,2.25,311.9,174.1,137.8,0.68,0.49,1.19,2.27,85,83,2.28,2.22,2.30,2.24
,,,Braybaum02,Veteran,"Peppermint
Nightmare
Cthulhu","Minty Fresh
The Shadows
The Mythos",Solar,28.7,784,53,0.306,0.264,14,39,16258,8500,7758,34,18,63,105,32.4%,325.3,170.1,155.2,0.68,0.36,1.26,2.10,306.8,160.4,146.4,0.64,0.34,1.19,1.98,105,173,2.10,3.46,1.98,3.26
,,,Mummifiedraptor,Veteran,Gouda Gangsters,Cheese Guild,Solar,28.4,146,8,0.500,0.625,5,3,2569,1330,1239,5,5,6,28,17.9%,276.0,142.9,133.1,0.54,0.54,0.64,3.01,321.1,166.3,154.9,0.63,0.63,0.75,3.50,17,17,1.83,1.83,2.13,2.13
,,,Cozyboy,Veteran,Seadevils,The Abyss,Lunar,27.8,52,4,0.653,0.750,3,1,955,430,525,1,2,3,8,12.5%,288.1,129.7,158.4,0.30,0.60,0.91,2.41,238.8,107.5,131.3,0.25,0.50,0.75,2.00,13,9,3.92,2.72,3.25,2.25
,,,Jabbaaaaaaa_,Veteran,Peppermint,Minty Fresh,Solar,27.2,706,48,0.329,0.313,15,33,13818,7070,6748,26,24,47,92,28.3%,307.1,157.1,149.9,0.58,0.53,1.04,2.04,287.9,147.3,140.6,0.54,0.50,0.98,1.92,99,153,2.20,3.40,2.06,3.19
,,,Nizzlepls,Veteran,Guanacos,The Herd,Lunar,27.0,992,62,0.534,0.484,30,32,19360,11170,8190,44,26,80,147,29.9%,306.2,176.7,129.5,0.70,0.41,1.27,2.32,312.3,180.2,132.1,0.71,0.42,1.29,2.37,157,144,2.48,2.28,2.53,2.32
,,,Decky.,Veteran,Peppers,The Garden,Lunar,26.9,489,31,0.424,0.387,12,19,9567,5270,4297,22,13,34,72,30.6%,306.9,169.1,137.9,0.71,0.42,1.09,2.31,308.6,170.0,138.6,0.71,0.42,1.10,2.32,64,78,2.05,2.50,2.06,2.52
,,,Sly,Veteran,"Pushwalkers
Crashtans","The Quad Dynasty
Maste Wanagement",Solar,26.9,363,25,0.462,0.400,10,15,7064,3670,3394,17,9,19,57,29.8%,305.3,158.6,146.7,0.73,0.39,0.82,2.46,282.6,146.8,135.8,0.68,0.36,0.76,2.28,61,67,2.64,2.90,2.44,2.68
,,,Sthen0 -_-,Veteran,Possessed,Destined,Solar,26.6,65,4,0.372,0.250,1,3,1241,670,571,2,3,5,7,28.6%,299.5,161.7,137.8,0.48,0.72,1.21,1.69,310.3,167.5,142.8,0.50,0.75,1.25,1.75,11,15,2.65,3.62,2.75,3.75
,,,I Love Sand,Veteran,Blues,Whale Defense,Lunar,26.4,245,16,0.456,0.500,8,8,5424,2980,2444,10,4,31,23,43.5%,347.3,190.8,156.5,0.64,0.26,1.99,1.47,339.0,186.3,152.8,0.63,0.25,1.94,1.44,33,37,2.11,2.37,2.06,2.31
,,,Creme,Veteran,Gladiators,The Sovereign,Lunar,26.3,832,50,0.469,0.520,26,24,15571,9070,6501,31,28,67,122,25.4%,293.6,171.0,122.6,0.58,0.53,1.26,2.30,311.4,181.4,130.0,0.62,0.56,1.34,2.44,119,129,2.24,2.43,2.38,2.58
,,,Gorillacream707,Veteran,Gladiators,The Sovereign,Lunar,25.6,659,38,0.444,0.500,19,19,12063,6260,5803,24,17,37,116,20.7%,287.2,149.0,138.1,0.57,0.40,0.88,2.76,317.4,164.7,152.7,0.63,0.45,0.97,3.05,81,94,1.93,2.24,2.13,2.47
,,,Wittinghalo64,Veteran,Hades,The Gods,Solar,25.0,841,54,0.309,0.222,12,42,17080,9040,8040,33,19,75,104,31.7%,318.6,168.6,150.0,0.62,0.35,1.40,1.94,316.3,167.4,148.9,0.61,0.35,1.39,1.93,95,159,1.77,2.97,1.76,2.94
,,,Jay_Kay99,Veteran,Cthulhu,The Mythos,Lunar,24.9,608,40,0.360,0.350,14,26,11222,6160,5062,23,20,39,91,25.3%,289.6,158.9,130.6,0.59,0.52,1.01,2.35,280.6,154.0,126.6,0.58,0.50,0.98,2.28,91,129,2.35,3.33,2.28,3.23
,,,Chis,Veteran,Peppers,The Garden,Lunar,24.4,68,4,0.577,0.500,2,2,1186,750,436,3,3,4,10,30.0%,273.6,173.0,100.6,0.69,0.69,0.92,2.31,296.5,187.5,109.0,0.75,0.75,1.00,2.50,11,9,2.54,2.08,2.75,2.25
,,,Tuhlur.,Veteran,Peppermint,Minty Fresh,Solar,24.1,404,24,0.267,0.208,5,19,7897,4000,3897,10,7,41,60,16.7%,306.7,155.3,151.3,0.39,0.27,1.59,2.33,329.0,166.7,162.4,0.42,0.29,1.71,2.50,40,77,1.55,2.99,1.67,3.21
,,,Defiance,Veteran,"Possessed
Mosaic Maestros","Destined
Art Club",Solar,23.2,578,35,0.454,0.371,13,22,10666,5580,5086,18,20,40,78,23.1%,289.5,151.5,138.0,0.49,0.54,1.09,2.12,304.7,159.4,145.3,0.51,0.57,1.14,2.23,79,89,2.14,2.42,2.26,2.54
,,,Hoyci,Veteran,"Crashtans
Peppermint","Maste Wanagement
Minty Fresh",Solar,22.1,708,46,0.288,0.283,13,33,13078,6440,6638,18,23,51,94,19.1%,289.8,142.7,147.1,0.40,0.51,1.13,2.08,284.3,140.0,144.3,0.39,0.50,1.11,2.04,78,139,1.73,3.08,1.70,3.02
,,,Torque,Veteran,Hades,The Gods,Solar,21.1,114,7,0.304,0.143,1,6,2150,1170,980,3,2,12,17,17.6%,295.9,161.0,134.9,0.41,0.28,1.65,2.34,307.1,167.1,140.0,0.43,0.29,1.71,2.43,13,22,1.79,3.03,1.86,3.14
,,,Ak ._.,Veteran,"Hades
Banshees","The Gods
The Monster Mash",Solar,19.8,665,42,0.307,0.238,10,32,12649,6200,6449,17,15,58,85,20.0%,298.4,146.3,152.1,0.40,0.35,1.37,2.01,301.2,147.6,153.5,0.40,0.36,1.38,2.02,77,129,1.82,3.04,1.83,3.07
,,,Slycooperd3Mis3,Veteran,"Linguini Lancers
Rockin Revenants","Italian Battalion
Ghoul School",Solar,19.7,381,23,0.402,0.391,9,14,7006,3690,3316,10,13,32,44,22.7%,288.5,151.9,136.5,0.41,0.54,1.32,1.81,304.6,160.4,144.2,0.43,0.57,1.39,1.91,53,68,2.18,2.80,2.30,2.96
,,,Dewby,Veteran,"Pride
Crashtans","Seven Deadly Sins
Maste Wanagement",Solar,19.1,482,31,0.382,0.323,10,21,8837,4830,4007,19,16,31,58,32.8%,287.6,157.2,130.4,0.62,0.52,1.01,1.89,285.1,155.8,129.3,0.61,0.52,1.00,1.87,73,98,2.38,3.19,2.35,3.16
,,,Danub,Veteran,Hades,The Gods,Solar,16.7,567,37,0.262,0.243,9,28,11032,6210,4822,25,9,52,66,37.9%,305.2,171.8,133.4,0.69,0.25,1.44,1.83,298.2,167.8,130.3,0.68,0.24,1.41,1.78,62,119,1.72,3.29,1.68,3.22
,,,San X Finesse,Veteran,Pride,Seven Deadly Sins,Lunar,14.4,305,18,0.336,0.333,6,12,5664,3150,2514,9,8,31,30,30.0%,291.3,162.0,129.3,0.46,0.41,1.59,1.54,314.7,175.0,139.7,0.50,0.44,1.72,1.67,34,53,1.75,2.73,1.89,2.94
,,,Slowlow24,Veteran,Saturn,The Nexus,Solar,13.2,63,4,0.355,0.250,1,3,1034,610,424,1,3,6,6,16.7%,257.5,151.9,105.6,0.25,0.75,1.49,1.49,258.5,152.5,106.0,0.25,0.75,1.50,1.50,9,13,2.24,3.24,2.25,3.25
,,,Tuxedo Marx,Veteran,Gouda Gangsters,Cheese Guild,Solar,8.5,34,3,0.067,0.000,0,3,692,380,312,2,0,3,3,66.7%,319.3,175.3,144.0,0.92,0.00,1.38,1.38,230.7,126.7,104.0,0.67,0.00,1.00,1.00,2,10,0.92,4.61,0.67,3.33
,,,1Klenzi1,Veteran,Banshees,The Monster Mash,Lunar,8.2,58,4,0.225,0.250,1,3,1092,600,492,3,1,4,5,60.0%,295.4,162.3,133.1,0.81,0.27,1.08,1.35,273.0,150.0,123.0,0.75,0.25,1.00,1.25,6,13,1.62,3.52,1.50,3.25
,,,Goum,Veteran,Saturn,The Nexus,Solar,5.3,61,4,0.331,0.250,1,3,1020,500,520,1,2,5,5,20.0%,262.3,128.6,133.7,0.26,0.51,1.29,1.29,255.0,125.0,130.0,0.25,0.50,1.25,1.25,7,11,1.80,2.83,1.75,2.75
,,,Link,Veteran,"Cthulhu
Saturn","The Mythos
The Nexus",Lunar,4.1,157,10,0.196,0.100,1,9,2379,1140,1239,2,5,10,19,10.5%,237.7,113.9,123.8,0.20,0.50,1.00,1.90,237.9,114.0,123.9,0.20,0.50,1.00,1.90,17,40,1.70,4.00,1.70,4.00
,,,Gon955,Veteran,"Lightning
Cthulhu","Electric Mayhem
The Mythos",Lunar,-1.3,323,21,0.381,0.429,9,12,5207,2650,2557,11,5,19,35,31.4%,252.9,128.7,124.2,0.53,0.24,0.92,1.70,248.0,126.2,121.8,0.52,0.24,0.90,1.67,45,61,2.19,2.96,2.14,2.90
,,,Tryhard Goblin,Veteran,Water,The Elements,Solar,-14.4,46,4,0.285,0.250,1,3,791,270,521,1,0,3,2,50.0%,269.8,92.1,177.7,0.34,0.00,1.02,0.68,197.8,67.5,130.3,0.25,0.00,0.75,0.50,7,12,2.39,4.09,1.75,3.00
,,,Grand Trashcan,Rival,Mercury,The Nexus,Solar,94.9,587,39,0.568,0.667,26,13,16256,9060,7196,37,34,46,136,27.2%,420.1,234.1,186.0,0.96,0.88,1.19,3.51,416.8,232.3,184.5,0.95,0.87,1.18,3.49,100,84,2.58,2.17,2.56,2.15
,,,Llamaboy101,Rival,Surge,Electric Mayhem,Lunar,91.5,429,27,0.697,0.593,16,11,12021,7520,4501,36,22,39,87,41.4%,425.0,265.9,159.1,1.27,0.78,1.38,3.08,445.2,278.5,166.7,1.33,0.81,1.44,3.22,91,54,3.22,1.91,3.37,2.00
,,,Sonder,Rival,Lu-Kthu,The Mythos,Lunar,89.6,608,42,0.690,0.738,31,11,16314,9390,6924,41,38,42,129,31.8%,407.0,234.3,172.7,1.02,0.95,1.05,3.22,388.4,223.6,164.9,0.98,0.90,1.00,3.07,120,72,2.99,1.80,2.86,1.71
,,,Jackowanou,Rival,Torte Reform,The Bakery,Solar,82.3,917,59,0.614,0.644,38,21,24049,13630,10419,56,44,76,203,27.6%,397.8,225.5,172.3,0.93,0.73,1.26,3.36,407.6,231.0,176.6,0.95,0.75,1.29,3.44,153,113,2.53,1.87,2.59,1.92
,,,Caustic_Snow420,Rival,"Blizzards
Vikings","Storm
The Sovereign",Solar,82.1,243,15,0.528,0.533,8,7,6087,3910,2177,20,12,15,56,35.7%,380.0,244.1,135.9,1.25,0.75,0.94,3.50,405.8,260.7,145.1,1.33,0.80,1.00,3.73,45,42,2.81,2.62,3.00,2.80
,,,Bobbahutski,Rival,Vicunas,The Herd,Lunar,81.8,642,41,0.520,0.512,21,20,17135,10290,6845,44,28,63,134,32.8%,404.9,243.1,161.7,1.04,0.66,1.49,3.17,417.9,251.0,167.0,1.07,0.68,1.54,3.27,97,92,2.29,2.17,2.37,2.24
,,,Dunnie14,Rival,Werewolves,The Forest,Solar,79.5,568,36,0.500,0.472,17,19,14742,8700,6042,34,37,49,100,34.0%,393.7,232.3,161.4,0.91,0.99,1.31,2.67,409.5,241.7,167.8,0.94,1.03,1.36,2.78,98,98,2.62,2.62,2.72,2.72
,,,Unsunghero,Rival,Vikings,The Sovereign,Lunar,78.5,60,5,0.313,0.400,2,3,1712,970,742,5,1,6,12,41.7%,432.8,245.2,187.6,1.26,0.25,1.52,3.03,342.4,194.0,148.4,1.00,0.20,1.20,2.40,8,13,2.02,3.29,1.60,2.60
,,,Smyte,Rival,Lu-Kthu,The Mythos,Lunar,77.8,885,60,0.658,0.717,43,17,23955,14370,9585,68,33,85,167,40.7%,410.6,246.3,164.3,1.17,0.57,1.46,2.86,399.3,239.5,159.8,1.13,0.55,1.42,2.78,174,115,2.98,1.97,2.90,1.92
,,,Spiicy,Rival,"Quads
Blizzards","The Quad Dynasty
Storm",Solar,76.9,926,63,0.578,0.603,38,25,24910,13410,11500,49,46,91,166,29.5%,408.0,219.7,188.4,0.80,0.75,1.49,2.72,395.4,212.9,182.5,0.78,0.73,1.44,2.63,152,124,2.49,2.03,2.41,1.97
,,,Rl Rust,Rival,Eclipse,The Shadows,Solar,75.7,902,60,0.687,0.750,45,15,24752,13620,11132,58,31,92,167,34.7%,416.2,229.0,187.2,0.98,0.52,1.55,2.81,412.5,227.0,185.5,0.97,0.52,1.53,2.78,155,92,2.61,1.55,2.58,1.53
,,,Higsn,Rival,Tardy Tortoises,Speed Demons,Lunar,75.5,744,50,0.638,0.620,31,19,18857,10790,8067,43,41,60,144,29.9%,384.5,220.0,164.5,0.88,0.84,1.22,2.94,377.1,215.8,161.3,0.86,0.82,1.20,2.88,125,86,2.55,1.75,2.50,1.72
,,,Steel.Reserve,Rival,Hot Wings,Fifty-Fifty Pizzeria,Lunar,74.6,904,63,0.445,0.492,31,32,24618,13210,11408,58,30,84,171,33.9%,413.1,221.7,191.4,0.97,0.50,1.41,2.87,390.8,209.7,181.1,0.92,0.48,1.33,2.71,142,163,2.38,2.74,2.25,2.59
,,,Redfire0817,Rival,"Vikings
Polar Bears","The Sovereign
The Bear Den",Lunar,73.8,526,33,0.598,0.667,22,11,13153,7800,5353,31,29,45,100,31.0%,379.3,224.9,154.4,0.89,0.84,1.30,2.88,398.6,236.4,162.2,0.94,0.88,1.36,3.03,94,73,2.71,2.11,2.85,2.21
,,,Borp,Rival,"Asiago Arsonists
Ruthless Racket","Cheese Guild
The Syndicate",Solar,71.6,121,8,0.261,0.125,1,7,3504,2050,1454,11,1,14,20,55.0%,439.3,257.0,182.3,1.38,0.13,1.76,2.51,438.0,256.3,181.8,1.38,0.13,1.75,2.50,16,30,2.01,3.76,2.00,3.75
,,,I Like Bananas,Rival,"Polar Ice
Ocelots","Minty Fresh
The Jungle",Solar,71.4,663,43,0.476,0.512,22,21,15884,9790,6094,40,36,53,134,29.9%,363.4,224.0,139.4,0.92,0.82,1.21,3.07,369.4,227.7,141.7,0.93,0.84,1.23,3.12,113,120,2.59,2.75,2.63,2.79
,,,Baldmanstreamer,Rival,Ruthless Racket,The Syndicate,Lunar,71.1,935,63,0.538,0.492,31,32,23954,12770,11184,41,44,94,177,23.2%,388.6,207.2,181.4,0.67,0.71,1.52,2.87,380.2,202.7,177.5,0.65,0.70,1.49,2.81,136,123,2.21,2.00,2.16,1.95
,,,Azorh | Rei,Rival,Polar Ice,Minty Fresh,Solar,70.3,819,54,0.426,0.407,22,32,20919,11800,9119,52,26,72,170,30.6%,387.4,218.5,168.9,0.96,0.48,1.33,3.15,387.4,218.5,168.9,0.96,0.48,1.33,3.15,121,146,2.24,2.70,2.24,2.70
,,,Mimetic,Rival,Werewolves,The Forest,Solar,69.3,802,50,0.497,0.460,23,27,20715,12170,8545,51,34,80,137,37.2%,391.8,230.2,161.6,0.96,0.64,1.51,2.59,414.3,243.4,170.9,1.02,0.68,1.60,2.74,137,138,2.59,2.61,2.74,2.76
,,,Evdog,Rival,Wolf Spiders,Eight Legged Freaks,Lunar,69.1,816,52,0.509,0.538,28,24,20762,12210,8552,50,30,83,156,32.1%,385.9,227.0,159.0,0.93,0.56,1.54,2.90,399.3,234.8,164.5,0.96,0.58,1.60,3.00,124,121,2.31,2.25,2.38,2.33
,,,Nfury8,Rival,"Blizzards
Quads","Storm
The Quad Dynasty",Solar,68.8,1010,62,0.500,0.500,31,31,26140,14590,11550,54,36,110,189,28.6%,392.6,219.1,173.5,0.81,0.54,1.65,2.84,421.6,235.3,186.3,0.87,0.58,1.77,3.05,146,146,2.19,2.19,2.35,2.35
,,,Cqd Smith,Rival,Brashtins,Maste Wanagement,Solar,68.2,148,9,0.451,0.333,3,6,3728,2410,1318,10,6,17,26,38.5%,382.1,247.0,135.1,1.02,0.61,1.74,2.66,414.2,267.8,146.4,1.11,0.67,1.89,2.89,23,26,2.36,2.66,2.56,2.89
,,,Speed_Demon1215,Rival,"Mercury
Ruthless Racket
Anubis","The Nexus
The Syndicate
The Gods",Solar,68.0,846,58,0.458,0.483,28,30,22588,12680,9908,48,27,102,143,33.6%,405.0,227.4,177.6,0.86,0.48,1.83,2.56,389.4,218.6,170.8,0.83,0.47,1.76,2.47,124,138,2.22,2.47,2.14,2.38
,,,Ayochil1,Rival,Ruthless Racket,The Syndicate,Lunar,67.1,363,26,0.599,0.538,14,12,9071,5320,3751,24,12,32,72,33.3%,379.0,222.3,156.7,1.00,0.50,1.34,3.01,348.9,204.6,144.3,0.92,0.46,1.23,2.77,55,42,2.30,1.76,2.12,1.62
,,,Gama .-.,Rival,"Hot Wings
Vikings","Fifty-Fifty Pizzeria
The Sovereign",Lunar,67.0,789,55,0.461,0.527,29,26,20206,11700,8506,51,26,77,145,35.2%,388.5,224.9,163.5,0.98,0.50,1.48,2.79,367.4,212.7,154.7,0.93,0.47,1.40,2.64,125,138,2.40,2.65,2.27,2.51
,,,Rivdogg.,Rival,Carrots,The Garden,Lunar,66.0,743,52,0.608,0.596,31,21,19321,10910,8411,41,26,85,126,32.5%,394.4,222.7,171.7,0.84,0.53,1.74,2.57,371.6,209.8,161.8,0.79,0.50,1.63,2.42,120,90,2.45,1.84,2.31,1.73
,,,Bev Ski,Rival,Lu-Kthu,The Mythos,Lunar,65.7,932,63,0.666,0.730,46,17,21815,12840,8975,58,44,59,189,30.7%,355.0,209.0,146.1,0.94,0.72,0.96,3.08,346.3,203.8,142.5,0.92,0.70,0.94,3.00,180,116,2.93,1.89,2.86,1.84
,,,Jonezy,Rival,Hammerheads,Shark Attack,Lunar,65.6,507,32,0.729,0.688,22,10,11741,6990,4751,29,25,36,104,27.9%,351.3,209.1,142.1,0.87,0.75,1.08,3.11,366.9,218.4,148.5,0.91,0.78,1.13,3.25,94,49,2.81,1.47,2.94,1.53
,,,Pre,Rival,Fangtooths,The Abyss,Lunar,65.1,956,62,0.532,0.532,33,29,23938,13790,10148,62,32,84,179,34.6%,379.8,218.8,161.0,0.98,0.51,1.33,2.84,386.1,222.4,163.7,1.00,0.52,1.35,2.89,152,140,2.41,2.22,2.45,2.26
,,,Laguna,Rival,Mozza Marauders,Italian Battalion,Lunar,64.5,890,61,0.681,0.672,41,20,21522,13000,8522,59,42,69,155,38.1%,366.8,221.6,145.2,1.01,0.72,1.18,2.64,352.8,213.1,139.7,0.97,0.69,1.13,2.54,165,101,2.81,1.72,2.70,1.66
,,,Anarcrist,Rival,Mozza Marauders,Italian Battalion,Lunar,63.6,914,62,0.687,0.694,43,19,22676,12950,9726,57,36,77,160,35.6%,376.3,214.9,161.4,0.95,0.60,1.28,2.66,365.7,208.9,156.9,0.92,0.58,1.24,2.58,167,100,2.77,1.66,2.69,1.61
,,,Hyper,Rival,Hue Heroes,Art Club,Solar,62.0,824,54,0.506,0.463,25,29,19779,10870,8909,44,33,65,157,28.0%,364.1,200.1,164.0,0.81,0.61,1.20,2.89,366.3,201.3,165.0,0.81,0.61,1.20,2.91,122,120,2.25,2.21,2.26,2.22
,,,Feb,Rival,"Wolf Spiders
Cursed","Eight Legged Freaks
Destined",Solar,60.9,803,51,0.461,0.490,25,26,19372,10670,8702,37,30,79,152,24.3%,365.9,201.6,164.4,0.70,0.57,1.49,2.87,379.8,209.2,170.6,0.73,0.59,1.55,2.98,112,124,2.12,2.34,2.20,2.43
,,,Logixaal,Rival,Brashtins,Maste Wanagement,Solar,60.6,766,52,0.530,0.519,27,25,18401,9560,8841,28,41,69,126,22.2%,364.4,189.3,175.1,0.55,0.81,1.37,2.50,353.9,183.8,170.0,0.54,0.79,1.33,2.42,121,112,2.40,2.22,2.33,2.15
,,,Tangentrl,Rival,"Cursed
Wolf Spiders","Destined
Eight Legged Freaks",Solar,60.6,707,46,0.500,0.522,24,22,17389,9650,7739,35,28,71,120,29.2%,373.1,207.0,166.0,0.75,0.60,1.52,2.57,378.0,209.8,168.2,0.76,0.61,1.54,2.61,107,107,2.30,2.30,2.33,2.33
,,,Donyvan,Rival,Eclipse,The Shadows,Solar,60.4,964,64,0.662,0.719,46,18,22935,14080,8855,59,35,93,178,33.1%,360.9,221.6,139.3,0.93,0.55,1.46,2.80,358.4,220.0,138.4,0.92,0.55,1.45,2.78,161,103,2.53,1.62,2.52,1.61
,,,Bigbadbullman13,Rival,Hammerheads,Shark Attack,Lunar,59.9,1015,64,0.593,0.563,36,28,24534,13760,10774,54,36,94,186,29.0%,366.6,205.6,161.0,0.81,0.54,1.40,2.78,383.3,215.0,168.3,0.84,0.56,1.47,2.91,158,123,2.36,1.84,2.47,1.92
,,,Dandemko,Rival,Dolphins,Whale Defense,Lunar,59.7,919,62,0.394,0.419,26,36,22752,12840,9912,55,24,89,169,32.5%,375.5,211.9,163.6,0.91,0.40,1.47,2.79,367.0,207.1,159.9,0.89,0.39,1.44,2.73,122,161,2.01,2.66,1.97,2.60
,,,Mummifiedraptor,Rival,Asiago Arsonists,Cheese Guild,Solar,59.5,749,50,0.473,0.420,21,29,17765,10240,7525,43,28,63,139,30.9%,359.8,207.4,152.4,0.87,0.57,1.28,2.82,355.3,204.8,150.5,0.86,0.56,1.26,2.78,113,121,2.29,2.45,2.26,2.42
,,,Therealdashadow,Rival,Surge,Electric Mayhem,Lunar,59.4,532,32,0.421,0.375,12,20,12678,7810,4868,34,11,55,111,30.6%,361.5,222.7,138.8,0.97,0.31,1.57,3.16,396.2,244.1,152.1,1.06,0.34,1.72,3.47,75,92,2.14,2.62,2.34,2.88
,,,Riko,Rival,"Brashtins
Hue Heroes","Maste Wanagement
Art Club",Solar,59.0,660,45,0.538,0.556,25,20,16039,9910,6129,48,19,60,116,41.4%,368.6,227.8,140.9,1.10,0.44,1.38,2.67,356.4,220.2,136.2,1.07,0.42,1.33,2.58,109,99,2.51,2.28,2.42,2.20
,,,Wendeezfofofo,Rival,Mozza Marauders,Italian Battalion,Lunar,59.0,867,58,0.700,0.724,42,16,21036,12200,8836,50,28,85,155,32.3%,368.0,213.4,154.6,0.87,0.49,1.49,2.71,362.7,210.3,152.3,0.86,0.48,1.47,2.67,163,94,2.85,1.64,2.81,1.62
,,,Pullis.,Rival,Wolf Spiders,Eight Legged Freaks,Lunar,58.8,840,55,0.521,0.527,29,26,19586,11370,8216,50,33,63,157,31.8%,353.7,205.3,148.4,0.90,0.60,1.14,2.84,356.1,206.7,149.4,0.91,0.60,1.15,2.85,134,127,2.42,2.29,2.44,2.31
,,,Crimed0Ge,Rival,Fangtooths,The Abyss,Lunar,58.2,912,59,0.522,0.508,30,29,22118,12650,9468,54,37,79,145,37.2%,367.9,210.4,157.5,0.90,0.62,1.31,2.41,374.9,214.4,160.5,0.92,0.63,1.34,2.46,150,142,2.49,2.36,2.54,2.41
,,,Theonlycrow2929,Rival,Vicunas,The Herd,Lunar,57.8,901,60,0.554,0.533,32,28,20739,11500,9239,46,33,69,180,25.6%,349.1,193.6,155.5,0.77,0.56,1.16,3.03,345.7,191.7,154.0,0.77,0.55,1.15,3.00,145,126,2.44,2.12,2.42,2.10
,,,Oinio,Rival,Phantoms,The Monster Mash,Lunar,57.1,684,50,0.404,0.400,20,30,17150,9270,7880,37,14,73,122,30.3%,380.3,205.6,174.7,0.82,0.31,1.62,2.71,343.0,185.4,157.6,0.74,0.28,1.46,2.44,92,118,2.04,2.62,1.84,2.36
,,,Modoz,Rival,Brashtins,Maste Wanagement,Solar,57.0,271,19,0.521,0.579,11,8,7172,3810,3362,16,7,30,36,44.4%,401.4,213.3,188.2,0.90,0.39,1.68,2.02,377.5,200.5,176.9,0.84,0.37,1.58,1.89,36,34,2.02,1.90,1.89,1.79
,,,Bizzyrl,Rival,"Lust
Vikings","Seven Deadly Sins
The Sovereign",Lunar,56.7,294,20,0.382,0.300,6,14,6978,4030,2948,17,12,25,48,35.4%,360.0,207.9,152.1,0.88,0.62,1.29,2.48,348.9,201.5,147.4,0.85,0.60,1.25,2.40,43,58,2.22,2.99,2.15,2.90
,,,Mxwebby,Rival,Mercury,The Nexus,Solar,55.6,972,64,0.508,0.547,35,29,23078,13190,9888,53,35,90,164,32.3%,360.1,205.8,154.3,0.83,0.55,1.40,2.56,360.6,206.1,154.5,0.83,0.55,1.41,2.56,155,152,2.42,2.37,2.42,2.38
,,,Yoshi,Rival,Tardy Tortoises,Speed Demons,Lunar,55.3,707,46,0.623,0.652,30,16,16332,9710,6622,40,31,60,116,34.5%,350.4,208.3,142.1,0.86,0.67,1.29,2.49,355.0,211.1,144.0,0.87,0.67,1.30,2.52,117,84,2.51,1.80,2.54,1.83
,,,Mykul.457,Rival,Lust,Seven Deadly Sins,Lunar,55.2,802,53,0.428,0.377,20,33,19674,10680,8994,49,22,67,133,36.8%,372.1,202.0,170.1,0.93,0.42,1.27,2.52,371.2,201.5,169.7,0.92,0.42,1.26,2.51,113,136,2.14,2.57,2.13,2.57
,,,Blizzyy,Rival,Carrots,The Garden,Lunar,54.2,810,56,0.573,0.554,31,25,18626,10450,8176,41,28,69,150,27.3%,348.8,195.7,153.1,0.77,0.52,1.29,2.81,332.6,186.6,146.0,0.73,0.50,1.23,2.68,124,102,2.32,1.91,2.21,1.82
,,,Reeky,Rival,Lacuna,Event Horizon,Solar,54.2,865,62,0.406,0.387,24,38,21345,11860,9485,45,24,96,136,33.1%,374.3,208.0,166.3,0.79,0.42,1.68,2.38,344.3,191.3,153.0,0.73,0.39,1.55,2.19,115,147,2.02,2.58,1.85,2.37
,,,Its Soda,Rival,Hammerheads,Shark Attack,Lunar,53.9,752,47,0.525,0.511,24,23,17640,10000,7640,37,23,76,135,27.4%,355.8,201.7,154.1,0.75,0.46,1.53,2.72,375.3,212.8,162.6,0.79,0.49,1.62,2.87,107,100,2.16,2.02,2.28,2.13
,,,Ghostie,Rival,"Lu-Kthu
Surge","The Mythos
Electric Mayhem",Lunar,53.8,285,18,0.584,0.667,12,6,6642,3700,2942,14,15,23,40,35.0%,353.5,196.9,156.6,0.75,0.80,1.22,2.13,369.0,205.6,163.4,0.78,0.83,1.28,2.22,52,42,2.77,2.24,2.89,2.33
,,,Dr.Ukulele,Rival,Wind,The Elements,Solar,53.6,975,61,0.472,0.525,32,29,22125,13250,8875,55,38,83,170,32.4%,344.2,206.1,138.1,0.86,0.59,1.29,2.64,362.7,217.2,145.5,0.90,0.62,1.36,2.79,148,159,2.30,2.47,2.43,2.61
,,,Qx5Z,Rival,Necrotic Nerds,Ghoul School,Solar,53.0,985,60,0.452,0.417,25,35,22291,13390,8901,52,42,89,164,31.7%,343.3,206.2,137.1,0.80,0.65,1.37,2.53,371.5,223.2,148.4,0.87,0.70,1.48,2.73,145,164,2.23,2.53,2.42,2.73
,,,Wp_Merciless,Rival,Werewolves,The Forest,Solar,53.0,759,49,0.503,0.490,24,25,17487,10390,7097,46,24,65,134,34.3%,349.5,207.6,141.8,0.92,0.48,1.30,2.68,356.9,212.0,144.8,0.94,0.49,1.33,2.73,126,125,2.52,2.50,2.57,2.55
,,,Impalerv,Rival,"Vikings
Surge","The Sovereign
Electric Mayhem",Lunar,52.8,866,55,0.479,0.527,29,26,19911,11470,8441,42,28,86,157,26.8%,348.8,200.9,147.9,0.74,0.49,1.51,2.75,362.0,208.5,153.5,0.76,0.51,1.56,2.85,128,135,2.24,2.36,2.33,2.45
,,,Nj111_,Rival,Ocelots,The Jungle,Solar,52.7,684,44,0.559,0.545,24,20,15841,8980,6861,39,23,55,118,33.1%,351.3,199.1,152.2,0.86,0.51,1.22,2.62,360.0,204.1,155.9,0.89,0.52,1.25,2.68,124,107,2.75,2.37,2.82,2.43
,,,Zoomin,Rival,Ruthless Racket,The Syndicate,Lunar,52.5,52,4,0.587,0.500,2,2,1274,580,694,1,2,6,8,12.5%,371.6,169.2,202.4,0.29,0.58,1.75,2.33,318.5,145.0,173.5,0.25,0.50,1.50,2.00,4,3,1.17,0.88,1.00,0.75
,,,P0Pfgf,Rival,Brashtins,Maste Wanagement,Solar,52.2,56,4,0.732,1.000,4,0,1191,670,521,3,2,3,12,25.0%,322.6,181.5,141.1,0.81,0.54,0.81,3.25,297.8,167.5,130.3,0.75,0.50,0.75,3.00,13,7,3.52,1.90,3.25,1.75
,,,T Sant,Rival,Eclipse,The Shadows,Solar,51.7,883,57,0.669,0.719,41,16,19638,11800,7838,40,46,83,135,29.6%,337.4,202.7,134.6,0.69,0.79,1.43,2.32,344.5,207.0,137.5,0.70,0.81,1.46,2.37,150,94,2.58,1.61,2.63,1.65
,,,Ice Phoenix,Rival,Tardy Tortoises,Speed Demons,Lunar,51.3,851,56,0.563,0.554,31,25,19637,11310,8327,44,27,82,146,30.1%,350.0,201.6,148.4,0.78,0.48,1.46,2.60,350.7,202.0,148.7,0.79,0.48,1.46,2.61,129,109,2.30,1.94,2.30,1.95
,,,Binboiz,Rival,Torte Reform,The Bakery,Solar,51.3,368,23,0.574,0.652,15,8,8103,4770,3333,21,19,23,57,36.8%,334.0,196.6,137.4,0.87,0.78,0.95,2.35,352.3,207.4,144.9,0.91,0.83,1.00,2.48,64,53,2.64,2.18,2.78,2.30
,,,Aztk_,Rival,Ocelots,The Jungle,Solar,51.2,510,34,0.628,0.618,21,13,11228,6710,4518,26,23,42,86,30.2%,333.9,199.6,134.4,0.77,0.68,1.25,2.56,330.2,197.4,132.9,0.76,0.68,1.24,2.53,86,61,2.56,1.81,2.53,1.79
,,,Flyerrr85,Rival,Mercury,The Nexus,Solar,51.1,250,16,0.544,0.563,9,7,5671,3150,2521,15,8,16,45,33.3%,344.1,191.1,153.0,0.91,0.49,0.97,2.73,354.4,196.9,157.6,0.94,0.50,1.00,2.81,36,32,2.18,1.94,2.25,2.00
,,,Surge85,Rival,Hue Heroes,Art Club,Solar,51.1,766,48,0.461,0.458,22,26,17590,9410,8180,37,20,65,146,25.3%,348.3,186.3,162.0,0.73,0.40,1.29,2.89,366.5,196.0,170.4,0.77,0.42,1.35,3.04,101,112,2.00,2.22,2.10,2.33
,,,Neutrino,Rival,Carrots,The Garden,Lunar,51.1,919,64,0.543,0.516,33,31,21294,12220,9074,47,33,88,147,32.0%,351.5,201.7,149.8,0.78,0.54,1.45,2.43,332.7,190.9,141.8,0.73,0.52,1.38,2.30,141,126,2.33,2.08,2.20,1.97
,,,Fluffy-Death,Rival,Wind,The Elements,Solar,50.7,893,57,0.460,0.509,29,28,20987,12550,8437,54,24,90,145,37.2%,356.5,213.2,143.3,0.92,0.41,1.53,2.46,368.2,220.2,148.0,0.95,0.42,1.58,2.54,130,144,2.21,2.45,2.28,2.53
,,,Agentanime07,Rival,"Surge
Fangtooths
Brashtins","Electric Mayhem
The Abyss
Maste Wanagement",Lunar,50.2,630,38,0.568,0.500,19,19,13670,8430,5240,43,31,32,98,43.9%,329.1,203.0,126.2,1.04,0.75,0.77,2.36,359.7,221.8,137.9,1.13,0.82,0.84,2.58,113,95,2.72,2.29,2.97,2.50
,,,Woah_Kalebb,Rival,Torte Reform,The Bakery,Solar,49.8,860,56,0.602,0.625,35,21,18224,10560,7664,46,32,53,171,26.9%,321.4,186.3,135.2,0.81,0.56,0.93,3.02,325.4,188.6,136.9,0.82,0.57,0.95,3.05,145,111,2.56,1.96,2.59,1.98
,,,Iamhoba,Rival,Anubis,The Gods,Solar,48.8,860,58,0.467,0.500,29,29,19057,10500,8557,38,35,70,145,26.2%,336.1,185.2,150.9,0.67,0.62,1.23,2.56,328.6,181.0,147.5,0.66,0.60,1.21,2.50,125,136,2.20,2.40,2.16,2.34
,,,Ben,Rival,Ocelots,The Jungle,Solar,48.6,722,49,0.544,0.531,26,23,16241,9430,6811,39,33,57,103,37.9%,341.2,198.1,143.1,0.82,0.69,1.20,2.16,331.4,192.4,139.0,0.80,0.67,1.16,2.10,124,111,2.61,2.33,2.53,2.27
,,,Shoddywolfman-,Rival,Vicunas,The Herd,Lunar,48.6,671,44,0.551,0.500,22,22,14886,8580,6306,38,27,47,108,35.2%,336.5,194.0,142.6,0.86,0.61,1.06,2.44,338.3,195.0,143.3,0.86,0.61,1.07,2.45,115,101,2.60,2.28,2.61,2.30
,,,Fynnatic,Rival,Anubis,The Gods,Solar,48.2,745,50,0.503,0.520,26,24,16920,9310,7610,39,23,60,126,31.0%,344.5,189.6,154.9,0.79,0.47,1.22,2.57,338.4,186.2,152.2,0.78,0.46,1.20,2.52,114,113,2.32,2.30,2.28,2.26
,,,Squedgy,Rival,Vicunas,The Herd,Lunar,48.0,604,43,0.538,0.558,24,19,13236,6390,6846,23,27,34,104,22.1%,332.4,160.5,171.9,0.58,0.68,0.85,2.61,307.8,148.6,159.2,0.53,0.63,0.79,2.42,96,87,2.41,2.18,2.23,2.02
,,,Jaegie,Rival,Surge,Electric Mayhem,Lunar,47.8,1012,61,0.522,0.459,28,33,21672,12950,8722,45,48,88,165,27.3%,324.8,194.1,130.7,0.67,0.72,1.32,2.47,355.3,212.3,143.0,0.74,0.79,1.44,2.70,167,158,2.50,2.37,2.74,2.59
,,,Pat,Rival,Asiago Arsonists,Cheese Guild,Solar,47.7,644,45,0.488,0.444,20,25,14978,7820,7158,35,19,47,102,34.3%,352.8,184.2,168.6,0.82,0.45,1.11,2.40,332.8,173.8,159.1,0.78,0.42,1.04,2.27,95,98,2.24,2.31,2.11,2.18
,,,Sleepysleepsheep,Rival,Ocelots,The Jungle,Solar,47.6,612,41,0.471,0.463,19,22,13258,7710,5548,35,18,43,116,30.2%,328.6,191.1,137.5,0.87,0.45,1.07,2.88,323.4,188.0,135.3,0.85,0.44,1.05,2.83,88,95,2.18,2.35,2.15,2.32
,,,Chung,Rival,Necrotic Nerds,Ghoul School,Solar,47.3,1047,64,0.450,0.422,27,37,24223,13310,10913,58,27,89,171,33.9%,350.9,192.8,158.1,0.84,0.39,1.29,2.48,378.5,208.0,170.5,0.91,0.42,1.39,2.67,154,175,2.23,2.54,2.41,2.73
,,,Djras1996,Rival,Necrotic Nerds,Ghoul School,Solar,47.0,418,26,0.428,0.308,8,18,9316,5260,4056,20,16,36,66,30.3%,338.1,190.9,147.2,0.73,0.58,1.31,2.40,358.3,202.3,156.0,0.77,0.62,1.38,2.54,66,79,2.40,2.87,2.54,3.04
,,,Fishkiller,Rival,Blizzards,Storm,Solar,46.9,810,54,0.459,0.481,26,28,17011,9310,7701,32,39,55,141,22.7%,318.6,174.3,144.2,0.60,0.73,1.03,2.64,315.0,172.4,142.6,0.59,0.72,1.02,2.61,115,128,2.15,2.40,2.13,2.37
,,,Hybridparagon,Rival,"Cursed
Hue Heroes","Destined
Art Club",Solar,46.8,607,41,0.488,0.463,19,22,13463,8040,5423,36,25,46,89,40.4%,336.4,200.9,135.5,0.90,0.62,1.15,2.22,328.4,196.1,132.3,0.88,0.61,1.12,2.17,97,100,2.42,2.50,2.37,2.44
,,,Vikha.,Rival,Quads,The Quad Dynasty,Solar,46.7,856,54,0.539,0.537,29,25,18602,10840,7762,47,27,65,154,30.5%,329.6,192.1,137.5,0.83,0.48,1.15,2.73,344.5,200.7,143.7,0.87,0.50,1.20,2.85,120,108,2.13,1.91,2.22,2.00
,,,Bad_Example,Rival,Phantoms,The Monster Mash,Lunar,46.5,688,50,0.473,0.440,22,28,16233,9290,6943,39,18,70,99,39.4%,357.9,204.8,153.1,0.86,0.40,1.54,2.18,324.7,185.8,138.9,0.78,0.36,1.40,1.98,96,103,2.12,2.27,1.92,2.06
,,,Ivighost,Rival,Fangtooths,The Abyss,Lunar,46.1,716,45,0.500,0.489,22,23,16595,9070,7525,28,25,80,102,27.5%,351.6,192.2,159.4,0.59,0.53,1.69,2.16,368.8,201.6,167.2,0.62,0.56,1.78,2.27,109,109,2.31,2.31,2.42,2.42
,,,Chazzthedr,Rival,Lust,Seven Deadly Sins,Lunar,45.7,410,29,0.375,0.345,10,19,9364,5040,4324,20,10,37,69,29.0%,346.4,186.5,160.0,0.74,0.37,1.37,2.55,322.9,173.8,149.1,0.69,0.34,1.28,2.38,55,76,2.03,2.81,1.90,2.62
,,,Lee-Lo,Rival,"Quads
Necrotic Nerds","The Quad Dynasty
Ghoul School",Solar,45.3,319,19,0.668,0.684,13,6,6968,4130,2838,17,13,26,48,35.4%,331.3,196.4,134.9,0.81,0.62,1.24,2.28,366.7,217.4,149.4,0.89,0.68,1.37,2.53,54,34,2.57,1.62,2.84,1.79
,,,Raygozia,Rival,Brashtins,Maste Wanagement,Solar,45.2,426,29,0.500,0.448,13,16,8996,4900,4096,18,20,28,70,25.7%,320.3,174.5,145.8,0.64,0.71,1.00,2.49,310.2,169.0,141.2,0.62,0.69,0.97,2.41,62,62,2.21,2.21,2.14,2.14
,,,Theodorethe2,Rival,Mozza Marauders,Italian Battalion,Lunar,44.1,48,3,0.803,1.000,3,0,960,420,540,2,1,1,12,16.7%,303.4,132.7,170.6,0.63,0.32,0.32,3.79,320.0,140.0,180.0,0.67,0.33,0.33,4.00,8,3,2.53,0.95,2.67,1.00
,,,Mattixbigs,Rival,"Blizzards
Lacuna
Vicunas
Polar Bears","Storm
Event Horizon
The Herd
The Bear Den",Solar,43.2,422,28,0.464,0.357,10,18,9083,5050,4033,17,15,38,70,24.3%,326.5,181.5,145.0,0.61,0.54,1.37,2.52,324.4,180.4,144.0,0.61,0.54,1.36,2.50,61,67,2.19,2.41,2.18,2.39
,,,Itsbooktv,Rival,"Polar Bears
Hot Wings","The Bear Den
Fifty-Fifty Pizzeria",Lunar,43.1,888,57,0.336,0.316,18,39,19977,10930,9047,41,25,84,138,29.7%,341.2,186.7,154.5,0.70,0.43,1.43,2.36,350.5,191.8,158.7,0.72,0.44,1.47,2.42,116,178,1.98,3.04,2.04,3.12
,,,Poopsoup,Rival,Blizzards,Storm,Solar,42.4,488,35,0.464,0.514,18,17,11460,5930,5530,24,14,44,63,38.1%,356.2,184.3,171.9,0.75,0.44,1.37,1.96,327.4,169.4,158.0,0.69,0.40,1.26,1.80,73,80,2.27,2.49,2.09,2.29
,,,Cowtooth,Rival,Torte Reform,The Bakery,Solar,41.9,798,51,0.602,0.627,32,19,16704,9860,6844,43,24,59,141,30.5%,317.5,187.4,130.1,0.82,0.46,1.12,2.68,327.5,193.3,134.2,0.84,0.47,1.16,2.76,136,104,2.59,1.98,2.67,2.04
,,,Sinoda_20,Rival,Lacuna,Event Horizon,Solar,41.3,828,59,0.402,0.390,23,36,18455,9770,8685,36,26,73,122,29.5%,338.1,179.0,159.1,0.66,0.48,1.34,2.23,312.8,165.6,147.2,0.61,0.44,1.24,2.07,109,141,2.00,2.58,1.85,2.39
,,,Osoghost,Rival,Polar Bears,The Bear Den,Lunar,41.2,338,22,0.334,0.273,6,16,7538,4370,3168,17,8,35,52,32.7%,338.3,196.1,142.2,0.76,0.36,1.57,2.33,342.6,198.6,144.0,0.77,0.36,1.59,2.36,47,72,2.11,3.23,2.14,3.27
,,,Blun,Rival,Dolphins,Whale Defense,Lunar,40.6,757,50,0.361,0.380,19,31,16338,9250,7088,31,26,74,115,27.0%,327.4,185.3,142.0,0.62,0.52,1.48,2.30,326.8,185.0,141.8,0.62,0.52,1.48,2.30,95,137,1.90,2.75,1.90,2.74
,,,Bousquet,Rival,Polar Ice,Minty Fresh,Solar,38.7,693,45,0.417,0.422,19,26,14002,7650,6352,25,36,47,100,25.0%,306.5,167.4,139.0,0.55,0.79,1.03,2.19,311.2,170.0,141.2,0.56,0.80,1.04,2.22,103,127,2.25,2.78,2.29,2.82
,,,Truez9,Rival,Werewolves,The Forest,Solar,37.9,880,57,0.508,0.509,29,28,18909,10390,8519,40,35,70,114,35.1%,325.9,179.1,146.8,0.69,0.60,1.21,1.97,331.7,182.3,149.5,0.70,0.61,1.23,2.00,152,149,2.62,2.57,2.67,2.61
,,,Dinnindu,Rival,Anubis,The Gods,Solar,37.2,511,34,0.398,0.412,14,20,10917,6310,4607,27,14,43,76,35.5%,324.1,187.3,136.8,0.80,0.42,1.28,2.26,321.1,185.6,135.5,0.79,0.41,1.26,2.24,65,85,1.93,2.52,1.91,2.50
,,,Ziggy.,Rival,Lacuna,Event Horizon,Solar,36.2,304,23,0.427,0.435,10,13,6372,3040,3332,8,10,25,49,16.3%,317.9,151.7,166.3,0.40,0.50,1.25,2.44,277.0,132.2,144.9,0.35,0.43,1.09,2.13,44,53,2.20,2.64,1.91,2.30
,,,Biscuitking18,Rival,Asiago Arsonists,Cheese Guild,Solar,36.0,594,41,0.484,0.439,18,23,12184,6670,5514,30,15,38,102,29.4%,311.1,170.3,140.8,0.77,0.38,0.97,2.60,297.2,162.7,134.5,0.73,0.37,0.93,2.49,94,98,2.40,2.50,2.29,2.39
,,,Masdhapotatoes,Rival,Hot Wings,Fifty-Fifty Pizzeria,Lunar,36.0,431,30,0.517,0.567,17,13,8494,4710,3784,15,25,28,56,26.8%,298.9,165.8,133.2,0.53,0.88,0.99,1.97,283.1,157.0,126.1,0.50,0.83,0.93,1.87,73,70,2.57,2.46,2.43,2.33
,,,Cytrus-,Rival,Ruthless Racket,The Syndicate,Lunar,35.9,266,18,0.490,0.389,7,11,5571,3170,2401,12,7,24,42,28.6%,317.7,180.8,136.9,0.68,0.40,1.37,2.40,309.5,176.1,133.4,0.67,0.39,1.33,2.33,39,40,2.22,2.28,2.17,2.22
,,,Brindytheblade25,Rival,Lust,Seven Deadly Sins,Lunar,35.4,829,55,0.424,0.382,21,34,16872,9090,7782,27,28,73,134,20.1%,308.7,166.3,142.4,0.49,0.51,1.34,2.45,306.8,165.3,141.5,0.49,0.51,1.33,2.44,116,141,2.12,2.58,2.11,2.56
,,,Onward,Rival,Cursed,Destined,Solar,35.2,826,54,0.453,0.444,24,30,16901,9790,7111,40,25,65,129,31.0%,310.4,179.8,130.6,0.73,0.46,1.19,2.37,313.0,181.3,131.7,0.74,0.46,1.20,2.39,125,141,2.30,2.59,2.31,2.61
,,,Galvarino,Rival,Polar Bears,The Bear Den,Lunar,34.9,929,58,0.312,0.276,16,42,19008,10750,8258,38,34,78,135,28.1%,310.4,175.5,134.8,0.62,0.56,1.27,2.20,327.7,185.3,142.4,0.66,0.59,1.34,2.33,119,195,1.94,3.18,2.05,3.36
,,,Rudeboipyro,Rival,Quads,The Quad Dynasty,Solar,34.8,897,58,0.616,0.603,35,23,18252,10360,7892,44,25,65,146,30.1%,308.6,175.2,133.5,0.74,0.42,1.10,2.47,314.7,178.6,136.1,0.76,0.43,1.12,2.52,145,106,2.45,1.79,2.50,1.83
,,,Carnagewolfbite,Rival,"Hue Heroes
Phantoms
Necrotic Nerds
Brashtins","Art Club
The Monster Mash
Ghoul School
Maste Wanagement",Solar,34.3,767,47,0.439,0.404,19,28,15885,8450,7435,29,22,65,120,24.2%,314.2,167.1,147.0,0.57,0.44,1.29,2.37,338.0,179.8,158.2,0.62,0.47,1.38,2.55,96,113,1.90,2.23,2.04,2.40
,,,Mayorh (Mute),Rival,Mozza Marauders,Italian Battalion,Lunar,34.0,95,8,0.379,0.375,3,5,1809,820,989,3,4,3,17,17.6%,288.8,130.9,157.9,0.48,0.64,0.48,2.71,226.1,102.5,123.6,0.38,0.50,0.38,2.13,10,14,1.60,2.24,1.25,1.75
,,,Mrsilent_714,Rival,Fangtooths,The Abyss,Lunar,33.5,313,22,0.546,0.545,12,10,6259,3270,2989,10,15,22,42,23.8%,303.3,158.5,144.9,0.48,0.73,1.07,2.04,284.5,148.6,135.9,0.45,0.68,1.00,1.91,55,49,2.67,2.37,2.50,2.23
,,,Mysty,Rival,Phantoms,The Monster Mash,Lunar,32.6,814,60,0.402,0.383,23,37,16885,8230,8655,24,32,63,108,22.2%,314.6,153.4,161.3,0.45,0.60,1.17,2.01,281.4,137.2,144.3,0.40,0.53,1.05,1.80,106,137,1.98,2.55,1.77,2.28
,,,Mattviaairwaves,Rival,Polar Ice,Minty Fresh,Solar,32.4,683,46,0.372,0.370,17,29,14174,7180,6994,28,21,47,98,28.6%,314.8,159.5,155.3,0.62,0.47,1.04,2.18,308.1,156.1,152.0,0.61,0.46,1.02,2.13,87,122,1.93,2.71,1.89,2.65
,,,Ruebensandwich,Rival,Phantoms,The Monster Mash,Lunar,32.3,70,6,0.293,0.167,1,5,1410,640,770,2,1,5,14,14.3%,305.5,138.7,166.9,0.43,0.22,1.08,3.03,235.0,106.7,128.3,0.33,0.17,0.83,2.33,6,11,1.30,2.38,1.00,1.83
,,,Sansbar,Rival,Hot Wings,Fifty-Fifty Pizzeria,Lunar,31.8,475,34,0.398,0.441,15,19,9522,5160,4362,24,15,26,71,33.8%,304.1,164.8,139.3,0.77,0.48,0.83,2.27,280.1,151.8,128.3,0.71,0.44,0.76,2.09,72,93,2.30,2.97,2.12,2.74
,,,King,Rival,Vikings,The Sovereign,Lunar,31.5,877,57,0.463,0.526,30,27,17821,9430,8391,38,32,57,118,32.2%,308.2,163.1,145.1,0.66,0.55,0.99,2.04,312.6,165.4,147.2,0.67,0.56,1.00,2.07,130,143,2.25,2.47,2.28,2.51
,,,Shewasntready,Rival,Dolphins,Whale Defense,Lunar,30.9,120,8,0.322,0.375,3,5,2156,1170,986,3,5,8,22,13.6%,272.5,147.9,124.6,0.38,0.63,1.01,2.78,269.5,146.3,123.3,0.38,0.63,1.00,2.75,15,24,1.90,3.03,1.88,3.00
,,,Hudx,Rival,Brashtins,Maste Wanagement,Solar,30.7,393,27,0.493,0.481,13,14,8347,4490,3857,16,6,40,59,27.1%,322.2,173.3,148.9,0.62,0.23,1.54,2.28,309.1,166.3,142.9,0.59,0.22,1.48,2.19,58,59,2.24,2.28,2.15,2.19
,,,Tryhard Goblin,Rival,Wind,The Elements,Solar,30.4,885,55,0.500,0.545,30,25,17864,9200,8664,28,38,68,110,25.5%,306.2,157.7,148.5,0.48,0.65,1.17,1.89,324.8,167.3,157.5,0.51,0.69,1.24,2.00,138,138,2.37,2.37,2.51,2.51
,,,Luim14,Rival,Wolf Spiders,Eight Legged Freaks,Lunar,30.0,428,27,0.465,0.407,11,16,8851,4780,4071,19,14,33,53,35.8%,313.7,169.4,144.3,0.67,0.50,1.17,1.88,327.8,177.0,150.8,0.70,0.52,1.22,1.96,63,69,2.23,2.45,2.33,2.56
,,,Lukemsnookems,Rival,Hammerheads,Shark Attack,Lunar,29.8,771,49,0.564,0.531,26,23,15394,8440,6954,38,24,47,109,34.9%,302.9,166.0,136.8,0.75,0.47,0.92,2.14,314.2,172.2,141.9,0.78,0.49,0.96,2.22,115,97,2.26,1.91,2.35,1.98
,,,Lucas_Rl,Rival,Tardy Tortoises,Speed Demons,Lunar,28.9,476,31,0.518,0.419,13,18,9405,5230,4175,19,10,41,78,24.4%,299.7,166.7,133.0,0.61,0.32,1.31,2.49,303.4,168.7,134.7,0.61,0.32,1.32,2.52,63,60,2.01,1.91,2.03,1.94
,,,Redtaill,Rival,Hue Heroes,Art Club,Solar,28.8,687,44,0.448,0.432,19,25,13174,7380,5794,30,21,45,108,27.8%,290.9,162.9,127.9,0.66,0.46,0.99,2.38,299.4,167.7,131.7,0.68,0.48,1.02,2.45,96,110,2.12,2.43,2.18,2.50
,,,Sthen0 -_-,Rival,Cursed,Destined,Solar,28.5,430,29,0.512,0.517,15,14,8611,4770,3841,17,14,36,57,29.8%,303.8,168.3,135.5,0.60,0.49,1.27,2.01,296.9,164.5,132.4,0.59,0.48,1.24,1.97,66,64,2.33,2.26,2.28,2.21
,,,Jean_Christ,Rival,Wind,The Elements,Solar,28.2,301,19,0.248,0.263,5,14,6212,3320,2892,12,4,29,47,25.5%,313.0,167.3,145.7,0.60,0.20,1.46,2.37,326.9,174.7,152.2,0.63,0.21,1.53,2.47,31,63,1.56,3.17,1.63,3.32
,,,Peril,Rival,Ruthless Racket,The Syndicate,Lunar,27.8,681,47,0.563,0.511,24,23,14173,7800,6373,34,16,55,85,40.0%,315.7,173.7,142.0,0.76,0.36,1.23,1.89,301.6,166.0,135.6,0.72,0.34,1.17,1.81,104,88,2.32,1.96,2.21,1.87
,,,Dondo Rf,Rival,Carrots,The Garden,Lunar,27.4,226,16,0.316,0.188,3,13,4456,2350,2106,8,8,17,30,26.7%,299.1,157.7,141.4,0.54,0.54,1.14,2.01,278.5,146.9,131.6,0.50,0.50,1.06,1.88,29,47,1.95,3.15,1.81,2.94
,,,Sweetnlow120,Rival,"Carrots
Phantoms
Polar Ice","The Garden
The Monster Mash
Minty Fresh",Solar,27.3,457,30,0.369,0.300,9,21,9448,5660,3788,21,13,48,51,41.2%,313.6,187.9,125.7,0.70,0.43,1.59,1.69,314.9,188.7,126.3,0.70,0.43,1.60,1.70,66,92,2.19,3.05,2.20,3.07
,,,Fryer_Lee,Rival,Dolphins,Whale Defense,Lunar,26.5,73,4,0.500,0.500,2,2,1262,600,662,0,5,5,10,0.0%,262.2,124.7,137.6,0.00,1.04,1.04,2.08,315.5,150.0,165.5,0.00,1.25,1.25,2.50,10,10,2.08,2.08,2.50,2.50
,,,Xblaniac,Rival,"Vikings
Surge","The Sovereign
Electric Mayhem",Lunar,24.9,275,20,0.450,0.500,10,10,5610,2770,2840,12,8,17,32,37.5%,309.4,152.8,156.7,0.66,0.44,0.94,1.77,280.5,138.5,142.0,0.60,0.40,0.85,1.60,46,52,2.54,2.87,2.30,2.60
,,,Slowlow24,Rival,Mercury,The Nexus,Solar,24.2,90,7,0.500,0.429,3,4,1658,960,698,4,4,5,11,36.4%,279.4,161.8,117.6,0.67,0.67,0.84,1.85,236.9,137.1,99.7,0.57,0.57,0.71,1.57,18,18,3.03,3.03,2.57,2.57
,,,Spite.,Rival,Asiago Arsonists,Cheese Guild,Solar,24.1,613,42,0.364,0.310,13,29,11688,6330,5358,15,21,59,83,18.1%,289.2,156.6,132.6,0.37,0.52,1.46,2.05,278.3,150.7,127.6,0.36,0.50,1.40,1.98,73,105,1.81,2.60,1.74,2.50
,,,Dr. Babies,Rival,Necrotic Nerds,Ghoul School,Solar,22.5,499,30,0.468,0.500,15,15,9797,5080,4717,15,14,45,63,23.8%,297.8,154.4,143.4,0.46,0.43,1.37,1.92,326.6,169.3,157.2,0.50,0.47,1.50,2.10,68,74,2.07,2.25,2.27,2.47
,,,Drnasti,Rival,"Surge
Dolphins","Electric Mayhem
Whale Defense",Lunar,20.7,246,17,0.447,0.471,8,9,4406,2160,2246,6,9,15,36,16.7%,271.7,133.2,138.5,0.37,0.55,0.92,2.22,259.2,127.1,132.1,0.35,0.53,0.88,2.12,34,39,2.10,2.40,2.00,2.29
,,,Kryptonic09_,Rival,Ruthless Racket,The Syndicate,Lunar,19.7,232,14,0.500,0.500,7,7,4050,2310,1740,8,7,16,36,22.2%,264.8,151.0,113.8,0.52,0.46,1.05,2.35,289.3,165.0,124.3,0.57,0.50,1.14,2.57,35,35,2.29,2.29,2.50,2.50
,,,Enygmah,Rival,Surge,Electric Mayhem,Lunar,19.5,337,21,0.430,0.429,9,12,6124,3320,2804,12,10,23,47,25.5%,275.6,149.4,126.2,0.54,0.45,1.04,2.12,291.6,158.1,133.5,0.57,0.48,1.10,2.24,45,54,2.03,2.43,2.14,2.57
,,,Meltt._,Rival,Tardy Tortoises,Speed Demons,Lunar,18.5,30,2,0.318,0.000,0,2,659,360,299,1,1,4,1,100.0%,333.2,182.0,151.2,0.51,0.51,2.02,0.51,329.5,180.0,149.5,0.50,0.50,2.00,0.50,3,5,1.52,2.53,1.50,2.50
,,,Grobber22,Rival,Blizzards,Storm,Solar,18.3,390,23,0.453,0.391,9,14,7353,4010,3343,15,6,33,56,26.8%,286.0,156.0,130.0,0.58,0.23,1.28,2.18,319.7,174.3,145.3,0.65,0.26,1.43,2.43,54,61,2.10,2.37,2.35,2.65
,,,Saucy Bowen,Rival,Anubis,The Gods,Solar,17.6,279,18,0.418,0.444,8,10,5249,2500,2749,10,5,17,40,25.0%,285.4,135.9,149.5,0.54,0.27,0.92,2.17,291.6,138.9,152.7,0.56,0.28,0.94,2.22,38,47,2.07,2.56,2.11,2.61
,,,Blood12Aven,Rival,Lacuna,Event Horizon,Solar,17.1,54,4,0.229,0.000,0,4,935,540,395,2,1,4,9,22.2%,262.6,151.7,111.0,0.56,0.28,1.12,2.53,233.8,135.0,98.8,0.50,0.25,1.00,2.25,5,11,1.40,3.09,1.25,2.75
,,,Daggumbigfoot,Rival,Dolphins,Whale Defense,Lunar,16.8,136,9,0.153,0.111,1,8,2251,1370,881,4,4,11,22,18.2%,251.1,152.8,98.3,0.45,0.45,1.23,2.45,250.1,152.2,97.9,0.44,0.44,1.22,2.44,13,37,1.45,4.13,1.44,4.11
,,,Thenio,Rival,Wolf Spiders,Eight Legged Freaks,Lunar,15.1,490,29,0.405,0.483,14,15,8412,4900,3512,16,16,37,65,24.6%,260.4,151.7,108.7,0.50,0.50,1.15,2.01,290.1,169.0,121.1,0.55,0.55,1.28,2.24,68,87,2.11,2.69,2.34,3.00
,,,Tragic Event,Rival,Polar Bears,The Bear Den,Lunar,14.5,676,42,0.298,0.238,10,32,11510,6570,4940,24,21,44,92,26.1%,258.3,147.4,110.8,0.54,0.47,0.99,2.06,274.0,156.4,117.6,0.57,0.50,1.05,2.19,83,142,1.86,3.19,1.98,3.38
,,,Destroyerallstar,Rival,Lust,Seven Deadly Sins,Lunar,14.3,349,22,0.394,0.273,6,16,5986,3070,2916,11,9,20,52,21.2%,260.2,133.4,126.7,0.48,0.39,0.87,2.26,272.1,139.5,132.5,0.50,0.41,0.91,2.36,43,57,1.87,2.48,1.95,2.59
,,,Wannabuybubbles,Rival,Eclipse,The Shadows,Solar,14.0,143,11,0.440,0.545,6,5,2715,1240,1475,4,2,11,19,21.1%,288.0,131.5,156.5,0.42,0.21,1.17,2.02,246.8,112.7,134.1,0.36,0.18,1.00,1.73,17,20,1.80,2.12,1.55,1.82
,,,Tearlessgoose21,Rival,Lacuna,Event Horizon,Solar,13.2,300,23,0.326,0.348,8,15,5573,2940,2633,15,1,19,44,34.1%,281.8,148.7,133.1,0.76,0.05,0.96,2.22,242.3,127.8,114.5,0.65,0.04,0.83,1.91,35,56,1.77,2.83,1.52,2.43
,,,Cosmicflames.,Rival,"Ruthless Racket
Hot Wings","The Syndicate
Fifty-Fifty Pizzeria",Lunar,11.4,428,28,0.397,0.393,11,17,7900,4080,3820,12,9,39,48,25.0%,280.0,144.6,135.4,0.43,0.32,1.38,1.70,282.1,145.7,136.4,0.43,0.32,1.39,1.71,50,66,1.77,2.34,1.79,2.36
,,,Haakon,Rival,Mercury,The Nexus,Solar,11.3,678,44,0.475,0.523,23,21,11395,6270,5125,28,20,32,87,32.2%,254.9,140.3,114.7,0.63,0.45,0.72,1.95,259.0,142.5,116.5,0.64,0.45,0.73,1.98,109,116,2.44,2.60,2.48,2.64
,,,D__E__R__K,Rival,Dolphins,Whale Defense,Lunar,11.2,684,46,0.388,0.435,20,26,12250,6510,5740,26,15,47,81,32.1%,271.7,144.4,127.3,0.58,0.33,1.04,1.80,266.3,141.5,124.8,0.57,0.33,1.02,1.76,88,118,1.95,2.62,1.91,2.57
,,,Chugg,Rival,"Asiago Arsonists
Polar Bears","Cheese Guild
The Bear Den",Solar,10.9,146,11,0.197,0.091,1,10,2631,1310,1321,4,4,11,16,25.0%,273.3,136.1,137.2,0.42,0.42,1.14,1.66,239.2,119.1,120.1,0.36,0.36,1.00,1.45,13,32,1.35,3.32,1.18,2.91
,,,1_Krispy_1,Rival,Necrotic Nerds,Ghoul School,Solar,9.6,68,4,0.500,0.500,2,2,1147,680,467,2,2,6,8,25.0%,255.9,151.7,104.2,0.45,0.45,1.34,1.78,286.8,170.0,116.8,0.50,0.50,1.50,2.00,11,11,2.45,2.45,2.75,2.75
,,,Afoxypancake,Rival,Quads,The Quad Dynasty,Solar,3.1,47,3,0.227,0.333,1,2,796,420,376,1,0,5,7,14.3%,256.9,135.5,121.3,0.32,0.00,1.61,2.26,265.3,140.0,125.3,0.33,0.00,1.67,2.33,4,9,1.29,2.90,1.33,3.00
,,,Billy_Man_Fi3H,Rival,"Blizzards
Wolf Spiders","Storm
Eight Legged Freaks",Lunar,3.0,68,5,0.693,0.800,4,1,969,460,509,1,2,3,11,9.1%,216.2,102.6,113.5,0.22,0.45,0.67,2.45,193.8,92.0,101.8,0.20,0.40,0.60,2.20,12,7,2.68,1.56,2.40,1.40
,,,Wntr,Rival,Lu-Kthu,The Mythos,Lunar,2.4,115,8,0.791,0.875,7,1,2034,890,1144,1,1,12,14,7.1%,268.3,117.4,150.9,0.13,0.13,1.58,1.85,254.3,111.3,143.0,0.13,0.13,1.50,1.75,20,8,2.64,1.06,2.50,1.00
,,,The_Killerwon,Rival,Tardy Tortoises,Speed Demons,Lunar,-0.9,69,4,0.162,0.000,0,4,1119,630,489,1,1,8,8,12.5%,246.0,138.5,107.5,0.22,0.22,1.76,1.76,279.8,157.5,122.3,0.25,0.25,2.00,2.00,7,19,1.54,4.18,1.75,4.75
,,,Vickyviksta,Rival,Polar Bears,The Bear Den,Lunar,-6.2,304,18,0.209,0.222,4,14,5000,2470,2530,7,4,26,27,25.9%,249.5,123.2,126.2,0.35,0.20,1.30,1.35,277.8,137.2,140.6,0.39,0.22,1.44,1.50,26,62,1.30,3.09,1.44,3.44
,,,Trav.,Rival,"Phantoms
Surge","The Monster Mash
Electric Mayhem",Lunar,-18.4,221,15,0.202,0.133,2,13,2991,1560,1431,4,3,16,21,19.0%,205.3,107.1,98.2,0.27,0.21,1.10,1.44,199.4,104.0,95.4,0.27,0.20,1.07,1.40,22,52,1.51,3.57,1.47,3.47
,,,Covi,Prospect,Barbarians,The Sovereign,N/A,96.5,749,56,0.661,0.696,39,17,24071,14320,9751,69,27,86,177,39.0%,455.8,271.1,184.6,1.31,0.51,1.63,3.35,429.8,255.7,174.1,1.23,0.48,1.54,3.16,145,94,2.75,1.78,2.59,1.68
,,,Hype56,Prospect,Funnel-Webs,Eight Legged Freaks,N/A,94.3,12,1,0.629,1.000,1,0,354,220,134,1,1,1,2,50.0%,418.4,260.0,158.4,1.18,1.18,1.18,2.36,354.0,220.0,134.0,1.00,1.00,1.00,2.00,4,3,4.73,3.55,4.00,3.00
,,,Jazzmagic.,Prospect,Bokrug,The Mythos,N/A,89.0,862,59,0.744,0.763,45,14,24952,15090,9862,75,45,68,194,38.7%,410.5,248.3,162.2,1.23,0.74,1.12,3.19,422.9,255.8,167.2,1.27,0.76,1.15,3.29,187,94,3.08,1.55,3.17,1.59
,,,Tv_Impactreapz,Prospect,Spastics,The Quad Dynasty,N/A,80.6,889,60,0.697,0.717,43,17,24930,14640,10290,64,42,86,184,34.8%,397.7,233.5,164.1,1.02,0.67,1.37,2.94,415.5,244.0,171.5,1.07,0.70,1.43,3.07,177,103,2.82,1.64,2.95,1.72
,,,Kazr.,Prospect,"Sparks
Undead","Electric Mayhem
Destined",N/A,76.8,647,48,0.519,0.563,27,21,18208,9530,8678,39,27,60,128,30.5%,399.1,208.9,190.2,0.85,0.59,1.32,2.81,379.3,198.5,180.8,0.81,0.56,1.25,2.67,100,95,2.19,2.08,2.08,1.98
,,,Itzsmurfyy,Prospect,Funnel-Webs,Eight Legged Freaks,N/A,74.9,457,32,0.552,0.500,16,16,12524,7250,5274,38,14,34,105,36.2%,388.6,225.0,163.7,1.18,0.43,1.06,3.26,391.4,226.6,164.8,1.19,0.44,1.06,3.28,91,80,2.82,2.48,2.84,2.50
,,,Canadian Gamer,Prospect,Whisk-y Business,The Bakery,N/A,73.9,893,60,0.690,0.717,43,17,24165,14940,9225,77,34,73,189,40.7%,383.8,237.3,146.5,1.22,0.54,1.16,3.00,402.8,249.0,153.8,1.28,0.57,1.22,3.15,181,108,2.87,1.72,3.02,1.80
,,,Dr_Zachattack,Prospect,Skeletons,The Monster Mash,N/A,73.4,556,39,0.567,0.564,22,17,14676,8260,6416,34,33,45,96,35.4%,374.3,210.7,163.6,0.87,0.84,1.15,2.45,376.3,211.8,164.5,0.87,0.85,1.15,2.46,101,85,2.58,2.17,2.59,2.18
,,,Tankersrul,Prospect,Blacktips,Shark Attack,N/A,71.9,674,48,0.500,0.500,24,24,19088,10730,8358,54,19,61,133,40.6%,401.6,225.8,175.9,1.14,0.40,1.28,2.80,397.7,223.5,174.1,1.13,0.40,1.27,2.77,112,112,2.36,2.36,2.33,2.33
,,,Baltostorm,Prospect,Envy,Seven Deadly Sins,N/A,70.2,785,54,0.550,0.593,32,22,21322,12100,9222,57,27,70,155,36.8%,385.2,218.6,166.6,1.03,0.49,1.26,2.80,394.9,224.1,170.8,1.06,0.50,1.30,2.87,130,114,2.35,2.06,2.41,2.11
,,,Rosefanatic3615,Prospect,Whisk-y Business,The Bakery,N/A,67.3,839,56,0.683,0.696,39,17,21293,12180,9113,54,40,64,158,34.2%,359.9,205.9,154.0,0.91,0.68,1.08,2.67,380.2,217.5,162.7,0.96,0.71,1.14,2.82,169,103,2.86,1.74,3.02,1.84
,,,Lorak,Prospect,Bokrug,The Mythos,N/A,64.9,831,57,0.742,0.754,43,14,20191,12400,7791,55,41,65,160,34.4%,344.6,211.6,133.0,0.94,0.70,1.11,2.73,354.2,217.5,136.7,0.96,0.72,1.14,2.81,183,93,3.12,1.59,3.21,1.63
,,,Pr9Xk,Prospect,Spastics,The Quad Dynasty,N/A,62.8,459,31,0.750,0.774,24,7,11410,6890,4520,34,22,32,79,43.0%,352.5,212.9,139.7,1.05,0.68,0.99,2.44,368.1,222.3,145.8,1.10,0.71,1.03,2.55,98,48,3.03,1.48,3.16,1.55
,,,Techfour,Prospect,Bokrug,The Mythos,N/A,61.3,875,60,0.737,0.750,45,15,20578,12370,8208,60,43,51,167,35.9%,333.5,200.5,133.0,0.97,0.70,0.83,2.71,343.0,206.2,136.8,1.00,0.72,0.85,2.78,190,98,3.08,1.59,3.17,1.63
,,,Iiiyummyiiii,Prospect,Pepperoni Pizza,Fifty-Fifty Pizzeria,N/A,61.0,888,60,0.553,0.583,35,25,22009,12930,9079,60,29,74,178,33.7%,351.5,206.5,145.0,0.96,0.46,1.18,2.84,366.8,215.5,151.3,1.00,0.48,1.23,2.97,156,136,2.49,2.17,2.60,2.27
,,,Panda,Prospect,Undead,Destined,N/A,60.2,877,60,0.457,0.450,27,33,20930,12120,8810,52,36,68,172,30.2%,338.4,196.0,142.5,0.84,0.58,1.10,2.78,348.8,202.0,146.8,0.87,0.60,1.13,2.87,126,141,2.04,2.28,2.10,2.35
,,,Vortex3524,Prospect,Skeletons,The Monster Mash,N/A,59.9,754,53,0.531,0.472,25,28,18549,10690,7859,51,29,55,139,36.7%,348.9,201.1,147.8,0.96,0.55,1.03,2.61,350.0,201.7,148.3,0.96,0.55,1.04,2.62,131,121,2.46,2.28,2.47,2.28
,,,Alteredsp4Rky,Prospect,Envy,Seven Deadly Sins,N/A,58.7,764,54,0.542,0.574,31,23,18430,9950,8480,40,33,59,135,29.6%,342.1,184.7,157.4,0.74,0.61,1.10,2.51,341.3,184.3,157.0,0.74,0.61,1.09,2.50,125,112,2.32,2.08,2.31,2.07
,,,Nate,Prospect,Whisk-y Business,The Bakery,N/A,57.7,834,56,0.711,0.750,42,14,18855,11130,7725,44,47,59,143,30.8%,320.6,189.3,131.4,0.75,0.80,1.00,2.43,336.7,198.8,137.9,0.79,0.84,1.05,2.55,175,98,2.98,1.67,3.13,1.75
,,,Dom Tut,Prospect,Pepperoni Pizza,Fifty-Fifty Pizzeria,N/A,57.4,298,20,0.484,0.450,9,11,6751,3700,3051,13,17,21,50,26.0%,321.3,176.1,145.2,0.62,0.81,1.00,2.38,337.6,185.0,152.6,0.65,0.85,1.05,2.50,49,51,2.33,2.43,2.45,2.55
,,,Starazor,Prospect,Barbarians,The Sovereign,N/A,55.8,425,29,0.647,0.690,20,9,9910,5810,4100,22,24,36,61,36.1%,330.7,193.9,136.8,0.73,0.80,1.20,2.04,341.7,200.3,141.4,0.76,0.83,1.24,2.10,84,57,2.80,1.90,2.90,1.97
,,,Pandalicious32,Prospect,Funnel-Webs,Eight Legged Freaks,N/A,55.3,669,48,0.503,0.479,23,25,15930,9680,6250,45,29,53,108,41.7%,337.7,205.2,132.5,0.95,0.61,1.12,2.29,331.9,201.7,130.2,0.94,0.60,1.10,2.25,127,126,2.69,2.67,2.65,2.63
,,,Array,Prospect,Pepperoni Pizza,Fifty-Fifty Pizzeria,N/A,55.1,755,52,0.598,0.635,33,19,17558,10400,7158,46,31,58,135,34.1%,329.8,195.3,134.5,0.86,0.58,1.09,2.54,337.7,200.0,137.7,0.88,0.60,1.12,2.60,143,111,2.69,2.08,2.75,2.13
,,,Dino_Chick3N,Prospect,Muenster Misfits,Cheese Guild,N/A,53.6,379,26,0.522,0.500,13,13,8624,4530,4094,12,20,35,58,20.7%,322.7,169.5,153.2,0.45,0.75,1.31,2.17,331.7,174.2,157.5,0.46,0.77,1.35,2.23,50,47,1.87,1.76,1.92,1.81
,,,3Xoticmoon,Prospect,Muenster Misfits,Cheese Guild,N/A,53.4,74,6,0.593,0.500,3,3,1780,1110,670,5,1,8,16,31.3%,341.1,212.7,128.4,0.96,0.19,1.53,3.07,296.7,185.0,111.7,0.83,0.17,1.33,2.67,14,11,2.68,2.11,2.33,1.83
,,,Shadohkami,Prospect,Prism Proteges,Art Club,N/A,53.4,769,56,0.326,0.393,22,34,19602,11190,8412,52,18,77,124,41.9%,361.5,206.4,155.1,0.96,0.33,1.42,2.29,350.0,199.8,150.2,0.93,0.32,1.38,2.21,105,166,1.94,3.06,1.88,2.96
,,,Mickstery,Prospect,Spastics,The Quad Dynasty,N/A,53.3,605,40,0.614,0.625,25,15,14418,8430,5988,40,15,50,118,33.9%,338.0,197.6,140.4,0.94,0.35,1.17,2.77,360.5,210.8,149.7,1.00,0.38,1.25,2.95,107,79,2.51,1.85,2.68,1.98
,,,El_Macho,Prospect,Barbarians,The Sovereign,N/A,52.0,735,55,0.674,0.709,39,16,17554,9440,8114,44,26,51,119,37.0%,338.7,182.1,156.6,0.85,0.50,0.98,2.30,319.2,171.6,147.5,0.80,0.47,0.93,2.16,144,90,2.78,1.74,2.62,1.64
,,,Bobby Dangler.,Prospect,Blacktips,Shark Attack,N/A,51.9,804,58,0.500,0.483,28,30,18483,10650,7833,35,36,82,125,28.0%,326.0,187.9,138.2,0.62,0.63,1.45,2.20,318.7,183.6,135.1,0.60,0.62,1.41,2.16,131,131,2.31,2.31,2.26,2.26
,,,Dbry.,Prospect,Whisk-y Business,The Bakery,N/A,50.7,113,8,0.568,0.625,5,3,2526,1510,1016,6,4,10,21,28.6%,317.0,189.5,127.5,0.75,0.50,1.25,2.64,315.8,188.8,127.0,0.75,0.50,1.25,2.63,18,15,2.26,1.88,2.25,1.88
,,,Rcmblocks,Prospect,Sparks,Electric Mayhem,N/A,50.0,736,55,0.438,0.455,25,30,16967,9680,7287,42,22,61,133,31.6%,326.9,186.5,140.4,0.81,0.42,1.18,2.56,308.5,176.0,132.5,0.76,0.40,1.11,2.42,109,128,2.10,2.47,1.98,2.33
,,,Tpm_Cheezetv,Prospect,Envy,Seven Deadly Sins,N/A,49.8,583,39,0.536,0.590,23,16,13026,7990,5036,27,25,62,94,28.7%,316.9,194.4,122.5,0.66,0.61,1.51,2.29,334.0,204.9,129.1,0.69,0.64,1.59,2.41,102,93,2.48,2.26,2.62,2.38
,,,Avex Inceptionz,Prospect,Spastics,The Quad Dynasty,N/A,49.8,700,48,0.723,0.750,36,12,15695,9010,6685,39,29,50,116,33.6%,318.0,182.5,135.4,0.79,0.59,1.01,2.35,327.0,187.7,139.3,0.81,0.60,1.04,2.42,147,79,2.98,1.60,3.06,1.65
,,,Ryu Gu,Prospect,Darkness,The Shadows,N/A,48.8,697,50,0.460,0.440,22,28,15923,9190,6733,43,21,52,124,34.7%,324.0,187.0,137.0,0.87,0.43,1.06,2.52,318.5,183.8,134.7,0.86,0.42,1.04,2.48,113,125,2.30,2.54,2.26,2.50
,,,Mysticmax07,Prospect,Muenster Misfits,Cheese Guild,N/A,48.2,823,57,0.513,0.491,28,29,18775,11030,7745,49,21,71,153,32.0%,323.5,190.1,133.5,0.84,0.36,1.22,2.64,329.4,193.5,135.9,0.86,0.37,1.25,2.68,115,111,1.98,1.91,2.02,1.95
,,,B1Scuit_Murder,Prospect,Sparks,Electric Mayhem,N/A,48.2,627,45,0.342,0.333,15,30,15267,8130,7137,34,17,59,93,36.6%,345.3,183.9,161.4,0.77,0.38,1.33,2.10,339.3,180.7,158.6,0.76,0.38,1.31,2.07,82,125,1.85,2.83,1.82,2.78
,,,Citrus Stoned,Prospect,"Pepperoni Pizza
Prism Proteges","Fifty-Fifty Pizzeria
Art Club",N/A,48.0,637,45,0.527,0.533,24,21,14296,7970,6326,34,21,48,112,30.4%,318.3,177.4,140.8,0.76,0.47,1.07,2.49,317.7,177.1,140.6,0.76,0.47,1.07,2.49,103,96,2.29,2.14,2.29,2.13
,,,Wrychew,Prospect,Skeletons,The Monster Mash,N/A,47.8,796,56,0.548,0.500,28,28,18065,10470,7595,50,21,59,147,34.0%,321.8,186.5,135.3,0.89,0.37,1.05,2.62,322.6,187.0,135.6,0.89,0.38,1.05,2.63,137,121,2.44,2.16,2.45,2.16
,,,Tokifyy,Prospect,Funnel-Webs,Eight Legged Freaks,N/A,45.9,598,42,0.482,0.452,19,23,12466,7090,5376,32,28,30,99,32.3%,295.6,168.1,127.5,0.76,0.66,0.71,2.35,296.8,168.8,128.0,0.76,0.67,0.71,2.36,110,115,2.61,2.73,2.62,2.74
,,,Zonekiller77,Prospect,Blacktips,Shark Attack,N/A,45.7,282,20,0.483,0.400,8,12,6516,3620,2896,13,11,28,37,35.1%,327.7,182.0,145.6,0.65,0.55,1.41,1.86,325.8,181.0,144.8,0.65,0.55,1.40,1.85,45,47,2.26,2.36,2.25,2.35
,,,Pablo V2,Prospect,Detention Demons,Ghoul School,N/A,45.7,790,56,0.384,0.286,16,40,17822,10370,7452,40,27,76,122,32.8%,319.9,186.2,133.8,0.72,0.48,1.36,2.19,318.3,185.2,133.1,0.71,0.48,1.36,2.18,105,143,1.88,2.57,1.88,2.55
,,,Fetty_Steve98,Prospect,Darkness,The Shadows,N/A,45.1,331,24,0.365,0.375,9,15,7125,3590,3535,8,13,32,54,14.8%,305.3,153.8,151.5,0.34,0.56,1.37,2.31,296.9,149.6,147.3,0.33,0.54,1.33,2.25,41,59,1.76,2.53,1.71,2.46
,,,Ozzy,Prospect,Muenster Misfits,Cheese Guild,N/A,45.1,731,51,0.511,0.490,25,26,16196,8680,7516,36,17,57,138,26.1%,314.2,168.4,145.8,0.70,0.33,1.11,2.68,317.6,170.2,147.4,0.71,0.33,1.12,2.71,106,103,2.06,2.00,2.08,2.02
,,,Pokeninja77,Prospect,Earth,The Elements,N/A,44.0,368,27,0.176,0.222,6,21,8832,4830,4002,23,6,33,58,39.7%,340.4,186.1,154.2,0.89,0.23,1.27,2.24,327.1,178.9,148.2,0.85,0.22,1.22,2.15,37,97,1.43,3.74,1.37,3.59
,,,Lim,Prospect,Darkness,The Shadows,N/A,43.8,598,43,0.417,0.419,18,25,13715,7260,6455,37,15,37,96,38.5%,325.2,172.2,153.1,0.88,0.36,0.88,2.28,319.0,168.8,150.1,0.86,0.35,0.86,2.23,94,116,2.23,2.75,2.19,2.70
,,,Pivot97,Prospect,Detention Demons,Ghoul School,N/A,41.6,822,57,0.393,0.316,18,39,18693,9920,8773,32,23,88,117,27.4%,322.5,171.1,151.4,0.55,0.40,1.52,2.02,327.9,174.0,153.9,0.56,0.40,1.54,2.05,110,146,1.90,2.52,1.93,2.56
,,,Benjamen A,Prospect,"Prism Proteges
Pepperoni Pizza","Art Club
Fifty-Fifty Pizzeria",N/A,40.0,781,55,0.354,0.436,24,31,17398,9340,8058,30,25,81,104,28.8%,315.9,169.6,146.3,0.54,0.45,1.47,1.89,316.3,169.8,146.5,0.55,0.45,1.47,1.89,113,165,2.05,3.00,2.05,3.00
,,,Sugar_Biscuit20,Prospect,Darkness,The Shadows,N/A,39.6,723,53,0.389,0.340,18,35,15141,7780,7361,30,25,48,113,26.5%,297.0,152.6,144.4,0.59,0.49,0.94,2.22,285.7,146.8,138.9,0.57,0.47,0.91,2.13,105,140,2.06,2.75,1.98,2.64
,,,Insanefox05,Prospect,Undead,Destined,N/A,39.4,655,46,0.485,0.500,23,23,13648,7610,6038,25,21,60,106,23.6%,295.5,164.8,130.7,0.54,0.45,1.30,2.30,296.7,165.4,131.3,0.54,0.46,1.30,2.30,99,103,2.14,2.23,2.15,2.24
,,,Lostzealous,Prospect,Skeletons,The Monster Mash,N/A,39.0,468,32,0.470,0.375,12,20,9862,4880,4982,13,17,41,68,19.1%,298.8,147.9,151.0,0.39,0.52,1.24,2.06,308.2,152.5,155.7,0.41,0.53,1.28,2.13,75,81,2.27,2.45,2.34,2.53
,,,Fluffyandfat,Prospect,Barbarians,The Sovereign,N/A,32.7,38,3,0.737,1.000,3,0,570,230,340,0,4,0,3,0.0%,212.7,85.8,126.9,0.00,1.49,0.00,1.12,190.0,76.7,113.3,0.00,1.33,0.00,1.00,11,6,4.11,2.24,3.67,2.00
,,,Renightly,Prospect,Detention Demons,Ghoul School,N/A,32.5,580,41,0.466,0.390,16,25,11745,6470,5275,26,17,44,82,31.7%,287.2,158.2,129.0,0.64,0.42,1.08,2.00,286.5,157.8,128.7,0.63,0.41,1.07,2.00,86,94,2.10,2.30,2.10,2.29
,,,Wolverine36535,Prospect,"Prism Proteges
Spastics
Pepperoni Pizza","Art Club
The Quad Dynasty
Fifty-Fifty Pizzeria",N/A,31.5,210,16,0.513,0.625,10,6,3978,1880,2098,3,11,16,23,13.0%,268.6,127.0,141.7,0.20,0.74,1.08,1.55,248.6,117.5,131.1,0.19,0.69,1.00,1.44,29,28,1.96,1.89,1.81,1.75
,,,Defnotmongo.,Prospect,Funnel-Webs,Eight Legged Freaks,N/A,30.3,499,36,0.413,0.361,13,23,9736,5320,4416,20,21,34,57,35.1%,276.7,151.2,125.5,0.57,0.60,0.97,1.62,270.4,147.8,122.7,0.56,0.58,0.94,1.58,82,102,2.33,2.90,2.28,2.83
,,,K.Doughboy,Prospect,"Earth
Barbarians","The Elements
The Sovereign",N/A,29.3,591,48,0.379,0.396,19,29,12522,6280,6242,18,16,61,63,28.6%,300.5,150.7,149.8,0.43,0.38,1.46,1.51,260.9,130.8,130.0,0.38,0.33,1.27,1.31,80,110,1.92,2.64,1.67,2.29
,,,Franc_Mr,Prospect,Envy,Seven Deadly Sins,N/A,29.3,466,33,0.522,0.576,19,14,9620,4920,4700,19,8,39,67,28.4%,292.8,149.7,143.0,0.58,0.24,1.19,2.04,291.5,149.1,142.4,0.58,0.24,1.18,2.03,72,68,2.19,2.07,2.18,2.06
,,,Prohunter Rl,Prospect,Prism Proteges,Art Club,N/A,28.7,363,25,0.202,0.120,3,22,7444,4000,3444,17,7,29,50,34.0%,290.8,156.3,134.5,0.66,0.27,1.13,1.95,297.8,160.0,137.8,0.68,0.28,1.16,2.00,40,94,1.56,3.67,1.60,3.76
,,,Meondisplay,Prospect,Blacktips,Shark Attack,N/A,27.4,751,54,0.458,0.444,24,30,14388,8190,6198,32,23,57,99,32.3%,271.7,154.7,117.0,0.60,0.43,1.08,1.87,266.4,151.7,114.8,0.59,0.43,1.06,1.83,114,127,2.15,2.40,2.11,2.35
,,,Redwinglegendayg,Prospect,Undead,Destined,N/A,26.9,460,29,0.447,0.414,12,17,8377,4600,3777,20,14,24,70,28.6%,258.3,141.8,116.4,0.62,0.43,0.74,2.16,288.9,158.6,130.2,0.69,0.48,0.83,2.41,68,78,2.10,2.40,2.34,2.69
,,,Novarchite,Prospect,Sparks,Electric Mayhem,N/A,24.6,706,52,0.378,0.404,21,31,13343,6780,6563,22,21,53,88,25.0%,268.0,136.2,131.8,0.44,0.42,1.06,1.77,256.6,130.4,126.2,0.42,0.40,1.02,1.69,94,130,1.89,2.61,1.81,2.50
,,,Dareme,Prospect,Earth,The Elements,N/A,21.3,631,47,0.194,0.213,10,37,12109,5910,6199,17,11,57,81,21.0%,272.1,132.8,139.3,0.38,0.25,1.28,1.82,257.6,125.7,131.9,0.36,0.23,1.21,1.72,65,159,1.46,3.57,1.38,3.38
,,,Lguporkers,Prospect,Darkness,The Shadows,N/A,21.2,135,10,0.351,0.200,2,8,2432,1270,1162,6,4,6,17,35.3%,255.5,133.4,122.1,0.63,0.42,0.63,1.79,243.2,127.0,116.2,0.60,0.40,0.60,1.70,19,28,2.00,2.94,1.90,2.80
,,,R00K46,Prospect,Muenster Misfits,Cheese Guild,N/A,19.5,495,34,0.478,0.441,15,19,9158,4430,4728,15,12,35,58,25.9%,262.4,126.9,135.5,0.43,0.34,1.00,1.66,269.4,130.3,139.1,0.44,0.35,1.03,1.71,66,70,1.89,2.01,1.94,2.06
,,,Rwalls516R,Prospect,Sparks,Electric Mayhem,N/A,18.5,57,4,0.026,0.000,0,4,1174,570,604,2,0,6,7,28.6%,292.1,141.8,150.3,0.50,0.00,1.49,1.74,293.5,142.5,151.0,0.50,0.00,1.50,1.75,2,19,0.50,4.73,0.50,4.75
,,,Xernaut,Prospect,Detention Demons,Ghoul School,N/A,17.6,367,26,0.257,0.154,4,22,6525,3420,3105,15,6,22,52,28.8%,252.1,132.2,120.0,0.58,0.23,0.85,2.01,251.0,131.5,119.4,0.58,0.23,0.85,2.00,38,76,1.47,2.94,1.46,2.92
,,,Bromzatheoldman,Prospect,"Funnel-Webs
Earth","Eight Legged Freaks
The Elements",N/A,13.7,101,7,0.213,0.143,1,6,1819,1030,789,6,1,5,13,46.2%,255.4,144.6,110.8,0.84,0.14,0.70,1.83,259.9,147.1,112.7,0.86,0.14,0.71,1.86,11,25,1.54,3.51,1.57,3.57
,,,Trios,Prospect,Prism Proteges,Art Club,N/A,11.4,409,30,0.331,0.400,12,18,6722,3760,2962,9,12,37,41,22.0%,233.1,130.4,102.7,0.31,0.42,1.28,1.42,224.1,125.3,98.7,0.30,0.40,1.23,1.37,55,86,1.91,2.98,1.83,2.87
,,,Drivingwebster,Prospect,Earth,The Elements,N/A,9.9,489,38,0.142,0.132,5,33,8472,4140,4332,13,7,39,54,24.1%,245.7,120.1,125.6,0.38,0.20,1.13,1.57,222.9,108.9,114.0,0.34,0.18,1.03,1.42,43,133,1.25,3.86,1.13,3.50
,,,Pridedbird3406,Prospect,Sparks,Electric Mayhem,N/A,7.6,63,4,0.583,0.500,2,2,1042,420,622,0,1,6,7,0.0%,234.6,94.5,140.0,0.00,0.23,1.35,1.58,260.5,105.0,155.5,0.00,0.25,1.50,1.75,10,8,2.25,1.80,2.50,2.00
,,,Celiaaaaah13,Prospect,Earth,The Elements,N/A,7.4,568,41,0.131,0.122,5,36,9765,4590,5175,13,11,45,49,26.5%,243.8,114.6,129.2,0.32,0.27,1.12,1.22,238.2,112.0,126.2,0.32,0.27,1.10,1.20,49,159,1.22,3.97,1.20,3.88
,,,Happy-Illmore,Prospect,Undead,Destined,N/A,2.7,59,4,0.416,0.250,1,3,766,320,446,0,2,3,7,0.0%,184.1,76.9,107.2,0.00,0.48,0.72,1.68,191.5,80.0,111.5,0.00,0.50,0.75,1.75,8,10,1.92,2.40,2.00,2.50
,,,D1Rew00F,Prospect,Undead,Destined,N/A,-0.5,192,13,0.278,0.231,3,10,2868,1390,1478,3,5,14,14,21.4%,211.8,102.7,109.2,0.22,0.37,1.03,1.03,220.6,106.9,113.7,0.23,0.38,1.08,1.08,19,36,1.40,2.66,1.46,2.77
,,,Prestondew00,Prospect,Bokrug,The Mythos,N/A,-2.6,57,4,0.541,0.500,2,2,837,350,487,0,1,5,5,0.0%,208.2,87.1,121.2,0.00,0.25,1.24,1.24,209.3,87.5,121.8,0.00,0.25,1.25,1.25,10,9,2.49,2.24,2.50,2.25
,,,Crispywimper,Prospect,Prism Proteges,Art Club,N/A,-18.0,28,2,0.207,0.000,0,2,373,120,253,0,0,2,2,0.0%,188.9,60.8,128.1,0.00,0.00,1.01,1.01,186.5,60.0,126.5,0.00,0.00,1.00,1.00,1,3,0.51,1.52,0.50,1.50
,,,Greh,Premier,Fairies,The Forest,N/A,85.5,715,39,0.651,0.641,25,14,18884,11420,7464,57,30,50,172,33.1%,444.5,268.8,175.7,1.34,0.71,1.18,4.05,484.2,292.8,191.4,1.46,0.77,1.28,4.41,122,82,2.87,1.93,3.13,2.10
,,,Arrow,Premier,Viperfish,The Abyss,N/A,81.5,874,48,0.603,0.646,31,17,22793,14750,8043,79,26,65,230,34.3%,438.9,284.0,154.9,1.52,0.50,1.25,4.43,474.9,307.3,167.6,1.65,0.54,1.35,4.79,152,117,2.93,2.25,3.17,2.44
,,,Danger,Premier,Urcuchillay,The Herd,N/A,75.9,756,43,0.442,0.465,20,23,20212,11720,8492,45,35,82,137,32.8%,450.0,260.9,189.0,1.00,0.78,1.83,3.05,470.0,272.6,197.5,1.05,0.81,1.91,3.19,108,125,2.40,2.78,2.51,2.91
,,,North.-.,Premier,Interstellar,Event Horizon,N/A,71.0,900,56,0.582,0.589,33,23,22329,12360,9969,46,42,78,176,26.1%,417.5,231.1,186.4,0.86,0.79,1.46,3.29,398.7,220.7,178.0,0.82,0.75,1.39,3.14,142,115,2.66,2.15,2.54,2.05
,,,Monster.,Premier,Tarbage Grucks,Maste Wanagement,N/A,68.7,894,56,0.585,0.643,36,20,23365,12670,10695,53,29,84,172,30.8%,439.9,238.5,201.3,1.00,0.55,1.58,3.24,417.2,226.3,191.0,0.95,0.52,1.50,3.07,136,109,2.56,2.05,2.43,1.95
,,,Rule,Premier,Interstellar,Event Horizon,N/A,68.0,887,55,0.587,0.600,33,22,21967,12970,8997,56,38,77,162,34.6%,416.8,246.1,170.7,1.06,0.72,1.46,3.07,399.4,235.8,163.6,1.02,0.69,1.40,2.95,140,112,2.66,2.13,2.55,2.04
,,,Bluesleeves,Premier,Hurricanes,Storm,N/A,68.0,839,51,0.507,0.529,27,24,20727,11990,8737,42,37,86,164,25.6%,415.8,240.5,175.3,0.84,0.74,1.73,3.29,406.4,235.1,171.3,0.82,0.73,1.69,3.22,122,120,2.45,2.41,2.39,2.35
,,,Leonis,Premier,Hawk Attack,Whale Defense,N/A,67.6,858,52,0.640,0.615,32,20,20379,11970,8409,49,36,69,182,26.9%,399.7,234.8,164.9,0.96,0.71,1.35,3.57,391.9,230.2,161.7,0.94,0.69,1.33,3.50,139,96,2.73,1.88,2.67,1.85
,,,Kylau,Premier,Tarbage Grucks,Maste Wanagement,N/A,64.8,894,56,0.585,0.643,36,20,21779,12380,9399,48,39,81,158,30.4%,410.0,233.1,176.9,0.90,0.73,1.52,2.97,388.9,221.1,167.8,0.86,0.70,1.45,2.82,136,109,2.56,2.05,2.43,1.95
,,,Galico,Premier,Hawk Attack,Whale Defense,N/A,63.7,180,11,0.644,0.636,7,4,4305,2680,1625,11,9,17,28,39.3%,402.5,250.6,151.9,1.03,0.84,1.59,2.62,391.4,243.6,147.7,1.00,0.82,1.55,2.55,28,19,2.62,1.78,2.55,1.73
,,,Fusionbleach,Premier,Crooked Capos,The Syndicate,N/A,62.8,904,55,0.541,0.509,28,27,22399,12830,9569,55,26,84,183,30.1%,417.0,238.9,178.1,1.02,0.48,1.56,3.41,407.3,233.3,174.0,1.00,0.47,1.53,3.33,129,116,2.40,2.16,2.35,2.11
,,,Insanity,Premier,"Double Mint
Fairies","Minty Fresh
The Forest",N/A,62.2,688,44,0.386,0.409,18,26,16889,8800,8089,22,32,77,115,19.1%,413.1,215.3,197.9,0.54,0.78,1.88,2.81,383.8,200.0,183.8,0.50,0.73,1.75,2.61,85,114,2.08,2.79,1.93,2.59
,,,Hams,Premier,Hawk Attack,Whale Defense,N/A,60.5,933,56,0.650,0.625,35,21,22019,12330,9689,46,41,82,158,29.1%,397.2,222.4,174.8,0.83,0.74,1.48,2.85,393.2,220.2,173.0,0.82,0.73,1.46,2.82,152,102,2.74,1.84,2.71,1.82
,,,Snizdrift,Premier,Fairies,The Forest,N/A,58.0,817,44,0.611,0.568,25,19,18783,10990,7793,38,41,78,124,30.6%,386.9,226.4,160.5,0.78,0.84,1.61,2.55,426.9,249.8,177.1,0.86,0.93,1.77,2.82,131,98,2.70,2.02,2.98,2.23
,,,Almost Magic Mike,Premier,Viperfish,The Abyss,N/A,56.4,1021,56,0.559,0.589,33,23,23105,13370,9735,38,60,105,132,28.8%,380.9,220.4,160.5,0.63,0.99,1.73,2.18,412.6,238.8,173.8,0.68,1.07,1.88,2.36,165,142,2.72,2.34,2.95,2.54
,,,1Tapstephen,Premier,Gummy Bears,The Bear Den,N/A,55.8,199,12,0.447,0.333,4,8,5008,2780,2228,7,8,28,28,25.0%,423.5,235.1,188.4,0.59,0.68,2.37,2.37,417.3,231.7,185.7,0.58,0.67,2.33,2.33,28,32,2.37,2.71,2.33,2.67
,,,Hawk Rl,Premier,Hawk Attack,Whale Defense,N/A,55.2,813,48,0.671,0.646,31,17,17708,10550,7158,46,30,57,160,28.8%,366.6,218.4,148.2,0.95,0.62,1.18,3.31,368.9,219.8,149.1,0.96,0.63,1.19,3.33,135,85,2.79,1.76,2.81,1.77
,,,5050 Fots,Premier,Gummy Bears,The Bear Den,N/A,55.2,757,44,0.363,0.364,16,28,18267,10900,7367,36,22,95,145,24.8%,406.1,242.3,163.8,0.80,0.49,2.11,3.22,415.2,247.7,167.4,0.82,0.50,2.16,3.30,84,121,1.87,2.69,1.91,2.75
,,,Hirsch,Premier,Capybaras,The Jungle,N/A,54.9,701,43,0.361,0.372,16,27,16894,10140,6754,37,19,83,134,27.6%,405.6,243.4,162.2,0.89,0.46,1.99,3.22,392.9,235.8,157.1,0.86,0.44,1.93,3.12,82,118,1.97,2.83,1.91,2.74
,,,Tylurr,Premier,"Hurricanes
Double Mint","Storm
Minty Fresh",N/A,54.3,340,20,0.451,0.400,8,12,7626,4180,3446,15,14,28,58,25.9%,377.5,206.9,170.6,0.74,0.69,1.39,2.87,381.3,209.0,172.3,0.75,0.70,1.40,2.90,45,51,2.23,2.52,2.25,2.55
,,,Wolf,Premier,Crooked Capos,The Syndicate,N/A,53.5,904,55,0.541,0.509,28,27,20865,11970,8895,44,29,89,167,26.3%,388.4,222.8,165.6,0.82,0.54,1.66,3.11,379.4,217.6,161.7,0.80,0.53,1.62,3.04,129,116,2.40,2.16,2.35,2.11
,,,Ashes.,Premier,Interstellar,Event Horizon,N/A,52.2,881,55,0.586,0.600,33,22,19413,11190,8223,39,38,79,144,27.1%,370.8,213.8,157.1,0.75,0.73,1.51,2.75,353.0,203.5,149.5,0.71,0.69,1.44,2.62,141,113,2.69,2.16,2.56,2.05
,,,Purplesleeves,Premier,Urcuchillay,The Herd,N/A,50.5,66,4,0.451,0.500,2,2,1636,970,666,4,1,8,12,33.3%,417.2,247.3,169.8,1.02,0.25,2.04,3.06,409.0,242.5,166.5,1.00,0.25,2.00,3.00,7,8,1.78,2.04,1.75,2.00
,,,Jatt,Premier,Hurricanes,Storm,N/A,48.5,832,51,0.510,0.529,27,24,18038,10830,7208,47,29,66,138,34.1%,364.9,219.1,145.8,0.95,0.59,1.34,2.79,353.7,212.4,141.3,0.92,0.57,1.29,2.71,123,120,2.49,2.43,2.41,2.35
,,,Brody,Premier,Radishes,The Garden,N/A,47.6,890,54,0.438,0.444,24,30,21692,11250,10442,30,25,114,130,23.1%,410.2,212.7,197.5,0.57,0.47,2.16,2.46,401.7,208.3,193.4,0.56,0.46,2.11,2.41,100,118,1.89,2.23,1.85,2.19
,,,Wicked.,Premier,"Capybaras
Urcuchillay
Fairies","The Jungle
The Herd
The Forest",N/A,47.5,437,23,0.349,0.261,6,17,9546,4820,4726,18,12,32,82,22.0%,367.6,185.6,182.0,0.69,0.46,1.23,3.16,415.0,209.6,205.5,0.78,0.52,1.39,3.57,46,69,1.77,2.66,2.00,3.00
,,,Panzler,Premier,Gummy Bears,The Bear Den,N/A,46.8,59,4,0.239,0.250,1,3,1429,830,599,2,2,9,8,25.0%,407.6,236.8,170.9,0.57,0.57,2.57,2.28,357.3,207.5,149.8,0.50,0.50,2.25,2.00,7,14,2.00,3.99,1.75,3.50
,,,.Andy,Premier,Double Mint,Minty Fresh,N/A,46.7,902,56,0.410,0.429,24,32,20013,11120,8893,42,27,81,152,27.6%,373.4,207.5,165.9,0.78,0.50,1.51,2.84,357.4,198.6,158.8,0.75,0.48,1.45,2.71,115,145,2.15,2.71,2.05,2.59
,,,Gavalanche,Premier,Radishes,The Garden,N/A,46.4,923,56,0.435,0.446,25,31,21054,11860,9194,39,27,102,151,25.8%,383.9,216.3,167.6,0.71,0.49,1.86,2.75,376.0,211.8,164.2,0.70,0.48,1.82,2.70,105,125,1.91,2.28,1.88,2.23
,,,Ghoosstyyyyyyy,Premier,Viperfish,The Abyss,N/A,46.2,1021,56,0.559,0.589,33,23,21437,12470,8967,44,43,87,157,28.0%,353.4,205.6,147.8,0.73,0.71,1.43,2.59,382.8,222.7,160.1,0.79,0.77,1.55,2.80,165,142,2.72,2.34,2.95,2.54
,,,Taelo,Premier,Urcuchillay,The Herd,N/A,45.8,864,50,0.414,0.440,22,28,19344,11630,7714,41,26,96,143,28.7%,376.8,226.5,150.3,0.80,0.51,1.87,2.79,386.9,232.6,154.3,0.82,0.52,1.92,2.86,114,142,2.22,2.77,2.28,2.84
,,,Guapo,Premier,"Viperfish
Gummy Bears","The Abyss
The Bear Den",N/A,42.5,212,12,0.473,0.333,4,8,4679,2700,1979,11,5,20,35,31.4%,371.4,214.3,157.1,0.87,0.40,1.59,2.78,389.9,225.0,164.9,0.92,0.42,1.67,2.92,28,30,2.22,2.38,2.33,2.50
,,,Sin,Premier,Double Mint,Minty Fresh,N/A,39.3,70,4,0.130,0.000,0,4,1625,1020,605,6,0,6,12,50.0%,390.7,245.2,145.5,1.44,0.00,1.44,2.89,406.3,255.0,151.3,1.50,0.00,1.50,3.00,7,21,1.68,5.05,1.75,5.25
,,,Phoenixu.U,Premier,Crooked Capos,The Syndicate,N/A,39.1,904,55,0.541,0.509,28,27,18360,10170,8190,30,39,81,117,25.6%,341.8,189.3,152.5,0.56,0.73,1.51,2.18,333.8,184.9,148.9,0.55,0.71,1.47,2.13,129,116,2.40,2.16,2.35,2.11
,,,Ayylo,Premier,Fairies,The Forest,N/A,39.0,728,40,0.596,0.550,22,18,15353,9180,6173,33,24,73,103,32.0%,354.9,212.2,142.7,0.76,0.55,1.69,2.38,383.8,229.5,154.3,0.83,0.60,1.83,2.58,119,93,2.75,2.15,2.98,2.33
,,,Mario.,Premier,Tarbage Grucks,Maste Wanagement,N/A,37.4,894,56,0.585,0.643,36,20,17530,10110,7420,35,33,72,136,25.7%,330.0,190.3,139.7,0.66,0.62,1.36,2.56,313.0,180.5,132.5,0.63,0.59,1.29,2.43,136,109,2.56,2.05,2.43,1.95
,,,Greensleeves,Premier,Hurricanes,Storm,N/A,35.1,902,55,0.494,0.509,28,27,17896,10560,7336,37,29,81,136,27.2%,333.9,197.0,136.9,0.69,0.54,1.51,2.54,325.4,192.0,133.4,0.67,0.53,1.47,2.47,129,131,2.41,2.44,2.35,2.38
,,,Aspect Of Hope,Premier,Capybaras,The Jungle,N/A,33.5,701,43,0.392,0.395,17,26,14028,7910,6118,22,23,71,101,21.8%,336.8,189.9,146.9,0.53,0.55,1.70,2.42,326.2,184.0,142.3,0.51,0.53,1.65,2.35,87,115,2.09,2.76,2.02,2.67
,,,T.,Premier,Gummy Bears,The Bear Den,N/A,32.8,956,56,0.381,0.357,20,36,19177,10520,8657,37,28,82,132,28.0%,337.6,185.2,152.4,0.65,0.49,1.44,2.32,342.4,187.9,154.6,0.66,0.50,1.46,2.36,112,153,1.97,2.69,2.00,2.73
,,,Dmt Goobz,Premier,Capybaras,The Jungle,N/A,32.4,653,40,0.341,0.300,12,28,13489,7230,6259,22,22,64,73,30.1%,347.7,186.3,161.3,0.57,0.57,1.65,1.88,337.2,180.8,156.5,0.55,0.55,1.60,1.83,75,114,1.93,2.94,1.88,2.85
,,,Noriko,Premier,Urcuchillay,The Herd,N/A,29.5,599,34,0.410,0.412,14,20,11861,6090,5771,21,16,48,79,26.6%,333.3,171.1,162.1,0.59,0.45,1.35,2.22,348.9,179.1,169.7,0.62,0.47,1.41,2.32,83,104,2.33,2.92,2.44,3.06
,,,Dolphino,Premier,Radishes,The Garden,N/A,29.1,682,41,0.478,0.512,21,20,13522,7740,5782,32,14,57,99,32.3%,333.7,191.0,142.7,0.79,0.35,1.41,2.44,329.8,188.8,141.0,0.78,0.34,1.39,2.41,83,88,2.05,2.17,2.02,2.15
,,,Rated,Premier,Fairies,The Forest,N/A,28.6,301,15,0.354,0.133,2,13,5613,3230,2383,11,8,25,48,22.9%,313.8,180.6,133.2,0.62,0.45,1.40,2.68,374.2,215.3,158.9,0.73,0.53,1.67,3.20,31,46,1.73,2.57,2.07,3.07
,,,Garretts46,Premier,Capybaras,The Jungle,N/A,27.8,665,39,0.437,0.410,16,23,12077,6940,5137,28,23,43,84,33.3%,305.6,175.6,130.0,0.71,0.58,1.09,2.13,309.7,177.9,131.7,0.72,0.59,1.10,2.15,93,109,2.35,2.76,2.38,2.79
,,,Ryzai,Premier,Double Mint,Minty Fresh,N/A,26.9,832,52,0.446,0.462,24,28,16114,8980,7134,33,20,71,113,29.2%,326.0,181.6,144.3,0.67,0.40,1.44,2.29,309.9,172.7,137.2,0.63,0.38,1.37,2.17,108,124,2.18,2.51,2.08,2.38
,,,Christophr,Premier,Fairies,The Forest,N/A,26.9,34,2,0.256,0.000,0,2,755,450,305,2,0,4,5,40.0%,373.7,222.7,151.0,0.99,0.00,1.98,2.47,377.5,225.0,152.5,1.00,0.00,2.00,2.50,3,6,1.48,2.97,1.50,3.00
,,,Boog Mccroog,Premier,Radishes,The Garden,N/A,26.3,194,12,0.399,0.417,5,7,3384,1970,1414,3,11,19,17,17.6%,293.6,170.9,122.7,0.26,0.95,1.65,1.47,282.0,164.2,117.8,0.25,0.92,1.58,1.42,23,30,2.00,2.60,1.92,2.50
,,,Maj,Premier,"Gummy Bears
Fairies","The Bear Den
The Forest",N/A,25.4,451,26,0.430,0.462,12,14,8200,4570,3630,14,10,38,77,18.2%,306.0,170.5,135.5,0.52,0.37,1.42,2.87,315.4,175.8,139.6,0.54,0.38,1.46,2.96,55,66,2.05,2.46,2.12,2.54
,,,Isaac13003,Premier,Viperfish,The Abyss,N/A,23.9,75,4,0.236,0.250,1,3,1180,600,580,0,4,6,10,0.0%,264.8,134.6,130.2,0.00,0.90,1.35,2.24,295.0,150.0,145.0,0.00,1.00,1.50,2.50,6,13,1.35,2.92,1.50,3.25
,,,Pman,Premier,Gummy Bears,The Bear Den,N/A,23.8,360,20,0.428,0.400,8,12,6489,3600,2889,12,10,28,50,24.0%,303.4,168.3,135.1,0.56,0.47,1.31,2.34,324.5,180.0,144.5,0.60,0.50,1.40,2.50,43,52,2.01,2.43,2.15,2.60
,,,Maxthatninja,Premier,Urcuchillay,The Herd,N/A,14.9,509,29,0.431,0.483,14,15,8730,4870,3860,13,13,46,62,21.0%,288.7,161.0,127.6,0.43,0.43,1.52,2.05,301.0,167.9,133.1,0.45,0.45,1.59,2.14,60,72,1.98,2.38,2.07,2.48
,,,Static,Premier,Fairies,The Forest,N/A,14.1,142,8,0.250,0.125,1,7,2807,1490,1317,3,1,19,19,15.8%,332.7,176.6,156.1,0.36,0.12,2.25,2.25,350.9,186.3,164.6,0.38,0.13,2.38,2.38,11,23,1.30,2.73,1.38,2.88
,,,Zdawg2020Dec,Premier,Interstellar,Event Horizon,N/A,11.9,32,2,0.316,0.000,0,2,591,190,401,1,0,1,4,25.0%,310.8,99.9,210.9,0.53,0.00,0.53,2.10,295.5,95.0,200.5,0.50,0.00,0.50,2.00,3,5,1.58,2.63,1.50,2.50
,,,Orso,Premier,Radishes,The Garden,N/A,2.3,80,5,0.138,0.000,0,5,1541,730,811,1,0,11,8,12.5%,324.2,153.6,170.6,0.21,0.00,2.31,1.68,308.2,146.0,162.2,0.20,0.00,2.20,1.60,4,14,0.84,2.95,0.80,2.80
,,,Marcus.,Premier,Gummy Bears,The Bear Den,N/A,-4.2,18,2,0.000,0.000,0,2,291,70,221,0,0,1,2,0.0%,272.1,65.4,206.6,0.00,0.00,0.93,1.87,145.5,35.0,110.5,0.00,0.00,0.50,1.00,0,5,0.00,4.67,0.00,2.50
,,,Miguelangelo210,Premier,Hurricanes,Storm,N/A,-8.4,70,4,0.287,0.250,1,3,767,320,447,0,1,3,12,0.0%,184.4,76.9,107.5,0.00,0.24,0.72,2.89,191.8,80.0,111.8,0.00,0.25,0.75,3.00,6,11,1.44,2.64,1.50,2.75
,,,Dylon37,Premier,Hawk Attack,Whale Defense,N/A,-34.5,15,1,0.232,0.000,0,1,106,20,86,0,0,0,2,0.0%,118.9,22.4,96.5,0.00,0.00,0.00,2.24,106.0,20.0,86.0,0.00,0.00,0.00,2.00,2,4,2.24,4.49,2.00,4.00
,,,Supe,Master,Recluses,Eight Legged Freaks,N/A,101.7,81,5,0.678,0.800,4,1,2402,1470,932,7,4,8,17,41.2%,459.1,281.0,178.1,1.34,0.76,1.53,3.25,480.4,294.0,186.4,1.40,0.80,1.60,3.40,16,10,3.06,1.91,3.20,2.00
,,,Jacks0Ntheboss,Master,Tempests,Storm,N/A,98.1,749,49,0.672,0.694,34,15,21843,12610,9233,46,49,84,136,33.8%,451.5,260.6,190.8,0.95,1.01,1.74,2.81,445.8,257.3,188.4,0.94,1.00,1.71,2.78,138,87,2.85,1.80,2.82,1.78
,,,Nehtaro,Master,Scooters,The Quad Dynasty,N/A,85.3,43,3,0.440,0.333,1,2,1104,630,474,0,4,7,8,0.0%,397.5,226.8,170.7,0.00,1.44,2.52,2.88,368.0,210.0,158.0,0.00,1.33,2.33,2.67,6,7,2.16,2.52,2.00,2.33
,,,Cierex,Master,Scooters,The Quad Dynasty,N/A,79.0,53,4,0.229,0.000,0,4,1509,860,649,6,0,3,11,54.5%,440.8,251.2,189.6,1.75,0.00,0.88,3.21,377.3,215.0,162.3,1.50,0.00,0.75,2.75,8,16,2.34,4.67,2.00,4.00
,,,Trs_Rival,Master,Lemurs,The Jungle,N/A,78.8,58,4,0.450,0.250,1,3,1747,950,797,1,4,12,5,20.0%,466.3,253.6,212.7,0.27,1.07,3.20,1.33,436.8,237.5,199.3,0.25,1.00,3.00,1.25,7,8,1.87,2.14,1.75,2.00
,,,Frenchy,Master,Heinous Henchmen,The Syndicate,N/A,73.5,815,58,0.636,0.655,38,20,21075,11660,9415,44,40,76,146,30.1%,400.3,221.5,178.8,0.84,0.76,1.44,2.77,363.4,201.0,162.3,0.76,0.69,1.31,2.52,133,92,2.53,1.75,2.29,1.59
,,,Mixsta.,Master,Crash Tompactors,Maste Wanagement,N/A,73.2,901,60,0.538,0.567,34,26,23332,13110,10222,41,44,103,166,24.7%,400.9,225.3,175.6,0.70,0.76,1.77,2.85,388.9,218.5,170.4,0.68,0.73,1.72,2.77,140,127,2.41,2.18,2.33,2.12
,,,Jay,Master,Basilisks,The Forest,N/A,72.9,886,53,0.627,0.717,38,15,22690,13770,8920,57,42,86,167,34.1%,396.5,240.6,155.9,1.00,0.73,1.50,2.92,428.1,259.8,168.3,1.08,0.79,1.62,3.15,155,111,2.71,1.94,2.92,2.09
,,,Plasma,Master,Chimaeras,The Abyss,N/A,70.0,945,60,0.557,0.533,32,28,23532,13530,10002,55,43,81,183,30.1%,385.5,221.7,163.9,0.90,0.70,1.33,3.00,392.2,225.5,166.7,0.92,0.72,1.35,3.05,155,134,2.54,2.20,2.58,2.23
,,,John Tingle,Master,Heinous Henchmen,The Syndicate,N/A,68.7,853,60,0.613,0.633,38,22,21799,11540,10259,45,36,75,149,30.2%,395.6,209.4,186.2,0.82,0.65,1.36,2.70,363.3,192.3,171.0,0.75,0.60,1.25,2.48,138,102,2.50,1.85,2.30,1.70
,,,Robin,Master,Feta Forgers,Cheese Guild,N/A,67.6,265,17,0.511,0.471,8,9,6253,3320,2933,10,15,21,52,19.2%,365.3,194.0,171.3,0.58,0.88,1.23,3.04,367.8,195.3,172.5,0.59,0.88,1.24,3.06,36,35,2.10,2.04,2.12,2.06
,,,Marcus.,Master,Glacier Mint,Minty Fresh,N/A,66.3,53,4,0.293,0.250,1,3,1353,850,503,3,2,7,10,30.0%,395.2,248.3,146.9,0.88,0.58,2.04,2.92,338.3,212.5,125.8,0.75,0.50,1.75,2.50,7,12,2.04,3.51,1.75,3.00
,,,Rydexian,Master,Tempests,Storm,N/A,65.3,804,52,0.630,0.635,33,19,19610,12000,7610,60,29,59,160,37.5%,377.6,231.1,146.5,1.16,0.56,1.14,3.08,377.1,230.8,146.3,1.15,0.56,1.13,3.08,151,108,2.91,2.08,2.90,2.08
,,,Wespyyy,Master,Huacayas,The Herd,N/A,64.9,848,55,0.660,0.691,38,17,21100,12840,8260,56,32,81,159,35.2%,385.2,234.4,150.8,1.02,0.58,1.48,2.90,383.6,233.5,150.2,1.02,0.58,1.47,2.89,145,94,2.65,1.72,2.64,1.71
,,,Paylosoul,Master,Heinous Henchmen,The Syndicate,N/A,64.6,687,47,0.609,0.638,30,17,16563,9340,7223,43,27,47,134,32.1%,373.2,210.5,162.8,0.97,0.61,1.06,3.02,352.4,198.7,153.7,0.91,0.57,1.00,2.85,116,87,2.61,1.96,2.47,1.85
,,,Dillyn.,Master,Crash Tompactors,Maste Wanagement,N/A,64.3,324,22,0.567,0.591,13,9,7908,5120,2788,23,16,29,57,40.4%,377.9,244.6,133.2,1.10,0.76,1.39,2.72,359.5,232.7,126.7,1.05,0.73,1.32,2.59,58,49,2.77,2.34,2.64,2.23
,,,Liam,Master,Huacayas,The Herd,N/A,63.4,808,52,0.637,0.635,33,19,19428,10860,8568,43,33,67,156,27.6%,372.2,208.1,164.2,0.82,0.63,1.28,2.99,373.6,208.8,164.8,0.83,0.63,1.29,3.00,137,95,2.62,1.82,2.63,1.83
,,,Wick,Master,Lemurs,The Jungle,N/A,62.9,478,33,0.449,0.455,15,18,12534,6850,5684,24,13,60,80,30.0%,405.9,221.9,184.1,0.78,0.42,1.94,2.59,379.8,207.6,172.2,0.73,0.39,1.82,2.42,62,71,2.01,2.30,1.88,2.15
,,,Fluffy,Master,Eggplants,The Garden,N/A,62.7,956,60,0.568,0.500,30,30,23468,12910,10558,45,35,97,181,24.9%,380.0,209.1,171.0,0.73,0.57,1.57,2.93,391.1,215.2,176.0,0.75,0.58,1.62,3.02,145,121,2.35,1.96,2.42,2.02
,,,Velatek,Master,Care Bears,The Bear Den,N/A,62.3,175,11,0.283,0.273,3,8,4051,2300,1751,8,11,13,30,26.7%,358.4,203.5,154.9,0.71,0.97,1.15,2.65,368.3,209.1,159.2,0.73,1.00,1.18,2.73,22,39,1.95,3.45,2.00,3.55
,,,Avatarmanz,Master,Basilisks,The Forest,N/A,62.2,527,30,0.646,0.700,21,9,12584,7330,5254,30,26,42,93,32.3%,369.7,215.3,154.3,0.88,0.76,1.23,2.73,419.5,244.3,175.1,1.00,0.87,1.40,3.10,93,63,2.73,1.85,3.10,2.10
,,,P0Larbear,Master,"Crash Tompactors
Scooters","Maste Wanagement
The Quad Dynasty",N/A,60.3,552,34,0.523,0.529,18,16,13002,7630,5372,26,31,51,93,28.0%,364.7,214.0,150.7,0.73,0.87,1.43,2.61,382.4,224.4,158.0,0.76,0.91,1.50,2.74,88,83,2.47,2.33,2.59,2.44
,,,Neoblastz,Master,Huacayas,The Herd,N/A,60.2,762,48,0.641,0.667,32,16,18713,10530,8183,36,35,79,123,29.3%,380.2,213.9,166.3,0.73,0.71,1.61,2.50,389.9,219.4,170.5,0.75,0.73,1.65,2.56,131,90,2.66,1.83,2.73,1.88
,,,Tac,Master,Chimaeras,The Abyss,N/A,59.8,905,57,0.556,0.526,30,27,21487,13240,8247,61,36,73,169,36.1%,367.6,226.5,141.1,1.04,0.62,1.25,2.89,377.0,232.3,144.7,1.07,0.63,1.28,2.96,151,131,2.58,2.24,2.65,2.30
,,,Hocki.,Master,Basilisks,The Forest,N/A,59.8,816,49,0.605,0.694,34,15,20340,12000,8340,51,22,86,150,34.0%,385.9,227.7,158.2,0.97,0.42,1.63,2.85,415.1,244.9,170.2,1.04,0.45,1.76,3.06,137,104,2.60,1.97,2.80,2.12
,,,Noah,Master,Tempests,Storm,N/A,57.9,844,55,0.635,0.655,36,19,19632,11220,8412,45,38,66,152,29.6%,360.1,205.8,154.3,0.83,0.70,1.21,2.79,356.9,204.0,152.9,0.82,0.69,1.20,2.76,159,112,2.92,2.05,2.89,2.04
,,,Geherpaderp,Master,Glacier Mint,Minty Fresh,N/A,56.6,855,55,0.398,0.473,26,29,20004,10990,9014,49,27,62,164,29.9%,362.2,199.0,163.2,0.89,0.49,1.12,2.97,363.7,199.8,163.9,0.89,0.49,1.13,2.98,116,151,2.10,2.73,2.11,2.75
,,,Bex!,Master,Crash Tompactors,Maste Wanagement,N/A,55.3,832,55,0.578,0.618,34,21,19464,10680,8784,48,32,57,143,33.6%,362.2,198.7,163.4,0.89,0.60,1.06,2.66,353.9,194.2,159.7,0.87,0.58,1.04,2.60,137,112,2.55,2.08,2.49,2.04
,,,Chips.,Master,Stagnant Snails,Speed Demons,N/A,55.3,911,60,0.488,0.500,30,30,21532,12190,9342,48,34,82,159,30.2%,365.9,207.2,158.8,0.82,0.58,1.39,2.70,358.9,203.2,155.7,0.80,0.57,1.37,2.65,129,133,2.19,2.26,2.15,2.22
,,,B10Ckyy,Master,Recluses,Eight Legged Freaks,N/A,55.2,943,59,0.420,0.441,26,33,22870,13080,9790,50,32,98,158,31.6%,375.5,214.7,160.7,0.82,0.53,1.61,2.59,387.6,221.7,165.9,0.85,0.54,1.66,2.68,120,148,1.97,2.43,2.03,2.51
,,,Generalzippy,Master,Eggplants,The Garden,N/A,54.8,929,58,0.585,0.517,30,28,21455,12290,9165,51,41,71,159,32.1%,357.5,204.8,152.7,0.85,0.68,1.18,2.65,369.9,211.9,158.0,0.88,0.71,1.22,2.74,143,114,2.38,1.90,2.47,1.97
,,,Sparcnovatg1,Master,Glacier Mint,Minty Fresh,N/A,54.7,420,27,0.407,0.444,12,15,9600,5190,4410,18,19,34,74,24.3%,353.9,191.3,162.6,0.66,0.70,1.25,2.73,355.6,192.2,163.3,0.67,0.70,1.26,2.74,60,76,2.21,2.80,2.22,2.81
,,,Tunz,Master,Glacier Mint,Minty Fresh,N/A,54.7,695,45,0.405,0.489,22,23,16064,8590,7474,29,31,59,119,24.4%,357.8,191.3,166.5,0.65,0.69,1.31,2.65,357.0,190.9,166.1,0.64,0.69,1.31,2.64,88,113,1.96,2.52,1.96,2.51
,,,Vindhriko,Master,Sperm Whales,Whale Defense,N/A,53.6,841,56,0.476,0.446,25,31,19410,10840,8570,38,39,74,139,27.3%,357.3,199.5,157.8,0.70,0.72,1.36,2.56,346.6,193.6,153.0,0.68,0.70,1.32,2.48,127,135,2.34,2.49,2.27,2.41
,,,Skulzy9,Master,Stagnant Snails,Speed Demons,N/A,53.1,911,60,0.488,0.500,30,30,22190,12310,9880,39,38,104,131,29.8%,377.1,209.2,167.9,0.66,0.65,1.77,2.23,369.8,205.2,164.7,0.65,0.63,1.73,2.18,129,133,2.19,2.26,2.15,2.22
,,,Python,Master,Scooters,The Quad Dynasty,N/A,52.4,856,52,0.380,0.385,20,32,20477,11520,8957,42,23,93,152,27.6%,370.3,208.3,162.0,0.76,0.42,1.68,2.75,393.8,221.5,172.3,0.81,0.44,1.79,2.92,108,148,1.95,2.68,2.08,2.85
,,,Raunchyromanian,Master,Oblivion,Event Horizon,N/A,52.3,874,59,0.451,0.424,25,34,20455,11460,8995,44,30,81,151,29.1%,362.3,203.0,159.3,0.78,0.53,1.43,2.67,346.7,194.2,152.5,0.75,0.51,1.37,2.56,118,134,2.09,2.37,2.00,2.27
,,,Avgjoeyb-,Master,Sperm Whales,Whale Defense,N/A,50.0,658,44,0.421,0.364,16,28,15060,8140,6920,33,22,52,114,28.9%,354.3,191.5,162.8,0.78,0.52,1.22,2.68,342.3,185.0,157.3,0.75,0.50,1.18,2.59,93,114,2.19,2.68,2.11,2.59
,,,Fartnor,Master,Oblivion,Event Horizon,N/A,49.7,487,32,0.484,0.469,15,17,10519,6050,4469,28,18,28,95,29.5%,334.4,192.3,142.1,0.89,0.57,0.89,3.02,328.7,189.1,139.7,0.88,0.56,0.88,2.97,71,74,2.26,2.35,2.22,2.31
,,,Swax,Master,Tempests,Storm,N/A,49.2,387,24,0.614,0.583,14,10,8714,5240,3474,22,14,33,69,31.9%,348.6,209.6,139.0,0.88,0.56,1.32,2.76,363.1,218.3,144.8,0.92,0.58,1.38,2.88,71,53,2.84,2.12,2.96,2.21
,,,Kri0S,Master,Chimaeras,The Abyss,N/A,48.7,780,50,0.580,0.540,27,23,17716,9540,8176,32,33,69,124,25.8%,351.6,189.3,162.3,0.64,0.65,1.37,2.46,354.3,190.8,163.5,0.64,0.66,1.38,2.48,127,103,2.52,2.04,2.54,2.06
,,,Buckle,Master,Huacayas,The Herd,N/A,48.3,178,13,0.561,0.538,7,6,4141,2350,1791,13,4,11,30,43.3%,360.2,204.4,155.8,1.13,0.35,0.96,2.61,318.5,180.8,137.8,1.00,0.31,0.85,2.31,27,23,2.35,2.00,2.08,1.77
,,,Timbo,Master,Crash Tompactors,Maste Wanagement,N/A,46.9,112,8,0.454,0.375,3,5,2432,1300,1132,6,4,6,20,30.0%,336.2,179.7,156.5,0.83,0.55,0.83,2.76,304.0,162.5,141.5,0.75,0.50,0.75,2.50,16,18,2.21,2.49,2.00,2.25
,,,Maty!,Master,Sperm Whales,Whale Defense,N/A,46.7,608,41,0.492,0.463,19,22,14180,7970,6210,29,26,59,82,35.4%,361.1,202.9,158.1,0.74,0.66,1.50,2.09,345.9,194.4,151.5,0.71,0.63,1.44,2.00,95,97,2.42,2.47,2.32,2.37
,,,Rob,Master,Eggplants,The Garden,N/A,46.4,649,42,0.545,0.524,22,20,14043,7810,6233,30,23,49,121,24.8%,335.0,186.3,148.7,0.72,0.55,1.17,2.89,334.4,186.0,148.4,0.71,0.55,1.17,2.88,99,88,2.36,2.10,2.36,2.10
,,,Supr3Me,Master,Recluses,Eight Legged Freaks,N/A,44.0,641,40,0.432,0.425,17,23,14138,7440,6698,17,24,69,109,15.6%,341.5,179.7,161.8,0.41,0.58,1.67,2.63,353.5,186.0,167.5,0.43,0.60,1.73,2.73,82,98,1.98,2.37,2.05,2.45
,,,Snack Time!,Master,Feta Forgers,Cheese Guild,N/A,43.6,528,35,0.392,0.400,14,21,12267,6740,5527,25,15,54,79,31.6%,359.7,197.6,162.1,0.73,0.44,1.58,2.32,350.5,192.6,157.9,0.71,0.43,1.54,2.26,63,84,1.85,2.46,1.80,2.40
,,,Miserable,Master,"Heinous Henchmen
Basilisks","The Syndicate
The Forest",N/A,43.5,367,26,0.651,0.692,18,8,7806,4270,3536,16,18,24,57,28.1%,329.3,180.1,149.2,0.67,0.76,1.01,2.40,300.2,164.2,136.0,0.62,0.69,0.92,2.19,67,45,2.83,1.90,2.58,1.73
,,,Adeadm0053,Master,Stagnant Snails,Speed Demons,N/A,43.3,911,60,0.488,0.500,30,30,21598,11780,9818,42,27,100,123,34.1%,367.0,200.2,166.8,0.71,0.46,1.70,2.09,360.0,196.3,163.6,0.70,0.45,1.67,2.05,129,133,2.19,2.26,2.15,2.22
,,,Buck,Master,Sperm Whales,Whale Defense,N/A,42.4,584,39,0.440,0.385,15,24,12596,7000,5596,33,16,37,105,31.4%,333.9,185.6,148.3,0.87,0.42,0.98,2.78,323.0,179.5,143.5,0.85,0.41,0.95,2.69,84,98,2.23,2.60,2.15,2.51
,,,Dizzy,Master,Oblivion,Event Horizon,N/A,39.5,765,52,0.459,0.442,23,29,16767,8810,7957,30,26,67,116,25.9%,339.3,178.3,161.0,0.61,0.53,1.36,2.35,322.4,169.4,153.0,0.58,0.50,1.29,2.23,106,118,2.15,2.39,2.04,2.27
,,,Likewisse,Master,Eggplants,The Garden,N/A,39.1,250,16,0.574,0.438,7,9,5106,2940,2166,16,6,11,49,32.7%,316.2,182.1,134.1,0.99,0.37,0.68,3.03,319.1,183.8,135.4,1.00,0.38,0.69,3.06,40,33,2.48,2.04,2.50,2.06
,,,Cid No Meka,Master,Feta Forgers,Cheese Guild,N/A,38.1,909,58,0.425,0.448,26,32,20259,11110,9149,38,26,93,136,27.9%,345.0,189.2,155.8,0.65,0.44,1.58,2.32,349.3,191.6,157.7,0.66,0.45,1.60,2.34,113,138,1.92,2.35,1.95,2.38
,,,Grandplat,Master,Oblivion,Event Horizon,N/A,37.0,152,11,0.343,0.182,2,9,3404,1760,1644,4,5,18,21,19.0%,346.7,179.3,167.4,0.41,0.51,1.83,2.14,309.5,160.0,149.5,0.36,0.45,1.64,1.91,17,26,1.73,2.65,1.55,2.36
,,,Instnt,Master,Care Bears,The Bear Den,N/A,36.9,173,11,0.382,0.364,4,7,3315,1760,1555,7,3,10,41,17.1%,296.6,157.5,139.2,0.63,0.27,0.89,3.67,301.4,160.0,141.4,0.64,0.27,0.91,3.73,22,30,1.97,2.68,2.00,2.73
,,,Sgtpickle,Master,Lemurs,The Jungle,N/A,36.1,644,42,0.435,0.429,18,24,13981,8130,5851,24,19,75,103,23.3%,336.1,195.4,140.7,0.58,0.46,1.80,2.48,332.9,193.6,139.3,0.57,0.45,1.79,2.45,80,95,1.92,2.28,1.90,2.26
,,,Sholonkerz,Master,Care Bears,The Bear Den,N/A,35.0,810,52,0.401,0.308,16,36,16989,8930,8059,27,22,75,138,19.6%,324.7,170.7,154.0,0.52,0.42,1.43,2.64,326.7,171.7,155.0,0.52,0.42,1.44,2.65,91,119,1.74,2.27,1.75,2.29
,,,Mew_Jr,Master,Feta Forgers,Cheese Guild,N/A,34.9,631,39,0.413,0.410,16,23,13325,7280,6045,22,29,56,83,26.5%,326.9,178.6,148.3,0.54,0.71,1.37,2.04,341.7,186.7,155.0,0.56,0.74,1.44,2.13,77,97,1.89,2.38,1.97,2.49
,,,Bolbi,Master,Lemurs,The Jungle,N/A,32.7,665,44,0.402,0.409,18,26,13981,7350,6631,27,17,55,105,25.7%,325.5,171.1,154.4,0.63,0.40,1.28,2.44,317.8,167.0,150.7,0.61,0.39,1.25,2.39,80,104,1.86,2.42,1.82,2.36
,,,Rev,Master,Recluses,Eight Legged Freaks,N/A,31.7,828,52,0.425,0.423,22,30,17126,9740,7386,37,30,67,119,31.1%,320.2,182.1,138.1,0.69,0.56,1.25,2.22,329.3,187.3,142.0,0.71,0.58,1.29,2.29,104,127,1.94,2.37,2.00,2.44
,,,Nue.,Master,Scooters,The Quad Dynasty,N/A,31.4,299,19,0.330,0.316,6,13,6557,3700,2857,14,10,29,35,40.0%,339.5,191.6,147.9,0.72,0.52,1.50,1.81,345.1,194.7,150.4,0.74,0.53,1.53,1.84,40,62,2.07,3.21,2.11,3.26
,,,Frikitshoward,Master,Oblivion,Event Horizon,N/A,31.0,383,26,0.403,0.385,10,16,8014,3930,4084,14,12,28,53,26.4%,323.9,158.9,165.1,0.57,0.49,1.13,2.14,308.2,151.2,157.1,0.54,0.46,1.08,2.04,48,62,1.94,2.51,1.85,2.38
,,,Juhstohh,Master,Care Bears,The Bear Den,N/A,30.6,806,51,0.398,0.314,16,35,16248,8780,7468,32,18,65,143,22.4%,312.1,168.6,143.4,0.61,0.35,1.25,2.75,318.6,172.2,146.4,0.63,0.35,1.27,2.80,87,115,1.67,2.21,1.71,2.25
,,,Aub,Master,Care Bears,The Bear Den,N/A,30.5,871,55,0.402,0.327,18,37,18405,9750,8655,33,24,80,125,26.4%,327.1,173.3,153.8,0.59,0.43,1.42,2.22,334.6,177.3,157.4,0.60,0.44,1.45,2.27,99,129,1.76,2.29,1.80,2.35
,,,Scotti,Master,"Basilisks
Huacayas","The Forest
The Herd",N/A,30.5,719,42,0.583,0.667,28,14,14335,8240,6095,31,28,53,109,28.4%,308.7,177.4,131.2,0.67,0.60,1.14,2.35,341.3,196.2,145.1,0.74,0.67,1.26,2.60,111,89,2.39,1.92,2.64,2.12
,,,Xero,Master,"Scooters
Feta Forgers","The Quad Dynasty
Cheese Guild",N/A,29.8,790,50,0.337,0.340,17,33,17679,9320,8359,27,18,95,97,27.8%,346.4,182.6,163.8,0.53,0.35,1.86,1.90,353.6,186.4,167.2,0.54,0.36,1.90,1.94,86,134,1.69,2.63,1.72,2.68
,,,Rumble,Master,Glacier Mint,Minty Fresh,N/A,27.1,773,49,0.402,0.469,23,26,15465,7900,7565,26,26,58,110,23.6%,309.7,158.2,151.5,0.52,0.52,1.16,2.20,315.6,161.2,154.4,0.53,0.53,1.18,2.24,104,134,2.08,2.68,2.12,2.73
,,,Super,Master,Lemurs,The Jungle,N/A,25.9,849,57,0.446,0.456,26,31,18350,9800,8550,37,17,84,105,35.2%,334.6,178.7,155.9,0.67,0.31,1.53,1.91,321.9,171.9,150.0,0.65,0.30,1.47,1.84,110,127,2.01,2.32,1.93,2.23
,,,Tempo.,Master,Crash Tompactors,Maste Wanagement,N/A,23.8,240,15,0.379,0.533,8,7,4403,2420,1983,10,7,13,42,23.8%,284.0,156.1,127.9,0.65,0.45,0.84,2.71,293.5,161.3,132.2,0.67,0.47,0.87,2.80,29,40,1.87,2.58,1.93,2.67
,,,Prussia,Master,Eggplants,The Garden,N/A,23.3,84,4,0.545,0.250,1,3,1487,820,667,3,2,5,17,17.6%,274.1,151.1,122.9,0.55,0.37,0.92,3.13,371.8,205.0,166.8,0.75,0.50,1.25,4.25,8,7,1.47,1.29,2.00,1.75
,,,Swift,Master,Scooters,The Quad Dynasty,N/A,23.1,648,40,0.412,0.425,17,23,13023,7170,5853,27,18,54,87,31.0%,311.1,171.3,139.8,0.65,0.43,1.29,2.08,325.6,179.3,146.3,0.68,0.45,1.35,2.18,91,114,2.17,2.72,2.28,2.85
,,,Doortk,Master,Chimaeras,The Abyss,N/A,10.5,205,13,0.476,0.538,7,6,3792,1970,1822,7,4,16,27,25.9%,286.4,148.8,137.6,0.53,0.30,1.21,2.04,291.7,151.5,140.2,0.54,0.31,1.23,2.08,32,34,2.42,2.57,2.46,2.62
,,,Phelpsy,Master,"Scooters
Heinous Henchmen","The Quad Dynasty
The Syndicate",N/A,10.4,333,22,0.359,0.273,6,16,6331,3210,3121,10,6,30,41,24.4%,294.3,149.2,145.1,0.46,0.28,1.39,1.91,287.8,145.9,141.9,0.45,0.27,1.36,1.86,33,49,1.53,2.28,1.50,2.23
,,,Reckless._,Master,Recluses,Eight Legged Freaks,N/A,4.8,393,24,0.306,0.375,9,15,7075,3580,3495,10,10,33,43,23.3%,278.7,141.0,137.7,0.39,0.39,1.30,1.69,294.8,149.2,145.6,0.42,0.42,1.38,1.79,41,70,1.62,2.76,1.71,2.92
,,,Wall2Wall3,Master,"Scooters
Crash Tompactors","The Quad Dynasty
Maste Wanagement",N/A,2.4,108,6,0.228,0.167,1,5,1917,1110,807,4,3,9,11,36.4%,274.8,159.1,115.7,0.57,0.43,1.29,1.58,319.5,185.0,134.5,0.67,0.50,1.50,1.83,10,22,1.43,3.15,1.67,3.67
,,,Flux,Master,Crash Tompactors,Maste Wanagement,N/A,-3.1,113,8,0.396,0.375,3,5,2027,860,1167,3,1,8,11,27.3%,277.7,117.8,159.9,0.41,0.14,1.10,1.51,253.4,107.5,145.9,0.38,0.13,1.00,1.38,12,16,1.64,2.19,1.50,2.00
,,,Vipr Rl,Elite,Azathoth,The Mythos,Lunar,125.5,300,20,0.789,0.850,17,3,9514,5910,3604,29,16,29,76,38.2%,512.1,318.1,194.0,1.56,0.86,1.56,4.09,475.7,295.5,180.2,1.45,0.80,1.45,3.80,68,30,3.66,1.61,3.40,1.50
,,,Rapidz 0_0,Elite,"Demons
Cyclones","The Monster Mash
Storm",Solar,90.7,95,6,0.851,1.000,6,0,2421,1550,871,2,8,15,20,10.0%,411.5,263.5,148.1,0.34,1.36,2.55,3.40,403.5,258.3,145.2,0.33,1.33,2.50,3.33,19,6,3.23,1.02,3.17,1.00
,,,Avvux,Elite,Summoned,Destined,Solar,90.3,964,63,0.677,0.698,44,19,27162,16420,10742,82,28,94,212,38.7%,455.0,275.1,179.9,1.37,0.47,1.57,3.55,431.1,260.6,170.5,1.30,0.44,1.49,3.37,182,114,3.05,1.91,2.89,1.81
,,,R0Xy-_-,Elite,Orcas,Whale Defense,Lunar,88.6,1062,63,0.648,0.651,41,22,29013,16960,12053,70,41,111,236,29.7%,441.2,257.9,183.3,1.06,0.62,1.69,3.59,460.5,269.2,191.3,1.11,0.65,1.76,3.75,181,122,2.75,1.86,2.87,1.94
,,,Reis,Elite,"Uranus
Knights","The Nexus
The Sovereign",Solar,85.6,885,59,0.528,0.576,34,25,23784,13080,10704,45,40,94,188,23.9%,434.0,238.7,195.3,0.82,0.73,1.72,3.43,403.1,221.7,181.4,0.76,0.68,1.59,3.19,126,117,2.30,2.13,2.14,1.98
,,,Poptart Pounder,Elite,Ghastly Goombahs,The Syndicate,Lunar,82.2,750,44,0.682,0.659,29,15,19378,12130,7248,60,33,59,153,39.2%,417.2,261.2,156.1,1.29,0.71,1.27,3.29,440.4,275.7,164.7,1.36,0.75,1.34,3.48,151,94,3.25,2.02,3.43,2.14
,,,Rhino Is Trash,Elite,Summoned,Destined,Solar,79.6,758,50,0.662,0.700,35,15,19088,11150,7938,44,46,61,140,31.4%,406.7,237.5,169.1,0.94,0.98,1.30,2.98,381.8,223.0,158.8,0.88,0.92,1.22,2.80,142,93,3.03,1.98,2.84,1.86
,,,Veil._,Elite,Wrath,Seven Deadly Sins,Lunar,78.3,1085,63,0.536,0.524,33,30,29116,16530,12586,58,55,123,183,31.7%,433.3,246.0,187.3,0.86,0.82,1.83,2.72,462.2,262.4,199.8,0.92,0.87,1.95,2.90,173,158,2.57,2.35,2.75,2.51
,,,Best Cheerleader Dan!,Elite,Ghastly Goombahs,The Syndicate,Lunar,76.8,555,33,0.715,0.697,23,10,14022,8260,5762,34,30,47,101,33.7%,408.0,240.3,167.7,0.99,0.87,1.37,2.94,424.9,250.3,174.6,1.03,0.91,1.42,3.06,112,63,3.26,1.83,3.39,1.91
,,,Fin0Oo,Elite,Great Whites,Shark Attack,Lunar,73.8,1057,62,0.564,0.645,40,22,26910,15090,11820,57,39,106,214,26.6%,411.1,230.5,180.6,0.87,0.60,1.62,3.27,434.0,243.4,190.6,0.92,0.63,1.71,3.45,145,122,2.22,1.86,2.34,1.97
,,,Tac0Stains,Elite,Desolation,Event Horizon,Solar,73.4,1002,64,0.565,0.563,36,28,25002,13730,11272,53,41,87,203,26.1%,402.9,221.3,181.7,0.85,0.66,1.40,3.27,390.7,214.5,176.1,0.83,0.64,1.36,3.17,146,123,2.35,1.98,2.28,1.92
,,,Hydro,Elite,Dumbsters,Maste Wanagement,Solar,73.1,235,14,0.425,0.429,6,8,5887,3310,2577,7,12,31,46,15.2%,404.5,227.5,177.1,0.48,0.82,2.13,3.16,420.5,236.4,184.1,0.50,0.86,2.21,3.29,27,33,1.86,2.27,1.93,2.36
,,,Sttch.,Elite,"Wendigos
Cyclones","The Forest
Storm",Solar,72.6,498,32,0.458,0.375,12,20,13191,6960,6231,24,15,57,96,25.0%,427.7,225.7,202.1,0.78,0.49,1.85,3.11,412.2,217.5,194.7,0.75,0.47,1.78,3.00,59,66,1.91,2.14,1.84,2.06
,,,Wonderszn,Elite,Menthol,Minty Fresh,Solar,71.9,928,60,0.593,0.617,37,23,23028,12950,10078,52,42,78,175,29.7%,400.7,225.3,175.4,0.90,0.73,1.36,3.05,383.8,215.8,168.0,0.87,0.70,1.30,2.92,143,112,2.49,1.95,2.38,1.87
,,,Aeb311,Elite,Midnight,The Shadows,Solar,71.7,976,64,0.625,0.656,42,22,24239,14000,10239,60,39,83,190,31.6%,401.1,231.6,169.4,0.99,0.65,1.37,3.14,378.7,218.8,160.0,0.94,0.61,1.30,2.97,155,111,2.56,1.84,2.42,1.73
,,,Josan (Needs To Respond),Elite,"Suris
Gelato
Uranus","The Herd
Fifty-Fifty Pizzeria
The Nexus",Lunar,71.3,117,8,0.584,0.500,4,4,2942,1670,1272,6,5,12,22,27.3%,406.1,230.5,175.6,0.83,0.69,1.66,3.04,367.8,208.8,159.0,0.75,0.63,1.50,2.75,21,17,2.90,2.35,2.63,2.13
,,,Wicked,Elite,Azathoth,The Mythos,Lunar,70.3,954,58,0.615,0.655,38,20,23250,14240,9010,65,29,85,204,31.9%,393.6,241.0,152.5,1.10,0.49,1.44,3.45,400.9,245.5,155.3,1.12,0.50,1.47,3.52,168,125,2.84,2.12,2.90,2.16
,,,Joe,Elite,"Dumbsters
Cyclones","Maste Wanagement
Storm",Solar,69.7,944,56,0.609,0.571,32,24,23380,13710,9670,49,44,98,171,28.7%,400.0,234.5,165.4,0.84,0.75,1.68,2.93,417.5,244.8,172.7,0.88,0.79,1.75,3.05,152,114,2.60,1.95,2.71,2.04
,,,Kolm,Elite,Wheelchairs,The Quad Dynasty,Solar,67.7,1067,62,0.531,0.500,31,31,25369,14800,10569,66,48,76,200,33.0%,383.9,224.0,160.0,1.00,0.73,1.15,3.03,409.2,238.7,170.5,1.06,0.77,1.23,3.23,153,141,2.32,2.13,2.47,2.27
,,,Sillybunny,Elite,"Cyclones
Gelato","Storm
Fifty-Fifty Pizzeria",Solar,67.4,141,8,0.553,0.625,5,3,3338,1950,1388,9,7,9,25,36.0%,382.3,223.3,159.0,1.03,0.80,1.03,2.86,417.3,243.8,173.5,1.13,0.88,1.13,3.13,24,21,2.75,2.41,3.00,2.63
,,,Ahmed_Sa23,Elite,Ghastly Goombahs,The Syndicate,Lunar,67.1,421,24,0.540,0.500,12,12,9397,5850,3547,21,26,33,80,26.3%,360.4,224.4,136.1,0.81,1.00,1.27,3.07,391.5,243.8,147.8,0.88,1.08,1.38,3.33,75,68,2.88,2.61,3.13,2.83
,,,Hoes,Elite,Suris,The Herd,Lunar,66.6,906,59,0.545,0.559,33,26,21072,12130,8942,47,47,68,168,28.0%,375.6,216.2,159.4,0.84,0.84,1.21,2.99,357.2,205.6,151.6,0.80,0.80,1.15,2.85,148,132,2.64,2.35,2.51,2.24
,,,Khamul,Elite,Demons,The Monster Mash,Lunar,65.9,1042,60,0.533,0.550,33,27,26286,15800,10486,56,39,129,180,31.1%,407.4,244.9,162.5,0.87,0.60,2.00,2.79,438.1,263.3,174.8,0.93,0.65,2.15,3.00,163,150,2.53,2.32,2.72,2.50
,,,Steeltoehammer,Elite,Midnight,The Shadows,Solar,65.3,923,60,0.625,0.650,39,21,21455,12320,9135,49,37,74,187,26.2%,375.4,215.5,159.8,0.86,0.65,1.29,3.27,357.6,205.3,152.3,0.82,0.62,1.23,3.12,148,106,2.59,1.85,2.47,1.77
,,,Lil Windex,Elite,Pixel Picassos,Art Club,Solar,65.2,831,52,0.597,0.673,35,17,20886,11770,9116,46,30,85,142,32.4%,405.9,228.7,177.1,0.89,0.58,1.65,2.76,401.7,226.3,175.3,0.88,0.58,1.63,2.73,117,90,2.27,1.75,2.25,1.73
,,,Its Bigwill,Elite,Sauntering Slugs,Speed Demons,Lunar,64.8,66,4,0.769,0.750,3,1,1593,910,683,4,3,5,11,36.4%,389.8,222.7,167.1,0.98,0.73,1.22,2.69,398.3,227.5,170.8,1.00,0.75,1.25,2.75,13,6,3.18,1.47,3.25,1.50
,,,Aos Arctic,Elite,Summoned,Destined,Solar,64.7,888,59,0.681,0.695,41,18,21606,12160,9446,42,51,82,131,32.1%,392.9,221.1,171.8,0.76,0.93,1.49,2.38,366.2,206.1,160.1,0.71,0.86,1.39,2.22,172,107,3.13,1.95,2.92,1.81
,,,Alexk,Elite,Santa Muerte,The Gods,Solar,60.8,771,49,0.418,0.429,21,28,19324,10650,8674,37,21,91,135,27.4%,404.7,223.1,181.7,0.77,0.44,1.91,2.83,394.4,217.3,177.0,0.76,0.43,1.86,2.76,90,112,1.89,2.35,1.84,2.29
,,,Capn' Clutch,Elite,Midnight,The Shadows,Solar,60.4,552,37,0.642,0.703,26,11,12978,7520,5458,31,24,46,92,33.7%,379.7,220.0,159.7,0.91,0.70,1.35,2.69,350.8,203.2,147.5,0.84,0.65,1.24,2.49,92,63,2.69,1.84,2.49,1.70
,,,Flexy,Elite,Azathoth,The Mythos,Lunar,60.3,654,42,0.628,0.667,28,14,14297,8100,6197,30,43,38,105,28.6%,353.0,200.0,153.0,0.74,1.06,0.94,2.59,340.4,192.9,147.5,0.71,1.02,0.90,2.50,122,88,3.01,2.17,2.90,2.10
,,,Noobz,Elite,Suris,The Herd,Lunar,60.2,565,36,0.509,0.472,17,19,13384,7650,5734,37,16,42,105,35.2%,382.5,218.6,163.9,1.06,0.46,1.20,3.00,371.8,212.5,159.3,1.03,0.44,1.17,2.92,91,89,2.60,2.54,2.53,2.47
,,,Canadianregaining,Elite,Menthol,Minty Fresh,Solar,60.2,913,59,0.620,0.661,39,20,21833,12630,9203,59,20,79,178,33.1%,386.2,223.4,162.8,1.04,0.35,1.40,3.15,370.1,214.1,156.0,1.00,0.34,1.34,3.02,142,103,2.51,1.82,2.41,1.75
,,,Thychad_,Elite,Orcas,Whale Defense,Lunar,60.1,1044,62,0.661,0.677,42,20,23768,14200,9568,71,28,71,215,33.0%,367.6,219.6,148.0,1.10,0.43,1.10,3.33,383.4,229.0,154.3,1.15,0.45,1.15,3.47,180,117,2.78,1.81,2.90,1.89
,,,Duffydoug,Elite,Teddy Bears,The Bear Den,Lunar,59.7,917,56,0.398,0.393,22,34,20594,11800,8794,45,34,75,185,24.3%,362.7,207.8,154.9,0.79,0.60,1.32,3.26,367.8,210.7,157.0,0.80,0.61,1.34,3.30,110,144,1.94,2.54,1.96,2.57
,,,Girth,Elite,Fire,The Elements,Solar,59.7,930,60,0.391,0.350,21,39,22500,12220,10280,46,28,91,167,27.5%,390.7,212.2,178.5,0.80,0.49,1.58,2.90,375.0,203.7,171.3,0.77,0.47,1.52,2.78,119,158,2.07,2.74,1.98,2.63
,,,V,Elite,Cotija Cartel,Cheese Guild,Solar,59.5,1028,60,0.422,0.400,24,36,23946,13220,10726,47,35,96,197,23.9%,376.2,207.7,168.5,0.74,0.55,1.51,3.09,399.1,220.3,178.8,0.78,0.58,1.60,3.28,127,156,2.00,2.45,2.12,2.60
,,,Tempest,Elite,Widows,Eight Legged Freaks,Lunar,58.8,696,42,0.573,0.500,21,21,16131,9400,6731,31,26,74,130,23.8%,374.3,218.1,156.2,0.72,0.60,1.72,3.02,384.1,223.8,160.3,0.74,0.62,1.76,3.10,95,78,2.20,1.81,2.26,1.86
,,,Flamethrowr,Elite,Cyclones,Storm,Solar,58.3,968,56,0.517,0.518,29,27,21527,13030,8497,61,32,68,193,31.6%,359.1,217.4,141.8,1.02,0.53,1.13,3.22,384.4,232.7,151.7,1.09,0.57,1.21,3.45,145,139,2.42,2.32,2.59,2.48
,,,Linke._.,Elite,Onions,The Garden,Lunar,58.3,757,48,0.587,0.563,27,21,17259,9590,7669,36,25,65,149,24.2%,368.2,204.6,163.6,0.77,0.53,1.39,3.18,359.6,199.8,159.8,0.75,0.52,1.35,3.10,98,77,2.09,1.64,2.04,1.60
,,,Shim_Sham,Elite,Pixel Picassos,Art Club,Solar,58.3,956,60,0.608,0.650,39,21,23010,12790,10220,42,28,109,174,24.1%,388.7,216.0,172.6,0.71,0.47,1.84,2.94,383.5,213.2,170.3,0.70,0.47,1.82,2.90,133,99,2.25,1.67,2.22,1.65
,,,Tyty,Elite,Anglers,The Abyss,Lunar,58.2,637,39,0.420,0.333,13,26,15662,8270,7392,29,19,67,107,27.1%,397.0,209.7,187.4,0.74,0.48,1.70,2.71,401.6,212.1,189.5,0.74,0.49,1.72,2.74,76,94,1.93,2.38,1.95,2.41
,,,Nyrome11,Elite,Onions,The Garden,Lunar,57.9,976,63,0.538,0.524,33,30,23236,12370,10866,40,36,98,167,24.0%,384.5,204.7,179.8,0.66,0.60,1.62,2.76,368.8,196.3,172.5,0.63,0.57,1.56,2.65,120,108,1.99,1.79,1.90,1.71
,,,Slain.,Elite,Ghastly Goombahs,The Syndicate,Lunar,57.6,962,58,0.599,0.534,31,27,22875,13740,9135,57,36,94,154,37.0%,384.0,230.6,153.3,0.96,0.60,1.58,2.59,394.4,236.9,157.5,0.98,0.62,1.62,2.66,171,133,2.87,2.23,2.95,2.29
,,,Crypt_Rl,Elite,"Sloths
Cotija Cartel","The Jungle
Cheese Guild",Solar,57.4,420,25,0.413,0.400,10,15,10771,5960,4811,22,9,53,66,33.3%,414.1,229.2,185.0,0.85,0.35,2.04,2.54,430.8,238.4,192.4,0.88,0.36,2.12,2.64,50,63,1.92,2.42,2.00,2.52
,,,Ritter,Elite,Widows,Eight Legged Freaks,Lunar,57.4,862,54,0.544,0.500,27,27,20461,11220,9241,41,30,83,147,27.9%,383.3,210.2,173.1,0.77,0.56,1.55,2.75,378.9,207.8,171.1,0.76,0.56,1.54,2.72,117,104,2.19,1.95,2.17,1.93
,,,Krueger_02,Elite,Chefs Kiss,The Bakery,Solar,56.6,815,56,0.565,0.500,28,28,19396,10380,9016,35,28,82,138,25.4%,384.3,205.7,178.6,0.69,0.55,1.62,2.73,346.4,185.4,161.0,0.63,0.50,1.46,2.46,105,88,2.08,1.74,1.88,1.57
,,,Glitch;,Elite,Uranus,The Nexus,Solar,56.6,766,47,0.550,0.596,28,19,17168,9630,7538,37,34,58,133,27.8%,361.9,203.0,158.9,0.78,0.72,1.22,2.80,365.3,204.9,160.4,0.79,0.72,1.23,2.83,114,100,2.40,2.11,2.43,2.13
,,,Rinuku,Elite,Suris,The Herd,Lunar,56.2,66,4,0.500,0.500,2,2,1394,780,614,3,3,4,13,23.1%,341.1,190.8,150.2,0.73,0.73,0.98,3.18,348.5,195.0,153.5,0.75,0.75,1.00,3.25,11,11,2.69,2.69,2.75,2.75
,,,Nekodah,Elite,Dumbsters,Maste Wanagement,Solar,56.0,859,53,0.566,0.585,31,22,20008,11080,8928,46,31,70,143,32.2%,376.1,208.3,167.8,0.86,0.58,1.32,2.69,377.5,209.1,168.5,0.87,0.58,1.32,2.70,133,112,2.50,2.11,2.51,2.11
,,,Kourses,Elite,Uranus,The Nexus,Solar,55.7,234,14,0.535,0.429,6,8,5715,3040,2675,7,10,30,34,20.6%,394.4,209.8,184.6,0.48,0.69,2.07,2.35,408.2,217.1,191.1,0.50,0.71,2.14,2.43,35,32,2.42,2.21,2.50,2.29
,,,Bird,Elite,Chefs Kiss,The Bakery,Solar,55.3,736,51,0.552,0.510,26,25,17295,9220,8075,33,26,68,122,27.0%,379.5,202.3,177.2,0.72,0.57,1.49,2.68,339.1,180.8,158.3,0.65,0.51,1.33,2.39,99,86,2.17,1.89,1.94,1.69
,,,Siiderij23,Elite,"Anglers
Onions","The Abyss
The Garden",Lunar,54.7,101,7,0.368,0.429,3,4,2157,1050,1107,4,4,5,20,20.0%,344.9,167.9,177.0,0.64,0.64,0.80,3.20,308.1,150.0,158.1,0.57,0.57,0.71,2.86,12,17,1.92,2.72,1.71,2.43
,,,.Pass,Elite,Knights,The Sovereign,Lunar,54.4,12,1,0.262,0.000,0,1,288,130,158,0,0,2,3,0.0%,387.6,174.9,212.6,0.00,0.00,2.69,4.04,288.0,130.0,158.0,0.00,0.00,2.00,3.00,1,2,1.35,2.69,1.00,2.00
,,,Dangleeballs,Elite,Dumbsters,Maste Wanagement,Solar,53.8,823,50,0.550,0.560,28,22,18764,10490,8274,46,23,65,149,30.9%,368.2,205.8,162.3,0.90,0.45,1.28,2.92,375.3,209.8,165.5,0.92,0.46,1.30,2.98,123,108,2.41,2.12,2.46,2.16
,,,Morgan,Elite,Cotija Cartel,Cheese Guild,Solar,53.7,141,8,0.482,0.375,3,5,3175,1880,1295,7,6,13,23,30.4%,363.6,215.3,148.3,0.80,0.69,1.49,2.63,396.9,235.0,161.9,0.88,0.75,1.63,2.88,21,22,2.41,2.52,2.63,2.75
,,,Beans,Elite,Santa Muerte,The Gods,Solar,53.5,667,44,0.457,0.455,20,24,16283,8710,7573,22,25,86,96,22.9%,394.2,210.9,183.3,0.53,0.61,2.08,2.32,370.1,198.0,172.1,0.50,0.57,1.95,2.18,82,92,1.99,2.23,1.86,2.09
,,,Nine,Elite,Suris,The Herd,Lunar,53.2,649,43,0.488,0.512,22,21,15134,8930,6204,30,24,74,103,29.1%,376.6,222.2,154.4,0.75,0.60,1.84,2.56,352.0,207.7,144.3,0.70,0.56,1.72,2.40,99,102,2.46,2.54,2.30,2.37
,,,Lil Panda,Elite,Great Whites,Shark Attack,Lunar,52.6,989,59,0.544,0.627,37,22,22815,13460,9355,49,32,106,166,29.5%,372.5,219.8,152.8,0.80,0.52,1.73,2.71,386.7,228.1,158.6,0.83,0.54,1.80,2.81,136,121,2.22,1.98,2.31,2.05
,,,Nero,Elite,Sauntering Slugs,Speed Demons,Lunar,52.6,655,42,0.418,0.452,19,23,14531,7780,6751,25,27,56,113,22.1%,358.3,191.8,166.4,0.62,0.67,1.38,2.79,346.0,185.2,160.7,0.60,0.64,1.33,2.69,84,104,2.07,2.56,2.00,2.48
,,,Cl0Wdy.,Elite,Ravioli Rangers,Italian Battalion,Lunar,52.5,1023,64,0.564,0.594,38,26,23732,13420,10312,54,22,101,187,28.9%,374.6,211.8,162.8,0.85,0.35,1.59,2.95,370.8,209.7,161.1,0.84,0.34,1.58,2.92,131,110,2.07,1.74,2.05,1.72
,,,Stimeey99,Elite,Sauntering Slugs,Speed Demons,Lunar,52.2,826,52,0.410,0.442,23,29,18444,9880,8564,34,36,67,133,25.6%,360.6,193.2,167.4,0.66,0.70,1.31,2.60,354.7,190.0,164.7,0.65,0.69,1.29,2.56,113,142,2.21,2.78,2.17,2.73
,,,Acp.,Elite,Desolation,Event Horizon,Solar,52.1,1002,64,0.565,0.563,36,28,22501,12220,10281,40,45,88,157,25.5%,362.6,196.9,165.7,0.64,0.73,1.42,2.53,351.6,190.9,160.6,0.63,0.70,1.38,2.45,146,123,2.35,1.98,2.28,1.92
,,,Dank._.,Elite,Sloths,The Jungle,Solar,52.0,836,51,0.387,0.431,22,29,19686,11330,8356,44,22,89,138,31.9%,380.3,218.9,161.4,0.85,0.42,1.72,2.67,386.0,222.2,163.8,0.86,0.43,1.75,2.71,106,142,2.05,2.74,2.08,2.78
,,,Trevey.,Elite,Wendigos,The Forest,Solar,51.8,478,29,0.418,0.379,11,18,10153,5540,4613,20,12,38,104,19.2%,343.0,187.2,155.8,0.68,0.41,1.28,3.51,350.1,191.0,159.1,0.69,0.41,1.31,3.59,52,65,1.76,2.20,1.79,2.24
,,,Mykopolis,Elite,Wrath,Seven Deadly Sins,Lunar,51.6,303,17,0.509,0.529,9,8,6503,4140,2363,21,8,21,59,35.6%,346.6,220.6,125.9,1.12,0.43,1.12,3.14,382.5,243.5,139.0,1.24,0.47,1.24,3.47,45,44,2.40,2.35,2.65,2.59
,,,Dlnaod.,Elite,Uranus,The Nexus,Solar,51.5,1055,64,0.559,0.594,38,26,24596,14200,10396,60,32,99,165,36.4%,376.5,217.4,159.1,0.92,0.49,1.52,2.53,384.3,221.9,162.4,0.94,0.50,1.55,2.58,154,132,2.36,2.02,2.41,2.06
,,,Limon,Elite,Menthol,Minty Fresh,Solar,51.4,251,15,0.576,0.533,8,7,5439,2990,2449,10,13,19,39,25.6%,349.9,192.4,157.6,0.64,0.84,1.22,2.51,362.6,199.3,163.3,0.67,0.87,1.27,2.60,39,32,2.51,2.06,2.60,2.13
,,,Stemantics,Elite,Dumbsters,Maste Wanagement,Solar,51.2,607,35,0.528,0.600,21,14,12574,7430,5144,26,25,48,118,22.0%,334.5,197.7,136.9,0.69,0.67,1.28,3.14,359.3,212.3,147.0,0.74,0.71,1.37,3.37,85,79,2.26,2.10,2.43,2.26
,,,Daylon,Elite,Demons,The Monster Mash,Lunar,50.8,1110,64,0.543,0.563,36,28,25487,14860,10627,58,44,105,161,36.0%,370.8,216.2,154.6,0.84,0.64,1.53,2.34,398.2,232.2,166.0,0.91,0.69,1.64,2.52,174,156,2.53,2.27,2.72,2.44
,,,Cookie :>,Elite,Sauntering Slugs,Speed Demons,Lunar,50.8,608,37,0.504,0.568,21,16,13658,8130,5528,34,19,55,103,33.0%,362.8,215.9,146.8,0.90,0.50,1.46,2.74,369.1,219.7,149.4,0.92,0.51,1.49,2.78,96,95,2.55,2.52,2.59,2.57
,,,Nave!,Elite,Thunder,Electric Mayhem,Lunar,50.7,1087,64,0.432,0.531,34,30,23186,12750,10436,50,43,73,195,25.6%,344.5,189.4,155.0,0.74,0.64,1.08,2.90,362.3,199.2,163.1,0.78,0.67,1.14,3.05,138,165,2.05,2.45,2.16,2.58
,,,Mezmer,Elite,"Cotija Cartel
Ghastly Goombahs","Cheese Guild
The Syndicate",Lunar,50.4,428,28,0.345,0.250,7,21,9224,5090,4134,20,17,30,74,27.0%,348.0,192.0,156.0,0.75,0.64,1.13,2.79,329.4,181.8,147.6,0.71,0.61,1.07,2.64,55,82,2.08,3.09,1.96,2.93
,,,Asumarl,Elite,Suris,The Herd,Lunar,50.3,605,40,0.542,0.625,25,15,13328,7620,5708,33,26,42,92,35.9%,355.8,203.4,152.4,0.88,0.69,1.12,2.46,333.2,190.5,142.7,0.83,0.65,1.05,2.30,99,89,2.64,2.38,2.48,2.23
,,,Bender_Escobar,Elite,Geeky Ghouls,Ghoul School,Solar,50.1,610,38,0.346,0.316,12,26,14188,8260,5928,31,13,69,106,29.2%,375.6,218.7,156.9,0.82,0.34,1.83,2.81,373.4,217.4,156.0,0.82,0.34,1.82,2.79,66,100,1.75,2.65,1.74,2.63
,,,Kenny,Elite,Chefs Kiss,The Bakery,Solar,50.0,881,60,0.534,0.483,29,31,20550,11140,9410,35,30,96,134,26.1%,376.7,204.2,172.5,0.64,0.55,1.76,2.46,342.5,185.7,156.8,0.58,0.50,1.60,2.23,114,104,2.09,1.91,1.90,1.73
,,,Zuleta,Elite,Wheelchairs,The Quad Dynasty,Solar,49.5,700,40,0.575,0.575,23,17,16086,9570,6516,34,24,78,107,31.8%,371.1,220.8,150.3,0.78,0.55,1.80,2.47,402.2,239.3,162.9,0.85,0.60,1.95,2.68,107,88,2.47,2.03,2.68,2.20
,,,Ay G.,Elite,Fire,The Elements,Solar,49.4,1007,64,0.384,0.344,22,42,22375,12080,10295,44,35,85,168,26.2%,358.8,193.7,165.1,0.71,0.56,1.36,2.69,349.6,188.8,160.9,0.69,0.55,1.33,2.63,128,173,2.05,2.77,2.00,2.70
,,,Kyurmex.,Elite,Wrath,Seven Deadly Sins,Lunar,49.3,664,39,0.587,0.590,23,16,14025,8810,5215,40,25,48,116,34.5%,341.1,214.3,126.8,0.97,0.61,1.17,2.82,359.6,225.9,133.7,1.03,0.64,1.23,2.97,117,94,2.85,2.29,3.00,2.41
,,,Frostybrew,Elite,Demons,The Monster Mash,Lunar,49.0,759,44,0.562,0.591,26,18,16274,9530,6744,42,31,51,123,34.1%,346.2,202.8,143.5,0.89,0.66,1.09,2.62,369.9,216.6,153.3,0.95,0.70,1.16,2.80,122,104,2.60,2.21,2.77,2.36
,,,Bangerang,Elite,Uranus,The Nexus,Solar,48.9,274,16,0.620,0.625,10,6,5187,3060,2127,11,11,16,61,18.0%,305.7,180.3,125.4,0.65,0.65,0.94,3.60,324.2,191.3,132.9,0.69,0.69,1.00,3.81,44,32,2.59,1.89,2.75,2.00
,,,Supe,Elite,Widows,Eight Legged Freaks,Lunar,48.7,650,38,0.505,0.447,17,21,14261,7390,6871,22,20,60,119,18.5%,354.3,183.6,170.7,0.55,0.50,1.49,2.96,375.3,194.5,180.8,0.58,0.53,1.58,3.13,77,76,1.91,1.89,2.03,2.00
,,,Gekkos0Lid,Elite,Ravioli Rangers,Italian Battalion,Lunar,48.6,912,56,0.559,0.589,33,23,21992,11380,10612,32,25,112,133,24.1%,389.4,201.5,187.9,0.57,0.44,1.98,2.36,392.7,203.2,189.5,0.57,0.45,2.00,2.38,113,96,2.00,1.70,2.02,1.71
,,,Djretirementhome,Elite,Ravioli Rangers,Italian Battalion,Lunar,48.4,1023,64,0.564,0.594,38,26,22125,11930,10195,39,35,89,183,21.3%,349.3,188.3,160.9,0.62,0.55,1.40,2.89,345.7,186.4,159.3,0.61,0.55,1.39,2.86,131,110,2.07,1.74,2.05,1.72
,,,Yoza,Elite,Desolation,Event Horizon,Solar,48.4,1002,64,0.565,0.563,36,28,22582,12910,9672,53,30,90,161,32.9%,363.9,208.1,155.9,0.85,0.48,1.45,2.59,352.8,201.7,151.1,0.83,0.47,1.41,2.52,146,123,2.35,1.98,2.28,1.92
,,,Latte,Elite,Suris,The Herd,Lunar,48.0,67,4,0.762,1.000,4,0,1408,780,628,3,2,5,13,23.1%,339.4,188.0,151.4,0.72,0.48,1.21,3.13,352.0,195.0,157.0,0.75,0.50,1.25,3.25,11,5,2.65,1.21,2.75,1.25
,,,Colinn,Elite,"Gelato
Wendigos","Fifty-Fifty Pizzeria
The Forest",Solar,47.4,767,44,0.436,0.386,17,27,17260,10090,7170,36,23,82,124,29.0%,363.4,212.4,151.0,0.76,0.48,1.73,2.61,392.3,229.3,163.0,0.82,0.52,1.86,2.82,91,108,1.92,2.27,2.07,2.45
,,,Spoopy Ougi,Elite,"Fire
Dumbsters
Wendigos","The Elements
Maste Wanagement
The Forest",Solar,47.2,269,17,0.447,0.471,8,9,6193,3750,2443,14,8,31,40,35.0%,371.8,225.1,146.7,0.84,0.48,1.86,2.40,364.3,220.6,143.7,0.82,0.47,1.82,2.35,33,38,1.98,2.28,1.94,2.24
,,,Ctnivlac,Elite,Gelato,Fifty-Fifty Pizzeria,Lunar,46.3,54,4,0.256,0.250,1,3,1135,510,625,1,4,3,6,16.7%,339.4,152.5,186.9,0.30,1.20,0.90,1.79,283.8,127.5,156.3,0.25,1.00,0.75,1.50,5,10,1.50,2.99,1.25,2.50
,,,Seefoo,Elite,Knights,The Sovereign,Lunar,46.1,438,31,0.456,0.452,14,17,9523,5330,4193,20,14,38,73,27.4%,351.1,196.5,154.6,0.74,0.52,1.40,2.69,307.2,171.9,135.3,0.65,0.45,1.23,2.35,58,65,2.14,2.40,1.87,2.10
,,,Thereal.Potato,Elite,Chefs Kiss,The Bakery,Solar,45.4,277,19,0.394,0.368,7,12,6256,3450,2806,13,4,29,50,26.0%,364.7,201.1,163.6,0.76,0.23,1.69,2.91,329.3,181.6,147.7,0.68,0.21,1.53,2.63,30,40,1.75,2.33,1.58,2.11
,,,Lad,Elite,Sauntering Slugs,Speed Demons,Lunar,44.5,929,57,0.408,0.421,24,33,20866,12350,8516,48,26,97,140,34.3%,362.7,214.7,148.0,0.83,0.45,1.69,2.43,366.1,216.7,149.4,0.84,0.46,1.70,2.46,129,163,2.24,2.83,2.26,2.86
,,,Naro,Elite,"Cyclones
Ghastly Goombahs","Storm
The Syndicate",Solar,44.2,677,40,0.453,0.425,17,23,14756,8310,6446,32,19,61,111,28.8%,352.0,198.2,153.8,0.76,0.45,1.46,2.65,368.9,207.8,161.2,0.80,0.48,1.53,2.78,94,106,2.24,2.53,2.35,2.65
,,,Flashs,Elite,Uranus,The Nexus,Solar,43.8,64,4,0.632,0.500,2,2,1409,790,619,4,2,4,9,44.4%,355.5,199.3,156.2,1.01,0.50,1.01,2.27,352.3,197.5,154.8,1.00,0.50,1.00,2.25,10,7,2.52,1.77,2.50,1.75
,,,Gizmo,Elite,Azathoth,The Mythos,Lunar,43.3,642,40,0.565,0.600,24,16,13121,7550,5571,29,31,43,95,30.5%,330.0,189.9,140.1,0.73,0.78,1.08,2.39,328.0,188.8,139.3,0.73,0.78,1.08,2.38,114,97,2.87,2.44,2.85,2.43
,,,Spiral-Paradoxx,Elite,"Knights
Anglers","The Sovereign
The Abyss",Lunar,42.7,753,47,0.376,0.298,14,33,16725,9730,6995,36,16,82,123,29.3%,358.7,208.7,150.0,0.77,0.34,1.76,2.64,355.9,207.0,148.8,0.77,0.34,1.74,2.62,80,112,1.72,2.40,1.70,2.38
,,,Nuummite,Elite,Wrath,Seven Deadly Sins,Lunar,42.7,950,56,0.554,0.536,30,26,19910,11680,8230,48,32,75,153,31.4%,338.4,198.5,139.9,0.82,0.54,1.27,2.60,355.5,208.6,147.0,0.86,0.57,1.34,2.73,157,137,2.67,2.33,2.80,2.45
,,,A Calm Panda,Elite,Widows,Eight Legged Freaks,Lunar,42.4,769,47,0.504,0.426,20,27,16575,9040,7535,36,26,60,114,31.6%,348.1,189.8,158.2,0.76,0.55,1.26,2.39,352.7,192.3,160.3,0.77,0.55,1.28,2.43,95,94,1.99,1.97,2.02,2.00
,,,Flare 1109,Elite,Onions,The Garden,Lunar,41.5,976,63,0.538,0.524,33,30,20216,10490,9726,37,27,74,174,21.3%,334.5,173.6,160.9,0.61,0.45,1.22,2.88,320.9,166.5,154.4,0.59,0.43,1.17,2.76,120,108,1.99,1.79,1.90,1.71
,,,Dvorl.Ttv,Elite,Azathoth,The Mythos,Lunar,40.8,552,32,0.470,0.500,16,16,12050,7000,5050,29,13,52,85,34.1%,352.5,204.8,147.7,0.85,0.38,1.52,2.49,376.6,218.8,157.8,0.91,0.41,1.63,2.66,74,80,2.16,2.34,2.31,2.50
,,,Stingray,Elite,Cyclones,Storm,Solar,40.0,530,32,0.505,0.500,16,16,11651,6400,5251,17,20,60,70,24.3%,355.0,195.0,160.0,0.52,0.61,1.83,2.13,364.1,200.0,164.1,0.53,0.63,1.88,2.19,74,73,2.25,2.22,2.31,2.28
,,,Aqua3129,Elite,Fire,The Elements,Solar,40.0,77,4,0.307,0.250,1,3,1649,1030,619,4,4,7,8,50.0%,345.8,216.0,129.8,0.84,0.84,1.47,1.68,412.3,257.5,154.8,1.00,1.00,1.75,2.00,9,15,1.89,3.15,2.25,3.75
,,,Blaster50,Elite,Wheelchairs,The Quad Dynasty,Solar,39.8,1087,63,0.521,0.492,31,32,23130,12890,10240,42,33,107,169,24.9%,343.6,191.5,152.1,0.62,0.49,1.59,2.51,367.1,204.6,162.5,0.67,0.52,1.70,2.68,152,144,2.26,2.14,2.41,2.29
,,,King.,Elite,"Orcas
Gelato","Whale Defense
Fifty-Fifty Pizzeria",Lunar,39.8,665,42,0.323,0.286,12,30,13570,7470,6100,24,27,54,102,23.5%,329.5,181.4,148.1,0.58,0.66,1.31,2.48,323.1,177.9,145.2,0.57,0.64,1.29,2.43,74,119,1.80,2.89,1.76,2.83
,,,Earth,Elite,Thunder,Electric Mayhem,Lunar,39.8,963,56,0.425,0.518,29,27,20505,11910,8595,47,28,87,146,32.2%,343.8,199.7,144.1,0.79,0.47,1.46,2.45,366.2,212.7,153.5,0.84,0.50,1.55,2.61,120,146,2.01,2.45,2.14,2.61
,,,Ditto,Elite,Thunder,Electric Mayhem,Lunar,39.4,771,44,0.450,0.568,25,19,16942,9910,7032,25,24,102,111,22.5%,354.9,207.6,147.3,0.52,0.50,2.14,2.32,385.0,225.2,159.8,0.57,0.55,2.32,2.52,101,115,2.12,2.41,2.30,2.61
,,,Flossy,Elite,Teddy Bears,The Bear Den,Lunar,39.2,953,59,0.418,0.407,24,35,19685,11260,8425,36,30,92,156,23.1%,333.6,190.8,142.8,0.61,0.51,1.56,2.64,333.6,190.8,142.8,0.61,0.51,1.56,2.64,115,143,1.95,2.42,1.95,2.42
,,,Wontay,Elite,Ravioli Rangers,Italian Battalion,Lunar,38.8,111,8,0.596,0.625,5,3,2632,1460,1172,6,3,12,11,54.5%,382.9,212.4,170.5,0.87,0.44,1.75,1.60,329.0,182.5,146.5,0.75,0.38,1.50,1.38,18,14,2.62,2.04,2.25,1.75
,,,Lonely,Elite,Santa Muerte,The Gods,Solar,38.8,521,35,0.358,0.371,13,22,11113,5670,5443,18,19,44,72,25.0%,344.5,175.7,168.7,0.56,0.59,1.36,2.23,317.5,162.0,155.5,0.51,0.54,1.26,2.06,58,85,1.80,2.63,1.66,2.43
,,,Dimez,Elite,Geeky Ghouls,Ghoul School,Solar,38.4,620,42,0.270,0.214,9,33,13858,7200,6658,21,14,70,90,23.3%,360.9,187.5,173.4,0.55,0.36,1.82,2.34,330.0,171.4,158.5,0.50,0.33,1.67,2.14,61,116,1.59,3.02,1.45,2.76
,,,Dav,Elite,Menthol,Minty Fresh,Solar,38.1,893,58,0.551,0.569,33,25,17069,8790,8279,29,36,51,154,18.8%,308.7,159.0,149.7,0.52,0.65,0.92,2.78,294.3,151.6,142.7,0.50,0.62,0.88,2.66,126,110,2.28,1.99,2.17,1.90
,,,(P|F)Ineapple,Elite,Onions,The Garden,Lunar,37.7,178,12,0.465,0.500,6,6,3853,1970,1883,7,4,16,27,25.9%,349.6,178.7,170.8,0.64,0.36,1.45,2.45,321.1,164.2,156.9,0.58,0.33,1.33,2.25,20,22,1.81,2.00,1.67,1.83
,,,Staticpipee,Elite,Teddy Bears,The Bear Den,Lunar,37.4,330,19,0.271,0.211,4,15,6647,3920,2727,15,6,30,62,24.2%,325.3,191.8,133.4,0.73,0.29,1.47,3.03,349.8,206.3,143.5,0.79,0.32,1.58,3.26,36,67,1.76,3.28,1.89,3.53
,,,Zck,Elite,Sloths,The Jungle,Solar,37.2,934,58,0.383,0.431,25,33,19403,10940,8463,38,30,85,139,27.3%,335.5,189.1,146.3,0.66,0.52,1.47,2.40,334.5,188.6,145.9,0.66,0.52,1.47,2.40,118,160,2.04,2.77,2.03,2.76
,,,Lilia,Elite,Wendigos,The Forest,Solar,36.8,68,4,0.365,0.500,2,2,1282,840,442,3,4,5,9,33.3%,304.4,199.5,105.0,0.71,0.95,1.19,2.14,320.5,210.0,110.5,0.75,1.00,1.25,2.25,10,14,2.37,3.32,2.50,3.50
,,,Null.Gamer,Elite,"Midnight
Fire","The Shadows
The Elements",Solar,36.6,481,30,0.422,0.433,13,17,10494,5820,4674,20,12,51,67,29.9%,352.3,195.4,156.9,0.67,0.40,1.71,2.25,349.8,194.0,155.8,0.67,0.40,1.70,2.23,62,76,2.08,2.55,2.07,2.53
,,,Satella.,Elite,Cyclones,Storm,Solar,36.0,215,11,0.619,0.727,8,3,4301,2570,1731,9,8,19,32,28.1%,323.0,193.0,130.0,0.68,0.60,1.43,2.40,391.0,233.6,157.4,0.82,0.73,1.73,2.91,38,28,2.85,2.10,3.45,2.55
,,,Racer,Elite,"Summoned
Widows","Destined
Eight Legged Freaks",Solar,35.2,334,20,0.627,0.600,12,8,6957,3970,2987,15,10,30,47,31.9%,336.4,191.9,144.4,0.73,0.48,1.45,2.27,347.9,198.5,149.4,0.75,0.50,1.50,2.35,52,37,2.51,1.79,2.60,1.85
,,,"Peeg :>, Lol.",Elite,Gelato,Fifty-Fifty Pizzeria,Lunar,35.1,63,4,0.586,0.500,2,2,1027,520,507,0,4,4,12,0.0%,263.2,133.3,130.0,0.00,1.03,1.03,3.08,256.8,130.0,126.8,0.00,1.00,1.00,3.00,10,8,2.56,2.05,2.50,2.00
,,,Yung_Almighty12,Elite,"Cotija Cartel
Summoned","Cheese Guild
Destined",Solar,35.1,221,14,0.440,0.286,4,10,4302,2080,2222,6,7,15,38,15.8%,314.4,152.0,162.4,0.44,0.51,1.10,2.78,307.3,148.6,158.7,0.43,0.50,1.07,2.71,22,26,1.61,1.90,1.57,1.86
,,,Diviniation,Elite,"Pixel Picassos
Gelato","Art Club
Fifty-Fifty Pizzeria",Lunar,35.0,395,25,0.380,0.320,8,17,9228,5100,4128,12,9,60,45,26.7%,377.3,208.5,168.8,0.49,0.37,2.45,1.84,369.1,204.0,165.1,0.48,0.36,2.40,1.80,41,57,1.68,2.33,1.64,2.28
,,,Duckyrl.,Elite,"Wendigos
Cotija Cartel","The Forest
Cheese Guild",Solar,35.0,379,21,0.397,0.429,9,12,7362,4350,3012,16,11,31,65,24.6%,313.7,185.3,128.3,0.68,0.47,1.32,2.77,350.6,207.1,143.4,0.76,0.52,1.48,3.10,49,64,2.09,2.73,2.33,3.05
,,,Barontac0,Elite,Midnight,The Shadows,Solar,34.8,406,27,0.605,0.593,16,11,8149,4210,3939,12,17,32,56,21.4%,324.1,167.5,156.7,0.48,0.68,1.27,2.23,301.8,155.9,145.9,0.44,0.63,1.19,2.07,61,46,2.43,1.83,2.26,1.70
,,,Reverse Fridge,Elite,Anglers,The Abyss,Lunar,34.5,738,46,0.327,0.217,10,36,15173,8060,7113,25,24,66,106,23.6%,332.0,176.4,155.6,0.55,0.53,1.44,2.32,329.8,175.2,154.6,0.54,0.52,1.43,2.30,81,129,1.77,2.82,1.76,2.80
,,,Blender,Elite,Gelato,Fifty-Fifty Pizzeria,Lunar,33.5,973,60,0.369,0.333,20,40,20439,10640,9799,38,21,87,144,26.4%,339.2,176.6,162.6,0.63,0.35,1.44,2.39,340.7,177.3,163.3,0.63,0.35,1.45,2.40,117,165,1.94,2.74,1.95,2.75
,,,Mamba,Elite,Cyclones,Storm,Solar,33.4,256,16,0.511,0.500,8,8,5264,2900,2364,12,5,21,40,30.0%,332.1,182.9,149.1,0.76,0.32,1.32,2.52,329.0,181.3,147.8,0.75,0.31,1.31,2.50,35,34,2.21,2.14,2.19,2.13
,,,Y-Low,Elite,Great Whites,Shark Attack,Lunar,33.2,695,41,0.650,0.707,29,12,14099,7730,6369,28,22,57,98,28.6%,327.6,179.6,148.0,0.65,0.51,1.32,2.28,343.9,188.5,155.3,0.68,0.54,1.39,2.39,103,68,2.39,1.58,2.51,1.66
,,,Chefty,Elite,Pixel Picassos,Art Club,Solar,33.0,1024,64,0.575,0.625,40,24,21404,11810,9594,46,26,90,141,32.6%,337.5,186.2,151.3,0.73,0.41,1.42,2.22,334.4,184.5,149.9,0.72,0.41,1.41,2.20,141,115,2.22,1.81,2.20,1.80
,,,Jkfrostyyyyy,Elite,Anglers,The Abyss,Lunar,32.9,180,12,0.439,0.250,3,9,3693,1920,1773,8,4,13,27,29.6%,331.3,172.3,159.1,0.72,0.36,1.17,2.42,307.8,160.0,147.8,0.67,0.33,1.08,2.25,23,27,2.06,2.42,1.92,2.25
,,,Fomayy,Elite,Geeky Ghouls,Ghoul School,Solar,32.6,767,51,0.308,0.235,12,39,16207,8050,8157,24,25,69,95,25.3%,341.2,169.5,171.7,0.51,0.53,1.45,2.00,317.8,157.8,159.9,0.47,0.49,1.35,1.86,84,141,1.77,2.97,1.65,2.76
,,,Sspekky,Elite,Wendigos,The Forest,Solar,32.4,919,56,0.389,0.357,20,36,18436,9830,8606,31,27,80,138,22.5%,324.0,172.7,151.2,0.54,0.47,1.41,2.42,329.2,175.5,153.7,0.55,0.48,1.43,2.46,100,135,1.76,2.37,1.79,2.41
,,,Justlaben,Elite,"Gelato
Pixel Picassos","Fifty-Fifty Pizzeria
Art Club",Lunar,31.2,575,35,0.393,0.343,12,23,12065,6770,5295,23,14,60,77,29.9%,338.8,190.1,148.7,0.65,0.39,1.69,2.16,344.7,193.4,151.3,0.66,0.40,1.71,2.20,71,94,1.99,2.64,2.03,2.69
,,,Theangrytryhard,Elite,"Cotija Cartel
Orcas
Wheelchairs","Cheese Guild
Whale Defense
The Quad Dynasty",Solar,31.2,485,30,0.415,0.367,11,19,9407,5470,3937,18,14,44,77,23.4%,313.2,182.1,131.1,0.60,0.47,1.47,2.56,313.6,182.3,131.2,0.60,0.47,1.47,2.57,54,68,1.80,2.26,1.80,2.27
,,,Chillin,Elite,Teddy Bears,The Bear Den,Lunar,30.8,161,10,0.292,0.200,2,8,3270,1770,1500,8,4,11,22,36.4%,328.0,177.5,150.5,0.80,0.40,1.10,2.21,327.0,177.0,150.0,0.80,0.40,1.10,2.20,19,33,1.91,3.31,1.90,3.30
,,,2K,Elite,Demons,The Monster Mash,Lunar,30.2,385,22,0.500,0.500,11,11,7234,4530,2704,17,16,30,53,32.1%,303.4,190.0,113.4,0.71,0.67,1.26,2.22,328.8,205.9,122.9,0.77,0.73,1.36,2.41,57,57,2.39,2.39,2.59,2.59
,,,Nathan.,Elite,Orcas,Whale Defense,Lunar,29.7,67,4,0.673,0.500,2,2,1482,940,542,2,1,12,9,22.2%,357.2,226.6,130.6,0.48,0.24,2.89,2.17,370.5,235.0,135.5,0.50,0.25,3.00,2.25,14,9,3.37,2.17,3.50,2.25
,,,Mytixs,Elite,Anglers,The Abyss,Lunar,29.6,609,38,0.360,0.316,12,26,11340,6100,5240,22,18,40,100,22.0%,300.7,161.8,138.9,0.58,0.48,1.06,2.65,298.4,160.5,137.9,0.58,0.47,1.05,2.63,71,103,1.88,2.73,1.87,2.71
,,,Alphachuck,Elite,Sloths,The Jungle,Solar,28.2,650,41,0.401,0.439,18,23,12794,6920,5874,23,18,56,92,25.0%,317.9,171.9,145.9,0.57,0.45,1.39,2.29,312.0,168.8,143.3,0.56,0.44,1.37,2.24,86,111,2.14,2.76,2.10,2.71
,,,Dragoinism,Elite,Knights,The Sovereign,Lunar,28.0,208,14,0.551,0.571,8,6,4364,2410,1954,11,6,16,21,52.4%,338.8,187.1,151.7,0.85,0.47,1.24,1.63,311.7,172.1,139.6,0.79,0.43,1.14,1.50,33,29,2.56,2.25,2.36,2.07
,,,Justin,Elite,Santa Muerte,The Gods,Solar,27.8,789,52,0.361,0.346,18,34,15629,7910,7719,26,18,65,116,22.4%,319.9,161.9,158.0,0.53,0.37,1.33,2.37,300.6,152.1,148.4,0.50,0.35,1.25,2.23,79,116,1.62,2.37,1.52,2.23
,,,Bladedraptor,Elite,Orcas,Whale Defense,Lunar,27.4,877,51,0.652,0.706,36,15,15484,9390,6094,36,37,53,129,27.9%,285.1,172.9,112.2,0.66,0.68,0.98,2.38,303.6,184.1,119.5,0.71,0.73,1.04,2.53,150,100,2.76,1.84,2.94,1.96
,,,Surge,Elite,Widows,Eight Legged Freaks,Lunar,27.0,62,4,0.210,0.250,1,3,1373,560,813,0,2,8,6,0.0%,357.6,145.9,211.8,0.00,0.52,2.08,1.56,343.3,140.0,203.3,0.00,0.50,2.00,1.50,3,8,0.78,2.08,0.75,2.00
,,,Mysandislost,Elite,"Knights
Teddy Bears","The Sovereign
The Bear Den",Lunar,26.3,570,34,0.366,0.324,11,23,11047,5590,5457,20,8,45,94,21.3%,313.0,158.4,154.6,0.57,0.23,1.27,2.66,324.9,164.4,160.5,0.59,0.24,1.32,2.76,55,80,1.56,2.27,1.62,2.35
,,,Panick,Elite,Anglers,The Abyss,Lunar,26.0,205,14,0.380,0.214,3,11,4290,2210,2080,6,4,23,26,23.1%,337.9,174.1,163.8,0.47,0.32,1.81,2.05,306.4,157.9,148.6,0.43,0.29,1.64,1.86,24,33,1.89,2.60,1.71,2.36
,,,Burnset,Elite,Thunder,Electric Mayhem,Lunar,26.0,440,28,0.413,0.500,14,14,8104,4440,3664,16,12,31,69,23.2%,297.4,163.0,134.5,0.59,0.44,1.14,2.53,289.4,158.6,130.9,0.57,0.43,1.11,2.46,55,69,2.02,2.53,1.96,2.46
,,,Redsteel43Br,Elite,Great Whites,Shark Attack,Lunar,25.1,508,30,0.478,0.567,17,13,9271,5220,4051,16,16,41,77,20.8%,294.7,165.9,128.8,0.51,0.51,1.30,2.45,309.0,174.0,135.0,0.53,0.53,1.37,2.57,66,70,2.10,2.23,2.20,2.33
,,,Mojomo,Elite,Uranus,The Nexus,Solar,25.0,317,18,0.491,0.611,11,7,5947,3360,2587,11,9,27,46,23.9%,303.0,171.2,131.8,0.56,0.46,1.38,2.34,330.4,186.7,143.7,0.61,0.50,1.50,2.56,39,40,1.99,2.04,2.17,2.22
,,,Claymore,Elite,Sloths,The Jungle,Solar,24.9,469,28,0.317,0.393,11,17,8429,4770,3659,16,20,31,62,25.8%,290.2,164.2,126.0,0.55,0.69,1.07,2.13,301.0,170.4,130.7,0.57,0.71,1.11,2.21,59,95,2.03,3.27,2.11,3.39
,,,Rozi-,Elite,Knights,The Sovereign,Lunar,22.3,705,45,0.373,0.378,17,28,12590,6070,6520,16,24,45,102,15.7%,288.4,139.0,149.3,0.37,0.55,1.03,2.34,279.8,134.9,144.9,0.36,0.53,1.00,2.27,72,102,1.65,2.34,1.60,2.27
,,,G,Elite,Cotija Cartel,Cheese Guild,Solar,21.1,947,56,0.383,0.339,19,37,16580,8700,7880,28,30,60,140,20.0%,282.7,148.4,134.4,0.48,0.51,1.02,2.39,296.1,155.4,140.7,0.50,0.54,1.07,2.50,113,154,1.93,2.63,2.02,2.75
,,,Cozyboy,Elite,Anglers,The Abyss,Lunar,18.7,344,21,0.230,0.048,1,20,6864,3900,2964,13,8,37,35,37.1%,322.2,183.1,139.1,0.61,0.38,1.74,1.64,326.9,185.7,141.1,0.62,0.38,1.76,1.67,37,78,1.74,3.66,1.76,3.71
,,,Vulp The Philosopher,Elite,Geeky Ghouls,Ghoul School,Solar,18.1,843,57,0.301,0.263,15,42,16071,8120,7951,25,19,73,102,24.5%,307.9,155.5,152.3,0.48,0.36,1.40,1.95,281.9,142.5,139.5,0.44,0.33,1.28,1.79,87,150,1.67,2.87,1.53,2.63
,,,Go Fig,Elite,Gelato,Fifty-Fifty Pizzeria,Lunar,17.8,392,26,0.270,0.269,7,19,7419,3460,3959,13,9,25,46,28.3%,305.6,142.5,163.1,0.54,0.37,1.03,1.89,285.3,133.1,152.3,0.50,0.35,0.96,1.77,46,85,1.89,3.50,1.77,3.27
,,,Savage,Elite,Wendigos,The Forest,Solar,17.4,60,4,0.445,0.500,2,2,1184,670,514,2,1,7,7,28.6%,318.7,180.3,138.3,0.54,0.27,1.88,1.88,296.0,167.5,128.5,0.50,0.25,1.75,1.75,6,7,1.61,1.88,1.50,1.75
,,,Freak24,Elite,Fire,The Elements,Solar,13.2,378,24,0.380,0.333,8,16,6219,3210,3009,7,13,27,51,13.7%,265.7,137.1,128.5,0.30,0.56,1.15,2.18,259.1,133.8,125.4,0.29,0.54,1.13,2.13,50,68,2.14,2.91,2.08,2.83
,,,Uf2,Elite,Knights,The Sovereign,Lunar,11.8,154,9,0.301,0.333,3,6,2589,1420,1169,5,3,11,22,22.7%,271.5,148.9,122.6,0.52,0.31,1.15,2.31,287.7,157.8,129.9,0.56,0.33,1.22,2.44,19,32,1.99,3.36,2.11,3.56
,,,Avid,Elite,Wheelchairs,The Quad Dynasty,Solar,11.0,191,11,0.371,0.364,4,7,3420,1840,1580,6,3,17,24,25.0%,289.2,155.6,133.6,0.51,0.25,1.44,2.03,310.9,167.3,143.6,0.55,0.27,1.55,2.18,22,31,1.86,2.62,2.00,2.82
,,,Axlos (Goofy And Silly),Elite,Wrath,Seven Deadly Sins,Lunar,10.8,253,14,0.346,0.286,4,10,4124,2310,1814,6,9,19,31,19.4%,263.2,147.4,115.8,0.38,0.57,1.21,1.98,294.6,165.0,129.6,0.43,0.64,1.36,2.21,27,41,1.72,2.62,1.93,2.93
,,,Murloc,Elite,"Cotija Cartel
Ghastly Goombahs","Cheese Guild
The Syndicate",Lunar,9.4,222,14,0.311,0.143,2,12,3697,1910,1787,2,8,21,26,7.7%,268.9,138.9,130.0,0.15,0.58,1.53,1.89,264.1,136.4,127.6,0.14,0.57,1.50,1.86,24,40,1.75,2.91,1.71,2.86
,,,Mrsilent_714,Elite,Anglers,The Abyss,Lunar,5.5,67,4,0.238,0.000,0,4,1284,690,594,1,2,9,4,25.0%,309.5,166.3,143.2,0.24,0.48,2.17,0.96,321.0,172.5,148.5,0.25,0.50,2.25,1.00,5,11,1.21,2.65,1.25,2.75
,,,Verza,Elite,Teddy Bears,The Bear Den,Lunar,4.3,577,36,0.424,0.444,16,20,9761,4740,5021,10,15,48,59,16.9%,273.2,132.7,140.5,0.28,0.42,1.34,1.65,271.1,131.7,139.5,0.28,0.42,1.33,1.64,67,82,1.88,2.29,1.86,2.28
,,,Chill,Elite,Wendigos,The Forest,Solar,3.1,487,30,0.287,0.233,7,23,7934,3910,4024,8,9,41,61,13.1%,263.1,129.7,133.4,0.27,0.30,1.36,2.02,264.5,130.3,134.1,0.27,0.30,1.37,2.03,43,79,1.43,2.62,1.43,2.63
,,,Buddha,Elite,Geeky Ghouls,Ghoul School,Solar,1.3,79,4,0.213,0.000,0,4,1520,840,680,1,2,12,4,25.0%,310.7,171.7,139.0,0.20,0.41,2.45,0.82,380.0,210.0,170.0,0.25,0.50,3.00,1.00,8,18,1.64,3.68,2.00,4.50
,,,Clutch,Elite,Fire,The Elements,Solar,-6.1,96,6,0.444,0.333,2,4,1354,780,574,3,1,6,13,23.1%,227.8,131.2,96.6,0.50,0.17,1.01,2.19,225.7,130.0,95.7,0.50,0.17,1.00,2.17,13,15,2.19,2.52,2.17,2.50
,,,Zeropop11,Elite,Fire,The Elements,Solar,-9.3,67,4,0.281,0.250,1,3,1098,500,598,1,1,6,5,20.0%,264.6,120.5,144.1,0.24,0.24,1.45,1.21,274.5,125.0,149.5,0.25,0.25,1.50,1.25,4,8,0.96,1.93,1.00,2.00
,,,Slend.,Contender,Cheese Pizza,Fifty-Fifty Pizzeria,N/A,104.5,635,48,0.716,0.750,36,12,20046,11480,8566,56,32,52,168,33.3%,448.4,256.8,191.6,1.25,0.72,1.16,3.76,417.6,239.2,178.5,1.17,0.67,1.08,3.50,137,76,3.06,1.70,2.85,1.58
,,,Itzthekid87,Contender,Gluttony,Seven Deadly Sins,N/A,102.8,334,20,0.708,0.850,17,3,9620,6090,3530,33,25,15,79,41.8%,409.1,259.0,150.1,1.40,1.06,0.64,3.36,481.0,304.5,176.5,1.65,1.25,0.75,3.95,84,49,3.57,2.08,4.20,2.45
,,,El Booger Sugar,Contender,Hippie Haunters,Ghoul School,N/A,85.6,432,33,0.721,0.606,20,13,12583,7620,4963,33,26,45,77,42.9%,413.7,250.5,163.2,1.09,0.85,1.48,2.53,381.3,230.9,150.4,1.00,0.79,1.36,2.33,92,50,3.02,1.64,2.79,1.52
,,,Balynce,Contender,Wisps,The Monster Mash,N/A,79.0,693,48,0.588,0.667,32,16,19486,11870,7616,57,28,65,152,37.5%,399.4,243.3,156.1,1.17,0.57,1.33,3.12,406.0,247.3,158.7,1.19,0.58,1.35,3.17,134,107,2.75,2.19,2.79,2.23
,,,Get2Dachoppa5,Contender,Pastry Pioneers,The Bakery,N/A,75.7,407,29,0.619,0.759,22,7,10732,6030,4702,18,27,44,68,26.5%,374.5,210.4,164.1,0.63,0.94,1.54,2.37,370.1,207.9,162.1,0.62,0.93,1.52,2.34,79,58,2.76,2.02,2.72,2.00
,,,Xur,Contender,Samurai,The Sovereign,N/A,74.1,760,52,0.631,0.635,33,19,19809,11580,8229,54,35,56,163,33.1%,370.2,216.4,153.8,1.01,0.65,1.05,3.05,380.9,222.7,158.3,1.04,0.67,1.08,3.13,148,105,2.77,1.96,2.85,2.02
,,,Alextross,Contender,Cheese Pizza,Fifty-Fifty Pizzeria,N/A,70.4,500,35,0.672,0.743,26,9,12313,7220,5093,36,24,27,107,33.6%,349.8,205.1,144.7,1.02,0.68,0.77,3.04,351.8,206.3,145.5,1.03,0.69,0.77,3.06,100,63,2.84,1.79,2.86,1.80
,,,Ovrsizedfrog,Contender,Gluttony,Seven Deadly Sins,N/A,68.8,737,49,0.550,0.571,28,21,19085,11370,7715,57,27,55,157,36.3%,367.8,219.1,148.7,1.10,0.52,1.06,3.03,389.5,232.0,157.4,1.16,0.55,1.12,3.20,144,127,2.78,2.45,2.94,2.59
,,,Xeaglex20X,Contender,Ice,The Elements,N/A,68.6,707,53,0.605,0.566,30,23,19114,11500,7614,55,24,68,140,39.3%,384.0,231.0,153.0,1.10,0.48,1.37,2.81,360.6,217.0,143.7,1.04,0.45,1.28,2.64,134,102,2.69,2.05,2.53,1.92
,,,Zachthebull36,Contender,Dagon,The Mythos,N/A,65.9,530,37,0.601,0.649,24,13,13279,7990,5289,37,26,41,94,39.4%,355.9,214.1,141.7,0.99,0.70,1.10,2.52,358.9,215.9,142.9,1.00,0.70,1.11,2.54,105,81,2.81,2.17,2.84,2.19
,,,Kgfan3,Contender,Hippie Haunters,Ghoul School,N/A,65.3,642,47,0.588,0.532,25,22,17108,9680,7428,47,18,56,128,36.7%,378.5,214.2,164.3,1.04,0.40,1.24,2.83,364.0,206.0,158.0,1.00,0.38,1.19,2.72,118,94,2.61,2.08,2.51,2.00
,,,Twitch_Dialstop,Contender,Gallery Guild,Art Club,N/A,63.6,465,32,0.447,0.406,13,19,11262,6850,4412,35,19,29,95,36.8%,344.0,209.2,134.8,1.07,0.58,0.89,2.90,351.9,214.1,137.9,1.09,0.59,0.91,2.97,87,99,2.66,3.02,2.72,3.09
,,,Odynastyo,Contender,Dread,The Shadows,N/A,63.3,151,11,0.577,0.455,5,6,3742,2040,1702,7,8,14,24,29.2%,352.0,191.9,160.1,0.66,0.75,1.32,2.26,340.2,185.5,154.7,0.64,0.73,1.27,2.18,28,23,2.63,2.16,2.55,2.09
,,,Coyote_Scat,Contender,Samurai,The Sovereign,N/A,61.3,744,50,0.605,0.620,31,19,16840,10000,6840,49,36,36,150,32.7%,321.5,190.9,130.6,0.94,0.69,0.69,2.86,336.8,200.0,136.8,0.98,0.72,0.72,3.00,137,104,2.62,1.99,2.74,2.08
,,,Itsnotaxtro,Contender,Pastry Pioneers,The Bakery,N/A,58.8,425,28,0.552,0.571,16,12,10908,6360,4548,24,17,49,66,36.4%,364.6,212.6,152.0,0.80,0.57,1.64,2.21,389.6,227.1,162.4,0.86,0.61,1.75,2.36,82,72,2.74,2.41,2.93,2.57
,,,Brillo_Padd,Contender,Pastry Pioneers,The Bakery,N/A,58.4,816,56,0.591,0.679,38,18,19445,12550,6895,74,28,43,160,46.3%,338.5,218.5,120.0,1.29,0.49,0.75,2.79,347.2,224.1,123.1,1.32,0.50,0.77,2.86,159,126,2.77,2.19,2.84,2.25
,,,Buckring,Contender,Gallery Guild,Art Club,N/A,57.7,515,35,0.492,0.457,16,19,12308,7370,4938,42,19,26,92,45.7%,339.5,203.3,136.2,1.16,0.52,0.72,2.54,351.7,210.6,141.1,1.20,0.54,0.74,2.63,102,104,2.81,2.87,2.91,2.97
,,,Speciial_Eddy,Contender,Dagon,The Mythos,N/A,56.3,655,46,0.529,0.522,24,22,16119,8920,7199,39,21,56,117,33.3%,349.6,193.4,156.1,0.85,0.46,1.21,2.54,350.4,193.9,156.5,0.85,0.46,1.22,2.54,112,104,2.43,2.26,2.43,2.26
,,,Levophed,Contender,Pastry Pioneers,The Bakery,N/A,56.0,447,31,0.558,0.677,21,10,9990,5850,4140,26,23,27,75,34.7%,317.5,185.9,131.6,0.83,0.73,0.86,2.38,322.3,188.7,133.5,0.84,0.74,0.87,2.42,89,77,2.83,2.45,2.87,2.48
,,,Outlaw K3,Contender,Gallery Guild,Art Club,N/A,55.9,457,33,0.410,0.303,10,23,9628,5340,4288,21,24,23,89,23.6%,299.3,166.0,133.3,0.65,0.75,0.71,2.77,291.8,161.8,129.9,0.64,0.73,0.70,2.70,81,101,2.52,3.14,2.45,3.06
,,,Korusray,Contender,"Dread
Static","The Shadows
Electric Mayhem",N/A,55.7,406,31,0.389,0.323,10,21,10280,5450,4830,21,16,40,55,38.2%,359.7,190.7,169.0,0.73,0.56,1.40,1.92,331.6,175.8,155.8,0.68,0.52,1.29,1.77,70,92,2.45,3.22,2.26,2.97
,,,Ferriscrueller,Contender,Ice,The Elements,N/A,55.5,515,37,0.542,0.514,19,18,12275,6960,5315,35,15,34,101,34.7%,338.6,192.0,146.6,0.97,0.41,0.94,2.79,331.8,188.1,143.6,0.95,0.41,0.92,2.73,86,77,2.37,2.12,2.32,2.08
,,,Mulliganisoup,Contender,Dread,The Shadows,N/A,54.2,776,51,0.465,0.431,22,29,19791,11040,8751,46,19,83,134,34.3%,362.3,202.1,160.2,0.84,0.35,1.52,2.45,388.1,216.5,171.6,0.90,0.37,1.63,2.63,117,128,2.14,2.34,2.29,2.51
,,,Illusionchaos,Contender,Dagon,The Mythos,N/A,54.1,748,53,0.565,0.566,30,23,17291,9930,7361,47,27,50,138,34.1%,328.4,188.6,139.8,0.89,0.51,0.95,2.62,326.2,187.4,138.9,0.89,0.51,0.94,2.60,138,117,2.62,2.22,2.60,2.21
,,,Sel_En_Ium,Contender,Cheese Pizza,Fifty-Fifty Pizzeria,N/A,52.3,545,43,0.718,0.744,32,11,12448,7210,5238,31,24,41,86,36.0%,324.4,187.9,136.5,0.81,0.63,1.07,2.24,289.5,167.7,121.8,0.72,0.56,0.95,2.00,118,65,3.08,1.69,2.74,1.51
,,,Og_Cuddles_,Contender,Samurai,The Sovereign,N/A,52.3,571,39,0.610,0.590,23,16,13029,7420,5609,34,18,40,112,30.4%,324.1,184.6,139.5,0.85,0.45,1.00,2.79,334.1,190.3,143.8,0.87,0.46,1.03,2.87,108,81,2.69,2.01,2.77,2.08
,,,Tdogplayz,Contender,Ice,The Elements,N/A,51.5,512,39,0.673,0.641,25,14,11350,6140,5210,26,24,31,79,32.9%,314.9,170.3,144.5,0.72,0.67,0.86,2.19,291.0,157.4,133.6,0.67,0.62,0.79,2.03,102,64,2.83,1.78,2.62,1.64
,,,Minitechniks,Contender,Dread,The Shadows,N/A,51.1,795,53,0.497,0.509,27,26,18860,11640,7220,54,26,72,134,40.3%,337.0,208.0,129.0,0.96,0.46,1.29,2.39,355.8,219.6,136.2,1.02,0.49,1.36,2.53,130,131,2.32,2.34,2.45,2.47
,,,Greedy Snake Lord,Contender,Devoured,Destined,N/A,50.6,197,14,0.229,0.143,2,12,4770,2480,2290,9,7,19,28,32.1%,343.9,178.8,165.1,0.65,0.50,1.37,2.02,340.7,177.1,163.6,0.64,0.50,1.36,2.00,23,49,1.66,3.53,1.64,3.50
,,,Ark7000,Contender,Cheese Pizza,Fifty-Fifty Pizzeria,N/A,47.8,585,42,0.682,0.690,29,13,12655,7210,5445,36,23,30,96,37.5%,307.3,175.1,132.2,0.87,0.56,0.73,2.33,301.3,171.7,129.6,0.86,0.55,0.71,2.29,122,75,2.96,1.82,2.90,1.79
,,,Tazlien,Contender,"Gluttony
Dagon","Seven Deadly Sins
The Mythos",N/A,46.0,290,20,0.516,0.500,10,10,6128,3450,2678,18,9,13,55,32.7%,300.2,169.0,131.2,0.88,0.44,0.64,2.69,306.4,172.5,133.9,0.90,0.45,0.65,2.75,50,48,2.45,2.35,2.50,2.40
,,,Shark06,Contender,Hippie Haunters,Ghoul School,N/A,44.8,438,32,0.570,0.563,18,14,9095,4640,4455,17,16,27,79,21.5%,294.9,150.5,144.5,0.55,0.52,0.88,2.56,284.2,145.0,139.2,0.53,0.50,0.84,2.47,79,66,2.56,2.14,2.47,2.06
,,,Shraggaholic,Contender,Ice,The Elements,N/A,43.0,531,39,0.588,0.564,22,17,11501,6480,5021,24,19,46,83,28.9%,307.7,173.3,134.3,0.64,0.51,1.23,2.22,294.9,166.2,128.7,0.62,0.49,1.18,2.13,98,78,2.62,2.09,2.51,2.00
,,,Rwalls516R,Contender,Static,Electric Mayhem,N/A,42.8,636,46,0.261,0.174,8,38,15227,8580,6647,34,17,70,83,41.0%,340.1,191.6,148.5,0.76,0.38,1.56,1.85,331.0,186.5,144.5,0.74,0.37,1.52,1.80,85,161,1.90,3.60,1.85,3.50
,,,Lguporkers,Contender,Pastry Pioneers,The Bakery,N/A,42.3,278,20,0.617,0.650,13,7,5706,3180,2526,11,12,21,43,25.6%,291.5,162.5,129.1,0.56,0.61,1.07,2.20,285.3,159.0,126.3,0.55,0.60,1.05,2.15,53,39,2.71,1.99,2.65,1.95
,,,Froz3Nslack5R,Contender,Wisps,The Monster Mash,N/A,40.9,825,55,0.556,0.618,34,21,17595,10370,7225,51,22,55,142,35.9%,302.9,178.5,124.4,0.88,0.38,0.95,2.44,319.9,188.5,131.4,0.93,0.40,1.00,2.58,151,131,2.60,2.26,2.75,2.38
,,,Sup3Rm4N,Contender,Wisps,The Monster Mash,N/A,39.9,532,37,0.602,0.676,25,12,11064,6180,4884,29,16,32,88,33.0%,295.4,165.0,130.4,0.77,0.43,0.85,2.35,299.0,167.0,132.0,0.78,0.43,0.86,2.38,104,80,2.78,2.14,2.81,2.16
,,,Tsg Icy2587,Contender,Gluttony,Seven Deadly Sins,N/A,38.1,566,37,0.546,0.541,20,17,11579,6980,4599,26,25,48,73,35.6%,290.6,175.2,115.4,0.65,0.63,1.20,1.83,312.9,188.6,124.3,0.70,0.68,1.30,1.97,112,100,2.81,2.51,3.03,2.70
,,,I Am Candyman,Contender,Static,Electric Mayhem,N/A,36.9,500,38,0.288,0.211,8,30,11030,6070,4960,25,16,44,57,43.9%,313.3,172.4,140.9,0.71,0.45,1.25,1.62,290.3,159.7,130.5,0.66,0.42,1.16,1.50,70,122,1.99,3.47,1.84,3.21
,,,Xwdri,Contender,Dagon,The Mythos,N/A,34.8,283,20,0.549,0.500,10,10,5736,3100,2636,13,9,19,40,32.5%,287.9,155.6,132.3,0.65,0.45,0.95,2.01,286.8,155.0,131.8,0.65,0.45,0.95,2.00,51,45,2.56,2.26,2.55,2.25
,,,Sambo Swfc,Contender,Gallery Guild,Art Club,N/A,34.2,63,4,0.278,0.250,1,3,1476,940,536,3,1,10,9,33.3%,332.8,211.9,120.8,0.68,0.23,2.25,2.03,369.0,235.0,134.0,0.75,0.25,2.50,2.25,7,13,1.58,2.93,1.75,3.25
,,,Cynical89,Contender,"Static
Pastry Pioneers
Dread","Electric Mayhem
The Bakery
The Shadows",N/A,33.3,406,28,0.374,0.357,10,18,8094,4280,3814,15,16,30,48,31.3%,283.2,149.7,133.4,0.52,0.56,1.05,1.68,289.1,152.9,136.2,0.54,0.57,1.07,1.71,60,83,2.10,2.90,2.14,2.96
,,,Carno,Contender,Hippie Haunters,Ghoul School,N/A,32.9,714,53,0.596,0.566,30,23,14566,8480,6086,43,15,46,113,38.1%,289.8,168.7,121.1,0.86,0.30,0.92,2.25,274.8,160.0,114.8,0.81,0.28,0.87,2.13,131,102,2.61,2.03,2.47,1.92
,,,Rather Be Fission,Contender,Dread,The Shadows,N/A,30.8,377,25,0.513,0.520,13,12,7444,4360,3084,15,14,34,46,32.6%,280.5,164.3,116.2,0.57,0.53,1.28,1.73,297.8,174.4,123.4,0.60,0.56,1.36,1.84,62,60,2.34,2.26,2.48,2.40
,,,Getmcstuffed,Contender,Gallery Guild,Art Club,N/A,27.8,118,8,0.141,0.125,1,7,2428,1190,1238,5,1,9,19,26.3%,292.3,143.2,149.0,0.60,0.12,1.08,2.29,303.5,148.8,154.8,0.63,0.13,1.13,2.38,9,29,1.08,3.49,1.13,3.63
,,,Xxexgenxx,Contender,Gluttony,Seven Deadly Sins,N/A,27.0,307,21,0.478,0.524,11,10,5612,3100,2512,15,10,14,40,37.5%,259.7,143.4,116.2,0.69,0.46,0.65,1.85,267.2,147.6,119.6,0.71,0.48,0.67,1.90,53,56,2.45,2.59,2.52,2.67
,,,Hype56,Contender,Devoured,Destined,N/A,26.1,339,25,0.162,0.080,2,23,6876,3680,3196,13,7,32,43,30.2%,288.1,154.2,133.9,0.54,0.29,1.34,1.80,275.0,147.2,127.8,0.52,0.28,1.28,1.72,34,94,1.42,3.94,1.36,3.76
,,,Lostperson,Contender,Samurai,The Sovereign,N/A,25.9,367,27,0.531,0.556,15,12,6881,3850,3031,16,10,25,50,32.0%,266.3,149.0,117.3,0.62,0.39,0.97,1.94,254.9,142.6,112.3,0.59,0.37,0.93,1.85,66,61,2.55,2.36,2.44,2.26
,,,Hu-Alto,Contender,"Devoured
Dagon","Destined
The Mythos",N/A,24.2,376,26,0.177,0.038,1,25,7643,4430,3213,17,8,38,43,39.5%,288.7,167.4,121.4,0.64,0.30,1.44,1.62,294.0,170.4,123.6,0.65,0.31,1.46,1.65,37,97,1.40,3.66,1.42,3.73
,,,Colossus4203316,Contender,Static,Electric Mayhem,N/A,23.4,321,25,0.206,0.080,2,23,6305,3000,3305,10,9,25,30,33.3%,279.0,132.8,146.2,0.44,0.40,1.11,1.33,252.2,120.0,132.2,0.40,0.36,1.00,1.20,37,85,1.64,3.76,1.48,3.40
,,,Evil Twin,Contender,Wisps,The Monster Mash,N/A,23.3,461,28,0.475,0.500,14,14,8584,4800,3784,18,12,36,60,30.0%,264.5,147.9,116.6,0.55,0.37,1.11,1.85,306.6,171.4,135.1,0.64,0.43,1.29,2.14,76,81,2.34,2.50,2.71,2.89
,,,Angry-Hermit,Contender,Devoured,Destined,N/A,21.4,659,46,0.165,0.087,4,42,13094,6640,6454,18,13,69,74,24.3%,282.2,143.1,139.1,0.39,0.28,1.49,1.60,284.7,144.3,140.3,0.39,0.28,1.50,1.61,66,180,1.42,3.88,1.43,3.91
,,,Slashfabo420,Contender,Dread,The Shadows,N/A,20.7,61,4,0.191,0.000,0,4,1192,690,502,3,2,5,4,75.0%,277.6,160.7,116.9,0.70,0.47,1.16,0.93,298.0,172.5,125.5,0.75,0.50,1.25,1.00,6,15,1.40,3.49,1.50,3.75
,,,Kakashixrage162,Contender,Gallery Guild,Art Club,N/A,18.2,480,33,0.391,0.394,13,20,8203,4420,3783,17,14,29,57,29.8%,242.7,130.8,111.9,0.50,0.41,0.86,1.69,248.6,133.9,114.6,0.52,0.42,0.88,1.73,80,105,2.37,3.11,2.42,3.18
,,,Tepochtli1331,Contender,Devoured,Destined,N/A,10.2,416,30,0.169,0.067,2,28,7328,3520,3808,12,6,32,42,28.6%,250.2,120.2,130.0,0.41,0.20,1.09,1.43,244.3,117.3,126.9,0.40,0.20,1.07,1.40,43,115,1.47,3.93,1.43,3.83
,,,Legendhumble,Contender,Static,Electric Mayhem,N/A,8.8,103,8,0.104,0.000,0,8,1792,710,1082,2,1,7,11,18.2%,247.1,97.9,149.2,0.28,0.14,0.97,1.52,224.0,88.8,135.3,0.25,0.13,0.88,1.38,9,33,1.24,4.55,1.13,4.13
,,,D1Rew00F,Contender,Devoured,Destined,N/A,6.5,381,27,0.184,0.148,4,23,6585,3400,3185,12,5,32,35,34.3%,245.5,126.8,118.7,0.45,0.19,1.19,1.30,243.9,125.9,118.0,0.44,0.19,1.19,1.30,41,103,1.53,3.84,1.52,3.81
,,,Willroch21,Contender,"Dread
Static","The Shadows
Electric Mayhem",N/A,-2.1,247,17,0.375,0.412,7,10,3258,1770,1488,6,8,12,17,35.3%,187.4,101.8,85.6,0.35,0.46,0.69,0.98,191.6,104.1,87.5,0.35,0.47,0.71,1.00,37,51,2.13,2.93,2.18,3.00
,,,Traxstar_19,Contender,Gallery Guild,Art Club,N/A,-13.9,52,4,0.095,0.000,0,4,672,320,352,1,1,3,2,50.0%,183.6,87.4,96.2,0.27,0.27,0.82,0.55,168.0,80.0,88.0,0.25,0.25,0.75,0.50,4,16,1.09,4.37,1.00,4.00
,,,Yourbadkittycat,Contender,Gallery Guild,Art Club,N/A,-15.6,55,4,0.038,0.000,0,4,452,180,272,0,1,1,8,0.0%,116.7,46.5,70.2,0.00,0.26,0.26,2.07,113.0,45.0,68.0,0.00,0.25,0.25,2.00,2,16,0.52,4.13,0.50,4.00
,,,Yerp_Yerp02,Contender,Gluttony,Seven Deadly Sins,N/A,-17.2,38,4,0.044,0.000,0,4,585,210,375,0,0,4,1,0.0%,218.7,78.5,140.2,0.00,0.00,1.50,0.37,146.3,52.5,93.8,0.00,0.00,1.00,0.25,2,13,0.75,4.86,0.50,3.25
,,,Fullbl00Dn8V,Contender,Devoured,Destined,N/A,-43.1,32,2,0.324,0.000,0,2,276,50,226,0,0,1,0,,122.5,22.2,100.3,0.00,0.00,0.44,0.00,138.0,25.0,113.0,0.00,0.00,0.50,0.00,3,5,1.33,2.22,1.50,2.50
,,,Dillynmario,Challenger,Shinigami,The Gods,Solar,105.0,906,58,0.569,0.638,37,21,30450,18300,12150,85,41,115,200,42.5%,498.2,299.4,198.8,1.39,0.67,1.88,3.27,525.0,315.5,209.5,1.47,0.71,1.98,3.45,169,142,2.77,2.32,2.91,2.45
,,,Yadi Clears Me,Challenger,Yig,The Mythos,Lunar,94.0,808,53,0.732,0.774,41,12,23200,14210,8990,77,34,53,216,35.6%,425.6,260.7,164.9,1.41,0.62,0.97,3.96,437.7,268.1,169.6,1.45,0.64,1.00,4.08,163,85,2.99,1.56,3.08,1.60
,,,Light_Mcc.Yt,Challenger,Flailers,The Quad Dynasty,Solar,90.1,874,55,0.620,0.636,35,20,23953,14360,9593,70,44,59,221,31.7%,406.3,243.6,162.7,1.19,0.75,1.00,3.75,435.5,261.1,174.4,1.27,0.80,1.07,4.02,155,113,2.63,1.92,2.82,2.05
,,,Burger.101,Challenger,Breadsticks,Fifty-Fifty Pizzeria,Lunar,87.1,878,60,0.742,0.733,44,16,23711,14140,9571,62,54,67,189,32.8%,400.3,238.7,161.6,1.05,0.91,1.13,3.19,395.2,235.7,159.5,1.03,0.90,1.12,3.15,188,96,3.17,1.62,3.13,1.60
,,,Ahmxd19,Challenger,Slow Starfish,Speed Demons,Lunar,86.0,872,60,0.736,0.767,46,14,23939,14340,9599,75,48,52,184,40.8%,407.0,243.8,163.2,1.27,0.82,0.88,3.13,399.0,239.0,160.0,1.25,0.80,0.87,3.07,196,103,3.33,1.75,3.27,1.72
,,,Cognitixn,Challenger,Slow Starfish,Speed Demons,Lunar,82.9,872,60,0.736,0.767,46,14,23922,14790,9132,66,42,83,194,34.0%,406.7,251.4,155.2,1.12,0.71,1.41,3.30,398.7,246.5,152.2,1.10,0.70,1.38,3.23,196,103,3.33,1.75,3.27,1.72
,,,Chitoge,Challenger,Breadsticks,Fifty-Fifty Pizzeria,Lunar,79.2,825,56,0.761,0.768,43,13,22080,13320,8760,55,49,77,152,36.2%,396.7,239.3,157.4,0.99,0.88,1.38,2.73,394.3,237.9,156.4,0.98,0.88,1.38,2.71,182,87,3.27,1.56,3.25,1.55
,,,Kfman8,Challenger,Havarti Hustlers,Cheese Guild,Solar,75.8,422,29,0.559,0.483,14,15,11386,6530,4856,30,19,35,83,36.1%,400.0,229.4,170.6,1.05,0.67,1.23,2.92,392.6,225.2,167.4,1.03,0.66,1.21,2.86,70,60,2.46,2.11,2.41,2.07
,,,Yig'S #1 Cheerleader,Challenger,Havarti Hustlers,Cheese Guild,Solar,75.2,263,16,0.566,0.625,10,6,6991,4250,2741,20,13,22,50,40.0%,394.0,239.5,154.5,1.13,0.73,1.24,2.82,436.9,265.6,171.3,1.25,0.81,1.38,3.13,53,45,2.99,2.54,3.31,2.81
,,,Boostqueenniico,Challenger,"Jock O Lanterns
Strawberries","Ghoul School
The Garden",Solar,74.8,495,34,0.552,0.618,21,13,13646,8030,5616,41,20,40,93,44.1%,408.7,240.5,168.2,1.23,0.60,1.20,2.79,401.4,236.2,165.2,1.21,0.59,1.18,2.74,90,79,2.70,2.37,2.65,2.32
,,,El Angus,Challenger,"Apple Associates
Zombies","The Syndicate
The Monster Mash",Lunar,74.6,832,56,0.623,0.679,38,18,21855,12430,9425,55,37,67,173,31.8%,389.4,221.5,167.9,0.98,0.66,1.19,3.08,390.3,222.0,168.3,0.98,0.66,1.20,3.09,148,107,2.64,1.91,2.64,1.91
,,,Gambro,Challenger,Shock,Electric Mayhem,Lunar,73.5,619,40,0.668,0.800,32,8,15283,9130,6153,44,30,37,138,31.9%,366.0,218.6,147.3,1.05,0.72,0.89,3.30,382.1,228.3,153.8,1.10,0.75,0.93,3.45,119,76,2.85,1.82,2.98,1.90
,,,Cujo_Szn,Challenger,Slice Slice Baby,The Bakery,Solar,73.1,825,55,0.581,0.582,32,23,22016,13100,8916,61,29,75,180,33.9%,395.6,235.4,160.2,1.10,0.52,1.35,3.23,400.3,238.2,162.1,1.11,0.53,1.36,3.27,135,109,2.43,1.96,2.45,1.98
,,,Tacless,Challenger,"Penne Patrol
Greed","Italian Battalion
Seven Deadly Sins",Lunar,72.7,663,45,0.492,0.489,22,23,17609,9420,8189,42,27,51,132,31.8%,393.7,210.6,183.1,0.94,0.60,1.14,2.95,391.3,209.3,182.0,0.93,0.60,1.13,2.93,102,104,2.28,2.33,2.27,2.31
,,,Voracious Star,Challenger,Shock,Electric Mayhem,Lunar,72.3,859,55,0.703,0.836,46,9,21518,13200,8318,56,48,71,165,33.9%,371.3,227.8,143.5,0.97,0.83,1.23,2.85,391.2,240.0,151.2,1.02,0.87,1.29,3.00,181,105,3.12,1.81,3.29,1.91
,,,Chicken935,Challenger,Toucans,The Jungle,Solar,72.0,750,56,0.681,0.696,39,17,19713,11190,8523,59,30,46,149,39.6%,389.6,221.2,168.5,1.17,0.59,0.91,2.94,352.0,199.8,152.2,1.05,0.54,0.82,2.66,148,91,2.93,1.80,2.64,1.63
,,,Bioeffect,Challenger,Breadsticks,Fifty-Fifty Pizzeria,Lunar,71.9,856,59,0.749,0.746,44,15,22276,13280,8996,70,37,55,168,41.7%,385.8,230.0,155.8,1.21,0.64,0.95,2.91,377.6,225.1,152.5,1.19,0.63,0.93,2.85,185,92,3.20,1.59,3.14,1.56
,,,The Worst 1,Challenger,Apple Associates,The Syndicate,Lunar,70.2,705,49,0.559,0.551,27,22,18005,10350,7655,50,29,49,145,34.5%,378.6,217.6,161.0,1.05,0.61,1.03,3.05,367.4,211.2,156.2,1.02,0.59,1.00,2.96,121,104,2.54,2.19,2.47,2.12
,,,Superduperbam,Challenger,Abyss,The Shadows,Solar,70.1,929,60,0.581,0.567,34,26,24679,15300,9379,70,33,95,190,36.8%,393.8,244.1,149.7,1.12,0.53,1.52,3.03,411.3,255.0,156.3,1.17,0.55,1.58,3.17,164,133,2.62,2.12,2.73,2.22
,,,Dk Nyx,Challenger,"Squalls
Panda Bears","Storm
The Bear Den",Solar,69.6,355,24,0.535,0.583,14,10,9620,5520,4100,22,13,40,67,32.8%,401.7,230.5,171.2,0.92,0.54,1.67,2.80,400.8,230.0,170.8,0.92,0.54,1.67,2.79,59,54,2.46,2.25,2.46,2.25
,,,Ruthle,Challenger,Griffins,The Forest,Solar,69.1,774,56,0.509,0.446,25,31,19711,10260,9451,38,38,63,141,27.0%,377.5,196.5,181.0,0.73,0.73,1.21,2.70,352.0,183.2,168.8,0.68,0.68,1.13,2.52,132,129,2.53,2.47,2.36,2.30
,,,Quaza Gs,Challenger,Strawberries,The Garden,Lunar,69.1,849,58,0.592,0.621,36,22,23139,13780,9359,56,27,103,168,33.3%,404.0,240.6,163.4,0.98,0.47,1.80,2.93,398.9,237.6,161.4,0.97,0.47,1.78,2.90,144,113,2.51,1.97,2.48,1.95
,,,Desorrow.,Challenger,"Recycling Cringe
Squalls","Maste Wanagement
Storm",Solar,68.6,742,48,0.433,0.313,15,33,18432,10320,8112,41,37,59,142,28.9%,368.2,206.2,162.1,0.82,0.74,1.18,2.84,384.0,215.0,169.0,0.85,0.77,1.23,2.96,106,126,2.12,2.52,2.21,2.63
,,,Swimmer,Challenger,Abyss,The Shadows,Solar,67.2,916,59,0.587,0.576,34,25,22912,13280,9632,53,45,81,168,31.5%,370.8,214.9,155.9,0.86,0.73,1.31,2.72,388.3,225.1,163.3,0.90,0.76,1.37,2.85,164,131,2.65,2.12,2.78,2.22
,,,Irozuh-,Challenger,"Panda Bears
Zombies","The Bear Den
The Monster Mash",Lunar,65.8,610,42,0.512,0.476,20,22,15352,8960,6392,37,31,54,101,36.6%,373.1,217.7,155.3,0.90,0.75,1.31,2.45,365.5,213.3,152.2,0.88,0.74,1.29,2.40,104,101,2.53,2.45,2.48,2.40
,,,Dweller_Mist,Challenger,Greed,Seven Deadly Sins,Lunar,65.6,40,3,0.844,1.000,3,0,1038,440,598,1,1,4,9,11.1%,384.7,163.1,221.6,0.37,0.37,1.48,3.34,346.0,146.7,199.3,0.33,0.33,1.33,3.00,9,3,3.34,1.11,3.00,1.00
,,,Mogulmaniac5480,Challenger,Toucans,The Jungle,Solar,64.9,774,57,0.672,0.702,40,17,19693,10950,8743,40,33,78,140,28.6%,377.2,209.7,167.4,0.77,0.63,1.49,2.68,345.5,192.1,153.4,0.70,0.58,1.37,2.46,156,99,2.99,1.90,2.74,1.74
,,,Jack.Flv,Challenger,Void,Event Horizon,Solar,63.3,604,42,0.659,0.690,29,13,14582,8640,5942,40,27,43,114,35.1%,357.9,212.0,145.8,0.98,0.66,1.06,2.80,347.2,205.7,141.5,0.95,0.64,1.02,2.71,120,79,2.95,1.94,2.86,1.88
,,,Turtle_Supreme,Challenger,Narwhals,Whale Defense,Lunar,63.0,788,51,0.488,0.412,21,30,19608,11500,8108,56,31,58,145,38.6%,368.9,216.3,152.5,1.05,0.58,1.09,2.73,384.5,225.5,159.0,1.10,0.61,1.14,2.84,127,131,2.39,2.46,2.49,2.57
,,,Executivepowers,Challenger,Zombies,The Monster Mash,Lunar,62.9,319,20,0.648,0.700,14,6,7366,4300,3066,19,15,20,65,29.2%,342.3,199.8,142.5,0.88,0.70,0.93,3.02,368.3,215.0,153.3,0.95,0.75,1.00,3.25,58,39,2.70,1.81,2.90,1.95
,,,Theodorethe2,Challenger,Penne Patrol,Italian Battalion,Lunar,62.8,455,29,0.475,0.414,12,17,11369,6880,4489,31,20,40,78,39.7%,370.4,224.1,146.2,1.01,0.65,1.30,2.54,392.0,237.2,154.8,1.07,0.69,1.38,2.69,79,84,2.57,2.74,2.72,2.90
,,,Lt. Dan Band,Challenger,Tarantulas,Eight Legged Freaks,Lunar,61.8,276,20,0.409,0.450,9,11,7396,4120,3276,19,6,28,52,36.5%,397.2,221.3,175.9,1.02,0.32,1.50,2.79,369.8,206.0,163.8,0.95,0.30,1.40,2.60,37,47,1.99,2.52,1.85,2.35
,,,Godless,Challenger,Toucans,The Jungle,Solar,61.4,746,55,0.650,0.691,38,17,17713,10040,7673,50,29,42,149,33.6%,352.0,199.5,152.5,0.99,0.58,0.83,2.96,322.1,182.5,139.5,0.91,0.53,0.76,2.71,144,97,2.86,1.93,2.62,1.76
,,,Ary,Challenger,Yig,The Mythos,Lunar,61.2,914,60,0.690,0.733,44,16,21533,12460,9073,50,51,69,146,34.2%,349.2,202.1,147.1,0.81,0.83,1.12,2.37,358.9,207.7,151.2,0.83,0.85,1.15,2.43,176,105,2.85,1.70,2.93,1.75
,,,The Chef!,Challenger,Shock,Electric Mayhem,Lunar,60.1,932,60,0.677,0.783,47,13,22208,13140,9068,61,37,68,179,34.1%,353.2,209.0,144.2,0.97,0.59,1.08,2.85,370.1,219.0,151.1,1.02,0.62,1.13,2.98,190,119,3.02,1.89,3.17,1.98
,,,Iamthemosthumble,Challenger,Venus,The Nexus,Solar,59.0,53,4,0.412,0.250,1,3,1389,770,619,4,2,4,7,57.1%,388.5,215.4,173.1,1.12,0.56,1.12,1.96,347.3,192.5,154.8,1.00,0.50,1.00,1.75,8,10,2.24,2.80,2.00,2.50
,,,Dyl,Challenger,Griffins,The Forest,Solar,58.7,693,49,0.507,0.449,22,27,16786,9530,7256,42,27,55,123,34.1%,359.1,203.9,155.2,0.90,0.58,1.18,2.63,342.6,194.5,148.1,0.86,0.55,1.12,2.51,118,116,2.52,2.48,2.41,2.37
,,,Zippythegnome,Challenger,Spartans,The Sovereign,Lunar,57.8,662,47,0.479,0.447,21,26,16095,9100,6995,35,26,63,115,30.4%,360.4,203.8,156.6,0.78,0.58,1.41,2.58,342.4,193.6,148.8,0.74,0.55,1.34,2.45,110,116,2.46,2.60,2.34,2.47
,,,Chase,Challenger,Void,Event Horizon,Solar,57.4,757,52,0.687,0.750,39,13,17656,10290,7366,49,24,52,159,30.8%,345.7,201.5,144.2,0.96,0.47,1.02,3.11,339.5,197.9,141.7,0.94,0.46,1.00,3.06,136,81,2.66,1.59,2.62,1.56
,,,Dondo Rf,Challenger,Strawberries,The Garden,Lunar,57.0,196,14,0.645,0.714,10,4,4964,3010,1954,16,3,17,41,39.0%,375.4,227.6,147.8,1.21,0.23,1.29,3.10,354.6,215.0,139.6,1.14,0.21,1.21,2.93,38,26,2.87,1.97,2.71,1.86
,,,X Arc Fives X,Challenger,Shock,Electric Mayhem,Lunar,56.9,386,25,0.633,0.640,16,9,8355,5550,2805,29,17,20,80,36.3%,320.9,213.1,107.7,1.11,0.65,0.77,3.07,334.2,222.0,112.2,1.16,0.68,0.80,3.20,80,57,3.07,2.19,3.20,2.28
,,,Doctorprofessor_,Challenger,Spartans,The Sovereign,Lunar,56.6,671,48,0.536,0.479,23,25,17064,9860,7204,47,18,62,116,40.5%,377.0,217.8,159.1,1.04,0.40,1.37,2.56,355.5,205.4,150.1,0.98,0.38,1.29,2.42,116,106,2.56,2.34,2.42,2.21
,,,Craiger32,Challenger,Slice Slice Baby,The Bakery,Solar,56.4,726,48,0.632,0.667,32,16,16985,9400,7585,34,32,63,125,27.2%,346.8,191.9,154.9,0.69,0.65,1.29,2.55,353.9,195.8,158.0,0.71,0.67,1.31,2.60,123,86,2.51,1.76,2.56,1.79
,,,Easytactical,Challenger,Spearmint,Minty Fresh,Solar,56.4,374,26,0.428,0.423,11,15,9290,5010,4280,21,13,33,61,34.4%,368.2,198.6,169.6,0.83,0.52,1.31,2.42,357.3,192.7,164.6,0.81,0.50,1.27,2.35,61,73,2.42,2.89,2.35,2.81
,,,Butlight_Guy,Challenger,Narwhals,Whale Defense,Lunar,56.4,800,51,0.456,0.412,21,30,19593,11680,7913,49,25,81,148,33.1%,363.0,216.4,146.6,0.91,0.46,1.50,2.74,384.2,229.0,155.2,0.96,0.49,1.59,2.90,126,141,2.33,2.61,2.47,2.76
,,,Primed,Challenger,Spartans,The Sovereign,Lunar,56.2,466,34,0.564,0.618,21,13,10698,6320,4378,28,24,32,72,38.9%,340.3,201.0,139.3,0.89,0.76,1.02,2.29,314.6,185.9,128.8,0.82,0.71,0.94,2.12,97,83,3.09,2.64,2.85,2.44
,,,Prezmo_,Challenger,Flailers,The Quad Dynasty,Solar,56.1,766,48,0.669,0.646,31,17,17575,10780,6795,54,27,50,153,35.3%,340.1,208.6,131.5,1.05,0.52,0.97,2.96,366.1,224.6,141.6,1.13,0.56,1.04,3.19,145,92,2.81,1.78,3.02,1.92
,,,Chadgpt,Challenger,Spearmint,Minty Fresh,Solar,55.8,820,56,0.436,0.446,25,31,19827,11470,8357,51,29,70,142,35.9%,358.4,207.3,151.1,0.92,0.52,1.27,2.57,354.1,204.8,149.2,0.91,0.52,1.25,2.54,116,137,2.10,2.48,2.07,2.45
,,,Bazzinga1493,Challenger,Void,Event Horizon,Solar,55.3,756,52,0.689,0.731,38,14,18655,10260,8395,39,24,77,131,29.8%,365.8,201.2,164.6,0.76,0.47,1.51,2.57,358.8,197.3,161.4,0.75,0.46,1.48,2.52,134,79,2.63,1.55,2.58,1.52
,,,Vires,Challenger,Yig,The Mythos,Lunar,55.2,858,56,0.705,0.750,42,14,18427,10790,7637,46,40,50,169,27.2%,318.4,186.4,131.9,0.79,0.69,0.86,2.92,329.1,192.7,136.4,0.82,0.71,0.89,3.02,170,97,2.94,1.68,3.04,1.73
,,,Raisonbran,Challenger,Toucans,The Jungle,Solar,54.6,172,12,0.553,0.500,6,6,3630,2390,1240,11,10,10,29,37.9%,312.8,206.0,106.9,0.95,0.86,0.86,2.50,302.5,199.2,103.3,0.92,0.83,0.83,2.42,32,28,2.76,2.41,2.67,2.33
,,,Rmuru-,Challenger,Venus,The Nexus,Solar,53.7,880,56,0.506,0.500,28,28,21299,12150,9149,51,27,83,155,32.9%,358.8,204.7,154.1,0.86,0.45,1.40,2.61,380.3,217.0,163.4,0.91,0.48,1.48,2.77,138,136,2.32,2.29,2.46,2.43
,,,Subj3Ct_Teonligas,Challenger,Crias,The Herd,Lunar,53.6,713,46,0.527,0.413,19,27,15822,9540,6282,48,25,41,144,33.3%,328.9,198.3,130.6,1.00,0.52,0.85,2.99,344.0,207.4,136.6,1.04,0.54,0.89,3.13,120,112,2.49,2.33,2.61,2.43
,,,Lazyz.,Challenger,"Griffins
Squalls","The Forest
Storm",Solar,52.9,401,26,0.482,0.385,10,16,9556,5450,4106,19,17,42,60,31.7%,353.3,201.5,151.8,0.70,0.63,1.55,2.22,367.5,209.6,157.9,0.73,0.65,1.62,2.31,66,69,2.44,2.55,2.54,2.65
,,,Pie_Taster,Challenger,"Havarti Hustlers
Isopods","Cheese Guild
The Abyss",Solar,52.9,177,12,0.352,0.417,5,7,4163,2420,1743,9,6,18,32,28.1%,348.6,202.7,146.0,0.75,0.50,1.51,2.68,346.9,201.7,145.3,0.75,0.50,1.50,2.67,20,30,1.67,2.51,1.67,2.50
,,,Zl Mango Lz,Challenger,"Threshers
Havarti Hustlers","Shark Attack
Cheese Guild",Lunar,52.8,624,45,0.456,0.511,23,22,14821,7680,7141,25,23,60,103,24.3%,352.1,182.4,169.6,0.59,0.55,1.43,2.45,329.4,170.7,158.7,0.56,0.51,1.33,2.29,91,102,2.16,2.42,2.02,2.27
,,,Westandalone0,Challenger,Void,Event Horizon,Solar,52.2,484,34,0.577,0.588,20,14,11610,6560,5050,27,14,46,86,31.4%,355.6,200.9,154.7,0.83,0.43,1.41,2.63,341.5,192.9,148.5,0.79,0.41,1.35,2.53,75,61,2.30,1.87,2.21,1.79
,,,Peppermyntlatte,Challenger,Crias,The Herd,Lunar,52.1,842,56,0.494,0.393,22,34,20203,11050,9153,47,25,73,145,32.4%,355.7,194.5,161.1,0.83,0.44,1.29,2.55,360.8,197.3,163.4,0.84,0.45,1.30,2.59,135,137,2.38,2.41,2.41,2.45
,,,Ducky,Challenger,Griffins,The Forest,Solar,51.9,65,4,0.465,0.500,2,2,1117,700,417,1,6,4,10,10.0%,254.7,159.6,95.1,0.23,1.37,0.91,2.28,279.3,175.0,104.3,0.25,1.50,1.00,2.50,11,12,2.51,2.74,2.75,3.00
,,,Sniperwarrior007,Challenger,Deceased,Destined,Solar,51.9,801,52,0.395,0.385,20,32,19075,10510,8565,32,26,92,141,22.7%,353.0,194.5,158.5,0.59,0.48,1.70,2.61,366.8,202.1,164.7,0.62,0.50,1.77,2.71,108,142,2.00,2.63,2.08,2.73
,,,Bear94621,Challenger,"Zombies
Apple Associates","The Monster Mash
The Syndicate",Lunar,51.7,528,36,0.360,0.389,14,22,12698,7540,5158,37,17,43,84,44.0%,356.5,211.7,144.8,1.04,0.48,1.21,2.36,352.7,209.4,143.3,1.03,0.47,1.19,2.33,77,110,2.16,3.09,2.14,3.06
,,,Blu3Prints,Challenger,"Strawberries
Chromatic Chaos","The Garden
Art Club",Lunar,51.6,660,43,0.475,0.442,19,24,15427,9340,6087,38,28,63,99,38.4%,346.5,209.8,136.7,0.85,0.63,1.41,2.22,358.8,217.2,141.6,0.88,0.65,1.47,2.30,105,112,2.36,2.52,2.44,2.60
,,,1_Krispy_1,Challenger,Jock O Lanterns,Ghoul School,Solar,51.6,678,48,0.451,0.417,20,28,16066,8490,7576,32,24,60,109,29.4%,351.3,185.6,165.6,0.70,0.52,1.31,2.38,334.7,176.9,157.8,0.67,0.50,1.25,2.27,94,107,2.06,2.34,1.96,2.23
,,,Merioch,Challenger,Shinigami,The Gods,Solar,51.6,698,44,0.563,0.614,27,17,16242,9540,6702,39,30,62,104,37.5%,344.9,202.6,142.3,0.83,0.64,1.32,2.21,369.1,216.8,152.3,0.89,0.68,1.41,2.36,130,111,2.76,2.36,2.95,2.52
,,,Fryder,Challenger,Metal,The Elements,Solar,51.4,706,53,0.452,0.472,25,28,16286,8200,8086,28,31,56,105,26.7%,342.0,172.2,169.8,0.59,0.65,1.18,2.20,307.3,154.7,152.6,0.53,0.58,1.06,1.98,107,121,2.25,2.54,2.02,2.28
,,,Thog,Challenger,Panda Bears,The Bear Den,Lunar,51.3,749,52,0.416,0.404,21,31,17346,9610,7736,45,26,51,126,35.7%,343.3,190.2,153.1,0.89,0.51,1.01,2.49,333.6,184.8,148.8,0.87,0.50,0.98,2.42,108,134,2.14,2.65,2.08,2.58
,,,Thunderbolt,Challenger,Abyss,The Shadows,Solar,51.3,472,31,0.611,0.645,20,11,10736,6160,4576,19,26,47,61,31.1%,337.2,193.5,143.7,0.60,0.82,1.48,1.92,346.3,198.7,147.6,0.61,0.84,1.52,1.97,83,62,2.61,1.95,2.68,2.00
,,,Lxploitl,Challenger,Venus,The Nexus,Solar,51.1,779,49,0.503,0.490,24,25,18662,10570,8092,43,25,75,127,33.9%,355.1,201.1,154.0,0.82,0.48,1.43,2.42,380.9,215.7,165.1,0.88,0.51,1.53,2.59,115,114,2.19,2.17,2.35,2.33
,,,Reaperodeath,Challenger,"Chromatic Chaos
Squalls","Art Club
Storm",Solar,50.6,656,43,0.337,0.302,13,30,15144,9160,5984,39,20,61,121,32.2%,342.2,207.0,135.2,0.88,0.45,1.38,2.73,352.2,213.0,139.2,0.91,0.47,1.42,2.81,89,136,2.01,3.07,2.07,3.16
,,,Just 1 Jo,Challenger,Zombies,The Monster Mash,Lunar,50.4,95,7,0.608,0.571,4,3,2363,1340,1023,6,1,10,19,31.6%,368.7,209.1,159.6,0.94,0.16,1.56,2.96,337.6,191.4,146.1,0.86,0.14,1.43,2.71,16,12,2.50,1.87,2.29,1.71
,,,Schmeemeet,Challenger,Havarti Hustlers,Cheese Guild,Solar,50.1,624,43,0.450,0.442,19,24,15490,8960,6530,34,19,74,91,37.4%,368.0,212.9,155.1,0.81,0.45,1.76,2.16,360.2,208.4,151.9,0.79,0.44,1.72,2.12,85,97,2.02,2.30,1.98,2.26
,,,Wheelchair {Lflegs},Challenger,Flailers,The Quad Dynasty,Solar,48.3,72,5,0.764,0.600,3,2,1389,800,589,3,5,3,10,30.0%,286.0,164.7,121.3,0.62,1.03,0.62,2.06,277.8,160.0,117.8,0.60,1.00,0.60,2.00,15,7,3.09,1.44,3.00,1.40
,,,Squirrel,Challenger,Slow Starfish,Speed Demons,Lunar,47.9,637,44,0.770,0.841,37,7,13568,8010,5558,38,29,35,101,37.6%,315.7,186.4,129.3,0.88,0.67,0.81,2.35,308.4,182.0,126.3,0.86,0.66,0.80,2.30,151,71,3.51,1.65,3.43,1.61
,,,Oksano.-,Challenger,Threshers,Shark Attack,Lunar,47.7,542,41,0.463,0.512,21,20,12492,7110,5382,30,18,47,86,34.9%,341.7,194.5,147.2,0.82,0.49,1.29,2.35,304.7,173.4,131.3,0.73,0.44,1.15,2.10,79,87,2.16,2.38,1.93,2.12
,,,Oneplayamaker,Challenger,Jock O Lanterns,Ghoul School,Solar,47.7,765,52,0.480,0.462,24,28,17469,9490,7979,36,26,67,124,29.0%,338.5,183.9,154.6,0.70,0.50,1.30,2.40,335.9,182.5,153.4,0.69,0.50,1.29,2.38,114,120,2.21,2.33,2.19,2.31
,,,Eyesucka,Challenger,"Apple Associates
Zombies","The Syndicate
The Monster Mash",Lunar,47.5,688,44,0.522,0.591,26,18,15575,9100,6475,36,25,63,110,32.7%,335.6,196.1,139.5,0.78,0.54,1.36,2.37,354.0,206.8,147.2,0.82,0.57,1.43,2.50,106,100,2.28,2.15,2.41,2.27
,,,Chulainn,Challenger,Metal,The Elements,Solar,47.4,612,45,0.410,0.467,21,24,14050,8140,5910,32,22,58,94,34.0%,340.3,197.2,143.1,0.78,0.53,1.40,2.28,312.2,180.9,131.3,0.71,0.49,1.29,2.09,88,111,2.13,2.69,1.96,2.47
,,,Dafiya711,Challenger,Metal,The Elements,Solar,47.1,572,42,0.397,0.429,18,24,13097,7310,5787,31,17,48,96,32.3%,339.4,189.4,150.0,0.80,0.44,1.24,2.49,311.8,174.0,137.8,0.74,0.40,1.14,2.29,83,108,2.15,2.80,1.98,2.57
,,,Kflip11,Challenger,"Greed
Griffins","Seven Deadly Sins
The Forest",Solar,46.6,702,54,0.429,0.370,20,34,16375,8970,7405,44,17,51,117,37.6%,345.8,189.4,156.4,0.93,0.36,1.08,2.47,303.2,166.1,137.1,0.81,0.31,0.94,2.17,105,126,2.22,2.66,1.94,2.33
,,,Avgjohnson,Challenger,Recycling Cringe,Maste Wanagement,Solar,46.4,780,52,0.370,0.346,18,34,17860,9970,7890,38,26,73,122,31.1%,339.4,189.5,149.9,0.72,0.49,1.39,2.32,343.5,191.7,151.7,0.73,0.50,1.40,2.35,104,146,1.98,2.77,2.00,2.81
,,,Robophant,Challenger,Griffins,The Forest,Solar,46.4,221,18,0.382,0.278,5,13,4922,2710,2212,13,4,15,46,28.3%,330.1,181.8,148.4,0.87,0.27,1.01,3.09,273.4,150.6,122.9,0.72,0.22,0.83,2.56,31,42,2.08,2.82,1.72,2.33
,,,Ascreaus,Challenger,"Strawberries
Narwhals","The Garden
Whale Defense",Lunar,46.4,232,15,0.510,0.533,8,7,5030,2810,2220,10,10,19,36,27.8%,321.4,179.5,141.8,0.64,0.64,1.21,2.30,335.3,187.3,148.0,0.67,0.67,1.27,2.40,40,39,2.56,2.49,2.67,2.60
,,,Turboalpaca,Challenger,Spartans,The Sovereign,Lunar,46.0,645,45,0.451,0.444,20,25,13358,7390,5968,32,26,35,114,28.1%,307.0,169.8,137.2,0.74,0.60,0.80,2.62,296.8,164.2,132.6,0.71,0.58,0.78,2.53,98,111,2.25,2.55,2.18,2.47
,,,Shinxx403,Challenger,Zombies,The Monster Mash,Lunar,45.1,501,34,0.305,0.324,11,23,11178,6270,4908,17,21,56,72,23.6%,330.7,185.5,145.2,0.50,0.62,1.66,2.13,328.8,184.4,144.4,0.50,0.62,1.65,2.12,61,103,1.80,3.05,1.79,3.03
,,,Boogerbear5067,Challenger,Greed,Seven Deadly Sins,Lunar,44.9,803,55,0.473,0.455,25,30,18289,10510,7779,45,21,72,136,33.1%,337.6,194.0,143.6,0.83,0.39,1.33,2.51,332.5,191.1,141.4,0.82,0.38,1.31,2.47,124,133,2.29,2.46,2.25,2.42
,,,Satrblastr,Challenger,"Penne Patrol
Narwhals","Italian Battalion
Whale Defense",Lunar,43.7,675,44,0.409,0.386,17,27,15241,8620,6621,30,24,69,97,30.9%,334.7,189.3,145.4,0.66,0.53,1.52,2.13,346.4,195.9,150.5,0.68,0.55,1.57,2.20,104,131,2.28,2.88,2.36,2.98
,,,Shiftdrink,Challenger,"Crias
Narwhals","The Herd
Whale Defense",Lunar,43.2,191,13,0.397,0.231,3,10,4546,2600,1946,8,6,25,25,32.0%,352.8,201.8,151.0,0.62,0.47,1.94,1.94,349.7,200.0,149.7,0.62,0.46,1.92,1.92,31,40,2.41,3.10,2.38,3.08
,,,Jpd.,Challenger,Apple Associates,The Syndicate,Lunar,43.0,696,48,0.591,0.583,28,20,14790,8280,6510,31,29,54,103,30.1%,315.0,176.3,138.7,0.66,0.62,1.15,2.19,308.1,172.5,135.6,0.65,0.60,1.13,2.15,130,103,2.77,2.19,2.71,2.15
,,,Clockwork7678,Challenger,Metal,The Elements,Solar,42.5,489,37,0.378,0.378,14,23,10900,5640,5260,24,13,36,79,30.4%,330.4,171.0,159.5,0.73,0.39,1.09,2.39,294.6,152.4,142.2,0.65,0.35,0.97,2.14,67,92,2.03,2.79,1.81,2.49
,,,Ewoo!,Challenger,"Squalls
Chromatic Chaos","Storm
Art Club",Solar,42.3,652,44,0.309,0.318,14,30,15100,8190,6910,30,18,67,94,31.9%,343.3,186.2,157.1,0.68,0.41,1.52,2.14,343.2,186.1,157.0,0.68,0.41,1.52,2.14,86,142,1.96,3.23,1.95,3.23
,,,Lustlizard,Challenger,Tarantulas,Eight Legged Freaks,Lunar,41.9,781,54,0.378,0.370,20,34,17088,9780,7308,32,26,81,123,26.0%,324.3,185.6,138.7,0.61,0.49,1.54,2.33,316.4,181.1,135.3,0.59,0.48,1.50,2.28,108,148,2.05,2.81,2.00,2.74
,,,1999 Toyota Camry,Challenger,Spearmint,Minty Fresh,Solar,41.8,855,58,0.456,0.448,26,32,18343,10230,8113,38,32,71,128,29.7%,318.0,177.4,140.7,0.66,0.55,1.23,2.22,316.3,176.4,139.9,0.66,0.55,1.22,2.21,124,139,2.15,2.41,2.14,2.40
,,,Xxdaddysherexx,Challenger,Venus,The Nexus,Solar,41.6,706,45,0.562,0.556,25,20,15619,9080,6539,35,22,68,108,32.4%,327.9,190.6,137.3,0.73,0.46,1.43,2.27,347.1,201.8,145.3,0.78,0.49,1.51,2.40,113,96,2.37,2.02,2.51,2.13
,,,Braxxton,Challenger,Slice Slice Baby,The Bakery,Solar,41.5,593,40,0.616,0.625,25,15,12014,7000,5014,27,25,42,95,28.4%,300.3,175.0,125.3,0.67,0.62,1.05,2.37,300.4,175.0,125.4,0.68,0.63,1.05,2.38,102,75,2.55,1.87,2.55,1.88
,,,Nando,Challenger,Shinigami,The Gods,Solar,41.2,422,28,0.634,0.750,21,7,8752,4820,3932,17,18,32,62,27.4%,307.4,169.3,138.1,0.60,0.63,1.12,2.18,312.6,172.1,140.4,0.61,0.64,1.14,2.21,77,54,2.70,1.90,2.75,1.93
,,,Its_Lost,Challenger,Spearmint,Minty Fresh,Solar,41.2,600,40,0.405,0.400,16,24,13445,6440,7005,14,22,63,79,17.7%,332.2,159.1,173.1,0.35,0.54,1.56,1.95,336.1,161.0,175.1,0.35,0.55,1.58,1.98,71,92,1.75,2.27,1.78,2.30
,,,Washedtopher,Challenger,Panda Bears,The Bear Den,Lunar,41.1,336,25,0.452,0.400,10,15,8037,4510,3527,18,9,37,41,43.9%,354.6,199.0,155.6,0.79,0.40,1.63,1.81,321.5,180.4,141.1,0.72,0.36,1.48,1.64,55,62,2.43,2.74,2.20,2.48
,,,Shazampoof,Challenger,Slow Starfish,Speed Demons,Lunar,40.8,235,16,0.631,0.563,9,7,4945,3070,1875,17,6,13,42,40.5%,311.9,193.7,118.3,1.07,0.38,0.82,2.65,309.1,191.9,117.2,1.06,0.38,0.81,2.63,45,32,2.84,2.02,2.81,2.00
,,,Ledtasso,Challenger,Penne Patrol,Italian Battalion,Lunar,40.0,702,46,0.497,0.457,21,25,14008,8060,5948,32,31,45,106,30.2%,295.8,170.2,125.6,0.68,0.65,0.95,2.24,304.5,175.2,129.3,0.70,0.67,0.98,2.30,123,124,2.60,2.62,2.67,2.70
,,,Envii._.,Challenger,Strawberries,The Garden,Lunar,39.8,853,58,0.560,0.586,34,24,17514,9570,7944,37,34,58,127,29.1%,304.4,166.3,138.1,0.64,0.59,1.01,2.21,302.0,165.0,137.0,0.64,0.59,1.00,2.19,138,118,2.40,2.05,2.38,2.03
,,,Dayz,Challenger,"Flailers
Zombies","The Quad Dynasty
The Monster Mash",Solar,39.1,388,24,0.604,0.583,14,10,7642,4180,3462,14,16,27,63,22.2%,292.0,159.7,132.3,0.53,0.61,1.03,2.41,318.4,174.2,144.3,0.58,0.67,1.13,2.63,61,46,2.33,1.76,2.54,1.92
,,,Free.,Challenger,"Havarti Hustlers
Chromatic Chaos","Cheese Guild
Art Club",Solar,39.0,823,56,0.401,0.304,17,39,16907,8920,7987,31,32,60,122,25.4%,304.5,160.7,143.9,0.56,0.58,1.08,2.20,301.9,159.3,142.6,0.55,0.57,1.07,2.18,117,151,2.11,2.72,2.09,2.70
,,,Notz0Han,Challenger,Greed,Seven Deadly Sins,Lunar,38.6,858,59,0.474,0.441,26,33,18211,9560,8651,38,28,62,126,30.2%,314.6,165.2,149.5,0.66,0.48,1.07,2.18,308.7,162.0,146.6,0.64,0.47,1.05,2.14,133,142,2.30,2.45,2.25,2.41
,,,Cyroic,Challenger,Slice Slice Baby,The Bakery,Solar,38.6,430,30,0.607,0.633,19,11,8840,4870,3970,21,13,28,72,29.2%,304.7,167.9,136.9,0.72,0.45,0.97,2.48,294.7,162.3,132.3,0.70,0.43,0.93,2.40,73,55,2.52,1.90,2.43,1.83
,,,Xypheron,Challenger,Crias,The Herd,Lunar,38.5,450,29,0.400,0.276,8,21,9054,4620,4434,17,18,27,67,25.4%,298.3,152.2,146.1,0.56,0.59,0.89,2.21,312.2,159.3,152.9,0.59,0.62,0.93,2.31,55,72,1.81,2.37,1.90,2.48
,,,Onlyjammer,Challenger,Recycling Cringe,Maste Wanagement,Solar,37.7,417,29,0.411,0.448,13,16,8267,4690,3577,18,15,29,69,26.1%,293.9,166.7,127.2,0.64,0.53,1.03,2.45,285.1,161.7,123.3,0.62,0.52,1.00,2.38,63,79,2.24,2.81,2.17,2.72
,,,Thatbugzbunny,Challenger,Crias,The Herd,Lunar,37.2,605,40,0.488,0.375,15,25,12885,6990,5895,24,22,54,79,30.4%,315.7,171.3,144.4,0.59,0.54,1.32,1.94,322.1,174.8,147.4,0.60,0.55,1.35,1.98,101,104,2.47,2.55,2.53,2.60
,,,Tonymenji,Challenger,Apple Associates,The Syndicate,Lunar,37.2,115,9,0.480,0.333,3,6,2686,1460,1226,4,4,15,11,36.4%,346.2,188.2,158.0,0.52,0.52,1.93,1.42,298.4,162.2,136.2,0.44,0.44,1.67,1.22,20,21,2.58,2.71,2.22,2.33
,,,Razalgould,Challenger,Isopods,The Abyss,Lunar,36.5,790,51,0.271,0.314,16,35,17886,10200,7686,36,18,92,110,32.7%,335.6,191.4,144.2,0.68,0.34,1.73,2.06,350.7,200.0,150.7,0.71,0.35,1.80,2.16,96,178,1.80,3.34,1.88,3.49
,,,Magesticeagle1,Challenger,"Jock O Lanterns
Chromatic Chaos
Deceased","Ghoul School
Art Club
Destined",Solar,36.4,594,37,0.435,0.486,18,19,13137,7780,5357,34,13,57,88,38.6%,327.8,194.2,133.7,0.85,0.32,1.42,2.20,355.1,210.3,144.8,0.92,0.35,1.54,2.38,88,104,2.20,2.60,2.38,2.81
,,,Swanny2.0,Challenger,Panda Bears,The Bear Den,Lunar,36.2,311,20,0.420,0.350,7,13,6537,3560,2977,15,9,23,46,32.6%,311.6,169.7,141.9,0.71,0.43,1.10,2.19,326.9,178.0,148.9,0.75,0.45,1.15,2.30,43,53,2.05,2.53,2.15,2.65
,,,Dylon37,Challenger,Narwhals,Whale Defense,Lunar,35.9,683,44,0.432,0.386,17,27,14218,7810,6408,30,21,55,101,29.7%,308.6,169.5,139.1,0.65,0.46,1.19,2.19,323.1,177.5,145.6,0.68,0.48,1.25,2.30,106,126,2.30,2.73,2.41,2.86
,,,Zachs Vibes,Challenger,Tarantulas,Eight Legged Freaks,Lunar,34.9,752,52,0.385,0.385,20,32,15740,8540,7200,40,17,50,119,33.6%,310.3,168.3,141.9,0.79,0.34,0.99,2.35,302.7,164.2,138.5,0.77,0.33,0.96,2.29,104,140,2.05,2.76,2.00,2.69
,,,Smitty,Challenger,Recycling Cringe,Maste Wanagement,Solar,34.8,330,23,0.359,0.261,6,17,6696,3710,2986,9,16,33,36,25.0%,300.8,166.7,134.1,0.40,0.72,1.48,1.62,291.1,161.3,129.8,0.39,0.70,1.43,1.57,45,65,2.02,2.92,1.96,2.83
,,,Ophb_Bakaman,Challenger,"Apple Associates
Squalls","The Syndicate
Storm",Solar,34.5,293,19,0.613,0.526,10,9,6086,3350,2736,10,10,29,40,25.0%,307.9,169.5,138.4,0.51,0.51,1.47,2.02,320.3,176.3,144.0,0.53,0.53,1.53,2.11,50,37,2.53,1.87,2.63,1.95
,,,Calicat01,Challenger,"Threshers
Deceased","Shark Attack
Destined",Solar,33.7,705,44,0.413,0.386,17,27,14039,8470,5569,37,19,53,117,31.6%,295.2,178.1,117.1,0.78,0.40,1.11,2.46,319.1,192.5,126.6,0.84,0.43,1.20,2.66,99,124,2.08,2.61,2.25,2.82
,,,Ytrefusee,Challenger,Tarantulas,Eight Legged Freaks,Lunar,33.7,632,43,0.380,0.372,16,27,13061,6910,6151,23,22,54,81,28.4%,306.3,162.1,144.3,0.54,0.52,1.27,1.90,303.7,160.7,143.0,0.53,0.51,1.26,1.88,92,125,2.16,2.93,2.14,2.91
,,,Vairwick,Challenger,Threshers,Shark Attack,Lunar,33.1,696,51,0.386,0.431,22,29,14388,7690,6698,30,16,56,109,27.5%,306.4,163.8,142.7,0.64,0.34,1.19,2.32,282.1,150.8,131.3,0.59,0.31,1.10,2.14,91,123,1.94,2.62,1.78,2.41
,,,Kingtutt97,Challenger,Flailers,The Quad Dynasty,Solar,32.0,784,50,0.603,0.640,32,18,14375,7670,6705,28,27,44,132,21.2%,271.8,145.0,126.8,0.53,0.51,0.83,2.50,287.5,153.4,134.1,0.56,0.54,0.88,2.64,135,103,2.55,1.95,2.70,2.06
,,,Youreviltwin,Challenger,Greed,Seven Deadly Sins,Lunar,30.5,124,9,0.413,0.333,3,6,2202,1190,1012,3,7,8,14,21.4%,263.2,142.3,121.0,0.36,0.84,0.96,1.67,244.7,132.2,112.4,0.33,0.78,0.89,1.56,21,26,2.51,3.11,2.33,2.89
,,,Alpha44,Challenger,Panda Bears,The Bear Den,Lunar,28.9,266,19,0.225,0.211,4,15,5447,2930,2517,4,12,34,23,17.4%,303.5,163.3,140.3,0.22,0.67,1.89,1.28,286.7,154.2,132.5,0.21,0.63,1.79,1.21,24,54,1.34,3.01,1.26,2.84
,,,Echonxt,Challenger,"Deceased
Narwhals
Penne Patrol","Destined
Whale Defense
Italian Battalion",Lunar,27.4,506,34,0.338,0.294,10,24,9865,5570,4295,21,15,41,67,31.3%,289.0,163.2,125.8,0.62,0.44,1.20,1.96,290.1,163.8,126.3,0.62,0.44,1.21,1.97,66,101,1.93,2.96,1.94,2.97
,,,Tacobae,Challenger,Threshers,Shark Attack,Lunar,26.9,216,15,0.110,0.067,1,14,3946,1840,2106,3,10,16,24,12.5%,270.8,126.3,144.5,0.21,0.69,1.10,1.65,263.1,122.7,140.4,0.20,0.67,1.07,1.60,16,59,1.10,4.05,1.07,3.93
,,,Pineapple448,Challenger,Isopods,The Abyss,Lunar,26.8,762,49,0.244,0.265,13,36,14715,7930,6785,26,24,63,98,26.5%,286.3,154.3,132.0,0.51,0.47,1.23,1.91,300.3,161.8,138.5,0.53,0.49,1.29,2.00,88,178,1.71,3.46,1.80,3.63
,,,Chris.,Challenger,Penne Patrol,Italian Battalion,Lunar,26.5,770,50,0.437,0.400,20,30,14678,8810,5868,44,16,48,121,36.4%,282.6,169.6,113.0,0.85,0.31,0.92,2.33,293.6,176.2,117.4,0.88,0.32,0.96,2.42,121,142,2.33,2.73,2.42,2.84
,,,Heartlesswins,Challenger,Chromatic Chaos,Art Club,Solar,24.9,123,8,0.202,0.000,0,8,2755,1440,1315,6,1,13,14,42.9%,332.0,173.5,158.5,0.72,0.12,1.57,1.69,344.4,180.0,164.4,0.75,0.13,1.63,1.75,16,36,1.93,4.34,2.00,4.50
,,,Shogun,Challenger,Jock O Lanterns,Ghoul School,Solar,24.6,634,44,0.484,0.477,21,23,11995,6480,5515,19,19,56,83,22.9%,280.5,151.5,128.9,0.44,0.44,1.31,1.94,272.6,147.3,125.3,0.43,0.43,1.27,1.89,94,98,2.20,2.29,2.14,2.23
,,,Tr1Ppn,Challenger,Recycling Cringe,Maste Wanagement,Solar,24.3,679,45,0.373,0.356,16,29,12825,6550,6275,26,18,43,90,28.9%,280.0,143.0,137.0,0.57,0.39,0.94,1.96,285.0,145.6,139.4,0.58,0.40,0.96,2.00,88,123,1.92,2.69,1.96,2.73
,,,Redline,Challenger,"Zombies
Tarantulas","The Monster Mash
Eight Legged Freaks",Lunar,23.3,353,23,0.238,0.261,6,17,6688,3470,3218,13,7,26,52,25.0%,280.9,145.7,135.1,0.55,0.29,1.09,2.18,290.8,150.9,139.9,0.57,0.30,1.13,2.26,42,86,1.76,3.61,1.83,3.74
,,,Treefrog,Challenger,Abyss,The Shadows,Solar,22.6,470,30,0.541,0.467,14,16,8464,4640,3824,22,13,23,64,34.4%,267.0,146.3,120.6,0.69,0.41,0.73,2.02,282.1,154.7,127.5,0.73,0.43,0.77,2.13,81,73,2.55,2.30,2.70,2.43
,,,Dascrappydoo,Challenger,Deceased,Destined,Solar,22.0,489,31,0.287,0.194,6,25,9421,4970,4451,19,9,39,67,28.4%,285.6,150.7,134.9,0.58,0.27,1.18,2.03,303.9,160.3,143.6,0.61,0.29,1.26,2.16,50,91,1.52,2.76,1.61,2.94
,,,Zcgentry,Challenger,Venus,The Nexus,Solar,21.3,384,26,0.359,0.346,9,17,7092,3840,3252,10,16,34,34,29.4%,273.8,148.2,125.5,0.39,0.62,1.31,1.31,272.8,147.7,125.1,0.38,0.62,1.31,1.31,55,79,2.12,3.05,2.12,3.04
,,,Rieces,Challenger,Squalls,Storm,Solar,21.2,151,10,0.365,0.300,3,7,3222,1650,1572,7,2,14,15,46.7%,316.3,162.0,154.3,0.69,0.20,1.37,1.47,322.2,165.0,157.2,0.70,0.20,1.40,1.50,15,22,1.47,2.16,1.50,2.20
,,,Theairgerbil,Challenger,Isopods,The Abyss,Lunar,20.8,703,47,0.282,0.340,16,31,13615,7080,6535,30,13,51,88,34.1%,287.1,149.3,137.8,0.63,0.27,1.08,1.86,289.7,150.6,139.0,0.64,0.28,1.09,1.87,83,150,1.75,3.16,1.77,3.19
,,,Way2Luckee,Challenger,"Squalls
Spartans","Storm
The Sovereign",Solar,20.7,494,33,0.367,0.424,14,19,8074,4440,3634,18,18,21,69,26.1%,242.3,133.2,109.0,0.54,0.54,0.63,2.07,244.7,134.5,110.1,0.55,0.55,0.64,2.09,72,101,2.16,3.03,2.18,3.06
,,,Hank _,Challenger,Isopods,The Abyss,Lunar,20.3,34,3,0.316,0.333,1,2,720,370,350,1,1,4,2,50.0%,313.9,161.3,152.6,0.44,0.44,1.74,0.87,240.0,123.3,116.7,0.33,0.33,1.33,0.67,5,8,2.18,3.49,1.67,2.67
,,,Anserem,Challenger,"Chromatic Chaos
Threshers","Art Club
Shark Attack",Lunar,19.0,321,23,0.131,0.043,1,22,6415,3230,3185,10,3,33,43,23.3%,296.2,149.2,147.1,0.46,0.14,1.52,1.99,278.9,140.4,138.5,0.43,0.13,1.43,1.87,24,80,1.11,3.69,1.04,3.48
,,,N00Bpr0N,Challenger,Havarti Hustlers,Cheese Guild,Solar,18.7,725,49,0.440,0.429,21,28,12778,7010,5768,26,19,50,96,27.1%,261.3,143.3,117.9,0.53,0.39,1.02,1.96,260.8,143.1,117.7,0.53,0.39,1.02,1.96,109,127,2.23,2.60,2.22,2.59
,,,Revoltinghades2,Challenger,Jock O Lanterns,Ghoul School,Solar,18.0,131,8,0.399,0.375,3,5,2604,1450,1154,5,2,14,15,33.3%,294.7,164.1,130.6,0.57,0.23,1.58,1.70,325.5,181.3,144.3,0.63,0.25,1.75,1.88,16,21,1.81,2.38,2.00,2.63
,,,Thatstrangesoul,Challenger,Shinigami,The Gods,Solar,15.8,779,50,0.526,0.580,29,21,12660,7500,5160,32,28,40,90,35.6%,240.9,142.7,98.2,0.61,0.53,0.76,1.71,253.2,150.0,103.2,0.64,0.56,0.80,1.80,143,134,2.72,2.55,2.86,2.68
,,,Minjaaa,Challenger,Chromatic Chaos,Art Club,Solar,14.1,830,54,0.232,0.185,10,44,14802,8280,6522,30,19,68,93,32.3%,264.4,147.9,116.5,0.54,0.34,1.21,1.66,274.1,153.3,120.8,0.56,0.35,1.26,1.72,95,200,1.70,3.57,1.76,3.70
,,,Vickyviksta,Challenger,Panda Bears,The Bear Den,Lunar,13.5,302,20,0.328,0.350,7,13,5983,3050,2933,7,4,37,30,23.3%,293.7,149.7,144.0,0.34,0.20,1.82,1.47,299.2,152.5,146.7,0.35,0.20,1.85,1.50,38,60,1.87,2.95,1.90,3.00
,,,Whiite Bear,Challenger,Chromatic Chaos,Art Club,Solar,12.7,302,20,0.146,0.150,3,17,5574,2850,2724,4,7,36,30,13.3%,273.6,139.9,133.7,0.20,0.34,1.77,1.47,278.7,142.5,136.2,0.20,0.35,1.80,1.50,21,67,1.03,3.29,1.05,3.35
,,,Ole.Mr.Bison.,Challenger,Isopods,The Abyss,Lunar,11.3,373,25,0.253,0.280,7,18,6373,3560,2813,12,9,30,41,29.3%,253.3,141.5,111.8,0.48,0.36,1.19,1.63,254.9,142.4,112.5,0.48,0.36,1.20,1.64,50,96,1.99,3.82,2.00,3.84
,,,Pridedbird3406,Challenger,Squalls,Storm,Solar,9.9,117,7,0.184,0.143,1,6,1937,1090,847,5,4,6,9,55.6%,245.4,138.1,107.3,0.63,0.51,0.76,1.14,276.7,155.7,121.0,0.71,0.57,0.86,1.29,14,34,1.77,4.31,2.00,4.86
,,,Yadicraft,Challenger,Yig,The Mythos,Lunar,8.9,162,11,0.357,0.455,5,6,2678,1610,1068,3,5,18,16,18.8%,245.0,147.3,97.7,0.27,0.46,1.65,1.46,243.5,146.4,97.1,0.27,0.45,1.64,1.45,19,28,1.74,2.56,1.73,2.55
,,,Ab26Panther,Challenger,Breadsticks,Fifty-Fifty Pizzeria,Lunar,8.8,75,5,0.363,0.200,1,4,1144,600,544,1,2,6,10,10.0%,226.1,118.6,107.5,0.20,0.40,1.19,1.98,228.8,120.0,108.8,0.20,0.40,1.20,2.00,9,13,1.78,2.57,1.80,2.60
,,,Beanie_92,Challenger,Chromatic Chaos,Art Club,Solar,8.2,361,23,0.230,0.261,6,17,6108,3140,2968,12,5,25,44,27.3%,250.8,128.9,121.9,0.49,0.21,1.03,1.81,265.6,136.5,129.0,0.52,0.22,1.09,1.91,37,80,1.52,3.29,1.61,3.48
,,,Napkhan,Challenger,"Narwhals
Threshers
Apple Associates","Whale Defense
Shark Attack
The Syndicate",Lunar,7.0,70,5,0.340,0.200,1,4,1013,470,543,1,1,4,12,8.3%,214.5,99.5,115.0,0.21,0.21,0.85,2.54,202.6,94.0,108.6,0.20,0.20,0.80,2.40,7,11,1.48,2.33,1.40,2.20
,,,Txaggie,Challenger,Apple Associates,The Syndicate,Lunar,4.3,177,12,0.514,0.417,5,7,2833,1560,1273,9,2,7,21,42.9%,237.3,130.6,106.6,0.75,0.17,0.59,1.76,236.1,130.0,106.1,0.75,0.17,0.58,1.75,28,27,2.34,2.26,2.33,2.25
,,,Goldentiger5,Challenger,"Deceased
Threshers","Destined
Shark Attack",Solar,3.2,329,24,0.218,0.208,5,19,5153,2580,2573,10,5,19,38,26.3%,232.2,116.2,115.9,0.45,0.23,0.86,1.71,214.7,107.5,107.2,0.42,0.21,0.79,1.58,30,69,1.35,3.11,1.25,2.88
,,,Ran-Sid,Challenger,Zombies,The Monster Mash,Lunar,3.2,353,23,0.350,0.348,8,15,5365,2620,2745,7,10,22,32,21.9%,225.3,110.0,115.3,0.29,0.42,0.92,1.34,233.3,113.9,119.3,0.30,0.43,0.96,1.39,45,67,1.89,2.81,1.96,2.91
,,,R4Ppp,Challenger,Chromatic Chaos,Art Club,Solar,3.2,54,4,0.011,0.000,0,4,973,410,563,1,0,5,6,16.7%,267.1,112.5,154.5,0.27,0.00,1.37,1.65,243.3,102.5,140.8,0.25,0.00,1.25,1.50,1,17,0.27,4.67,0.25,4.25
,,,Trav.,Challenger,Slice Slice Baby,The Bakery,Solar,1.6,63,4,0.170,0.000,0,4,1205,720,485,3,1,7,2,150.0%,283.5,169.4,114.1,0.71,0.24,1.65,0.47,301.3,180.0,121.3,0.75,0.25,1.75,0.50,5,14,1.18,3.29,1.25,3.50
,,,Charlieharley_1,Challenger,Narwhals,Whale Defense,Lunar,-28.1,175,11,0.249,0.182,2,9,1842,780,1062,1,3,9,8,12.5%,156.0,66.1,90.0,0.08,0.25,0.76,0.68,167.5,70.9,96.5,0.09,0.27,0.82,0.73,17,35,1.44,2.96,1.55,3.18
,,,Ex6Tendz,Amateur,House Salads,Fifty-Fifty Pizzeria,N/A,96.9,52,4,0.889,1.000,4,0,2054,1430,624,10,2,4,13,76.9%,488.1,339.8,148.3,2.38,0.48,0.95,3.09,513.5,357.5,156.0,2.50,0.50,1.00,3.25,18,5,4.28,1.19,4.50,1.25
,,,Rampage,Amateur,House Salads,Fifty-Fifty Pizzeria,N/A,91.5,513,44,0.823,0.818,36,8,17264,11150,6114,62,38,35,130,47.7%,415.8,268.6,147.3,1.49,0.92,0.84,3.13,392.4,253.4,139.0,1.41,0.86,0.80,2.95,144,54,3.47,1.30,3.27,1.23
,,,Shhhm3Llit,Amateur,House Salads,Fifty-Fifty Pizzeria,N/A,86.4,660,55,0.824,0.836,46,9,21060,12550,8510,59,51,52,150,39.3%,394.3,234.9,159.3,1.10,0.95,0.97,2.81,382.9,228.2,154.7,1.07,0.93,0.95,2.73,191,72,3.58,1.35,3.47,1.31
,,,Manimal0731,Amateur,House Salads,Fifty-Fifty Pizzeria,N/A,84.0,41,3,0.972,1.000,3,0,1121,780,341,3,5,3,8,37.5%,337.8,235.1,102.8,0.90,1.51,0.90,2.41,373.7,260.0,113.7,1.00,1.67,1.00,2.67,17,2,5.12,0.60,5.67,0.67
,,,Enterprise15,Amateur,Cthylla,The Mythos,N/A,76.1,595,52,0.557,0.615,32,20,18802,10770,8032,56,20,55,142,39.4%,390.4,223.7,166.8,1.16,0.42,1.14,2.95,361.6,207.1,154.5,1.08,0.38,1.06,2.73,116,100,2.41,2.08,2.23,1.92
,,,Piky Life88,Amateur,Sketch Squad,Art Club,N/A,70.1,723,56,0.533,0.571,32,24,20581,11500,9081,52,40,56,150,34.7%,351.7,196.5,155.2,0.89,0.68,0.96,2.56,367.5,205.4,162.2,0.93,0.71,1.00,2.68,150,138,2.56,2.36,2.68,2.46
,,,Rinny_B0Y,Amateur,Bundts of Steel,The Bakery,N/A,67.6,677,53,0.503,0.528,28,25,19644,11260,8384,62,26,45,151,41.1%,358.5,205.5,153.0,1.13,0.47,0.82,2.76,370.6,212.5,158.2,1.17,0.49,0.85,2.85,130,129,2.37,2.35,2.45,2.43
,,,Yung_Itsu,Amateur,Skater Skellies,Ghoul School,N/A,67.3,641,51,0.472,0.353,18,33,18158,10650,7508,56,20,49,160,35.0%,350.0,205.3,144.7,1.08,0.39,0.94,3.08,356.0,208.8,147.2,1.10,0.39,0.96,3.14,120,129,2.31,2.49,2.35,2.53
,,,Ttv_1738,Amateur,House Salads,Fifty-Fifty Pizzeria,N/A,65.4,385,33,0.852,0.879,29,4,10770,6850,3920,39,17,26,80,48.8%,345.6,219.8,125.8,1.25,0.55,0.83,2.57,326.4,207.6,118.8,1.18,0.52,0.79,2.42,115,38,3.69,1.22,3.48,1.15
,,,Snoww.,Amateur,Shadows,The Monster Mash,N/A,63.0,707,56,0.497,0.518,29,27,20183,11340,8843,63,20,51,149,42.3%,352.7,198.2,154.5,1.10,0.35,0.89,2.60,360.4,202.5,157.9,1.13,0.36,0.91,2.66,131,132,2.29,2.31,2.34,2.36
,,,Protocol,Amateur,Cthylla,The Mythos,N/A,61.4,497,44,0.561,0.614,27,17,13918,7100,6818,29,20,49,75,38.7%,346.0,176.5,169.5,0.72,0.50,1.22,1.86,316.3,161.4,155.0,0.66,0.45,1.11,1.70,94,80,2.34,1.99,2.14,1.82
,,,Kenjicat17,Amateur,Sacrificed,Destined,N/A,58.5,641,53,0.473,0.491,26,27,17158,9590,7568,48,22,50,119,40.3%,330.7,184.9,145.9,0.93,0.42,0.96,2.29,323.7,180.9,142.8,0.91,0.42,0.94,2.25,127,136,2.45,2.62,2.40,2.57
,,,Pad1Wanx,Amateur,Sacrificed,Destined,N/A,56.5,645,54,0.473,0.481,26,28,16624,9220,7404,43,30,48,102,42.2%,318.5,176.6,141.8,0.82,0.57,0.92,1.95,307.9,170.7,137.1,0.80,0.56,0.89,1.89,127,136,2.43,2.61,2.35,2.52
,,,Kittymeowmeow360,Amateur,"Shadows
Bundts of Steel","The Monster Mash
The Bakery",N/A,56.3,617,47,0.537,0.532,25,22,15330,8820,6510,37,32,51,97,38.1%,307.0,176.6,130.4,0.74,0.64,1.02,1.94,326.2,187.7,138.5,0.79,0.68,1.09,2.06,121,110,2.42,2.20,2.57,2.34
,,,Rich-Rollin6060,Amateur,Sketch Squad,Art Club,N/A,49.5,597,46,0.563,0.587,27,19,14393,8660,5733,49,18,35,111,44.1%,297.9,179.2,118.7,1.01,0.37,0.72,2.30,312.9,188.3,124.6,1.07,0.39,0.76,2.41,129,110,2.67,2.28,2.80,2.39
,,,Savij_Oni,Amateur,Sloth,Seven Deadly Sins,N/A,48.2,188,15,0.257,0.200,3,12,4603,2540,2063,9,4,24,24,37.5%,302.5,166.9,135.6,0.59,0.26,1.58,1.58,306.9,169.3,137.5,0.60,0.27,1.60,1.60,25,49,1.64,3.22,1.67,3.27
,,,T_I_M_O_G,Amateur,Bundts of Steel,The Bakery,N/A,47.6,50,4,0.713,1.000,4,0,1020,650,370,2,4,4,5,40.0%,252.1,160.6,91.4,0.49,0.99,0.99,1.24,255.0,162.5,92.5,0.50,1.00,1.00,1.25,14,8,3.46,1.98,3.50,2.00
,,,Slashfabo420,Amateur,Bundts of Steel,The Bakery,N/A,46.4,213,17,0.481,0.471,8,9,4697,2430,2267,9,10,14,33,27.3%,272.5,141.0,131.5,0.52,0.58,0.81,1.91,276.3,142.9,133.4,0.53,0.59,0.82,1.94,41,43,2.38,2.49,2.41,2.53
,,,Vboostedv,Amateur,Shadows,The Monster Mash,N/A,44.3,356,28,0.460,0.464,13,15,7787,4160,3627,16,13,27,56,28.6%,270.3,144.4,125.9,0.56,0.45,0.94,1.94,278.1,148.6,129.5,0.57,0.46,0.96,2.00,64,71,2.22,2.46,2.29,2.54
,,,Hey,Amateur,Sacrificed,Destined,N/A,43.8,525,44,0.568,0.545,24,20,11399,6650,4749,35,23,23,85,41.2%,268.3,156.5,111.8,0.82,0.54,0.54,2.00,259.1,151.1,107.9,0.80,0.52,0.52,1.93,114,96,2.68,2.26,2.59,2.18
,,,Z-Itrash-Zv,Amateur,Skater Skellies,Ghoul School,N/A,43.6,589,46,0.527,0.413,19,27,12610,7470,5140,37,29,29,87,42.5%,264.5,156.7,107.8,0.78,0.61,0.61,1.83,274.1,162.4,111.7,0.80,0.63,0.63,1.89,120,112,2.52,2.35,2.61,2.43
,,,Yerp_Yerp02,Amateur,Sloth,Seven Deadly Sins,N/A,39.2,574,47,0.178,0.170,8,39,12692,6250,6442,26,12,45,80,32.5%,273.2,134.5,138.7,0.56,0.26,0.97,1.72,270.0,133.0,137.1,0.55,0.26,0.96,1.70,63,166,1.36,3.57,1.34,3.53
,,,Demonikgoat4061,Amateur,"Sketch Squad
Sacrificed","Art Club
Destined",N/A,37.8,361,29,0.526,0.586,17,12,7704,4660,3044,25,11,23,46,54.3%,263.7,159.5,104.2,0.86,0.38,0.79,1.57,265.7,160.7,105.0,0.86,0.38,0.79,1.59,80,75,2.74,2.57,2.76,2.59
,,,Styk75,Amateur,"Skater Skellies
Cthylla","Ghoul School
The Mythos",N/A,36.8,578,49,0.576,0.592,29,20,11335,6070,5265,23,28,34,67,34.3%,242.3,129.8,112.5,0.49,0.60,0.73,1.43,231.3,123.9,107.4,0.47,0.57,0.69,1.37,117,96,2.50,2.05,2.39,1.96
,,,Eligaming38,Amateur,Skater Skellies,Ghoul School,N/A,35.4,415,34,0.446,0.294,10,24,8551,4120,4431,21,10,17,67,31.3%,254.6,122.7,131.9,0.63,0.30,0.51,1.99,251.5,121.2,130.3,0.62,0.29,0.50,1.97,73,84,2.17,2.50,2.15,2.47
,,,Shootzy,Amateur,Shadows,The Monster Mash,N/A,35.3,552,44,0.538,0.545,24,20,10437,5930,4507,25,23,30,78,32.1%,233.6,132.7,100.9,0.56,0.51,0.67,1.75,237.2,134.8,102.4,0.57,0.52,0.68,1.77,108,98,2.42,2.19,2.45,2.23
,,,N0Mrthomasmn,Amateur,Cthylla,The Mythos,N/A,35.2,167,12,0.434,0.500,6,6,3522,2080,1442,9,3,17,18,50.0%,260.6,153.9,106.7,0.67,0.22,1.26,1.33,293.5,173.3,120.2,0.75,0.25,1.42,1.50,26,31,1.92,2.29,2.17,2.58
,,,Darkangels_152,Amateur,Shadows,The Monster Mash,N/A,35.1,240,19,0.379,0.474,9,10,4965,2590,2375,12,5,16,34,35.3%,255.6,133.3,122.3,0.62,0.26,0.82,1.75,261.3,136.3,125.0,0.63,0.26,0.84,1.79,37,51,1.90,2.63,1.95,2.68
,,,Onlyslim2198,Amateur,Skater Skellies,Ghoul School,N/A,34.3,326,23,0.430,0.217,5,18,6498,3840,2658,18,10,23,39,46.2%,246.3,145.5,100.7,0.68,0.38,0.87,1.48,282.5,167.0,115.6,0.78,0.43,1.00,1.70,62,74,2.35,2.80,2.70,3.22
,,,Yourbadkittycat,Amateur,Sketch Squad,Art Club,N/A,33.7,500,38,0.496,0.526,20,18,9494,5460,4034,26,18,25,71,36.6%,234.6,134.9,99.7,0.64,0.44,0.62,1.75,249.8,143.7,106.2,0.68,0.47,0.66,1.87,94,95,2.32,2.35,2.47,2.50
,,,Casca.A,Amateur,Bundts of Steel,The Bakery,N/A,33.7,666,52,0.522,0.519,27,25,13190,7650,5540,38,18,41,90,42.2%,244.7,141.9,102.8,0.70,0.33,0.76,1.67,253.7,147.1,106.5,0.73,0.35,0.79,1.73,130,123,2.41,2.28,2.50,2.37
,,,Emily26210,Amateur,Cthylla,The Mythos,N/A,30.0,210,18,0.478,0.500,9,9,3670,1850,1820,7,8,9,30,23.3%,215.9,108.8,107.1,0.41,0.47,0.53,1.77,203.9,102.8,101.1,0.39,0.44,0.50,1.67,33,35,1.94,2.06,1.83,1.94
,,,Stonehavengames,Amateur,Sloth,Seven Deadly Sins,N/A,25.0,640,53,0.176,0.151,8,45,11699,5560,6139,16,11,57,56,28.6%,225.9,107.3,118.5,0.31,0.21,1.10,1.08,220.7,104.9,115.8,0.30,0.21,1.08,1.06,68,182,1.31,3.51,1.28,3.43
,,,Bryce_Xi,Amateur,Sacrificed,Destined,N/A,24.5,135,12,0.337,0.417,5,7,2234,1240,994,4,4,10,14,28.6%,204.5,113.5,91.0,0.37,0.37,0.92,1.28,186.2,103.3,82.8,0.33,0.33,0.83,1.17,23,35,2.11,3.20,1.92,2.92
,,,Pitterpaddy,Amateur,Sloth,Seven Deadly Sins,N/A,21.5,517,43,0.141,0.116,5,38,8464,4400,4064,18,9,30,65,27.7%,202.3,105.2,97.1,0.43,0.22,0.72,1.55,196.8,102.3,94.5,0.42,0.21,0.70,1.51,51,159,1.22,3.80,1.19,3.70
,,,Stolris,Amateur,"Cthylla
Sloth","The Mythos
Seven Deadly Sins",N/A,18.5,92,8,0.182,0.125,1,7,1434,610,824,1,3,6,6,16.7%,192.6,81.9,110.7,0.13,0.40,0.81,0.81,179.3,76.3,103.0,0.13,0.38,0.75,0.75,10,26,1.34,3.49,1.25,3.25
,,,Lltoxic_Dripll,Amateur,Sloth,Seven Deadly Sins,N/A,18.1,40,3,0.067,0.000,0,3,691,250,441,1,0,2,5,20.0%,213.4,77.2,136.2,0.31,0.00,0.62,1.54,230.3,83.3,147.0,0.33,0.00,0.67,1.67,3,15,0.93,4.63,1.00,5.00
,,,Tsb_Herobear,Amateur,Bundts of Steel,The Bakery,N/A,14.6,129,10,0.279,0.300,3,7,1766,880,886,2,3,8,13,15.4%,169.2,84.3,84.9,0.19,0.29,0.77,1.25,176.6,88.0,88.6,0.20,0.30,0.80,1.30,20,36,1.92,3.45,2.00,3.60
,,,Kalandor4,Amateur,House Salads,Fifty-Fifty Pizzeria,N/A,11.0,329,26,0.743,0.769,20,6,4602,2870,1732,18,6,9,32,56.3%,172.8,107.8,65.0,0.68,0.23,0.34,1.20,177.0,110.4,66.6,0.69,0.23,0.35,1.23,88,45,3.30,1.69,3.38,1.73
,,,Kamkan999,Amateur,Sacrificed,Destined,N/A,9.0,46,4,0.037,0.000,0,4,558,320,238,0,1,5,2,0.0%,149.9,86.0,63.9,0.00,0.27,1.34,0.54,139.5,80.0,59.5,0.00,0.25,1.25,0.50,2,16,0.54,4.30,0.50,4.00
,,,Fullbl00Dn8V,Amateur,Shadows,The Monster Mash,N/A,-4.3,23,2,0.207,0.500,1,1,220,30,190,0,0,0,3,0.0%,118.2,16.1,102.1,0.00,0.00,0.00,1.61,110.0,15.0,95.0,0.00,0.00,0.00,1.50,2,5,1.07,2.69,1.00,2.50
,,,Ethrealdoom,Amateur,Shadows,The Monster Mash,N/A,-17.0,6,1,0.000,0.000,0,1,56,0,56,0,0,0,0,,115.3,0.0,115.3,0.00,0.00,0.00,0.00,56.0,0.0,56.0,0.00,0.00,0.00,0.00,0,1,0.00,2.06,0.00,1.00