Tier,RSC ID,Player Name,Team(s),Franchise(s),Conference,SBV,TS,GP,PWE,WP,W,L,P,SP,NP,G,A,Sv,S,S%,P/A,SP/A,NP/A,G/A,A/A,Sv/A,S/A,P/G,SP/G,NP/G,G/G,A/G,Sv/G,S/G,tm_G,opp_G,tm_G/A,opp_G/A,tm_G/G,opp_G/G
Veteran,RSC004394,chis,Mosaic Maestros,Art Club,Solar,211.3,43,4,0.793,0.75,3,1,1912,1230,682,6,5,5,13,46.2%,686.7,441.8,244.9,2.15,1.8,1.8,4.67,478.0,307.5,170.5,1.5,1.25,1.25,3.25,13,6,4.67,2.15,3.25,1.5
Veteran,,D:,Dump Trucks,Road Work Ahead,Lunar,121.3,62,4,0.659,0.5,2,2,1898,1040,858,4,4,5,19,21.1%,472.8,259.1,213.7,1.0,1.0,1.25,4.73,474.5,260.0,214.5,1.0,1.0,1.25,4.75,8,5,1.99,1.25,2.0,1.25
Veteran,RSC005296,mose,Rockin Revenants,Ghoul School,Solar,96.7,451,28,0.657,0.643,18,10,13355,8270,5085,41,21,43,97,42.3%,457.3,283.2,174.1,1.4,0.72,1.47,3.32,477.0,295.4,181.6,1.46,0.75,1.54,3.46,90,60,3.08,2.05,3.21,2.14
Veteran,RSC004200,Dread.,Cannoli,Fifty-Fifty Pizzeria,Lunar,96.0,317,20,0.729,0.75,15,5,8731,5540,3191,22,22,31,69,31.9%,425.4,269.9,155.5,1.07,1.07,1.51,3.36,436.6,277.0,159.6,1.1,1.1,1.55,3.45,64,34,3.12,1.66,3.2,1.7
Veteran,RSC004856,Redfire0817,Legati,The Sovereign,Lunar,94.4,918,62,0.628,0.694,43,19,26467,14940,11527,71,40,73,219,32.4%,445.3,251.3,193.9,1.19,0.67,1.23,3.68,426.9,241.0,185.9,1.15,0.65,1.18,3.53,170,122,2.86,2.05,2.74,1.97
Veteran,RSC006188,Billy_Man_Fi3h,Neutrinos,The Quantum State,Solar,91.2,875,52,0.645,0.673,35,17,24238,14460,9778,58,49,85,196,29.6%,427.8,255.2,172.6,1.02,0.86,1.5,3.46,466.1,278.1,188.0,1.12,0.94,1.63,3.77,161,110,2.84,1.94,3.1,2.12
Veteran,RSC005824,Bolts,Gouda Gangsters,Cheese Guild,Lunar,84.6,55,4,0.764,0.75,3,1,1389,790,599,3,5,3,9,33.3%,390.0,221.8,168.2,0.84,1.4,0.84,2.53,347.3,197.5,149.8,0.75,1.25,0.75,2.25,9,4,2.53,1.12,2.25,1.0
Veteran,RSC003887,Cundy,Giraffes,Safari,Lunar,82.4,55,4,0.55,0.5,2,2,1505,650,855,1,4,5,10,10.0%,422.6,182.5,240.1,0.28,1.12,1.4,2.81,376.3,162.5,213.8,0.25,1.0,1.25,2.5,8,7,2.25,1.97,2.0,1.75
Veteran,RSC007263,HardPointy,"Rulers
Grizzly Bears","Monarchy
The Bear Den",Lunar,82.3,847,53,0.608,0.66,35,18,23627,14330,9297,56,42,101,158,35.4%,430.8,261.3,169.5,1.02,0.77,1.84,2.88,445.8,270.4,175.4,1.06,0.79,1.91,2.98,157,119,2.86,2.17,2.96,2.25
Veteran,RSC005709,ZavaRL,Azalea,Flower Road,Lunar,81.7,903,59,0.648,0.678,40,19,24940,14970,9970,64,37,97,187,34.2%,426.5,256.0,170.5,1.09,0.63,1.66,3.2,422.7,253.7,169.0,1.08,0.63,1.64,3.17,155,104,2.65,1.78,2.63,1.76
Veteran,RSC006783,ImSouperGreat,Legati,The Sovereign,Lunar,79.8,58,4,0.587,0.5,2,2,1644,890,754,4,3,5,9,44.4%,437.7,237.0,200.8,1.07,0.8,1.33,2.4,411.0,222.5,188.5,1.0,0.75,1.25,2.25,10,8,2.66,2.13,2.5,2.0
Veteran,RSC003350,jeremy,Mellow Fellows,Vibe Tribe,Lunar,79.1,1037,64,0.553,0.594,38,26,29493,15950,13543,65,38,111,200,32.5%,439.2,237.5,201.7,0.97,0.57,1.65,2.98,460.8,249.2,211.6,1.02,0.59,1.73,3.13,152,132,2.26,1.97,2.38,2.06
Veteran,RSC006947,HaZard,Cannoli,Fifty-Fifty Pizzeria,Lunar,78.6,1036,63,0.609,0.571,36,27,26142,15630,10512,76,53,63,223,34.1%,389.7,233.0,156.7,1.13,0.79,0.94,3.32,415.0,248.1,166.9,1.21,0.84,1.0,3.54,189,143,2.82,2.13,3.0,2.27
Veteran,RSC003799,Armo27,Paradox Paloma,5 O'clock Nowhere,Solar,76.0,426,28,0.738,0.679,19,9,11195,6820,4375,35,18,32,82,42.7%,405.8,247.2,158.6,1.27,0.65,1.16,2.97,399.8,243.6,156.3,1.25,0.64,1.14,2.93,87,45,3.15,1.63,3.11,1.61
Veteran,RSC003799,Armo27,Paradox Paloma,5 O'clock Nowhere,Solar,76.0,426,28,0.738,0.679,19,9,11195,6820,4375,35,18,32,82,42.7%,405.8,247.2,158.6,1.27,0.65,1.16,2.97,399.8,243.6,156.3,1.25,0.64,1.14,2.93,87,45,3.15,1.63,3.11,1.61
Veteran,RSC003122,Kovalchuk,Possessed,Destined,Solar,75.8,118,6,0.547,0.667,4,2,3033,1980,1053,8,6,13,23,34.8%,397.0,259.1,137.8,1.05,0.79,1.7,3.01,505.5,330.0,175.5,1.33,1.0,2.17,3.83,17,15,2.22,1.96,2.83,2.5
Veteran,RSC005682,S_ckz,Possessed,Destined,Solar,75.8,785,48,0.481,0.5,24,24,21038,12490,8548,59,30,71,154,38.3%,413.9,245.7,168.2,1.16,0.59,1.4,3.03,438.3,260.2,178.1,1.23,0.63,1.48,3.21,124,130,2.44,2.56,2.58,2.71
Veteran,RSC007260,Veoloux,Paradox Paloma,5 O'clock Nowhere,Solar,75.5,834,55,0.729,0.727,40,15,21396,12570,8826,49,51,73,147,33.3%,396.2,232.8,163.4,0.91,0.94,1.35,2.72,389.0,228.5,160.5,0.89,0.93,1.33,2.67,166,88,3.07,1.63,3.02,1.6
Veteran,RSC007207,.S,Azalea,Flower Road,Lunar,74.8,795,51,0.646,0.667,34,17,21420,12400,9020,48,32,89,155,31.0%,416.1,240.9,175.2,0.93,0.62,1.73,3.01,420.0,243.1,176.9,0.94,0.63,1.75,3.04,131,88,2.54,1.71,2.57,1.73
Veteran,RSC000790,VoiD.,Gouda Gangsters,Cheese Guild,Lunar,72.7,845,56,0.538,0.536,30,26,21668,12050,9618,47,41,73,165,28.5%,396.0,220.2,175.8,0.86,0.75,1.33,3.02,386.9,215.2,171.8,0.84,0.73,1.3,2.95,143,130,2.61,2.38,2.55,2.32
Veteran,,zoarny,Merciless Mob,The Syndicate,Lunar,72.2,818,55,0.608,0.582,32,23,20669,11830,8839,52,36,63,168,31.0%,390.2,223.3,166.9,0.98,0.68,1.19,3.17,375.8,215.1,160.7,0.95,0.65,1.15,3.05,137,103,2.59,1.94,2.49,1.87
Veteran,,Ary,Azalea,Flower Road,Lunar,70.5,35,3,0.35,0.333,1,2,987,470,517,1,1,5,7,14.3%,435.5,207.4,228.1,0.44,0.44,2.21,3.09,329.0,156.7,172.3,0.33,0.33,1.67,2.33,4,6,1.76,2.65,1.33,2.0
Veteran,RSC003027,Defiance,Giraffes,Safari,Lunar,70.4,602,42,0.444,0.405,17,25,15691,8860,6831,32,27,64,111,28.8%,402.5,227.3,175.2,0.82,0.69,1.64,2.85,373.6,211.0,162.6,0.76,0.64,1.52,2.64,83,96,2.13,2.46,1.98,2.29
Veteran,RSC007303,Sky,Paradox Paloma,5 O'clock Nowhere,Solar,69.9,902,60,0.714,0.717,43,17,21808,13160,8648,62,46,58,176,35.2%,373.4,225.3,148.1,1.06,0.79,0.99,3.01,363.5,219.3,144.1,1.03,0.77,0.97,2.93,181,101,3.1,1.73,3.02,1.68
Veteran,RSC007606,RealGameBuster,Penguins,Flightless Fowl,Solar,69.4,1002,64,0.569,0.563,36,28,24776,15140,9636,65,53,84,179,36.3%,381.9,233.3,148.5,1.0,0.82,1.29,2.76,387.1,236.6,150.6,1.02,0.83,1.31,2.8,192,162,2.96,2.5,3.0,2.53
Veteran,RSC001056,mysandislost,Legati,The Sovereign,Lunar,69.3,21,1,0.861,1.0,1,0,609,390,219,2,0,3,4,50.0%,447.9,286.8,161.1,1.47,0.0,2.21,2.94,609.0,390.0,219.0,2.0,0.0,3.0,4.0,6,2,4.41,1.47,6.0,2.0
Veteran,RSC000731,mm2,Banshees,The Monster Mash,Lunar,68.9,68,4,0.758,0.75,3,1,1756,980,776,3,3,8,13,23.1%,398.8,222.6,176.2,0.68,0.68,1.82,2.95,439.0,245.0,194.0,0.75,0.75,2.0,3.25,11,5,2.5,1.14,2.75,1.25
Veteran,,Dmxtt.,Possessed,Destined,Solar,68.5,70,4,0.829,0.75,3,1,1778,950,828,5,2,4,15,33.3%,392.3,209.6,182.7,1.1,0.44,0.88,3.31,444.5,237.5,207.0,1.25,0.5,1.0,3.75,12,4,2.65,0.88,3.0,1.0
Veteran,RSC006278,DribblingPenguin,Paradox Paloma,5 O'clock Nowhere,Solar,67.8,748,48,0.7,0.729,35,13,18727,11290,7437,48,25,73,159,30.2%,386.6,233.1,153.5,0.99,0.52,1.51,3.28,390.1,235.2,154.9,1.0,0.52,1.52,3.31,143,83,2.95,1.71,2.98,1.73
Veteran,RSC007504,Percussive3260,Dread,The Shadows,Lunar,66.8,746,47,0.536,0.574,27,20,19681,11010,8671,46,26,76,131,35.1%,407.4,227.9,179.5,0.95,0.54,1.57,2.71,418.7,234.3,184.5,0.98,0.55,1.62,2.79,111,101,2.3,2.09,2.36,2.15
Veteran,RSC005491,Jackowanou,Beached Whales,Whale Defense,Solar,66.7,988,62,0.54,0.516,32,30,23635,13900,9735,64,46,65,195,32.8%,369.4,217.3,152.2,1.0,0.72,1.02,3.05,381.2,224.2,157.0,1.03,0.74,1.05,3.15,167,151,2.61,2.36,2.69,2.44
Veteran,RSC004198,Dr. Cereal,Folks,The Pit,Lunar,66.5,912,59,0.614,0.61,36,23,23668,12630,11038,46,35,92,168,27.4%,400.8,213.9,186.9,0.78,0.59,1.56,2.84,401.2,214.1,187.1,0.78,0.59,1.56,2.85,144,106,2.44,1.79,2.44,1.8
Veteran,,Mayhem,Dump Trucks,Road Work Ahead,Lunar,66.0,60,4,0.353,0.25,1,3,1473,810,663,3,3,5,11,27.3%,379.1,208.5,170.7,0.77,0.77,1.29,2.83,368.3,202.5,165.8,0.75,0.75,1.25,2.75,9,13,2.32,3.35,2.25,3.25
Veteran,,Kanye_West_ 2028,Peppermint,Minty Fresh,Solar,65.8,769,51,0.503,0.51,26,25,19500,10740,8760,40,29,76,149,26.8%,391.6,215.7,175.9,0.8,0.58,1.53,2.99,382.4,210.6,171.8,0.78,0.57,1.49,2.92,115,114,2.31,2.29,2.25,2.24
Veteran,RSC007341,Squashy,Rockin Revenants,Ghoul School,Solar,64.8,858,55,0.528,0.509,28,27,22223,12690,9533,54,32,85,144,37.5%,400.0,228.4,171.6,0.97,0.58,1.53,2.59,404.1,230.7,173.3,0.98,0.58,1.55,2.62,146,136,2.63,2.45,2.65,2.47
Veteran,RSC000767,Tragic,Gouda Gangsters,Cheese Guild,Lunar,64.4,902,60,0.505,0.5,30,30,21226,11440,9786,50,41,51,184,27.2%,363.4,195.9,167.6,0.86,0.7,0.87,3.15,353.8,190.7,163.1,0.83,0.68,0.85,3.07,149,147,2.55,2.52,2.48,2.45
Veteran,RSC007514,Sauce_Boss_36,"Rulers
Makos","Monarchy
Shark Attack",Lunar,64.2,949,61,0.587,0.656,40,21,22453,13740,8713,69,36,62,194,35.6%,365.4,223.6,141.8,1.12,0.59,1.01,3.16,368.1,225.2,142.8,1.13,0.59,1.02,3.18,177,142,2.88,2.31,2.9,2.33
Veteran,RSC007512,BigGreenRL,"Singularity
Pushwalkers","Event Horizon
The Quad Dynasty",Solar,64.0,751,47,0.517,0.553,26,21,18612,10950,7662,40,37,77,125,32.0%,382.7,225.2,157.6,0.82,0.76,1.58,2.57,396.0,233.0,163.0,0.85,0.79,1.64,2.66,120,115,2.47,2.36,2.55,2.45
Veteran,RSC007424,code,Mellow Fellows,Vibe Tribe,Lunar,63.2,221,16,0.661,0.688,11,5,5579,3040,2539,14,4,19,49,28.6%,389.9,212.4,177.4,0.98,0.28,1.33,3.42,348.7,190.0,158.7,0.88,0.25,1.19,3.06,40,26,2.8,1.82,2.5,1.63
Veteran,RSC007231,BlitzzyG,Penguins,Flightless Fowl,Solar,63.1,428,29,0.602,0.552,16,13,10552,6210,4342,28,21,34,66,42.4%,380.7,224.1,156.7,1.01,0.76,1.23,2.38,363.9,214.1,149.7,0.97,0.72,1.17,2.28,90,70,3.25,2.53,3.1,2.41
Veteran,RSC001203,Clyde,Banshees,The Monster Mash,Lunar,63.1,739,50,0.559,0.56,28,22,18289,9930,8359,34,31,72,138,24.6%,382.2,207.5,174.7,0.71,0.65,1.5,2.88,365.8,198.6,167.2,0.68,0.62,1.44,2.76,111,95,2.32,1.99,2.22,1.9
Veteran,,monster,Peppermint,Minty Fresh,Solar,62.9,468,30,0.511,0.5,15,15,11305,6660,4645,26,17,45,96,27.1%,373.1,219.8,153.3,0.86,0.56,1.48,3.17,376.8,222.0,154.8,0.87,0.57,1.5,3.2,69,67,2.28,2.21,2.3,2.23
Veteran,RSC004413,Nuke,Beached Whales,Whale Defense,Solar,62.3,619,40,0.577,0.5,20,20,15427,9040,6387,39,19,60,119,32.8%,384.9,225.5,159.4,0.97,0.47,1.5,2.97,385.7,226.0,159.7,0.98,0.48,1.5,2.98,113,93,2.82,2.32,2.83,2.33
Veteran,RSC007259,Gojo.,Banshees,The Monster Mash,Lunar,61.5,582,39,0.532,0.513,20,19,14355,7780,6575,27,27,55,98,27.6%,380.9,206.4,174.5,0.72,0.72,1.46,2.6,368.1,199.5,168.6,0.69,0.69,1.41,2.51,88,81,2.34,2.15,2.26,2.08
Veteran,,LEBRON JAMES,Grizzly Bears,The Bear Den,Lunar,61.3,178,12,0.433,0.5,6,6,4468,2480,1988,9,8,18,28,32.1%,387.7,215.2,172.5,0.78,0.69,1.56,2.43,372.3,206.7,165.7,0.75,0.67,1.5,2.33,27,32,2.34,2.78,2.25,2.67
Veteran,RSC005217,DrNasti,"Water
Cookie Dough","The Elements
Creme De Bonte",Solar,61.0,529,35,0.428,0.486,17,18,11924,6720,5204,24,21,41,122,19.7%,348.1,196.2,151.9,0.7,0.61,1.2,3.56,340.7,192.0,148.7,0.69,0.6,1.17,3.49,67,81,1.96,2.36,1.91,2.31
Veteran,RSC007036,PoiisonDeath,Pushwalkers,The Quad Dynasty,Lunar,60.8,324,21,0.534,0.571,12,9,7697,4150,3547,12,16,31,60,20.0%,366.9,197.8,169.1,0.57,0.76,1.48,2.86,366.5,197.6,168.9,0.57,0.76,1.48,2.86,46,42,2.19,2.0,2.19,2.0
Veteran,RSC007629,Mochi,"Singularity
Ravaging Rays","Event Horizon
The Reef",Solar,60.4,705,45,0.478,0.533,24,21,16805,9460,7345,39,33,54,121,32.2%,368.1,207.2,160.9,0.85,0.72,1.18,2.65,373.4,210.2,163.2,0.87,0.73,1.2,2.69,105,111,2.3,2.43,2.33,2.47
Veteran,RSC000200,Jonezy,Makos,Shark Attack,Solar,60.1,825,59,0.488,0.492,29,30,19725,11020,8705,44,38,66,142,31.0%,369.2,206.3,163.0,0.82,0.71,1.24,2.66,334.3,186.8,147.5,0.75,0.64,1.12,2.41,137,141,2.56,2.64,2.32,2.39
Veteran,RSC006060,WP_Merciless,"Rulers
Werewolves","Monarchy
The Forest",Lunar,60.1,623,40,0.574,0.65,26,14,14017,8310,5707,36,32,39,116,31.0%,347.5,206.0,141.5,0.89,0.79,0.97,2.88,350.4,207.8,142.7,0.9,0.8,0.98,2.9,111,92,2.75,2.28,2.78,2.3
Veteran,,syngoat,Typhoons,Storm,Solar,59.0,837,56,0.541,0.518,29,27,21188,11990,9198,48,27,89,139,34.5%,390.9,221.2,169.7,0.89,0.5,1.64,2.56,378.4,214.1,164.3,0.86,0.48,1.59,2.48,130,117,2.4,2.16,2.32,2.09
Veteran,RSC006700,Terx,Penguins,Flightless Fowl,Solar,58.5,1002,64,0.569,0.563,36,28,23895,14240,9655,64,43,81,164,39.0%,368.3,219.5,148.8,0.99,0.66,1.25,2.53,373.4,222.5,150.9,1.0,0.67,1.27,2.56,192,162,2.96,2.5,3.0,2.53
Veteran,RSC002760,gcol,Typhoons,Storm,Solar,57.7,612,40,0.534,0.5,20,20,14510,9010,5500,38,22,60,111,34.2%,366.2,227.4,138.8,0.96,0.56,1.51,2.8,362.8,225.3,137.5,0.95,0.55,1.5,2.78,95,87,2.4,2.2,2.38,2.18
Veteran,RSC007437,luckyy.12,"Mellow Fellows
Gouda Gangsters","Vibe Tribe
Cheese Guild",Lunar,57.7,923,56,0.535,0.536,30,26,22197,13120,9077,47,36,100,162,29.0%,371.4,219.5,151.9,0.79,0.6,1.67,2.71,396.4,234.3,162.1,0.84,0.64,1.79,2.89,136,124,2.28,2.07,2.43,2.21
Veteran,RSC005505,The_Wheelman_95,Penguins,Flightless Fowl,Solar,57.5,574,35,0.541,0.571,20,15,12625,7700,4925,35,23,37,120,29.2%,339.7,207.2,132.5,0.94,0.62,1.0,3.23,360.7,220.0,140.7,1.0,0.66,1.06,3.43,102,92,2.74,2.48,2.91,2.63
Veteran,RSC007183,Frehgrunce,Banshees,The Monster Mash,Lunar,57.4,632,43,0.521,0.535,23,20,14667,8420,6247,40,16,45,137,29.2%,358.4,205.8,152.7,0.98,0.39,1.1,3.35,341.1,195.8,145.3,0.93,0.37,1.05,3.19,96,91,2.35,2.22,2.23,2.12
Veteran,,feb,Cookie Dough,Creme De Bonte,Solar,57.0,312,22,0.517,0.455,10,12,7426,4140,3286,18,10,25,59,30.5%,367.6,204.9,162.7,0.89,0.49,1.24,2.92,337.5,188.2,149.4,0.82,0.45,1.14,2.68,47,45,2.33,2.23,2.14,2.05
Veteran,RSC005210,baldmanstreamer,Merciless Mob,The Syndicate,Lunar,56.5,829,54,0.607,0.593,32,22,19222,11150,8072,47,37,64,140,33.6%,358.1,207.7,150.4,0.88,0.69,1.19,2.61,356.0,206.5,149.5,0.87,0.69,1.19,2.59,138,104,2.57,1.94,2.56,1.93
Veteran,,Sora.,Dump Trucks,Road Work Ahead,Lunar,56.5,628,40,0.351,0.325,13,27,15458,8470,6988,35,16,60,117,29.9%,380.1,208.3,171.8,0.86,0.39,1.48,2.88,386.5,211.8,174.7,0.88,0.4,1.5,2.93,73,109,1.8,2.68,1.83,2.73
Veteran,RSC001098,Wafe,Cookie Dough,Creme De Bonte,Solar,56.0,953,62,0.428,0.387,24,38,22257,11900,10357,38,40,87,175,21.7%,360.7,192.8,167.8,0.62,0.65,1.41,2.84,359.0,191.9,167.0,0.61,0.65,1.4,2.82,131,158,2.12,2.56,2.11,2.55
Veteran,,Uncdizzle,Cannoli,Fifty-Fifty Pizzeria,Lunar,55.8,67,4,0.599,0.5,2,2,1526,890,636,4,2,5,14,28.6%,351.7,205.1,146.6,0.92,0.46,1.15,3.23,381.5,222.5,159.0,1.0,0.5,1.25,3.5,8,6,1.84,1.38,2.0,1.5
Veteran,RSC007510,Faolaen,Dump Trucks,Road Work Ahead,Lunar,55.1,557,36,0.331,0.25,9,27,13846,7220,6626,25,18,58,92,27.2%,383.9,200.2,183.7,0.69,0.5,1.61,2.55,384.6,200.6,184.1,0.69,0.5,1.61,2.56,67,105,1.86,2.91,1.86,2.92
Veteran,RSC000007,dooby,Possessed,Destined,Solar,54.8,289,20,0.484,0.45,9,11,6981,3850,3131,19,10,20,45,42.2%,373.1,205.7,167.3,1.02,0.53,1.07,2.4,349.1,192.5,156.6,0.95,0.5,1.0,2.25,50,52,2.67,2.78,2.5,2.6
Veteran,,Bird Queen <3,Peppermint,Minty Fresh,Solar,54.6,742,48,0.588,0.604,29,19,16529,10040,6489,41,33,59,134,30.6%,344.0,209.0,135.1,0.85,0.69,1.23,2.79,344.4,209.2,135.2,0.85,0.69,1.23,2.79,122,97,2.54,2.02,2.54,2.02
Veteran,,Fomay,Pushwalkers,The Quad Dynasty,Lunar,54.3,843,56,0.459,0.446,25,31,19101,10690,8411,39,34,70,159,24.5%,349.9,195.8,154.1,0.71,0.62,1.28,2.91,341.1,190.9,150.2,0.7,0.61,1.25,2.84,126,140,2.31,2.56,2.25,2.5
Veteran,,Tactical Birb,"Cookie Dough
Mean Manatees","Creme De Bonte
Speed Demons",Lunar,54.2,669,44,0.354,0.318,14,30,16562,9070,7492,31,24,75,102,30.4%,382.3,209.4,172.9,0.72,0.55,1.73,2.35,376.4,206.1,170.3,0.7,0.55,1.7,2.32,83,122,1.92,2.82,1.89,2.77
Veteran,RSC005236,Rozi-,Legati,The Sovereign,Lunar,54.0,58,4,0.587,0.5,2,2,1338,750,588,1,5,7,5,20.0%,356.3,199.7,156.6,0.27,1.33,1.86,1.33,334.5,187.5,147.0,0.25,1.25,1.75,1.25,10,8,2.66,2.13,2.5,2.0
Veteran,,WashedDonk,Grizzly Bears,The Bear Den,Lunar,53.2,862,57,0.428,0.404,23,34,20305,11310,8995,38,39,85,131,29.0%,363.8,202.6,161.2,0.68,0.7,1.52,2.35,356.2,198.4,157.8,0.67,0.68,1.49,2.3,123,148,2.2,2.65,2.16,2.6
Veteran,RSC004917,Nahzey,Demo Reels,Production Control Room,Lunar,52.9,867,60,0.433,0.433,26,34,20562,11560,9002,52,27,71,146,35.6%,366.3,205.9,160.3,0.93,0.48,1.26,2.6,342.7,192.7,150.0,0.87,0.45,1.18,2.43,130,154,2.32,2.74,2.17,2.57
Veteran,RSC007539,MooreVR,Werewolves,The Forest,Solar,52.6,876,55,0.445,0.455,25,30,20981,11720,9261,41,31,93,142,28.9%,369.9,206.6,163.3,0.72,0.55,1.64,2.5,381.5,213.1,168.4,0.75,0.56,1.69,2.58,125,144,2.2,2.54,2.27,2.62
Veteran,RSC006289,SayNova,Legati,The Sovereign,Lunar,52.0,842,55,0.617,0.673,37,18,18735,10870,7865,43,36,66,147,29.3%,343.6,199.4,144.3,0.79,0.66,1.21,2.7,340.6,197.6,143.0,0.78,0.65,1.2,2.67,154,114,2.82,2.09,2.8,2.07
Veteran,RSC003904,Tyyphoon454,Neutrinos,The Quantum State,Solar,51.7,752,44,0.631,0.636,28,16,16242,9830,6412,48,28,44,143,33.6%,333.6,201.9,131.7,0.99,0.58,0.9,2.94,369.1,223.4,145.7,1.09,0.64,1.0,3.25,138,98,2.83,2.01,3.14,2.23
Veteran,,Dirt D Dan,Beached Whales,Whale Defense,Solar,51.4,562,33,0.561,0.576,19,14,12345,7130,5215,28,23,43,103,27.2%,339.2,195.9,143.3,0.77,0.63,1.18,2.83,374.1,216.1,158.0,0.85,0.7,1.3,3.12,98,84,2.69,2.31,2.97,2.55
Veteran,RSC005778,Kwispay,Ravaging Rays,The Reef,Solar,51.4,126,8,0.5,0.5,4,4,3008,1600,1408,4,7,14,15,26.7%,368.7,196.1,172.6,0.49,0.86,1.72,1.84,376.0,200.0,176.0,0.5,0.88,1.75,1.88,16,16,1.96,1.96,2.0,2.0
Veteran,RSC004872,JustLaben,"Giraffes
Cannoli","Safari
Fifty-Fifty Pizzeria",Lunar,51.4,688,45,0.466,0.422,19,26,15645,9130,6515,45,17,49,133,33.8%,351.2,204.9,146.2,1.01,0.38,1.1,2.99,347.7,202.9,144.8,1.0,0.38,1.09,2.96,112,122,2.51,2.74,2.49,2.71
Veteran,RSC004613,Skriviere,"Makos
Rulers","Shark Attack
Monarchy",Solar,51.1,889,63,0.441,0.413,26,37,20886,11880,9006,46,37,83,128,35.9%,362.8,206.4,156.5,0.8,0.64,1.44,2.22,331.5,188.6,143.0,0.73,0.59,1.32,2.03,129,150,2.24,2.61,2.05,2.38
Veteran,,Makaveli,Typhoons,Storm,Solar,50.0,663,45,0.59,0.578,26,19,14569,8190,6379,30,33,50,104,28.8%,339.4,190.8,148.6,0.7,0.77,1.16,2.42,323.8,182.0,141.8,0.67,0.73,1.11,2.31,109,86,2.54,2.0,2.42,1.91
Veteran,,13,Demo Reels,Production Control Room,Lunar,50.0,552,38,0.434,0.368,14,24,12457,6930,5527,28,21,43,93,30.1%,348.5,193.9,154.6,0.78,0.59,1.2,2.6,327.8,182.4,145.4,0.74,0.55,1.13,2.45,83,98,2.32,2.74,2.18,2.58
Veteran,RSC006174,I like bananas,"Cookie Dough
Azalea","Creme De Bonte
Flower Road",Solar,49.2,439,27,0.402,0.333,9,18,9793,6090,3703,28,11,38,84,33.3%,344.5,214.2,130.3,0.99,0.39,1.34,2.96,362.7,225.6,137.1,1.04,0.41,1.41,3.11,59,76,2.08,2.67,2.19,2.81
Veteran,RSC003416,DrSkimMilk,Merciless Mob,The Syndicate,Lunar,49.0,862,56,0.614,0.625,35,21,20990,12200,8790,45,25,104,125,36.0%,376.1,218.6,157.5,0.81,0.45,1.86,2.24,374.8,217.9,157.0,0.8,0.45,1.86,2.23,146,108,2.62,1.93,2.61,1.93
Veteran,RSC007610,Halibut907,Ravaging Rays,The Reef,Solar,49.0,896,59,0.408,0.39,23,36,20749,11260,9489,41,29,84,151,27.2%,357.6,194.1,163.6,0.71,0.5,1.45,2.6,351.7,190.8,160.8,0.69,0.49,1.42,2.56,119,151,2.05,2.6,2.02,2.56
Veteran,RSC003353,Melon,"Pushwalkers
Singularity","The Quad Dynasty
Event Horizon",Lunar,49.0,760,50,0.5,0.48,24,26,17090,9680,7410,44,22,56,138,31.9%,347.3,196.7,150.6,0.89,0.45,1.14,2.8,341.8,193.6,148.2,0.88,0.44,1.12,2.76,121,121,2.46,2.46,2.42,2.42
Veteran,RSC000094,Namdorin,Rulers,Monarchy,Lunar,48.6,382,27,0.385,0.37,10,17,8205,4240,3965,14,17,26,69,20.3%,331.7,171.4,160.3,0.57,0.69,1.05,2.79,303.9,157.0,146.9,0.52,0.63,0.96,2.56,52,70,2.1,2.83,1.93,2.59
Veteran,,solurr,Rockin Revenants,Ghoul School,Solar,48.6,463,31,0.531,0.452,14,17,10402,5930,4472,25,20,35,68,36.8%,347.0,197.8,149.2,0.83,0.67,1.17,2.27,335.5,191.3,144.3,0.81,0.65,1.13,2.19,80,74,2.67,2.47,2.58,2.39
Veteran,RSC007115,Zoomin,Legati,The Sovereign,Lunar,48.2,861,59,0.613,0.661,39,20,19595,11200,8395,46,37,71,120,38.3%,351.5,200.9,150.6,0.83,0.66,1.27,2.15,332.1,189.8,142.3,0.78,0.63,1.2,2.03,158,118,2.83,2.12,2.68,2.0
Veteran,,sombs,Typhoons,Storm,Solar,47.9,297,20,0.598,0.55,11,9,6700,3650,3050,15,10,23,50,30.0%,348.4,189.8,158.6,0.78,0.52,1.2,2.6,335.0,182.5,152.5,0.75,0.5,1.15,2.5,48,37,2.5,1.92,2.4,1.85
Veteran,RSC004109,Hawkish,Werewolves,The Forest,Solar,47.5,940,61,0.432,0.426,26,35,20341,11050,9291,47,30,61,180,26.1%,334.2,181.5,152.6,0.77,0.49,1.0,2.96,333.5,181.1,152.3,0.77,0.49,1.0,2.95,131,156,2.15,2.56,2.15,2.56
Veteran,RSC006086,13o0k,Possessed,Destined,Solar,47.3,53,4,0.54,0.5,2,2,1396,710,686,3,1,6,6,50.0%,406.8,206.9,199.9,0.87,0.29,1.75,1.75,349.0,177.5,171.5,0.75,0.25,1.5,1.5,11,10,3.21,2.91,2.75,2.5
Veteran,RSC006086,13o0k,Possessed,Destined,Solar,47.3,53,4,0.54,0.5,2,2,1396,710,686,3,1,6,6,50.0%,406.8,206.9,199.9,0.87,0.29,1.75,1.75,349.0,177.5,171.5,0.75,0.25,1.5,1.5,11,10,3.21,2.91,2.75,2.5
Veteran,RSC003272,jknop2,Singularity,Event Horizon,Solar,47.3,911,55,0.52,0.564,31,24,21399,12540,8859,51,26,95,139,36.7%,362.8,212.6,150.2,0.86,0.44,1.61,2.36,389.1,228.0,161.1,0.93,0.47,1.73,2.53,142,135,2.41,2.29,2.58,2.45
Veteran,RSC006165,Drummerboy2022,Neutrinos,The Quantum State,Solar,47.3,519,32,0.655,0.719,23,9,11106,6810,4296,31,21,36,86,36.0%,330.5,202.6,127.8,0.92,0.62,1.07,2.56,347.1,212.8,134.3,0.97,0.66,1.13,2.69,95,63,2.83,1.87,2.97,1.97
Veteran,RSC000023,n0maa,Peppermint,Minty Fresh,Solar,47.1,10,1,0.0,0.0,0,1,267,120,147,0,0,2,2,0.0%,412.3,185.3,227.0,0.0,0.0,3.09,3.09,267.0,120.0,147.0,0.0,0.0,2.0,2.0,0,1,0.0,1.54,0.0,1.0
Veteran,RSC000023,n0maa,Peppermint,Minty Fresh,Solar,47.1,10,1,0.0,0.0,0,1,267,120,147,0,0,2,2,0.0%,412.3,185.3,227.0,0.0,0.0,3.09,3.09,267.0,120.0,147.0,0.0,0.0,2.0,2.0,0,1,0.0,1.54,0.0,1.0
Veteran,RSC007607,GameGang,Rockin Revenants,Ghoul School,Solar,47.0,660,41,0.564,0.537,22,19,13765,7860,5905,27,37,46,101,26.7%,322.1,183.9,138.2,0.63,0.87,1.08,2.36,335.7,191.7,144.0,0.66,0.9,1.12,2.46,122,104,2.85,2.43,2.98,2.54
Veteran,RSC002747,derrrrrrrrp,"Folks
Singularity","The Pit
Event Horizon",Lunar,46.9,910,59,0.61,0.61,36,23,20405,11840,8565,50,30,77,149,33.6%,346.3,200.9,145.4,0.85,0.51,1.31,2.53,345.8,200.7,145.2,0.85,0.51,1.31,2.53,145,108,2.46,1.83,2.46,1.83
Veteran,RSC003073,perkls <3,"Gorillas
Cookie Dough","The Jungle
Creme De Bonte",Solar,46.5,347,21,0.383,0.381,8,13,7638,4570,3068,20,12,28,57,35.1%,339.9,203.4,136.5,0.89,0.53,1.25,2.54,363.7,217.6,146.1,0.95,0.57,1.33,2.71,45,61,2.0,2.71,2.14,2.9
Veteran,RSC006909,Dewby,Singularity,Event Horizon,Solar,46.4,615,38,0.55,0.605,23,15,13468,7940,5528,34,21,49,104,32.7%,338.2,199.4,138.8,0.85,0.53,1.23,2.61,354.4,208.9,145.5,0.89,0.55,1.29,2.74,99,87,2.49,2.18,2.61,2.29
Veteran,RSC007491,Orbit,"Grizzly Bears
Cookie Dough","The Bear Den
Creme De Bonte",Solar,46.3,209,15,0.39,0.267,4,11,4770,2610,2160,12,5,16,36,33.3%,352.5,192.9,159.6,0.89,0.37,1.18,2.66,318.0,174.0,144.0,0.8,0.33,1.07,2.4,27,36,2.0,2.66,1.8,2.4
Veteran,RSC003830,bradyK-,Makos,Shark Attack,Solar,46.2,876,62,0.478,0.468,29,33,20788,11470,9318,42,28,93,122,34.4%,366.5,202.2,164.3,0.74,0.49,1.64,2.15,335.3,185.0,150.3,0.68,0.45,1.5,1.97,139,147,2.45,2.59,2.24,2.37
Veteran,RSC002960,Shrek Is The Best Anime,Legati,The Sovereign,Lunar,46.2,238,16,0.609,0.625,10,6,5621,3130,2491,14,7,21,33,42.4%,364.7,203.1,161.6,0.91,0.45,1.36,2.14,351.3,195.6,155.7,0.88,0.44,1.31,2.06,40,30,2.6,1.95,2.5,1.88
Veteran,RSC003358,galacticcccc,Ravaging Rays,The Reef,Solar,46.0,768,51,0.456,0.451,23,28,16681,9150,7531,36,27,57,135,26.7%,335.4,184.0,151.4,0.72,0.54,1.15,2.71,327.1,179.4,147.7,0.71,0.53,1.12,2.65,109,122,2.19,2.45,2.14,2.39
Veteran,RSC007017,Speed_demon1215,Ravaging Rays,The Reef,Solar,45.3,749,49,0.42,0.388,19,30,16835,9470,7365,35,28,69,112,31.3%,347.1,195.3,151.9,0.72,0.58,1.42,2.31,343.6,193.3,150.3,0.71,0.57,1.41,2.29,99,122,2.04,2.52,2.02,2.49
Veteran,RSC000796,hoyci,Mean Manatees,Speed Demons,Lunar,45.2,532,35,0.447,0.429,15,20,12108,6730,5378,22,24,53,68,32.4%,351.5,195.4,156.1,0.64,0.7,1.54,1.97,345.9,192.3,153.7,0.63,0.69,1.51,1.94,75,86,2.18,2.5,2.14,2.46
Veteran,RSC000796,hoyci,Mean Manatees,Speed Demons,Lunar,45.2,532,35,0.447,0.429,15,20,12108,6730,5378,22,24,53,68,32.4%,351.5,195.4,156.1,0.64,0.7,1.54,1.97,345.9,192.3,153.7,0.63,0.69,1.51,1.94,75,86,2.18,2.5,2.14,2.46
Veteran,RSC006420,Pullis.,Pushwalkers,The Quad Dynasty,Lunar,44.4,738,48,0.517,0.521,25,23,16721,9720,7001,41,24,67,107,38.3%,349.9,203.4,146.5,0.86,0.5,1.4,2.24,348.4,202.5,145.9,0.85,0.5,1.4,2.23,118,113,2.47,2.36,2.46,2.35
Veteran,RSC002133,pour me a shot,Rulers,Monarchy,Lunar,44.3,263,16,0.67,0.688,11,5,5574,3400,2174,12,14,23,35,34.3%,327.3,199.7,127.7,0.7,0.82,1.35,2.06,348.4,212.5,135.9,0.75,0.88,1.44,2.19,53,34,3.11,2.0,3.31,2.13
Veteran,RSC006315,BIGbadBULLMAN13,"Mosaic Maestros
Ravaging Rays
Dump Trucks","Art Club
The Reef
Road Work Ahead",Solar,44.0,169,13,0.606,0.538,7,6,3900,2050,1850,8,5,15,25,32.0%,356.4,187.3,169.1,0.73,0.46,1.37,2.28,300.0,157.7,142.3,0.62,0.38,1.15,1.92,29,22,2.65,2.01,2.23,1.69
Veteran,RSC006140,Jay_Kay99,Beached Whales,Whale Defense,Solar,43.4,909,57,0.559,0.544,31,26,19270,11570,7700,48,38,70,137,35.0%,327.4,196.6,130.8,0.82,0.65,1.19,2.33,338.1,203.0,135.1,0.84,0.67,1.23,2.4,159,137,2.7,2.33,2.79,2.4
Veteran,RSC006613,steel.reserve,Demo Reels,Production Control Room,Lunar,42.6,611,42,0.397,0.429,18,24,13961,7880,6081,33,15,58,93,35.5%,352.9,199.2,153.7,0.83,0.38,1.47,2.35,332.4,187.6,144.8,0.79,0.36,1.38,2.21,87,113,2.2,2.86,2.07,2.69
Veteran,RSC004239,Nitro,Dread,The Shadows,Lunar,42.3,995,63,0.476,0.524,33,30,21715,12820,8895,59,21,82,177,33.3%,337.0,199.0,138.1,0.92,0.33,1.27,2.75,344.7,203.5,141.2,0.94,0.33,1.3,2.81,142,151,2.2,2.34,2.25,2.4
Veteran,RSC007799,DJstriker211,"Gorillas
Banshees
Giraffes
Dump Trucks","The Jungle
The Monster Mash
Safari
Road Work Ahead",Lunar,42.2,291,20,0.491,0.5,10,10,6829,3590,3239,11,11,32,34,32.4%,362.4,190.5,171.9,0.58,0.58,1.7,1.8,341.5,179.5,162.0,0.55,0.55,1.6,1.7,43,44,2.28,2.34,2.15,2.2
Veteran,RSC005534,mathews175,Giraffes,Safari,Lunar,41.6,510,37,0.364,0.351,13,24,11463,5710,5753,18,19,45,71,25.4%,347.1,172.9,174.2,0.55,0.58,1.36,2.15,309.8,154.3,155.5,0.49,0.51,1.22,1.92,62,89,1.88,2.7,1.68,2.41
Veteran,RSC002988,pwapp,Gorillas,The Jungle,Solar,41.6,942,56,0.351,0.357,20,36,21282,12640,8642,57,17,91,154,37.0%,348.9,207.2,141.7,0.93,0.28,1.49,2.52,380.0,225.7,154.3,1.02,0.3,1.63,2.75,122,180,2.0,2.95,2.18,3.21
Veteran,RSC000926,SlmRnchr,Cannoli,Fifty-Fifty Pizzeria,Lunar,41.5,618,36,0.627,0.556,20,16,12871,7330,5541,31,22,42,103,30.1%,321.6,183.2,138.5,0.77,0.55,1.05,2.57,357.5,203.6,153.9,0.86,0.61,1.17,2.86,119,86,2.97,2.15,3.31,2.39
Veteran,RSC005828,Creme,"Rulers
Dump Trucks","Monarchy
Road Work Ahead",Lunar,41.2,125,8,0.418,0.25,2,6,2643,1420,1223,5,4,10,22,22.7%,326.5,175.4,151.1,0.62,0.49,1.24,2.72,330.4,177.5,152.9,0.63,0.5,1.25,2.75,17,21,2.1,2.59,2.13,2.63
Veteran,RSC005246,Irishhhh,Mosaic Maestros,Art Club,Solar,40.9,858,54,0.365,0.426,23,31,18640,10360,8280,47,22,63,141,33.3%,335.5,186.5,149.0,0.85,0.4,1.13,2.54,345.2,191.9,153.3,0.87,0.41,1.17,2.61,119,168,2.14,3.02,2.2,3.11
Veteran,RSC004385,Braybaum02,Peppermint,Minty Fresh,Solar,40.6,751,50,0.51,0.52,26,24,15852,8950,6902,33,31,60,110,30.0%,326.0,184.0,141.9,0.68,0.64,1.23,2.26,317.0,179.0,138.0,0.66,0.62,1.2,2.2,113,110,2.32,2.26,2.26,2.2
Veteran,RSC005386,Danub,"Peppermint
Dump Trucks
Mosaic Maestros","Minty Fresh
Road Work Ahead
Art Club",Solar,40.4,177,12,0.525,0.583,7,5,3525,2060,1465,11,4,8,36,30.6%,307.6,179.7,127.8,0.96,0.35,0.7,3.14,293.8,171.7,122.1,0.92,0.33,0.67,3.0,34,32,2.97,2.79,2.83,2.67
Veteran,RSC005386,Danub,"Peppermint
Dump Trucks
Mosaic Maestros","Minty Fresh
Road Work Ahead
Art Club",Solar,40.4,177,12,0.525,0.583,7,5,3525,2060,1465,11,4,8,36,30.6%,307.6,179.7,127.8,0.96,0.35,0.7,3.14,293.8,171.7,122.1,0.92,0.33,0.67,3.0,34,32,2.97,2.79,2.83,2.67
Veteran,RSC006314,Mimetic,"Neutrinos
Banshees","The Quantum State
The Monster Mash",Solar,40.1,538,32,0.645,0.688,22,10,11444,7030,4414,27,20,51,78,34.6%,328.5,201.8,126.7,0.78,0.57,1.46,2.24,357.6,219.7,137.9,0.84,0.63,1.59,2.44,102,70,2.93,2.01,3.19,2.19
Veteran,RSC000035,Feen,"Azalea
Cannoli","Flower Road
Fifty-Fifty Pizzeria",Lunar,39.9,875,52,0.57,0.481,25,27,17638,10520,7118,40,34,67,147,27.2%,311.3,185.7,125.6,0.71,0.6,1.18,2.59,339.2,202.3,136.9,0.77,0.65,1.29,2.83,154,129,2.72,2.28,2.96,2.48
Veteran,RSC000140,Kaeso Clarus,Folks,The Pit,Lunar,38.7,356,22,0.576,0.5,11,11,7847,4800,3047,16,9,44,55,29.1%,340.4,208.2,132.2,0.69,0.39,1.91,2.39,356.7,218.2,138.5,0.73,0.41,2.0,2.5,55,45,2.39,1.95,2.5,2.05
Veteran,RSC001934,Bosnia_2003,Mean Manatees,Speed Demons,Lunar,37.1,815,54,0.377,0.333,18,36,16760,9750,7010,42,25,60,130,32.3%,317.6,184.8,132.8,0.8,0.47,1.14,2.46,310.4,180.6,129.8,0.78,0.46,1.11,2.41,109,150,2.07,2.84,2.02,2.78
Veteran,RSC005754,Monty.,Water,The Elements,Solar,37.0,394,27,0.379,0.407,11,16,8608,4960,3648,21,12,35,51,41.2%,337.4,194.4,143.0,0.82,0.47,1.37,2.0,318.8,183.7,135.1,0.78,0.44,1.3,1.89,51,70,2.0,2.74,1.89,2.59
Veteran,RSC005754,Monty.,Water,The Elements,Solar,37.0,394,27,0.379,0.407,11,16,8608,4960,3648,21,12,35,51,41.2%,337.4,194.4,143.0,0.82,0.47,1.37,2.0,318.8,183.7,135.1,0.78,0.44,1.3,1.89,51,70,2.0,2.74,1.89,2.59
Veteran,RSC002917,Arbartenn,Grizzly Bears,The Bear Den,Lunar,36.5,772,50,0.393,0.34,17,33,16221,8730,7491,33,20,63,128,25.8%,324.5,174.6,149.9,0.66,0.4,1.26,2.56,324.4,174.6,149.8,0.66,0.4,1.26,2.56,95,126,1.9,2.52,1.9,2.52
Veteran,RSC003405,Shai,"Demo Reels
Rulers","Production Control Room
Monarchy",Lunar,35.9,786,55,0.422,0.455,25,30,17096,9200,7896,28,30,79,95,29.5%,335.9,180.8,155.1,0.55,0.59,1.55,1.87,310.8,167.3,143.6,0.51,0.55,1.44,1.73,113,138,2.22,2.71,2.05,2.51
Veteran,,NukeTech96,Mosaic Maestros,Art Club,Solar,35.6,399,25,0.288,0.36,9,16,8386,4490,3896,15,15,34,54,27.8%,324.6,173.8,150.8,0.58,0.58,1.32,2.09,335.4,179.6,155.8,0.6,0.6,1.36,2.16,47,83,1.82,3.21,1.88,3.32
Veteran,,Versiaz,Rockin Revenants,Ghoul School,Solar,34.9,370,25,0.433,0.44,11,14,7682,4430,3252,17,12,32,53,32.1%,320.6,184.9,135.7,0.71,0.5,1.34,2.21,307.3,177.2,130.1,0.68,0.48,1.28,2.12,54,64,2.25,2.67,2.16,2.56
Veteran,RSC002937,SirTommyNoble,"Ravaging Rays
Mosaic Maestros
Water","The Reef
Art Club
The Elements",Solar,34.9,653,42,0.276,0.357,15,27,13865,7540,6325,28,17,58,99,28.3%,327.9,178.3,149.6,0.66,0.4,1.37,2.34,330.1,179.5,150.6,0.67,0.4,1.38,2.36,76,139,1.8,3.29,1.81,3.31
Veteran,RSC005960,Hyper,Possessed,Destined,Solar,34.4,857,52,0.468,0.5,26,26,17233,9820,7413,34,26,74,142,23.9%,310.5,177.0,133.6,0.61,0.47,1.33,2.56,331.4,188.8,142.6,0.65,0.5,1.42,2.73,130,141,2.34,2.54,2.5,2.71
Veteran,,Smyte.,"Giraffes
Merciless Mob","Safari
The Syndicate",Lunar,34.4,518,37,0.42,0.405,15,22,11089,5790,5299,22,10,45,84,26.2%,330.6,172.6,158.0,0.66,0.3,1.34,2.5,299.7,156.5,143.2,0.59,0.27,1.22,2.27,63,78,1.88,2.33,1.7,2.11
Veteran,RSC005314,daggumbigfeet,Mosaic Maestros,Art Club,Solar,34.4,336,21,0.308,0.381,8,13,6547,3900,2647,14,14,26,50,28.0%,300.9,179.3,121.7,0.64,0.64,1.2,2.3,311.8,185.7,126.0,0.67,0.67,1.24,2.38,45,74,2.07,3.4,2.14,3.52
Veteran,RSC005267,jj.dunbar,Banshees,The Monster Mash,Lunar,34.2,657,44,0.604,0.568,25,19,13416,7090,6326,34,19,35,99,34.3%,315.4,166.7,148.7,0.8,0.45,0.82,2.33,304.9,161.1,143.8,0.77,0.43,0.8,2.25,103,78,2.42,1.83,2.34,1.77
Veteran,RSC000367,Pana,Water,The Elements,Solar,33.5,367,21,0.359,0.333,7,14,7938,4690,3248,18,9,39,49,36.7%,334.0,197.4,136.7,0.76,0.38,1.64,2.06,378.0,223.3,154.7,0.86,0.43,1.86,2.33,47,68,1.98,2.86,2.24,3.24
Veteran,RSC007479,Metatonixz,Folks,The Pit,Lunar,32.0,874,57,0.552,0.526,30,27,17646,9450,8196,38,26,61,130,29.2%,311.8,167.0,144.8,0.67,0.46,1.08,2.3,309.6,165.8,143.8,0.67,0.46,1.07,2.28,122,106,2.16,1.87,2.14,1.86
Veteran,RSC005490,iProfessorEx,Mean Manatees,Speed Demons,Lunar,31.6,733,48,0.324,0.271,13,35,15441,8500,6941,26,21,77,100,26.0%,325.3,179.1,146.2,0.55,0.44,1.62,2.11,321.7,177.1,144.6,0.54,0.44,1.6,2.08,87,139,1.83,2.93,1.81,2.9
Veteran,RSC006319,cowtooth,Werewolves,The Forest,Solar,31.5,526,34,0.5,0.529,18,16,11076,6280,4796,26,16,45,63,41.3%,325.2,184.4,140.8,0.76,0.47,1.32,1.85,325.8,184.7,141.1,0.76,0.47,1.32,1.85,75,75,2.2,2.2,2.21,2.21
Veteran,RSC000320,ryanawesome_,Grizzly Bears,The Bear Den,Lunar,31.0,834,54,0.393,0.37,20,34,17411,10040,7371,39,17,81,124,31.5%,322.4,185.9,136.5,0.72,0.31,1.5,2.3,322.4,185.9,136.5,0.72,0.31,1.5,2.3,109,144,2.02,2.67,2.02,2.67
Veteran,RSC004332,FriendBrady,"Makos
Giraffes","Shark Attack
Safari",Lunar,31.0,532,36,0.333,0.278,10,26,10983,5880,5103,23,11,44,83,27.7%,318.8,170.7,148.1,0.67,0.32,1.28,2.41,305.1,163.3,141.8,0.64,0.31,1.22,2.31,59,93,1.71,2.7,1.64,2.58
Veteran,RSC005222,ayLucho,"Ravaging Rays
Mean Manatees","The Reef
Speed Demons",Lunar,30.8,104,7,0.382,0.429,3,4,2114,1160,954,3,3,11,16,18.8%,313.9,172.3,141.7,0.45,0.45,1.63,2.38,302.0,165.7,136.3,0.43,0.43,1.57,2.29,14,19,2.08,2.82,2.0,2.71
Veteran,RSC007062,Ice Phoenix,Dread,The Shadows,Lunar,30.7,368,25,0.384,0.48,12,13,7537,4070,3467,10,14,38,47,21.3%,316.3,170.8,145.5,0.42,0.59,1.59,1.97,301.5,162.8,138.7,0.4,0.56,1.52,1.88,48,65,2.01,2.73,1.92,2.6
Veteran,RSC002467,reccoonn,Possessed,Destined,Solar,30.6,642,38,0.539,0.579,22,16,12186,6860,5326,24,29,43,86,27.9%,293.1,165.0,128.1,0.58,0.7,1.03,2.07,320.7,180.5,140.2,0.63,0.76,1.13,2.26,104,94,2.5,2.26,2.74,2.47
Veteran,,LowFadeEnthusiast,Demo Reels,Production Control Room,Lunar,30.2,262,17,0.465,0.412,7,10,4943,2780,2163,12,6,16,48,25.0%,291.4,163.9,127.5,0.71,0.35,0.94,2.83,290.8,163.5,127.2,0.71,0.35,0.94,2.82,45,49,2.65,2.89,2.65,2.88
Veteran,RSC006113,aztk_,Gorillas,The Jungle,Solar,29.2,834,50,0.356,0.38,19,31,16392,9210,7182,30,27,73,121,24.8%,303.5,170.5,133.0,0.56,0.5,1.35,2.24,327.8,184.2,143.6,0.6,0.54,1.46,2.42,110,160,2.04,2.96,2.2,3.2
Veteran,,Hydro†,Dread,The Shadows,Lunar,29.2,918,57,0.477,0.526,30,27,19189,10050,9139,29,28,92,115,25.2%,322.8,169.1,153.7,0.49,0.47,1.55,1.93,336.6,176.3,160.3,0.51,0.49,1.61,2.02,131,139,2.2,2.34,2.3,2.44
Veteran,RSC007085,Raygozia,Dump Trucks,Road Work Ahead,Lunar,28.1,87,6,0.449,0.5,3,3,1733,920,813,5,2,4,12,41.7%,307.6,163.3,144.3,0.89,0.36,0.71,2.13,288.8,153.3,135.5,0.83,0.33,0.67,2.0,15,17,2.66,3.02,2.5,2.83
Veteran,RSC007295,TheLegendaryChance,Legati,The Sovereign,Lunar,28.0,37,3,0.352,0.333,1,2,714,520,194,3,0,3,7,42.9%,298.0,217.0,81.0,1.25,0.0,1.25,2.92,238.0,173.3,64.7,1.0,0.0,1.0,2.33,4,6,1.67,2.5,1.33,2.0
Veteran,RSC005633,wntr,Azalea,Flower Road,Lunar,27.2,499,35,0.605,0.629,22,13,9623,5520,4103,20,17,40,67,29.9%,297.8,170.8,127.0,0.62,0.53,1.24,2.07,274.9,157.7,117.2,0.57,0.49,1.14,1.91,83,63,2.57,1.95,2.37,1.8
Veteran,RSC001893,cjax,"Gouda Gangsters
Cookie Dough","Cheese Guild
Creme De Bonte",Lunar,27.2,842,58,0.477,0.483,28,30,15690,9040,6650,46,23,40,129,35.7%,287.8,165.8,122.0,0.84,0.42,0.73,2.37,270.5,155.9,114.7,0.79,0.4,0.69,2.22,135,143,2.48,2.62,2.33,2.47
Veteran,RSC005205,A Legit Bunee,"Mean Manatees
Dump Trucks","Speed Demons
Road Work Ahead",Lunar,27.0,372,24,0.381,0.417,10,14,7385,4040,3345,12,12,35,49,24.5%,306.6,167.7,138.9,0.5,0.5,1.45,2.03,307.7,168.3,139.4,0.5,0.5,1.46,2.04,46,63,1.91,2.62,1.92,2.63
Veteran,RSC006378,depressed vibez,Dump Trucks,Road Work Ahead,Lunar,26.0,323,22,0.342,0.318,7,15,6316,3160,3156,11,7,24,51,21.6%,302.0,151.1,150.9,0.53,0.33,1.15,2.44,287.1,143.6,143.5,0.5,0.32,1.09,2.32,41,62,1.96,2.96,1.86,2.82
Veteran,RSC000851,JoeZ,Peppermint,Minty Fresh,Solar,25.3,58,4,0.5,0.75,3,1,1181,610,571,2,2,5,6,33.3%,314.5,162.4,152.0,0.53,0.53,1.33,1.6,295.3,152.5,142.8,0.5,0.5,1.25,1.5,8,8,2.13,2.13,2.0,2.0
Veteran,,PopZ11,Water,The Elements,Solar,24.7,890,57,0.341,0.333,19,38,18187,10020,8167,25,23,105,112,22.3%,315.6,173.9,141.7,0.43,0.4,1.82,1.94,319.1,175.8,143.3,0.44,0.4,1.84,1.96,103,158,1.79,2.74,1.81,2.77
Veteran,RSC000291,Suckiest Sucker,Mosaic Maestros,Art Club,Solar,24.6,767,47,0.344,0.426,20,27,14524,7730,6794,28,25,53,103,27.2%,292.4,155.6,136.8,0.56,0.5,1.07,2.07,309.0,164.5,144.6,0.6,0.53,1.13,2.19,103,154,2.07,3.1,2.19,3.28
Veteran,,The All-Seeing Eye 👁️,Gouda Gangsters,Cheese Guild,Lunar,24.5,112,8,0.37,0.375,3,5,2102,1230,872,3,3,12,18,16.7%,289.8,169.6,120.2,0.41,0.41,1.65,2.48,262.8,153.8,109.0,0.38,0.38,1.5,2.25,15,21,2.07,2.9,1.88,2.63
Veteran,RSC007627,vrxvert,"Werewolves
Mosaic Maestros","The Forest
Art Club",Solar,23.6,281,18,0.393,0.444,8,10,5562,2790,2772,7,7,27,39,17.9%,305.7,153.3,152.3,0.38,0.38,1.48,2.14,309.0,155.0,154.0,0.39,0.39,1.5,2.17,33,44,1.81,2.42,1.83,2.44
Veteran,,Assassin,Mellow Fellows,Vibe Tribe,Lunar,22.6,610,37,0.522,0.568,21,16,11449,6480,4969,24,19,47,78,30.8%,289.9,164.1,125.8,0.61,0.48,1.19,1.97,309.4,175.1,134.3,0.65,0.51,1.27,2.11,88,83,2.23,2.1,2.38,2.24
Veteran,RSC002215,jabbaaaaaaa_,Mellow Fellows,Vibe Tribe,Lunar,22.2,363,24,0.63,0.667,16,8,6446,3290,3156,12,14,18,49,24.5%,274.2,140.0,134.3,0.51,0.6,0.77,2.08,268.6,137.1,131.5,0.5,0.58,0.75,2.04,57,40,2.43,1.7,2.38,1.67
Veteran,,PumPum,Giraffes,Safari,Lunar,21.6,371,27,0.293,0.333,9,18,7156,3700,3456,9,10,36,50,18.0%,297.9,154.0,143.9,0.37,0.42,1.5,2.08,265.0,137.0,128.0,0.33,0.37,1.33,1.85,37,66,1.54,2.75,1.37,2.44
Veteran,RSC005677,z2kay,Makos,Shark Attack,Solar,21.5,50,4,0.193,0.0,0,4,1020,440,580,1,2,4,4,25.0%,315.0,135.9,179.1,0.31,0.62,1.24,1.24,255.0,110.0,145.0,0.25,0.5,1.0,1.0,6,14,1.85,4.32,1.5,3.5
Veteran,RSC006490,Dayz,"Ravaging Rays
Dump Trucks","The Reef
Road Work Ahead",Solar,21.2,189,12,0.273,0.25,3,9,3726,2280,1446,8,4,21,23,34.8%,304.5,186.3,118.2,0.65,0.33,1.72,1.88,310.5,190.0,120.5,0.67,0.33,1.75,1.92,21,39,1.72,3.19,1.75,3.25
Veteran,RSC006490,Dayz,"Ravaging Rays
Dump Trucks","The Reef
Road Work Ahead",Solar,21.2,189,12,0.273,0.25,3,9,3726,2280,1446,8,4,21,23,34.8%,304.5,186.3,118.2,0.65,0.33,1.72,1.88,310.5,190.0,120.5,0.67,0.33,1.75,1.92,21,39,1.72,3.19,1.75,3.25
Veteran,RSC000848,WittingHalo64,"Merciless Mob
Folks","The Syndicate
The Pit",Lunar,19.4,312,18,0.384,0.222,4,14,5972,2940,3032,9,8,25,39,23.1%,295.6,145.5,150.1,0.45,0.4,1.24,1.93,331.8,163.3,168.4,0.5,0.44,1.39,2.17,35,48,1.73,2.38,1.94,2.67
Veteran,,M1TNS,Azalea,Flower Road,Lunar,19.3,494,33,0.587,0.606,20,13,8936,4840,4096,18,15,33,64,28.1%,279.4,151.3,128.1,0.56,0.47,1.03,2.0,270.8,146.7,124.1,0.55,0.45,1.0,1.94,78,62,2.44,1.94,2.36,1.88
Veteran,RSC001918,Imperial,"Cookie Dough
Pushwalkers
Giraffes
Gorillas","Creme De Bonte
The Quad Dynasty
Safari
The Jungle",Solar,17.2,566,35,0.319,0.229,8,27,9986,5490,4496,16,24,42,59,27.1%,272.5,149.8,122.7,0.44,0.65,1.15,1.61,285.3,156.9,128.5,0.46,0.69,1.2,1.69,68,110,1.86,3.0,1.94,3.14
Veteran,RSC000182,Goose,"Typhoons
Peppermint
Pushwalkers","Storm
Minty Fresh
The Quad Dynasty",Solar,15.3,424,29,0.411,0.345,10,19,7694,4260,3434,14,7,38,61,23.0%,280.2,155.2,125.1,0.51,0.25,1.38,2.22,265.3,146.9,118.4,0.48,0.24,1.31,2.1,58,73,2.11,2.66,2.0,2.52
Veteran,RSC000156,Drupenson,"Possessed
Mean Manatees
Rulers","Destined
Speed Demons
Monarchy",Solar,15.0,209,13,0.5,0.385,5,8,3760,1840,1920,7,4,13,29,24.1%,277.8,136.0,141.9,0.52,0.3,0.96,2.14,289.2,141.5,147.7,0.54,0.31,1.0,2.23,28,28,2.07,2.07,2.15,2.15
Veteran,RSC006748,Llamaboy101,Water,The Elements,Solar,14.7,709,44,0.286,0.273,12,32,13202,7110,6092,24,10,65,96,25.0%,287.6,154.9,132.7,0.52,0.22,1.42,2.09,300.0,161.6,138.5,0.55,0.23,1.48,2.18,76,137,1.66,2.98,1.73,3.11
Veteran,RSC003255,cozyboy,Mellow Fellows,Vibe Tribe,Lunar,14.7,276,15,0.489,0.533,8,7,4986,2640,2346,8,7,23,34,23.5%,279.0,147.7,131.3,0.45,0.39,1.29,1.9,332.4,176.0,156.4,0.53,0.47,1.53,2.27,32,33,1.79,1.85,2.13,2.2
Veteran,RSC004365,Mattixbigs,Gorillas,The Jungle,Solar,14.5,931,56,0.33,0.357,20,36,17215,9080,8135,25,25,86,103,24.3%,285.6,150.6,134.9,0.41,0.41,1.43,1.71,307.4,162.1,145.3,0.45,0.45,1.54,1.84,114,179,1.89,2.97,2.04,3.2
Veteran,RSC002320,JoeExotic,Werewolves,The Forest,Solar,12.9,49,4,0.253,0.25,1,3,820,330,490,1,1,2,8,12.5%,258.4,104.0,154.4,0.32,0.32,0.63,2.52,205.0,82.5,122.5,0.25,0.25,0.5,2.0,5,10,1.58,3.15,1.25,2.5
Veteran,RSC002320,JoeExotic,Werewolves,The Forest,Solar,12.9,49,4,0.253,0.25,1,3,820,330,490,1,1,2,8,12.5%,258.4,104.0,154.4,0.32,0.32,0.63,2.52,205.0,82.5,122.5,0.25,0.25,0.5,2.0,5,10,1.58,3.15,1.25,2.5
Veteran,,TunedUpTuck,Grizzly Bears,The Bear Den,Lunar,6.4,90,5,0.306,0.4,2,3,1686,910,776,3,2,9,6,50.0%,289.3,156.2,133.2,0.51,0.34,1.54,1.03,337.2,182.0,155.2,0.6,0.4,1.8,1.2,8,14,1.37,2.4,1.6,2.8
Veteran,,mayor,Giraffes,Safari,Lunar,4.4,98,7,0.475,0.429,3,4,1494,820,674,2,5,6,7,28.6%,235.4,129.2,106.2,0.32,0.79,0.95,1.1,213.4,117.1,96.3,0.29,0.71,0.86,1.0,15,16,2.36,2.52,2.14,2.29
Veteran,,hero tehblister,Dump Trucks,Road Work Ahead,Lunar,2.9,513,33,0.3,0.273,9,24,8696,4740,3956,13,13,47,44,29.5%,261.8,142.7,119.1,0.39,0.39,1.41,1.32,263.5,143.6,119.9,0.39,0.39,1.42,1.33,63,107,1.9,3.22,1.91,3.24
Veteran,RSC003978,Thenio,Dump Trucks,Road Work Ahead,Lunar,-3.6,195,11,0.332,0.182,2,9,2896,1620,1276,7,3,11,22,31.8%,229.4,128.3,101.1,0.55,0.24,0.87,1.74,263.3,147.3,116.0,0.64,0.27,1.0,2.0,23,36,1.82,2.85,2.09,3.27
Veteran,RSC003978,Thenio,Dump Trucks,Road Work Ahead,Lunar,-3.6,195,11,0.332,0.182,2,9,2896,1620,1276,7,3,11,22,31.8%,229.4,128.3,101.1,0.55,0.24,0.87,1.74,263.3,147.3,116.0,0.64,0.27,1.0,2.0,23,36,1.82,2.85,2.09,3.27
Veteran,RSC007767,SNOWIS,Singularity,Event Horizon,Solar,-4.6,65,4,0.644,0.75,3,1,923,440,483,1,3,3,4,25.0%,219.3,104.5,114.8,0.24,0.71,0.71,0.95,230.8,110.0,120.8,0.25,0.75,0.75,1.0,13,9,3.09,2.14,3.25,2.25
Veteran,,Py Ballwin,Paradox Paloma,5 O'clock Nowhere,Solar,-13.2,12,1,0.948,1.0,1,0,158,120,38,0,0,2,2,0.0%,203.3,154.4,48.9,0.0,0.0,2.57,2.57,158.0,120.0,38.0,0.0,0.0,2.0,2.0,5,1,6.43,1.29,5.0,1.0
Veteran,,Rolf,Werewolves,The Forest,Solar,-24.4,72,4,0.295,0.0,0,4,706,370,336,1,2,2,7,14.3%,151.4,79.4,72.1,0.21,0.43,0.43,1.5,176.5,92.5,84.0,0.25,0.5,0.5,1.75,8,14,1.72,3.0,2.0,3.5
Veteran,,Detroeux,Cookie Dough,Creme De Bonte,Solar,-33.9,32,2,0.065,0.0,0,2,406,220,186,0,0,4,2,0.0%,195.9,106.2,89.8,0.0,0.0,1.93,0.97,203.0,110.0,93.0,0.0,0.0,2.0,1.0,2,10,0.97,4.83,1.0,5.0
Veteran,RSC007154,TheBannGG,Mean Manatees,Speed Demons,Lunar,-53.4,32,2,0.04,0.0,0,2,160,40,120,0,0,0,4,0.0%,77.2,19.3,57.9,0.0,0.0,0.0,1.93,80.0,20.0,60.0,0.0,0.0,0.0,2.0,1,8,0.48,3.86,0.5,4.0
Veteran,RSC007154,TheBannGG,Mean Manatees,Speed Demons,Lunar,-53.4,32,2,0.04,0.0,0,2,160,40,120,0,0,0,4,0.0%,77.2,19.3,57.9,0.0,0.0,0.0,1.93,80.0,20.0,60.0,0.0,0.0,0.0,2.0,1,8,0.48,3.86,0.5,4.0
Rival,RSC007601,Bricked Up Barry,Ethereal Eels,The Reef,Solar,93.6,166,10,0.738,0.7,7,3,4660,3050,1610,17,9,11,35,48.6%,422.4,276.5,145.9,1.54,0.82,1.0,3.17,466.0,305.0,161.0,1.7,0.9,1.1,3.5,38,20,3.44,1.81,3.8,2.0
Rival,RSC005257,P0pfgf,Ethereal Eels,The Reef,Solar,92.5,891,60,0.754,0.75,45,15,25235,15050,10185,64,54,83,180,35.6%,426.1,254.1,172.0,1.08,0.91,1.4,3.04,420.6,250.8,169.8,1.07,0.9,1.38,3.0,185,90,3.12,1.52,3.08,1.5
Rival,RSC007301,DeathFletch,Iris,Flower Road,Lunar,90.6,972,64,0.737,0.813,52,12,26502,15930,10572,65,63,85,203,32.0%,410.2,246.6,163.7,1.01,0.98,1.32,3.14,414.1,248.9,165.2,1.02,0.98,1.33,3.17,209,109,3.24,1.69,3.27,1.7
Rival,,.,Hippos,Safari,Lunar,84.3,975,60,0.633,0.7,42,18,24708,15140,9568,68,56,65,229,29.7%,381.3,233.6,147.7,1.05,0.86,1.0,3.53,411.8,252.3,159.5,1.13,0.93,1.08,3.82,171,120,2.64,1.85,2.85,2.0
Rival,,PackRL,Centuriones,The Sovereign,Lunar,83.6,939,62,0.642,0.613,38,24,27008,16380,10628,67,43,116,173,38.7%,432.8,262.5,170.3,1.07,0.69,1.86,2.77,435.6,264.2,171.4,1.08,0.69,1.87,2.79,168,115,2.69,1.84,2.71,1.85
Rival,RSC006836,BawaRL,Dwarf Sperms,Whale Defense,Solar,82.7,759,52,0.678,0.712,37,15,20541,12210,8331,56,37,64,156,35.9%,407.2,242.0,165.2,1.11,0.73,1.27,3.09,395.0,234.8,160.2,1.08,0.71,1.23,3.0,155,97,3.07,1.92,2.98,1.87
Rival,RSC007276,Cloudgg,Blizzards,Storm,Solar,81.4,743,52,0.581,0.596,31,21,19473,11790,7683,60,32,50,169,35.5%,394.3,238.8,155.6,1.22,0.65,1.01,3.42,374.5,226.7,147.8,1.15,0.62,0.96,3.25,127,103,2.57,2.09,2.44,1.98
Rival,,bev,Nightfall,The Shadows,Lunar,80.3,978,64,0.513,0.484,31,33,27404,15750,11654,70,37,99,195,35.9%,421.6,242.3,179.3,1.08,0.57,1.52,3.0,428.2,246.1,182.1,1.09,0.58,1.55,3.05,154,149,2.37,2.29,2.41,2.33
Rival,RSC002252,djras1996,Asiago Arsonists,Cheese Guild,Lunar,79.9,69,4,0.669,0.75,3,1,1601,990,611,3,6,5,14,21.4%,349.1,215.9,133.2,0.65,1.31,1.09,3.05,400.3,247.5,152.8,0.75,1.5,1.25,3.5,14,9,3.05,1.96,3.5,2.25
Rival,,Ary,Iris,Flower Road,Lunar,74.4,837,55,0.708,0.782,43,12,21632,13440,8192,64,40,69,159,40.3%,388.9,241.6,147.3,1.15,0.72,1.24,2.86,393.3,244.4,148.9,1.16,0.73,1.25,2.89,169,96,3.04,1.73,3.07,1.75
Rival,RSC001007,Tdeez,Ethereal Eels,The Reef,Solar,73.6,859,58,0.734,0.724,42,16,21306,13090,8216,70,30,51,204,34.3%,373.2,229.3,143.9,1.23,0.53,0.89,3.57,367.3,225.7,141.7,1.21,0.52,0.88,3.52,173,90,3.03,1.58,2.98,1.55
Rival,RSC007620,Chicago_Liights,Rocky Road,Creme De Bonte,Solar,73.5,283,21,0.342,0.381,8,13,7356,3970,3386,17,12,22,57,29.8%,391.1,211.1,180.0,0.9,0.64,1.17,3.03,350.3,189.0,161.2,0.81,0.57,1.05,2.71,37,56,1.97,2.98,1.76,2.67
Rival,,Deso,Dwarf Sperms,Whale Defense,Solar,73.0,947,64,0.66,0.703,45,19,24503,14380,10123,69,39,73,188,36.7%,389.3,228.5,160.8,1.1,0.62,1.16,2.99,382.9,224.7,158.2,1.08,0.61,1.14,2.94,186,122,2.96,1.94,2.91,1.91
Rival,RSC005702,Jaegie,Heavy Metal,The Pit,Lunar,71.2,926,61,0.564,0.59,36,25,23158,13370,9788,57,30,79,222,25.7%,376.3,217.2,159.0,0.93,0.49,1.28,3.61,379.6,219.2,160.5,0.93,0.49,1.3,3.64,141,119,2.29,1.93,2.31,1.95
Rival,RSC007283,Joey711,Polar Ice,Minty Fresh,Solar,70.5,712,49,0.443,0.449,22,27,19511,11180,8331,36,30,98,118,30.5%,412.3,236.3,176.1,0.76,0.63,2.07,2.49,398.2,228.2,170.0,0.73,0.61,2.0,2.41,99,115,2.09,2.43,2.02,2.35
Rival,RSC000290,JimJam,Centuriones,The Sovereign,Lunar,70.1,716,48,0.694,0.708,34,14,17812,10550,7262,46,36,56,135,34.1%,374.3,221.7,152.6,0.97,0.76,1.18,2.84,371.1,219.8,151.3,0.96,0.75,1.17,2.81,139,82,2.92,1.72,2.9,1.71
Rival,RSC007383,ttv. blestbb,Asiago Arsonists,Cheese Guild,Lunar,70.0,864,55,0.52,0.509,28,27,21674,12890,8784,64,33,61,179,35.8%,377.4,224.5,153.0,1.11,0.57,1.06,3.12,394.1,234.4,159.7,1.16,0.6,1.11,3.25,144,137,2.51,2.39,2.62,2.49
Rival,RSC005752,Surge85,Polar Bears,The Bear Den,Lunar,69.4,917,63,0.588,0.571,36,27,23899,13640,10259,63,35,78,169,37.3%,392.1,223.8,168.3,1.03,0.57,1.28,2.77,379.3,216.5,162.8,1.0,0.56,1.24,2.68,162,129,2.66,2.12,2.57,2.05
Rival,RSC007323,McBaldBoy,Heavy Metal,The Pit,Lunar,69.4,717,46,0.534,0.522,24,22,19281,10340,8941,31,36,87,109,28.4%,404.6,217.0,187.6,0.65,0.76,1.83,2.29,419.2,224.8,194.4,0.67,0.78,1.89,2.37,105,96,2.2,2.01,2.28,2.09
Rival,,anth0tex,Iris,Flower Road,Lunar,68.6,764,52,0.773,0.865,45,7,18840,11560,7280,56,37,54,141,39.7%,371.0,227.7,143.4,1.1,0.73,1.06,2.78,362.3,222.3,140.0,1.08,0.71,1.04,2.71,177,82,3.49,1.61,3.4,1.58
Rival,RSC005703,ShoddyWolfman,Camera Crew,Production Control Room,Lunar,67.8,657,43,0.446,0.465,20,23,16377,9640,6737,35,30,67,129,27.1%,375.1,220.8,154.3,0.8,0.69,1.53,2.95,380.9,224.2,156.7,0.81,0.7,1.56,3.0,92,106,2.11,2.43,2.14,2.47
Rival,RSC006300,RudeBoiPyro,Quads,The Quad Dynasty,Lunar,66.5,815,56,0.51,0.5,28,28,21559,11840,9719,41,30,96,144,28.5%,398.0,218.6,179.4,0.76,0.55,1.77,2.66,385.0,211.4,173.6,0.73,0.54,1.71,2.57,113,110,2.09,2.03,2.02,1.96
Rival,RSC007293,Ytexplixiit,Timekeeper Taps,5 O'clock Nowhere,Solar,66.0,730,49,0.484,0.49,24,25,17896,10150,7746,41,35,59,135,30.4%,368.9,209.2,159.7,0.85,0.72,1.22,2.78,365.2,207.1,158.1,0.84,0.71,1.2,2.76,124,129,2.56,2.66,2.53,2.63
Rival,RSC006086,13o0k,Cursed,Destined,Solar,65.6,810,53,0.608,0.604,32,21,20630,12080,8550,48,32,84,148,32.4%,383.2,224.4,158.8,0.89,0.59,1.56,2.75,389.2,227.9,161.3,0.91,0.6,1.58,2.79,136,102,2.53,1.89,2.57,1.92
Rival,RSC006086,13o0k,Cursed,Destined,Solar,65.6,810,53,0.608,0.604,32,21,20630,12080,8550,48,32,84,148,32.4%,383.2,224.4,158.8,0.89,0.59,1.56,2.75,389.2,227.9,161.3,0.91,0.6,1.58,2.79,136,102,2.53,1.89,2.57,1.92
Rival,RSC005959,Yurrbo?,Ostriches,Flightless Fowl,Solar,64.4,662,43,0.454,0.488,21,22,16880,9610,7270,38,30,65,106,35.8%,383.7,218.4,165.2,0.86,0.68,1.48,2.41,392.6,223.5,169.1,0.88,0.7,1.51,2.47,106,119,2.41,2.7,2.47,2.77
Rival,RSC006480,Lazyz.,Dracos,The Forest,Solar,64.4,306,20,0.666,0.65,13,7,7594,4860,2734,23,12,28,56,41.1%,373.4,239.0,134.4,1.13,0.59,1.38,2.75,379.7,243.0,136.7,1.15,0.6,1.4,2.8,59,38,2.9,1.87,2.95,1.9
Rival,RSC006312,Cognitixn,Hippos,Safari,Lunar,62.8,975,60,0.633,0.7,42,18,23257,14220,9037,64,36,80,202,31.7%,358.9,219.4,139.5,0.99,0.56,1.23,3.12,387.6,237.0,150.6,1.07,0.6,1.33,3.37,171,120,2.64,1.85,2.85,2.0
Rival,,BlinkyDaBurger,Rocky Road,Creme De Bonte,Solar,62.3,668,48,0.389,0.375,18,30,16971,9200,7771,42,23,54,115,36.5%,382.3,207.2,175.0,0.95,0.52,1.22,2.59,353.6,191.7,161.9,0.88,0.48,1.13,2.4,94,125,2.12,2.82,1.96,2.6
Rival,RSC005276,Dc,Phantoms,The Monster Mash,Lunar,62.0,473,31,0.609,0.645,20,11,11361,6540,4821,28,16,39,99,28.3%,361.4,208.0,153.4,0.89,0.51,1.24,3.15,366.5,211.0,155.5,0.9,0.52,1.26,3.19,80,60,2.54,1.91,2.58,1.94
Rival,RSC005523,Laguna,Phantoms,The Monster Mash,Lunar,61.5,918,63,0.623,0.635,40,23,21840,12820,9020,53,44,74,162,32.7%,358.0,210.1,147.8,0.87,0.72,1.21,2.66,346.7,203.5,143.2,0.84,0.7,1.17,2.57,162,117,2.66,1.92,2.57,1.86
Rival,RSC007523,AirWiggle,Dracos,The Forest,Solar,61.4,417,28,0.566,0.5,14,14,10118,5960,4158,22,20,41,71,31.0%,365.1,215.1,150.0,0.79,0.72,1.48,2.56,361.4,212.9,148.5,0.79,0.71,1.46,2.54,70,59,2.53,2.13,2.5,2.11
Rival,RSC007633,Biscuitboi.,Tardy Tortoises,Speed Demons,Lunar,60.4,914,58,0.529,0.586,34,24,21674,13040,8634,54,32,83,189,28.6%,356.8,214.7,142.1,0.89,0.53,1.37,3.11,373.7,224.8,148.9,0.93,0.55,1.43,3.26,153,142,2.52,2.34,2.64,2.45
Rival,RSC006935,Bazzinga,Lacuna,Event Horizon,Solar,59.8,960,64,0.493,0.469,30,34,23395,13290,10105,53,42,86,159,33.3%,366.7,208.3,158.4,0.83,0.66,1.35,2.49,365.5,207.7,157.9,0.83,0.66,1.34,2.48,159,162,2.49,2.54,2.48,2.53
Rival,RSC004264,img00se.,Lacuna,Event Horizon,Solar,59.8,803,53,0.473,0.434,23,30,19910,11120,8790,46,28,74,142,32.4%,373.1,208.4,164.7,0.86,0.52,1.39,2.66,375.7,209.8,165.8,0.87,0.53,1.4,2.68,129,138,2.42,2.59,2.43,2.6
Rival,RSC007501,RAW MUSHROOMS,Polar Bears,The Bear Den,Lunar,59.8,661,44,0.594,0.591,26,18,16037,9300,6737,39,25,59,120,32.5%,365.0,211.7,153.4,0.89,0.57,1.34,2.73,364.5,211.4,153.1,0.89,0.57,1.34,2.73,116,91,2.64,2.07,2.64,2.07
Rival,,Agios MaIakas,Phantoms,The Monster Mash,Lunar,58.8,828,57,0.626,0.614,35,22,20506,12050,8456,50,28,84,145,34.5%,372.6,219.0,153.7,0.91,0.51,1.53,2.63,359.8,211.4,148.4,0.88,0.49,1.47,2.54,144,103,2.62,1.87,2.53,1.81
Rival,RSC007186,Bushier Brow,Photons,The Quantum State,Solar,58.8,925,63,0.467,0.476,30,33,22075,12760,9315,52,32,83,181,28.7%,359.1,207.6,151.5,0.85,0.52,1.35,2.94,350.4,202.5,147.9,0.83,0.51,1.32,2.87,133,145,2.16,2.36,2.11,2.3
Rival,RSC005165,Lucas,Tardy Tortoises,Speed Demons,Lunar,58.2,998,64,0.525,0.578,37,27,24655,14880,9775,60,42,105,153,39.2%,371.7,224.3,147.4,0.9,0.63,1.58,2.31,385.2,232.5,152.7,0.94,0.66,1.64,2.39,164,154,2.47,2.32,2.56,2.41
Rival,RSC003094,Galvarino,Polar Bears,The Bear Den,Lunar,58.2,672,48,0.614,0.563,27,21,16125,9250,6875,43,28,49,110,39.1%,361.0,207.1,153.9,0.96,0.63,1.1,2.46,335.9,192.7,143.2,0.9,0.58,1.02,2.29,126,94,2.82,2.1,2.63,1.96
Rival,RSC005482,Benny!,Ocelots,The Jungle,Solar,58.1,873,57,0.476,0.439,25,32,21622,11960,9662,56,23,72,161,34.8%,372.7,206.1,166.5,0.97,0.4,1.24,2.77,379.3,209.8,169.5,0.98,0.4,1.26,2.82,122,130,2.1,2.24,2.14,2.28
Rival,RSC005885,noot,Ethereal Eels,The Reef,Solar,57.4,958,64,0.743,0.734,47,17,21753,12530,9223,47,55,71,153,30.7%,341.7,196.8,144.9,0.74,0.86,1.12,2.4,339.9,195.8,144.1,0.73,0.86,1.11,2.39,198,100,3.11,1.57,3.09,1.56
Rival,RSC000782,HUDx,Asiago Arsonists,Cheese Guild,Lunar,57.0,885,56,0.486,0.5,28,28,19868,11410,8458,44,48,62,151,29.1%,337.8,194.0,143.8,0.75,0.82,1.05,2.57,354.8,203.8,151.0,0.79,0.86,1.11,2.7,144,149,2.45,2.53,2.57,2.66
Rival,RSC006938,Soda. .,Cursed,Destined,Solar,56.7,967,63,0.571,0.587,37,26,22671,13380,9291,58,40,78,168,34.5%,352.8,208.2,144.6,0.9,0.62,1.21,2.61,359.9,212.4,147.5,0.92,0.63,1.24,2.67,161,134,2.51,2.09,2.56,2.13
Rival,RSC007131,BankShark,Hammerheads,Shark Attack,Solar,56.4,834,56,0.512,0.554,31,25,19578,10840,8738,51,27,56,159,32.1%,353.2,195.6,157.6,0.92,0.49,1.01,2.87,349.6,193.6,156.0,0.91,0.48,1.0,2.84,132,128,2.38,2.31,2.36,2.29
Rival,,GT-R R34,Ostriches,Flightless Fowl,Solar,55.7,850,55,0.481,0.509,28,27,19711,11730,7981,52,33,67,153,34.0%,348.9,207.6,141.3,0.92,0.58,1.19,2.71,358.4,213.3,145.1,0.95,0.6,1.22,2.78,140,147,2.48,2.6,2.55,2.67
Rival,RSC006528,mxWEBBY,"Lacuna
Camera Crew","Event Horizon
Production Control Room",Lunar,55.6,816,53,0.464,0.472,25,28,20404,10940,9464,37,32,89,119,31.1%,376.2,201.7,174.5,0.68,0.59,1.64,2.19,385.0,206.4,178.6,0.7,0.6,1.68,2.25,123,135,2.27,2.49,2.32,2.55
Rival,,dullah.rl,"Hue Heroes
Margherita Pizza
Funk Hunks","Art Club
Fifty-Fifty Pizzeria
Vibe Tribe",Solar,55.5,562,41,0.409,0.439,18,23,13599,7150,6449,31,15,45,105,29.5%,364.1,191.4,172.7,0.83,0.4,1.2,2.81,331.7,174.4,157.3,0.76,0.37,1.1,2.56,85,107,2.28,2.86,2.07,2.61
Rival,RSC005507,T Sant,Phantoms,The Monster Mash,Lunar,54.7,610,41,0.61,0.61,25,16,14024,7700,6324,32,26,43,105,30.5%,345.9,189.9,156.0,0.79,0.64,1.06,2.59,342.0,187.8,154.2,0.78,0.63,1.05,2.56,103,77,2.54,1.9,2.51,1.88
Rival,RSC007527,Yort,"Dracos
Blizzards
Nightfall","The Forest
Storm
The Shadows",Solar,54.1,348,26,0.485,0.462,12,14,8027,4570,3457,24,8,21,72,33.3%,347.1,197.6,149.5,1.04,0.35,0.91,3.11,308.7,175.8,133.0,0.92,0.31,0.81,2.77,51,53,2.21,2.29,1.96,2.04
Rival,RSC003720,AriseDaft,Tyrants,Monarchy,Lunar,53.9,806,51,0.426,0.431,22,29,20007,11240,8767,41,25,92,129,31.8%,373.5,209.8,163.7,0.77,0.47,1.72,2.41,392.3,220.4,171.9,0.8,0.49,1.8,2.53,120,145,2.24,2.71,2.35,2.84
Rival,RSC007173,mr_marino_,Funk Hunks,Vibe Tribe,Lunar,53.4,809,53,0.5,0.434,23,30,18591,10840,7751,48,24,65,159,30.2%,345.8,201.6,144.2,0.89,0.45,1.21,2.96,350.8,204.5,146.2,0.91,0.45,1.23,3.0,116,116,2.16,2.16,2.19,2.19
Rival,RSC003456,Brainman_18,Lacuna,Event Horizon,Solar,53.1,364,23,0.52,0.522,12,11,7867,4800,3067,20,20,24,60,33.3%,325.2,198.4,126.8,0.83,0.83,0.99,2.48,342.0,208.7,133.3,0.87,0.87,1.04,2.61,59,56,2.44,2.31,2.57,2.43
Rival,RSC000136,Blun,Tyrants,Monarchy,Lunar,53.1,975,62,0.411,0.468,29,33,21509,12520,8989,56,42,61,177,31.6%,331.9,193.2,138.7,0.86,0.65,0.94,2.73,346.9,201.9,145.0,0.9,0.68,0.98,2.85,147,184,2.27,2.84,2.37,2.97
Rival,,PoupSoup,Blizzards,Storm,Solar,52.7,866,61,0.577,0.574,35,26,19678,11100,8578,40,39,74,145,27.6%,341.9,192.9,149.0,0.69,0.68,1.29,2.52,322.6,182.0,140.6,0.66,0.64,1.21,2.38,149,122,2.59,2.12,2.44,2.0
Rival,RSC007346,Mai,"Necrotic Nerds
Centuriones","Ghoul School
The Sovereign",Solar,52.6,527,34,0.447,0.412,14,20,12583,6900,5683,22,24,55,75,29.3%,359.3,197.0,162.3,0.63,0.69,1.57,2.14,370.1,202.9,167.1,0.65,0.71,1.62,2.21,75,86,2.14,2.46,2.21,2.53
Rival,RSC004907,GoldenKiwi.,Ostriches,Flightless Fowl,Solar,51.5,705,45,0.513,0.467,21,24,15885,9470,6415,47,22,47,132,35.6%,339.0,202.1,136.9,1.0,0.47,1.0,2.82,353.0,210.4,142.6,1.04,0.49,1.04,2.93,124,120,2.65,2.56,2.76,2.67
Rival,RSC007316,ItsaMia,Blizzards,Storm,Solar,51.0,783,55,0.6,0.6,33,22,17884,9600,8284,31,35,70,125,24.8%,343.7,184.5,159.2,0.6,0.67,1.35,2.4,325.2,174.5,150.6,0.56,0.64,1.27,2.27,135,104,2.59,2.0,2.45,1.89
Rival,RSC000724,dunnie14,Hue Heroes,Art Club,Solar,50.9,698,49,0.389,0.388,19,30,16167,8410,7757,31,24,58,121,25.6%,348.5,181.3,167.2,0.67,0.52,1.25,2.61,329.9,171.6,158.3,0.63,0.49,1.18,2.47,96,128,2.07,2.76,1.96,2.61
Rival,RSC001358,Cob,"Tardy Tortoises
Asiago Arsonists
Ruthless Racket","Speed Demons
Cheese Guild
The Syndicate",Lunar,50.9,124,10,0.321,0.4,4,6,3100,1730,1370,8,3,12,18,44.4%,376.2,209.9,166.2,0.97,0.36,1.46,2.18,310.0,173.0,137.0,0.8,0.3,1.2,1.8,17,27,2.06,3.28,1.7,2.7
Rival,RSC000938,Nukem_IV,Photons,The Quantum State,Solar,50.6,72,6,0.22,0.0,0,6,1759,890,869,3,3,7,9,33.3%,367.6,186.0,181.6,0.63,0.63,1.46,1.88,293.2,148.3,144.8,0.5,0.5,1.17,1.5,10,21,2.09,4.39,1.67,3.5
Rival,RSC006881,Cyroic,Hammerheads,Shark Attack,Solar,50.3,949,62,0.482,0.532,33,29,22328,12410,9918,42,33,100,156,26.9%,354.0,196.8,157.2,0.67,0.52,1.59,2.47,360.1,200.2,160.0,0.68,0.53,1.61,2.52,144,151,2.28,2.39,2.32,2.44
Rival,RSC000039,ImpalerV,"Bulldozers
Blizzards
Polar Ice","Road Work Ahead
Storm
Minty Fresh",Lunar,50.2,738,52,0.368,0.308,16,36,17919,10150,7769,37,22,84,115,32.2%,365.3,206.9,158.4,0.75,0.45,1.71,2.34,344.6,195.2,149.4,0.71,0.42,1.62,2.21,97,137,1.98,2.79,1.87,2.63
Rival,,Gama The Dwarf,Dwarf Sperms,Whale Defense,Solar,49.6,839,57,0.681,0.719,41,16,17786,10320,7466,46,35,48,157,29.3%,319.0,185.1,133.9,0.82,0.63,0.86,2.82,312.0,181.1,131.0,0.81,0.61,0.84,2.75,171,106,3.07,1.9,3.0,1.86
Rival,,bubles,Hue Heroes,Art Club,Solar,49.5,497,33,0.476,0.485,16,17,11547,6370,5177,23,19,47,77,29.9%,349.6,192.8,156.7,0.7,0.58,1.42,2.33,349.9,193.0,156.9,0.7,0.58,1.42,2.33,79,84,2.39,2.54,2.39,2.55
Rival,RSC000785,Scrubbzy,Quads,The Quad Dynasty,Lunar,49.1,687,47,0.484,0.489,23,24,16082,8890,7192,31,26,69,104,29.8%,352.2,194.7,157.5,0.68,0.57,1.51,2.28,342.2,189.1,153.0,0.66,0.55,1.47,2.21,95,99,2.08,2.17,2.02,2.11
Rival,RSC006949,oiNio,Timekeeper Taps,5 O'clock Nowhere,Solar,48.9,567,38,0.413,0.395,15,23,13058,7040,6018,28,17,48,99,28.3%,346.5,186.8,159.7,0.74,0.45,1.27,2.63,343.6,185.3,158.4,0.74,0.45,1.26,2.61,79,99,2.1,2.63,2.08,2.61
Rival,RSC003978,Thenio,Bulldozers,Road Work Ahead,Lunar,48.0,367,27,0.34,0.333,9,18,8756,4750,4006,19,9,36,60,31.7%,359.0,194.7,164.2,0.78,0.37,1.48,2.46,324.3,175.9,148.4,0.7,0.33,1.33,2.22,45,69,1.84,2.83,1.67,2.56
Rival,RSC003978,Thenio,Bulldozers,Road Work Ahead,Lunar,48.0,367,27,0.34,0.333,9,18,8756,4750,4006,19,9,36,60,31.7%,359.0,194.7,164.2,0.78,0.37,1.48,2.46,324.3,175.9,148.4,0.7,0.33,1.33,2.22,45,69,1.84,2.83,1.67,2.56
Rival,RSC006678,EyeSucka,Dwarf Sperms,Whale Defense,Solar,48.0,296,19,0.544,0.632,12,7,7009,4170,2839,15,7,36,52,28.8%,356.3,212.0,144.3,0.76,0.36,1.83,2.64,368.9,219.5,149.4,0.79,0.37,1.89,2.74,46,41,2.34,2.08,2.42,2.16
Rival,RSC002320,JoeExotic,Dracos,The Forest,Solar,47.5,687,47,0.523,0.447,21,26,15105,8290,6815,35,23,48,124,28.2%,330.8,181.6,149.3,0.77,0.5,1.05,2.72,321.4,176.4,145.0,0.74,0.49,1.02,2.64,104,98,2.28,2.15,2.21,2.09
Rival,RSC002320,JoeExotic,Dracos,The Forest,Solar,47.5,687,47,0.523,0.447,21,26,15105,8290,6815,35,23,48,124,28.2%,330.8,181.6,149.3,0.77,0.5,1.05,2.72,321.4,176.4,145.0,0.74,0.49,1.02,2.64,104,98,2.28,2.15,2.21,2.09
Rival,RSC005294,mogulmaniac5480,Ocelots,The Jungle,Solar,47.5,679,45,0.488,0.422,19,26,16412,8510,7902,24,21,81,101,23.8%,363.7,188.6,175.1,0.53,0.47,1.79,2.24,364.7,189.1,175.6,0.53,0.47,1.8,2.24,98,101,2.17,2.24,2.18,2.24
Rival,RSC006774,JazzMagic.,Iris,Flower Road,Lunar,47.2,343,21,0.717,0.762,16,5,7562,4840,2722,24,13,25,54,44.4%,331.7,212.3,119.4,1.05,0.57,1.1,2.37,360.1,230.5,129.6,1.14,0.62,1.19,2.57,72,40,3.16,1.75,3.43,1.9
Rival,RSC005691,Dr.Ukulele,Wind,The Elements,Solar,46.2,1007,62,0.344,0.323,20,42,22565,12970,9595,44,40,100,157,28.0%,337.2,193.8,143.4,0.66,0.6,1.49,2.35,364.0,209.2,154.8,0.71,0.65,1.61,2.53,128,193,1.91,2.88,2.06,3.11
Rival,RSC000726,Way2Luckee,Blizzards,Storm,Solar,46.0,215,16,0.51,0.5,8,8,4888,3150,1738,18,5,15,35,51.4%,342.1,220.4,121.6,1.26,0.35,1.05,2.45,305.5,196.9,108.6,1.13,0.31,0.94,2.19,41,40,2.87,2.8,2.56,2.5
Rival,,Doug,Ruthless Racket,The Syndicate,Lunar,45.5,799,52,0.393,0.385,20,32,17650,9080,8570,28,34,67,123,22.8%,332.4,171.0,161.4,0.53,0.64,1.26,2.32,339.4,174.6,164.8,0.54,0.65,1.29,2.37,96,128,1.81,2.41,1.85,2.46
Rival,RSC007007,lukemsnookems,Hammerheads,Shark Attack,Solar,45.2,838,55,0.494,0.564,31,24,18238,10080,8158,42,31,59,138,30.4%,327.5,181.0,146.5,0.75,0.56,1.06,2.48,331.6,183.3,148.3,0.76,0.56,1.07,2.51,131,133,2.35,2.39,2.38,2.42
Rival,RSC003945,Gaw1f3d,Cursed,Destined,Solar,45.2,967,63,0.571,0.587,37,26,20558,11790,8768,51,34,65,174,29.3%,319.9,183.4,136.4,0.79,0.53,1.01,2.71,326.3,187.1,139.2,0.81,0.54,1.03,2.76,161,134,2.51,2.09,2.56,2.13
Rival,,Sinodih,"Dracos
Margherita Pizza","The Forest
Fifty-Fifty Pizzeria",Solar,44.9,805,57,0.481,0.491,28,29,17450,9480,7970,32,34,66,128,25.0%,326.2,177.2,149.0,0.6,0.64,1.23,2.39,306.1,166.3,139.8,0.56,0.6,1.16,2.25,120,126,2.24,2.36,2.11,2.21
Rival,RSC006654,Chicken,Ocelots,The Jungle,Solar,44.8,671,46,0.465,0.413,19,27,15601,8440,7161,34,16,63,109,31.2%,349.8,189.3,160.6,0.76,0.36,1.41,2.44,339.2,183.5,155.7,0.74,0.35,1.37,2.37,92,101,2.06,2.26,2.0,2.2
Rival,RSC002293,Corrupt_Arrow,Wind,The Elements,Solar,44.8,676,41,0.372,0.341,14,27,15021,8650,6371,34,19,62,120,28.3%,334.3,192.5,141.8,0.76,0.42,1.38,2.67,366.4,211.0,155.4,0.83,0.46,1.51,2.93,87,122,1.94,2.72,2.12,2.98
Rival,RSC007318,xd Dylan591,Hammerheads,Shark Attack,Solar,44.5,147,11,0.518,0.545,6,5,3427,2020,1407,8,6,15,17,47.1%,350.8,206.8,144.0,0.82,0.61,1.54,1.74,311.5,183.6,127.9,0.73,0.55,1.36,1.55,21,20,2.15,2.05,1.91,1.82
Rival,RSC007154,TheBannGG,Tardy Tortoises,Speed Demons,Lunar,44.4,784,49,0.534,0.592,29,20,16809,9690,7119,36,41,60,104,34.6%,322.6,186.0,136.6,0.69,0.79,1.15,2.0,343.0,197.8,145.3,0.73,0.84,1.22,2.12,135,124,2.59,2.38,2.76,2.53
Rival,RSC007154,TheBannGG,Tardy Tortoises,Speed Demons,Lunar,44.4,784,49,0.534,0.592,29,20,16809,9690,7119,36,41,60,104,34.6%,322.6,186.0,136.6,0.69,0.79,1.15,2.0,343.0,197.8,145.3,0.73,0.84,1.22,2.12,135,124,2.59,2.38,2.76,2.53
Rival,RSC005555,iviGhost,Funk Hunks,Vibe Tribe,Lunar,44.3,745,49,0.453,0.408,20,29,16458,8910,7548,30,23,69,131,22.9%,332.4,179.9,152.4,0.61,0.46,1.39,2.65,335.9,181.8,154.0,0.61,0.47,1.41,2.67,99,112,2.0,2.26,2.02,2.29
Rival,RSC002453,Ghostie,Necrotic Nerds,Ghoul School,Solar,44.1,816,55,0.385,0.4,22,33,18778,10250,8528,41,23,75,125,32.8%,346.2,189.0,157.2,0.76,0.42,1.38,2.3,341.4,186.4,155.1,0.75,0.42,1.36,2.27,109,147,2.01,2.71,1.98,2.67
Rival,,Evil Gooby,Funk Hunks,Vibe Tribe,Lunar,44.1,942,62,0.458,0.403,25,37,20855,11040,9815,38,36,80,144,26.4%,333.1,176.3,156.8,0.61,0.58,1.28,2.3,336.4,178.1,158.3,0.61,0.58,1.29,2.32,127,142,2.03,2.27,2.05,2.29
Rival,RSC001997,Bioeffect,Margherita Pizza,Fifty-Fifty Pizzeria,Lunar,43.1,860,56,0.373,0.339,19,37,18891,10300,8591,36,33,75,130,27.7%,330.5,180.2,150.3,0.63,0.58,1.31,2.27,337.3,183.9,153.4,0.64,0.59,1.34,2.32,107,150,1.87,2.62,1.91,2.68
Rival,RSC002424,HufflePuffler,Centuriones,The Sovereign,Lunar,42.7,833,55,0.625,0.618,34,21,19160,10820,8340,44,25,80,117,37.6%,346.1,195.4,150.6,0.79,0.45,1.45,2.11,348.4,196.7,151.6,0.8,0.45,1.45,2.13,140,100,2.53,1.81,2.55,1.82
Rival,RSC007144,The_Killerwon,"Ruthless Racket
Rocky Road
Hue Heroes","The Syndicate
Creme De Bonte
Art Club",Lunar,42.6,341,23,0.449,0.391,9,14,7312,4220,3092,19,11,24,57,33.3%,322.6,186.2,136.4,0.84,0.49,1.06,2.52,317.9,183.5,134.4,0.83,0.48,1.04,2.48,50,57,2.21,2.52,2.17,2.48
Rival,,swah-,Asiago Arsonists,Cheese Guild,Lunar,42.3,78,4,0.561,0.5,2,2,1653,950,703,4,2,6,15,26.7%,318.9,183.3,135.6,0.77,0.39,1.16,2.89,413.3,237.5,175.8,1.0,0.5,1.5,3.75,14,12,2.7,2.31,3.5,3.0
Rival,RSC001002,zar235,"Polar Bears
Necrotic Nerds","The Bear Den
Ghoul School",Lunar,42.2,280,20,0.508,0.5,10,10,6066,3540,2526,14,8,25,49,28.6%,326.0,190.2,135.7,0.75,0.43,1.34,2.63,303.3,177.0,126.3,0.7,0.4,1.25,2.45,48,47,2.58,2.53,2.4,2.35
Rival,RSC003367,OsoGhost,"Camera Crew
Lacuna","Production Control Room
Event Horizon",Solar,42.1,644,42,0.507,0.548,23,19,14491,8620,5871,38,20,58,92,41.3%,338.6,201.4,137.2,0.89,0.47,1.36,2.15,345.0,205.2,139.8,0.9,0.48,1.38,2.19,107,105,2.5,2.45,2.55,2.5
Rival,RSC004545,Vires,Nightfall,The Shadows,Lunar,41.9,755,48,0.527,0.5,24,24,15716,8890,6826,36,26,53,134,26.9%,313.2,177.2,136.0,0.72,0.52,1.06,2.67,327.4,185.2,142.2,0.75,0.54,1.1,2.79,120,112,2.39,2.23,2.5,2.33
Rival,RSC005619,AYJAYMES,Timekeeper Taps,5 O'clock Nowhere,Solar,41.8,777,52,0.455,0.462,24,28,16488,9670,6818,42,27,57,127,33.1%,319.3,187.3,132.0,0.81,0.52,1.1,2.46,317.1,186.0,131.1,0.81,0.52,1.1,2.44,124,139,2.4,2.69,2.38,2.67
Rival,RSC005455,Covi,"Quads
Margherita Pizza","The Quad Dynasty
Fifty-Fifty Pizzeria",Lunar,41.0,239,17,0.339,0.353,6,11,5458,2930,2528,6,5,33,43,14.0%,343.6,184.5,159.2,0.38,0.31,2.08,2.71,321.1,172.4,148.7,0.35,0.29,1.94,2.53,22,35,1.39,2.2,1.29,2.06
Rival,RSC000430,tterb86,Asiago Arsonists,Cheese Guild,Lunar,40.9,704,46,0.459,0.478,22,24,14262,7870,6392,30,28,45,122,24.6%,304.8,168.2,136.6,0.64,0.6,0.96,2.61,310.0,171.1,139.0,0.65,0.61,0.98,2.65,108,120,2.31,2.56,2.35,2.61
Rival,RSC003916,grob._.,Hue Heroes,Art Club,Solar,40.6,623,45,0.384,0.422,19,26,13874,7860,6014,28,22,62,86,32.6%,335.1,189.8,145.2,0.68,0.53,1.5,2.08,308.3,174.7,133.6,0.62,0.49,1.38,1.91,81,110,1.96,2.66,1.8,2.44
Rival,RSC006379,1_Krispy_1,"Dracos
Necrotic Nerds","The Forest
Ghoul School",Solar,40.5,501,36,0.414,0.472,17,19,10487,5500,4987,18,18,39,85,21.2%,315.0,165.2,149.8,0.54,0.54,1.17,2.55,291.3,152.8,138.5,0.5,0.5,1.08,2.36,67,84,2.01,2.52,1.86,2.33
Rival,RSC006661,sharkhax,Ruthless Racket,The Syndicate,Lunar,40.4,838,56,0.384,0.375,21,35,19728,10730,8998,31,19,109,123,25.2%,354.2,192.7,161.6,0.56,0.34,1.96,2.21,352.3,191.6,160.7,0.55,0.34,1.95,2.2,101,138,1.81,2.48,1.8,2.46
Rival,RSC001966,Fynnatic,Photons,The Quantum State,Solar,40.4,779,52,0.458,0.462,24,28,16412,9180,7232,36,25,60,133,27.1%,317.0,177.3,139.7,0.7,0.48,1.16,2.57,315.6,176.5,139.1,0.69,0.48,1.15,2.56,113,126,2.18,2.43,2.17,2.42
Rival,RSC004670,CarnageWolfBite,"Nightfall
Dracos","The Shadows
The Forest",Lunar,39.7,477,32,0.521,0.469,15,17,10352,5750,4602,17,16,50,75,22.7%,326.5,181.4,145.2,0.54,0.5,1.58,2.37,323.5,179.7,143.8,0.53,0.5,1.56,2.34,76,72,2.4,2.27,2.38,2.25
Rival,RSC007143,OmniMurders,"Lacuna
Necrotic Nerds","Event Horizon
Ghoul School",Solar,39.2,502,35,0.444,0.343,12,23,11431,5980,5451,23,8,49,83,27.7%,342.6,179.2,163.4,0.69,0.24,1.47,2.49,326.6,170.9,155.7,0.66,0.23,1.4,2.37,71,82,2.13,2.46,2.03,2.34
Rival,RSC007054,Saucy Bowen,Heavy Metal,The Pit,Lunar,38.6,510,32,0.591,0.594,19,13,10793,5910,4883,17,22,48,71,23.9%,318.4,174.4,144.1,0.5,0.65,1.42,2.09,337.3,184.7,152.6,0.53,0.69,1.5,2.22,78,61,2.3,1.8,2.44,1.91
Rival,RSC003906,CURS3D,Asiago Arsonists,Cheese Guild,Lunar,38.0,63,4,0.233,0.0,0,4,1178,640,538,2,2,4,14,14.3%,281.3,152.9,128.5,0.48,0.48,0.96,3.34,294.5,160.0,134.5,0.5,0.5,1.0,3.5,6,13,1.43,3.1,1.5,3.25
Rival,RSC005238,IAmHoba,Photons,The Quantum State,Solar,37.1,790,54,0.513,0.556,30,24,16560,8820,7740,39,22,51,127,30.7%,315.4,168.0,147.4,0.74,0.42,0.97,2.42,306.7,163.3,143.3,0.72,0.41,0.94,2.35,119,115,2.27,2.19,2.2,2.13
Rival,RSC002616,Ruthle,Rocky Road,Creme De Bonte,Solar,36.8,846,59,0.375,0.356,21,38,17939,9180,8759,30,37,66,103,29.1%,319.0,163.3,155.8,0.53,0.66,1.17,1.83,304.1,155.6,148.5,0.51,0.63,1.12,1.75,115,159,2.05,2.83,1.95,2.69
Rival,RSC000001,Obijuankenoi,Tardy Tortoises,Speed Demons,Lunar,36.4,251,17,0.478,0.529,9,8,5688,3080,2608,12,6,25,33,36.4%,341.0,184.6,156.3,0.72,0.36,1.5,1.98,334.6,181.2,153.4,0.71,0.35,1.47,1.94,33,35,1.98,2.1,1.94,2.06
Rival,,le bin.,Nightfall,The Shadows,Lunar,35.7,624,42,0.504,0.476,20,22,12707,7300,5407,28,30,45,75,37.3%,306.4,176.0,130.4,0.68,0.72,1.09,1.81,302.5,173.8,128.7,0.67,0.71,1.07,1.79,98,97,2.36,2.34,2.33,2.31
Rival,RSC000460,BN_Nano,Polar Ice,Minty Fresh,Solar,35.4,616,42,0.472,0.5,21,21,12945,7220,5725,34,13,43,102,33.3%,316.2,176.4,139.8,0.83,0.32,1.05,2.49,308.2,171.9,136.3,0.81,0.31,1.02,2.43,93,100,2.27,2.44,2.21,2.38
Rival,RSC007771,JDGipson,Heavy Metal,The Pit,Lunar,35.2,43,4,0.717,1.0,4,0,874,450,424,2,2,2,5,40.0%,305.8,157.5,148.4,0.7,0.7,0.7,1.75,218.5,112.5,106.0,0.5,0.5,0.5,1.25,9,5,3.15,1.75,2.25,1.25
Rival,RSC003498,Merioch,"Camera Crew
Hue Heroes
Hammerheads
Bulldozers
Margherita Pizza","Production Control Room
Art Club
Shark Attack
Road Work Ahead
Fifty-Fifty Pizzeria",Lunar,35.1,420,28,0.426,0.429,12,16,8667,4990,3677,24,12,27,64,37.5%,310.5,178.8,131.7,0.86,0.43,0.97,2.29,309.5,178.2,131.3,0.86,0.43,0.96,2.29,56,68,2.01,2.44,2.0,2.43
Rival,RSC001891,Porkchop,"Margherita Pizza
Bulldozers","Fifty-Fifty Pizzeria
Road Work Ahead",Lunar,35.1,715,48,0.283,0.25,12,36,15260,8230,7030,31,15,64,118,26.3%,321.1,173.2,147.9,0.65,0.32,1.35,2.48,317.9,171.5,146.5,0.65,0.31,1.33,2.46,80,145,1.68,3.05,1.67,3.02
Rival,,cherrypupp,Camera Crew,Production Control Room,Lunar,33.8,840,54,0.449,0.463,25,29,17436,10010,7426,33,32,80,111,29.7%,312.3,179.3,133.0,0.59,0.57,1.43,1.99,322.9,185.4,137.5,0.61,0.59,1.48,2.06,120,137,2.15,2.45,2.22,2.54
Rival,RSC000828,MattViaAirwaves,Polar Ice,Minty Fresh,Solar,32.8,680,44,0.426,0.386,17,27,13051,7100,5951,31,22,35,115,27.0%,288.8,157.1,131.7,0.69,0.49,0.77,2.54,296.6,161.4,135.3,0.7,0.5,0.8,2.61,95,115,2.1,2.54,2.16,2.61
Rival,RSC001107,El ANGUS,Hue Heroes,Art Club,Solar,32.8,53,3,0.444,0.333,1,2,827,510,317,1,5,2,6,16.7%,234.8,144.8,90.0,0.28,1.42,0.57,1.7,275.7,170.0,105.7,0.33,1.67,0.67,2.0,6,7,1.7,1.99,2.0,2.33
Rival,,mayor,Hippos,Safari,Lunar,32.5,19,1,0.354,0.0,0,1,311,140,171,0,1,1,4,0.0%,246.3,110.9,135.4,0.0,0.79,0.79,3.17,311.0,140.0,171.0,0.0,1.0,1.0,4.0,2,3,1.58,2.38,2.0,3.0
Rival,RSC006910,Swanny2.0,Ocelots,The Jungle,Solar,32.5,619,40,0.5,0.45,18,22,12272,6580,5692,20,29,47,78,25.6%,298.3,159.9,138.4,0.49,0.7,1.14,1.9,306.8,164.5,142.3,0.5,0.73,1.18,1.95,89,89,2.16,2.16,2.23,2.23
Rival,RSC006030,WTRDragon_,"Necrotic Nerds
Nightfall
Quads","Ghoul School
The Shadows
The Quad Dynasty",Lunar,32.2,357,23,0.281,0.261,6,17,6939,3870,3069,13,11,28,62,21.0%,292.5,163.1,129.3,0.55,0.46,1.18,2.61,301.7,168.3,133.4,0.57,0.48,1.22,2.7,42,76,1.77,3.2,1.83,3.3
Rival,,StickyDihhRick,Photons,The Quantum State,Solar,32.2,175,13,0.383,0.462,6,7,3804,1820,1984,2,8,21,17,11.8%,327.1,156.5,170.6,0.17,0.69,1.81,1.46,292.6,140.0,152.6,0.15,0.62,1.62,1.31,22,30,1.89,2.58,1.69,2.31
Rival,RSC004283,Tragic Event,Heavy Metal,The Pit,Lunar,31.7,720,49,0.552,0.571,28,21,14517,8150,6367,40,22,41,100,40.0%,303.4,170.3,133.1,0.84,0.46,0.86,2.09,296.3,166.3,129.9,0.82,0.45,0.84,2.04,108,94,2.26,1.96,2.2,1.92
Rival,RSC003964,Drewski RL,"Bulldozers
Nightfall","Road Work Ahead
The Shadows",Lunar,31.4,177,13,0.413,0.385,5,8,4101,1930,2171,9,3,14,18,50.0%,348.6,164.1,184.6,0.77,0.26,1.19,1.53,315.5,148.5,167.0,0.69,0.23,1.08,1.38,29,36,2.47,3.06,2.23,2.77
Rival,RSC001032,JmE,Ruthless Racket,The Syndicate,Lunar,31.0,496,32,0.426,0.406,13,19,9965,6030,3935,27,14,38,73,37.0%,302.3,182.9,119.4,0.82,0.42,1.15,2.21,311.4,188.4,123.0,0.84,0.44,1.19,2.28,65,79,1.97,2.4,2.03,2.47
Rival,RSC001720,SUPERDUPERBAM,Hippos,Safari,Lunar,30.7,956,59,0.638,0.712,42,17,18642,10900,7742,39,39,75,130,30.0%,293.4,171.6,121.8,0.61,0.61,1.18,2.05,316.0,184.7,131.2,0.66,0.66,1.27,2.2,169,117,2.66,1.84,2.86,1.98
Rival,RSC005253,dinnindu,Tyrants,Monarchy,Lunar,30.7,940,60,0.418,0.467,28,32,18498,10410,8088,38,37,70,126,30.2%,296.1,166.6,129.5,0.61,0.59,1.12,2.02,308.3,173.5,134.8,0.63,0.62,1.17,2.1,143,176,2.29,2.82,2.38,2.93
Rival,RSC004933,Drebin.,Margherita Pizza,Fifty-Fifty Pizzeria,Lunar,30.2,736,48,0.413,0.354,17,31,14934,8010,6924,33,20,53,106,31.1%,305.3,163.8,141.5,0.67,0.41,1.08,2.17,311.1,166.9,144.3,0.69,0.42,1.1,2.21,98,123,2.0,2.51,2.04,2.56
Rival,RSC005978,Xdraco0,"Bulldozers
Timekeeper Taps","Road Work Ahead
5 O'clock Nowhere",Solar,29.7,378,25,0.42,0.36,9,16,7691,4280,3411,15,13,33,48,31.3%,306.1,170.4,135.8,0.6,0.52,1.31,1.91,307.6,171.2,136.4,0.6,0.52,1.32,1.92,52,64,2.07,2.55,2.08,2.56
Rival,,Nobeljaguar,Margherita Pizza,Fifty-Fifty Pizzeria,Lunar,29.4,59,4,0.278,0.25,1,3,1339,670,669,2,1,7,7,28.6%,341.5,170.9,170.6,0.51,0.26,1.79,1.79,334.8,167.5,167.3,0.5,0.25,1.75,1.75,4,8,1.02,2.04,1.0,2.0
Rival,RSC003040,Chung,Polar Ice,Minty Fresh,Solar,29.0,787,53,0.414,0.396,21,32,16104,8500,7604,30,23,66,105,28.6%,307.9,162.5,145.4,0.57,0.44,1.26,2.01,303.8,160.4,143.5,0.57,0.43,1.25,1.98,108,135,2.06,2.58,2.04,2.55
Rival,RSC004399,zippythegnome,Quads,The Quad Dynasty,Lunar,28.8,818,56,0.49,0.482,27,29,16464,8770,7694,37,21,57,117,31.6%,302.8,161.3,141.5,0.68,0.39,1.05,2.15,294.0,156.6,137.4,0.66,0.38,1.02,2.09,111,114,2.04,2.1,1.98,2.04
Rival,,Squatch .,"Bulldozers
Rocky Road","Road Work Ahead
Creme De Bonte",Solar,28.7,414,28,0.465,0.464,13,15,8340,4490,3850,15,10,37,64,23.4%,303.1,163.2,139.9,0.55,0.36,1.34,2.33,297.9,160.4,137.5,0.54,0.36,1.32,2.29,65,71,2.36,2.58,2.32,2.54
Rival,,Rolf,"Dracos
Bulldozers
Camera Crew","The Forest
Road Work Ahead
Production Control Room",Lunar,28.5,583,39,0.484,0.538,21,18,11316,6380,4936,32,17,30,83,38.6%,292.0,164.7,127.4,0.83,0.44,0.77,2.14,290.2,163.6,126.6,0.82,0.44,0.77,2.13,94,98,2.43,2.53,2.41,2.51
Rival,RSC005699,masdhapotatoes,Bulldozers,Road Work Ahead,Lunar,28.2,733,51,0.276,0.216,11,40,14475,7280,7195,23,18,58,118,19.5%,297.1,149.4,147.7,0.47,0.37,1.19,2.42,283.8,142.7,141.1,0.45,0.35,1.14,2.31,77,144,1.58,2.96,1.51,2.82
Rival,,Jaybeauh,"Timekeeper Taps
Dracos
Ocelots","5 O'clock Nowhere
The Forest
The Jungle",Solar,27.2,358,22,0.353,0.318,7,15,6904,3790,3114,15,12,24,49,30.6%,290.2,159.3,130.9,0.63,0.5,1.01,2.06,313.8,172.3,141.5,0.68,0.55,1.09,2.23,47,69,1.98,2.9,2.14,3.14
Rival,,ImZalama,Timekeeper Taps,5 O'clock Nowhere,Solar,27.2,222,14,0.451,0.429,6,8,4590,2750,1840,13,6,18,25,52.0%,311.1,186.4,124.7,0.88,0.41,1.22,1.69,327.9,196.4,131.4,0.93,0.43,1.29,1.79,40,45,2.71,3.05,2.86,3.21
Rival,RSC007225,Sykxz,"Funk Hunks
Asiago Arsonists","Vibe Tribe
Cheese Guild",Lunar,26.1,124,9,0.643,0.667,6,3,2179,1170,1009,4,6,6,17,23.5%,264.4,142.0,122.4,0.49,0.73,0.73,2.06,242.1,130.0,112.1,0.44,0.67,0.67,1.89,18,12,2.18,1.46,2.0,1.33
Rival,RSC003900,Tryhard goblin,Wind,The Elements,Solar,25.3,1029,63,0.341,0.317,20,43,20479,10710,9769,39,35,78,116,33.6%,299.4,156.6,142.8,0.57,0.51,1.14,1.7,325.1,170.0,155.1,0.62,0.56,1.24,1.84,128,195,1.87,2.85,2.03,3.1
Rival,RSC003109,Kflip11,Ostriches,Flightless Fowl,Solar,24.3,750,49,0.445,0.469,23,26,13568,7520,6048,24,31,51,102,23.5%,272.2,150.9,121.3,0.48,0.62,1.02,2.05,276.9,153.5,123.4,0.49,0.63,1.04,2.08,113,130,2.27,2.61,2.31,2.65
Rival,RSC000053,its_lost,Wind,The Elements,Solar,23.5,405,26,0.279,0.231,6,20,8143,4280,3863,12,8,42,58,20.7%,302.5,159.0,143.5,0.45,0.3,1.56,2.15,313.2,164.6,148.6,0.46,0.31,1.62,2.23,44,81,1.63,3.01,1.69,3.12
Rival,RSC003118,Mysty,Necrotic Nerds,Ghoul School,Solar,22.9,793,54,0.415,0.407,22,32,15818,8620,7198,35,13,67,112,31.3%,300.1,163.6,136.6,0.66,0.25,1.27,2.13,292.9,159.6,133.3,0.65,0.24,1.24,2.07,110,137,2.09,2.6,2.04,2.54
Rival,RSC005280,Engy,Ruthless Racket,The Syndicate,Lunar,22.5,258,18,0.359,0.333,6,12,5063,2440,2623,6,5,24,39,15.4%,295.3,142.3,153.0,0.35,0.29,1.4,2.27,281.3,135.6,145.7,0.33,0.28,1.33,2.17,27,40,1.57,2.33,1.5,2.22
Rival,RSC004614,Ex ample,Tyrants,Monarchy,Lunar,21.2,312,19,0.316,0.421,8,11,5949,3420,2529,15,7,23,42,35.7%,286.9,164.9,122.0,0.72,0.34,1.11,2.03,313.1,180.0,133.1,0.79,0.37,1.21,2.21,40,65,1.93,3.13,2.11,3.42
Rival,RSC004844,Calicat01,Hammerheads,Shark Attack,Solar,19.5,58,4,0.183,0.25,1,3,1131,640,491,1,1,8,9,11.1%,293.4,166.0,127.4,0.26,0.26,2.08,2.33,282.8,160.0,122.8,0.25,0.25,2.0,2.25,4,11,1.04,2.85,1.0,2.75
Rival,RSC004844,Calicat01,Hammerheads,Shark Attack,Solar,19.5,58,4,0.183,0.25,1,3,1131,640,491,1,1,8,9,11.1%,293.4,166.0,127.4,0.26,0.26,2.08,2.33,282.8,160.0,122.8,0.25,0.25,2.0,2.25,4,11,1.04,2.85,1.0,2.75
Rival,RSC007546,N0TTopmarx,Cursed,Destined,Solar,17.2,157,10,0.401,0.5,5,5,2768,1540,1228,4,6,13,19,21.1%,265.3,147.6,117.7,0.38,0.58,1.25,1.82,276.8,154.0,122.8,0.4,0.6,1.3,1.9,25,32,2.4,3.07,2.5,3.2
Rival,RSC002877,robophant,Centuriones,The Sovereign,Lunar,14.4,384,24,0.527,0.333,8,16,6626,3920,2706,12,15,31,42,28.6%,259.6,153.6,106.0,0.47,0.59,1.21,1.65,276.1,163.3,112.8,0.5,0.63,1.29,1.75,58,54,2.27,2.12,2.42,2.25
Rival,RSC002897,VickyViksta,Polar Bears,The Bear Den,Lunar,14.4,73,4,0.648,0.75,3,1,1201,770,431,2,2,7,12,16.7%,247.5,158.7,88.8,0.41,0.41,1.44,2.47,300.3,192.5,107.8,0.5,0.5,1.75,3.0,12,8,2.47,1.65,3.0,2.0
Rival,RSC002897,VickyViksta,Polar Bears,The Bear Den,Lunar,14.4,73,4,0.648,0.75,3,1,1201,770,431,2,2,7,12,16.7%,247.5,158.7,88.8,0.41,0.41,1.44,2.47,300.3,192.5,107.8,0.5,0.5,1.75,3.0,12,8,2.47,1.65,3.0,2.0
Rival,RSC006899,CosmicFlames.,Bulldozers,Road Work Ahead,Lunar,13.5,328,25,0.324,0.32,8,17,5968,2990,2978,9,8,26,39,23.1%,273.8,137.2,136.6,0.41,0.37,1.19,1.79,238.7,119.6,119.1,0.36,0.32,1.04,1.56,40,64,1.83,2.94,1.6,2.56
Rival,RSC006658,MrSilent_714,"Asiago Arsonists
Funk Hunks","Cheese Guild
Vibe Tribe",Lunar,13.1,326,21,0.282,0.143,3,18,5624,2880,2744,11,10,18,38,28.9%,259.6,132.9,126.6,0.51,0.46,0.83,1.75,267.8,137.1,130.7,0.52,0.48,0.86,1.81,33,61,1.52,2.82,1.57,2.9
Rival,RSC007307,Jmh187-,Hue Heroes,Art Club,Solar,12.8,56,4,0.097,0.0,0,4,967,420,547,0,2,5,7,0.0%,259.8,112.8,147.0,0.0,0.54,1.34,1.88,241.8,105.0,136.8,0.0,0.5,1.25,1.75,3,13,0.81,3.49,0.75,3.25
Rival,RSC007307,Jmh187-,Hue Heroes,Art Club,Solar,12.8,56,4,0.097,0.0,0,4,967,420,547,0,2,5,7,0.0%,259.8,112.8,147.0,0.0,0.54,1.34,1.88,241.8,105.0,136.8,0.0,0.5,1.25,1.75,3,13,0.81,3.49,0.75,3.25
Rival,RSC006794,HI7MAN305,"Rocky Road
Dracos
Hue Heroes","Creme De Bonte
The Forest
Art Club",Solar,9.3,257,17,0.194,0.176,3,14,4697,2860,1837,8,6,30,26,30.8%,275.0,167.4,107.5,0.47,0.35,1.76,1.52,276.3,168.2,108.1,0.47,0.35,1.76,1.53,26,63,1.52,3.69,1.53,3.71
Rival,RSC000233,LilPrsnWithAnger,Quads,The Quad Dynasty,Lunar,4.8,68,4,0.349,0.5,2,2,1018,520,498,1,3,4,7,14.3%,225.3,115.1,110.2,0.22,0.66,0.89,1.55,254.5,130.0,124.5,0.25,0.75,1.0,1.75,8,12,1.77,2.66,2.0,3.0
Rival,RSC007222,S3EZ,Polar Bears,The Bear Den,Lunar,4.4,256,17,0.438,0.412,7,10,4648,2380,2268,5,5,28,23,21.7%,273.2,139.9,133.3,0.29,0.29,1.65,1.35,273.4,140.0,133.4,0.29,0.29,1.65,1.35,34,40,2.0,2.35,2.0,2.35
Rival,RSC006187,1999 Toyota Camry,Rocky Road,Creme De Bonte,Solar,3.8,356,24,0.252,0.125,3,21,6050,3330,2720,11,3,32,48,22.9%,255.7,140.7,115.0,0.46,0.13,1.35,2.03,252.1,138.8,113.3,0.46,0.13,1.33,2.0,35,71,1.48,3.0,1.46,2.96
Rival,,birds aren't real,Asiago Arsonists,Cheese Guild,Lunar,2.7,235,15,0.341,0.267,4,11,3596,1710,1886,6,7,10,26,23.1%,230.2,109.5,120.8,0.38,0.45,0.64,1.66,239.7,114.0,125.7,0.4,0.47,0.67,1.73,31,47,1.98,3.01,2.07,3.13
Rival,RSC004758,Array,Margherita Pizza,Fifty-Fifty Pizzeria,Lunar,1.6,267,19,0.183,0.211,4,15,4412,1890,2522,5,5,17,29,17.2%,248.6,106.5,142.1,0.28,0.28,0.96,1.63,232.2,99.5,132.7,0.26,0.26,0.89,1.53,23,60,1.3,3.38,1.21,3.16
Rival,RSC004817,crybound,Photons,The Quantum State,Solar,-17.0,76,4,0.202,0.0,0,4,1123,700,423,2,1,8,5,40.0%,222.3,138.6,83.7,0.4,0.2,1.58,0.99,280.8,175.0,105.8,0.5,0.25,2.0,1.25,5,13,0.99,2.57,1.25,3.25
Rival,RSC004817,crybound,Photons,The Quantum State,Solar,-17.0,76,4,0.202,0.0,0,4,1123,700,423,2,1,8,5,40.0%,222.3,138.6,83.7,0.4,0.2,1.58,0.99,280.8,175.0,105.8,0.5,0.25,2.0,1.25,5,13,0.99,2.57,1.25,3.25
Rival,RSC001955,Witha ^~^,Hue Heroes,Art Club,Solar,-18.8,82,5,0.291,0.2,1,4,996,630,366,4,1,2,8,50.0%,182.8,115.6,67.2,0.73,0.18,0.37,1.47,199.2,126.0,73.2,0.8,0.2,0.4,1.6,9,16,1.65,2.94,1.8,3.2
Rival,RSC001955,Witha ^~^,Hue Heroes,Art Club,Solar,-18.8,82,5,0.291,0.2,1,4,996,630,366,4,1,2,8,50.0%,182.8,115.6,67.2,0.73,0.18,0.37,1.47,199.2,126.0,73.2,0.8,0.2,0.4,1.6,9,16,1.65,2.94,1.8,3.2
Rival,RSC002840,Jandr,Hue Heroes,Art Club,Solar,-26.0,34,3,0.033,0.0,0,3,508,220,288,0,0,4,2,0.0%,224.8,97.4,127.5,0.0,0.0,1.77,0.89,169.3,73.3,96.0,0.0,0.0,1.33,0.67,1,9,0.44,3.98,0.33,3.0
Prospect,RSC001768,MoldyPBJ,"Blacktips
Skeletons","Shark Attack
The Monster Mash",,126.2,90,8,0.62,0.625,5,3,3593,2040,1553,12,3,9,24,50.0%,562.0,319.1,242.9,1.88,0.47,1.41,3.75,449.1,255.0,194.1,1.5,0.38,1.13,3.0,19,14,2.97,2.19,2.38,1.75
Prospect,RSC001768,MoldyPBJ,"Blacktips
Skeletons","Shark Attack
The Monster Mash",,126.2,90,8,0.62,0.625,5,3,3593,2040,1553,12,3,9,24,50.0%,562.0,319.1,242.9,1.88,0.47,1.41,3.75,449.1,255.0,194.1,1.5,0.38,1.13,3.0,19,14,2.97,2.19,2.38,1.75
Prospect,RSC007444,TheDropBox,Hawaiian Pizza,Fifty-Fifty Pizzeria,,105.3,454,31,0.786,0.839,26,5,14325,9320,5005,56,25,23,132,42.4%,444.2,289.0,155.2,1.74,0.78,0.71,4.09,462.1,300.6,161.5,1.81,0.81,0.74,4.26,115,51,3.57,1.58,3.71,1.65
Prospect,RSC007129,EKA Luminous,Poppy,Flower Road,,93.3,851,60,0.663,0.717,43,17,25595,15310,10285,68,55,76,196,34.7%,423.4,253.3,170.1,1.12,0.91,1.26,3.24,426.6,255.2,171.4,1.13,0.92,1.27,3.27,177,115,2.93,1.9,2.95,1.92
Prospect,RSC006908,OvrSizedFrog,Honey Badgers,Safari,,85.6,616,43,0.641,0.605,26,17,17578,9690,7888,44,32,45,144,30.6%,401.7,221.5,180.3,1.01,0.73,1.03,3.29,408.8,225.3,183.4,1.02,0.74,1.05,3.35,114,78,2.61,1.78,2.65,1.81
Prospect,RSC002847,Reeve-,Undead,Destined,,79.7,727,53,0.611,0.66,35,18,20135,11600,8535,59,36,46,160,36.9%,389.9,224.6,165.3,1.14,0.7,0.89,3.1,379.9,218.9,161.0,1.11,0.68,0.87,3.02,140,105,2.71,2.03,2.64,1.98
Prospect,,brdtrd999,Emus,Flightless Fowl,,71.2,754,53,0.554,0.604,32,21,19346,11560,7786,60,36,42,166,36.1%,361.2,215.8,145.4,1.12,0.67,0.78,3.1,365.0,218.1,146.9,1.13,0.68,0.79,3.13,151,132,2.82,2.46,2.85,2.49
Prospect,RSC006800,SHHHM3LLIT,Hawaiian Pizza,Fifty-Fifty Pizzeria,,69.5,488,36,0.674,0.722,26,10,12267,6870,5397,29,26,33,102,28.4%,353.9,198.2,155.7,0.84,0.75,0.95,2.94,340.8,190.8,149.9,0.81,0.72,0.92,2.83,92,57,2.65,1.64,2.56,1.58
Prospect,RSC007045,fetty_steve98,Punks,The Pit,,69.5,603,43,0.427,0.442,19,24,16750,8660,8090,28,26,70,106,26.4%,391.1,202.2,188.9,0.65,0.61,1.63,2.47,389.5,201.4,188.1,0.65,0.6,1.63,2.47,84,102,1.96,2.38,1.95,2.37
Prospect,,DaZed.Purity,Principales,The Sovereign,,66.1,705,51,0.503,0.49,25,26,17884,10130,7754,44,32,54,143,30.8%,357.1,202.3,154.8,0.88,0.64,1.08,2.86,350.7,198.6,152.0,0.86,0.63,1.06,2.8,129,128,2.58,2.56,2.53,2.51
Prospect,RSC007568,Chills1912,Poppy,Flower Road,,64.5,688,48,0.635,0.667,32,16,17600,10410,7190,53,24,49,146,36.3%,360.1,213.0,147.1,1.08,0.49,1.0,2.99,366.7,216.9,149.8,1.1,0.5,1.02,3.04,142,100,2.91,2.05,2.96,2.08
Prospect,RSC005915,BromzaTheOldMan,The Muons,The Quantum State,,63.8,694,51,0.439,0.451,23,28,18636,11340,7296,60,19,60,139,43.2%,378.1,230.0,148.0,1.22,0.39,1.22,2.82,365.4,222.4,143.1,1.18,0.37,1.18,2.73,114,133,2.31,2.7,2.24,2.61
Prospect,RSC005915,BromzaTheOldMan,The Muons,The Quantum State,,63.8,694,51,0.439,0.451,23,28,18636,11340,7296,60,19,60,139,43.2%,378.1,230.0,148.0,1.22,0.39,1.22,2.82,365.4,222.4,143.1,1.18,0.37,1.18,2.73,114,133,2.31,2.7,2.24,2.61
Prospect,RSC005909,YadiCraft,"Undead
Honey Badgers","Destined
Safari",,62.4,247,17,0.641,0.647,11,6,6601,3810,2791,17,6,26,51,33.3%,376.2,217.2,159.1,0.97,0.34,1.48,2.91,388.3,224.1,164.2,1.0,0.35,1.53,3.0,48,33,2.74,1.88,2.82,1.94
Prospect,RSC000148,Shadowvail,Undead,Destined,,60.7,665,48,0.643,0.688,33,15,16165,8960,7205,36,40,47,101,35.6%,342.2,189.7,152.5,0.76,0.85,1.0,2.14,336.8,186.7,150.1,0.75,0.83,0.98,2.1,130,89,2.75,1.88,2.71,1.85
Prospect,RSC002911,Alextross,Hawaiian Pizza,Fifty-Fifty Pizzeria,,59.5,666,47,0.723,0.745,35,12,15737,9570,6167,49,36,34,117,41.9%,332.7,202.3,130.4,1.04,0.76,0.72,2.47,334.8,203.6,131.2,1.04,0.77,0.72,2.49,155,85,3.28,1.8,3.3,1.81
Prospect,,Perry The Platypus,Hawaiian Pizza,Fifty-Fifty Pizzeria,,58.8,738,53,0.701,0.736,39,14,17040,9870,7170,46,39,39,137,33.6%,325.1,188.3,136.8,0.88,0.74,0.74,2.61,321.5,186.2,135.3,0.87,0.74,0.74,2.58,163,95,3.11,1.81,3.08,1.79
Prospect,RSC006635,SlenderSolder,The Muons,The Quantum State,,58.3,71,5,0.5,0.6,3,2,1924,1140,784,5,3,8,9,55.6%,381.5,226.0,155.5,0.99,0.59,1.59,1.78,384.8,228.0,156.8,1.0,0.6,1.6,1.8,12,12,2.38,2.38,2.4,2.4
Prospect,RSC007264,Juxties,Prism Proteges,Art Club,,57.7,800,55,0.553,0.582,32,23,19801,11380,8421,57,31,55,138,41.3%,348.5,200.3,148.2,1.0,0.55,0.97,2.43,360.0,206.9,153.1,1.04,0.56,1.0,2.51,140,122,2.46,2.15,2.55,2.22
Prospect,RSC006586,dino_chick3n,"Prism Proteges
Detention Demons","Art Club
Ghoul School",,57.2,376,27,0.643,0.667,18,9,8563,4760,3803,17,20,27,71,23.9%,320.6,178.2,142.4,0.64,0.75,1.01,2.66,317.1,176.3,140.9,0.63,0.74,1.0,2.63,73,50,2.73,1.87,2.7,1.85
Prospect,RSC006793,Yogibear8003,"Earth
Detention Demons","The Elements
Ghoul School",,56.6,442,30,0.4,0.333,10,20,10951,6090,4861,28,15,35,79,35.4%,348.8,194.0,154.8,0.89,0.48,1.11,2.52,365.0,203.0,162.0,0.93,0.5,1.17,2.63,69,89,2.2,2.83,2.3,2.97
Prospect,,Meta.Rl-,Emus,Flightless Fowl,,56.4,494,35,0.551,0.571,20,15,12426,7210,5216,35,20,39,76,46.1%,354.1,205.5,148.7,1.0,0.57,1.11,2.17,355.0,206.0,149.0,1.0,0.57,1.11,2.17,102,90,2.91,2.56,2.91,2.57
Prospect,RSC006225,renightly,Honey Badgers,Safari,,56.4,466,33,0.718,0.667,22,11,11655,7140,4515,39,13,34,89,43.8%,352.1,215.7,136.4,1.18,0.39,1.03,2.69,353.2,216.4,136.8,1.18,0.39,1.03,2.7,94,51,2.84,1.54,2.85,1.55
Prospect,RSC007572,Mexalato,Hyperspace Hops,5 O'clock Nowhere,,56.3,772,57,0.503,0.491,28,29,19731,11440,8291,44,25,88,139,31.7%,359.8,208.6,151.2,0.8,0.46,1.6,2.53,346.2,200.7,145.5,0.77,0.44,1.54,2.44,126,125,2.3,2.28,2.21,2.19
Prospect,RSC007423,Valuedsquash465,"Mop Tops
Detention Demons
Blacktips","Vibe Tribe
Ghoul School
Shark Attack",,56.2,337,25,0.55,0.52,13,12,8052,4480,3572,22,14,20,58,37.9%,336.4,187.2,149.2,0.92,0.58,0.84,2.42,322.1,179.2,142.9,0.88,0.56,0.8,2.32,58,51,2.42,2.13,2.32,2.04
Prospect,RSC002823,Sussurance,Principales,The Sovereign,,55.9,399,30,0.546,0.533,16,14,9254,4990,4264,21,21,24,64,32.8%,326.5,176.1,150.5,0.74,0.74,0.85,2.26,308.5,166.3,142.1,0.7,0.7,0.8,2.13,72,64,2.54,2.26,2.4,2.13
Prospect,RSC007518,LoneDrifter.,Blacktips,Shark Attack,,54.9,770,55,0.58,0.582,32,23,18714,10450,8264,42,31,68,130,32.3%,342.2,191.1,151.1,0.77,0.57,1.24,2.38,340.3,190.0,150.3,0.76,0.56,1.24,2.36,131,106,2.4,1.94,2.38,1.93
Prospect,RSC007198,SunCeltic,Skeletons,The Monster Mash,,54.2,411,28,0.483,0.5,14,14,10105,5570,4535,25,11,35,77,32.5%,346.1,190.8,155.3,0.86,0.38,1.2,2.64,360.9,198.9,162.0,0.89,0.39,1.25,2.75,66,69,2.26,2.36,2.36,2.46
Prospect,RSC005884,Zachthebull36,Blacktips,Shark Attack,,52.8,426,29,0.609,0.621,18,11,10020,6160,3860,30,15,32,81,37.0%,331.1,203.6,127.6,0.99,0.5,1.06,2.68,345.5,212.4,133.1,1.03,0.52,1.1,2.79,70,52,2.31,1.72,2.41,1.79
Prospect,RSC005136,tdogplayz,Earth,The Elements,,52.5,139,9,0.406,0.222,2,7,3711,2070,1641,7,3,20,22,31.8%,375.9,209.7,166.2,0.71,0.3,2.03,2.23,412.3,230.0,182.3,0.78,0.33,2.22,2.44,17,22,1.72,2.23,1.89,2.44
Prospect,RSC007102,tepochtli_13,Poppy,Flower Road,,52.2,553,39,0.705,0.795,31,8,12653,7600,5053,35,29,36,85,41.2%,322.1,193.5,128.6,0.89,0.74,0.92,2.16,324.4,194.9,129.6,0.9,0.74,0.92,2.18,123,71,3.13,1.81,3.15,1.82
Prospect,RSC007002,Ozzy,Prism Proteges,Art Club,,51.5,668,46,0.552,0.587,27,19,16387,9550,6837,41,22,65,110,37.3%,345.4,201.3,144.1,0.86,0.46,1.37,2.32,356.2,207.6,148.6,0.89,0.48,1.41,2.39,121,106,2.55,2.23,2.63,2.3
Prospect,RSC005608,wolverine36535,Prism Proteges,Art Club,,51.1,380,26,0.526,0.577,15,11,8796,5110,3686,20,14,34,71,28.2%,325.9,189.3,136.6,0.74,0.52,1.26,2.63,338.3,196.5,141.8,0.77,0.54,1.31,2.73,60,56,2.22,2.07,2.31,2.15
Prospect,RSC004012,kgfan3,Undead,Destined,,50.9,623,45,0.615,0.689,31,14,14950,8000,6950,36,18,49,105,34.3%,337.8,180.8,157.1,0.81,0.41,1.11,2.37,332.2,177.8,154.4,0.8,0.4,1.09,2.33,120,89,2.71,2.01,2.67,1.98
Prospect,RSC007262,Vvreze,Earth,The Elements,,50.5,199,13,0.513,0.385,5,8,4851,2700,2151,11,7,19,30,36.7%,343.2,191.0,152.2,0.78,0.5,1.34,2.12,373.2,207.7,165.5,0.85,0.54,1.46,2.31,29,28,2.05,1.98,2.23,2.15
Prospect,,Bewear.,"Hyperspace Hops
Spastics
Honey Badgers","5 O'clock Nowhere
The Quad Dynasty
Safari",,49.2,461,35,0.565,0.6,21,14,10365,5590,4775,26,15,28,84,31.0%,316.5,170.7,145.8,0.79,0.46,0.86,2.57,296.1,159.7,136.4,0.74,0.43,0.8,2.4,76,64,2.32,1.95,2.17,1.83
Prospect,RSC005139,brillo_padd,Mop Tops,Vibe Tribe,,48.7,588,42,0.437,0.405,17,25,13426,7800,5626,42,14,35,115,36.5%,321.5,186.8,134.7,1.01,0.34,0.84,2.75,319.7,185.7,134.0,1.0,0.33,0.83,2.74,90,106,2.15,2.54,2.14,2.52
Prospect,,SleepyCrimson_,Emus,Flightless Fowl,,48.3,473,34,0.514,0.559,19,15,10793,6200,4593,24,22,40,70,34.3%,321.2,184.5,136.7,0.71,0.65,1.19,2.08,317.4,182.4,135.1,0.71,0.65,1.18,2.06,89,86,2.65,2.56,2.62,2.53
Prospect,RSC006369,nate,Emus,Flightless Fowl,,48.1,592,42,0.496,0.571,24,18,13837,7870,5967,33,20,52,97,34.0%,329.1,187.2,141.9,0.78,0.48,1.24,2.31,329.5,187.4,142.1,0.79,0.48,1.24,2.31,108,109,2.57,2.59,2.57,2.6
Prospect,RSC006416,StaRazor,Principales,The Sovereign,,47.8,611,44,0.492,0.477,21,23,14818,8240,6578,38,16,54,94,40.4%,341.4,189.9,151.6,0.88,0.37,1.24,2.17,336.8,187.3,149.5,0.86,0.36,1.23,2.14,103,105,2.37,2.42,2.34,2.39
Prospect,RSC004681,Speciial_Eddy,Detention Demons,Ghoul School,,47.1,649,45,0.389,0.4,18,27,15374,8860,6514,34,24,66,96,35.4%,333.5,192.2,141.3,0.74,0.52,1.43,2.08,341.6,196.9,144.8,0.76,0.53,1.47,2.13,92,123,2.0,2.67,2.04,2.73
Prospect,RSC006387,LGUPorkers,The Muons,The Quantum State,,47.1,715,53,0.433,0.434,23,30,16050,8670,7380,30,32,60,107,28.0%,316.0,170.7,145.3,0.59,0.63,1.18,2.11,302.8,163.6,139.2,0.57,0.6,1.13,2.02,119,141,2.34,2.78,2.25,2.66
Prospect,RSC007092,Minjaaa,"Hyperspace Hops
Spastics","5 O'clock Nowhere
The Quad Dynasty",,46.9,754,53,0.414,0.321,17,36,18069,9300,8769,38,19,68,115,33.0%,337.4,173.6,163.7,0.71,0.35,1.27,2.15,340.9,175.5,165.5,0.72,0.36,1.28,2.17,101,127,1.89,2.37,1.91,2.4
Prospect,RSC006271,levophed,Mop Tops,Vibe Tribe,,46.6,280,20,0.363,0.3,6,14,5973,3010,2963,12,10,16,51,23.5%,300.3,151.3,149.0,0.6,0.5,0.8,2.56,298.7,150.5,148.2,0.6,0.5,0.8,2.55,43,61,2.16,3.07,2.15,3.05
Prospect,RSC003886,Bobby Dangler.,Blacktips,Shark Attack,,46.5,668,46,0.568,0.565,26,20,15250,8600,6650,29,25,67,110,26.4%,321.4,181.3,140.2,0.61,0.53,1.41,2.32,331.5,187.0,144.6,0.63,0.54,1.46,2.39,108,90,2.28,1.9,2.35,1.96
Prospect,RSC006498,Snoww.,Mop Tops,Vibe Tribe,,46.5,507,37,0.403,0.351,13,24,10313,5700,4613,21,24,29,95,22.1%,286.4,158.3,128.1,0.58,0.67,0.81,2.64,278.7,154.1,124.7,0.57,0.65,0.78,2.57,73,94,2.03,2.61,1.97,2.54
Prospect,RSC005252,MysticMax07,Principales,The Sovereign,,43.7,613,43,0.496,0.512,22,21,13084,7400,5684,36,21,34,105,34.3%,300.5,170.0,130.5,0.83,0.48,0.78,2.41,304.3,172.1,132.2,0.84,0.49,0.79,2.44,113,114,2.6,2.62,2.63,2.65
Prospect,,Zainnox.,"Spastics
Prism Proteges","The Quad Dynasty
Art Club",,41.5,569,42,0.478,0.452,19,23,13169,7160,6009,24,20,61,71,33.8%,325.8,177.2,148.7,0.59,0.49,1.51,1.76,313.5,170.5,143.1,0.57,0.48,1.45,1.69,84,89,2.08,2.2,2.0,2.12
Prospect,RSC004106,K.Doughboy,"Blacktips
Earth
Mop Tops","Shark Attack
The Elements
Vibe Tribe",,41.1,391,29,0.523,0.517,15,14,8607,4890,3717,16,18,38,49,32.7%,309.9,176.1,133.8,0.58,0.65,1.37,1.76,296.8,168.6,128.2,0.55,0.62,1.31,1.69,72,68,2.59,2.45,2.48,2.34
Prospect,RSC006801,Shadow___Marco,"Mop Tops
Hawaiian Pizza","Vibe Tribe
Fifty-Fifty Pizzeria",,40.8,479,34,0.375,0.294,10,24,10691,5440,5251,20,12,42,74,27.0%,314.2,159.9,154.3,0.59,0.35,1.23,2.17,314.4,160.0,154.4,0.59,0.35,1.24,2.18,67,93,1.97,2.73,1.97,2.74
Prospect,,Sіnja,Spastics,The Quad Dynasty,,40.8,300,22,0.266,0.136,3,19,6948,3680,3268,11,8,35,43,25.6%,326.1,172.7,153.4,0.52,0.38,1.64,2.02,315.8,167.3,148.5,0.5,0.36,1.59,1.95,32,62,1.5,2.91,1.45,2.82
Prospect,RSC005549,Sugar_Biscuit20,Poppy,Flower Road,,40.4,169,12,0.827,1.0,12,0,3779,2330,1449,11,6,14,23,47.8%,314.8,194.1,120.7,0.92,0.5,1.17,1.92,314.9,194.2,120.8,0.92,0.5,1.17,1.92,43,16,3.58,1.33,3.58,1.33
Prospect,RSC007712,aNdyj,Poppy,Flower Road,,39.7,93,7,0.443,0.429,3,4,1942,1120,822,3,5,9,12,25.0%,294.0,169.5,124.4,0.45,0.76,1.36,1.82,277.4,160.0,117.4,0.43,0.71,1.29,1.71,12,14,1.82,2.12,1.71,2.0
Prospect,RSC007141,Cuddlingus,Skeletons,The Monster Mash,,39.6,783,54,0.373,0.37,20,34,17347,9240,8107,30,24,78,114,26.3%,311.9,166.1,145.8,0.54,0.43,1.4,2.05,321.2,171.1,150.1,0.56,0.44,1.44,2.11,112,156,2.01,2.8,2.07,2.89
Prospect,RSC007447,1R3IGN,Punks,The Pit,,39.5,279,20,0.509,0.5,10,10,5692,3200,2492,13,9,19,50,26.0%,287.2,161.5,125.7,0.66,0.45,0.96,2.52,284.6,160.0,124.6,0.65,0.45,0.95,2.5,42,41,2.12,2.07,2.1,2.05
Prospect,RSC007202,GreatHonda,Hyperspace Hops,5 O'clock Nowhere,,39.2,605,45,0.543,0.533,24,21,13267,6740,6527,28,17,45,84,33.3%,308.7,156.8,151.9,0.65,0.4,1.05,1.95,294.8,149.8,145.0,0.62,0.38,1.0,1.87,103,92,2.4,2.14,2.29,2.04
Prospect,RSC005725,RWALLS516R,"Skeletons
Hyperspace Hops","The Monster Mash
5 O'clock Nowhere",,38.6,575,40,0.453,0.4,16,24,13076,7480,5596,34,9,54,93,36.6%,320.2,183.1,137.0,0.83,0.22,1.32,2.28,326.9,187.0,139.9,0.85,0.23,1.35,2.33,84,95,2.06,2.33,2.1,2.38
Prospect,RSC003335,xEaglex20x,Earth,The Elements,,38.1,142,9,0.557,0.444,4,5,3131,1930,1201,7,4,16,23,30.4%,310.4,191.3,119.1,0.69,0.4,1.59,2.28,347.9,214.4,133.4,0.78,0.44,1.78,2.56,21,18,2.08,1.78,2.33,2.0
Prospect,RSC006667,GET2DACHOPPA5,Detention Demons,Ghoul School,,37.1,492,34,0.391,0.382,13,21,10349,5450,4899,15,18,47,70,21.4%,296.1,156.0,140.2,0.43,0.52,1.34,2.0,304.4,160.3,144.1,0.44,0.53,1.38,2.06,65,87,1.86,2.49,1.91,2.56
Prospect,RSC004037,Humd1gger,Poppy,Flower Road,,35.8,109,8,0.665,0.75,6,2,2082,1070,1012,5,4,4,17,29.4%,268.9,138.2,130.7,0.65,0.52,0.52,2.2,260.3,133.8,126.5,0.63,0.5,0.5,2.13,19,12,2.45,1.55,2.38,1.5
Prospect,RSC006353,Novarchite,Punks,The Pit,,34.5,602,43,0.384,0.395,17,26,12556,6730,5826,27,14,48,93,29.0%,293.6,157.4,136.2,0.63,0.33,1.12,2.17,292.0,156.5,135.5,0.63,0.33,1.12,2.16,76,104,1.78,2.43,1.77,2.42
Prospect,RSC001820,YourEvilTwin,The Muons,The Quantum State,,34.2,696,52,0.411,0.385,20,32,14673,7540,7133,25,27,59,74,33.8%,296.8,152.5,144.3,0.51,0.55,1.19,1.5,282.2,145.0,137.2,0.48,0.52,1.13,1.42,115,144,2.33,2.91,2.21,2.77
Prospect,RSC001765,Trios,Spastics,The Quad Dynasty,,32.9,263,20,0.47,0.45,9,11,5322,2750,2572,8,11,22,30,26.7%,284.9,147.2,137.7,0.43,0.59,1.18,1.61,266.1,137.5,128.6,0.4,0.55,1.1,1.5,36,39,1.93,2.09,1.8,1.95
Prospect,RSC003737,MeOnDisplay,Honey Badgers,Safari,,32.7,427,29,0.472,0.414,12,17,8507,4400,4107,14,16,33,55,25.5%,280.5,145.1,135.4,0.46,0.53,1.09,1.81,293.3,151.7,141.6,0.48,0.55,1.14,1.9,67,72,2.21,2.37,2.31,2.48
Prospect,RSC005018,Smitty,"Hawaiian Pizza
Emus
Honey Badgers","Fifty-Fifty Pizzeria
Flightless Fowl
Safari",,32.5,396,26,0.358,0.423,11,15,8044,4480,3564,18,11,31,58,31.0%,286.0,159.3,126.7,0.64,0.39,1.1,2.06,309.4,172.3,137.1,0.69,0.42,1.19,2.23,62,89,2.2,3.16,2.38,3.42
Prospect,RSC003153,Theman,"Punks
Detention Demons
Hawaiian Pizza","The Pit
Ghoul School
Fifty-Fifty Pizzeria",,32.4,227,17,0.326,0.412,7,10,4621,2730,1891,13,8,15,28,46.4%,286.6,169.3,117.3,0.81,0.5,0.93,1.74,271.8,160.6,111.2,0.76,0.47,0.88,1.65,31,49,1.92,3.04,1.82,2.88
Prospect,RSC006817,Froz3nSlack5r,Skeletons,The Monster Mash,,31.6,444,31,0.284,0.226,7,24,9686,5680,4006,24,9,45,58,41.4%,307.1,180.1,127.0,0.76,0.29,1.43,1.84,312.5,183.2,129.2,0.77,0.29,1.45,1.87,59,105,1.87,3.33,1.9,3.39
Prospect,RSC006966,Pivot97,Mop Tops,Vibe Tribe,,30.2,48,3,0.08,0.0,0,3,1044,460,584,0,1,7,6,0.0%,306.2,134.9,171.3,0.0,0.29,2.05,1.76,348.0,153.3,194.7,0.0,0.33,2.33,2.0,3,14,0.88,4.11,1.0,4.67
Prospect,RSC000086,Stale Popcorn,Hyperspace Hops,5 O'clock Nowhere,,27.2,255,19,0.35,0.316,6,13,4879,2430,2449,9,7,17,33,27.3%,269.4,134.2,135.2,0.5,0.39,0.94,1.82,256.8,127.9,128.9,0.47,0.37,0.89,1.74,35,52,1.93,2.87,1.84,2.74
Prospect,RSC004879,DefNotMongo.,Detention Demons,Ghoul School,,25.8,605,41,0.362,0.366,15,26,11382,6810,4572,28,19,45,81,34.6%,264.9,158.5,106.4,0.65,0.44,1.05,1.88,277.6,166.1,111.5,0.68,0.46,1.1,1.98,85,122,1.98,2.84,2.07,2.98
Prospect,RSC006461,Cynical89,Honey Badgers,Safari,,24.3,440,31,0.414,0.419,13,18,8022,4390,3632,17,13,29,59,28.8%,256.7,140.5,116.2,0.54,0.42,0.93,1.89,258.8,141.6,117.2,0.55,0.42,0.94,1.9,63,79,2.02,2.53,2.03,2.55
Prospect,RSC006758,El Booger Sugar,Undead,Destined,,24.0,74,6,0.277,0.333,2,4,1464,560,904,1,2,6,6,16.7%,278.5,106.5,172.0,0.19,0.38,1.14,1.14,244.0,93.3,150.7,0.17,0.33,1.0,1.0,8,15,1.52,2.85,1.33,2.5
Prospect,RSC005550,Shraggaholic,Punks,The Pit,,23.9,409,29,0.316,0.345,10,19,7502,4000,3502,12,12,33,55,21.8%,258.2,137.7,120.5,0.41,0.41,1.14,1.89,258.7,137.9,120.8,0.41,0.41,1.14,1.9,49,81,1.69,2.79,1.69,2.79
Prospect,RSC007075,Ryu gu,"Detention Demons
Spastics","Ghoul School
The Quad Dynasty",,23.6,559,39,0.304,0.231,9,30,11035,5730,5305,19,9,53,73,26.0%,277.9,144.3,133.6,0.48,0.23,1.33,1.84,282.9,146.9,136.0,0.49,0.23,1.36,1.87,58,101,1.46,2.54,1.49,2.59
Prospect,RSC007165,BRG,"Poppy
Spastics","Flower Road
The Quad Dynasty",,23.5,320,22,0.333,0.227,5,17,6332,3200,3132,8,8,33,35,22.9%,278.6,140.8,137.8,0.35,0.35,1.45,1.54,287.8,145.5,142.4,0.36,0.36,1.5,1.59,33,53,1.45,2.33,1.5,2.41
Prospect,,Detroeux,"Poppy
Honey Badgers","Flower Road
Safari",,22.0,112,7,0.361,0.286,2,5,1947,990,957,2,6,8,9,22.2%,244.7,124.4,120.3,0.25,0.75,1.01,1.13,278.1,141.4,136.7,0.29,0.86,1.14,1.29,16,23,2.01,2.89,2.29,3.29
Prospect,RSC005759,XerNaut,Skeletons,The Monster Mash,,21.6,787,53,0.337,0.321,17,36,14646,8260,6386,29,23,66,91,31.9%,262.0,147.8,114.2,0.52,0.41,1.18,1.63,276.3,155.8,120.5,0.55,0.43,1.25,1.72,106,163,1.9,2.92,2.0,3.08
Prospect,RSC006262,Illusionchaos,"Mop Tops
Punks","Vibe Tribe
The Pit",,20.5,408,29,0.296,0.241,7,22,7336,3690,3646,18,5,21,59,30.5%,253.1,127.3,125.8,0.62,0.17,0.72,2.04,253.0,127.2,125.7,0.62,0.17,0.72,2.03,50,87,1.73,3.0,1.72,3.0
Prospect,,S E L.,The Muons,The Quantum State,,18.4,89,7,0.215,0.0,0,7,1588,910,678,4,2,6,11,36.4%,251.2,143.9,107.2,0.63,0.32,0.95,1.74,226.9,130.0,96.9,0.57,0.29,0.86,1.57,12,26,1.9,4.11,1.71,3.71
Prospect,RSC001035,Charlieharley_1,Earth,The Elements,,15.0,57,4,0.415,0.25,1,3,1041,560,481,2,1,5,6,33.3%,257.1,138.3,118.8,0.49,0.25,1.23,1.48,260.3,140.0,120.3,0.5,0.25,1.25,1.5,8,10,1.98,2.47,2.0,2.5
Prospect,RSC005714,T_i_m_o_g,Mop Tops,Vibe Tribe,,9.4,53,4,0.113,0.0,0,4,807,340,467,1,0,3,9,11.1%,214.4,90.3,124.1,0.27,0.0,0.8,2.39,201.8,85.0,116.8,0.25,0.0,0.75,2.25,3,12,0.8,3.19,0.75,3.0
Prospect,,xNerdyGamer,Mop Tops,Vibe Tribe,,-10.3,46,3,0.033,0.0,0,3,614,270,344,0,1,4,2,0.0%,187.9,82.6,105.3,0.0,0.31,1.22,0.61,204.7,90.0,114.7,0.0,0.33,1.33,0.67,2,16,0.61,4.9,0.67,5.33
Prospect,RSC006868,TraxStar_19,Mop Tops,Vibe Tribe,,-10.7,13,1,0.0,0.0,0,1,92,30,62,0,0,0,3,0.0%,99.6,32.5,67.1,0.0,0.0,0.0,3.25,92.0,30.0,62.0,0.0,0.0,0.0,3.0,0,4,0.0,4.33,0.0,4.0
Prospect,,Demonikgoat4061,Mop Tops,Vibe Tribe,,-11.1,37,3,0.019,0.0,0,3,406,120,286,0,1,1,2,0.0%,154.5,45.7,108.8,0.0,0.38,0.38,0.76,135.3,40.0,95.3,0.0,0.33,0.33,0.67,1,12,0.38,4.57,0.33,4.0
Premier,RSC004345,Mini-,Hurricanes,Storm,,87.1,936,56,0.64,0.625,35,21,25576,15370,10206,61,55,95,177,34.5%,452.8,272.1,180.7,1.08,0.97,1.68,3.13,456.7,274.5,182.3,1.09,0.98,1.7,3.16,164,114,2.9,2.02,2.93,2.04
Premier,,Sniz,Fairies,The Forest,,78.9,522,32,0.505,0.438,14,18,14501,8390,6111,33,21,62,94,35.1%,460.3,266.3,194.0,1.05,0.67,1.97,2.98,453.2,262.2,191.0,1.03,0.66,1.94,2.94,83,82,2.63,2.6,2.59,2.56
Premier,,mogiiuh,Gummy Bears,The Bear Den,,78.4,842,50,0.525,0.52,26,24,23444,14060,9384,67,23,87,186,36.0%,461.4,276.7,184.7,1.32,0.45,1.71,3.66,468.9,281.2,187.7,1.34,0.46,1.74,3.72,131,123,2.58,2.42,2.62,2.46
Premier,RSC005481,Leonis,Feta Forgers,Cheese Guild,,78.0,866,52,0.604,0.596,31,21,22579,13320,9259,54,50,79,147,36.7%,432.1,254.9,177.2,1.03,0.96,1.51,2.81,434.2,256.2,178.1,1.04,0.96,1.52,2.83,151,116,2.89,2.22,2.9,2.23
Premier,RSC007564,Bryant,Glacial Ice,Speed Demons,,74.7,824,48,0.521,0.521,25,23,22568,12850,9718,45,28,108,155,29.0%,453.9,258.4,195.4,0.9,0.56,2.17,3.12,470.2,267.7,202.5,0.94,0.58,2.25,3.23,111,105,2.23,2.11,2.31,2.19
Premier,RSC006677,Luigi,Darkness,The Shadows,,73.5,656,40,0.602,0.575,23,17,16405,10190,6215,49,29,47,149,32.9%,414.4,257.4,157.0,1.24,0.73,1.19,3.76,410.1,254.8,155.4,1.23,0.73,1.18,3.73,120,93,3.03,2.35,3.0,2.33
Premier,RSC004923,Monster.,Feta Forgers,Cheese Guild,,68.6,927,56,0.555,0.554,31,25,22691,13290,9401,54,40,78,199,27.1%,405.6,237.6,168.1,0.97,0.72,1.39,3.56,405.2,237.3,167.9,0.96,0.71,1.39,3.55,154,134,2.75,2.4,2.75,2.39
Premier,,Qundar al-Din,"Darkness
Dapper Dolphins","The Shadows
The Reef",,64.2,725,44,0.586,0.568,25,19,17439,10110,7329,40,37,61,121,33.1%,398.6,231.1,167.5,0.91,0.85,1.39,2.77,396.3,229.8,166.6,0.91,0.84,1.39,2.75,129,104,2.95,2.38,2.93,2.36
Premier,RSC004216,GrEh,Dapper Dolphins,The Reef,,62.3,965,56,0.554,0.554,31,25,22996,13660,9336,52,30,93,231,22.5%,394.9,234.6,160.3,0.89,0.52,1.6,3.97,410.6,243.9,166.7,0.93,0.54,1.66,4.13,136,118,2.34,2.03,2.43,2.11
Premier,RSC006704,noah,Dapper Dolphins,The Reef,,62.1,63,4,0.445,0.5,2,2,1682,1070,612,4,1,10,12,33.3%,442.4,281.5,161.0,1.05,0.26,2.63,3.16,420.5,267.5,153.0,1.0,0.25,2.5,3.0,6,7,1.58,1.84,1.5,1.75
Premier,RSC006704,noah,Dapper Dolphins,The Reef,,62.1,63,4,0.445,0.5,2,2,1682,1070,612,4,1,10,12,33.3%,442.4,281.5,161.0,1.05,0.26,2.63,3.16,420.5,267.5,153.0,1.0,0.25,2.5,3.0,6,7,1.58,1.84,1.5,1.75
Premier,RSC000439,Tide,Capybaras,The Jungle,,61.5,916,52,0.488,0.519,27,25,21860,12500,9360,42,37,93,180,23.3%,395.5,226.1,169.3,0.76,0.67,1.68,3.26,420.4,240.4,180.0,0.81,0.71,1.79,3.46,131,135,2.37,2.44,2.52,2.6
Premier,RSC007194,North,"Gummy Bears
Dapper Dolphins","The Bear Den
The Reef",,60.5,119,7,0.756,0.857,6,1,2981,1830,1151,11,3,7,23,47.8%,415.1,254.8,160.3,1.53,0.42,0.97,3.2,425.9,261.4,164.4,1.57,0.43,1.0,3.29,21,10,2.92,1.39,3.0,1.43
Premier,RSC004892,Ziiah,"Excavators
Crooked Capos","Road Work Ahead
The Syndicate",,60.2,616,40,0.547,0.575,23,17,15294,8600,6694,25,23,79,100,25.0%,411.4,231.4,180.1,0.67,0.62,2.13,2.69,382.4,215.0,167.4,0.63,0.58,1.98,2.5,87,77,2.34,2.07,2.18,1.93
Premier,RSC007541,Water RL,Interstellar,Event Horizon,,58.8,807,51,0.421,0.451,23,28,20153,11350,8803,47,21,82,150,31.3%,413.8,233.1,180.8,0.97,0.43,1.68,3.08,395.2,222.5,172.6,0.92,0.41,1.61,2.94,101,124,2.07,2.55,1.98,2.43
Premier,RSC003780,FusionBleach,Crooked Capos,The Syndicate,,58.8,898,56,0.507,0.518,29,27,21515,11850,9665,32,39,105,145,22.1%,397.0,218.7,178.4,0.59,0.72,1.94,2.68,384.2,211.6,172.6,0.57,0.7,1.88,2.59,117,115,2.16,2.12,2.09,2.05
Premier,RSC000402,reagfam,Fairies,The Forest,,57.1,246,16,0.423,0.375,6,10,5382,3040,2342,9,15,20,39,23.1%,362.6,204.8,157.8,0.61,1.01,1.35,2.63,336.4,190.0,146.4,0.56,0.94,1.25,2.44,39,47,2.63,3.17,2.44,2.94
Premier,RSC007603,Nezyy,Hurricanes,Storm,,55.8,878,52,0.653,0.635,33,19,20997,12310,8687,50,34,85,136,36.8%,396.3,232.3,164.0,0.94,0.64,1.6,2.57,403.8,236.7,167.1,0.96,0.65,1.63,2.62,154,103,2.91,1.94,2.96,1.98
Premier,RSC000996,GreenSleeves,Hurricanes,Storm,,52.7,876,52,0.652,0.635,33,19,19703,11810,7893,48,37,73,151,31.8%,372.7,223.4,149.3,0.91,0.7,1.38,2.86,378.9,227.1,151.8,0.92,0.71,1.4,2.9,156,105,2.95,1.99,3.0,2.02
Premier,RSC002125,Neoblastz,Excavators,Road Work Ahead,,52.1,239,14,0.511,0.5,7,7,5624,3550,2074,15,9,25,35,42.9%,389.9,246.1,143.8,1.04,0.62,1.73,2.43,401.7,253.6,148.1,1.07,0.64,1.79,2.5,37,36,2.57,2.5,2.64,2.57
Premier,RSC005917,GAVALANCHE,Double Mint,Minty Fresh,,51.9,851,52,0.327,0.346,18,34,20039,11440,8599,40,28,93,139,28.8%,390.2,222.8,167.4,0.78,0.55,1.81,2.71,385.4,220.0,165.4,0.77,0.54,1.79,2.67,101,159,1.97,3.1,1.94,3.06
Premier,RSC003749,Rule,Fairies,The Forest,,51.2,635,40,0.417,0.35,14,26,15052,8320,6732,33,19,61,102,32.4%,392.8,217.1,175.7,0.86,0.5,1.59,2.66,376.3,208.0,168.3,0.83,0.48,1.53,2.55,91,112,2.37,2.92,2.28,2.8
Premier,RSC001214,Corrupt,Interstellar,Event Horizon,,50.1,620,40,0.433,0.475,19,21,14132,8050,6082,28,23,62,100,28.0%,377.7,215.2,162.6,0.75,0.61,1.66,2.67,353.3,201.3,152.1,0.7,0.58,1.55,2.5,86,102,2.3,2.73,2.15,2.55
Premier,,Nika,"Hurricanes
Darkness","Storm
The Shadows",,50.0,197,12,0.603,0.583,7,5,4405,2590,1815,7,9,23,29,24.1%,370.5,217.9,152.7,0.59,0.76,1.93,2.44,367.1,215.8,151.3,0.58,0.75,1.92,2.42,35,27,2.94,2.27,2.92,2.25
Premier,,The Alpha,"Glacial Ice
Gummy Bears
Darkness","Speed Demons
The Bear Den
The Shadows",,49.9,706,41,0.662,0.707,29,12,16075,9230,6845,34,25,68,118,28.8%,377.3,216.6,160.7,0.8,0.59,1.6,2.77,392.1,225.1,167.0,0.83,0.61,1.66,2.88,112,72,2.63,1.69,2.73,1.76
Premier,RSC004873,wolf,"Crooked Capos
Darkness","The Syndicate
The Shadows",,48.5,806,48,0.472,0.417,20,28,18739,11160,7579,47,22,80,136,34.6%,385.3,229.5,155.8,0.97,0.45,1.64,2.8,390.4,232.5,157.9,0.98,0.46,1.67,2.83,107,115,2.2,2.36,2.23,2.4
Premier,RSC002542,wicked.,"Fairies
Dapper Dolphins","The Forest
The Reef",,47.8,257,16,0.439,0.375,6,10,5882,2940,2942,14,7,15,44,31.8%,379.3,189.6,189.7,0.9,0.45,0.97,2.84,367.6,183.8,183.9,0.88,0.44,0.94,2.75,36,42,2.32,2.71,2.25,2.63
Premier,RSC001945,Brody,"Capybaras
Glacial Ice","The Jungle
Speed Demons",,47.1,146,8,0.817,1.0,8,0,3252,1940,1312,10,5,9,24,41.7%,369.1,220.2,148.9,1.14,0.57,1.02,2.72,406.5,242.5,164.0,1.25,0.63,1.13,3.0,29,11,3.29,1.25,3.63,1.38
Premier,RSC000342,Ryzai,Feta Forgers,Cheese Guild,,46.9,63,4,0.455,0.25,1,3,1273,850,423,4,1,4,20,20.0%,334.8,223.6,111.3,1.05,0.26,1.05,5.26,318.3,212.5,105.8,1.0,0.25,1.0,5.0,8,9,2.1,2.37,2.0,2.25
Premier,RSC007450,kev,Gummy Bears,The Bear Den,,46.4,676,41,0.58,0.634,26,15,14514,8520,5994,31,32,57,97,32.0%,355.8,208.9,146.9,0.76,0.78,1.4,2.38,354.0,207.8,146.2,0.76,0.78,1.39,2.37,115,94,2.82,2.3,2.8,2.29
Premier,RSC004090,LikeWisse,Double Mint,Minty Fresh,,46.1,546,33,0.363,0.394,13,20,11872,6670,5202,27,19,41,97,27.8%,360.3,202.4,157.9,0.82,0.58,1.24,2.94,359.8,202.1,157.6,0.82,0.58,1.24,2.94,65,93,1.97,2.82,1.97,2.82
Premier,RSC007693,Basicalllyyy,"Dapper Dolphins
Gummy Bears","The Reef
The Bear Den",,45.9,109,7,0.602,0.571,4,3,2360,1350,1010,5,5,9,15,33.3%,358.8,205.2,153.6,0.76,0.76,1.37,2.28,337.1,192.9,144.3,0.71,0.71,1.29,2.14,17,13,2.58,1.98,2.43,1.86
Premier,RSC007596,Sean,Darkness,The Shadows,,45.9,764,48,0.553,0.479,23,25,16849,9640,7209,36,31,68,109,33.0%,365.5,209.1,156.4,0.78,0.67,1.47,2.36,351.0,200.8,150.2,0.75,0.65,1.42,2.27,128,112,2.78,2.43,2.67,2.33
Premier,RSC007596,Sean,Darkness,The Shadows,,45.9,764,48,0.553,0.479,23,25,16849,9640,7209,36,31,68,109,33.0%,365.5,209.1,156.4,0.78,0.67,1.47,2.36,351.0,200.8,150.2,0.75,0.65,1.42,2.27,128,112,2.78,2.43,2.67,2.33
Premier,RSC007339,sil,Dapper Dolphins,The Reef,,45.6,360,20,0.549,0.5,10,10,8219,4630,3589,16,10,39,58,27.6%,378.3,213.1,165.2,0.74,0.46,1.8,2.67,411.0,231.5,179.5,0.8,0.5,1.95,2.9,49,43,2.26,1.98,2.45,2.15
Premier,RSC003892,Treezy,"Excavators
Glacial Ice","Road Work Ahead
Speed Demons",,44.5,525,32,0.469,0.469,15,17,11640,7070,4570,32,16,44,87,36.8%,367.4,223.2,144.3,1.01,0.51,1.39,2.75,363.8,220.9,142.8,1.0,0.5,1.38,2.72,74,80,2.34,2.53,2.31,2.5
Premier,RSC004306,North.,Excavators,Road Work Ahead,,43.8,493,30,0.38,0.4,12,18,10178,5380,4798,16,19,38,93,17.2%,342.1,180.8,161.3,0.54,0.64,1.28,3.13,339.3,179.3,159.9,0.53,0.63,1.27,3.1,56,77,1.88,2.59,1.87,2.57
Premier,RSC004370,Nightfang,"Interstellar
Capybaras
Crooked Capos
Darkness","Event Horizon
The Jungle
The Syndicate
The Shadows",,43.5,245,16,0.353,0.438,7,9,5935,3150,2785,14,2,25,40,35.0%,401.4,213.1,188.4,0.95,0.14,1.69,2.71,370.9,196.9,174.1,0.88,0.13,1.56,2.5,24,36,1.62,2.43,1.5,2.25
Premier,RSC006203,Tartan,Capybaras,The Jungle,,42.1,908,52,0.464,0.5,26,26,19610,10720,8890,44,24,69,167,26.3%,357.9,195.6,162.2,0.8,0.44,1.26,3.05,377.1,206.2,171.0,0.85,0.46,1.33,3.21,122,134,2.23,2.45,2.35,2.58
Premier,RSC004138,ghoosstyyyyyyy,Glacial Ice,Speed Demons,,41.7,950,55,0.543,0.545,30,25,19907,10810,9097,40,38,69,146,27.4%,347.2,188.6,158.7,0.7,0.66,1.2,2.55,361.9,196.5,165.4,0.73,0.69,1.25,2.65,131,117,2.29,2.04,2.38,2.13
Premier,RSC004580,Static,"Capybaras
Fairies","The Jungle
The Forest",,41.4,880,53,0.474,0.453,24,29,18974,10520,8454,37,33,79,122,30.3%,357.3,198.1,159.2,0.7,0.62,1.49,2.3,358.0,198.5,159.5,0.7,0.62,1.49,2.3,133,142,2.5,2.67,2.51,2.68
Premier,RSC005340,Mystikal,"Glacial Ice
Gummy Bears","Speed Demons
The Bear Den",,41.2,167,10,0.349,0.4,4,6,3258,1870,1388,5,10,13,22,22.7%,323.3,185.6,137.7,0.5,0.99,1.29,2.18,325.8,187.0,138.8,0.5,1.0,1.3,2.2,21,31,2.08,3.08,2.1,3.1
Premier,RSC007371,wsly.,Dapper Dolphins,The Reef,,39.3,357,20,0.492,0.45,9,11,7788,4220,3568,14,13,35,42,33.3%,361.5,195.9,165.6,0.65,0.6,1.62,1.95,389.4,211.0,178.4,0.7,0.65,1.75,2.1,48,49,2.23,2.27,2.4,2.45
Premier,RSC003433,EllectroZx,"Dapper Dolphins
Excavators","The Reef
Road Work Ahead",,38.8,859,52,0.455,0.481,25,27,18392,9900,8492,34,30,77,115,29.6%,354.8,191.0,163.8,0.66,0.58,1.49,2.22,353.7,190.4,163.3,0.65,0.58,1.48,2.21,115,129,2.22,2.49,2.21,2.48
Premier,RSC001977,T.,Gummy Bears,The Bear Den,,37.9,514,30,0.535,0.533,16,14,10448,6130,4318,23,19,41,83,27.7%,336.8,197.6,139.2,0.74,0.61,1.32,2.68,348.3,204.3,143.9,0.77,0.63,1.37,2.77,83,76,2.68,2.45,2.77,2.53
Premier,,phoenix,"Dapper Dolphins
Darkness","The Reef
The Shadows",,37.5,652,40,0.509,0.475,19,21,13962,7610,6352,25,19,64,96,26.0%,354.9,193.4,161.4,0.64,0.48,1.63,2.44,349.1,190.3,158.8,0.63,0.48,1.6,2.4,87,85,2.21,2.16,2.18,2.13
Premier,RSC007569,newo,Gummy Bears,The Bear Den,,36.5,571,34,0.518,0.471,16,18,11179,6390,4789,21,26,43,84,25.0%,324.4,185.4,139.0,0.61,0.75,1.25,2.44,328.8,187.9,140.9,0.62,0.76,1.26,2.47,88,84,2.55,2.44,2.59,2.47
Premier,,vidhawk rl,"Excavators
Glacial Ice","Road Work Ahead
Speed Demons",,36.5,338,20,0.379,0.45,9,11,6900,3680,3220,13,9,26,63,20.6%,338.3,180.4,157.9,0.64,0.44,1.27,3.09,345.0,184.0,161.0,0.65,0.45,1.3,3.15,40,55,1.96,2.7,2.0,2.75
Premier,,3565336c98822fdd,Feta Forgers,Cheese Guild,,35.7,864,52,0.562,0.577,30,22,18167,10130,8037,41,26,70,123,33.3%,348.4,194.3,154.1,0.79,0.5,1.34,2.36,349.4,194.8,154.6,0.79,0.5,1.35,2.37,146,125,2.8,2.4,2.81,2.4
Premier,RSC007536,knz ._.,Crooked Capos,The Syndicate,,35.1,499,32,0.526,0.563,18,14,9919,5500,4419,23,19,30,75,30.7%,329.4,182.7,146.8,0.76,0.63,1.0,2.49,310.0,171.9,138.1,0.72,0.59,0.94,2.34,80,75,2.66,2.49,2.5,2.34
Premier,RSC001114,ASHES.,Double Mint,Minty Fresh,,34.1,728,45,0.341,0.356,16,29,14875,7970,6905,24,26,66,97,24.7%,338.6,181.4,157.2,0.55,0.59,1.5,2.21,330.6,177.1,153.4,0.53,0.58,1.47,2.16,85,129,1.93,2.94,1.89,2.87
Premier,RSC005690,DQ.,Double Mint,Minty Fresh,,33.4,391,25,0.372,0.36,9,16,8021,4280,3741,15,14,32,48,31.3%,339.9,181.4,158.6,0.64,0.59,1.36,2.03,320.8,171.2,149.6,0.6,0.56,1.28,1.92,60,82,2.54,3.48,2.4,3.28
Premier,RSC000381,Noriko,Excavators,Road Work Ahead,,31.2,460,28,0.334,0.321,9,19,9284,4880,4404,13,12,45,73,17.8%,334.5,175.8,158.7,0.47,0.43,1.62,2.63,331.6,174.3,157.3,0.46,0.43,1.61,2.61,50,78,1.8,2.81,1.79,2.79
Premier,RSC006889,Jay,Fairies,The Forest,,28.4,515,31,0.378,0.29,9,22,10340,5610,4730,25,12,35,76,32.9%,332.7,180.5,152.2,0.8,0.39,1.13,2.45,333.5,181.0,152.6,0.81,0.39,1.13,2.45,69,94,2.22,3.02,2.23,3.03
Premier,RSC002059,Thermal,Interstellar,Event Horizon,,27.4,493,29,0.436,0.517,15,14,9378,4760,4618,15,15,35,76,19.7%,315.2,160.0,155.2,0.5,0.5,1.18,2.55,323.4,164.1,159.2,0.52,0.52,1.21,2.62,60,71,2.02,2.39,2.07,2.45
Premier,RSC000330,Infinite,Interstellar,Event Horizon,,25.5,678,44,0.363,0.386,17,27,13469,7100,6369,16,22,74,70,22.9%,329.2,173.5,155.7,0.39,0.54,1.81,1.71,306.1,161.4,144.8,0.36,0.5,1.68,1.59,78,112,1.91,2.74,1.77,2.55
Premier,RSC007328,Captain_CleanRL,"Crooked Capos
Gummy Bears","The Syndicate
The Bear Den",,24.5,255,16,0.623,0.625,10,6,4839,2600,2239,9,5,20,45,20.0%,314.5,169.0,145.5,0.58,0.32,1.3,2.92,302.4,162.5,139.9,0.56,0.31,1.25,2.81,30,21,1.95,1.36,1.88,1.31
Premier,RSC006948,MaxThatNinja,Crooked Capos,The Syndicate,,23.8,215,12,0.376,0.333,4,8,4035,2210,1825,6,5,20,36,16.7%,311.0,170.3,140.7,0.46,0.39,1.54,2.77,336.3,184.2,152.1,0.5,0.42,1.67,3.0,19,27,1.46,2.08,1.58,2.25
Premier,,Aspect oF Nope,Capybaras,The Jungle,,23.7,714,40,0.481,0.525,21,19,13197,7600,5597,29,23,51,100,29.0%,306.3,176.4,129.9,0.67,0.53,1.18,2.32,329.9,190.0,139.9,0.73,0.58,1.28,2.5,97,102,2.25,2.37,2.43,2.55
Premier,RSC007150,peach,Double Mint,Minty Fresh,,21.2,205,13,0.27,0.308,4,9,3658,1770,1888,5,6,13,32,15.6%,295.7,143.1,152.6,0.4,0.49,1.05,2.59,281.4,136.2,145.2,0.38,0.46,1.0,2.46,22,41,1.78,3.31,1.69,3.15
Premier,RSC004914,Hams,Dapper Dolphins,The Reef,,13.1,77,4,0.627,0.75,3,1,1271,770,501,4,2,3,12,33.3%,273.5,165.7,107.8,0.86,0.43,0.65,2.58,317.8,192.5,125.3,1.0,0.5,0.75,3.0,10,7,2.15,1.51,2.5,1.75
Premier,RSC000030,ADeadM0053,Glacial Ice,Speed Demons,,6.9,58,4,0.382,0.25,1,3,990,420,570,1,1,4,7,14.3%,282.9,120.0,162.9,0.29,0.29,1.14,2.0,247.5,105.0,142.5,0.25,0.25,1.0,1.75,5,7,1.43,2.0,1.25,1.75
Premier,RSC000030,ADeadM0053,Glacial Ice,Speed Demons,,6.9,58,4,0.382,0.25,1,3,990,420,570,1,1,4,7,14.3%,282.9,120.0,162.9,0.29,0.29,1.14,2.0,247.5,105.0,142.5,0.25,0.25,1.0,1.75,5,7,1.43,2.0,1.25,1.75
Premier,RSC005109,delta ^_^,Hurricanes,Storm,,4.3,60,4,0.454,0.5,2,2,840,380,460,2,1,0,13,15.4%,232.0,105.0,127.0,0.55,0.28,0.0,3.59,210.0,95.0,115.0,0.5,0.25,0.0,3.25,8,9,2.21,2.49,2.0,2.25
Premier,RSC004131,Poptart Pounder,Feta Forgers,Cheese Guild,,1.7,61,4,0.05,0.0,0,4,979,540,439,1,2,6,4,25.0%,266.0,146.7,119.3,0.27,0.54,1.63,1.09,244.8,135.0,109.8,0.25,0.5,1.5,1.0,3,18,0.81,4.89,0.75,4.5
Premier,RSC004131,Poptart Pounder,Feta Forgers,Cheese Guild,,1.7,61,4,0.05,0.0,0,4,979,540,439,1,2,6,4,25.0%,266.0,146.7,119.3,0.27,0.54,1.63,1.09,244.8,135.0,109.8,0.25,0.5,1.5,1.0,3,18,0.81,4.89,0.75,4.5
Premier,RSC007324,Aura,Glacial Ice,Speed Demons,,-46.9,19,1,0.0,0.0,0,1,132,30,102,0,0,0,3,0.0%,115.1,26.2,89.0,0.0,0.0,0.0,2.62,132.0,30.0,102.0,0.0,0.0,0.0,3.0,0,6,0.0,5.23,0.0,6.0
Master,RSC007596,Sean,Nightmare,The Shadows,,132.0,58,4,0.84,1.0,4,0,1992,1280,712,6,3,8,13,46.2%,552.8,355.2,197.6,1.67,0.83,2.22,3.61,498.0,320.0,178.0,1.5,0.75,2.0,3.25,14,5,3.89,1.39,3.5,1.25
Master,RSC007596,Sean,Nightmare,The Shadows,,132.0,58,4,0.84,1.0,4,0,1992,1280,712,6,3,8,13,46.2%,552.8,355.2,197.6,1.67,0.83,2.22,3.61,498.0,320.0,178.0,1.5,0.75,2.0,3.25,14,5,3.89,1.39,3.5,1.25
Master,RSC005499,R0cket,Tempests,Storm,,118.8,67,4,0.947,1.0,4,0,2111,1470,641,7,5,8,12,58.3%,507.1,353.1,154.0,1.68,1.2,1.92,2.88,527.8,367.5,160.3,1.75,1.25,2.0,3.0,22,4,5.29,0.96,5.5,1.0
Master,RSC007401,Dorca,Tempests,Storm,,93.2,1047,60,0.654,0.667,40,20,29034,17560,11474,77,43,106,241,32.0%,446.3,270.0,176.4,1.18,0.66,1.63,3.7,483.9,292.7,191.2,1.28,0.72,1.77,4.02,186,124,2.86,1.91,3.1,2.07
Master,RSC005899,DJDancingDuckGif,Fromunda Frauds,Cheese Guild,,89.8,122,8,0.853,1.0,8,0,3346,2110,1236,12,7,7,21,57.1%,441.4,278.4,163.1,1.58,0.92,0.92,2.77,418.3,263.8,154.5,1.5,0.88,0.88,2.63,32,11,4.22,1.45,4.0,1.38
Master,RSC007409,Averded,Lemurs,The Jungle,,87.3,897,54,0.612,0.63,34,20,24061,14320,9741,62,32,88,212,29.2%,431.8,257.0,174.8,1.11,0.57,1.58,3.8,445.6,265.2,180.4,1.15,0.59,1.63,3.93,150,112,2.69,2.01,2.78,2.07
Master,RSC006704,noah,"Spectres
Heinous Henchmen
Hard Hats","The Monster Mash
The Syndicate
Road Work Ahead",,73.7,175,12,0.378,0.417,5,7,4336,2310,2026,10,8,11,36,27.8%,398.8,212.5,186.3,0.92,0.74,1.01,3.31,361.3,192.5,168.8,0.83,0.67,0.92,3.0,21,29,1.93,2.67,1.75,2.42
Master,RSC006704,noah,"Spectres
Heinous Henchmen
Hard Hats","The Monster Mash
The Syndicate
Road Work Ahead",,73.7,175,12,0.378,0.417,5,7,4336,2310,2026,10,8,11,36,27.8%,398.8,212.5,186.3,0.92,0.74,1.01,3.31,361.3,192.5,168.8,0.83,0.67,0.92,3.0,21,29,1.93,2.67,1.75,2.42
Master,RSC005349,Rzemb1e,Heinous Henchmen,The Syndicate,,73.0,872,57,0.59,0.544,31,26,23334,13330,10004,49,44,98,133,36.8%,430.7,246.1,184.7,0.9,0.81,1.81,2.45,409.4,233.9,175.5,0.86,0.77,1.72,2.33,138,109,2.55,2.01,2.42,1.91
Master,RSC005183,Kagura.,Hard Hats,Road Work Ahead,,70.5,937,60,0.601,0.633,38,22,22607,13940,8667,65,36,73,199,32.7%,388.3,239.5,148.9,1.12,0.62,1.25,3.42,376.8,232.3,144.5,1.08,0.6,1.22,3.32,157,121,2.7,2.08,2.62,2.02
Master,RSC006762,Dragoinism,Glacier Mint,Minty Fresh,,70.1,797,52,0.431,0.462,24,28,20867,11620,9247,39,39,90,127,30.7%,421.4,234.7,186.7,0.79,0.79,1.82,2.56,401.3,223.5,177.8,0.75,0.75,1.73,2.44,109,130,2.2,2.63,2.1,2.5
Master,RSC002888,Kri0s,Basilisks,The Forest,,69.9,843,52,0.557,0.577,30,22,22340,12950,9390,51,27,100,150,34.0%,426.5,247.3,179.3,0.97,0.52,1.91,2.86,429.6,249.0,180.6,0.98,0.52,1.92,2.88,131,113,2.5,2.16,2.52,2.17
Master,RSC007565,AcX,Care Bears,The Bear Den,,66.0,897,58,0.512,0.466,27,31,23045,13100,9945,49,35,99,150,32.7%,413.5,235.1,178.5,0.88,0.63,1.78,2.69,397.3,225.9,171.5,0.84,0.6,1.71,2.59,137,133,2.46,2.39,2.36,2.29
Master,RSC004887,Laser,Hard Hats,Road Work Ahead,,65.9,752,48,0.624,0.646,31,17,18815,10760,8055,44,31,70,131,33.6%,402.7,230.3,172.4,0.94,0.66,1.5,2.8,392.0,224.2,167.8,0.92,0.65,1.46,2.73,135,98,2.89,2.1,2.81,2.04
Master,RSC002500,kalten,"Heinous Henchmen
Fromunda Frauds","The Syndicate
Cheese Guild",,65.6,772,52,0.621,0.577,30,22,18492,10580,7912,40,35,67,148,27.0%,385.5,220.6,165.0,0.83,0.73,1.4,3.09,355.6,203.5,152.2,0.77,0.67,1.29,2.85,128,93,2.67,1.94,2.46,1.79
Master,,FrenchyNF,Fromunda Frauds,Cheese Guild,,64.2,946,60,0.58,0.567,34,26,24144,13450,10694,50,37,101,155,32.3%,410.8,228.8,182.0,0.85,0.63,1.72,2.64,402.4,224.2,178.2,0.83,0.62,1.68,2.58,141,114,2.4,1.94,2.35,1.9
Master,RSC004982,Loyboy2,Spectres,The Monster Mash,,63.5,730,43,0.54,0.605,26,17,17863,10190,7673,41,30,66,129,31.8%,393.9,224.7,169.2,0.9,0.66,1.46,2.84,415.4,237.0,178.4,0.95,0.7,1.53,3.0,113,102,2.49,2.25,2.63,2.37
Master,RSC003008,GeneralZippy,Fromunda Frauds,Cheese Guild,,61.9,946,60,0.58,0.567,34,26,23123,12680,10443,48,27,93,188,25.5%,393.4,215.7,177.7,0.82,0.46,1.58,3.2,385.4,211.3,174.1,0.8,0.45,1.55,3.13,141,114,2.4,1.94,2.35,1.9
Master,RSC006534,FIN0oo,Helicoprions,Shark Attack,,61.0,718,45,0.581,0.578,26,19,17418,9540,7878,34,28,69,129,26.4%,390.5,213.9,176.6,0.76,0.63,1.55,2.89,387.1,212.0,175.1,0.76,0.62,1.53,2.87,110,89,2.47,2.0,2.44,1.98
Master,RSC007244,Joxtrot,Sperm Whales,Whale Defense,,60.2,976,60,0.497,0.567,34,26,22879,12830,10049,48,43,82,178,27.0%,377.3,211.6,165.7,0.79,0.71,1.35,2.94,381.3,213.8,167.5,0.8,0.72,1.37,2.97,142,143,2.34,2.36,2.37,2.38
Master,RSC007067,ThyChad_,Helicoprions,Shark Attack,,59.7,499,30,0.544,0.567,17,13,11494,6290,5204,23,20,40,99,23.2%,370.8,202.9,167.9,0.74,0.65,1.29,3.19,383.1,209.7,173.5,0.77,0.67,1.33,3.3,73,65,2.35,2.1,2.43,2.17
Master,RSC006952,nave,Basilisks,The Forest,,57.9,844,52,0.562,0.596,31,21,19605,11200,8405,54,30,55,155,34.8%,373.9,213.6,160.3,1.03,0.57,1.05,2.96,377.0,215.4,161.6,1.04,0.58,1.06,2.98,137,117,2.61,2.23,2.63,2.25
Master,RSC007605,Afterburner3375,Nightmare,The Shadows,,57.1,953,60,0.503,0.483,29,31,22709,12980,9729,51,38,88,158,32.3%,383.5,219.2,164.3,0.86,0.64,1.49,2.67,378.5,216.3,162.2,0.85,0.63,1.47,2.63,139,138,2.35,2.33,2.32,2.3
Master,RSC007061,Tech Ty.,Wigglebeans,The Quad Dynasty,,56.1,910,54,0.466,0.481,26,28,20783,12460,8323,59,28,68,176,33.5%,367.6,220.4,147.2,1.04,0.5,1.2,3.11,384.9,230.7,154.1,1.09,0.52,1.26,3.26,136,148,2.41,2.62,2.52,2.74
Master,RSC004717,slain.,Basilisks,The Forest,,55.9,816,51,0.559,0.588,30,21,18917,11060,7857,41,39,74,131,31.3%,373.1,218.2,155.0,0.81,0.77,1.46,2.58,370.9,216.9,154.1,0.8,0.76,1.45,2.57,138,119,2.72,2.35,2.71,2.33
Master,RSC003801,veil._,Basilisks,The Forest,,55.8,161,9,0.562,0.556,5,4,3929,2110,1819,5,9,19,21,23.8%,392.8,210.9,181.9,0.5,0.9,1.9,2.1,436.6,234.4,202.1,0.56,1.0,2.11,2.33,28,24,2.8,2.4,3.11,2.67
Master,RSC002944,PayloSoul,Heinous Henchmen,The Syndicate,,55.8,539,33,0.48,0.424,14,19,13507,7620,5887,29,14,63,87,33.3%,403.4,227.6,175.8,0.87,0.42,1.88,2.6,409.3,230.9,178.4,0.88,0.42,1.91,2.64,73,77,2.18,2.3,2.21,2.33
Master,RSC005524,RaunchyRomanian,Care Bears,The Bear Den,,54.3,875,57,0.509,0.474,27,30,20860,11960,8900,51,25,82,151,33.8%,383.7,220.0,163.7,0.94,0.46,1.51,2.78,366.0,209.8,156.1,0.89,0.44,1.44,2.65,134,131,2.46,2.41,2.35,2.3
Master,RSC000232,Unexpected,Lemurs,The Jungle,,54.2,735,44,0.615,0.614,27,17,16481,9540,6941,30,45,64,109,27.5%,360.9,208.9,152.0,0.66,0.99,1.4,2.39,374.6,216.8,157.8,0.68,1.02,1.45,2.48,123,91,2.69,1.99,2.8,2.07
Master,RSC007558,Frijole,Nightmare,The Shadows,,53.6,898,56,0.506,0.482,27,29,20701,11570,9131,45,38,74,147,30.6%,371.0,207.4,163.7,0.81,0.68,1.33,2.63,369.7,206.6,163.1,0.8,0.68,1.32,2.63,133,131,2.38,2.35,2.38,2.34
Master,,RobFromRSC,Brazen Barracuda,The Reef,,53.4,228,16,0.342,0.25,4,12,5500,3300,2200,15,7,22,35,42.9%,388.3,233.0,155.3,1.06,0.49,1.55,2.47,343.8,206.3,137.5,0.94,0.44,1.38,2.19,30,45,2.12,3.18,1.88,2.81
Master,,bex,"Tempests
Hard Hats","Storm
Road Work Ahead",,53.0,889,56,0.591,0.607,34,22,19384,10880,8504,43,45,56,153,28.1%,351.0,197.0,154.0,0.78,0.81,1.01,2.77,346.1,194.3,151.9,0.77,0.8,1.0,2.73,149,118,2.7,2.14,2.66,2.11
Master,RSC007172,Slow,Wigglebeans,The Quad Dynasty,,52.5,829,50,0.466,0.46,23,27,19338,10690,8648,34,34,85,134,25.4%,375.5,207.6,167.9,0.66,0.66,1.65,2.6,386.8,213.8,173.0,0.68,0.68,1.7,2.68,121,132,2.35,2.56,2.42,2.64
Master,RSC000657,Saucey,Sperm Whales,Whale Defense,,50.2,848,52,0.522,0.615,32,20,18427,9840,8587,31,40,65,149,20.8%,349.8,186.8,163.0,0.59,0.76,1.23,2.83,354.4,189.2,165.1,0.6,0.77,1.25,2.87,127,120,2.41,2.28,2.44,2.31
Master,RSC007330,Spooky,"Oblivion
Basilisks","Event Horizon
The Forest",,48.7,617,38,0.367,0.368,14,24,14410,7810,6600,29,13,63,111,26.1%,375.9,203.7,172.2,0.76,0.34,1.64,2.9,379.2,205.5,173.7,0.76,0.34,1.66,2.92,67,96,1.75,2.5,1.76,2.53
Master,RSC000241,Geherpaderp,Sperm Whales,Whale Defense,,48.7,959,59,0.506,0.576,34,25,20920,12060,8860,56,28,65,181,30.9%,351.1,202.4,148.7,0.94,0.47,1.09,3.04,354.6,204.4,150.2,0.95,0.47,1.1,3.07,141,139,2.37,2.33,2.39,2.36
Master,RSC007412,spuf.,Care Bears,The Bear Den,,47.6,410,25,0.494,0.44,11,14,9078,5040,4038,17,16,37,69,24.6%,356.4,197.9,158.5,0.67,0.63,1.45,2.71,363.1,201.6,161.5,0.68,0.64,1.48,2.76,61,62,2.39,2.43,2.44,2.48
Master,RSC007412,spuf.,Care Bears,The Bear Den,,47.6,410,25,0.494,0.44,11,14,9078,5040,4038,17,16,37,69,24.6%,356.4,197.9,158.5,0.67,0.63,1.45,2.71,363.1,201.6,161.5,0.68,0.64,1.48,2.76,61,62,2.39,2.43,2.44,2.48
Master,RSC001903,Plasma,"Nightmare
Stagnant Snails","The Shadows
Speed Demons",,46.7,941,60,0.409,0.35,21,39,22038,11780,10258,38,30,101,143,26.6%,377.0,201.5,175.5,0.65,0.51,1.73,2.45,367.3,196.3,171.0,0.63,0.5,1.68,2.38,119,151,2.04,2.58,1.98,2.52
Master,RSC003323,Boog McCroog,Tempests,Storm,,45.5,1047,60,0.654,0.667,40,20,21890,12780,9110,49,47,75,178,27.5%,336.5,196.5,140.1,0.75,0.72,1.15,2.74,364.8,213.0,151.8,0.82,0.78,1.25,2.97,186,124,2.86,1.91,3.1,2.07
Master,RSC005578,Rydexian,"Hard Hats
Tempests","Road Work Ahead
Storm",,45.1,932,55,0.641,0.673,37,18,19739,11220,8519,45,36,66,162,27.8%,340.9,193.8,147.1,0.78,0.62,1.14,2.8,358.9,204.0,154.9,0.82,0.65,1.2,2.95,161,111,2.78,1.92,2.93,2.02
Master,RSC005234,Hirsch,Spectres,The Monster Mash,,45.0,973,58,0.489,0.5,29,29,21346,12330,9016,45,36,89,158,28.5%,353.1,204.0,149.1,0.74,0.6,1.47,2.61,368.0,212.6,155.4,0.78,0.62,1.53,2.72,145,149,2.4,2.46,2.5,2.57
Master,RSC005100,Fluffy,"Stagnant Snails
Basilisks
Brazen Barracuda","Speed Demons
The Forest
The Reef",,44.8,608,40,0.376,0.35,14,26,13609,7330,6279,18,23,68,98,18.4%,360.3,194.1,166.2,0.48,0.61,1.8,2.59,340.2,183.3,157.0,0.45,0.58,1.7,2.45,76,105,2.01,2.78,1.9,2.63
Master,RSC001885,Loyboy3,Spectres,The Monster Mash,,44.8,858,52,0.5,0.519,27,25,19454,10880,8574,40,30,82,128,31.3%,365.0,204.1,160.8,0.75,0.56,1.54,2.4,374.1,209.2,164.9,0.77,0.58,1.58,2.46,124,124,2.33,2.33,2.38,2.38
Master,RSC004797,Tempest,Spectres,The Monster Mash,,44.4,309,19,0.412,0.421,8,11,6754,4080,2674,17,9,28,53,32.1%,351.8,212.5,139.3,0.89,0.47,1.46,2.76,355.5,214.7,140.7,0.89,0.47,1.47,2.79,44,55,2.29,2.86,2.32,2.89
Master,,kolm,Wigglebeans,The Quad Dynasty,,44.4,881,53,0.447,0.472,25,28,18461,10120,8341,37,37,61,152,24.3%,337.3,184.9,152.4,0.68,0.68,1.11,2.78,348.3,190.9,157.4,0.7,0.7,1.15,2.87,125,143,2.28,2.61,2.36,2.7
Master,RSC004630,Supe,Hard Hats,Road Work Ahead,,43.8,59,4,0.749,1.0,4,0,1248,590,658,2,3,3,9,22.2%,340.5,161.0,179.5,0.55,0.82,0.82,2.46,312.0,147.5,164.5,0.5,0.75,0.75,2.25,12,6,3.27,1.64,3.0,1.5
Master,RSC002455,B10ckyy,"Brazen Barracuda
Oblivion","The Reef
Event Horizon",,43.6,632,40,0.378,0.375,15,25,14066,7720,6346,29,22,55,97,29.9%,358.2,196.6,161.6,0.74,0.56,1.4,2.47,351.7,193.0,158.7,0.73,0.55,1.38,2.43,85,116,2.16,2.95,2.13,2.9
Master,RSC002476,Argnor,Helicoprions,Shark Attack,,43.2,796,49,0.553,0.531,26,23,17439,10480,6959,42,18,79,143,29.4%,352.6,211.9,140.7,0.85,0.36,1.6,2.89,355.9,213.9,142.0,0.86,0.37,1.61,2.92,114,99,2.31,2.0,2.33,2.02
Master,RSC006087,DoorTK,Lemurs,The Jungle,,42.8,400,27,0.554,0.593,16,11,9154,4950,4204,16,17,40,50,32.0%,368.4,199.2,169.2,0.64,0.68,1.61,2.01,339.0,183.3,155.7,0.59,0.63,1.48,1.85,61,53,2.45,2.13,2.26,1.96
Master,RSC000787,buckle,Nightmare,The Shadows,,41.1,343,22,0.466,0.455,10,12,8092,4700,3392,13,10,49,45,28.9%,379.7,220.6,159.2,0.61,0.47,2.3,2.11,367.8,213.6,154.2,0.59,0.45,2.23,2.05,43,47,2.02,2.21,1.95,2.14
Master,RSC000799,Foam,Oblivion,Event Horizon,,40.9,142,8,0.306,0.25,2,6,2918,1470,1448,5,2,11,32,15.6%,330.8,166.6,164.1,0.57,0.23,1.25,3.63,364.8,183.8,181.0,0.63,0.25,1.38,4.0,12,21,1.36,2.38,1.5,2.63
Master,RSC007046,Juhstohh,Care Bears,The Bear Den,,40.4,128,8,0.386,0.375,3,5,2641,1370,1271,3,8,10,17,17.6%,332.1,172.3,159.8,0.38,1.01,1.26,2.14,330.1,171.3,158.9,0.38,1.0,1.25,2.13,18,24,2.26,3.02,2.25,3.0
Master,RSC000329,Melted,Glacier Mint,Minty Fresh,,40.0,604,40,0.403,0.4,16,24,12746,6610,6136,24,18,45,106,22.6%,339.7,176.1,163.5,0.64,0.48,1.2,2.82,318.7,165.3,153.4,0.6,0.45,1.13,2.65,76,98,2.03,2.61,1.9,2.45
Master,RSC006994,colebean,Helicoprions,Shark Attack,,39.7,903,56,0.586,0.589,33,23,19888,11320,8568,46,25,82,137,33.6%,354.5,201.8,152.7,0.82,0.45,1.46,2.44,355.1,202.1,153.0,0.82,0.45,1.46,2.45,138,110,2.46,1.96,2.46,1.96
Master,RSC004730,SgtPickle,Lemurs,The Jungle,,39.5,911,55,0.58,0.564,31,24,19276,11410,7866,51,28,69,146,34.9%,340.6,201.6,139.0,0.9,0.49,1.22,2.58,350.5,207.5,143.0,0.93,0.51,1.25,2.65,143,116,2.53,2.05,2.6,2.11
Master,,Marcus.,Care Bears,The Bear Den,,38.6,471,32,0.517,0.5,16,16,9819,5580,4239,21,18,37,73,28.8%,335.6,190.7,144.9,0.72,0.62,1.26,2.49,306.8,174.4,132.5,0.66,0.56,1.16,2.28,73,70,2.49,2.39,2.28,2.19
Master,RSC007414,EliTW22Playz,Brazen Barracuda,The Reef,,38.3,696,44,0.317,0.295,13,31,15808,8360,7448,30,21,68,91,33.0%,365.6,193.3,172.2,0.69,0.49,1.57,2.1,359.3,190.0,169.3,0.68,0.48,1.55,2.07,89,143,2.06,3.31,2.02,3.25
Master,RSC006904,lettuce,Stagnant Snails,Speed Demons,,37.9,523,32,0.403,0.406,13,19,10986,6380,4606,29,18,36,78,37.2%,338.1,196.4,141.8,0.89,0.55,1.11,2.4,343.3,199.4,143.9,0.91,0.56,1.13,2.44,66,85,2.03,2.62,2.06,2.66
Master,RSC003412,Python,Stagnant Snails,Speed Demons,,37.7,928,58,0.378,0.345,20,38,20431,11230,9201,41,25,90,138,29.7%,354.4,194.8,159.6,0.71,0.43,1.56,2.39,352.3,193.6,158.6,0.71,0.43,1.55,2.38,107,148,1.86,2.57,1.84,2.55
Master,,monster,Glacier Mint,Minty Fresh,,36.8,72,4,0.463,0.5,2,2,1608,1000,608,6,1,5,10,60.0%,359.5,223.6,135.9,1.34,0.22,1.12,2.24,402.0,250.0,152.0,1.5,0.25,1.25,2.5,10,11,2.24,2.46,2.5,2.75
Master,RSC000009,Timbo,Glacier Mint,Minty Fresh,,33.6,349,24,0.342,0.292,7,17,7758,3740,4018,13,10,30,44,29.5%,357.8,172.5,185.3,0.6,0.46,1.38,2.03,323.3,155.8,167.4,0.54,0.42,1.25,1.83,40,61,1.84,2.81,1.67,2.54
Master,RSC000021,TyTy,Glacier Mint,Minty Fresh,,31.4,640,40,0.414,0.5,20,20,12832,7000,5832,30,16,43,105,28.6%,322.7,176.0,146.7,0.75,0.4,1.08,2.64,320.8,175.0,145.8,0.75,0.4,1.08,2.63,85,106,2.14,2.67,2.13,2.65
Master,RSC003721,Kyurmex.,Brazen Barracuda,The Reef,,30.5,453,28,0.254,0.25,7,21,9071,4800,4271,13,18,39,65,20.0%,322.3,170.6,151.8,0.46,0.64,1.39,2.31,324.0,171.4,152.5,0.46,0.64,1.39,2.32,52,101,1.85,3.59,1.86,3.61
Master,,Sholonk,Heinous Henchmen,The Syndicate,,30.5,854,55,0.573,0.509,28,27,17255,9620,7635,31,33,74,117,26.5%,325.2,181.3,143.9,0.58,0.62,1.39,2.21,313.7,174.9,138.8,0.56,0.6,1.35,2.13,133,110,2.51,2.07,2.42,2.0
Master,,Doodle!,Oblivion,Event Horizon,,30.4,77,4,0.343,0.25,1,3,1492,890,602,4,4,4,9,44.4%,311.9,186.0,125.8,0.84,0.84,0.84,1.88,373.0,222.5,150.5,1.0,1.0,1.0,2.25,10,15,2.09,3.14,2.5,3.75
Master,RSC000697,Dolphino,Brazen Barracuda,The Reef,,30.3,596,36,0.354,0.333,12,24,12186,7200,4986,31,14,50,90,34.4%,329.1,194.4,134.7,0.84,0.38,1.35,2.43,338.5,200.0,138.5,0.86,0.39,1.39,2.5,76,111,2.05,3.0,2.11,3.08
Master,RSC007354,Fanatic,Oblivion,Event Horizon,,27.4,625,37,0.357,0.297,11,26,12422,7320,5102,24,16,63,97,24.7%,319.9,188.5,131.4,0.62,0.41,1.62,2.5,335.7,197.8,137.9,0.65,0.43,1.7,2.62,71,104,1.83,2.68,1.92,2.81
Master,RSC005220,Swax,"Fromunda Frauds
Heinous Henchmen","Cheese Guild
The Syndicate",,26.4,507,31,0.457,0.484,15,16,10788,5900,4888,21,13,51,60,35.0%,342.5,187.3,155.2,0.67,0.41,1.62,1.9,348.0,190.3,157.7,0.68,0.42,1.65,1.94,57,64,1.81,2.03,1.84,2.06
Master,RSC004698,Slvr.,Oblivion,Event Horizon,,26.0,994,60,0.338,0.3,18,42,19966,10410,9556,30,29,91,141,21.3%,323.3,168.6,154.7,0.49,0.47,1.47,2.28,332.8,173.5,159.3,0.5,0.48,1.52,2.35,110,170,1.78,2.75,1.83,2.83
Master,RSC000408,Xero,Stagnant Snails,Speed Demons,,25.5,373,24,0.355,0.292,7,17,7845,4170,3675,9,8,47,52,17.3%,338.5,179.9,158.6,0.39,0.35,2.03,2.24,326.9,173.8,153.1,0.38,0.33,1.96,2.17,39,58,1.68,2.5,1.63,2.42
Master,RSC001292,flamethrowr,"Oblivion
Glacier Mint
Nightmare","Event Horizon
Minty Fresh
The Shadows",,21.9,376,23,0.29,0.261,6,17,6681,4030,2651,13,14,29,58,22.4%,286.0,172.5,113.5,0.56,0.6,1.24,2.48,290.5,175.2,115.3,0.57,0.61,1.26,2.52,44,77,1.88,3.3,1.91,3.35
Master,RSC004131,Poptart Pounder,Glacier Mint,Minty Fresh,,15.8,64,4,0.321,0.25,1,3,1166,530,636,1,0,6,13,7.7%,293.2,133.3,160.0,0.25,0.0,1.51,3.27,291.5,132.5,159.0,0.25,0.0,1.5,3.25,4,7,1.01,1.76,1.0,1.75
Master,RSC004131,Poptart Pounder,Glacier Mint,Minty Fresh,,15.8,64,4,0.321,0.25,1,3,1166,530,636,1,0,6,13,7.7%,293.2,133.3,160.0,0.25,0.0,1.51,3.27,291.5,132.5,159.0,0.25,0.0,1.5,3.25,4,7,1.01,1.76,1.0,1.75
Master,RSC005320,MaggieZerua,Hard Hats,Road Work Ahead,,15.1,71,4,0.453,0.5,2,2,1245,640,605,3,0,4,14,21.4%,282.2,145.1,137.2,0.68,0.0,0.91,3.17,311.3,160.0,151.3,0.75,0.0,1.0,3.5,7,8,1.59,1.81,1.75,2.0
Master,RSC003125,GrandPlat,Glacier Mint,Minty Fresh,,14.8,125,8,0.292,0.375,3,5,2393,1100,1293,1,4,13,15,6.7%,308.1,141.6,166.5,0.13,0.52,1.67,1.93,299.1,137.5,161.6,0.13,0.5,1.63,1.88,13,23,1.67,2.96,1.63,2.88
Master,RSC007641,kaden,"Wigglebeans
Oblivion","The Quad Dynasty
Event Horizon",,14.7,298,20,0.324,0.3,6,14,5953,2670,3283,6,5,29,37,16.2%,321.5,144.2,177.3,0.32,0.27,1.57,2.0,297.7,133.5,164.2,0.3,0.25,1.45,1.85,33,53,1.78,2.86,1.65,2.65
Master,RSC000030,ADeadM0053,Stagnant Snails,Speed Demons,,13.2,301,18,0.465,0.444,8,10,5779,3060,2719,7,7,33,36,19.4%,309.0,163.6,145.4,0.37,0.37,1.76,1.93,321.1,170.0,151.1,0.39,0.39,1.83,2.0,42,46,2.25,2.46,2.33,2.56
Master,RSC000030,ADeadM0053,Stagnant Snails,Speed Demons,,13.2,301,18,0.465,0.444,8,10,5779,3060,2719,7,7,33,36,19.4%,309.0,163.6,145.4,0.37,0.37,1.76,1.93,321.1,170.0,151.1,0.39,0.39,1.83,2.0,42,46,2.25,2.46,2.33,2.56
Master,RSC006193,Saucy Rexy,Wigglebeans,The Quad Dynasty,,11.0,306,19,0.342,0.316,6,13,5398,2880,2518,10,9,21,38,26.3%,283.9,151.5,132.4,0.53,0.47,1.1,2.0,284.1,151.6,132.5,0.53,0.47,1.11,2.0,37,56,1.95,2.95,1.95,2.95
Master,RSC007714,MarkyAli,Brazen Barracuda,The Reef,,9.1,64,4,0.393,0.5,2,2,1029,500,529,1,2,4,10,10.0%,258.8,125.7,133.0,0.25,0.5,1.01,2.51,257.3,125.0,132.3,0.25,0.5,1.0,2.5,10,13,2.51,3.27,2.5,3.25
Master,RSC001055,Scotti,Basilisks,The Forest,,8.6,127,8,0.541,0.5,4,4,1920,910,1010,2,7,4,16,12.5%,243.3,115.3,128.0,0.25,0.89,0.51,2.03,240.0,113.8,126.3,0.25,0.88,0.5,2.0,20,18,2.53,2.28,2.5,2.25
Master,RSC001055,Scotti,Basilisks,The Forest,,8.6,127,8,0.541,0.5,4,4,1920,910,1010,2,7,4,16,12.5%,243.3,115.3,128.0,0.25,0.89,0.51,2.03,240.0,113.8,126.3,0.25,0.88,0.5,2.0,20,18,2.53,2.28,2.5,2.25
Master,,ResetTillBurger,Sperm Whales,Whale Defense,,8.6,145,9,0.306,0.222,2,7,2816,1560,1256,7,1,13,16,43.8%,312.6,173.2,139.4,0.78,0.11,1.44,1.78,312.9,173.3,139.6,0.78,0.11,1.44,1.78,16,27,1.78,3.0,1.78,3.0
Master,RSC007389,austin,Oblivion,Event Horizon,,7.3,67,4,0.209,0.25,1,3,1069,590,479,3,2,2,9,33.3%,256.8,141.7,115.1,0.72,0.48,0.48,2.16,267.3,147.5,119.8,0.75,0.5,0.5,2.25,6,14,1.44,3.36,1.5,3.5
Master,RSC000278,Tinsel,Glacier Mint,Minty Fresh,,3.9,67,4,0.751,1.0,4,0,1147,620,527,2,2,5,7,28.6%,275.6,148.9,126.6,0.48,0.48,1.2,1.68,286.8,155.0,131.8,0.5,0.5,1.25,1.75,14,7,3.36,1.68,3.5,1.75
Master,RSC000278,Tinsel,Glacier Mint,Minty Fresh,,3.9,67,4,0.751,1.0,4,0,1147,620,527,2,2,5,7,28.6%,275.6,148.9,126.6,0.48,0.48,1.2,1.68,286.8,155.0,131.8,0.5,0.5,1.25,1.75,14,7,3.36,1.68,3.5,1.75
Master,,The CZD,Tempests,Storm,,-0.8,96,5,0.468,0.6,3,2,1563,850,713,5,2,3,10,50.0%,262.1,142.5,119.5,0.84,0.34,0.5,1.68,312.6,170.0,142.6,1.0,0.4,0.6,2.0,11,12,1.84,2.01,2.2,2.4
Master,RSC002034,GoldenLuigii,Spectres,The Monster Mash,,-33.4,62,4,0.272,0.0,0,4,807,350,457,2,0,2,5,40.0%,209.5,90.9,118.6,0.52,0.0,0.52,1.3,201.8,87.5,114.3,0.5,0.0,0.5,1.25,9,16,2.34,4.15,2.25,4.0
Elite,RSC003784,RollsRoyceOwner,Geeky Ghouls,Ghoul School,Solar,126.7,39,3,0.547,0.333,1,2,1217,720,497,3,5,2,7,42.9%,495.3,293.0,202.3,1.22,2.03,0.81,2.85,405.7,240.0,165.7,1.0,1.67,0.67,2.33,10,9,4.07,3.66,3.33,3.0
Elite,,LMNS,"French Vanilla
Wigglechairs
Orcas
Praetorian Guard","Creme De Bonte
The Quad Dynasty
Whale Defense
The Sovereign",Solar,106.9,659,41,0.765,0.805,33,8,19768,12070,7698,56,46,54,147,38.1%,476.1,290.7,185.4,1.35,1.11,1.3,3.54,482.1,294.4,187.8,1.37,1.12,1.32,3.59,146,70,3.52,1.69,3.56,1.71
Elite,,gob,Pixel Picassos,Art Club,Solar,98.9,61,4,0.704,0.75,3,1,1664,1090,574,5,5,4,14,35.7%,433.0,283.6,149.3,1.3,1.3,1.04,3.64,416.0,272.5,143.5,1.25,1.25,1.0,3.5,15,9,3.9,2.34,3.75,2.25
Elite,RSC005653,xim,Thrashers,The Pit,Lunar,92.6,537,36,0.712,0.75,27,9,15489,8830,6659,40,25,48,118,33.9%,457.8,261.0,196.8,1.18,0.74,1.42,3.49,430.3,245.3,185.0,1.11,0.69,1.33,3.28,105,59,3.1,1.74,2.92,1.64
Elite,RSC005971,Bahula,Desolation,Event Horizon,Solar,81.1,956,60,0.739,0.817,49,11,25642,14570,11072,63,39,84,212,29.7%,425.7,241.9,183.8,1.05,0.65,1.39,3.52,427.4,242.8,184.5,1.05,0.65,1.4,3.53,184,94,3.05,1.56,3.07,1.57
Elite,RSC004214,Miserable,Majesties,Monarchy,Lunar,80.7,700,43,0.607,0.651,28,15,20066,12000,8066,52,25,85,130,40.0%,455.0,272.1,182.9,1.18,0.57,1.93,2.95,466.7,279.1,187.6,1.21,0.58,1.98,3.02,119,90,2.7,2.04,2.77,2.09
Elite,,.krs,Great Whites,Shark Attack,Solar,79.4,931,60,0.754,0.867,52,8,25251,15710,9541,73,40,90,191,38.2%,430.5,267.8,162.7,1.24,0.68,1.53,3.26,420.9,261.8,159.0,1.22,0.67,1.5,3.18,193,95,3.29,1.62,3.22,1.58
Elite,RSC000203,FrostyBrew,Demons,The Monster Mash,Lunar,79.2,111,8,0.474,0.5,4,4,3085,1680,1405,4,6,16,18,22.2%,441.1,240.2,200.9,0.57,0.86,2.29,2.57,385.6,210.0,175.6,0.5,0.75,2.0,2.25,14,15,2.0,2.14,1.75,1.88
Elite,,C-Loupe,Obstinate Octopi,The Reef,Solar,79.0,253,17,0.563,0.471,8,9,6911,4190,2721,16,9,32,54,29.6%,433.5,262.9,170.7,1.0,0.56,2.01,3.39,406.5,246.5,160.1,0.94,0.53,1.88,3.18,40,34,2.51,2.13,2.35,2.0
Elite,RSC006405,Lil Panda,Great Whites,Shark Attack,Solar,78.0,931,60,0.754,0.867,52,8,25437,15600,9837,75,44,84,170,44.1%,433.6,265.9,167.7,1.28,0.75,1.43,2.9,424.0,260.0,164.0,1.25,0.73,1.4,2.83,193,95,3.29,1.62,3.22,1.58
Elite,RSC007412,spuf.,Teddy Bears,The Bear Den,Lunar,75.4,245,15,0.578,0.6,9,6,6668,3930,2738,17,11,25,43,39.5%,432.0,254.6,177.4,1.1,0.71,1.62,2.79,444.5,262.0,182.5,1.13,0.73,1.67,2.87,45,37,2.92,2.4,3.0,2.47
Elite,RSC007412,spuf.,Teddy Bears,The Bear Den,Lunar,75.4,245,15,0.578,0.6,9,6,6668,3930,2738,17,11,25,43,39.5%,432.0,254.6,177.4,1.1,0.71,1.62,2.79,444.5,262.0,182.5,1.13,0.73,1.67,2.87,45,37,2.92,2.4,3.0,2.47
Elite,RSC001056,mysandislost,Praetorian Guard,The Sovereign,Lunar,74.9,365,22,0.577,0.545,12,10,9482,5400,4082,20,11,40,85,23.5%,412.3,234.8,177.5,0.87,0.48,1.74,3.7,431.0,245.5,185.5,0.91,0.5,1.82,3.86,54,44,2.35,1.91,2.45,2.0
Elite,,Aroomba.,"Stoked Blokes
Orcas","Vibe Tribe
Whale Defense",Lunar,74.3,83,6,0.588,0.5,3,3,1997,1110,887,4,6,5,16,25.0%,381.9,212.3,169.6,0.76,1.15,0.96,3.06,332.8,185.0,147.8,0.67,1.0,0.83,2.67,15,12,2.87,2.29,2.5,2.0
Elite,RSC005469,Axlos (Goofy and Silly),"Majesties
Cotija Cartel","Monarchy
Cheese Guild",Lunar,73.7,136,8,0.704,0.875,7,1,3276,2120,1156,11,7,7,32,34.4%,382.3,247.4,134.9,1.28,0.82,0.82,3.73,409.5,265.0,144.5,1.38,0.88,0.88,4.0,29,17,3.38,1.98,3.63,2.13
Elite,RSC005522,Diviniation,Sloths,The Jungle,Solar,71.9,16,1,0.377,0.0,0,1,310,130,180,0,2,0,3,0.0%,307.5,129.0,178.6,0.0,1.98,0.0,2.98,310.0,130.0,180.0,0.0,2.0,0.0,3.0,3,4,2.98,3.97,3.0,4.0
Elite,RSC000714,duffy,Thrashers,The Pit,Lunar,70.2,918,60,0.639,0.683,41,19,22026,12800,9226,55,46,60,200,27.5%,380.8,221.3,159.5,0.95,0.8,1.04,3.46,367.1,213.3,153.8,0.92,0.77,1.0,3.33,169,118,2.92,2.04,2.82,1.97
Elite,RSC007780,TG1,Stoked Blokes,Vibe Tribe,Lunar,66.8,132,7,0.588,0.571,4,3,3214,1960,1254,7,4,15,31,22.6%,386.4,235.7,150.8,0.84,0.48,1.8,3.73,459.1,280.0,179.1,1.0,0.57,2.14,4.43,19,15,2.28,1.8,2.71,2.14
Elite,,Rapidz (Goofy and Silly),Desolation,Event Horizon,Solar,66.7,956,60,0.739,0.817,49,11,23356,13440,9916,54,51,75,174,31.0%,387.8,223.1,164.6,0.9,0.85,1.25,2.89,389.3,224.0,165.3,0.9,0.85,1.25,2.9,184,94,3.05,1.56,3.07,1.57
Elite,,A Yapping Panda,Pylons,Road Work Ahead,Lunar,66.4,783,50,0.529,0.54,27,23,19933,11310,8623,52,31,63,141,36.9%,404.0,229.3,174.8,1.05,0.63,1.28,2.86,398.7,226.2,172.5,1.04,0.62,1.26,2.82,126,117,2.55,2.37,2.52,2.34
Elite,RSC005292,Detta,Despair,The Shadows,Lunar,66.3,813,50,0.603,0.6,30,20,20860,12410,8450,52,29,85,151,34.4%,407.2,242.3,165.0,1.02,0.57,1.66,2.95,417.2,248.2,169.0,1.04,0.58,1.7,3.02,130,99,2.54,1.93,2.6,1.98
Elite,RSC005274,KING.,"Cotija Cartel
Stoked Blokes","Cheese Guild
Vibe Tribe",Lunar,66.2,796,51,0.555,0.529,27,24,19747,11910,7837,55,35,63,151,36.4%,393.7,237.5,156.3,1.1,0.7,1.26,3.01,387.2,233.5,153.7,1.08,0.69,1.24,2.96,139,121,2.77,2.41,2.73,2.37
Elite,,Viiper,Geeky Ghouls,Ghoul School,Solar,65.9,882,56,0.525,0.482,27,29,21646,11680,9966,45,39,71,168,26.8%,389.5,210.2,179.3,0.81,0.7,1.28,3.02,386.5,208.6,178.0,0.8,0.7,1.27,3.0,145,136,2.61,2.45,2.59,2.43
Elite,RSC005030,Joe,French Vanilla,Creme De Bonte,Solar,65.0,979,60,0.645,0.65,39,21,24374,14840,9534,61,43,96,179,34.1%,395.2,240.6,154.6,0.99,0.7,1.56,2.9,406.2,247.3,158.9,1.02,0.72,1.6,2.98,177,121,2.87,1.96,2.95,2.02
Elite,,Colinn,Desolation,Event Horizon,Solar,64.1,956,60,0.739,0.817,49,11,23157,14250,8907,67,40,73,190,35.3%,384.5,236.6,147.9,1.11,0.66,1.21,3.15,386.0,237.5,148.5,1.12,0.67,1.22,3.17,184,94,3.05,1.56,3.07,1.57
Elite,RSC005305,Vuurve,"Stoked Blokes
Teddy Bears
Producers
Obstinate Octopi
Majesties
Ghastly Goombahs","Vibe Tribe
The Bear Den
Production Control Room
The Reef
Monarchy
The Syndicate",Lunar,63.4,461,27,0.472,0.556,15,12,10896,6240,4656,20,23,44,89,22.5%,375.1,214.8,160.3,0.69,0.79,1.51,3.06,403.6,231.1,172.4,0.74,0.85,1.63,3.3,69,74,2.38,2.55,2.56,2.74
Elite,RSC003110,Rev,Italian Ice,Fifty-Fifty Pizzeria,Lunar,63.3,988,59,0.539,0.559,33,26,23845,13700,10145,55,45,82,185,29.7%,383.1,220.1,163.0,0.88,0.72,1.32,2.97,404.2,232.2,171.9,0.93,0.76,1.39,3.14,156,141,2.51,2.27,2.64,2.39
Elite,RSC005024,SSpekky,Wyverns,The Forest,Solar,62.9,912,57,0.529,0.526,30,27,22948,13070,9878,51,28,97,172,29.7%,399.4,227.5,171.9,0.89,0.49,1.69,2.99,402.6,229.3,173.3,0.89,0.49,1.7,3.02,137,127,2.38,2.21,2.4,2.23
Elite,RSC003360,flossy,Electrons,The Quantum State,Solar,62.9,954,60,0.572,0.567,34,26,23180,13570,9610,49,47,93,167,29.3%,385.6,225.8,159.9,0.82,0.78,1.55,2.78,386.3,226.2,160.2,0.82,0.78,1.55,2.78,170,142,2.83,2.36,2.83,2.37
Elite,,mojomo (Goofy and Silly),Italian Ice,Fifty-Fifty Pizzeria,Lunar,62.7,918,54,0.537,0.556,30,24,21728,13120,8608,51,37,85,192,26.6%,375.7,226.8,148.8,0.88,0.64,1.47,3.32,402.4,243.0,159.4,0.94,0.69,1.57,3.56,143,130,2.47,2.25,2.65,2.41
Elite,RSC005385,Girth,Wigglechairs,The Quad Dynasty,Lunar,62.5,860,51,0.546,0.51,26,25,21329,12510,8819,52,33,82,156,33.3%,393.6,230.9,162.8,0.96,0.61,1.51,2.88,418.2,245.3,172.9,1.02,0.65,1.61,3.06,134,119,2.47,2.2,2.63,2.33
Elite,RSC006409,Reported.,Great Whites,Shark Attack,Solar,62.5,931,60,0.754,0.867,52,8,21942,12860,9082,45,57,79,156,28.8%,374.1,219.2,154.8,0.77,0.97,1.35,2.66,365.7,214.3,151.4,0.75,0.95,1.32,2.6,193,95,3.29,1.62,3.22,1.58
Elite,RSC005298,Kaisaroh,Electrons,The Quantum State,Solar,62.3,954,60,0.572,0.567,34,26,22629,13470,9159,67,49,52,172,39.0%,376.5,224.1,152.4,1.11,0.82,0.87,2.86,377.2,224.5,152.7,1.12,0.82,0.87,2.87,170,142,2.83,2.36,2.83,2.37
Elite,,✪ Reprise,Geeky Ghouls,Ghoul School,Solar,62.0,601,37,0.549,0.514,19,18,14872,8860,6012,42,24,48,106,39.6%,392.7,234.0,158.8,1.11,0.63,1.27,2.8,401.9,239.5,162.5,1.14,0.65,1.3,2.86,103,91,2.72,2.4,2.78,2.46
Elite,RSC006590,linke._.,Obstinate Octopi,The Reef,Solar,61.5,512,36,0.35,0.306,11,25,13039,7250,5789,26,15,60,90,28.9%,404.2,224.7,179.5,0.81,0.46,1.86,2.79,362.2,201.4,160.8,0.72,0.42,1.67,2.5,62,92,1.92,2.85,1.72,2.56
Elite,RSC007470,Fused Gavin,Wyverns,The Forest,Solar,61.3,852,54,0.522,0.519,28,26,21223,12080,9143,42,37,93,138,30.4%,395.4,225.0,170.3,0.78,0.69,1.73,2.57,393.0,223.7,169.3,0.78,0.69,1.72,2.56,127,120,2.37,2.24,2.35,2.22
Elite,,wicked,Despair,The Shadows,Lunar,59.8,836,50,0.623,0.64,32,18,20478,12100,8378,54,25,77,160,33.8%,388.8,229.7,159.1,1.03,0.47,1.46,3.04,409.6,242.0,167.6,1.08,0.5,1.54,3.2,132,95,2.51,1.8,2.64,1.9
Elite,RSC000623,wall2wall3,Cyclones,Storm,Solar,59.5,909,56,0.569,0.554,31,25,20949,12270,8679,53,34,67,192,27.6%,365.8,214.2,151.5,0.93,0.59,1.17,3.35,374.1,219.1,155.0,0.95,0.61,1.2,3.43,140,117,2.44,2.04,2.5,2.09
Elite,RSC000867,Ritter,Pylons,Road Work Ahead,Lunar,59.4,810,51,0.54,0.549,28,23,19680,11510,8170,47,35,74,136,34.6%,385.6,225.5,160.1,0.92,0.69,1.45,2.66,385.9,225.7,160.2,0.92,0.69,1.45,2.67,137,124,2.68,2.43,2.69,2.43
Elite,RSC007142,VolticVibes,Demons,The Monster Mash,Lunar,59.0,810,53,0.472,0.434,23,30,20477,11300,9177,44,21,89,140,31.4%,401.2,221.4,179.8,0.86,0.41,1.74,2.74,386.4,213.2,173.2,0.83,0.4,1.68,2.64,106,114,2.08,2.23,2.0,2.15
Elite,RSC006783,ImSouperGreat,Praetorian Guard,The Sovereign,Lunar,58.9,621,41,0.65,0.585,24,17,14403,8510,5893,33,29,52,116,28.4%,368.1,217.5,150.6,0.84,0.74,1.33,2.96,351.3,207.6,143.7,0.8,0.71,1.27,2.83,102,68,2.61,1.74,2.49,1.66
Elite,,Precision (Change),Cotija Cartel,Cheese Guild,Lunar,58.7,655,43,0.447,0.465,20,23,15437,8410,7027,34,24,51,126,27.0%,374.1,203.8,170.3,0.82,0.58,1.24,3.05,359.0,195.6,163.4,0.79,0.56,1.19,2.93,99,113,2.4,2.74,2.3,2.63
Elite,RSC006723,ROCK_Sause,"Pixel Picassos
French Vanilla
Demons","Art Club
Creme De Bonte
The Monster Mash",Solar,58.1,255,16,0.577,0.5,8,8,6523,3810,2713,14,7,33,41,34.1%,406.0,237.1,168.9,0.87,0.44,2.05,2.55,407.7,238.1,169.6,0.88,0.44,2.06,2.56,38,31,2.37,1.93,2.38,1.94
Elite,RSC006446,ACE_Cosplays.TTV,Pylons,Road Work Ahead,Lunar,58.1,386,23,0.493,0.478,11,12,9341,5170,4171,16,17,42,62,25.8%,384.1,212.6,171.5,0.66,0.7,1.73,2.55,406.1,224.8,181.3,0.7,0.74,1.83,2.7,57,58,2.34,2.38,2.48,2.52
Elite,RSC007295,TheLegendaryChance,Praetorian Guard,The Sovereign,Lunar,58.0,755,50,0.625,0.64,32,18,18415,10490,7925,48,22,64,139,34.5%,387.1,220.5,166.6,1.01,0.46,1.35,2.92,368.3,209.8,158.5,0.96,0.44,1.28,2.78,124,89,2.61,1.87,2.48,1.78
Elite,RSC007642,Luminati7,Cotija Cartel,Cheese Guild,Lunar,57.3,388,25,0.507,0.52,13,12,9213,5400,3813,21,15,37,70,30.0%,376.9,220.9,156.0,0.86,0.61,1.51,2.86,368.5,216.0,152.5,0.84,0.6,1.48,2.8,61,60,2.5,2.45,2.44,2.4
Elite,RSC006468,AlphaChuck,Teddy Bears,The Bear Den,Lunar,57.2,825,48,0.497,0.542,26,22,19614,12370,7244,53,31,80,152,34.9%,377.3,238.0,139.4,1.02,0.6,1.54,2.92,408.6,257.7,150.9,1.1,0.65,1.67,3.17,135,136,2.6,2.62,2.81,2.83
Elite,RSC002161,TheAngryTryhard,"Cotija Cartel
Menthol","Cheese Guild
Minty Fresh",Solar,55.9,529,33,0.366,0.424,14,19,12609,7850,4759,28,24,60,85,32.9%,378.3,235.5,142.8,0.84,0.72,1.8,2.55,382.1,237.9,144.2,0.85,0.73,1.82,2.58,74,104,2.22,3.12,2.24,3.15
Elite,RSC005515,BaronTac0,"Vortex Vesper
Pixel Picassos","5 O'clock Nowhere
Art Club",Solar,55.6,370,25,0.5,0.52,13,12,9159,5250,3909,14,19,49,45,31.1%,392.9,225.2,167.7,0.6,0.82,2.1,1.93,366.4,210.0,156.4,0.56,0.76,1.96,1.8,56,56,2.4,2.4,2.24,2.24
Elite,RSC007580,M4ttiusM4ximu5,"Stoked Blokes
Cotija Cartel","Vibe Tribe
Cheese Guild",Lunar,55.5,605,40,0.487,0.5,20,20,13699,7790,5909,38,18,36,129,29.5%,359.4,204.4,155.0,1.0,0.47,0.94,3.38,342.5,194.8,147.7,0.95,0.45,0.9,3.23,92,95,2.41,2.49,2.3,2.38
Elite,,Based Fame,"French Vanilla
Stoked Blokes
Sauntering Slugs","Creme De Bonte
Vibe Tribe
Speed Demons",Lunar,54.5,469,29,0.462,0.379,11,18,11161,6350,4811,21,19,51,75,28.0%,377.7,214.9,162.8,0.71,0.64,1.73,2.54,384.9,219.0,165.9,0.72,0.66,1.76,2.59,69,76,2.34,2.57,2.38,2.62
Elite,RSC000016,Beans,Electrons,The Quantum State,Solar,54.5,186,12,0.463,0.417,5,7,4718,2710,2008,13,3,19,31,41.9%,402.6,231.2,171.3,1.11,0.26,1.62,2.65,393.2,225.8,167.3,1.08,0.25,1.58,2.58,32,35,2.73,2.99,2.67,2.92
Elite,RSC007077,higsn,Cyclones,Storm,Solar,54.2,786,48,0.603,0.583,28,20,18380,10930,7450,53,29,56,138,38.4%,371.1,220.7,150.4,1.07,0.59,1.13,2.79,382.9,227.7,155.2,1.1,0.6,1.17,2.88,126,96,2.54,1.94,2.63,2.0
Elite,,dlnaod.,French Vanilla,Creme De Bonte,Solar,54.1,783,48,0.636,0.625,30,18,18332,11320,7012,45,40,73,117,38.5%,371.6,229.5,142.1,0.91,0.81,1.48,2.37,381.9,235.8,146.1,0.94,0.83,1.52,2.44,141,99,2.86,2.01,2.94,2.06
Elite,RSC005508,Lil Windex,Cyclones,Storm,Solar,53.8,862,52,0.592,0.596,31,21,19480,10870,8610,28,42,90,147,19.0%,358.7,200.1,158.5,0.52,0.77,1.66,2.71,374.6,209.0,165.6,0.54,0.81,1.73,2.83,134,105,2.47,1.93,2.58,2.02
Elite,RSC005193,RegularlyJones,Sloths,The Jungle,Solar,53.3,857,57,0.47,0.491,28,29,20031,11070,8961,38,46,76,117,32.5%,371.0,205.0,166.0,0.7,0.85,1.41,2.17,351.4,194.2,157.2,0.67,0.81,1.33,2.05,129,139,2.39,2.57,2.26,2.44
Elite,RSC006478,Wontay,Wigglechairs,The Quad Dynasty,Lunar,53.2,890,54,0.56,0.519,28,26,20847,12040,8807,49,36,78,144,34.0%,371.8,214.7,157.1,0.87,0.64,1.39,2.57,386.1,223.0,163.1,0.91,0.67,1.44,2.67,140,120,2.5,2.14,2.59,2.22
Elite,RSC003981,Rhino,"Sauntering Slugs
Cyclones","Speed Demons
Storm",Solar,52.6,108,7,0.293,0.286,2,5,2362,1250,1112,3,5,10,20,15.0%,347.1,183.7,163.4,0.44,0.73,1.47,2.94,337.4,178.6,158.9,0.43,0.71,1.43,2.86,12,21,1.76,3.09,1.71,3.0
Elite,RSC006218,Stingray,Cotija Cartel,Cheese Guild,Lunar,51.9,804,52,0.506,0.519,27,25,18234,10090,8144,27,48,78,109,24.8%,360.0,199.2,160.8,0.53,0.95,1.54,2.15,350.7,194.0,156.6,0.52,0.92,1.5,2.1,128,126,2.53,2.49,2.46,2.42
Elite,RSC003705,Skybud_,"Majesties
Summoned","Monarchy
Destined",Lunar,51.8,563,36,0.496,0.5,18,18,12946,7550,5396,31,22,48,95,32.6%,365.0,212.8,152.1,0.87,0.62,1.35,2.68,359.6,209.7,149.9,0.86,0.61,1.33,2.64,89,90,2.51,2.54,2.47,2.5
Elite,RSC002498,Justin,Electrons,The Quantum State,Solar,51.5,768,48,0.6,0.604,29,19,17513,10200,7313,41,31,65,130,31.5%,361.9,210.8,151.1,0.85,0.64,1.34,2.69,364.9,212.5,152.4,0.85,0.65,1.35,2.71,138,107,2.85,2.21,2.88,2.23
Elite,RSC006395,Gizmo,Orcas,Whale Defense,Solar,51.2,892,58,0.425,0.466,27,31,20311,10840,9471,36,38,78,144,25.0%,361.4,192.9,168.5,0.64,0.68,1.39,2.56,350.2,186.9,163.3,0.62,0.66,1.34,2.48,122,148,2.17,2.63,2.1,2.55
Elite,RSC005008,W0NDER,Ghastly Goombahs,The Syndicate,Lunar,50.7,1006,60,0.404,0.333,20,40,24254,13480,10774,40,33,127,148,27.0%,382.7,212.7,170.0,0.63,0.52,2.0,2.33,404.2,224.7,179.6,0.67,0.55,2.12,2.47,126,162,1.99,2.56,2.1,2.7
Elite,RSC000779,Chill,Sloths,The Jungle,Solar,50.7,705,47,0.45,0.489,23,24,15891,9040,6851,39,24,53,129,30.2%,357.8,203.5,154.2,0.88,0.54,1.19,2.9,338.1,192.3,145.8,0.83,0.51,1.13,2.74,105,119,2.36,2.68,2.23,2.53
Elite,RSC006417,TangentOgive,Italian Ice,Fifty-Fifty Pizzeria,Lunar,50.5,68,5,0.577,0.6,3,2,1536,940,596,5,4,3,9,55.6%,358.5,219.4,139.1,1.17,0.93,0.7,2.1,307.2,188.0,119.2,1.0,0.8,0.6,1.8,11,9,2.57,2.1,2.2,1.8
Elite,RSC005434,blaster50,"Sloths
Wigglechairs","The Jungle
The Quad Dynasty",Solar,50.5,160,10,0.395,0.5,5,5,3722,2280,1442,7,5,21,28,25.0%,369.2,226.2,143.0,0.69,0.5,2.08,2.78,372.2,228.0,144.2,0.7,0.5,2.1,2.8,23,30,2.28,2.98,2.3,3.0
Elite,RSC000235,zack,"Wigglechairs
Cotija Cartel","The Quad Dynasty
Cheese Guild",Lunar,50.5,869,53,0.591,0.547,29,24,19456,11790,7666,42,40,83,144,29.2%,355.3,215.3,140.0,0.77,0.73,1.52,2.63,367.1,222.5,144.6,0.79,0.75,1.57,2.72,143,113,2.61,2.06,2.7,2.13
Elite,,AhmedSa-,Pixel Picassos,Art Club,Solar,49.9,825,55,0.451,0.436,24,31,18169,10140,8029,43,30,56,154,27.9%,349.5,195.1,154.5,0.83,0.58,1.08,2.96,330.3,184.4,146.0,0.78,0.55,1.02,2.8,122,138,2.35,2.65,2.22,2.51
Elite,,snugcore,Thrashers,The Pit,Lunar,48.6,486,32,0.551,0.625,20,12,10934,6320,4614,30,15,34,87,34.5%,357.1,206.4,150.7,0.98,0.49,1.11,2.84,341.7,197.5,144.2,0.94,0.47,1.06,2.72,83,73,2.71,2.38,2.59,2.28
Elite,RSC002097,NoobZ,Thrashers,The Pit,Lunar,48.3,813,52,0.641,0.673,35,17,17838,10630,7208,44,40,59,128,34.4%,348.2,207.5,140.7,0.86,0.78,1.15,2.5,343.0,204.4,138.6,0.85,0.77,1.13,2.46,150,104,2.93,2.03,2.88,2.0
Elite,RSC005373,dvorl.ttv,Orcas,Whale Defense,Solar,48.1,531,34,0.48,0.5,17,17,12490,7040,5450,28,12,55,89,31.5%,373.3,210.4,162.9,0.84,0.36,1.64,2.66,367.4,207.1,160.3,0.82,0.35,1.62,2.62,77,81,2.3,2.42,2.26,2.38
Elite,RSC002102,Cable,Teddy Bears,The Bear Den,Lunar,47.2,593,34,0.442,0.382,13,21,13609,7850,5759,34,16,53,100,34.0%,364.2,210.1,154.1,0.91,0.43,1.42,2.68,400.3,230.9,169.4,1.0,0.47,1.56,2.94,89,103,2.38,2.76,2.62,3.03
Elite,RSC000229,Far,Sauntering Slugs,Speed Demons,Lunar,46.9,241,16,0.404,0.313,5,11,5505,2760,2745,8,11,22,31,25.8%,362.5,181.8,180.8,0.53,0.72,1.45,2.04,344.1,172.5,171.6,0.5,0.69,1.38,1.94,32,41,2.11,2.7,2.0,2.56
Elite,RSC002164,Dosia,Sauntering Slugs,Speed Demons,Lunar,44.8,871,52,0.356,0.308,16,36,18954,10800,8154,43,27,72,155,27.7%,345.4,196.8,148.6,0.78,0.49,1.31,2.82,364.5,207.7,156.8,0.83,0.52,1.38,2.98,117,169,2.13,3.08,2.25,3.25
Elite,RSC000960,Catlas,Summoned,Destined,Solar,44.6,102,7,0.352,0.286,2,5,2097,1020,1077,3,5,6,17,17.6%,326.3,158.7,167.6,0.47,0.78,0.93,2.65,299.6,145.7,153.9,0.43,0.71,0.86,2.43,16,23,2.49,3.58,2.29,3.29
Elite,RSC007366,Masked,Vortex Vesper,5 O'clock Nowhere,Solar,44.4,865,55,0.444,0.455,25,30,19737,10990,8747,44,19,84,144,30.6%,362.1,201.7,160.5,0.81,0.35,1.54,2.64,358.9,199.8,159.0,0.8,0.35,1.53,2.62,107,124,1.96,2.28,1.95,2.25
Elite,RSC006877,Jolt,Geeky Ghouls,Ghoul School,Solar,44.4,816,52,0.451,0.423,22,30,17676,10240,7436,40,29,68,139,28.8%,343.8,199.2,144.6,0.78,0.56,1.32,2.7,339.9,196.9,143.0,0.77,0.56,1.31,2.67,121,137,2.35,2.66,2.33,2.63
Elite,,6 lbs of Yeet,Pixel Picassos,Art Club,Solar,44.0,539,35,0.377,0.343,12,23,12315,6940,5375,29,14,50,84,34.5%,362.6,204.4,158.3,0.85,0.41,1.47,2.47,351.9,198.3,153.6,0.83,0.4,1.43,2.4,69,95,2.03,2.8,1.97,2.71
Elite,RSC000371,Capn' Clutch,Teddy Bears,The Bear Den,Lunar,43.7,737,43,0.481,0.442,19,24,15526,8870,6656,34,37,50,112,30.4%,334.4,191.0,143.3,0.73,0.8,1.08,2.41,361.1,206.3,154.8,0.79,0.86,1.16,2.6,122,128,2.63,2.76,2.84,2.98
Elite,RSC006978,Tuhlur.,Despair,The Shadows,Lunar,43.5,113,5,0.456,0.4,2,3,2472,1380,1092,5,4,10,18,27.8%,347.2,193.8,153.4,0.7,0.56,1.4,2.53,494.4,276.0,218.4,1.0,0.8,2.0,3.6,17,19,2.39,2.67,3.4,3.8
Elite,RSC005741,XCL Rin,Stoked Blokes,Vibe Tribe,Lunar,43.5,247,16,0.48,0.438,7,9,5500,2840,2660,14,7,14,39,35.9%,353.4,182.5,170.9,0.9,0.45,0.9,2.51,343.8,177.5,166.3,0.88,0.44,0.88,2.44,38,40,2.44,2.57,2.38,2.5
Elite,RSC006637,nekodah,Vortex Vesper,5 O'clock Nowhere,Solar,43.3,841,53,0.437,0.434,23,30,18416,10480,7936,29,28,96,138,21.0%,347.6,197.8,149.8,0.55,0.53,1.81,2.6,347.5,197.7,149.7,0.55,0.53,1.81,2.6,105,124,1.98,2.34,1.98,2.34
Elite,RSC005464,taz.rm,Sloths,The Jungle,Solar,43.2,537,36,0.51,0.5,18,18,11823,6810,5013,28,15,47,91,30.8%,349.4,201.3,148.2,0.83,0.44,1.39,2.69,328.4,189.2,139.3,0.78,0.42,1.31,2.53,77,75,2.28,2.22,2.14,2.08
Elite,RSC005872,Ditto,"Pixel Picassos
French Vanilla","Art Club
Creme De Bonte",Solar,42.7,897,57,0.417,0.404,23,34,19486,10150,9336,33,32,77,140,23.6%,344.8,179.6,165.2,0.58,0.57,1.36,2.48,341.9,178.1,163.8,0.58,0.56,1.35,2.46,117,145,2.07,2.57,2.05,2.54
Elite,RSC003113,Nebulade,Pylons,Road Work Ahead,Lunar,42.3,877,56,0.509,0.536,30,26,18299,10340,7959,38,40,63,139,27.3%,331.2,187.1,144.0,0.69,0.72,1.14,2.52,326.8,184.6,142.1,0.68,0.71,1.13,2.48,139,136,2.52,2.46,2.48,2.43
Elite,RSC001055,Scotti,Sloths,The Jungle,Solar,42.0,375,24,0.423,0.417,10,14,8332,4510,3822,20,9,29,61,32.8%,352.6,190.9,161.8,0.85,0.38,1.23,2.58,347.2,187.9,159.3,0.83,0.38,1.21,2.54,57,69,2.41,2.92,2.38,2.88
Elite,RSC001055,Scotti,Sloths,The Jungle,Solar,42.0,375,24,0.423,0.417,10,14,8332,4510,3822,20,9,29,61,32.8%,352.6,190.9,161.8,0.85,0.38,1.23,2.58,347.2,187.9,159.3,0.83,0.38,1.21,2.54,57,69,2.41,2.92,2.38,2.88
Elite,RSC006713,SGE Nemesis,Stoked Blokes,Vibe Tribe,Lunar,41.8,523,32,0.381,0.313,10,22,11408,6530,4878,24,17,49,83,28.9%,346.2,198.2,148.0,0.73,0.52,1.49,2.52,356.5,204.1,152.4,0.75,0.53,1.53,2.59,62,85,1.88,2.58,1.94,2.66
Elite,RSC000508,Bender_Escobar,"Summoned
Producers","Destined
Production Control Room",Solar,41.7,609,43,0.326,0.302,13,30,13694,7530,6164,32,13,54,98,32.7%,356.9,196.2,160.6,0.83,0.34,1.41,2.55,318.5,175.1,143.3,0.74,0.3,1.26,2.28,79,124,2.06,3.23,1.84,2.88
Elite,RSC007619,Collobir,Demons,The Monster Mash,Lunar,41.2,289,20,0.386,0.35,7,13,6450,3370,3080,12,6,28,47,25.5%,354.2,185.1,169.1,0.66,0.33,1.54,2.58,322.5,168.5,154.0,0.6,0.3,1.4,2.35,34,46,1.87,2.53,1.7,2.3
Elite,RSC002444,Blender,"Sauntering Slugs
Geeky Ghouls
Italian Ice
Cotija Cartel
Demons","Speed Demons
Ghoul School
Fifty-Fifty Pizzeria
Cheese Guild
The Monster Mash",Lunar,41.0,710,43,0.348,0.349,15,28,14950,8410,6540,30,29,57,111,27.0%,334.2,188.0,146.2,0.67,0.65,1.27,2.48,347.7,195.6,152.1,0.7,0.67,1.33,2.58,100,147,2.24,3.29,2.33,3.42
Elite,RSC005068,sturmo.,Wyverns,The Forest,Solar,40.9,807,49,0.581,0.592,29,20,16997,9890,7107,41,34,57,124,33.1%,334.3,194.5,139.8,0.81,0.67,1.12,2.44,346.9,201.8,145.0,0.84,0.69,1.16,2.53,133,108,2.62,2.12,2.71,2.2
Elite,RSC006745,Angel <3,Majesties,Monarchy,Lunar,40.7,793,50,0.611,0.64,32,18,17259,9930,7329,43,25,63,123,35.0%,345.4,198.7,146.7,0.86,0.5,1.26,2.46,345.2,198.6,146.6,0.86,0.5,1.26,2.46,136,102,2.72,2.04,2.72,2.04
Elite,RSC004990,Legend,Majesties,Monarchy,Lunar,40.6,540,33,0.556,0.576,19,14,11422,6390,5032,21,26,45,74,28.4%,335.7,187.8,147.9,0.62,0.76,1.32,2.17,346.1,193.6,152.5,0.64,0.79,1.36,2.24,81,70,2.38,2.06,2.45,2.12
Elite,,Cryptt.,"Menthol
Sloths","Minty Fresh
The Jungle",Solar,40.5,714,44,0.358,0.432,19,25,16142,8620,7522,26,21,80,97,26.8%,358.8,191.6,167.2,0.58,0.47,1.78,2.16,366.9,195.9,171.0,0.59,0.48,1.82,2.2,92,133,2.05,2.96,2.09,3.02
Elite,RSC002178,bird,Orcas,Whale Defense,Solar,40.1,266,18,0.346,0.389,7,11,5709,2790,2919,9,7,22,44,20.5%,340.6,166.5,174.2,0.54,0.42,1.31,2.63,317.2,155.0,162.2,0.5,0.39,1.22,2.44,29,44,1.73,2.63,1.61,2.44
Elite,RSC004820,AoS Arctic,Summoned,Destined,Solar,39.8,759,52,0.322,0.308,16,36,17779,9100,8679,35,16,77,95,36.8%,371.8,190.3,181.5,0.73,0.33,1.61,1.99,341.9,175.0,166.9,0.67,0.31,1.48,1.83,92,147,1.92,3.07,1.77,2.83
Elite,RSC001848,"Lil peeg2peeg3, lol :>",Cyclones,Storm,Solar,39.8,234,16,0.443,0.375,6,10,5088,2610,2478,11,9,15,31,35.5%,345.1,177.0,168.1,0.75,0.61,1.02,2.1,318.0,163.1,154.9,0.69,0.56,0.94,1.94,31,36,2.1,2.44,1.94,2.25
Elite,,xTactician1,Obstinate Octopi,The Reef,Solar,39.1,126,8,0.301,0.25,2,6,2835,1500,1335,4,2,16,20,20.0%,357.1,188.9,168.2,0.5,0.25,2.02,2.52,354.4,187.5,166.9,0.5,0.25,2.0,2.5,10,18,1.26,2.27,1.25,2.25
Elite,RSC000119,Nue.,Vortex Vesper,5 O'clock Nowhere,Solar,38.7,375,24,0.551,0.542,13,11,7899,4380,3519,18,13,27,58,31.0%,334.3,185.4,148.9,0.76,0.55,1.14,2.45,329.1,182.5,146.6,0.75,0.54,1.13,2.42,56,49,2.37,2.07,2.33,2.04
Elite,RSC005236,Rozi-,Praetorian Guard,The Sovereign,Lunar,38.7,792,51,0.649,0.667,34,17,16603,8580,8023,37,27,46,123,30.1%,332.7,171.9,160.8,0.74,0.54,0.92,2.46,325.5,168.2,157.3,0.73,0.53,0.9,2.41,138,93,2.77,1.86,2.71,1.82
Elite,,Versiaz,Geeky Ghouls,Ghoul School,Solar,38.5,121,8,0.703,0.625,5,3,2269,1490,779,5,8,8,19,26.3%,297.6,195.4,102.2,0.66,1.05,1.05,2.49,283.6,186.3,97.4,0.63,1.0,1.0,2.38,27,16,3.54,2.1,3.38,2.0
Elite,RSC001889,Phelpsy,Orcas,Whale Defense,Solar,38.4,745,48,0.426,0.438,21,27,16060,9660,6400,42,19,66,121,34.7%,342.1,205.8,136.3,0.89,0.4,1.41,2.58,334.6,201.3,133.3,0.88,0.4,1.38,2.52,106,128,2.26,2.73,2.21,2.67
Elite,RSC006459,Daylon,Demons,The Monster Mash,Lunar,38.2,557,36,0.383,0.333,12,24,11538,6150,5388,21,19,44,90,23.3%,328.8,175.2,153.5,0.6,0.54,1.25,2.56,320.5,170.8,149.7,0.58,0.53,1.22,2.5,66,90,1.88,2.56,1.83,2.5
Elite,RSC007644,Silwoe,Demons,The Monster Mash,Lunar,38.1,699,45,0.471,0.422,19,26,14630,7600,7030,24,28,56,100,24.0%,332.2,172.6,159.6,0.54,0.64,1.27,2.27,325.1,168.9,156.2,0.53,0.62,1.24,2.22,89,96,2.02,2.18,1.98,2.13
Elite,RSC004794,Buddha,Obstinate Octopi,The Reef,Solar,37.9,249,16,0.488,0.5,8,8,5079,2800,2279,11,7,18,45,24.4%,323.7,178.5,145.3,0.7,0.45,1.15,2.87,317.4,175.0,142.4,0.69,0.44,1.13,2.81,30,31,1.91,1.98,1.88,1.94
Elite,RSC007269,Navik,Stoked Blokes,Vibe Tribe,Lunar,37.6,879,56,0.408,0.339,19,37,18276,9730,8546,37,32,62,133,27.8%,330.0,175.7,154.3,0.67,0.58,1.12,2.4,326.4,173.8,152.6,0.66,0.57,1.11,2.38,121,153,2.18,2.76,2.16,2.73
Elite,RSC007166,nelz,Ghastly Goombahs,The Syndicate,Lunar,36.8,849,52,0.375,0.308,16,36,18086,10110,7976,33,26,85,126,26.2%,338.1,189.0,149.1,0.62,0.49,1.59,2.36,347.8,194.4,153.4,0.63,0.5,1.63,2.42,102,142,1.91,2.65,1.96,2.73
Elite,RSC000666,AEB311,"Teddy Bears
Obstinate Octopi","The Bear Den
The Reef",Lunar,36.1,679,40,0.432,0.4,16,24,13877,7280,6597,24,25,52,103,23.3%,324.4,170.2,154.2,0.56,0.58,1.22,2.41,346.9,182.0,164.9,0.6,0.63,1.3,2.58,94,112,2.2,2.62,2.35,2.8
Elite,RSC007586,TEMPEST1416,Producers,Production Control Room,Lunar,35.9,226,14,0.3,0.143,2,12,4886,2470,2416,5,6,27,32,15.6%,343.1,173.5,169.7,0.35,0.42,1.9,2.25,349.0,176.4,172.6,0.36,0.43,1.93,2.29,25,43,1.76,3.02,1.79,3.07
Elite,,gamita,Despair,The Shadows,Lunar,35.5,787,46,0.579,0.587,27,19,16394,8980,7414,25,33,76,103,24.3%,330.6,181.1,149.5,0.5,0.67,1.53,2.08,356.4,195.2,161.2,0.54,0.72,1.65,2.24,116,94,2.34,1.9,2.52,2.04
Elite,RSC004966,Buck,"Vortex Vesper
Pixel Picassos","5 O'clock Nowhere
Art Club",Solar,33.9,678,44,0.492,0.5,22,22,13552,7680,5872,37,20,37,113,32.7%,317.2,179.8,137.5,0.87,0.47,0.87,2.65,308.0,174.5,133.5,0.84,0.45,0.84,2.57,99,101,2.32,2.36,2.25,2.3
Elite,,dravii,Wigglechairs,The Quad Dynasty,Lunar,32.7,161,9,0.368,0.222,2,7,3527,2000,1527,6,4,20,20,30.0%,347.7,197.2,150.5,0.59,0.39,1.97,1.97,391.9,222.2,169.7,0.67,0.44,2.22,2.22,19,27,1.87,2.66,2.11,3.0
Elite,RSC003561,Dooober,Italian Ice,Fifty-Fifty Pizzeria,Lunar,32.6,979,58,0.553,0.586,34,24,19491,10980,8511,47,37,60,143,32.9%,316.0,178.0,138.0,0.76,0.6,0.97,2.32,336.1,189.3,146.7,0.81,0.64,1.03,2.47,157,137,2.55,2.22,2.71,2.36
Elite,RSC005658,Rayinator.,Producers,Production Control Room,Lunar,32.3,270,16,0.246,0.188,3,13,5382,2890,2492,10,10,20,39,25.6%,316.4,169.9,146.5,0.59,0.59,1.18,2.29,336.4,180.6,155.8,0.63,0.63,1.25,2.44,27,55,1.59,3.23,1.69,3.44
Elite,RSC000438,Limon,Menthol,Minty Fresh,Solar,31.2,727,45,0.291,0.333,15,30,14483,7970,6513,39,16,41,122,32.0%,316.2,174.0,142.2,0.85,0.35,0.9,2.66,321.8,177.1,144.7,0.87,0.36,0.91,2.71,84,147,1.83,3.21,1.87,3.27
Elite,RSC000774,Earth,Producers,Production Control Room,Lunar,31.0,347,20,0.232,0.1,2,18,6901,4040,2861,15,8,31,59,25.4%,315.6,184.8,130.9,0.69,0.37,1.42,2.7,345.1,202.0,143.1,0.75,0.4,1.55,2.95,33,71,1.51,3.25,1.65,3.55
Elite,,beretta,Despair,The Shadows,Lunar,31.0,268,17,0.675,0.647,11,6,5172,3160,2012,14,13,15,36,38.9%,306.3,187.1,119.2,0.83,0.77,0.89,2.13,304.2,185.9,118.4,0.82,0.76,0.88,2.12,55,35,3.26,2.07,3.24,2.06
Elite,,AK,Obstinate Octopi,The Reef,Solar,30.6,557,40,0.331,0.325,13,27,11227,6040,5187,18,25,47,64,28.1%,319.9,172.1,147.8,0.51,0.71,1.34,1.82,280.7,151.0,129.7,0.45,0.63,1.18,1.6,68,106,1.94,3.02,1.7,2.65
Elite,RSC000796,hoyci,Producers,Production Control Room,Lunar,30.5,65,4,0.263,0.0,0,4,1328,820,508,4,3,4,7,57.1%,324.3,200.2,124.0,0.98,0.73,0.98,1.71,332.0,205.0,127.0,1.0,0.75,1.0,1.75,8,15,1.95,3.66,2.0,3.75
Elite,RSC000796,hoyci,Producers,Production Control Room,Lunar,30.5,65,4,0.263,0.0,0,4,1328,820,508,4,3,4,7,57.1%,324.3,200.2,124.0,0.98,0.73,0.98,1.71,332.0,205.0,127.0,1.0,0.75,1.0,1.75,8,15,1.95,3.66,2.0,3.75
Elite,RSC003505,G,Summoned,Destined,Solar,30.3,608,42,0.308,0.286,12,30,12644,6660,5984,20,21,58,71,28.2%,330.1,173.9,156.2,0.52,0.55,1.51,1.85,301.0,158.6,142.5,0.48,0.5,1.38,1.69,72,120,1.88,3.13,1.71,2.86
Elite,RSC007480,Arunos,Producers,Production Control Room,Lunar,28.7,604,36,0.229,0.194,7,29,11848,6340,5508,17,16,58,94,18.1%,311.3,166.6,144.7,0.45,0.42,1.52,2.47,329.1,176.1,153.0,0.47,0.44,1.61,2.61,57,124,1.5,3.26,1.58,3.44
Elite,RSC000278,Tinsel,Menthol,Minty Fresh,Solar,27.4,284,19,0.197,0.211,4,15,5632,2870,2762,10,4,24,47,21.3%,314.7,160.4,154.4,0.56,0.22,1.34,2.63,296.4,151.1,145.4,0.53,0.21,1.26,2.47,27,65,1.51,3.63,1.42,3.42
Elite,RSC000278,Tinsel,Menthol,Minty Fresh,Solar,27.4,284,19,0.197,0.211,4,15,5632,2870,2762,10,4,24,47,21.3%,314.7,160.4,154.4,0.56,0.22,1.34,2.63,296.4,151.1,145.4,0.53,0.21,1.26,2.47,27,65,1.51,3.63,1.42,3.42
Elite,RSC000023,n0maa,Obstinate Octopi,The Reef,Solar,26.9,417,29,0.319,0.345,10,19,8543,4080,4463,11,12,38,48,22.9%,325.2,155.3,169.9,0.42,0.46,1.45,1.83,294.6,140.7,153.9,0.38,0.41,1.31,1.66,39,65,1.48,2.47,1.34,2.24
Elite,RSC000023,n0maa,Obstinate Octopi,The Reef,Solar,26.9,417,29,0.319,0.345,10,19,8543,4080,4463,11,12,38,48,22.9%,325.2,155.3,169.9,0.42,0.46,1.45,1.83,294.6,140.7,153.9,0.38,0.41,1.31,1.66,39,65,1.48,2.47,1.34,2.24
Elite,RSC004889,Steeltoehammer,"Summoned
Demons
Cyclones","Destined
The Monster Mash
Storm",Solar,25.3,489,31,0.344,0.323,10,21,9049,4810,4239,12,18,40,71,16.9%,293.7,156.1,137.6,0.39,0.58,1.3,2.3,291.9,155.2,136.7,0.39,0.58,1.29,2.29,53,81,1.72,2.63,1.71,2.61
Elite,,kamui,French Vanilla,Creme De Bonte,Solar,24.4,90,6,0.624,0.667,4,2,1647,660,987,1,4,5,11,9.1%,290.4,116.4,174.1,0.18,0.71,0.88,1.94,274.5,110.0,164.5,0.17,0.67,0.83,1.83,19,14,3.35,2.47,3.17,2.33
Elite,,Geo,"Orcas
Obstinate Octopi","Whale Defense
The Reef",Solar,23.5,324,21,0.334,0.381,8,13,6101,3260,2841,10,12,25,41,24.4%,298.9,159.7,139.2,0.49,0.59,1.22,2.01,290.5,155.2,135.3,0.48,0.57,1.19,1.95,38,59,1.86,2.89,1.81,2.81
Elite,RSC000011,Vulp The Philosopher,Geeky Ghouls,Ghoul School,Solar,23.2,279,19,0.356,0.368,7,12,5226,3070,2156,11,10,22,37,29.7%,297.3,174.6,122.6,0.63,0.57,1.25,2.1,275.1,161.6,113.5,0.58,0.53,1.16,1.95,35,51,1.99,2.9,1.84,2.68
Elite,RSC005754,Monty.,Majesties,Monarchy,Lunar,22.0,113,8,0.705,0.75,6,2,2280,1310,970,6,1,10,16,37.5%,320.2,184.0,136.2,0.84,0.14,1.4,2.25,285.0,163.8,121.3,0.75,0.13,1.25,2.0,21,12,2.95,1.69,2.63,1.5
Elite,RSC005754,Monty.,Majesties,Monarchy,Lunar,22.0,113,8,0.705,0.75,6,2,2280,1310,970,6,1,10,16,37.5%,320.2,184.0,136.2,0.84,0.14,1.4,2.25,285.0,163.8,121.3,0.75,0.13,1.25,2.0,21,12,2.95,1.69,2.63,1.5
Elite,RSC001703,Spoopy Ougi,Ghastly Goombahs,The Syndicate,Lunar,21.8,1006,60,0.404,0.333,20,40,18812,10910,7902,43,26,77,146,29.5%,296.8,172.1,124.7,0.68,0.41,1.21,2.3,313.5,181.8,131.7,0.72,0.43,1.28,2.43,126,162,1.99,2.56,2.1,2.7
Elite,RSC003250,Chefty,Wyverns,The Forest,Solar,20.9,324,20,0.385,0.3,6,14,6165,3410,2755,13,9,25,41,31.7%,302.0,167.0,135.0,0.64,0.44,1.22,2.01,308.3,170.5,137.8,0.65,0.45,1.25,2.05,44,59,2.16,2.89,2.2,2.95
Elite,RSC005591,ARTY-_-RL,Stoked Blokes,Vibe Tribe,Lunar,20.1,118,8,0.151,0.125,1,7,2419,1380,1039,3,2,17,13,23.1%,325.4,185.6,139.8,0.4,0.27,2.29,1.75,302.4,172.5,129.9,0.38,0.25,2.13,1.63,9,27,1.21,3.63,1.13,3.38
Elite,RSC003799,Armo27,Vortex Vesper,5 O'clock Nowhere,Solar,19.8,53,4,0.269,0.25,1,3,820,400,420,1,2,2,10,10.0%,245.6,119.8,125.8,0.3,0.6,0.6,2.99,205.0,100.0,105.0,0.25,0.5,0.5,2.5,4,8,1.2,2.4,1.0,2.0
Elite,RSC003799,Armo27,Vortex Vesper,5 O'clock Nowhere,Solar,19.8,53,4,0.269,0.25,1,3,820,400,420,1,2,2,10,10.0%,245.6,119.8,125.8,0.3,0.6,0.6,2.99,205.0,100.0,105.0,0.25,0.5,0.5,2.5,4,8,1.2,2.4,1.0,2.0
Elite,,President Plorpus.,Menthol,Minty Fresh,Solar,18.5,744,47,0.273,0.319,15,32,13960,7330,6630,18,24,70,83,21.7%,297.8,156.4,141.4,0.38,0.51,1.49,1.77,297.0,156.0,141.1,0.38,0.51,1.49,1.77,87,160,1.86,3.41,1.85,3.4
Elite,RSC006945,nuummite,"Vortex Vesper
Demons","5 O'clock Nowhere
The Monster Mash",Solar,17.3,361,22,0.346,0.318,7,15,6802,3490,3312,10,8,33,44,22.7%,299.1,153.4,145.6,0.44,0.35,1.45,1.93,309.2,158.6,150.5,0.45,0.36,1.5,2.0,41,62,1.8,2.73,1.86,2.82
Elite,RSC006173,Racer,"Wigglechairs
Menthol
Geeky Ghouls
Producers","The Quad Dynasty
Minty Fresh
Ghoul School
Production Control Room",Lunar,16.4,341,22,0.316,0.273,6,16,6112,3170,2942,10,8,26,47,21.3%,284.5,147.5,136.9,0.47,0.37,1.21,2.19,277.8,144.1,133.7,0.45,0.36,1.18,2.14,37,61,1.72,2.84,1.68,2.77
Elite,RSC000730,silly2bunny3,Ghastly Goombahs,The Syndicate,Lunar,14.9,81,4,0.533,0.5,2,2,1616,880,736,5,1,5,8,62.5%,316.6,172.4,144.2,0.98,0.2,0.98,1.57,404.0,220.0,184.0,1.25,0.25,1.25,2.0,12,11,2.35,2.16,3.0,2.75
Elite,RSC003427,(P|F)ineapple,"Producers
Obstinate Octopi","Production Control Room
The Reef",Solar,13.0,133,8,0.171,0.125,1,7,2419,1150,1269,3,3,11,15,20.0%,288.7,137.2,151.4,0.36,0.36,1.31,1.79,302.4,143.8,158.6,0.38,0.38,1.38,1.88,12,32,1.43,3.82,1.5,4.0
Elite,RSC002892,nickm,Obstinate Octopi,The Reef,Solar,12.2,215,15,0.234,0.133,2,13,3797,1860,1937,6,5,15,26,23.1%,280.3,137.3,143.0,0.44,0.37,1.11,1.92,253.1,124.0,129.1,0.4,0.33,1.0,1.73,23,48,1.7,3.54,1.53,3.2
Elite,RSC000690,paco,Sauntering Slugs,Speed Demons,Lunar,10.8,587,34,0.392,0.353,12,22,9857,5930,3927,25,16,37,78,32.1%,266.5,160.3,106.2,0.68,0.43,1.0,2.11,289.9,174.4,115.5,0.74,0.47,1.09,2.29,87,114,2.35,3.08,2.56,3.35
Elite,,LowFadeEnthusiast,Producers,Production Control Room,Lunar,10.8,305,20,0.139,0.1,2,18,5489,2920,2569,9,5,28,37,24.3%,285.6,152.0,133.7,0.47,0.26,1.46,1.93,274.5,146.0,128.5,0.45,0.25,1.4,1.85,24,75,1.25,3.9,1.2,3.75
Elite,RSC005336,go.fig,"Obstinate Octopi
Producers","The Reef
Production Control Room",Solar,10.0,118,8,0.341,0.375,3,5,2109,1090,1019,3,2,11,14,21.4%,283.7,146.6,137.1,0.4,0.27,1.48,1.88,263.6,136.3,127.4,0.38,0.25,1.38,1.75,13,20,1.75,2.69,1.63,2.5
Elite,RSC005386,Danub,Producers,Production Control Room,Lunar,-0.1,140,8,0.249,0.125,1,7,2219,1120,1099,3,2,11,17,17.6%,251.6,127.0,124.6,0.34,0.23,1.25,1.93,277.4,140.0,137.4,0.38,0.25,1.38,2.13,15,30,1.7,3.4,1.88,3.75
Elite,RSC005386,Danub,Producers,Production Control Room,Lunar,-0.1,140,8,0.249,0.125,1,7,2219,1120,1099,3,2,11,17,17.6%,251.6,127.0,124.6,0.34,0.23,1.25,1.93,277.4,140.0,137.4,0.38,0.25,1.38,2.13,15,30,1.7,3.4,1.88,3.75
Elite,RSC007399,Stick of Butter,Producers,Production Control Room,Lunar,-1.1,253,14,0.258,0.286,4,10,4025,2030,1995,7,4,17,28,25.0%,252.5,127.3,125.2,0.44,0.25,1.07,1.76,287.5,145.0,142.5,0.5,0.29,1.21,2.0,26,51,1.63,3.2,1.86,3.64
Elite,RSC002295,DEMOralize,Sauntering Slugs,Speed Demons,Lunar,-20.5,142,8,0.161,0.0,0,8,1787,1090,697,6,2,5,14,42.9%,199.7,121.8,77.9,0.67,0.22,0.56,1.56,223.4,136.3,87.1,0.75,0.25,0.63,1.75,16,42,1.79,4.69,2.0,5.25
Elite,RSC002828,D1REW00F,Summoned,Destined,Solar,-67.3,38,3,0.059,0.0,0,3,212,70,142,0,0,1,2,0.0%,88.5,29.2,59.3,0.0,0.0,0.42,0.84,70.7,23.3,47.3,0.0,0.0,0.33,0.67,2,11,0.84,4.59,0.67,3.67
Elite,RSC002828,D1REW00F,Summoned,Destined,Solar,-67.3,38,3,0.059,0.0,0,3,212,70,142,0,0,1,2,0.0%,88.5,29.2,59.3,0.0,0.0,0.42,0.84,70.7,23.3,47.3,0.0,0.0,0.33,0.67,2,11,0.84,4.59,0.67,3.67
Contender,RSC007453,TheDoy420,Rheas,Flightless Fowl,Solar,81.0,674,51,0.653,0.686,35,16,19857,11110,8747,44,39,68,136,32.4%,393.0,219.9,173.1,0.87,0.77,1.35,2.69,389.4,217.8,171.5,0.86,0.76,1.33,2.67,141,94,2.79,1.86,2.76,1.84
Contender,,diehard_mma,Zebras,Safari,Lunar,80.7,666,48,0.588,0.667,32,16,19503,11590,7913,65,30,41,154,42.2%,390.6,232.1,158.5,1.3,0.6,0.82,3.08,406.3,241.5,164.9,1.35,0.63,0.85,3.21,139,111,2.78,2.22,2.9,2.31
Contender,RSC006880,Kenjicat17,"Rheas
Devoured","Flightless Fowl
Destined",Solar,80.2,82,5,0.805,1.0,5,0,2429,1600,829,9,3,7,20,45.0%,395.1,260.3,134.8,1.46,0.49,1.14,3.25,485.8,320.0,165.8,1.8,0.6,1.4,4.0,20,8,3.25,1.3,4.0,1.6
Contender,RSC006587,Enterprise15,Clover,Flower Road,Lunar,70.3,363,28,0.559,0.607,17,11,9917,5400,4517,20,25,32,55,36.4%,364.4,198.4,166.0,0.73,0.92,1.18,2.02,354.2,192.9,161.3,0.71,0.89,1.14,1.96,72,62,2.65,2.28,2.57,2.21
Contender,RSC006251,MiniTechniks,Rad Lads,Vibe Tribe,Lunar,69.5,629,49,0.63,0.592,29,20,17448,10590,6858,62,17,42,144,43.1%,370.0,224.6,145.4,1.31,0.36,0.89,3.05,356.1,216.1,140.0,1.27,0.35,0.86,2.94,132,94,2.8,1.99,2.69,1.92
Contender,RSC006569,mulliganisoup,Ice,The Elements,Solar,69.2,723,52,0.632,0.654,34,18,19208,10550,8658,42,44,57,130,32.3%,354.4,194.6,159.7,0.77,0.81,1.05,2.4,369.4,202.9,166.5,0.81,0.85,1.1,2.5,146,103,2.69,1.9,2.81,1.98
Contender,RSC006919,rinny_b0y,"Zebras
Celestial Cider","Safari
5 O'clock Nowhere",Solar,68.1,618,44,0.538,0.545,24,20,15632,9180,6452,45,30,35,143,31.5%,337.4,198.1,139.3,0.97,0.65,0.76,3.09,355.3,208.6,146.6,1.02,0.68,0.8,3.25,120,109,2.59,2.35,2.73,2.48
Contender,RSC007138,GFC-RAIDER,Rad Lads,Vibe Tribe,Lunar,67.2,597,47,0.607,0.574,27,20,15991,8710,7281,38,29,47,111,34.2%,357.3,194.6,162.7,0.85,0.65,1.05,2.48,340.2,185.3,154.9,0.81,0.62,1.0,2.36,125,95,2.79,2.12,2.66,2.02
Contender,RSC006344,FerrisCrueller,Ice,The Elements,Solar,65.3,723,52,0.632,0.654,34,18,18930,11240,7690,61,25,46,159,38.4%,349.2,207.4,141.9,1.13,0.46,0.85,2.93,364.0,216.2,147.9,1.17,0.48,0.88,3.06,146,103,2.69,1.9,2.81,1.98
Contender,RSC006422,HuggingThor,Bruschetta,Fifty-Fifty Pizzeria,Lunar,65.1,231,19,0.471,0.474,9,10,6637,3470,3167,17,7,21,37,45.9%,383.2,200.4,182.9,0.98,0.4,1.21,2.14,349.3,182.6,166.7,0.89,0.37,1.11,1.95,38,41,2.19,2.37,2.0,2.16
Contender,,Hype.56,Sketch Squad,Art Club,Solar,62.4,636,47,0.574,0.596,28,19,15868,9250,6618,43,27,45,135,31.9%,332.8,194.0,138.8,0.9,0.57,0.94,2.83,337.6,196.8,140.8,0.91,0.57,0.96,2.87,119,98,2.5,2.06,2.53,2.09
Contender,RSC006402,DEADLYFEET1001,"Clover
Legionaries","Flower Road
The Sovereign",Lunar,62.3,499,40,0.371,0.35,14,26,13864,7370,6494,34,13,49,87,39.1%,370.6,197.0,173.6,0.91,0.35,1.31,2.33,346.6,184.3,162.4,0.85,0.33,1.23,2.18,79,110,2.11,2.94,1.98,2.75
Contender,RSC001262,droogin01,Rheas,Flightless Fowl,Solar,59.4,584,46,0.68,0.717,33,13,14292,7930,6362,36,31,35,103,35.0%,326.4,181.1,145.3,0.82,0.71,0.8,2.35,310.7,172.4,138.3,0.78,0.67,0.76,2.24,131,81,2.99,1.85,2.85,1.76
Contender,RSC007600,CN Tyson,Sketch Squad,Art Club,Solar,58.5,548,39,0.609,0.667,26,13,13810,7900,5910,41,15,38,115,35.7%,336.1,192.3,143.9,1.0,0.37,0.92,2.8,354.1,202.6,151.5,1.05,0.38,0.97,2.95,103,77,2.51,1.87,2.64,1.97
Contender,,itsu_desu,"Ice
Bruschetta","The Elements
Fifty-Fifty Pizzeria",Solar,58.2,502,36,0.55,0.472,17,19,11741,6970,4771,38,25,18,102,37.3%,312.0,185.2,126.8,1.01,0.66,0.48,2.71,326.1,193.6,132.5,1.06,0.69,0.5,2.83,102,90,2.71,2.39,2.83,2.5
Contender,RSC006740,HU-ALTO,Clover,Flower Road,Lunar,58.1,516,40,0.553,0.575,23,17,12887,8210,4677,43,19,39,101,42.6%,333.1,212.2,120.9,1.11,0.49,1.01,2.61,322.2,205.3,116.9,1.08,0.48,0.98,2.53,104,91,2.69,2.35,2.6,2.28
Contender,RSC007630,Grey,Rheas,Flightless Fowl,Solar,53.0,624,47,0.657,0.681,32,15,15391,9380,6011,54,18,39,113,47.8%,329.0,200.5,128.5,1.15,0.38,0.83,2.42,327.5,199.6,127.9,1.15,0.38,0.83,2.4,128,84,2.74,1.8,2.72,1.79
Contender,RSC003223,AZoroARK,Clover,Flower Road,Lunar,52.7,565,44,0.533,0.545,24,20,13646,7860,5786,36,24,43,91,39.6%,322.2,185.6,136.6,0.85,0.57,1.02,2.15,310.1,178.6,131.5,0.82,0.55,0.98,2.07,112,103,2.64,2.43,2.55,2.34
Contender,RSC006900,VeloxcityX,Rad Lads,Vibe Tribe,Lunar,50.0,487,40,0.622,0.575,23,17,11137,6300,4837,24,25,38,75,32.0%,305.0,172.6,132.5,0.66,0.68,1.04,2.05,278.4,157.5,120.9,0.6,0.63,0.95,1.88,103,75,2.82,2.05,2.58,1.88
Contender,,xReaperDenTTV,Clover,Flower Road,Lunar,47.9,411,32,0.489,0.5,16,16,10169,4970,5199,24,9,30,62,38.7%,330.0,161.3,168.7,0.78,0.29,0.97,2.01,317.8,155.3,162.5,0.75,0.28,0.94,1.94,68,70,2.21,2.27,2.13,2.19
Contender,RSC007203,CoachJimmy_TECT,Celestial Cider,5 O'clock Nowhere,Solar,47.1,631,46,0.485,0.5,23,23,15900,8830,7070,34,12,78,93,36.6%,336.1,186.7,149.4,0.72,0.25,1.65,1.97,345.7,192.0,153.7,0.74,0.26,1.7,2.02,102,106,2.16,2.24,2.22,2.3
Contender,RSC007020,UndrSizeFrog,Zebras,Safari,Lunar,46.0,510,37,0.504,0.541,20,17,11569,6540,5029,27,18,42,84,32.1%,302.6,171.0,131.5,0.71,0.47,1.1,2.2,312.7,176.8,135.9,0.73,0.49,1.14,2.27,96,95,2.51,2.48,2.59,2.57
Contender,RSC000989,Piky Life88,Sketch Squad,Art Club,Solar,45.5,612,43,0.582,0.605,26,17,13540,7950,5590,40,18,38,115,34.8%,295.1,173.3,121.8,0.87,0.39,0.83,2.51,314.9,184.9,130.0,0.93,0.42,0.88,2.67,114,92,2.48,2.01,2.65,2.14
Contender,RSC007218,LxlKermit,Devoured,Destined,Solar,44.5,481,35,0.262,0.2,7,28,11535,6210,5325,27,11,45,71,38.0%,319.9,172.2,147.7,0.75,0.31,1.25,1.97,329.6,177.4,152.1,0.77,0.31,1.29,2.03,59,114,1.64,3.16,1.69,3.26
Contender,,VeryBadKittyCat,Bruschetta,Fifty-Fifty Pizzeria,Lunar,43.6,628,49,0.356,0.347,17,32,14581,7880,6701,32,20,56,88,36.4%,309.7,167.4,142.3,0.68,0.42,1.19,1.87,297.6,160.8,136.8,0.65,0.41,1.14,1.8,94,137,2.0,2.91,1.92,2.8
Contender,RSC007631,Folterung,Bruschetta,Fifty-Fifty Pizzeria,Lunar,42.5,216,16,0.267,0.188,3,13,4728,2460,2268,7,9,20,31,22.6%,292.0,151.9,140.1,0.43,0.56,1.24,1.91,295.5,153.8,141.8,0.44,0.56,1.25,1.94,30,56,1.85,3.46,1.88,3.5
Contender,RSC006487,KorusRay,Legionaries,The Sovereign,Lunar,41.3,533,41,0.385,0.341,14,27,12499,6790,5709,36,7,40,84,42.9%,312.8,169.9,142.9,0.9,0.18,1.0,2.1,304.9,165.6,139.2,0.88,0.17,0.98,2.05,88,118,2.2,2.95,2.15,2.88
Contender,RSC006436,Furian,"Bruschetta
Ice","Fifty-Fifty Pizzeria
The Elements",Solar,41.1,242,20,0.565,0.7,14,6,5809,3170,2639,10,7,31,27,37.0%,320.2,174.7,145.5,0.55,0.39,1.71,1.49,290.5,158.5,132.0,0.5,0.35,1.55,1.35,45,38,2.48,2.09,2.25,1.9
Contender,,Տαղ,Rheas,Flightless Fowl,Solar,41.0,85,7,0.5,0.429,3,4,1729,1060,669,5,3,5,16,31.3%,271.3,166.3,105.0,0.78,0.47,0.78,2.51,247.0,151.4,95.6,0.71,0.43,0.71,2.29,16,16,2.51,2.51,2.29,2.29
Contender,RSC007521,Clorgbane,Legionaries,The Sovereign,Lunar,40.9,425,32,0.347,0.281,9,23,9622,5220,4402,17,14,45,57,29.8%,302.0,163.8,138.2,0.53,0.44,1.41,1.79,300.7,163.1,137.6,0.53,0.44,1.41,1.78,63,94,1.98,2.95,1.97,2.94
Contender,RSC007515,superstrikzz,Celestial Cider,5 O'clock Nowhere,Solar,40.2,163,12,0.453,0.583,7,5,3547,1850,1697,7,5,13,25,28.0%,290.3,151.4,138.9,0.57,0.41,1.06,2.05,295.6,154.2,141.4,0.58,0.42,1.08,2.08,22,25,1.8,2.05,1.83,2.08
Contender,,Wash3y,Ice,The Elements,Solar,38.6,215,15,0.62,0.667,10,5,4454,2350,2104,10,7,13,35,28.6%,276.3,145.8,130.5,0.62,0.43,0.81,2.17,296.9,156.7,140.3,0.67,0.47,0.87,2.33,40,29,2.48,1.8,2.67,1.93
Contender,,Blitzzzzz.,Devoured,Destined,Solar,37.5,526,42,0.23,0.143,6,36,11212,5790,5422,21,17,42,74,28.4%,284.3,146.8,137.5,0.53,0.43,1.07,1.88,267.0,137.9,129.1,0.5,0.4,1.0,1.76,59,128,1.5,3.25,1.4,3.05
Contender,RSC006381,YERP_YERP02,Bruschetta,Fifty-Fifty Pizzeria,Lunar,36.9,445,33,0.367,0.303,10,23,9283,4880,4403,18,18,32,58,31.0%,278.2,146.3,132.0,0.54,0.54,0.96,1.74,281.3,147.9,133.4,0.55,0.55,0.97,1.76,64,91,1.92,2.73,1.94,2.76
Contender,RSC005870,Evil twin,Celestial Cider,5 O'clock Nowhere,Solar,36.2,686,50,0.493,0.5,25,25,13961,8030,5931,35,29,43,93,37.6%,271.5,156.1,115.3,0.68,0.56,0.84,1.81,279.2,160.6,118.6,0.7,0.58,0.86,1.86,118,120,2.29,2.33,2.36,2.4
Contender,,Itchyramrod420TV,Legionaries,The Sovereign,Lunar,35.9,584,43,0.355,0.302,13,30,11272,5860,5412,23,27,27,86,26.7%,257.5,133.8,123.6,0.53,0.62,0.62,1.96,262.1,136.3,125.9,0.53,0.63,0.63,2.0,90,131,2.06,2.99,2.09,3.05
Contender,RSC005974,Angry-Hermit,Devoured,Destined,Solar,32.4,515,39,0.345,0.282,11,28,10279,5190,5089,20,15,34,74,27.0%,266.2,134.4,131.8,0.52,0.39,0.88,1.92,263.6,133.1,130.5,0.51,0.38,0.87,1.9,67,102,1.74,2.64,1.72,2.62
Contender,RSC006443,ONLYSLIM2198,Zebras,Safari,Lunar,32.2,309,23,0.548,0.565,13,10,6448,4030,2418,21,7,23,43,48.8%,278.3,174.0,104.4,0.91,0.3,0.99,1.86,280.3,175.2,105.1,0.91,0.3,1.0,1.87,61,54,2.63,2.33,2.65,2.35
Contender,RSC006779,I am CANDYMAN,Bruschetta,Fifty-Fifty Pizzeria,Lunar,30.4,242,20,0.345,0.4,8,12,4946,2400,2546,11,6,14,30,36.7%,272.6,132.3,140.3,0.61,0.33,0.77,1.65,247.3,120.0,127.3,0.55,0.3,0.7,1.5,33,50,1.82,2.76,1.65,2.5
Contender,RSC000323,Styk75,Rad Lads,Vibe Tribe,Lunar,25.0,282,20,0.429,0.4,8,12,4830,2620,2210,11,12,11,37,29.7%,228.5,123.9,104.5,0.52,0.57,0.52,1.75,241.5,131.0,110.5,0.55,0.6,0.55,1.85,45,54,2.13,2.55,2.25,2.7
Contender,RSC007179,B0A._.,Zebras,Safari,Lunar,23.0,499,35,0.53,0.629,22,13,9443,5380,4063,22,14,39,53,41.5%,252.4,143.8,108.6,0.59,0.37,1.04,1.42,269.8,153.7,116.1,0.63,0.4,1.11,1.51,97,90,2.59,2.41,2.77,2.57
Contender,RSC002828,D1REW00F,Devoured,Destined,Solar,16.7,476,36,0.234,0.139,5,31,8557,4070,4487,8,12,45,42,19.0%,239.8,114.0,125.7,0.22,0.34,1.26,1.18,237.7,113.1,124.6,0.22,0.33,1.25,1.17,51,110,1.43,3.08,1.42,3.06
Contender,RSC002828,D1REW00F,Devoured,Destined,Solar,16.7,476,36,0.234,0.139,5,31,8557,4070,4487,8,12,45,42,19.0%,239.8,114.0,125.7,0.22,0.34,1.26,1.18,237.7,113.1,124.6,0.22,0.33,1.25,1.17,51,110,1.43,3.08,1.42,3.06
Contender,RSC005527,Colossus4203316,Sketch Squad,Art Club,Solar,16.3,374,26,0.477,0.462,12,14,6369,3480,2889,10,11,31,38,26.3%,227.1,124.1,103.0,0.36,0.39,1.11,1.36,245.0,133.8,111.1,0.38,0.42,1.19,1.46,65,69,2.32,2.46,2.5,2.65
Contender,,xNerdyGamer,"Rheas
Clover","Flightless Fowl
Flower Road",Lunar,11.1,151,11,0.345,0.273,3,8,2526,1030,1496,2,3,11,13,15.4%,223.1,91.0,132.1,0.18,0.27,0.97,1.15,229.6,93.6,136.0,0.18,0.27,1.0,1.18,19,29,1.68,2.56,1.73,2.64
Contender,RSC007018,vBoostedv,Celestial Cider,5 O'clock Nowhere,Solar,6.3,200,15,0.359,0.333,5,10,3105,1540,1565,5,3,14,19,26.3%,207.1,102.7,104.4,0.33,0.2,0.93,1.27,207.0,102.7,104.3,0.33,0.2,0.93,1.27,29,42,1.93,2.8,1.93,2.8
Contender,RSC006993,Gibbyy-,Legionaries,The Sovereign,Lunar,1.9,21,2,0.5,0.5,1,1,332,170,162,0,0,3,2,0.0%,210.9,108.0,102.9,0.0,0.0,1.91,1.27,166.0,85.0,81.0,0.0,0.0,1.5,1.0,2,2,1.27,1.27,1.0,1.0
Contender,RSC006784,KittyMeowMeow360,Zebras,Safari,Lunar,0.8,29,2,0.067,0.0,0,2,390,190,200,1,0,1,4,25.0%,179.4,87.4,92.0,0.46,0.0,0.46,1.84,195.0,95.0,100.0,0.5,0.0,0.5,2.0,2,10,0.92,4.6,1.0,5.0
Contender,RSC006022,N0MrThomasMn,"Legionaries
Sketch Squad","The Sovereign
Art Club",Lunar,-0.6,50,4,0.594,0.75,3,1,719,280,439,0,1,4,3,0.0%,191.8,74.7,117.1,0.0,0.27,1.07,0.8,179.8,70.0,109.8,0.0,0.25,1.0,0.75,9,7,2.4,1.87,2.25,1.75
Challenger,RSC005655,Oneplayamaker,Hydras,The Forest,Solar,108.7,845,58,0.668,0.621,36,22,25822,15340,10482,79,40,67,209,37.8%,450.7,267.7,182.9,1.38,0.7,1.17,3.65,445.2,264.5,180.7,1.36,0.69,1.16,3.6,163,104,2.84,1.82,2.81,1.79
Challenger,RSC007628,PappaSly420,Solstice Sake,5 O'clock Nowhere,Solar,101.3,203,12,0.836,1.0,12,0,5080,3320,1760,14,14,13,57,24.6%,369.1,241.2,127.9,1.02,1.02,0.94,4.14,423.3,276.7,146.7,1.17,1.17,1.08,4.75,46,16,3.34,1.16,3.83,1.33
Challenger,RSC007582,Wavy,Toucans,The Jungle,Solar,81.4,682,47,0.622,0.596,28,19,18327,10610,7717,48,28,59,146,32.9%,396.3,229.4,166.9,1.04,0.61,1.28,3.16,389.9,225.7,164.2,1.02,0.6,1.26,3.11,119,86,2.57,1.86,2.53,1.83
Challenger,RSC006490,Dayz,Menear Frijoles,The Quad Dynasty,Lunar,80.9,350,24,0.579,0.5,12,12,9229,4820,4409,17,18,30,72,23.6%,388.9,203.1,185.8,0.72,0.76,1.26,3.03,384.5,200.8,183.7,0.71,0.75,1.25,3.0,59,48,2.49,2.02,2.46,2.0
Challenger,RSC006490,Dayz,Menear Frijoles,The Quad Dynasty,Lunar,80.9,350,24,0.579,0.5,12,12,9229,4820,4409,17,18,30,72,23.6%,388.9,203.1,185.8,0.72,0.76,1.26,3.03,384.5,200.8,183.7,0.71,0.75,1.25,3.0,59,48,2.49,2.02,2.46,2.0
Challenger,,noName Devotion,Melodics,The Pit,Lunar,80.2,57,4,0.746,0.75,3,1,1501,910,591,4,3,5,11,36.4%,388.4,235.5,152.9,1.03,0.78,1.29,2.85,375.3,227.5,147.8,1.0,0.75,1.25,2.75,12,6,3.1,1.55,3.0,1.5
Challenger,RSC005513,TV_ImpactReapz,Havarti Hustlers,Cheese Guild,Lunar,79.0,771,55,0.542,0.545,30,25,20981,12190,8791,47,36,84,149,31.5%,401.3,233.2,168.2,0.9,0.69,1.61,2.85,381.5,221.6,159.8,0.85,0.65,1.53,2.71,126,113,2.41,2.16,2.29,2.05
Challenger,RSC006464,vAirwick,Jock O Lanterns,Ghoul School,Solar,78.2,535,39,0.581,0.538,21,18,13798,7810,5988,36,28,36,101,35.6%,380.4,215.3,165.1,0.99,0.77,0.99,2.78,353.8,200.3,153.5,0.92,0.72,0.92,2.59,103,84,2.84,2.32,2.64,2.15
Challenger,,SHAdohwj_,"Chromatic Chaos
Gluons","Art Club
The Quantum State",Solar,76.2,792,51,0.494,0.51,26,25,21588,12320,9268,52,33,80,147,35.4%,402.0,229.4,172.6,0.97,0.61,1.49,2.74,423.3,241.6,181.7,1.02,0.65,1.57,2.88,133,135,2.48,2.51,2.61,2.65
Challenger,RSC005526,Vortex3524,Zombies,The Monster Mash,Lunar,74.1,808,52,0.443,0.423,22,30,20200,11860,8340,52,39,62,161,32.3%,368.7,216.5,152.2,0.95,0.71,1.13,2.94,388.5,228.1,160.4,1.0,0.75,1.19,3.1,129,149,2.35,2.72,2.48,2.87
Challenger,RSC002413,dafiya711,Lions,Safari,Lunar,73.4,683,51,0.611,0.588,30,21,17938,10280,7658,47,22,61,143,32.9%,387.3,222.0,165.4,1.01,0.48,1.32,3.09,351.7,201.6,150.2,0.92,0.43,1.2,2.8,118,88,2.55,1.9,2.31,1.73
Challenger,,IIIYummyIIII,"Moose Tracks
Apple Associates
Toucans
Zombies
Lions
Melodics","Creme De Bonte
The Syndicate
The Jungle
The Monster Mash
Safari
The Pit",Lunar,73.0,489,32,0.56,0.625,20,12,12245,6890,5355,29,22,38,99,29.3%,369.3,207.8,161.5,0.87,0.66,1.15,2.99,382.7,215.3,167.3,0.91,0.69,1.19,3.09,74,63,2.23,1.9,2.31,1.97
Challenger,RSC007604,RiisenJT,Threshers,Shark Attack,Solar,71.1,847,60,0.527,0.517,31,29,21808,12310,9498,52,31,77,171,30.4%,379.7,214.3,165.4,0.91,0.54,1.34,2.98,363.5,205.2,158.3,0.87,0.52,1.28,2.85,130,121,2.26,2.11,2.17,2.02
Challenger,,Riddimluver,Apple Associates,The Syndicate,Lunar,70.9,958,60,0.657,0.7,42,18,24706,15210,9496,63,41,101,181,34.8%,380.3,234.2,146.2,0.97,0.63,1.55,2.79,411.8,253.5,158.3,1.05,0.68,1.68,3.02,177,116,2.72,1.79,2.95,1.93
Challenger,RSC005521,Sohl,Lions,Safari,Lunar,70.5,567,42,0.64,0.595,25,17,14143,8620,5523,39,24,48,112,34.8%,367.9,224.2,143.7,1.01,0.62,1.25,2.91,336.7,205.2,131.5,0.93,0.57,1.14,2.67,103,71,2.68,1.85,2.45,1.69
Challenger,RSC004890,kamikaze7200,Jock O Lanterns,Ghoul School,Solar,69.4,710,51,0.57,0.549,28,23,18565,10410,8155,45,24,67,136,33.1%,385.6,216.2,169.4,0.93,0.5,1.39,2.83,364.0,204.1,159.9,0.88,0.47,1.31,2.67,120,100,2.49,2.08,2.35,1.96
Challenger,RSC005154,TacoBae,Talent,Production Control Room,Lunar,68.0,818,56,0.457,0.464,26,30,20638,11440,9198,47,37,69,144,32.6%,372.1,206.3,165.8,0.85,0.67,1.24,2.6,368.5,204.3,164.3,0.84,0.66,1.23,2.57,129,144,2.33,2.6,2.3,2.57
Challenger,RSC004790,TheFrostNL,Apple Associates,The Syndicate,Lunar,68.0,902,56,0.652,0.696,39,17,19670,11430,8240,40,57,55,183,21.9%,321.6,186.9,134.7,0.65,0.93,0.9,2.99,351.3,204.1,147.1,0.71,1.02,0.98,3.27,164,109,2.68,1.78,2.93,1.95
Challenger,,Celiscy,Void,Event Horizon,Solar,67.8,539,36,0.685,0.667,24,12,13477,8150,5327,38,20,46,105,36.2%,368.8,223.0,145.8,1.04,0.55,1.26,2.87,374.4,226.4,148.0,1.06,0.56,1.28,2.92,91,54,2.49,1.48,2.53,1.5
Challenger,RSC001933,Ducky,Spearmint,Minty Fresh,Solar,67.7,795,56,0.497,0.536,30,26,21636,12720,8916,57,22,90,142,40.1%,401.4,236.0,165.4,1.06,0.41,1.67,2.63,386.4,227.1,159.2,1.02,0.39,1.61,2.54,117,118,2.17,2.19,2.09,2.11
Challenger,RSC006999,Prezmo_,Pharaohs,Monarchy,Lunar,65.9,783,56,0.469,0.518,29,27,19173,10890,8283,56,24,50,159,35.2%,361.1,205.1,156.0,1.05,0.45,0.94,2.99,342.4,194.5,147.9,1.0,0.43,0.89,2.84,120,130,2.26,2.45,2.14,2.32
Challenger,RSC007001,tankersrul,Squalls,Storm,Solar,65.8,608,40,0.512,0.55,22,18,14583,8490,6093,38,27,44,114,33.3%,353.7,205.9,147.8,0.92,0.65,1.07,2.77,364.6,212.3,152.3,0.95,0.68,1.1,2.85,97,94,2.35,2.28,2.43,2.35
Challenger,RSC006211,Chase,Solstice Sake,5 O'clock Nowhere,Solar,65.7,883,57,0.529,0.526,30,27,22959,12950,10009,55,25,90,170,32.4%,383.5,216.3,167.2,0.92,0.42,1.5,2.84,402.8,227.2,175.6,0.96,0.44,1.58,2.98,138,128,2.3,2.14,2.42,2.25
Challenger,RSC006372,x ARC Fives x,Melodics,The Pit,Lunar,65.7,770,49,0.369,0.327,16,33,19333,11110,8223,52,20,66,161,32.3%,370.3,212.8,157.5,1.0,0.38,1.26,3.08,394.6,226.7,167.8,1.06,0.41,1.35,3.29,103,145,1.97,2.78,2.1,2.96
Challenger,RSC006664,Godless,Toucans,The Jungle,Solar,65.6,760,54,0.623,0.611,33,21,18238,9660,8578,36,36,57,141,25.5%,353.9,187.5,166.5,0.7,0.7,1.11,2.74,337.7,178.9,158.9,0.67,0.67,1.06,2.61,133,96,2.58,1.86,2.46,1.78
Challenger,,MobBossCitrus,Jock O Lanterns,Ghoul School,Solar,65.6,631,46,0.664,0.652,30,16,14155,8260,5895,34,39,36,111,30.6%,330.8,193.1,137.8,0.79,0.91,0.84,2.59,307.7,179.6,128.2,0.74,0.85,0.78,2.41,121,78,2.83,1.82,2.63,1.7
Challenger,RSC007294,CF0UR_,Slow Starfish,Speed Demons,Lunar,65.4,796,56,0.5,0.5,28,28,20882,12600,8282,53,31,89,130,40.8%,386.9,233.5,153.4,0.98,0.57,1.65,2.41,372.9,225.0,147.9,0.95,0.55,1.59,2.32,137,137,2.54,2.54,2.45,2.45
Challenger,RSC004059,turboalpaca,Decuriones,The Sovereign,Lunar,64.7,745,48,0.606,0.688,33,15,18229,10470,7759,44,29,64,142,31.0%,360.9,207.3,153.6,0.87,0.57,1.27,2.81,379.8,218.1,161.6,0.92,0.6,1.33,2.96,126,95,2.49,1.88,2.63,1.98
Challenger,RSC004763,Rmuru-,Slow Starfish,Speed Demons,Lunar,64.5,774,54,0.515,0.519,28,26,19562,11140,8422,53,32,60,124,42.7%,372.7,212.3,160.5,1.01,0.61,1.14,2.36,362.3,206.3,156.0,0.98,0.59,1.11,2.3,140,135,2.67,2.57,2.59,2.5
Challenger,RSC000331,Turtle_Supreme,Meat Lovers,Fifty-Fifty Pizzeria,Lunar,63.5,888,57,0.566,0.561,32,25,20550,12380,8170,55,39,64,173,31.8%,341.3,205.6,135.7,0.91,0.65,1.06,2.87,360.5,217.2,143.3,0.96,0.68,1.12,3.04,145,122,2.41,2.03,2.54,2.14
Challenger,RSC004618,Squirrel,"Chromatic Chaos
Melodics
Talent
Cassowaries
Jock O Lanterns
Slow Starfish","Art Club
The Pit
Production Control Room
Flightless Fowl
Ghoul School
Speed Demons",Solar,61.7,391,28,0.565,0.571,16,12,9956,5510,4446,24,15,35,61,39.3%,375.5,207.8,167.7,0.91,0.57,1.32,2.3,355.6,196.8,158.8,0.86,0.54,1.25,2.18,72,61,2.72,2.3,2.57,2.18
Challenger,RSC004456,ShazamPoof,Decuriones,The Sovereign,Lunar,61.2,733,47,0.61,0.681,32,15,17064,10300,6764,47,27,56,145,32.4%,343.3,207.2,136.1,0.95,0.54,1.13,2.92,363.1,219.1,143.9,1.0,0.57,1.19,3.09,127,95,2.56,1.91,2.7,2.02
Challenger,RSC007617,lahfi,Lunaria,Flower Road,Lunar,60.5,685,46,0.604,0.609,28,18,15239,8170,7069,30,33,44,132,22.7%,328.1,175.9,152.2,0.65,0.71,0.95,2.84,331.3,177.6,153.7,0.65,0.72,0.96,2.87,116,88,2.5,1.89,2.52,1.91
Challenger,RSC004844,Calicat01,Threshers,Shark Attack,Solar,60.5,813,58,0.535,0.517,30,28,19425,11240,8185,45,32,73,149,30.2%,352.4,203.9,148.5,0.82,0.58,1.32,2.7,334.9,193.8,141.1,0.78,0.55,1.26,2.57,126,115,2.29,2.09,2.17,1.98
Challenger,RSC004844,Calicat01,Threshers,Shark Attack,Solar,60.5,813,58,0.535,0.517,30,28,19425,11240,8185,45,32,73,149,30.2%,352.4,203.9,148.5,0.82,0.58,1.32,2.7,334.9,193.8,141.1,0.78,0.55,1.26,2.57,126,115,2.29,2.09,2.17,1.98
Challenger,,StickyDihhRick,Cassowaries,Flightless Fowl,Solar,58.3,676,43,0.444,0.465,20,23,16141,9320,6821,29,32,74,112,25.9%,352.1,203.3,148.8,0.63,0.7,1.61,2.44,375.4,216.7,158.6,0.67,0.74,1.72,2.6,105,121,2.29,2.64,2.44,2.81
Challenger,RSC004817,crybound,Gluons,The Quantum State,Solar,58.0,600,40,0.536,0.575,23,17,13120,7790,5330,37,24,34,119,31.1%,322.5,191.5,131.0,0.91,0.59,0.84,2.93,328.0,194.8,133.3,0.93,0.6,0.85,2.98,104,95,2.56,2.34,2.6,2.38
Challenger,RSC004817,crybound,Gluons,The Quantum State,Solar,58.0,600,40,0.536,0.575,23,17,13120,7790,5330,37,24,34,119,31.1%,322.5,191.5,131.0,0.91,0.59,0.84,2.93,328.0,194.8,133.3,0.93,0.6,0.85,2.98,104,95,2.56,2.34,2.6,2.38
Challenger,RSC003193,ShiftDrink,Moose Tracks,Creme De Bonte,Solar,58.0,471,33,0.5,0.545,18,15,10303,5530,4773,25,19,23,93,26.9%,322.6,173.2,149.5,0.78,0.59,0.72,2.91,312.2,167.6,144.6,0.76,0.58,0.7,2.82,74,74,2.32,2.32,2.24,2.24
Challenger,RSC007549,Whiffy_RL,"Talent
Threshers","Production Control Room
Shark Attack",Lunar,57.7,563,39,0.513,0.487,19,20,13832,7440,6392,31,19,49,94,33.0%,362.3,194.9,167.4,0.81,0.5,1.28,2.46,354.7,190.8,163.9,0.79,0.49,1.26,2.41,90,87,2.36,2.28,2.31,2.23
Challenger,,DarkOnDisplayRW7,Deceased,Destined,Solar,56.8,893,57,0.571,0.596,34,23,21046,11710,9336,51,28,71,166,30.7%,347.6,193.4,154.2,0.84,0.46,1.17,2.74,369.2,205.4,163.8,0.89,0.49,1.25,2.91,138,114,2.28,1.88,2.42,2.0
Challenger,,slendxa,Meat Lovers,Fifty-Fifty Pizzeria,Lunar,56.7,880,57,0.546,0.544,31,26,20925,11330,9595,42,31,80,158,26.6%,350.7,189.9,160.8,0.7,0.52,1.34,2.65,367.1,198.8,168.3,0.74,0.54,1.4,2.77,141,125,2.36,2.09,2.47,2.19
Challenger,RSC000025,Slayerof666,Apple Associates,The Syndicate,Lunar,56.6,902,56,0.644,0.679,38,18,20968,13110,7858,70,29,61,161,43.5%,342.8,214.4,128.5,1.14,0.47,1.0,2.63,374.4,234.1,140.3,1.25,0.52,1.09,2.88,167,114,2.73,1.86,2.98,2.04
Challenger,RSC006769,baltostorm,Talent,Production Control Room,Lunar,56.6,422,28,0.511,0.5,14,14,10259,5840,4419,22,20,41,59,37.3%,358.5,204.1,154.4,0.77,0.7,1.43,2.06,366.4,208.6,157.8,0.79,0.71,1.46,2.11,70,68,2.45,2.38,2.5,2.43
Challenger,RSC005265,doctorprofessor_,Decuriones,The Sovereign,Lunar,56.6,866,56,0.586,0.679,38,18,20719,11680,9039,43,35,84,143,30.1%,352.9,198.9,153.9,0.73,0.6,1.43,2.44,370.0,208.6,161.4,0.77,0.63,1.5,2.55,142,113,2.42,1.92,2.54,2.02
Challenger,RSC005503,ImLurkinn,Zombies,The Monster Mash,Lunar,56.4,418,28,0.47,0.464,13,15,9699,5170,4529,20,15,33,77,26.0%,342.2,182.4,159.8,0.71,0.53,1.16,2.72,346.4,184.6,161.8,0.71,0.54,1.18,2.75,63,68,2.22,2.4,2.25,2.43
Challenger,RSC005859,LedTasso,Jock O Lanterns,Ghoul School,Solar,56.0,569,40,0.637,0.575,23,17,12320,7190,5130,34,21,32,114,29.8%,319.3,186.4,133.0,0.88,0.54,0.83,2.95,308.0,179.8,128.3,0.85,0.53,0.8,2.85,101,70,2.62,1.81,2.53,1.75
Challenger,,Donkeh .,Lions,Safari,Lunar,55.7,606,45,0.561,0.556,25,20,14834,8000,6834,26,24,65,95,27.4%,361.0,194.7,166.3,0.63,0.58,1.58,2.31,329.6,177.8,151.9,0.58,0.53,1.44,2.11,93,79,2.26,1.92,2.07,1.76
Challenger,,-RPV BoneSama,Hydras,The Forest,Solar,54.7,784,54,0.668,0.63,34,20,17319,9810,7509,43,34,49,136,31.6%,325.8,184.5,141.3,0.81,0.64,0.92,2.56,320.7,181.7,139.1,0.8,0.63,0.91,2.52,152,97,2.86,1.82,2.81,1.8
Challenger,RSC006928,Thunderbolt,Havarti Hustlers,Cheese Guild,Lunar,54.7,798,55,0.55,0.564,31,24,17720,9850,7870,41,32,54,145,28.3%,327.5,182.0,145.4,0.76,0.59,1.0,2.68,322.2,179.1,143.1,0.75,0.58,0.98,2.64,132,116,2.44,2.14,2.4,2.11
Challenger,RSC004885,slowlow24,Lunaria,Flower Road,Lunar,54.6,760,52,0.597,0.635,33,19,17333,9880,7453,42,23,61,148,28.4%,336.4,191.7,144.6,0.82,0.45,1.18,2.87,333.3,190.0,143.3,0.81,0.44,1.17,2.85,128,99,2.48,1.92,2.46,1.9
Challenger,RSC006625,FrogDrivesCar,Moose Tracks,Creme De Bonte,Solar,54.3,745,53,0.44,0.434,23,30,18759,10210,8549,39,24,80,111,35.1%,371.4,202.1,169.2,0.77,0.48,1.58,2.2,353.9,192.6,161.3,0.74,0.45,1.51,2.09,108,126,2.14,2.49,2.04,2.38
Challenger,,Irozuh.,Hydras,The Forest,Solar,54.0,751,51,0.656,0.588,30,21,16914,9540,7374,36,34,60,124,29.0%,332.2,187.3,144.8,0.71,0.67,1.18,2.44,331.6,187.1,144.6,0.71,0.67,1.18,2.43,145,96,2.85,1.89,2.84,1.88
Challenger,RSC007313,xNunYaBidn3ss,Toucans,The Jungle,Solar,53.4,216,17,0.523,0.471,8,9,4894,2480,2414,7,9,19,38,18.4%,334.2,169.3,164.8,0.48,0.61,1.3,2.59,287.9,145.9,142.0,0.41,0.53,1.12,2.24,35,33,2.39,2.25,2.06,1.94
Challenger,RSC005059,TechFour,Lunaria,Flower Road,Lunar,53.3,869,58,0.574,0.586,34,24,19230,10920,8310,52,31,52,157,33.1%,326.4,185.3,141.0,0.88,0.53,0.88,2.66,331.6,188.3,143.3,0.9,0.53,0.9,2.71,142,117,2.41,1.99,2.45,2.02
Challenger,RSC007647,I'm Pale,Lunaria,Flower Road,Lunar,51.7,362,24,0.451,0.417,10,14,8321,4910,3411,22,10,31,66,33.3%,339.0,200.0,139.0,0.9,0.41,1.26,2.69,346.7,204.6,142.1,0.92,0.42,1.29,2.75,52,59,2.12,2.4,2.17,2.46
Challenger,,OksanoNQ,Gluons,The Quantum State,Solar,51.5,848,56,0.497,0.518,29,27,19921,11100,8821,43,22,83,155,27.7%,346.5,193.0,153.4,0.75,0.38,1.44,2.7,355.7,198.2,157.5,0.77,0.39,1.48,2.77,138,139,2.4,2.42,2.46,2.48
Challenger,RSC006583,DaScrappyDoo15,Melodics,The Pit,Lunar,51.5,630,42,0.352,0.31,13,29,14333,7670,6663,31,24,47,102,30.4%,335.5,179.6,156.0,0.73,0.56,1.1,2.39,341.3,182.6,158.6,0.74,0.57,1.12,2.43,88,129,2.06,3.02,2.1,3.07
Challenger,,Canadian.,Meat Lovers,Fifty-Fifty Pizzeria,Lunar,51.5,704,45,0.581,0.578,26,19,15450,9030,6420,42,24,47,128,32.8%,323.7,189.2,134.5,0.88,0.5,0.98,2.68,343.3,200.7,142.7,0.93,0.53,1.04,2.84,121,98,2.53,2.05,2.69,2.18
Challenger,,master_ibk810,Slow Starfish,Speed Demons,Lunar,50.9,644,45,0.553,0.578,26,19,14640,7950,6690,34,21,48,110,30.9%,335.3,182.1,153.2,0.78,0.48,1.1,2.52,325.3,176.7,148.7,0.76,0.47,1.07,2.44,122,107,2.79,2.45,2.71,2.38
Challenger,RSC004888,AgentAnime07,"Zombies
Cassowaries","The Monster Mash
Flightless Fowl",Solar,49.2,702,48,0.435,0.458,22,26,16045,9720,6325,42,26,63,107,39.3%,337.1,204.2,132.9,0.88,0.55,1.32,2.25,334.3,202.5,131.8,0.88,0.54,1.31,2.23,112,132,2.35,2.77,2.33,2.75
Challenger,,ItsJustSticky.,Pharaohs,Monarchy,Lunar,49.1,839,60,0.471,0.517,31,29,18735,10320,8415,36,29,76,147,24.5%,329.3,181.4,147.9,0.63,0.51,1.34,2.58,312.3,172.0,140.3,0.6,0.48,1.27,2.45,130,140,2.29,2.46,2.17,2.33
Challenger,RSC000426,struttrl,Void,Event Horizon,Solar,48.7,823,56,0.543,0.5,28,28,18463,10110,8353,34,31,76,136,25.0%,330.9,181.2,149.7,0.61,0.56,1.36,2.44,329.7,180.5,149.2,0.61,0.55,1.36,2.43,118,105,2.11,1.88,2.11,1.88
Challenger,RSC002412,Rosefanatic3615,Solstice Sake,5 O'clock Nowhere,Solar,48.3,919,59,0.519,0.525,31,28,19556,10770,8786,50,36,49,152,32.9%,313.8,172.8,141.0,0.8,0.58,0.79,2.44,331.5,182.5,148.9,0.85,0.61,0.83,2.58,145,138,2.33,2.21,2.46,2.34
Challenger,RSC002841,dyl,Cassowaries,Flightless Fowl,Solar,48.3,702,48,0.394,0.458,22,26,16627,9770,6857,43,22,67,102,42.2%,349.3,205.3,144.1,0.9,0.46,1.41,2.14,346.4,203.5,142.9,0.9,0.46,1.4,2.13,98,129,2.06,2.71,2.04,2.69
Challenger,RSC007253,Theexgrizz,Apple Associates,The Syndicate,Lunar,48.3,56,4,0.731,0.75,3,1,1226,570,656,2,3,3,7,28.6%,322.9,150.1,172.8,0.53,0.79,0.79,1.84,306.5,142.5,164.0,0.5,0.75,0.75,1.75,13,7,3.42,1.84,3.25,1.75
Challenger,RSC006643,Napkhan,Void,Event Horizon,Solar,48.2,716,49,0.562,0.51,25,24,16415,9470,6945,39,18,68,127,30.7%,338.1,195.1,143.1,0.8,0.37,1.4,2.62,335.0,193.3,141.7,0.8,0.37,1.39,2.59,104,88,2.14,1.81,2.12,1.8
Challenger,,Pelex,Spearmint,Minty Fresh,Solar,47.9,601,42,0.554,0.643,27,15,14383,8100,6283,23,23,76,85,27.1%,353.0,198.8,154.2,0.56,0.56,1.86,2.09,342.5,192.9,149.6,0.55,0.55,1.81,2.02,90,78,2.21,1.91,2.14,1.86
Challenger,RSC006535,Westandalone0,Deceased,Destined,Solar,46.3,851,54,0.56,0.593,32,22,18601,10640,7961,43,30,69,139,30.9%,322.4,184.4,138.0,0.75,0.52,1.2,2.41,344.5,197.0,147.4,0.8,0.56,1.28,2.57,129,110,2.24,1.91,2.39,2.04
Challenger,RSC002427,Free.,Squalls,Storm,Solar,44.9,658,45,0.47,0.511,23,22,15140,8730,6410,40,12,60,113,35.4%,339.3,195.7,143.7,0.9,0.27,1.34,2.53,336.4,194.0,142.4,0.89,0.27,1.33,2.51,101,109,2.26,2.44,2.24,2.42
Challenger,RSC000812,LustLizard,Gluons,The Quantum State,Solar,44.9,865,58,0.5,0.517,30,28,18166,10850,7316,43,33,69,145,29.7%,309.7,185.0,124.7,0.73,0.56,1.18,2.47,313.2,187.1,126.1,0.74,0.57,1.19,2.5,143,143,2.44,2.44,2.47,2.47
Challenger,RSC006883,Kit,Trippy Hippies,Vibe Tribe,Lunar,44.7,786,54,0.393,0.315,17,37,17244,9460,7784,37,20,67,141,26.2%,323.6,177.5,146.1,0.69,0.38,1.26,2.65,319.3,175.2,144.1,0.69,0.37,1.24,2.61,101,134,1.9,2.51,1.87,2.48
Challenger,,Kingtutt97,Menear Frijoles,The Quad Dynasty,Lunar,44.7,811,56,0.463,0.393,22,34,18460,10720,7740,44,19,80,137,32.1%,335.7,194.9,140.8,0.8,0.35,1.45,2.49,329.6,191.4,138.2,0.79,0.34,1.43,2.45,120,132,2.18,2.4,2.14,2.36
Challenger,,cam. rellim.,Melodics,The Pit,Lunar,44.3,62,4,0.37,0.25,1,3,1725,870,855,2,1,11,7,28.6%,410.3,207.0,203.4,0.48,0.24,2.62,1.67,431.3,217.5,213.8,0.5,0.25,2.75,1.75,7,10,1.67,2.38,1.75,2.5
Challenger,RSC006747,Panda,Toucans,The Jungle,Solar,43.7,788,55,0.613,0.6,33,22,16314,9500,6814,49,24,41,135,36.3%,305.3,177.8,127.5,0.92,0.45,0.77,2.53,296.6,172.7,123.9,0.89,0.44,0.75,2.45,134,99,2.51,1.85,2.44,1.8
Challenger,RSC007118,Vampress Maru,Solstice Sake,5 O'clock Nowhere,Solar,42.8,421,28,0.442,0.393,11,17,8681,4880,3801,20,18,27,63,31.7%,304.1,171.0,133.2,0.7,0.63,0.95,2.21,310.0,174.3,135.8,0.71,0.64,0.96,2.25,62,72,2.17,2.52,2.21,2.57
Challenger,RSC006067,ShinxX403,Panda Bears,The Bear Den,Lunar,42.6,422,26,0.361,0.346,9,17,9303,5460,3843,19,16,43,61,31.1%,325.1,190.8,134.3,0.66,0.56,1.5,2.13,357.8,210.0,147.8,0.73,0.62,1.65,2.35,57,82,1.99,2.87,2.19,3.15
Challenger,RSC002386,Gidderrrs,Zombies,The Monster Mash,Lunar,42.6,127,10,0.575,0.6,6,4,2458,1300,1158,3,7,9,20,15.0%,285.4,151.0,134.5,0.35,0.81,1.05,2.32,245.8,130.0,115.8,0.3,0.7,0.9,2.0,23,19,2.67,2.21,2.3,1.9
Challenger,RSC001955,Witha ^~^,Chromatic Chaos,Art Club,Solar,42.1,229,15,0.332,0.4,6,9,4797,2450,2347,11,8,12,35,31.4%,308.9,157.8,151.2,0.71,0.52,0.77,2.25,319.8,163.3,156.5,0.73,0.53,0.8,2.33,31,48,2.0,3.09,2.07,3.2
Challenger,RSC001955,Witha ^~^,Chromatic Chaos,Art Club,Solar,42.1,229,15,0.332,0.4,6,9,4797,2450,2347,11,8,12,35,31.4%,308.9,157.8,151.2,0.71,0.52,0.77,2.25,319.8,163.3,156.5,0.73,0.53,0.8,2.33,31,48,2.0,3.09,2.07,3.2
Challenger,RSC006244,Whiite Bear,Deceased,Destined,Solar,40.5,548,37,0.539,0.541,20,17,11557,5930,5627,25,16,35,88,28.4%,311.0,159.6,151.4,0.67,0.43,0.94,2.37,312.4,160.3,152.1,0.68,0.43,0.95,2.38,82,74,2.21,1.99,2.22,2.0
Challenger,RSC007626,ACDye2,Squalls,Storm,Solar,40.2,713,49,0.443,0.49,24,25,15692,8430,7262,27,20,72,113,23.9%,324.6,174.4,150.2,0.56,0.41,1.49,2.34,320.2,172.0,148.2,0.55,0.41,1.47,2.31,107,124,2.21,2.56,2.18,2.53
Challenger,,Zone Killa,Pharaohs,Monarchy,Lunar,39.6,813,58,0.479,0.534,31,27,17717,10180,7537,36,31,79,108,33.3%,321.4,184.7,136.7,0.65,0.56,1.43,1.96,305.5,175.5,129.9,0.62,0.53,1.36,1.86,128,135,2.32,2.45,2.21,2.33
Challenger,RSC007370,Jarrod81535,Trippy Hippies,Vibe Tribe,Lunar,39.3,835,57,0.399,0.333,19,38,18663,10930,7733,45,17,85,133,33.8%,329.6,193.1,136.6,0.79,0.3,1.5,2.35,327.4,191.8,135.7,0.79,0.3,1.49,2.33,112,146,1.98,2.58,1.96,2.56
Challenger,RSC006754,Razalgould,"Cassowaries
Talent","Flightless Fowl
Production Control Room",Lunar,39.3,372,27,0.5,0.519,14,13,7888,4420,3468,19,11,28,57,33.3%,312.7,175.2,137.5,0.75,0.44,1.11,2.26,292.1,163.7,128.4,0.7,0.41,1.04,2.11,57,57,2.26,2.26,2.11,2.11
Challenger,RSC003450,ChronoElevated,Trippy Hippies,Vibe Tribe,Lunar,39.0,307,21,0.396,0.286,6,15,6659,3790,2869,19,8,21,44,43.2%,319.9,182.1,137.8,0.91,0.38,1.01,2.11,317.1,180.5,136.6,0.9,0.38,1.0,2.1,51,66,2.45,3.17,2.43,3.14
Challenger,RSC004704,Financial Greed,Pharaohs,Monarchy,Lunar,38.9,82,6,0.413,0.333,2,4,1584,720,864,2,4,4,12,16.7%,284.9,129.5,155.4,0.36,0.72,0.72,2.16,264.0,120.0,144.0,0.33,0.67,0.67,2.0,12,15,2.16,2.7,2.0,2.5
Challenger,RSC007307,Jmh187-,Chromatic Chaos,Art Club,Solar,38.8,762,47,0.478,0.489,23,24,16680,10180,6500,42,17,78,123,34.1%,322.8,197.0,125.8,0.81,0.33,1.51,2.38,354.9,216.6,138.3,0.89,0.36,1.66,2.62,120,127,2.32,2.46,2.55,2.7
Challenger,RSC007307,Jmh187-,Chromatic Chaos,Art Club,Solar,38.8,762,47,0.478,0.489,23,24,16680,10180,6500,42,17,78,123,34.1%,322.8,197.0,125.8,0.81,0.33,1.51,2.38,354.9,216.6,138.3,0.89,0.36,1.66,2.62,120,127,2.32,2.46,2.55,2.7
Challenger,RSC005219,iargue,Moose Tracks,Creme De Bonte,Solar,38.5,367,26,0.404,0.385,10,16,7526,4240,3286,16,12,29,59,27.1%,302.4,170.4,132.1,0.64,0.48,1.17,2.37,289.5,163.1,126.4,0.62,0.46,1.12,2.27,49,63,1.97,2.53,1.88,2.42
Challenger,RSC006322,Lorak,Deceased,Destined,Solar,37.5,502,31,0.536,0.516,16,15,10005,5940,4065,24,14,39,89,27.0%,293.9,174.5,119.4,0.71,0.41,1.15,2.61,322.7,191.6,131.1,0.77,0.45,1.26,2.87,79,72,2.32,2.12,2.55,2.32
Challenger,RSC007065,Rampage,Menear Frijoles,The Quad Dynasty,Lunar,37.5,606,42,0.458,0.405,17,25,13033,7730,5303,28,17,63,93,30.1%,317.2,188.1,129.1,0.68,0.41,1.53,2.26,310.3,184.0,126.3,0.67,0.4,1.5,2.21,86,96,2.09,2.34,2.05,2.29
Challenger,RSC006088,CasualNudist,Havarti Hustlers,Cheese Guild,Lunar,37.1,610,43,0.561,0.558,24,19,13219,7630,5589,35,15,50,88,39.8%,319.6,184.5,135.1,0.85,0.36,1.21,2.13,307.4,177.4,130.0,0.81,0.35,1.16,2.05,103,88,2.49,2.13,2.4,2.05
Challenger,RSC006810,SynK Reaper,Moose Tracks,Creme De Bonte,Solar,36.5,90,6,0.36,0.333,2,4,1962,1170,792,4,3,10,12,33.3%,321.5,191.7,129.8,0.66,0.49,1.64,1.97,327.0,195.0,132.0,0.67,0.5,1.67,2.0,11,16,1.8,2.62,1.83,2.67
Challenger,RSC007593,DJ L1T,Void,Event Horizon,Solar,36.3,241,17,0.585,0.529,9,8,4897,2740,2157,8,12,21,29,27.6%,299.7,167.7,132.0,0.49,0.73,1.29,1.77,288.1,161.2,126.9,0.47,0.71,1.24,1.71,40,32,2.45,1.96,2.35,1.88
Challenger,RSC007406,junior1000gsxr,Gluons,The Quantum State,Solar,36.1,239,17,0.409,0.353,6,11,5121,3010,2111,17,4,15,36,47.2%,316.0,185.7,130.3,1.05,0.25,0.93,2.22,301.2,177.1,124.2,1.0,0.24,0.88,2.12,34,43,2.1,2.65,2.0,2.53
Challenger,,Il Rogue lI,"Melodics
Moose Tracks","The Pit
Creme De Bonte",Lunar,35.9,120,7,0.277,0.429,3,4,2533,1390,1143,5,1,12,24,20.8%,311.3,170.8,140.5,0.61,0.12,1.47,2.95,361.9,198.6,163.3,0.71,0.14,1.71,3.43,11,21,1.35,2.58,1.57,3.0
Challenger,RSC000111,Wheelchair {LFLegs},Menear Frijoles,The Quad Dynasty,Lunar,35.5,189,12,0.459,0.417,5,7,4230,2420,1810,9,4,21,27,33.3%,330.1,188.8,141.2,0.7,0.31,1.64,2.11,352.5,201.7,150.8,0.75,0.33,1.75,2.25,26,29,2.03,2.26,2.17,2.42
Challenger,,thejeansman,Panda Bears,The Bear Den,Lunar,35.3,85,6,0.231,0.333,2,4,2052,1290,762,5,2,12,9,55.6%,356.0,223.8,132.2,0.87,0.35,2.08,1.56,342.0,215.0,127.0,0.83,0.33,2.0,1.5,10,21,1.74,3.64,1.67,3.5
Challenger,RSC001031,AB26Panther,Moose Tracks,Creme De Bonte,Solar,35.2,719,51,0.437,0.431,22,29,14722,7610,7112,27,23,54,106,25.5%,302.0,156.1,145.9,0.55,0.47,1.11,2.17,288.7,149.2,139.5,0.53,0.45,1.06,2.08,101,119,2.07,2.44,1.98,2.33
Challenger,RSC006475,Coyote_Scat,Decuriones,The Sovereign,Lunar,34.7,452,29,0.593,0.69,20,9,9907,5700,4207,22,12,46,60,36.7%,323.3,186.0,137.3,0.72,0.39,1.5,1.96,341.6,196.6,145.1,0.76,0.41,1.59,2.07,73,57,2.38,1.86,2.52,1.97
Challenger,RSC007509,MrKlutchez,Squalls,Storm,Solar,32.9,664,46,0.404,0.457,21,25,13731,7710,6021,27,21,61,91,29.7%,305.0,171.2,133.7,0.6,0.47,1.35,2.02,298.5,167.6,130.9,0.59,0.46,1.33,1.98,91,117,2.02,2.6,1.98,2.54
Challenger,RSC002736,chulainn,Metal,The Elements,Solar,32.5,663,46,0.243,0.239,11,35,15136,7580,7556,27,14,68,78,34.6%,336.7,168.6,168.1,0.6,0.31,1.51,1.74,329.0,164.8,164.3,0.59,0.3,1.48,1.7,62,131,1.38,2.91,1.35,2.85
Challenger,RSC007525,BulletNote,Zombies,The Monster Mash,Lunar,32.2,694,44,0.405,0.341,15,29,14138,7960,6178,31,23,56,91,34.1%,300.4,169.2,131.3,0.66,0.49,1.19,1.93,321.3,180.9,140.4,0.7,0.52,1.27,2.07,101,129,2.15,2.74,2.3,2.93
Challenger,RSC002897,VickyViksta,Panda Bears,The Bear Den,Lunar,30.5,700,46,0.327,0.261,12,34,14929,8340,6589,33,13,68,99,33.3%,314.5,175.7,138.8,0.7,0.27,1.43,2.09,324.5,181.3,143.2,0.72,0.28,1.48,2.15,84,134,1.77,2.82,1.83,2.91
Challenger,RSC002897,VickyViksta,Panda Bears,The Bear Den,Lunar,30.5,700,46,0.327,0.261,12,34,14929,8340,6589,33,13,68,99,33.3%,314.5,175.7,138.8,0.7,0.27,1.43,2.09,324.5,181.3,143.2,0.72,0.28,1.48,2.15,84,134,1.77,2.82,1.83,2.91
Challenger,RSC006777,AlteredSp4rky,Lions,Safari,Lunar,30.4,500,37,0.532,0.514,19,18,9362,4630,4732,16,18,28,73,21.9%,276.1,136.6,139.6,0.47,0.53,0.83,2.15,253.0,125.1,127.9,0.43,0.49,0.76,1.97,75,69,2.21,2.04,2.03,1.86
Challenger,RSC000347,Chris.,"Zombies
Chromatic Chaos","The Monster Mash
Art Club",Lunar,30.3,462,30,0.481,0.467,14,16,8835,4960,3875,21,17,28,61,34.4%,282.0,158.3,123.7,0.67,0.54,0.89,1.95,294.5,165.3,129.2,0.7,0.57,0.93,2.03,81,85,2.59,2.71,2.7,2.83
Challenger,,BusterChugs,Spearmint,Minty Fresh,Solar,30.1,708,50,0.496,0.54,27,23,14905,7490,7415,31,15,54,94,33.0%,310.5,156.0,154.5,0.65,0.31,1.12,1.96,298.1,149.8,148.3,0.62,0.3,1.08,1.88,103,104,2.15,2.17,2.06,2.08
Challenger,RSC005747,TxAggie,Talent,Production Control Room,Lunar,30.1,593,43,0.404,0.395,17,26,13163,7290,5873,23,17,70,64,35.9%,327.4,181.3,146.1,0.57,0.42,1.74,1.59,306.1,169.5,136.6,0.53,0.4,1.63,1.49,85,109,2.11,2.71,1.98,2.53
Challenger,RSC006072,AveX InceptionZ,Menear Frijoles,The Quad Dynasty,Lunar,29.7,681,46,0.486,0.413,19,27,13184,7390,5794,35,16,41,104,33.7%,285.5,160.0,125.5,0.76,0.35,0.89,2.25,286.6,160.7,126.0,0.76,0.35,0.89,2.26,108,112,2.34,2.43,2.35,2.43
Challenger,RSC003387,Redline,"Threshers
Void","Shark Attack
Event Horizon",Solar,29.6,454,31,0.375,0.355,11,20,9245,4680,4565,13,13,42,63,20.6%,300.3,152.0,148.3,0.42,0.42,1.36,2.05,298.2,151.0,147.3,0.42,0.42,1.35,2.03,48,68,1.56,2.21,1.55,2.19
Challenger,,Mick,Cassowaries,Flightless Fowl,Solar,29.6,572,38,0.454,0.526,20,18,11272,6110,5162,22,17,45,81,27.2%,290.6,157.5,133.1,0.57,0.44,1.16,2.09,296.6,160.8,135.8,0.58,0.45,1.18,2.13,88,99,2.27,2.55,2.32,2.61
Challenger,RSC000357,Primed,Havarti Hustlers,Cheese Guild,Lunar,28.6,392,27,0.431,0.407,11,16,7389,3810,3579,16,10,22,61,26.2%,278.0,143.3,134.7,0.6,0.38,0.83,2.3,273.7,141.1,132.6,0.59,0.37,0.81,2.26,56,67,2.11,2.52,2.07,2.48
Challenger,RSC000221,Treefrog,Hydras,The Forest,Solar,28.2,200,14,0.527,0.571,8,6,4067,1960,2107,5,4,19,31,16.1%,299.9,144.5,155.4,0.37,0.29,1.4,2.29,290.5,140.0,150.5,0.36,0.29,1.36,2.21,29,27,2.14,1.99,2.07,1.93
Challenger,RSC003929,WhovianCat,Slow Starfish,Speed Demons,Lunar,27.7,295,21,0.373,0.333,7,14,5778,3070,2708,8,15,25,27,29.6%,288.9,153.5,135.4,0.4,0.75,1.25,1.35,275.1,146.2,129.0,0.38,0.71,1.19,1.29,45,62,2.25,3.1,2.14,2.95
Challenger,,TunedUpTuck,Panda Bears,The Bear Den,Lunar,27.2,714,47,0.353,0.319,15,32,14601,8240,6361,31,19,66,89,34.8%,301.6,170.2,131.4,0.64,0.39,1.36,1.84,310.7,175.3,135.3,0.66,0.4,1.4,1.89,87,129,1.8,2.66,1.85,2.74
Challenger,RSC007442,willbong,Solstice Sake,5 O'clock Nowhere,Solar,27.0,379,24,0.356,0.375,9,15,6852,3510,3342,7,15,30,56,12.5%,266.6,136.6,130.0,0.27,0.58,1.17,2.18,285.5,146.3,139.3,0.29,0.63,1.25,2.33,47,69,1.83,2.69,1.96,2.88
Challenger,RSC007457,Fyooze,Threshers,Shark Attack,Solar,26.6,591,41,0.516,0.512,21,20,10214,5350,4864,24,20,21,90,26.7%,254.9,133.5,121.4,0.6,0.5,0.52,2.25,249.1,130.5,118.6,0.59,0.49,0.51,2.2,99,95,2.47,2.37,2.41,2.32
Challenger,RSC007499,Jumpshot ATL,Chromatic Chaos,Art Club,Solar,25.2,637,41,0.449,0.512,21,20,11412,6480,4932,29,21,33,88,33.0%,264.2,150.0,114.2,0.67,0.49,0.76,2.04,278.3,158.0,120.3,0.71,0.51,0.8,2.15,103,117,2.38,2.71,2.51,2.85
Challenger,RSC007741,NuKEy,Deceased,Destined,Solar,24.6,17,1,0.287,0.0,0,1,382,180,202,0,0,3,3,0.0%,331.4,156.2,175.2,0.0,0.0,2.6,2.6,382.0,180.0,202.0,0.0,0.0,3.0,3.0,1,2,0.87,1.74,1.0,2.0
Challenger,,ImZalama,Panda Bears,The Bear Den,Lunar,23.9,286,20,0.352,0.25,5,15,5995,3260,2735,11,7,30,31,35.5%,309.1,168.1,141.0,0.57,0.36,1.55,1.6,299.8,163.0,136.8,0.55,0.35,1.5,1.55,35,52,1.8,2.68,1.75,2.6
Challenger,RSC003424,Fryder,Metal,The Elements,Solar,23.7,732,50,0.249,0.26,13,37,15599,7870,7729,24,11,80,92,26.1%,314.3,158.6,155.7,0.48,0.22,1.61,1.85,312.0,157.4,154.6,0.48,0.22,1.6,1.84,65,136,1.31,2.74,1.3,2.72
Challenger,,Dofrl,Panda Bears,The Bear Den,Lunar,21.4,478,32,0.335,0.344,11,21,8880,4490,4390,11,12,42,69,15.9%,274.0,138.5,135.4,0.34,0.37,1.3,2.13,277.5,140.3,137.2,0.34,0.38,1.31,2.16,57,89,1.76,2.75,1.78,2.78
Challenger,RSC007431,xPotatodactylx,Spearmint,Minty Fresh,Solar,20.3,419,29,0.406,0.379,11,18,7854,4270,3584,13,12,37,52,25.0%,276.4,150.3,126.2,0.46,0.42,1.3,1.83,270.8,147.2,123.6,0.45,0.41,1.28,1.79,58,74,2.04,2.6,2.0,2.55
Challenger,RSC007432,DeshelledTurtle,"Moose Tracks
Spearmint","Creme De Bonte
Minty Fresh",Solar,19.1,59,4,0.378,0.25,1,3,1063,540,523,2,1,4,9,22.2%,265.7,135.0,130.7,0.5,0.25,1.0,2.25,265.8,135.0,130.8,0.5,0.25,1.0,2.25,8,11,2.0,2.75,2.0,2.75
Challenger,RSC005881,Jay-Dea,"Talent
Moose Tracks","Production Control Room
Creme De Bonte",Solar,17.6,100,6,0.312,0.333,2,4,1864,1070,794,5,0,8,17,29.4%,274.9,157.8,117.1,0.74,0.0,1.18,2.51,310.7,178.3,132.3,0.83,0.0,1.33,2.83,10,17,1.47,2.51,1.67,2.83
Challenger,RSC003295,ConfuciusDragon,Trippy Hippies,Vibe Tribe,Lunar,16.7,688,48,0.392,0.313,15,33,12942,6170,6772,16,18,58,77,20.8%,277.4,132.3,145.2,0.34,0.39,1.24,1.65,269.6,128.5,141.1,0.33,0.38,1.21,1.6,87,116,1.86,2.49,1.81,2.42
Challenger,RSC005335,R4p,Melodics,The Pit,Lunar,15.2,506,34,0.356,0.353,12,22,9491,5270,4221,14,17,51,47,29.8%,276.6,153.6,123.0,0.41,0.5,1.49,1.37,279.1,155.0,124.1,0.41,0.5,1.5,1.38,68,99,1.98,2.89,2.0,2.91
Challenger,RSC007560,ObiWan_Can_O_Bee,Metal,The Elements,Solar,14.8,699,48,0.258,0.229,11,37,13680,6920,6760,21,12,69,77,27.3%,288.6,146.0,142.6,0.44,0.25,1.46,1.62,285.0,144.2,140.8,0.44,0.25,1.44,1.6,66,133,1.39,2.81,1.38,2.77
Challenger,RSC000962,pythagorjags,Meat Lovers,Fifty-Fifty Pizzeria,Lunar,14.5,253,16,0.244,0.188,3,13,4366,2490,1876,6,7,24,34,17.6%,254.5,145.2,109.4,0.35,0.41,1.4,1.98,272.9,155.6,117.3,0.38,0.44,1.5,2.13,22,47,1.28,2.74,1.38,2.94
Challenger,RSC003127,Lim,Melodics,The Pit,Lunar,14.3,374,24,0.325,0.292,7,17,6764,3550,3214,10,9,33,45,22.2%,266.7,140.0,126.7,0.39,0.35,1.3,1.77,281.8,147.9,133.9,0.42,0.38,1.38,1.88,50,79,1.97,3.12,2.08,3.29
Challenger,RSC002543,TyTy.,Chromatic Chaos,Art Club,Solar,13.6,155,11,0.339,0.364,4,7,2816,1570,1246,5,4,14,17,29.4%,267.9,149.4,118.6,0.48,0.38,1.33,1.62,256.0,142.7,113.3,0.45,0.36,1.27,1.55,24,36,2.28,3.43,2.18,3.27
Challenger,RSC000253,musah,Meat Lovers,Fifty-Fifty Pizzeria,Lunar,11.7,43,4,0.808,0.75,3,1,813,380,433,2,1,2,3,66.7%,278.8,130.3,148.5,0.69,0.34,0.69,1.03,203.3,95.0,108.3,0.5,0.25,0.5,0.75,8,3,2.74,1.03,2.0,0.75
Challenger,RSC004303,Shogun,Metal,The Elements,Solar,6.9,510,36,0.322,0.278,10,26,9253,4810,4443,9,9,58,56,16.1%,267.6,139.1,128.5,0.26,0.26,1.68,1.62,257.0,133.6,123.4,0.25,0.25,1.61,1.56,50,83,1.45,2.4,1.39,2.31
Challenger,RSC005648,ChadGPT,Zombies,The Monster Mash,Lunar,3.0,52,3,0.404,0.667,2,1,787,410,377,2,1,2,6,33.3%,223.2,116.3,106.9,0.57,0.28,0.57,1.7,262.3,136.7,125.7,0.67,0.33,0.67,2.0,7,9,1.99,2.55,2.33,3.0
Challenger,RSC007329,JDM.vibe,Chromatic Chaos,Art Club,Solar,-0.3,125,8,0.564,0.5,4,4,2198,1090,1108,4,2,10,9,44.4%,259.3,128.6,130.7,0.47,0.24,1.18,1.06,274.8,136.3,138.5,0.5,0.25,1.25,1.13,19,16,2.24,1.89,2.38,2.0
Challenger,RSC004509,tazlien,Melodics,The Pit,Lunar,-12.3,108,8,0.246,0.25,2,6,1391,490,901,0,3,5,9,0.0%,190.0,66.9,123.0,0.0,0.41,0.68,1.23,173.9,61.3,112.6,0.0,0.38,0.63,1.13,10,21,1.37,2.87,1.25,2.63
Challenger,RSC001768,MoldyPBJ,Meat Lovers,Fifty-Fifty Pizzeria,Lunar,-35.1,16,1,0.896,1.0,1,0,78,30,48,0,0,0,3,0.0%,71.9,27.7,44.2,0.0,0.0,0.0,2.77,78.0,30.0,48.0,0.0,0.0,0.0,3.0,4,1,3.69,0.92,4.0,1.0
Challenger,RSC001768,MoldyPBJ,Meat Lovers,Fifty-Fifty Pizzeria,Lunar,-35.1,16,1,0.896,1.0,1,0,78,30,48,0,0,0,3,0.0%,71.9,27.7,44.2,0.0,0.0,0.0,2.77,78.0,30.0,48.0,0.0,0.0,0.0,3.0,4,1,3.69,0.92,4.0,1.0
Challenger,RSC005915,BromzaTheOldMan,Gluons,The Quantum State,Solar,-61.4,17,1,0.047,0.0,0,1,80,10,70,0,0,0,1,0.0%,69.4,8.7,60.7,0.0,0.0,0.0,0.87,80.0,10.0,70.0,0.0,0.0,0.0,1.0,1,6,0.87,5.21,1.0,6.0
Challenger,RSC005915,BromzaTheOldMan,Gluons,The Quantum State,Solar,-61.4,17,1,0.047,0.0,0,1,80,10,70,0,0,0,1,0.0%,69.4,8.7,60.7,0.0,0.0,0.0,0.87,80.0,10.0,70.0,0.0,0.0,0.0,1.0,1,6,0.87,5.21,1.0,6.0
Amateur,,oofitsfine,Aloof Goofs,Vibe Tribe,,92.3,111,8,0.566,0.5,4,4,3910,2590,1320,17,5,6,34,50.0%,457.5,303.0,154.4,1.99,0.58,0.7,3.98,488.8,323.8,165.0,2.13,0.63,0.75,4.25,27,23,3.16,2.69,3.38,2.88
Amateur,RSC007119,EvilSuperman_,Astro Amber Ales,5 O'clock Nowhere,,79.7,723,56,0.527,0.518,29,27,21333,12820,8513,58,50,62,142,40.8%,383.2,230.3,152.9,1.04,0.9,1.11,2.55,380.9,228.9,152.0,1.04,0.89,1.11,2.54,154,144,2.77,2.59,2.75,2.57
Amateur,RSC007635,MungsApprentice,Surprise,The Elements,,76.1,678,53,0.484,0.434,23,30,20259,11180,9079,45,29,75,148,30.4%,388.0,214.1,173.9,0.86,0.56,1.44,2.83,382.2,210.9,171.3,0.85,0.55,1.42,2.79,121,126,2.32,2.41,2.28,2.38
Amateur,RSC007284,7aco104,Garlic Knots,Fifty-Fifty Pizzeria,,75.4,689,54,0.725,0.815,44,10,21193,13480,7713,81,26,47,173,46.8%,399.5,254.1,145.4,1.53,0.49,0.89,3.26,392.5,249.6,142.8,1.5,0.48,0.87,3.2,170,92,3.2,1.73,3.15,1.7
Amateur,RSC007537,yoshawatt,Kiwis,Flightless Fowl,,72.6,738,55,0.587,0.545,30,25,22562,14230,8332,90,27,42,178,50.6%,397.0,250.4,146.6,1.58,0.48,0.74,3.13,410.2,258.7,151.5,1.64,0.49,0.76,3.24,175,141,3.08,2.48,3.18,2.56
Amateur,RSC007538,FattyMcChef04,Garlic Knots,Fifty-Fifty Pizzeria,,66.0,706,55,0.716,0.8,44,11,18131,10450,7681,45,43,49,135,33.3%,333.5,192.2,141.3,0.83,0.79,0.9,2.48,329.7,190.0,139.7,0.82,0.78,0.89,2.45,171,95,3.15,1.75,3.11,1.73
Amateur,,Dracula,"Amaranth
Astro Amber Ales","Flower Road
5 O'clock Nowhere",,65.3,416,31,0.688,0.742,23,8,11143,6830,4313,39,20,20,93,41.9%,347.9,213.2,134.6,1.22,0.62,0.62,2.9,359.5,220.3,139.1,1.26,0.65,0.65,3.0,106,65,3.31,2.03,3.42,2.1
Amateur,RSC007562,th3lofty,Amaranth,Flower Road,,65.2,646,50,0.585,0.6,30,20,18441,10640,7801,54,20,59,129,41.9%,370.7,213.9,156.8,1.09,0.4,1.19,2.59,368.8,212.8,156.0,1.08,0.4,1.18,2.58,139,112,2.79,2.25,2.78,2.24
Amateur,RSC007440,MeanBachine,Sacrificed,Destined,,64.8,750,56,0.517,0.5,28,28,21457,12440,9017,68,25,58,149,45.6%,371.5,215.4,156.1,1.18,0.43,1.0,2.58,383.2,222.1,161.0,1.21,0.45,1.04,2.66,147,141,2.55,2.44,2.63,2.52
Amateur,,Ander,"Astro Amber Ales
Aloof Goofs","5 O'clock Nowhere
Vibe Tribe",,62.8,730,56,0.472,0.411,23,33,19590,11030,8560,46,32,73,118,39.0%,348.5,196.2,152.3,0.82,0.57,1.3,2.1,349.8,197.0,152.9,0.82,0.57,1.3,2.11,139,149,2.47,2.65,2.48,2.66
Amateur,RSC006375,Rich-Rollin6060,Sacrificed,Destined,,61.7,750,56,0.517,0.5,28,28,19881,11540,8341,57,32,57,139,41.0%,344.2,199.8,144.4,0.99,0.55,0.99,2.41,355.0,206.1,148.9,1.02,0.57,1.02,2.48,147,141,2.55,2.44,2.63,2.52
Amateur,,The-Manimal,Amaranth,Flower Road,,61.6,714,55,0.582,0.582,32,23,18220,10510,7710,50,36,47,136,36.8%,331.4,191.2,140.2,0.91,0.65,0.85,2.47,331.3,191.1,140.2,0.91,0.65,0.85,2.47,148,120,2.69,2.18,2.69,2.18
Amateur,,Heimfari,Astro Amber Ales,5 O'clock Nowhere,,55.4,723,56,0.527,0.518,29,27,18226,10490,7736,57,26,42,139,41.0%,327.4,188.4,139.0,1.02,0.47,0.75,2.5,325.5,187.3,138.1,1.02,0.46,0.75,2.48,154,144,2.77,2.59,2.75,2.57
Amateur,RSC007581,Wrecklessjay02,Hyenas,Safari,,51.9,608,48,0.399,0.417,20,28,15210,8500,6710,45,12,43,125,36.0%,324.9,181.6,143.3,0.96,0.26,0.92,2.67,316.9,177.1,139.8,0.94,0.25,0.9,2.6,101,131,2.16,2.8,2.1,2.73
Amateur,RSC007220,maxf,Garlic Knots,Fifty-Fifty Pizzeria,,50.0,517,41,0.74,0.805,33,8,11846,7130,4716,38,23,26,88,43.2%,297.6,179.1,118.5,0.95,0.58,0.65,2.21,288.9,173.9,115.0,0.93,0.56,0.63,2.15,133,69,3.34,1.73,3.24,1.68
Amateur,RSC007464,MoonKnight2,Hyenas,Safari,,49.7,578,45,0.436,0.467,21,24,13896,7180,6716,28,20,52,78,35.9%,312.2,161.3,150.9,0.63,0.45,1.17,1.75,308.8,159.6,149.2,0.62,0.44,1.16,1.73,103,121,2.31,2.72,2.29,2.69
Amateur,RSC007463,xproteusx05,"Surprise
Amaranth","The Elements
Flower Road",,48.7,358,27,0.512,0.444,12,15,8259,4750,3509,27,14,14,65,41.5%,299.6,172.3,127.3,0.98,0.51,0.51,2.36,305.9,175.9,130.0,1.0,0.52,0.52,2.41,70,68,2.54,2.47,2.59,2.52
Amateur,,im_link42,Hyenas,Safari,,47.9,395,31,0.362,0.355,11,20,9462,5140,4322,19,11,44,49,38.8%,311.1,169.0,142.1,0.62,0.36,1.45,1.61,305.2,165.8,139.4,0.61,0.35,1.42,1.58,56,81,1.84,2.66,1.81,2.61
Amateur,RSC007462,Lil DizNick,Surprise,The Elements,,47.4,693,54,0.469,0.407,22,32,16418,9320,7098,52,18,39,127,40.9%,307.7,174.7,133.0,0.97,0.34,0.73,2.38,304.0,172.6,131.4,0.96,0.33,0.72,2.35,122,132,2.29,2.47,2.26,2.44
Amateur,RSC007513,Russ,Kiwis,Flightless Fowl,,46.5,723,54,0.573,0.537,29,25,15833,9090,6743,42,30,45,114,36.8%,284.4,163.3,121.1,0.75,0.54,0.81,2.05,293.2,168.3,124.9,0.78,0.56,0.83,2.11,171,143,3.07,2.57,3.17,2.65
Amateur,RSC003175,WaterHydrates.,Surprise,The Elements,,42.9,130,11,0.426,0.455,5,6,3215,1610,1605,9,1,9,21,42.9%,321.2,160.8,160.3,0.9,0.1,0.9,2.1,292.3,146.4,145.9,0.82,0.09,0.82,1.91,25,30,2.5,3.0,2.27,2.73
Amateur,RSC007574,Memlo UwU,Kiwis,Flightless Fowl,,41.4,318,25,0.43,0.44,11,14,6426,3400,3026,16,14,12,50,32.0%,262.4,138.9,123.6,0.65,0.57,0.49,2.04,257.0,136.0,121.0,0.64,0.56,0.48,2.0,64,76,2.61,3.1,2.56,3.04
Amateur,RSC007632,yournewSTEPDADDI,Kiwis,Flightless Fowl,,39.8,468,34,0.623,0.588,20,14,9584,5520,4064,28,17,23,72,38.9%,265.9,153.2,112.8,0.78,0.47,0.64,2.0,281.9,162.4,119.5,0.82,0.5,0.68,2.12,118,87,3.27,2.41,3.47,2.56
Amateur,,EtherealDoom989,Aloof Goofs,Vibe Tribe,,34.4,394,31,0.183,0.226,7,24,8253,3500,4753,12,8,29,45,26.7%,272.0,115.4,156.7,0.4,0.26,0.96,1.48,266.2,112.9,153.3,0.39,0.26,0.94,1.45,47,118,1.55,3.89,1.52,3.81
Amateur,,IVI Stolris YT,Hyenas,Safari,,30.4,567,44,0.459,0.455,20,24,10341,5860,4481,28,18,29,71,39.4%,236.9,134.2,102.6,0.64,0.41,0.66,1.63,235.0,133.2,101.8,0.64,0.41,0.66,1.61,100,111,2.29,2.54,2.27,2.52
Amateur,,SAMCRO-8640,Aloof Goofs,Vibe Tribe,,28.5,102,8,0.026,0.0,0,8,2056,1010,1046,3,0,12,11,27.3%,261.8,128.6,133.2,0.38,0.0,1.53,1.4,257.0,126.3,130.8,0.38,0.0,1.5,1.38,4,38,0.51,4.84,0.5,4.75
Amateur,RSC007216,ASAPxLEG,Sacrificed,Destined,,27.4,585,43,0.496,0.465,20,23,9468,5310,4158,16,26,38,51,31.4%,210.2,117.9,92.3,0.36,0.58,0.84,1.13,220.2,123.5,96.7,0.37,0.6,0.88,1.19,112,113,2.49,2.51,2.6,2.63
Amateur,RSC006533,kalandor4,Aloof Goofs,Vibe Tribe,,24.9,120,9,0.448,0.444,4,5,1756,970,786,3,6,5,12,25.0%,190.0,105.0,85.1,0.32,0.65,0.54,1.3,195.1,107.8,87.3,0.33,0.67,0.56,1.33,21,24,2.27,2.6,2.33,2.67
Amateur,RSC007529,Loid Crismuss,Garlic Knots,Fifty-Fifty Pizzeria,,23.0,236,18,0.65,0.778,14,4,3866,2120,1746,10,5,11,32,31.3%,212.7,116.7,96.1,0.55,0.28,0.61,1.76,214.8,117.8,97.0,0.56,0.28,0.61,1.78,48,32,2.64,1.76,2.67,1.78
Amateur,RSC007534,murphalayycious,Amaranth,Flower Road,,22.1,459,38,0.563,0.526,20,18,7300,3670,3630,12,11,28,52,23.1%,206.5,103.8,102.7,0.34,0.31,0.79,1.47,192.1,96.6,95.5,0.32,0.29,0.74,1.37,85,72,2.4,2.04,2.24,1.89
Amateur,,Demonikgoat4061,Aloof Goofs,Vibe Tribe,,18.8,652,49,0.194,0.163,8,41,10485,5430,5055,24,13,35,63,38.1%,208.8,108.2,100.7,0.48,0.26,0.7,1.25,214.0,110.8,103.2,0.49,0.27,0.71,1.29,80,192,1.59,3.82,1.63,3.92
Amateur,RSC007587,ShortyoShire,Surprise,The Elements,,14.4,486,39,0.478,0.462,18,21,6862,3680,3182,15,12,23,43,34.9%,183.4,98.3,85.0,0.4,0.32,0.61,1.15,175.9,94.4,81.6,0.38,0.31,0.59,1.1,87,92,2.32,2.46,2.23,2.36
Amateur,RSC007554,TheBipolarNuke,Sacrificed,Destined,,10.5,165,13,0.587,0.615,8,5,2190,1220,970,6,3,6,17,35.3%,172.4,96.0,76.3,0.47,0.24,0.47,1.34,168.5,93.8,74.6,0.46,0.23,0.46,1.31,35,28,2.75,2.2,2.69,2.15
Amateur,RSC007542,omoplatypus818,Aloof Goofs,Vibe Tribe,,-10.3,288,23,0.061,0.043,1,22,2578,1170,1408,5,3,9,7,71.4%,116.2,52.8,63.5,0.23,0.14,0.41,0.32,112.1,50.9,61.2,0.22,0.13,0.39,0.3,21,109,0.95,4.92,0.91,4.74
Amateur,RSC007678,SavedHawk,"Astro Amber Ales
Surprise","5 O'clock Nowhere
The Elements",,-14.3,85,6,0.298,0.167,1,5,480,180,300,0,2,1,3,0.0%,73.3,27.5,45.8,0.0,0.31,0.15,0.46,80.0,30.0,50.0,0.0,0.33,0.17,0.5,15,25,2.29,3.82,2.5,4.17
Amateur,RSC007533,Mamakazzi,Astro Amber Ales,5 O'clock Nowhere,,-27.7,153,12,0.167,0.0,0,12,451,200,251,0,2,2,0,,38.3,17.0,21.3,0.0,0.17,0.17,0.0,37.6,16.7,20.9,0.0,0.17,0.17,0.0,19,50,1.61,4.24,1.58,4.17
