Tier,RSC ID,Player Name,Team(s),Franchise(s),Conf.,Div,SBV,TS,GP,TS/GP,PWE,W%,W,L,MVPs,P,SP,NP,G,A,Sv,Sh,Sh%,P/A,SP/A,NP/A,G/A,A/A,Sv/A,S/A,PPG,SPPG,NPPG,GPG,APG,SvPG,ShPG,tm_G,opp_G,tm_G/A,opp_G/A,tm_G/G,opp_G/G,opp_S,opp_S/A,opp_S/G,opp_S%
Premier,RSC008343,surreal,Capybaras,The Jungle,N/A,N/A,108.03,719,44,16.34,0.529,0.614,27,17,21,22532,12300,10232,51,30,80,170,0.300,527.04,287.70,239.33,1.19,0.70,1.87,3.98,512.09,279.55,232.55,1.16,0.68,1.82,3.86,110,88,2.57,2.06,2.50,2.00,331,7.74,7.52,0.27
Premier,RSC000978,leaf,Megalodons,Shark Attack,N/A,N/A,101.13,102,8,12.75,0.668,0.875,7,1,4,3105,1680,1425,6,7,12,13,0.462,511.95,277.00,234.96,0.99,1.15,1.98,2.14,388.13,210.00,178.13,0.75,0.88,1.50,1.63,22,10,3.63,1.65,2.75,1.25,50,8.24,6.25,0.20
Premier,RSC000462,kruncho,Punks,The Pit,N/A,N/A,84.06,133,8,16.63,0.610,0.875,7,1,1,3209,1820,1389,8,6,8,32,0.250,405.78,230.14,175.64,1.01,0.76,1.01,4.05,401.13,227.50,173.63,1.00,0.75,1.00,4.00,25,15,3.16,1.90,3.13,1.88,54,6.83,6.75,0.28
Premier,RSC000128,Tylurr,Long Beards,Dwarf Haven,N/A,N/A,77.56,1031,56,18.41,0.567,0.696,39,17,18,27139,16110,11029,60,37,126,196,0.306,442.70,262.79,179.91,0.98,0.60,2.06,3.20,484.63,287.68,196.95,1.07,0.66,2.25,3.50,165,94,2.69,1.53,2.95,1.68,452,7.37,8.07,0.21
Premier,RSC000579,Cryptt.,Double Mint,Minty Fresh,N/A,N/A,71.03,815,46,17.72,0.531,0.609,28,18,10,18468,11440,7028,37,38,84,164,0.226,381.09,236.07,145.03,0.76,0.78,1.73,3.38,401.48,248.70,152.78,0.80,0.83,1.83,3.57,123,97,2.54,2.00,2.67,2.11,364,7.51,7.91,0.27
Premier,RSC008244,Oghma,Crooked Capos,The Syndicate,N/A,N/A,70.99,679,40,16.98,0.506,0.550,22,18,12,17370,9870,7500,32,27,84,112,0.286,430.23,244.47,185.76,0.79,0.67,2.08,2.77,434.25,246.75,187.50,0.80,0.68,2.10,2.80,93,89,2.30,2.20,2.33,2.23,368,9.11,9.20,0.24
Premier,RSC003334,vidhawk rl,Double Mint,Minty Fresh,N/A,N/A,70.19,891,52,17.13,0.526,0.577,30,22,14,20672,12100,8572,57,34,59,175,0.326,390.19,228.39,161.80,1.08,0.64,1.11,3.30,397.54,232.69,164.85,1.10,0.65,1.13,3.37,135,110,2.55,2.08,2.60,2.12,397,7.49,7.63,0.28
Premier,RSC003780,FusionBleach,Punks,The Pit,N/A,N/A,70.04,796,46,17.30,0.504,0.522,24,22,13,19313,10890,8423,43,34,71,134,0.321,408.04,230.08,177.96,0.91,0.72,1.50,2.83,419.85,236.74,183.11,0.93,0.74,1.54,2.91,107,104,2.26,2.20,2.33,2.26,419,8.85,9.11,0.25
Premier,RSC005920,The Alpha,Long Beards,Dwarf Haven,N/A,N/A,69.01,977,52,18.79,0.563,0.673,35,17,14,23450,14040,9410,60,31,91,194,0.309,403.66,241.68,161.98,1.03,0.53,1.57,3.34,450.96,270.00,180.96,1.15,0.60,1.75,3.73,155,92,2.67,1.58,2.98,1.77,431,7.42,8.29,0.21
Premier,RSC007575,chip!,Super Clusters,The Cosmos,N/A,N/A,66.58,65,4,16.25,0.427,0.250,1,3,0,1467,680,787,2,3,4,13,0.154,379.57,175.94,203.63,0.52,0.78,1.03,3.36,366.75,170.00,196.75,0.50,0.75,1.00,3.25,10,13,2.59,3.36,2.50,3.25,28,7.24,7.00,0.46
Premier,RSC007382,takeeover,Gummy Bears,The Bear Den,N/A,N/A,58.33,66,4,16.50,0.500,0.250,1,3,0,1503,760,743,2,4,6,6,0.333,382.99,193.66,189.33,0.51,1.02,1.53,1.53,375.75,190.00,185.75,0.50,1.00,1.50,1.50,9,9,2.29,2.29,2.25,2.25,36,9.17,9.00,0.25
Premier,RSC005170,FrenchyNF,Gummy Bears,The Bear Den,N/A,N/A,58.24,851,56,15.20,0.499,0.446,25,31,10,19415,10600,8815,38,33,77,130,0.292,383.69,209.48,174.21,0.75,0.65,1.52,2.57,346.70,189.29,157.41,0.68,0.59,1.38,2.32,116,117,2.29,2.31,2.07,2.09,428,8.46,7.64,0.27
Premier,RSC000181,Eclipse,Gummy Bears,The Bear Den,N/A,N/A,57.29,785,52,15.10,0.499,0.462,24,28,7,17023,9430,7593,36,29,60,138,0.261,364.70,202.03,162.67,0.77,0.62,1.29,2.96,327.37,181.35,146.02,0.69,0.56,1.15,2.65,107,108,2.29,2.31,2.06,2.08,392,8.40,7.54,0.28
Premier,RSC001605,Reeves,Punks,The Pit,N/A,N/A,56.51,871,50,17.42,0.508,0.560,28,22,10,20310,11160,9150,40,29,88,131,0.305,392.16,215.48,176.67,0.77,0.56,1.70,2.53,406.20,223.20,183.00,0.80,0.58,1.76,2.62,123,115,2.37,2.22,2.46,2.30,449,8.67,8.98,0.26
Premier,RSC008139,Oibu,Gummy Bears,The Bear Den,N/A,N/A,56.49,851,56,15.20,0.499,0.446,25,31,8,19730,10840,8890,40,23,84,149,0.268,389.91,214.22,175.69,0.79,0.45,1.66,2.94,352.32,193.57,158.75,0.71,0.41,1.50,2.66,116,117,2.29,2.31,2.07,2.09,428,8.46,7.64,0.27
Premier,RSC001977,T.,Double Mint,Minty Fresh,N/A,N/A,55.07,827,49,16.88,0.529,0.592,29,20,6,17577,9540,8037,37,33,57,134,0.276,357.45,194.01,163.44,0.75,0.67,1.16,2.73,358.71,194.69,164.02,0.76,0.67,1.16,2.73,129,103,2.62,2.09,2.63,2.10,367,7.46,7.49,0.28
Premier,RSC002050,Goobz,Super Clusters,The Cosmos,N/A,N/A,54.79,65,4,16.25,0.427,0.250,1,3,0,1179,580,599,1,5,3,8,0.125,305.05,150.07,154.98,0.26,1.29,0.78,2.07,294.75,145.00,149.75,0.25,1.25,0.75,2.00,10,13,2.59,3.36,2.50,3.25,28,7.24,7.00,0.46
Premier,RSC002714,Nika,Crooked Capos,The Syndicate,N/A,N/A,53.97,909,52,17.48,0.492,0.462,24,28,4,19612,10590,9022,37,35,74,144,0.257,362.85,195.93,166.92,0.68,0.65,1.37,2.66,377.15,203.65,173.50,0.71,0.67,1.42,2.77,117,125,2.16,2.31,2.25,2.40,496,9.18,9.54,0.25
Premier,RSC008634,LEUMYY,Megalodons,Shark Attack,N/A,N/A,51.68,348,20,17.40,0.454,0.350,7,13,2,7538,4260,3278,16,7,32,71,0.225,364.29,205.87,158.42,0.77,0.34,1.55,3.43,376.90,213.00,163.90,0.80,0.35,1.60,3.55,40,53,1.93,2.56,2.00,2.65,179,8.65,8.95,0.30
Premier,RSC006534,FIN0oo,Megalodons,Shark Attack,N/A,N/A,50.75,863,52,16.60,0.462,0.404,21,31,8,19730,10690,9040,30,26,102,129,0.233,384.49,208.32,176.17,0.58,0.51,1.99,2.51,379.42,205.58,173.85,0.58,0.50,1.96,2.48,97,132,1.89,2.57,1.87,2.54,459,8.94,8.83,0.29
Premier,RSC004215,Tsheg,Capybaras,The Jungle,N/A,N/A,50.35,658,40,16.45,0.522,0.575,23,17,7,14049,7850,6199,32,19,52,110,0.291,359.08,200.64,158.44,0.82,0.49,1.33,2.81,351.23,196.25,154.98,0.80,0.48,1.30,2.75,99,84,2.53,2.15,2.48,2.10,302,7.72,7.55,0.28
Premier,RSC001903,Plasma,Crooked Capos,The Syndicate,N/A,N/A,49.75,686,38,18.05,0.482,0.447,17,21,5,14677,8260,6417,30,25,61,96,0.313,359.82,202.50,157.32,0.74,0.61,1.50,2.35,386.24,217.37,168.87,0.79,0.66,1.61,2.53,86,98,2.11,2.40,2.26,2.58,370,9.07,9.74,0.26
Premier,RSC006970,Sniz,Super Clusters,The Cosmos,N/A,N/A,49.44,806,44,18.32,0.453,0.341,15,29,7,17272,8990,8282,30,25,68,134,0.224,360.39,187.58,172.81,0.63,0.52,1.42,2.80,392.55,204.32,188.23,0.68,0.57,1.55,3.05,91,130,1.90,2.71,2.07,2.95,403,8.41,9.16,0.32
Premier,RSC003804,ayylo,Punks,The Pit,N/A,N/A,46.19,940,54,17.41,0.504,0.556,30,24,7,19513,11250,8263,36,34,93,130,0.277,349.11,201.28,147.84,0.64,0.61,1.66,2.33,361.35,208.33,153.02,0.67,0.63,1.72,2.41,133,129,2.38,2.31,2.46,2.39,484,8.66,8.96,0.27
Premier,RSC008513,sigms,Long Beards,Dwarf Haven,N/A,N/A,45.05,1031,56,18.41,0.567,0.696,39,17,6,18214,9930,8284,38,50,41,158,0.241,297.11,161.98,135.13,0.62,0.82,0.67,2.58,325.25,177.32,147.93,0.68,0.89,0.73,2.82,165,94,2.69,1.53,2.95,1.68,452,7.37,8.07,0.21
Premier,RSC000672,JK,Long Beards,Dwarf Haven,N/A,N/A,42.41,54,4,13.50,0.829,1.000,4,0,1,1204,670,534,3,1,5,7,0.429,374.98,208.67,166.31,0.93,0.31,1.56,2.18,301.00,167.50,133.50,0.75,0.25,1.25,1.75,10,2,3.11,0.62,2.50,0.50,21,6.54,5.25,0.10
Premier,RSC005499,R0cket,Capybaras,The Jungle,N/A,N/A,41.77,525,32,16.41,0.480,0.531,17,15,1,10105,5630,4475,19,20,40,73,0.260,323.70,180.35,143.35,0.61,0.64,1.28,2.34,315.78,175.94,139.84,0.59,0.63,1.25,2.28,69,79,2.21,2.53,2.16,2.47,277,8.87,8.66,0.29
Premier,RSC007924,Kaorix,Megalodons,Shark Attack,N/A,N/A,40.87,460,29,15.86,0.451,0.448,13,16,3,9839,5460,4379,20,7,47,76,0.263,359.72,199.62,160.10,0.73,0.26,1.72,2.78,339.28,188.28,151.00,0.69,0.24,1.62,2.62,50,70,1.83,2.56,1.72,2.41,254,9.29,8.76,0.28
Premier,RSC006087,DoorTK,Double Mint,Minty Fresh,N/A,N/A,38.75,140,9,15.56,0.478,0.333,3,6,0,2627,1310,1317,4,5,9,21,0.190,315.57,157.37,158.21,0.48,0.60,1.08,2.52,291.89,145.56,146.33,0.44,0.56,1.00,2.33,18,20,2.16,2.40,2.00,2.22,63,7.57,7.00,0.32
Premier,RSC005100,Fluffy,Super Clusters,The Cosmos,N/A,N/A,36.28,783,43,18.21,0.442,0.326,14,29,5,15229,8370,6859,21,26,79,102,0.206,327.10,179.78,147.32,0.45,0.56,1.70,2.19,354.16,194.65,159.51,0.49,0.60,1.84,2.37,86,133,1.85,2.86,2.00,3.09,405,8.70,9.42,0.33
Premier,RSC007893,solar722,Super Clusters,The Cosmos,N/A,N/A,35.68,740,40,18.50,0.433,0.300,12,28,3,14462,7880,6582,35,9,52,133,0.263,328.68,179.09,149.59,0.80,0.20,1.18,3.02,361.55,197.00,164.55,0.88,0.23,1.30,3.33,77,127,1.75,2.89,1.93,3.18,408,9.27,10.20,0.31
Premier,RSC003749,Rule,Crooked Capos,The Syndicate,N/A,N/A,35.33,453,26,17.42,0.480,0.346,9,17,3,9177,4910,4267,18,10,40,61,0.295,340.70,182.29,158.41,0.67,0.37,1.49,2.26,352.96,188.85,164.12,0.69,0.38,1.54,2.35,55,63,2.04,2.34,2.12,2.42,254,9.43,9.77,0.25
Premier,RSC007282,.krs,Megalodons,Shark Attack,N/A,N/A,33.68,486,27,18.00,0.470,0.407,11,16,3,8782,4830,3952,15,16,37,68,0.221,303.90,167.14,136.76,0.52,0.55,1.28,2.35,325.26,178.89,146.37,0.56,0.59,1.37,2.52,57,70,1.97,2.42,2.11,2.59,247,8.55,9.15,0.28
Premier,RSC000996,GreenSleeves,Punks,The Pit,N/A,N/A,31.45,146,10,14.60,0.406,0.400,4,6,0,2765,1470,1295,5,3,12,22,0.227,318.50,169.33,149.17,0.58,0.35,1.38,2.53,276.50,147.00,129.50,0.50,0.30,1.20,2.20,17,27,1.96,3.11,1.70,2.70,79,9.10,7.90,0.34
Premier,RSC004208,Super,Capybaras,The Jungle,N/A,N/A,27.90,778,48,16.21,0.507,0.542,26,22,2,14359,7700,6659,23,22,68,90,0.256,310.39,166.45,143.95,0.50,0.48,1.47,1.95,299.15,160.42,138.73,0.48,0.46,1.42,1.88,107,101,2.31,2.18,2.23,2.10,384,8.30,8.00,0.26
Premier,RSC005187,3565336c98822fdd,Super Clusters,The Cosmos,N/A,N/A,19.96,67,4,16.75,0.231,0.250,1,3,0,1179,640,539,2,1,6,9,0.222,295.94,160.65,135.30,0.50,0.25,1.51,2.26,294.75,160.00,134.75,0.50,0.25,1.50,2.25,4,13,1.00,3.26,1.00,3.25,39,9.79,9.75,0.33
Premier,RSC003008,GeneralZippy,Megalodons,Shark Attack,N/A,N/A,19.51,330,20,16.50,0.360,0.200,4,16,1,5642,2720,2922,10,5,20,47,0.213,287.53,138.62,148.91,0.51,0.25,1.02,2.40,282.10,136.00,146.10,0.50,0.25,1.00,2.35,25,61,1.27,3.11,1.25,3.05,188,9.58,9.40,0.32
Premier,RSC004132,RobFromRSC,Super Clusters,The Cosmos,N/A,N/A,16.41,180,9,20.00,0.344,0.111,1,8,0,3338,1970,1368,6,1,22,22,0.273,311.88,184.06,127.82,0.56,0.09,2.06,2.06,370.89,218.89,152.00,0.67,0.11,2.44,2.44,15,33,1.40,3.08,1.67,3.67,116,10.84,12.89,0.28
Premier,RSC000232,Unexpected,Capybaras,The Jungle,N/A,N/A,0.04,65,4,16.25,0.251,0.000,0,4,0,1124,560,564,1,0,8,6,0.167,290.82,144.89,145.93,0.26,0.00,2.07,1.55,281.00,140.00,141.00,0.25,0.00,2.00,1.50,5,14,1.29,3.62,1.25,3.50,47,12.16,11.75,0.30
Premier,RSC008524,legal account,Super Clusters,The Cosmos,N/A,N/A,-2.56,144,8,18.00,0.242,0.000,0,8,0,2455,1320,1135,3,1,18,7,0.429,286.72,154.16,132.56,0.35,0.12,2.10,0.82,306.88,165.00,141.88,0.38,0.13,2.25,0.88,10,36,1.17,4.20,1.25,4.50,109,12.73,13.63,0.33
Master,RSC002125,Neoblastz,Olympic Knights,The Rising,N/A,N/A,98.81,879,56,15.70,0.551,0.607,34,22,15,25384,14970,10414,63,43,94,182,0.346,471.66,278.16,193.50,1.17,0.80,1.75,3.38,453.29,267.32,185.96,1.13,0.77,1.68,3.25,146,96,2.71,1.78,2.61,1.71,397,7.38,7.09,0.24
Master,RSC006985,not so jucy skep,Kawaii,The Pit,N/A,N/A,91.86,13,1,13.00,0.734,1.000,1,0,0,404,230,174,1,0,2,3,0.333,507.57,288.96,218.61,1.26,0.00,2.51,3.77,404.00,230.00,174.00,1.00,0.00,2.00,3.00,2,1,2.51,1.26,2.00,1.00,8,10.05,8.00,0.13
Master,RSC002490,bex,Nightmare,The Shadows,N/A,N/A,88.89,66,4,16.50,0.500,0.500,2,2,1,1647,860,787,2,4,6,16,0.125,407.58,212.82,194.76,0.49,0.99,1.48,3.96,411.75,215.00,196.75,0.50,1.00,1.50,4.00,9,9,2.23,2.23,2.25,2.25,31,7.67,7.75,0.29
Master,RSC010000,Spoon,Eastern Brown,Venom Lab,N/A,N/A,87.32,986,60,16.43,0.526,0.633,38,22,15,26116,14910,11206,67,46,76,211,0.318,432.60,246.98,185.62,1.11,0.76,1.26,3.50,435.27,248.50,186.77,1.12,0.77,1.27,3.52,169,137,2.80,2.27,2.82,2.28,432,7.16,7.20,0.32
Master,RSC013077,bustt.,"Andromeda
Leviathans","The Cosmos
Mythical","N/A
N/A","N/A
N/A",81.88,283,19,14.89,0.524,0.526,10,9,4,7377,4010,3367,15,15,25,51,0.294,425.75,231.43,194.32,0.87,0.87,1.44,2.94,388.26,211.05,177.21,0.79,0.79,1.32,2.68,45,39,2.60,2.25,2.37,2.05,131,7.56,6.89,0.30
Master,RSC008174,DJ,Blackbirds,Mach Velocity,N/A,N/A,81.47,333,18,18.50,0.562,0.667,12,6,6,8599,5030,3569,22,17,27,63,0.349,421.76,246.71,175.05,1.08,0.83,1.32,3.09,477.72,279.44,198.28,1.22,0.94,1.50,3.50,64,45,3.14,2.21,3.56,2.50,149,7.31,8.28,0.30
Master,RSC008242,Snipes,Andromeda,The Cosmos,N/A,N/A,81.37,778,48,16.21,0.533,0.625,30,18,13,20417,12170,8247,50,35,78,152,0.329,428.62,255.49,173.13,1.05,0.73,1.64,3.19,425.35,253.54,171.81,1.04,0.73,1.63,3.17,132,102,2.77,2.14,2.75,2.13,359,7.54,7.48,0.28
Master,RSC004887,Laser,Diplomats,The King's Court,N/A,N/A,80.05,909,56,16.23,0.516,0.625,35,21,20,24539,13840,10699,53,41,100,149,0.356,440.91,248.68,192.24,0.95,0.74,1.80,2.68,438.20,247.14,191.05,0.95,0.73,1.79,2.66,144,127,2.59,2.28,2.57,2.27,471,8.46,8.41,0.27
Master,RSC000657,Saucey,Heinous Henchmen,The Syndicate,N/A,N/A,74.47,978,60,16.30,0.539,0.633,38,22,15,24829,14220,10609,58,45,89,172,0.337,414.65,237.48,177.17,0.97,0.75,1.49,2.87,413.82,237.00,176.82,0.97,0.75,1.48,2.87,160,115,2.67,1.92,2.67,1.92,457,7.63,7.62,0.25
Master,RSC005524,RaunchyRomanian,"Care Bears
Spectres","The Bear Den
The Monster Mash","N/A
N/A","N/A
N/A",74.08,646,40,16.15,0.489,0.450,18,22,11,16230,8980,7250,34,26,60,128,0.266,410.34,227.04,183.30,0.86,0.66,1.52,3.24,405.75,224.50,181.25,0.85,0.65,1.50,3.20,92,100,2.33,2.53,2.30,2.50,308,7.79,7.70,0.32
Master,RSC000241,Geherpaderp,Olympic Knights,The Rising,N/A,N/A,73.65,845,54,15.65,0.550,0.593,32,22,11,20738,11990,8748,49,38,70,169,0.290,400.84,231.75,169.09,0.95,0.73,1.35,3.27,384.04,222.04,162.00,0.91,0.70,1.30,3.13,141,94,2.73,1.82,2.61,1.74,377,7.29,6.98,0.25
Master,RSC003445,bosco,Battle Masters,Dwarf Haven,N/A,N/A,73.48,64,4,16.00,0.590,0.750,3,1,1,1589,1070,519,6,1,5,17,0.353,405.51,273.06,132.45,1.53,0.26,1.28,4.34,397.25,267.50,129.75,1.50,0.25,1.25,4.25,10,7,2.55,1.79,2.50,1.75,31,7.91,7.75,0.23
Master,RSC008571,Divine.,Spectres,The Monster Mash,N/A,N/A,72.78,758,45,16.84,0.504,0.578,26,19,10,18595,10820,7775,40,28,75,167,0.240,400.67,233.14,167.53,0.86,0.60,1.62,3.60,413.22,240.44,172.78,0.89,0.62,1.67,3.71,99,96,2.13,2.07,2.20,2.13,377,8.12,8.38,0.25
Master,RSC008488,J.Boosted,Nightmare,The Shadows,N/A,N/A,71.72,235,16,14.69,0.406,0.250,4,12,3,6329,3300,3029,11,6,30,40,0.275,439.87,229.35,210.52,0.76,0.42,2.09,2.78,395.56,206.25,189.31,0.69,0.38,1.88,2.50,23,40,1.60,2.78,1.44,2.50,127,8.83,7.94,0.31
Master,RSC007558,Frijole,Eastern Brown,Venom Lab,N/A,N/A,69.31,986,60,16.43,0.526,0.633,38,22,16,23265,13260,10005,51,48,77,191,0.267,385.38,219.65,165.73,0.84,0.80,1.28,3.16,387.75,221.00,166.75,0.85,0.80,1.28,3.18,169,137,2.80,2.27,2.82,2.28,432,7.16,7.20,0.32
Master,RSC008576,Sangani,Heinous Henchmen,The Syndicate,N/A,N/A,68.29,945,58,16.29,0.543,0.655,38,20,15,22379,13070,9309,51,40,81,192,0.266,386.78,225.89,160.89,0.88,0.69,1.40,3.32,385.84,225.34,160.50,0.88,0.69,1.40,3.31,156,109,2.70,1.88,2.69,1.88,447,7.73,7.71,0.24
Master,RSC013076,BOBTHEHUGEMAN,Spectres,The Monster Mash,N/A,N/A,66.82,194,12,16.17,0.420,0.417,5,7,2,4751,2290,2461,4,10,22,29,0.138,399.99,192.79,207.19,0.34,0.84,1.85,2.44,395.92,190.83,205.08,0.33,0.83,1.83,2.42,23,35,1.94,2.95,1.92,2.92,110,9.26,9.17,0.32
Master,RSC005024,SSpekky,Leviathans,Mythical,N/A,N/A,66.43,860,54,15.93,0.496,0.444,24,30,12,21752,11910,9842,51,21,83,161,0.317,413.11,226.19,186.92,0.97,0.40,1.58,3.06,402.81,220.56,182.26,0.94,0.39,1.54,2.98,127,131,2.41,2.49,2.35,2.43,436,8.28,8.07,0.30
Master,RSC008169,Trickter02,Blackbirds,Mach Velocity,N/A,N/A,65.37,865,52,16.63,0.505,0.538,28,24,17,20641,12540,8101,60,25,69,184,0.326,389.74,236.78,152.96,1.13,0.47,1.30,3.47,396.94,241.15,155.79,1.15,0.48,1.33,3.54,136,131,2.57,2.47,2.62,2.52,425,8.02,8.17,0.31
Master,RSC008155,Stormy Wormy.,Andromeda,The Cosmos,N/A,N/A,63.87,852,52,16.38,0.537,0.635,33,19,11,19660,11960,7700,53,41,62,151,0.351,376.88,229.27,147.61,1.02,0.79,1.19,2.89,378.08,230.00,148.08,1.02,0.79,1.19,2.90,148,111,2.84,2.13,2.85,2.13,407,7.80,7.83,0.27
Master,RSC007280,BallChasinq,"Leviathans
Care Bears","Mythical
The Bear Den","N/A
N/A","N/A
N/A",63.22,371,24,15.46,0.527,0.542,13,11,6,8757,5180,3577,22,18,30,58,0.379,385.52,228.04,157.47,0.97,0.79,1.32,2.55,364.88,215.83,149.04,0.92,0.75,1.25,2.42,56,47,2.47,2.07,2.33,1.96,181,7.97,7.54,0.26
Master,RSC006424,RSC Raven,"Captains
Blackbirds","Grand Fleet
Mach Velocity","N/A
N/A","N/A
N/A",62.66,216,12,18.00,0.500,0.333,4,8,2,4761,2990,1771,15,10,11,44,0.341,360.00,226.09,133.91,1.13,0.76,0.83,3.33,396.75,249.17,147.58,1.25,0.83,0.92,3.67,34,34,2.57,2.57,2.83,2.83,98,7.41,8.17,0.35
Master,RSC003125,GrandPlat,Andromeda,The Cosmos,N/A,N/A,61.76,547,34,16.09,0.542,0.588,20,14,6,12979,7280,5699,23,26,57,83,0.277,387.54,217.37,170.17,0.69,0.78,1.70,2.48,381.74,214.12,167.62,0.68,0.76,1.68,2.44,94,70,2.81,2.09,2.76,2.06,262,7.82,7.71,0.27
Master,RSC007099,kolm,Captains,Grand Fleet,N/A,N/A,61.63,907,54,16.80,0.499,0.444,24,30,12,21734,12540,9194,53,29,83,164,0.323,391.37,225.81,165.56,0.95,0.52,1.49,2.95,402.48,232.22,170.26,0.98,0.54,1.54,3.04,127,128,2.29,2.30,2.35,2.37,454,8.18,8.41,0.28
Master,RSC005349,Rzemb1e,Glacier Mint,Minty Fresh,N/A,N/A,60.95,987,60,16.45,0.503,0.550,33,27,18,23993,13720,10273,61,28,90,172,0.355,397.03,227.04,170.00,1.01,0.46,1.49,2.85,399.88,228.67,171.22,1.02,0.47,1.50,2.87,141,138,2.33,2.28,2.35,2.30,490,8.11,8.17,0.28
Master,RSC002620,The CZD,Leviathans,Mythical,N/A,N/A,60.51,290,18,16.11,0.500,0.389,7,11,2,6837,4050,2787,16,11,28,50,0.320,385.06,228.10,156.96,0.90,0.62,1.58,2.82,379.83,225.00,154.83,0.89,0.61,1.56,2.78,49,49,2.76,2.76,2.72,2.72,149,8.39,8.28,0.33
Master,RSC004918,Nezitic,Battle Masters,Dwarf Haven,N/A,N/A,59.97,923,56,16.48,0.502,0.500,28,28,10,20673,12090,8583,55,30,62,199,0.276,365.82,213.94,151.88,0.97,0.53,1.10,3.52,369.16,215.89,153.27,0.98,0.54,1.11,3.55,137,135,2.42,2.39,2.45,2.41,427,7.56,7.63,0.32
Master,RSC002944,PayloSoul,Andromeda,The Cosmos,N/A,N/A,59.70,574,35,16.40,0.547,0.686,24,11,6,13119,8040,5079,34,27,47,94,0.362,373.29,228.77,144.52,0.97,0.77,1.34,2.67,374.83,229.71,145.11,0.97,0.77,1.34,2.69,100,72,2.85,2.05,2.86,2.06,291,8.28,8.31,0.25
Master,RSC002888,Kri0s,Heinous Henchmen,The Syndicate,N/A,N/A,58.33,875,54,16.20,0.539,0.630,34,20,6,20327,11510,8817,41,38,83,136,0.301,379.42,214.85,164.58,0.77,0.71,1.55,2.54,376.43,213.15,163.28,0.76,0.70,1.54,2.52,136,99,2.54,1.85,2.52,1.83,417,7.78,7.72,0.24
Master,RSC003178,Snack Time!,Heinous Henchmen,The Syndicate,N/A,N/A,56.65,136,8,17.00,0.555,0.500,4,4,2,2982,1860,1122,10,7,6,21,0.476,358.12,223.37,134.75,1.20,0.84,0.72,2.52,372.75,232.50,140.25,1.25,0.88,0.75,2.63,28,22,3.36,2.64,3.50,2.75,50,6.00,6.25,0.44
Master,RSC006193,Saucy Rexy,Eastern Brown,Venom Lab,N/A,N/A,55.03,571,36,15.86,0.542,0.667,24,12,7,12825,7810,5015,32,21,51,101,0.317,366.84,223.40,143.45,0.92,0.60,1.46,2.89,356.25,216.94,139.31,0.89,0.58,1.42,2.81,96,71,2.75,2.03,2.67,1.97,235,6.72,6.53,0.30
Master,RSC007846,Lovegreyhounds,Captains,Grand Fleet,N/A,N/A,54.72,453,29,15.62,0.533,0.552,16,13,0,9420,5800,3620,19,22,38,90,0.211,339.64,209.12,130.52,0.69,0.79,1.37,3.24,324.83,200.00,124.83,0.66,0.76,1.31,3.10,70,56,2.52,2.02,2.41,1.93,201,7.25,6.93,0.28
Master,RSC007494,C-Loupe,Battle Masters,Dwarf Haven,N/A,N/A,54.35,890,55,16.18,0.497,0.473,26,29,10,20123,11720,8403,40,31,92,157,0.255,369.29,215.08,154.21,0.73,0.57,1.69,2.88,365.87,213.09,152.78,0.73,0.56,1.67,2.85,131,134,2.40,2.46,2.38,2.44,410,7.52,7.45,0.33
Master,RSC004035,Timmy_-_,Lemurs,The Jungle,N/A,N/A,53.34,611,38,16.08,0.474,0.447,17,21,5,13899,7730,6169,25,26,61,88,0.284,371.54,206.63,164.91,0.67,0.70,1.63,2.35,365.76,203.42,162.34,0.66,0.68,1.61,2.32,83,100,2.22,2.67,2.18,2.63,332,8.87,8.74,0.30
Master,RSC005899,DJDancingDuckGif,Kawaii,The Pit,N/A,N/A,53.25,579,35,16.54,0.471,0.314,11,24,4,13676,7420,6256,20,20,72,82,0.244,385.78,209.31,176.47,0.56,0.56,2.03,2.31,390.74,212.00,178.74,0.57,0.57,2.06,2.34,73,90,2.06,2.54,2.09,2.57,322,9.08,9.20,0.28
Master,RSC007908,C01E01,Leviathans,Mythical,N/A,N/A,52.85,634,38,16.68,0.470,0.395,15,23,3,13864,7660,6204,24,29,56,101,0.238,357.16,197.33,159.82,0.62,0.75,1.44,2.60,364.84,201.58,163.26,0.63,0.76,1.47,2.66,82,102,2.11,2.63,2.16,2.68,326,8.40,8.58,0.31
Master,RSC006409,Reported.,"Leviathans
Helicoprions","Mythical
Shark Attack","N/A
N/A","N/A
N/A",51.49,626,36,17.39,0.503,0.472,17,19,4,14288,7830,6458,30,18,58,103,0.291,372.78,204.29,168.49,0.78,0.47,1.51,2.69,396.89,217.50,179.39,0.83,0.50,1.61,2.86,82,80,2.14,2.09,2.28,2.22,320,8.35,8.89,0.25
Master,RSC008094,JoshuaNaoki,Care Bears,The Bear Den,N/A,N/A,51.31,790,48,16.46,0.499,0.521,25,23,3,15876,8820,7056,29,41,48,147,0.197,328.23,182.35,145.88,0.60,0.85,0.99,3.04,330.75,183.75,147.00,0.60,0.85,1.00,3.06,118,119,2.44,2.46,2.46,2.48,367,7.59,7.65,0.32
Master,RSC004676,Deesh,Kawaii,The Pit,N/A,N/A,50.90,57,4,14.25,0.571,0.500,2,2,0,1260,740,520,4,2,3,9,0.444,361.04,212.04,149.00,1.15,0.57,0.86,2.58,315.00,185.00,130.00,1.00,0.50,0.75,2.25,8,6,2.29,1.72,2.00,1.50,35,10.03,8.75,0.17
Master,RSC007269,Navik,Diplomats,The King's Court,N/A,N/A,49.83,601,38,15.82,0.527,0.605,23,15,5,13163,7560,5603,26,25,56,91,0.286,357.72,205.45,152.27,0.71,0.68,1.52,2.47,346.39,198.95,147.45,0.68,0.66,1.47,2.39,97,80,2.64,2.17,2.55,2.11,314,8.53,8.26,0.25
Master,RSC000408,Xero,Care Bears,The Bear Den,N/A,N/A,48.61,177,12,14.75,0.509,0.500,6,6,3,4066,2270,1796,6,5,23,27,0.222,375.19,209.47,165.73,0.55,0.46,2.12,2.49,338.83,189.17,149.67,0.50,0.42,1.92,2.25,21,20,1.94,1.85,1.75,1.67,83,7.66,6.92,0.24
Master,RSC007166,nelz,Helicoprions,Shark Attack,N/A,N/A,48.12,972,54,18.00,0.468,0.426,23,31,12,21361,12090,9271,35,40,104,139,0.252,358.93,203.15,155.78,0.59,0.67,1.75,2.34,395.57,223.89,171.69,0.65,0.74,1.93,2.57,121,157,2.03,2.64,2.24,2.91,521,8.75,9.65,0.30
Master,RSC007941,Shepherd,Spectres,The Monster Mash,N/A,N/A,47.64,966,58,16.66,0.484,0.500,29,29,11,22153,11950,10203,46,27,93,135,0.341,374.56,202.05,172.51,0.78,0.46,1.57,2.28,381.95,206.03,175.91,0.79,0.47,1.60,2.33,123,141,2.08,2.38,2.12,2.43,492,8.32,8.48,0.29
Master,RSC007354,Fanatic,Battle Masters,Dwarf Haven,N/A,N/A,47.08,200,13,15.38,0.455,0.385,5,8,2,4070,2370,1700,10,6,13,42,0.238,332.37,193.54,138.83,0.82,0.49,1.06,3.43,313.08,182.31,130.77,0.77,0.46,1.00,3.23,26,33,2.12,2.69,2.00,2.54,84,6.86,6.46,0.39
Master,RSC000344,Mezmer,Glacier Mint,Minty Fresh,N/A,N/A,46.76,972,59,16.47,0.504,0.559,33,26,10,20448,11510,8938,35,46,86,141,0.248,343.59,193.41,150.19,0.59,0.77,1.45,2.37,346.58,195.08,151.49,0.59,0.78,1.46,2.39,139,134,2.34,2.25,2.36,2.27,483,8.12,8.19,0.28
Master,RSC005298,Kaisaroh,Care Bears,The Bear Den,N/A,N/A,45.93,853,52,16.40,0.496,0.481,25,27,6,18475,10700,7775,41,26,78,140,0.293,353.75,204.88,148.87,0.79,0.50,1.49,2.68,355.29,205.77,149.52,0.79,0.50,1.50,2.69,121,125,2.32,2.39,2.33,2.40,406,7.77,7.81,0.31
Master,RSC008285,ChiRho_-,Captains,Grand Fleet,N/A,N/A,45.57,375,20,18.75,0.488,0.400,8,12,5,8669,5080,3589,20,10,42,48,0.417,377.57,221.25,156.32,0.87,0.44,1.83,2.09,433.45,254.00,179.45,1.00,0.50,2.10,2.40,54,58,2.35,2.53,2.70,2.90,197,8.58,9.85,0.29
Master,RSC004698,Slvr.,Battle Masters,Dwarf Haven,N/A,N/A,45.50,848,52,16.31,0.496,0.481,25,27,6,18127,9680,8447,32,39,69,108,0.296,349.13,186.44,162.69,0.62,0.75,1.33,2.08,348.60,186.15,162.44,0.62,0.75,1.33,2.08,125,129,2.41,2.48,2.40,2.48,404,7.78,7.77,0.32
Master,RSC007882,mirage,Lemurs,The Jungle,N/A,N/A,43.93,473,29,16.31,0.459,0.345,10,19,3,10561,5760,4801,16,12,57,71,0.225,364.67,198.89,165.78,0.55,0.41,1.97,2.45,364.17,198.62,165.55,0.55,0.41,1.97,2.45,59,78,2.04,2.69,2.03,2.69,263,9.08,9.07,0.30
Master,RSC003412,Python,Lemurs,The Jungle,N/A,N/A,43.71,712,44,16.18,0.438,0.364,16,28,6,15611,9010,6601,34,22,70,101,0.337,358.11,206.68,151.42,0.78,0.50,1.61,2.32,354.80,204.77,150.02,0.77,0.50,1.59,2.30,80,128,1.84,2.94,1.82,2.91,416,9.54,9.45,0.31
Master,RSC007466,Viiper,Blackbirds,Mach Velocity,N/A,N/A,42.99,662,38,17.42,0.515,0.500,19,19,3,13981,7290,6691,22,29,56,84,0.262,344.94,179.86,165.08,0.54,0.72,1.38,2.07,367.92,191.84,176.08,0.58,0.76,1.47,2.21,109,98,2.69,2.42,2.87,2.58,322,7.94,8.47,0.30
Master,RSC007115,Zoomin,Blackbirds,Mach Velocity,N/A,N/A,42.96,278,18,15.44,0.445,0.500,9,9,1,5963,3090,2873,6,14,30,29,0.207,350.33,181.54,168.79,0.35,0.82,1.76,1.70,331.28,171.67,159.61,0.33,0.78,1.67,1.61,34,47,2.00,2.76,1.89,2.61,144,8.46,8.00,0.33
Master,RSC001935,Kenobs,Nightmare,The Shadows,N/A,N/A,41.96,531,33,16.09,0.416,0.273,9,24,4,11420,6370,5050,24,16,48,77,0.312,351.26,195.93,155.33,0.74,0.49,1.48,2.37,346.06,193.03,153.03,0.73,0.48,1.45,2.33,58,104,1.78,3.20,1.76,3.15,307,9.44,9.30,0.34
Master,RSC000329,Melted,Glacier Mint,Minty Fresh,N/A,N/A,41.06,987,60,16.45,0.503,0.550,33,27,5,20426,11450,8976,41,31,84,160,0.256,338.01,189.47,148.53,0.68,0.51,1.39,2.65,340.43,190.83,149.60,0.68,0.52,1.40,2.67,141,138,2.33,2.28,2.35,2.30,490,8.11,8.17,0.28
Master,RSC000799,Foam,Captains,Grand Fleet,N/A,N/A,38.58,501,30,16.70,0.507,0.500,15,15,5,10517,5220,5297,13,15,49,72,0.181,342.86,170.17,172.68,0.42,0.49,1.60,2.35,350.57,174.00,176.57,0.43,0.50,1.63,2.40,65,62,2.12,2.02,2.17,2.07,255,8.31,8.50,0.24
Master,RSC005234,Hirsch,"Andromeda
Lemurs","The Cosmos
The Jungle","N/A
N/A","N/A
N/A",38.52,875,54,16.20,0.467,0.407,22,32,7,18349,9780,8569,32,25,81,128,0.250,342.50,182.55,159.95,0.60,0.47,1.51,2.39,339.80,181.11,158.69,0.59,0.46,1.50,2.37,110,144,2.05,2.69,2.04,2.67,483,9.02,8.94,0.30
Master,RSC005690,DQ.,Diplomats,The King's Court,N/A,N/A,38.26,870,54,16.11,0.514,0.630,34,20,9,17575,9790,7785,41,30,58,129,0.318,329.94,183.79,146.15,0.77,0.56,1.09,2.42,325.46,181.30,144.17,0.76,0.56,1.07,2.39,138,123,2.59,2.31,2.56,2.28,448,8.41,8.30,0.27
Master,RSC007642,Luminati7,Eastern Brown,Venom Lab,N/A,N/A,36.82,415,24,17.29,0.516,0.583,14,10,0,8321,4860,3461,19,18,31,51,0.373,327.48,191.27,136.21,0.75,0.71,1.22,2.01,346.71,202.50,144.21,0.79,0.75,1.29,2.13,73,66,2.87,2.60,3.04,2.75,197,7.75,8.21,0.34
Master,RSC000623,wall2wall3,Olympic Knights,The Rising,N/A,N/A,35.94,843,54,15.61,0.545,0.593,32,22,8,16799,9030,7769,31,29,65,123,0.252,325.47,174.95,150.52,0.60,0.56,1.26,2.38,311.09,167.22,143.87,0.57,0.54,1.20,2.28,137,95,2.65,1.84,2.54,1.76,383,7.42,7.09,0.25
Master,RSC005290,IMOLDGREG67,Kawaii,The Pit,N/A,N/A,34.73,645,39,16.54,0.465,0.282,11,28,4,13334,7560,5774,27,13,64,101,0.267,337.65,191.44,146.21,0.68,0.33,1.62,2.56,341.90,193.85,148.05,0.69,0.33,1.64,2.59,77,100,1.95,2.53,1.97,2.56,361,9.14,9.26,0.28
Master,RSC005274,KING.,Kawaii,The Pit,N/A,N/A,34.36,396,26,15.23,0.446,0.269,7,19,4,8037,3970,4067,10,13,36,52,0.192,331.48,163.74,167.74,0.41,0.54,1.48,2.14,309.12,152.69,156.42,0.38,0.50,1.38,2.00,40,58,1.65,2.39,1.54,2.23,235,9.69,9.04,0.25
Master,RSC006783,ImSouperGreat,Helicoprions,Shark Attack,N/A,N/A,34.35,978,55,17.78,0.464,0.400,22,33,6,19452,10940,8512,43,28,75,149,0.289,324.85,182.70,142.15,0.72,0.47,1.25,2.49,353.67,198.91,154.76,0.78,0.51,1.36,2.71,119,159,1.99,2.66,2.16,2.89,519,8.67,9.44,0.31
Master,RSC002890,Myth1ck,Andromeda,The Cosmos,N/A,N/A,34.34,47,4,11.75,0.460,0.500,2,2,1,980,540,440,2,2,4,4,0.500,340.56,187.65,152.90,0.70,0.70,1.39,1.39,245.00,135.00,110.00,0.50,0.50,1.00,1.00,6,7,2.09,2.43,1.50,1.75,28,9.73,7.00,0.25
Master,RSC008368,taLz.,"Helicoprions
Care Bears
Nightmare","Shark Attack
The Bear Den
The Shadows","N/A
N/A
N/A","N/A
N/A
N/A",34.30,626,34,18.41,0.423,0.265,9,25,2,12805,7120,5685,25,12,60,102,0.245,334.09,185.77,148.33,0.65,0.31,1.57,2.66,376.62,209.41,167.21,0.74,0.35,1.76,3.00,63,110,1.64,2.87,1.85,3.24,340,8.87,10.00,0.32
Master,RSC005385,Girth,"Captains
Nightmare","Grand Fleet
The Shadows","N/A
N/A","N/A
N/A",34.16,181,11,16.45,0.412,0.091,1,10,0,3689,1980,1709,6,6,17,23,0.261,332.88,178.67,154.21,0.54,0.54,1.53,2.08,335.36,180.00,155.36,0.55,0.55,1.55,2.09,24,37,2.17,3.34,2.18,3.36,109,9.84,9.91,0.34
Master,RSC007295,TheLegendaryChance,Blackbirds,Mach Velocity,N/A,N/A,32.91,776,47,16.51,0.491,0.489,23,24,3,15612,8710,6902,33,17,67,121,0.273,328.59,183.32,145.27,0.69,0.36,1.41,2.55,332.17,185.32,146.85,0.70,0.36,1.43,2.57,114,122,2.40,2.57,2.43,2.60,387,8.15,8.23,0.32
Master,RSC004863,wicked,Nightmare,The Shadows,N/A,N/A,32.35,907,55,16.49,0.436,0.255,14,41,2,17931,9610,8321,24,26,91,136,0.176,322.89,173.05,149.84,0.43,0.47,1.64,2.45,326.02,174.73,151.29,0.44,0.47,1.65,2.47,89,152,1.60,2.74,1.62,2.76,512,9.22,9.31,0.30
Master,RSC012627,NoFiah,Nightmare,The Shadows,N/A,N/A,31.85,211,14,15.07,0.392,0.143,2,12,1,4488,2330,2158,8,5,21,23,0.348,347.40,180.36,167.04,0.62,0.39,1.63,1.78,320.57,166.43,154.14,0.57,0.36,1.50,1.64,24,43,1.86,3.33,1.71,3.07,129,9.99,9.21,0.33
Master,RSC003082,Skulzy9,Spectres,The Monster Mash,N/A,N/A,30.31,912,54,16.89,0.491,0.537,29,25,7,17655,9630,8025,33,28,73,128,0.258,316.18,172.46,143.72,0.59,0.50,1.31,2.29,326.94,178.33,148.61,0.61,0.52,1.35,2.37,121,130,2.17,2.33,2.24,2.41,460,8.24,8.52,0.28
Master,RSC008362,flash!,"Lemurs
Leviathans","The Jungle
Mythical","N/A
N/A","N/A
N/A",29.57,126,8,15.75,0.408,0.125,1,7,0,2644,1480,1164,7,1,11,18,0.389,342.73,191.85,150.88,0.91,0.13,1.43,2.33,330.50,185.00,145.50,0.88,0.13,1.38,2.25,18,27,2.33,3.50,2.25,3.38,77,9.98,9.63,0.35
Master,RSC005236,Rozi-,"Lemurs
Nightmare
Leviathans","The Jungle
The Shadows
Mythical","N/A
N/A
N/A","N/A
N/A
N/A",27.38,804,52,15.46,0.482,0.442,23,29,7,15598,8240,7358,30,20,63,109,0.275,316.86,167.39,149.47,0.61,0.41,1.28,2.21,299.96,158.46,141.50,0.58,0.38,1.21,2.10,109,126,2.21,2.56,2.10,2.42,412,8.37,7.92,0.31
Master,RSC006259,mojomo (Goofy and Silly),Diplomats,The King's Court,N/A,N/A,24.78,347,20,17.35,0.506,0.650,13,7,1,6675,3810,2865,15,6,30,51,0.294,314.18,179.33,134.85,0.71,0.28,1.41,2.40,333.75,190.50,143.25,0.75,0.30,1.50,2.55,53,51,2.49,2.40,2.65,2.55,180,8.47,9.00,0.28
Master,RSC005872,Ditto,Kawaii,The Pit,N/A,N/A,24.32,455,27,16.85,0.488,0.370,10,17,2,8780,5120,3660,18,13,43,52,0.346,315.17,183.79,131.38,0.65,0.47,1.54,1.87,325.19,189.63,135.56,0.67,0.48,1.59,1.93,61,66,2.19,2.37,2.26,2.44,251,9.01,9.30,0.26
Master,RSC007907,chazie.,Lemurs,The Jungle,N/A,N/A,19.19,71,4,17.75,0.354,0.250,1,3,0,1229,700,529,4,0,3,15,0.267,282.72,161.03,121.69,0.92,0.00,0.69,3.45,307.25,175.00,132.25,1.00,0.00,0.75,3.75,6,11,1.38,2.53,1.50,2.75,40,9.20,10.00,0.28
Master,RSC005705,Rapidz (Goofy and Silly),Captains,Grand Fleet,N/A,N/A,16.85,469,26,18.04,0.502,0.462,12,14,3,8364,4440,3924,15,11,36,59,0.254,291.27,154.62,136.65,0.52,0.38,1.25,2.05,321.69,170.77,150.92,0.58,0.42,1.38,2.27,63,62,2.19,2.16,2.42,2.38,251,8.74,9.65,0.25
Master,RSC004917,Nahzey,Olympic Knights,The Rising,N/A,N/A,15.34,70,4,17.50,0.823,1.000,4,0,0,1128,680,448,3,3,3,8,0.375,263.19,158.66,104.53,0.70,0.70,0.70,1.87,282.00,170.00,112.00,0.75,0.75,0.75,2.00,14,3,3.27,0.70,3.50,0.75,34,7.93,8.50,0.09
Master,RSC004569,Mikee GFuelcom,Nightmare,The Shadows,N/A,N/A,13.79,153,9,17.00,0.320,0.222,2,7,0,2664,1380,1284,3,4,14,18,0.167,284.38,147.32,137.07,0.32,0.43,1.49,1.92,296.00,153.33,142.67,0.33,0.44,1.56,2.00,14,34,1.49,3.63,1.56,3.78,90,9.61,10.00,0.38
Master,RSC012933,fork (no knife),Nightmare,The Shadows,N/A,N/A,11.52,190,10,19.00,0.429,0.200,2,8,0,3618,2040,1578,5,2,25,19,0.263,311.01,175.36,135.65,0.43,0.17,2.15,1.63,361.80,204.00,157.80,0.50,0.20,2.50,1.90,14,21,1.20,1.81,1.40,2.10,102,8.77,10.20,0.21
Master,RSC013015,Gruens.,Helicoprions,Shark Attack,N/A,N/A,9.10,148,9,16.44,0.448,0.333,3,6,0,2488,1340,1148,2,3,16,19,0.105,274.57,147.88,126.69,0.22,0.33,1.77,2.10,276.44,148.89,127.56,0.22,0.33,1.78,2.11,17,22,1.88,2.43,1.89,2.44,80,8.83,8.89,0.28
Master,RSC000009,Timbo,Glacier Mint,Minty Fresh,N/A,N/A,-9.79,15,1,15.00,0.234,0.000,0,1,0,120,50,70,0,0,0,5,0.000,130.66,54.44,76.22,0.00,0.00,0.00,5.44,120.00,50.00,70.00,0.00,0.00,0.00,5.00,2,4,2.18,4.36,2.00,4.00,7,7.62,7.00,0.57
Elite,RSC007901,JarrettD.,Krakens,Tyrants of the Sea,Lunar,,94.54,956,64,14.94,0.548,0.656,42,22,21,27200,16130,11070,81,27,89,223,0.363,446.06,264.52,181.54,1.33,0.44,1.46,3.66,425.00,252.03,172.97,1.27,0.42,1.39,3.48,176,117,2.89,1.92,2.75,1.83,403,6.61,6.30,0.29
Elite,RSC005265,doctorprofessor_,Imperatores,The Sovereign,Solar,,91.30,56,4,14.00,0.642,0.750,3,1,0,1392,880,512,3,4,5,13,0.231,389.71,246.37,143.34,0.84,1.12,1.40,3.64,348.00,220.00,128.00,0.75,1.00,1.25,3.25,12,7,3.36,1.96,3.00,1.75,25,7.00,6.25,0.28
Elite,RSC004955,Rafiki,Forge Defenders,Dwarf Haven,Lunar,,87.67,673,40,16.83,0.585,0.825,33,7,7,17327,10670,6657,45,34,59,152,0.296,403.64,248.56,155.08,1.05,0.79,1.37,3.54,433.18,266.75,166.43,1.13,0.85,1.48,3.80,127,67,2.96,1.56,3.18,1.68,289,6.73,7.23,0.23
Elite,RSC007895,Lup,Reapers,Mythical,Solar,,87.11,1015,64,15.86,0.530,0.641,41,23,22,27716,15820,11896,68,43,96,207,0.329,428.11,244.36,183.75,1.05,0.66,1.48,3.20,433.06,247.19,185.88,1.06,0.67,1.50,3.23,164,127,2.53,1.96,2.56,1.98,449,6.94,7.02,0.28
Elite,RSC007984,Chadley,Hellhounds,Pawverse,Solar,,87.09,923,60,15.38,0.557,0.667,40,20,18,25043,14470,10573,64,48,79,172,0.372,425.37,245.78,179.59,1.09,0.82,1.34,2.92,417.38,241.17,176.22,1.07,0.80,1.32,2.87,174,108,2.96,1.83,2.90,1.80,440,7.47,7.33,0.25
Elite,RSC008198,Taiyo,Forge Defenders,Dwarf Haven,Lunar,,85.10,833,52,16.02,0.576,0.731,38,14,17,20916,12220,8696,49,56,58,162,0.302,393.66,229.99,163.67,0.92,1.05,1.09,3.05,402.23,235.00,167.23,0.94,1.08,1.12,3.12,156,84,2.94,1.58,3.00,1.62,340,6.40,6.54,0.25
Elite,RSC004634,gob,Thrashers,The Pit,Solar,,84.21,58,4,14.50,0.755,1.000,4,0,2,1464,990,474,5,2,5,14,0.357,395.73,267.60,128.13,1.35,0.54,1.35,3.78,366.00,247.50,118.50,1.25,0.50,1.25,3.50,12,4,3.24,1.08,3.00,1.00,20,5.41,5.00,0.20
Elite,RSC008128,ThruStyler,Ghastly Goombahs,The Syndicate,Lunar,,81.59,59,4,14.75,0.409,0.500,2,2,2,1500,940,560,4,2,6,14,0.286,398.59,249.78,148.81,1.06,0.53,1.59,3.72,375.00,235.00,140.00,1.00,0.50,1.50,3.50,7,10,1.86,2.66,1.75,2.50,33,8.77,8.25,0.30
Elite,RSC008539,Shune.,Sloths,The Jungle,Solar,,80.54,926,60,15.43,0.502,0.483,29,31,14,24121,12710,11411,46,49,79,171,0.269,408.39,215.19,193.20,0.78,0.83,1.34,2.90,402.02,211.83,190.18,0.77,0.82,1.32,2.85,153,150,2.59,2.54,2.55,2.50,414,7.01,6.90,0.36
Elite,RSC003794,Kut0.o,"Reapers
Immortals","Mythical
World Warriors","Solar
Lunar","
",78.97,515,32,16.09,0.479,0.438,14,18,8,13673,8030,5643,38,18,47,98,0.388,416.24,244.45,171.79,1.16,0.55,1.43,2.98,427.28,250.94,176.34,1.19,0.56,1.47,3.06,80,92,2.44,2.80,2.50,2.88,273,8.31,8.53,0.34
Elite,RSC000666,AEB311,Despair,The Shadows,Lunar,,77.11,945,64,14.77,0.508,0.453,29,35,15,23259,13100,10159,55,41,71,200,0.275,385.87,217.33,168.54,0.91,0.68,1.18,3.32,363.42,204.69,158.73,0.86,0.64,1.11,3.13,142,133,2.36,2.21,2.22,2.08,441,7.32,6.89,0.30
Elite,RSC006459,Daylon,"Dragon
Hellhounds","Mythspire
Pawverse","Solar
Solar","
",77.10,128,8,16.00,0.618,0.750,6,2,3,3283,1990,1293,8,6,13,24,0.333,402.11,243.74,158.37,0.98,0.73,1.59,2.94,410.38,248.75,161.63,1.00,0.75,1.63,3.00,26,15,3.18,1.84,3.25,1.88,58,7.10,7.25,0.26
Elite,RSC005469,Axlos (Goofy and Silly),"Despair
Imperatores","The Shadows
The Sovereign","Lunar
Solar","
",76.97,72,5,14.40,0.558,0.600,3,2,1,1821,1090,731,4,6,6,9,0.444,396.52,237.35,159.17,0.87,1.31,1.31,1.96,364.20,218.00,146.20,0.80,1.20,1.20,1.80,15,12,3.27,2.61,3.00,2.40,32,6.97,6.40,0.38
Elite,RSC005595,Maisie,Menthol,Minty Fresh,Solar,,75.82,184,12,15.33,0.570,0.750,9,3,5,4492,2560,1932,6,14,19,31,0.194,382.74,218.13,164.62,0.51,1.19,1.62,2.64,374.33,213.33,161.00,0.50,1.17,1.58,2.58,28,19,2.39,1.62,2.33,1.58,93,7.92,7.75,0.20
Elite,RSC008446,Rose_Havoc97,Hellhounds,Pawverse,Solar,,74.79,783,52,15.06,0.561,0.635,33,19,11,19153,11720,7433,63,27,49,162,0.389,383.50,234.67,148.83,1.26,0.54,0.98,3.24,368.33,225.38,142.94,1.21,0.52,0.94,3.12,152,94,3.04,1.88,2.92,1.81,368,7.37,7.08,0.26
Elite,RSC006972,Galaxiezz.,Great Whites,Shark Attack,Lunar,,74.19,941,60,15.68,0.489,0.433,26,34,15,23553,13620,9933,49,43,95,182,0.269,392.41,226.92,165.49,0.82,0.72,1.58,3.03,392.55,227.00,165.55,0.82,0.72,1.58,3.03,137,150,2.28,2.50,2.28,2.50,476,7.93,7.93,0.32
Elite,RSC002862,Doodle!,"Menthol
Imperatores
Reapers","Minty Fresh
The Sovereign
Mythical","Solar
Solar
Solar","

",74.04,261,15,17.40,0.522,0.667,10,5,5,6116,3650,2466,14,16,19,50,0.280,367.38,219.25,148.13,0.84,0.96,1.14,3.00,407.73,243.33,164.40,0.93,1.07,1.27,3.33,43,38,2.58,2.28,2.87,2.53,116,6.97,7.73,0.33
Elite,RSC006982,SmithRL.,"Immortals
Reapers","World Warriors
Mythical","Lunar
Solar","
",73.94,844,54,15.63,0.522,0.574,31,23,10,22717,12560,10157,50,30,93,141,0.355,421.98,233.31,188.67,0.93,0.56,1.73,2.62,420.69,232.59,188.09,0.93,0.56,1.72,2.61,131,109,2.43,2.02,2.43,2.02,422,7.84,7.81,0.26
Elite,RSC007301,DeathFletch,Pixel Picassos,Art Club,Lunar,,72.13,909,59,15.41,0.537,0.593,35,24,10,23308,12850,10458,57,31,79,165,0.345,402.00,221.63,180.37,0.98,0.53,1.36,2.85,395.05,217.80,177.25,0.97,0.53,1.34,2.80,155,114,2.67,1.97,2.63,1.93,401,6.92,6.80,0.28
Elite,RSC008132,paz,"Swordsmen
Menthol
Immortals","Grand Fleet
Minty Fresh
World Warriors","Solar
Solar
Lunar","

",70.74,271,19,14.26,0.448,0.316,6,13,2,7130,4060,3070,13,13,34,41,0.317,412.48,234.88,177.61,0.75,0.75,1.97,2.37,375.26,213.68,161.58,0.68,0.68,1.79,2.16,36,49,2.08,2.83,1.89,2.58,149,8.62,7.84,0.33
Elite,RSC007709,Killua wya,Hellhounds,Pawverse,Solar,,70.51,926,60,15.43,0.566,0.717,43,17,9,23546,13680,9866,50,53,94,133,0.376,398.65,231.61,167.04,0.85,0.90,1.59,2.25,392.43,228.00,164.43,0.83,0.88,1.57,2.22,180,104,3.05,1.76,3.00,1.73,432,7.31,7.20,0.24
Elite,RSC005374,A Yapping Panda,Orochi,The Shrine,Solar,,70.22,973,64,15.20,0.520,0.625,40,24,11,23683,13880,9803,56,47,84,173,0.324,381.60,223.65,157.95,0.90,0.76,1.35,2.79,370.05,216.88,153.17,0.88,0.73,1.31,2.70,162,137,2.61,2.21,2.53,2.14,435,7.01,6.80,0.31
Elite,RSC007470,Fused Gavin,Dragon,Mythspire,Solar,,70.17,804,52,15.46,0.507,0.481,25,27,12,21021,11650,9371,40,33,94,130,0.308,409.91,227.17,182.73,0.78,0.64,1.83,2.53,404.25,224.04,180.21,0.77,0.63,1.81,2.50,128,121,2.50,2.36,2.46,2.33,414,8.07,7.96,0.29
Elite,RSC008601,Velocheerio,Demons,The Monster Mash,Lunar,,69.52,817,51,16.02,0.482,0.392,20,31,8,20246,11000,9246,45,31,69,150,0.300,388.51,211.08,177.43,0.86,0.59,1.32,2.88,396.98,215.69,181.29,0.88,0.61,1.35,2.94,113,130,2.17,2.49,2.22,2.55,425,8.16,8.33,0.31
Elite,RSC012897,Meloaw,"Great Whites
Forge Defenders","Shark Attack
Dwarf Haven","Lunar
Lunar","
",69.23,864,54,16.00,0.551,0.648,35,19,18,22242,12660,9582,57,23,85,156,0.365,403.60,229.72,173.87,1.03,0.42,1.54,2.83,411.89,234.44,177.44,1.06,0.43,1.57,2.89,142,93,2.58,1.69,2.63,1.72,380,6.90,7.04,0.24
Elite,RSC003143,Dank._.,Fire,The Elements,Solar,,69.13,945,59,16.02,0.515,0.508,30,29,11,24563,13740,10823,45,41,114,149,0.302,407.51,227.95,179.56,0.75,0.68,1.89,2.47,416.32,232.88,183.44,0.76,0.69,1.93,2.53,140,123,2.32,2.04,2.37,2.08,494,8.20,8.37,0.25
Elite,RSC012881,Minty Moonifer,Orochi,The Shrine,Solar,,69.06,973,64,15.20,0.520,0.625,40,24,17,22562,12150,10412,52,45,56,190,0.274,363.54,195.77,167.77,0.84,0.73,0.90,3.06,352.53,189.84,162.69,0.81,0.70,0.88,2.97,162,137,2.61,2.21,2.53,2.14,435,7.01,6.80,0.31
Elite,RSC012933,fork (no knife),"Immortals
Great Whites
Demons","World Warriors
Shark Attack
The Monster Mash","Lunar
Lunar
Lunar","

",68.91,227,15,15.13,0.519,0.533,8,7,1,5592,3040,2552,7,15,25,34,0.206,386.21,209.96,176.25,0.48,1.04,1.73,2.35,372.80,202.67,170.13,0.47,1.00,1.67,2.27,40,36,2.76,2.49,2.67,2.40,109,7.53,7.27,0.33
Elite,RSC008363,Jarrtsu,Krakens,Tyrants of the Sea,Lunar,,68.18,956,64,14.94,0.548,0.656,42,22,11,21973,12680,9293,46,63,67,158,0.291,360.34,207.94,152.40,0.75,1.03,1.10,2.59,343.33,198.13,145.20,0.72,0.98,1.05,2.47,176,117,2.89,1.92,2.75,1.83,403,6.61,6.30,0.29
Elite,RSC001986,Colinn,Teddy Bears,The Bear Den,Solar,,67.85,871,54,16.13,0.521,0.611,33,21,7,21000,12740,8260,55,31,80,169,0.325,378.00,229.32,148.68,0.99,0.56,1.44,3.04,388.89,235.93,152.96,1.02,0.57,1.48,3.13,147,124,2.65,2.23,2.72,2.30,430,7.74,7.96,0.29
Elite,RSC006484,AhmedSa-,Dragon,Mythspire,Solar,,67.09,894,56,15.96,0.522,0.589,33,23,14,21610,13140,8470,67,27,68,169,0.396,378.97,230.43,148.54,1.17,0.47,1.19,2.96,385.89,234.64,151.25,1.20,0.48,1.21,3.02,149,125,2.61,2.19,2.66,2.23,431,7.56,7.70,0.29
Elite,RSC004165,Absolutely TOR,Gelato,Fifty-Fifty Pizzeria,Lunar,,65.46,130,7,18.57,0.587,0.571,4,3,2,3550,2200,1350,10,2,18,20,0.500,428.13,265.32,162.81,1.21,0.24,2.17,2.41,507.14,314.29,192.86,1.43,0.29,2.57,2.86,17,11,2.05,1.33,2.43,1.57,70,8.44,10.00,0.16
Elite,RSC006273,chawes.,Raptors,Mach Velocity,Solar,,65.38,1011,61,16.57,0.485,0.508,31,30,14,24839,14490,10349,58,38,101,174,0.333,385.18,224.70,160.48,0.90,0.59,1.57,2.70,407.20,237.54,169.66,0.95,0.62,1.66,2.85,149,169,2.31,2.62,2.44,2.77,537,8.33,8.80,0.31
Elite,RSC005508,Lil Windex,Pixel Picassos,Art Club,Lunar,,65.21,814,52,15.65,0.527,0.615,32,20,16,19271,10680,8591,53,21,54,163,0.325,371.16,205.70,165.46,1.02,0.40,1.04,3.14,370.60,205.38,165.21,1.02,0.40,1.04,3.13,134,108,2.58,2.08,2.58,2.08,356,6.86,6.85,0.30
Elite,RSC006877,Jolt,Thrashers,The Pit,Solar,,64.68,1006,64,15.72,0.512,0.531,34,30,14,24539,13910,10629,52,33,104,186,0.280,382.42,216.78,165.65,0.81,0.51,1.62,2.90,383.42,217.34,166.08,0.81,0.52,1.63,2.91,142,128,2.21,1.99,2.22,2.00,466,7.26,7.28,0.27
Elite,RSC007346,Mai,Hellhounds,Pawverse,Solar,,63.89,261,16,16.31,0.597,0.750,12,4,4,6210,3610,2600,10,15,29,41,0.244,373.02,216.85,156.18,0.60,0.90,1.74,2.46,388.13,225.63,162.50,0.63,0.94,1.81,2.56,52,30,3.12,1.80,3.25,1.88,132,7.93,8.25,0.23
Elite,RSC005491,Jackowanou,Swordsmen,Grand Fleet,Solar,,63.53,808,56,14.43,0.445,0.286,16,40,8,20440,10910,9530,34,26,97,136,0.250,396.60,211.69,184.91,0.66,0.50,1.88,2.64,365.00,194.82,170.18,0.61,0.46,1.73,2.43,100,156,1.94,3.03,1.79,2.79,452,8.77,8.07,0.35
Elite,RSC008581,duck-rl,Forest Cobra,Venom Lab,Lunar,,62.76,783,48,16.31,0.503,0.479,23,25,10,18802,10880,7922,39,32,81,133,0.293,376.47,217.85,158.62,0.78,0.64,1.62,2.66,391.71,226.67,165.04,0.81,0.67,1.69,2.77,113,110,2.26,2.20,2.35,2.29,388,7.77,8.08,0.28
Elite,RSC006984,AK,Demons,The Monster Mash,Lunar,,62.24,58,4,14.50,0.500,0.500,2,2,1,1300,740,560,4,3,2,9,0.444,351.40,200.03,151.37,1.08,0.81,0.54,2.43,325.00,185.00,140.00,1.00,0.75,0.50,2.25,13,13,3.51,3.51,3.25,3.25,29,7.84,7.25,0.45
Elite,RSC003360,flossy,Commanders,The King's Court,Lunar,,61.85,984,64,15.38,0.516,0.531,34,30,13,23159,13470,9689,53,26,98,197,0.269,368.99,214.61,154.37,0.84,0.41,1.56,3.14,361.86,210.47,151.39,0.83,0.41,1.53,3.08,141,123,2.25,1.96,2.20,1.92,484,7.71,7.56,0.25
Elite,RSC004130,Phantao,Teddy Bears,The Bear Den,Solar,,61.59,545,33,16.52,0.502,0.515,17,16,7,12919,7200,5719,33,20,40,90,0.367,371.64,207.12,164.52,0.95,0.58,1.15,2.59,391.48,218.18,173.30,1.00,0.61,1.21,2.73,85,84,2.45,2.42,2.58,2.55,271,7.80,8.21,0.31
Elite,RSC005758,syngoat,Peerless Scarred,The Rising,Solar,,61.51,1015,64,15.86,0.503,0.547,35,29,14,24800,13360,11440,38,36,120,176,0.216,383.06,206.36,176.70,0.59,0.56,1.85,2.72,387.50,208.75,178.75,0.59,0.56,1.88,2.75,129,126,1.99,1.95,2.02,1.97,484,7.48,7.56,0.26
Elite,RSC008452,pxiruu,Krakens,Tyrants of the Sea,Lunar,,61.50,956,64,14.94,0.548,0.656,42,22,10,21294,12320,8974,49,46,68,172,0.285,349.21,202.04,147.17,0.80,0.75,1.12,2.82,332.72,192.50,140.22,0.77,0.72,1.06,2.69,176,117,2.89,1.92,2.75,1.83,403,6.61,6.30,0.29
Elite,RSC005709,ZavaRL,Black-Holes,The Cosmos,Lunar,,61.40,890,56,15.89,0.503,0.554,31,25,14,21020,11900,9120,51,26,77,165,0.309,370.28,209.63,160.65,0.90,0.46,1.36,2.91,375.36,212.50,162.86,0.91,0.46,1.38,2.95,137,134,2.41,2.36,2.45,2.39,426,7.50,7.61,0.31
Elite,RSC007131,BankShark,Great Whites,Shark Attack,Lunar,,60.96,616,42,14.67,0.504,0.476,20,22,7,14744,8400,6344,42,22,43,95,0.442,375.25,213.79,161.46,1.07,0.56,1.09,2.42,351.05,200.00,151.05,1.00,0.52,1.02,2.26,102,99,2.60,2.52,2.43,2.36,316,8.04,7.52,0.31
Elite,RSC008594,ZombZombs,Black-Holes,The Cosmos,Lunar,,60.92,691,45,15.36,0.496,0.533,24,21,7,15823,9000,6823,26,37,68,115,0.226,359.00,204.20,154.80,0.59,0.84,1.54,2.61,351.62,200.00,151.62,0.58,0.82,1.51,2.56,101,104,2.29,2.36,2.24,2.31,325,7.37,7.22,0.32
Elite,RSC001889,Phelpsy,Teddy Bears,The Bear Den,Solar,,60.51,767,48,15.98,0.519,0.583,28,20,12,17058,10160,6898,45,32,53,141,0.319,348.67,207.68,141.00,0.92,0.65,1.08,2.88,355.38,211.67,143.71,0.94,0.67,1.10,2.94,124,107,2.53,2.19,2.58,2.23,379,7.75,7.90,0.28
Elite,RSC006417,TangentOgive,Gelato,Fifty-Fifty Pizzeria,Lunar,,60.31,910,59,15.42,0.530,0.678,40,19,18,20915,12220,8695,52,34,74,162,0.321,360.33,210.53,149.80,0.90,0.59,1.27,2.79,354.49,207.12,147.37,0.88,0.58,1.25,2.75,144,112,2.48,1.93,2.44,1.90,405,6.98,6.86,0.28
Elite,RSC002729,snugcore,Thrashers,The Pit,Solar,,60.29,954,60,15.90,0.511,0.517,31,29,10,21075,11800,9275,45,34,73,195,0.231,346.34,193.92,152.42,0.74,0.56,1.20,3.20,351.25,196.67,154.58,0.75,0.57,1.22,3.25,133,121,2.19,1.99,2.22,2.02,440,7.23,7.33,0.28
Elite,RSC006723,ROCK_Sause,Commanders,The King's Court,Lunar,,60.26,984,64,15.38,0.516,0.531,34,30,13,24019,13380,10639,49,29,107,168,0.292,382.69,213.18,169.51,0.78,0.46,1.70,2.68,375.30,209.06,166.23,0.77,0.45,1.67,2.63,141,123,2.25,1.96,2.20,1.92,484,7.71,7.56,0.25
Elite,RSC006278,DribblingPenguin,Afterburners,Remove Before Flight,Lunar,,59.90,950,61,15.57,0.466,0.344,21,40,12,23523,12810,10713,44,23,112,166,0.265,388.20,211.40,176.80,0.73,0.38,1.85,2.74,385.62,210.00,175.62,0.72,0.38,1.84,2.72,114,152,1.88,2.51,1.87,2.49,531,8.76,8.70,0.29
Elite,RSC012931,daysil,Orochi,The Shrine,Solar,,59.33,973,64,15.20,0.520,0.625,40,24,12,22306,12850,9456,54,34,80,175,0.309,359.41,207.05,152.36,0.87,0.55,1.29,2.82,348.53,200.78,147.75,0.84,0.53,1.25,2.73,162,137,2.61,2.21,2.53,2.14,435,7.01,6.80,0.31
Elite,RSC006921,Kryll-,"Elephants
Raptors","Safari
Mach Velocity","Solar
Solar","
",58.88,481,32,15.03,0.520,0.563,18,14,4,11604,6400,5204,20,24,51,65,0.308,378.22,208.60,169.62,0.65,0.78,1.66,2.12,362.63,200.00,162.63,0.63,0.75,1.59,2.03,78,68,2.54,2.22,2.44,2.13,250,8.15,7.81,0.27
Elite,RSC007811,Gray,Sloths,The Jungle,Solar,,58.31,980,64,15.31,0.503,0.500,32,32,6,21788,12620,9168,67,27,54,187,0.358,348.56,201.89,146.67,1.07,0.43,0.86,2.99,340.44,197.19,143.25,1.05,0.42,0.84,2.92,160,156,2.56,2.50,2.50,2.44,438,7.01,6.84,0.36
Elite,RSC001019,Surge,Imperatores,The Sovereign,Solar,,58.05,60,4,15.00,0.430,0.500,2,2,1,1477,840,637,3,2,7,9,0.333,385.94,219.49,166.45,0.78,0.52,1.83,2.35,369.25,210.00,159.25,0.75,0.50,1.75,2.25,6,8,1.57,2.09,1.50,2.00,35,9.15,8.75,0.23
Elite,RSC007386,beretta,Despair,The Shadows,Lunar,,57.91,887,60,14.78,0.516,0.483,29,31,9,20073,11160,8913,46,35,66,151,0.305,354.79,197.25,157.54,0.81,0.62,1.17,2.67,334.55,186.00,148.55,0.77,0.58,1.10,2.52,138,121,2.44,2.14,2.30,2.02,403,7.12,6.72,0.30
Elite,RSC008417,LC Spirit,Fire,The Elements,Solar,,57.85,600,38,15.79,0.506,0.421,16,22,7,14052,7720,6332,28,23,56,97,0.289,367.18,201.72,165.45,0.73,0.60,1.46,2.53,369.79,203.16,166.63,0.74,0.61,1.47,2.55,85,81,2.22,2.12,2.24,2.13,305,7.97,8.03,0.27
Elite,RSC006218,Stingray,Imperatores,The Sovereign,Solar,,57.53,914,59,15.49,0.472,0.407,24,35,9,21870,12610,9260,45,34,100,141,0.319,375.14,216.30,158.84,0.77,0.58,1.72,2.42,370.68,213.73,156.95,0.76,0.58,1.69,2.39,116,147,1.99,2.52,1.97,2.49,492,8.44,8.34,0.30
Elite,RSC002500,kalten,Forest Cobra,Venom Lab,Lunar,,56.97,1030,64,16.09,0.490,0.438,28,36,11,23762,13970,9792,59,28,96,187,0.316,361.69,212.64,149.05,0.90,0.43,1.46,2.85,371.28,218.28,153.00,0.92,0.44,1.50,2.92,142,155,2.16,2.36,2.22,2.42,527,8.02,8.23,0.29
Elite,RSC008403,mightie31,Fire,The Elements,Solar,,56.21,620,39,15.90,0.524,0.564,22,17,3,14378,8680,5698,29,26,70,98,0.296,363.57,219.49,144.08,0.73,0.66,1.77,2.48,368.67,222.56,146.10,0.74,0.67,1.79,2.51,92,77,2.33,1.95,2.36,1.97,340,8.60,8.72,0.23
Elite,RSC002164,Dosia,Sloths,The Jungle,Solar,,55.79,933,60,15.55,0.502,0.483,29,31,11,19838,11030,8808,44,39,59,173,0.254,333.35,185.34,148.01,0.74,0.66,0.99,2.91,330.63,183.83,146.80,0.73,0.65,0.98,2.88,147,145,2.47,2.44,2.45,2.42,415,6.97,6.92,0.35
Elite,RSC008399,Tiz Samu,Imperatores,The Sovereign,Solar,,55.75,667,43,15.51,0.465,0.395,17,26,7,15440,8680,6760,28,21,73,118,0.237,362.92,204.02,158.89,0.66,0.49,1.72,2.77,359.07,201.86,157.21,0.65,0.49,1.70,2.74,82,107,1.93,2.52,1.91,2.49,360,8.46,8.37,0.30
Elite,RSC002892,nickm,Raptors,Mach Velocity,Solar,,55.59,909,56,16.23,0.491,0.554,31,25,7,19924,11330,8594,45,37,68,158,0.285,343.64,195.41,148.22,0.78,0.64,1.17,2.73,355.79,202.32,153.46,0.80,0.66,1.21,2.82,136,146,2.35,2.52,2.43,2.61,473,8.16,8.45,0.31
Elite,RSC001098,Wafe,Pixel Picassos,Art Club,Lunar,,55.41,988,64,15.44,0.528,0.578,37,27,11,21533,11430,10103,38,53,69,153,0.248,341.69,181.37,160.32,0.60,0.84,1.09,2.43,336.45,178.59,157.86,0.59,0.83,1.08,2.39,163,129,2.59,2.05,2.55,2.02,439,6.97,6.86,0.29
Elite,RSC001055,Scotti,Gelato,Fifty-Fifty Pizzeria,Lunar,,54.96,966,63,15.33,0.532,0.667,42,21,7,20951,11360,9591,40,43,71,166,0.241,340.03,184.37,155.66,0.65,0.70,1.15,2.69,332.56,180.32,152.24,0.63,0.68,1.13,2.63,154,117,2.50,1.90,2.44,1.86,427,6.93,6.78,0.27
Elite,RSC007884,Silu.,Gelato,Fifty-Fifty Pizzeria,Lunar,,54.62,982,63,15.59,0.533,0.683,43,20,16,21676,11630,10046,46,32,73,178,0.258,346.06,185.68,160.39,0.73,0.51,1.17,2.84,344.06,184.60,159.46,0.73,0.51,1.16,2.83,156,117,2.49,1.87,2.48,1.86,439,7.01,6.97,0.27
Elite,RSC008655,ReL Corsa,Ghastly Goombahs,The Syndicate,Lunar,,54.34,985,63,15.63,0.481,0.444,28,35,10,22533,12070,10463,46,20,92,187,0.246,358.65,192.11,166.54,0.73,0.32,1.46,2.98,357.67,191.59,166.08,0.73,0.32,1.46,2.97,131,154,2.09,2.45,2.08,2.44,503,8.01,7.98,0.31
Elite,RSC000787,buckle,Forge Defenders,Dwarf Haven,Lunar,,53.93,693,46,15.07,0.564,0.739,34,12,7,15634,8270,7364,33,22,54,117,0.282,353.69,187.09,166.60,0.75,0.50,1.22,2.65,339.87,179.78,160.09,0.72,0.48,1.17,2.54,117,70,2.65,1.58,2.54,1.52,295,6.67,6.41,0.24
Elite,RSC001199,Classy,Fire,The Elements,Solar,,53.61,895,56,15.98,0.520,0.554,31,25,12,20204,11880,8324,49,32,79,143,0.343,353.92,208.10,145.81,0.86,0.56,1.38,2.50,360.79,212.14,148.64,0.88,0.57,1.41,2.55,136,115,2.38,2.01,2.43,2.05,460,8.06,8.21,0.25
Elite,RSC005373,dvorl.ttv,Despair,The Shadows,Lunar,,52.65,708,48,14.75,0.523,0.521,25,23,4,15801,8720,7081,30,26,65,117,0.256,349.89,193.09,156.80,0.66,0.58,1.44,2.59,329.19,181.67,147.52,0.63,0.54,1.35,2.44,107,89,2.37,1.97,2.23,1.85,326,7.22,6.79,0.27
Elite,RSC008500,Alejandro55,"Reapers
Teddy Bears","Mythical
The Bear Den","Solar
Solar","
",52.62,472,29,16.28,0.539,0.586,17,12,3,10055,5650,4405,20,21,36,80,0.250,333.98,187.67,146.32,0.66,0.70,1.20,2.66,346.72,194.83,151.90,0.69,0.72,1.24,2.76,84,65,2.79,2.16,2.90,2.24,207,6.88,7.14,0.31
Elite,RSC004630,Supe,Menthol,Minty Fresh,Solar,,52.57,591,36,16.42,0.467,0.389,14,22,3,12854,7890,4964,31,21,54,104,0.298,340.99,209.30,131.68,0.82,0.56,1.43,2.76,357.06,219.17,137.89,0.86,0.58,1.50,2.89,84,106,2.23,2.81,2.33,2.94,316,8.38,8.78,0.34
Elite,RSC008102,Talent?,Peerless Scarred,The Rising,Solar,,52.45,1015,64,15.86,0.503,0.547,35,29,15,21693,11530,10163,46,28,71,198,0.232,335.07,178.09,156.98,0.71,0.43,1.10,3.06,338.95,180.16,158.80,0.72,0.44,1.11,3.09,129,126,1.99,1.95,2.02,1.97,484,7.48,7.56,0.26
Elite,RSC008355,SmyrnaRL,Black-Holes,The Cosmos,Lunar,,51.35,964,62,15.55,0.488,0.516,32,30,9,21389,11620,9769,51,22,74,172,0.297,347.86,188.98,158.88,0.83,0.36,1.20,2.80,344.98,187.42,157.56,0.82,0.35,1.19,2.77,138,153,2.24,2.49,2.23,2.47,479,7.79,7.73,0.32
Elite,RSC004820,AoS Arctic,Demons,The Monster Mash,Lunar,,51.06,744,48,15.50,0.484,0.458,22,26,9,16461,9070,7391,31,29,67,117,0.265,346.87,191.13,155.75,0.65,0.61,1.41,2.47,342.94,188.96,153.98,0.65,0.60,1.40,2.44,109,123,2.30,2.59,2.27,2.56,376,7.92,7.83,0.33
Elite,RSC007629,Mochi,Immortals,World Warriors,Lunar,,50.97,575,35,16.43,0.491,0.429,15,20,4,13338,7420,5918,27,22,57,77,0.351,363.67,202.31,161.36,0.74,0.60,1.55,2.10,381.09,212.00,169.09,0.77,0.63,1.63,2.20,94,100,2.56,2.73,2.69,2.86,309,8.43,8.83,0.32
Elite,RSC007655,Geo,"Ghastly Goombahs
Thrashers","The Syndicate
The Pit","Lunar
Solar","
",50.90,145,11,13.18,0.362,0.364,4,7,1,3077,1470,1607,3,8,11,22,0.136,332.69,158.94,173.75,0.32,0.86,1.19,2.38,279.73,133.64,146.09,0.27,0.73,1.00,2.00,14,29,1.51,3.14,1.27,2.64,79,8.54,7.18,0.37
Elite,RSC007260,Veoloux,"Immortals
Afterburners","World Warriors
Remove Before Flight","Lunar
Lunar","
",49.85,400,25,16.00,0.480,0.400,10,15,5,8787,4890,3897,18,14,35,64,0.281,344.40,191.66,152.74,0.71,0.55,1.37,2.51,351.48,195.60,155.88,0.72,0.56,1.40,2.56,59,67,2.31,2.63,2.36,2.68,223,8.74,8.92,0.30
Elite,RSC005179,Sora.,Menthol,Minty Fresh,Solar,,49.56,709,44,16.11,0.466,0.386,17,27,5,16157,9410,6747,40,20,67,106,0.377,357.27,208.08,149.19,0.88,0.44,1.48,2.34,367.20,213.86,153.34,0.91,0.45,1.52,2.41,98,126,2.17,2.79,2.23,2.86,400,8.85,9.09,0.32
Elite,RSC008503,Rick0810,Despair,The Shadows,Lunar,,49.26,54,3,18.00,0.429,0.333,1,2,1,1466,890,576,4,1,8,4,1.000,425.62,258.39,167.23,1.16,0.29,2.32,1.16,488.67,296.67,192.00,1.33,0.33,2.67,1.33,7,9,2.03,2.61,2.33,3.00,29,8.42,9.67,0.31
Elite,RSC004109,Hawkish,Reapers,Mythical,Solar,,48.64,999,63,15.86,0.528,0.635,40,23,6,19283,11360,7923,49,46,47,181,0.271,302.62,178.28,124.34,0.77,0.72,0.74,2.84,306.08,180.32,125.76,0.78,0.73,0.75,2.87,159,125,2.50,1.96,2.52,1.98,445,6.98,7.06,0.28
Elite,RSC008478,Inflict,Teddy Bears,The Bear Den,Solar,,48.26,834,53,15.74,0.526,0.642,34,19,12,18455,10430,8025,33,40,81,108,0.306,346.92,196.07,150.86,0.62,0.75,1.52,2.03,348.21,196.79,151.42,0.62,0.75,1.53,2.04,142,115,2.67,2.16,2.68,2.17,413,7.76,7.79,0.28
Elite,RSC002498,Justin,Embezzlers,Shell Corp.,Lunar,,48.12,826,55,15.02,0.427,0.327,18,37,7,18578,9910,8668,38,23,74,126,0.302,352.62,188.10,164.52,0.72,0.44,1.40,2.39,337.78,180.18,157.60,0.69,0.42,1.35,2.29,91,164,1.73,3.11,1.65,2.98,495,9.40,9.00,0.33
Elite,RSC005682,S_ckz,Elephants,Safari,Solar,,47.89,767,45,17.04,0.488,0.422,19,26,5,16815,10140,6675,36,27,80,119,0.303,343.71,207.27,136.44,0.74,0.55,1.64,2.43,373.67,225.33,148.33,0.80,0.60,1.78,2.64,100,110,2.04,2.25,2.22,2.44,401,8.20,8.91,0.27
Elite,RSC002579,saltybikini,"Ghastly Goombahs
Elephants","The Syndicate
Safari","Lunar
Solar","
",46.49,503,31,16.23,0.460,0.387,12,19,6,11269,6210,5059,25,15,45,71,0.352,351.24,193.56,157.68,0.78,0.47,1.40,2.21,363.52,200.32,163.19,0.81,0.48,1.45,2.29,66,87,2.06,2.71,2.13,2.81,288,8.98,9.29,0.30
Elite,RSC012888,Chillin,"Menthol
Embezzlers","Minty Fresh
Shell Corp.","Solar
Lunar","
",45.81,311,21,14.81,0.431,0.286,6,15,2,7213,3580,3633,13,7,30,43,0.302,363.62,180.47,183.14,0.66,0.35,1.51,2.17,343.48,170.48,173.00,0.62,0.33,1.43,2.05,38,58,1.92,2.92,1.81,2.76,193,9.73,9.19,0.30
Elite,RSC007475,spposse,Elephants,Safari,Solar,,45.79,441,24,18.38,0.500,0.500,12,12,5,9355,5700,3655,24,14,38,70,0.343,332.58,202.64,129.94,0.85,0.50,1.35,2.49,389.79,237.50,152.29,1.00,0.58,1.58,2.92,63,63,2.24,2.24,2.63,2.63,222,7.89,9.25,0.28
Elite,RSC008408,LoonaStarrr,"Menthol
Ghastly Goombahs
Forge Defenders","Minty Fresh
The Syndicate
Dwarf Haven","Solar
Lunar
Lunar","

",45.52,756,49,15.43,0.502,0.510,25,24,8,16494,9250,7244,37,24,65,110,0.336,342.05,191.83,150.23,0.77,0.50,1.35,2.28,336.61,188.78,147.84,0.76,0.49,1.33,2.24,115,113,2.38,2.34,2.35,2.31,385,7.98,7.86,0.29
Elite,RSC008461,Kos,Ghastly Goombahs,The Syndicate,Lunar,,45.41,781,50,15.62,0.501,0.500,25,25,7,16151,9010,7141,33,29,60,126,0.262,324.22,180.87,143.35,0.66,0.58,1.20,2.53,323.02,180.20,142.82,0.66,0.58,1.20,2.52,113,112,2.27,2.25,2.26,2.24,375,7.53,7.50,0.30
Elite,RSC001292,flamethrowr,Dragon,Mythspire,Solar,,44.63,911,58,15.71,0.505,0.483,28,30,3,18541,10320,8221,36,36,69,147,0.245,319.08,177.60,141.48,0.62,0.62,1.19,2.53,319.67,177.93,141.74,0.62,0.62,1.19,2.53,145,139,2.50,2.39,2.50,2.40,449,7.73,7.74,0.31
Elite,RSC006945,nuummite,Dragon,Mythspire,Solar,,44.59,340,22,15.45,0.500,0.500,11,11,3,7379,4350,3029,15,14,34,45,0.333,340.26,200.58,139.67,0.69,0.65,1.57,2.08,335.41,197.73,137.68,0.68,0.64,1.55,2.05,53,53,2.44,2.44,2.41,2.41,177,8.16,8.05,0.30
Elite,RSC012664,heibenberb,"Thrashers
Commanders","The Pit
The King's Court","Solar
Lunar","
",43.97,564,36,15.67,0.542,0.556,20,16,5,12166,6390,5776,22,25,45,69,0.319,338.19,177.63,160.56,0.61,0.69,1.25,1.92,337.94,177.50,160.44,0.61,0.69,1.25,1.92,91,67,2.53,1.86,2.53,1.86,269,7.48,7.47,0.25
Elite,RSC006613,steel.reserve,Afterburners,Remove Before Flight,Lunar,,43.48,709,46,15.41,0.467,0.326,15,31,5,15787,8050,7737,25,25,68,90,0.278,349.09,178.01,171.09,0.55,0.55,1.50,1.99,343.20,175.00,168.20,0.54,0.54,1.48,1.96,82,107,1.81,2.37,1.78,2.33,389,8.60,8.46,0.28
Elite,RSC002906,PackRL,"Embezzlers
Menthol","Shell Corp.
Minty Fresh","Lunar
Solar","
",42.46,444,28,15.86,0.396,0.214,6,22,4,9360,5260,4100,15,14,47,71,0.211,330.51,185.73,144.77,0.53,0.49,1.66,2.51,334.29,187.86,146.43,0.54,0.50,1.68,2.54,44,89,1.55,3.14,1.57,3.18,257,9.07,9.18,0.35
Elite,RSC008479,Yaki,Demons,The Monster Mash,Lunar,,42.04,921,59,15.61,0.465,0.373,22,37,6,19829,11080,8749,42,26,85,133,0.316,337.54,188.61,148.93,0.71,0.44,1.45,2.26,336.08,187.80,148.29,0.71,0.44,1.44,2.25,119,159,2.03,2.71,2.02,2.69,485,8.26,8.22,0.33
Elite,RSC000867,Ritter,"Forge Defenders
Menthol","Dwarf Haven
Minty Fresh","Lunar
Solar","
",41.99,208,12,17.33,0.494,0.417,5,7,2,4399,2370,2029,7,9,19,27,0.259,331.57,178.64,152.93,0.53,0.68,1.43,2.04,366.58,197.50,169.08,0.58,0.75,1.58,2.25,30,31,2.26,2.34,2.50,2.58,98,7.39,8.17,0.32
Elite,RSC003561,Dooober,Forest Cobra,Venom Lab,Lunar,,41.70,887,55,16.13,0.500,0.473,26,29,5,17401,9850,7551,34,35,65,145,0.234,307.57,174.10,133.46,0.60,0.62,1.15,2.56,316.38,179.09,137.29,0.62,0.64,1.18,2.64,129,129,2.28,2.28,2.35,2.35,439,7.76,7.98,0.29
Elite,RSC003277,Miikey.RL,Afterburners,Remove Before Flight,Lunar,,41.46,629,41,15.34,0.452,0.317,13,28,2,13734,7260,6474,21,20,66,86,0.244,342.32,180.96,161.36,0.52,0.50,1.65,2.14,334.98,177.07,157.90,0.51,0.49,1.61,2.10,76,109,1.89,2.72,1.85,2.66,360,8.97,8.78,0.30
Elite,RSC007877,Torro,Elephants,Safari,Solar,,41.36,928,57,16.28,0.467,0.351,20,37,6,19972,10430,9542,29,32,93,128,0.227,337.41,176.21,161.20,0.49,0.54,1.57,2.16,350.39,182.98,167.40,0.51,0.56,1.63,2.25,109,144,1.84,2.43,1.91,2.53,490,8.28,8.60,0.29
Elite,RSC004889,Steeltoehammer,Commanders,The King's Court,Lunar,,41.22,439,28,15.68,0.480,0.500,14,14,3,8701,4640,4061,18,16,27,69,0.261,310.74,165.71,145.03,0.64,0.57,0.96,2.46,310.75,165.71,145.04,0.64,0.57,0.96,2.46,54,62,1.93,2.21,1.93,2.21,225,8.04,8.04,0.28
Elite,RSC005308,6 lbs of Yeet,Pixel Picassos,Art Club,Lunar,,40.57,253,17,14.88,0.505,0.412,7,10,0,4939,2760,2179,10,7,19,46,0.217,306.06,171.03,135.03,0.62,0.43,1.18,2.85,290.53,162.35,128.18,0.59,0.41,1.12,2.71,37,36,2.29,2.23,2.18,2.12,121,7.50,7.12,0.30
Elite,RSC006713,SGE Nemesis,Swordsmen,Grand Fleet,Solar,,40.06,376,24,15.67,0.393,0.208,5,19,2,8203,4560,3643,15,8,42,56,0.268,342.04,190.14,151.90,0.63,0.33,1.75,2.33,341.79,190.00,151.79,0.63,0.33,1.75,2.33,35,71,1.46,2.96,1.46,2.96,237,9.88,9.88,0.30
Elite,RSC006322,Lorak,Menthol,Minty Fresh,Solar,,38.99,73,4,18.25,0.335,0.250,1,3,0,1951,1130,821,1,3,17,3,0.333,419.01,242.68,176.32,0.21,0.64,3.65,0.64,487.75,282.50,205.25,0.25,0.75,4.25,0.75,6,12,1.29,2.58,1.50,3.00,59,12.67,14.75,0.20
Elite,RSC007855,Dub_Dill,"Elephants
Great Whites","Safari
Shark Attack","Solar
Lunar","
",38.38,696,44,15.82,0.460,0.341,15,29,3,14172,8160,6012,32,19,59,106,0.302,319.23,183.81,135.42,0.72,0.43,1.33,2.39,322.09,185.45,136.64,0.73,0.43,1.34,2.41,89,121,2.00,2.73,2.02,2.75,374,8.42,8.50,0.32
Elite,RSC004823,Krypto-RL,Imperatores,The Sovereign,Solar,,37.54,47,3,15.67,0.300,0.333,1,2,0,806,390,416,1,2,2,9,0.111,268.86,130.09,138.77,0.33,0.67,0.67,3.00,268.67,130.00,138.67,0.33,0.67,0.67,3.00,6,12,2.00,4.00,2.00,4.00,23,7.67,7.67,0.52
Elite,RSC007115,Zoomin,Raptors,Mach Velocity,Solar,,34.18,363,20,18.15,0.453,0.450,9,11,4,7671,4200,3471,12,8,42,50,0.240,331.31,181.40,149.91,0.52,0.35,1.81,2.16,383.55,210.00,173.55,0.60,0.40,2.10,2.50,45,60,1.94,2.59,2.25,3.00,199,8.59,9.95,0.30
Elite,RSC008525,tjdubya21,Imperatores,The Sovereign,Solar,,34.04,454,27,16.81,0.477,0.407,11,16,4,9248,5260,3988,19,10,44,66,0.288,319.36,181.64,137.72,0.66,0.35,1.52,2.28,342.52,194.81,147.70,0.70,0.37,1.63,2.44,59,69,2.04,2.38,2.19,2.56,234,8.08,8.67,0.29
Elite,RSC012667,newk . . .,Afterburners,Remove Before Flight,Lunar,,33.97,330,21,15.71,0.449,0.286,6,15,0,6912,3800,3112,15,6,31,45,0.333,328.38,180.53,147.85,0.71,0.29,1.47,2.14,329.14,180.95,148.19,0.71,0.29,1.48,2.14,36,50,1.71,2.38,1.71,2.38,181,8.60,8.62,0.28
Elite,RSC003830,bradyK-,Great Whites,Shark Attack,Lunar,,33.77,742,48,15.46,0.507,0.479,23,25,2,14809,7600,7209,24,26,59,95,0.253,312.90,160.58,152.32,0.51,0.55,1.25,2.01,308.52,158.33,150.19,0.50,0.54,1.23,1.98,117,111,2.47,2.35,2.44,2.31,377,7.97,7.85,0.29
Elite,RSC000923,Stemantics,Thrashers,The Pit,Solar,,33.28,692,45,15.38,0.519,0.533,24,21,6,13489,7710,5779,33,20,49,96,0.344,305.60,174.68,130.93,0.75,0.45,1.11,2.17,299.76,171.33,128.42,0.73,0.44,1.09,2.13,100,86,2.27,1.95,2.22,1.91,318,7.20,7.07,0.27
Elite,RSC000203,FrostyBrew,Demons,The Monster Mash,Lunar,,32.91,391,26,15.04,0.415,0.308,8,18,1,7331,3680,3651,12,11,26,63,0.190,293.95,147.56,146.39,0.48,0.44,1.04,2.53,281.96,141.54,140.42,0.46,0.42,1.00,2.42,45,78,1.80,3.13,1.73,3.00,206,8.26,7.92,0.38
Elite,RSC008599,parka,Forest Cobra,Venom Lab,Lunar,,32.82,267,18,14.83,0.423,0.278,5,13,2,5487,2760,2727,8,9,24,31,0.258,322.19,162.06,160.13,0.47,0.53,1.41,1.82,304.83,153.33,151.50,0.44,0.50,1.33,1.72,31,49,1.82,2.88,1.72,2.72,151,8.87,8.39,0.32
Elite,RSC012939,Boods,Swordsmen,Grand Fleet,Solar,,32.69,625,42,14.88,0.408,0.190,8,34,4,12404,6780,5624,26,13,52,93,0.280,311.15,170.07,141.08,0.65,0.33,1.30,2.33,295.33,161.43,133.90,0.62,0.31,1.24,2.21,66,131,1.66,3.29,1.57,3.12,362,9.08,8.62,0.36
Elite,RSC002097,NoobZ,Peerless Scarred,The Rising,Solar,,31.78,871,55,15.84,0.525,0.618,34,21,5,16584,9300,7284,42,18,57,135,0.311,298.51,167.40,131.11,0.76,0.32,1.03,2.43,301.53,169.09,132.44,0.76,0.33,1.04,2.45,119,96,2.14,1.73,2.16,1.75,406,7.31,7.38,0.24
Elite,RSC005577,Ryan.,Sloths,The Jungle,Solar,,31.62,101,8,12.63,0.537,0.750,6,2,1,1820,960,860,3,6,5,11,0.273,282.51,149.02,133.49,0.47,0.93,0.78,1.71,227.50,120.00,107.50,0.38,0.75,0.63,1.38,20,17,3.10,2.64,2.50,2.13,47,7.30,5.88,0.36
Elite,RSC006869,Flurry ^-^,"Elephants
Immortals","Safari
World Warriors","Solar
Lunar","
",31.43,790,50,15.80,0.470,0.380,19,31,4,14485,8150,6335,34,24,47,120,0.283,287.46,161.74,125.72,0.67,0.48,0.93,2.38,289.70,163.00,126.70,0.68,0.48,0.94,2.40,117,147,2.32,2.92,2.34,2.94,437,8.67,8.74,0.34
Elite,RSC008006,RXCKOMODE,Menthol,Minty Fresh,Solar,,28.40,48,3,16.00,0.296,0.000,0,3,0,1219,630,589,2,0,8,3,0.667,398.15,205.77,192.38,0.65,0.00,2.61,0.98,406.33,210.00,196.33,0.67,0.00,2.67,1.00,3,7,0.98,2.29,1.00,2.33,31,10.13,10.33,0.23
Elite,RSC000016,Beans,Embezzlers,Shell Corp.,Lunar,,27.67,864,56,15.43,0.439,0.375,21,35,6,17501,9550,7951,32,18,88,105,0.305,317.57,173.29,144.28,0.58,0.33,1.60,1.91,312.52,170.54,141.98,0.57,0.32,1.57,1.88,103,168,1.87,3.05,1.84,3.00,502,9.11,8.96,0.33
Elite,RSC004220,Makaveli,Ghastly Goombahs,The Syndicate,Lunar,,27.63,537,34,15.79,0.461,0.412,14,20,4,10168,5610,4558,22,14,40,71,0.310,296.86,163.79,133.07,0.64,0.41,1.17,2.07,299.06,165.00,134.06,0.65,0.41,1.18,2.09,69,91,2.01,2.66,2.03,2.68,280,8.17,8.24,0.33
Elite,RSC008652,2twisteda,Imperatores,The Sovereign,Solar,,27.41,353,24,14.71,0.426,0.250,6,18,1,6555,3240,3315,7,14,28,44,0.159,291.13,143.90,147.23,0.31,0.62,1.24,1.95,273.13,135.00,138.13,0.29,0.58,1.17,1.83,39,63,1.73,2.80,1.63,2.63,199,8.84,8.29,0.32
Elite,RSC003055,Lad,Immortals,World Warriors,Lunar,,27.16,648,39,16.62,0.489,0.436,17,22,4,12244,7090,5154,26,16,56,89,0.292,296.23,171.54,124.70,0.63,0.39,1.35,2.15,313.95,181.79,132.15,0.67,0.41,1.44,2.28,99,107,2.40,2.59,2.54,2.74,343,8.30,8.79,0.31
Elite,RSC012896,SCEET,Thrashers,The Pit,Solar,,26.99,126,8,15.75,0.488,0.625,5,3,1,2571,1500,1071,4,3,16,15,0.267,319.90,186.64,133.26,0.50,0.37,1.99,1.87,321.38,187.50,133.88,0.50,0.38,2.00,1.88,17,18,2.12,2.24,2.13,2.25,74,9.21,9.25,0.24
Elite,RSC005778,Kwispay,Embezzlers,Shell Corp.,Lunar,,26.82,691,44,15.70,0.419,0.318,14,30,4,13305,7230,6075,23,21,61,83,0.277,301.87,164.04,137.83,0.52,0.48,1.38,1.88,302.39,164.32,138.07,0.52,0.48,1.39,1.89,75,139,1.70,3.15,1.70,3.16,419,9.51,9.52,0.33
Elite,RSC000777,Marcus.,Menthol,Minty Fresh,Solar,,26.36,52,3,17.33,0.239,0.000,0,3,0,923,430,493,0,2,5,8,0.000,278.28,129.64,148.64,0.00,0.60,1.51,2.41,307.67,143.33,164.33,0.00,0.67,1.67,2.67,3,9,0.90,2.71,1.00,3.00,34,10.25,11.33,0.26
Elite,RSC007688,Yami ^^,Peerless Scarred,The Rising,Solar,,25.49,144,9,16.00,0.291,0.111,1,8,1,2833,1570,1263,3,2,19,22,0.136,308.44,170.93,137.51,0.33,0.22,2.07,2.40,314.78,174.44,140.33,0.33,0.22,2.11,2.44,10,30,1.09,3.27,1.11,3.33,78,8.49,8.67,0.38
Elite,RSC000626,President Plorpus.,Menthol,Minty Fresh,Solar,,25.21,581,36,16.14,0.421,0.194,7,29,2,11734,6210,5524,18,10,64,71,0.254,316.63,167.57,149.06,0.49,0.27,1.73,1.92,325.94,172.50,153.44,0.50,0.28,1.78,1.97,58,104,1.57,2.81,1.61,2.89,377,10.17,10.47,0.28
Elite,RSC007341,Squashy,Raptors,Mach Velocity,Solar,,23.84,466,27,17.26,0.451,0.481,13,14,5,8554,4770,3784,21,12,30,57,0.368,287.79,160.48,127.31,0.71,0.40,1.01,1.92,316.81,176.67,140.15,0.78,0.44,1.11,2.11,61,84,2.05,2.83,2.26,3.11,260,8.75,9.63,0.32
Elite,RSC007143,OmniMurders,Despair,The Shadows,Lunar,,23.64,202,14,14.43,0.439,0.214,3,11,0,3682,2000,1682,5,7,18,25,0.200,285.77,155.23,130.55,0.39,0.54,1.40,1.94,263.00,142.86,120.14,0.36,0.50,1.29,1.79,29,40,2.25,3.10,2.07,2.86,108,8.38,7.71,0.37
Elite,RSC007187,Evil Gooby,Swordsmen,Grand Fleet,Solar,,20.69,862,60,14.37,0.440,0.250,15,45,1,16439,8180,8259,24,23,75,88,0.273,298.99,148.78,150.21,0.44,0.42,1.36,1.60,273.98,136.33,137.65,0.40,0.38,1.25,1.47,104,170,1.89,3.09,1.73,2.83,491,8.93,8.18,0.35
Elite,RSC007057,Sinodih,"Forest Cobra
Despair
Swordsmen
Imperatores","Venom Lab
The Shadows
Grand Fleet
The Sovereign","Lunar
Lunar
Solar
Solar","


",20.64,482,31,15.55,0.432,0.323,10,21,1,8768,4450,4318,17,10,33,60,0.283,285.19,144.74,140.45,0.55,0.33,1.07,1.95,282.84,143.55,139.29,0.55,0.32,1.06,1.94,50,81,1.63,2.63,1.61,2.61,266,8.65,8.58,0.30
Elite,RSC005210,baldmanstreamer,"Menthol
Afterburners","Minty Fresh
Remove Before Flight","Solar
Lunar","
",16.88,158,10,15.80,0.384,0.300,3,7,0,2657,1530,1127,4,6,13,18,0.222,263.65,151.82,111.83,0.40,0.60,1.29,1.79,265.70,153.00,112.70,0.40,0.60,1.30,1.80,18,32,1.79,3.18,1.80,3.20,105,10.42,10.50,0.30
Elite,RSC006378,depressed vibez,Black-Holes,The Cosmos,Lunar,,14.30,431,29,14.86,0.435,0.414,12,17,3,7390,3930,3460,13,16,29,38,0.342,268.82,142.96,125.86,0.47,0.58,1.05,1.38,254.83,135.52,119.31,0.45,0.55,1.00,1.31,56,86,2.04,3.13,1.93,2.97,249,9.06,8.59,0.35
Elite,RSC008165,JoJo-sepy,Afterburners,Remove Before Flight,Lunar,,12.49,62,4,15.50,0.243,0.000,0,4,0,1285,640,645,1,1,9,4,0.250,324.94,161.84,163.10,0.25,0.25,2.28,1.01,321.25,160.00,161.25,0.25,0.25,2.25,1.00,3,10,0.76,2.53,0.75,2.50,46,11.63,11.50,0.22
Elite,RSC013526,Burrito,Elephants,Safari,Solar,,7.50,71,4,17.75,0.355,0.250,1,3,0,1131,600,531,1,1,7,10,0.100,249.74,132.49,117.25,0.22,0.22,1.55,2.21,282.75,150.00,132.75,0.25,0.25,1.75,2.50,6,11,1.32,2.43,1.50,2.75,43,9.50,10.75,0.26
Elite,RSC008596,RealCyloRL,Thrashers,The Pit,Solar,,3.40,62,3,20.67,0.333,0.000,0,3,0,1086,520,566,1,0,7,7,0.143,274.62,131.49,143.12,0.25,0.00,1.77,1.77,362.00,173.33,188.67,0.33,0.00,2.33,2.33,4,8,1.01,2.02,1.33,2.67,22,5.56,7.33,0.36
Elite,RSC005754,Monty.,Commanders,The King's Court,Lunar,,-5.11,49,4,12.25,0.456,0.250,1,3,0,608,110,498,0,1,0,6,0.000,194.53,35.20,159.34,0.00,0.32,0.00,1.92,152.00,27.50,124.50,0.00,0.25,0.00,1.50,5,6,1.60,1.92,1.25,1.50,22,7.04,5.50,0.27
Elite,RSC007149,N8 <3,Immortals,World Warriors,Lunar,,-7.79,26,2,13.00,0.243,0.000,0,2,0,497,210,287,0,0,4,1,0.000,299.69,126.63,173.06,0.00,0.00,2.41,0.60,248.50,105.00,143.50,0.00,0.00,2.00,0.50,2,5,1.21,3.01,1.00,2.50,19,11.46,9.50,0.26
Elite,RSC009791,1ggy._,Menthol,Minty Fresh,Solar,,-9.57,47,3,15.67,0.193,0.333,1,2,0,556,220,336,1,0,1,7,0.143,185.47,73.39,112.08,0.33,0.00,0.33,2.33,185.33,73.33,112.00,0.33,0.00,0.33,2.33,2,8,0.67,2.67,0.67,2.67,27,9.01,9.00,0.30
Elite,RSC012971,M,Menthol,Minty Fresh,Solar,,-9.89,73,4,18.25,0.335,0.250,1,3,1,1270,620,650,1,1,9,2,0.500,272.75,133.15,139.60,0.21,0.21,1.93,0.43,317.50,155.00,162.50,0.25,0.25,2.25,0.50,6,12,1.29,2.58,1.50,3.00,59,12.67,14.75,0.20
Elite,RSC008115,Glint,Menthol,Minty Fresh,Solar,,-16.27,54,4,13.50,0.398,0.250,1,3,0,842,260,582,0,1,4,1,0.000,244.46,75.49,168.97,0.00,0.29,1.16,0.29,210.50,65.00,145.50,0.00,0.25,1.00,0.25,6,9,1.74,2.61,1.50,2.25,36,10.45,9.00,0.25
Veteran,RSC005677,z2kay,Folks,The Pit,Solar,,123.93,12,1,12.00,0.366,0.000,0,1,0,345,230,115,1,1,1,3,0.333,471.91,314.61,157.30,1.37,1.37,1.37,4.10,345.00,230.00,115.00,1.00,1.00,1.00,3.00,3,4,4.10,5.47,3.00,4.00,7,9.57,7.00,0.57
Veteran,RSC008353,St4r Wren,Supernova,The Cosmos,Lunar,,104.78,766,45,17.02,0.550,0.667,30,15,16,21018,12260,8758,52,42,60,196,0.265,450.38,262.71,187.67,1.11,0.90,1.29,4.20,467.07,272.44,194.62,1.16,0.93,1.33,4.36,131,89,2.81,1.91,2.91,1.98,321,6.88,7.13,0.28
Veteran,RSC007035,swah-,Kirin,The Shrine,Solar,,93.88,974,59,16.51,0.531,0.644,38,21,26,27664,15820,11844,70,34,98,222,0.315,466.20,266.60,199.60,1.18,0.57,1.65,3.74,468.88,268.14,200.75,1.19,0.58,1.66,3.76,150,116,2.53,1.95,2.54,1.97,463,7.80,7.85,0.25
Veteran,RSC000374,Pletheros,Banshees,The Monster Mash,Lunar,,93.15,1001,60,16.68,0.509,0.567,34,26,19,27075,15970,11105,65,48,97,222,0.293,443.97,261.87,182.10,1.07,0.79,1.59,3.64,451.25,266.17,185.08,1.08,0.80,1.62,3.70,148,137,2.43,2.25,2.47,2.28,472,7.74,7.87,0.29
Veteran,RSC000334,Crabasaur,Legati,The Sovereign,Solar,,92.98,837,55,15.22,0.531,0.545,30,25,14,22639,12830,9809,52,42,75,178,0.292,443.97,251.61,192.36,1.02,0.82,1.47,3.49,411.62,233.27,178.35,0.95,0.76,1.36,3.24,147,115,2.88,2.26,2.67,2.09,382,7.49,6.95,0.30
Veteran,RSC008555,ShyIsEepy,Mages,The King's Court,Lunar,,90.46,1018,61,16.69,0.513,0.574,35,26,25,28113,17250,10863,78,43,104,210,0.371,453.29,278.14,175.15,1.26,0.69,1.68,3.39,460.87,282.79,178.08,1.28,0.70,1.70,3.44,163,146,2.63,2.35,2.67,2.39,524,8.45,8.59,0.28
Veteran,RSC012894,Devyze,Dogfight,Remove Before Flight,Lunar,,88.83,935,57,16.40,0.548,0.702,40,17,18,24289,14540,9749,65,42,76,214,0.304,426.40,255.25,171.15,1.14,0.74,1.33,3.76,426.12,255.09,171.04,1.14,0.74,1.33,3.75,160,108,2.81,1.90,2.81,1.89,387,6.79,6.79,0.28
Veteran,RSC008384,NotLuke9,Giraffes,Safari,Solar,,88.13,723,44,16.43,0.570,0.750,33,11,18,20103,12040,8063,58,27,69,144,0.403,456.40,273.34,183.05,1.32,0.61,1.57,3.27,456.89,273.64,183.25,1.32,0.61,1.57,3.27,136,80,3.09,1.82,3.09,1.82,311,7.06,7.07,0.26
Veteran,RSC012908,Yovanny,Dread,The Shadows,Lunar,,87.68,910,59,15.42,0.532,0.644,38,21,19,23792,14050,9742,58,51,80,170,0.341,429.15,253.43,175.72,1.05,0.92,1.44,3.07,403.25,238.14,165.12,0.98,0.86,1.36,2.88,153,118,2.76,2.13,2.59,2.00,432,7.79,7.32,0.27
Veteran,RSC005482,Benny!,Gorillas,The Jungle,Solar,,87.36,949,60,15.82,0.519,0.600,36,24,20,25360,14260,11100,62,41,81,196,0.316,438.63,246.65,191.99,1.07,0.71,1.40,3.39,422.67,237.67,185.00,1.03,0.68,1.35,3.27,159,136,2.75,2.35,2.65,2.27,473,8.18,7.88,0.29
Veteran,RSC005734,Bas Radala,"Dogfight
White Collars","Remove Before Flight
Shell Corp.","Lunar
Lunar","
",84.92,887,52,17.06,0.544,0.712,37,15,13,21550,14050,7500,74,43,49,205,0.361,398.79,260.00,138.79,1.37,0.80,0.91,3.79,414.42,270.19,144.23,1.42,0.83,0.94,3.94,172,123,3.18,2.28,3.31,2.37,363,6.72,6.98,0.34
Veteran,RSC000438,Limon,Peppermint,Minty Fresh,Solar,,83.86,811,48,16.90,0.496,0.417,20,28,12,20838,12270,8568,56,38,63,162,0.346,421.75,248.34,173.41,1.13,0.77,1.28,3.28,434.13,255.63,178.50,1.17,0.79,1.31,3.38,128,132,2.59,2.67,2.67,2.75,380,7.69,7.92,0.35
Veteran,RSC005257,P0pfgf,Sons of Ares,The Rising,Solar,,82.88,928,60,15.47,0.550,0.617,37,23,17,23875,13860,10015,56,46,84,176,0.318,422.29,245.15,177.14,0.99,0.81,1.49,3.11,397.92,231.00,166.92,0.93,0.77,1.40,2.93,154,101,2.72,1.79,2.57,1.68,408,7.22,6.80,0.25
Veteran,RSC000848,WittingHalo64,Water,The Elements,Solar,,80.94,53,4,13.25,0.434,0.250,1,3,1,1219,620,599,2,3,3,12,0.167,377.53,192.02,185.51,0.62,0.93,0.93,3.72,304.75,155.00,149.75,0.50,0.75,0.75,3.00,7,9,2.17,2.79,1.75,2.25,21,6.50,5.25,0.43
Veteran,RSC008432,Doinkers.,Giraffes,Safari,Solar,,78.51,250,16,15.63,0.448,0.375,6,10,3,6169,3610,2559,16,11,19,51,0.314,405.04,237.02,168.02,1.05,0.72,1.25,3.35,385.56,225.63,159.94,1.00,0.69,1.19,3.19,37,49,2.43,3.22,2.31,3.06,134,8.80,8.38,0.37
Veteran,RSC008535,NBDA Aqua,Grizzly Bears,The Bear Den,Solar,,77.88,887,61,14.54,0.511,0.508,31,30,16,22724,12670,10054,44,38,94,167,0.263,420.51,234.46,186.05,0.81,0.70,1.74,3.09,372.52,207.70,164.82,0.72,0.62,1.54,2.74,132,120,2.44,2.22,2.16,1.97,460,8.51,7.54,0.26
Veteran,RSC008320,Jhammy.,Navigators,Grand Fleet,Solar,,77.70,900,59,15.25,0.505,0.458,27,32,12,23848,13880,9968,48,33,115,168,0.286,434.94,253.14,181.80,0.88,0.60,2.10,3.06,404.20,235.25,168.95,0.81,0.56,1.95,2.85,130,125,2.37,2.28,2.20,2.12,473,8.63,8.02,0.26
Veteran,RSC007033,Burnset,Dogfight,Remove Before Flight,Lunar,,74.98,990,60,16.50,0.544,0.667,40,20,18,24511,13990,10521,56,40,89,194,0.289,406.39,231.95,174.44,0.93,0.66,1.48,3.22,408.52,233.17,175.35,0.93,0.67,1.48,3.23,167,116,2.77,1.92,2.78,1.93,422,7.00,7.03,0.27
Veteran,RSC008664,BillyGatez,White Collars,Shell Corp.,Lunar,,73.88,1014,60,16.90,0.513,0.550,33,27,15,24976,14050,10926,56,41,89,195,0.287,404.30,227.44,176.87,0.91,0.66,1.44,3.16,416.27,234.17,182.10,0.93,0.68,1.48,3.25,166,149,2.69,2.41,2.77,2.48,460,7.45,7.67,0.32
Veteran,RSC007618,Doug,Gargoyle,Mythspire,Solar,,72.97,51,3,17.00,0.261,0.000,0,3,0,1377,880,497,2,2,10,8,0.250,443.18,283.23,159.96,0.64,0.64,3.22,2.57,459.00,293.33,165.67,0.67,0.67,3.33,2.67,5,12,1.61,3.86,1.67,4.00,32,10.30,10.67,0.38
Veteran,RSC005959,Yurrbo?,Berserkers,World Warriors,Lunar,,72.80,1009,62,16.27,0.522,0.597,37,25,17,25455,15650,9805,70,33,101,195,0.359,414.10,254.59,159.51,1.14,0.54,1.64,3.17,410.56,252.42,158.15,1.13,0.53,1.63,3.15,159,132,2.59,2.15,2.56,2.13,499,8.12,8.05,0.26
Veteran,RSC008364,Ken Whiffey Jr.,Giraffes,Safari,Solar,,71.28,881,54,16.31,0.533,0.630,34,20,12,21632,13000,8632,48,38,95,155,0.310,403.03,242.21,160.83,0.89,0.71,1.77,2.89,400.59,240.74,159.85,0.89,0.70,1.76,2.87,150,115,2.79,2.14,2.78,2.13,399,7.43,7.39,0.29
Veteran,RSC002544,CKNFanboy67,Makos,Shark Attack,Lunar,,71.09,1102,64,17.22,0.541,0.625,40,24,21,26532,16810,9722,77,40,98,221,0.348,395.19,250.38,144.81,1.15,0.60,1.46,3.29,414.56,262.66,151.91,1.20,0.63,1.53,3.45,195,138,2.90,2.06,3.05,2.16,497,7.40,7.77,0.28
Veteran,RSC002937,SirTommyNoble,Gutter Cats,Pawverse,Solar,,71.00,1060,64,16.56,0.537,0.656,42,22,18,26109,15980,10129,83,31,80,213,0.390,404.30,247.45,156.85,1.29,0.48,1.24,3.30,407.95,249.69,158.27,1.30,0.48,1.25,3.33,175,128,2.71,1.98,2.73,2.00,451,6.98,7.05,0.28
Veteran,RSC000403,Mezberry,"Gargoyle
Dread","Mythspire
The Shadows","Solar
Lunar","
",70.03,803,46,17.46,0.503,0.543,25,21,12,20586,12180,8406,44,27,101,138,0.319,420.80,248.97,171.83,0.90,0.55,2.06,2.82,447.52,264.78,182.74,0.96,0.59,2.20,3.00,121,118,2.47,2.41,2.63,2.57,406,8.30,8.83,0.29
Veteran,RSC012386,mushroom,Legati,The Sovereign,Solar,,69.70,806,55,14.65,0.540,0.600,33,22,9,18821,10830,7991,47,41,55,133,0.353,383.29,220.55,162.74,0.96,0.83,1.12,2.71,342.20,196.91,145.29,0.85,0.75,1.00,2.42,151,110,3.08,2.24,2.75,2.00,363,7.39,6.60,0.30
Veteran,RSC008508,Flame_RL10,"Folks
Water","The Pit
The Elements","Solar
Solar","
",68.18,475,27,17.59,0.432,0.296,8,19,5,11237,6930,4307,30,14,44,103,0.291,388.31,239.47,148.83,1.04,0.48,1.52,3.56,416.19,256.67,159.52,1.11,0.52,1.63,3.81,69,105,2.38,3.63,2.56,3.89,235,8.12,8.70,0.45
Veteran,RSC009461,Dead,Makos,Shark Attack,Lunar,,67.97,1078,62,17.39,0.544,0.645,40,22,12,25084,14640,10444,57,50,91,189,0.302,381.94,222.92,159.03,0.87,0.76,1.39,2.88,404.58,236.13,168.45,0.92,0.81,1.47,3.05,194,135,2.95,2.06,3.13,2.18,481,7.32,7.76,0.28
Veteran,RSC007482,MyTyranosaur,Cannoli,Fifty-Fifty Pizzeria,Lunar,,67.17,876,53,16.53,0.476,0.415,22,31,7,20551,11760,8791,43,36,81,161,0.267,385.08,220.36,164.72,0.81,0.67,1.52,3.02,387.75,221.89,165.87,0.81,0.68,1.53,3.04,127,153,2.38,2.87,2.40,2.89,463,8.68,8.74,0.33
Veteran,RSC008455,Craque,Grizzly Bears,The Bear Den,Solar,,66.84,636,44,14.45,0.523,0.545,24,20,9,16252,9060,7192,32,22,76,96,0.333,419.44,233.83,185.61,0.83,0.57,1.96,2.48,369.36,205.91,163.45,0.73,0.50,1.73,2.18,93,78,2.40,2.01,2.11,1.77,313,8.08,7.11,0.25
Veteran,RSC004780,KAYO,"Dread
Gutter Cats","The Shadows
Pawverse","Lunar
Solar","
",66.59,1104,64,17.25,0.560,0.688,44,20,22,25934,15510,10424,71,42,86,201,0.353,385.59,230.60,154.98,1.06,0.62,1.28,2.99,405.22,242.34,162.88,1.11,0.66,1.34,3.14,191,114,2.84,1.69,2.98,1.78,438,6.51,6.84,0.26
Veteran,RSC008104,M0NKEE .,Sons of Ares,The Rising,Solar,,66.52,941,60,15.68,0.555,0.633,38,22,12,21935,12120,9815,50,39,70,167,0.299,382.62,211.41,171.21,0.87,0.68,1.22,2.91,365.58,202.00,163.58,0.83,0.65,1.17,2.78,152,95,2.65,1.66,2.53,1.58,387,6.75,6.45,0.25
Veteran,RSC005048,Heyzisthename,Gorillas,The Jungle,Solar,,66.36,709,48,14.77,0.527,0.604,29,19,11,17507,9950,7557,43,23,66,120,0.358,405.31,230.35,174.95,1.00,0.53,1.53,2.78,364.73,207.29,157.44,0.90,0.48,1.38,2.50,117,95,2.71,2.20,2.44,1.98,344,7.96,7.17,0.28
Veteran,RSC006885,bev,Berserkers,World Warriors,Lunar,,66.03,1015,62,16.37,0.522,0.597,37,25,15,23803,14140,9663,54,42,97,179,0.302,384.93,228.67,156.27,0.87,0.68,1.57,2.89,383.92,228.06,155.85,0.87,0.68,1.56,2.89,157,131,2.54,2.12,2.53,2.11,509,8.23,8.21,0.26
Veteran,RSC012784,StanleyMilkner,Giant Squids,Tyrants of the Sea,Lunar,,65.16,708,47,15.06,0.495,0.489,23,24,10,17727,10990,6737,46,19,84,124,0.371,410.98,254.79,156.19,1.07,0.44,1.95,2.87,377.17,233.83,143.34,0.98,0.40,1.79,2.64,101,105,2.34,2.43,2.15,2.23,367,8.51,7.81,0.29
Veteran,RSC007501,RAW MUSHROOMS,Fer-de-Lance,Venom Lab,Lunar,,64.90,291,18,16.17,0.411,0.222,4,14,2,7095,4250,2845,15,10,35,50,0.300,400.20,239.73,160.48,0.85,0.56,1.97,2.82,394.17,236.11,158.06,0.83,0.56,1.94,2.78,34,57,1.92,3.22,1.89,3.17,166,9.36,9.22,0.34
Veteran,RSC000314,Yoza,Werewolves,Mythical,Solar,,64.90,1015,61,16.64,0.501,0.541,33,28,13,23731,14120,9611,59,40,89,177,0.333,383.77,228.34,155.43,0.95,0.65,1.44,2.86,389.03,231.48,157.56,0.97,0.66,1.46,2.90,148,147,2.39,2.38,2.43,2.41,500,8.09,8.20,0.29
Veteran,RSC013021,Trvyn,Folks,The Pit,Solar,,64.20,1027,63,16.30,0.495,0.460,29,34,14,23340,13450,9890,51,45,86,180,0.283,373.04,214.97,158.07,0.82,0.72,1.37,2.88,370.48,213.49,156.98,0.81,0.71,1.37,2.86,157,163,2.51,2.61,2.49,2.59,506,8.09,8.03,0.32
Veteran,RSC004367,pr.c,Peppermint,Minty Fresh,Solar,,63.21,233,12,19.42,0.549,0.500,6,6,0,5010,3250,1760,14,9,18,50,0.280,352.94,228.95,123.99,0.99,0.63,1.27,3.52,417.50,270.83,146.67,1.17,0.75,1.50,4.17,40,31,2.82,2.18,3.33,2.58,105,7.40,8.75,0.30
Veteran,RSC003618,Creature,Gargoyle,Mythspire,Solar,,63.14,746,42,17.76,0.515,0.500,21,21,10,16526,10060,6466,45,27,54,151,0.298,363.62,221.35,142.27,0.99,0.59,1.19,3.32,393.48,239.52,153.95,1.07,0.64,1.29,3.60,115,103,2.53,2.27,2.74,2.45,353,7.77,8.40,0.29
Veteran,RSC005664,LEBRON JAMES,"Legati
Werewolves","The Sovereign
Mythical","Solar
Solar","
",62.85,670,44,15.23,0.513,0.500,22,22,7,15849,8980,6869,36,22,62,118,0.305,388.28,220.00,168.28,0.88,0.54,1.52,2.89,360.20,204.09,156.11,0.82,0.50,1.41,2.68,106,96,2.60,2.35,2.41,2.18,323,7.91,7.34,0.30
Veteran,RSC004872,JustLaben,Cannoli,Fifty-Fifty Pizzeria,Lunar,,62.78,908,55,16.51,0.484,0.473,26,29,12,21449,12960,8489,55,36,85,141,0.390,387.74,234.28,153.46,0.99,0.65,1.54,2.55,389.98,235.64,154.35,1.00,0.65,1.55,2.56,137,155,2.48,2.80,2.49,2.82,476,8.60,8.65,0.33
Veteran,RSC012973,pado,"Gutter Cats
Dread","Pawverse
The Shadows","Solar
Lunar","
",61.85,425,27,15.74,0.483,0.519,14,13,3,9613,5590,4023,18,18,43,74,0.243,371.27,215.90,155.38,0.70,0.70,1.66,2.86,356.04,207.04,149.00,0.67,0.67,1.59,2.74,61,68,2.36,2.63,2.26,2.52,215,8.30,7.96,0.32
Veteran,RSC007173,mr_marino_,"Werewolves
Fer-de-Lance","Mythical
Venom Lab","Solar
Lunar","
",61.25,838,51,16.43,0.486,0.510,26,25,13,20473,11670,8803,36,24,109,142,0.254,401.01,228.58,172.43,0.71,0.47,2.14,2.78,401.43,228.82,172.61,0.71,0.47,2.14,2.78,114,127,2.23,2.49,2.24,2.49,446,8.74,8.75,0.28
Veteran,RSC006401,SHAdohwj_,Dread,The Shadows,Lunar,,61.18,483,31,15.58,0.538,0.613,19,12,6,11399,6220,5179,22,16,48,82,0.268,387.38,211.38,176.00,0.75,0.54,1.63,2.79,367.71,200.65,167.06,0.71,0.52,1.55,2.65,78,60,2.65,2.04,2.52,1.94,227,7.71,7.32,0.26
Veteran,RSC002210,Ninjatron,Drunken Dwarfs,Dwarf Haven,Lunar,,60.76,774,49,15.80,0.439,0.224,11,38,5,18241,9850,8391,33,26,79,130,0.254,386.84,208.89,177.95,0.70,0.55,1.68,2.76,372.27,201.02,171.24,0.67,0.53,1.61,2.65,89,143,1.89,3.03,1.82,2.92,446,9.46,9.10,0.32
Veteran,RSC000278,Tinsel,Peppermint,Minty Fresh,Solar,,60.63,783,48,16.31,0.484,0.396,19,29,7,17576,10040,7536,40,33,62,129,0.310,368.45,210.47,157.98,0.84,0.69,1.30,2.70,366.17,209.17,157.00,0.83,0.69,1.29,2.69,124,140,2.60,2.93,2.58,2.92,388,8.13,8.08,0.36
Veteran,RSC000981,Crimson,Folks,The Pit,Solar,,59.32,710,44,16.14,0.512,0.500,22,22,8,15742,9090,6652,48,25,36,124,0.387,363.93,210.15,153.79,1.11,0.58,0.83,2.87,357.77,206.59,151.18,1.09,0.57,0.82,2.82,117,107,2.70,2.47,2.66,2.43,352,8.14,8.00,0.30
Veteran,RSC008400,Itzmoose,Mages,The King's Court,Lunar,,59.21,489,29,16.86,0.500,0.517,15,14,3,11247,7080,4167,24,21,58,73,0.329,377.53,237.65,139.87,0.81,0.70,1.95,2.45,387.83,244.14,143.69,0.83,0.72,2.00,2.52,78,78,2.62,2.62,2.69,2.69,260,8.73,8.97,0.30
Veteran,RSC007327,ResetTillBurger,Supernova,The Cosmos,Lunar,,58.91,1092,64,17.06,0.525,0.609,39,25,13,24570,14530,10040,58,43,96,178,0.326,369.32,218.41,150.91,0.87,0.65,1.44,2.68,383.91,227.03,156.88,0.91,0.67,1.50,2.78,172,139,2.59,2.09,2.69,2.17,498,7.49,7.78,0.28
Veteran,RSC013019,Richstayricher,Mosaic Maestros,Art Club,Lunar,,58.20,913,53,17.23,0.527,0.585,31,22,10,20098,11510,8588,38,39,85,151,0.252,361.33,206.93,154.40,0.68,0.70,1.53,2.71,379.21,217.17,162.04,0.72,0.74,1.60,2.85,132,106,2.37,1.91,2.49,2.00,446,8.02,8.42,0.24
Veteran,RSC000550,ARJ,Giraffes,Safari,Solar,,56.26,558,35,15.94,0.547,0.714,25,10,2,11291,6650,4641,28,26,31,100,0.280,332.14,195.62,136.52,0.82,0.76,0.91,2.94,322.60,190.00,132.60,0.80,0.74,0.89,2.86,99,71,2.91,2.09,2.83,2.03,251,7.38,7.17,0.28
Veteran,RSC006700,Terx,Giant Squids,Tyrants of the Sea,Lunar,,56.15,785,55,14.27,0.506,0.545,30,25,9,17286,9360,7926,32,31,67,126,0.254,361.45,195.72,165.73,0.67,0.65,1.40,2.63,314.29,170.18,144.11,0.58,0.56,1.22,2.29,110,105,2.30,2.20,2.00,1.91,390,8.15,7.09,0.27
Veteran,RSC008460,Murleaux,Folks,The Pit,Solar,,55.63,920,56,16.43,0.512,0.518,29,27,5,20291,11760,8531,42,36,86,146,0.288,362.02,209.82,152.21,0.75,0.64,1.53,2.60,362.34,210.00,152.34,0.75,0.64,1.54,2.61,147,134,2.62,2.39,2.63,2.39,436,7.78,7.79,0.31
Veteran,RSC007512,BigGreenRL,Mosaic Maestros,Art Club,Lunar,,55.33,1097,64,17.14,0.512,0.547,35,29,13,25194,14230,10964,50,33,116,178,0.281,376.97,212.92,164.05,0.75,0.49,1.74,2.66,393.66,222.34,171.31,0.78,0.52,1.81,2.78,159,143,2.38,2.14,2.48,2.23,553,8.27,8.64,0.26
Veteran,RSC007358,Tropicalshortsba,Giant Squids,Tyrants of the Sea,Lunar,,54.00,747,51,14.65,0.505,0.510,26,25,4,15142,8090,7052,25,36,51,124,0.202,332.72,177.77,154.96,0.55,0.79,1.12,2.72,296.90,158.63,138.27,0.49,0.71,1.00,2.43,109,105,2.40,2.31,2.14,2.06,376,8.26,7.37,0.28
Veteran,RSC007850,harps not fast,Cannoli,Fifty-Fifty Pizzeria,Lunar,,53.33,681,42,16.21,0.457,0.333,14,28,4,15458,8660,6798,23,24,83,101,0.228,372.59,208.73,163.85,0.55,0.58,2.00,2.43,368.05,206.19,161.86,0.55,0.57,1.98,2.40,93,127,2.24,3.06,2.21,3.02,361,8.70,8.60,0.35
Veteran,RSC002988,pwapp,Gorillas,The Jungle,Solar,,53.25,806,50,16.12,0.517,0.620,31,19,4,18335,10370,7965,41,26,76,117,0.350,373.39,211.19,162.21,0.83,0.53,1.55,2.38,366.70,207.40,159.30,0.82,0.52,1.52,2.34,137,120,2.79,2.44,2.74,2.40,417,8.49,8.34,0.29
Veteran,RSC007017,Speed_demon1215,Banshees,The Monster Mash,Lunar,,52.96,1053,64,16.45,0.501,0.531,34,30,10,22470,11930,10540,43,39,79,173,0.249,350.26,185.97,164.30,0.67,0.61,1.23,2.70,351.09,186.41,164.69,0.67,0.61,1.23,2.70,153,152,2.38,2.37,2.39,2.38,508,7.92,7.94,0.30
Veteran,RSC007062,Ice Phoenix,"Cannoli
Supernova
White Collars","Fifty-Fifty Pizzeria
The Cosmos
Shell Corp.","Lunar
Lunar
Lunar","

",52.84,116,7,16.57,0.762,0.857,6,1,0,2052,1360,692,6,7,4,21,0.286,290.36,192.44,97.92,0.85,0.99,0.57,2.97,293.14,194.29,98.86,0.86,1.00,0.57,3.00,31,9,4.39,1.27,4.43,1.29,38,5.38,5.43,0.24
Veteran,RSC007613,Squatch .,Sons of Ares,The Rising,Solar,,52.57,855,53,16.13,0.554,0.623,33,20,7,18060,10330,7730,44,26,61,158,0.278,346.71,198.31,148.40,0.84,0.50,1.17,3.03,340.75,194.91,145.85,0.83,0.49,1.15,2.98,140,90,2.69,1.73,2.64,1.70,351,6.74,6.62,0.26
Veteran,RSC003945,Gaw1f3d,"Drunken Dwarfs
Legati","Dwarf Haven
The Sovereign","Lunar
Solar","
",51.98,279,19,14.68,0.500,0.526,10,9,2,6121,3350,2771,16,8,18,45,0.356,360.11,197.09,163.02,0.94,0.47,1.06,2.65,322.16,176.32,145.84,0.84,0.42,0.95,2.37,44,44,2.59,2.59,2.32,2.32,134,7.88,7.05,0.33
Veteran,RSC007906,Vaz1fy.,"Navigators
Werewolves","Grand Fleet
Mythical","Solar
Solar","
",51.58,766,50,15.32,0.518,0.520,26,24,10,17319,10220,7099,45,19,71,122,0.369,371.12,219.00,152.12,0.96,0.41,1.52,2.61,346.38,204.40,141.98,0.90,0.38,1.42,2.44,122,106,2.61,2.27,2.44,2.12,397,8.51,7.94,0.27
Veteran,RSC005934,AngryPoptart_RL,"Supernova
Fer-de-Lance","The Cosmos
Venom Lab","Lunar
Lunar","
",51.53,508,28,18.14,0.447,0.357,10,18,5,11569,6360,5209,23,11,53,86,0.267,373.81,205.50,168.31,0.74,0.36,1.71,2.78,413.18,227.14,186.04,0.82,0.39,1.89,3.07,62,88,2.00,2.84,2.21,3.14,295,9.53,10.54,0.30
Veteran,RSC007920,Ocular8,"Navigators
Folks","Grand Fleet
The Pit","Solar
Solar","
",51.28,210,12,17.50,0.520,0.500,6,6,2,4621,2620,2001,11,5,18,37,0.297,361.19,204.79,156.40,0.86,0.39,1.41,2.89,385.08,218.33,166.75,0.92,0.42,1.50,3.08,30,27,2.34,2.11,2.50,2.25,102,7.97,8.50,0.26
Veteran,RSC005836,Fomay,Merciless Mob,The Syndicate,Lunar,,50.26,695,42,16.55,0.458,0.310,13,29,5,14572,8020,6552,30,25,53,112,0.268,344.16,189.41,154.74,0.71,0.59,1.25,2.65,346.95,190.95,156.00,0.71,0.60,1.26,2.67,87,119,2.05,2.81,2.07,2.83,349,8.24,8.31,0.34
Veteran,RSC000649,JeiWoo,Navigators,Grand Fleet,Solar,,50.12,902,59,15.29,0.511,0.441,26,33,7,18553,10220,8333,39,36,62,142,0.275,337.62,185.98,151.64,0.71,0.66,1.13,2.58,314.46,173.22,141.24,0.66,0.61,1.05,2.41,128,117,2.33,2.13,2.17,1.98,471,8.57,7.98,0.25
Veteran,RSC008290,KrsOneTwoThree1,Nighthawks,Mach Velocity,Solar,,50.09,817,51,16.02,0.429,0.275,14,37,5,18328,10200,8128,31,25,93,120,0.258,368.22,204.93,163.30,0.62,0.50,1.87,2.41,359.37,200.00,159.37,0.61,0.49,1.82,2.35,88,154,1.77,3.09,1.73,3.02,488,9.80,9.57,0.32
Veteran,RSC006925,woah_kalebb,Drunken Dwarfs,Dwarf Haven,Lunar,,50.03,696,46,15.13,0.448,0.261,12,34,3,15120,8580,6540,29,26,68,98,0.296,356.58,202.35,154.24,0.68,0.61,1.60,2.31,328.70,186.52,142.17,0.63,0.57,1.48,2.13,92,135,2.17,3.18,2.00,2.93,408,9.62,8.87,0.33
Veteran,RSC008172,Vera,Giraffes,Safari,Solar,,50.00,714,43,16.60,0.530,0.651,28,15,7,14953,8640,6313,33,26,58,114,0.289,343.76,198.63,145.13,0.76,0.60,1.33,2.62,347.74,200.93,146.81,0.77,0.60,1.35,2.65,127,102,2.92,2.34,2.95,2.37,339,7.79,7.88,0.30
Veteran,RSC005655,Oneplayamaker,"Gargoyle
Folks
Legati","Mythspire
The Pit
The Sovereign","Solar
Solar
Solar","

",49.87,218,14,15.57,0.408,0.143,2,12,0,4745,2820,1925,11,9,20,27,0.407,357.27,212.33,144.94,0.83,0.68,1.51,2.03,338.93,201.43,137.50,0.79,0.64,1.43,1.93,29,47,2.18,3.54,2.07,3.36,129,9.71,9.21,0.36
Veteran,RSC003418,fern,Mages,The King's Court,Lunar,,49.74,346,21,16.48,0.487,0.524,11,10,1,7166,3860,3306,14,16,24,46,0.304,339.95,183.12,156.84,0.66,0.76,1.14,2.18,341.24,183.81,157.43,0.67,0.76,1.14,2.19,51,55,2.42,2.61,2.43,2.62,175,8.30,8.33,0.31
Veteran,RSC006315,BIGbadBULLMAN13,Makos,Shark Attack,Lunar,,49.52,871,52,16.75,0.554,0.654,34,18,7,17302,10530,6772,41,39,62,138,0.297,326.06,198.44,127.62,0.77,0.73,1.17,2.60,332.73,202.50,130.23,0.79,0.75,1.19,2.65,162,106,3.05,2.00,3.12,2.04,384,7.24,7.38,0.28
Veteran,RSC004313,Causing .,Water,The Elements,Solar,,49.27,245,16,15.31,0.431,0.313,5,11,3,5476,2990,2486,12,4,23,44,0.273,366.87,200.32,166.55,0.80,0.27,1.54,2.95,342.25,186.88,155.38,0.75,0.25,1.44,2.75,29,43,1.94,2.88,1.81,2.69,119,7.97,7.44,0.36
Veteran,RSC007317,TheDarkHero77,White Collars,Shell Corp.,Lunar,,49.00,716,41,17.46,0.504,0.512,21,20,5,14671,8290,6381,30,26,56,119,0.252,336.33,190.05,146.28,0.69,0.60,1.28,2.73,357.83,202.20,155.63,0.73,0.63,1.37,2.90,111,108,2.54,2.48,2.71,2.63,324,7.43,7.90,0.33
Veteran,RSC003953,BlinkyDaBurger,"Supernova
Dread","The Cosmos
The Shadows","Lunar
Lunar","
",48.94,753,48,15.69,0.489,0.563,27,21,6,15781,8740,7041,36,27,53,114,0.316,344.00,190.52,153.48,0.78,0.59,1.16,2.49,328.77,182.08,146.69,0.75,0.56,1.10,2.38,104,113,2.27,2.46,2.17,2.35,383,8.35,7.98,0.30
Veteran,RSC012558,EthanAll01,Dogfight,Remove Before Flight,Lunar,,48.42,294,18,16.33,0.614,0.833,15,3,1,5420,3090,2330,10,17,16,44,0.227,302.60,172.52,130.09,0.56,0.95,0.89,2.46,301.11,171.67,129.44,0.56,0.94,0.89,2.44,49,24,2.74,1.34,2.72,1.33,111,6.20,6.17,0.22
Veteran,RSC004239,Nitro,Mosaic Maestros,Art Club,Lunar,,48.25,1097,64,17.14,0.512,0.547,35,29,10,22982,14670,8312,65,30,95,192,0.339,343.88,219.50,124.37,0.97,0.45,1.42,2.87,359.09,229.22,129.88,1.02,0.47,1.48,3.00,159,143,2.38,2.14,2.48,2.23,553,8.27,8.64,0.26
Veteran,RSC002730,Aquap,Grizzly Bears,The Bear Den,Solar,,48.15,642,44,14.59,0.526,0.568,25,19,4,14012,7980,6032,37,15,50,103,0.359,358.25,204.03,154.22,0.95,0.38,1.28,2.63,318.45,181.36,137.09,0.84,0.34,1.14,2.34,98,80,2.51,2.05,2.23,1.82,329,8.41,7.48,0.24
Veteran,RSC007911,Redhood.Rl,Werewolves,Mythical,Solar,,48.11,117,7,16.71,0.488,0.429,3,4,0,2175,1210,965,4,7,6,16,0.250,305.14,169.75,135.38,0.56,0.98,0.84,2.24,310.71,172.86,137.86,0.57,1.00,0.86,2.29,18,19,2.53,2.67,2.57,2.71,66,9.26,9.43,0.29
Veteran,RSC007897,Synnicall,Gutter Cats,Pawverse,Solar,,47.73,125,8,15.63,0.669,0.875,7,1,0,1979,1110,869,3,9,3,21,0.143,259.87,145.76,114.11,0.39,1.18,0.39,2.76,247.38,138.75,108.63,0.38,1.13,0.38,2.63,32,15,4.20,1.97,4.00,1.88,47,6.17,5.88,0.32
Veteran,RSC008170,Hypernova,Nighthawks,Mach Velocity,Solar,,47.60,868,54,16.07,0.433,0.296,16,38,6,19391,10760,8631,32,27,101,116,0.276,366.69,203.48,163.22,0.61,0.51,1.91,2.19,359.09,199.26,159.83,0.59,0.50,1.87,2.15,99,169,1.87,3.20,1.83,3.13,519,9.81,9.61,0.33
Veteran,RSC003113,Nebulade,Nighthawks,Mach Velocity,Solar,,47.26,584,37,15.78,0.459,0.378,14,23,4,12494,6620,5874,24,18,49,87,0.276,351.16,186.07,165.10,0.67,0.51,1.38,2.45,337.68,178.92,158.76,0.65,0.49,1.32,2.35,78,104,2.19,2.92,2.11,2.81,342,9.61,9.24,0.30
Veteran,RSC007202,GreatHonda,Gargoyle,Mythspire,Solar,,46.73,899,50,17.98,0.502,0.500,25,25,6,17877,10510,7367,39,36,68,141,0.277,326.40,191.89,134.51,0.71,0.66,1.24,2.57,357.54,210.20,147.34,0.78,0.72,1.36,2.82,133,131,2.43,2.39,2.66,2.62,443,8.09,8.86,0.30
Veteran,RSC006128,anth0tex,"Giant Squids
Berserkers","Tyrants of the Sea
World Warriors","Lunar
Lunar","
",46.56,684,47,14.55,0.513,0.553,26,21,10,15262,7730,7532,27,18,64,93,0.290,366.25,185.50,180.75,0.65,0.43,1.54,2.23,324.72,164.47,160.26,0.57,0.38,1.36,1.98,88,79,2.11,1.90,1.87,1.68,355,8.52,7.55,0.22
Veteran,RSC007213,Py Ballwin,Berserkers,World Warriors,Lunar,,46.30,631,38,16.61,0.525,0.605,23,15,5,12928,7190,5738,25,25,51,89,0.281,336.30,187.03,149.26,0.65,0.65,1.33,2.32,340.21,189.21,151.00,0.66,0.66,1.34,2.34,101,84,2.63,2.19,2.66,2.21,313,8.14,8.24,0.27
Veteran,RSC001612,Reverse Fridge,"Fer-de-Lance
Peppermint","Venom Lab
Minty Fresh","Lunar
Solar","
",45.88,916,55,16.65,0.453,0.291,16,39,4,19228,11010,8218,44,32,75,126,0.349,344.56,197.29,147.26,0.79,0.57,1.34,2.26,349.60,200.18,149.42,0.80,0.58,1.36,2.29,123,177,2.20,3.17,2.24,3.22,530,9.50,9.64,0.33
Veteran,RSC007930,Ziffy,"White Collars
Cannoli
Gargoyle","Shell Corp.
Fifty-Fifty Pizzeria
Mythspire","Lunar
Lunar
Solar","

",45.65,630,38,16.58,0.468,0.368,14,24,2,12141,6950,5191,28,26,37,100,0.280,316.33,181.08,135.25,0.73,0.68,0.96,2.61,319.50,182.89,136.61,0.74,0.68,0.97,2.63,87,109,2.27,2.84,2.29,2.87,312,8.13,8.21,0.35
Veteran,RSC007720,trock,"Dread
Mages","The Shadows
The King's Court","Lunar
Lunar","
",45.43,572,37,15.46,0.550,0.703,26,11,1,11683,6830,4853,21,27,54,68,0.309,335.26,195.99,139.26,0.60,0.77,1.55,1.95,315.76,184.59,131.16,0.57,0.73,1.46,1.84,103,72,2.96,2.07,2.78,1.95,283,8.12,7.65,0.25
Veteran,RSC003815,WashedDonk,Kirin,The Shrine,Solar,,44.93,989,60,16.48,0.523,0.633,38,22,8,20922,11460,9462,36,30,98,146,0.247,347.24,190.20,157.04,0.60,0.50,1.63,2.42,348.70,191.00,157.70,0.60,0.50,1.63,2.43,142,117,2.36,1.94,2.37,1.95,479,7.95,7.98,0.24
Veteran,RSC005165,Lucas,Supernova,The Cosmos,Lunar,,44.68,888,52,17.08,0.526,0.654,34,18,8,18371,11280,7091,45,25,82,143,0.315,339.58,208.50,131.07,0.83,0.46,1.52,2.64,353.29,216.92,136.37,0.87,0.48,1.58,2.75,144,117,2.66,2.16,2.77,2.25,411,7.60,7.90,0.28
Veteran,RSC008553,Choco,Merciless Mob,The Syndicate,Lunar,,44.53,950,58,16.38,0.449,0.276,16,42,6,20405,11220,9185,37,28,96,132,0.280,352.56,193.86,158.70,0.64,0.48,1.66,2.28,351.81,193.45,158.36,0.64,0.48,1.66,2.28,115,174,1.99,3.01,1.98,3.00,508,8.78,8.76,0.34
Veteran,RSC000926,SlmRnchr,Banshees,The Monster Mash,Lunar,,43.74,905,56,16.16,0.510,0.589,33,23,5,17942,10110,7832,43,32,57,136,0.316,325.42,183.37,142.05,0.78,0.58,1.03,2.47,320.39,180.54,139.86,0.77,0.57,1.02,2.43,139,128,2.52,2.32,2.48,2.29,431,7.82,7.70,0.30
Veteran,RSC007582,Wavy,Werewolves,Mythical,Solar,,43.63,1018,61,16.69,0.496,0.525,32,29,4,20209,11220,8989,42,37,73,152,0.276,325.85,180.91,144.94,0.68,0.60,1.18,2.45,331.30,183.93,147.36,0.69,0.61,1.20,2.49,146,151,2.35,2.43,2.39,2.48,509,8.21,8.34,0.30
Veteran,RSC002330,JesterGG,"Grizzly Bears
Giant Squids
Gargoyle","The Bear Den
Tyrants of the Sea
Mythspire","Solar
Lunar
Solar","

",42.28,705,39,18.08,0.484,0.462,18,21,5,15147,8690,6457,24,22,86,89,0.270,352.66,202.33,150.34,0.56,0.51,2.00,2.07,388.38,222.82,165.56,0.62,0.56,2.21,2.28,101,113,2.35,2.63,2.59,2.90,382,8.89,9.79,0.30
Veteran,RSC000156,Drupenson,Mages,The King's Court,Lunar,,42.10,427,27,15.81,0.519,0.556,15,12,3,8669,5260,3409,18,16,42,56,0.321,333.24,202.20,131.04,0.69,0.62,1.61,2.15,321.07,194.81,126.26,0.67,0.59,1.56,2.07,67,59,2.58,2.27,2.48,2.19,229,8.80,8.48,0.26
Veteran,RSC006938,Soda. .,Makos,Shark Attack,Lunar,,41.38,255,14,18.21,0.495,0.429,6,8,0,5172,2910,2262,11,8,21,36,0.306,332.92,187.32,145.60,0.71,0.51,1.35,2.32,369.43,207.86,161.57,0.79,0.57,1.50,2.57,34,35,2.19,2.25,2.43,2.50,129,8.30,9.21,0.27
Veteran,RSC006490,Dayz,Gutter Cats,Pawverse,Solar,,40.47,822,52,15.81,0.525,0.635,33,19,5,15682,8760,6922,26,37,65,106,0.245,313.15,174.93,138.22,0.52,0.74,1.30,2.12,301.58,168.46,133.12,0.50,0.71,1.25,2.04,133,109,2.66,2.18,2.56,2.10,393,7.85,7.56,0.28
Veteran,RSC005265,doctorprofessor_,Legati,The Sovereign,Solar,,40.44,307,18,17.06,0.532,0.444,8,10,2,5993,3570,2423,16,11,20,42,0.381,320.42,190.88,129.55,0.86,0.59,1.07,2.25,332.94,198.33,134.61,0.89,0.61,1.11,2.33,55,46,2.94,2.46,3.06,2.56,134,7.16,7.44,0.34
Veteran,RSC008115,Glint,"Mages
Merciless Mob
Peppermint","The King's Court
The Syndicate
Minty Fresh","Lunar
Lunar
Solar","

",40.22,568,35,16.23,0.468,0.400,14,21,3,11195,6420,4775,21,21,50,77,0.273,323.52,185.53,137.99,0.61,0.61,1.44,2.23,319.86,183.43,136.43,0.60,0.60,1.43,2.20,81,101,2.34,2.92,2.31,2.89,315,9.10,9.00,0.32
Veteran,RSC013059,Zeke is help,Water,The Elements,Solar,,39.57,793,46,17.24,0.426,0.261,12,34,2,15979,8980,6999,26,26,80,108,0.241,330.75,185.88,144.87,0.54,0.54,1.66,2.24,347.37,195.22,152.15,0.57,0.57,1.74,2.35,98,169,2.03,3.50,2.13,3.67,430,8.90,9.35,0.39
Veteran,RSC007831,Havox,Kirin,The Shrine,Solar,,38.57,1062,64,16.59,0.523,0.625,40,24,6,20648,11940,8708,44,34,86,154,0.286,319.13,184.54,134.59,0.68,0.53,1.33,2.38,322.63,186.56,136.06,0.69,0.53,1.34,2.41,156,128,2.41,1.98,2.44,2.00,519,8.02,8.11,0.25
Veteran,RSC005314,daggumbigfeet,Mosaic Maestros,Art Club,Lunar,,38.48,112,7,16.00,0.421,0.429,3,4,2,2484,1280,1204,5,2,11,13,0.385,364.04,187.59,176.45,0.73,0.29,1.61,1.91,354.86,182.86,172.00,0.71,0.29,1.57,1.86,18,25,2.64,3.66,2.57,3.57,68,9.97,9.71,0.37
Veteran,RSC000320,ryanawesome_,"Grizzly Bears
Nighthawks
Mosaic Maestros
Peppermint
Folks
Fer-de-Lance","The Bear Den
Mach Velocity
Art Club
Minty Fresh
The Pit
Venom Lab","Solar
Solar
Lunar
Solar
Solar
Lunar","




",38.33,309,19,16.26,0.419,0.263,5,14,1,5841,3230,2611,8,14,27,38,0.211,310.28,171.58,138.70,0.42,0.74,1.43,2.02,307.42,170.00,137.42,0.42,0.74,1.42,2.00,41,65,2.18,3.45,2.16,3.42,180,9.56,9.47,0.36
Veteran,RSC006319,cowtooth,Berserkers,World Warriors,Lunar,,37.50,295,18,16.39,0.508,0.500,9,9,0,5887,3140,2747,10,9,26,39,0.256,327.56,174.71,152.85,0.56,0.50,1.45,2.17,327.06,174.44,152.61,0.56,0.50,1.44,2.17,47,45,2.62,2.50,2.61,2.50,158,8.79,8.78,0.28
Veteran,RSC008554,golden4789,Supernova,The Cosmos,Lunar,,37.20,78,4,19.50,0.392,0.500,2,2,1,1610,1050,560,6,0,6,15,0.400,338.81,220.96,117.85,1.26,0.00,1.26,3.16,402.50,262.50,140.00,1.50,0.00,1.50,3.75,10,15,2.10,3.16,2.50,3.75,44,9.26,11.00,0.34
Veteran,RSC007307,Jmh187-,Dread,The Shadows,Lunar,,36.68,152,10,15.20,0.510,0.700,7,3,0,2939,1640,1299,5,4,14,24,0.208,317.38,177.10,140.28,0.54,0.43,1.51,2.59,293.90,164.00,129.90,0.50,0.40,1.40,2.40,20,19,2.16,2.05,2.00,1.90,78,8.42,7.80,0.24
Veteran,RSC008231,Afino,Grizzly Bears,The Bear Den,Solar,,36.31,429,29,14.79,0.472,0.345,10,19,1,8358,4630,3728,17,13,34,58,0.293,319.79,177.15,142.64,0.65,0.50,1.30,2.22,288.21,159.66,128.55,0.59,0.45,1.17,2.00,58,70,2.22,2.68,2.00,2.41,233,8.91,8.03,0.30
Veteran,RSC007861,xmanyaknow,Sons of Ares,The Rising,Solar,,35.13,312,19,16.42,0.537,0.474,9,10,3,5983,3400,2583,11,9,28,45,0.244,314.76,178.87,135.89,0.58,0.47,1.47,2.37,314.89,178.95,135.95,0.58,0.47,1.47,2.37,37,29,1.95,1.53,1.95,1.53,123,6.47,6.47,0.24
Veteran,RSC002295,DEMOralize,Water,The Elements,Solar,,34.68,799,47,17.00,0.432,0.298,14,33,1,14660,7990,6670,29,27,52,114,0.254,301.17,164.14,137.02,0.60,0.55,1.07,2.34,311.91,170.00,141.91,0.62,0.57,1.11,2.43,105,173,2.16,3.55,2.23,3.68,413,8.48,8.79,0.42
Veteran,RSC001487,M1ke1sMy1ke,Nighthawks,Mach Velocity,Solar,,33.48,713,45,15.84,0.427,0.289,13,32,4,14683,7870,6813,27,18,70,77,0.351,338.02,181.18,156.84,0.62,0.41,1.61,1.77,326.29,174.89,151.40,0.60,0.40,1.56,1.71,77,134,1.77,3.08,1.71,2.98,439,10.11,9.76,0.31
Veteran,RSC002209,Panick,Water,The Elements,Solar,,33.01,27,2,13.50,0.284,0.500,1,1,0,479,190,289,0,1,2,4,0.000,291.20,115.51,175.69,0.00,0.61,1.22,2.43,239.50,95.00,144.50,0.00,0.50,1.00,2.00,3,6,1.82,3.65,1.50,3.00,17,10.33,8.50,0.35
Veteran,RSC012652,blaiyzur,Water,The Elements,Solar,,32.95,759,43,17.65,0.428,0.256,11,32,5,14595,8660,5935,33,14,69,121,0.273,315.63,187.28,128.35,0.71,0.30,1.49,2.62,339.42,201.40,138.02,0.77,0.33,1.60,2.81,88,150,1.90,3.24,2.05,3.49,403,8.72,9.37,0.37
Veteran,RSC006654,Chicken,Gorillas,The Jungle,Solar,,32.21,548,34,16.12,0.481,0.441,15,19,2,10282,5500,4782,17,19,44,65,0.262,307.98,164.74,143.24,0.51,0.57,1.32,1.95,302.41,161.76,140.65,0.50,0.56,1.29,1.91,76,87,2.28,2.61,2.24,2.56,284,8.51,8.35,0.31
Veteran,RSC005505,The_Wheelman_95,Merciless Mob,The Syndicate,Lunar,,32.01,622,36,17.28,0.455,0.306,11,25,4,11513,5700,5813,16,14,48,100,0.160,303.82,150.42,153.40,0.42,0.37,1.27,2.64,319.81,158.33,161.47,0.44,0.39,1.33,2.78,70,97,1.85,2.56,1.94,2.69,326,8.60,9.06,0.30
Veteran,RSC007227,I Ezekiel I,Fer-de-Lance,Venom Lab,Lunar,,31.87,761,45,16.91,0.428,0.222,10,35,3,14435,7980,6455,23,26,70,88,0.261,311.35,172.12,139.23,0.50,0.56,1.51,1.90,320.78,177.33,143.44,0.51,0.58,1.56,1.96,87,150,1.88,3.24,1.93,3.33,438,9.45,9.73,0.34
Veteran,RSC005873,Gama The Dwarf,Drunken Dwarfs,Dwarf Haven,Lunar,,31.52,791,50,15.82,0.434,0.200,10,40,4,15748,8840,6908,30,19,79,94,0.319,326.79,183.44,143.35,0.62,0.39,1.64,1.95,314.96,176.80,138.16,0.60,0.38,1.58,1.88,90,151,1.87,3.13,1.80,3.02,456,9.46,9.12,0.33
Veteran,RSC002960,Shrek Is The Best Anime,Legati,The Sovereign,Solar,,31.32,78,4,19.50,0.391,0.000,0,4,0,1282,830,452,4,1,4,18,0.222,269.78,174.66,95.12,0.84,0.21,0.84,3.79,320.50,207.50,113.00,1.00,0.25,1.00,4.50,7,11,1.47,2.31,1.75,2.75,33,6.94,8.25,0.33
Veteran,RSC006174,I like bananas,Kirin,The Shrine,Solar,,31.28,161,9,17.89,0.472,0.444,4,5,0,3085,1660,1425,6,4,13,21,0.286,314.52,169.24,145.28,0.61,0.41,1.33,2.14,342.78,184.44,158.33,0.67,0.44,1.44,2.33,20,23,2.04,2.34,2.22,2.56,96,9.79,10.67,0.24
Veteran,RSC000851,JoeZ,"Peppermint
Fer-de-Lance","Minty Fresh
Venom Lab","Solar
Lunar","
",30.94,711,43,16.53,0.454,0.279,12,31,3,12766,7250,5516,28,20,48,105,0.267,294.72,167.37,127.34,0.65,0.46,1.11,2.42,296.88,168.60,128.28,0.65,0.47,1.12,2.44,97,136,2.24,3.14,2.26,3.16,375,8.66,8.72,0.36
Veteran,RSC002902,Stone-Dog Millionaire,White Collars,Shell Corp.,Lunar,,30.58,689,40,17.23,0.501,0.500,20,20,4,12498,7290,5208,29,22,48,89,0.326,297.74,173.67,124.07,0.69,0.52,1.14,2.12,312.45,182.25,130.20,0.73,0.55,1.20,2.23,106,105,2.53,2.50,2.65,2.63,327,7.79,8.18,0.32
Veteran,RSC008116,Jake,Merciless Mob,The Syndicate,Lunar,,30.25,722,43,16.79,0.411,0.163,7,36,1,13116,7220,5896,29,16,48,112,0.259,298.18,164.14,134.04,0.66,0.36,1.09,2.55,305.02,167.91,137.12,0.67,0.37,1.12,2.60,76,148,1.73,3.36,1.77,3.44,401,9.12,9.33,0.37
Veteran,RSC005703,ShoddyWolfman,Dogfight,Remove Before Flight,Lunar,,28.92,602,37,16.27,0.538,0.649,24,13,3,10862,6290,4572,21,15,51,89,0.236,296.16,171.50,124.66,0.57,0.41,1.39,2.43,293.57,170.00,123.57,0.57,0.41,1.38,2.41,94,71,2.56,1.94,2.54,1.92,272,7.42,7.35,0.26
Veteran,RSC002668,Bird Queen <3,Fer-de-Lance,Venom Lab,Lunar,,28.24,414,25,16.56,0.455,0.360,9,16,1,7549,3850,3699,8,15,37,45,0.178,299.30,152.64,146.66,0.32,0.59,1.47,1.78,301.96,154.00,147.96,0.32,0.60,1.48,1.80,50,67,1.98,2.66,2.00,2.68,242,9.59,9.68,0.28
Veteran,RSC006489,bayylock,Cannoli,Fifty-Fifty Pizzeria,Lunar,,27.77,648,40,16.20,0.464,0.450,18,22,4,11673,6750,4923,29,17,43,85,0.341,295.68,170.98,124.70,0.73,0.43,1.09,2.15,291.83,168.75,123.08,0.73,0.43,1.08,2.13,94,121,2.38,3.07,2.35,3.03,350,8.87,8.75,0.35
Veteran,RSC008527,HouseHoldNugg,"Supernova
Navigators","The Cosmos
Grand Fleet","Lunar
Solar","
",26.51,87,6,14.50,0.462,0.333,2,4,0,1411,730,681,2,3,5,13,0.154,266.21,137.73,128.48,0.38,0.57,0.94,2.45,235.17,121.67,113.50,0.33,0.50,0.83,2.17,11,13,2.08,2.45,1.83,2.17,43,8.11,7.17,0.30
Veteran,RSC012911,beamish_,Navigators,Grand Fleet,Solar,,25.91,392,24,16.33,0.489,0.375,9,15,1,7184,3960,3224,15,10,30,46,0.326,300.82,165.82,135.00,0.63,0.42,1.26,1.93,299.33,165.00,134.33,0.63,0.42,1.25,1.92,56,60,2.34,2.51,2.33,2.50,203,8.50,8.46,0.30
Veteran,RSC003416,DrSkimMilk,Merciless Mob,The Syndicate,Lunar,,24.80,103,6,17.17,0.269,0.167,1,5,0,2081,1230,851,3,1,15,13,0.231,331.63,196.01,135.62,0.48,0.16,2.39,2.07,346.83,205.00,141.83,0.50,0.17,2.50,2.17,8,23,1.27,3.67,1.33,3.83,62,9.88,10.33,0.37
Veteran,RSC006312,Cognitixn,"Fer-de-Lance
Werewolves","Venom Lab
Mythical","Lunar
Solar","
",24.07,426,23,18.52,0.393,0.087,2,21,2,7608,4120,3488,14,9,34,57,0.246,293.14,158.75,134.40,0.54,0.35,1.31,2.20,330.78,179.13,151.65,0.61,0.39,1.48,2.48,47,91,1.81,3.51,2.04,3.96,240,9.25,10.43,0.38
Veteran,RSC006770,ExecutivePowers,Drunken Dwarfs,Dwarf Haven,Lunar,,20.19,356,22,16.18,0.413,0.227,5,17,1,6249,3400,2849,10,7,32,45,0.222,288.12,156.77,131.36,0.46,0.32,1.48,2.07,284.05,154.55,129.50,0.45,0.32,1.45,2.05,37,64,1.71,2.95,1.68,2.91,208,9.59,9.45,0.31
Veteran,RSC008288,WifiWFB,Supernova,The Cosmos,Lunar,,14.71,28,2,14.00,0.176,0.000,0,2,0,531,230,301,1,0,2,3,0.333,311.28,134.83,176.45,0.59,0.00,1.17,1.76,265.50,115.00,150.50,0.50,0.00,1.00,1.50,1,4,0.59,2.34,0.50,2.00,16,9.38,8.00,0.25
Veteran,RSC002760,gcol,White Collars,Shell Corp.,Lunar,,12.12,41,2,20.50,0.267,0.000,0,2,0,780,400,380,0,0,7,5,0.000,312.27,160.14,152.13,0.00,0.00,2.80,2.00,390.00,200.00,190.00,0.00,0.00,3.50,2.50,2,5,0.80,2.00,1.00,2.50,27,10.81,13.50,0.19
Veteran,RSC000724,dunnie14,Folks,The Pit,Solar,,9.69,136,9,15.11,0.265,0.000,0,9,0,2333,970,1363,2,2,11,12,0.167,281.58,117.07,164.50,0.24,0.24,1.33,1.45,259.22,107.78,151.44,0.22,0.22,1.22,1.33,10,33,1.21,3.98,1.11,3.67,92,11.10,10.22,0.36
Veteran,RSC007321,Ecko,Fer-de-Lance,Venom Lab,Lunar,,4.81,79,4,19.75,0.155,0.000,0,4,0,1311,750,561,0,2,12,5,0.000,272.39,155.83,116.56,0.00,0.42,2.49,1.04,327.75,187.50,140.25,0.00,0.50,3.00,1.25,5,23,1.04,4.78,1.25,5.75,59,12.26,14.75,0.39
Veteran,RSC007331,Ikigai,"Nighthawks
Peppermint","Mach Velocity
Minty Fresh","Solar
Solar","
",3.85,150,7,21.43,0.389,0.286,2,5,0,1943,980,963,3,4,6,18,0.167,212.62,107.24,105.38,0.33,0.44,0.66,1.97,277.57,140.00,137.57,0.43,0.57,0.86,2.57,17,28,1.86,3.06,2.43,4.00,69,7.55,9.86,0.41
Veteran,RSC008524,legal account,Supernova,The Cosmos,Lunar,,2.64,58,4,14.50,0.317,0.250,1,3,0,772,300,472,0,2,3,5,0.000,218.48,84.90,133.58,0.00,0.57,0.85,1.42,193.00,75.00,118.00,0.00,0.50,0.75,1.25,3,7,0.85,1.98,0.75,1.75,29,8.21,7.25,0.24
Veteran,RSC012930,Hxccxp,"Mages
Gutter Cats
Water","The King's Court
Pawverse
The Elements","Lunar
Solar
Solar","

",-10.28,392,15,26.13,0.402,0.200,3,12,0,4516,2480,2036,6,8,22,38,0.158,189.10,103.85,85.25,0.25,0.33,0.92,1.59,301.07,165.33,135.73,0.40,0.53,1.47,2.53,27,50,1.13,2.09,1.80,3.33,124,5.19,8.27,0.40
Veteran,RSC000182,Goose,Banshees,The Monster Mash,Lunar,,-12.96,200,12,16.67,0.366,0.083,1,11,0,2553,1290,1263,2,3,16,14,0.143,209.53,105.87,103.66,0.16,0.25,1.31,1.15,212.75,107.50,105.25,0.17,0.25,1.33,1.17,19,39,1.56,3.20,1.58,3.25,113,9.27,9.42,0.35
Veteran,RSC005902,Natty,"Water
Merciless Mob","The Elements
The Syndicate","Solar
Lunar","
",-15.97,129,7,18.43,0.214,0.000,0,7,0,1619,830,789,2,0,10,13,0.154,206.00,105.61,100.39,0.25,0.00,1.27,1.65,231.29,118.57,112.71,0.29,0.00,1.43,1.86,8,33,1.02,4.20,1.14,4.71,78,9.92,11.14,0.42
Veteran,RSC012678,mel,Peppermint,Minty Fresh,Solar,,-18.96,59,4,14.75,0.098,0.000,0,4,0,674,260,414,1,0,2,6,0.167,187.51,72.33,115.18,0.28,0.00,0.56,1.67,168.50,65.00,103.50,0.25,0.00,0.50,1.50,2,16,0.56,4.45,0.50,4.00,44,12.24,11.00,0.36
Veteran,RSC008454,Worma,Supernova,The Cosmos,Lunar,,-29.61,13,1,13.00,0.000,0.000,0,1,0,90,20,70,0,0,0,2,0.000,113.64,25.25,88.38,0.00,0.00,0.00,2.53,90.00,20.00,70.00,0.00,0.00,0.00,2.00,0,3,0.00,3.79,0.00,3.00,8,10.10,8.00,0.38
Rival,RSC000403,Mezberry,Polar Ice,Minty Fresh,Solar,,155.42,62,4,15.50,0.763,1.000,4,0,4,2334,1580,754,8,3,9,18,0.444,576.72,390.41,186.31,1.98,0.74,2.22,4.45,583.50,395.00,188.50,2.00,0.75,2.25,4.50,15,5,3.71,1.24,3.75,1.25,22,5.44,5.50,0.23
Rival,RSC002691,iSuperiorAlpha,Hammerheads,Shark Attack,Lunar,,101.75,964,60,16.07,0.545,0.633,38,22,16,26414,16970,9444,78,53,85,227,0.344,419.77,269.69,150.08,1.24,0.84,1.35,3.61,440.23,282.83,157.40,1.30,0.88,1.42,3.78,188,130,2.99,2.07,3.13,2.17,418,6.64,6.97,0.31
Rival,RSC004766,Envy Raptor,Howlers,The Rising,Solar,,92.66,997,63,15.83,0.569,0.778,49,14,22,27726,16170,11556,70,47,95,207,0.338,426.04,248.47,177.57,1.08,0.72,1.46,3.18,440.10,256.67,183.43,1.11,0.75,1.51,3.29,191,106,2.93,1.63,3.03,1.68,404,6.21,6.41,0.26
Rival,RSC004618,Squirrel,Samurai,World Warriors,Lunar,,91.61,67,4,16.75,0.664,0.750,3,1,1,1740,1030,710,4,6,5,8,0.500,397.86,235.51,162.34,0.91,1.37,1.14,1.83,435.00,257.50,177.50,1.00,1.50,1.25,2.00,15,8,3.43,1.83,3.75,2.00,32,7.32,8.00,0.25
Rival,RSC007256,DarkOnDisplayRW7,Hippos,Safari,Solar,,91.58,353,23,15.35,0.564,0.696,16,7,10,9257,5560,3697,23,21,30,71,0.324,401.74,241.30,160.45,1.00,0.91,1.30,3.08,402.48,241.74,160.74,1.00,0.91,1.30,3.09,62,41,2.69,1.78,2.70,1.78,145,6.29,6.30,0.28
Rival,RSC006832,Bewear.,Phoenix,Mythspire,Solar,,85.43,899,58,15.50,0.555,0.724,42,16,21,23482,14910,8572,72,45,74,176,0.409,400.16,254.08,146.08,1.23,0.77,1.26,3.00,404.86,257.07,147.79,1.24,0.78,1.28,3.03,189,122,3.22,2.08,3.26,2.10,407,6.94,7.02,0.30
Rival,RSC001321,HannandGrenade,Ruthless Racket,The Syndicate,Lunar,,82.24,614,44,13.95,0.500,0.545,24,20,8,16259,8530,7729,32,25,56,128,0.250,405.68,212.83,192.85,0.80,0.62,1.40,3.19,369.52,193.86,175.66,0.73,0.57,1.27,2.91,102,102,2.54,2.54,2.32,2.32,280,6.99,6.36,0.36
Rival,RSC001358,Cob,Heavy Metal,The Pit,Solar,,81.18,62,4,15.50,0.692,1.000,4,0,1,1394,880,514,5,4,1,13,0.385,344.45,217.44,127.01,1.24,0.99,0.25,3.21,348.50,220.00,128.50,1.25,1.00,0.25,3.25,13,6,3.21,1.48,3.25,1.50,27,6.67,6.75,0.22
Rival,RSC005834,IIIYummyIIII,Hot Wings,Fifty-Fifty Pizzeria,Lunar,,80.78,877,54,16.24,0.512,0.593,32,22,14,21986,13200,8786,56,44,73,175,0.320,384.06,230.58,153.48,0.98,0.77,1.28,3.06,407.15,244.44,162.70,1.04,0.81,1.35,3.24,147,134,2.57,2.34,2.72,2.48,397,6.93,7.35,0.34
Rival,RSC008557,lowcortisol lurx,Phoenix,Mythspire,Solar,,79.75,892,58,15.38,0.548,0.672,39,19,10,22763,13320,9443,61,47,66,157,0.389,390.95,228.77,162.18,1.05,0.81,1.13,2.70,392.47,229.66,162.81,1.05,0.81,1.14,2.71,189,129,3.25,2.22,3.26,2.22,407,6.99,7.02,0.32
Rival,RSC005752,Surge85,Nightfall,The Shadows,Lunar,,79.13,992,64,15.50,0.522,0.609,39,25,15,25854,14870,10984,49,45,117,187,0.262,399.27,229.64,169.63,0.76,0.69,1.81,2.89,403.97,232.34,171.63,0.77,0.70,1.83,2.92,161,133,2.49,2.05,2.52,2.08,494,7.63,7.72,0.27
Rival,RSC013069,Saint Fenrir,Kitsune,The Shrine,Solar,,79.03,194,13,14.92,0.512,0.615,8,5,6,5183,3250,1933,10,10,29,30,0.333,409.29,256.65,152.65,0.79,0.79,2.29,2.37,398.69,250.00,148.69,0.77,0.77,2.23,2.31,33,31,2.61,2.45,2.54,2.38,103,8.13,7.92,0.30
Rival,RSC000369,hex,Kitsune,The Shrine,Solar,,78.83,961,64,15.02,0.517,0.531,34,30,10,23637,13440,10197,57,43,70,209,0.273,376.81,214.25,162.56,0.91,0.69,1.12,3.33,369.33,210.00,159.33,0.89,0.67,1.09,3.27,153,132,2.44,2.10,2.39,2.06,428,6.82,6.69,0.31
Rival,RSC006774,JazzMagic.,Ruthless Racket,The Syndicate,Lunar,,78.48,933,64,14.58,0.506,0.578,37,27,18,24086,13490,10596,62,37,71,189,0.328,395.49,221.51,173.99,1.02,0.61,1.17,3.10,376.34,210.78,165.56,0.97,0.58,1.11,2.95,152,144,2.50,2.36,2.38,2.25,433,7.11,6.77,0.33
Rival,RSC013051,Boricua,Polar Bears,The Bear Den,Solar,,78.37,501,33,15.18,0.549,0.636,21,12,7,12647,7430,5217,27,27,50,88,0.307,386.73,227.20,159.53,0.83,0.83,1.53,2.69,383.24,225.15,158.09,0.82,0.82,1.52,2.67,94,67,2.87,2.05,2.85,2.03,236,7.22,7.15,0.28
Rival,RSC001330,Blissful Beluga,Howlers,The Rising,Solar,,77.85,998,63,15.84,0.570,0.778,49,14,19,24582,15250,9332,72,37,78,230,0.313,377.35,234.10,143.25,1.11,0.57,1.20,3.53,390.19,242.06,148.13,1.14,0.59,1.24,3.65,190,104,2.92,1.60,3.02,1.65,407,6.25,6.46,0.26
Rival,RSC003904,Tyyphoon454,Jets,Remove Before Flight,Lunar,,77.23,791,52,15.21,0.545,0.692,36,16,18,20620,11420,9200,49,28,70,162,0.302,399.36,221.18,178.18,0.95,0.54,1.36,3.14,396.54,219.62,176.92,0.94,0.54,1.35,3.12,139,97,2.69,1.88,2.67,1.87,347,6.72,6.67,0.28
Rival,RSC012985,,"Polar Bears
Samurai","The Bear Den
World Warriors","Solar
Lunar","
",77.11,630,43,14.65,0.000,0.581,25,18,12,16929,9530,7399,38,24,68,113,0.336,411.67,231.74,179.92,0.92,0.58,1.65,2.75,393.70,221.63,172.07,0.88,0.56,1.58,2.63,109,100,2.65,,2.53,2.33,310,,7.21,0.32
Rival,RSC005276,Dc,"Samurai
Polar Bears","World Warriors
The Bear Den","Lunar
Solar","
",77.05,956,64,14.94,0.511,0.516,33,31,14,23937,13820,10117,61,35,77,212,0.288,383.59,221.46,162.12,0.98,0.56,1.23,3.40,374.02,215.94,158.08,0.95,0.55,1.20,3.31,140,127,2.24,2.04,2.19,1.98,442,7.08,6.91,0.29
Rival,RSC009249,Gyarados-_-,Hammerheads,Shark Attack,Lunar,,74.63,902,56,16.11,0.553,0.661,37,19,15,23271,13580,9691,69,34,66,168,0.411,395.24,230.65,164.59,1.17,0.58,1.12,2.85,415.55,242.50,173.05,1.23,0.61,1.18,3.00,181,119,3.07,2.02,3.23,2.13,393,6.67,7.02,0.30
Rival,RSC006086,13o0k,Heavy Metal,The Pit,Solar,,73.34,868,54,16.07,0.496,0.481,26,28,14,22641,13520,9121,55,30,98,162,0.340,399.60,238.62,160.98,0.97,0.53,1.73,2.86,419.28,250.37,168.91,1.02,0.56,1.81,3.00,127,131,2.24,2.31,2.35,2.43,456,8.05,8.44,0.29
Rival,RSC008411,Fujin Rikow.,Guards,The King's Court,Lunar,,73.32,788,53,14.87,0.498,0.453,24,29,15,20827,11720,9107,50,27,79,142,0.352,404.91,227.85,177.05,0.97,0.52,1.54,2.76,392.96,221.13,171.83,0.94,0.51,1.49,2.68,119,121,2.31,2.35,2.25,2.28,385,7.48,7.26,0.31
Rival,RSC007590,Donkeh .,Hippos,Safari,Solar,,72.36,882,58,15.21,0.519,0.621,36,22,14,22245,13010,9235,57,34,79,166,0.343,386.38,225.98,160.41,0.99,0.59,1.37,2.88,383.53,224.31,159.22,0.98,0.59,1.36,2.86,144,123,2.50,2.14,2.48,2.12,417,7.24,7.19,0.29
Rival,RSC006753,prettii.,Mining Legion,Dwarf Haven,Lunar,,72.15,187,10,18.70,0.500,0.400,4,6,2,4592,3070,1522,13,9,20,32,0.406,376.20,251.51,124.69,1.07,0.74,1.64,2.62,459.20,307.00,152.20,1.30,0.90,2.00,3.20,30,30,2.46,2.46,3.00,3.00,85,6.96,8.50,0.35
Rival,RSC005689,Ary,Guards,The King's Court,Lunar,,72.01,370,24,15.42,0.473,0.458,11,13,2,8626,4790,3836,21,18,21,74,0.284,357.16,198.33,158.83,0.87,0.75,0.87,3.06,359.42,199.58,159.83,0.88,0.75,0.88,3.08,55,65,2.28,2.69,2.29,2.71,180,7.45,7.50,0.36
Rival,RSC005246,Irishhhh,Hue Heroes,Art Club,Lunar,,71.83,625,40,15.63,0.517,0.525,21,19,10,15178,8880,6298,40,26,47,123,0.325,372.04,217.66,154.37,0.98,0.64,1.15,3.01,379.45,222.00,157.45,1.00,0.65,1.18,3.08,111,98,2.72,2.40,2.78,2.45,289,7.08,7.23,0.34
Rival,RSC003228,phyzixs.,Dracos,Mythical,Solar,,71.40,736,46,16.00,0.497,0.500,23,23,12,18770,11550,7220,62,22,56,145,0.428,390.70,240.41,150.28,1.29,0.46,1.17,3.02,408.04,251.09,156.96,1.35,0.48,1.22,3.15,117,120,2.44,2.50,2.54,2.61,387,8.06,8.41,0.31
Rival,RSC006777,AlteredSp4rky,Ruthless Racket,The Syndicate,Lunar,,71.15,60,4,15.00,0.673,0.750,3,1,1,1368,890,478,4,4,4,9,0.444,349.29,227.24,122.05,1.02,1.02,1.02,2.30,342.00,222.50,119.50,1.00,1.00,1.00,2.25,12,6,3.06,1.53,3.00,1.50,22,5.62,5.50,0.27
Rival,RSC005885,noot,Quasars,The Cosmos,Lunar,,69.85,872,59,14.78,0.484,0.458,27,32,12,21998,12570,9428,49,33,89,157,0.312,386.47,220.84,165.64,0.86,0.58,1.56,2.76,372.85,213.05,159.80,0.83,0.56,1.51,2.66,116,133,2.04,2.34,1.97,2.25,453,7.96,7.68,0.29
Rival,RSC000796,hoyci,Nightfall,The Shadows,Lunar,,69.03,651,44,14.80,0.526,0.614,27,17,9,15751,8440,7311,34,30,48,114,0.298,370.66,198.62,172.05,0.80,0.71,1.13,2.68,357.98,191.82,166.16,0.77,0.68,1.09,2.59,112,92,2.64,2.17,2.55,2.09,300,7.06,6.82,0.31
Rival,RSC006477,XtraCrispyRL,Gaboons,Venom Lab,Lunar,,68.70,381,26,14.65,0.495,0.538,14,12,7,9118,5190,3928,22,12,31,84,0.262,366.63,208.69,157.94,0.88,0.48,1.25,3.38,350.69,199.62,151.08,0.85,0.46,1.19,3.23,65,67,2.61,2.69,2.50,2.58,171,6.88,6.58,0.39
Rival,RSC008465,IncorrectTerror,Wind,The Elements,Solar,,67.69,804,54,14.89,0.490,0.500,27,27,11,19530,10440,9090,44,30,60,154,0.286,372.13,198.93,173.21,0.84,0.57,1.14,2.93,361.67,193.33,168.33,0.81,0.56,1.11,2.85,118,128,2.25,2.44,2.19,2.37,361,6.88,6.69,0.35
Rival,RSC007960,Kayo04,Jets,Remove Before Flight,Lunar,,67.34,929,59,15.75,0.526,0.627,37,22,8,21465,12670,8795,51,44,73,172,0.297,353.97,208.94,145.04,0.84,0.73,1.20,2.84,363.81,214.75,149.07,0.86,0.75,1.24,2.92,161,130,2.65,2.14,2.73,2.20,428,7.06,7.25,0.30
Rival,RSC002230,Steem,Howlers,The Rising,Solar,,65.55,105,7,15.00,0.607,0.714,5,2,2,2678,1650,1028,9,4,8,15,0.600,390.73,240.74,149.99,1.31,0.58,1.17,2.19,382.57,235.71,146.86,1.29,0.57,1.14,2.14,21,13,3.06,1.90,3.00,1.86,51,7.44,7.29,0.25
Rival,RSC006167,MagesticEagle1,Polar Ice,Minty Fresh,Solar,,65.06,990,64,15.47,0.511,0.469,30,34,13,24986,13870,11116,54,35,102,162,0.333,386.65,214.63,172.02,0.84,0.54,1.58,2.51,390.41,216.72,173.69,0.84,0.55,1.59,2.53,153,139,2.37,2.15,2.39,2.17,508,7.86,7.94,0.27
Rival,RSC004536,Grim,Praetoriani,The Sovereign,Solar,,64.08,1035,59,17.54,0.491,0.475,28,31,17,25058,15350,9708,71,29,95,205,0.346,370.90,227.21,143.70,1.05,0.43,1.41,3.03,424.71,260.17,164.54,1.20,0.49,1.61,3.47,144,155,2.13,2.29,2.44,2.63,526,7.79,8.92,0.29
Rival,RSC008191,CrowBar7570,"Guards
Polar Ice
Purrgatory","The King's Court
Minty Fresh
Pawverse","Lunar
Solar
Solar","

",63.92,744,47,15.83,0.496,0.383,18,29,6,18305,10530,7775,32,27,94,128,0.250,376.92,216.83,160.10,0.66,0.56,1.94,2.64,389.47,224.04,165.43,0.68,0.57,2.00,2.72,100,103,2.06,2.12,2.13,2.19,376,7.74,8.00,0.27
Rival,RSC008000,ChefHoffy,Kitsune,The Shrine,Solar,,63.64,961,64,15.02,0.517,0.531,34,30,11,22778,12680,10098,53,37,76,173,0.306,363.12,202.14,160.98,0.84,0.59,1.21,2.76,355.91,198.13,157.78,0.83,0.58,1.19,2.70,153,132,2.44,2.10,2.39,2.06,428,6.82,6.69,0.31
Rival,RSC005691,Dr.Ukulele,Gaboons,Venom Lab,Lunar,,62.96,788,54,14.59,0.465,0.370,20,34,8,18155,9790,8365,33,42,64,119,0.277,352.96,190.33,162.63,0.64,0.82,1.24,2.31,336.20,181.30,154.91,0.61,0.78,1.19,2.20,114,150,2.22,2.92,2.11,2.78,415,8.07,7.69,0.36
Rival,RSC002453,Ghostie,"Wind
Purrgatory","The Elements
Pawverse","Solar
Solar","
",62.26,740,47,15.74,0.454,0.298,14,33,5,17769,10110,7659,32,25,86,136,0.235,367.86,209.30,158.56,0.66,0.52,1.78,2.82,378.06,215.11,162.96,0.68,0.53,1.83,2.89,94,134,1.95,2.77,2.00,2.85,379,7.85,8.06,0.35
Rival,RSC008260,Crucified,Hot Wings,Fifty-Fifty Pizzeria,Lunar,,62.18,474,31,15.29,0.538,0.677,21,10,5,11090,6530,4560,25,19,45,83,0.301,358.43,211.05,147.38,0.81,0.61,1.45,2.68,357.74,210.65,147.10,0.81,0.61,1.45,2.68,90,70,2.91,2.26,2.90,2.26,209,6.75,6.74,0.33
Rival,RSC005386,Danub,Phantoms,The Monster Mash,Lunar,,60.62,770,51,15.10,0.454,0.333,17,34,6,19081,10330,8751,39,27,78,118,0.331,379.63,205.52,174.11,0.78,0.54,1.55,2.35,374.14,202.55,171.59,0.76,0.53,1.53,2.31,96,139,1.91,2.77,1.88,2.73,434,8.63,8.51,0.32
Rival,RSC012692,AraticRL.,"Ocelots
Ruthless Racket","The Jungle
The Syndicate","Solar
Lunar","
",60.62,137,8,17.13,0.542,0.625,5,3,3,3502,1770,1732,7,2,14,27,0.259,391.61,197.93,193.68,0.78,0.22,1.57,3.02,437.75,221.25,216.50,0.88,0.25,1.75,3.38,15,12,1.68,1.34,1.88,1.50,69,7.72,8.63,0.17
Rival,RSC006209,Celiscy,Nightfall,The Shadows,Lunar,,60.31,863,55,15.69,0.518,0.600,33,22,11,20790,12550,8240,58,30,77,140,0.414,369.06,222.79,146.28,1.03,0.53,1.37,2.49,378.00,228.18,149.82,1.05,0.55,1.40,2.55,134,116,2.38,2.06,2.44,2.11,439,7.79,7.98,0.26
Rival,RSC007974,ChilloutGames,Mining Legion,Dwarf Haven,Lunar,,60.00,759,47,16.15,0.514,0.468,22,25,4,16824,9770,7054,37,35,60,132,0.280,339.58,197.20,142.38,0.75,0.71,1.21,2.66,357.96,207.87,150.09,0.79,0.74,1.28,2.81,127,114,2.56,2.30,2.70,2.43,366,7.39,7.79,0.31
Rival,RSC006267,Tootie,Wind,The Elements,Solar,,58.87,489,34,14.38,0.475,0.412,14,20,8,11269,6530,4739,25,14,47,98,0.255,353.05,204.58,148.47,0.78,0.44,1.47,3.07,331.44,192.06,139.38,0.74,0.41,1.38,2.88,67,80,2.10,2.51,1.97,2.35,231,7.24,6.79,0.35
Rival,RSC007294,CF0UR_,Dracos,Mythical,Solar,,58.85,885,56,15.80,0.511,0.571,32,24,10,19400,11250,8150,43,42,67,150,0.287,335.82,194.74,141.08,0.74,0.73,1.16,2.60,346.43,200.89,145.54,0.77,0.75,1.20,2.68,148,136,2.56,2.35,2.64,2.43,462,8.00,8.25,0.29
Rival,RSC000140,Kaeso Clarus,Lightning,Mach Velocity,Solar,,57.80,633,42,15.07,0.478,0.405,17,25,11,14828,8880,5948,35,23,64,103,0.340,358.87,214.91,143.95,0.85,0.56,1.55,2.49,353.05,211.43,141.62,0.83,0.55,1.52,2.45,90,106,2.18,2.57,2.14,2.52,342,8.28,8.14,0.31
Rival,RSC007904,branielthedaniel,Hippos,Safari,Solar,,57.48,892,59,15.12,0.510,0.559,33,26,5,19258,10890,8368,38,42,69,154,0.247,330.75,187.03,143.72,0.65,0.72,1.19,2.64,326.41,184.58,141.83,0.64,0.71,1.17,2.61,136,125,2.34,2.15,2.31,2.12,419,7.20,7.10,0.30
Rival,RSC006976,slendxa,Hot Wings,Fifty-Fifty Pizzeria,Lunar,,55.38,737,49,15.04,0.501,0.551,27,22,12,16719,9430,7289,41,25,56,128,0.320,347.53,196.02,151.51,0.85,0.52,1.16,2.66,341.20,192.45,148.76,0.84,0.51,1.14,2.61,120,119,2.49,2.47,2.45,2.43,332,6.90,6.78,0.36
Rival,RSC008533,Malik_P4,Lightning,Mach Velocity,Solar,,54.75,730,48,15.21,0.493,0.438,21,27,7,17073,10160,6913,36,26,83,111,0.324,358.30,213.22,145.08,0.76,0.55,1.74,2.33,355.69,211.67,144.02,0.75,0.54,1.73,2.31,102,108,2.14,2.27,2.13,2.25,407,8.54,8.48,0.27
Rival,RSC006678,EyeSucka,Mining Legion,Dwarf Haven,Lunar,,53.96,956,58,16.48,0.506,0.466,27,31,9,20289,12100,8189,52,39,65,170,0.306,325.13,193.90,131.23,0.83,0.62,1.04,2.72,349.81,208.62,141.19,0.90,0.67,1.12,2.93,154,147,2.47,2.36,2.66,2.53,460,7.37,7.93,0.32
Rival,RSC002412,Rosefanatic3615,Phoenix,Mythspire,Solar,,53.92,174,12,14.50,0.565,0.583,7,5,0,3756,2150,1606,9,7,12,30,0.300,330.70,189.30,141.40,0.79,0.62,1.06,2.64,313.00,179.17,133.83,0.75,0.58,1.00,2.50,36,26,3.17,2.29,3.00,2.17,77,6.78,6.42,0.34
Rival,RSC006199,Irozuh.,Barracudas,Tyrants of the Sea,Lunar,,53.86,944,60,15.73,0.478,0.500,30,30,17,22220,12790,9430,54,32,88,139,0.388,360.60,207.56,153.04,0.88,0.52,1.43,2.26,370.33,213.17,157.17,0.90,0.53,1.47,2.32,144,172,2.34,2.79,2.40,2.87,522,8.47,8.70,0.33
Rival,RSC008234,Its_Bran,Dracos,Mythical,Solar,,52.96,976,63,15.49,0.516,0.556,35,28,11,22223,12810,9413,39,43,109,131,0.298,348.82,201.07,147.75,0.61,0.67,1.71,2.06,352.75,203.33,149.41,0.62,0.68,1.73,2.08,166,145,2.61,2.28,2.63,2.30,497,7.80,7.89,0.29
Rival,RSC008442,Billionninja,Ocelots,The Jungle,Solar,,52.65,818,54,15.15,0.488,0.463,25,29,10,19347,10710,8637,35,23,95,131,0.267,362.34,200.58,161.76,0.66,0.43,1.78,2.45,358.28,198.33,159.94,0.65,0.43,1.76,2.43,99,110,1.85,2.06,1.83,2.04,431,8.07,7.98,0.26
Rival,RSC005300,Cruz.,"Mining Legion
Heavy Metal","Dwarf Haven
The Pit","Lunar
Solar","
",52.49,886,55,16.11,0.476,0.400,22,33,9,20553,11800,8753,40,28,100,140,0.286,355.38,204.03,151.35,0.69,0.48,1.73,2.42,373.69,214.55,159.15,0.73,0.51,1.82,2.55,122,148,2.11,2.56,2.22,2.69,461,7.97,8.38,0.32
Rival,RSC008548,Slinkxyz,Phoenix,Mythspire,Solar,,52.30,856,56,15.29,0.555,0.696,39,17,10,18415,10180,8235,43,41,52,123,0.350,329.57,182.19,147.38,0.77,0.73,0.93,2.20,328.84,181.79,147.05,0.77,0.73,0.93,2.20,179,116,3.20,2.08,3.20,2.07,396,7.09,7.07,0.29
Rival,RSC006072,AveX InceptionZ,Hippos,Safari,Solar,,52.17,800,52,15.38,0.498,0.500,26,26,8,17929,10230,7699,38,27,75,133,0.286,343.34,195.90,147.43,0.73,0.52,1.44,2.55,344.79,196.73,148.06,0.73,0.52,1.44,2.56,117,119,2.24,2.28,2.25,2.29,399,7.64,7.67,0.30
Rival,RSC006138,cherrypupp,"Jets
Wind","Remove Before Flight
The Elements","Lunar
Solar","
",52.04,651,43,15.14,0.485,0.442,19,24,4,14301,8330,5971,34,22,54,113,0.301,336.54,196.03,140.51,0.80,0.52,1.27,2.66,332.58,193.72,138.86,0.79,0.51,1.26,2.63,102,114,2.40,2.68,2.37,2.65,326,7.67,7.58,0.35
Rival,RSC008293,Tall_28,Phantoms,The Monster Mash,Lunar,,51.57,455,32,14.22,0.455,0.344,11,21,3,10129,5520,4609,18,17,43,72,0.250,341.04,185.86,155.18,0.61,0.57,1.45,2.42,316.53,172.50,144.03,0.56,0.53,1.34,2.25,65,88,2.19,2.96,2.03,2.75,256,8.62,8.00,0.34
Rival,RSC012645,4SkillSemiFound,"Purrgatory
Phoenix","Pawverse
Mythspire","Solar
Solar","
",51.09,975,61,15.98,0.465,0.393,24,37,14,22303,12650,9653,52,28,89,160,0.325,350.44,198.76,151.67,0.82,0.44,1.40,2.51,365.62,207.38,158.25,0.85,0.46,1.46,2.62,132,177,2.07,2.78,2.16,2.90,516,8.11,8.46,0.34
Rival,RSC007549,Whiffy_RL,Jets,Remove Before Flight,Lunar,,51.03,790,52,15.19,0.529,0.635,33,19,10,17020,10000,7020,50,31,44,125,0.400,330.06,193.92,136.13,0.97,0.60,0.85,2.42,327.31,192.31,135.00,0.96,0.60,0.85,2.40,137,109,2.66,2.11,2.63,2.10,354,6.86,6.81,0.31
Rival,RSC004452,sleepzey,Liars,Grand Fleet,Solar,,50.75,976,64,15.25,0.473,0.422,27,37,11,23646,12570,11076,49,21,102,152,0.322,371.16,197.31,173.85,0.77,0.33,1.60,2.39,369.47,196.41,173.06,0.77,0.33,1.59,2.38,122,154,1.91,2.42,1.91,2.41,558,8.76,8.72,0.28
Rival,RSC000848,WittingHalo64,Hue Heroes,Art Club,Lunar,,49.41,585,39,15.00,0.507,0.487,19,20,6,13288,7490,5798,33,18,48,89,0.371,347.98,196.15,151.84,0.86,0.47,1.26,2.33,340.72,192.05,148.67,0.85,0.46,1.23,2.28,94,89,2.46,2.33,2.41,2.28,285,7.46,7.31,0.31
Rival,RSC008217,Legitmrmouse,Polar Bears,The Bear Den,Solar,,49.06,759,51,14.88,0.502,0.510,26,25,7,16124,8960,7164,24,31,76,121,0.198,325.45,180.85,144.60,0.48,0.63,1.53,2.44,316.16,175.69,140.47,0.47,0.61,1.49,2.37,109,107,2.20,2.16,2.14,2.10,350,7.06,6.86,0.31
Rival,RSC007624,RealMrGreen,"Hue Heroes
Tax Evaders","Art Club
Shell Corp.","Lunar
Lunar","
",48.94,567,36,15.75,0.461,0.361,13,23,7,12661,6830,5831,22,19,56,88,0.250,342.09,184.54,157.55,0.59,0.51,1.51,2.38,351.69,189.72,161.97,0.61,0.53,1.56,2.44,73,97,1.97,2.62,2.03,2.69,306,8.27,8.50,0.32
Rival,RSC006069,PoupSoup,Howlers,The Rising,Solar,,48.89,939,59,15.92,0.571,0.797,47,12,7,18966,11260,7706,44,45,63,146,0.301,309.43,183.71,125.72,0.72,0.73,1.03,2.38,321.46,190.85,130.61,0.75,0.76,1.07,2.47,183,101,2.99,1.65,3.10,1.71,383,6.25,6.49,0.26
Rival,RSC008360,Merk890,"Lightning
Ruthless Racket","Mach Velocity
The Syndicate","Solar
Lunar","
",48.86,621,40,15.53,0.473,0.400,16,24,3,13637,7490,6147,26,23,56,94,0.277,336.42,184.78,151.64,0.64,0.57,1.38,2.32,340.93,187.25,153.68,0.65,0.58,1.40,2.35,92,112,2.27,2.76,2.30,2.80,337,8.31,8.43,0.33
Rival,RSC005523,Laguna,Hot Wings,Fifty-Fifty Pizzeria,Lunar,,48.53,891,58,15.36,0.517,0.586,34,24,7,18832,10680,8152,48,34,55,143,0.336,323.80,183.63,140.17,0.83,0.58,0.95,2.46,324.69,184.14,140.55,0.83,0.59,0.95,2.47,153,133,2.63,2.29,2.64,2.29,397,6.83,6.84,0.34
Rival,RSC012924,Kiraw _,"Barracudas
Guards","Tyrants of the Sea
The King's Court","Lunar
Lunar","
",48.13,799,53,15.08,0.499,0.491,26,27,5,17682,10020,7662,42,23,67,132,0.318,339.03,192.12,146.91,0.81,0.44,1.28,2.53,333.62,189.06,144.57,0.79,0.43,1.26,2.49,123,124,2.36,2.38,2.32,2.34,412,7.90,7.77,0.30
Rival,RSC000828,MattViaAirwaves,Polar Ice,Minty Fresh,Solar,,48.08,62,4,15.50,0.763,1.000,4,0,0,1203,730,473,4,2,2,13,0.308,297.25,180.38,116.88,0.99,0.49,0.49,3.21,300.75,182.50,118.25,1.00,0.50,0.50,3.25,15,5,3.71,1.24,3.75,1.25,22,5.44,5.50,0.23
Rival,RSC007525,BulletNote,Purrgatory,Pawverse,Solar,,48.03,57,4,14.25,0.333,0.000,0,4,0,1259,740,519,4,0,4,14,0.286,338.38,198.89,139.49,1.08,0.00,1.08,3.76,314.75,185.00,129.75,1.00,0.00,1.00,3.50,5,10,1.34,2.69,1.25,2.50,30,8.06,7.50,0.33
Rival,RSC008580,Seishir0_Nagii,Liars,Grand Fleet,Solar,,47.91,767,48,15.98,0.459,0.354,17,31,5,17389,9690,7699,31,24,85,114,0.272,347.32,193.55,153.78,0.62,0.48,1.70,2.28,362.27,201.88,160.40,0.65,0.50,1.77,2.38,93,129,1.86,2.58,1.94,2.69,440,8.79,9.17,0.29
Rival,RSC006935,Bazzinga,Barracudas,Tyrants of the Sea,Lunar,,47.61,869,56,15.52,0.473,0.500,28,28,8,19755,11610,8145,46,28,88,121,0.380,348.27,204.68,143.59,0.81,0.49,1.55,2.13,352.77,207.32,145.45,0.82,0.50,1.57,2.16,130,161,2.29,2.84,2.32,2.88,479,8.44,8.55,0.34
Rival,RSC008341,haileyset,Hammerheads,Shark Attack,Lunar,,47.49,831,52,15.98,0.557,0.673,35,17,6,16482,9270,7212,34,43,50,122,0.279,303.85,170.90,132.96,0.63,0.79,0.92,2.25,316.96,178.27,138.69,0.65,0.83,0.96,2.35,163,104,3.00,1.92,3.13,2.00,357,6.58,6.87,0.29
Rival,RSC005150,StickyDihhRick,Guards,The King's Court,Lunar,,47.05,429,28,15.32,0.469,0.393,11,17,4,9695,5140,4555,17,13,43,64,0.266,346.21,183.55,162.66,0.61,0.46,1.54,2.29,346.25,183.57,162.68,0.61,0.46,1.54,2.29,61,75,2.18,2.68,2.18,2.68,220,7.86,7.86,0.34
Rival,RSC008454,Worma,Quasars,The Cosmos,Lunar,,46.55,247,17,14.53,0.491,0.471,8,9,5,5534,3130,2404,12,7,24,38,0.316,343.24,194.13,149.10,0.74,0.43,1.49,2.36,325.53,184.12,141.41,0.71,0.41,1.41,2.24,39,41,2.42,2.54,2.29,2.41,119,7.38,7.00,0.34
Rival,RSC006464,vAirwick,Samurai,World Warriors,Lunar,,46.39,950,63,15.08,0.501,0.540,34,29,8,20229,11630,8599,50,35,69,143,0.350,326.22,187.55,138.67,0.81,0.56,1.11,2.31,321.10,184.60,136.49,0.79,0.56,1.10,2.27,150,149,2.42,2.40,2.38,2.37,499,8.05,7.92,0.30
Rival,RSC012798,The_W4nderer,Ocelots,The Jungle,Solar,,46.23,635,43,14.77,0.498,0.512,22,21,3,14018,7210,6808,25,17,56,106,0.236,338.19,173.95,164.25,0.60,0.41,1.35,2.56,326.00,167.67,158.33,0.58,0.40,1.30,2.47,84,85,2.03,2.05,1.95,1.98,324,7.82,7.53,0.26
Rival,RSC012832,22,Quasars,The Cosmos,Lunar,,45.23,755,52,14.52,0.479,0.442,23,29,6,15770,8820,6950,31,30,62,112,0.277,319.99,178.97,141.02,0.63,0.61,1.26,2.27,303.27,169.62,133.65,0.60,0.58,1.19,2.15,104,123,2.11,2.50,2.00,2.37,392,7.95,7.54,0.31
Rival,RSC005960,Hyper,Hue Heroes,Art Club,Lunar,,45.20,865,55,15.73,0.492,0.436,24,31,5,17366,9990,7376,46,28,48,159,0.289,307.57,176.93,130.63,0.81,0.50,0.85,2.82,315.75,181.64,134.11,0.84,0.51,0.87,2.89,130,139,2.30,2.46,2.36,2.53,412,7.30,7.49,0.34
Rival,RSC005978,Xdraco0,Wind,The Elements,Solar,,44.84,681,47,14.49,0.501,0.553,26,21,4,14018,7340,6678,23,31,51,94,0.245,315.35,165.12,150.23,0.52,0.70,1.15,2.11,298.26,156.17,142.09,0.49,0.66,1.09,2.00,103,102,2.32,2.29,2.19,2.17,310,6.97,6.60,0.33
Rival,RSC000625,Sly,Hammerheads,Shark Attack,Lunar,,44.83,195,12,16.25,0.471,0.333,4,8,1,4170,2140,2030,7,7,16,29,0.241,327.61,168.13,159.48,0.55,0.55,1.26,2.28,347.50,178.33,169.17,0.58,0.58,1.33,2.42,32,37,2.51,2.91,2.67,3.08,86,6.76,7.17,0.43
Rival,RSC007144,The_Killerwon,Gaboons,Venom Lab,Lunar,,44.55,849,59,14.39,0.471,0.373,22,37,5,18204,10000,8204,48,25,52,135,0.356,328.48,180.45,148.04,0.87,0.45,0.94,2.44,308.54,169.49,139.05,0.81,0.42,0.88,2.29,123,156,2.22,2.81,2.08,2.64,443,7.99,7.51,0.35
Rival,RSC003536,Charlemagne,Tax Evaders,Shell Corp.,Lunar,,43.76,509,32,15.91,0.487,0.406,13,19,3,10960,6380,4580,28,15,41,78,0.359,329.87,192.02,137.85,0.84,0.45,1.23,2.35,342.50,199.38,143.13,0.88,0.47,1.28,2.44,74,81,2.23,2.44,2.31,2.53,265,7.98,8.28,0.31
Rival,RSC002320,JoeExotic,Polar Ice,Minty Fresh,Solar,,43.25,873,56,15.59,0.506,0.446,25,31,4,18008,9860,8148,38,31,63,136,0.279,316.01,173.03,142.99,0.67,0.54,1.11,2.39,321.57,176.07,145.50,0.68,0.55,1.13,2.43,133,127,2.33,2.23,2.38,2.27,457,8.02,8.16,0.28
Rival,RSC003239,Wallaby Gangsta,Polar Bears,The Bear Den,Solar,,43.11,716,49,14.61,0.495,0.490,24,25,8,14434,8580,5854,39,23,46,123,0.317,308.84,183.58,125.25,0.83,0.49,0.98,2.63,294.57,175.10,119.47,0.80,0.47,0.94,2.51,102,106,2.18,2.27,2.08,2.16,317,6.78,6.47,0.33
Rival,RSC000136,Blun,Lightning,Mach Velocity,Solar,,42.62,695,45,15.44,0.474,0.422,19,26,3,14927,7970,6957,28,22,61,102,0.275,329.03,175.68,153.35,0.62,0.48,1.34,2.25,331.71,177.11,154.60,0.62,0.49,1.36,2.27,88,108,1.94,2.38,1.96,2.40,397,8.75,8.82,0.27
Rival,RSC004670,CarnageWolfBite,Samurai,World Warriors,Lunar,,42.59,279,19,14.68,0.467,0.474,9,10,3,6252,3840,2412,20,5,23,44,0.455,343.30,210.85,132.44,1.10,0.27,1.26,2.42,329.05,202.11,126.95,1.05,0.26,1.21,2.32,42,51,2.31,2.80,2.21,2.68,163,8.95,8.58,0.31
Rival,RSC008574,Zay,Phantoms,The Monster Mash,Lunar,,42.43,587,37,15.86,0.463,0.351,13,24,8,12647,7380,5267,28,17,57,88,0.318,330.07,192.61,137.46,0.73,0.44,1.49,2.30,341.81,199.46,142.35,0.76,0.46,1.54,2.38,79,103,2.06,2.69,2.14,2.78,326,8.51,8.81,0.32
Rival,RSC011606,SUP3RM00NS,"Tax Evaders
Purrgatory
Polar Ice","Shell Corp.
Pawverse
Minty Fresh","Lunar
Solar
Solar","

",42.42,563,37,15.22,0.478,0.405,15,22,6,12108,7040,5068,29,13,51,94,0.309,329.47,191.57,137.91,0.79,0.35,1.39,2.56,327.24,190.27,136.97,0.78,0.35,1.38,2.54,81,95,2.20,2.59,2.19,2.57,280,7.62,7.57,0.34
Rival,RSC006017,Dondo RF,Kitsune,The Shrine,Solar,,42.06,767,51,15.04,0.521,0.510,26,25,7,15855,8360,7495,33,25,52,121,0.273,316.68,166.98,149.70,0.66,0.50,1.04,2.42,310.88,163.92,146.96,0.65,0.49,1.02,2.37,120,101,2.40,2.02,2.35,1.98,325,6.49,6.37,0.31
Rival,RSC005294,mogulmaniac5480,Ocelots,The Jungle,Solar,,41.83,771,51,15.12,0.504,0.490,25,26,7,17139,8750,8389,33,15,69,125,0.264,340.55,173.86,166.69,0.66,0.30,1.37,2.48,336.06,171.57,164.49,0.65,0.29,1.35,2.45,94,91,1.87,1.81,1.84,1.78,388,7.71,7.61,0.23
Rival,RSC006225,renightly,Ruthless Racket,The Syndicate,Lunar,,41.35,758,52,14.58,0.517,0.615,32,20,7,15063,8490,6573,36,28,46,119,0.303,304.44,171.59,132.85,0.73,0.57,0.93,2.41,289.67,163.27,126.40,0.69,0.54,0.88,2.29,126,110,2.55,2.22,2.42,2.12,342,6.91,6.58,0.32
Rival,RSC007406,junior1000gsxr,Quasars,The Cosmos,Lunar,,41.31,823,57,14.44,0.494,0.509,29,28,6,17064,9290,7774,35,24,65,134,0.261,317.64,172.93,144.71,0.65,0.45,1.21,2.49,299.37,162.98,136.39,0.61,0.42,1.14,2.35,115,121,2.14,2.25,2.02,2.12,427,7.95,7.49,0.28
Rival,RSC007370,Jarrod81535,Heavy Metal,The Pit,Solar,,41.25,779,49,15.90,0.499,0.490,24,25,7,16565,9650,6915,36,25,74,110,0.327,325.77,189.78,135.99,0.71,0.49,1.46,2.16,338.06,196.94,141.12,0.73,0.51,1.51,2.24,117,118,2.30,2.32,2.39,2.41,407,8.00,8.31,0.29
Rival,RSC006177,Flyerrr85,Wind,The Elements,Solar,,41.03,244,17,14.35,0.449,0.412,7,10,2,5158,2490,2668,9,5,18,44,0.205,323.85,156.34,167.51,0.57,0.31,1.13,2.76,303.41,146.47,156.94,0.53,0.29,1.06,2.59,28,38,1.76,2.39,1.65,2.24,125,7.85,7.35,0.30
Rival,RSC003104,nizz,Heavy Metal,The Pit,Solar,,40.51,487,30,16.23,0.500,0.467,14,16,4,10109,5570,4539,23,14,36,77,0.299,318.00,175.22,142.79,0.72,0.44,1.13,2.42,336.97,185.67,151.30,0.77,0.47,1.20,2.57,70,70,2.20,2.20,2.33,2.33,242,7.61,8.07,0.29
Rival,RSC007897,Synnicall,Purrgatory,Pawverse,Solar,,39.96,386,23,16.78,0.431,0.348,8,15,1,8165,4670,3495,18,11,35,57,0.316,324.06,185.35,138.71,0.71,0.44,1.39,2.26,355.00,203.04,151.96,0.78,0.48,1.52,2.48,48,74,1.91,2.94,2.09,3.22,221,8.77,9.61,0.33
Rival,RSC007604,RiisenJT,Barracudas,Tyrants of the Sea,Lunar,,39.51,230,14,16.43,0.376,0.214,3,11,0,4898,2640,2258,9,8,21,29,0.310,326.25,175.85,150.40,0.60,0.53,1.40,1.93,349.86,188.57,161.29,0.64,0.57,1.50,2.07,29,56,1.93,3.73,2.07,4.00,146,9.72,10.43,0.38
Rival,RSC002960,Shrek Is The Best Anime,Praetoriani,The Sovereign,Solar,,38.66,856,49,17.47,0.481,0.449,22,27,8,16699,9150,7549,29,36,65,120,0.242,298.86,163.76,135.10,0.52,0.64,1.16,2.15,340.80,186.73,154.06,0.59,0.73,1.33,2.45,120,139,2.15,2.49,2.45,2.84,439,7.86,8.96,0.32
Rival,RSC007222,S3EZ,Hue Heroes,Art Club,Lunar,,38.30,577,38,15.18,0.480,0.395,15,23,5,12231,6550,5681,21,17,56,80,0.263,324.74,173.91,150.84,0.56,0.45,1.49,2.12,321.87,172.37,149.50,0.55,0.45,1.47,2.11,77,89,2.04,2.36,2.03,2.34,294,7.81,7.74,0.30
Rival,RSC004844,Calicat01,Praetoriani,The Sovereign,Solar,,37.73,1002,56,17.89,0.488,0.482,27,29,4,19939,11930,8009,38,33,99,153,0.248,304.85,182.40,122.45,0.58,0.50,1.51,2.34,356.05,213.04,143.02,0.68,0.59,1.77,2.73,140,155,2.14,2.37,2.50,2.77,512,7.83,9.14,0.30
Rival,RSC000331,Turtle_Supreme,"Gaboons
Guards","Venom Lab
The King's Court","Lunar
Lunar","
",37.54,638,43,14.84,0.486,0.372,16,27,2,13308,6990,6318,27,19,49,89,0.303,319.56,167.85,151.71,0.65,0.46,1.18,2.14,309.49,162.56,146.93,0.63,0.44,1.14,2.07,93,103,2.23,2.47,2.16,2.40,345,8.28,8.02,0.30
Rival,RSC007589,-RPV BoneSama,Mining Legion,Dwarf Haven,Lunar,,36.64,407,25,16.28,0.502,0.440,11,14,5,7784,4560,3224,22,13,21,66,0.333,293.00,171.64,121.35,0.83,0.49,0.79,2.48,311.36,182.40,128.96,0.88,0.52,0.84,2.64,63,62,2.37,2.33,2.52,2.48,196,7.38,7.84,0.32
Rival,RSC001893,cjax,Samurai,World Warriors,Lunar,,35.69,833,55,15.15,0.496,0.527,29,26,8,17022,9510,7512,33,25,76,116,0.284,313.05,174.90,138.15,0.61,0.46,1.40,2.13,309.49,172.91,136.58,0.60,0.45,1.38,2.11,127,131,2.34,2.41,2.31,2.38,438,8.06,7.96,0.30
Rival,RSC006639,Zxphyrs,Purrgatory,Pawverse,Solar,,35.53,56,4,14.00,0.182,0.000,0,4,0,1336,590,746,1,0,8,9,0.111,365.49,161.41,204.08,0.27,0.00,2.19,2.46,334.00,147.50,186.50,0.25,0.00,2.00,2.25,3,13,0.82,3.56,0.75,3.25,36,9.85,9.00,0.36
Rival,RSC012674,R1PP_LLAMA5,Ocelots,The Jungle,Solar,,35.29,613,40,15.33,0.479,0.450,18,22,9,12142,6540,5602,23,18,48,94,0.245,303.45,163.44,140.00,0.57,0.45,1.20,2.35,303.55,163.50,140.05,0.58,0.45,1.20,2.35,74,87,1.85,2.17,1.85,2.18,309,7.72,7.73,0.28
Rival,RSC006794,HI7MAN305,Phantoms,The Monster Mash,Lunar,,34.31,180,13,13.85,0.413,0.308,4,9,0,3885,2250,1635,9,5,18,20,0.450,330.65,191.50,139.16,0.77,0.43,1.53,1.70,298.85,173.08,125.77,0.69,0.38,1.38,1.54,27,42,2.30,3.57,2.08,3.23,107,9.11,8.23,0.39
Rival,RSC004188,wntr,Heavy Metal,The Pit,Solar,,33.82,524,32,16.38,0.455,0.313,10,22,2,9842,5170,4672,17,16,36,87,0.195,287.74,151.15,136.59,0.50,0.47,1.05,2.54,307.56,161.56,146.00,0.53,0.50,1.13,2.72,65,89,1.90,2.60,2.03,2.78,276,8.07,8.63,0.32
Rival,RSC007546,N0TTopmarx,Liars,Grand Fleet,Solar,,33.64,505,35,14.43,0.467,0.371,13,22,5,10692,5530,5162,15,12,55,68,0.221,324.36,167.76,156.60,0.46,0.36,1.67,2.06,305.49,158.00,147.49,0.43,0.34,1.57,1.94,61,78,1.85,2.37,1.74,2.23,284,8.62,8.11,0.27
Rival,RSC007560,ObiWan_Can_O_Bee,Nightfall,The Shadows,Lunar,,33.37,388,24,16.17,0.552,0.667,16,8,4,8156,4710,3446,17,11,40,46,0.370,322.03,185.97,136.06,0.67,0.43,1.58,1.82,339.83,196.25,143.58,0.71,0.46,1.67,1.92,66,47,2.61,1.86,2.75,1.96,204,8.05,8.50,0.23
Rival,RSC001082,The All-Seeing Eye 👁️,Dracos,Mythical,Solar,,33.33,366,23,15.91,0.495,0.478,11,12,1,7489,4400,3089,19,11,30,45,0.422,313.47,184.17,129.30,0.80,0.46,1.26,1.88,325.61,191.30,134.30,0.83,0.48,1.30,1.96,58,60,2.43,2.51,2.52,2.61,193,8.08,8.39,0.31
Rival,RSC003255,cozyboy,"Polar Ice
Jets
Purrgatory
Guards
Dracos","Minty Fresh
Remove Before Flight
Pawverse
The King's Court
Mythical","Solar
Lunar
Solar
Lunar
Solar","



",33.03,501,35,14.31,0.528,0.514,18,17,3,10786,5530,5256,21,11,45,63,0.333,329.82,169.10,160.72,0.64,0.34,1.38,1.93,308.17,158.00,150.17,0.60,0.31,1.29,1.80,84,69,2.57,2.11,2.40,1.97,254,7.77,7.26,0.27
Rival,RSC001720,SUPERDUPERBAM,Tax Evaders,Shell Corp.,Lunar,,32.97,793,52,15.25,0.481,0.442,23,29,7,15221,8300,6921,32,24,54,120,0.267,294.05,160.35,133.71,0.62,0.46,1.04,2.32,292.71,159.62,133.10,0.62,0.46,1.04,2.31,107,125,2.07,2.41,2.06,2.40,416,8.04,8.00,0.30
Rival,RSC002809,bubles,Liars,Grand Fleet,Solar,,32.19,680,45,15.11,0.485,0.533,24,21,6,14439,8240,6199,27,16,78,84,0.321,325.30,185.64,139.66,0.61,0.36,1.76,1.89,320.87,183.11,137.76,0.60,0.36,1.73,1.87,90,101,2.03,2.28,2.00,2.24,392,8.83,8.71,0.26
Rival,RSC011145,K0WB0Y.,Barracudas,Tyrants of the Sea,Lunar,,31.68,382,22,17.36,0.435,0.364,8,14,1,6955,3790,3165,9,12,33,64,0.141,278.93,152.00,126.93,0.36,0.48,1.32,2.57,316.14,172.27,143.86,0.41,0.55,1.50,2.91,48,72,1.93,2.89,2.18,3.27,212,8.50,9.64,0.34
Rival,RSC006212,Kingtutt97,"Ruthless Racket
Praetoriani
Tax Evaders
Mining Legion
Purrgatory","The Syndicate
The Sovereign
Shell Corp.
Dwarf Haven
Pawverse","Lunar
Solar
Lunar
Lunar
Solar","



",30.87,548,36,15.22,0.436,0.222,8,28,2,10922,6240,4682,19,15,57,74,0.257,305.33,174.44,130.89,0.53,0.42,1.59,2.07,303.39,173.33,130.06,0.53,0.42,1.58,2.06,62,99,1.73,2.77,1.72,2.75,313,8.75,8.69,0.32
Rival,RSC005253,dinnindu,Lightning,Mach Velocity,Solar,,29.71,133,9,14.78,0.521,0.556,5,4,1,2544,1480,1064,6,4,10,18,0.333,293.03,170.48,122.56,0.69,0.46,1.15,2.07,282.67,164.44,118.22,0.67,0.44,1.11,2.00,21,19,2.42,2.19,2.33,2.11,72,8.29,8.00,0.26
Rival,RSC008487,S3 UniQ,"Guards
Lightning
Mining Legion
Tax Evaders","The King's Court
Mach Velocity
Dwarf Haven
Shell Corp.","Lunar
Solar
Lunar
Lunar","


",29.26,365,25,14.60,0.469,0.400,10,15,4,7491,3820,3671,15,8,29,47,0.319,314.41,160.33,154.08,0.63,0.34,1.22,1.97,299.64,152.80,146.84,0.60,0.32,1.16,1.88,43,53,1.80,2.22,1.72,2.12,196,8.23,7.84,0.27
Rival,RSC013056,SRSExKAOS,Tax Evaders,Shell Corp.,Lunar,,28.42,230,14,16.43,0.414,0.357,5,9,2,4605,2540,2065,10,4,20,34,0.294,306.73,169.18,137.55,0.67,0.27,1.33,2.26,328.93,181.43,147.50,0.71,0.29,1.43,2.43,26,42,1.73,2.80,1.86,3.00,130,8.66,9.29,0.32
Rival,RSC002427,Free.,"Phantoms
Tax Evaders","The Monster Mash
Shell Corp.","Lunar
Lunar","
",27.82,730,48,15.21,0.439,0.313,15,33,2,14347,7490,6857,28,19,56,94,0.298,301.09,157.19,143.90,0.59,0.40,1.18,1.97,298.90,156.04,142.85,0.58,0.40,1.17,1.96,83,134,1.74,2.81,1.73,2.79,414,8.69,8.63,0.32
Rival,RSC000111,Wheelchair {LFLegs},"Wind
Tax Evaders","The Elements
Shell Corp.","Solar
Lunar","
",27.14,69,5,13.80,0.336,0.200,1,4,0,1411,630,781,2,0,6,13,0.154,313.28,139.88,173.40,0.44,0.00,1.33,2.89,282.20,126.00,156.20,0.40,0.00,1.20,2.60,7,14,1.55,3.11,1.40,2.80,39,8.66,7.80,0.36
Rival,RSC008173,Wild Thing,Ruthless Racket,The Syndicate,Lunar,,26.34,55,4,13.75,0.736,1.000,4,0,1,1159,660,499,3,1,5,6,0.500,322.83,183.84,138.99,0.84,0.28,1.39,1.67,289.75,165.00,124.75,0.75,0.25,1.25,1.50,11,4,3.06,1.11,2.75,1.00,29,8.08,7.25,0.14
Rival,RSC006187,1999 Toyota Camry,Gaboons,Venom Lab,Lunar,,25.51,462,33,14.00,0.421,0.182,6,27,1,8944,4420,4524,12,16,39,47,0.255,296.58,146.57,150.01,0.40,0.53,1.29,1.56,271.03,133.94,137.09,0.36,0.48,1.18,1.42,53,92,1.76,3.05,1.61,2.79,275,9.12,8.33,0.33
Rival,RSC005507,T Sant,"Mining Legion
Tax Evaders","Dwarf Haven
Shell Corp.","Lunar
Lunar","
",25.43,340,22,15.45,0.471,0.364,8,14,1,7061,3670,3391,10,9,38,32,0.313,318.16,165.36,152.79,0.45,0.41,1.71,1.44,320.95,166.82,154.14,0.45,0.41,1.73,1.45,44,53,1.98,2.39,2.00,2.41,206,9.28,9.36,0.26
Rival,RSC008550,ChromaToad,Praetoriani,The Sovereign,Solar,,23.12,449,27,16.63,0.488,0.481,13,14,1,7595,4350,3245,16,13,28,70,0.229,259.14,148.42,110.72,0.55,0.44,0.96,2.39,281.30,161.11,120.19,0.59,0.48,1.04,2.59,58,63,1.98,2.15,2.15,2.33,228,7.78,8.44,0.28
Rival,RSC006372,x ARC Fives x,Guards,The King's Court,Lunar,,22.52,243,16,15.19,0.478,0.438,7,9,2,4135,2220,1915,11,5,9,42,0.262,260.69,139.96,120.73,0.69,0.32,0.57,2.65,258.44,138.75,119.69,0.69,0.31,0.56,2.63,38,43,2.40,2.71,2.38,2.69,113,7.12,7.06,0.38
Rival,RSC007307,Jmh187-,Nightfall,The Shadows,Lunar,,21.04,82,5,16.40,0.478,0.400,2,3,0,1481,810,671,3,2,6,11,0.273,276.69,151.33,125.36,0.56,0.37,1.12,2.06,296.20,162.00,134.20,0.60,0.40,1.20,2.20,10,11,1.87,2.06,2.00,2.20,45,8.41,9.00,0.24
Rival,RSC003040,Chung,Phantoms,The Monster Mash,Lunar,,18.73,361,27,13.37,0.407,0.222,6,21,2,6578,3120,3458,8,8,29,47,0.170,279.15,132.40,146.75,0.34,0.34,1.23,1.99,243.63,115.56,128.07,0.30,0.30,1.07,1.74,40,74,1.70,3.14,1.48,2.74,219,9.29,8.11,0.34
Rival,RSC006543,MasonJar,Heavy Metal,The Pit,Solar,,18.47,50,4,12.50,0.434,0.750,3,1,0,948,460,488,1,1,5,6,0.167,290.46,140.94,149.52,0.31,0.31,1.53,1.84,237.00,115.00,122.00,0.25,0.25,1.25,1.50,7,9,2.14,2.76,1.75,2.25,31,9.50,7.75,0.29
Rival,RSC000025,Slayerof666,Purrgatory,Pawverse,Solar,,17.40,301,17,17.71,0.492,0.529,9,8,3,5446,3010,2436,13,5,21,41,0.317,277.18,153.20,123.98,0.66,0.25,1.07,2.09,320.35,177.06,143.29,0.76,0.29,1.24,2.41,42,44,2.14,2.24,2.47,2.59,161,8.19,9.47,0.27
Rival,RSC003118,Mysty,Purrgatory,Pawverse,Solar,,14.21,536,35,15.31,0.418,0.229,8,27,2,9087,4740,4347,18,14,32,64,0.281,259.72,135.48,124.24,0.51,0.40,0.91,1.83,259.63,135.43,124.20,0.51,0.40,0.91,1.83,63,112,1.80,3.20,1.80,3.20,293,8.37,8.37,0.38
Rival,RSC012797,TigerOrphan0,Polar Ice,Minty Fresh,Solar,,-3.51,141,10,14.10,0.433,0.200,2,8,0,2349,960,1389,2,2,11,11,0.182,255.22,104.31,150.92,0.22,0.22,1.20,1.20,234.90,96.00,138.90,0.20,0.20,1.10,1.10,14,20,1.52,2.17,1.40,2.00,85,9.24,8.50,0.24
Rival,RSC006528,mxWEBBY,"Jets
Ruthless Racket","Remove Before Flight
The Syndicate","Lunar
Lunar","
",-12.48,86,6,14.33,0.343,0.167,1,5,0,1303,660,643,2,1,7,6,0.333,232.11,117.57,114.54,0.36,0.18,1.25,1.07,217.17,110.00,107.17,0.33,0.17,1.17,1.00,9,18,1.60,3.21,1.50,3.00,53,9.44,8.83,0.34
Rival,RSC007600,CN Tyson,Mining Legion,Dwarf Haven,Lunar,,-18.11,9,1,9.00,0.000,0.000,0,1,0,172,0,172,0,0,0,0,0.000,292.78,0.00,292.78,0.00,0.00,0.00,0.00,172.00,0.00,172.00,0.00,0.00,0.00,0.00,0,3,0.00,5.11,0.00,3.00,6,10.21,6.00,0.50
Rival,RSC008443,cow,Ruthless Racket,The Syndicate,Lunar,,-30.18,44,3,14.67,0.500,0.333,1,2,0,512,240,272,1,0,2,4,0.250,178.27,83.56,94.70,0.35,0.00,0.70,1.39,170.67,80.00,90.67,0.33,0.00,0.67,1.33,7,7,2.44,2.44,2.33,2.33,21,7.31,7.00,0.33
Rival,RSC007178,BlindDisciple12,Quasars,The Cosmos,Lunar,,-41.64,69,4,17.25,0.326,0.000,0,4,0,699,250,449,0,0,4,5,0.000,155.20,55.51,99.69,0.00,0.00,0.89,1.11,174.75,62.50,112.25,0.00,0.00,1.00,1.25,7,14,1.55,3.11,1.75,3.50,37,8.21,9.25,0.38
Challenger,RSC006288,Z,"Manticore
Warthogs","Mythspire
Mach Velocity","Solar
Solar","
",98.64,436,29,15.03,0.559,0.655,19,10,9,12421,7550,4871,36,26,35,90,0.400,435.42,264.67,170.75,1.26,0.91,1.23,3.15,428.31,260.34,167.97,1.24,0.90,1.21,3.10,90,61,3.15,2.14,3.10,2.10,198,6.94,6.83,0.31
Challenger,RSC000922,D_e_r_k,Shade,The Shadows,Lunar,,94.47,842,60,14.03,0.534,0.650,39,21,22,24266,14090,10176,60,43,86,164,0.366,440.48,255.76,184.72,1.09,0.78,1.56,2.98,404.43,234.83,169.60,1.00,0.72,1.43,2.73,165,125,3.00,2.27,2.75,2.08,427,7.75,7.12,0.29
Challenger,RSC005859,LedTasso,Warthogs,Mach Velocity,Solar,,93.21,48,3,16.00,0.538,0.667,2,1,1,1037,670,367,2,5,2,12,0.167,330.20,213.34,116.86,0.64,1.59,0.64,3.82,345.67,223.33,122.33,0.67,1.67,0.67,4.00,8,7,2.55,2.23,2.67,2.33,20,6.37,6.67,0.35
Challenger,RSC008415,StorchBurn,Threshers,Shark Attack,Lunar,,88.76,877,59,14.86,0.537,0.627,37,22,19,23350,13050,10300,54,43,70,200,0.270,406.94,227.43,179.50,0.94,0.75,1.22,3.49,395.76,221.19,174.58,0.92,0.73,1.19,3.39,160,118,2.79,2.06,2.71,2.00,368,6.41,6.24,0.32
Challenger,RSC000379,DrizzyJ,Scribes,The King's Court,Lunar,,80.83,860,59,14.58,0.525,0.610,36,23,18,23629,13910,9719,68,27,81,171,0.398,419.94,247.21,172.73,1.21,0.48,1.44,3.04,400.49,235.76,164.73,1.15,0.46,1.37,2.90,149,121,2.65,2.15,2.53,2.05,405,7.20,6.86,0.30
Challenger,RSC005954,MainlyMapleSyrup,Manticore,Mythspire,Solar,,80.81,563,38,14.82,0.532,0.605,23,15,13,15456,8800,6656,42,17,52,115,0.365,419.59,238.90,180.69,1.14,0.46,1.41,3.12,406.74,231.58,175.16,1.11,0.45,1.37,3.03,101,80,2.74,2.17,2.66,2.11,267,7.25,7.03,0.30
Challenger,RSC008552,S0UL09,Panda Bears,The Bear Den,Solar,,79.16,877,57,15.39,0.504,0.491,28,29,15,23508,13080,10428,44,40,103,153,0.288,409.69,227.95,181.74,0.77,0.70,1.80,2.67,412.42,229.47,182.95,0.77,0.70,1.81,2.68,129,125,2.25,2.18,2.26,2.19,436,7.60,7.65,0.29
Challenger,RSC007065,Rampage,Meat Lovers,Fifty-Fifty Pizzeria,Lunar,,76.98,820,53,15.47,0.542,0.679,36,17,14,20758,12580,8178,59,38,63,163,0.362,386.91,234.48,152.43,1.10,0.71,1.17,3.04,391.66,237.36,154.30,1.11,0.72,1.19,3.08,150,107,2.80,1.99,2.83,2.02,356,6.64,6.72,0.30
Challenger,RSC000499,johkev,Centuriones,The Sovereign,Solar,,75.70,668,48,13.92,0.535,0.604,29,19,12,17817,9790,8027,39,28,67,114,0.342,407.66,224.00,183.66,0.89,0.64,1.53,2.61,371.19,203.96,167.23,0.81,0.58,1.40,2.38,106,80,2.43,1.83,2.21,1.67,327,7.48,6.81,0.24
Challenger,RSC008567,heyy_17,Lions,Safari,Solar,,75.58,953,58,16.43,0.500,0.552,32,26,19,25361,14400,10961,55,33,110,175,0.314,406.73,230.94,175.79,0.88,0.53,1.76,2.81,437.26,248.28,188.98,0.95,0.57,1.90,3.02,128,128,2.05,2.05,2.21,2.21,494,7.92,8.52,0.26
Challenger,RSC007676,Hunter,Warthogs,Mach Velocity,Solar,,75.29,755,48,15.73,0.519,0.521,25,23,10,19571,10920,8651,40,40,74,122,0.328,396.19,221.06,175.13,0.81,0.81,1.50,2.47,407.73,227.50,180.23,0.83,0.83,1.54,2.54,126,109,2.55,2.21,2.63,2.27,378,7.65,7.88,0.29
Challenger,RSC008135,Ezio_256,Blitzars,The Cosmos,Lunar,,74.76,722,49,14.73,0.509,0.490,24,25,10,19074,11270,7804,46,27,81,127,0.362,403.78,238.57,165.20,0.97,0.57,1.71,2.69,389.27,230.00,159.27,0.94,0.55,1.65,2.59,113,105,2.39,2.22,2.31,2.14,393,8.32,8.02,0.27
Challenger,RSC008337,BBlaazee.,"Stingrays
Dustwalkers","Tyrants of the Sea
The Rising","Lunar
Solar","
",74.31,521,36,14.47,0.551,0.694,25,11,11,13254,7570,5684,33,26,41,92,0.359,388.82,222.07,166.75,0.97,0.76,1.20,2.70,368.17,210.28,157.89,0.92,0.72,1.14,2.56,102,71,2.99,2.08,2.83,1.97,241,7.07,6.69,0.29
Challenger,RSC012852,RMMonkey,"Warbirds
Scribes","Remove Before Flight
The King's Court","Lunar
Lunar","
",73.87,667,45,14.82,0.520,0.556,25,20,10,16362,9160,7202,38,34,47,131,0.290,374.93,209.90,165.03,0.87,0.78,1.08,3.00,363.60,203.56,160.04,0.84,0.76,1.04,2.91,114,98,2.61,2.25,2.53,2.18,326,7.47,7.24,0.30
Challenger,RSC002293,Corrupt_Arrow,Insider Traders,Shell Corp.,Lunar,,73.57,605,38,15.92,0.531,0.632,24,14,11,14510,8780,5730,34,35,50,113,0.301,366.56,221.81,144.76,0.86,0.88,1.26,2.85,381.84,231.05,150.79,0.89,0.92,1.32,2.97,104,83,2.63,2.10,2.74,2.18,284,7.17,7.47,0.29
Challenger,RSC003450,ChronoElevated,Dustwalkers,The Rising,Solar,,73.47,137,8,17.13,0.528,0.500,4,4,0,3676,2240,1436,8,6,19,19,0.421,410.10,249.90,160.20,0.89,0.67,2.12,2.12,459.50,280.00,179.50,1.00,0.75,2.38,2.38,25,22,2.79,2.45,3.13,2.75,68,7.59,8.50,0.32
Challenger,RSC007284,7aco104,Meat Lovers,Fifty-Fifty Pizzeria,Lunar,,72.85,800,53,15.09,0.545,0.698,37,16,18,19018,11240,7778,47,39,58,169,0.278,363.34,214.74,148.60,0.90,0.75,1.11,3.23,358.83,212.08,146.75,0.89,0.74,1.09,3.19,144,100,2.75,1.91,2.72,1.89,344,6.57,6.49,0.29
Challenger,RSC006777,AlteredSp4rky,Apple Associates,The Syndicate,Lunar,,72.46,823,56,14.70,0.501,0.482,27,29,15,20855,11690,9165,53,28,66,169,0.314,387.30,217.10,170.20,0.98,0.52,1.23,3.14,372.41,208.75,163.66,0.95,0.50,1.18,3.02,127,126,2.36,2.34,2.27,2.25,392,7.28,7.00,0.32
Challenger,RSC013047,.Desty,Valkyrie,World Warriors,Lunar,,72.46,887,59,15.03,0.516,0.475,28,31,9,21391,12590,8801,62,44,48,179,0.346,368.59,216.94,151.65,1.07,0.76,0.83,3.08,362.56,213.39,149.17,1.05,0.75,0.81,3.03,166,146,2.86,2.52,2.81,2.47,411,7.08,6.97,0.36
Challenger,RSC006643,Napkhan,Corals,Venom Lab,Lunar,,72.43,703,44,15.98,0.499,0.477,21,23,10,18431,11600,6831,57,18,73,135,0.422,400.71,252.20,148.51,1.24,0.39,1.59,2.94,418.89,263.64,155.25,1.30,0.41,1.66,3.07,114,115,2.48,2.50,2.59,2.61,342,7.44,7.77,0.34
Challenger,RSC002841,dyl,Stingrays,Tyrants of the Sea,Lunar,,72.25,641,43,14.91,0.490,0.419,18,25,7,17364,9520,7844,35,28,75,87,0.402,414.03,227.00,187.03,0.83,0.67,1.79,2.07,403.81,221.40,182.42,0.81,0.65,1.74,2.02,105,113,2.50,2.69,2.44,2.63,342,8.15,7.95,0.33
Challenger,RSC005430,Schmeemeet,Valkyrie,World Warriors,Lunar,,71.35,856,57,15.02,0.521,0.474,27,30,10,21697,13020,8677,63,29,72,167,0.377,387.40,232.47,154.93,1.12,0.52,1.29,2.98,380.65,228.42,152.23,1.11,0.51,1.26,2.93,161,136,2.87,2.43,2.82,2.39,393,7.02,6.89,0.35
Challenger,RSC003406,Sinatruh,"Gold Hoarders
Corals","Dwarf Haven
Venom Lab","Lunar
Lunar","
",70.15,131,8,16.38,0.511,0.625,5,3,2,3536,2210,1326,11,1,16,26,0.423,412.55,257.85,154.71,1.28,0.12,1.87,3.03,442.00,276.25,165.75,1.38,0.13,2.00,3.25,19,18,2.22,2.10,2.38,2.25,68,7.93,8.50,0.26
Challenger,RSC002413,dafiya711,Toucans,The Jungle,Solar,,69.79,862,56,15.39,0.516,0.571,32,24,13,21014,12720,8294,53,42,76,152,0.349,372.60,225.54,147.06,0.94,0.74,1.35,2.70,375.25,227.14,148.11,0.95,0.75,1.36,2.71,156,137,2.77,2.43,2.79,2.45,419,7.43,7.48,0.33
Challenger,RSC013026,SquirrelBusiness,Centuriones,The Sovereign,Solar,,69.61,809,58,13.95,0.527,0.586,34,24,10,21097,11090,10007,44,28,78,139,0.317,398.58,209.52,189.06,0.83,0.53,1.47,2.63,363.74,191.21,172.53,0.76,0.48,1.34,2.40,132,105,2.49,1.98,2.28,1.81,396,7.48,6.83,0.27
Challenger,RSC006495,Hype.56,Gold Hoarders,Dwarf Haven,Lunar,,69.04,671,43,15.60,0.474,0.419,18,25,9,16445,9490,6955,40,29,56,124,0.323,374.58,216.16,158.42,0.91,0.66,1.28,2.82,382.44,220.70,161.74,0.93,0.67,1.30,2.88,99,120,2.26,2.73,2.30,2.79,349,7.95,8.12,0.34
Challenger,RSC003243,Jerxe,Ryujin,The Shrine,Solar,,67.69,865,51,16.96,0.564,0.686,35,16,13,20671,12750,7921,59,37,67,165,0.358,365.24,225.28,139.96,1.04,0.65,1.18,2.92,405.31,250.00,155.31,1.16,0.73,1.31,3.24,178,108,3.15,1.91,3.49,2.12,386,6.82,7.57,0.28
Challenger,RSC007190,Cagiestsafe6,Thunder Pups,Pawverse,Solar,,67.63,807,53,15.23,0.504,0.509,27,26,17,20277,11160,9117,42,35,78,131,0.321,384.03,211.36,172.67,0.80,0.66,1.48,2.48,382.58,210.57,172.02,0.79,0.66,1.47,2.47,118,114,2.23,2.16,2.23,2.15,411,7.78,7.75,0.28
Challenger,RSC004557,Hamm.,Gold Hoarders,Dwarf Haven,Lunar,,67.27,114,8,14.25,0.388,0.250,2,6,2,3146,1730,1416,9,2,11,18,0.500,421.79,231.94,189.84,1.21,0.27,1.47,2.41,393.25,216.25,177.00,1.13,0.25,1.38,2.25,15,25,2.01,3.35,1.88,3.13,62,8.31,7.75,0.40
Challenger,RSC008340,Slowsociety,Thunder Pups,Pawverse,Solar,,65.22,359,24,14.96,0.468,0.333,8,16,3,8839,5050,3789,15,9,48,70,0.214,376.31,215.00,161.31,0.64,0.38,2.04,2.98,368.29,210.42,157.88,0.63,0.38,2.00,2.92,41,51,1.75,2.17,1.71,2.13,188,8.00,7.83,0.27
Challenger,RSC008192,Alpha Dingo,Threshers,Shark Attack,Lunar,,64.61,795,52,15.29,0.552,0.673,35,17,12,19070,11260,7810,56,29,54,151,0.371,366.62,216.48,150.15,1.08,0.56,1.04,2.90,366.73,216.54,150.19,1.08,0.56,1.04,2.90,148,98,2.85,1.88,2.85,1.88,331,6.36,6.37,0.30
Challenger,RSC006159,mayor,Insider Traders,Shell Corp.,Lunar,,64.54,492,33,14.91,0.517,0.606,20,13,8,11365,6640,4725,23,24,45,89,0.258,353.06,206.27,146.78,0.71,0.75,1.40,2.76,344.39,201.21,143.18,0.70,0.73,1.36,2.70,80,71,2.49,2.21,2.42,2.15,224,6.96,6.79,0.32
Challenger,RSC012777,Curlss-,Meat Lovers,Fifty-Fifty Pizzeria,Lunar,,64.30,464,30,15.47,0.541,0.667,20,10,3,10908,6110,4798,25,25,32,76,0.329,359.31,201.26,158.04,0.82,0.82,1.05,2.50,363.60,203.67,159.93,0.83,0.83,1.07,2.53,89,68,2.93,2.24,2.97,2.27,214,7.05,7.13,0.32
Challenger,RSC008556,jizko,Toucans,The Jungle,Solar,,63.87,802,52,15.42,0.505,0.558,29,23,9,18994,10630,8364,49,36,50,143,0.343,361.98,202.58,159.40,0.93,0.69,0.95,2.73,365.27,204.42,160.85,0.94,0.69,0.96,2.75,143,138,2.73,2.63,2.75,2.65,392,7.47,7.54,0.35
Challenger,RSC003897,HalfieHour,Insider Traders,Shell Corp.,Lunar,,63.11,922,60,15.37,0.519,0.617,37,23,12,21898,13370,8528,66,26,72,187,0.353,363.00,221.64,141.37,1.09,0.43,1.19,3.10,364.97,222.83,142.13,1.10,0.43,1.20,3.12,155,132,2.57,2.19,2.58,2.20,435,7.21,7.25,0.30
Challenger,RSC008251,Honey x Badger3,Corals,Venom Lab,Lunar,,62.92,894,55,16.25,0.510,0.545,30,25,12,21074,12160,8914,53,37,68,161,0.329,360.29,207.89,152.40,0.91,0.63,1.16,2.75,383.16,221.09,162.07,0.96,0.67,1.24,2.93,162,150,2.77,2.56,2.95,2.73,431,7.37,7.84,0.35
Challenger,RSC008518,mtl-lky,Dustwalkers,The Rising,Solar,,62.66,792,51,15.53,0.529,0.667,34,17,14,18913,10970,7943,45,29,72,142,0.317,364.98,211.70,153.28,0.87,0.56,1.39,2.74,370.84,215.10,155.75,0.88,0.57,1.41,2.78,137,109,2.64,2.10,2.69,2.14,367,7.08,7.20,0.30
Challenger,RSC012790,Alan,Warthogs,Mach Velocity,Solar,,62.45,482,31,15.55,0.504,0.516,16,15,9,12002,7110,4892,35,12,43,86,0.407,380.58,225.46,155.12,1.11,0.38,1.36,2.73,387.16,229.35,157.81,1.13,0.39,1.39,2.77,68,66,2.16,2.09,2.19,2.13,257,8.15,8.29,0.26
Challenger,RSC006307,Niico Biico,Chromatic Chaos,Art Club,Lunar,,62.44,693,47,14.74,0.506,0.553,26,21,11,16255,8810,7445,33,29,56,126,0.262,358.50,194.30,164.20,0.73,0.64,1.24,2.78,345.85,187.45,158.40,0.70,0.62,1.19,2.68,120,115,2.65,2.54,2.55,2.45,345,7.61,7.34,0.33
Challenger,RSC008357,tiagosan _,Shade,The Shadows,Lunar,,62.43,758,54,14.04,0.551,0.704,38,16,8,18093,10820,7273,42,35,74,117,0.359,364.82,218.17,146.65,0.85,0.71,1.49,2.36,335.06,200.37,134.69,0.78,0.65,1.37,2.17,153,102,3.09,2.06,2.83,1.89,378,7.62,7.00,0.27
Challenger,RSC008502,Jetwind17,Glams,The Pit,Solar,,61.76,895,58,15.43,0.497,0.466,27,31,9,20382,11960,8422,52,38,63,171,0.304,348.07,204.24,143.82,0.89,0.65,1.08,2.92,351.41,206.21,145.21,0.90,0.66,1.09,2.95,142,145,2.42,2.48,2.45,2.50,433,7.39,7.47,0.33
Challenger,RSC006748,Llamaboy101,Metal,The Elements,Solar,,61.02,774,48,16.13,0.523,0.500,24,24,9,18037,10320,7717,44,25,63,152,0.289,356.17,203.79,152.39,0.87,0.49,1.24,3.00,375.77,215.00,160.77,0.92,0.52,1.31,3.17,129,108,2.55,2.13,2.69,2.25,365,7.21,7.60,0.30
Challenger,RSC012789,Shea Butter,Ryujin,The Shrine,Solar,,60.84,928,54,17.19,0.556,0.630,34,20,14,21095,13360,7735,65,32,68,186,0.349,347.43,220.04,127.39,1.07,0.53,1.12,3.06,390.65,247.41,143.24,1.20,0.59,1.26,3.44,182,116,3.00,1.91,3.37,2.15,421,6.93,7.80,0.28
Challenger,RSC002128,Velo,Corals,Venom Lab,Lunar,,60.71,799,50,15.98,0.513,0.540,27,23,6,17251,9910,7341,36,46,51,146,0.247,329.99,189.57,140.43,0.69,0.88,0.98,2.79,345.02,198.20,146.82,0.72,0.92,1.02,2.92,145,131,2.77,2.51,2.90,2.62,376,7.19,7.52,0.35
Challenger,RSC006245,spite,"Ryujin
Glams","The Shrine
The Pit","Solar
Solar","
",60.61,600,40,15.00,0.494,0.450,18,22,7,14630,8270,6360,32,18,63,102,0.314,372.68,210.66,162.01,0.82,0.46,1.60,2.60,365.75,206.75,159.00,0.80,0.45,1.58,2.55,89,93,2.27,2.37,2.23,2.33,289,7.36,7.23,0.32
Challenger,RSC002040,Scomps,Centuriones,The Sovereign,Solar,,58.95,804,58,13.86,0.529,0.586,34,24,10,18589,10190,8399,40,33,63,139,0.288,353.38,193.71,159.66,0.76,0.63,1.20,2.64,320.50,175.69,144.81,0.69,0.57,1.09,2.40,131,103,2.49,1.96,2.26,1.78,398,7.57,6.86,0.26
Challenger,RSC006923,LostZealous,Zombies,The Monster Mash,Lunar,,58.91,797,53,15.04,0.447,0.321,17,36,5,19128,10300,8828,39,28,74,130,0.300,366.82,197.52,169.29,0.75,0.54,1.42,2.49,360.91,194.34,166.57,0.74,0.53,1.40,2.45,111,168,2.13,3.22,2.09,3.17,460,8.82,8.68,0.37
Challenger,RSC007297,diehard_mma,Manticore,Mythspire,Solar,,58.45,17,1,17.00,0.068,0.000,0,1,0,342,160,182,1,0,0,6,0.167,307.48,143.85,163.63,0.90,0.00,0.00,5.39,342.00,160.00,182.00,1.00,0.00,0.00,6.00,1,5,0.90,4.50,1.00,5.00,9,8.09,9.00,0.56
Challenger,RSC001724,sweetnlow120,Metal,The Elements,Solar,,57.89,934,59,15.83,0.513,0.492,29,30,13,21961,12650,9311,52,26,89,170,0.306,359.37,207.01,152.37,0.85,0.43,1.46,2.78,372.22,214.41,157.81,0.88,0.44,1.51,2.88,149,134,2.44,2.19,2.53,2.27,446,7.30,7.56,0.30
Challenger,RSC001955,Witha ^~^,Dustwalkers,The Rising,Solar,,56.88,365,24,15.21,0.555,0.625,15,9,3,7817,4570,3247,20,16,21,72,0.278,327.33,191.36,135.97,0.84,0.67,0.88,3.01,325.71,190.42,135.29,0.83,0.67,0.88,3.00,68,48,2.85,2.01,2.83,2.00,160,6.70,6.67,0.30
Challenger,RSC012341,dyn.2,"Warthogs
Glams
Warbirds
Hydras","Mach Velocity
The Pit
Remove Before Flight
Mythical","Solar
Solar
Lunar
Solar","


",56.32,448,32,14.00,0.453,0.406,13,19,4,10761,5660,5101,17,18,49,61,0.279,367.12,193.10,174.03,0.58,0.61,1.67,2.08,336.28,176.88,159.41,0.53,0.56,1.53,1.91,52,73,1.77,2.49,1.63,2.28,254,8.67,7.94,0.29
Challenger,RSC013040,Jack Is Bxd,Cooks,Grand Fleet,Solar,,55.96,835,53,15.75,0.456,0.415,22,31,14,19343,10500,8843,57,18,44,170,0.335,354.06,192.19,161.86,1.04,0.33,0.81,3.11,364.96,198.11,166.85,1.08,0.34,0.83,3.21,108,154,1.98,2.82,2.04,2.91,415,7.60,7.83,0.37
Challenger,RSC000233,LilPrsnWithAnger,"Scribes
Dustwalkers
Hydras","The King's Court
The Rising
Mythical","Lunar
Solar
Solar","

",55.07,675,45,15.00,0.488,0.489,22,23,10,16452,9110,7342,40,16,65,106,0.377,372.52,206.28,166.25,0.91,0.36,1.47,2.40,365.60,202.44,163.16,0.89,0.36,1.44,2.36,96,105,2.17,2.38,2.13,2.33,370,8.38,8.22,0.28
Challenger,RSC012932,princedre.,"Glams
Chromatic Chaos","The Pit
Art Club","Solar
Lunar","
",55.00,350,23,15.22,0.449,0.348,8,15,5,8211,4620,3591,25,7,22,67,0.373,358.56,201.75,156.81,1.09,0.31,0.96,2.93,357.00,200.87,156.13,1.09,0.30,0.96,2.91,53,72,2.31,3.14,2.30,3.13,187,8.17,8.13,0.39
Challenger,RSC008010,WamBam-,"Hydras
Stingrays","Mythical
Tyrants of the Sea","Solar
Lunar","
",55.00,776,52,14.92,0.482,0.442,23,29,7,17363,9660,7703,35,34,64,126,0.278,341.98,190.26,151.72,0.69,0.67,1.26,2.48,333.90,185.77,148.13,0.67,0.65,1.23,2.42,115,133,2.27,2.62,2.21,2.56,406,8.00,7.81,0.33
Challenger,RSC006900,VeloxcityX,"Glams
Manticore","The Pit
Mythspire","Solar
Solar","
",54.90,160,10,16.00,0.376,0.200,2,8,0,3509,1810,1699,5,8,13,26,0.192,335.20,172.90,162.30,0.48,0.76,1.24,2.48,350.90,181.00,169.90,0.50,0.80,1.30,2.60,19,35,1.81,3.34,1.90,3.50,88,8.41,8.80,0.40
Challenger,RSC007045,fetty_steve98,Threshers,Shark Attack,Lunar,,54.78,103,7,14.71,0.612,0.571,4,3,1,2221,1280,941,4,7,8,13,0.308,329.57,189.94,139.63,0.59,1.04,1.19,1.93,317.29,182.86,134.43,0.57,1.00,1.14,1.86,20,12,2.97,1.78,2.86,1.71,44,6.53,6.29,0.27
Challenger,RSC006092,Mick,Glams,The Pit,Solar,,54.06,226,14,16.14,0.412,0.286,4,10,0,5571,3120,2451,10,5,31,32,0.313,376.76,211.00,165.76,0.68,0.34,2.10,2.16,397.93,222.86,175.07,0.71,0.36,2.21,2.29,25,41,1.69,2.77,1.79,2.93,121,8.18,8.64,0.34
Challenger,RSC000938,Nukem_IV,Valkyrie,World Warriors,Lunar,,53.94,638,43,14.84,0.541,0.558,24,19,9,14232,7820,6412,30,28,48,102,0.294,340.94,187.34,153.61,0.72,0.67,1.15,2.44,330.98,181.86,149.12,0.70,0.65,1.12,2.37,126,93,3.02,2.23,2.93,2.16,286,6.85,6.65,0.33
Challenger,RSC013048,GamerNamedLouis,Warbirds,Remove Before Flight,Lunar,,53.84,459,33,13.91,0.434,0.333,11,22,5,10764,5350,5414,20,12,39,80,0.250,358.43,178.15,180.28,0.67,0.40,1.30,2.66,326.18,162.12,164.06,0.61,0.36,1.18,2.42,51,82,1.70,2.73,1.55,2.48,237,7.89,7.18,0.35
Challenger,RSC008158,Twixxle_,Shade,The Shadows,Lunar,,53.84,842,60,14.03,0.534,0.650,39,21,8,19589,11860,7729,60,30,62,126,0.476,355.58,215.28,140.30,1.09,0.54,1.13,2.29,326.48,197.67,128.82,1.00,0.50,1.03,2.10,165,125,3.00,2.27,2.75,2.08,427,7.75,7.12,0.29
Challenger,RSC006747,Panda,"Thunder Pups
Threshers","Pawverse
Shark Attack","Solar
Lunar","
",53.61,802,52,15.42,0.510,0.519,27,25,6,17539,10280,7259,43,26,63,153,0.281,334.25,195.91,138.34,0.82,0.50,1.20,2.92,337.29,197.69,139.60,0.83,0.50,1.21,2.94,117,108,2.23,2.06,2.25,2.08,395,7.53,7.60,0.27
Challenger,RSC005909,YadiCraft,Blitzars,The Cosmos,Lunar,,53.10,759,52,14.60,0.502,0.481,25,27,8,17653,9950,7703,35,34,76,95,0.368,355.48,200.36,155.12,0.70,0.68,1.53,1.91,339.48,191.35,148.13,0.67,0.65,1.46,1.83,118,116,2.38,2.34,2.27,2.23,420,8.46,8.08,0.28
Challenger,RSC012399,chuckg777,Valkyrie,World Warriors,Lunar,,52.73,80,5,16.00,0.437,0.400,2,3,0,1772,920,852,4,4,4,12,0.333,338.54,175.77,162.77,0.76,0.76,0.76,2.29,354.40,184.00,170.40,0.80,0.80,0.80,2.40,15,19,2.87,3.63,3.00,3.80,35,6.69,7.00,0.54
Challenger,RSC006659,ImZalama,Toucans,The Jungle,Solar,,52.35,782,50,15.64,0.499,0.540,27,23,10,17414,10940,6474,52,25,63,134,0.388,340.35,213.82,126.53,1.02,0.49,1.23,2.62,348.28,218.80,129.48,1.04,0.50,1.26,2.68,134,135,2.62,2.64,2.68,2.70,392,7.66,7.84,0.34
Challenger,RSC009746,Hoodie,Apple Associates,The Syndicate,Lunar,,52.30,845,57,14.82,0.498,0.456,26,31,7,19066,10380,8686,39,32,71,133,0.293,344.86,187.75,157.11,0.71,0.58,1.28,2.41,334.49,182.11,152.39,0.68,0.56,1.25,2.33,130,132,2.35,2.39,2.28,2.32,402,7.27,7.05,0.33
Challenger,RSC007865,StoveMessiah,Stingrays,Tyrants of the Sea,Lunar,,52.04,772,51,15.14,0.476,0.353,18,33,7,17246,9990,7256,42,24,65,134,0.313,341.44,197.78,143.65,0.83,0.48,1.29,2.65,338.16,195.88,142.27,0.82,0.47,1.27,2.63,115,139,2.28,2.75,2.25,2.73,407,8.06,7.98,0.34
Challenger,RSC008426,Midnight,"Hydras
Manticore
Stingrays","Mythical
Mythspire
Tyrants of the Sea","Solar
Solar
Lunar","

",51.29,454,30,15.13,0.479,0.467,14,16,6,10211,5260,4951,19,15,37,76,0.250,343.76,177.08,166.68,0.64,0.50,1.25,2.56,340.37,175.33,165.03,0.63,0.50,1.23,2.53,64,74,2.15,2.49,2.13,2.47,228,7.68,7.60,0.32
Challenger,RSC006067,ShinxX403,Panda Bears,The Bear Den,Solar,,50.94,788,51,15.45,0.504,0.471,24,27,7,17467,9580,7887,37,22,67,143,0.259,338.79,185.81,152.98,0.72,0.43,1.30,2.77,342.49,187.84,154.65,0.73,0.43,1.31,2.80,112,108,2.17,2.09,2.20,2.12,393,7.62,7.71,0.27
Challenger,RSC006322,Lorak,Spearmint,Minty Fresh,Solar,,50.43,788,53,14.87,0.457,0.340,18,35,10,18158,10390,7768,41,18,82,129,0.318,352.19,201.52,150.67,0.80,0.35,1.59,2.50,342.60,196.04,146.57,0.77,0.34,1.55,2.43,100,141,1.94,2.73,1.89,2.66,414,8.03,7.81,0.34
Challenger,RSC006430,xxDaddysHerexx,Dustwalkers,The Rising,Solar,,49.57,848,53,16.00,0.522,0.604,32,21,7,18237,10170,8067,42,33,58,142,0.296,328.70,183.30,145.40,0.76,0.59,1.05,2.56,344.09,191.89,152.21,0.79,0.62,1.09,2.68,134,112,2.42,2.02,2.53,2.11,394,7.10,7.43,0.28
Challenger,RSC003919,thejeansman,Meat Lovers,Fifty-Fifty Pizzeria,Lunar,,48.58,630,41,15.37,0.528,0.585,24,17,5,13480,8120,5360,33,26,51,97,0.340,327.03,196.99,130.04,0.80,0.63,1.24,2.35,328.78,198.05,130.73,0.80,0.63,1.24,2.37,107,87,2.60,2.11,2.61,2.12,284,6.89,6.93,0.31
Challenger,RSC008014,TweakingOut,Chromatic Chaos,Art Club,Lunar,,48.36,687,47,14.62,0.497,0.511,24,23,5,15401,8840,6561,36,26,60,94,0.383,342.63,196.67,145.97,0.80,0.58,1.33,2.09,327.68,188.09,139.60,0.77,0.55,1.28,2.00,113,116,2.51,2.58,2.40,2.47,342,7.61,7.28,0.34
Challenger,RSC007816,Auty RL,Threshers,Shark Attack,Lunar,,48.01,771,52,14.83,0.529,0.596,31,21,4,16246,9610,6636,40,31,56,126,0.317,322.06,190.51,131.55,0.79,0.61,1.11,2.50,312.42,184.81,127.62,0.77,0.60,1.08,2.42,136,108,2.70,2.14,2.62,2.08,338,6.70,6.50,0.32
Challenger,RSC007518,LoneDrifter.,Manticore,Mythspire,Solar,,47.24,916,60,15.27,0.499,0.517,31,29,8,19801,11430,8371,47,28,76,153,0.307,330.39,190.72,139.68,0.78,0.47,1.27,2.55,330.02,190.50,139.52,0.78,0.47,1.27,2.55,149,150,2.49,2.50,2.48,2.50,454,7.58,7.57,0.33
Challenger,RSC012971,M,"Thunder Pups
Spearmint","Pawverse
Minty Fresh","Solar
Solar","
",47.07,522,34,15.35,0.463,0.294,10,24,0,10973,6080,4893,26,13,36,103,0.252,321.29,178.02,143.27,0.76,0.38,1.05,3.02,322.74,178.82,143.91,0.76,0.38,1.06,3.03,67,87,1.96,2.55,1.97,2.56,266,7.79,7.82,0.33
Challenger,RSC007138,GFC-RAIDER,Manticore,Mythspire,Solar,,46.75,868,57,15.23,0.498,0.509,29,28,7,19040,10560,8480,43,32,68,126,0.341,335.26,185.94,149.32,0.76,0.56,1.20,2.22,334.04,185.26,148.77,0.75,0.56,1.19,2.21,142,144,2.50,2.54,2.49,2.53,436,7.68,7.65,0.33
Challenger,RSC000656,Squeeezi,Hydras,Mythical,Solar,,46.05,662,44,15.05,0.500,0.545,24,20,6,13450,7460,5990,28,29,42,111,0.252,310.53,172.23,138.30,0.65,0.67,0.97,2.56,305.68,169.55,136.14,0.64,0.66,0.95,2.52,101,101,2.33,2.33,2.30,2.30,353,8.15,8.02,0.29
Challenger,RSC012900,SquattyPotty737,Lions,Safari,Solar,,45.97,198,12,16.50,0.575,0.833,10,2,1,4641,2500,2141,11,3,19,30,0.367,358.25,192.98,165.27,0.85,0.23,1.47,2.32,386.75,208.33,178.42,0.92,0.25,1.58,2.50,29,19,2.24,1.47,2.42,1.58,107,8.26,8.92,0.18
Challenger,RSC007502,SleepyCrimson_,Glams,The Pit,Solar,,45.57,637,41,15.54,0.492,0.463,19,22,5,13246,7470,5776,26,25,52,102,0.255,317.82,179.23,138.59,0.62,0.60,1.25,2.45,323.07,182.20,140.88,0.63,0.61,1.27,2.49,100,106,2.40,2.54,2.44,2.59,320,7.68,7.80,0.33
Challenger,RSC008195,Preaux.,Chromatic Chaos,Art Club,Lunar,,45.44,620,42,14.76,0.485,0.452,19,23,5,13437,7860,5577,33,19,53,96,0.344,331.24,193.76,137.48,0.81,0.47,1.31,2.37,319.93,187.14,132.79,0.79,0.45,1.26,2.29,97,108,2.39,2.66,2.31,2.57,314,7.74,7.48,0.34
Challenger,RSC004177,Abeillonnaise,Hydras,Mythical,Solar,,45.32,531,36,14.75,0.453,0.389,14,22,4,11739,6930,4809,24,19,58,68,0.353,337.89,199.47,138.42,0.69,0.55,1.67,1.96,326.08,192.50,133.58,0.67,0.53,1.61,1.89,67,94,1.93,2.71,1.86,2.61,307,8.84,8.53,0.31
Challenger,RSC003498,Merioch,Insider Traders,Shell Corp.,Lunar,,44.66,679,45,15.09,0.512,0.578,26,19,6,14957,8260,6697,32,24,59,91,0.352,336.68,185.93,150.75,0.72,0.54,1.33,2.05,332.38,183.56,148.82,0.71,0.53,1.31,2.02,113,103,2.54,2.32,2.51,2.29,326,7.34,7.24,0.32
Challenger,RSC008216,oBlueyRL,Scribes,The King's Court,Lunar,,44.32,751,51,14.73,0.529,0.627,32,19,7,16080,8740,7340,29,25,69,114,0.254,327.25,177.87,149.38,0.59,0.51,1.40,2.32,315.29,171.37,143.92,0.57,0.49,1.35,2.24,132,105,2.69,2.14,2.59,2.06,357,7.27,7.00,0.29
Challenger,RSC003900,Tryhard goblin,Gold Hoarders,Dwarf Haven,Lunar,,43.99,553,36,15.36,0.452,0.389,14,22,3,12362,6220,6142,17,18,58,72,0.236,341.67,171.91,169.76,0.47,0.50,1.60,1.99,343.39,172.78,170.61,0.47,0.50,1.61,2.00,73,103,2.02,2.85,2.03,2.86,304,8.40,8.44,0.34
Challenger,RSC013054,YasuCobra,Metal,The Elements,Solar,,43.73,765,49,15.61,0.524,0.510,25,24,7,15635,8910,6725,32,35,57,111,0.288,312.37,178.01,134.36,0.64,0.70,1.14,2.22,319.08,181.84,137.24,0.65,0.71,1.16,2.27,130,108,2.60,2.16,2.65,2.20,358,7.15,7.31,0.30
Challenger,RSC013045,ACVjonahfire1,"Chromatic Chaos
Insider Traders","Art Club
Shell Corp.","Lunar
Lunar","
",43.53,86,5,17.20,0.538,0.800,4,1,0,1696,960,736,1,5,10,11,0.091,301.42,170.61,130.80,0.18,0.89,1.78,1.95,339.20,192.00,147.20,0.20,1.00,2.00,2.20,14,12,2.49,2.13,2.80,2.40,46,8.18,9.20,0.26
Challenger,RSC012964,Czelco,Dustwalkers,The Rising,Solar,,42.57,80,4,20.00,0.386,0.250,1,3,0,1724,750,974,0,1,11,15,0.000,329.37,143.29,186.08,0.00,0.19,2.10,2.87,431.00,187.50,243.50,0.00,0.25,2.75,3.75,4,7,0.76,1.34,1.00,1.75,43,8.22,10.75,0.16
Challenger,RSC008646,LuckyMcPanda,Zombies,The Monster Mash,Lunar,,42.52,716,48,14.92,0.448,0.333,16,32,10,15678,8820,6858,37,22,61,97,0.381,334.67,188.28,146.39,0.79,0.47,1.30,2.07,326.63,183.75,142.88,0.77,0.46,1.27,2.02,100,148,2.13,3.16,2.08,3.08,424,9.05,8.83,0.35
Challenger,RSC002897,VickyViksta,Panda Bears,The Bear Den,Solar,,41.45,748,49,15.27,0.510,0.510,25,24,3,15180,8870,6310,37,25,54,122,0.303,310.18,181.24,128.93,0.76,0.51,1.10,2.49,309.80,181.02,128.78,0.76,0.51,1.10,2.49,112,103,2.29,2.10,2.29,2.10,376,7.68,7.67,0.27
Challenger,RSC005136,tdogplayz,Dustwalkers,The Rising,Solar,,41.27,223,13,17.15,0.544,0.615,8,5,3,4665,2750,1915,10,6,22,35,0.286,319.73,188.48,131.25,0.69,0.41,1.51,2.40,358.85,211.54,147.31,0.77,0.46,1.69,2.69,26,20,1.78,1.37,2.00,1.54,108,7.40,8.31,0.19
Challenger,RSC012851,Alya.,"Chromatic Chaos
Glams","Art Club
The Pit","Lunar
Solar","
",41.24,427,27,15.81,0.453,0.370,10,17,5,8658,4840,3818,20,15,28,69,0.290,309.90,173.24,136.66,0.72,0.54,1.00,2.47,320.67,179.26,141.41,0.74,0.56,1.04,2.56,62,84,2.22,3.01,2.30,3.11,224,8.02,8.30,0.38
Challenger,RSC006346,MobBossCitrus,Apple Associates,The Syndicate,Lunar,,41.09,256,18,14.22,0.375,0.167,3,15,0,5001,2590,2411,7,10,19,44,0.159,298.58,154.63,143.94,0.42,0.60,1.13,2.63,277.83,143.89,133.94,0.39,0.56,1.06,2.44,25,53,1.49,3.16,1.39,2.94,142,8.48,7.89,0.37
Challenger,RSC012678,mel,Spearmint,Minty Fresh,Solar,,40.65,658,45,14.62,0.449,0.289,13,32,3,13883,7520,6363,23,24,63,87,0.264,322.47,174.67,147.80,0.53,0.56,1.46,2.02,308.51,167.11,141.40,0.51,0.53,1.40,1.93,82,121,1.90,2.81,1.82,2.69,354,8.22,7.87,0.34
Challenger,RSC008215,oryx34343,Warbirds,Remove Before Flight,Lunar,,40.54,628,41,15.32,0.432,0.268,11,30,4,13301,7200,6101,23,19,61,90,0.256,323.71,175.23,148.48,0.56,0.46,1.48,2.19,324.41,175.61,148.80,0.56,0.46,1.49,2.20,73,121,1.78,2.94,1.78,2.95,349,8.49,8.51,0.35
Challenger,RSC004922,TunedUpTuck,Warthogs,Mach Velocity,Solar,,39.42,863,56,15.41,0.518,0.536,30,26,4,17577,10080,7497,35,29,77,128,0.273,311.29,178.52,132.77,0.62,0.51,1.36,2.27,313.88,180.00,133.88,0.63,0.52,1.38,2.29,142,123,2.51,2.18,2.54,2.20,434,7.69,7.75,0.28
Challenger,RSC006240,Canadian.,Meat Lovers,Fifty-Fifty Pizzeria,Lunar,,38.66,46,3,15.33,0.680,1.000,3,0,0,823,440,383,2,2,1,9,0.222,273.45,146.20,127.26,0.66,0.66,0.33,2.99,274.33,146.67,127.67,0.67,0.67,0.33,3.00,8,4,2.66,1.33,2.67,1.33,20,6.65,6.67,0.20
Challenger,RSC004303,Shogun,Lions,Safari,Solar,,38.52,597,37,16.14,0.505,0.568,21,16,5,11935,6790,5145,21,21,55,89,0.236,305.55,173.83,131.72,0.54,0.54,1.41,2.28,322.57,183.51,139.05,0.57,0.57,1.49,2.41,85,82,2.18,2.10,2.30,2.22,326,8.35,8.81,0.25
Challenger,RSC012828,dahc.,Ryujin,The Shrine,Solar,,38.47,994,59,16.85,0.549,0.610,36,23,8,20509,11710,8799,44,36,84,131,0.336,315.35,180.06,135.30,0.68,0.55,1.29,2.01,347.61,198.47,149.14,0.75,0.61,1.42,2.22,190,127,2.92,1.95,3.22,2.15,453,6.97,7.68,0.28
Challenger,RSC010915,FlavoredBawls,"Zombies
Warbirds","The Monster Mash
Remove Before Flight","Lunar
Lunar","
",38.33,366,26,14.08,0.424,0.385,10,16,1,7527,3910,3617,11,15,32,46,0.239,314.32,163.28,151.04,0.46,0.63,1.34,1.92,289.50,150.38,139.12,0.42,0.58,1.23,1.77,48,78,2.00,3.26,1.85,3.00,220,9.19,8.46,0.35
Challenger,RSC008120,Spul4k,Cooks,Grand Fleet,Solar,,38.21,333,22,15.14,0.428,0.273,6,16,0,6691,3560,3131,8,13,33,46,0.174,307.10,163.40,143.71,0.37,0.60,1.51,2.11,304.14,161.82,142.32,0.36,0.59,1.50,2.09,41,64,1.88,2.94,1.86,2.91,182,8.35,8.27,0.35
Challenger,RSC008226,OurStevie,Blitzars,The Cosmos,Lunar,,37.95,780,53,14.72,0.501,0.472,25,28,7,16417,9160,7257,39,16,65,121,0.322,321.69,179.49,142.20,0.76,0.31,1.27,2.37,309.75,172.83,136.92,0.74,0.30,1.23,2.28,120,119,2.35,2.33,2.26,2.25,430,8.43,8.11,0.28
Challenger,RSC007562,th3lofty,Lions,Safari,Solar,,37.21,348,21,16.57,0.479,0.476,10,11,4,7196,3770,3426,14,7,29,57,0.246,316.05,165.58,150.47,0.61,0.31,1.27,2.50,342.67,179.52,163.14,0.67,0.33,1.38,2.71,40,46,1.76,2.02,1.90,2.19,159,6.98,7.57,0.29
Challenger,RSC007885,Larkspur,Stingrays,Tyrants of the Sea,Lunar,,36.81,497,34,14.62,0.456,0.382,13,21,4,10196,5850,4346,26,15,36,70,0.371,313.55,179.90,133.65,0.80,0.46,1.11,2.15,299.88,172.06,127.82,0.76,0.44,1.06,2.06,67,91,2.06,2.80,1.97,2.68,267,8.21,7.85,0.34
Challenger,RSC006769,baltostorm,Zombies,The Monster Mash,Lunar,,36.59,424,28,15.14,0.409,0.286,8,20,2,9211,4620,4591,16,11,39,52,0.308,332.03,166.54,165.49,0.58,0.40,1.41,1.87,328.96,165.00,163.96,0.57,0.39,1.39,1.86,50,91,1.80,3.28,1.79,3.25,249,8.98,8.89,0.37
Challenger,RSC000347,Chris.,"Gold Hoarders
Zombies","Dwarf Haven
The Monster Mash","Lunar
Lunar","
",35.90,612,40,15.30,0.456,0.375,15,25,4,12705,7050,5655,24,20,58,75,0.320,317.29,176.07,141.23,0.60,0.50,1.45,1.87,317.63,176.25,141.38,0.60,0.50,1.45,1.88,81,112,2.02,2.80,2.03,2.80,351,8.77,8.78,0.32
Challenger,RSC006916,Luim14,"Chromatic Chaos
Scribes
Warbirds","Art Club
The King's Court
Remove Before Flight","Lunar
Lunar
Lunar","

",35.72,580,40,14.50,0.454,0.400,16,24,3,11805,6370,5435,24,22,43,72,0.333,311.08,167.86,143.22,0.63,0.58,1.13,1.90,295.13,159.25,135.88,0.60,0.55,1.08,1.80,80,112,2.11,2.95,2.00,2.80,310,8.17,7.75,0.36
Challenger,RSC005154,TacoBae,Apple Associates,The Syndicate,Lunar,,35.15,325,22,14.77,0.526,0.545,12,10,4,6731,3940,2791,18,6,27,49,0.367,316.54,185.29,131.25,0.85,0.28,1.27,2.30,305.95,179.09,126.86,0.82,0.27,1.23,2.23,53,45,2.49,2.12,2.41,2.05,156,7.34,7.09,0.29
Challenger,RSC005219,iargue,Shade,The Shadows,Lunar,,34.18,84,6,14.00,0.340,0.167,1,5,1,1684,980,704,3,4,8,8,0.375,306.41,178.31,128.09,0.55,0.73,1.46,1.46,280.67,163.33,117.33,0.50,0.67,1.33,1.33,12,23,2.18,4.18,2.00,3.83,49,8.92,8.17,0.47
Challenger,RSC008365,ZonaHOMI,Warthogs,Mach Velocity,Solar,,34.07,144,11,13.09,0.558,0.545,6,5,0,3006,1620,1386,6,2,14,22,0.273,319.05,171.95,147.11,0.64,0.21,1.49,2.34,273.27,147.27,126.00,0.55,0.18,1.27,2.00,28,21,2.97,2.23,2.55,1.91,63,6.69,5.73,0.33
Challenger,RSC003387,Redline,Gold Hoarders,Dwarf Haven,Lunar,,31.35,646,42,15.38,0.423,0.286,12,30,4,12526,6550,5976,26,14,44,105,0.248,296.36,154.97,141.39,0.62,0.33,1.04,2.48,298.24,155.95,142.29,0.62,0.33,1.05,2.50,76,135,1.80,3.19,1.81,3.21,361,8.54,8.60,0.37
Challenger,RSC005663,DaZed.Purity,Cooks,Grand Fleet,Solar,,30.91,815,51,15.98,0.458,0.431,22,29,6,15721,8520,7201,26,23,72,117,0.222,294.82,159.78,135.04,0.49,0.43,1.35,2.19,308.25,167.06,141.20,0.51,0.45,1.41,2.29,103,144,1.93,2.70,2.02,2.82,402,7.54,7.88,0.36
Challenger,RSC007866,Swzyy GN,Thunder Pups,Pawverse,Solar,,30.81,364,24,15.17,0.546,0.667,16,8,2,7020,3510,3510,11,14,25,46,0.239,294.76,147.38,147.38,0.46,0.59,1.05,1.93,292.50,146.25,146.25,0.46,0.58,1.04,1.92,57,42,2.39,1.76,2.38,1.75,182,7.64,7.58,0.23
Challenger,RSC008121,Flyder,Corals,Venom Lab,Lunar,,30.57,365,23,15.87,0.503,0.565,13,10,3,6930,3990,2940,15,15,26,44,0.341,290.19,167.08,123.11,0.63,0.63,1.09,1.84,301.30,173.48,127.83,0.65,0.65,1.13,1.91,57,56,2.39,2.34,2.48,2.43,179,7.50,7.78,0.31
Challenger,RSC008492,Unc_Rez,Panda Bears,The Bear Den,Solar,,30.31,335,23,14.57,0.503,0.565,13,10,5,6618,3750,2868,16,11,24,40,0.400,301.94,171.09,130.85,0.73,0.50,1.09,1.82,287.74,163.04,124.70,0.70,0.48,1.04,1.74,49,48,2.24,2.19,2.13,2.09,169,7.71,7.35,0.28
Challenger,RSC000357,Primed,Centuriones,The Sovereign,Solar,,30.13,221,16,13.81,0.468,0.313,5,11,2,4253,2230,2023,10,6,12,33,0.303,294.13,154.22,139.91,0.69,0.41,0.83,2.28,265.81,139.38,126.44,0.63,0.38,0.75,2.06,30,36,2.07,2.49,1.88,2.25,106,7.33,6.63,0.34
Challenger,RSC004106,K.Doughboy,"Dustwalkers
Scribes
Chromatic Chaos","The Rising
The King's Court
Art Club","Solar
Lunar
Lunar","

",29.86,156,9,17.33,0.347,0.333,3,6,0,2910,1800,1110,10,4,7,25,0.400,285.11,176.35,108.75,0.98,0.39,0.69,2.45,323.33,200.00,123.33,1.11,0.44,0.78,2.78,19,39,1.86,3.82,2.11,4.33,87,8.52,9.67,0.45
Challenger,RSC005059,TechFour,Spearmint,Minty Fresh,Solar,,29.46,664,45,14.76,0.450,0.289,13,32,5,12676,6250,6426,25,16,38,105,0.238,291.78,143.86,147.91,0.58,0.37,0.87,2.42,281.69,138.89,142.80,0.56,0.36,0.84,2.33,84,123,1.93,2.83,1.87,2.73,340,7.83,7.56,0.36
Challenger,RSC008623,EaglePlaysRL,Corals,Venom Lab,Lunar,,29.15,67,4,16.75,0.604,0.750,3,1,0,1237,590,647,1,5,4,4,0.250,282.18,134.59,147.59,0.23,1.14,0.91,0.91,309.25,147.50,161.75,0.25,1.25,1.00,1.00,16,11,3.65,2.51,4.00,2.75,32,7.30,8.00,0.34
Challenger,RSC005725,RWALLS516R,Gold Hoarders,Dwarf Haven,Lunar,,29.02,469,31,15.13,0.430,0.323,10,21,1,8898,4750,4148,14,21,36,50,0.280,289.97,154.80,135.18,0.46,0.68,1.17,1.63,287.03,153.23,133.81,0.45,0.68,1.16,1.61,59,95,1.92,3.10,1.90,3.06,266,8.67,8.58,0.36
Challenger,RSC006642,Zone Killa,"Lions
Apple Associates","Safari
The Syndicate","Solar
Lunar","
",28.97,723,45,16.07,0.506,0.489,22,23,2,13697,7440,6257,27,18,55,109,0.248,289.55,157.28,132.27,0.57,0.38,1.16,2.30,304.38,165.33,139.04,0.60,0.40,1.22,2.42,110,105,2.33,2.22,2.44,2.33,347,7.34,7.71,0.30
Challenger,RSC006353,Novarchite,Toucans,The Jungle,Solar,,28.71,332,22,15.09,0.522,0.500,11,11,1,6208,3430,2778,9,14,29,38,0.237,285.79,157.90,127.89,0.41,0.64,1.34,1.75,282.18,155.91,126.27,0.41,0.64,1.32,1.73,56,49,2.58,2.26,2.55,2.23,174,8.01,7.91,0.28
Challenger,RSC003186,Rolf,Warbirds,Remove Before Flight,Lunar,,28.55,757,52,14.56,0.441,0.308,16,36,5,14941,8000,6941,34,16,55,105,0.324,301.66,161.52,140.14,0.69,0.32,1.11,2.12,287.33,153.85,133.48,0.65,0.31,1.06,2.02,91,146,1.84,2.95,1.75,2.81,397,8.02,7.63,0.37
Challenger,RSC007126,crimson7558,Scribes,The King's Court,Lunar,,27.12,53,4,13.25,0.176,0.000,0,4,0,1217,460,757,2,0,4,6,0.333,350.96,132.65,218.30,0.58,0.00,1.15,1.73,304.25,115.00,189.25,0.50,0.00,1.00,1.50,2,10,0.58,2.88,0.50,2.50,33,9.52,8.25,0.30
Challenger,RSC012702,MizuLogic,Gold Hoarders,Dwarf Haven,Lunar,,26.05,116,8,14.50,0.375,0.250,2,6,0,2145,1100,1045,4,4,7,15,0.267,282.62,144.93,137.69,0.53,0.53,0.92,1.98,268.13,137.50,130.63,0.50,0.50,0.88,1.88,14,25,1.84,3.29,1.75,3.13,62,8.17,7.75,0.40
Challenger,RSC007153,Wash3y,"Apple Associates
Thunder Pups","The Syndicate
Pawverse","Lunar
Solar","
",25.70,395,25,15.80,0.442,0.320,8,17,1,7953,4360,3593,16,7,39,46,0.348,307.73,168.70,139.03,0.62,0.27,1.51,1.78,318.12,174.40,143.72,0.64,0.28,1.56,1.84,47,69,1.82,2.67,1.88,2.76,215,8.32,8.60,0.32
Challenger,RSC001235,DeeJayZ_,Valkyrie,World Warriors,Lunar,,25.36,200,13,15.38,0.425,0.231,3,10,0,3803,2210,1593,7,9,18,16,0.438,290.63,168.89,121.74,0.53,0.69,1.38,1.22,292.54,170.00,122.54,0.54,0.69,1.38,1.23,30,44,2.29,3.36,2.31,3.38,108,8.25,8.31,0.41
Challenger,RSC008078,ADV3RSE.,Cooks,Grand Fleet,Solar,,24.72,684,42,16.29,0.468,0.524,22,20,4,12004,6580,5424,21,23,47,98,0.214,268.23,147.03,121.20,0.47,0.51,1.05,2.19,285.81,156.67,129.14,0.50,0.55,1.12,2.33,93,118,2.08,2.64,2.21,2.81,333,7.44,7.93,0.35
Challenger,RSC012918,GreninjaKing,"Warthogs
Gold Hoarders
Lions
Manticore","Mach Velocity
Dwarf Haven
Safari
Mythspire","Solar
Lunar
Solar
Solar","


",22.30,141,10,14.10,0.399,0.300,3,7,1,2727,1510,1217,7,3,10,16,0.438,295.60,163.68,131.92,0.76,0.33,1.08,1.73,272.70,151.00,121.70,0.70,0.30,1.00,1.60,19,31,2.06,3.36,1.90,3.10,92,9.97,9.20,0.34
Challenger,RSC008103,AkTION,"Chromatic Chaos
Glams
Lions","Art Club
The Pit
Safari","Lunar
Solar
Solar","

",22.09,584,38,15.37,0.452,0.368,14,24,3,10869,5620,5249,17,12,51,77,0.221,284.46,147.08,137.37,0.44,0.31,1.33,2.02,286.03,147.89,138.13,0.45,0.32,1.34,2.03,66,95,1.73,2.49,1.74,2.50,318,8.32,8.37,0.30
Challenger,RSC000967,birds aren't real,Metal,The Elements,Solar,,20.36,374,24,15.58,0.448,0.375,9,15,0,6705,3840,2865,17,9,24,49,0.347,274.01,156.93,117.08,0.69,0.37,0.98,2.00,279.38,160.00,119.38,0.71,0.38,1.00,2.04,48,67,1.96,2.74,2.00,2.79,193,7.89,8.04,0.35
Challenger,RSC007955,JonathanVanDyk,"Threshers
Thunder Pups","Shark Attack
Pawverse","Lunar
Solar","
",18.09,173,13,13.31,0.407,0.308,4,9,1,3058,1530,1528,6,4,10,23,0.261,270.17,135.17,134.99,0.53,0.35,0.88,2.03,235.23,117.69,117.54,0.46,0.31,0.77,1.77,22,36,1.94,3.18,1.69,2.77,92,8.13,7.08,0.39
Challenger,RSC005570,Lupo,Scribes,The King's Court,Lunar,,16.66,184,13,14.15,0.521,0.462,6,7,0,3152,1580,1572,3,5,16,23,0.130,261.82,131.24,130.58,0.25,0.42,1.33,1.91,242.46,121.54,120.92,0.23,0.38,1.23,1.77,27,24,2.24,1.99,2.08,1.85,87,7.23,6.69,0.28
Challenger,RSC008162,ThatHomieGage,Spearmint,Minty Fresh,Solar,,9.21,118,7,16.86,0.323,0.286,2,5,0,1792,960,832,2,3,9,16,0.125,232.11,124.34,107.77,0.26,0.39,1.17,2.07,256.00,137.14,118.86,0.29,0.43,1.29,2.29,12,27,1.55,3.50,1.71,3.86,65,8.42,9.29,0.42
Challenger,RSC007178,BlindDisciple12,Blitzars,The Cosmos,Lunar,,2.42,79,5,15.80,0.346,0.200,1,4,0,1222,620,602,0,2,9,7,0.000,236.42,119.95,116.47,0.00,0.39,1.74,1.35,244.40,124.00,120.40,0.00,0.40,1.80,1.40,9,17,1.74,3.29,1.80,3.40,47,9.09,9.40,0.36
Challenger,RSC006784,KittyMeowMeow360,Glams,The Pit,Solar,,-2.21,61,4,15.25,0.598,0.750,3,1,0,875,400,475,0,2,5,5,0.000,219.24,100.22,119.02,0.00,0.50,1.25,1.25,218.75,100.00,118.75,0.00,0.50,1.25,1.25,9,6,2.26,1.50,2.25,1.50,25,6.26,6.25,0.24
Challenger,RSC009442,pois6k,Glams,The Pit,Solar,,-16.78,16,1,16.00,0.346,0.000,0,1,0,248,110,138,1,0,0,1,1.000,236.90,105.08,131.82,0.96,0.00,0.00,0.96,248.00,110.00,138.00,1.00,0.00,0.00,1.00,2,3,1.91,2.87,2.00,3.00,10,9.55,10.00,0.30
Prospect,RSC006908,OvrSizedFrog,Honey Badgers,Safari,Solar,Ember,99.87,738,52,14.19,0.545,0.673,35,17,19,21720,12790,8930,61,37,60,184,0.332,431.98,254.38,177.61,1.21,0.74,1.19,3.66,417.69,245.96,171.73,1.17,0.71,1.15,3.54,144,101,2.86,2.01,2.77,1.94,317,6.30,6.10,0.32
Prospect,RSC000053,its_lost,Tanuki,The Shrine,Solar,Cloud,89.33,754,50,15.08,0.569,0.760,38,12,17,20855,12100,8755,49,45,67,160,0.306,405.98,235.55,170.43,0.95,0.88,1.30,3.11,417.10,242.00,175.10,0.98,0.90,1.34,3.20,157,91,3.06,1.77,3.14,1.82,288,5.61,5.76,0.32
Prospect,RSC004539,DumplingsAreGod,"Griffin
Gloom","Mythspire
The Shadows","Solar
Lunar","Cloud
Ocean",88.68,819,56,14.63,0.539,0.661,37,19,18,22994,14310,8684,73,35,67,191,0.382,412.09,256.46,155.63,1.31,0.63,1.20,3.42,410.61,255.54,155.07,1.30,0.63,1.20,3.41,156,114,2.80,2.04,2.79,2.04,364,6.52,6.50,0.31
Prospect,RSC008650,Pizza Flavored,Merchants,The King's Court,Lunar,Ocean,84.97,723,47,15.38,0.520,0.638,30,17,15,19840,11610,8230,47,40,69,146,0.322,402.78,235.70,167.08,0.95,0.81,1.40,2.96,422.13,247.02,175.11,1.00,0.85,1.47,3.11,126,108,2.56,2.19,2.68,2.30,359,7.29,7.64,0.30
Prospect,RSC008237,SardonicOx,Hostile Takeover,Shell Corp.,Lunar,Mountain,82.64,769,55,13.98,0.508,0.455,25,30,17,22214,13040,9174,56,24,93,159,0.352,424.00,248.89,175.10,1.07,0.46,1.78,3.03,403.89,237.09,166.80,1.02,0.44,1.69,2.89,112,105,2.14,2.00,2.04,1.91,380,7.25,6.91,0.28
Prospect,RSC012297,le1anonly1,Crusaders,World Warriors,Lunar,Mountain,79.22,753,48,15.69,0.504,0.479,23,25,9,20122,12120,8002,57,26,68,172,0.331,392.23,236.25,155.98,1.11,0.51,1.33,3.35,419.21,252.50,166.71,1.19,0.54,1.42,3.58,136,132,2.65,2.57,2.83,2.75,355,6.92,7.40,0.37
Prospect,RSC008541,Jito1017,Skeletons,The Monster Mash,Lunar,Ocean,77.94,234,15,15.60,0.524,0.467,7,8,5,6285,3520,2765,16,9,20,47,0.340,394.23,220.79,173.44,1.00,0.56,1.25,2.95,419.00,234.67,184.33,1.07,0.60,1.33,3.13,40,35,2.51,2.20,2.67,2.33,112,7.03,7.47,0.31
Prospect,RSC007092,Minjaaa,Hawaiian Pizza,Fifty-Fifty Pizzeria,Lunar,Mountain,77.37,726,47,15.45,0.550,0.660,31,16,14,18967,10690,8277,52,28,51,154,0.338,383.46,216.12,167.34,1.05,0.57,1.03,3.11,403.55,227.45,176.11,1.11,0.60,1.09,3.28,131,88,2.65,1.78,2.79,1.87,322,6.51,6.85,0.27
Prospect,RSC008323,Smoky.,Piranhas,Tyrants of the Sea,Lunar,Mountain,76.40,731,47,15.55,0.547,0.660,31,16,13,18620,11550,7070,53,40,56,145,0.366,373.87,231.91,141.96,1.06,0.80,1.12,2.91,396.17,245.74,150.43,1.13,0.85,1.19,3.09,138,96,2.77,1.93,2.94,2.04,344,6.91,7.32,0.28
Prospect,RSC007537,yoshawatt,Earth,The Elements,Solar,Ember,76.39,814,54,15.07,0.514,0.556,30,24,15,20336,12250,8086,58,39,54,180,0.322,366.69,220.89,145.80,1.05,0.70,0.97,3.25,376.59,226.85,149.74,1.07,0.72,1.00,3.33,148,132,2.67,2.38,2.74,2.44,372,6.71,6.89,0.35
Prospect,RSC007372,oofitsfine,Diamondback,Venom Lab,Lunar,Mountain,74.21,48,4,12.00,0.621,0.750,3,1,2,1448,900,548,4,2,7,5,0.800,442.78,275.21,167.57,1.22,0.61,2.14,1.53,362.00,225.00,137.00,1.00,0.50,1.75,1.25,11,7,3.36,2.14,2.75,1.75,26,7.95,6.50,0.27
Prospect,RSC007886,ko nanakusa,Skeletons,The Monster Mash,Lunar,Ocean,74.17,100,8,12.50,0.451,0.375,3,5,0,2447,1190,1257,6,5,3,19,0.316,359.17,174.67,184.50,0.88,0.73,0.44,2.79,305.88,148.75,157.13,0.75,0.63,0.38,2.38,16,20,2.35,2.94,2.00,2.50,45,6.61,5.63,0.44
Prospect,RSC012637,ShxdowBat,Prism Proteges,Art Club,Lunar,Ocean,71.18,813,56,14.52,0.548,0.714,40,16,18,20605,11720,8885,61,24,54,172,0.355,372.00,211.59,160.41,1.10,0.43,0.97,3.11,367.95,209.29,158.66,1.09,0.43,0.96,3.07,150,101,2.71,1.82,2.68,1.80,335,6.05,5.98,0.30
Prospect,RSC002357,Bieles,Tanuki,The Shrine,Solar,Cloud,68.57,808,54,14.96,0.565,0.741,40,14,14,19591,11520,8071,61,28,46,172,0.355,355.88,209.27,146.61,1.11,0.51,0.84,3.12,362.80,213.33,149.46,1.13,0.52,0.85,3.19,165,98,3.00,1.78,3.06,1.81,319,5.79,5.91,0.31
Prospect,RSC002911,Alextross,Hawaiian Pizza,Fifty-Fifty Pizzeria,Lunar,Mountain,68.30,627,41,15.29,0.575,0.756,31,10,12,15244,9220,6024,39,34,50,112,0.348,356.86,215.84,141.02,0.91,0.80,1.17,2.62,371.80,224.88,146.93,0.95,0.83,1.22,2.73,124,70,2.90,1.64,3.02,1.71,273,6.39,6.66,0.26
Prospect,RSC012981,zZirellia,Red Legion,The Rising,Solar,Ember,67.97,663,47,14.11,0.519,0.532,25,22,12,16979,9140,7839,35,28,63,109,0.321,375.89,202.35,173.54,0.77,0.62,1.39,2.41,361.26,194.47,166.79,0.74,0.60,1.34,2.32,115,99,2.55,2.19,2.45,2.11,312,6.91,6.64,0.32
Prospect,RSC012671,Goofball.-.,Fairies,Mythical,Solar,Ember,65.85,797,56,14.23,0.517,0.571,32,24,12,20065,11010,9055,43,27,78,146,0.295,369.52,202.76,166.76,0.79,0.50,1.44,2.69,358.30,196.61,161.70,0.77,0.48,1.39,2.61,125,108,2.30,1.99,2.23,1.93,395,7.27,7.05,0.27
Prospect,RSC008162,ThatHomieGage,Merchants,The King's Court,Lunar,Ocean,65.08,440,28,15.71,0.547,0.714,20,8,5,10733,6490,4243,24,25,43,69,0.348,358.04,216.50,141.54,0.80,0.83,1.43,2.30,383.32,231.79,151.54,0.86,0.89,1.54,2.46,87,64,2.90,2.13,3.11,2.29,211,7.04,7.54,0.30
Prospect,RSC002494,lone wolf,Tanuki,The Shrine,Solar,Cloud,64.06,722,48,15.04,0.584,0.792,38,10,9,16712,9990,6722,49,37,39,129,0.380,339.75,203.09,136.65,1.00,0.75,0.79,2.62,348.17,208.13,140.04,1.02,0.77,0.81,2.69,153,79,3.11,1.61,3.19,1.65,283,5.75,5.90,0.28
Prospect,RSC002408,Gmoney,Prism Proteges,Art Club,Lunar,Ocean,63.97,750,51,14.71,0.544,0.706,36,15,11,17303,10000,7303,41,38,52,140,0.293,338.63,195.70,142.92,0.80,0.74,1.02,2.74,339.27,196.08,143.20,0.80,0.75,1.02,2.75,133,93,2.60,1.82,2.61,1.82,310,6.07,6.08,0.30
Prospect,RSC008044,fender_bender2,"Red Legion
Doctors","The Rising
Grand Fleet","Solar
Solar","Ember
Cloud",63.61,426,30,14.20,0.449,0.333,10,20,5,10356,5300,5056,25,10,29,85,0.294,356.82,182.61,174.20,0.86,0.34,1.00,2.93,345.20,176.67,168.53,0.83,0.33,0.97,2.83,55,78,1.90,2.69,1.83,2.60,223,7.68,7.43,0.35
Prospect,RSC008418,I_am.Dan,Honey Badgers,Safari,Solar,Ember,62.48,351,25,14.04,0.579,0.720,18,7,2,8200,4400,3800,14,20,29,55,0.255,342.90,184.00,158.91,0.59,0.84,1.21,2.30,328.00,176.00,152.00,0.56,0.80,1.16,2.20,76,46,3.18,1.92,3.04,1.84,149,6.23,5.96,0.31
Prospect,RSC006966,Pivot97,Decuriones,The Sovereign,Solar,Cloud,61.78,538,39,13.79,0.464,0.385,15,24,7,13225,7550,5675,31,22,50,85,0.365,360.81,205.98,154.83,0.85,0.60,1.36,2.32,339.10,193.59,145.51,0.79,0.56,1.28,2.18,73,95,1.99,2.59,1.87,2.44,321,8.76,8.23,0.30
Prospect,RSC001881,oDynastyo,"Earth
Diamondback","The Elements
Venom Lab","Solar
Lunar","Ember
Mountain",61.56,658,44,14.95,0.475,0.386,17,27,6,15720,8640,7080,30,34,59,99,0.303,350.66,192.73,157.93,0.67,0.76,1.32,2.21,357.27,196.36,160.91,0.68,0.77,1.34,2.25,105,126,2.34,2.81,2.39,2.86,349,7.79,7.93,0.36
Prospect,RSC007431,xPotatodactylx,Hawaiian Pizza,Fifty-Fifty Pizzeria,Lunar,Mountain,60.63,699,44,15.89,0.559,0.750,33,11,7,16361,9870,6491,37,31,67,127,0.291,343.55,207.25,136.30,0.78,0.65,1.41,2.67,371.84,224.32,147.52,0.84,0.70,1.52,2.89,130,82,2.73,1.72,2.95,1.86,316,6.64,7.18,0.26
Prospect,RSC003109,Kflip11,Piranhas,Tyrants of the Sea,Lunar,Mountain,60.34,771,50,15.42,0.536,0.600,30,20,9,18130,10280,7850,49,34,49,123,0.398,345.15,195.70,149.44,0.93,0.65,0.93,2.34,362.60,205.60,157.00,0.98,0.68,0.98,2.46,145,109,2.76,2.08,2.90,2.18,374,7.12,7.48,0.29
Prospect,RSC002511,Moist_Games,Earth,The Elements,Solar,Ember,59.97,600,40,15.00,0.547,0.650,26,14,7,13863,7800,6063,30,31,46,95,0.316,339.13,190.81,148.32,0.73,0.76,1.13,2.32,346.58,195.00,151.58,0.75,0.78,1.15,2.38,121,86,2.96,2.10,3.03,2.15,249,6.09,6.23,0.35
Prospect,RSC002633,Titan,Griffin,Mythspire,Solar,Cloud,59.57,326,22,14.82,0.556,0.682,15,7,6,7333,4330,3003,21,13,19,63,0.333,330.16,194.95,135.21,0.95,0.59,0.86,2.84,333.32,196.82,136.50,0.95,0.59,0.86,2.86,65,46,2.93,2.07,2.95,2.09,137,6.17,6.23,0.34
Prospect,RSC006667,GET2DACHOPPA5,Red Legion,The Rising,Solar,Ember,58.79,720,51,14.12,0.510,0.529,27,24,6,16841,9530,7311,32,33,70,118,0.271,343.32,194.28,149.04,0.65,0.67,1.43,2.41,330.22,186.86,143.35,0.63,0.65,1.37,2.31,119,110,2.43,2.24,2.33,2.16,338,6.89,6.63,0.33
Prospect,RSC008654,VoodooMamaJuju,Decuriones,The Sovereign,Solar,Cloud,58.41,699,49,14.27,0.452,0.367,18,31,8,17301,9680,7621,30,27,86,103,0.291,363.29,203.26,160.03,0.63,0.57,1.81,2.16,353.08,197.55,155.53,0.61,0.55,1.76,2.10,94,137,1.97,2.88,1.92,2.80,411,8.63,8.39,0.33
Prospect,RSC008278,tacosbruh1299,Merchants,The King's Court,Lunar,Ocean,57.54,559,36,15.53,0.519,0.639,23,13,8,13337,7960,5377,39,25,41,76,0.513,350.19,209.01,141.19,1.02,0.66,1.08,2.00,370.47,221.11,149.36,1.08,0.69,1.14,2.11,101,88,2.65,2.31,2.81,2.44,288,7.56,8.00,0.31
Prospect,RSC003335,xEaglex20x,Earth,The Elements,Solar,Ember,57.15,515,33,15.61,0.535,0.606,20,13,3,11385,7330,4055,38,19,31,103,0.369,324.48,208.91,115.57,1.08,0.54,0.88,2.94,345.00,222.12,122.88,1.15,0.58,0.94,3.12,106,84,3.02,2.39,3.21,2.55,221,6.30,6.70,0.38
Prospect,RSC005884,Zachthebull36,"Nibble Nightz
Skeletons","Pawverse
The Monster Mash","Solar
Lunar","Cloud
Ocean",56.97,428,31,13.81,0.475,0.419,13,18,3,9276,5000,4276,17,22,29,75,0.227,318.11,171.47,146.64,0.58,0.75,0.99,2.57,299.23,161.29,137.94,0.55,0.71,0.94,2.42,63,75,2.16,2.57,2.03,2.42,205,7.03,6.61,0.37
Prospect,RSC008106,M0USE_1,Piranhas,Tyrants of the Sea,Lunar,Mountain,56.90,561,37,15.16,0.542,0.649,24,13,8,14209,8740,5469,40,10,66,94,0.426,371.76,228.67,143.09,1.05,0.26,1.73,2.46,384.03,236.22,147.81,1.08,0.27,1.78,2.54,107,79,2.80,2.07,2.89,2.14,287,7.51,7.76,0.28
Prospect,RSC008431,Wildragon112,"Turbulence
Merchants","Remove Before Flight
The King's Court","Lunar
Lunar","Ocean
Ocean",56.57,500,35,14.29,0.548,0.629,22,13,4,12299,6990,5309,30,13,51,79,0.380,361.05,205.20,155.85,0.88,0.38,1.50,2.32,351.40,199.71,151.69,0.86,0.37,1.46,2.26,93,66,2.73,1.94,2.66,1.89,248,7.28,7.09,0.27
Prospect,RSC000426,struttrl,Gloom,The Shadows,Lunar,Ocean,56.19,804,56,14.36,0.478,0.446,25,31,9,18517,10050,8467,38,32,67,130,0.292,338.05,183.47,154.57,0.69,0.58,1.22,2.37,330.66,179.46,151.20,0.68,0.57,1.20,2.32,122,146,2.23,2.67,2.18,2.61,428,7.81,7.64,0.34
Prospect,RSC006262,Illusionchaos,Crusaders,World Warriors,Lunar,Mountain,55.91,868,54,16.07,0.503,0.500,27,27,13,19825,11720,8105,48,35,74,147,0.327,335.24,198.18,137.06,0.81,0.59,1.25,2.49,367.13,217.04,150.09,0.89,0.65,1.37,2.72,151,147,2.55,2.49,2.80,2.72,414,7.00,7.67,0.36
Prospect,RSC005139,brillo_padd,Diamondback,Venom Lab,Lunar,Mountain,53.78,766,51,15.02,0.465,0.392,20,31,8,17174,9630,7544,50,21,44,138,0.362,329.08,184.53,144.56,0.96,0.40,0.84,2.64,336.75,188.82,147.92,0.98,0.41,0.86,2.71,108,142,2.07,2.72,2.12,2.78,405,7.76,7.94,0.35
Prospect,RSC003737,MeOnDisplay,Honey Badgers,Safari,Solar,Ember,53.08,780,55,14.18,0.542,0.673,37,18,6,17002,9410,7592,45,30,42,131,0.344,319.94,177.07,142.86,0.85,0.56,0.79,2.47,309.13,171.09,138.04,0.82,0.55,0.76,2.38,151,108,2.84,2.03,2.75,1.96,334,6.29,6.07,0.32
Prospect,RSC007423,Valuedsquash465,Prism Proteges,Art Club,Lunar,Ocean,52.77,195,14,13.93,0.547,0.571,8,6,1,4043,2140,1903,9,7,10,39,0.231,304.32,161.08,143.24,0.68,0.53,0.75,2.94,288.79,152.86,135.93,0.64,0.50,0.71,2.79,35,27,2.63,2.03,2.50,1.93,75,5.65,5.36,0.36
Prospect,RSC006898,xihir0,Fairies,Mythical,Solar,Ember,52.70,661,46,14.37,0.512,0.565,26,20,10,15160,8550,6610,46,14,42,115,0.400,336.64,189.86,146.78,1.02,0.31,0.93,2.55,329.57,185.87,143.70,1.00,0.30,0.91,2.50,94,85,2.09,1.89,2.04,1.85,329,7.31,7.15,0.26
Prospect,RSC006569,mulliganisoup,Hostile Takeover,Shell Corp.,Lunar,Mountain,52.46,786,56,14.04,0.506,0.446,25,31,6,17618,9270,8348,31,29,69,127,0.244,329.00,173.11,155.89,0.58,0.54,1.29,2.37,314.61,165.54,149.07,0.55,0.52,1.23,2.27,113,107,2.11,2.00,2.02,1.91,390,7.28,6.96,0.27
Prospect,RSC008543,xTiTax_,Doctors,Grand Fleet,Solar,Cloud,51.40,804,50,16.08,0.475,0.440,22,28,9,18011,10560,7451,45,32,65,121,0.372,328.81,192.78,136.03,0.82,0.58,1.19,2.21,360.22,211.20,149.02,0.90,0.64,1.30,2.42,122,148,2.23,2.70,2.44,2.96,446,8.14,8.92,0.33
Prospect,RSC005816,lXploitl,"Hostile Takeover
Diamondback","Shell Corp.
Venom Lab","Lunar
Lunar","Mountain
Mountain",51.16,426,27,15.78,0.485,0.407,11,16,5,9820,5500,4320,22,11,41,70,0.314,338.35,189.50,148.85,0.76,0.38,1.41,2.41,363.70,203.70,160.00,0.81,0.41,1.52,2.59,67,74,2.31,2.55,2.48,2.74,217,7.48,8.04,0.34
Prospect,RSC008274,MrKankleMeat,Turbulence,Remove Before Flight,Lunar,Ocean,51.06,770,54,14.26,0.481,0.389,21,33,12,17703,9760,7943,33,24,81,121,0.273,337.46,186.05,151.41,0.63,0.46,1.54,2.31,327.83,180.74,147.09,0.61,0.44,1.50,2.24,108,126,2.06,2.40,2.00,2.33,408,7.78,7.56,0.31
Prospect,RSC012424,Eskonor.,"Diamondback
Nibble Nightz","Venom Lab
Pawverse","Lunar
Solar","Mountain
Cloud",50.87,569,41,13.88,0.433,0.244,10,31,3,12543,7000,5543,29,17,45,100,0.290,323.56,180.57,142.99,0.75,0.44,1.16,2.58,305.93,170.73,135.20,0.71,0.41,1.10,2.44,67,111,1.73,2.86,1.63,2.71,321,8.28,7.83,0.35
Prospect,RSC004498,S1r Duck,Honey Badgers,Safari,Solar,Ember,50.75,176,11,16.00,0.507,0.636,7,4,3,3650,2010,1640,7,10,11,26,0.269,304.40,167.63,136.77,0.58,0.83,0.92,2.17,331.82,182.73,149.09,0.64,0.91,1.00,2.36,26,25,2.17,2.08,2.36,2.27,80,6.67,7.27,0.31
Prospect,RSC008188,SludgeMixFuzz,Fairies,Mythical,Solar,Ember,50.12,728,52,14.00,0.527,0.596,31,21,10,16115,8900,7215,30,25,69,120,0.250,324.91,179.44,145.47,0.60,0.50,1.39,2.42,309.90,171.15,138.75,0.58,0.48,1.33,2.31,117,94,2.36,1.90,2.25,1.81,353,7.12,6.79,0.27
Prospect,RSC006369,nate,Piranhas,Tyrants of the Sea,Lunar,Mountain,50.06,520,34,15.29,0.545,0.588,20,14,5,10952,6050,4902,20,26,39,80,0.250,309.14,170.77,138.37,0.56,0.73,1.10,2.26,322.12,177.94,144.18,0.59,0.76,1.15,2.35,96,70,2.71,1.98,2.82,2.06,252,7.11,7.41,0.28
Prospect,RSC007442,willbong,Turbulence,Remove Before Flight,Lunar,Ocean,49.42,591,42,14.07,0.473,0.381,16,26,5,13438,7180,6258,29,17,51,88,0.330,333.74,178.32,155.42,0.72,0.42,1.27,2.19,319.95,170.95,149.00,0.69,0.40,1.21,2.10,80,98,1.99,2.43,1.90,2.33,316,7.85,7.52,0.31
Prospect,RSC007505,Detroeux,"Nibble Nightz
Turbulence","Pawverse
Remove Before Flight","Solar
Lunar","Cloud
Ocean",48.66,541,39,13.87,0.476,0.436,17,22,3,11409,6200,5209,31,16,27,95,0.326,309.54,168.21,141.33,0.84,0.43,0.73,2.58,292.54,158.97,133.56,0.79,0.41,0.69,2.44,83,99,2.25,2.69,2.13,2.54,278,7.54,7.13,0.36
Prospect,RSC004952,Perry The Platypus,"Decuriones
Honey Badgers
Crusaders","The Sovereign
Safari
World Warriors","Solar
Solar
Lunar","Cloud
Ember
Mountain",48.15,146,10,14.60,0.542,0.600,6,4,1,3294,1790,1504,5,6,16,19,0.263,331.16,179.95,151.20,0.50,0.60,1.61,1.91,329.40,179.00,150.40,0.50,0.60,1.60,1.90,27,22,2.71,2.21,2.70,2.20,79,7.94,7.90,0.28
Prospect,RSC012721,D/\MN D/\NIEL,"Gloom
Griffin","The Shadows
Mythspire","Lunar
Solar","Ocean
Cloud",47.84,537,36,14.92,0.480,0.417,15,21,5,11532,6680,4852,29,18,40,88,0.330,315.20,182.58,132.62,0.79,0.49,1.09,2.41,320.33,185.56,134.78,0.81,0.50,1.11,2.44,85,98,2.32,2.68,2.36,2.72,279,7.63,7.75,0.35
Prospect,RSC006822,itsu_desu,"Red Legion
Turbulence","The Rising
Remove Before Flight","Solar
Lunar","Ember
Ocean",47.42,483,32,15.09,0.450,0.344,11,21,2,10551,5700,4851,25,12,36,80,0.313,320.63,173.22,147.42,0.76,0.36,1.09,2.43,329.72,178.13,151.59,0.78,0.38,1.13,2.50,68,96,2.07,2.92,2.13,3.00,266,8.08,8.31,0.36
Prospect,RSC007520,Blitzzzzz.,"Griffin
Gloom","Mythspire
The Shadows","Solar
Lunar","Cloud
Ocean",47.28,740,51,14.51,0.543,0.667,34,17,7,15427,8870,6557,39,32,45,112,0.348,305.99,175.94,130.06,0.77,0.63,0.89,2.22,302.49,173.92,128.57,0.76,0.63,0.88,2.20,141,100,2.80,1.98,2.76,1.96,329,6.53,6.45,0.30
Prospect,RSC007400,ShxdwNyx,Tomcats,Mach Velocity,Solar,Ember,46.84,307,23,13.35,0.364,0.174,4,19,3,7105,3620,3485,10,8,36,42,0.238,339.69,173.07,166.62,0.48,0.38,1.72,2.01,308.91,157.39,151.52,0.43,0.35,1.57,1.83,26,64,1.24,3.06,1.13,2.78,179,8.56,7.78,0.36
Prospect,RSC007376,Xcalibur9659,Nibble Nightz,Pawverse,Solar,Cloud,45.62,417,30,13.90,0.439,0.267,8,22,3,9152,4710,4442,17,16,34,51,0.333,322.14,165.79,156.35,0.60,0.56,1.20,1.80,305.07,157.00,148.07,0.57,0.53,1.13,1.70,57,86,2.01,3.03,1.90,2.87,238,8.38,7.93,0.36
Prospect,RSC004879,DefNotMongo.,Diamondback,Venom Lab,Lunar,Mountain,45.42,190,14,13.57,0.471,0.429,6,8,0,3949,2170,1779,9,8,12,27,0.333,305.07,167.64,137.43,0.70,0.62,0.93,2.09,282.07,155.00,127.07,0.64,0.57,0.86,1.93,29,34,2.24,2.63,2.07,2.43,103,7.96,7.36,0.33
Prospect,RSC008031,timthebigone,Prism Proteges,Art Club,Lunar,Ocean,45.08,627,43,14.58,0.571,0.791,34,9,9,13196,7510,5686,31,18,49,106,0.292,308.91,175.81,133.11,0.73,0.42,1.15,2.48,306.88,174.65,132.23,0.72,0.42,1.14,2.47,124,72,2.90,1.69,2.88,1.67,259,6.06,6.02,0.28
Prospect,RSC012860,Thor MAVERICK,"Hostile Takeover
Gloom
Griffin","Shell Corp.
The Shadows
Mythspire","Lunar
Lunar
Solar","Mountain
Ocean
Cloud",44.91,308,22,14.00,0.430,0.318,7,15,2,6646,3540,3106,16,7,22,49,0.327,316.72,168.70,148.02,0.76,0.33,1.05,2.34,302.09,160.91,141.18,0.73,0.32,1.00,2.23,41,63,1.95,3.00,1.86,2.86,168,8.01,7.64,0.38
Prospect,RSC006439,S E L.,Hawaiian Pizza,Fifty-Fifty Pizzeria,Lunar,Mountain,44.75,522,36,14.50,0.539,0.611,22,14,6,10974,6420,4554,32,16,32,82,0.390,308.57,180.52,128.05,0.90,0.45,0.90,2.31,304.83,178.33,126.50,0.89,0.44,0.89,2.28,95,72,2.67,2.02,2.64,2.00,238,6.69,6.61,0.30
Prospect,RSC001619,Rob,Doctors,Grand Fleet,Solar,Cloud,44.21,649,42,15.45,0.475,0.429,18,24,5,13981,8350,5631,30,25,64,90,0.333,316.20,188.84,127.35,0.68,0.57,1.45,2.04,332.88,198.81,134.07,0.71,0.60,1.52,2.14,97,117,2.19,2.65,2.31,2.79,370,8.37,8.81,0.32
Prospect,RSC008579,Giraffahuff,"Crusaders
Griffin","World Warriors
Mythspire","Lunar
Solar","Mountain
Cloud",44.07,349,22,15.86,0.485,0.455,10,12,2,6961,3820,3141,14,14,23,57,0.246,292.76,160.66,132.10,0.59,0.59,0.97,2.40,316.41,173.64,142.77,0.64,0.64,1.05,2.59,52,57,2.19,2.40,2.36,2.59,179,7.53,8.14,0.32
Prospect,RSC004565,Ole.Mr.Bison.,Skeletons,The Monster Mash,Lunar,Ocean,43.86,496,32,15.50,0.442,0.250,8,24,3,10812,5880,4932,20,16,48,68,0.294,319.95,174.00,145.95,0.59,0.47,1.42,2.01,337.88,183.75,154.13,0.63,0.50,1.50,2.13,64,96,1.89,2.84,2.00,3.00,274,8.11,8.56,0.35
Prospect,RSC005488,bnj ._.,"Griffin
Honey Badgers","Mythspire
Safari","Solar
Solar","Cloud
Ember",43.48,448,30,14.93,0.520,0.600,18,12,8,9607,5390,4217,22,16,36,59,0.373,314.75,176.59,138.16,0.72,0.52,1.18,1.93,320.23,179.67,140.57,0.73,0.53,1.20,1.97,78,68,2.56,2.23,2.60,2.27,202,6.62,6.73,0.34
Prospect,RSC003193,ShiftDrink,"Earth
Diamondback
Honey Badgers
Skeletons","The Elements
Venom Lab
Safari
The Monster Mash","Solar
Lunar
Solar
Lunar","Ember
Mountain
Ember
Ocean",43.31,295,21,14.05,0.438,0.333,7,14,3,6622,3940,2682,16,6,32,44,0.364,329.48,196.04,133.44,0.80,0.30,1.59,2.19,315.33,187.62,127.71,0.76,0.29,1.52,2.10,39,57,1.94,2.84,1.86,2.71,165,8.21,7.86,0.35
Prospect,RSC000221,Treefrog,"Doctors
Red Legion","Grand Fleet
The Rising","Solar
Solar","Cloud
Ember",41.52,595,40,14.88,0.519,0.575,23,17,6,11995,6410,5585,31,18,30,91,0.341,295.90,158.13,137.77,0.76,0.44,0.74,2.24,299.88,160.25,139.63,0.78,0.45,0.75,2.28,101,88,2.49,2.17,2.53,2.20,289,7.13,7.23,0.30
Prospect,RSC007179,B0A._.,Crusaders,World Warriors,Lunar,Mountain,41.10,602,38,15.84,0.505,0.474,18,20,2,12053,7310,4743,32,27,39,81,0.395,293.87,178.23,115.64,0.78,0.66,0.95,1.97,317.18,192.37,124.82,0.84,0.71,1.03,2.13,110,106,2.68,2.58,2.89,2.79,273,6.66,7.18,0.39
Prospect,RSC006587,Enterprise15,"Tomcats
Prism Proteges","Mach Velocity
Art Club","Solar
Lunar","Ember
Ocean",40.81,473,31,15.26,0.416,0.323,10,21,6,10401,5480,4921,18,13,49,58,0.310,322.76,170.05,152.71,0.56,0.40,1.52,1.80,335.52,176.77,158.74,0.58,0.42,1.58,1.87,53,95,1.64,2.95,1.71,3.06,281,8.72,9.06,0.34
Prospect,RSC003266,GameyMcGamertag,Nibble Nightz,Pawverse,Solar,Cloud,39.55,544,38,14.32,0.434,0.263,10,28,8,11777,6230,5547,22,12,54,73,0.301,317.76,168.09,149.67,0.59,0.32,1.46,1.97,309.92,163.95,145.97,0.58,0.32,1.42,1.92,65,106,1.75,2.86,1.71,2.79,311,8.39,8.18,0.34
Prospect,RSC007525,BulletNote,"Merchants
Nibble Nightz","The King's Court
Pawverse","Lunar
Solar","Ocean
Cloud",38.52,679,47,14.45,0.461,0.340,16,31,1,14133,7480,6653,27,18,59,93,0.290,305.51,161.69,143.82,0.58,0.39,1.28,2.01,300.70,159.15,141.55,0.57,0.38,1.26,1.98,89,121,1.92,2.62,1.89,2.57,372,8.04,7.91,0.33
Prospect,RSC006758,El Booger Sugar,Decuriones,The Sovereign,Solar,Cloud,36.33,540,39,13.85,0.447,0.359,14,25,4,11679,6060,5619,21,12,55,61,0.344,317.45,164.72,152.73,0.57,0.33,1.49,1.66,299.46,155.38,144.08,0.54,0.31,1.41,1.56,74,109,2.01,2.96,1.90,2.79,312,8.48,8.00,0.35
Prospect,RSC013052,Drippin_Ice1,"Turbulence
Nibble Nightz","Remove Before Flight
Pawverse","Lunar
Solar","Ocean
Cloud",36.19,34,3,11.33,0.448,0.333,1,2,0,733,300,433,1,0,3,5,0.200,316.44,129.51,186.93,0.43,0.00,1.30,2.16,244.33,100.00,144.33,0.33,0.00,1.00,1.67,5,6,2.16,2.59,1.67,2.00,16,6.91,5.33,0.38
Prospect,RSC008218,Korrello,"Earth
Tomcats","The Elements
Mach Velocity","Solar
Solar","Ember
Ember",35.96,564,38,14.84,0.434,0.289,11,27,3,11048,5990,5058,24,11,42,94,0.255,287.52,155.89,131.63,0.62,0.29,1.09,2.45,290.74,157.63,133.11,0.63,0.29,1.11,2.47,60,99,1.56,2.58,1.58,2.61,310,8.07,8.16,0.32
Prospect,RSC003429,Gambit,"Gloom
Hostile Takeover","The Shadows
Shell Corp.","Lunar
Lunar","Ocean
Mountain",35.23,625,43,14.53,0.474,0.395,17,26,3,12151,6110,6041,21,17,45,91,0.231,285.36,143.49,141.87,0.49,0.40,1.06,2.14,282.58,142.09,140.49,0.49,0.40,1.05,2.12,84,103,1.97,2.42,1.95,2.40,315,7.40,7.33,0.33
Prospect,RSC000351,Mitzi,Earth,The Elements,Solar,Ember,35.20,322,23,14.00,0.457,0.391,9,14,1,6359,3370,2989,13,12,22,37,0.351,289.86,153.62,136.25,0.59,0.55,1.00,1.69,276.48,146.52,129.96,0.57,0.52,0.96,1.61,45,59,2.05,2.69,1.96,2.57,169,7.70,7.35,0.35
Prospect,RSC007621,Classy-God57,Griffin,Mythspire,Solar,Cloud,34.28,235,15,15.67,0.505,0.400,6,9,2,4696,2770,1926,9,5,25,37,0.243,293.31,173.01,120.30,0.56,0.31,1.56,2.31,313.07,184.67,128.40,0.60,0.33,1.67,2.47,35,34,2.19,2.12,2.33,2.27,122,7.62,8.13,0.28
Prospect,RSC003791,Frankieeagle,Crusaders,World Warriors,Lunar,Mountain,33.25,204,12,17.00,0.448,0.417,5,7,3,3985,2210,1775,12,3,11,31,0.387,286.72,159.01,127.71,0.86,0.22,0.79,2.23,332.08,184.17,147.92,1.00,0.25,0.92,2.58,29,38,2.09,2.73,2.42,3.17,110,7.91,9.17,0.35
Prospect,RSC008257,Arana5418,"Turbulence
Red Legion","Remove Before Flight
The Rising","Lunar
Solar","Ocean
Ember",32.01,259,18,14.39,0.500,0.333,6,12,0,5254,3060,2194,13,4,24,36,0.361,297.75,173.41,124.34,0.74,0.23,1.36,2.04,291.89,170.00,121.89,0.72,0.22,1.33,2.00,38,38,2.15,2.15,2.11,2.11,142,8.05,7.89,0.27
Prospect,RSC001820,YourEvilTwin,"Merchants
Crusaders","The King's Court
World Warriors","Lunar
Lunar","Ocean
Mountain",29.82,403,27,14.93,0.488,0.481,13,14,4,7430,4090,3340,13,11,33,59,0.220,270.61,148.96,121.65,0.47,0.40,1.20,2.15,275.19,151.48,123.70,0.48,0.41,1.22,2.19,57,62,2.08,2.26,2.11,2.30,209,7.61,7.74,0.30
Prospect,RSC007958,No Mechs. HELP,"Diamondback
Hostile Takeover","Venom Lab
Shell Corp.","Lunar
Lunar","Mountain
Mountain",29.62,453,30,15.10,0.493,0.467,14,16,3,8444,4210,4234,13,14,33,56,0.232,273.60,136.41,137.19,0.42,0.45,1.07,1.81,281.47,140.33,141.13,0.43,0.47,1.10,1.87,64,67,2.07,2.17,2.13,2.23,242,7.84,8.07,0.28
Prospect,RSC005608,wolverine36535,Doctors,Grand Fleet,Solar,Cloud,29.12,741,46,16.11,0.477,0.435,20,26,6,14142,7950,6192,29,19,63,95,0.305,280.13,157.47,122.65,0.57,0.38,1.25,1.88,307.43,172.83,134.61,0.63,0.41,1.37,2.07,113,135,2.24,2.67,2.46,2.93,414,8.20,9.00,0.33
Prospect,RSC008147,CrucialUrchin,Decuriones,The Sovereign,Solar,Cloud,24.56,450,32,14.06,0.428,0.281,9,23,0,8502,4540,3962,19,9,34,49,0.388,277.31,148.08,129.23,0.62,0.29,1.11,1.60,265.69,141.88,123.81,0.59,0.28,1.06,1.53,56,92,1.83,3.00,1.75,2.88,288,9.39,9.00,0.32
Prospect,RSC002636,NitemareRL,Tomcats,Mach Velocity,Solar,Ember,23.17,511,36,14.19,0.414,0.306,11,25,3,9689,4780,4909,10,7,56,63,0.159,278.30,137.30,141.00,0.29,0.20,1.61,1.81,269.14,132.78,136.36,0.28,0.19,1.56,1.75,51,97,1.46,2.79,1.42,2.69,298,8.56,8.28,0.33
Prospect,RSC007141,Cuddlingus,Skeletons,The Monster Mash,Lunar,Ocean,22.92,586,39,15.03,0.429,0.231,9,30,3,10405,5540,4865,20,15,42,69,0.290,260.62,138.76,121.86,0.50,0.38,1.05,1.73,266.79,142.05,124.74,0.51,0.38,1.08,1.77,72,121,1.80,3.03,1.85,3.10,338,8.47,8.67,0.36
Prospect,RSC002796,Carno,Skeletons,The Monster Mash,Lunar,Ocean,22.08,582,39,14.92,0.403,0.154,6,33,0,10884,5620,5264,17,7,57,72,0.236,274.49,141.73,132.76,0.43,0.18,1.44,1.82,279.08,144.10,134.97,0.44,0.18,1.46,1.85,62,127,1.56,3.20,1.59,3.26,351,8.85,9.00,0.36
Prospect,RSC006461,Cynical89,Tomcats,Mach Velocity,Solar,Ember,18.62,672,47,14.30,0.422,0.298,14,33,2,11616,5900,5716,17,13,55,80,0.213,253.72,128.87,124.85,0.37,0.28,1.20,1.75,247.15,125.53,121.62,0.36,0.28,1.17,1.70,67,126,1.46,2.75,1.43,2.68,396,8.65,8.43,0.32
Prospect,RSC004509,tazlien,Tanuki,The Shrine,Solar,Cloud,17.28,140,10,14.00,0.447,0.400,4,6,0,2099,980,1119,2,7,6,13,0.154,220.06,102.74,117.32,0.21,0.73,0.63,1.36,209.90,98.00,111.90,0.20,0.70,0.60,1.30,20,26,2.10,2.73,2.00,2.60,67,7.02,6.70,0.39
Prospect,RSC012007,ItsRickalicious,Diamondback,Venom Lab,Lunar,Mountain,16.99,160,10,16.00,0.419,0.500,5,5,2,2835,1520,1315,4,3,16,17,0.235,260.07,139.44,120.63,0.37,0.28,1.47,1.56,283.50,152.00,131.50,0.40,0.30,1.60,1.70,17,26,1.56,2.39,1.70,2.60,86,7.89,8.60,0.30
Prospect,RSC008370,Wiz,"Hostile Takeover
Diamondback","Shell Corp.
Venom Lab","Lunar
Lunar","Mountain
Mountain",16.78,297,23,12.91,0.441,0.304,7,16,1,5119,2370,2749,10,6,16,27,0.370,252.98,117.13,135.86,0.49,0.30,0.79,1.33,222.57,103.04,119.52,0.43,0.26,0.70,1.17,40,58,1.98,2.87,1.74,2.52,174,8.60,7.57,0.33
Prospect,RSC008348,Shadows_ss,Fairies,Mythical,Solar,Ember,15.19,205,14,14.64,0.510,0.500,7,7,0,3102,1660,1442,6,8,9,21,0.286,222.10,118.85,103.25,0.43,0.57,0.64,1.50,221.57,118.57,103.00,0.43,0.57,0.64,1.50,39,37,2.79,2.65,2.79,2.64,108,7.73,7.71,0.34
Prospect,RSC012867,waynswrld,"Decuriones
Skeletons","The Sovereign
The Monster Mash","Solar
Lunar","Cloud
Ocean",14.60,284,19,14.95,0.358,0.158,3,16,0,4734,2370,2364,4,8,26,27,0.148,244.67,122.49,122.18,0.21,0.41,1.34,1.40,249.16,124.74,124.42,0.21,0.42,1.37,1.42,30,70,1.55,3.62,1.58,3.68,174,8.99,9.16,0.40
Prospect,RSC007096,Nando201024,Earth,The Elements,Solar,Ember,10.97,151,10,15.10,0.293,0.200,2,8,1,2214,980,1234,4,3,5,18,0.222,215.21,95.26,119.95,0.39,0.29,0.49,1.75,221.40,98.00,123.40,0.40,0.30,0.50,1.80,12,36,1.17,3.50,1.20,3.60,88,8.55,8.80,0.41
Prospect,RSC007630,Grey,Gloom,The Shadows,Lunar,Ocean,7.26,276,19,14.53,0.368,0.211,4,15,0,3907,1910,1997,7,6,12,31,0.226,207.78,101.57,106.20,0.37,0.32,0.64,1.65,205.63,100.53,105.11,0.37,0.32,0.63,1.63,25,57,1.33,3.03,1.32,3.00,166,8.83,8.74,0.34
Contender,RSC013001,ZZgameryoy0,Aeronauts,Remove Before Flight,N/A,N/A,108.69,658,46,14.30,0.534,0.630,29,17,21,21425,13170,8255,65,38,64,157,0.414,454.95,279.66,175.29,1.38,0.81,1.36,3.33,465.76,286.30,179.46,1.41,0.83,1.39,3.41,138,107,2.93,2.27,3.00,2.33,,0.00,0.00,
Contender,RSC007229,yourboiblue,Jellyfish,Tyrants of the Sea,N/A,N/A,102.09,784,55,14.25,0.581,0.800,44,11,28,23710,15260,8450,84,41,57,196,0.429,422.56,271.96,150.60,1.50,0.73,1.02,3.49,431.09,277.45,153.64,1.53,0.75,1.04,3.56,183,95,3.26,1.69,3.33,1.73,305,5.44,5.55,0.31
Contender,RSC007291,brdtrd999,Surprise,The Elements,N/A,N/A,92.48,731,52,14.06,0.535,0.538,28,24,17,21782,12570,9212,59,32,68,167,0.353,416.34,240.26,176.08,1.13,0.61,1.30,3.19,418.88,241.73,177.15,1.13,0.62,1.31,3.21,139,105,2.66,2.01,2.67,2.02,344,6.58,6.62,0.31
Contender,RSC012628,orphaned baby pangolin,Jellyfish,Tyrants of the Sea,N/A,N/A,86.02,794,56,14.18,0.579,0.786,44,12,13,22009,13230,8779,62,41,66,168,0.369,387.30,232.81,154.49,1.09,0.72,1.16,2.96,393.02,236.25,156.77,1.11,0.73,1.18,3.00,184,97,3.24,1.71,3.29,1.73,311,5.47,5.55,0.31
Contender,RSC012989,holytrstn,Cheese Pizza,Fifty-Fifty Pizzeria,N/A,N/A,85.05,642,46,13.96,0.556,0.717,33,13,9,17057,10500,6557,50,45,41,120,0.417,371.23,228.52,142.71,1.09,0.98,0.89,2.61,370.80,228.26,142.54,1.09,0.98,0.89,2.61,150,99,3.26,2.15,3.26,2.15,284,6.18,6.17,0.35
Contender,RSC003223,AZoroARK,Cheese Pizza,Fifty-Fifty Pizzeria,N/A,N/A,79.07,653,44,14.84,0.567,0.750,33,11,14,17033,10630,6403,56,34,41,128,0.438,364.46,227.45,137.01,1.20,0.73,0.88,2.74,387.11,241.59,145.52,1.27,0.77,0.93,2.91,151,92,3.23,1.97,3.43,2.09,280,5.99,6.36,0.33
Contender,RSC008451,Ryguy2flie,Ponzi Schemers,Shell Corp.,N/A,N/A,78.19,677,45,15.04,0.549,0.644,29,16,13,18425,11110,7315,46,30,74,131,0.351,380.27,229.30,150.97,0.95,0.62,1.53,2.70,409.44,246.89,162.56,1.02,0.67,1.64,2.91,138,95,2.85,1.96,3.07,2.11,315,6.50,7.00,0.30
Contender,RSC008187,Tonini08,Helldivers,The Rising,N/A,N/A,74.52,833,56,14.88,0.521,0.554,31,25,16,22566,13230,9336,63,32,76,153,0.412,378.51,221.91,156.60,1.06,0.54,1.27,2.57,402.96,236.25,166.71,1.13,0.57,1.36,2.73,171,145,2.87,2.43,3.05,2.59,395,6.63,7.05,0.37
Contender,RSC007571,StephM2_,Cheese Pizza,Fifty-Fifty Pizzeria,N/A,N/A,74.38,660,45,14.67,0.573,0.733,33,12,11,16890,10490,6400,49,30,56,129,0.380,357.57,222.08,135.49,1.04,0.64,1.19,2.73,375.33,233.11,142.22,1.09,0.67,1.24,2.87,152,88,3.22,1.86,3.38,1.96,275,5.82,6.11,0.32
Contender,RSC000962,pythagorjags,Templars,World Warriors,N/A,N/A,72.84,830,58,14.31,0.534,0.638,37,21,16,22378,13330,9048,53,35,97,143,0.371,376.72,224.40,152.32,0.89,0.59,1.63,2.41,385.83,229.83,156.00,0.91,0.60,1.67,2.47,160,121,2.69,2.04,2.76,2.09,393,6.62,6.78,0.31
Contender,RSC007216,ASAPxLEG,Zebras,Safari,N/A,N/A,72.75,45,3,15.00,0.603,0.667,2,1,0,1029,590,439,2,3,3,9,0.222,319.50,183.19,136.31,0.62,0.93,0.93,2.79,343.00,196.67,146.33,0.67,1.00,1.00,3.00,10,7,3.10,2.17,3.33,2.33,,0.00,0.00,
Contender,RSC000686,mom jeans xl,Jesters,The King's Court,N/A,N/A,71.38,812,56,14.50,0.522,0.571,32,24,7,19628,11130,8498,49,42,51,158,0.310,337.75,191.52,146.23,0.84,0.72,0.88,2.72,350.50,198.75,151.75,0.88,0.75,0.91,2.82,151,126,2.60,2.17,2.70,2.25,390,6.71,6.96,0.32
Contender,RSC012631,BAND1TO.,Templars,World Warriors,N/A,N/A,71.26,738,52,14.19,0.530,0.635,33,19,13,18097,10500,7597,53,36,40,140,0.379,342.63,198.79,143.83,1.00,0.68,0.76,2.65,348.02,201.92,146.10,1.02,0.69,0.77,2.69,141,111,2.67,2.10,2.71,2.13,351,6.65,6.75,0.32
Contender,RSC012938,Lewii jr.,Helldivers,The Rising,N/A,N/A,70.64,803,55,14.60,0.522,0.564,31,24,10,19525,11330,8195,49,45,55,143,0.343,339.74,197.14,142.59,0.85,0.78,0.96,2.49,355.00,206.00,149.00,0.89,0.82,1.00,2.60,163,137,2.84,2.38,2.96,2.49,380,6.61,6.91,0.36
Contender,RSC008092,ImPodz,"Sirens
Gallery Guild","Mythical
Art Club","N/A
N/A","N/A
N/A",70.63,694,49,14.16,0.492,0.429,21,28,14,19089,10810,8279,47,23,76,116,0.405,384.32,217.64,166.68,0.95,0.46,1.53,2.34,389.57,220.61,168.96,0.96,0.47,1.55,2.37,106,113,2.13,2.28,2.16,2.31,378,7.61,7.71,0.30
Contender,RSC005333,Oldman_Waterfall,Cheese Pizza,Fifty-Fifty Pizzeria,N/A,N/A,67.82,481,33,14.58,0.578,0.727,24,9,7,11788,7060,4728,35,19,34,91,0.385,342.43,205.08,137.34,1.02,0.55,0.99,2.64,357.21,213.94,143.27,1.06,0.58,1.03,2.76,117,69,3.40,2.00,3.55,2.09,,0.00,0.00,
Contender,RSC008110,IrishHawk27,Kappa,The Shrine,N/A,N/A,67.15,55,4,13.75,0.317,0.000,0,4,0,1361,750,611,3,0,6,15,0.200,345.75,190.53,155.22,0.76,0.00,1.52,3.81,340.25,187.50,152.75,0.75,0.00,1.50,3.75,4,9,1.02,2.29,1.00,2.25,29,7.37,7.25,0.31
Contender,RSC005252,MysticMax07,Sirens,Mythical,N/A,N/A,64.16,539,40,13.48,0.475,0.450,18,22,9,13676,7840,5836,35,14,53,99,0.354,354.52,203.23,151.29,0.91,0.36,1.37,2.57,341.90,196.00,145.90,0.88,0.35,1.33,2.48,77,93,2.00,2.41,1.93,2.33,,0.00,0.00,
Contender,RSC006919,rinny_b0y,Ponzi Schemers,Shell Corp.,N/A,N/A,63.71,736,47,15.66,0.513,0.511,24,23,7,16652,10070,6582,48,32,45,142,0.338,316.13,191.17,124.95,0.91,0.61,0.85,2.70,354.30,214.26,140.04,1.02,0.68,0.96,3.02,137,124,2.60,2.35,2.91,2.64,362,6.87,7.70,0.34
Contender,RSC012892,Ur.Fav.Spirit,Ankle Biters,Pawverse,N/A,N/A,63.34,165,12,13.75,0.455,0.333,4,8,2,3759,2120,1639,9,7,11,32,0.281,318.32,179.52,138.79,0.76,0.59,0.93,2.71,313.25,176.67,136.58,0.75,0.58,0.92,2.67,27,34,2.29,2.88,2.25,2.83,,0.00,0.00,
Contender,RSC008245,j_durv,Jesters,The King's Court,N/A,N/A,62.98,865,60,14.42,0.520,0.567,34,26,14,20846,11700,9146,52,36,65,145,0.359,336.73,188.99,147.74,0.84,0.58,1.05,2.34,347.43,195.00,152.43,0.87,0.60,1.08,2.42,156,132,2.52,2.13,2.60,2.20,421,6.80,7.02,0.31
Contender,RSC001765,Trios,Surprise,The Elements,N/A,N/A,62.92,659,45,14.64,0.528,0.511,23,22,8,15443,9590,5853,44,31,51,109,0.404,327.43,203.33,124.10,0.93,0.66,1.08,2.31,343.18,213.11,130.07,0.98,0.69,1.13,2.42,120,97,2.54,2.06,2.67,2.16,321,6.81,7.13,0.30
Contender,RSC008332,QuaviusProd,Templars,World Warriors,N/A,N/A,62.69,623,43,14.49,0.547,0.651,28,15,5,14602,7960,6642,36,33,35,96,0.375,327.49,178.52,148.96,0.81,0.74,0.78,2.15,339.58,185.12,154.47,0.84,0.77,0.81,2.23,127,89,2.85,2.00,2.95,2.07,,0.00,0.00,
Contender,RSC000995,Xx_pink_man95_xX,"Zebras
Ankle Biters","Safari
Pawverse","N/A
N/A","N/A
N/A",61.97,491,38,12.92,0.460,0.368,14,24,7,12697,6570,6127,21,18,57,72,0.292,361.32,186.96,174.36,0.60,0.51,1.62,2.05,334.13,172.89,161.24,0.55,0.47,1.50,1.89,74,99,2.11,2.82,1.95,2.61,273,7.77,7.18,0.36
Contender,RSC007515,superstrikzz,"Principales
Ankle Biters","The Sovereign
Pawverse","N/A
N/A","N/A
N/A",61.04,655,49,13.37,0.470,0.429,21,28,5,16558,8340,8218,25,20,75,109,0.229,353.21,177.91,175.31,0.53,0.43,1.60,2.33,337.92,170.20,167.71,0.51,0.41,1.53,2.22,87,111,1.86,2.37,1.78,2.27,342,7.30,6.98,0.32
Contender,RSC012758,iiHeapCheap,Aeronauts,Remove Before Flight,N/A,N/A,59.92,595,45,13.22,0.541,0.667,30,15,4,13562,7620,5942,43,17,26,117,0.368,318.48,178.94,139.54,1.01,0.40,0.61,2.75,301.38,169.33,132.04,0.96,0.38,0.58,2.60,124,91,2.91,2.14,2.76,2.02,257,6.04,5.71,0.35
Contender,RSC004012,kgfan3,Warg,Mythspire,N/A,N/A,58.00,681,50,13.62,0.449,0.380,19,31,8,16170,8100,8070,34,24,48,110,0.309,331.77,166.19,165.58,0.70,0.49,0.98,2.26,323.40,162.00,161.40,0.68,0.48,0.96,2.20,97,144,1.99,2.95,1.94,2.88,360,7.39,7.20,0.40
Contender,RSC012074,seandfeeney,Principales,The Sovereign,N/A,N/A,57.97,589,44,13.39,0.457,0.386,17,27,9,13759,7550,6209,30,18,52,105,0.286,326.39,179.10,147.29,0.71,0.43,1.23,2.49,312.70,171.59,141.11,0.68,0.41,1.18,2.39,82,114,1.95,2.70,1.86,2.59,323,7.66,7.34,0.35
Contender,RSC008470,ReaperXD97,Zebras,Safari,N/A,N/A,57.61,759,50,15.18,0.490,0.460,23,27,11,17795,10020,7775,53,21,47,132,0.402,327.59,184.46,143.13,0.98,0.39,0.87,2.43,355.90,200.40,155.50,1.06,0.42,0.94,2.64,126,136,2.32,2.50,2.52,2.72,369,6.79,7.38,0.37
Contender,RSC007899,SeaSpay182009,Kappa,The Shrine,N/A,N/A,57.43,109,8,13.63,0.350,0.250,2,6,1,2699,1340,1359,6,2,9,19,0.316,345.98,171.77,174.21,0.77,0.26,1.15,2.44,337.38,167.50,169.88,0.75,0.25,1.13,2.38,11,23,1.41,2.95,1.38,2.88,,0.00,0.00,
Contender,RSC007918,TheBLKBoy,Wisps,The Monster Mash,N/A,N/A,57.16,553,39,14.18,0.436,0.256,10,29,4,12463,6890,5573,28,17,44,104,0.269,314.90,174.09,140.81,0.71,0.43,1.11,2.63,319.56,176.67,142.90,0.72,0.44,1.13,2.67,72,115,1.82,2.91,1.85,2.95,287,7.25,7.36,0.40
Contender,RSC008153,Tyson_WA,Ankle Biters,Pawverse,N/A,N/A,55.70,726,55,13.20,0.476,0.436,24,31,9,17911,10650,7261,51,14,74,115,0.443,344.71,204.97,139.74,0.98,0.27,1.42,2.21,325.65,193.64,132.02,0.93,0.25,1.35,2.09,115,139,2.21,2.68,2.09,2.53,389,7.49,7.07,0.36
Contender,RSC008441,Izumi._._.,"Ponzi Schemers
Jesters","Shell Corp.
The King's Court","N/A
N/A","N/A
N/A",55.67,847,58,14.60,0.513,0.500,29,29,14,20294,12090,8204,60,19,75,139,0.432,334.78,199.44,135.34,0.99,0.31,1.24,2.29,349.90,208.45,141.45,1.03,0.33,1.29,2.40,149,134,2.46,2.21,2.57,2.31,421,6.94,7.26,0.32
Contender,RSC006487,KorusRay,Helldivers,The Rising,N/A,N/A,55.65,684,45,15.20,0.531,0.556,25,20,5,15123,8890,6233,45,28,38,109,0.413,308.92,181.60,127.32,0.92,0.57,0.78,2.23,336.07,197.56,138.51,1.00,0.62,0.84,2.42,150,120,3.06,2.45,3.33,2.67,,0.00,0.00,
Contender,RSC007270,D0peyFsh,Jellyfish,Tyrants of the Sea,N/A,N/A,54.65,718,51,14.08,0.576,0.784,40,11,3,14887,8560,6327,37,39,36,111,0.333,289.70,166.58,123.12,0.72,0.76,0.70,2.16,291.90,167.84,124.06,0.73,0.76,0.71,2.18,164,90,3.19,1.75,3.22,1.76,285,5.55,5.59,0.32
Contender,RSC008591,Mr fih.,Ankle Biters,Pawverse,N/A,N/A,54.57,563,41,13.73,0.472,0.439,18,23,5,12046,6570,5476,21,31,42,82,0.256,298.95,163.05,135.90,0.52,0.77,1.04,2.04,293.80,160.24,133.56,0.51,0.76,1.02,2.00,89,109,2.21,2.71,2.17,2.66,307,7.62,7.49,0.36
Contender,RSC008227,batman,Jellyfish,Tyrants of the Sea,N/A,N/A,54.34,46,3,15.33,0.879,1.000,3,0,0,816,500,316,0,5,4,5,0.000,247.86,151.87,95.98,0.00,1.52,1.21,1.52,272.00,166.67,105.33,0.00,1.67,1.33,1.67,12,2,3.64,0.61,4.00,0.67,,0.00,0.00,
Contender,RSC005347,CAMSL4YZ82,"Jellyfish
Surprise","Tyrants of the Sea
The Elements","N/A
N/A","N/A
N/A",54.10,126,10,12.60,0.543,0.500,5,5,0,2883,1590,1293,6,7,10,14,0.429,319.70,176.32,143.38,0.67,0.78,1.11,1.55,288.30,159.00,129.30,0.60,0.70,1.00,1.40,27,22,2.99,2.44,2.70,2.20,,0.00,0.00,
Contender,RSC008327,tempo_rl_ttv,Kappa,The Shrine,N/A,N/A,53.74,687,51,13.47,0.443,0.353,18,33,10,16590,8450,8140,26,18,78,105,0.248,337.41,171.86,165.55,0.53,0.37,1.59,2.14,325.29,165.69,159.61,0.51,0.35,1.53,2.06,84,133,1.71,2.70,1.65,2.61,381,7.75,7.47,0.35
Contender,RSC012792,LostRedjordan,Wisps,The Monster Mash,N/A,N/A,52.19,516,37,13.95,0.477,0.405,15,22,6,11944,6540,5404,29,14,43,79,0.367,323.42,177.09,146.33,0.79,0.38,1.16,2.14,322.81,176.76,146.05,0.78,0.38,1.16,2.14,76,90,2.06,2.44,2.05,2.43,264,7.15,7.14,0.34
Contender,RSC012708,Lock7618,"Aeronauts
Ankle Biters","Remove Before Flight
Pawverse","N/A
N/A","N/A
N/A",51.65,113,9,12.56,0.500,0.444,4,5,1,2358,1140,1218,2,5,10,19,0.105,291.57,140.96,150.61,0.25,0.62,1.24,2.35,262.00,126.67,135.33,0.22,0.56,1.11,2.11,18,18,2.23,2.23,2.00,2.00,50,6.18,5.56,0.36
Contender,RSC008471,TrytonsShadow95,"Warg
Aeronauts","Mythspire
Remove Before Flight","N/A
N/A","N/A
N/A",50.22,741,51,14.53,0.490,0.471,24,27,6,15667,8520,7147,35,28,49,117,0.299,295.42,160.65,134.76,0.66,0.53,0.92,2.21,307.20,167.06,140.14,0.69,0.55,0.96,2.29,130,140,2.45,2.64,2.55,2.75,376,7.09,7.37,0.37
Contender,RSC003812,Jeoka,Wisps,The Monster Mash,N/A,N/A,50.11,310,20,15.50,0.529,0.550,11,9,5,6796,3440,3356,16,7,19,54,0.296,306.31,155.05,151.26,0.72,0.32,0.86,2.43,339.80,172.00,167.80,0.80,0.35,0.95,2.70,48,40,2.16,1.80,2.40,2.00,133,5.99,6.65,0.30
Contender,RSC006880,Kenjicat17,Principales,The Sovereign,N/A,N/A,49.36,498,38,13.11,0.449,0.395,15,23,4,11309,6240,5069,29,10,41,79,0.367,317.30,175.08,142.22,0.81,0.28,1.15,2.22,297.61,164.21,133.39,0.76,0.26,1.08,2.08,65,95,1.82,2.67,1.71,2.50,271,7.60,7.13,0.35
Contender,RSC006381,YERP_YERP02,Zebras,Safari,N/A,N/A,48.02,751,49,15.33,0.492,0.449,22,27,7,14989,8980,6009,43,28,41,123,0.350,278.87,167.07,111.80,0.80,0.52,0.76,2.29,305.90,183.27,122.63,0.88,0.57,0.84,2.51,119,127,2.21,2.36,2.43,2.59,,0.00,0.00,
Contender,RSC005335,R4p,"Gallery Guild
Wisps","Art Club
The Monster Mash","N/A
N/A","N/A
N/A",46.96,295,20,14.75,0.476,0.400,8,12,2,6540,3750,2790,14,9,30,40,0.350,309.76,177.62,132.15,0.66,0.43,1.42,1.89,327.00,187.50,139.50,0.70,0.45,1.50,2.00,45,52,2.13,2.46,2.25,2.60,165,7.82,8.25,0.32
Contender,RSC009605,Brattycrawdad,"Ankle Biters
Kappa","Pawverse
The Shrine","N/A
N/A","N/A
N/A",46.02,55,4,13.75,0.351,0.250,1,3,0,1115,700,415,4,1,3,10,0.400,283.26,177.83,105.43,1.02,0.25,0.76,2.54,278.75,175.00,103.75,1.00,0.25,0.75,2.50,8,14,2.03,3.56,2.00,3.50,,0.00,0.00,
Contender,RSC007161,Ander,Kappa,The Shrine,N/A,N/A,45.83,18,2,9.00,0.158,0.000,0,2,0,324,80,244,0,1,0,3,0.000,251.50,62.10,189.40,0.00,0.78,0.00,2.33,162.00,40.00,122.00,0.00,0.50,0.00,1.50,1,4,0.78,3.10,0.50,2.00,,0.00,0.00,
Contender,RSC007464,MoonKnight2,Zebras,Safari,N/A,N/A,45.71,823,55,14.96,0.481,0.436,24,31,5,17285,9270,8015,30,27,74,122,0.246,293.45,157.38,136.07,0.51,0.46,1.26,2.07,314.27,168.55,145.73,0.55,0.49,1.35,2.22,128,149,2.17,2.53,2.33,2.71,408,6.93,7.42,0.37
Contender,RSC008522,tysonmaint,Sirens,Mythical,N/A,N/A,44.37,333,24,13.88,0.456,0.375,9,15,4,7039,3890,3149,15,9,29,49,0.306,295.35,163.22,132.13,0.63,0.38,1.22,2.06,293.29,162.08,131.21,0.63,0.38,1.21,2.04,46,61,1.93,2.56,1.92,2.54,,0.00,0.00,
Contender,RSC009317,Gaymer_Jess207,"Kappa
Warg","The Shrine
Mythspire","N/A
N/A","N/A
N/A",43.76,349,28,12.46,0.408,0.393,11,17,5,6773,3460,3313,12,17,19,46,0.261,271.16,138.52,132.64,0.48,0.68,0.76,1.84,241.89,123.57,118.32,0.43,0.61,0.68,1.64,46,84,1.84,3.36,1.64,3.00,,0.00,0.00,
Contender,RSC007513,Russ,Kappa,The Shrine,N/A,N/A,43.22,490,36,13.61,0.465,0.500,18,18,6,10156,5500,4656,24,14,34,70,0.343,289.60,156.83,132.77,0.68,0.40,0.97,2.00,282.11,152.78,129.33,0.67,0.39,0.94,1.94,70,90,2.00,2.57,1.94,2.50,,0.00,0.00,
Contender,RSC012819,Monteca,"Jesters
Ponzi Schemers","The King's Court
Shell Corp.","N/A
N/A","N/A
N/A",43.17,646,44,14.68,0.506,0.545,24,20,9,13344,7810,5534,34,19,51,91,0.374,288.62,168.92,119.70,0.74,0.41,1.10,1.97,303.27,177.50,125.77,0.77,0.43,1.16,2.07,117,112,2.53,2.42,2.66,2.55,,0.00,0.00,
Contender,RSC008640,Giltch3dd,"Ankle Biters
Surprise","Pawverse
The Elements","N/A
N/A","N/A
N/A",42.62,680,46,14.78,0.528,0.543,25,21,4,14308,8030,6278,32,21,58,88,0.364,294.00,165.00,129.00,0.66,0.43,1.19,1.81,311.04,174.57,136.48,0.70,0.46,1.26,1.91,127,102,2.61,2.10,2.76,2.22,342,7.03,7.43,0.30
Contender,RSC007271,xNerdyGamer,"Surprise
Wisps
Warg
Kappa","The Elements
The Monster Mash
Mythspire
The Shrine","N/A
N/A
N/A
N/A","N/A
N/A
N/A
N/A",42.37,565,42,13.45,0.426,0.262,11,31,3,11698,5500,6198,17,17,43,80,0.213,289.29,136.01,153.28,0.42,0.42,1.06,1.98,278.52,130.95,147.57,0.40,0.40,1.02,1.90,64,113,1.58,2.79,1.52,2.69,320,7.91,7.62,0.35
Contender,RSC005550,Shraggaholic,Surprise,The Elements,N/A,N/A,42.19,421,31,13.58,0.482,0.387,12,19,2,8875,4820,4055,19,9,37,62,0.306,294.55,159.97,134.58,0.63,0.30,1.23,2.06,286.29,155.48,130.81,0.61,0.29,1.19,2.00,60,68,1.99,2.26,1.94,2.19,,0.00,0.00,
Contender,RSC008501,Netoven1,Sirens,Mythical,N/A,N/A,41.95,543,38,14.29,0.472,0.474,18,20,5,11857,5850,6007,15,14,59,70,0.214,305.10,150.53,154.57,0.39,0.36,1.52,1.80,312.03,153.95,158.08,0.39,0.37,1.55,1.84,67,83,1.72,2.14,1.76,2.18,,0.00,0.00,
Contender,RSC005759,XerNaut,Gallery Guild,Art Club,N/A,N/A,41.56,756,51,14.82,0.485,0.451,23,28,5,14481,7970,6511,33,20,48,127,0.260,267.64,147.30,120.34,0.61,0.37,0.89,2.35,283.94,156.27,127.67,0.65,0.39,0.94,2.49,112,126,2.07,2.33,2.20,2.47,419,7.74,8.22,0.30
Contender,RSC012785,WheelchairStrong,Ponzi Schemers,Shell Corp.,N/A,N/A,41.32,550,35,15.71,0.526,0.629,22,13,2,10897,6380,4517,33,14,31,83,0.398,276.83,162.08,114.75,0.84,0.36,0.79,2.11,311.34,182.29,129.06,0.94,0.40,0.89,2.37,107,89,2.72,2.26,3.06,2.54,248,6.30,7.09,0.36
Contender,RSC000963,Sup3rm4n,Aeronauts,Remove Before Flight,N/A,N/A,39.46,475,34,13.97,0.490,0.500,17,17,5,8747,4530,4217,20,16,20,73,0.274,257.30,133.25,124.05,0.59,0.47,0.59,2.15,257.26,133.24,124.03,0.59,0.47,0.59,2.15,80,86,2.35,2.53,2.35,2.53,222,6.53,6.53,0.39
Contender,RSC007468,im_link42,Templars,World Warriors,N/A,N/A,39.26,376,26,14.46,0.544,0.692,18,8,5,7324,4140,3184,17,13,26,49,0.347,272.16,153.84,118.32,0.63,0.48,0.97,1.82,281.69,159.23,122.46,0.65,0.50,1.00,1.88,67,50,2.49,1.86,2.58,1.92,187,6.95,7.19,0.27
Contender,RSC008176,xLunarWolfx108,"Sirens
Wisps","Mythical
The Monster Mash","N/A
N/A","N/A
N/A",36.95,355,24,14.79,0.403,0.167,4,20,1,7359,3840,3519,16,5,30,49,0.327,289.64,151.14,138.50,0.63,0.20,1.18,1.93,306.63,160.00,146.63,0.67,0.21,1.25,2.04,41,77,1.61,3.03,1.71,3.21,,0.00,0.00,
Contender,RSC004190,Demonikgoat4061,"Warg
Principales","Mythspire
The Sovereign","N/A
N/A","N/A
N/A",36.56,82,7,11.71,0.354,0.143,1,6,0,1695,800,895,2,2,8,10,0.200,288.82,136.32,152.50,0.34,0.34,1.36,1.70,242.14,114.29,127.86,0.29,0.29,1.14,1.43,11,21,1.87,3.58,1.57,3.00,,0.00,0.00,
Contender,RSC005870,Evil twin,Kappa,The Shrine,N/A,N/A,36.48,590,44,13.41,0.448,0.364,16,28,2,11554,5960,5594,21,19,44,71,0.296,273.62,141.14,132.48,0.50,0.45,1.04,1.68,262.59,135.45,127.14,0.48,0.43,1.00,1.61,71,107,1.68,2.53,1.61,2.43,331,7.84,7.52,0.32
Contender,RSC007874,Salty Num Num,Gallery Guild,Art Club,N/A,N/A,35.38,842,56,15.04,0.492,0.464,26,30,5,16825,9580,7245,36,20,79,103,0.350,279.20,158.97,120.23,0.60,0.33,1.31,1.71,300.45,171.07,129.38,0.64,0.36,1.41,1.84,132,141,2.19,2.34,2.36,2.52,468,7.77,8.36,0.30
Contender,RSC005974,Angry-Hermit,"Aeronauts
Wisps
Principales","Remove Before Flight
The Monster Mash
The Sovereign","N/A
N/A
N/A","N/A
N/A
N/A",34.59,577,43,13.42,0.492,0.558,24,19,4,11765,6460,5305,28,12,48,66,0.424,284.90,156.43,128.46,0.68,0.29,1.16,1.60,273.60,150.23,123.37,0.65,0.28,1.12,1.53,105,111,2.54,2.69,2.44,2.58,,0.00,0.00,
Contender,RSC003153,Theman,Sirens,Mythical,N/A,N/A,33.18,689,50,13.78,0.458,0.400,20,30,4,13075,6540,6535,22,17,52,89,0.247,265.15,132.63,132.52,0.45,0.34,1.05,1.80,261.50,130.80,130.70,0.44,0.34,1.04,1.78,84,119,1.70,2.41,1.68,2.38,381,7.73,7.62,0.31
Contender,RSC006256,Heimfari,Warg,Mythspire,N/A,N/A,32.56,678,48,14.13,0.434,0.313,15,33,4,11862,6690,5172,28,20,39,94,0.298,244.46,137.87,106.59,0.58,0.41,0.80,1.94,247.13,139.38,107.75,0.58,0.42,0.81,1.96,94,156,1.94,3.21,1.96,3.25,,0.00,0.00,
Contender,RSC008419,iSilently,Warg,Mythspire,N/A,N/A,30.60,333,26,12.81,0.407,0.269,7,19,1,6583,3460,3123,14,4,29,41,0.341,276.22,145.18,131.04,0.59,0.17,1.22,1.72,253.19,133.08,120.12,0.54,0.15,1.12,1.58,40,74,1.68,3.10,1.54,2.85,188,7.89,7.23,0.39
Contender,RSC008178,BigWigglyStylezz,"Sirens
Ponzi Schemers
Warg
Templars
Aeronauts
Jesters","Mythical
Shell Corp.
Mythspire
World Warriors
Remove Before Flight
The King's Court","N/A
N/A
N/A
N/A
N/A
N/A","N/A
N/A
N/A
N/A
N/A
N/A",30.05,135,10,13.50,0.461,0.300,3,7,0,2240,1130,1110,2,5,10,18,0.111,231.84,116.95,114.88,0.21,0.52,1.03,1.86,224.00,113.00,111.00,0.20,0.50,1.00,1.80,18,22,1.86,2.28,1.80,2.20,67,6.93,6.70,0.33
Contender,RSC006797,The-Manimal,Helldivers,The Rising,N/A,N/A,28.61,179,12,14.92,0.475,0.500,6,6,0,3100,1930,1170,6,7,16,18,0.333,241.98,150.65,91.33,0.47,0.55,1.25,1.41,258.33,160.83,97.50,0.50,0.58,1.33,1.50,29,33,2.26,2.58,2.42,2.75,97,7.57,8.08,0.34
Contender,RSC007538,FattyMcChef04,Wisps,The Monster Mash,N/A,N/A,27.37,526,35,15.03,0.439,0.343,12,23,2,8890,4780,4110,15,14,38,68,0.221,236.15,126.97,109.18,0.40,0.37,1.01,1.81,254.00,136.57,117.43,0.43,0.40,1.09,1.94,72,111,1.91,2.95,2.06,3.17,,0.00,0.00,
Contender,RSC000989,Piky Life88,Ankle Biters,Pawverse,N/A,N/A,24.31,261,20,13.05,0.436,0.400,8,12,2,4565,2330,2235,8,6,19,28,0.286,244.38,124.73,119.65,0.43,0.32,1.02,1.50,228.25,116.50,111.75,0.40,0.30,0.95,1.40,36,53,1.93,2.84,1.80,2.65,,0.00,0.00,
Contender,RSC012806,Nykx13,Gallery Guild,Art Club,N/A,N/A,19.70,212,13,16.31,0.366,0.231,3,10,1,3400,1860,1540,8,3,13,26,0.308,224.09,122.59,101.50,0.53,0.20,0.86,1.71,261.54,143.08,118.46,0.62,0.23,1.00,2.00,23,48,1.52,3.16,1.77,3.69,,0.00,0.00,
Contender,RSC007462,Lil DizNick,Gallery Guild,Art Club,N/A,N/A,17.86,47,3,15.67,0.406,0.333,1,2,0,667,310,357,2,1,0,6,0.333,198.29,92.16,106.13,0.59,0.30,0.00,1.78,222.33,103.33,119.00,0.67,0.33,0.00,2.00,8,11,2.38,3.27,2.67,3.67,,0.00,0.00,
Contender,RSC006422,HuggingThor,Ankle Biters,Pawverse,N/A,N/A,15.61,103,6,17.17,0.398,0.167,1,5,0,1543,680,863,0,4,8,8,0.000,209.31,92.24,117.07,0.00,0.54,1.09,1.09,257.17,113.33,143.83,0.00,0.67,1.33,1.33,12,19,1.63,2.58,2.00,3.17,62,8.41,10.33,0.31
Contender,RSC007220,maxf,Principales,The Sovereign,N/A,N/A,15.18,459,31,14.81,0.391,0.194,6,25,1,6546,3330,3216,12,10,22,53,0.226,199.27,101.37,97.90,0.37,0.30,0.67,1.61,211.16,107.42,103.74,0.39,0.32,0.71,1.71,45,98,1.37,2.98,1.45,3.16,267,8.13,8.61,0.37
Contender,RSC008130,BeardedFrodo1,Jesters,The King's Court,N/A,N/A,6.50,156,11,14.18,0.449,0.455,5,6,1,2154,1100,1054,2,2,13,15,0.133,192.93,98.52,94.40,0.18,0.18,1.16,1.34,195.82,100.00,95.82,0.18,0.18,1.18,1.36,19,25,1.70,2.24,1.73,2.27,87,7.79,7.91,0.29
Contender,RSC001262,droogin01,Surprise,The Elements,N/A,N/A,-9.14,6,1,6.00,0.000,0.000,0,1,0,94,0,94,0,0,0,0,0.000,218.90,0.00,218.90,0.00,0.00,0.00,0.00,94.00,0.00,94.00,0.00,0.00,0.00,0.00,0,3,0.00,6.99,0.00,3.00,,0.00,0.00,
Contender,RSC004462,Bbcomedian,Jellyfish,Tyrants of the Sea,N/A,N/A,-10.47,10,1,10.00,0.260,0.000,0,1,0,98,60,38,0,0,1,1,0.000,136.93,83.83,53.10,0.00,0.00,1.40,1.40,98.00,60.00,38.00,0.00,0.00,1.00,1.00,1,2,1.40,2.79,1.00,2.00,,0.00,0.00,
Contender,RSC006022,N0MrThomasMn,"Wisps
Sirens","The Monster Mash
Mythical","N/A
N/A","N/A
N/A",-17.50,92,8,11.50,0.289,0.125,1,7,0,1007,280,727,1,0,3,3,0.333,152.94,42.52,110.41,0.15,0.00,0.46,0.46,125.88,35.00,90.88,0.13,0.00,0.38,0.38,9,25,1.37,3.80,1.13,3.13,,0.00,0.00,
Amateur,RSC012892,Ur.Fav.Spirit,"Bombers
Chimera","Remove Before Flight
Mythspire","N/A
N/A","N/A
N/A",107.02,221,19,11.63,0.574,0.632,12,7,3,7357,4150,3207,22,12,16,55,0.400,435.84,245.85,189.99,1.30,0.71,0.95,3.26,387.21,218.42,168.79,1.16,0.63,0.84,2.89,51,33,3.02,1.95,2.68,1.74,,0.00,0.00,
Amateur,RSC012755,Jdawg118159,Garlic Knots,Fifty-Fifty Pizzeria,N/A,N/A,88.40,772,55,14.04,0.552,0.673,37,18,19,22757,13250,9507,65,38,64,165,0.394,385.94,224.71,161.23,1.10,0.64,1.09,2.80,413.76,240.91,172.85,1.18,0.69,1.16,3.00,165,108,2.80,1.83,3.00,1.96,,0.00,0.00,
Amateur,RSC008136,GeneralLeigh91,"Nekomata
Chimera","The Shrine
Mythspire","N/A
N/A","N/A
N/A",83.52,723,56,12.91,0.512,0.482,27,29,22,22318,12900,9418,72,22,57,175,0.411,404.15,233.60,170.55,1.30,0.40,1.03,3.17,398.54,230.36,168.18,1.29,0.39,1.02,3.13,139,126,2.52,2.28,2.48,2.25,,0.00,0.00,
Amateur,RSC008083,Rocketgirl_32,Legionarii,The Sovereign,N/A,N/A,81.26,744,56,13.29,0.521,0.571,32,24,16,21843,13830,8013,72,30,72,153,0.471,384.38,243.37,141.01,1.27,0.53,1.27,2.69,390.05,246.96,143.09,1.29,0.54,1.29,2.73,153,129,2.69,2.27,2.73,2.30,,0.00,0.00,
Amateur,RSC008614,nate_dog157,Electric Eels,Tyrants of the Sea,N/A,N/A,80.57,385,31,12.42,0.582,0.710,22,9,9,11032,6410,4622,38,15,18,96,0.396,375.16,217.98,157.18,1.29,0.51,0.61,3.26,355.87,206.77,149.10,1.23,0.48,0.58,3.10,90,51,3.06,1.73,2.90,1.65,,0.00,0.00,
Amateur,RSC008012,mushxie,HR Violation,Shell Corp.,N/A,N/A,79.71,742,55,13.49,0.514,0.545,30,25,16,22055,13200,8855,72,25,62,165,0.436,389.16,232.91,156.24,1.27,0.44,1.09,2.91,401.00,240.00,161.00,1.31,0.45,1.13,3.00,150,134,2.65,2.36,2.73,2.44,,0.00,0.00,
Amateur,RSC012722,Savant Cyclops,Electric Eels,Tyrants of the Sea,N/A,N/A,71.41,615,51,12.06,0.556,0.686,35,16,14,15308,8570,6738,45,34,25,112,0.402,325.88,182.44,143.44,0.96,0.72,0.53,2.38,300.16,168.04,132.12,0.88,0.67,0.49,2.20,141,91,3.00,1.94,2.76,1.78,,0.00,0.00,
Amateur,RSC008003,Bronzetpole,Dik-diks,Safari,N/A,N/A,68.76,339,26,13.04,0.482,0.462,12,14,4,8397,4710,3687,23,17,19,61,0.377,324.30,181.90,142.39,0.89,0.66,0.73,2.36,322.96,181.15,141.81,0.88,0.65,0.73,2.35,56,63,2.16,2.43,2.15,2.42,,0.00,0.00,
Amateur,RSC008193,RL Camaro,Legionarii,The Sovereign,N/A,N/A,66.24,744,56,13.29,0.521,0.571,32,24,12,18754,10140,8614,49,29,46,149,0.329,330.02,178.44,151.58,0.86,0.51,0.81,2.62,334.89,181.07,153.82,0.88,0.52,0.82,2.66,153,129,2.69,2.27,2.73,2.30,,0.00,0.00,
Amateur,RSC012561,Regal_king1,Dik-diks,Safari,N/A,N/A,65.84,638,50,12.76,0.501,0.520,26,24,13,17131,9670,7461,50,21,49,117,0.427,351.55,198.44,153.11,1.03,0.43,1.01,2.40,342.62,193.40,149.22,1.00,0.42,0.98,2.34,116,115,2.38,2.36,2.32,2.30,,0.00,0.00,
Amateur,RSC012725,Lunar2nd,"Electric Eels
Nekomata","Tyrants of the Sea
The Shrine","N/A
N/A","N/A
N/A",61.37,237,19,12.47,0.427,0.316,6,13,1,5269,2870,2399,12,12,13,42,0.286,291.07,158.55,132.53,0.66,0.66,0.72,2.32,277.32,151.05,126.26,0.63,0.63,0.68,2.21,35,54,1.93,2.98,1.84,2.84,,0.00,0.00,
Amateur,RSC013293,patchimusprime1_,Electric Eels,Tyrants of the Sea,N/A,N/A,60.92,78,8,9.75,0.468,0.500,4,4,1,1702,670,1032,1,4,5,12,0.083,285.68,112.46,173.22,0.17,0.67,0.84,2.01,212.75,83.75,129.00,0.13,0.50,0.63,1.50,12,14,2.01,2.35,1.50,1.75,,0.00,0.00,
Amateur,RSC013085,Jayboaah,Garlic Knots,Fifty-Fifty Pizzeria,N/A,N/A,59.45,728,52,14.00,0.547,0.635,33,19,7,16707,10370,6337,53,32,42,137,0.387,300.46,186.50,113.97,0.95,0.58,0.76,2.46,321.29,199.42,121.87,1.02,0.62,0.81,2.63,148,101,2.66,1.82,2.85,1.94,,0.00,0.00,
Amateur,RSC012719,Ryzor,Garlic Knots,Fifty-Fifty Pizzeria,N/A,N/A,55.31,644,48,13.42,0.567,0.688,33,15,11,14988,8530,6458,37,22,52,113,0.327,304.70,173.41,131.29,0.75,0.45,1.06,2.30,312.25,177.71,134.54,0.77,0.46,1.08,2.35,140,82,2.85,1.67,2.92,1.71,,0.00,0.00,
Amateur,RSC006375,Rich-Rollin6060,Dik-diks,Safari,N/A,N/A,54.45,636,49,12.98,0.484,0.449,22,27,3,13593,6780,6813,25,29,36,103,0.243,279.82,139.57,140.25,0.51,0.60,0.74,2.12,277.41,138.37,139.04,0.51,0.59,0.73,2.10,107,121,2.20,2.49,2.18,2.47,,0.00,0.00,
Amateur,RSC002713,TimmyIU20,Electric Eels,Tyrants of the Sea,N/A,N/A,54.43,599,51,11.75,0.551,0.667,34,17,10,14097,7890,6207,35,22,48,89,0.393,308.12,172.45,135.67,0.77,0.48,1.05,1.95,276.41,154.71,121.71,0.69,0.43,0.94,1.75,132,88,2.89,1.92,2.59,1.73,,0.00,0.00,
Amateur,RSC007581,Wrecklessjay02,Bombers,Remove Before Flight,N/A,N/A,54.42,637,47,13.55,0.453,0.383,18,29,13,15861,8750,7111,45,17,46,110,0.409,326.00,179.84,146.15,0.92,0.35,0.95,2.26,337.47,186.17,151.30,0.96,0.36,0.98,2.34,102,146,2.10,3.00,2.17,3.11,,0.00,0.00,
Amateur,RSC007161,Ander,"Chimera
Nekomata","Mythspire
The Shrine","N/A
N/A","N/A
N/A",53.20,592,45,13.16,0.419,0.244,11,34,6,13407,6710,6697,22,21,51,91,0.242,296.50,148.40,148.11,0.49,0.46,1.13,2.01,297.93,149.11,148.82,0.49,0.47,1.13,2.02,72,135,1.59,2.99,1.60,3.00,,0.00,0.00,
Amateur,RSC007852,Medicmac121,Bombers,Remove Before Flight,N/A,N/A,45.57,606,45,13.47,0.452,0.378,17,28,3,12705,6840,5865,31,23,34,89,0.348,274.49,147.78,126.71,0.67,0.50,0.73,1.92,282.33,152.00,130.33,0.69,0.51,0.76,1.98,99,142,2.14,3.07,2.20,3.16,,0.00,0.00,
Amateur,RSC012351,ShadowLightnin9,Chimera,Mythspire,N/A,N/A,43.96,371,27,13.74,0.528,0.481,13,14,3,7919,4840,3079,25,13,23,54,0.463,279.46,170.80,108.66,0.88,0.46,0.81,1.91,293.30,179.26,114.04,0.93,0.48,0.85,2.00,79,66,2.79,2.33,2.93,2.44,,0.00,0.00,
Amateur,RSC008641,BowlerBigT,Dik-diks,Safari,N/A,N/A,43.24,468,37,12.65,0.480,0.459,17,20,5,9817,5250,4567,19,16,39,60,0.317,274.63,146.87,127.76,0.53,0.45,1.09,1.68,265.32,141.89,123.43,0.51,0.43,1.05,1.62,76,88,2.13,2.46,2.05,2.38,,0.00,0.00,
Amateur,RSC008609,Studog43,HR Violation,Shell Corp.,N/A,N/A,42.47,702,52,13.50,0.522,0.577,30,22,8,14591,8140,6451,36,24,47,99,0.364,272.12,151.81,120.31,0.67,0.45,0.88,1.85,280.60,156.54,124.06,0.69,0.46,0.90,1.90,145,122,2.70,2.28,2.79,2.35,,0.00,0.00,
Amateur,RSC010339,TwiztedDad2240,Garlic Knots,Fifty-Fifty Pizzeria,N/A,N/A,40.17,205,13,15.77,0.529,0.615,8,5,0,4009,2410,1599,10,9,15,21,0.476,256.04,153.92,102.12,0.64,0.57,0.96,1.34,308.38,185.38,123.00,0.77,0.69,1.15,1.62,42,36,2.68,2.30,3.23,2.77,,0.00,0.00,
Amateur,RSC007921,sXCyBeast,HR Violation,Shell Corp.,N/A,N/A,39.78,686,51,13.45,0.527,0.588,30,21,6,13884,7510,6374,37,23,33,101,0.366,264.98,143.33,121.65,0.71,0.44,0.63,1.93,272.24,147.25,124.98,0.73,0.45,0.65,1.98,144,117,2.75,2.23,2.82,2.29,,0.00,0.00,
Amateur,RSC006137,FULLBL00DN8V,"Bombers
Nekomata","Remove Before Flight
The Shrine","N/A
N/A","N/A
N/A",39.70,459,37,12.41,0.444,0.351,13,24,1,9546,5280,4266,24,13,31,68,0.353,272.29,150.61,121.68,0.68,0.37,0.88,1.94,258.00,142.70,115.30,0.65,0.35,0.84,1.84,74,110,2.11,3.14,2.00,2.97,,0.00,0.00,
Amateur,RSC005707,BlueCrimsonJR,Electric Eels,Tyrants of the Sea,N/A,N/A,38.96,54,4,13.50,0.526,0.500,2,2,0,1224,640,584,4,1,2,9,0.444,296.76,155.17,141.59,0.97,0.24,0.48,2.18,306.00,160.00,146.00,1.00,0.25,0.50,2.25,11,10,2.67,2.42,2.75,2.50,,0.00,0.00,
Amateur,RSC007216,ASAPxLEG,"Nekomata
Electric Eels","The Shrine
Tyrants of the Sea","N/A
N/A","N/A
N/A",35.69,346,27,12.81,0.471,0.370,10,17,1,7289,3360,3929,12,8,27,41,0.293,275.81,127.14,148.67,0.45,0.30,1.02,1.55,269.96,124.44,145.52,0.44,0.30,1.00,1.52,57,69,2.16,2.61,2.11,2.56,,0.00,0.00,
Amateur,RSC008569,BlackHoleX,Bombers,Remove Before Flight,N/A,N/A,35.27,449,34,13.21,0.439,0.353,12,22,2,8392,4420,3972,14,18,34,42,0.333,244.70,128.88,115.82,0.41,0.52,0.99,1.22,246.82,130.00,116.82,0.41,0.53,1.00,1.24,73,111,2.13,3.24,2.15,3.26,,0.00,0.00,
Amateur,RSC012720,ienvy murph,"Dik-diks
Nekomata","Safari
The Shrine","N/A
N/A","N/A
N/A",30.32,379,27,14.04,0.360,0.148,4,23,3,8203,4160,4043,14,5,43,36,0.389,283.37,143.71,139.66,0.48,0.17,1.49,1.24,303.81,154.07,149.74,0.52,0.19,1.59,1.33,37,96,1.28,3.32,1.37,3.56,,0.00,0.00,
Amateur,RSC000323,Styk75,Legionarii,The Sovereign,N/A,N/A,29.89,552,42,13.14,0.517,0.571,24,18,4,9915,5050,4865,19,17,32,70,0.271,235.17,119.78,115.39,0.45,0.40,0.76,1.66,236.07,120.24,115.83,0.45,0.40,0.76,1.67,106,93,2.51,2.21,2.52,2.21,,0.00,0.00,
Amateur,RSC008213,SeargD,Chimera,Mythspire,N/A,N/A,28.49,532,44,12.09,0.480,0.455,20,24,0,10049,5180,4869,14,13,52,53,0.264,247.30,127.48,119.83,0.34,0.32,1.28,1.30,228.39,117.73,110.66,0.32,0.30,1.18,1.20,84,98,2.07,2.41,1.91,2.23,,0.00,0.00,
Amateur,RSC012535,OnContract,"Chimera
Electric Eels","Mythspire
Tyrants of the Sea","N/A
N/A","N/A
N/A",27.72,473,34,13.91,0.458,0.353,12,22,4,9399,4800,4599,15,9,48,45,0.333,260.16,132.86,127.30,0.42,0.25,1.33,1.25,276.44,141.18,135.26,0.44,0.26,1.41,1.32,69,93,1.91,2.57,2.03,2.74,,0.00,0.00,
Amateur,RSC012179,BeanBornito,Legionarii,The Sovereign,N/A,N/A,27.40,192,14,13.71,0.551,0.571,8,6,0,3009,1750,1259,8,9,6,20,0.400,205.18,119.33,85.85,0.55,0.61,0.41,1.36,214.93,125.00,89.93,0.57,0.64,0.43,1.43,47,36,3.20,2.45,3.36,2.57,,0.00,0.00,
Amateur,RSC008402,TTV/DucksNotKeys,"Electric Eels
Bombers","Tyrants of the Sea
Remove Before Flight","N/A
N/A","N/A
N/A",22.51,222,17,13.06,0.446,0.412,7,10,1,4137,2100,2037,9,3,15,30,0.300,243.98,123.85,120.13,0.53,0.18,0.88,1.77,243.35,123.53,119.82,0.53,0.18,0.88,1.76,36,49,2.12,2.89,2.12,2.88,,0.00,0.00,
Amateur,RSC007678,SavedHawk,Nekomata,The Shrine,N/A,N/A,13.18,447,34,13.15,0.407,0.294,10,24,1,7303,3250,4053,13,8,22,45,0.289,213.90,95.19,118.71,0.38,0.23,0.64,1.32,214.79,95.59,119.21,0.38,0.24,0.65,1.32,55,107,1.61,3.13,1.62,3.15,,0.00,0.00,
Amateur,RSC012871,FUU.EGO,HR Violation,Shell Corp.,N/A,N/A,10.61,26,2,13.00,0.242,0.000,0,2,0,476,320,156,1,0,4,2,0.500,239.69,161.14,78.55,0.50,0.00,2.01,1.01,238.00,160.00,78.00,0.50,0.00,2.00,1.00,4,9,2.01,4.53,2.00,4.50,,0.00,0.00,
Amateur,RSC008151,Extrakrispybecky,"Nekomata
HR Violation","The Shrine
Shell Corp.","N/A
N/A","N/A
N/A",8.77,235,17,13.82,0.389,0.176,3,14,0,3256,1760,1496,6,7,13,16,0.375,181.40,98.05,83.35,0.33,0.39,0.72,0.89,191.53,103.53,88.00,0.35,0.41,0.76,0.94,31,59,1.73,3.29,1.82,3.47,,0.00,0.00,