Tier,RSC ID,Player Name,Team(s),Franchise(s),Conf.,Div,SBV,TS,GP,TS/GP,PWE,W%,W,L,MVPs,P,SP,NP,G,A,Sv,Sh,Sh%,P/A,SP/A,NP/A,G/A,A/A,Sv/A,S/A,PPG,SPPG,NPPG,GPG,APG,SvPG,ShPG,tm_G,opp_G,tm_G/A,opp_G/A,tm_G/G,opp_G/G,opp_S,opp_S/A,opp_S/G,opp_S%
Premier,RSC001605,Reeves,Long Beards,Dwarf Haven,Lunar,N/A,87.76,183,12,15.25,0.613,0.833,10,2,5,5588,3390,2198,19,11,10,44,0.432,473.76,287.41,186.35,1.61,0.93,0.85,3.73,465.67,282.50,183.17,1.58,0.92,0.83,3.67,44,25,3.73,2.12,3.67,2.08,68,5.77,5.67,0.37
Premier,RSC008343,surreal,Capybaras,The Jungle,Solar,N/A,86.85,124,8,15.50,0.444,0.500,4,4,4,3947,2000,1947,8,6,12,30,0.267,493.86,250.24,243.61,1.00,0.75,1.50,3.75,493.38,250.00,243.38,1.00,0.75,1.50,3.75,17,22,2.13,2.75,2.13,2.75,67,8.38,8.38,0.33
Premier,RSC014019,insxner,Jokers,The Casino,Lunar,N/A,82.09,174,12,14.50,0.507,0.583,7,5,4,5416,3040,2376,14,10,16,34,0.412,482.93,271.07,211.86,1.25,0.89,1.43,3.03,451.33,253.33,198.00,1.17,0.83,1.33,2.83,31,30,2.76,2.68,2.58,2.50,86,7.67,7.17,0.35
Premier,RSC000381,Noriko,Valkyries,Mach Velocity,Lunar,N/A,73.16,26,2,13.00,0.500,0.500,1,1,1,726,340,386,0,2,4,4,0.000,433.23,202.89,230.34,0.00,1.19,2.39,2.39,363.00,170.00,193.00,0.00,1.00,2.00,2.00,4,4,2.39,2.39,2.00,2.00,11,6.56,5.50,0.36
Premier,RSC014130,Whitlock7,Super Clusters,The Cosmos,Solar,N/A,71.92,226,12,18.83,0.525,0.583,7,5,5,6113,3630,2483,14,10,24,53,0.264,419.66,249.20,170.46,0.96,0.69,1.65,3.64,509.42,302.50,206.92,1.17,0.83,2.00,4.42,32,28,2.20,1.92,2.67,2.33,98,6.73,8.17,0.29
Premier,RSC003780,FusionBleach,Long Beards,Dwarf Haven,Lunar,N/A,68.54,183,12,15.25,0.613,0.833,10,2,3,4657,3000,1657,16,9,11,40,0.400,394.83,254.35,140.48,1.36,0.76,0.93,3.39,388.08,250.00,138.08,1.33,0.75,0.92,3.33,44,25,3.73,2.12,3.67,2.08,68,5.77,5.67,0.37
Premier,RSC012969,hydrosin.,Long Beards,Dwarf Haven,Lunar,N/A,66.78,126,8,15.75,0.666,1.000,8,0,2,3054,1920,1134,9,7,8,27,0.333,376.06,236.42,139.64,1.11,0.86,0.99,3.32,381.75,240.00,141.75,1.13,0.88,1.00,3.38,32,15,3.94,1.85,4.00,1.88,41,5.05,5.13,0.37
Premier,RSC000181,Eclipse,Gummy Bears,The Bear Den,Solar,N/A,66.37,171,12,14.25,0.543,0.667,8,4,5,4592,2860,1732,15,6,14,36,0.417,416.64,259.49,157.15,1.36,0.54,1.27,3.27,382.67,238.33,144.33,1.25,0.50,1.17,3.00,30,24,2.72,2.18,2.50,2.00,81,7.35,6.75,0.30
Premier,RSC003334,vidhawk rl,Lords,The King's Court,Lunar,N/A,66.23,190,12,15.83,0.547,0.667,8,4,5,5534,3360,2174,17,5,21,36,0.472,451.90,274.37,177.53,1.39,0.41,1.71,2.94,461.17,280.00,181.17,1.42,0.42,1.75,3.00,32,25,2.61,2.04,2.67,2.08,96,7.84,8.00,0.26
Premier,RSC003749,Rule,Jokers,The Casino,Lunar,N/A,64.75,140,10,14.00,0.517,0.600,6,4,1,3798,2150,1648,8,6,16,25,0.320,420.90,238.27,182.64,0.89,0.66,1.77,2.77,379.80,215.00,164.80,0.80,0.60,1.60,2.50,25,23,2.77,2.55,2.50,2.30,72,7.98,7.20,0.32
Premier,RSC002167,tokyo.,Gummy Bears,The Bear Den,Solar,N/A,64.73,113,8,14.13,0.601,0.750,6,2,2,2916,1620,1296,7,5,9,22,0.318,400.37,222.43,177.94,0.96,0.69,1.24,3.02,364.50,202.50,162.00,0.88,0.63,1.13,2.75,21,13,2.88,1.78,2.63,1.63,52,7.14,6.50,0.25
Premier,RSC014111,DerpyAF,Valkyries,Mach Velocity,Lunar,N/A,62.15,212,12,17.67,0.500,0.500,6,6,3,5416,3210,2206,17,6,15,46,0.370,396.37,234.92,161.45,1.24,0.44,1.10,3.37,451.33,267.50,183.83,1.42,0.50,1.25,3.83,33,33,2.42,2.42,2.75,2.75,109,7.98,9.08,0.30
Premier,RSC000259,Oni.,Leviathans,Mythical,Solar,N/A,60.74,179,12,14.92,0.475,0.333,4,8,3,4749,2620,2129,11,4,19,37,0.297,411.63,227.09,184.53,0.95,0.35,1.65,3.21,395.75,218.33,177.42,0.92,0.33,1.58,3.08,20,23,1.73,1.99,1.67,1.92,88,7.63,7.33,0.26
Premier,RSC000672,JK,Leviathans,Mythical,Solar,N/A,56.04,179,12,14.92,0.475,0.333,4,8,1,4035,2100,1935,4,10,18,30,0.133,349.74,182.02,167.72,0.35,0.87,1.56,2.60,336.25,175.00,161.25,0.33,0.83,1.50,2.50,20,23,1.73,1.99,1.67,1.92,88,7.63,7.33,0.26
Premier,RSC005170,FrenchyNF,Gummy Bears,The Bear Den,Solar,N/A,55.58,171,12,14.25,0.543,0.667,8,4,1,4090,2270,1820,7,10,17,22,0.318,371.09,205.96,165.13,0.64,0.91,1.54,2.00,340.83,189.17,151.67,0.58,0.83,1.42,1.83,30,24,2.72,2.18,2.50,2.00,81,7.35,6.75,0.30
Premier,RSC007412,spuf.,Lords,The King's Court,Lunar,N/A,55.56,70,4,17.50,0.420,0.500,2,2,1,1756,1000,756,4,3,7,10,0.400,389.21,221.64,167.56,0.89,0.66,1.55,2.22,439.00,250.00,189.00,1.00,0.75,1.75,2.50,8,11,1.77,2.44,2.00,2.75,37,8.20,9.25,0.30
Premier,RSC007924,Kaorix,Cerberus,Pawverse,Solar,N/A,53.64,27,2,13.50,0.177,0.000,0,2,0,738,330,408,0,1,5,3,0.000,424.08,189.63,234.45,0.00,0.57,2.87,1.72,369.00,165.00,204.00,0.00,0.50,2.50,1.50,1,4,0.57,2.30,0.50,2.00,15,8.62,7.50,0.27
Premier,RSC001903,Plasma,Jokers,The Casino,Lunar,N/A,53.60,10,1,10.00,0.000,0.000,0,1,0,322,110,212,0,0,2,1,0.000,499.59,170.67,328.92,0.00,0.00,3.10,1.55,322.00,110.00,212.00,0.00,0.00,2.00,1.00,0,2,0.00,3.10,0.00,2.00,7,10.86,7.00,0.29
Premier,RSC000241,Geherpaderp,Gummy Bears,The Bear Den,Solar,N/A,51.85,58,4,14.50,0.446,0.500,2,2,0,1205,550,655,1,3,4,10,0.100,322.34,147.13,175.21,0.27,0.80,1.07,2.68,301.25,137.50,163.75,0.25,0.75,1.00,2.50,9,11,2.41,2.94,2.25,2.75,29,7.76,7.25,0.38
Premier,RSC007820,KuRupT,Jokers,The Casino,Lunar,N/A,49.18,46,3,15.33,0.394,0.333,1,2,0,1021,590,431,3,1,3,9,0.333,344.37,199.00,145.37,1.01,0.34,1.01,3.04,340.33,196.67,143.67,1.00,0.33,1.00,3.00,7,10,2.36,3.37,2.33,3.33,20,6.75,6.67,0.50
Premier,RSC006719,pman,Valkyries,Mach Velocity,Lunar,N/A,48.51,212,12,17.67,0.500,0.500,6,6,1,4763,2870,1893,12,8,19,32,0.375,348.58,210.04,138.54,0.88,0.59,1.39,2.34,396.92,239.17,157.75,1.00,0.67,1.58,2.67,33,33,2.42,2.42,2.75,2.75,109,7.98,9.08,0.30
Premier,RSC008244,Oghma,Lords,The King's Court,Lunar,N/A,47.70,120,8,15.00,0.615,0.750,6,2,0,2269,1290,979,5,5,6,24,0.208,293.37,166.79,126.58,0.65,0.65,0.78,3.10,283.63,161.25,122.38,0.63,0.63,0.75,3.00,24,14,3.10,1.81,3.00,1.75,59,7.63,7.38,0.24
Premier,RSC006952,nave,Capybaras,The Jungle,Solar,N/A,47.00,61,4,15.25,0.665,1.000,4,0,0,1233,660,573,4,2,1,11,0.364,313.61,167.87,145.74,1.02,0.51,0.25,2.80,308.25,165.00,143.25,1.00,0.50,0.25,2.75,10,5,2.54,1.27,2.50,1.25,28,7.12,7.00,0.18
Premier,RSC002714,Nika,Cerberus,Pawverse,Solar,N/A,45.96,201,12,16.75,0.454,0.333,4,8,1,5047,2690,2357,7,3,31,29,0.241,389.58,207.64,181.94,0.54,0.23,2.39,2.24,420.58,224.17,196.42,0.58,0.25,2.58,2.42,20,26,1.54,2.01,1.67,2.17,116,8.95,9.67,0.22
Premier,RSC008174,DJ,Capybaras,The Jungle,Solar,N/A,45.81,52,4,13.00,0.343,0.250,1,3,1,1129,620,509,3,2,3,7,0.429,336.86,184.99,151.87,0.90,0.60,0.90,2.09,282.25,155.00,127.25,0.75,0.50,0.75,1.75,6,11,1.79,3.28,1.50,2.75,33,9.85,8.25,0.33
Premier,RSC008576,Sangani,Lords,The King's Court,Lunar,N/A,43.55,190,12,15.83,0.547,0.667,8,4,2,3901,2140,1761,6,9,17,24,0.250,318.55,174.75,143.80,0.49,0.73,1.39,1.96,325.08,178.33,146.75,0.50,0.75,1.42,2.00,32,25,2.61,2.04,2.67,2.08,96,7.84,8.00,0.26
Premier,RSC000996,GreenSleeves,Super Clusters,The Cosmos,Solar,N/A,42.34,226,12,18.83,0.525,0.583,7,5,1,4483,2840,1643,11,7,20,39,0.282,307.76,194.97,112.79,0.76,0.48,1.37,2.68,373.58,236.67,136.92,0.92,0.58,1.67,3.25,32,28,2.20,1.92,2.67,2.33,98,6.73,8.17,0.29
Premier,RSC005524,RaunchyRomanian,Cerberus,Pawverse,Solar,N/A,41.40,174,10,17.40,0.473,0.400,4,6,3,3946,2280,1666,8,2,22,28,0.286,351.85,203.30,148.55,0.71,0.18,1.96,2.50,394.60,228.00,166.60,0.80,0.20,2.20,2.80,19,22,1.69,1.96,1.90,2.20,101,9.01,10.10,0.22
Premier,RSC004132,RobFromRSC,Super Clusters,The Cosmos,Solar,N/A,41.18,18,1,18.00,0.351,0.000,0,1,0,306,180,126,0,1,2,3,0.000,263.76,155.15,108.61,0.00,0.86,1.72,2.59,306.00,180.00,126.00,0.00,1.00,2.00,3.00,2,3,1.72,2.59,2.00,3.00,8,6.90,8.00,0.38
Premier,RSC000657,Saucey,Jokers,The Casino,Lunar,N/A,40.58,152,10,15.20,0.539,0.700,7,3,2,2952,1690,1262,6,7,11,19,0.316,301.32,172.50,128.82,0.61,0.71,1.12,1.94,295.20,169.00,126.20,0.60,0.70,1.10,1.90,30,25,3.06,2.55,3.00,2.50,73,7.45,7.30,0.34
Premier,RSC006087,DoorTK,Capybaras,The Jungle,Solar,N/A,39.92,176,12,14.67,0.431,0.417,5,7,0,3907,2150,1757,7,5,20,20,0.350,344.42,189.53,154.89,0.62,0.44,1.76,1.76,325.58,179.17,146.42,0.58,0.42,1.67,1.67,23,33,2.03,2.91,1.92,2.75,100,8.82,8.33,0.33
Premier,RSC003008,GeneralZippy,Super Clusters,The Cosmos,Solar,N/A,38.03,208,11,18.91,0.534,0.636,7,4,1,3487,1880,1607,7,9,8,33,0.212,260.10,140.23,119.87,0.52,0.67,0.60,2.46,317.00,170.91,146.09,0.64,0.82,0.73,3.00,30,25,2.24,1.86,2.73,2.27,90,6.71,8.18,0.28
Premier,RSC000931,Danger,Double Mint,Minty Fresh,Lunar,N/A,37.50,123,8,15.38,0.366,0.125,1,7,1,2550,1220,1330,7,0,6,22,0.318,321.66,153.89,167.77,0.88,0.00,0.76,2.78,318.75,152.50,166.25,0.88,0.00,0.75,2.75,12,23,1.51,2.90,1.50,2.88,61,7.69,7.63,0.38
Premier,RSC002125,Neoblastz,Valkyries,Mach Velocity,Lunar,N/A,36.25,186,10,18.60,0.500,0.500,5,5,1,3379,1860,1519,4,9,16,21,0.190,281.86,155.15,126.71,0.33,0.75,1.33,1.75,337.90,186.00,151.90,0.40,0.90,1.60,2.10,29,29,2.42,2.42,2.90,2.90,98,8.17,9.80,0.30
Premier,RSC001977,T.,Double Mint,Minty Fresh,Lunar,N/A,35.84,186,12,15.50,0.379,0.083,1,11,0,3446,1630,1816,4,7,13,23,0.174,287.45,135.97,151.48,0.33,0.58,1.08,1.92,287.17,135.83,151.33,0.33,0.58,1.08,1.92,20,38,1.67,3.17,1.67,3.17,107,8.93,8.92,0.36
Premier,RSC000579,Cryptt.,Double Mint,Minty Fresh,Lunar,N/A,33.83,186,12,15.50,0.379,0.083,1,11,0,3515,1920,1595,6,4,17,27,0.222,293.20,160.16,133.05,0.50,0.33,1.42,2.25,292.92,160.00,132.92,0.50,0.33,1.42,2.25,20,38,1.67,3.17,1.67,3.17,107,8.93,8.92,0.36
Premier,RSC004215,Tsheg,Double Mint,Minty Fresh,Lunar,N/A,33.23,63,4,15.75,0.333,0.000,0,4,0,1334,770,564,3,1,7,7,0.429,328.53,189.63,138.90,0.74,0.25,1.72,1.72,333.50,192.50,141.00,0.75,0.25,1.75,1.75,8,15,1.97,3.69,2.00,3.75,46,11.33,11.50,0.33
Premier,RSC014124,Ruin5terr,Leviathans,Mythical,Solar,N/A,32.66,85,6,14.17,0.538,0.500,3,3,0,1439,710,729,3,3,3,11,0.273,262.66,129.60,133.07,0.55,0.55,0.55,2.01,239.83,118.33,121.50,0.50,0.50,0.50,1.83,13,11,2.37,2.01,2.17,1.83,41,7.48,6.83,0.27
Premier,RSC004580,Static,Cerberus,Pawverse,Solar,N/A,29.20,201,12,16.75,0.454,0.333,4,8,0,3549,1900,1649,5,5,18,25,0.200,273.95,146.66,127.29,0.39,0.39,1.39,1.93,295.75,158.33,137.42,0.42,0.42,1.50,2.08,20,26,1.54,2.01,1.67,2.17,116,8.95,9.67,0.22
Premier,RSC000618,Taelo,Leviathans,Mythical,Solar,N/A,26.86,62,4,15.50,0.346,0.000,0,4,0,1020,440,580,1,1,4,9,0.111,255.25,110.11,145.14,0.25,0.25,1.00,2.25,255.00,110.00,145.00,0.25,0.25,1.00,2.25,4,8,1.00,2.00,1.00,2.00,32,8.01,8.00,0.25
Premier,RSC007558,Frijole,Long Beards,Dwarf Haven,Lunar,N/A,26.70,57,4,14.25,0.551,0.500,2,2,0,897,390,507,0,3,4,4,0.000,244.16,106.16,138.00,0.00,0.82,1.09,1.09,224.25,97.50,126.75,0.00,0.75,1.00,1.00,12,10,3.27,2.72,3.00,2.50,27,7.35,6.75,0.37
Premier,RSC006889,Jay,Leviathans,Mythical,Solar,N/A,21.14,32,2,16.00,0.417,0.500,1,1,0,558,290,268,1,0,3,4,0.250,270.55,140.61,129.94,0.48,0.00,1.45,1.94,279.00,145.00,134.00,0.50,0.00,1.50,2.00,3,4,1.45,1.94,1.50,2.00,15,7.27,7.50,0.27
Premier,RSC004208,Super,Capybaras,The Jungle,Solar,N/A,17.26,115,8,14.38,0.334,0.125,1,7,0,1633,780,853,1,4,8,8,0.125,220.31,105.23,115.08,0.13,0.54,1.08,1.08,204.13,97.50,106.63,0.13,0.50,1.00,1.00,13,28,1.75,3.78,1.63,3.50,72,9.71,9.00,0.39
Master,RSC005690,DQ.,Diplomats,The King's Court,N/A,N/A,98.86,67,4,16.75,0.744,1.000,4,0,3,1956,1280,676,8,4,2,18,0.444,474.52,310.53,164.00,1.94,0.97,0.49,4.37,489.00,320.00,169.00,2.00,1.00,0.50,4.50,16,6,3.88,1.46,4.00,1.50,23,5.58,5.75,0.26
Master,RSC007414,EliTW22Playz,Andromeda,The Cosmos,N/A,N/A,93.14,202,12,16.83,0.619,0.833,10,2,5,6469,3760,2709,16,10,25,41,0.390,520.53,302.55,217.98,1.29,0.80,2.01,3.30,539.08,313.33,225.75,1.33,0.83,2.08,3.42,41,22,3.30,1.77,3.42,1.83,92,7.40,7.67,0.24
Master,RSC014178,Fl1ppah,Imperatores,The Sovereign,N/A,N/A,88.46,67,5,13.40,0.474,0.400,2,3,2,2030,1170,860,5,2,8,17,0.294,492.48,283.84,208.63,1.21,0.49,1.94,4.12,406.00,234.00,172.00,1.00,0.40,1.60,3.40,9,10,2.18,2.43,1.80,2.00,26,6.31,5.20,0.38
Master,RSC001177,Calster,Olympic Knights,The Rising,N/A,N/A,82.17,182,12,15.17,0.529,0.667,8,4,5,5124,2760,2364,10,10,17,41,0.244,457.62,246.49,211.12,0.89,0.89,1.52,3.66,427.00,230.00,197.00,0.83,0.83,1.42,3.42,29,25,2.59,2.23,2.42,2.08,92,8.22,7.67,0.27
Master,RSC007642,Luminati7,Imperatores,The Sovereign,N/A,N/A,81.81,91,6,15.17,0.717,0.833,5,1,2,2586,1650,936,7,7,9,15,0.467,461.90,294.72,167.19,1.25,1.25,1.61,2.68,431.00,275.00,156.00,1.17,1.17,1.50,2.50,19,7,3.39,1.25,3.17,1.17,37,6.61,6.17,0.19
Master,RSC007984,Chadley,Air Buds,Pawverse,N/A,N/A,76.95,202,12,16.83,0.535,0.667,8,4,3,5541,3370,2171,16,9,18,42,0.381,445.86,271.17,174.69,1.29,0.72,1.45,3.38,461.75,280.83,180.92,1.33,0.75,1.50,3.50,37,31,2.98,2.49,3.08,2.58,89,7.16,7.42,0.35
Master,RSC004717,slain.,Aces,The Casino,N/A,N/A,73.83,204,12,17.00,0.473,0.500,6,6,2,5874,3320,2554,9,9,32,37,0.243,468.02,264.53,203.50,0.72,0.72,2.55,2.95,489.50,276.67,212.83,0.75,0.75,2.67,3.08,26,30,2.07,2.39,2.17,2.50,104,8.29,8.67,0.29
Master,RSC006985,Skep._.,Aces,The Casino,N/A,N/A,72.39,115,7,16.43,0.584,0.571,4,3,2,2991,1560,1431,7,7,6,21,0.333,422.75,220.49,202.26,0.99,0.99,0.85,2.97,427.29,222.86,204.43,1.00,1.00,0.86,3.00,23,16,3.25,2.26,3.29,2.29,47,6.64,6.71,0.34
Master,RSC006193,Saucy Rexy,Eastern Brown,Venom Lab,N/A,N/A,70.93,116,7,16.57,0.542,0.571,4,3,2,3139,2030,1109,9,4,14,23,0.391,439.84,284.45,155.39,1.26,0.56,1.96,3.22,448.43,290.00,158.43,1.29,0.57,2.00,3.29,17,14,2.38,1.96,2.43,2.00,61,8.55,8.71,0.23
Master,RSC006327,Zippy,Helicoprions,Shark Attack,N/A,N/A,70.25,179,12,14.92,0.541,0.583,7,5,4,4684,2480,2204,9,5,18,43,0.209,425.33,225.20,200.13,0.82,0.45,1.63,3.90,390.33,206.67,183.67,0.75,0.42,1.50,3.58,25,20,2.27,1.82,2.08,1.67,78,7.08,6.50,0.26
Master,RSC005899,DJDancingDuckGif,Air Buds,Pawverse,N/A,N/A,66.33,202,12,16.83,0.535,0.667,8,4,3,5449,3030,2419,13,7,21,33,0.394,438.46,243.81,194.65,1.05,0.56,1.69,2.66,454.08,252.50,201.58,1.08,0.58,1.75,2.75,37,31,2.98,2.49,3.08,2.58,89,7.16,7.42,0.35
Master,RSC013858,Dyloh(?),Andromeda,The Cosmos,N/A,N/A,65.45,202,12,16.83,0.619,0.833,10,2,3,5145,2890,2255,11,11,18,34,0.324,414.00,232.55,181.45,0.89,0.89,1.45,2.74,428.75,240.83,187.92,0.92,0.92,1.50,2.83,41,22,3.30,1.77,3.42,1.83,92,7.40,7.67,0.24
Master,RSC014041,doggo,Imperatores,The Sovereign,N/A,N/A,64.14,157,11,14.27,0.587,0.636,7,4,1,3682,1780,1902,7,6,8,38,0.184,381.19,184.28,196.91,0.72,0.62,0.83,3.93,334.73,161.82,172.91,0.64,0.55,0.73,3.45,24,15,2.48,1.55,2.18,1.36,70,7.25,6.36,0.21
Master,RSC007470,Fused Gavin,Lemurs,The Jungle,N/A,N/A,63.71,134,8,16.75,0.488,0.375,3,5,3,3763,2170,1593,6,3,24,22,0.273,456.45,263.22,193.23,0.73,0.36,2.91,2.67,470.38,271.25,199.13,0.75,0.38,3.00,2.75,16,17,1.94,2.06,2.00,2.13,78,9.46,9.75,0.22
Master,RSC007565,AcX,Care Bears,The Bear Den,N/A,N/A,63.06,189,12,15.75,0.493,0.417,5,7,3,5007,2750,2257,8,8,25,30,0.267,430.60,236.50,194.10,0.69,0.69,2.15,2.58,417.25,229.17,188.08,0.67,0.67,2.08,2.50,26,27,2.24,2.32,2.17,2.25,102,8.77,8.50,0.26
Master,RSC002888,Kri0s,Olympic Knights,The Rising,N/A,N/A,61.34,89,6,14.83,0.556,0.833,5,1,2,2410,1420,990,7,2,10,12,0.583,440.14,259.34,180.80,1.28,0.37,1.83,2.19,401.67,236.67,165.00,1.17,0.33,1.67,2.00,14,11,2.56,2.01,2.33,1.83,47,8.58,7.83,0.23
Master,RSC005499,R0cket,Lemurs,The Jungle,N/A,N/A,60.52,187,11,17.00,0.549,0.455,5,6,2,4575,2580,1995,8,12,18,28,0.286,397.66,224.25,173.41,0.70,1.04,1.56,2.43,415.91,234.55,181.36,0.73,1.09,1.64,2.55,26,20,2.26,1.74,2.36,1.82,103,8.95,9.36,0.19
Master,RSC004863,wicked,Nightmare,The Shadows,N/A,N/A,59.83,187,11,17.00,0.516,0.636,7,4,6,4741,2810,1931,11,4,23,36,0.306,412.09,244.25,167.84,0.96,0.35,2.00,3.13,431.00,255.45,175.55,1.00,0.36,2.09,3.27,24,22,2.09,1.91,2.18,2.00,105,9.13,9.55,0.21
Master,RSC004698,Slvr.,Glacier Mint,Minty Fresh,N/A,N/A,56.82,197,12,16.42,0.523,0.583,7,5,1,4969,2760,2209,10,6,23,31,0.323,409.98,227.72,182.26,0.83,0.50,1.90,2.56,414.08,230.00,184.08,0.83,0.50,1.92,2.58,25,22,2.06,1.82,2.08,1.83,96,7.92,8.00,0.23
Master,RSC008155,Stormy Wormy.,Glacier Mint,Minty Fresh,N/A,N/A,56.82,61,4,15.25,0.667,0.750,3,1,1,1384,880,504,4,2,5,13,0.308,368.78,234.49,134.30,1.07,0.53,1.33,3.46,346.00,220.00,126.00,1.00,0.50,1.25,3.25,10,5,2.66,1.33,2.50,1.25,30,7.99,7.50,0.17
Master,RSC012897,Meloaw,Air Buds,Pawverse,N/A,N/A,56.77,202,12,16.83,0.535,0.667,8,4,2,4499,2480,2019,8,12,14,38,0.211,362.02,199.56,162.46,0.64,0.97,1.13,3.06,374.92,206.67,168.25,0.67,1.00,1.17,3.17,37,31,2.98,2.49,3.08,2.58,89,7.16,7.42,0.35
Master,RSC014119,Pillow,Andromeda,The Cosmos,N/A,N/A,56.22,183,11,16.64,0.645,0.909,10,1,2,4299,2510,1789,12,7,13,31,0.387,381.84,222.94,158.90,1.07,0.62,1.15,2.75,390.82,228.18,162.64,1.09,0.64,1.18,2.82,38,18,3.38,1.60,3.45,1.64,79,7.02,7.18,0.23
Master,RSC007280,BallChasinq,Blackbirds,Mach Velocity,N/A,N/A,56.14,139,8,17.38,0.417,0.375,3,5,3,3153,1530,1623,3,7,12,28,0.107,368.70,178.91,189.79,0.35,0.82,1.40,3.27,394.13,191.25,202.88,0.38,0.88,1.50,3.50,11,17,1.29,1.99,1.38,2.13,61,7.13,7.63,0.28
Master,RSC005024,SSpekky,"Reapers
Glacier Mint","Mythical
Minty Fresh","N/A
N/A","N/A
N/A",52.04,198,11,18.00,0.411,0.273,3,8,3,4812,2370,2442,7,5,22,32,0.219,395.02,194.56,200.47,0.57,0.41,1.81,2.63,437.45,215.45,222.00,0.64,0.45,2.00,2.91,20,32,1.64,2.63,1.82,2.91,109,8.95,9.91,0.29
Master,RSC007166,nelz,Helicoprions,Shark Attack,N/A,N/A,51.45,179,12,14.92,0.541,0.583,7,5,1,3932,2230,1702,9,7,13,33,0.273,357.05,202.50,154.55,0.82,0.64,1.18,3.00,327.67,185.83,141.83,0.75,0.58,1.08,2.75,25,20,2.27,1.82,2.08,1.67,78,7.08,6.50,0.26
Master,RSC008169,Trickter02,Blackbirds,Mach Velocity,N/A,N/A,51.29,208,12,17.33,0.463,0.417,5,7,0,4525,2540,1985,9,9,16,39,0.231,353.60,198.49,155.12,0.70,0.70,1.25,3.05,377.08,211.67,165.42,0.75,0.75,1.33,3.25,22,27,1.72,2.11,1.83,2.25,100,7.81,8.33,0.27
Master,RSC005385,Girth,Andromeda,The Cosmos,N/A,N/A,50.73,19,1,19.00,0.382,0.000,0,1,0,418,290,128,2,0,1,4,0.500,357.59,248.09,109.50,1.71,0.00,0.86,3.42,418.00,290.00,128.00,2.00,0.00,1.00,4.00,3,4,2.57,3.42,3.00,4.00,13,11.12,13.00,0.31
Master,RSC001935,Kenobs,Aces,The Casino,N/A,N/A,50.61,113,6,18.83,0.408,0.333,2,4,1,2758,1480,1278,5,2,14,18,0.278,396.72,212.89,183.83,0.72,0.29,2.01,2.59,459.67,246.67,213.00,0.83,0.33,2.33,3.00,9,14,1.29,2.01,1.50,2.33,63,9.06,10.50,0.22
Master,RSC012881,Minty Moonifer,Nue,The Shrine,N/A,N/A,50.45,192,12,16.00,0.461,0.333,4,8,2,4482,2290,2192,10,3,16,34,0.294,379.43,193.86,185.57,0.85,0.25,1.35,2.88,373.50,190.83,182.67,0.83,0.25,1.33,2.83,21,26,1.78,2.20,1.75,2.17,92,7.79,7.67,0.28
Master,RSC004918,Nezitic,Battle Masters,Dwarf Haven,N/A,N/A,50.16,198,12,16.50,0.439,0.417,5,7,1,4326,2310,2016,7,6,18,41,0.171,355.13,189.63,165.50,0.57,0.49,1.48,3.37,360.50,192.50,168.00,0.58,0.50,1.50,3.42,20,28,1.64,2.30,1.67,2.33,96,7.88,8.00,0.29
Master,RSC005274,KING.,Diplomats,The King's Court,N/A,N/A,48.41,131,8,16.38,0.348,0.125,1,7,0,2804,1280,1524,5,5,6,23,0.217,347.91,158.82,189.09,0.62,0.62,0.74,2.85,350.50,160.00,190.50,0.63,0.63,0.75,2.88,12,25,1.49,3.10,1.50,3.13,71,8.81,8.88,0.35
Master,RSC000394,Darf01,Nue,The Shrine,N/A,N/A,48.32,192,12,16.00,0.461,0.333,4,8,2,3978,2430,1548,7,9,18,38,0.184,336.76,205.72,131.05,0.59,0.76,1.52,3.22,331.50,202.50,129.00,0.58,0.75,1.50,3.17,21,26,1.78,2.20,1.75,2.17,92,7.79,7.67,0.28
Master,RSC000344,Mezmer,Lemurs,The Jungle,N/A,N/A,47.78,108,7,15.43,0.515,0.286,2,5,0,2377,1410,967,5,5,10,16,0.313,357.74,212.21,145.53,0.75,0.75,1.51,2.41,339.57,201.43,138.14,0.71,0.71,1.43,2.29,15,14,2.26,2.11,2.14,2.00,58,8.73,8.29,0.24
Master,RSC006494,Jimbo,Diplomats,The King's Court,N/A,N/A,46.69,198,12,16.50,0.480,0.417,5,7,1,4433,2450,1983,9,4,20,35,0.257,363.91,201.12,162.79,0.74,0.33,1.64,2.87,369.42,204.17,165.25,0.75,0.33,1.67,2.92,28,31,2.30,2.54,2.33,2.58,94,7.72,7.83,0.33
Master,RSC000329,Melted,Aces,The Casino,N/A,N/A,45.63,215,12,17.92,0.494,0.500,6,6,1,4585,2390,2195,8,9,16,34,0.235,346.63,180.69,165.94,0.60,0.68,1.21,2.57,382.08,199.17,182.92,0.67,0.75,1.33,2.83,29,30,2.19,2.27,2.42,2.50,107,8.09,8.92,0.28
Master,RSC008539,Shune.,Lemurs,The Jungle,N/A,N/A,45.27,159,10,15.90,0.589,0.500,5,5,0,3539,1730,1809,8,4,10,23,0.348,361.78,176.85,184.93,0.82,0.41,1.02,2.35,353.90,173.00,180.90,0.80,0.40,1.00,2.30,24,15,2.45,1.53,2.40,1.50,82,8.38,8.20,0.18
Master,RSC002729,snugcore,Eastern Brown,Venom Lab,N/A,N/A,44.53,182,11,16.55,0.452,0.364,4,7,2,4017,2330,1687,8,8,18,23,0.348,358.75,208.09,150.66,0.71,0.71,1.61,2.05,365.18,211.82,153.36,0.73,0.73,1.64,2.09,26,33,2.32,2.95,2.36,3.00,107,9.56,9.73,0.31
Master,RSC007494,C-Loupe,Battle Masters,Dwarf Haven,N/A,N/A,44.32,130,8,16.25,0.426,0.375,3,5,1,2644,1540,1104,7,4,8,24,0.292,330.58,192.55,138.03,0.88,0.50,1.00,3.00,330.50,192.50,138.00,0.88,0.50,1.00,3.00,14,20,1.75,2.50,1.75,2.50,71,8.88,8.88,0.28
Master,RSC000799,Foam,Glacier Mint,Minty Fresh,N/A,N/A,44.25,197,12,16.42,0.523,0.583,7,5,2,4213,2230,1983,5,5,22,38,0.132,347.61,183.99,163.61,0.41,0.41,1.82,3.14,351.08,185.83,165.25,0.42,0.42,1.83,3.17,25,22,2.06,1.82,2.08,1.83,96,7.92,8.00,0.23
Master,RSC008094,JoshuaNaoki,Care Bears,The Bear Den,N/A,N/A,43.69,109,7,15.57,0.539,0.429,3,4,1,2261,1270,991,4,5,9,17,0.235,337.16,189.38,147.78,0.60,0.75,1.34,2.54,323.00,181.43,141.57,0.57,0.71,1.29,2.43,19,16,2.83,2.39,2.71,2.29,54,8.05,7.71,0.30
Master,RSC008368,taLz.,Imperatores,The Sovereign,N/A,N/A,43.52,169,11,15.36,0.620,0.727,8,3,2,3776,1990,1786,6,5,18,24,0.250,363.17,191.39,171.77,0.58,0.48,1.73,2.31,343.27,180.91,162.36,0.55,0.45,1.64,2.18,27,14,2.60,1.35,2.45,1.27,71,6.83,6.45,0.20
Master,RSC007115,Zoomin,Blackbirds,Mach Velocity,N/A,N/A,42.75,69,4,17.25,0.525,0.500,2,2,1,1591,1020,571,1,4,13,7,0.143,374.79,240.28,134.51,0.24,0.94,3.06,1.65,397.75,255.00,142.75,0.25,1.00,3.25,1.75,11,10,2.59,2.36,2.75,2.50,39,9.19,9.75,0.26
Master,RSC014006,DeltaJRomeo_,Reapers,Mythical,N/A,N/A,42.32,63,4,15.75,0.291,0.500,2,2,1,1296,620,676,1,2,6,12,0.083,334.37,159.96,174.41,0.26,0.52,1.55,3.10,324.00,155.00,169.00,0.25,0.50,1.50,3.00,4,10,1.03,2.58,1.00,2.50,32,8.26,8.00,0.31
Master,RSC005298,Kaisaroh,Care Bears,The Bear Den,N/A,N/A,42.28,189,12,15.75,0.493,0.417,5,7,0,4177,2450,1727,11,2,19,30,0.367,359.22,210.70,148.52,0.95,0.17,1.63,2.58,348.08,204.17,143.92,0.92,0.17,1.58,2.50,26,27,2.24,2.32,2.17,2.25,102,8.77,8.50,0.26
Master,RSC008452,pxiruu,Imperatores,The Sovereign,N/A,N/A,39.70,47,3,15.67,0.703,0.667,2,1,1,1026,520,506,3,0,3,7,0.429,354.82,179.83,174.99,1.04,0.00,1.04,2.42,342.00,173.33,168.67,1.00,0.00,1.00,2.33,5,2,1.73,0.69,1.67,0.67,24,8.30,8.00,0.08
Master,RSC006168,levants,Eastern Brown,Venom Lab,N/A,N/A,38.69,90,5,18.00,0.303,0.000,0,5,0,2007,1060,947,3,2,11,11,0.273,362.47,191.44,171.03,0.54,0.36,1.99,1.99,401.40,212.00,189.40,0.60,0.40,2.20,2.20,11,24,1.99,4.33,2.20,4.80,53,9.57,10.60,0.45
Master,RSC004035,Timmy_-_,Eastern Brown,Venom Lab,N/A,N/A,38.36,78,5,15.60,0.337,0.200,1,4,0,1654,780,874,3,3,5,8,0.375,344.67,162.54,182.13,0.63,0.63,1.04,1.67,330.80,156.00,174.80,0.60,0.60,1.00,1.60,10,19,2.08,3.96,2.00,3.80,54,11.25,10.80,0.35
Master,RSC011728,RobinPW,Nightmare,The Shadows,N/A,N/A,36.84,169,10,16.90,0.472,0.500,5,5,1,3688,1840,1848,4,5,20,19,0.211,354.70,176.97,177.74,0.38,0.48,1.92,1.83,368.80,184.00,184.80,0.40,0.50,2.00,1.90,19,22,1.83,2.12,1.90,2.20,98,9.43,9.80,0.22
Master,RSC008198,Taiyo,Reapers,Mythical,N/A,N/A,36.66,134,8,16.75,0.370,0.000,0,8,0,2931,1560,1371,6,2,14,16,0.375,355.53,189.23,166.30,0.73,0.24,1.70,1.94,366.38,195.00,171.38,0.75,0.25,1.75,2.00,18,32,2.18,3.88,2.25,4.00,81,9.83,10.13,0.40
Master,RSC007295,TheLegendaryChance,Blackbirds,Mach Velocity,N/A,N/A,36.38,208,12,17.33,0.463,0.417,5,7,1,4270,2240,2030,9,2,18,34,0.265,333.68,175.04,158.63,0.70,0.16,1.41,2.66,355.83,186.67,169.17,0.75,0.17,1.50,2.83,22,27,1.72,2.11,1.83,2.25,100,7.81,8.33,0.27
Master,RSC006783,ImSouperGreat,Helicoprions,Shark Attack,N/A,N/A,36.29,179,12,14.92,0.541,0.583,7,5,2,3773,2000,1773,7,3,18,25,0.280,342.61,181.61,161.00,0.64,0.27,1.63,2.27,314.42,166.67,147.75,0.58,0.25,1.50,2.08,25,20,2.27,1.82,2.08,1.67,78,7.08,6.50,0.26
Master,RSC014200,aWannaBe-_-NERD,Olympic Knights,The Rising,N/A,N/A,34.64,167,11,15.18,0.558,0.727,8,3,1,3213,1860,1353,9,6,9,21,0.429,312.72,181.03,131.69,0.88,0.58,0.88,2.04,292.09,169.09,123.00,0.82,0.55,0.82,1.91,27,20,2.63,1.95,2.45,1.82,83,8.08,7.55,0.24
Master,RSC007269,Navik,Diplomats,The King's Court,N/A,N/A,34.50,198,12,16.50,0.480,0.417,5,7,1,3755,2230,1525,6,9,18,28,0.214,308.25,183.06,125.19,0.49,0.74,1.48,2.30,312.92,185.83,127.08,0.50,0.75,1.50,2.33,28,31,2.30,2.54,2.33,2.58,94,7.72,7.83,0.33
Master,RSC014005,LostTempyst,Eastern Brown,Venom Lab,N/A,N/A,34.34,131,8,16.38,0.489,0.375,3,5,0,2529,1510,1019,5,6,11,16,0.313,313.79,187.36,126.43,0.62,0.74,1.36,1.99,316.13,188.75,127.38,0.63,0.75,1.38,2.00,20,21,2.48,2.61,2.50,2.63,79,9.80,9.88,0.27
Master,RSC000623,wall2wall3,Olympic Knights,The Rising,N/A,N/A,34.16,108,7,15.43,0.474,0.429,3,4,0,2130,1110,1020,3,3,10,16,0.188,320.57,167.06,153.51,0.45,0.45,1.51,2.41,304.29,158.57,145.71,0.43,0.43,1.43,2.29,17,19,2.56,2.86,2.43,2.71,54,8.13,7.71,0.35
Master,RSC007895,Lup,Reapers,Mythical,N/A,N/A,33.13,198,12,16.50,0.355,0.167,2,10,1,3881,2080,1801,7,5,17,28,0.250,318.60,170.75,147.85,0.57,0.41,1.40,2.30,323.42,173.33,150.08,0.58,0.42,1.42,2.33,19,41,1.56,3.37,1.58,3.42,116,9.52,9.67,0.35
Master,RSC003125,GrandPlat,Nightmare,The Shadows,N/A,N/A,32.92,175,11,15.91,0.492,0.545,6,5,0,3415,1890,1525,8,4,13,24,0.333,317.19,175.54,141.64,0.74,0.37,1.21,2.23,310.45,171.82,138.64,0.73,0.36,1.18,2.18,22,23,2.04,2.14,2.00,2.09,99,9.20,9.00,0.23
Master,RSC007354,Fanatic,Battle Masters,Dwarf Haven,N/A,N/A,31.48,68,4,17.00,0.432,0.500,2,2,1,1202,660,542,3,2,3,11,0.273,287.32,157.76,129.55,0.72,0.48,0.72,2.63,300.50,165.00,135.50,0.75,0.50,0.75,2.75,6,8,1.43,1.91,1.50,2.00,25,5.98,6.25,0.32
Master,RSC005454,tman,Battle Masters,Dwarf Haven,N/A,N/A,30.54,198,12,16.50,0.439,0.417,5,7,2,3940,1960,1980,3,5,23,26,0.115,323.44,160.90,162.54,0.25,0.41,1.89,2.13,328.33,163.33,165.00,0.25,0.42,1.92,2.17,20,28,1.64,2.30,1.67,2.33,96,7.88,8.00,0.29
Master,RSC007901,JarrettD.,Nue,The Shrine,N/A,N/A,28.70,192,12,16.00,0.461,0.333,4,8,0,3510,1580,1930,4,5,13,28,0.143,297.15,133.76,163.39,0.34,0.42,1.10,2.37,292.50,131.67,160.83,0.33,0.42,1.08,2.33,21,26,1.78,2.20,1.75,2.17,92,7.79,7.67,0.28
Master,RSC005872,Ditto,Nightmare,The Shadows,N/A,N/A,26.78,57,4,14.25,0.580,0.750,3,1,0,1044,380,664,1,1,3,8,0.125,297.71,108.36,189.35,0.29,0.29,0.86,2.28,261.00,95.00,166.00,0.25,0.25,0.75,2.00,7,5,2.00,1.43,1.75,1.25,25,7.13,6.25,0.20
Master,RSC000408,Xero,Care Bears,The Bear Den,N/A,N/A,23.85,80,5,16.00,0.398,0.400,2,3,1,1467,800,667,3,1,7,10,0.300,298.06,162.54,135.52,0.61,0.20,1.42,2.03,293.40,160.00,133.40,0.60,0.20,1.40,2.00,7,11,1.42,2.23,1.40,2.20,48,9.75,9.60,0.23
Master,RSC004955,Rafiki,Reapers,Mythical,N/A,N/A,9.48,63,4,15.75,0.291,0.500,2,2,0,939,440,499,1,0,5,9,0.111,242.26,113.52,128.74,0.26,0.00,1.29,2.32,234.75,110.00,124.75,0.25,0.00,1.25,2.25,4,10,1.03,2.58,1.00,2.50,32,8.26,8.00,0.31
Master,RSC000009,Timbo,Glacier Mint,Minty Fresh,N/A,N/A,0.12,61,4,15.25,0.360,0.250,1,3,0,830,390,440,3,0,1,4,0.750,221.16,103.92,117.24,0.80,0.00,0.27,1.07,207.50,97.50,110.00,0.75,0.00,0.25,1.00,7,12,1.87,3.20,1.75,3.00,34,9.06,8.50,0.35
Elite,RSC008601,Velocheerio,Wheelchairs,The Quad Dynasty,Lunar,N/A,92.52,152,10,15.20,0.586,0.700,7,3,2,4538,2810,1728,13,10,12,41,0.317,476.84,295.27,181.57,1.37,1.05,1.26,4.31,453.80,281.00,172.80,1.30,1.00,1.20,4.10,29,19,3.05,2.00,2.90,1.90,69,7.25,6.90,0.28
Elite,RSC014056,redwizard2you,Tiny Terrors,The Romp,Lunar,N/A,91.56,172,11,15.64,0.566,0.636,7,4,2,5457,3710,1747,19,12,17,36,0.528,506.73,344.51,162.22,1.76,1.11,1.58,3.34,496.09,337.27,158.82,1.73,1.09,1.55,3.27,37,27,3.44,2.51,3.36,2.45,85,7.89,7.73,0.32
Elite,RSC011118,Reyes.,Forge Defenders,Dwarf Haven,Lunar,N/A,88.14,192,12,16.00,0.698,0.917,11,1,3,5900,3960,1940,18,10,24,46,0.391,490.80,329.42,161.38,1.50,0.83,2.00,3.83,491.67,330.00,161.67,1.50,0.83,2.00,3.83,42,14,3.49,1.16,3.50,1.17,81,6.74,6.75,0.17
Elite,RSC007636,Aroomba.,Forge Defenders,Dwarf Haven,Lunar,N/A,86.43,192,12,16.00,0.698,0.917,11,1,5,5644,3590,2054,15,16,18,39,0.385,469.50,298.64,170.86,1.25,1.33,1.50,3.24,470.33,299.17,171.17,1.25,1.33,1.50,3.25,42,14,3.49,1.16,3.50,1.17,81,6.74,6.75,0.17
Elite,RSC010460,juan,Black-Holes,The Cosmos,Solar,N/A,85.05,205,12,17.08,0.566,0.667,8,4,2,6033,3740,2293,17,11,20,49,0.347,470.04,291.39,178.65,1.32,0.86,1.56,3.82,502.75,311.67,191.08,1.42,0.92,1.67,4.08,38,27,2.96,2.10,3.17,2.25,98,7.64,8.17,0.28
Elite,RSC005292,Detta,Despair,The Shadows,Lunar,N/A,83.76,197,12,16.42,0.495,0.417,5,7,4,5737,3170,2567,13,12,17,42,0.310,465.13,257.01,208.12,1.05,0.97,1.38,3.41,478.08,264.17,213.92,1.08,1.00,1.42,3.50,37,38,3.00,3.08,3.08,3.17,89,7.22,7.42,0.43
Elite,RSC005491,Jackowanou,Wheelchairs,The Quad Dynasty,Lunar,N/A,80.53,174,12,14.50,0.613,0.750,9,3,5,4883,2930,1953,13,14,12,33,0.394,448.22,268.95,179.27,1.19,1.29,1.10,3.03,406.92,244.17,162.75,1.08,1.17,1.00,2.75,36,20,3.30,1.84,3.00,1.67,76,6.98,6.33,0.26
Elite,RSC008478,Inflict,Teddy Bears,The Bear Den,Solar,N/A,77.40,41,3,13.67,0.608,0.333,1,2,0,1146,620,526,2,3,4,7,0.286,446.43,241.52,204.91,0.78,1.17,1.56,2.73,382.00,206.67,175.33,0.67,1.00,1.33,2.33,6,4,2.34,1.56,2.00,1.33,18,7.01,6.00,0.22
Elite,RSC012500,PixelSkills,Gelato,Fifty-Fifty Pizzeria,Lunar,N/A,76.70,183,12,15.25,0.581,0.750,9,3,5,5138,3210,1928,13,11,20,36,0.361,448.43,280.16,168.27,1.13,0.96,1.75,3.14,428.17,267.50,160.67,1.08,0.92,1.67,3.00,35,23,3.05,2.01,2.92,1.92,76,6.63,6.33,0.30
Elite,RSC008309,majical,Basilisks,Mythical,Solar,N/A,69.71,188,12,15.67,0.532,0.583,7,5,3,4746,2790,1956,11,12,14,39,0.282,403.20,237.03,166.17,0.93,1.02,1.19,3.31,395.50,232.50,163.00,0.92,1.00,1.17,3.25,33,28,2.80,2.38,2.75,2.33,85,7.22,7.08,0.33
Elite,RSC014145,Leclerc,Goliaths,D20,Lunar,N/A,68.20,211,12,17.58,0.480,0.500,6,6,2,5724,3180,2544,13,5,24,43,0.302,433.28,240.71,192.57,0.98,0.38,1.82,3.25,477.00,265.00,212.00,1.08,0.42,2.00,3.58,27,30,2.04,2.27,2.25,2.50,117,8.86,9.75,0.26
Elite,RSC002892,nickm,Raptors,Mach Velocity,Lunar,N/A,68.20,170,12,14.17,0.500,0.667,8,4,3,4450,2230,2220,7,7,17,33,0.212,418.08,209.51,208.57,0.66,0.66,1.60,3.10,370.83,185.83,185.00,0.58,0.58,1.42,2.75,22,22,2.07,2.07,1.83,1.83,90,8.46,7.50,0.24
Elite,RSC005758,syngoat,Peerless Scarred,The Rising,Solar,N/A,66.82,132,8,16.50,0.540,0.750,6,2,2,3296,1910,1386,5,8,15,26,0.192,398.81,231.11,167.70,0.60,0.97,1.81,3.15,412.00,238.75,173.25,0.63,1.00,1.88,3.25,24,20,2.90,2.42,3.00,2.50,68,8.23,8.50,0.29
Elite,RSC013228,Generallyabot,Leopards,Safari,Solar,N/A,65.92,199,12,16.58,0.593,0.667,8,4,3,4907,3110,1797,13,9,18,46,0.283,393.84,249.61,144.23,1.04,0.72,1.44,3.69,408.92,259.17,149.75,1.08,0.75,1.50,3.83,36,22,2.89,1.77,3.00,1.83,77,6.18,6.42,0.29
Elite,RSC013323,sl33pwa1ker.,Orochi,The Shrine,Solar,N/A,65.61,110,6,18.33,0.526,0.500,3,3,3,2895,1970,925,11,4,9,22,0.500,420.35,286.04,134.31,1.60,0.58,1.31,3.19,482.50,328.33,154.17,1.83,0.67,1.50,3.67,20,18,2.90,2.61,3.33,3.00,56,8.13,9.33,0.32
Elite,RSC013734,Nevster.,Afterburners,Remove Before Flight,Solar,N/A,64.86,138,8,17.25,0.544,0.500,4,4,2,3628,2190,1438,7,6,19,24,0.292,419.90,253.46,166.43,0.81,0.69,2.20,2.78,453.50,273.75,179.75,0.88,0.75,2.38,3.00,21,17,2.43,1.97,2.63,2.13,72,8.33,9.00,0.24
Elite,RSC005595,Maisie,Menthol,Minty Fresh,Lunar,N/A,63.77,45,4,11.25,0.182,0.000,0,4,0,1285,600,685,2,1,6,5,0.400,456.08,212.96,243.13,0.71,0.35,2.13,1.77,321.25,150.00,171.25,0.50,0.25,1.50,1.25,3,12,1.06,4.26,0.75,3.00,28,9.94,7.00,0.43
Elite,RSC001055,Scotti,Gelato,Fifty-Fifty Pizzeria,Lunar,N/A,63.57,183,12,15.25,0.581,0.750,9,3,3,4465,2590,1875,11,8,14,39,0.282,389.69,226.05,163.65,0.96,0.70,1.22,3.40,372.08,215.83,156.25,0.92,0.67,1.17,3.25,35,23,3.05,2.01,2.92,1.92,76,6.63,6.33,0.30
Elite,RSC002916,Nixzy,Leopards,Safari,Solar,N/A,63.05,199,12,16.58,0.593,0.667,8,4,2,5102,2970,2132,12,10,19,32,0.375,409.49,238.37,171.11,0.96,0.80,1.52,2.57,425.17,247.50,177.67,1.00,0.83,1.58,2.67,36,22,2.89,1.77,3.00,1.83,77,6.18,6.42,0.29
Elite,RSC008384,NotLuke9,Leopards,Safari,Solar,N/A,62.81,199,12,16.58,0.593,0.667,8,4,0,4571,2690,1881,11,12,11,44,0.250,366.87,215.90,150.97,0.88,0.96,0.88,3.53,380.92,224.17,156.75,0.92,1.00,0.92,3.67,36,22,2.89,1.77,3.00,1.83,77,6.18,6.42,0.29
Elite,RSC001986,Colinn,Commanders,The King's Court,Lunar,N/A,62.42,102,6,17.00,0.589,0.500,3,3,0,2593,1430,1163,3,7,13,13,0.231,406.03,223.92,182.11,0.47,1.10,2.04,2.04,432.17,238.33,193.83,0.50,1.17,2.17,2.17,19,13,2.98,2.04,3.17,2.17,52,8.14,8.67,0.25
Elite,RSC008461,Kos,"Raptors
Kings","Mach Velocity
The Casino","Lunar
Lunar","N/A
N/A",62.27,114,8,14.25,0.475,0.625,5,3,2,3079,1830,1249,7,3,16,18,0.389,431.38,256.39,174.99,0.98,0.42,2.24,2.52,384.88,228.75,156.13,0.88,0.38,2.00,2.25,16,18,2.24,2.52,2.00,2.25,66,9.25,8.25,0.27
Elite,RSC001889,Phelpsy,Teddy Bears,The Bear Den,Solar,N/A,62.14,179,11,16.27,0.582,0.636,7,4,3,4411,2790,1621,14,6,14,39,0.359,393.58,248.95,144.64,1.25,0.54,1.25,3.48,401.00,253.64,147.36,1.27,0.55,1.27,3.55,36,24,3.21,2.14,3.27,2.18,80,7.14,7.27,0.30
Elite,RSC003709,dlnaod.,Frame Skips,Inconveniences,Solar,N/A,61.82,189,12,15.75,0.551,0.667,8,4,3,4691,2670,2021,11,7,17,37,0.297,396.42,225.63,170.79,0.93,0.59,1.44,3.13,390.92,222.50,168.42,0.92,0.58,1.42,3.08,29,22,2.45,1.86,2.42,1.83,85,7.18,7.08,0.26
Elite,RSC005287,Taiga,Embezzlers,Shell Corp,Lunar,N/A,61.71,59,4,14.75,0.683,0.750,3,1,0,1452,890,562,4,4,4,9,0.444,393.07,240.93,152.14,1.08,1.08,1.08,2.44,363.00,222.50,140.50,1.00,1.00,1.00,2.25,14,7,3.79,1.89,3.50,1.75,23,6.23,5.75,0.30
Elite,RSC004889,Steeltoehammer,Despair,The Shadows,Lunar,N/A,61.15,108,6,18.00,0.407,0.167,1,5,0,2771,1700,1071,10,3,7,20,0.500,409.79,251.41,158.39,1.48,0.44,1.04,2.96,461.83,283.33,178.50,1.67,0.50,1.17,3.33,18,26,2.66,3.85,3.00,4.33,46,6.80,7.67,0.57
Elite,RSC000923,Stemantics,Raptors,Mach Velocity,Lunar,N/A,59.48,52,4,13.00,0.692,1.000,4,0,2,1376,710,666,3,2,5,6,0.500,422.64,218.08,204.56,0.92,0.61,1.54,1.84,344.00,177.50,166.50,0.75,0.50,1.25,1.50,9,4,2.76,1.23,2.25,1.00,27,8.29,6.75,0.15
Elite,RSC012372,Icyissad,Black-Holes,The Cosmos,Solar,N/A,59.39,205,12,17.08,0.566,0.667,8,4,1,4957,2960,1997,12,13,16,31,0.387,386.21,230.62,155.59,0.93,1.01,1.25,2.42,413.08,246.67,166.42,1.00,1.08,1.33,2.58,38,27,2.96,2.10,3.17,2.25,98,7.64,8.17,0.28
Elite,RSC006723,ROCK_Sause,Pixel Picassos,Art Club,Solar,N/A,59.00,202,12,16.83,0.435,0.250,3,9,2,5090,3290,1800,14,5,25,39,0.359,402.46,260.13,142.32,1.11,0.40,1.98,3.08,424.17,274.17,150.00,1.17,0.42,2.08,3.25,28,39,2.21,3.08,2.33,3.25,107,8.46,8.92,0.36
Elite,RSC010509,boywunder,Hellhounds,Pawverse,Solar,N/A,58.94,187,12,15.58,0.473,0.417,5,7,2,4523,2410,2113,8,9,17,31,0.258,386.31,205.84,180.47,0.68,0.77,1.45,2.65,376.92,200.83,176.08,0.67,0.75,1.42,2.58,27,31,2.31,2.65,2.25,2.58,103,8.80,8.58,0.30
Elite,RSC006484,AhmedSa-,Tiny Terrors,The Romp,Lunar,N/A,58.62,186,12,15.50,0.552,0.583,7,5,2,4715,2770,1945,10,8,22,27,0.370,404.88,237.86,167.02,0.86,0.69,1.89,2.32,392.92,230.83,162.08,0.83,0.67,1.83,2.25,40,31,3.43,2.66,3.33,2.58,95,8.16,7.92,0.33
Elite,RSC006877,Jolt,Krakens,Tyrants of the Sea,Lunar,N/A,57.99,187,12,15.58,0.445,0.333,4,8,3,4519,2840,1679,12,5,20,39,0.308,385.97,242.57,143.40,1.02,0.43,1.71,3.33,376.58,236.67,139.92,1.00,0.42,1.67,3.25,24,32,2.05,2.73,2.00,2.67,97,8.28,8.08,0.33
Elite,RSC002862,Doodle!,Orochi,The Shrine,Solar,N/A,57.68,212,12,17.67,0.500,0.583,7,5,2,5166,3090,2076,11,10,23,34,0.324,389.20,232.80,156.40,0.83,0.75,1.73,2.56,430.50,257.50,173.00,0.92,0.83,1.92,2.83,35,35,2.64,2.64,2.92,2.92,116,8.74,9.67,0.30
Elite,RSC011177,LMN.,Great Whites,Shark Attack,Solar,N/A,57.09,152,11,13.82,0.459,0.364,4,7,1,3726,2090,1636,12,3,9,29,0.414,391.52,219.61,171.91,1.26,0.32,0.95,3.05,338.73,190.00,148.73,1.09,0.27,0.82,2.64,22,27,2.31,2.84,2.00,2.45,65,6.83,5.91,0.42
Elite,RSC014198,Secretariat,Fire,The Elements,Solar,N/A,57.06,148,8,18.50,0.489,0.375,3,5,1,3707,2180,1527,10,5,14,23,0.435,400.05,235.26,164.79,1.08,0.54,1.51,2.48,463.38,272.50,190.88,1.25,0.63,1.75,2.88,19,20,2.05,2.16,2.38,2.50,81,8.74,10.13,0.25
Elite,RSC004286,Bolbi,Commanders,The King's Court,Lunar,N/A,56.83,140,9,15.56,0.571,0.667,6,3,1,3350,1870,1480,7,4,14,27,0.259,382.18,213.34,168.84,0.80,0.46,1.60,3.08,372.22,207.78,164.44,0.78,0.44,1.56,3.00,24,17,2.74,1.94,2.67,1.89,64,7.30,7.11,0.27
Elite,RSC003830,bradyK-,Great Whites,Shark Attack,Solar,N/A,56.82,79,6,13.17,0.414,0.333,2,4,0,1900,1000,900,4,2,7,15,0.267,384.13,202.17,181.96,0.81,0.40,1.42,3.03,316.67,166.67,150.00,0.67,0.33,1.17,2.50,12,17,2.43,3.44,2.00,2.83,40,8.09,6.67,0.43
Elite,RSC004650,solurr,Kings,The Casino,Lunar,N/A,56.64,208,12,17.33,0.457,0.500,6,6,2,5130,2900,2230,11,9,21,30,0.367,393.92,222.68,171.24,0.84,0.69,1.61,2.30,427.50,241.67,185.83,0.92,0.75,1.75,2.50,28,35,2.15,2.69,2.33,2.92,121,9.29,10.08,0.29
Elite,RSC004662,Dmxtt.,Basilisks,Mythical,Solar,N/A,56.63,188,12,15.67,0.532,0.583,7,5,1,4390,2780,1610,13,7,15,38,0.342,372.96,236.18,136.78,1.10,0.59,1.27,3.23,365.83,231.67,134.17,1.08,0.58,1.25,3.17,33,28,2.80,2.38,2.75,2.33,85,7.22,7.08,0.33
Elite,RSC014170,Ai0n,Tiny Terrors,The Romp,Lunar,N/A,55.63,171,11,15.55,0.563,0.636,7,4,4,4040,2430,1610,9,11,15,23,0.391,377.34,226.97,150.38,0.84,1.03,1.40,2.15,367.27,220.91,146.36,0.82,1.00,1.36,2.09,39,29,3.64,2.71,3.55,2.64,86,8.03,7.82,0.34
Elite,RSC011326,Bailey,Teddy Bears,The Bear Den,Solar,N/A,55.10,193,12,16.08,0.571,0.583,7,5,2,4422,2560,1862,10,11,14,31,0.323,365.94,211.85,154.09,0.83,0.91,1.16,2.57,368.50,213.33,155.17,0.83,0.92,1.17,2.58,36,25,2.98,2.07,3.00,2.08,87,7.20,7.25,0.29
Elite,RSC007811,Gray,Sloths,The Jungle,Solar,N/A,54.57,197,12,16.42,0.456,0.417,5,7,3,4917,2950,1967,12,8,22,25,0.480,398.65,239.17,159.47,0.97,0.65,1.78,2.03,409.75,245.83,163.92,1.00,0.67,1.83,2.08,28,35,2.27,2.84,2.33,2.92,121,9.81,10.08,0.29
Elite,RSC000867,Ritter,Gelato,Fifty-Fifty Pizzeria,Lunar,N/A,53.31,183,12,15.25,0.581,0.750,9,3,3,4137,2620,1517,11,9,15,32,0.344,361.07,228.67,132.40,0.96,0.79,1.31,2.79,344.75,218.33,126.42,0.92,0.75,1.25,2.67,35,23,3.05,2.01,2.92,1.92,76,6.63,6.33,0.30
Elite,RSC005201,Stonewall,Frame Skips,Inconveniences,Solar,N/A,53.25,189,12,15.75,0.551,0.667,8,4,1,4488,2420,2068,7,5,23,32,0.219,379.27,204.51,174.76,0.59,0.42,1.94,2.70,374.00,201.67,172.33,0.58,0.42,1.92,2.67,29,22,2.45,1.86,2.42,1.83,85,7.18,7.08,0.26
Elite,RSC006218,Stingray,Legati,The Sovereign,Lunar,N/A,53.15,105,8,13.13,0.487,0.500,4,4,1,2375,1270,1105,6,5,5,17,0.353,361.27,193.18,168.08,0.91,0.76,0.76,2.59,296.88,158.75,138.13,0.75,0.63,0.63,2.13,17,18,2.59,2.74,2.13,2.25,46,7.00,5.75,0.39
Elite,RSC006468,AlphaChuck,Teddy Bears,The Bear Den,Solar,N/A,52.79,166,10,16.60,0.563,0.600,6,4,1,3776,2290,1486,10,7,13,29,0.345,363.31,220.33,142.98,0.96,0.67,1.25,2.79,377.60,229.00,148.60,1.00,0.70,1.30,2.90,30,22,2.89,2.12,3.00,2.20,76,7.31,7.60,0.29
Elite,RSC008102,Talent?,Peerless Scarred,The Rising,Solar,N/A,52.62,203,12,16.92,0.500,0.583,7,5,4,4869,2920,1949,16,3,16,37,0.432,383.09,229.74,153.34,1.26,0.24,1.26,2.91,405.75,243.33,162.42,1.33,0.25,1.33,3.08,31,31,2.44,2.44,2.58,2.58,100,7.87,8.33,0.31
Elite,RSC005482,Benny!,Goliaths,D20,Lunar,N/A,52.61,189,11,17.18,0.470,0.455,5,6,5,4623,2430,2193,7,7,23,23,0.304,390.67,205.35,185.32,0.59,0.59,1.94,1.94,420.27,220.91,199.36,0.64,0.64,2.09,2.09,23,27,1.94,2.28,2.09,2.45,107,9.04,9.73,0.25
Elite,RSC007386,beretta,Despair,The Shadows,Lunar,N/A,52.45,132,8,16.50,0.553,0.500,4,4,0,2809,1340,1469,3,7,9,24,0.125,339.88,162.14,177.75,0.36,0.85,1.09,2.90,351.13,167.50,183.63,0.38,0.88,1.13,3.00,23,18,2.78,2.18,2.88,2.25,57,6.90,7.13,0.32
Elite,RSC008664,BillyGatez,Embezzlers,Shell Corp,Lunar,N/A,52.43,180,12,15.00,0.424,0.250,3,9,0,4057,2270,1787,9,7,14,32,0.281,359.99,201.42,158.56,0.80,0.62,1.24,2.84,338.08,189.17,148.92,0.75,0.58,1.17,2.67,23,34,2.04,3.02,1.92,2.83,91,8.07,7.58,0.37
Elite,RSC012931,daysil,Hellhounds,Pawverse,Solar,N/A,51.10,187,12,15.58,0.473,0.417,5,7,1,4512,2440,2072,9,6,20,24,0.375,385.37,208.40,176.97,0.77,0.51,1.71,2.05,376.00,203.33,172.67,0.75,0.50,1.67,2.00,27,31,2.31,2.65,2.25,2.58,103,8.80,8.58,0.30
Elite,RSC008555,ShyIsEepy,Commanders,The King's Court,Lunar,N/A,50.96,198,12,16.50,0.545,0.583,7,5,1,4493,2740,1753,17,4,9,39,0.436,362.43,221.02,141.41,1.37,0.32,0.73,3.15,374.42,228.33,146.08,1.42,0.33,0.75,3.25,34,27,2.74,2.18,2.83,2.25,94,7.58,7.83,0.29
Elite,RSC013980,Insert_e,Sloths,The Jungle,Solar,N/A,50.96,197,12,16.42,0.456,0.417,5,7,0,4540,2470,2070,10,6,17,32,0.313,368.08,200.26,167.83,0.81,0.49,1.38,2.59,378.33,205.83,172.50,0.83,0.50,1.42,2.67,28,35,2.27,2.84,2.33,2.92,121,9.81,10.08,0.29
Elite,RSC000666,AEB311,Forest Cobra,Venom Lab,Lunar,N/A,50.65,114,8,14.25,0.394,0.125,1,7,0,2696,1470,1226,6,3,11,17,0.353,377.72,205.95,171.77,0.84,0.42,1.54,2.38,337.00,183.75,153.25,0.75,0.38,1.38,2.13,12,20,1.68,2.80,1.50,2.50,60,8.41,7.50,0.33
Elite,RSC007187,Evil Gooby,Wheelchairs,The Quad Dynasty,Lunar,N/A,49.63,104,8,13.00,0.631,0.750,6,2,0,2338,1030,1308,2,5,9,13,0.154,359.06,158.18,200.88,0.31,0.77,1.38,2.00,292.25,128.75,163.50,0.25,0.63,1.13,1.63,22,12,3.38,1.84,2.75,1.50,45,6.91,5.63,0.27
Elite,RSC007884,Silu.,Forge Defenders,Dwarf Haven,Lunar,N/A,49.04,192,12,16.00,0.698,0.917,11,1,2,4223,2460,1763,9,11,15,26,0.346,351.30,204.64,146.66,0.75,0.92,1.25,2.16,351.92,205.00,146.92,0.75,0.92,1.25,2.17,42,14,3.49,1.16,3.50,1.17,81,6.74,6.75,0.17
Elite,RSC003427,(P|F)ineapple,Kings,The Casino,Lunar,N/A,48.85,149,8,18.63,0.480,0.500,4,4,2,3211,1970,1241,7,6,14,27,0.259,344.20,211.17,133.03,0.75,0.64,1.50,2.89,401.38,246.25,155.13,0.88,0.75,1.75,3.38,21,23,2.25,2.47,2.63,2.88,86,9.22,10.75,0.27
Elite,RSC008330,Jammin,Legati,The Sovereign,Lunar,N/A,48.71,177,12,14.75,0.402,0.333,4,8,2,4105,2220,1885,8,4,19,27,0.296,370.42,200.32,170.09,0.72,0.36,1.71,2.44,342.08,185.00,157.08,0.67,0.33,1.58,2.25,21,35,1.89,3.16,1.75,2.92,91,8.21,7.58,0.38
Elite,RSC000551,Millk_Kup,Goliaths,D20,Lunar,N/A,48.12,140,8,17.50,0.446,0.500,4,4,0,3284,1710,1574,5,5,16,16,0.313,374.65,195.08,179.57,0.57,0.57,1.83,1.83,410.50,213.75,196.75,0.63,0.63,2.00,2.00,17,22,1.94,2.51,2.13,2.75,86,9.81,10.75,0.26
Elite,RSC014057,MH River.,Great Whites,Shark Attack,Solar,N/A,47.92,142,10,14.20,0.428,0.300,3,7,0,2702,1450,1252,4,8,7,30,0.133,303.91,163.09,140.82,0.45,0.90,0.79,3.37,270.20,145.00,125.20,0.40,0.80,0.70,3.00,19,27,2.14,3.04,1.90,2.70,60,6.75,6.00,0.45
Elite,RSC007877,Torro,Frame Skips,Inconveniences,Solar,N/A,47.76,189,12,15.75,0.551,0.667,8,4,2,3984,2300,1684,11,7,10,35,0.314,336.67,194.37,142.31,0.93,0.59,0.85,2.96,332.00,191.67,140.33,0.92,0.58,0.83,2.92,29,22,2.45,1.86,2.42,1.83,85,7.18,7.08,0.26
Elite,RSC010429,Sparky ;),Commanders,The King's Court,Lunar,N/A,47.64,154,9,17.11,0.509,0.556,5,4,2,3333,1850,1483,7,6,12,25,0.280,345.67,191.87,153.81,0.73,0.62,1.24,2.59,370.33,205.56,164.78,0.78,0.67,1.33,2.78,25,24,2.59,2.49,2.78,2.67,72,7.47,8.00,0.33
Elite,RSC013678,imakuu,Forest Cobra,Venom Lab,Lunar,N/A,47.51,163,10,16.30,0.402,0.200,2,8,1,3740,2250,1490,7,7,20,20,0.350,366.47,220.47,146.00,0.69,0.69,1.96,1.96,374.00,225.00,149.00,0.70,0.70,2.00,2.00,19,31,1.86,3.04,1.90,3.10,89,8.72,8.90,0.35
Elite,RSC008363,Jarrtsu,Krakens,Tyrants of the Sea,Lunar,N/A,47.05,187,12,15.58,0.445,0.333,4,8,4,4055,2090,1965,8,4,15,34,0.235,346.34,178.51,167.83,0.68,0.34,1.28,2.90,337.92,174.17,163.75,0.67,0.33,1.25,2.83,24,32,2.05,2.73,2.00,2.67,97,8.28,8.08,0.33
Elite,RSC006945,nuummite,Tiny Terrors,The Romp,Lunar,N/A,46.86,29,2,14.50,0.368,0.000,0,2,0,618,350,268,2,1,1,5,0.400,340.36,192.76,147.60,1.10,0.55,0.55,2.75,309.00,175.00,134.00,1.00,0.50,0.50,2.50,4,6,2.20,3.30,2.00,3.00,19,10.46,9.50,0.32
Elite,RSC001098,Wafe,Pixel Picassos,Art Club,Solar,N/A,45.46,133,8,16.63,0.407,0.250,2,6,2,2873,1510,1363,4,4,14,21,0.190,345.01,181.33,163.68,0.48,0.48,1.68,2.52,359.13,188.75,170.38,0.50,0.50,1.75,2.63,17,26,2.04,3.12,2.13,3.25,75,9.01,9.38,0.35
Elite,RSC005373,dvorl.ttv,Despair,The Shadows,Lunar,N/A,45.26,154,10,15.40,0.507,0.500,5,5,0,3309,1820,1489,11,6,4,22,0.500,343.19,188.76,154.43,1.14,0.62,0.41,2.28,330.90,182.00,148.90,1.10,0.60,0.40,2.20,33,32,3.42,3.32,3.30,3.20,75,7.78,7.50,0.43
Elite,RSC000777,Marcus.,Menthol,Minty Fresh,Lunar,N/A,44.76,71,4,17.75,0.444,0.500,2,2,0,1558,960,598,4,2,7,11,0.364,350.48,215.96,134.52,0.90,0.45,1.57,2.47,389.50,240.00,149.50,1.00,0.50,1.75,2.75,8,10,1.80,2.25,2.00,2.50,40,9.00,10.00,0.25
Elite,RSC008594,ZombZombs,Black-Holes,The Cosmos,Solar,N/A,44.48,205,12,17.08,0.566,0.667,8,4,3,4656,2670,1986,9,5,25,27,0.333,362.75,208.02,154.73,0.70,0.39,1.95,2.10,388.00,222.50,165.50,0.75,0.42,2.08,2.25,38,27,2.96,2.10,3.17,2.25,98,7.64,8.17,0.28
Elite,RSC002500,kalten,Forest Cobra,Venom Lab,Lunar,N/A,44.41,184,12,15.33,0.400,0.167,2,10,0,3940,2060,1880,6,4,19,31,0.194,342.00,178.81,163.19,0.52,0.35,1.65,2.69,328.33,171.67,156.67,0.50,0.33,1.58,2.58,20,34,1.74,2.95,1.67,2.83,99,8.59,8.25,0.34
Elite,RSC000016,Beans,Embezzlers,Shell Corp,Lunar,N/A,43.80,59,4,14.75,0.287,0.000,0,4,0,1202,600,602,2,2,4,10,0.200,325.39,162.42,162.97,0.54,0.54,1.08,2.71,300.50,150.00,150.50,0.50,0.50,1.00,2.50,5,12,1.35,3.25,1.25,3.00,34,9.20,8.50,0.35
Elite,RSC012894,Devyze,Afterburners,Remove Before Flight,Solar,N/A,43.18,204,12,17.00,0.522,0.500,6,6,2,4303,2370,1933,8,6,19,32,0.250,336.89,185.55,151.34,0.63,0.47,1.49,2.51,358.58,197.50,161.08,0.67,0.50,1.58,2.67,26,23,2.04,1.80,2.17,1.92,111,8.69,9.25,0.21
Elite,RSC012891,MZFdoom,Fire,The Elements,Solar,N/A,43.05,194,11,17.64,0.414,0.273,3,8,2,4480,2540,1940,7,3,29,24,0.292,368.83,209.11,159.72,0.58,0.25,2.39,1.98,407.27,230.91,176.36,0.64,0.27,2.64,2.18,21,33,1.73,2.72,1.91,3.00,113,9.30,10.27,0.29
Elite,RSC000787,buckle,Black Widows,Buggin Out,Solar,N/A,43.04,90,5,18.00,0.420,0.600,3,2,1,1824,1060,764,3,3,9,16,0.188,323.69,188.11,135.58,0.53,0.53,1.60,2.84,364.80,212.00,152.80,0.60,0.60,1.80,3.20,10,14,1.77,2.48,2.00,2.80,42,7.45,8.40,0.33
Elite,RSC007207,.S,Legati,The Sovereign,Lunar,N/A,42.99,177,12,14.75,0.402,0.333,4,8,2,3469,1960,1509,7,5,13,36,0.194,313.03,176.86,136.17,0.63,0.45,1.17,3.25,289.08,163.33,125.75,0.58,0.42,1.08,3.00,21,35,1.89,3.16,1.75,2.92,91,8.21,7.58,0.38
Elite,RSC007688,Yami ^^,Peerless Scarred,The Rising,Solar,N/A,42.73,165,10,16.50,0.508,0.600,6,4,2,3597,2000,1597,8,3,16,25,0.320,348.18,193.60,154.59,0.77,0.29,1.55,2.42,359.70,200.00,159.70,0.80,0.30,1.60,2.50,26,25,2.52,2.42,2.60,2.50,78,7.55,7.80,0.32
Elite,RSC003360,flossy,Pixel Picassos,Art Club,Solar,N/A,42.49,202,12,16.83,0.435,0.250,3,9,2,4037,2090,1947,6,13,12,24,0.250,319.20,165.25,153.95,0.47,1.03,0.95,1.90,336.42,174.17,162.25,0.50,1.08,1.00,2.00,28,39,2.21,3.08,2.33,3.25,107,8.46,8.92,0.36
Elite,RSC009461,Deadsinho,Great Whites,Shark Attack,Solar,N/A,42.13,134,9,14.89,0.435,0.333,3,6,1,2674,1210,1464,3,5,9,21,0.143,318.72,144.22,174.50,0.36,0.60,1.07,2.50,297.11,134.44,162.67,0.33,0.56,1.00,2.33,16,22,1.91,2.62,1.78,2.44,57,6.79,6.33,0.39
Elite,RSC008200,Cloudburst,Orochi,The Shrine,Solar,N/A,41.66,212,12,17.67,0.500,0.583,7,5,3,4493,2450,2043,9,6,19,30,0.300,338.50,184.58,153.92,0.68,0.45,1.43,2.26,374.42,204.17,170.25,0.75,0.50,1.58,2.50,35,35,2.64,2.64,2.92,2.92,116,8.74,9.67,0.30
Elite,RSC007655,Geo,Hellhounds,Pawverse,Solar,N/A,40.19,187,12,15.58,0.473,0.417,5,7,4,3786,2240,1546,10,6,13,29,0.345,323.36,191.32,132.04,0.85,0.51,1.11,2.48,315.50,186.67,128.83,0.83,0.50,1.08,2.42,27,31,2.31,2.65,2.25,2.58,103,8.80,8.58,0.30
Elite,RSC014143,Oni,Embezzlers,Shell Corp,Lunar,N/A,39.90,62,4,15.50,0.198,0.000,0,4,0,1183,470,713,2,1,2,12,0.167,304.75,121.08,183.68,0.52,0.26,0.52,3.09,295.75,117.50,178.25,0.50,0.25,0.50,3.00,4,15,1.03,3.86,1.00,3.75,34,8.76,8.50,0.44
Elite,RSC014025,Chillax,Sloths,The Jungle,Solar,N/A,39.20,89,6,14.83,0.376,0.167,1,5,2,1822,930,892,2,5,8,8,0.250,326.97,166.90,160.08,0.36,0.90,1.44,1.44,303.67,155.00,148.67,0.33,0.83,1.33,1.33,12,20,2.15,3.59,2.00,3.33,56,10.05,9.33,0.36
Elite,RSC005257,P0pfgf,Peerless Scarred,The Rising,Solar,N/A,39.00,109,6,18.17,0.422,0.333,2,4,0,2142,1200,942,2,5,12,15,0.133,313.87,175.84,138.03,0.29,0.73,1.76,2.20,357.00,200.00,157.00,0.33,0.83,2.00,2.50,12,17,1.76,2.49,2.00,2.83,54,7.91,9.00,0.31
Elite,RSC001199,Classy,Menthol,Minty Fresh,Lunar,N/A,38.88,126,8,15.75,0.437,0.375,3,5,0,2439,1240,1199,4,2,10,24,0.167,309.17,157.18,151.99,0.51,0.25,1.27,3.04,304.88,155.00,149.88,0.50,0.25,1.25,3.00,14,19,1.77,2.41,1.75,2.38,64,8.11,8.00,0.30
Elite,RSC008408,LoonaStarrr,Menthol,Minty Fresh,Lunar,N/A,38.51,149,11,13.55,0.376,0.273,3,8,0,2956,1530,1426,5,4,12,23,0.217,316.86,164.01,152.86,0.54,0.43,1.29,2.47,268.73,139.09,129.64,0.45,0.36,1.09,2.09,14,27,1.50,2.89,1.27,2.45,80,8.58,7.27,0.34
Elite,RSC004109,Hawkish,Basilisks,Mythical,Solar,N/A,37.92,127,8,15.88,0.585,0.750,6,2,0,2423,1450,973,7,5,6,20,0.350,304.72,182.35,122.37,0.88,0.63,0.75,2.52,302.88,181.25,121.63,0.88,0.63,0.75,2.50,25,17,3.14,2.14,3.13,2.13,56,7.04,7.00,0.30
Elite,RSC008320,Jhammy.,Wheelchairs,The Quad Dynasty,Lunar,N/A,37.87,92,6,15.33,0.693,0.833,5,1,3,2020,1210,810,8,1,5,11,0.727,350.68,210.06,140.62,1.39,0.17,0.87,1.91,336.67,201.67,135.00,1.33,0.17,0.83,1.83,21,9,3.65,1.56,3.50,1.50,38,6.60,6.33,0.24
Elite,RSC003561,Dooober,Sloths,The Jungle,Solar,N/A,37.58,108,6,18.00,0.515,0.667,4,2,3,2329,1360,969,4,3,14,11,0.364,344.43,201.13,143.30,0.59,0.44,2.07,1.63,388.17,226.67,161.50,0.67,0.50,2.33,1.83,16,15,2.37,2.22,2.67,2.50,65,9.61,10.83,0.23
Elite,RSC005508,Lil Windex,Black Widows,Buggin Out,Solar,N/A,37.11,196,12,16.33,0.437,0.500,6,6,0,3595,1750,1845,6,3,12,40,0.150,292.95,142.61,150.35,0.49,0.24,0.98,3.26,299.58,145.83,153.75,0.50,0.25,1.00,3.33,19,27,1.55,2.20,1.58,2.25,93,7.58,7.75,0.29
Elite,RSC008479,Yaki,Black Widows,Buggin Out,Solar,N/A,37.08,145,9,16.11,0.431,0.444,4,5,0,2872,1720,1152,8,1,12,27,0.296,316.35,189.46,126.89,0.88,0.11,1.32,2.97,319.11,191.11,128.00,0.89,0.11,1.33,3.00,14,20,1.54,2.20,1.56,2.22,70,7.71,7.78,0.29
Elite,RSC009926,Eggie D,Afterburners,Remove Before Flight,Solar,N/A,36.83,204,12,17.00,0.522,0.500,6,6,4,4073,2260,1813,10,4,15,31,0.323,318.89,176.94,141.95,0.78,0.31,1.17,2.43,339.42,188.33,151.08,0.83,0.33,1.25,2.58,26,23,2.04,1.80,2.17,1.92,111,8.69,9.25,0.21
Elite,RSC006395,Gizmo,Black Widows,Buggin Out,Solar,N/A,36.55,157,10,15.70,0.435,0.500,5,5,3,3162,1500,1662,2,4,18,20,0.100,321.67,152.60,169.08,0.20,0.41,1.83,2.03,316.20,150.00,166.20,0.20,0.40,1.80,2.00,14,20,1.42,2.03,1.40,2.00,74,7.53,7.40,0.27
Elite,RSC006885,bev,Forest Cobra,Venom Lab,Lunar,N/A,36.15,21,2,10.50,0.225,0.000,0,2,0,392,70,322,0,1,0,2,0.000,298.14,53.24,244.90,0.00,0.76,0.00,1.52,196.00,35.00,161.00,0.00,0.50,0.00,1.00,1,3,0.76,2.28,0.50,1.50,10,7.61,5.00,0.30
Elite,RSC002161,TheAngryTryhard,Raptors,Mach Velocity,Lunar,N/A,36.09,170,12,14.17,0.500,0.667,8,4,2,3366,1560,1806,5,5,12,21,0.238,316.24,146.56,169.68,0.47,0.47,1.13,1.97,280.50,130.00,150.50,0.42,0.42,1.00,1.75,22,22,2.07,2.07,1.83,1.83,90,8.46,7.50,0.24
Elite,RSC014001,Sno1w,Forest Cobra,Venom Lab,Lunar,N/A,35.90,70,4,17.50,0.355,0.250,1,3,0,1262,700,562,1,1,8,15,0.067,287.95,159.72,128.23,0.23,0.23,1.83,3.42,315.50,175.00,140.50,0.25,0.25,2.00,3.75,8,14,1.83,3.19,2.00,3.50,39,8.90,9.75,0.36
Elite,RSC008324,huday,Kings,The Casino,Lunar,N/A,33.63,208,12,17.33,0.457,0.500,6,6,0,4122,2320,1802,8,7,19,22,0.364,316.52,178.15,138.37,0.61,0.54,1.46,1.69,343.50,193.33,150.17,0.67,0.58,1.58,1.83,28,35,2.15,2.69,2.33,2.92,121,9.29,10.08,0.29
Elite,RSC008230,ShelbyCyan,Orochi,The Shrine,Solar,N/A,33.21,102,6,17.00,0.470,0.667,4,2,1,1972,1250,722,4,5,10,10,0.400,308.79,195.73,113.06,0.63,0.78,1.57,1.57,328.67,208.33,120.33,0.67,0.83,1.67,1.67,15,17,2.35,2.66,2.50,2.83,60,9.40,10.00,0.28
Elite,RSC006273,chawes.,Raptors,Mach Velocity,Lunar,N/A,32.08,63,4,15.75,0.249,0.250,1,3,2,1183,700,483,2,1,7,10,0.200,299.91,177.46,122.45,0.51,0.25,1.77,2.54,295.75,175.00,120.75,0.50,0.25,1.75,2.50,4,12,1.01,3.04,1.00,3.00,32,8.11,8.00,0.38
Elite,RSC008655,ReL Corsa,Fire,The Elements,Solar,N/A,31.20,181,10,18.10,0.421,0.300,3,7,1,3367,1590,1777,3,4,17,24,0.125,297.11,140.30,156.81,0.26,0.35,1.50,2.12,336.70,159.00,177.70,0.30,0.40,1.70,2.40,20,30,1.76,2.65,2.00,3.00,105,9.27,10.50,0.29
Elite,RSC005308,6 lbs of Yeet,Pixel Picassos,Art Club,Solar,N/A,29.96,69,4,17.25,0.454,0.250,1,3,0,1254,760,494,4,1,4,11,0.364,290.27,175.92,114.35,0.93,0.23,0.93,2.55,313.50,190.00,123.50,1.00,0.25,1.00,2.75,11,13,2.55,3.01,2.75,3.25,32,7.41,8.00,0.41
Elite,RSC003277,Miikey.RL,Basilisks,Mythical,Solar,N/A,29.78,61,4,15.25,0.416,0.250,1,3,0,1161,660,501,2,2,6,6,0.333,303.99,172.81,131.18,0.52,0.52,1.57,1.57,290.25,165.00,125.25,0.50,0.50,1.50,1.50,8,11,2.09,2.88,2.00,2.75,29,7.59,7.25,0.38
Elite,RSC007129,EKA Luminous,Embezzlers,Shell Corp,Lunar,N/A,26.88,180,12,15.00,0.424,0.250,3,9,0,3085,1660,1425,6,4,12,26,0.231,273.74,147.30,126.44,0.53,0.35,1.06,2.31,257.08,138.33,118.75,0.50,0.33,1.00,2.17,23,34,2.04,3.02,1.92,2.83,91,8.07,7.58,0.37
Elite,RSC008955,Ivellios,Menthol,Minty Fresh,Lunar,N/A,26.00,122,9,13.56,0.351,0.111,1,8,1,2071,960,1111,2,3,9,16,0.125,271.13,125.68,145.45,0.26,0.39,1.18,2.09,230.11,106.67,123.44,0.22,0.33,1.00,1.78,12,25,1.57,3.27,1.33,2.78,64,8.38,7.11,0.39
Elite,RSC006613,steel.reserve,Afterburners,Remove Before Flight,Solar,N/A,23.36,66,4,16.50,0.460,0.500,2,2,0,1278,710,568,1,0,11,6,0.167,309.27,171.82,137.45,0.24,0.00,2.66,1.45,319.50,177.50,142.00,0.25,0.00,2.75,1.50,5,6,1.21,1.45,1.25,1.50,39,9.44,9.75,0.15
Elite,RSC013021,Trvyn,Goliaths,D20,Lunar,N/A,21.52,71,4,17.75,0.556,0.500,2,2,1,1102,490,612,2,2,2,9,0.222,247.90,110.23,137.67,0.45,0.45,0.45,2.02,275.50,122.50,153.00,0.50,0.50,0.50,2.25,10,8,2.25,1.80,2.50,2.00,31,6.97,7.75,0.26
Elite,RSC006933,gamita,Krakens,Tyrants of the Sea,Lunar,N/A,20.94,128,8,16.00,0.488,0.375,3,5,0,1983,1060,923,2,7,8,11,0.182,247.44,132.27,115.17,0.25,0.87,1.00,1.37,247.88,132.50,115.38,0.25,0.88,1.00,1.38,17,18,2.12,2.25,2.13,2.25,61,7.61,7.63,0.30
Elite,RSC002691,iSuperiorAlpha,Krakens,Tyrants of the Sea,Lunar,N/A,20.79,59,4,14.75,0.317,0.250,1,3,0,1003,510,493,2,1,4,6,0.333,271.52,138.06,133.46,0.54,0.27,1.08,1.62,250.75,127.50,123.25,0.50,0.25,1.00,1.50,7,14,1.89,3.79,1.75,3.50,36,9.75,9.00,0.39
Elite,RSC007855,Dub_Dill,Fire,The Elements,Solar,N/A,16.90,107,7,15.29,0.283,0.000,0,7,0,1422,740,682,3,2,3,19,0.158,212.26,110.46,101.80,0.45,0.30,0.45,2.84,203.14,105.71,97.43,0.43,0.29,0.43,2.71,9,25,1.34,3.73,1.29,3.57,61,9.11,8.71,0.41
Elite,RSC007979,roxaa.,Goliaths,D20,Lunar,N/A,10.99,22,1,22.00,0.613,1.000,1,0,0,252,130,122,0,1,1,3,0.000,182.95,94.38,88.57,0.00,0.73,0.73,2.18,252.00,130.00,122.00,0.00,1.00,1.00,3.00,4,3,2.90,2.18,4.00,3.00,10,7.26,10.00,0.30
Elite,RSC000334,Crabasaur,Legati,The Sovereign,Lunar,N/A,-0.40,72,4,18.00,0.181,0.000,0,4,1,896,410,486,0,0,7,6,0.000,198.76,90.95,107.81,0.00,0.00,1.55,1.33,224.00,102.50,121.50,0.00,0.00,1.75,1.50,4,17,0.89,3.77,1.00,4.25,45,9.98,11.25,0.38
Veteran,RSC012784,StanleyMilkner,Gorillas,The Jungle,Solar,N/A,116.80,52,4,13.00,0.573,0.750,3,1,2,1994,1190,804,5,2,9,14,0.357,614.54,366.75,247.79,1.54,0.62,2.77,4.31,498.50,297.50,201.00,1.25,0.50,2.25,3.50,8,6,2.47,1.85,2.00,1.50,31,9.55,7.75,0.19
Veteran,RSC003618,Creature,Tummy Tables,The Romp,Lunar,N/A,87.85,188,11,17.09,0.564,0.727,8,3,5,5752,3510,2242,19,8,15,46,0.413,490.33,299.21,191.12,1.62,0.68,1.28,3.92,522.91,319.09,203.82,1.73,0.73,1.36,4.18,37,27,3.15,2.30,3.36,2.45,80,6.82,7.27,0.34
Veteran,RSC006832,Bewear.,Tummy Tables,The Romp,Lunar,N/A,81.39,23,2,11.50,0.359,0.000,0,2,0,748,390,358,3,1,0,4,0.750,521.20,271.75,249.45,2.09,0.70,0.00,2.79,374.00,195.00,179.00,1.50,0.50,0.00,2.00,4,6,2.79,4.18,2.00,3.00,12,8.36,6.00,0.50
Veteran,RSC001019,Surge,Kirin,The Shrine,Solar,N/A,80.92,188,12,15.67,0.507,0.417,5,7,3,5631,3210,2421,12,8,25,36,0.333,480.02,273.64,206.38,1.02,0.68,2.13,3.07,469.25,267.50,201.75,1.00,0.67,2.08,3.00,28,27,2.39,2.30,2.33,2.25,100,8.52,8.33,0.27
Veteran,RSC007213,Py Ballwin,Drunken Dwarfs,Dwarf Haven,Lunar,N/A,78.19,58,4,14.50,0.579,0.750,3,1,2,1572,870,702,4,4,3,12,0.333,434.36,240.39,193.97,1.11,1.11,0.83,3.32,393.00,217.50,175.50,1.00,1.00,0.75,3.00,12,9,3.32,2.49,3.00,2.25,18,4.97,4.50,0.50
Veteran,RSC008400,Itzmoose,Mages,The King's Court,Lunar,N/A,76.59,186,11,16.91,0.575,0.636,7,4,3,5020,3030,1990,12,8,20,43,0.279,432.53,261.07,171.46,1.03,0.69,1.72,3.70,456.36,275.45,180.91,1.09,0.73,1.82,3.91,31,21,2.67,1.81,2.82,1.91,86,7.41,7.82,0.24
Veteran,RSC005485,Exilesbad,"Drunken Dwarfs
Giant Squids
Pump and Dump","Dwarf Haven
Tyrants of the Sea
Shell Corp","Lunar
Lunar
Lunar","N/A
N/A
N/A",76.08,218,12,18.17,0.587,0.750,9,3,5,6063,3810,2253,19,7,21,51,0.373,445.72,280.09,165.63,1.40,0.51,1.54,3.75,505.25,317.50,187.75,1.58,0.58,1.75,4.25,41,26,3.01,1.91,3.42,2.17,95,6.98,7.92,0.27
Veteran,RSC000278,Tinsel,Peppermint,Minty Fresh,Lunar,N/A,75.35,90,6,15.00,0.448,0.500,3,3,3,2515,1430,1085,6,4,9,18,0.333,447.84,254.64,193.20,1.07,0.71,1.60,3.21,419.17,238.33,180.83,1.00,0.67,1.50,3.00,12,15,2.14,2.67,2.00,2.50,46,8.19,7.67,0.33
Veteran,RSC004872,JustWaben,Cannoli,Fifty-Fifty Pizzeria,Lunar,N/A,73.75,196,12,16.33,0.565,0.750,9,3,5,5173,3340,1833,10,13,27,34,0.294,422.98,273.10,149.88,0.82,1.06,2.21,2.78,431.08,278.33,152.75,0.83,1.08,2.25,2.83,35,25,2.86,2.04,2.92,2.08,100,8.18,8.33,0.25
Veteran,RSC007024,Smyte.,Praetoriani,The Sovereign,Lunar,N/A,72.78,106,8,13.25,0.683,0.750,6,2,2,2374,1270,1104,3,8,6,27,0.111,358.93,192.01,166.91,0.45,1.21,0.91,4.08,296.75,158.75,138.00,0.38,1.00,0.75,3.38,22,9,3.33,1.36,2.75,1.13,35,5.29,4.38,0.26
Veteran,RSC004766,Envy Raptor,Grizzly Bears,The Bear Den,Solar,N/A,72.25,57,4,14.25,0.565,0.750,3,1,1,1319,610,709,2,3,2,16,0.125,370.85,171.51,199.34,0.56,0.84,0.56,4.50,329.75,152.50,177.25,0.50,0.75,0.50,4.00,9,7,2.53,1.97,2.25,1.75,18,5.06,4.50,0.39
Veteran,RSC005088,13,Dogfight,Remove Before Flight,Solar,N/A,71.40,199,12,16.58,0.567,0.667,8,4,3,4823,3190,1633,13,13,16,44,0.295,388.41,256.90,131.51,1.05,1.05,1.29,3.54,401.92,265.83,136.08,1.08,1.08,1.33,3.67,38,27,3.06,2.17,3.17,2.25,95,7.65,7.92,0.28
Veteran,RSC008553,Choco,Gorillas,The Jungle,Solar,N/A,70.47,176,12,14.67,0.589,0.833,10,2,3,4683,2810,1873,7,11,26,26,0.269,426.42,255.87,170.55,0.64,1.00,2.37,2.37,390.25,234.17,156.08,0.58,0.92,2.17,2.17,32,20,2.91,1.82,2.67,1.67,82,7.47,6.83,0.24
Veteran,RSC008557,lowcortisol lurx,Tummy Tables,The Romp,Lunar,N/A,70.01,136,8,17.00,0.604,0.750,6,2,3,3375,2050,1325,8,10,10,25,0.320,397.71,241.57,156.14,0.94,1.18,1.18,2.95,421.88,256.25,165.63,1.00,1.25,1.25,3.13,26,16,3.06,1.89,3.25,2.00,60,7.07,7.50,0.27
Veteran,RSC005048,Heyzisthename,Gorillas,The Jungle,Solar,N/A,69.09,176,12,14.67,0.589,0.833,10,2,3,4729,2720,2009,13,8,14,32,0.406,430.61,247.68,182.94,1.18,0.73,1.27,2.91,394.08,226.67,167.42,1.08,0.67,1.17,2.67,32,20,2.91,1.82,2.67,1.67,82,7.47,6.83,0.24
Veteran,RSC000960,Catlas,Dragonborn,D20,Lunar,N/A,66.95,138,10,13.80,0.556,0.500,5,5,2,3547,2120,1427,10,6,11,27,0.370,411.92,246.20,165.72,1.16,0.70,1.28,3.14,354.70,212.00,142.70,1.00,0.60,1.10,2.70,25,19,2.90,2.21,2.50,1.90,66,7.66,6.60,0.29
Veteran,RSC014097,Dizz5625,Mosaic Maestros,Art Club,Solar,N/A,66.73,27,2,13.50,0.870,1.000,2,0,0,698,330,368,0,2,4,3,0.000,414.31,195.88,218.43,0.00,1.19,2.37,1.78,349.00,165.00,184.00,0.00,1.00,2.00,1.50,5,1,2.97,0.59,2.50,0.50,11,6.53,5.50,0.09
Veteran,RSC002668,Bird Queen <3,Fer-de-Lance,Venom Lab,Lunar,N/A,65.48,43,2,21.50,0.406,0.500,1,1,1,1007,650,357,3,2,3,10,0.300,375.31,242.26,133.05,1.12,0.75,1.12,3.73,503.50,325.00,178.50,1.50,1.00,1.50,5.00,6,8,2.24,2.98,3.00,4.00,17,6.34,8.50,0.47
Veteran,RSC002730,Aquap,Grizzly Bears,The Bear Den,Solar,N/A,64.73,184,12,15.33,0.519,0.667,8,4,6,4699,2760,1939,14,10,11,31,0.452,409.28,240.39,168.88,1.22,0.87,0.96,2.70,391.58,230.00,161.58,1.17,0.83,0.92,2.58,33,30,2.87,2.61,2.75,2.50,84,7.32,7.00,0.36
Veteran,RSC005314,daggumbigfeet,Mosaic Maestros,Art Club,Solar,N/A,64.21,24,1,24.00,0.390,0.000,0,1,0,491,320,171,1,1,2,7,0.143,327.87,213.68,114.19,0.67,0.67,1.34,4.67,491.00,320.00,171.00,1.00,1.00,2.00,7.00,3,4,2.00,2.67,3.00,4.00,8,5.34,8.00,0.50
Veteran,RSC007341,Squashy,Nighthawks,Mach Velocity,Lunar,N/A,63.05,156,10,15.60,0.557,0.700,7,3,1,3465,1950,1515,5,11,12,30,0.167,355.97,200.33,155.64,0.51,1.13,1.23,3.08,346.50,195.00,151.50,0.50,1.10,1.20,3.00,29,22,2.98,2.26,2.90,2.20,71,7.29,7.10,0.31
Veteran,RSC008442,Billionninja,Dragonborn,D20,Lunar,N/A,62.82,167,12,13.92,0.500,0.417,5,7,3,4436,2730,1706,11,7,21,23,0.478,425.70,261.98,163.72,1.06,0.67,2.02,2.21,369.67,227.50,142.17,0.92,0.58,1.75,1.92,27,27,2.59,2.59,2.25,2.25,90,8.64,7.50,0.30
Veteran,RSC013860,Dokreo,Middy Meowers,Pawverse,Solar,N/A,62.29,160,11,14.55,0.527,0.636,7,4,1,3787,2290,1497,6,11,18,24,0.250,379.32,229.37,149.94,0.60,1.10,1.80,2.40,344.27,208.18,136.09,0.55,1.00,1.64,2.18,23,20,2.30,2.00,2.09,1.82,72,7.21,6.55,0.28
Veteran,RSC013987,MrToastyy99,Dogfight,Remove Before Flight,Solar,N/A,61.85,199,12,16.58,0.567,0.667,8,4,1,4787,2860,1927,9,12,21,31,0.290,385.51,230.33,155.19,0.72,0.97,1.69,2.50,398.92,238.33,160.58,0.75,1.00,1.75,2.58,38,27,3.06,2.17,3.17,2.25,95,7.65,7.92,0.28
Veteran,RSC005664,LEBRON JAMES,"Peppermint
Luna Moths","Minty Fresh
Buggin Out","Lunar
Solar","N/A
N/A",61.61,126,8,15.75,0.595,0.625,5,3,3,3147,2190,957,11,4,13,24,0.458,400.27,278.55,121.72,1.40,0.51,1.65,3.05,393.38,273.75,119.63,1.38,0.50,1.63,3.00,22,14,2.80,1.78,2.75,1.75,58,7.38,7.25,0.24
Veteran,RSC003945,Gaw1f3d,Praetoriani,The Sovereign,Lunar,N/A,61.11,125,8,15.63,0.511,0.500,4,4,1,3034,2000,1034,9,4,13,25,0.360,388.99,256.42,132.57,1.15,0.51,1.67,3.21,379.25,250.00,129.25,1.13,0.50,1.63,3.13,20,19,2.56,2.44,2.50,2.38,57,7.31,7.13,0.33
Veteran,RSC014026,SirChaka1,Drunken Dwarfs,Dwarf Haven,Lunar,N/A,60.85,146,8,18.25,0.632,0.625,5,3,2,3548,2170,1378,10,3,14,32,0.313,389.46,238.20,151.26,1.10,0.33,1.54,3.51,443.50,271.25,172.25,1.25,0.38,1.75,4.00,25,13,2.74,1.43,3.13,1.63,63,6.92,7.88,0.21
Veteran,RSC007459,turbidd,Drunken Dwarfs,Dwarf Haven,Lunar,N/A,60.21,128,8,16.00,0.619,0.750,6,2,1,2844,1580,1264,6,6,8,28,0.214,356.08,197.82,158.26,0.75,0.75,1.00,3.51,355.50,197.50,158.00,0.75,0.75,1.00,3.50,26,15,3.26,1.88,3.25,1.88,46,5.76,5.75,0.33
Veteran,RSC007607,GameGang,Nighthawks,Mach Velocity,Lunar,N/A,60.03,183,12,15.25,0.500,0.583,7,5,4,4717,2710,2007,13,8,15,26,0.500,413.09,237.33,175.76,1.14,0.70,1.31,2.28,393.08,225.83,167.25,1.08,0.67,1.25,2.17,32,32,2.80,2.80,2.67,2.67,87,7.62,7.25,0.37
Veteran,RSC012888,Chillin,Pump and Dump,Shell Corp,Lunar,N/A,59.75,207,12,17.25,0.506,0.583,7,5,4,4908,3080,1828,13,9,19,38,0.342,379.98,238.46,141.53,1.01,0.70,1.47,2.94,409.00,256.67,152.33,1.08,0.75,1.58,3.17,32,31,2.48,2.40,2.67,2.58,107,8.28,8.92,0.29
Veteran,RSC004780,KAYO,Middy Meowers,Pawverse,Solar,N/A,59.52,160,11,14.55,0.527,0.636,7,4,4,3891,2310,1581,14,3,8,36,0.389,389.74,231.38,158.36,1.40,0.30,0.80,3.61,353.73,210.00,143.73,1.27,0.27,0.73,3.27,23,20,2.30,2.00,2.09,1.82,72,7.21,6.55,0.28
Veteran,RSC008172,Vera,Giraffes,Safari,Solar,N/A,59.31,123,8,15.38,0.424,0.375,3,5,2,3283,1970,1313,11,1,12,22,0.500,427.76,256.68,171.08,1.43,0.13,1.56,2.87,410.38,246.25,164.13,1.38,0.13,1.50,2.75,17,24,2.22,3.13,2.13,3.00,67,8.73,8.38,0.36
Veteran,RSC012386,mushroom,Praetoriani,The Sovereign,Lunar,N/A,58.83,176,12,14.67,0.537,0.583,7,5,3,4280,2400,1880,10,7,15,30,0.333,389.73,218.54,171.19,0.91,0.64,1.37,2.73,356.67,200.00,156.67,0.83,0.58,1.25,2.50,28,23,2.55,2.09,2.33,1.92,77,7.01,6.42,0.30
Veteran,RSC000197,kareemostyle,Pushwalkers,The Quad Dynasty,Lunar,N/A,58.55,189,12,15.75,0.508,0.583,7,5,2,4454,2540,1914,10,5,18,39,0.256,377.68,215.38,162.30,0.85,0.42,1.53,3.31,371.17,211.67,159.50,0.83,0.42,1.50,3.25,25,24,2.12,2.04,2.08,2.00,93,7.89,7.75,0.26
Veteran,RSC013873,robotman321,Gorillas,The Jungle,Solar,N/A,58.51,124,8,15.50,0.615,0.875,7,1,2,2784,1520,1264,7,8,4,22,0.318,359.81,196.45,163.36,0.90,1.03,0.52,2.84,348.00,190.00,158.00,0.88,1.00,0.50,2.75,24,14,3.10,1.81,3.00,1.75,51,6.59,6.38,0.27
Veteran,RSC001321,HannandGrenade,Double Commit,Inconveniences,Solar,N/A,58.03,157,10,15.70,0.477,0.300,3,7,2,3811,2280,1531,10,5,15,28,0.357,389.02,232.74,156.28,1.02,0.51,1.53,2.86,381.10,228.00,153.10,1.00,0.50,1.50,2.80,26,29,2.65,2.96,2.60,2.90,83,8.47,8.30,0.35
Veteran,RSC014093,Akuma,Peppermint,Minty Fresh,Lunar,N/A,57.94,179,12,14.92,0.507,0.500,6,6,1,4306,2230,2076,7,8,17,28,0.250,385.52,199.66,185.87,0.63,0.72,1.52,2.51,358.83,185.83,173.00,0.58,0.67,1.42,2.33,28,27,2.51,2.42,2.33,2.25,88,7.88,7.33,0.31
Veteran,RSC007660,Shraxl,Nighthawks,Mach Velocity,Lunar,N/A,57.71,183,12,15.25,0.500,0.583,7,5,2,4362,2700,1662,14,6,13,35,0.400,382.00,236.45,145.55,1.23,0.53,1.14,3.07,363.50,225.00,138.50,1.17,0.50,1.08,2.92,32,32,2.80,2.80,2.67,2.67,87,7.62,7.25,0.37
Veteran,RSC013950,The-JDViirus,Drunken Dwarfs,Dwarf Haven,Lunar,N/A,57.62,128,8,16.00,0.619,0.750,6,2,1,2922,1810,1112,9,5,8,26,0.346,365.85,226.62,139.23,1.13,0.63,1.00,3.26,365.25,226.25,139.00,1.13,0.63,1.00,3.25,26,15,3.26,1.88,3.25,1.88,46,5.76,5.75,0.33
Veteran,RSC013526,Burrito,Double Commit,Inconveniences,Solar,N/A,57.50,152,10,15.20,0.515,0.500,5,5,1,3437,2250,1187,9,9,13,25,0.360,362.38,237.23,125.15,0.95,0.95,1.37,2.64,343.70,225.00,118.70,0.90,0.90,1.30,2.50,29,27,3.06,2.85,2.90,2.70,75,7.91,7.50,0.36
Veteran,RSC007613,Squatch .,Sons of Ares,The Rising,Solar,N/A,57.25,154,9,17.11,0.492,0.333,3,6,1,3561,2250,1311,9,5,16,30,0.300,370.58,234.15,136.43,0.94,0.52,1.67,3.12,395.67,250.00,145.67,1.00,0.56,1.78,3.33,25,26,2.60,2.71,2.78,2.89,81,8.43,9.00,0.32
Veteran,RSC002097,NoobZ,Sons of Ares,The Rising,Solar,N/A,55.51,154,9,17.11,0.492,0.333,3,6,1,3864,2210,1654,9,5,17,21,0.429,402.11,229.99,172.13,0.94,0.52,1.77,2.19,429.33,245.56,183.78,1.00,0.56,1.89,2.33,25,26,2.60,2.71,2.78,2.89,81,8.43,9.00,0.32
Veteran,RSC002330,JesterGG,Kirin,The Shrine,Solar,N/A,55.45,126,8,15.75,0.475,0.375,3,5,1,3177,1880,1297,7,3,17,18,0.389,404.09,239.12,164.97,0.89,0.38,2.16,2.29,397.13,235.00,162.13,0.88,0.38,2.13,2.25,16,18,2.04,2.29,2.00,2.25,70,8.90,8.75,0.26
Veteran,RSC007017,Speed_demon1215,Luna Moths,Buggin Out,Solar,N/A,54.73,187,11,17.00,0.500,0.455,5,6,1,4118,2350,1768,6,10,19,30,0.200,352.92,201.40,151.52,0.51,0.86,1.63,2.57,374.36,213.64,160.73,0.55,0.91,1.73,2.73,26,26,2.23,2.23,2.36,2.36,87,7.46,7.91,0.30
Veteran,RSC007143,OmniMurders,Dread,The Shadows,Lunar,N/A,54.67,141,10,14.10,0.347,0.300,3,7,2,3294,1680,1614,5,5,14,23,0.217,374.40,190.95,183.45,0.57,0.57,1.59,2.61,329.40,168.00,161.40,0.50,0.50,1.40,2.30,15,32,1.70,3.64,1.50,3.20,87,9.89,8.70,0.37
Veteran,RSC000200,Jonezy,Makos,Shark Attack,Solar,N/A,53.62,193,12,16.08,0.521,0.500,6,6,2,4294,2570,1724,10,6,18,37,0.270,356.56,213.41,143.16,0.83,0.50,1.49,3.07,357.83,214.17,143.67,0.83,0.50,1.50,3.08,28,25,2.33,2.08,2.33,2.08,96,7.97,8.00,0.26
Veteran,RSC004487,savant,Giant Squids,Tyrants of the Sea,Lunar,N/A,53.15,142,8,17.75,0.454,0.375,3,5,1,3159,1810,1349,7,8,10,21,0.333,356.53,204.28,152.25,0.79,0.90,1.13,2.37,394.88,226.25,168.63,0.88,1.00,1.25,2.63,22,27,2.48,3.05,2.75,3.38,65,7.34,8.13,0.42
Veteran,RSC006378,depressed vibez,"Tummy Tables
Grizzly Bears
Double Commit","The Romp
The Bear Den
Inconveniences","Lunar
Solar
Solar","N/A
N/A
N/A",53.14,191,12,15.92,0.466,0.417,5,7,1,4252,2340,1912,8,10,15,29,0.276,356.77,196.34,160.43,0.67,0.84,1.26,2.43,354.33,195.00,159.33,0.67,0.83,1.25,2.42,33,39,2.77,3.27,2.75,3.25,93,7.80,7.75,0.42
Veteran,RSC004239,Nitro,Mosaic Maestros,Art Club,Solar,N/A,52.90,92,5,18.40,0.627,0.600,3,2,0,1837,1220,617,5,3,7,22,0.227,320.00,212.52,107.48,0.87,0.52,1.22,3.83,367.40,244.00,123.40,1.00,0.60,1.40,4.40,14,8,2.44,1.39,2.80,1.60,39,6.79,7.80,0.21
Veteran,RSC008116,Jake,Blackjack,The Casino,Lunar,N/A,51.92,101,6,16.83,0.393,0.167,1,5,0,2294,1230,1064,3,2,13,18,0.167,364.00,195.17,168.83,0.48,0.32,2.06,2.86,382.33,205.00,177.33,0.50,0.33,2.17,3.00,12,19,1.90,3.01,2.00,3.17,61,9.68,10.17,0.31
Veteran,RSC005778,Kwispay,Blackjack,The Casino,Lunar,N/A,51.85,205,12,17.08,0.415,0.167,2,10,1,4749,2670,2079,9,6,23,32,0.281,371.26,208.73,162.53,0.70,0.47,1.80,2.50,395.75,222.50,173.25,0.75,0.50,1.92,2.67,20,32,1.56,2.50,1.67,2.67,122,9.54,10.17,0.26
Veteran,RSC006851,Redstorm Trooper,Mages,The King's Court,Lunar,N/A,51.48,173,10,17.30,0.590,0.700,7,3,2,3739,2330,1409,11,6,12,33,0.333,346.37,215.84,130.53,1.02,0.56,1.11,3.06,373.90,233.00,140.90,1.10,0.60,1.20,3.30,30,19,2.78,1.76,3.00,1.90,78,7.23,7.80,0.24
Veteran,RSC013356,wumie,Luna Moths,Buggin Out,Solar,N/A,51.45,37,2,18.50,0.624,0.500,1,1,0,824,570,254,3,1,3,7,0.429,356.91,246.89,110.02,1.30,0.43,1.30,3.03,412.00,285.00,127.00,1.50,0.50,1.50,3.50,6,4,2.60,1.73,3.00,2.00,15,6.50,7.50,0.27
Veteran,RSC006869,Flurry ^-^,Fer-de-Lance,Venom Lab,Lunar,N/A,51.20,191,12,15.92,0.407,0.250,3,9,1,4060,2360,1700,6,9,20,31,0.194,340.66,198.02,142.64,0.50,0.76,1.68,2.60,338.33,196.67,141.67,0.50,0.75,1.67,2.58,20,33,1.68,2.77,1.67,2.75,103,8.64,8.58,0.32
Veteran,RSC002544,CKNFanboy67,Makos,Shark Attack,Solar,N/A,51.04,193,12,16.08,0.521,0.500,6,6,1,4322,2650,1672,12,5,17,35,0.343,358.89,220.05,138.84,1.00,0.42,1.41,2.91,360.17,220.83,139.33,1.00,0.42,1.42,2.92,28,25,2.33,2.08,2.33,2.08,96,7.97,8.00,0.26
Veteran,RSC006654,Chicken,Werewolves,Mythical,Solar,N/A,50.92,170,11,15.45,0.473,0.364,4,7,1,3718,1830,1888,6,4,14,33,0.182,350.50,172.52,177.98,0.57,0.38,1.32,3.11,338.00,166.36,171.64,0.55,0.36,1.27,3.00,19,22,1.79,2.07,1.73,2.00,76,7.16,6.91,0.29
Veteran,RSC014128,Jnx-me,Dragonborn,D20,Lunar,N/A,50.86,167,12,13.92,0.500,0.417,5,7,0,3642,1740,1902,5,9,11,24,0.208,349.51,166.98,182.53,0.48,0.86,1.06,2.30,303.50,145.00,158.50,0.42,0.75,0.92,2.00,27,27,2.59,2.59,2.25,2.25,90,8.64,7.50,0.30
Veteran,RSC008415,StorchBurn,Makos,Shark Attack,Solar,N/A,50.16,164,10,16.40,0.555,0.600,6,4,3,3504,1910,1594,4,10,16,21,0.190,342.41,186.65,155.77,0.39,0.98,1.56,2.05,350.40,191.00,159.40,0.40,1.00,1.60,2.10,24,18,2.35,1.76,2.40,1.80,84,8.21,8.40,0.21
Veteran,RSC004165,Absolutely TOR,Cannoli,Fifty-Fifty Pizzeria,Lunar,N/A,49.78,196,12,16.33,0.565,0.750,9,3,3,4277,2660,1617,14,6,12,36,0.389,349.71,217.50,132.22,1.14,0.49,0.98,2.94,356.42,221.67,134.75,1.17,0.50,1.00,3.00,35,25,2.86,2.04,2.92,2.08,100,8.18,8.33,0.25
Veteran,RSC008364,Ken Whiffey Jr.,Giraffes,Safari,Solar,N/A,49.51,123,8,15.38,0.424,0.375,3,5,1,2740,1210,1530,3,6,9,16,0.188,357.01,157.66,199.35,0.39,0.78,1.17,2.08,342.50,151.25,191.25,0.38,0.75,1.13,2.00,17,24,2.22,3.13,2.13,3.00,67,8.73,8.38,0.36
Veteran,RSC007582,Wavy,Werewolves,Mythical,Solar,N/A,49.21,171,11,15.55,0.455,0.364,4,7,2,3848,2080,1768,10,2,13,33,0.303,360.64,194.94,165.70,0.94,0.19,1.22,3.09,349.82,189.09,160.73,0.91,0.18,1.18,3.00,18,23,1.69,2.16,1.64,2.09,78,7.31,7.09,0.29
Veteran,RSC008508,Flame_RL10,Water,The Elements,Solar,N/A,49.12,194,12,16.17,0.400,0.250,3,9,0,4480,2690,1790,12,5,19,29,0.414,370.09,222.22,147.87,0.99,0.41,1.57,2.40,373.33,224.17,149.17,1.00,0.42,1.58,2.42,24,40,1.98,3.30,2.00,3.33,121,10.00,10.08,0.33
Veteran,RSC007856,Captain Daddy,Dogfight,Remove Before Flight,Solar,N/A,48.75,199,12,16.58,0.567,0.667,8,4,4,4652,3040,1612,16,5,18,29,0.552,374.64,244.82,129.82,1.29,0.40,1.45,2.34,387.67,253.33,134.33,1.33,0.42,1.50,2.42,38,27,3.06,2.17,3.17,2.25,95,7.65,7.92,0.28
Veteran,RSC002271,Based Fame,Luna Moths,Buggin Out,Solar,N/A,48.58,187,11,17.00,0.500,0.455,5,6,3,3705,2440,1265,12,7,10,39,0.308,317.52,209.11,108.41,1.03,0.60,0.86,3.34,336.82,221.82,115.00,1.09,0.64,0.91,3.55,26,26,2.23,2.23,2.36,2.36,87,7.46,7.91,0.30
Veteran,RSC008552,S0UL09,Grizzly Bears,The Bear Den,Solar,N/A,48.42,127,8,15.88,0.510,0.625,5,3,1,2927,1730,1197,9,1,11,23,0.391,369.36,218.31,151.05,1.14,0.13,1.39,2.90,365.88,216.25,149.63,1.13,0.13,1.38,2.88,24,23,3.03,2.90,3.00,2.88,66,8.33,8.25,0.35
Veteran,RSC014215,bbfreshxi,Mosaic Maestros,Art Club,Solar,N/A,48.30,92,5,18.40,0.627,0.600,3,2,2,1896,1160,736,5,4,6,16,0.313,330.28,202.07,128.21,0.87,0.70,1.05,2.79,379.20,232.00,147.20,1.00,0.80,1.20,3.20,14,8,2.44,1.39,2.80,1.60,39,6.79,7.80,0.21
Veteran,RSC004586,Jaybeauh,Water,The Elements,Solar,N/A,48.17,93,6,15.50,0.365,0.167,1,5,0,2212,1340,872,6,4,9,9,0.667,381.18,230.91,150.27,1.03,0.69,1.55,1.55,368.67,223.33,145.33,1.00,0.67,1.50,1.50,14,24,2.41,4.14,2.33,4.00,60,10.34,10.00,0.40
Veteran,RSC004977,xswanniG,Kirin,The Shrine,Solar,N/A,47.69,95,7,13.57,0.470,0.286,2,5,1,2119,1110,1009,2,4,12,11,0.182,357.47,187.25,170.21,0.34,0.67,2.02,1.86,302.71,158.57,144.14,0.29,0.57,1.71,1.57,14,16,2.36,2.70,2.00,2.29,54,9.11,7.71,0.30
Veteran,RSC003055,Lad,Double Commit,Inconveniences,Solar,N/A,47.12,120,8,15.00,0.589,0.625,5,3,1,2633,1570,1063,8,5,7,17,0.471,351.64,209.68,141.97,1.07,0.67,0.93,2.27,329.13,196.25,132.88,1.00,0.63,0.88,2.13,28,19,3.74,2.54,3.50,2.38,52,6.94,6.50,0.37
Veteran,RSC002937,SirTommyNoble,Supernova,The Cosmos,Solar,N/A,47.03,215,12,17.92,0.450,0.500,6,6,2,4772,2910,1862,16,2,16,41,0.390,355.71,216.91,138.79,1.19,0.15,1.19,3.06,397.67,242.50,155.17,1.33,0.17,1.33,3.42,26,34,1.94,2.53,2.17,2.83,114,8.50,9.50,0.30
Veteran,RSC007317,TheDarkHero77,Pump and Dump,Shell Corp,Lunar,N/A,46.68,207,12,17.25,0.506,0.583,7,5,2,4233,2410,1823,10,8,13,36,0.278,327.72,186.58,141.14,0.77,0.62,1.01,2.79,352.75,200.83,151.92,0.83,0.67,1.08,3.00,32,31,2.48,2.40,2.67,2.58,107,8.28,8.92,0.29
Veteran,RSC007720,trock,Mages,The King's Court,Lunar,N/A,46.62,166,10,16.60,0.597,0.600,6,4,2,3639,2250,1389,7,7,20,20,0.350,351.32,217.22,134.10,0.68,0.68,1.93,1.93,363.90,225.00,138.90,0.70,0.70,2.00,2.00,28,17,2.70,1.64,2.80,1.70,81,7.82,8.10,0.21
Veteran,RSC007327,ResetTillBurger,Supernova,The Cosmos,Solar,N/A,45.49,193,11,17.55,0.463,0.545,6,5,1,4053,2130,1923,5,7,20,28,0.179,336.55,176.87,159.68,0.42,0.58,1.66,2.33,368.45,193.64,174.82,0.45,0.64,1.82,2.55,23,28,1.91,2.33,2.09,2.55,102,8.47,9.27,0.27
Veteran,RSC008231,Afino,Grizzly Bears,The Bear Den,Solar,N/A,45.40,119,8,14.88,0.593,0.875,7,1,0,2341,1480,861,7,4,7,23,0.304,315.27,199.32,115.95,0.94,0.54,0.94,3.10,292.63,185.00,107.63,0.88,0.50,0.88,2.88,23,15,3.10,2.02,2.88,1.88,50,6.73,6.25,0.30
Veteran,RSC002706,Zarthon77,Middy Meowers,Pawverse,Solar,N/A,45.08,160,11,14.55,0.527,0.636,7,4,2,3198,1580,1618,3,5,15,28,0.107,320.32,158.26,162.06,0.30,0.50,1.50,2.80,290.73,143.64,147.09,0.27,0.45,1.36,2.55,23,20,2.30,2.00,2.09,1.82,72,7.21,6.55,0.28
Veteran,RSC008554,golden4789,Dragonborn,D20,Lunar,N/A,45.02,29,2,14.50,0.135,0.000,0,2,0,654,380,274,1,1,4,3,0.333,361.42,210.00,151.42,0.55,0.55,2.21,1.66,327.00,190.00,137.00,0.50,0.50,2.00,1.50,2,8,1.11,4.42,1.00,4.00,24,13.26,12.00,0.33
Veteran,RSC007906,Vaz1fy.,Giraffes,Safari,Solar,N/A,44.31,123,8,15.38,0.424,0.375,3,5,0,2422,1330,1092,3,6,11,18,0.167,315.57,173.29,142.28,0.39,0.78,1.43,2.35,302.75,166.25,136.50,0.38,0.75,1.38,2.25,17,24,2.22,3.13,2.13,3.00,67,8.73,8.38,0.36
Veteran,RSC000203,FrostyBrew,Pushwalkers,The Quad Dynasty,Lunar,N/A,43.73,113,7,16.14,0.547,0.714,5,2,3,2401,1250,1151,4,4,10,15,0.267,340.52,177.28,163.24,0.57,0.57,1.42,2.13,343.00,178.57,164.43,0.57,0.57,1.43,2.14,15,12,2.13,1.70,2.14,1.71,52,7.37,7.43,0.23
Veteran,RSC008411,Fujin Rikow.,Supernova,The Cosmos,Solar,N/A,43.71,178,10,17.80,0.422,0.400,4,6,2,3822,1840,1982,4,5,19,24,0.167,344.11,165.66,178.45,0.36,0.45,1.71,2.16,382.20,184.00,198.20,0.40,0.50,1.90,2.40,21,31,1.89,2.79,2.10,3.10,97,8.73,9.70,0.32
Veteran,RSC007358,Tropicalshortsba,Giant Squids,Tyrants of the Sea,Lunar,N/A,43.25,193,12,16.08,0.442,0.333,4,8,0,3409,1760,1649,4,10,10,36,0.111,283.07,146.15,136.93,0.33,0.83,0.83,2.99,284.08,146.67,137.42,0.33,0.83,0.83,3.00,26,35,2.16,2.91,2.17,2.92,96,7.97,8.00,0.36
Veteran,RSC013487,SU Magic7414,Makos,Shark Attack,Solar,N/A,42.39,29,2,14.50,0.316,0.000,0,2,0,630,290,340,2,1,0,4,0.500,348.15,160.26,187.89,1.11,0.55,0.00,2.21,315.00,145.00,170.00,1.00,0.50,0.00,2.00,4,7,2.21,3.87,2.00,3.50,12,6.63,6.00,0.58
Veteran,RSC007202,GreatHonda,Tummy Tables,The Romp,Lunar,N/A,42.31,189,11,17.18,0.561,0.727,8,3,0,3529,2060,1469,7,9,12,31,0.226,299.24,174.68,124.56,0.59,0.76,1.02,2.63,320.82,187.27,133.55,0.64,0.82,1.09,2.82,39,29,3.31,2.46,3.55,2.64,82,6.95,7.45,0.35
Veteran,RSC000649,JeiWoo,Pushwalkers,The Quad Dynasty,Lunar,N/A,40.93,189,12,15.75,0.508,0.583,7,5,2,3832,1860,1972,7,4,13,31,0.226,324.93,157.72,167.21,0.59,0.34,1.10,2.63,319.33,155.00,164.33,0.58,0.33,1.08,2.58,25,24,2.12,2.04,2.08,2.00,93,7.89,7.75,0.26
Veteran,RSC003815,WashedDonk,Kirin,The Shrine,Solar,N/A,40.82,155,9,17.22,0.554,0.556,5,4,0,2973,1730,1243,7,7,9,23,0.304,307.39,178.87,128.52,0.72,0.72,0.93,2.38,330.33,192.22,138.11,0.78,0.78,1.00,2.56,26,20,2.69,2.07,2.89,2.22,76,7.86,8.44,0.26
Veteran,RSC013059,Zeke is help,Water,The Elements,Solar,N/A,39.20,118,7,16.86,0.414,0.286,2,5,1,2288,1100,1188,2,5,10,15,0.133,310.74,149.40,161.35,0.27,0.68,1.36,2.04,326.86,157.14,169.71,0.29,0.71,1.43,2.14,15,22,2.04,2.99,2.14,3.14,70,9.51,10.00,0.31
Veteran,RSC007930,Ziffy,Fer-de-Lance,Venom Lab,Lunar,N/A,38.29,171,11,15.55,0.382,0.182,2,9,1,3110,1630,1480,7,4,8,33,0.212,291.47,152.76,138.71,0.66,0.37,0.75,3.09,282.73,148.18,134.55,0.64,0.36,0.73,3.00,16,30,1.50,2.81,1.45,2.73,93,8.72,8.45,0.32
Veteran,RSC003122,Kovalchuk,Dread,The Shadows,Lunar,N/A,37.77,125,8,15.63,0.412,0.375,3,5,0,2552,1510,1042,6,3,12,16,0.375,327.19,193.60,133.59,0.77,0.38,1.54,2.05,319.00,188.75,130.25,0.75,0.38,1.50,2.00,16,24,2.05,3.08,2.00,3.00,69,8.85,8.63,0.35
Veteran,RSC008460,Murleaux,Praetoriani,The Sovereign,Lunar,N/A,36.55,121,8,15.13,0.448,0.500,4,4,1,2454,1320,1134,6,2,9,17,0.353,325.03,174.83,150.20,0.79,0.26,1.19,2.25,306.75,165.00,141.75,0.75,0.25,1.13,2.13,14,18,1.85,2.38,1.75,2.25,62,8.21,7.75,0.29
Veteran,RSC005655,Oneplayamaker,Water,The Elements,Solar,N/A,35.72,177,11,16.09,0.387,0.273,3,8,2,3567,1850,1717,4,4,21,20,0.200,322.97,167.51,155.46,0.36,0.36,1.90,1.81,324.27,168.18,156.09,0.36,0.36,1.91,1.82,19,34,1.72,3.08,1.73,3.09,112,10.14,10.18,0.30
Veteran,RSC004188,wntr,Blackjack,The Casino,Lunar,N/A,35.69,63,4,15.75,0.431,0.250,1,3,0,1281,710,571,2,2,7,6,0.333,325.87,180.61,145.25,0.51,0.51,1.78,1.53,320.25,177.50,142.75,0.50,0.50,1.75,1.50,6,8,1.53,2.04,1.50,2.00,38,9.67,9.50,0.21
Veteran,RSC005165,Lucas,"Double Commit
Mosaic Maestros","Inconveniences
Art Club","Solar
Solar","N/A
N/A",35.68,99,6,16.50,0.410,0.167,1,5,1,2213,1200,1013,4,0,14,10,0.400,358.24,194.26,163.99,0.65,0.00,2.27,1.62,368.83,200.00,168.83,0.67,0.00,2.33,1.67,10,15,1.62,2.43,1.67,2.50,57,9.23,9.50,0.26
Veteran,RSC007062,Ice Phoenix,Luna Moths,Buggin Out,Solar,N/A,34.95,72,4,18.00,0.356,0.250,1,3,0,1154,680,474,2,3,4,13,0.154,256.86,151.36,105.51,0.45,0.67,0.89,2.89,288.50,170.00,118.50,0.50,0.75,1.00,3.25,8,14,1.78,3.12,2.00,3.50,38,8.46,9.50,0.37
Veteran,RSC005543,Null.Gamer,"Giant Squids
Peppermint","Tyrants of the Sea
Minty Fresh","Lunar
Lunar","N/A
N/A",34.91,83,6,13.83,0.393,0.333,2,4,0,1632,800,832,2,2,8,10,0.200,315.12,154.47,160.65,0.39,0.39,1.54,1.93,272.00,133.33,138.67,0.33,0.33,1.33,1.67,8,13,1.54,2.51,1.33,2.17,47,9.08,7.83,0.28
Veteran,RSC003953,BlinkyDaBurger,Dread,The Shadows,Lunar,N/A,34.65,154,10,15.40,0.400,0.400,4,6,2,3052,1710,1342,9,3,9,21,0.429,317.61,177.95,139.66,0.94,0.31,0.94,2.19,305.20,171.00,134.20,0.90,0.30,0.90,2.10,19,31,1.98,3.23,1.90,3.10,91,9.47,9.10,0.34
Veteran,RSC008290,KrsOneTwoThree1,Giant Squids,Tyrants of the Sea,Lunar,N/A,34.54,122,8,15.25,0.366,0.125,1,7,1,2449,1480,969,8,1,9,18,0.444,321.71,194.42,127.29,1.05,0.13,1.18,2.36,306.13,185.00,121.13,1.00,0.13,1.13,2.25,14,26,1.84,3.42,1.75,3.25,69,9.06,8.63,0.38
Veteran,RSC000926,SlmRnchr,Cannoli,Fifty-Fifty Pizzeria,Lunar,N/A,34.12,196,12,16.33,0.565,0.750,9,3,1,3800,2110,1690,11,5,10,26,0.423,310.71,172.53,138.18,0.90,0.41,0.82,2.13,316.67,175.83,140.83,0.92,0.42,0.83,2.17,35,25,2.86,2.04,2.92,2.08,100,8.18,8.33,0.25
Veteran,RSC013981,R1NZEY,Sons of Ares,The Rising,Solar,N/A,33.41,154,9,17.11,0.492,0.333,3,6,1,2764,1670,1094,7,5,10,22,0.318,287.64,173.79,113.85,0.73,0.52,1.04,2.29,307.11,185.56,121.56,0.78,0.56,1.11,2.44,25,26,2.60,2.71,2.78,2.89,81,8.43,9.00,0.32
Veteran,RSC000314,Yoza,Werewolves,Mythical,Solar,N/A,30.98,68,4,17.00,0.274,0.250,1,3,1,1117,520,597,0,1,7,12,0.000,263.25,122.55,140.70,0.00,0.24,1.65,2.83,279.25,130.00,149.25,0.00,0.25,1.75,3.00,4,11,0.94,2.59,1.00,2.75,37,8.72,9.25,0.30
Veteran,RSC013040,Jack Is Bxd,Pushwalkers,The Quad Dynasty,Lunar,N/A,30.69,76,5,15.20,0.456,0.400,2,3,0,1280,760,520,4,3,2,11,0.364,269.91,160.26,109.65,0.84,0.63,0.42,2.32,256.00,152.00,104.00,0.80,0.60,0.40,2.20,10,12,2.11,2.53,2.00,2.40,41,8.65,8.20,0.29
Veteran,RSC000626,President Plorpus.,Peppermint,Minty Fresh,Lunar,N/A,29.10,119,8,14.88,0.535,0.500,4,4,0,2011,980,1031,4,3,5,18,0.222,270.83,131.98,138.85,0.54,0.40,0.67,2.42,251.38,122.50,128.88,0.50,0.38,0.63,2.25,20,17,2.69,2.29,2.50,2.13,55,7.41,6.88,0.31
Veteran,RSC008288,WifiWFB,Supernova,The Cosmos,Solar,N/A,27.39,59,3,19.67,0.467,0.667,2,1,1,1033,380,653,1,1,3,8,0.125,280.59,103.22,177.37,0.27,0.27,0.81,2.17,344.33,126.67,217.67,0.33,0.33,1.00,2.67,8,9,2.17,2.44,2.67,3.00,29,7.88,9.67,0.31
Veteran,RSC006700,Terx,Werewolves,Mythical,Solar,N/A,26.99,155,10,15.50,0.439,0.300,3,7,0,2497,1130,1367,3,4,8,23,0.130,258.18,116.84,141.34,0.31,0.41,0.83,2.38,249.70,113.00,136.70,0.30,0.40,0.80,2.30,16,22,1.65,2.27,1.60,2.20,70,7.24,7.00,0.31
Veteran,RSC008599,parka,Fer-de-Lance,Venom Lab,Lunar,N/A,26.96,168,11,15.27,0.416,0.273,3,8,0,3230,1490,1740,4,3,16,14,0.286,308.12,142.14,165.99,0.38,0.29,1.53,1.34,293.64,135.45,158.18,0.36,0.27,1.45,1.27,18,28,1.72,2.67,1.64,2.55,96,9.16,8.73,0.29
Veteran,RSC001612,Reverse Fridge,Pump and Dump,Shell Corp,Lunar,N/A,26.61,32,2,16.00,0.500,0.500,1,1,0,609,320,289,1,1,3,2,0.500,305.00,160.26,144.74,0.50,0.50,1.50,1.00,304.50,160.00,144.50,0.50,0.50,1.50,1.00,3,3,1.50,1.50,1.50,1.50,20,10.02,10.00,0.15
Veteran,RSC008170,Hypernova,Nighthawks,Mach Velocity,Lunar,N/A,23.91,27,2,13.50,0.145,0.000,0,2,0,400,200,200,0,0,3,5,0.000,237.42,118.71,118.71,0.00,0.00,1.78,2.97,200.00,100.00,100.00,0.00,0.00,1.50,2.50,3,10,1.78,5.94,1.50,5.00,16,9.50,8.00,0.63
Veteran,RSC005754,Monty.,Mages,The King's Court,Lunar,N/A,21.06,81,5,16.20,0.400,0.200,1,4,0,1325,700,625,3,1,5,10,0.300,262.16,138.50,123.66,0.59,0.20,0.99,1.98,265.00,140.00,125.00,0.60,0.20,1.00,2.00,10,15,1.98,2.97,2.00,3.00,43,8.51,8.60,0.35
Veteran,RSC004220,Makaveli,Pump and Dump,Shell Corp,Lunar,N/A,20.65,104,6,17.33,0.389,0.333,2,4,0,1720,850,870,2,2,9,10,0.200,265.05,130.98,134.07,0.31,0.31,1.39,1.54,286.67,141.67,145.00,0.33,0.33,1.50,1.67,11,18,1.70,2.77,1.83,3.00,54,8.32,9.00,0.33
Veteran,RSC005577,Ryan.,Blackjack,The Casino,Lunar,N/A,19.91,205,12,17.08,0.415,0.167,2,10,1,3189,1640,1549,5,4,14,24,0.208,249.30,128.21,121.10,0.39,0.31,1.09,1.88,265.75,136.67,129.08,0.42,0.33,1.17,2.00,20,32,1.56,2.50,1.67,2.67,122,9.54,10.17,0.26
Veteran,RSC000320,ryanawesome_,Drunken Dwarfs,Dwarf Haven,Lunar,N/A,17.06,76,4,19.00,0.610,0.500,2,2,0,1012,520,492,1,4,3,7,0.143,213.40,109.65,103.75,0.21,0.84,0.63,1.48,253.00,130.00,123.00,0.25,1.00,0.75,1.75,11,7,2.32,1.48,2.75,1.75,35,7.38,8.75,0.20
Veteran,RSC008069,Light_Lawyer,Dread,The Shadows,Lunar,N/A,14.60,120,8,15.00,0.343,0.250,2,6,0,1732,760,972,1,3,8,11,0.091,231.31,101.50,129.81,0.13,0.40,1.07,1.47,216.50,95.00,121.50,0.13,0.38,1.00,1.38,13,27,1.74,3.61,1.63,3.38,80,10.68,10.00,0.34
Veteran,RSC002178,bird,Luna Moths,Buggin Out,Solar,N/A,13.79,41,3,13.67,0.500,0.333,1,2,0,514,210,304,1,1,0,6,0.167,200.91,82.09,118.83,0.39,0.39,0.00,2.35,171.33,70.00,101.33,0.33,0.33,0.00,2.00,6,6,2.35,2.35,2.00,2.00,18,7.04,6.00,0.33
Veteran,RSC004618,Squirrel,Giant Squids,Tyrants of the Sea,Lunar,N/A,11.00,28,2,14.00,0.427,0.500,1,1,0,440,160,280,1,1,0,1,1.000,251.84,91.58,160.26,0.57,0.57,0.00,0.57,220.00,80.00,140.00,0.50,0.50,0.00,0.50,4,5,2.29,2.86,2.00,2.50,17,9.73,8.50,0.29
Veteran,RSC014092,Oddety_ | Skrrt Skrrt,Blackjack,The Casino,Lunar,N/A,-3.03,41,2,20.50,0.268,0.000,0,2,0,472,280,192,1,0,3,3,0.333,184.50,109.45,75.05,0.39,0.00,1.17,1.17,236.00,140.00,96.00,0.50,0.00,1.50,1.50,2,5,0.78,1.95,1.00,2.50,23,8.99,11.50,0.22
Rival,RSC012164,L3monhead22,Prowlers,Pawverse,Solar,N/A,120.24,31,3,10.33,0.907,1.000,3,0,1,1134,580,554,1,4,5,3,0.333,561.06,286.96,274.10,0.49,1.98,2.47,1.48,378.00,193.33,184.67,0.33,1.33,1.67,1.00,12,2,5.94,0.99,4.00,0.67,12,5.94,4.00,0.17
Rival,RSC000451,Cryke,Guards,The King's Court,Lunar,N/A,101.07,53,4,13.25,0.602,0.750,3,1,3,1926,1090,836,5,3,7,9,0.556,557.37,315.44,241.93,1.45,0.87,2.03,2.60,481.50,272.50,209.00,1.25,0.75,1.75,2.25,9,6,2.60,1.74,2.25,1.50,31,8.97,7.75,0.19
Rival,RSC008580,Seishir0_Nagii,Quads,The Quad Dynasty,Lunar,N/A,89.70,149,10,14.90,0.568,0.600,6,4,2,4498,2640,1858,13,8,11,39,0.333,463.01,271.75,191.26,1.34,0.82,1.13,4.01,449.80,264.00,185.80,1.30,0.80,1.10,3.90,28,20,2.88,2.06,2.80,2.00,73,7.51,7.30,0.27
Rival,RSC005689,Ary,Jets,Remove Before Flight,Solar,N/A,86.30,60,4,15.00,0.765,1.000,4,0,1,1616,1020,596,4,6,4,12,0.333,413.09,260.74,152.35,1.02,1.53,1.02,3.07,404.00,255.00,149.00,1.00,1.50,1.00,3.00,15,5,3.83,1.28,3.75,1.25,15,3.83,3.75,0.33
Rival,RSC008524,legal account,Quasars,The Cosmos,Solar,N/A,78.42,111,7,15.86,0.454,0.143,1,6,1,3405,1980,1425,7,3,18,23,0.304,470.49,273.59,196.90,0.97,0.41,2.49,3.18,486.43,282.86,203.57,1.00,0.43,2.57,3.29,12,15,1.66,2.07,1.71,2.14,53,7.32,7.57,0.28
Rival,RSC012692,AraticRL.,Genasi,D20,Lunar,N/A,76.72,91,6,15.17,0.421,0.333,2,4,2,2826,1720,1106,4,4,20,12,0.333,476.31,289.90,186.41,0.67,0.67,3.37,2.02,471.00,286.67,184.33,0.67,0.67,3.33,2.00,9,13,1.52,2.19,1.50,2.17,60,10.11,10.00,0.22
Rival,RSC006976,slendxa,Hot Wings,Fifty-Fifty Pizzeria,Lunar,N/A,76.33,138,10,13.80,0.602,0.900,9,1,6,4038,2310,1728,11,6,13,26,0.423,448.79,256.74,192.05,1.22,0.67,1.44,2.89,403.80,231.00,172.80,1.10,0.60,1.30,2.60,31,19,3.45,2.11,3.10,1.90,58,6.45,5.80,0.33
Rival,RSC009249,Gyarados-_-,Kitsune,The Shrine,Solar,N/A,75.49,180,12,15.00,0.475,0.417,5,7,4,5213,3040,2173,14,8,18,34,0.412,444.20,259.04,185.16,1.19,0.68,1.53,2.90,434.42,253.33,181.08,1.17,0.67,1.50,2.83,30,34,2.56,2.90,2.50,2.83,91,7.75,7.58,0.37
Rival,RSC013874,JimJams,Hot Wings,Fifty-Fifty Pizzeria,Lunar,N/A,75.21,145,10,14.50,0.610,0.900,9,1,3,3796,2040,1756,7,9,12,29,0.241,401.53,215.79,185.74,0.74,0.95,1.27,3.07,379.60,204.00,175.60,0.70,0.90,1.20,2.90,28,16,2.96,1.69,2.80,1.60,60,6.35,6.00,0.27
Rival,RSC013993,Idol,Polar Ice,Minty Fresh,Lunar,N/A,75.04,167,12,13.92,0.500,0.583,7,5,4,4783,2910,1873,15,5,15,41,0.366,439.28,267.26,172.02,1.38,0.46,1.38,3.77,398.58,242.50,156.08,1.25,0.42,1.25,3.42,22,22,2.02,2.02,1.83,1.83,79,7.26,6.58,0.28
Rival,RSC014107,Dilpikle6801,Prowlers,Pawverse,Solar,N/A,74.58,176,12,14.67,0.611,0.750,9,3,3,4942,2820,2122,12,9,17,32,0.375,430.68,245.75,184.92,1.05,0.78,1.48,2.79,411.83,235.00,176.83,1.00,0.75,1.42,2.67,39,22,3.40,1.92,3.25,1.83,84,7.32,7.00,0.26
Rival,RSC006477,XtraCrispyRL,Ocelots,The Jungle,Solar,N/A,73.93,63,4,15.75,0.663,0.500,2,2,2,1749,1130,619,5,5,6,8,0.625,425.80,275.10,150.70,1.22,1.22,1.46,1.95,437.25,282.50,154.75,1.25,1.25,1.50,2.00,10,5,2.43,1.22,2.50,1.25,24,5.84,6.00,0.21
Rival,RSC005294,mogulmaniac5480,Centuriones,The Sovereign,Lunar,N/A,72.02,176,12,14.67,0.485,0.417,5,7,2,5239,3080,2159,12,6,26,28,0.429,456.56,268.41,188.15,1.05,0.52,2.27,2.44,436.58,256.67,179.92,1.00,0.50,2.17,2.33,25,27,2.18,2.35,2.08,2.25,96,8.37,8.00,0.28
Rival,RSC013541,Hxvnly,Prowlers,Pawverse,Solar,N/A,72.02,176,12,14.67,0.611,0.750,9,3,5,5188,3380,1808,20,5,15,38,0.526,452.11,294.55,157.56,1.74,0.44,1.31,3.31,432.33,281.67,150.67,1.67,0.42,1.25,3.17,39,22,3.40,1.92,3.25,1.83,84,7.32,7.00,0.26
Rival,RSC012851,Alya.,Mining Legion,Dwarf Haven,Lunar,N/A,71.54,147,10,14.70,0.638,0.800,8,2,1,3938,2220,1718,9,6,14,32,0.281,410.88,231.63,179.25,0.94,0.63,1.46,3.34,393.80,222.00,171.80,0.90,0.60,1.40,3.20,27,13,2.82,1.36,2.70,1.30,56,5.84,5.60,0.23
Rival,RSC014195,waffles,Centipedes,Buggin Out,Solar,N/A,70.49,180,12,15.00,0.485,0.333,4,8,1,4849,2480,2369,10,6,16,38,0.263,413.18,211.32,201.86,0.85,0.51,1.36,3.24,404.08,206.67,197.42,0.83,0.50,1.33,3.17,23,25,1.96,2.13,1.92,2.08,89,7.58,7.42,0.28
Rival,RSC012924,Kiraw _,Mining Legion,Dwarf Haven,Lunar,N/A,69.52,64,4,16.00,0.691,1.000,4,0,2,1681,1010,671,4,2,7,16,0.250,402.85,242.05,160.81,0.96,0.48,1.68,3.83,420.25,252.50,167.75,1.00,0.50,1.75,4.00,13,6,3.12,1.44,3.25,1.50,27,6.47,6.75,0.22
Rival,RSC003239,Wallaby Gangsta,Polar Bears,The Bear Den,Solar,N/A,69.20,185,12,15.42,0.531,0.417,5,7,3,5038,3110,1928,19,5,10,46,0.413,417.68,257.84,159.84,1.58,0.41,0.83,3.81,419.83,259.17,160.67,1.58,0.42,0.83,3.83,35,30,2.90,2.49,2.92,2.50,76,6.30,6.33,0.39
Rival,RSC003904,Tyyphoon454,Jets,Remove Before Flight,Solar,N/A,68.25,169,12,14.08,0.528,0.667,8,4,3,4851,2720,2131,16,4,12,32,0.500,440.25,246.85,193.40,1.45,0.36,1.09,2.90,404.25,226.67,177.58,1.33,0.33,1.00,2.67,30,26,2.72,2.36,2.50,2.17,86,7.80,7.17,0.30
Rival,RSC005300,Cruz.,Ocelots,The Jungle,Solar,N/A,67.60,128,8,16.00,0.490,0.250,2,6,1,3394,2170,1224,8,5,17,27,0.296,406.69,260.02,146.67,0.96,0.60,2.04,3.24,424.25,271.25,153.00,1.00,0.63,2.13,3.38,23,24,2.76,2.88,2.88,3.00,68,8.15,8.50,0.35
Rival,RSC005703,ShoddyWolfman,Jets,Remove Before Flight,Solar,N/A,67.55,169,12,14.08,0.528,0.667,8,4,3,4171,2280,1891,7,11,15,28,0.250,378.54,206.92,171.62,0.64,1.00,1.36,2.54,347.58,190.00,157.58,0.58,0.92,1.25,2.33,30,26,2.72,2.36,2.50,2.17,86,7.80,7.17,0.30
Rival,RSC007231,BlitzzyG,Quads,The Quad Dynasty,Lunar,N/A,67.52,146,10,14.60,0.610,0.700,7,3,4,3930,2440,1490,13,6,11,29,0.448,412.86,256.33,156.53,1.37,0.63,1.16,3.05,393.00,244.00,149.00,1.30,0.60,1.10,2.90,31,18,3.26,1.89,3.10,1.80,64,6.72,6.40,0.28
Rival,RSC008115,Glint,Mining Legion,Dwarf Haven,Lunar,N/A,67.50,188,12,15.67,0.629,0.833,10,2,5,4824,2900,1924,15,7,12,45,0.333,393.56,236.59,156.97,1.22,0.57,0.98,3.67,402.00,241.67,160.33,1.25,0.58,1.00,3.75,33,16,2.69,1.31,2.75,1.33,68,5.55,5.67,0.24
Rival,RSC002231,Andrew,Hot Wings,Fifty-Fifty Pizzeria,Lunar,N/A,67.39,100,6,16.67,0.540,0.833,5,1,1,2602,1590,1012,7,5,9,19,0.368,399.09,243.87,155.22,1.07,0.77,1.38,2.91,433.67,265.00,168.67,1.17,0.83,1.50,3.17,20,17,3.07,2.61,3.33,2.83,49,7.52,8.17,0.35
Rival,RSC000190,leaf.,Hue Heroes,Art Club,Solar,N/A,65.97,197,12,16.42,0.506,0.667,8,4,5,5085,3040,2045,15,7,15,44,0.341,395.90,236.68,159.22,1.17,0.54,1.17,3.43,423.75,253.33,170.42,1.25,0.58,1.25,3.67,30,29,2.34,2.26,2.50,2.42,102,7.94,8.50,0.28
Rival,RSC001330,Blissful Beluga,Howlers,The Rising,Solar,N/A,65.64,174,12,14.50,0.591,0.667,8,4,2,4733,2980,1753,18,3,12,43,0.419,417.20,262.68,154.52,1.59,0.26,1.06,3.79,394.42,248.33,146.08,1.50,0.25,1.00,3.58,31,19,2.73,1.67,2.58,1.58,69,6.08,5.75,0.28
Rival,RSC006312,Cognitixn,Barracudas,Tyrants of the Sea,Lunar,N/A,65.44,185,12,15.42,0.568,0.750,9,3,2,4836,3020,1816,12,9,21,32,0.375,400.94,250.38,150.56,0.99,0.75,1.74,2.65,403.00,251.67,151.33,1.00,0.75,1.75,2.67,29,20,2.40,1.66,2.42,1.67,87,7.21,7.25,0.23
Rival,RSC007590,Donkeh .,Hammerheads,Shark Attack,Solar,N/A,64.58,131,8,16.38,0.449,0.375,3,5,3,3226,1760,1466,7,6,10,26,0.269,377.70,206.06,171.64,0.82,0.70,1.17,3.04,403.25,220.00,183.25,0.88,0.75,1.25,3.25,19,24,2.22,2.81,2.38,3.00,60,7.02,7.50,0.40
Rival,RSC008527,HouseHoldNugg,Centipedes,Buggin Out,Solar,N/A,64.25,62,4,15.50,0.423,0.250,1,3,1,1477,720,757,2,3,5,12,0.167,365.38,178.11,187.27,0.49,0.74,1.24,2.97,369.25,180.00,189.25,0.50,0.75,1.25,3.00,9,12,2.23,2.97,2.25,3.00,27,6.68,6.75,0.44
Rival,RSC007950,Mage,Tax Evaders,Shell Corp,Lunar,N/A,63.97,108,7,15.43,0.472,0.429,3,4,2,2811,1750,1061,10,3,7,25,0.400,399.21,248.53,150.68,1.42,0.43,0.99,3.55,401.57,250.00,151.57,1.43,0.43,1.00,3.57,15,17,2.13,2.41,2.14,2.43,56,7.95,8.00,0.30
Rival,RSC006639,Zxphyrs,Guards,The King's Court,Lunar,N/A,61.98,159,11,14.45,0.560,0.636,7,4,3,4201,2320,1881,12,5,12,27,0.444,405.24,223.80,181.45,1.16,0.48,1.16,2.60,381.91,210.91,171.00,1.09,0.45,1.09,2.45,26,19,2.51,1.83,2.36,1.73,78,7.52,7.09,0.24
Rival,RSC000140,Kaeso Clarus,Lightning,Mach Velocity,Lunar,N/A,61.64,29,2,14.50,0.796,1.000,2,0,1,793,530,263,4,0,1,8,0.500,419.41,280.31,139.10,2.12,0.00,0.53,4.23,396.50,265.00,131.50,2.00,0.00,0.50,4.00,6,2,3.17,1.06,3.00,1.00,11,5.82,5.50,0.18
Rival,RSC004051,BongoUnchained,Howlers,The Rising,Solar,N/A,61.20,143,10,14.30,0.607,0.700,7,3,4,3354,1790,1564,6,8,11,24,0.250,359.74,191.99,167.75,0.64,0.86,1.18,2.57,335.40,179.00,156.40,0.60,0.80,1.10,2.40,26,15,2.79,1.61,2.60,1.50,60,6.44,6.00,0.25
Rival,RSC006774,JazzMagic.,Dice,The Casino,Lunar,N/A,60.57,159,10,15.90,0.435,0.200,2,8,1,3749,2260,1489,10,8,11,31,0.323,361.64,218.01,143.63,0.96,0.77,1.06,2.99,374.90,226.00,148.90,1.00,0.80,1.10,3.10,25,34,2.41,3.28,2.50,3.40,77,7.43,7.70,0.44
Rival,RSC008548,Slinkxyz,Whisker Goblins,The Romp,Lunar,N/A,60.45,74,4,18.50,0.667,0.750,3,1,1,1516,890,626,3,6,3,14,0.214,314.22,184.47,129.75,0.62,1.24,0.62,2.90,379.00,222.50,156.50,0.75,1.50,0.75,3.50,17,9,3.52,1.87,4.25,2.25,30,6.22,7.50,0.30
Rival,RSC005523,Laguna,Hot Wings,Fifty-Fifty Pizzeria,Lunar,N/A,58.28,145,10,14.50,0.618,1.000,10,0,1,3669,2260,1409,13,5,9,26,0.500,388.10,239.06,149.04,1.38,0.53,0.95,2.75,366.90,226.00,140.90,1.30,0.50,0.90,2.60,35,20,3.70,2.12,3.50,2.00,61,6.45,6.10,0.33
Rival,RSC007132,D:,Guards,The King's Court,Lunar,N/A,58.25,119,8,14.88,0.500,0.500,4,4,1,2662,1480,1182,5,6,9,23,0.217,343.10,190.75,152.35,0.64,0.77,1.16,2.96,332.75,185.00,147.75,0.63,0.75,1.13,2.88,17,17,2.19,2.19,2.13,2.13,55,7.09,6.88,0.31
Rival,RSC009746,Hoodie,Dice,The Casino,Lunar,N/A,58.16,158,10,15.80,0.465,0.300,3,7,1,3797,2060,1737,10,7,9,26,0.385,368.59,199.97,168.62,0.97,0.68,0.87,2.52,379.70,206.00,173.70,1.00,0.70,0.90,2.60,28,33,2.72,3.20,2.80,3.30,77,7.47,7.70,0.43
Rival,RSC008386,Chaddy,Barracudas,Tyrants of the Sea,Lunar,N/A,57.82,185,12,15.42,0.568,0.750,9,3,5,4245,2340,1905,10,7,12,39,0.256,351.94,194.00,157.94,0.83,0.58,0.99,3.23,353.75,195.00,158.75,0.83,0.58,1.00,3.25,29,20,2.40,1.66,2.42,1.67,87,7.21,7.25,0.23
Rival,RSC006938,Soda. .,Ocelots,The Jungle,Solar,N/A,57.18,191,12,15.92,0.525,0.333,4,8,1,4449,2600,1849,9,10,18,30,0.300,357.26,208.79,148.48,0.72,0.80,1.45,2.41,370.75,216.67,154.08,0.75,0.83,1.50,2.50,33,29,2.65,2.33,2.75,2.42,92,7.39,7.67,0.32
Rival,RSC008531,drkmist,Wind,The Elements,Solar,N/A,56.99,182,11,16.55,0.460,0.545,6,5,3,4480,2560,1920,10,6,19,31,0.323,377.54,215.74,161.80,0.84,0.51,1.60,2.61,407.27,232.73,174.55,0.91,0.55,1.73,2.82,21,26,1.77,2.19,1.91,2.36,94,7.92,8.55,0.28
Rival,RSC007904,chud bran,Hippos,Safari,Solar,N/A,56.92,146,8,18.25,0.598,0.750,6,2,3,3502,2100,1402,8,6,15,25,0.320,367.89,220.61,147.28,0.84,0.63,1.58,2.63,437.75,262.50,175.25,1.00,0.75,1.88,3.13,27,17,2.84,1.79,3.38,2.13,61,6.41,7.63,0.28
Rival,RSC007144,The_Killerwon,Polar Bears,The Bear Den,Solar,N/A,56.83,99,7,14.14,0.631,0.571,4,3,0,2229,1560,669,7,5,8,21,0.333,345.33,241.68,103.65,1.08,0.77,1.24,3.25,318.43,222.86,95.57,1.00,0.71,1.14,3.00,23,13,3.56,2.01,3.29,1.86,31,4.80,4.43,0.42
Rival,RSC006245,spite,Gaboons,Venom Lab,Lunar,N/A,56.76,119,7,17.00,0.431,0.286,2,5,1,2762,1700,1062,6,6,12,20,0.300,355.99,219.11,136.88,0.77,0.77,1.55,2.58,394.57,242.86,151.71,0.86,0.86,1.71,2.86,17,23,2.19,2.96,2.43,3.29,59,7.60,8.43,0.39
Rival,RSC012645,4SkillSemiFound,Whisker Goblins,The Romp,Lunar,N/A,56.58,119,8,14.88,0.489,0.375,3,5,1,3050,1860,1190,10,3,10,21,0.476,393.11,239.73,153.38,1.29,0.39,1.29,2.71,381.25,232.50,148.75,1.25,0.38,1.25,2.63,20,21,2.58,2.71,2.50,2.63,63,8.12,7.88,0.33
Rival,RSC003416,DrSkimMilk,Gaboons,Venom Lab,Lunar,N/A,56.53,179,11,16.27,0.473,0.273,3,8,1,4302,2470,1832,8,6,21,32,0.250,368.62,211.64,156.98,0.69,0.51,1.80,2.74,391.09,224.55,166.55,0.73,0.55,1.91,2.91,27,31,2.31,2.66,2.45,2.82,93,7.97,8.45,0.33
Rival,RSC006069,PoupSoup,Howlers,The Rising,Solar,N/A,56.34,123,8,15.38,0.609,0.625,5,3,0,2370,1410,960,5,9,4,26,0.192,295.53,175.82,119.71,0.62,1.12,0.50,3.24,296.25,176.25,120.00,0.63,1.13,0.50,3.25,22,13,2.74,1.62,2.75,1.63,47,5.86,5.88,0.28
Rival,RSC000848,WittingHalo64,Lightning,Mach Velocity,Lunar,N/A,56.13,157,10,15.70,0.483,0.400,4,6,0,3563,1950,1613,6,8,14,25,0.240,348.08,190.50,157.58,0.59,0.78,1.37,2.44,356.30,195.00,161.30,0.60,0.80,1.40,2.50,23,25,2.25,2.44,2.30,2.50,78,7.62,7.80,0.32
Rival,RSC013888,Dulkir,Centipedes,Buggin Out,Solar,N/A,56.06,51,4,12.75,0.615,0.500,2,2,1,1292,800,492,4,1,5,10,0.400,388.55,240.59,147.96,1.20,0.30,1.50,3.01,323.00,200.00,123.00,1.00,0.25,1.25,2.50,8,5,2.41,1.50,2.00,1.25,21,6.32,5.25,0.24
Rival,RSC003228,phyzixs.,Dracos,Mythical,Solar,N/A,55.34,194,11,17.64,0.519,0.727,8,3,3,4358,2910,1448,15,7,12,46,0.326,344.54,230.07,114.48,1.19,0.55,0.95,3.64,396.18,264.55,131.64,1.36,0.64,1.09,4.18,32,29,2.53,2.29,2.91,2.64,97,7.67,8.82,0.30
Rival,RSC006678,EyeSucka,Mining Legion,Dwarf Haven,Lunar,N/A,54.21,124,8,15.50,0.636,0.750,6,2,1,2477,1380,1097,4,8,7,23,0.174,306.38,170.69,135.69,0.49,0.99,0.87,2.84,309.63,172.50,137.13,0.50,1.00,0.88,2.88,20,10,2.47,1.24,2.50,1.25,41,5.07,5.13,0.24
Rival,RSC001487,M1ke1sMy1ke,Lightning,Mach Velocity,Lunar,N/A,53.55,186,12,15.50,0.514,0.500,6,6,3,4494,2600,1894,13,6,14,30,0.433,370.58,214.40,156.18,1.07,0.49,1.15,2.47,374.50,216.67,157.83,1.08,0.50,1.17,2.50,29,27,2.39,2.23,2.42,2.25,89,7.34,7.42,0.30
Rival,RSC002616,Ruthle,Whisker Goblins,The Romp,Lunar,N/A,53.24,57,4,14.25,0.383,0.250,1,3,1,1525,790,735,4,0,6,9,0.444,410.35,212.57,197.78,1.08,0.00,1.61,2.42,381.25,197.50,183.75,1.00,0.00,1.50,2.25,7,11,1.88,2.96,1.75,2.75,32,8.61,8.00,0.34
Rival,RSC008341,haileyset,Hippos,Safari,Solar,N/A,52.89,55,4,13.75,0.331,0.250,1,3,1,1312,670,642,2,2,6,7,0.286,365.87,186.84,179.03,0.56,0.56,1.67,1.95,328.00,167.50,160.50,0.50,0.50,1.50,1.75,5,10,1.39,2.79,1.25,2.50,36,10.04,9.00,0.28
Rival,RSC007294,CF0UR_,Dracos,Mythical,Solar,N/A,52.86,206,12,17.17,0.525,0.750,9,3,4,4914,2980,1934,12,7,22,33,0.364,365.87,221.88,144.00,0.89,0.52,1.64,2.46,409.50,248.33,161.17,1.00,0.58,1.83,2.75,33,29,2.46,2.16,2.75,2.42,104,7.74,8.67,0.28
Rival,RSC000291,Suckiest Sucker,Hue Heroes,Art Club,Solar,N/A,52.51,197,12,16.42,0.506,0.667,8,4,2,4504,2380,2124,7,10,19,23,0.304,350.66,185.30,165.37,0.54,0.78,1.48,1.79,375.33,198.33,177.00,0.58,0.83,1.58,1.92,30,29,2.34,2.26,2.50,2.42,102,7.94,8.50,0.28
Rival,RSC006167,MagesticEagle1,Polar Ice,Minty Fresh,Lunar,N/A,51.50,167,12,13.92,0.500,0.583,7,5,3,3909,1970,1939,6,4,18,27,0.222,359.01,180.93,178.08,0.55,0.37,1.65,2.48,325.75,164.17,161.58,0.50,0.33,1.50,2.25,22,22,2.02,2.02,1.83,1.83,79,7.26,6.58,0.28
Rival,RSC008000,ChefHoffy,Lightning,Mach Velocity,Lunar,N/A,51.39,186,12,15.50,0.514,0.500,6,6,2,3907,2040,1867,6,8,14,34,0.176,322.17,168.22,153.95,0.49,0.66,1.15,2.80,325.58,170.00,155.58,0.50,0.67,1.17,2.83,29,27,2.39,2.23,2.42,2.25,89,7.34,7.42,0.30
Rival,RSC007307,Jmh187-,Nightfall,The Shadows,Lunar,N/A,50.27,177,11,16.09,0.455,0.364,4,7,2,3912,2400,1512,8,7,19,30,0.267,338.99,207.97,131.02,0.69,0.61,1.65,2.60,355.64,218.18,137.45,0.73,0.64,1.73,2.73,23,29,1.99,2.51,2.09,2.64,86,7.45,7.82,0.34
Rival,RSC014166,Onsi_,Nightfall,The Shadows,Lunar,N/A,50.09,180,11,16.36,0.428,0.364,4,7,2,4167,2380,1787,11,4,15,33,0.333,355.07,202.80,152.27,0.94,0.34,1.28,2.81,378.82,216.36,162.45,1.00,0.36,1.36,3.00,22,32,1.87,2.73,2.00,2.91,93,7.92,8.45,0.34
Rival,RSC005505,The_Wheelman_95,Demo Chasers,Inconveniences,Solar,N/A,49.15,183,12,15.25,0.462,0.500,6,6,3,4371,2520,1851,12,1,18,37,0.324,366.34,211.21,155.14,1.01,0.08,1.51,3.10,364.25,210.00,154.25,1.00,0.08,1.50,3.08,22,27,1.84,2.26,1.83,2.25,104,8.72,8.67,0.26
Rival,RSC004665,xPrism,Polar Bears,The Bear Den,Solar,N/A,48.93,86,5,17.20,0.413,0.200,1,4,1,1655,1010,645,3,5,6,16,0.188,295.16,180.13,115.03,0.54,0.89,1.07,2.85,331.00,202.00,129.00,0.60,1.00,1.20,3.20,12,17,2.14,3.03,2.40,3.40,45,8.03,9.00,0.38
Rival,RSC013105,ttv rapidsonn,Quads,The Quad Dynasty,Lunar,N/A,48.83,60,5,12.00,0.461,0.400,2,3,1,1220,480,740,1,3,3,8,0.125,311.87,122.70,189.16,0.26,0.77,0.77,2.05,244.00,96.00,148.00,0.20,0.60,0.60,1.60,5,6,1.28,1.53,1.00,1.20,32,8.18,6.40,0.19
Rival,RSC005691,Dr.Ukulele,Gaboons,Venom Lab,Lunar,N/A,48.68,187,11,17.00,0.435,0.273,3,8,1,4217,2390,1827,9,6,18,29,0.310,345.88,196.03,149.85,0.74,0.49,1.48,2.38,383.36,217.27,166.09,0.82,0.55,1.64,2.64,26,36,2.13,2.95,2.36,3.27,100,8.20,9.09,0.36
Rival,RSC008533,Malik_P4,Hippos,Safari,Solar,N/A,48.64,201,12,16.75,0.532,0.583,7,5,2,4456,2660,1796,12,8,15,31,0.387,340.02,202.98,137.05,0.92,0.61,1.14,2.37,371.33,221.67,149.67,1.00,0.67,1.25,2.58,32,27,2.44,2.06,2.67,2.25,97,7.40,8.08,0.28
Rival,RSC007861,xmanyaknow,Howlers,The Rising,Solar,N/A,48.33,82,6,13.67,0.577,0.667,4,2,2,1701,920,781,2,4,8,12,0.167,318.16,172.08,146.08,0.37,0.75,1.50,2.24,283.50,153.33,130.17,0.33,0.67,1.33,2.00,14,10,2.62,1.87,2.33,1.67,31,5.80,5.17,0.32
Rival,RSC000026,GoldeN,Whisker Goblins,The Romp,Lunar,N/A,48.29,176,12,14.67,0.467,0.333,4,8,1,4025,2160,1865,9,5,15,26,0.346,350.76,188.24,162.53,0.78,0.44,1.31,2.27,335.42,180.00,155.42,0.75,0.42,1.25,2.17,27,32,2.35,2.79,2.25,2.67,95,8.28,7.92,0.34
Rival,RSC005978,Xdraco0,Prowlers,Pawverse,Solar,N/A,47.29,145,9,16.11,0.563,0.667,6,3,0,3021,1790,1231,6,8,12,19,0.316,319.55,189.34,130.21,0.63,0.85,1.27,2.01,335.67,198.89,136.78,0.67,0.89,1.33,2.11,27,20,2.86,2.12,3.00,2.22,72,7.62,8.00,0.28
Rival,RSC002960,Shrek Is The Best Anime,Centuriones,The Sovereign,Lunar,N/A,47.20,117,8,14.63,0.523,0.500,4,4,1,2520,1230,1290,6,4,5,18,0.333,330.35,161.24,169.11,0.79,0.52,0.66,2.36,315.00,153.75,161.25,0.75,0.50,0.63,2.25,20,18,2.62,2.36,2.50,2.25,55,7.21,6.88,0.33
Rival,RSC007256,DarkOnDisplayRW7,Hippos,Safari,Solar,N/A,47.14,201,12,16.75,0.532,0.583,7,5,1,4218,2440,1778,10,8,14,34,0.294,321.86,186.19,135.67,0.76,0.61,1.07,2.59,351.50,203.33,148.17,0.83,0.67,1.17,2.83,32,27,2.44,2.06,2.67,2.25,97,7.40,8.08,0.28
Rival,RSC003367,OsoGhost,Demo Chasers,Inconveniences,Solar,N/A,47.01,35,2,17.50,0.164,0.000,0,2,0,957,580,377,1,0,9,3,0.333,419.38,254.17,165.21,0.44,0.00,3.94,1.31,478.50,290.00,188.50,0.50,0.00,4.50,1.50,3,10,1.31,4.38,1.50,5.00,28,12.27,14.00,0.36
Rival,RSC006489,bayylock,Tax Evaders,Shell Corp,Lunar,N/A,46.49,184,12,15.33,0.464,0.333,4,8,1,4077,2660,1417,7,7,27,26,0.269,339.85,221.73,118.12,0.58,0.58,2.25,2.17,339.75,221.67,118.08,0.58,0.58,2.25,2.17,23,28,1.92,2.33,1.92,2.33,101,8.42,8.42,0.28
Rival,RSC008260,Crucified,Tax Evaders,Shell Corp,Lunar,N/A,45.92,184,12,15.33,0.464,0.333,4,8,1,4300,2190,2110,5,3,26,24,0.208,358.43,182.55,175.88,0.42,0.25,2.17,2.00,358.33,182.50,175.83,0.42,0.25,2.17,2.00,23,28,1.92,2.33,1.92,2.33,101,8.42,8.42,0.28
Rival,RSC002453,Ghostie,Demo Chasers,Inconveniences,Solar,N/A,45.60,148,10,14.80,0.521,0.600,6,4,2,3259,1850,1409,6,5,16,20,0.300,337.74,191.72,146.02,0.62,0.52,1.66,2.07,325.90,185.00,140.90,0.60,0.50,1.60,2.00,19,17,1.97,1.76,1.90,1.70,76,7.88,7.60,0.22
Rival,RSC013051,Boricua,Centipedes,Buggin Out,Solar,N/A,44.98,67,4,16.75,0.433,0.250,1,3,1,1397,650,747,1,2,7,10,0.100,319.80,148.80,171.00,0.23,0.46,1.60,2.29,349.25,162.50,186.75,0.25,0.50,1.75,2.50,6,8,1.37,1.83,1.50,2.00,41,9.39,10.25,0.20
Rival,RSC005265,doctorprofessor_,Centuriones,The Sovereign,Lunar,N/A,44.96,176,12,14.67,0.485,0.417,5,7,1,3789,2100,1689,6,4,20,30,0.200,330.20,183.01,147.19,0.52,0.35,1.74,2.61,315.75,175.00,140.75,0.50,0.33,1.67,2.50,25,27,2.18,2.35,2.08,2.25,96,8.37,8.00,0.28
Rival,RSC008234,Its_Bran,Dracos,Mythical,Solar,N/A,44.42,185,11,16.82,0.578,0.818,9,2,2,3976,2200,1776,6,8,20,20,0.300,329.64,182.39,147.24,0.50,0.66,1.66,1.66,361.45,200.00,161.45,0.55,0.73,1.82,1.82,33,22,2.74,1.82,3.00,2.00,93,7.71,8.45,0.24
Rival,RSC007624,RealMrGreen,Ocelots,The Jungle,Solar,N/A,43.75,194,12,16.17,0.488,0.333,4,8,0,4177,2360,1817,12,7,11,26,0.462,330.23,186.58,143.65,0.95,0.55,0.87,2.06,348.08,196.67,151.42,1.00,0.58,0.92,2.17,31,33,2.45,2.61,2.58,2.75,103,8.14,8.58,0.32
Rival,RSC006138,cherrypupp,Wind,The Elements,Solar,N/A,43.65,135,8,16.88,0.411,0.375,3,5,1,3052,1780,1272,5,3,19,18,0.278,346.75,202.23,144.52,0.57,0.34,2.16,2.05,381.50,222.50,159.00,0.63,0.38,2.38,2.25,15,23,1.70,2.61,1.88,2.88,81,9.20,10.13,0.28
Rival,RSC006017,Dondo RF,Kitsune,The Shrine,Solar,N/A,43.47,180,12,15.00,0.475,0.417,5,7,1,3808,2090,1718,10,5,11,29,0.345,324.48,178.09,146.39,0.85,0.43,0.94,2.47,317.33,174.17,143.17,0.83,0.42,0.92,2.42,30,34,2.56,2.90,2.50,2.83,91,7.75,7.58,0.37
Rival,RSC012971,M,Wind,The Elements,Solar,N/A,42.88,87,5,17.40,0.523,0.600,3,2,0,1830,860,970,3,1,7,16,0.188,322.62,151.61,171.01,0.53,0.18,1.23,2.82,366.00,172.00,194.00,0.60,0.20,1.40,3.20,10,9,1.76,1.59,2.00,1.80,39,6.88,7.80,0.23
Rival,RSC013805,sae,Nightfall,The Shadows,Lunar,N/A,42.64,31,2,15.50,0.182,0.000,0,2,0,513,250,263,0,2,2,5,0.000,253.81,123.69,130.12,0.00,0.99,0.99,2.47,256.50,125.00,131.50,0.00,1.00,1.00,2.50,3,9,1.48,4.45,1.50,4.50,19,9.40,9.50,0.47
Rival,RSC005276,Dc,Polar Bears,The Bear Den,Solar,N/A,42.42,185,12,15.42,0.531,0.417,5,7,1,3605,1760,1845,6,8,10,26,0.231,298.88,145.92,152.96,0.50,0.66,0.83,2.16,300.42,146.67,153.75,0.50,0.67,0.83,2.17,35,30,2.90,2.49,2.92,2.50,76,6.30,6.33,0.39
Rival,RSC000300,2k,Hammerheads,Shark Attack,Solar,N/A,42.28,199,12,16.58,0.415,0.333,4,8,0,4034,2380,1654,11,5,13,38,0.289,310.92,183.44,127.48,0.85,0.39,1.00,2.93,336.17,198.33,137.83,0.92,0.42,1.08,3.17,25,39,1.93,3.01,2.08,3.25,101,7.78,8.42,0.39
Rival,RSC008465,IncorrectTerror,Centuriones,The Sovereign,Lunar,N/A,41.57,59,4,14.75,0.361,0.250,1,3,1,1370,540,830,1,1,7,4,0.250,356.15,140.38,215.77,0.26,0.26,1.82,1.04,342.50,135.00,207.50,0.25,0.25,1.75,1.00,5,9,1.30,2.34,1.25,2.25,41,10.66,10.25,0.22
Rival,RSC014114,fluffy_turtles15,Hammerheads,Shark Attack,Solar,N/A,40.03,68,4,17.00,0.277,0.250,1,3,1,1420,780,640,1,2,10,8,0.125,320.29,175.93,144.35,0.23,0.45,2.26,1.80,355.00,195.00,160.00,0.25,0.50,2.50,2.00,6,15,1.35,3.38,1.50,3.75,41,9.25,10.25,0.37
Rival,RSC005386,Danub,Wind,The Elements,Solar,N/A,39.79,202,12,16.83,0.458,0.500,6,6,2,3971,2000,1971,5,6,18,30,0.167,301.51,151.86,149.66,0.38,0.46,1.37,2.28,330.92,166.67,164.25,0.42,0.50,1.50,2.50,23,29,1.75,2.20,1.92,2.42,107,8.12,8.92,0.27
Rival,RSC006935,Bazzinga,Barracudas,Tyrants of the Sea,Lunar,N/A,39.69,159,10,15.90,0.579,0.800,8,2,2,3177,1920,1257,7,6,14,22,0.318,306.46,185.21,121.25,0.68,0.58,1.35,2.12,317.70,192.00,125.70,0.70,0.60,1.40,2.20,27,18,2.60,1.74,2.70,1.80,76,7.33,7.60,0.24
Rival,RSC007668,dep!,Kitsune,The Shrine,Solar,N/A,39.62,180,12,15.00,0.475,0.417,5,7,0,3487,2010,1477,6,7,16,26,0.231,297.12,171.27,125.85,0.51,0.60,1.36,2.22,290.58,167.50,123.08,0.50,0.58,1.33,2.17,30,34,2.56,2.90,2.50,2.83,91,7.75,7.58,0.37
Rival,RSC013917,Jaded,Centipedes,Buggin Out,Solar,N/A,37.99,67,4,16.75,0.433,0.250,1,3,0,1449,770,679,1,3,10,2,0.500,331.71,176.27,155.44,0.23,0.69,2.29,0.46,362.25,192.50,169.75,0.25,0.75,2.50,0.50,6,8,1.37,1.83,1.50,2.00,41,9.39,10.25,0.20
Rival,RSC008154,Blurrryy.,Guards,The King's Court,Lunar,N/A,37.77,92,7,13.14,0.555,0.714,5,2,0,1622,760,862,1,3,7,16,0.063,270.41,126.70,143.71,0.17,0.50,1.17,2.67,231.71,108.57,123.14,0.14,0.43,1.00,2.29,13,10,2.17,1.67,1.86,1.43,46,7.67,6.57,0.22
Rival,RSC000182,Goose,Genasi,D20,Lunar,N/A,37.00,141,10,14.10,0.358,0.300,3,7,1,2987,1580,1407,5,2,16,18,0.278,324.92,171.87,153.05,0.54,0.22,1.74,1.96,298.70,158.00,140.70,0.50,0.20,1.60,1.80,10,22,1.09,2.39,1.00,2.20,86,9.35,8.60,0.26
Rival,RSC007549,Whiffy_RL,Jets,Remove Before Flight,Solar,N/A,36.67,109,8,13.63,0.427,0.500,4,4,1,2346,1260,1086,3,2,15,11,0.273,330.11,177.30,152.81,0.42,0.28,2.11,1.55,293.25,157.50,135.75,0.38,0.25,1.88,1.38,15,21,2.11,2.95,1.88,2.63,71,9.99,8.88,0.30
Rival,RSC007960,Kayo04,Dice,The Casino,Lunar,N/A,36.65,176,11,16.00,0.454,0.273,3,8,0,3461,1790,1671,8,3,11,29,0.276,301.61,155.99,145.62,0.70,0.26,0.96,2.53,314.64,162.73,151.91,0.73,0.27,1.00,2.64,28,35,2.44,3.05,2.55,3.18,85,7.41,7.73,0.41
Rival,RSC012798,The_W4nderer,Whisker Goblins,The Romp,Lunar,N/A,36.46,102,8,12.75,0.326,0.125,1,7,0,2020,1010,1010,1,3,13,11,0.091,303.75,151.87,151.87,0.15,0.45,1.95,1.65,252.50,126.25,126.25,0.13,0.38,1.63,1.38,10,23,1.50,3.46,1.25,2.88,65,9.77,8.13,0.35
Rival,RSC007897,Synnicall,Centipedes,Buggin Out,Solar,N/A,36.00,113,8,14.13,0.500,0.375,3,5,0,2113,1190,923,5,3,7,19,0.263,286.80,161.52,125.28,0.68,0.41,0.95,2.58,264.13,148.75,115.38,0.63,0.38,0.88,2.38,17,17,2.31,2.31,2.13,2.13,48,6.52,6.00,0.35
Rival,RSC001358,Cob,Dice,The Casino,Lunar,N/A,35.64,80,5,16.00,0.433,0.200,1,4,1,1383,810,573,2,4,6,11,0.182,265.15,155.29,109.86,0.38,0.77,1.15,2.11,276.60,162.00,114.60,0.40,0.80,1.20,2.20,9,12,1.73,2.30,1.80,2.40,43,8.24,8.60,0.28
Rival,RSC013893,Chiharu6503,Genasi,D20,Lunar,N/A,33.67,152,10,15.20,0.365,0.300,3,7,1,2965,1490,1475,4,3,15,19,0.211,299.19,150.35,148.84,0.40,0.30,1.51,1.92,296.50,149.00,147.50,0.40,0.30,1.50,1.90,12,25,1.21,2.52,1.20,2.50,105,10.60,10.50,0.24
Rival,RSC003694,TheCroctopus,Polar Ice,Minty Fresh,Lunar,N/A,33.42,50,4,12.50,0.419,0.500,2,2,0,852,330,522,0,3,3,3,0.000,261.35,101.23,160.13,0.00,0.92,0.92,0.92,213.00,82.50,130.50,0.00,0.75,0.75,0.75,5,7,1.53,2.15,1.25,1.75,29,8.90,7.25,0.24
Rival,RSC005752,Surge85,Nightfall,The Shadows,Lunar,N/A,31.65,194,12,16.17,0.429,0.333,4,8,0,3637,1770,1867,5,3,17,27,0.185,287.54,139.94,147.61,0.40,0.24,1.34,2.13,303.08,147.50,155.58,0.42,0.25,1.42,2.25,24,35,1.90,2.77,2.00,2.92,99,7.83,8.25,0.35
Rival,RSC005150,StickyDihhRick,Tax Evaders,Shell Corp,Lunar,N/A,31.61,13,1,13.00,0.337,0.000,0,1,0,266,60,206,0,0,1,1,0.000,313.83,70.79,243.04,0.00,0.00,1.18,1.18,266.00,60.00,206.00,0.00,0.00,1.00,1.00,2,3,2.36,3.54,2.00,3.00,6,7.08,6.00,0.50
Rival,RSC007406,junior1000gsxr,Demo Chasers,Inconveniences,Solar,N/A,31.58,183,12,15.25,0.462,0.500,6,6,1,3251,1640,1611,3,7,16,19,0.158,272.47,137.45,135.02,0.25,0.59,1.34,1.59,270.92,136.67,134.25,0.25,0.58,1.33,1.58,22,27,1.84,2.26,1.83,2.25,104,8.72,8.67,0.26
Rival,RSC005246,Irishhhh,Hue Heroes,Art Club,Solar,N/A,29.94,197,12,16.42,0.506,0.667,8,4,1,3618,2130,1488,8,4,17,28,0.286,281.68,165.83,115.85,0.62,0.31,1.32,2.18,301.50,177.50,124.00,0.67,0.33,1.42,2.33,30,29,2.34,2.26,2.50,2.42,102,7.94,8.50,0.28
Rival,RSC006072,AveX InceptionZ,Quasars,The Cosmos,Solar,N/A,28.92,151,10,15.10,0.395,0.100,1,9,0,2550,1280,1270,2,5,13,18,0.111,259.01,130.01,129.00,0.20,0.51,1.32,1.83,255.00,128.00,127.00,0.20,0.50,1.30,1.80,15,26,1.52,2.64,1.50,2.60,79,8.02,7.90,0.33
Rival,RSC000724,dunnie14,Genasi,D20,Lunar,N/A,28.21,144,10,14.40,0.424,0.400,4,6,0,2586,1340,1246,2,4,16,14,0.143,275.44,142.73,132.71,0.21,0.43,1.70,1.49,258.60,134.00,124.60,0.20,0.40,1.60,1.40,14,21,1.49,2.24,1.40,2.10,88,9.37,8.80,0.24
Rival,RSC008360,Merk890,Quasars,The Cosmos,Solar,N/A,27.06,98,6,16.33,0.482,0.167,1,5,0,1708,950,758,6,0,3,20,0.300,267.31,148.68,118.63,0.94,0.00,0.47,3.13,284.67,158.33,126.33,1.00,0.00,0.50,3.33,12,13,1.88,2.03,2.00,2.17,49,7.67,8.17,0.27
Rival,RSC004452,sleepzey,Guards,The King's Court,Lunar,N/A,26.63,93,6,15.50,0.437,0.333,2,4,0,1570,910,660,3,3,7,11,0.273,258.93,150.08,108.85,0.49,0.49,1.15,1.81,261.67,151.67,110.00,0.50,0.50,1.17,1.83,13,17,2.14,2.80,2.17,2.83,48,7.92,8.00,0.35
Rival,RSC014176,CongestedBoi,Hammerheads,Shark Attack,Solar,N/A,26.04,51,3,17.00,0.532,0.667,2,1,0,936,590,346,3,0,4,9,0.333,281.49,177.44,104.06,0.90,0.00,1.20,2.71,312.00,196.67,115.33,1.00,0.00,1.33,3.00,10,9,3.01,2.71,3.33,3.00,23,6.92,7.67,0.39
Rival,RSC007560,ObiWan_Can_O_Bee,Gaboons,Venom Lab,Lunar,N/A,25.93,29,2,14.50,0.204,0.000,0,2,0,431,190,241,0,1,2,4,0.000,227.95,100.49,127.46,0.00,0.53,1.06,2.12,215.50,95.00,120.50,0.00,0.50,1.00,2.00,2,6,1.06,3.17,1.00,3.00,18,9.52,9.00,0.33
Rival,RSC006209,Celiscy,Quasars,The Cosmos,Solar,N/A,25.07,126,9,14.00,0.265,0.000,0,9,0,2050,930,1120,1,2,11,18,0.056,249.54,113.21,136.33,0.12,0.24,1.34,2.19,227.78,103.33,124.44,0.11,0.22,1.22,2.00,8,28,0.97,3.41,0.89,3.11,68,8.28,7.56,0.41
Rival,RSC002128,Velo,Gaboons,Venom Lab,Lunar,N/A,24.91,83,5,16.60,0.356,0.200,1,4,0,1473,840,633,5,2,3,9,0.556,272.20,155.22,116.97,0.92,0.37,0.55,1.66,294.60,168.00,126.60,1.00,0.40,0.60,1.80,12,21,2.22,3.88,2.40,4.20,45,8.32,9.00,0.47
Rival,RSC006794,HI7MAN305,Quads,The Quad Dynasty,Lunar,N/A,22.05,161,11,14.64,0.554,0.545,6,5,0,2930,1530,1400,4,2,18,13,0.308,279.13,145.76,133.37,0.38,0.19,1.71,1.24,266.36,139.09,127.27,0.36,0.18,1.64,1.18,29,22,2.76,2.10,2.64,2.00,80,7.62,7.27,0.28
Rival,RSC006643,Napkhan,Polar Ice,Minty Fresh,Lunar,N/A,21.24,50,4,12.50,0.615,0.750,3,1,0,709,310,399,1,0,2,11,0.091,217.49,95.09,122.39,0.31,0.00,0.61,3.37,177.25,77.50,99.75,0.25,0.00,0.50,2.75,8,5,2.45,1.53,2.00,1.25,19,5.83,4.75,0.26
Rival,RSC006464,vAirwick,"Polar Ice
Hammerheads","Minty Fresh
Shark Attack","Lunar
Solar","N/A
N/A",18.43,135,8,16.88,0.393,0.375,3,5,0,1828,900,928,1,5,8,15,0.067,207.68,102.25,105.43,0.11,0.57,0.91,1.70,228.50,112.50,116.00,0.13,0.63,1.00,1.88,15,25,1.70,2.84,1.88,3.13,72,8.18,9.00,0.35
Rival,RSC012832,22,Barracudas,Tyrants of the Sea,Lunar,N/A,17.91,26,2,13.00,0.500,0.500,1,1,0,266,100,166,0,1,0,5,0.000,156.92,58.99,97.93,0.00,0.59,0.00,2.95,133.00,50.00,83.00,0.00,0.50,0.00,2.50,2,2,1.18,1.18,1.00,1.00,11,6.49,5.50,0.18
Rival,RSC013069,Saint Fenrir,Mining Legion,Dwarf Haven,Lunar,N/A,16.53,41,2,20.50,0.691,1.000,2,0,1,673,240,433,1,0,2,4,0.250,251.76,89.78,161.98,0.37,0.00,0.75,1.50,336.50,120.00,216.50,0.50,0.00,1.00,2.00,6,3,2.24,1.12,3.00,1.50,12,4.49,6.00,0.25
Rival,RSC009791,1ggy._,Quasars,The Cosmos,Solar,N/A,14.07,54,4,13.50,0.207,0.000,0,4,0,761,280,481,1,0,2,8,0.125,216.15,79.53,136.62,0.28,0.00,0.57,2.27,190.25,70.00,120.25,0.25,0.00,0.50,2.00,4,14,1.14,3.98,1.00,3.50,30,8.52,7.50,0.47
Rival,RSC007816,Auty RL,Hammerheads,Shark Attack,Solar,N/A,11.93,64,4,16.00,0.443,0.250,1,3,0,923,460,463,2,1,3,6,0.333,221.20,110.24,110.96,0.48,0.24,0.72,1.44,230.75,115.00,115.75,0.50,0.25,0.75,1.50,8,10,1.92,2.40,2.00,2.50,29,6.95,7.25,0.34
Rival,RSC003255,cozyboy,Dracos,Mythical,Solar,N/A,11.01,33,2,16.50,0.089,0.500,1,1,0,465,80,385,0,0,1,3,0.000,216.12,37.18,178.94,0.00,0.00,0.46,1.39,232.50,40.00,192.50,0.00,0.00,0.50,1.50,1,7,0.46,3.25,0.50,3.50,18,8.37,9.00,0.39
Rival,RSC008487,S3 UniQ,Hammerheads,Shark Attack,Solar,N/A,6.90,16,1,16.00,0.065,0.000,0,1,0,188,20,168,0,0,0,2,0.000,180.22,19.17,161.05,0.00,0.00,0.00,1.92,188.00,20.00,168.00,0.00,0.00,0.00,2.00,1,5,0.96,4.79,1.00,5.00,8,7.67,8.00,0.63
Rival,RSC005960,Hyper,Tax Evaders,Shell Corp,Lunar,N/A,1.44,63,4,15.75,0.432,0.250,1,3,0,648,270,378,1,1,1,7,0.143,157.76,65.73,92.03,0.24,0.24,0.24,1.70,162.00,67.50,94.50,0.25,0.25,0.25,1.75,6,8,1.46,1.95,1.50,2.00,39,9.49,9.75,0.21
Challenger,RSC013820,C3nc,Corals,Venom Lab,Lunar,N/A,155.96,13,1,13.00,0.730,1.000,1,0,1,647,350,297,2,0,2,5,0.400,765.54,414.13,351.42,2.37,0.00,2.37,5.92,647.00,350.00,297.00,2.00,0.00,2.00,5.00,2,1,2.37,1.18,2.00,1.00,7,8.28,7.00,0.14
Challenger,RSC007985,thegr8est34,Chew Toys,Pawverse,Solar,N/A,97.11,7,1,7.00,0.114,0.000,0,1,0,286,110,176,1,0,0,1,1.000,628.46,241.71,386.74,2.20,0.00,0.00,2.20,286.00,110.00,176.00,1.00,0.00,0.00,1.00,1,3,2.20,6.59,1.00,3.00,5,10.99,5.00,0.60
Challenger,RSC004992,vince_afterhours,Chew Toys,Pawverse,Solar,N/A,94.47,175,12,14.58,0.552,0.583,7,5,3,5772,3550,2222,18,12,15,40,0.450,507.34,312.03,195.31,1.58,1.05,1.32,3.52,481.00,295.83,185.17,1.50,1.00,1.25,3.33,41,32,3.60,2.81,3.42,2.67,75,6.59,6.25,0.43
Challenger,RSC005892,Quazzaa,Blitzars,The Cosmos,Solar,N/A,80.86,184,12,15.33,0.627,0.667,8,4,4,5400,3460,1940,15,15,17,36,0.417,451.42,289.25,162.18,1.25,1.25,1.42,3.01,450.00,288.33,161.67,1.25,1.25,1.42,3.00,39,20,3.26,1.67,3.25,1.67,76,6.35,6.33,0.26
Challenger,RSC004845,le bin.,Chew Toys,Pawverse,Solar,N/A,79.94,175,12,14.58,0.552,0.583,7,5,3,5258,3150,2108,15,10,16,35,0.429,462.16,276.87,185.28,1.32,0.88,1.41,3.08,438.17,262.50,175.67,1.25,0.83,1.33,2.92,41,32,3.60,2.81,3.42,2.67,75,6.59,6.25,0.43
Challenger,RSC007604,RiisenJT,Stingrays,Tyrants of the Sea,Lunar,N/A,78.58,94,5,18.80,0.515,0.600,3,2,2,2467,1550,917,5,6,10,25,0.200,403.69,253.64,150.05,0.82,0.98,1.64,4.09,493.40,310.00,183.40,1.00,1.20,2.00,5.00,17,16,2.78,2.62,3.40,3.20,42,6.87,8.40,0.38
Challenger,RSC006835,xTapsol,Hydras,Mythical,Solar,N/A,76.51,63,4,15.75,0.637,0.750,3,1,2,1788,1040,748,4,3,7,14,0.286,436.55,253.92,182.63,0.98,0.73,1.71,3.42,447.00,260.00,187.00,1.00,0.75,1.75,3.50,12,7,2.93,1.71,3.00,1.75,28,6.84,7.00,0.25
Challenger,RSC006322,Lorak,Spearmint,Minty Fresh,Lunar,N/A,76.48,134,9,14.89,0.459,0.444,4,5,2,4040,2640,1400,10,3,24,29,0.345,463.75,303.04,160.71,1.15,0.34,2.75,3.33,448.89,293.33,155.56,1.11,0.33,2.67,3.22,18,22,2.07,2.53,2.00,2.44,80,9.18,8.89,0.28
Challenger,RSC013984,ttv.milo2rare_,Aasimar,D20,Lunar,N/A,76.43,125,9,13.89,0.500,0.556,5,4,1,3345,1880,1465,7,5,12,33,0.212,411.62,231.34,180.27,0.86,0.62,1.48,4.06,371.67,208.89,162.78,0.78,0.56,1.33,3.67,19,19,2.34,2.34,2.11,2.11,51,6.28,5.67,0.37
Challenger,RSC002427,Free.,All On Black,The Casino,Lunar,N/A,75.15,170,12,14.17,0.589,0.667,8,4,3,5011,2980,2031,18,7,10,33,0.545,453.40,269.63,183.77,1.63,0.63,0.90,2.99,417.58,248.33,169.25,1.50,0.58,0.83,2.75,39,25,3.53,2.26,3.25,2.08,82,7.42,6.83,0.30
Challenger,RSC006777,AlteredSp4rky,All On Black,The Casino,Lunar,N/A,74.85,170,12,14.17,0.589,0.667,8,4,4,5048,3140,1908,14,10,19,29,0.483,456.75,284.11,172.64,1.27,0.90,1.72,2.62,420.67,261.67,159.00,1.17,0.83,1.58,2.42,39,25,3.53,2.26,3.25,2.08,82,7.42,6.83,0.30
Challenger,RSC000379,DrizzyJ,Scribes,The King's Court,Lunar,N/A,73.87,161,11,14.64,0.508,0.545,6,5,4,4460,2570,1890,9,6,20,37,0.243,426.11,245.54,180.57,0.86,0.57,1.91,3.53,405.45,233.64,171.82,0.82,0.55,1.82,3.36,23,22,2.20,2.10,2.09,2.00,61,5.83,5.55,0.36
Challenger,RSC012900,SqishDeworm4,Lions,Safari,Solar,N/A,73.62,145,10,14.50,0.527,0.500,5,5,3,4408,2610,1798,7,9,25,21,0.333,467.61,276.87,190.73,0.74,0.95,2.65,2.23,440.80,261.00,179.80,0.70,0.90,2.50,2.10,24,21,2.55,2.23,2.40,2.10,84,8.91,8.40,0.25
Challenger,RSC013153,Rev brok cntrl.,Metal,The Elements,Solar,N/A,73.43,183,12,15.25,0.511,0.500,6,6,5,5314,3170,2144,16,6,18,37,0.432,446.66,266.45,180.21,1.34,0.50,1.51,3.11,442.83,264.17,178.67,1.33,0.50,1.50,3.08,37,35,3.11,2.94,3.08,2.92,83,6.98,6.92,0.42
Challenger,RSC008120,Spul4k,Corals,Venom Lab,Lunar,N/A,72.17,36,2,18.00,0.608,0.500,1,1,1,952,580,372,3,2,2,8,0.375,406.76,247.82,158.95,1.28,0.85,0.85,3.42,476.00,290.00,186.00,1.50,1.00,1.00,4.00,7,5,2.99,2.14,3.50,2.50,14,5.98,7.00,0.36
Challenger,RSC005526,Vortex3524,Scarabs,Buggin Out,Solar,N/A,71.71,63,4,15.75,0.394,0.250,1,3,1,1689,1000,689,5,2,5,15,0.333,412.38,244.16,168.22,1.22,0.49,1.22,3.66,422.25,250.00,172.25,1.25,0.50,1.25,3.75,11,16,2.69,3.91,2.75,4.00,32,7.81,8.00,0.50
Challenger,RSC007777,elyaeri,Gold Hoarders,Dwarf Haven,Lunar,N/A,67.82,125,8,15.63,0.571,0.750,6,2,4,3429,2340,1089,10,5,17,24,0.417,421.95,287.95,134.01,1.23,0.62,2.09,2.95,428.63,292.50,136.13,1.25,0.63,2.13,3.00,21,15,2.58,1.85,2.63,1.88,61,7.51,7.63,0.25
Challenger,RSC012341,dyn.2,Insider Traders,Shell Corp,Lunar,N/A,66.70,110,6,18.33,0.549,0.500,3,3,1,2918,1930,988,10,8,7,18,0.556,408.04,269.88,138.16,1.40,1.12,0.98,2.52,486.33,321.67,164.67,1.67,1.33,1.17,3.00,22,18,3.08,2.52,3.67,3.00,55,7.69,9.17,0.33
Challenger,RSC014104,Sunex,Blitzars,The Cosmos,Solar,N/A,66.05,171,11,15.55,0.665,0.727,8,3,4,4613,2910,1703,17,3,14,36,0.472,414.95,261.76,153.19,1.53,0.27,1.26,3.24,419.36,264.55,154.82,1.55,0.27,1.27,3.27,38,16,3.42,1.44,3.45,1.45,68,6.12,6.18,0.24
Challenger,RSC002049,stuckonthex,Hydras,Mythical,Solar,N/A,65.11,206,12,17.17,0.582,0.750,9,3,3,4953,2990,1963,11,9,19,49,0.224,369.84,223.26,146.58,0.82,0.67,1.42,3.66,412.75,249.17,163.58,0.92,0.75,1.58,4.08,33,21,2.46,1.57,2.75,1.75,78,5.82,6.50,0.27
Challenger,RSC007546,N0TTopmarx,Flailers,The Quad Dynasty,Lunar,N/A,64.87,170,12,14.17,0.517,0.583,7,5,4,4674,2400,2274,9,5,19,30,0.300,422.91,217.16,205.75,0.81,0.45,1.72,2.71,389.50,200.00,189.50,0.75,0.42,1.58,2.50,22,20,1.99,1.81,1.83,1.67,88,7.96,7.33,0.23
Challenger,RSC012964,Czelco,Warbirds,Remove Before Flight,Solar,N/A,64.70,192,12,16.00,0.719,1.000,12,0,5,4897,2940,1957,13,4,20,44,0.295,392.32,235.53,156.78,1.04,0.32,1.60,3.53,408.08,245.00,163.08,1.08,0.33,1.67,3.67,37,10,2.96,0.80,3.08,0.83,79,6.33,6.58,0.13
Challenger,RSC000136,Blun,Warthogs,Mach Velocity,Lunar,N/A,64.16,195,12,16.25,0.537,0.500,6,6,4,5019,2990,2029,12,12,17,34,0.353,395.90,235.85,160.05,0.95,0.95,1.34,2.68,418.25,249.17,169.08,1.00,1.00,1.42,2.83,34,28,2.68,2.21,2.83,2.33,103,8.12,8.58,0.27
Challenger,RSC006910,Swanny2.0,Shade,The Shadows,Lunar,N/A,60.82,175,12,14.58,0.580,0.583,7,5,4,4440,2630,1810,12,6,16,33,0.364,390.26,231.17,159.09,1.05,0.53,1.41,2.90,370.00,219.17,150.83,1.00,0.50,1.33,2.75,28,18,2.46,1.58,2.33,1.50,84,7.38,7.00,0.21
Challenger,RSC013048,GamerNamedLouis,Warbirds,Remove Before Flight,Solar,N/A,60.64,192,12,16.00,0.719,1.000,12,0,3,4604,2640,1964,9,9,18,39,0.231,368.84,211.50,157.34,0.72,0.72,1.44,3.12,383.67,220.00,163.67,0.75,0.75,1.50,3.25,37,10,2.96,0.80,3.08,0.83,79,6.33,6.58,0.13
Challenger,RSC006908,OvrSizedFrog,All On Black,The Casino,Lunar,N/A,60.57,108,8,13.50,0.601,0.625,5,3,1,2708,1600,1108,5,9,10,15,0.333,385.68,227.88,157.81,0.71,1.28,1.42,2.14,338.50,200.00,138.50,0.63,1.13,1.25,1.88,25,16,3.56,2.28,3.13,2.00,52,7.41,6.50,0.31
Challenger,RSC012930,Hxccxp,Metal,The Elements,Solar,N/A,60.39,156,10,15.60,0.543,0.600,6,4,0,3787,2150,1637,8,12,10,25,0.320,373.40,211.99,161.41,0.79,1.18,0.99,2.47,378.70,215.00,163.70,0.80,1.20,1.00,2.50,33,27,3.25,2.66,3.30,2.70,71,7.00,7.10,0.38
Challenger,RSC002320,JoeExotic,Aasimar,D20,Lunar,N/A,60.18,163,11,14.82,0.516,0.545,6,5,3,4059,2350,1709,10,7,14,30,0.333,383.04,221.76,161.27,0.94,0.66,1.32,2.83,369.00,213.64,155.36,0.91,0.64,1.27,2.73,26,24,2.45,2.26,2.36,2.18,73,6.89,6.64,0.33
Challenger,RSC002841,dyl,Stingrays,Tyrants of the Sea,Lunar,N/A,59.13,195,12,16.25,0.476,0.500,6,6,2,4827,2910,1917,13,12,14,31,0.419,380.76,229.54,151.22,1.03,0.95,1.10,2.45,402.25,242.50,159.75,1.08,1.00,1.17,2.58,31,35,2.45,2.76,2.58,2.92,97,7.65,8.08,0.36
Challenger,RSC008184,Dray,Chromatic Chaos,Art Club,Solar,N/A,58.00,195,12,16.25,0.514,0.583,7,5,5,5020,2720,2300,10,6,22,32,0.313,395.98,214.56,181.43,0.79,0.47,1.74,2.52,418.33,226.67,191.67,0.83,0.50,1.83,2.67,28,26,2.21,2.05,2.33,2.17,102,8.05,8.50,0.25
Challenger,RSC014010,ballerking2008,Shade,The Shadows,Lunar,N/A,57.62,116,8,14.50,0.527,0.500,4,4,2,2956,1600,1356,6,3,13,20,0.300,391.97,212.16,179.81,0.80,0.40,1.72,2.65,369.50,200.00,169.50,0.75,0.38,1.63,2.50,16,14,2.12,1.86,2.00,1.75,59,7.82,7.38,0.24
Challenger,RSC005430,Schmeemeet,Boost Steal,Inconveniences,Solar,N/A,56.97,201,12,16.75,0.475,0.333,4,8,1,4981,2890,2091,8,8,27,34,0.235,381.18,221.16,160.02,0.61,0.61,2.07,2.60,415.08,240.83,174.25,0.67,0.67,2.25,2.83,28,32,2.14,2.45,2.33,2.67,112,8.57,9.33,0.29
Challenger,RSC000625,Sly,Threshers,Shark Attack,Solar,N/A,56.28,193,12,16.08,0.500,0.500,6,6,2,4589,2550,2039,10,8,16,35,0.286,365.74,203.23,162.51,0.80,0.64,1.28,2.79,382.42,212.50,169.92,0.83,0.67,1.33,2.92,30,30,2.39,2.39,2.50,2.50,90,7.17,7.50,0.33
Challenger,RSC008567,heyy_17,Warbirds,Remove Before Flight,Solar,N/A,55.26,192,12,16.00,0.719,1.000,12,0,4,4735,3000,1735,15,8,16,30,0.500,379.34,240.34,139.00,1.20,0.64,1.28,2.40,394.58,250.00,144.58,1.25,0.67,1.33,2.50,37,10,2.96,0.80,3.08,0.83,79,6.33,6.58,0.13
Challenger,RSC013056,SRSExKAOS,Insider Traders,Shell Corp,Lunar,N/A,55.03,125,7,17.86,0.477,0.429,3,4,2,2954,1600,1354,4,7,13,20,0.200,363.50,196.89,166.62,0.49,0.86,1.60,2.46,422.00,228.57,193.43,0.57,1.00,1.86,2.86,18,20,2.21,2.46,2.57,2.86,63,7.75,9.00,0.32
Challenger,RSC012828,dahc.,Ryujin,The Shrine,Solar,N/A,54.70,110,7,15.71,0.419,0.429,3,4,1,2449,1390,1059,6,3,8,24,0.250,342.46,194.37,148.08,0.84,0.42,1.12,3.36,349.86,198.57,151.29,0.86,0.43,1.14,3.43,17,24,2.38,3.36,2.43,3.43,57,7.97,8.14,0.42
Challenger,RSC006413,BlueFlre,Corals,Venom Lab,Lunar,N/A,53.74,178,12,14.83,0.471,0.500,6,6,1,4189,2260,1929,6,11,17,26,0.231,361.99,195.30,166.69,0.52,0.95,1.47,2.25,349.08,188.33,160.75,0.50,0.92,1.42,2.17,24,28,2.07,2.42,2.00,2.33,87,7.52,7.25,0.32
Challenger,RSC014103,Reapdemon,Hydras,Mythical,Solar,N/A,53.47,206,12,17.17,0.582,0.750,9,3,2,4644,2680,1964,13,9,11,38,0.342,346.76,200.11,146.65,0.97,0.67,0.82,2.84,387.00,223.33,163.67,1.08,0.75,0.92,3.17,33,21,2.46,1.57,2.75,1.75,78,5.82,6.50,0.27
Challenger,RSC003118,Mysty,Warthogs,Mach Velocity,Lunar,N/A,52.93,131,8,16.38,0.621,0.625,5,3,0,2972,1730,1242,8,6,8,23,0.348,348.97,203.13,145.83,0.94,0.70,0.94,2.70,371.50,216.25,155.25,1.00,0.75,1.00,2.88,28,16,3.29,1.88,3.50,2.00,59,6.93,7.38,0.27
Challenger,RSC013241,bees .,Scarabs,Buggin Out,Solar,N/A,52.45,30,2,15.00,0.398,0.000,0,2,0,603,350,253,1,3,1,5,0.200,309.17,179.45,129.72,0.51,1.54,0.51,2.56,301.50,175.00,126.50,0.50,1.50,0.50,2.50,6,8,3.08,4.10,3.00,4.00,15,7.69,7.50,0.53
Challenger,RSC008340,Slowsociety,Chromatic Chaos,Art Club,Solar,N/A,51.96,120,8,15.00,0.512,0.625,5,3,1,2619,1480,1139,6,5,8,23,0.261,335.71,189.71,146.00,0.77,0.64,1.03,2.95,327.38,185.00,142.38,0.75,0.63,1.00,2.88,19,18,2.44,2.31,2.38,2.25,54,6.92,6.75,0.33
Challenger,RSC007487,YoloOnTinder,Gold Hoarders,Dwarf Haven,Lunar,N/A,51.44,83,5,16.60,0.500,0.600,3,2,1,1956,1070,886,3,4,9,12,0.250,362.49,198.30,164.20,0.56,0.74,1.67,2.22,391.20,214.00,177.20,0.60,0.80,1.80,2.40,13,13,2.41,2.41,2.60,2.60,42,7.78,8.40,0.31
Challenger,RSC014156,Zero . RL,Threshers,Shark Attack,Solar,N/A,51.35,67,4,16.75,0.409,0.500,2,2,1,1387,800,587,4,2,3,15,0.267,318.43,183.66,134.76,0.92,0.46,0.69,3.44,346.75,200.00,146.75,1.00,0.50,0.75,3.75,10,14,2.30,3.21,2.50,3.50,30,6.89,7.50,0.47
Challenger,RSC008192,Alpha Dingo,Corals,Venom Lab,Lunar,N/A,50.95,178,12,14.83,0.471,0.500,6,6,1,4054,1900,2154,7,2,15,35,0.200,350.33,164.19,186.14,0.60,0.17,1.30,3.02,337.83,158.33,179.50,0.58,0.17,1.25,2.92,24,28,2.07,2.42,2.00,2.33,87,7.52,7.25,0.32
Challenger,RSC000025,Slayerof666,Panda Bears,The Bear Den,Solar,N/A,50.87,144,10,14.40,0.435,0.400,4,6,2,3617,2020,1597,10,1,15,22,0.455,386.36,215.77,170.59,1.07,0.11,1.60,2.35,361.70,202.00,159.70,1.00,0.10,1.50,2.20,18,25,1.92,2.67,1.80,2.50,85,9.08,8.50,0.29
Challenger,RSC005253,dinnindu,Warthogs,Mach Velocity,Lunar,N/A,50.87,139,8,17.38,0.530,0.500,4,4,2,3396,2040,1356,8,5,16,19,0.421,375.80,225.75,150.06,0.89,0.55,1.77,2.10,424.50,255.00,169.50,1.00,0.63,2.00,2.38,23,20,2.55,2.21,2.88,2.50,80,8.85,10.00,0.25
Challenger,RSC013046,GIANT-LION-BIRD,Threshers,Shark Attack,Solar,N/A,50.38,193,12,16.08,0.500,0.500,6,6,1,4199,2300,1899,10,8,11,35,0.286,334.65,183.31,151.35,0.80,0.64,0.88,2.79,349.92,191.67,158.25,0.83,0.67,0.92,2.92,30,30,2.39,2.39,2.50,2.50,90,7.17,7.50,0.33
Challenger,RSC008592,Rezcoh,Spearmint,Minty Fresh,Lunar,N/A,50.22,179,12,14.92,0.479,0.500,6,6,4,4520,2440,2080,11,3,19,24,0.458,388.41,209.67,178.74,0.95,0.26,1.63,2.06,376.67,203.33,173.33,0.92,0.25,1.58,2.00,26,29,2.23,2.49,2.17,2.42,105,9.02,8.75,0.28
Challenger,RSC006372,x ARC Fives x,Scribes,The King's Court,Lunar,N/A,49.65,175,12,14.58,0.485,0.500,6,6,2,3481,1740,1741,7,6,7,39,0.179,305.97,152.94,153.03,0.62,0.53,0.62,3.43,290.08,145.00,145.08,0.58,0.50,0.58,3.25,23,25,2.02,2.20,1.92,2.08,68,5.98,5.67,0.37
Challenger,RSC006748,Llamaboy101,Metal,The Elements,Solar,N/A,49.60,91,6,15.17,0.472,0.333,2,4,0,1958,1140,818,5,6,4,14,0.357,330.96,192.70,138.27,0.85,1.01,0.68,2.37,326.33,190.00,136.33,0.83,1.00,0.67,2.33,17,19,2.87,3.21,2.83,3.17,41,6.93,6.83,0.46
Challenger,RSC009235,On3x.,Blitzars,The Cosmos,Solar,N/A,49.50,184,12,15.33,0.627,0.667,8,4,0,3800,2040,1760,6,10,12,34,0.176,317.67,170.54,147.13,0.50,0.84,1.00,2.84,316.67,170.00,146.67,0.50,0.83,1.00,2.83,39,20,3.26,1.67,3.25,1.67,76,6.35,6.33,0.26
Challenger,RSC005521,Sohl,Lions,Safari,Solar,N/A,49.06,128,9,14.22,0.511,0.444,4,5,1,2964,1800,1164,7,4,14,20,0.350,356.19,216.31,139.88,0.84,0.48,1.68,2.40,329.33,200.00,129.33,0.78,0.44,1.56,2.22,18,17,2.16,2.04,2.00,1.89,72,8.65,8.00,0.24
Challenger,RSC006212,Kingtutt97,Flailers,The Quad Dynasty,Lunar,N/A,49.02,170,12,14.17,0.517,0.583,7,5,2,3969,2240,1729,5,7,23,24,0.208,359.12,202.68,156.44,0.45,0.63,2.08,2.17,330.75,186.67,144.08,0.42,0.58,1.92,2.00,22,20,1.99,1.81,1.83,1.67,88,7.96,7.33,0.23
Challenger,RSC003069,Emjay,Scribes,The King's Court,Lunar,N/A,48.40,110,8,13.75,0.417,0.375,3,5,0,2419,1020,1399,4,5,4,17,0.235,338.26,142.63,195.63,0.56,0.70,0.56,2.38,302.38,127.50,174.88,0.50,0.63,0.50,2.13,12,18,1.68,2.52,1.50,2.25,49,6.85,6.13,0.37
Challenger,RSC012932,princedre.,Chromatic Chaos,Art Club,Solar,N/A,48.36,131,8,16.38,0.476,0.500,4,4,1,2896,1790,1106,7,3,14,24,0.292,340.04,210.18,129.86,0.82,0.35,1.64,2.82,362.00,223.75,138.25,0.88,0.38,1.75,3.00,16,18,1.88,2.11,2.00,2.25,73,8.57,9.13,0.25
Challenger,RSC008556,jizko,Toucans,The Jungle,Solar,N/A,48.24,152,10,15.20,0.500,0.500,5,5,2,3355,1860,1495,5,5,17,26,0.192,339.51,188.22,151.29,0.51,0.51,1.72,2.63,335.50,186.00,149.50,0.50,0.50,1.70,2.60,18,18,1.82,1.82,1.80,1.80,79,7.99,7.90,0.23
Challenger,RSC007001,tankersrul,Stingrays,Tyrants of the Sea,Lunar,N/A,47.20,122,8,15.25,0.434,0.375,3,5,2,2977,1660,1317,8,2,12,16,0.500,375.34,209.29,166.05,1.01,0.25,1.51,2.02,372.13,207.50,164.63,1.00,0.25,1.50,2.00,17,23,2.14,2.90,2.13,2.88,62,7.82,7.75,0.37
Challenger,RSC006430,xxDaddysHerexx,Dustwalkers,The Rising,Solar,N/A,47.11,116,8,14.50,0.458,0.500,4,4,2,2191,960,1231,4,4,2,26,0.154,290.53,127.30,163.23,0.53,0.53,0.27,3.45,273.88,120.00,153.88,0.50,0.50,0.25,3.25,13,16,1.72,2.12,1.63,2.00,54,7.16,6.75,0.30
Challenger,RSC004844,Calicat01,Decuriones,The Sovereign,Lunar,N/A,46.94,193,12,16.08,0.450,0.333,4,8,1,3851,2290,1561,10,7,11,39,0.256,306.92,182.51,124.41,0.80,0.56,0.88,3.11,320.92,190.83,130.08,0.83,0.58,0.92,3.25,22,29,1.75,2.31,1.83,2.42,102,8.13,8.50,0.28
Challenger,RSC007816,Auty RL,Threshers,Shark Attack,Solar,N/A,46.76,126,8,15.75,0.547,0.500,4,4,2,2946,1680,1266,6,3,15,18,0.333,359.64,205.09,154.55,0.73,0.37,1.83,2.20,368.25,210.00,158.25,0.75,0.38,1.88,2.25,20,16,2.44,1.95,2.50,2.00,60,7.32,7.50,0.27
Challenger,RSC008507,Unc Jeebs,Gold Hoarders,Dwarf Haven,Lunar,N/A,46.72,186,11,16.91,0.529,0.636,7,4,2,4086,2200,1886,9,6,14,30,0.300,337.90,181.94,155.97,0.74,0.50,1.16,2.48,371.45,200.00,171.45,0.82,0.55,1.27,2.73,28,24,2.32,1.98,2.55,2.18,95,7.86,8.64,0.25
Challenger,RSC008550,ChromaToad,Panda Bears,The Bear Den,Solar,N/A,46.65,177,12,14.75,0.421,0.333,4,8,0,3994,2050,1944,4,7,21,25,0.160,347.09,178.15,168.94,0.35,0.61,1.82,2.17,332.83,170.83,162.00,0.33,0.58,1.75,2.08,21,32,1.82,2.78,1.75,2.67,107,9.30,8.92,0.30
Challenger,RSC003536,Charlemagne,Insider Traders,Shell Corp,Lunar,N/A,46.23,211,12,17.58,0.517,0.500,6,6,3,4503,2610,1893,12,7,14,36,0.333,328.27,190.27,138.00,0.87,0.51,1.02,2.62,375.25,217.50,157.75,1.00,0.58,1.17,3.00,35,32,2.55,2.33,2.92,2.67,105,7.65,8.75,0.30
Challenger,RSC002809,bubles,Flailers,The Quad Dynasty,Lunar,N/A,45.97,170,12,14.17,0.517,0.583,7,5,1,3780,1780,2000,8,3,11,28,0.286,342.02,161.06,180.96,0.72,0.27,1.00,2.53,315.00,148.33,166.67,0.67,0.25,0.92,2.33,22,20,1.99,1.81,1.83,1.67,88,7.96,7.33,0.23
Challenger,RSC006346,MobBossCitrus,All On Black,The Casino,Lunar,N/A,45.76,62,4,15.50,0.620,0.750,3,1,0,1202,810,392,2,4,6,11,0.182,298.21,200.96,97.25,0.50,0.99,1.49,2.73,300.50,202.50,98.00,0.50,1.00,1.50,2.75,14,9,3.47,2.23,3.50,2.25,30,7.44,7.50,0.30
Challenger,RSC003919,thejeansman,Meat Lovers,Fifty-Fifty Pizzeria,Lunar,N/A,45.65,75,5,15.00,0.532,0.600,3,2,1,1562,760,802,3,0,6,16,0.188,320.35,155.87,164.48,0.62,0.00,1.23,3.28,312.40,152.00,160.40,0.60,0.00,1.20,3.20,7,6,1.44,1.23,1.40,1.20,38,7.79,7.60,0.16
Challenger,RSC002413,dafiya711,Toucans,The Jungle,Solar,N/A,44.69,161,11,14.64,0.519,0.545,6,5,2,3630,1780,1850,5,4,17,23,0.217,346.81,170.06,176.75,0.48,0.38,1.62,2.20,330.00,161.82,168.18,0.45,0.36,1.55,2.09,20,18,1.91,1.72,1.82,1.64,88,8.41,8.00,0.20
Challenger,RSC000053,its_lost,Aasimar,D20,Lunar,N/A,44.50,93,7,13.29,0.483,0.429,3,4,2,2109,1070,1039,5,3,6,12,0.417,348.82,176.97,171.85,0.83,0.50,0.99,1.98,301.29,152.86,148.43,0.71,0.43,0.86,1.71,12,13,1.98,2.15,1.71,1.86,44,7.28,6.29,0.30
Challenger,RSC006747,Panda,Gold Hoarders,Dwarf Haven,Lunar,N/A,43.05,197,12,16.42,0.533,0.667,8,4,1,4042,2220,1822,9,7,13,32,0.281,315.60,173.34,142.26,0.70,0.55,1.02,2.50,336.83,185.00,151.83,0.75,0.58,1.08,2.67,31,26,2.42,2.03,2.58,2.17,99,7.73,8.25,0.26
Challenger,RSC013921,TitanPolus,Shade,The Shadows,Lunar,N/A,42.92,59,4,14.75,0.752,0.750,3,1,0,1147,700,447,2,3,5,10,0.200,299.03,182.50,116.54,0.52,0.78,1.30,2.61,286.75,175.00,111.75,0.50,0.75,1.25,2.50,12,4,3.13,1.04,3.00,1.00,25,6.52,6.25,0.16
Challenger,RSC008195,Preaux.,Shade,The Shadows,Lunar,N/A,41.32,175,12,14.58,0.580,0.583,7,5,1,3527,2030,1497,8,6,13,28,0.286,310.01,178.43,131.58,0.70,0.53,1.14,2.46,293.92,169.17,124.75,0.67,0.50,1.08,2.33,28,18,2.46,1.58,2.33,1.50,84,7.38,7.00,0.21
Challenger,RSC013054,YasuCobra,Metal,The Elements,Solar,N/A,41.27,119,8,14.88,0.500,0.500,4,4,1,2265,1340,925,8,2,4,24,0.333,292.77,173.21,119.56,1.03,0.26,0.52,3.10,283.13,167.50,115.63,1.00,0.25,0.50,3.00,24,24,3.10,3.10,3.00,3.00,54,6.98,6.75,0.44
Challenger,RSC012674,R1PP_LLAMA5,Toucans,The Jungle,Solar,N/A,41.20,172,11,15.64,0.509,0.545,6,5,1,3816,1850,1966,9,1,13,25,0.360,341.26,165.44,175.82,0.80,0.09,1.16,2.24,346.91,168.18,178.73,0.82,0.09,1.18,2.27,20,19,1.79,1.70,1.82,1.73,93,8.32,8.45,0.20
Challenger,RSC013668,JediPenguin_,Lions,Safari,Solar,N/A,40.70,95,7,13.57,0.485,0.286,2,5,0,1964,1140,824,5,3,7,14,0.357,318.00,184.58,133.42,0.81,0.49,1.13,2.27,280.57,162.86,117.71,0.71,0.43,1.00,2.00,14,15,2.27,2.43,2.00,2.14,54,8.74,7.71,0.28
Challenger,RSC013047,.Desty,Boost Steal,Inconveniences,Solar,N/A,40.63,201,12,16.75,0.475,0.333,4,8,2,4108,2460,1648,11,6,15,31,0.355,314.37,188.26,126.12,0.84,0.46,1.15,2.37,342.33,205.00,137.33,0.92,0.50,1.25,2.58,28,32,2.14,2.45,2.33,2.67,112,8.57,9.33,0.29
Challenger,RSC005954,MainlyMapleSyrup,Reef Gremlins,The Romp,Lunar,N/A,40.62,118,7,16.86,0.428,0.286,2,5,1,2550,1270,1280,2,2,16,17,0.118,332.40,165.55,166.85,0.26,0.26,2.09,2.22,364.29,181.43,182.86,0.29,0.29,2.29,2.43,12,17,1.56,2.22,1.71,2.43,60,7.82,8.57,0.28
Challenger,RSC002412,Rosefanatic3615,Reef Gremlins,The Romp,Lunar,N/A,40.10,194,12,16.17,0.412,0.333,4,8,1,3763,1850,1913,8,4,10,35,0.229,298.36,146.68,151.68,0.63,0.32,0.79,2.78,313.58,154.17,159.42,0.67,0.33,0.83,2.92,19,31,1.51,2.46,1.58,2.58,100,7.93,8.33,0.31
Challenger,RSC007284,7aco104,Meat Lovers,Fifty-Fifty Pizzeria,Lunar,N/A,39.75,167,11,15.18,0.429,0.273,3,8,2,3424,1910,1514,7,8,12,21,0.333,315.37,175.92,139.45,0.64,0.74,1.11,1.93,311.27,173.64,137.64,0.64,0.73,1.09,1.91,20,29,1.84,2.67,1.82,2.64,91,8.38,8.27,0.32
Challenger,RSC000499,johkev,Decuriones,The Sovereign,Lunar,N/A,39.72,82,5,16.40,0.581,0.600,3,2,0,1558,940,618,4,3,5,14,0.286,292.25,176.33,115.93,0.75,0.56,0.94,2.63,311.60,188.00,123.60,0.80,0.60,1.00,2.80,14,10,2.63,1.88,2.80,2.00,39,7.32,7.80,0.26
Challenger,RSC008293,Tall_28,Scarabs,Buggin Out,Solar,N/A,39.71,110,8,13.75,0.269,0.125,1,7,0,2380,1310,1070,5,1,12,16,0.313,332.81,183.18,149.62,0.70,0.14,1.68,2.24,297.50,163.75,133.75,0.63,0.13,1.50,2.00,9,28,1.26,3.92,1.13,3.50,67,9.37,8.38,0.42
Challenger,RSC014126,qFoal,Decuriones,The Sovereign,Lunar,N/A,39.31,193,12,16.08,0.450,0.333,4,8,2,4399,2100,2299,6,4,22,20,0.300,350.59,167.37,183.23,0.48,0.32,1.75,1.59,366.58,175.00,191.58,0.50,0.33,1.83,1.67,22,29,1.75,2.31,1.83,2.42,102,8.13,8.50,0.28
Challenger,RSC002293,Corrupt_Arrow,Scribes,The King's Court,Lunar,N/A,39.20,79,5,15.80,0.522,0.600,3,2,0,1453,790,663,3,3,4,14,0.214,282.91,153.82,129.09,0.58,0.58,0.78,2.73,290.60,158.00,132.60,0.60,0.60,0.80,2.80,11,10,2.14,1.95,2.20,2.00,26,5.06,5.20,0.38
Challenger,RSC008502,Jetwind17,Meat Lovers,Fifty-Fifty Pizzeria,Lunar,N/A,39.12,151,10,15.10,0.456,0.400,4,6,1,3187,1600,1587,4,4,16,20,0.200,324.65,162.99,161.66,0.41,0.41,1.63,2.04,318.70,160.00,158.70,0.40,0.40,1.60,2.00,20,25,2.04,2.55,2.00,2.50,80,8.15,8.00,0.31
Challenger,RSC003897,HalfieHour,Insider Traders,Shell Corp,Lunar,N/A,39.05,187,11,17.00,0.528,0.545,6,5,0,3607,2170,1437,9,5,14,32,0.281,296.70,178.49,118.20,0.74,0.41,1.15,2.63,327.91,197.27,130.64,0.82,0.45,1.27,2.91,30,26,2.47,2.14,2.73,2.36,92,7.57,8.36,0.28
Challenger,RSC008518,mtl-lky,Dustwalkers,The Rising,Solar,N/A,38.67,159,10,15.90,0.451,0.400,4,6,0,3262,1790,1472,6,3,16,24,0.250,315.57,173.17,142.40,0.58,0.29,1.55,2.32,326.20,179.00,147.20,0.60,0.30,1.60,2.40,22,28,2.13,2.71,2.20,2.80,83,8.03,8.30,0.34
Challenger,RSC000233,LilPrsnWithAnger,Hydras,Mythical,Solar,N/A,38.56,143,8,17.88,0.581,0.750,6,2,2,2555,1520,1035,5,5,10,27,0.185,274.83,163.50,111.33,0.54,0.54,1.08,2.90,319.38,190.00,129.38,0.63,0.63,1.25,3.38,21,14,2.26,1.51,2.63,1.75,50,5.38,6.25,0.28
Challenger,RSC006240,Canadian.,Reef Gremlins,The Romp,Lunar,N/A,38.33,194,12,16.17,0.412,0.333,4,8,1,3925,2450,1475,8,4,23,30,0.267,311.20,194.25,116.95,0.63,0.32,1.82,2.38,327.08,204.17,122.92,0.67,0.33,1.92,2.50,19,31,1.51,2.46,1.58,2.58,100,7.93,8.33,0.31
Challenger,RSC005328,Agios MaIakas,Dustwalkers,The Rising,Solar,N/A,38.28,175,11,15.91,0.468,0.455,5,6,2,3566,2040,1526,9,1,16,29,0.310,313.44,179.31,134.13,0.79,0.09,1.41,2.55,324.18,185.45,138.73,0.82,0.09,1.45,2.64,22,26,1.93,2.29,2.00,2.36,90,7.91,8.18,0.29
Challenger,RSC002897,VickyViksta,Panda Bears,The Bear Den,Solar,N/A,38.26,93,6,15.50,0.286,0.000,0,6,0,1878,850,1028,3,1,7,15,0.200,310.61,140.59,170.03,0.50,0.17,1.16,2.48,313.00,141.67,171.33,0.50,0.17,1.17,2.50,6,17,0.99,2.81,1.00,2.83,60,9.92,10.00,0.28
Challenger,RSC004875,ProdiJoe,Spearmint,Minty Fresh,Lunar,N/A,37.82,150,10,15.00,0.457,0.400,4,6,0,3033,1720,1313,4,8,15,17,0.235,311.02,176.38,134.64,0.41,0.82,1.54,1.74,303.30,172.00,131.30,0.40,0.80,1.50,1.70,21,26,2.15,2.67,2.10,2.60,89,9.13,8.90,0.29
Challenger,RSC005859,LedTasso,Warthogs,Mach Velocity,Lunar,N/A,36.70,120,8,15.00,0.465,0.375,3,5,0,2453,1560,893,6,3,13,16,0.375,314.43,199.96,114.47,0.77,0.38,1.67,2.05,306.63,195.00,111.63,0.75,0.38,1.63,2.00,17,20,2.18,2.56,2.13,2.50,67,8.59,8.38,0.30
Challenger,RSC012789,Shea Butter,Ryujin,The Shrine,Solar,N/A,36.08,180,11,16.36,0.359,0.273,3,8,1,3512,2210,1302,10,5,14,26,0.385,300.12,188.85,111.26,0.85,0.43,1.20,2.22,319.27,200.91,118.36,0.91,0.45,1.27,2.36,23,46,1.97,3.93,2.09,4.18,104,8.89,9.45,0.44
Challenger,RSC012777,Curlss-,Meat Lovers,Fifty-Fifty Pizzeria,Lunar,N/A,35.73,153,10,15.30,0.399,0.200,2,8,0,2843,1480,1363,7,1,9,28,0.250,285.82,148.79,137.03,0.70,0.10,0.90,2.81,284.30,148.00,136.30,0.70,0.10,0.90,2.80,16,27,1.61,2.71,1.60,2.70,82,8.24,8.20,0.33
Challenger,RSC002040,Scomps,Decuriones,The Sovereign,Lunar,N/A,35.57,111,7,15.86,0.327,0.143,1,6,1,2161,1080,1081,2,1,13,18,0.111,299.46,149.66,149.80,0.28,0.14,1.80,2.49,308.71,154.29,154.43,0.29,0.14,1.86,2.57,8,19,1.11,2.63,1.14,2.71,63,8.73,9.00,0.30
Challenger,RSC014168,Dizzieisbae,Boost Steal,Inconveniences,Solar,N/A,35.15,86,5,17.20,0.550,0.400,2,3,0,1838,1240,598,6,2,9,9,0.667,328.74,221.78,106.96,1.07,0.36,1.61,1.61,367.60,248.00,119.60,1.20,0.40,1.80,1.80,17,14,3.04,2.50,3.40,2.80,51,9.12,10.20,0.27
Challenger,RSC006187,1999 Toyota Camry,Corals,Venom Lab,Lunar,N/A,34.66,129,9,14.33,0.423,0.444,4,5,2,2603,1370,1233,6,2,10,17,0.353,310.38,163.36,147.02,0.72,0.24,1.19,2.03,289.22,152.22,137.00,0.67,0.22,1.11,1.89,15,22,1.79,2.62,1.67,2.44,66,7.87,7.33,0.33
Challenger,RSC008249,imtobad00,Toucans,The Jungle,Solar,N/A,32.98,64,4,16.00,0.314,0.250,1,3,1,1179,730,449,2,3,6,8,0.250,283.36,175.45,107.91,0.48,0.72,1.44,1.92,294.75,182.50,112.25,0.50,0.75,1.50,2.00,5,11,1.20,2.64,1.25,2.75,43,10.33,10.75,0.26
Challenger,RSC013969,yk lucky fr,Aasimar,D20,Lunar,N/A,31.94,141,9,15.67,0.490,0.444,4,5,0,2458,1220,1238,4,4,8,22,0.182,268.15,133.09,135.05,0.44,0.44,0.87,2.40,273.11,135.56,137.56,0.44,0.44,0.89,2.44,21,22,2.29,2.40,2.33,2.44,63,6.87,7.00,0.35
Challenger,RSC006928,Thunderbolt,Scarabs,Buggin Out,Solar,N/A,31.84,173,12,14.42,0.346,0.167,2,10,1,3291,1580,1711,7,3,10,23,0.304,292.61,140.48,152.13,0.62,0.27,0.89,2.04,274.25,131.67,142.58,0.58,0.25,0.83,1.92,20,44,1.78,3.91,1.67,3.67,99,8.80,8.25,0.44
Challenger,RSC007370,Jarrod81535,Lions,Safari,Solar,N/A,31.21,139,10,13.90,0.500,0.400,4,6,1,2666,1470,1196,6,3,11,17,0.353,295.02,162.67,132.35,0.66,0.33,1.22,1.88,266.60,147.00,119.60,0.60,0.30,1.10,1.70,19,19,2.10,2.10,1.90,1.90,81,8.96,8.10,0.23
Challenger,RSC003243,Jerxe,Ryujin,The Shrine,Solar,N/A,30.65,139,9,15.44,0.331,0.222,2,7,1,2536,1280,1256,4,4,10,18,0.222,280.64,141.65,138.99,0.44,0.44,1.11,1.99,281.78,142.22,139.56,0.44,0.44,1.11,2.00,14,32,1.55,3.54,1.56,3.56,77,8.52,8.56,0.42
Challenger,RSC014212,xam_rl,Chew Toys,Pawverse,Solar,N/A,29.97,168,11,15.27,0.568,0.636,7,4,1,2710,1690,1020,7,9,6,24,0.292,248.12,154.73,93.39,0.64,0.82,0.55,2.20,246.36,153.64,92.73,0.64,0.82,0.55,2.18,40,29,3.66,2.66,3.64,2.64,70,6.41,6.36,0.41
Challenger,RSC008014,TweakingOut,Chromatic Chaos,Art Club,Solar,N/A,29.62,139,8,17.38,0.556,0.625,5,3,0,2636,1540,1096,5,5,13,14,0.357,291.70,170.42,121.28,0.55,0.55,1.44,1.55,329.50,192.50,137.00,0.63,0.63,1.63,1.75,21,16,2.32,1.77,2.63,2.00,77,8.52,9.63,0.21
Challenger,RSC008337,BBlaazee.,Dustwalkers,The Rising,Solar,N/A,28.59,114,7,16.29,0.391,0.286,2,5,1,2196,1160,1036,4,3,10,11,0.364,296.30,156.52,139.79,0.54,0.40,1.35,1.48,313.71,165.71,148.00,0.57,0.43,1.43,1.57,12,20,1.62,2.70,1.71,2.86,67,9.04,9.57,0.30
Challenger,RSC006067,ShinxX403,Panda Bears,The Bear Den,Solar,N/A,28.18,117,8,14.63,0.456,0.500,4,4,2,2452,1280,1172,4,2,14,8,0.500,322.36,168.28,154.08,0.53,0.26,1.84,1.05,306.50,160.00,146.50,0.50,0.25,1.75,1.00,18,22,2.37,2.89,2.25,2.75,69,9.07,8.63,0.32
Challenger,RSC005827,kyou,Reef Gremlins,The Romp,Lunar,N/A,27.89,76,5,15.20,0.340,0.400,2,3,1,1224,570,654,1,2,5,12,0.083,247.73,115.36,132.36,0.20,0.40,1.01,2.43,244.80,114.00,130.80,0.20,0.40,1.00,2.40,7,14,1.42,2.83,1.40,2.80,40,8.10,8.00,0.35
Challenger,RSC008158,Twixxle_,Scarabs,Buggin Out,Solar,N/A,26.09,21,2,10.50,0.422,0.500,1,1,0,406,160,246,1,1,0,1,1.000,297.38,117.19,180.19,0.73,0.73,0.00,0.73,203.00,80.00,123.00,0.50,0.50,0.00,0.50,4,5,2.93,3.66,2.00,2.50,12,8.79,6.00,0.42
Challenger,RSC008010,WamBam-,Stingrays,Tyrants of the Sea,Lunar,N/A,24.71,174,11,15.82,0.479,0.545,6,5,0,2829,1510,1319,5,2,13,26,0.192,250.09,133.49,116.60,0.44,0.18,1.15,2.30,257.18,137.27,119.91,0.45,0.18,1.18,2.36,28,31,2.48,2.74,2.55,2.82,90,7.96,8.18,0.34
Challenger,RSC005059,TechFour,Spearmint,Minty Fresh,Lunar,N/A,23.99,74,5,14.80,0.564,0.800,4,1,0,1345,590,755,1,4,5,4,0.250,279.57,122.64,156.94,0.21,0.83,1.04,0.83,269.00,118.00,151.00,0.20,0.80,1.00,0.80,13,10,2.70,2.08,2.60,2.00,41,8.52,8.20,0.24
Challenger,RSC004670,CarnageWolfBite,Boost Steal,Inconveniences,Solar,N/A,20.73,115,7,16.43,0.398,0.286,2,5,1,1723,850,873,3,3,5,15,0.200,230.46,113.69,116.77,0.40,0.40,0.67,2.01,246.14,121.43,124.71,0.43,0.43,0.71,2.14,11,18,1.47,2.41,1.57,2.57,61,8.16,8.71,0.30
Challenger,RSC012212,xMoistCanadianx,Ryujin,The Shrine,Solar,N/A,16.98,144,9,16.00,0.301,0.111,1,8,0,2207,1250,957,4,3,11,15,0.267,235.75,133.52,102.23,0.43,0.32,1.18,1.60,245.22,138.89,106.33,0.44,0.33,1.22,1.67,18,45,1.92,4.81,2.00,5.00,86,9.19,9.56,0.52
Challenger,RSC005519,pokeninja77,Blitzars,The Cosmos,Solar,N/A,15.59,13,1,13.00,0.090,0.000,0,1,0,176,120,56,1,0,0,2,0.500,208.25,141.99,66.26,1.18,0.00,0.00,2.37,176.00,120.00,56.00,1.00,0.00,0.00,2.00,1,4,1.18,4.73,1.00,4.00,8,9.47,8.00,0.50
Challenger,RSC013562,BoltiniRome,Scarabs,Buggin Out,Solar,N/A,14.77,122,8,15.25,0.269,0.125,1,7,0,1677,640,1037,1,3,5,14,0.071,211.44,80.69,130.75,0.13,0.38,0.63,1.77,209.63,80.00,129.63,0.13,0.38,0.63,1.75,10,31,1.26,3.91,1.25,3.88,72,9.08,9.00,0.43
Prospect,RSC002663,Animosity,Merchants,The King's Court,Lunar,N/A,90.39,168,12,14.00,0.639,0.667,8,4,6,5136,3210,1926,16,10,13,46,0.348,469.40,293.37,176.02,1.46,0.91,1.19,4.20,428.00,267.50,160.50,1.33,0.83,1.08,3.83,34,16,3.11,1.46,2.83,1.33,63,5.76,5.25,0.25
Prospect,RSC008650,Pizza Flavored,Honey Badgers,Safari,Solar,N/A,88.93,167,11,15.18,0.593,0.636,7,4,6,5349,3430,1919,17,9,18,38,0.447,491.79,315.36,176.44,1.56,0.83,1.65,3.49,486.27,311.82,174.45,1.55,0.82,1.64,3.45,35,22,3.22,2.02,3.18,2.00,75,6.90,6.82,0.29
Prospect,RSC014139,JKEO01,Blacktips,Shark Attack,Solar,N/A,87.79,173,12,14.42,0.563,0.667,8,4,5,5229,3210,2019,15,9,16,46,0.326,464.09,284.90,179.19,1.33,0.80,1.42,4.08,435.75,267.50,168.25,1.25,0.75,1.33,3.83,32,23,2.84,2.04,2.67,1.92,77,6.83,6.42,0.30
Prospect,RSC000357,Primed,Principales,The Sovereign,Lunar,N/A,81.75,153,10,15.30,0.616,0.900,9,1,7,4828,3210,1618,17,6,18,31,0.548,484.51,322.14,162.37,1.71,0.60,1.81,3.11,482.80,321.00,161.80,1.70,0.60,1.80,3.10,32,18,3.21,1.81,3.20,1.80,74,7.43,7.40,0.24
Prospect,RSC012989,holytrstn,Principales,The Sovereign,Lunar,N/A,81.41,82,6,13.67,0.768,1.000,6,0,0,2181,1320,861,5,12,2,12,0.417,408.38,247.16,161.22,0.94,2.25,0.37,2.25,363.50,220.00,143.50,0.83,2.00,0.33,2.00,26,8,4.87,1.50,4.33,1.33,30,5.62,5.00,0.27
Prospect,RSC008162,,Aetherborn,D20,Lunar,N/A,79.39,121,8,15.13,0.000,0.625,5,3,3,3492,2040,1452,7,7,15,24,0.292,443.11,258.86,184.25,0.89,0.89,1.90,3.05,436.50,255.00,181.50,0.88,0.88,1.88,3.00,21,18,2.66,,2.63,2.25,60,,7.50,0.30
Prospect,RSC004901,Dofrl,Hostile Takeover,Shell Corp,Lunar,N/A,78.62,96,7,13.71,0.637,0.571,4,3,2,2881,1830,1051,9,5,10,18,0.500,460.79,292.69,168.10,1.44,0.80,1.60,2.88,411.57,261.43,150.14,1.29,0.71,1.43,2.57,22,12,3.52,1.92,3.14,1.71,46,7.36,6.57,0.26
Prospect,RSC002494,lone wolf,Tanuki,The Shrine,Solar,N/A,78.04,179,11,16.27,0.605,0.818,9,2,6,4858,3120,1738,10,14,21,37,0.270,416.71,267.63,149.08,0.86,1.20,1.80,3.17,441.64,283.64,158.00,0.91,1.27,1.91,3.36,36,21,3.09,1.80,3.27,1.91,83,7.12,7.55,0.25
Prospect,RSC001995,Tvveedle,"Back Flips
Roly Polies","Inconveniences
Buggin Out","Solar
Solar","N/A
N/A",77.82,170,11,15.45,0.520,0.636,7,4,5,4878,3130,1748,17,9,12,38,0.447,440.57,282.70,157.88,1.54,0.81,1.08,3.43,443.45,284.55,158.91,1.55,0.82,1.09,3.45,32,29,2.89,2.62,2.91,2.64,79,7.14,7.18,0.37
Prospect,RSC004177,Abeillonnaise,Principales,The Sovereign,Lunar,N/A,77.04,150,10,15.00,0.680,0.900,9,1,2,4118,2320,1798,11,10,8,32,0.344,421.52,237.48,184.05,1.13,1.02,0.82,3.28,411.80,232.00,179.80,1.10,1.00,0.80,3.20,37,15,3.79,1.54,3.70,1.50,68,6.96,6.80,0.22
Prospect,RSC006344,FerrisCrueller,Hostile Takeover,Shell Corp,Lunar,N/A,75.75,143,11,13.00,0.598,0.636,7,4,2,3948,2230,1718,9,9,12,28,0.321,423.90,239.44,184.46,0.97,0.97,1.29,3.01,358.91,202.73,156.18,0.82,0.82,1.09,2.55,31,19,3.33,2.04,2.82,1.73,67,7.19,6.09,0.28
Prospect,RSC003498,Merioch,Hostile Takeover,Shell Corp,Lunar,N/A,74.94,65,6,10.83,0.500,0.500,3,3,2,2000,1040,960,4,2,9,9,0.444,472.44,245.67,226.77,0.94,0.47,2.13,2.13,333.33,173.33,160.00,0.67,0.33,1.50,1.50,11,11,2.60,2.60,1.83,1.83,31,7.32,5.17,0.35
Prospect,RSC003771,ThatHomieGage,Aetherborn,D20,Lunar,N/A,74.91,64,4,16.00,0.838,0.750,3,1,1,1730,960,770,6,3,1,16,0.375,415.04,230.31,184.73,1.44,0.72,0.24,3.84,432.50,240.00,192.50,1.50,0.75,0.25,4.00,15,3,3.60,0.72,3.75,0.75,17,4.08,4.25,0.18
Prospect,RSC003186,Rolf,Turbulence,Remove Before Flight,Solar,N/A,72.85,99,7,14.14,0.631,0.857,6,1,3,2838,1500,1338,6,5,10,15,0.400,440.15,232.64,207.51,0.93,0.78,1.55,2.33,405.43,214.29,191.14,0.86,0.71,1.43,2.14,20,11,3.10,1.71,2.86,1.57,39,6.05,5.57,0.28
Prospect,RSC013590,KrispyKrunch704,Tanuki,The Shrine,Solar,N/A,72.79,97,6,16.17,0.658,0.833,5,1,2,2774,1940,834,12,5,6,19,0.632,439.10,307.08,132.01,1.90,0.79,0.95,3.01,462.33,323.33,139.00,2.00,0.83,1.00,3.17,25,13,3.96,2.06,4.17,2.17,43,6.81,7.17,0.30
Prospect,RSC007518,LoneDrifter.,River Wolves,The Romp,Lunar,N/A,71.70,152,12,12.67,0.539,0.500,6,6,3,4086,2210,1876,12,5,8,36,0.333,412.74,223.24,189.50,1.21,0.51,0.81,3.64,340.50,184.17,156.33,1.00,0.42,0.67,3.00,28,23,2.83,2.32,2.33,1.92,62,6.26,5.17,0.37
Prospect,RSC001235,DeeJayZ_,Tanuki,The Shrine,Solar,N/A,69.43,134,8,16.75,0.634,0.875,7,1,2,3611,2180,1431,8,7,16,23,0.348,413.76,249.79,163.97,0.92,0.80,1.83,2.64,451.38,272.50,178.88,1.00,0.88,2.00,2.88,25,13,2.86,1.49,3.13,1.63,63,7.22,7.88,0.21
Prospect,RSC012637,ShxdowBat,Merchants,The King's Court,Lunar,N/A,69.29,121,9,13.44,0.656,0.667,6,3,2,3207,1860,1347,10,5,7,26,0.385,406.95,236.02,170.93,1.27,0.63,0.89,3.30,356.33,206.67,149.67,1.11,0.56,0.78,2.89,26,12,3.30,1.52,2.89,1.33,45,5.71,5.00,0.27
Prospect,RSC008543,xTiTax_,Spastics,The Quad Dynasty,Lunar,N/A,68.55,148,11,13.45,0.519,0.636,7,4,2,3678,2150,1528,6,9,16,30,0.200,381.57,223.05,158.52,0.62,0.93,1.66,3.11,334.36,195.45,138.91,0.55,0.82,1.45,2.73,21,19,2.18,1.97,1.91,1.73,68,7.05,6.18,0.28
Prospect,RSC013001,ZZgameryoy0,Turbulence,Remove Before Flight,Solar,N/A,67.93,200,12,16.67,0.565,0.667,8,4,4,5052,3080,1972,18,9,7,48,0.375,387.85,236.45,151.39,1.38,0.69,0.54,3.69,421.00,256.67,164.33,1.50,0.75,0.58,4.00,39,28,2.99,2.15,3.25,2.33,88,6.76,7.33,0.32
Prospect,RSC014201,ABOU ALI,Tic Tacs,Minty Fresh,Lunar,N/A,67.59,98,7,14.00,0.415,0.286,2,5,2,2475,1290,1185,4,2,11,24,0.167,387.77,202.11,185.66,0.63,0.31,1.72,3.76,353.57,184.29,169.29,0.57,0.29,1.57,3.43,10,15,1.57,2.35,1.43,2.14,54,8.46,7.71,0.28
Prospect,RSC008036,ToastyPancakes_,Blacksmiths,Dwarf Haven,Lunar,N/A,66.91,187,12,15.58,0.506,0.500,6,6,3,4741,2610,2131,11,10,13,36,0.306,389.27,214.30,174.97,0.90,0.82,1.07,2.96,395.08,217.50,177.58,0.92,0.83,1.08,3.00,31,30,2.55,2.46,2.58,2.50,87,7.14,7.25,0.34
Prospect,RSC004866,zl Mango lz,Tomcats,Mach Velocity,Lunar,N/A,66.50,158,10,15.80,0.492,0.500,5,5,3,4398,2480,1918,9,5,22,23,0.391,427.39,241.00,186.39,0.87,0.49,2.14,2.24,439.80,248.00,191.80,0.90,0.50,2.20,2.30,25,26,2.43,2.53,2.50,2.60,86,8.36,8.60,0.30
Prospect,RSC010915,FlavoredBawls,Dark Matter,The Cosmos,Solar,N/A,66.44,128,8,16.00,0.511,0.500,4,4,1,3346,1960,1386,8,4,14,26,0.308,401.37,235.11,166.26,0.96,0.48,1.68,3.12,418.25,245.00,173.25,1.00,0.50,1.75,3.25,20,19,2.40,2.28,2.50,2.38,65,7.80,8.13,0.29
Prospect,RSC007138,GFC-RAIDER,River Wolves,The Romp,Lunar,N/A,65.60,152,12,12.67,0.539,0.500,6,6,1,3682,1820,1862,5,10,11,27,0.185,371.93,183.85,188.09,0.51,1.01,1.11,2.73,306.83,151.67,155.17,0.42,0.83,0.92,2.25,28,23,2.83,2.32,2.33,1.92,62,6.26,5.17,0.37
Prospect,RSC004303,Shogun,Card Dealers,The Casino,Lunar,N/A,65.04,55,4,13.75,0.629,0.750,3,1,1,1402,820,582,5,2,2,12,0.417,391.39,228.92,162.48,1.40,0.56,0.56,3.35,350.50,205.00,145.50,1.25,0.50,0.50,3.00,10,6,2.79,1.68,2.50,1.50,23,6.42,5.75,0.26
Prospect,RSC007537,yoshawatt,Honey Badgers,Safari,Solar,N/A,65.02,161,11,14.64,0.617,0.727,8,3,2,4023,2500,1523,13,7,10,35,0.371,383.66,238.42,145.24,1.24,0.67,0.95,3.34,365.73,227.27,138.45,1.18,0.64,0.91,3.18,36,20,3.43,1.91,3.27,1.82,73,6.96,6.64,0.27
Prospect,RSC009742,KTVerse,Dark Matter,The Cosmos,Solar,N/A,63.69,71,4,17.75,0.366,0.250,1,3,1,1858,1110,748,7,1,4,16,0.438,401.80,240.04,161.76,1.51,0.22,0.87,3.46,464.50,277.50,187.00,1.75,0.25,1.00,4.00,9,15,1.95,3.24,2.25,3.75,32,6.92,8.00,0.47
Prospect,RSC007431,xPotatodactylx,Hawaiian Pizza,Fifty-Fifty Pizzeria,Lunar,N/A,63.63,118,8,14.75,0.534,0.500,4,4,1,3157,1810,1347,7,5,14,16,0.438,410.79,235.52,175.27,0.91,0.65,1.82,2.08,394.63,226.25,168.38,0.88,0.63,1.75,2.00,21,18,2.73,2.34,2.63,2.25,62,8.07,7.75,0.29
Prospect,RSC007321,Ecko,Hawaiian Pizza,Fifty-Fifty Pizzeria,Lunar,N/A,63.31,103,7,14.71,0.543,0.429,3,4,2,2468,1540,928,7,4,8,24,0.292,367.90,229.57,138.34,1.04,0.60,1.19,3.58,352.57,220.00,132.57,1.00,0.57,1.14,3.43,17,14,2.53,2.09,2.43,2.00,56,8.35,8.00,0.25
Prospect,RSC007153,Wash3y,Earth,The Elements,Solar,N/A,62.79,111,7,15.86,0.458,0.429,3,4,1,2954,1790,1164,9,3,11,19,0.474,408.61,247.60,161.01,1.24,0.41,1.52,2.63,422.00,255.71,166.29,1.29,0.43,1.57,2.71,21,25,2.90,3.46,3.00,3.57,60,8.30,8.57,0.42
Prospect,RSC003387,Redline,Blacksmiths,Dwarf Haven,Lunar,N/A,62.57,108,8,13.50,0.547,0.625,5,3,2,2561,1570,991,7,6,7,22,0.318,364.09,223.20,140.89,1.00,0.85,1.00,3.13,320.13,196.25,123.88,0.88,0.75,0.88,2.75,21,17,2.99,2.42,2.63,2.13,48,6.82,6.00,0.35
Prospect,RSC001881,oDynastyo,Earth,The Elements,Solar,N/A,61.83,116,7,16.57,0.469,0.429,3,4,2,2743,1730,1013,6,9,10,18,0.333,363.07,228.99,134.08,0.79,1.19,1.32,2.38,391.86,247.14,144.71,0.86,1.29,1.43,2.57,22,25,2.91,3.31,3.14,3.57,64,8.47,9.14,0.39
Prospect,RSC013334,grand.slamdalf,Aetherborn,D20,Lunar,N/A,61.82,173,11,15.73,0.643,0.727,8,3,3,3989,2490,1499,9,11,14,34,0.265,354.03,220.99,133.04,0.80,0.98,1.24,3.02,362.64,226.36,136.27,0.82,1.00,1.27,3.09,36,17,3.20,1.51,3.27,1.55,68,6.04,6.18,0.25
Prospect,RSC003450,ChronoElevated,Spastics,The Quad Dynasty,Lunar,N/A,61.36,85,7,12.14,0.536,0.714,5,2,2,2274,1250,1024,7,1,7,15,0.467,410.77,225.80,184.97,1.26,0.18,1.26,2.71,324.86,178.57,146.29,1.00,0.14,1.00,2.14,13,11,2.35,1.99,1.86,1.57,44,7.95,6.29,0.25
Prospect,RSC007297,diehard_mma,Diamondback,Venom Lab,Lunar,N/A,61.11,192,12,16.00,0.468,0.500,6,6,4,4719,2660,2059,11,7,17,36,0.306,377.38,212.72,164.66,0.88,0.56,1.36,2.88,393.25,221.67,171.58,0.92,0.58,1.42,3.00,27,32,2.16,2.56,2.25,2.67,94,7.52,7.83,0.34
Prospect,RSC012678,mel,Aetherborn,D20,Lunar,N/A,60.40,173,11,15.73,0.606,0.636,7,4,1,4206,2570,1636,13,8,11,32,0.406,373.29,228.09,145.20,1.15,0.71,0.98,2.84,382.36,233.64,148.73,1.18,0.73,1.00,2.91,33,19,2.93,1.69,3.00,1.73,70,6.21,6.36,0.27
Prospect,RSC013463,g00f.,Back Flips,Inconveniences,Solar,N/A,59.11,152,9,16.89,0.561,0.667,6,3,3,3736,2320,1416,12,6,11,27,0.444,377.39,234.35,143.04,1.21,0.61,1.11,2.73,415.11,257.78,157.33,1.33,0.67,1.22,3.00,33,25,3.33,2.53,3.67,2.78,73,7.37,8.11,0.34
Prospect,RSC003900,Tryhard goblin,Koala Bears,The Bear Den,Solar,N/A,59.00,191,12,15.92,0.452,0.417,5,7,2,4756,2920,1836,14,7,17,32,0.438,382.33,234.73,147.59,1.13,0.56,1.37,2.57,396.33,243.33,153.00,1.17,0.58,1.42,2.67,34,43,2.73,3.46,2.83,3.58,105,8.44,8.75,0.41
Prospect,RSC014171,Parallax,Red Legion,The Rising,Solar,N/A,59.00,187,12,15.58,0.513,0.417,5,7,2,4570,2710,1860,12,8,16,31,0.387,375.23,222.51,152.72,0.99,0.66,1.31,2.55,380.83,225.83,155.00,1.00,0.67,1.33,2.58,32,30,2.63,2.46,2.67,2.50,90,7.39,7.50,0.33
Prospect,RSC008654,VoodooMamaJuju,Principales,The Sovereign,Lunar,N/A,58.07,146,10,14.60,0.652,0.900,9,1,2,3703,2160,1543,10,5,14,21,0.476,389.43,227.16,162.27,1.05,0.53,1.47,2.21,370.30,216.00,154.30,1.00,0.50,1.40,2.10,34,16,3.58,1.68,3.40,1.60,71,7.47,7.10,0.23
Prospect,RSC006784,KittyMeowMeow360,River Wolves,The Romp,Lunar,N/A,57.58,94,8,11.75,0.580,0.625,5,3,1,2344,1350,994,7,3,7,15,0.467,382.87,220.51,162.36,1.14,0.49,1.14,2.45,293.00,168.75,124.25,0.88,0.38,0.88,1.88,20,14,3.27,2.29,2.50,1.75,37,6.04,4.63,0.38
Prospect,RSC012981,zZirellia,Red Legion,The Rising,Solar,N/A,57.27,126,8,15.75,0.520,0.375,3,5,2,2837,1630,1207,7,7,7,23,0.304,345.71,198.63,147.08,0.85,0.85,0.85,2.80,354.63,203.75,150.88,0.88,0.88,0.88,2.88,24,22,2.92,2.68,3.00,2.75,54,6.58,6.75,0.41
Prospect,RSC013619,ETernal FAnaTiC1,Piranhas,Tyrants of the Sea,Lunar,N/A,56.99,121,9,13.44,0.365,0.333,3,6,2,3026,1560,1466,6,1,14,21,0.286,383.98,197.95,186.03,0.76,0.13,1.78,2.66,336.22,173.33,162.89,0.67,0.11,1.56,2.33,16,30,2.03,3.81,1.78,3.33,69,8.76,7.67,0.43
Prospect,RSC001820,YourEvilTwin,Back Flips,Inconveniences,Solar,N/A,56.95,118,8,14.75,0.620,0.625,5,3,1,2633,1610,1023,6,7,9,21,0.286,342.61,209.49,133.11,0.78,0.91,1.17,2.73,329.13,201.25,127.88,0.75,0.88,1.13,2.63,26,15,3.38,1.95,3.25,1.88,54,7.03,6.75,0.28
Prospect,RSC012847,Dusk,Fairies,Mythical,Solar,N/A,56.61,120,8,15.00,0.536,0.625,5,3,1,2720,1630,1090,6,5,11,23,0.261,348.03,208.56,139.47,0.77,0.64,1.41,2.94,340.00,203.75,136.25,0.75,0.63,1.38,2.88,19,16,2.43,2.05,2.38,2.00,53,6.78,6.63,0.30
Prospect,RSC007692,DyLon777,Hostile Takeover,Shell Corp,Lunar,N/A,56.51,152,12,12.67,0.583,0.583,7,5,1,3731,2050,1681,10,4,12,25,0.400,376.88,207.08,169.81,1.01,0.40,1.21,2.53,310.92,170.83,140.08,0.83,0.33,1.00,2.08,32,21,3.23,2.12,2.67,1.75,72,7.27,6.00,0.29
Prospect,RSC008365,ZonaHOMI,Tomcats,Mach Velocity,Lunar,N/A,56.41,96,6,16.00,0.424,0.500,3,3,2,2302,1450,852,6,1,12,20,0.300,368.18,231.91,136.27,0.96,0.16,1.92,3.20,383.67,241.67,142.00,1.00,0.17,2.00,3.33,13,18,2.08,2.88,2.17,3.00,50,8.00,8.33,0.36
Prospect,RSC006814,OksanoNQ,Spastics,The Quad Dynasty,Lunar,N/A,56.29,96,7,13.71,0.566,0.714,5,2,3,2333,1490,843,6,4,11,14,0.429,373.14,238.31,134.83,0.96,0.64,1.76,2.24,333.29,212.86,120.43,0.86,0.57,1.57,2.00,15,11,2.40,1.76,2.14,1.57,42,6.72,6.00,0.26
Prospect,RSC005844,xr.,Blacktips,Shark Attack,Solar,N/A,55.54,159,11,14.45,0.563,0.636,7,4,2,3658,2030,1628,8,9,11,23,0.348,353.24,196.03,157.21,0.77,0.87,1.06,2.22,332.55,184.55,148.00,0.73,0.82,1.00,2.09,29,21,2.80,2.03,2.64,1.91,72,6.95,6.55,0.29
Prospect,RSC007886,ko nanakusa,Card Dealers,The Casino,Lunar,N/A,54.17,62,5,12.40,0.268,0.200,1,4,1,1509,880,629,3,2,8,8,0.375,373.70,217.93,155.77,0.74,0.50,1.98,1.98,301.80,176.00,125.80,0.60,0.40,1.60,1.60,6,16,1.49,3.96,1.20,3.20,37,9.16,7.40,0.43
Prospect,RSC000221,Treefrog,Red Legion,The Rising,Solar,N/A,53.73,119,8,14.88,0.541,0.500,4,4,0,2519,1540,979,7,6,6,24,0.292,325.02,198.70,126.32,0.90,0.77,0.77,3.10,314.88,192.50,122.38,0.88,0.75,0.75,3.00,24,20,3.10,2.58,3.00,2.50,58,7.48,7.25,0.34
Prospect,RSC013921,TitanPolus,Gloom,The Shadows,Lunar,N/A,52.47,85,7,12.14,0.327,0.000,0,7,0,1963,970,993,1,2,13,12,0.083,354.59,175.22,179.37,0.18,0.36,2.35,2.17,280.43,138.57,141.86,0.14,0.29,1.86,1.71,8,18,1.45,3.25,1.14,2.57,53,9.57,7.57,0.34
Prospect,RSC007939,bryan_rown_,Blacktips,Shark Attack,Solar,N/A,52.25,64,4,16.00,0.744,1.000,4,0,1,1476,960,516,5,2,5,11,0.455,354.11,230.31,123.79,1.20,0.48,1.20,2.64,369.00,240.00,129.00,1.25,0.50,1.25,2.75,14,5,3.36,1.20,3.50,1.25,24,5.76,6.00,0.21
Prospect,RSC000686,mom jeans xl,Merchants,The King's Court,Lunar,N/A,52.23,92,6,15.33,0.664,0.667,4,2,0,1957,1120,837,4,4,7,17,0.235,326.61,186.92,139.69,0.67,0.67,1.17,2.84,326.17,186.67,139.50,0.67,0.67,1.17,2.83,17,8,2.84,1.34,2.83,1.33,36,6.01,6.00,0.22
Prospect,RSC002736,chulainn,Earth,The Elements,Solar,N/A,51.91,47,3,15.67,0.316,0.333,1,2,0,1047,650,397,4,1,2,10,0.400,342.04,212.35,129.69,1.31,0.33,0.65,3.27,349.00,216.67,132.33,1.33,0.33,0.67,3.33,7,13,2.29,4.25,2.33,4.33,26,8.49,8.67,0.50
Prospect,RSC006667,GET2DACHOPPA5,Red Legion,The Rising,Solar,N/A,50.98,129,8,16.13,0.476,0.375,3,5,1,2886,1640,1246,6,5,12,19,0.316,343.51,195.20,148.30,0.71,0.60,1.43,2.26,360.75,205.00,155.75,0.75,0.63,1.50,2.38,16,18,1.90,2.14,2.00,2.25,68,8.09,8.50,0.26
Prospect,RSC000962,pythagorjags,Roly Polies,Buggin Out,Solar,N/A,50.97,119,8,14.88,0.511,0.625,5,3,1,2582,1520,1062,7,4,8,22,0.318,333.15,196.12,137.03,0.90,0.52,1.03,2.84,322.75,190.00,132.75,0.88,0.50,1.00,2.75,21,20,2.71,2.58,2.63,2.50,55,7.10,6.88,0.36
Prospect,RSC014112,exo.$,Dark Matter,The Cosmos,Solar,N/A,50.38,131,8,16.38,0.431,0.250,2,6,0,2604,1280,1324,5,5,5,28,0.179,305.21,150.03,155.18,0.59,0.59,0.59,3.28,325.50,160.00,165.50,0.63,0.63,0.63,3.50,19,26,2.23,3.05,2.38,3.25,61,7.15,7.63,0.43
Prospect,RSC004565,Ole.Mr.Bison.,Koala Bears,The Bear Den,Solar,N/A,50.27,147,9,16.33,0.407,0.333,3,6,1,3159,1980,1179,10,5,9,28,0.357,329.96,206.81,123.15,1.04,0.52,0.94,2.92,351.00,220.00,131.00,1.11,0.56,1.00,3.11,23,35,2.40,3.66,2.56,3.89,83,8.67,9.22,0.42
Prospect,RSC006262,Illusionchaos,Back Flips,Inconveniences,Solar,N/A,50.11,172,11,15.64,0.546,0.545,6,5,1,3805,2300,1505,11,8,11,25,0.440,339.67,205.32,134.35,0.98,0.71,0.98,2.23,345.91,209.09,136.82,1.00,0.73,1.00,2.27,35,28,3.12,2.50,3.18,2.55,83,7.41,7.55,0.34
Prospect,RSC002911,Alextross,Hawaiian Pizza,Fifty-Fifty Pizzeria,Lunar,N/A,49.49,50,4,12.50,0.319,0.250,1,3,0,1144,520,624,2,1,4,7,0.286,351.30,159.68,191.62,0.61,0.31,1.23,2.15,286.00,130.00,156.00,0.50,0.25,1.00,1.75,6,12,1.84,3.69,1.50,3.00,33,10.13,8.25,0.36
Prospect,RSC007092,Minjaaa,Hawaiian Pizza,Fifty-Fifty Pizzeria,Lunar,N/A,49.22,153,11,13.91,0.449,0.273,3,8,1,3499,1730,1769,6,5,14,18,0.333,351.14,173.61,177.53,0.60,0.50,1.40,1.81,318.09,157.27,160.82,0.55,0.45,1.27,1.64,20,26,2.01,2.61,1.82,2.36,86,8.63,7.82,0.30
Prospect,RSC003848,TheAirGerbil,Koala Bears,The Bear Den,Solar,N/A,47.79,99,6,16.50,0.473,0.333,2,4,1,2096,1230,866,4,5,9,13,0.308,325.07,190.76,134.31,0.62,0.78,1.40,2.02,349.33,205.00,144.33,0.67,0.83,1.50,2.17,17,19,2.64,2.95,2.83,3.17,51,7.91,8.50,0.37
Prospect,RSC012860,Thor MAVERICK,River Wolves,The Romp,Lunar,N/A,47.78,53,3,17.67,0.466,0.333,1,2,1,1243,720,523,4,1,4,7,0.571,360.10,208.59,151.51,1.16,0.29,1.16,2.03,414.33,240.00,174.33,1.33,0.33,1.33,2.33,8,9,2.32,2.61,2.67,3.00,25,7.24,8.33,0.36
Prospect,RSC002554,TrexReaper,Card Dealers,The Casino,Lunar,N/A,47.75,137,10,13.70,0.479,0.500,5,5,1,2918,1600,1318,5,2,15,25,0.200,327.03,179.32,147.71,0.56,0.22,1.68,2.80,291.80,160.00,131.80,0.50,0.20,1.50,2.50,18,20,2.02,2.24,1.80,2.00,73,8.18,7.30,0.27
Prospect,RSC011044,The_Cletus,Dark Matter,The Cosmos,Solar,N/A,46.62,172,11,15.64,0.472,0.455,5,6,3,3590,1920,1670,5,11,14,17,0.294,320.47,171.40,149.08,0.45,0.98,1.25,1.52,326.36,174.55,151.82,0.45,1.00,1.27,1.55,27,31,2.41,2.77,2.45,2.82,83,7.41,7.55,0.37
Prospect,RSC002357,Bieles,Tanuki,The Shrine,Solar,N/A,46.10,181,11,16.45,0.566,0.818,9,2,0,3727,2220,1507,9,8,13,27,0.333,316.16,188.32,127.84,0.76,0.68,1.10,2.29,338.82,201.82,137.00,0.82,0.73,1.18,2.45,31,22,2.63,1.87,2.82,2.00,84,7.13,7.64,0.26
Prospect,RSC007525,BulletNote,Diamondback,Venom Lab,Lunar,N/A,45.83,25,1,25.00,0.636,1.000,1,0,0,576,340,236,2,0,2,4,0.500,353.76,208.82,144.94,1.23,0.00,1.23,2.46,576.00,340.00,236.00,2.00,0.00,2.00,4.00,3,2,1.84,1.23,3.00,2.00,12,7.37,12.00,0.17
Prospect,RSC007376,Xcalibur9659,Blacksmiths,Dwarf Haven,Lunar,N/A,45.82,187,12,15.58,0.506,0.500,6,6,1,3965,2250,1715,11,5,12,30,0.367,325.56,184.74,140.82,0.90,0.41,0.99,2.46,330.42,187.50,142.92,0.92,0.42,1.00,2.50,31,30,2.55,2.46,2.58,2.50,87,7.14,7.25,0.34
Prospect,RSC006658,MrSilent_714,Roly Polies,Buggin Out,Solar,N/A,45.08,119,8,14.88,0.511,0.625,5,3,0,2192,1250,942,3,7,8,20,0.150,282.83,161.28,121.54,0.39,0.90,1.03,2.58,274.00,156.25,117.75,0.38,0.88,1.00,2.50,21,20,2.71,2.58,2.63,2.50,55,7.10,6.88,0.36
Prospect,RSC007885,Larkspur,Piranhas,Tyrants of the Sea,Lunar,N/A,45.00,149,11,13.55,0.395,0.364,4,7,1,3220,1690,1530,9,2,9,24,0.375,331.82,174.15,157.66,0.93,0.21,0.93,2.47,292.73,153.64,139.09,0.82,0.18,0.82,2.18,21,35,2.16,3.61,1.91,3.18,80,8.24,7.27,0.44
Prospect,RSC003319,Rewind,Prism Proteges,Art Club,Solar,N/A,43.99,207,11,18.82,0.463,0.455,5,6,3,4103,2240,1863,9,4,15,39,0.231,304.34,166.15,138.19,0.67,0.30,1.11,2.89,373.00,203.64,169.36,0.82,0.36,1.36,3.55,22,27,1.63,2.00,2.00,2.45,86,6.38,7.82,0.31
Prospect,RSC003737,MeOnDisplay,Honey Badgers,Safari,Solar,N/A,43.76,107,7,15.29,0.588,0.571,4,3,0,2157,1310,847,5,4,9,16,0.313,309.52,187.98,121.54,0.72,0.57,1.29,2.30,308.14,187.14,121.00,0.71,0.57,1.29,2.29,22,15,3.16,2.15,3.14,2.14,50,7.17,7.14,0.30
Prospect,RSC002408,Gmoney,Merchants,The King's Court,Lunar,N/A,43.56,123,9,13.67,0.647,0.667,6,3,0,2385,1360,1025,4,7,9,16,0.250,297.72,169.77,127.95,0.50,0.87,1.12,2.00,265.00,151.11,113.89,0.44,0.78,1.00,1.78,25,12,3.12,1.50,2.78,1.33,45,5.62,5.00,0.27
Prospect,RSC007141,Cuddlingus,Turbulence,Remove Before Flight,Solar,N/A,42.96,127,7,18.14,0.550,0.571,4,3,1,2525,1600,925,8,5,7,20,0.400,305.27,193.44,111.83,0.97,0.60,0.85,2.42,360.71,228.57,132.14,1.14,0.71,1.00,2.86,26,21,3.14,2.54,3.71,3.00,60,7.25,8.57,0.35
Prospect,RSC013384,Ryan,Ankle Biters,Pawverse,Solar,N/A,42.65,162,12,13.50,0.395,0.167,2,10,1,3404,1920,1484,6,3,19,22,0.273,322.63,181.98,140.65,0.57,0.28,1.80,2.09,283.67,160.00,123.67,0.50,0.25,1.58,1.83,17,30,1.61,2.84,1.42,2.50,99,9.38,8.25,0.30
Prospect,RSC008492,Unc_Rez,Koala Bears,The Bear Den,Solar,N/A,41.87,136,9,15.11,0.469,0.556,5,4,1,2683,1630,1053,6,9,9,13,0.462,302.91,184.02,118.88,0.68,1.02,1.02,1.47,298.11,181.11,117.00,0.67,1.00,1.00,1.44,28,32,3.16,3.61,3.11,3.56,76,8.58,8.44,0.42
Prospect,RSC007955,JonathanVanDyk,Turbulence,Remove Before Flight,Solar,N/A,41.64,174,10,17.40,0.558,0.600,6,4,0,3355,2040,1315,7,5,16,29,0.241,296.05,180.01,116.04,0.62,0.44,1.41,2.56,335.50,204.00,131.50,0.70,0.50,1.60,2.90,32,24,2.82,2.12,3.20,2.40,77,6.79,7.70,0.31
Prospect,RSC013052,Drippin_Ice1,Okapis,The Jungle,Solar,N/A,41.59,179,12,14.92,0.369,0.250,3,9,0,3623,1720,1903,4,5,17,22,0.182,310.77,147.54,163.23,0.34,0.43,1.46,1.89,301.92,143.33,158.58,0.33,0.42,1.42,1.83,16,33,1.37,2.83,1.33,2.75,108,9.26,9.00,0.31
Prospect,RSC002511,Moist_Games,Card Dealers,The Casino,Lunar,N/A,41.01,149,11,13.55,0.427,0.364,4,7,2,2993,1360,1633,5,3,10,21,0.238,308.42,140.15,168.28,0.52,0.31,1.03,2.16,272.09,123.64,148.45,0.45,0.27,0.91,1.91,17,25,1.75,2.58,1.55,2.27,81,8.35,7.36,0.31
Prospect,RSC013062,gravy-_-is tired,Diamondback,Venom Lab,Lunar,N/A,40.79,167,11,15.18,0.456,0.455,5,6,1,3052,1640,1412,6,6,9,29,0.207,280.60,150.78,129.82,0.55,0.55,0.83,2.67,277.45,149.09,128.36,0.55,0.55,0.82,2.64,24,30,2.21,2.76,2.18,2.73,82,7.54,7.45,0.37
Prospect,RSC000347,Chris.,Okapis,The Jungle,Solar,N/A,40.72,179,12,14.92,0.369,0.250,3,9,0,3549,1740,1809,6,2,15,29,0.207,304.42,149.25,155.17,0.51,0.17,1.29,2.49,295.75,145.00,150.75,0.50,0.17,1.25,2.42,16,33,1.37,2.83,1.33,2.75,108,9.26,9.00,0.31
Prospect,RSC008278,tacosbruh1299,Card Dealers,The Casino,Lunar,N/A,40.25,32,3,10.67,0.373,0.333,1,2,0,650,290,360,2,1,0,4,0.500,311.88,139.15,172.73,0.96,0.48,0.00,1.92,216.67,96.67,120.00,0.67,0.33,0.00,1.33,6,9,2.88,4.32,2.00,3.00,17,8.16,5.67,0.53
Prospect,RSC013991,Ditto -_-,Tomcats,Mach Velocity,Lunar,N/A,39.73,193,12,16.08,0.451,0.417,5,7,0,3666,2050,1616,9,6,11,30,0.300,291.65,163.09,128.56,0.72,0.48,0.88,2.39,305.50,170.83,134.67,0.75,0.50,0.92,2.50,28,36,2.23,2.86,2.33,3.00,110,8.75,9.17,0.33
Prospect,RSC012671,Goofball.-.,Fairies,Mythical,Solar,N/A,39.06,227,12,18.92,0.466,0.500,6,6,1,4226,2470,1756,11,7,13,37,0.297,285.84,167.07,118.78,0.74,0.47,0.88,2.50,352.17,205.83,146.33,0.92,0.58,1.08,3.08,23,28,1.56,1.89,1.92,2.33,93,6.29,7.75,0.30
Prospect,RSC005663,DaZed.Purity,Spastics,The Quad Dynasty,Lunar,N/A,38.82,145,11,13.18,0.510,0.636,7,4,1,2596,1150,1446,4,4,6,25,0.160,274.89,121.77,153.12,0.42,0.42,0.64,2.65,236.00,104.55,131.45,0.36,0.36,0.55,2.27,20,19,2.12,2.01,1.82,1.73,68,7.20,6.18,0.28
Prospect,RSC004952,Perry The Platypus,Tic Tacs,Minty Fresh,Lunar,N/A,37.98,41,3,13.67,0.443,0.333,1,2,0,742,350,392,1,2,2,5,0.200,277.87,131.07,146.80,0.37,0.75,0.75,1.87,247.33,116.67,130.67,0.33,0.67,0.67,1.67,4,5,1.50,1.87,1.33,1.67,21,7.86,7.00,0.24
Prospect,RSC012424,Eskonor.,Ankle Biters,Pawverse,Solar,N/A,37.94,162,12,13.50,0.395,0.167,2,10,1,3079,1640,1439,5,3,15,24,0.208,291.82,155.44,136.39,0.47,0.28,1.42,2.27,256.58,136.67,119.92,0.42,0.25,1.25,2.00,17,30,1.61,2.84,1.42,2.50,99,9.38,8.25,0.30
Prospect,RSC008106,M0USE_1,Hawaiian Pizza,Fifty-Fifty Pizzeria,Lunar,N/A,36.73,34,3,11.33,0.188,0.000,0,3,0,607,330,277,0,2,4,3,0.000,274.12,149.03,125.09,0.00,0.90,1.81,1.35,202.33,110.00,92.33,0.00,0.67,1.33,1.00,3,10,1.35,4.52,1.00,3.33,24,10.84,8.00,0.42
Prospect,RSC005219,iargue,Gloom,The Shadows,Lunar,N/A,36.24,178,12,14.83,0.404,0.250,3,9,0,3241,1630,1611,5,6,12,23,0.217,279.57,140.60,138.96,0.43,0.52,1.04,1.98,270.08,135.83,134.25,0.42,0.50,1.00,1.92,19,32,1.64,2.76,1.58,2.67,84,7.25,7.00,0.38
Prospect,RSC000351,Mitzi,Gloom,The Shadows,Lunar,N/A,35.67,131,8,16.38,0.428,0.375,3,5,2,2401,1380,1021,6,4,8,18,0.333,281.42,161.75,119.67,0.70,0.47,0.94,2.11,300.13,172.50,127.63,0.75,0.50,1.00,2.25,14,20,1.64,2.34,1.75,2.50,54,6.33,6.75,0.37
Prospect,RSC007423,Valuedsquash465,Ankle Biters,Pawverse,Solar,N/A,35.46,162,12,13.50,0.395,0.167,2,10,0,3242,1620,1622,6,2,15,17,0.353,307.27,153.54,153.73,0.57,0.19,1.42,1.61,270.17,135.00,135.17,0.50,0.17,1.25,1.42,17,30,1.61,2.84,1.42,2.50,99,9.38,8.25,0.30
Prospect,RSC014077,Deby,Tic Tacs,Minty Fresh,Lunar,N/A,35.24,97,7,13.86,0.233,0.143,1,6,1,1898,1020,878,4,1,9,12,0.333,300.44,161.46,138.98,0.63,0.16,1.42,1.90,271.14,145.71,125.43,0.57,0.14,1.29,1.71,6,23,0.95,3.64,0.86,3.29,69,10.92,9.86,0.33
Prospect,RSC003109,Kflip11,Roly Polies,Buggin Out,Solar,N/A,34.80,68,4,17.00,0.477,0.500,2,2,1,1346,830,516,4,1,6,8,0.500,303.92,187.41,116.51,0.90,0.23,1.35,1.81,336.50,207.50,129.00,1.00,0.25,1.50,2.00,11,12,2.48,2.71,2.75,3.00,37,8.35,9.25,0.32
Prospect,RSC008323,Smoky.,Piranhas,Tyrants of the Sea,Lunar,N/A,34.66,152,11,13.82,0.364,0.364,4,7,0,2703,1400,1303,5,5,9,20,0.250,273.04,141.42,131.62,0.51,0.51,0.91,2.02,245.73,127.27,118.45,0.45,0.45,0.82,1.82,20,39,2.02,3.94,1.82,3.55,85,8.59,7.73,0.46
Prospect,RSC008418,I_am.Dan,Blacksmiths,Dwarf Haven,Lunar,N/A,34.64,79,4,19.75,0.433,0.250,1,3,0,1376,770,606,2,2,7,12,0.167,267.43,149.65,117.78,0.39,0.39,1.36,2.33,344.00,192.50,151.50,0.50,0.50,1.75,3.00,10,13,1.94,2.53,2.50,3.25,39,7.58,9.75,0.33
Prospect,RSC000426,struttrl,Gloom,The Shadows,Lunar,N/A,34.12,140,9,15.56,0.401,0.333,3,6,1,2603,1230,1373,7,3,4,18,0.389,285.48,134.90,150.58,0.77,0.33,0.44,1.97,289.22,136.67,152.56,0.78,0.33,0.44,2.00,16,26,1.75,2.85,1.78,2.89,61,6.69,6.78,0.43
Prospect,RSC005139,brillo_padd,Diamondback,Venom Lab,Lunar,N/A,33.12,192,12,16.00,0.468,0.500,6,6,1,3363,1890,1473,8,4,12,29,0.276,268.94,151.14,117.80,0.64,0.32,0.96,2.32,280.25,157.50,122.75,0.67,0.33,1.00,2.42,27,32,2.16,2.56,2.25,2.67,94,7.52,7.83,0.34
Prospect,RSC007520,Blitzzzzz.,Tic Tacs,Minty Fresh,Lunar,N/A,31.63,164,11,14.91,0.354,0.273,3,8,0,2745,1560,1185,2,8,16,16,0.125,257.00,146.05,110.94,0.19,0.75,1.50,1.50,249.55,141.82,107.73,0.18,0.73,1.45,1.45,14,31,1.31,2.90,1.27,2.82,101,9.46,9.18,0.31
Prospect,RSC006587,Enterprise15,Prism Proteges,Art Club,Solar,N/A,31.45,210,11,19.09,0.508,0.455,5,6,0,3868,2130,1738,9,4,16,23,0.391,282.81,155.74,127.07,0.66,0.29,1.17,1.68,351.64,193.64,158.00,0.82,0.36,1.45,2.09,23,22,1.68,1.61,2.09,2.00,72,5.26,6.55,0.31
Prospect,RSC006369,nate,Dark Matter,The Cosmos,Solar,N/A,30.67,95,5,19.00,0.520,0.600,3,2,0,1673,900,773,4,0,7,15,0.267,270.40,145.46,124.93,0.65,0.00,1.13,2.42,334.60,180.00,154.60,0.80,0.00,1.40,3.00,12,11,1.94,1.78,2.40,2.20,50,8.08,10.00,0.22
Prospect,RSC008031,timthebigone,Prism Proteges,Art Club,Solar,N/A,29.97,152,7,21.71,0.562,0.571,4,3,2,2686,1480,1206,4,2,16,18,0.222,271.32,149.50,121.82,0.40,0.20,1.62,1.82,383.71,211.43,172.29,0.57,0.29,2.29,2.57,14,10,1.41,1.01,2.00,1.43,51,5.15,7.29,0.20
Prospect,RSC005884,Zachthebull36,Blacktips,Shark Attack,Solar,N/A,29.87,123,9,13.67,0.510,0.556,5,4,0,2165,1060,1105,4,1,9,16,0.250,270.26,132.32,137.94,0.50,0.12,1.12,2.00,240.56,117.78,122.78,0.44,0.11,1.00,1.78,21,20,2.62,2.50,2.33,2.22,58,7.24,6.44,0.34
Prospect,RSC008092,ImPodz,Prism Proteges,Art Club,Solar,N/A,29.26,90,6,15.00,0.297,0.167,1,5,0,1421,630,791,1,2,6,13,0.077,242.43,107.48,134.95,0.17,0.34,1.02,2.22,236.83,105.00,131.83,0.17,0.33,1.00,2.17,9,22,1.54,3.75,1.50,3.67,49,8.36,8.17,0.45
Prospect,RSC005488,bnj ._.,Honey Badgers,Safari,Solar,N/A,28.94,105,7,15.00,0.623,0.714,5,2,0,1794,890,904,3,4,6,9,0.333,262.34,130.14,132.19,0.44,0.58,0.88,1.32,256.29,127.14,129.14,0.43,0.57,0.86,1.29,21,12,3.07,1.75,3.00,1.71,48,7.02,6.86,0.25
Prospect,RSC000656,Squeeezi,Fairies,Mythical,Solar,N/A,28.65,234,12,19.50,0.472,0.500,6,6,3,3820,1770,2050,5,7,13,27,0.185,250.65,116.14,134.51,0.33,0.46,0.85,1.77,318.33,147.50,170.83,0.42,0.58,1.08,2.25,23,27,1.51,1.77,1.92,2.25,84,5.51,7.00,0.32
Prospect,RSC008431,Wildragon112,Tic Tacs,Minty Fresh,Lunar,N/A,28.65,125,8,15.63,0.333,0.250,2,6,0,2392,1390,1002,4,1,17,9,0.444,293.82,170.74,123.08,0.49,0.12,2.09,1.11,299.00,173.75,125.25,0.50,0.13,2.13,1.13,11,25,1.35,3.07,1.38,3.13,82,10.07,10.25,0.30
Prospect,RSC012628,orphaned baby pangolin,Piranhas,Tyrants of the Sea,Lunar,N/A,28.01,67,5,13.40,0.232,0.200,1,4,1,1059,380,679,1,2,2,8,0.125,242.69,87.08,155.60,0.23,0.46,0.46,1.83,211.80,76.00,135.80,0.20,0.40,0.40,1.60,6,19,1.38,4.35,1.20,3.80,36,8.25,7.20,0.53
Prospect,RSC006353,Novarchite,Okapis,The Jungle,Solar,N/A,23.57,143,10,14.30,0.397,0.300,3,7,3,2337,1210,1127,5,1,10,16,0.313,250.93,129.92,121.01,0.54,0.11,1.07,1.72,233.70,121.00,112.70,0.50,0.10,1.00,1.60,14,24,1.50,2.58,1.40,2.40,87,9.34,8.70,0.28
Prospect,RSC003335,xEaglex20x,Earth,The Elements,Solar,N/A,21.23,119,7,17.00,0.391,0.286,2,5,0,1774,1160,614,4,4,9,11,0.364,228.89,149.67,79.22,0.52,0.52,1.16,1.42,253.43,165.71,87.71,0.57,0.57,1.29,1.57,19,30,2.45,3.87,2.71,4.29,69,8.90,9.86,0.43
Prospect,RSC006439,S E L.,Hawaiian Pizza,Fifty-Fifty Pizzeria,Lunar,N/A,18.15,46,3,15.33,0.410,0.333,1,2,0,684,390,294,2,1,2,4,0.500,228.31,130.18,98.13,0.67,0.33,0.67,1.34,228.00,130.00,98.00,0.67,0.33,0.67,1.33,5,7,1.67,2.34,1.67,2.33,27,9.01,9.00,0.26
Prospect,RSC007657,Zenzen0607,Tomcats,Mach Velocity,Lunar,N/A,18.09,132,8,16.50,0.403,0.250,2,6,0,1967,1100,867,4,3,9,10,0.400,228.80,127.95,100.85,0.47,0.35,1.05,1.16,245.88,137.50,108.38,0.50,0.38,1.13,1.25,18,28,2.09,3.26,2.25,3.50,84,9.77,10.50,0.33
Prospect,RSC005608,wolverine36535,Aetherborn,D20,Lunar,N/A,17.75,24,2,12.00,0.281,0.500,1,1,0,381,170,211,1,0,1,2,0.500,243.75,108.76,134.99,0.64,0.00,0.64,1.28,190.50,85.00,105.50,0.50,0.00,0.50,1.00,3,6,1.92,3.84,1.50,3.00,16,10.24,8.00,0.38
Prospect,RSC007502,SleepyCrimson_,Okapis,The Jungle,Solar,N/A,16.57,36,2,18.00,0.128,0.000,0,2,0,469,290,179,1,1,2,4,0.250,200.03,123.69,76.34,0.43,0.43,0.85,1.71,234.50,145.00,89.50,0.50,0.50,1.00,2.00,2,9,0.85,3.84,1.00,4.50,21,8.96,10.50,0.43
Prospect,RSC007291,brdtrd999,"Card Dealers
Free Agent",,,,15.17,67,4,16.75,0.535,0.250,1,3,0,868,300,568,0,2,3,5,0.000,198.92,68.75,130.17,0.00,0.46,0.69,1.15,217.00,75.00,142.00,0.00,0.50,0.75,1.25,7,6,1.60,1.38,1.75,1.50,29,6.65,7.25,0.21
Prospect,RSC006569,mulliganisoup,Free Agent,,,,13.88,115,4,28.75,0.225,0.250,1,3,1,1585,910,675,4,1,7,11,0.364,211.62,121.50,90.12,0.53,0.13,0.93,1.47,396.25,227.50,168.75,1.00,0.25,1.75,2.75,4,16,0.53,2.14,1.00,4.00,38,5.07,9.50,0.42
Prospect,RSC013762,:D,Back Flips,Inconveniences,Solar,N/A,6.20,12,1,12.00,0.086,0.000,0,1,0,138,60,78,0,0,1,1,0.000,176.57,76.77,99.80,0.00,0.00,1.28,1.28,138.00,60.00,78.00,0.00,0.00,1.00,1.00,1,4,1.28,5.12,1.00,4.00,8,10.24,8.00,0.50
Prospect,RSC013801,Turtles Gyojin,Free Agent,,,,-2.94,23,1,23.00,0.000,0.000,0,1,0,257,50,207,0,0,1,0,0.000,171.57,33.38,138.19,0.00,0.00,0.67,0.00,257.00,50.00,207.00,0.00,0.00,1.00,0.00,0,1,0.00,0.67,0.00,1.00,5,3.34,5.00,0.20
Contender,RSC013793,mmmmgoodtoastRLL,Sirens,Mythical,Solar,Solar Mountain,105.51,88,8,11.00,0.666,0.875,7,1,5,3220,1830,1390,7,10,9,18,0.389,509.31,289.45,219.86,1.11,1.58,1.42,2.85,402.50,228.75,173.75,0.88,1.25,1.13,2.25,22,10,3.48,1.58,2.75,1.25,34,5.38,4.25,0.29
Contender,RSC013109,TTVst1x4r,Kodiak Bears,The Bear Den,Solar,Solar Ember,90.86,161,12,13.42,0.608,0.750,9,3,8,5488,3420,2068,15,7,23,42,0.357,474.45,295.67,178.78,1.30,0.61,1.99,3.63,457.33,285.00,172.33,1.25,0.58,1.92,3.50,37,21,3.20,1.82,3.08,1.75,67,5.79,5.58,0.31
Contender,RSC013481,LiTeS 0uT,Nebulae,The Cosmos,Solar,Solar Cloud,89.38,26,2,13.00,0.166,0.000,0,2,0,847,470,377,1,1,5,7,0.143,453.44,251.61,201.82,0.54,0.54,2.68,3.75,423.50,235.00,188.50,0.50,0.50,2.50,3.50,2,7,1.07,3.75,1.00,3.50,15,8.03,7.50,0.47
Contender,RSC014100,Pistonless,Wobbegongs,Shark Attack,Solar,Solar Mountain,83.85,160,12,13.33,0.591,0.750,9,3,4,5159,2960,2199,10,10,23,31,0.323,448.80,257.50,191.30,0.87,0.87,2.00,2.70,429.92,246.67,183.25,0.83,0.83,1.92,2.58,34,21,2.96,1.83,2.83,1.75,83,7.22,6.92,0.25
Contender,RSC012755,Jdawg118159,Cheese Pizza,Fifty-Fifty Pizzeria,Lunar,Lunar Mountain,79.82,94,6,15.67,0.619,0.667,4,2,3,2717,1690,1027,8,9,5,19,0.421,402.32,250.24,152.07,1.18,1.33,0.74,2.81,452.83,281.67,171.17,1.33,1.50,0.83,3.17,23,14,3.41,2.07,3.83,2.33,38,5.63,6.33,0.37
Contender,RSC003733,tacoVy,Kappa,The Shrine,Solar,Solar Mountain,77.82,141,12,11.75,0.433,0.250,3,9,2,4762,2450,2312,9,5,22,20,0.450,470.09,241.85,228.23,0.89,0.49,2.17,1.97,396.83,204.17,192.67,0.75,0.42,1.83,1.67,22,31,2.17,3.06,1.83,2.58,82,8.09,6.83,0.38
Contender,RSC003193,ShiftDrink,Fingus No Legs,Dwarf Haven,Lunar,Lunar Cloud,76.72,158,11,14.36,0.580,0.636,7,4,6,4956,3110,1846,17,5,16,36,0.472,436.60,273.97,162.62,1.50,0.44,1.41,3.17,450.55,282.73,167.82,1.55,0.45,1.45,3.27,29,19,2.55,1.67,2.64,1.73,71,6.25,6.45,0.27
Contender,RSC008501,Netoven1,Sirens,Mythical,Solar,Solar Mountain,76.36,71,6,11.83,0.736,0.833,5,1,2,2287,1380,907,10,1,3,18,0.556,448.35,270.54,177.81,1.96,0.20,0.59,3.53,381.17,230.00,151.17,1.67,0.17,0.50,3.00,18,6,3.53,1.18,3.00,1.00,35,6.86,5.83,0.17
Contender,RSC013275,virchowtriad,Mustangs,Mach Velocity,Lunar,Lunar Ember,76.28,165,12,13.75,0.572,0.667,8,4,6,5022,2880,2142,16,4,13,43,0.372,423.64,242.95,180.69,1.35,0.34,1.10,3.63,418.50,240.00,178.50,1.33,0.33,1.08,3.58,31,21,2.62,1.77,2.58,1.75,79,6.66,6.58,0.27
Contender,RSC014105,thenetkiller27,Abyss,The Shadows,Lunar,Lunar Cloud,76.25,180,11,16.36,0.500,0.455,5,6,4,5308,3220,2088,15,6,19,47,0.319,410.45,248.99,161.46,1.16,0.46,1.47,3.63,482.55,292.73,189.82,1.36,0.55,1.73,4.27,27,27,2.09,2.09,2.45,2.45,87,6.73,7.91,0.31
Contender,RSC008441,Izumi._._.,Nebulae,The Cosmos,Solar,Solar Cloud,73.64,148,11,13.45,0.507,0.636,7,4,5,4453,2780,1673,17,6,9,33,0.515,418.79,261.45,157.34,1.60,0.56,0.85,3.10,404.82,252.73,152.09,1.55,0.55,0.82,3.00,31,30,2.92,2.82,2.82,2.73,69,6.49,6.27,0.43
Contender,RSC008218,Korrello,Whiff Shots,Inconveniences,Solar,Solar Mountain,72.51,138,10,13.80,0.514,0.400,4,6,2,3986,2600,1386,16,5,8,35,0.457,402.04,262.24,139.79,1.61,0.50,0.81,3.53,398.60,260.00,138.60,1.60,0.50,0.80,3.50,31,29,3.13,2.92,3.10,2.90,71,7.16,7.10,0.41
Contender,RSC013992,P0lyph3m0us,Eladrin,D20,Lunar,Lunar Ember,71.72,166,12,13.83,0.564,0.667,8,4,6,4810,3040,1770,19,4,10,44,0.432,403.31,254.90,148.41,1.59,0.34,0.84,3.69,400.83,253.33,147.50,1.58,0.33,0.83,3.67,31,22,2.60,1.84,2.58,1.83,77,6.46,6.42,0.29
Contender,RSC014085,bradyisadopted,Zorillas,Safari,Solar,Solar Cloud,70.23,162,12,13.50,0.564,0.667,8,4,3,4331,2430,1901,9,11,13,33,0.273,372.12,208.78,163.33,0.77,0.95,1.12,2.84,360.92,202.50,158.42,0.75,0.92,1.08,2.75,36,26,3.09,2.23,3.00,2.17,68,5.84,5.67,0.38
Contender,RSC005252,MysticMax07,Sirens,Mythical,Solar,Solar Mountain,69.31,124,11,11.27,0.654,0.818,9,2,1,3514,2050,1464,8,5,15,25,0.320,394.44,230.11,164.33,0.90,0.56,1.68,2.81,319.45,186.36,133.09,0.73,0.45,1.36,2.27,31,14,3.48,1.57,2.82,1.27,52,5.84,4.73,0.27
Contender,RSC013277,IrisReasoning,Eladrin,D20,Lunar,Lunar Ember,65.64,166,12,13.83,0.564,0.667,8,4,1,4178,2440,1738,7,13,16,29,0.241,350.32,204.59,145.73,0.59,1.09,1.34,2.43,348.17,203.33,144.83,0.58,1.08,1.33,2.42,31,22,2.60,1.84,2.58,1.83,77,6.46,6.42,0.29
Contender,RSC014098,BlackAngel7533,Wobbegongs,Shark Attack,Solar,Solar Mountain,64.50,48,4,12.00,0.611,0.750,3,1,1,1430,930,500,5,1,6,8,0.625,414.67,269.68,144.99,1.45,0.29,1.74,2.32,357.50,232.50,125.00,1.25,0.25,1.50,2.00,12,8,3.48,2.32,3.00,2.00,29,8.41,7.25,0.28
Contender,RSC008136,GeneralLeigh91,Zorillas,Safari,Solar,Solar Cloud,63.40,162,12,13.50,0.564,0.667,8,4,3,4630,2870,1760,17,3,14,32,0.531,397.81,246.59,151.22,1.46,0.26,1.20,2.75,385.83,239.17,146.67,1.42,0.25,1.17,2.67,36,26,3.09,2.23,3.00,2.17,68,5.84,5.67,0.38
Contender,RSC003429,Gambit,Ponzi Schemers,Shell Corp,Lunar,Lunar Cloud,62.93,190,12,15.83,0.540,0.667,8,4,2,4685,2610,2075,6,17,18,26,0.231,343.21,191.20,152.01,0.44,1.25,1.32,1.90,390.42,217.50,172.92,0.50,1.42,1.50,2.17,37,30,2.71,2.20,3.08,2.50,95,6.96,7.92,0.32
Contender,RSC008471,TrytonsShadow95,Ice,The Elements,Solar,Solar Ember,62.46,92,8,11.50,0.425,0.250,2,6,0,2585,1400,1185,7,3,8,15,0.467,391.09,211.81,179.28,1.06,0.45,1.21,2.27,323.13,175.00,148.13,0.88,0.38,1.00,1.88,15,21,2.27,3.18,1.88,2.63,56,8.47,7.00,0.38
Contender,RSC006232,bestpickle,Gallery Guild,Art Club,Solar,Solar Cloud,61.75,108,8,13.50,0.415,0.375,3,5,2,2862,1570,1292,7,3,10,22,0.318,368.85,202.34,166.51,0.90,0.39,1.29,2.84,357.75,196.25,161.50,0.88,0.38,1.25,2.75,14,21,1.80,2.71,1.75,2.63,53,6.83,6.63,0.40
Contender,RSC008451,Ryguy2flie,Ponzi Schemers,Shell Corp,Lunar,Lunar Cloud,61.74,190,12,15.83,0.540,0.667,8,4,3,5032,3170,1862,18,5,14,42,0.429,368.63,232.23,136.41,1.32,0.37,1.03,3.08,419.33,264.17,155.17,1.50,0.42,1.17,3.50,37,30,2.71,2.20,3.08,2.50,95,6.96,7.92,0.32
Contender,RSC013085,Jayboaah,Cheese Pizza,Fifty-Fifty Pizzeria,Lunar,Lunar Mountain,60.08,87,6,14.50,0.566,0.667,4,2,0,2143,1270,873,7,5,3,17,0.412,342.85,203.18,139.67,1.12,0.80,0.48,2.72,357.17,211.67,145.50,1.17,0.83,0.50,2.83,16,12,2.56,1.92,2.67,2.00,38,6.08,6.33,0.32
Contender,RSC008591,Mr fih.,Jellyfish,Tyrants of the Sea,Lunar,Lunar Cloud,59.18,153,11,13.91,0.500,0.545,6,5,3,3793,2160,1633,12,7,6,31,0.387,345.06,196.50,148.56,1.09,0.64,0.55,2.82,344.82,196.36,148.45,1.09,0.64,0.55,2.82,27,27,2.46,2.46,2.45,2.45,70,6.37,6.36,0.39
Contender,RSC014038,ohayo-gosaimas,Jellyfish,Tyrants of the Sea,Lunar,Lunar Cloud,58.86,170,12,14.17,0.474,0.500,6,6,3,4198,2240,1958,10,7,11,34,0.294,343.72,183.40,160.31,0.82,0.57,0.90,2.78,349.83,186.67,163.17,0.83,0.58,0.92,2.83,28,32,2.29,2.62,2.33,2.67,80,6.55,6.67,0.40
Contender,RSC003223,AZoroARK,Cheese Pizza,Fifty-Fifty Pizzeria,Lunar,Lunar Mountain,57.84,181,12,15.08,0.578,0.667,8,4,2,4552,2730,1822,12,7,17,33,0.364,350.05,209.94,140.11,0.92,0.54,1.31,2.54,379.33,227.50,151.83,1.00,0.58,1.42,2.75,39,26,3.00,2.00,3.25,2.17,76,5.84,6.33,0.34
Contender,RSC008187,Tonini08,Helldivers,The Rising,Solar,Solar Cloud,57.82,115,10,11.50,0.500,0.600,6,4,3,3087,1580,1507,7,3,11,18,0.389,373.63,191.23,182.40,0.85,0.36,1.33,2.18,308.70,158.00,150.70,0.70,0.30,1.10,1.80,20,20,2.42,2.42,2.00,2.00,54,6.54,5.40,0.37
Contender,RSC013928,daddybobgaming,Wobbegongs,Shark Attack,Solar,Solar Mountain,57.61,160,12,13.33,0.591,0.750,9,3,3,4223,2750,1473,14,6,16,25,0.560,367.37,239.23,128.14,1.22,0.52,1.39,2.17,351.92,229.17,122.75,1.17,0.50,1.33,2.08,34,21,2.96,1.83,2.83,1.75,83,7.22,6.92,0.25
Contender,RSC008332,QuaviusProd,Whiff Shots,Inconveniences,Solar,Solar Mountain,57.35,133,10,13.30,0.508,0.400,4,6,1,3364,1760,1604,5,8,14,16,0.313,352.06,184.19,167.86,0.52,0.84,1.47,1.67,336.40,176.00,160.40,0.50,0.80,1.40,1.60,27,26,2.83,2.72,2.70,2.60,69,7.22,6.90,0.38
Contender,RSC013486,DadOf5BoyZ,Caterpillars,Buggin Out,Solar,Solar Ember,57.34,154,12,12.83,0.429,0.417,5,7,2,4158,2130,2028,7,3,21,23,0.304,375.81,192.52,183.30,0.63,0.27,1.90,2.08,346.50,177.50,169.00,0.58,0.25,1.75,1.92,19,28,1.72,2.53,1.58,2.33,84,7.59,7.00,0.33
Contender,RSC008522,tysonmaint,Hognose,Venom Lab,Lunar,Lunar Ember,57.24,134,10,13.40,0.471,0.400,4,6,3,3373,1970,1403,8,3,15,27,0.296,350.36,204.63,145.73,0.83,0.31,1.56,2.80,337.30,197.00,140.30,0.80,0.30,1.50,2.70,19,22,1.97,2.29,1.90,2.20,66,6.86,6.60,0.33
Contender,RSC009442,pois6k,Legionarii,The Sovereign,Lunar,Lunar Mountain,56.51,179,12,14.92,0.488,0.500,6,6,4,4693,2830,1863,14,3,19,33,0.424,364.93,220.06,144.87,1.09,0.23,1.48,2.57,391.08,235.83,155.25,1.17,0.25,1.58,2.75,31,33,2.41,2.57,2.58,2.75,89,6.92,7.42,0.37
Contender,RSC003153,Theman,Sirens,Mythical,Solar,Solar Mountain,56.28,125,11,11.36,0.679,0.818,9,2,2,3165,1770,1395,9,7,7,17,0.529,352.43,197.09,155.34,1.00,0.78,0.78,1.89,287.73,160.91,126.82,0.82,0.64,0.64,1.55,31,12,3.45,1.34,2.82,1.09,53,5.90,4.82,0.23
Contender,RSC006381,YERP_YERP02,Kodiak Bears,The Bear Den,Solar,Solar Ember,56.08,144,11,13.09,0.615,0.727,8,3,1,3634,2340,1294,13,9,8,19,0.684,351.26,226.18,125.08,1.26,0.87,0.77,1.84,330.36,212.73,117.64,1.18,0.82,0.73,1.73,34,19,3.29,1.84,3.09,1.73,63,6.09,5.73,0.30
Contender,RSC007791,Keso-_-_-,Kodiak Bears,The Bear Den,Solar,Solar Ember,55.99,161,12,13.42,0.608,0.750,9,3,0,3926,2000,1926,9,6,10,30,0.300,339.41,172.91,166.51,0.78,0.52,0.86,2.59,327.17,166.67,160.50,0.75,0.50,0.83,2.50,37,21,3.20,1.82,3.08,1.75,67,5.79,5.58,0.31
Contender,RSC013796,S horty,Helldivers,The Rising,Solar,Solar Cloud,55.12,87,6,14.50,0.411,0.333,2,4,1,2248,1220,1028,7,1,6,17,0.412,359.65,195.19,164.47,1.12,0.16,0.96,2.72,374.67,203.33,171.33,1.17,0.17,1.00,2.83,10,15,1.60,2.40,1.67,2.50,46,7.36,7.67,0.33
Contender,RSC000995,Xx_pink_man95_xX,Ice,The Elements,Solar,Solar Ember,54.33,34,3,11.33,0.220,0.000,0,3,0,732,410,322,0,2,5,6,0.000,299.67,167.85,131.82,0.00,0.82,2.05,2.46,244.00,136.67,107.33,0.00,0.67,1.67,2.00,3,9,1.23,3.68,1.00,3.00,21,8.60,7.00,0.43
Contender,RSC006919,rinny_b0y,Helldivers,The Rising,Solar,Solar Cloud,53.91,119,10,11.90,0.451,0.500,5,5,2,2703,1380,1323,5,8,6,18,0.278,316.16,161.41,154.75,0.58,0.94,0.70,2.11,270.30,138.00,132.30,0.50,0.80,0.60,1.80,18,23,2.11,2.69,1.80,2.30,62,7.25,6.20,0.37
Contender,RSC007571,StephM2_,Cheese Pizza,Fifty-Fifty Pizzeria,Lunar,Lunar Mountain,53.90,181,12,15.08,0.578,0.667,8,4,3,4200,2560,1640,12,7,13,36,0.333,322.98,196.86,126.12,0.92,0.54,1.00,2.77,350.00,213.33,136.67,1.00,0.58,1.08,3.00,39,26,3.00,2.00,3.25,2.17,76,5.84,6.33,0.34
Contender,RSC007464,MoonKnight2,Zorillas,Safari,Solar,Solar Cloud,53.54,150,11,13.64,0.577,0.727,8,3,2,3482,1870,1612,9,7,7,27,0.333,323.11,173.52,149.58,0.84,0.65,0.65,2.51,316.55,170.00,146.55,0.82,0.64,0.64,2.45,35,24,3.25,2.23,3.18,2.18,64,5.94,5.82,0.38
Contender,RSC007515,superstrikzz,Aeronauts,Remove Before Flight,Solar,Solar Ember,53.01,112,9,12.44,0.474,0.444,4,5,2,2555,1370,1185,5,4,9,22,0.227,317.53,170.26,147.27,0.62,0.50,1.12,2.73,283.89,152.22,131.67,0.56,0.44,1.00,2.44,14,16,1.74,1.99,1.56,1.78,53,6.59,5.89,0.30
Contender,RSC008257,Arana5418,Jesters,The King's Court,Lunar,Lunar Mountain,52.26,190,12,15.83,0.432,0.333,4,8,3,4699,2770,1929,12,4,21,32,0.375,344.24,202.92,141.31,0.88,0.29,1.54,2.34,391.58,230.83,160.75,1.00,0.33,1.75,2.67,25,36,1.83,2.64,2.08,3.00,116,8.50,9.67,0.31
Contender,RSC006880,Kenjicat17,Rollers,The Quad Dynasty,Lunar,Lunar Ember,51.96,48,4,12.00,0.241,0.250,1,3,1,1185,600,585,3,0,4,10,0.300,343.62,173.99,169.64,0.87,0.00,1.16,2.90,296.25,150.00,146.25,0.75,0.00,1.00,2.50,4,12,1.16,3.48,1.00,3.00,28,8.12,7.00,0.43
Contender,RSC005974,Angry-Hermit,Legionarii,The Sovereign,Lunar,Lunar Mountain,50.65,126,9,14.00,0.491,0.556,5,4,1,2929,1760,1169,9,5,8,21,0.429,323.56,194.42,129.14,0.99,0.55,0.88,2.32,325.44,195.56,129.89,1.00,0.56,0.89,2.33,22,23,2.43,2.54,2.44,2.56,65,7.18,7.22,0.35
Contender,RSC013508,Spaceballs80423,Fingus No Legs,Dwarf Haven,Lunar,Lunar Cloud,50.26,130,9,14.44,0.578,0.667,6,3,1,3124,1790,1334,7,4,14,19,0.368,334.48,191.65,142.83,0.75,0.43,1.50,2.03,347.11,198.89,148.22,0.78,0.44,1.56,2.11,21,14,2.25,1.50,2.33,1.56,65,6.96,7.22,0.22
Contender,RSC000963,Sup3rm4n,Aeronauts,Remove Before Flight,Solar,Solar Ember,48.65,70,5,14.00,0.351,0.200,1,4,1,1505,890,615,3,2,7,14,0.214,299.26,176.97,122.29,0.60,0.40,1.39,2.78,301.00,178.00,123.00,0.60,0.40,1.40,2.80,8,15,1.59,2.98,1.60,3.00,35,6.96,7.00,0.43
Contender,RSC008419,iSilently,Wobbegongs,Shark Attack,Solar,Solar Mountain,48.62,112,8,14.00,0.609,0.750,6,2,1,2506,1380,1126,5,7,8,13,0.385,311.44,171.50,139.94,0.62,0.87,0.99,1.62,313.25,172.50,140.75,0.63,0.88,1.00,1.63,22,13,2.73,1.62,2.75,1.63,54,6.71,6.75,0.24
Contender,RSC014079,DaMoneyPot,Hognose,Venom Lab,Lunar,Lunar Ember,48.58,66,4,16.50,0.414,0.250,1,3,0,1458,820,638,3,2,6,12,0.250,307.48,172.93,134.55,0.63,0.42,1.27,2.53,364.50,205.00,159.50,0.75,0.50,1.50,3.00,7,10,1.48,2.11,1.75,2.50,38,8.01,9.50,0.26
Contender,RSC006422,HuggingThor,Nebulae,The Cosmos,Solar,Solar Cloud,47.63,163,12,13.58,0.500,0.583,7,5,1,3562,2070,1492,10,7,9,27,0.370,304.17,176.76,127.41,0.85,0.60,0.77,2.31,296.83,172.50,124.33,0.83,0.58,0.75,2.25,32,32,2.73,2.73,2.67,2.67,77,6.58,6.42,0.42
Contender,RSC008153,Tyson_WA,Squeaky Bandits,The Romp,Lunar,Lunar Mountain,47.62,65,4,16.25,0.500,0.250,1,3,1,1507,920,587,5,1,5,12,0.417,322.71,197.01,125.70,1.07,0.21,1.07,2.57,376.75,230.00,146.75,1.25,0.25,1.25,3.00,11,11,2.36,2.36,2.75,2.75,37,7.92,9.25,0.30
Contender,RSC012758,iiHeapCheap,Aeronauts,Remove Before Flight,Solar,Solar Ember,47.23,153,12,12.75,0.467,0.417,5,7,1,3386,1770,1616,7,4,12,27,0.259,308.04,161.02,147.01,0.64,0.36,1.09,2.46,282.17,147.50,134.67,0.58,0.33,1.00,2.25,20,24,1.82,2.18,1.67,2.00,75,6.82,6.25,0.32
Contender,RSC007958,No Mechs. HELP,Rollers,The Quad Dynasty,Lunar,Lunar Ember,46.77,118,8,14.75,0.374,0.375,3,5,2,2681,1510,1171,7,2,10,21,0.333,316.24,178.12,138.13,0.83,0.24,1.18,2.48,335.13,188.75,146.38,0.88,0.25,1.25,2.63,13,24,1.53,2.83,1.63,3.00,63,7.43,7.88,0.38
Contender,RSC007220,maxf,Kodiak Bears,The Bear Den,Solar,Solar Ember,46.63,17,1,17.00,0.647,1.000,1,0,0,260,130,130,0,2,0,3,0.000,212.88,106.44,106.44,0.00,1.64,0.00,2.46,260.00,130.00,130.00,0.00,2.00,0.00,3.00,3,2,2.46,1.64,3.00,2.00,4,3.28,4.00,0.50
Contender,RSC005550,Shraggaholic,Mustangs,Mach Velocity,Lunar,Lunar Ember,46.54,147,11,13.36,0.574,0.636,7,4,0,3238,1710,1528,6,6,12,21,0.286,306.60,161.91,144.68,0.57,0.57,1.14,1.99,294.36,155.45,138.91,0.55,0.55,1.09,1.91,28,19,2.65,1.80,2.55,1.73,67,6.34,6.09,0.28
Contender,RSC007372,oofitsfine,Rollers,The Quad Dynasty,Lunar,Lunar Ember,46.54,168,12,14.00,0.426,0.500,6,6,1,3519,1780,1739,5,7,13,28,0.179,291.55,147.47,144.08,0.41,0.58,1.08,2.32,293.25,148.33,144.92,0.42,0.58,1.08,2.33,23,34,1.91,2.82,1.92,2.83,86,7.13,7.17,0.40
Contender,RSC003791,Frankieeagle,Nebulae,The Cosmos,Solar,Solar Cloud,46.45,152,11,13.82,0.528,0.636,7,4,1,3099,1540,1559,4,11,8,19,0.211,283.78,141.02,142.76,0.37,1.01,0.73,1.74,281.73,140.00,141.73,0.36,1.00,0.73,1.73,31,27,2.84,2.47,2.82,2.45,70,6.41,6.36,0.39
Contender,RSC006461,Cynical89,Mustangs,Mach Velocity,Lunar,Lunar Ember,46.28,48,3,16.00,0.429,0.333,1,2,1,1126,750,376,3,2,6,5,0.600,326.52,217.48,109.03,0.87,0.58,1.74,1.45,375.33,250.00,125.33,1.00,0.67,2.00,1.67,7,9,2.03,2.61,2.33,3.00,28,8.12,9.33,0.32
Contender,RSC006042,SuperThr33s,Rollers,The Quad Dynasty,Lunar,Lunar Ember,45.49,71,5,14.20,0.459,0.600,3,2,1,1399,870,529,3,4,5,12,0.250,274.26,170.56,103.71,0.59,0.78,0.98,2.35,279.80,174.00,105.80,0.60,0.80,1.00,2.40,11,13,2.16,2.55,2.20,2.60,37,7.25,7.40,0.35
Contender,RSC006758,El Booger Sugar,Legionarii,The Sovereign,Lunar,Lunar Mountain,45.27,122,8,15.25,0.510,0.500,4,4,0,2525,1300,1225,4,5,9,20,0.200,288.08,148.32,139.76,0.46,0.57,1.03,2.28,315.63,162.50,153.13,0.50,0.63,1.13,2.50,22,21,2.51,2.40,2.75,2.63,57,6.50,7.13,0.37
Contender,RSC008470,ReaperXD97,Whiff Shots,Inconveniences,Solar,Solar Mountain,45.23,138,10,13.80,0.536,0.500,5,5,1,3042,1740,1302,9,6,7,19,0.474,306.82,175.50,131.32,0.91,0.61,0.71,1.92,304.20,174.00,130.20,0.90,0.60,0.70,1.90,33,28,3.33,2.82,3.30,2.80,74,7.46,7.40,0.38
Contender,RSC007593,DJ L1T,Hognose,Venom Lab,Lunar,Lunar Ember,45.04,145,11,13.18,0.444,0.273,3,8,1,3244,1620,1624,8,4,8,22,0.364,311.40,155.51,155.89,0.77,0.38,0.77,2.11,294.91,147.27,147.64,0.73,0.36,0.73,2.00,21,28,2.02,2.69,1.91,2.55,74,7.10,6.73,0.38
Contender,RSC014051,gunz,Gallery Guild,Art Club,Solar,Solar Cloud,44.86,130,9,14.44,0.352,0.111,1,8,1,2862,1510,1352,6,3,11,21,0.286,306.43,161.67,144.76,0.64,0.32,1.18,2.25,318.00,167.78,150.22,0.67,0.33,1.22,2.33,15,31,1.61,3.32,1.67,3.44,67,7.17,7.44,0.46
Contender,RSC007271,xNerdyGamer,Fingus No Legs,Dwarf Haven,Lunar,Lunar Cloud,44.81,174,12,14.50,0.559,0.583,7,5,0,3546,1670,1876,4,8,12,27,0.148,283.66,133.59,150.07,0.32,0.64,0.96,2.16,295.50,139.17,156.33,0.33,0.67,1.00,2.25,29,21,2.32,1.68,2.42,1.75,84,6.72,7.00,0.25
Contender,RSC013527,Oh_Wentzy,Caterpillars,Buggin Out,Solar,Solar Ember,44.64,46,3,15.33,0.376,0.333,1,2,1,935,490,445,1,1,5,9,0.111,282.92,148.27,134.65,0.30,0.30,1.51,2.72,311.67,163.33,148.33,0.33,0.33,1.67,3.00,5,8,1.51,2.42,1.67,2.67,26,7.87,8.67,0.31
Contender,RSC003598,Golden2681,Ice,The Elements,Solar,Solar Ember,44.46,140,12,11.67,0.384,0.167,2,10,1,3230,1870,1360,8,4,14,17,0.471,321.13,185.92,135.21,0.80,0.40,1.39,1.69,269.17,155.83,113.33,0.67,0.33,1.17,1.42,20,36,1.99,3.58,1.67,3.00,85,8.45,7.08,0.42
Contender,RSC002796,Carno,Caterpillars,Buggin Out,Solar,Solar Ember,44.22,154,12,12.83,0.429,0.417,5,7,2,3454,1690,1764,6,5,13,19,0.316,312.18,152.75,159.44,0.54,0.45,1.17,1.72,287.83,140.83,147.00,0.50,0.42,1.08,1.58,19,28,1.72,2.53,1.58,2.33,84,7.59,7.00,0.33
Contender,RSC013854,Magicmike2433,Caterpillars,Buggin Out,Solar,Solar Ember,44.19,108,9,12.00,0.428,0.444,4,5,0,2204,1190,1014,5,4,6,19,0.263,284.05,153.37,130.68,0.64,0.52,0.77,2.45,244.89,132.22,112.67,0.56,0.44,0.67,2.11,14,20,1.80,2.58,1.56,2.22,58,7.47,6.44,0.34
Contender,RSC004012,kgfan3,Squeaky Bandits,The Romp,Lunar,Lunar Mountain,43.34,101,7,14.43,0.339,0.000,0,7,0,1872,930,942,1,5,8,18,0.056,257.98,128.16,129.82,0.14,0.69,1.10,2.48,267.43,132.86,134.57,0.14,0.71,1.14,2.57,8,18,1.10,2.48,1.14,2.57,51,7.03,7.29,0.35
Contender,RSC012819,Monteca,Ponzi Schemers,Shell Corp,Lunar,Lunar Cloud,40.17,171,11,15.55,0.539,0.636,7,4,3,3590,2350,1240,13,5,11,25,0.520,292.22,191.28,100.93,1.06,0.41,0.90,2.03,326.36,213.64,112.73,1.18,0.45,1.00,2.27,34,28,2.77,2.28,3.09,2.55,84,6.84,7.64,0.33
Contender,RSC003743,n00bpr0n,Squeaky Bandits,The Romp,Lunar,Lunar Mountain,40.05,185,12,15.42,0.439,0.167,2,10,1,3887,2180,1707,8,3,19,28,0.286,292.45,164.02,128.43,0.60,0.23,1.43,2.11,323.92,181.67,142.25,0.67,0.25,1.58,2.33,23,32,1.73,2.41,1.92,2.67,100,7.52,8.33,0.32
Contender,RSC008327,tempo_rl_ttv,Aeronauts,Remove Before Flight,Solar,Solar Ember,39.83,124,10,12.40,0.511,0.500,5,5,1,2534,1400,1134,5,5,10,15,0.333,284.44,157.15,127.29,0.56,0.56,1.12,1.68,253.40,140.00,113.40,0.50,0.50,1.00,1.50,18,17,2.02,1.91,1.80,1.70,62,6.96,6.20,0.27
Contender,RSC008012,mushxie,Jellyfish,Tyrants of the Sea,Lunar,Lunar Cloud,39.48,37,3,12.33,0.254,0.333,1,2,0,703,310,393,0,1,4,6,0.000,264.46,116.62,147.84,0.00,0.38,1.50,2.26,234.33,103.33,131.00,0.00,0.33,1.33,2.00,3,8,1.13,3.01,1.00,2.67,19,7.15,6.33,0.42
Contender,RSC014094,Pulsa4r,Hognose,Venom Lab,Lunar,Lunar Ember,39.28,153,11,13.91,0.461,0.364,4,7,0,2983,1640,1343,4,7,14,19,0.211,271.37,149.20,122.18,0.36,0.64,1.27,1.73,271.18,149.09,122.09,0.36,0.64,1.27,1.73,22,27,2.00,2.46,2.00,2.45,80,7.28,7.27,0.34
Contender,RSC012892,Ur.Fav.Spirit,Squeaky Bandits,The Romp,Lunar,Lunar Mountain,38.69,62,4,15.50,0.397,0.250,1,3,0,1300,640,660,3,1,4,9,0.333,291.85,143.68,148.17,0.67,0.22,0.90,2.02,325.00,160.00,165.00,0.75,0.25,1.00,2.25,8,12,1.80,2.69,2.00,3.00,32,7.18,8.00,0.38
Contender,RSC007630,Grey,Abyss,The Shadows,Lunar,Lunar Cloud,38.50,176,11,16.00,0.493,0.455,5,6,0,3499,2090,1409,8,6,15,24,0.333,276.72,165.29,111.43,0.63,0.47,1.19,1.90,318.09,190.00,128.09,0.73,0.55,1.36,2.18,27,28,2.14,2.21,2.45,2.55,87,6.88,7.91,0.32
Contender,RSC007874,Salty Num Num,Ice,The Elements,Solar,Solar Ember,37.86,140,12,11.67,0.384,0.167,2,10,1,2805,1320,1485,5,5,8,17,0.294,278.88,131.24,147.64,0.50,0.50,0.80,1.69,233.75,110.00,123.75,0.42,0.42,0.67,1.42,20,36,1.99,3.58,1.67,3.00,85,8.45,7.08,0.42
Contender,RSC007270,D0peyFsh,Jellyfish,Tyrants of the Sea,Lunar,Lunar Cloud,37.50,150,10,15.00,0.478,0.500,5,5,0,3047,1590,1457,6,4,12,19,0.316,282.74,147.54,135.20,0.56,0.37,1.11,1.76,304.70,159.00,145.70,0.60,0.40,1.20,1.90,26,29,2.41,2.69,2.60,2.90,71,6.59,7.10,0.41
Contender,RSC008245,j_durv,Jesters,The King's Court,Lunar,Lunar Mountain,36.27,190,12,15.83,0.432,0.333,4,8,0,3860,2150,1710,8,6,17,20,0.400,282.77,157.50,125.27,0.59,0.44,1.25,1.47,321.67,179.17,142.50,0.67,0.50,1.42,1.67,25,36,1.83,2.64,2.08,3.00,116,8.50,9.67,0.31
Contender,RSC006127,BonsaiPanda1775,Zorillas,Safari,Solar,Solar Cloud,36.26,12,1,12.00,0.271,0.000,0,1,0,254,120,134,1,0,0,2,0.500,294.62,139.19,155.43,1.16,0.00,0.00,2.32,254.00,120.00,134.00,1.00,0.00,0.00,2.00,1,2,1.16,2.32,1.00,2.00,4,4.64,4.00,0.50
Contender,RSC008083,Rocketgirl_32,Legionarii,The Sovereign,Lunar,Lunar Mountain,36.14,110,7,15.71,0.454,0.429,3,4,1,2026,1210,816,4,4,9,16,0.250,256.36,153.11,103.25,0.51,0.51,1.14,2.02,289.43,172.86,116.57,0.57,0.57,1.29,2.29,18,22,2.28,2.78,2.57,3.14,56,7.09,8.00,0.39
Contender,RSC007018,vBoostedv,Kappa,The Shrine,Solar,Solar Mountain,35.92,141,12,11.75,0.433,0.250,3,9,1,2825,1360,1465,7,2,7,21,0.333,278.87,134.25,144.62,0.69,0.20,0.69,2.07,235.42,113.33,122.08,0.58,0.17,0.58,1.75,22,31,2.17,3.06,1.83,2.58,82,8.09,6.83,0.38
Contender,RSC006251,MiniTechniks,Abyss,The Shadows,Lunar,Lunar Cloud,35.74,101,6,16.83,0.461,0.333,2,4,1,1874,1170,704,4,2,10,17,0.235,258.26,161.24,97.02,0.55,0.28,1.38,2.34,312.33,195.00,117.33,0.67,0.33,1.67,2.83,17,20,2.34,2.76,2.83,3.33,51,7.03,8.50,0.39
Contender,RSC006256,Heimfari,Squeaky Bandits,The Romp,Lunar,Lunar Mountain,35.09,142,9,15.78,0.462,0.222,2,7,0,2631,1430,1201,6,6,7,18,0.333,257.89,140.17,117.72,0.59,0.59,0.69,1.76,292.33,158.89,133.44,0.67,0.67,0.78,2.00,19,23,1.86,2.25,2.11,2.56,80,7.84,8.89,0.29
Contender,RSC001951,bird and flowers,Gallery Guild,Art Club,Solar,Solar Cloud,33.99,64,4,16.00,0.263,0.000,0,4,0,1238,740,498,3,1,6,9,0.333,269.24,160.94,108.31,0.65,0.22,1.30,1.96,309.50,185.00,124.50,0.75,0.25,1.50,2.25,6,16,1.30,3.48,1.50,4.00,36,7.83,9.00,0.44
Contender,RSC007513,Russ,Kappa,The Shrine,Solar,Solar Mountain,33.35,81,7,11.57,0.500,0.429,3,4,0,1501,800,701,4,3,3,10,0.400,257.93,137.47,120.46,0.69,0.52,0.52,1.72,214.43,114.29,100.14,0.57,0.43,0.43,1.43,15,15,2.58,2.58,2.14,2.14,43,7.39,6.14,0.35
Contender,RSC007119,EvilSuperman_,Whiff Shots,Inconveniences,Solar,Solar Mountain,32.69,74,6,12.33,0.424,0.333,2,4,1,1529,830,699,5,1,4,8,0.625,287.60,156.12,131.48,0.94,0.19,0.75,1.50,254.83,138.33,116.50,0.83,0.17,0.67,1.33,14,19,2.63,3.57,2.33,3.17,35,6.58,5.83,0.54
Contender,RSC013210,Spare4dagreen,"Ponzi Schemers
Gallery Guild","Shell Corp
Art Club","Lunar
Solar","Lunar Cloud
Solar Cloud",32.31,127,9,14.11,0.439,0.444,4,5,0,2152,1040,1112,2,4,9,19,0.105,235.85,113.98,121.87,0.22,0.44,0.99,2.08,239.11,115.56,123.56,0.22,0.44,1.00,2.11,17,23,1.86,2.52,1.89,2.56,64,7.01,7.11,0.36
Contender,RSC013331,llokxz,Jesters,The King's Court,Lunar,Lunar Mountain,31.91,36,2,18.00,0.455,0.500,1,1,0,517,260,257,0,2,2,6,0.000,199.89,100.53,99.37,0.00,0.77,0.77,2.32,258.50,130.00,128.50,0.00,1.00,1.00,3.00,7,8,2.71,3.09,3.50,4.00,19,7.35,9.50,0.42
Contender,RSC008227,batman,Helldivers,The Rising,Solar,Solar Cloud,31.88,126,10,12.60,0.451,0.500,5,5,0,2186,1060,1126,3,2,9,21,0.143,241.48,117.10,124.39,0.33,0.22,0.99,2.32,218.60,106.00,112.60,0.30,0.20,0.90,2.10,18,23,1.99,2.54,1.80,2.30,63,6.96,6.30,0.37
Contender,RSC013320,Sebulba.rl,Rollers,The Quad Dynasty,Lunar,Lunar Ember,31.10,99,7,14.14,0.488,0.714,5,2,1,1898,1110,788,5,2,8,11,0.455,266.85,156.06,110.79,0.70,0.28,1.12,1.55,271.14,158.57,112.57,0.71,0.29,1.14,1.57,18,19,2.53,2.67,2.57,2.71,44,6.19,6.29,0.43
Contender,RSC012792,LostRedjordan,Gallery Guild,Art Club,Solar,Solar Cloud,30.61,106,7,15.14,0.353,0.286,2,5,0,1768,790,978,2,4,5,14,0.143,232.16,103.74,128.42,0.26,0.53,0.66,1.84,252.57,112.86,139.71,0.29,0.57,0.71,2.00,11,22,1.44,2.89,1.57,3.14,58,7.62,8.29,0.38
Contender,RSC009317,Gaymer_Jess207,Mustangs,Mach Velocity,Lunar,Lunar Ember,28.07,135,10,13.50,0.626,0.800,8,2,1,2283,1320,963,6,4,7,17,0.353,235.38,136.10,99.29,0.62,0.41,0.72,1.75,228.30,132.00,96.30,0.60,0.40,0.70,1.70,27,14,2.78,1.44,2.70,1.40,63,6.50,6.30,0.22
Contender,RSC008147,CrucialUrchin,Jesters,The King's Court,Lunar,Lunar Mountain,24.40,154,10,15.40,0.415,0.300,3,7,1,2656,1360,1296,5,2,12,16,0.313,240.06,122.92,117.14,0.45,0.18,1.08,1.45,265.60,136.00,129.60,0.50,0.20,1.20,1.60,18,28,1.63,2.53,1.80,2.80,97,8.77,9.70,0.29
Contender,RSC011401,C_Sinica12,Fingus No Legs,Dwarf Haven,Lunar,Lunar Cloud,23.87,60,4,15.00,0.471,0.250,1,3,0,807,380,427,1,3,1,8,0.125,187.21,88.15,99.06,0.23,0.70,0.23,1.86,201.75,95.00,106.75,0.25,0.75,0.25,2.00,8,9,1.86,2.09,2.00,2.25,32,7.42,8.00,0.28
Contender,RSC005870,Evil twin,Kappa,The Shrine,Solar,Solar Mountain,23.42,60,5,12.00,0.301,0.000,0,5,0,941,480,461,2,1,3,8,0.250,218.30,111.35,106.94,0.46,0.23,0.70,1.86,188.20,96.00,92.20,0.40,0.20,0.60,1.60,7,16,1.62,3.71,1.40,3.20,39,9.05,7.80,0.41
Contender,RSC013580,Mortal Frenzy,Eladrin,D20,Lunar,Lunar Ember,22.13,47,3,15.67,0.612,0.667,2,1,0,722,330,392,0,2,4,3,0.000,213.82,97.73,116.09,0.00,0.59,1.18,0.89,240.67,110.00,130.67,0.00,0.67,1.33,1.00,9,6,2.67,1.78,3.00,2.00,25,7.40,8.33,0.24
Contender,RSC008348,Shadows_ss,Eladrin,D20,Lunar,Lunar Ember,18.20,119,9,13.22,0.565,0.667,6,3,1,1908,780,1128,5,0,3,13,0.385,223.17,91.23,131.94,0.58,0.00,0.35,1.52,212.00,86.67,125.33,0.56,0.00,0.33,1.44,22,16,2.57,1.87,2.44,1.78,52,6.08,5.78,0.31
Contender,RSC013962,PenguinCCSRL,Abyss,The Shadows,Lunar,Lunar Cloud,15.29,125,8,15.63,0.415,0.375,3,5,0,1686,650,1036,2,4,3,10,0.200,187.74,72.38,115.36,0.22,0.45,0.33,1.11,210.75,81.25,129.50,0.25,0.50,0.38,1.25,16,24,1.78,2.67,2.00,3.00,63,7.02,7.88,0.38
Contender,RSC013916,spicymcnugsauce,Ice,The Elements,Solar,Solar Ember,1.17,14,1,14.00,0.120,0.000,0,1,0,183,50,133,0,0,1,0,0.000,181.94,49.71,132.23,0.00,0.00,0.99,0.00,183.00,50.00,133.00,0.00,0.00,1.00,0.00,2,6,1.99,5.97,2.00,6.00,8,7.95,8.00,0.75
Amateur,RSC012722,TtvSavantCyclops,Stick Bugs,Buggin Out,Solar,N/A,101.56,92,8,11.50,0.728,0.875,7,1,5,3412,2130,1282,12,7,6,28,0.429,471.23,294.17,177.06,1.66,0.97,0.83,3.87,426.50,266.25,160.25,1.50,0.88,0.75,3.50,23,7,3.18,0.97,2.88,0.88,43,5.94,5.38,0.16
Amateur,RSC013229,swway.,Garlic Knots,Fifty-Fifty Pizzeria,Lunar,N/A,81.17,159,12,13.25,0.651,0.833,10,2,5,5388,3320,2068,19,6,16,32,0.594,430.57,265.31,165.26,1.52,0.48,1.28,2.56,449.00,276.67,172.33,1.58,0.50,1.33,2.67,39,17,3.12,1.36,3.25,1.42,72,5.75,6.00,0.24
Amateur,RSC014183,ADG_Mahin_Prez,Electric Eels,Tyrants of the Sea,Lunar,N/A,80.90,65,5,13.00,0.582,0.600,3,2,2,1970,1200,770,7,3,3,20,0.350,385.09,234.57,150.52,1.37,0.59,0.59,3.91,394.00,240.00,154.00,1.40,0.60,0.60,4.00,14,10,2.74,1.95,2.80,2.00,25,4.89,5.00,0.40
Amateur,RSC012179,BeanBornito,Garlic Knots,Fifty-Fifty Pizzeria,Lunar,N/A,80.53,11,1,11.00,0.889,1.000,1,0,0,342,210,132,1,2,0,1,1.000,395.04,242.57,152.47,1.16,2.31,0.00,1.16,342.00,210.00,132.00,1.00,2.00,0.00,1.00,6,2,6.93,2.31,6.00,2.00,5,5.78,5.00,0.40
Amateur,RSC013179,Budzy,HR Violation,Shell Corp,Lunar,N/A,73.82,161,12,13.42,0.637,0.667,8,4,3,4550,2490,2060,11,11,9,39,0.282,359.08,196.51,162.57,0.87,0.87,0.71,3.08,379.17,207.50,171.67,0.92,0.92,0.75,3.25,38,18,3.00,1.42,3.17,1.50,63,4.97,5.25,0.29
Amateur,RSC012561,Regal_king1,HR Violation,Shell Corp,Lunar,N/A,72.27,161,12,13.42,0.637,0.667,8,4,3,4703,2770,1933,16,8,8,37,0.432,371.16,218.61,152.55,1.26,0.63,0.63,2.92,391.92,230.83,161.08,1.33,0.67,0.67,3.08,38,18,3.00,1.42,3.17,1.50,63,4.97,5.25,0.29
Amateur,RSC000989,Piky Life88,Surprise,The Elements,Solar,N/A,71.04,139,11,12.64,0.450,0.455,5,6,4,3951,2200,1751,10,4,13,35,0.286,361.16,201.10,160.06,0.91,0.37,1.19,3.20,359.18,200.00,159.18,0.91,0.36,1.18,3.18,20,26,1.83,2.38,1.82,2.36,70,6.40,6.36,0.37
Amateur,RSC007921,sXCyBeast,Stick Bugs,Buggin Out,Solar,N/A,69.94,108,9,12.00,0.677,0.667,6,3,1,3212,1730,1482,7,5,12,18,0.389,377.89,203.53,174.36,0.82,0.59,1.41,2.12,356.89,192.22,164.67,0.78,0.56,1.33,2.00,29,12,3.41,1.41,3.22,1.33,48,5.65,5.33,0.25
Amateur,RSC007852,Medicmac121,Bombers,Remove Before Flight,Solar,N/A,68.63,125,9,13.89,0.443,0.556,5,4,3,3418,2150,1268,10,9,9,25,0.400,347.43,218.54,128.89,1.02,0.91,0.91,2.54,379.78,238.89,140.89,1.11,1.00,1.00,2.78,23,30,2.34,3.05,2.56,3.33,63,6.40,7.00,0.48
Amateur,RSC012351,ShadowLightnin9,Gnomes,D20,Lunar,N/A,66.49,129,10,12.90,0.491,0.500,5,5,3,3544,1960,1584,7,5,15,26,0.269,349.07,193.05,156.02,0.69,0.49,1.48,2.56,354.40,196.00,158.40,0.70,0.50,1.50,2.60,21,22,2.07,2.17,2.10,2.20,68,6.70,6.80,0.32
Amateur,RSC012719,Ryzor,Garlic Knots,Fifty-Fifty Pizzeria,Lunar,N/A,66.21,159,12,13.25,0.651,0.833,10,2,3,4338,2390,1948,7,12,17,24,0.292,346.66,190.99,155.67,0.56,0.96,1.36,1.92,361.50,199.17,162.33,0.58,1.00,1.42,2.00,39,17,3.12,1.36,3.25,1.42,72,5.75,6.00,0.24
Amateur,RSC000323,Styk75,Dik-diks,Safari,Solar,N/A,65.73,127,10,12.70,0.553,0.600,6,4,3,3717,2250,1467,10,3,18,20,0.500,371.88,225.11,146.77,1.00,0.30,1.80,2.00,371.70,225.00,146.70,1.00,0.30,1.80,2.00,20,15,2.00,1.50,2.00,1.50,66,6.60,6.60,0.23
Amateur,RSC004190,Demonikgoat4061,Stick Bugs,Buggin Out,Solar,N/A,64.89,99,8,12.38,0.711,0.750,6,2,2,2748,1440,1308,6,7,7,14,0.429,352.69,184.82,167.87,0.77,0.90,0.90,1.80,343.50,180.00,163.50,0.75,0.88,0.88,1.75,26,9,3.34,1.16,3.25,1.13,44,5.65,5.50,0.20
Amateur,RSC005707,BlueCrimsonJR,Ball Chasers,Inconveniences,Solar,N/A,64.31,76,6,12.67,0.535,0.500,3,3,2,2114,1210,904,6,1,8,16,0.375,353.43,202.29,151.14,1.00,0.17,1.34,2.67,352.33,201.67,150.67,1.00,0.17,1.33,2.67,14,12,2.34,2.01,2.33,2.00,42,7.02,7.00,0.29
Amateur,RSC012890,sIacker04,Electric Eels,Tyrants of the Sea,Lunar,N/A,61.71,100,8,12.50,0.513,0.500,4,4,2,2656,1300,1356,3,5,12,15,0.200,337.47,165.18,172.29,0.38,0.64,1.52,1.91,332.00,162.50,169.50,0.38,0.63,1.50,1.88,16,15,2.03,1.91,2.00,1.88,43,5.46,5.38,0.35
Amateur,RSC012535,OnContract,HR Violation,Shell Corp,Lunar,N/A,61.52,100,8,12.50,0.701,0.750,6,2,1,2741,1640,1101,8,5,9,14,0.571,348.27,208.38,139.89,1.02,0.64,1.14,1.78,342.63,205.00,137.63,1.00,0.63,1.13,1.75,31,12,3.94,1.52,3.88,1.50,39,4.96,4.88,0.31
Amateur,RSC008193,RL Camaro,Stream Rascals,The Romp,Lunar,N/A,61.30,143,12,11.92,0.391,0.167,2,10,1,3843,1650,2193,8,2,9,30,0.267,341.46,146.61,194.86,0.71,0.18,0.80,2.67,320.25,137.50,182.75,0.67,0.17,0.75,2.50,19,34,1.69,3.02,1.58,2.83,80,7.11,6.67,0.43
Amateur,RSC010339,TwiztedDad2240,Garlic Knots,Fifty-Fifty Pizzeria,Lunar,N/A,61.06,126,9,14.00,0.683,0.889,8,1,2,3284,1950,1334,12,2,7,30,0.400,331.16,196.64,134.52,1.21,0.20,0.71,3.03,364.89,216.67,148.22,1.33,0.22,0.78,3.33,31,12,3.13,1.21,3.44,1.33,52,5.24,5.78,0.23
Amateur,RSC006375,Rich-Rollin6060G,Dik-diks,Safari,Solar,N/A,55.12,86,8,10.75,0.428,0.375,3,5,1,2106,980,1126,3,4,7,13,0.231,311.15,144.79,166.36,0.44,0.59,1.03,1.92,263.25,122.50,140.75,0.38,0.50,0.88,1.63,12,17,1.77,2.51,1.50,2.13,51,7.53,6.38,0.33
Amateur,RSC014074,Hoodlumdoom,Gnomes,D20,Lunar,N/A,53.87,108,8,13.50,0.420,0.375,3,5,0,2620,1270,1350,6,5,5,17,0.353,308.24,149.41,158.83,0.71,0.59,0.59,2.00,327.50,158.75,168.75,0.75,0.63,0.63,2.13,15,22,1.76,2.59,1.88,2.75,57,6.71,7.13,0.39
Amateur,RSC007581,Wrecklessjay02,Bombers,Remove Before Flight,Solar,N/A,53.85,103,7,14.71,0.397,0.429,3,4,2,2556,1480,1076,8,2,8,18,0.444,315.31,182.57,132.74,0.99,0.25,0.99,2.22,365.14,211.43,153.71,1.14,0.29,1.14,2.57,18,28,2.22,3.45,2.57,4.00,55,6.78,7.86,0.51
Amateur,RSC014075,Sloth,Bombers,Remove Before Flight,Solar,N/A,52.64,150,11,13.64,0.462,0.545,6,5,1,3459,1900,1559,10,5,7,30,0.333,293.00,160.94,132.06,0.85,0.42,0.59,2.54,314.45,172.73,141.73,0.91,0.45,0.64,2.73,29,35,2.46,2.96,2.64,3.18,73,6.18,6.64,0.48
Amateur,RSC008402,TTV/DucksNotKeys,HR Violation,Shell Corp,Lunar,N/A,48.09,61,4,15.25,0.534,0.500,2,2,1,1449,730,719,3,1,6,8,0.375,301.82,152.06,149.76,0.62,0.21,1.25,1.67,362.25,182.50,179.75,0.75,0.25,1.50,2.00,7,6,1.46,1.25,1.75,1.50,24,5.00,6.00,0.25
Amateur,RSC012720,ienvy murph,Ball Chasers,Inconveniences,Solar,N/A,45.60,142,11,12.91,0.397,0.364,4,7,1,3007,1650,1357,5,6,13,20,0.250,269.06,147.64,121.42,0.45,0.54,1.16,1.79,273.36,150.00,123.36,0.45,0.55,1.18,1.82,20,34,1.79,3.04,1.82,3.09,83,7.43,7.55,0.41
Amateur,RSC007940,DadMcStuffins,Ball Chasers,Inconveniences,Solar,N/A,45.53,125,10,12.50,0.394,0.400,4,6,1,2837,1510,1327,7,3,10,16,0.438,288.38,153.49,134.89,0.71,0.30,1.02,1.63,283.70,151.00,132.70,0.70,0.30,1.00,1.60,17,29,1.73,2.95,1.70,2.90,74,7.52,7.40,0.39
Amateur,RSC007216,ASAPxLEG,Dik-diks,Safari,Solar,N/A,43.33,147,12,12.25,0.500,0.500,6,6,2,3181,1690,1491,9,1,10,24,0.375,274.95,146.08,128.88,0.78,0.09,0.86,2.07,265.08,140.83,124.25,0.75,0.08,0.83,2.00,24,24,2.07,2.07,2.00,2.00,78,6.74,6.50,0.31
Amateur,RSC012871,FUU.EGO,Gnomes,D20,Lunar,N/A,41.78,106,8,13.25,0.392,0.250,2,6,0,2094,1010,1084,3,4,7,16,0.188,251.00,121.07,129.94,0.36,0.48,0.84,1.92,261.75,126.25,135.50,0.38,0.50,0.88,2.00,13,22,1.56,2.64,1.63,2.75,57,6.83,7.13,0.39
Amateur,RSC008151,Extrakrispybecky,Stream Rascals,The Romp,Lunar,N/A,37.93,66,5,13.20,0.479,0.400,2,3,0,1347,690,657,3,0,6,9,0.333,259.32,132.84,126.48,0.58,0.00,1.16,1.73,269.40,138.00,131.40,0.60,0.00,1.20,1.80,11,12,2.12,2.31,2.20,2.40,31,5.97,6.20,0.39
Amateur,RSC008003,Bronzetpole,Electric Eels,Tyrants of the Sea,Lunar,N/A,36.61,91,8,11.38,0.243,0.125,1,7,0,1733,740,993,3,1,5,14,0.214,241.97,103.32,138.65,0.42,0.14,0.70,1.95,216.63,92.50,124.13,0.38,0.13,0.63,1.75,8,29,1.12,4.05,1.00,3.63,53,7.40,6.63,0.55
Amateur,RSC008489,nacho_nachos2,Stick Bugs,Buggin Out,Solar,N/A,36.42,100,8,12.50,0.659,0.625,5,3,0,1937,1320,617,9,4,2,12,0.750,246.12,167.72,78.40,1.14,0.51,0.25,1.52,242.13,165.00,77.13,1.13,0.50,0.25,1.50,24,11,3.05,1.40,3.00,1.38,48,6.10,6.00,0.23
Amateur,RSC013770,Budz_973,Dik-diks,Safari,Solar,N/A,36.36,81,6,13.50,0.500,0.500,3,3,0,1351,770,581,2,5,4,12,0.167,211.92,120.79,91.14,0.31,0.78,0.63,1.88,225.17,128.33,96.83,0.33,0.83,0.67,2.00,16,16,2.51,2.51,2.67,2.67,39,6.12,6.50,0.41
Amateur,RSC007161,Ander,Surprise,The Elements,Solar,N/A,33.89,139,11,12.64,0.450,0.455,5,6,1,2539,1120,1419,3,3,10,17,0.176,232.09,102.38,129.71,0.27,0.27,0.91,1.55,230.82,101.82,129.00,0.27,0.27,0.91,1.55,20,26,1.83,2.38,1.82,2.36,70,6.40,6.36,0.37
Amateur,RSC014054,CallMeSteveo53,Surprise,The Elements,Solar,N/A,33.60,139,11,12.64,0.450,0.455,5,6,0,2528,1420,1108,7,4,7,17,0.412,231.09,129.80,101.28,0.64,0.37,0.64,1.55,229.82,129.09,100.73,0.64,0.36,0.64,1.55,20,26,1.83,2.38,1.82,2.36,70,6.40,6.36,0.37
Amateur,RSC007678,SavedHawk,Electric Eels,Tyrants of the Sea,Lunar,N/A,32.13,136,11,12.36,0.402,0.364,4,7,0,2406,1180,1226,6,3,5,18,0.333,224.79,110.24,114.54,0.56,0.28,0.47,1.68,218.73,107.27,111.45,0.55,0.27,0.45,1.64,20,33,1.87,3.08,1.82,3.00,70,6.54,6.36,0.47
Amateur,RSC013639,Bobafett531132,Stream Rascals,The Romp,Lunar,N/A,31.31,77,7,11.00,0.286,0.000,0,7,0,1405,720,685,3,2,5,7,0.429,231.84,118.81,113.03,0.50,0.33,0.83,1.16,200.71,102.86,97.86,0.43,0.29,0.71,1.00,8,22,1.32,3.63,1.14,3.14,49,8.09,7.00,0.45
Amateur,RSC006364,Larr3yy,Gnomes,D20,Lunar,N/A,30.83,131,10,13.10,0.467,0.500,5,5,2,2328,1340,988,8,4,4,14,0.571,225.80,129.97,95.83,0.78,0.39,0.39,1.36,232.80,134.00,98.80,0.80,0.40,0.40,1.40,23,27,2.23,2.62,2.30,2.70,73,7.08,7.30,0.37
Amateur,RSC008213,SeargD,Stream Rascals,The Romp,Lunar,N/A,29.80,143,12,11.92,0.391,0.167,2,10,1,2532,1120,1412,5,1,8,17,0.294,224.98,99.52,125.46,0.44,0.09,0.71,1.51,211.00,93.33,117.67,0.42,0.08,0.67,1.42,19,34,1.69,3.02,1.58,2.83,80,7.11,6.67,0.43
Amateur,RSC008569,BlackHoleX,Electric Eels,Tyrants of the Sea,Lunar,N/A,25.07,46,4,11.50,0.155,0.000,0,4,0,777,300,477,2,0,1,5,0.400,214.62,82.87,131.76,0.55,0.00,0.28,1.38,194.25,75.00,119.25,0.50,0.00,0.25,1.25,5,21,1.38,5.80,1.25,5.25,31,8.56,7.75,0.68
Amateur,RSC006137,FULLBL00DN8V,Ball Chasers,Inconveniences,Solar,N/A,15.13,57,4,14.25,0.233,0.250,1,3,0,702,370,332,2,0,2,7,0.286,156.49,82.48,74.01,0.45,0.00,0.45,1.56,175.50,92.50,83.00,0.50,0.00,0.50,1.75,6,18,1.34,4.01,1.50,4.50,33,7.36,8.25,0.55
Amateur,RSC013899,Bluefac3s,Bombers,Remove Before Flight,Solar,N/A,15.03,72,6,12.00,0.582,0.667,4,2,0,904,340,564,1,3,1,4,0.250,159.53,60.00,99.53,0.18,0.53,0.18,0.71,150.67,56.67,94.00,0.17,0.50,0.17,0.67,17,12,3.00,2.12,2.83,2.00,28,4.94,4.67,0.43
Amateur,RSC003545,Grumpy Mittens,Garlic Knots,Fifty-Fifty Pizzeria,Lunar,N/A,12.61,22,2,11.00,0.389,0.500,1,1,0,283,100,183,0,1,1,0,0.000,163.45,57.75,105.69,0.00,0.58,0.58,0.00,141.50,50.00,91.50,0.00,0.50,0.50,0.00,2,3,1.16,1.73,1.00,1.50,,0.00,0.00,
Amateur,RSC013706,Quagsire.,Ball Chasers,Inconveniences,Solar,N/A,-19.60,26,2,13.00,0.183,0.000,0,2,0,72,0,72,0,0,0,0,0.000,35.19,0.00,35.19,0.00,0.00,0.00,0.00,36.00,0.00,36.00,0.00,0.00,0.00,0.00,3,9,1.47,4.40,1.50,4.50,,0.00,0.00,