Tier,Name,GP,Season,Team,Franchise,Conference,RSC ID,# of Seasons,First Season,Seasons Played,PPG,GPG,APG,SvPG,ShPG,ShPCT,GAPG,AAPG,ShAPG,Hat Trick,Playmaker,Savior,TierMaxGames,GPThreshold,MAJ,EXT,ACC,NEG,RAW,tZ,DI,DT,mShPG,mShA,SvpmShA,SvpAA,SvpGA,PPG_mean,PPG_std,GPG_mean,GPG_std,APG_mean,APG_std,ShPG_mean,ShPG_std,ShPCT_mean,ShPCT_std,SvPG_mean,SvPG_std,GAPG_mean,GAPG_std,AAPG_mean,AAPG_std,ShAPG_mean,ShAPG_std,RAW_mean,RAW_std,DI_mean,DI_std,DT_mean,DT_std,tZ_mean,tZ_std,mShPG_mean,mShPG_std,mShA_mean,mShA_std,SvpmShA_mean,SvpmShA_std,SvpAA_mean,SvpAA_std,SvpGA_mean,SvpGA_std,PPG_z,GPG_z,APG_z,ShPG_z,ShPCT_z,SvPG_z,GAPG_z,AAPG_z,ShAPG_z,RAW_z,DI_z,DT_z,tZ_z,mShPG_z,mShA_z,SvpmShA_z,SvpAA_z,SvpGA_z,pdt_z,pnt_z,pot_z,RvShA,RvAA,RvShA_mean,RvShA_std,RvAA_mean,RvAA_std,RvShA_z,RvAA_z,RSvA,DWR,RSvA_mean,RSvA_std,DWR_mean,DWR_std,RSvA_z,DWR_z,RSvA_w,SvpGA_w,DWR_w,RvShA_w,SvpGA_s,RSvA_s,RvShA_s,DEF,DEFS,PRES,ATT,DEF_mean,DEF_std,DEFS_mean,DEFS_std,PRES_mean,PRES_std,ATT_mean,ATT_std,DEF_z,DEFS_z,PRES_z,ATT_z,RAD,RADS,RAD_mean,RAD_std,RADS_mean,RADS_std,RAD_z,RADS_z
Challenger,Sinworth,32,2,Dodo Birds,The Birdcage,Lunar,,,,,183.906,0.656,0.469,0.875,1.969,33.316,0.135,0.177,0.646,1,1,2,56,34.0,158.62,25.29,4,3.12,22.17,22.17,1,1,1.31,0.51,1.72,4.94,6.48,186.62464,30.22170492361409,0.6692400000000001,0.17473462736389717,0.4144,0.11884689029727843,2.0374,0.3795164686808729,32.62,5.746559289406721,0.95,0.23954870764279512,0.2990891707317073,0.10817931142150597,0.22922946341463415,0.08634401365578256,0.965105756097561,0.2818743866560187,21.5944,11.742194953812229,1.0,0.0,1.0,0.0,21.5944,11.742194953812229,1.3684,0.25266380825120166,0.6656,0.20203300060468668,1.5604,0.5846258062498895,5.0692,3.5394207624035507,3.8276,2.4646319535919896,-0.08995653974093804,-0.07577204472715529,0.45941462888449097,-0.18022933296609023,0.1211159521634137,-0.3130887272906384,1.5168258013064642,0.6048996473901616,1.1320849683549894,0.049019795895411084,0,0,0.049019795895411084,-0.23113717949639215,0.7701712073487386,0.27299513345769305,-0.0365031480213906,1.0761850247597233,,,,1.18,0.65,0.0007999999999999841,1.805911404249943,0.00040000000000000257,1.6302542746455229,0.6529666943931628,0.3984654480610069,0.1679,38.1324,4.0000000000062204e-06,0.8954228965876031,36.673559999999995,26.24864620969369,0.18750469821560342,0.05557772345079073,0.0338,0.3229,0.0189,0.1175,0.4843,0.0516,0.1796,0.4931,0.7155,-0.1821,118.60600000000001,-1.2000000000000898e-05,0.8830039469145461,1.1999999999985355e-05,0.883943960950014,-3.999999999990677e-06,1.6958386938031578,119.91799999999999,24.803591900502365,0.5584482399235772,0.809426877277416,-0.10737813723994233,-0.052895564693330184,0.13413759624266397,0.27895759468378134,1.1657341758564144e-16,0.6941392111186644,1.3988810110276973e-16,0.6820810556388106,0.1932430758759323,0.4089801239568519
Challenger,Superfast Moose,56,2,Dodo Birds,The Birdcage,Lunar,RSC000107,5.0,2.0,"[2, 3, 4, 5, 6]",189.911,0.643,0.411,1.018,1.911,33.647,0.232,0.232,0.845,2,2,3,56,34.0,161.99,27.92,7,3.12,24.8,24.8,1,1,1.27,0.61,1.67,4.39,4.39,186.62464,30.22170492361409,0.6692400000000001,0.17473462736389717,0.4144,0.11884689029727843,2.0374,0.3795164686808729,32.62,5.746559289406721,0.95,0.23954870764279512,0.2990891707317073,0.10817931142150597,0.22922946341463415,0.08634401365578256,0.965105756097561,0.2818743866560187,21.5944,11.742194953812229,1.0,0.0,1.0,0.0,21.5944,11.742194953812229,1.3684,0.25266380825120166,0.6656,0.20203300060468668,1.5604,0.5846258062498895,5.0692,3.5394207624035507,3.8276,2.4646319535919896,0.10874171421851735,-0.15017057806952822,-0.028608236963503227,-0.33305537553967607,0.17871563631009352,0.2838671127435126,0.6201663686904373,-0.03208718784385941,0.4260967359341178,0.2729983629644361,0,0,0.2729983629644361,-0.38945031613775677,0.2752025650937652,0.18747034227420514,-0.19189580600718673,0.22818822874561456,,,,0.7,0.24,0.0007999999999999841,1.805911404249943,0.00040000000000000257,1.6302542746455229,0.38717292462661074,0.14697093804713243,-0.0326,41.416,4.0000000000062204e-06,0.8954228965876031,36.673559999999995,26.24864620969369,-0.03641184531270271,0.1806736988305556,-0.0066,0.0685,0.0614,0.0697,0.1027,-0.01,0.1065,0.193,0.1992,-0.1165,117.05699999999999,-1.2000000000000898e-05,0.8830039469145461,1.1999999999985355e-05,0.883943960950014,-3.999999999990677e-06,1.6958386938031578,119.91799999999999,24.803591900502365,0.2185856594123231,0.22534007674640796,-0.06869521283226607,-0.1153461970942224,0.00744708130366583,0.03212454866489928,1.1657341758564144e-16,0.6941392111186644,1.3988810110276973e-16,0.6820810556388106,0.010728512644695735,0.04709784621537764
Challenger,Treebandana,20,2,Dodo Birds,The Birdcage,Lunar,RSC001764,1.0,2.0,[2],200.75,0.85,0.45,1.3,1.75,48.571,0.35,0.25,0.817,3,0,2,56,34.0,199.1,1.65,5,6.25,-4.6,-4.6,1,1,0.9,0.47,2.77,5.2,3.71,186.62464,30.22170492361409,0.6692400000000001,0.17473462736389717,0.4144,0.11884689029727843,2.0374,0.3795164686808729,32.62,5.746559289406721,0.95,0.23954870764279512,0.2990891707317073,0.10817931142150597,0.22922946341463415,0.08634401365578256,0.965105756097561,0.2818743866560187,21.5944,11.742194953812229,1.0,0.0,1.0,0.0,21.5944,11.742194953812229,1.3684,0.25266380825120166,0.6656,0.20203300060468668,1.5604,0.5846258062498895,5.0692,3.5394207624035507,3.8276,2.4646319535919896,0.46739123539529304,1.0344829913051778,0.29954506938256215,-0.7572793902698021,2.7757479209175258,1.461080727356314,-0.4706152091311206,-0.24055560664772058,0.5254317636114265,-2.2307924628261864,0,0,-2.2307924628261864,-1.853846830070378,0.968158664250728,2.069015748310937,0.0369551993900765,-0.04771503502931057,,,,-1.71,-2.47,0.0007999999999999841,1.805911404249943,0.00040000000000000257,1.6302542746455229,-0.9473332944096191,-1.5153464330201838,-0.6926,-12.742,4.0000000000062204e-06,0.8954228965876031,36.673559999999995,26.24864620969369,-0.7734937342338102,-1.8825946147939132,-0.1392,-0.0143,-0.6401,-0.1705,-0.0215,-0.2127,-0.2605,-0.9641,-0.49470000000000003,-4.0846,151.071,-1.2000000000000898e-05,0.8830039469145461,1.1999999999985355e-05,0.883943960950014,-3.999999999990677e-06,1.6958386938031578,119.91799999999999,24.803591900502365,-1.0918275092300362,-0.5596644378545343,-2.4085993643886714,1.2559874442769332,-0.5082299287200801,-0.34977414265539886,1.1657341758564144e-16,0.6941392111186644,1.3988810110276973e-16,0.6820810556388106,-0.7321729137027492,-0.5128043650586573
Challenger,Treefrog,56,2,Dodo Birds,The Birdcage,Lunar,RSC000221,23.0,2.0,"[2, 3, 4, 5, 6, 7, 8, 9, 10, 11, 12, 13, 14, 15, 16, 17, 18, 19, 20, 21, 22, 23, 24]",189.821,0.732,0.464,0.732,2.268,32.275,0.262,0.25,0.833,4,0,3,56,34.0,160.8,29.02,7,3.12,25.9,25.9,1,1,1.54,0.57,1.28,2.93,2.79,186.62464,30.22170492361409,0.6692400000000001,0.17473462736389717,0.4144,0.11884689029727843,2.0374,0.3795164686808729,32.62,5.746559289406721,0.95,0.23954870764279512,0.2990891707317073,0.10817931142150597,0.22922946341463415,0.08634401365578256,0.965105756097561,0.2818743866560187,21.5944,11.742194953812229,1.0,0.0,1.0,0.0,21.5944,11.742194953812229,1.3684,0.25266380825120166,0.6656,0.20203300060468668,1.5604,0.5846258062498895,5.0692,3.5394207624035507,3.8276,2.4646319535919896,0.10576372206924979,0.3591732271205627,0.4173436921734574,0.6076152658184286,-0.060035924563760466,-0.9100445673247894,0.34284901839682086,-0.24055560664772058,0.46866889065296435,0.36667761154843875,0,0,0.36667761154843875,0.6791633561914535,0.4731900219957547,-0.4796230289569996,-0.6043926799331175,-0.42099592131303293,,,,0.84,0.13,0.0007999999999999841,1.805911404249943,0.00040000000000000257,1.6302542746455229,0.46469610747518847,0.07949680121414175,-0.283,33.152,4.0000000000062204e-06,0.8954228965876031,36.673559999999995,26.24864620969369,-0.3160562468064077,-0.1341615857773066,-0.0569,-0.1263,-0.0456,0.0836,-0.1894,-0.0869,0.1278,-0.1452,-0.1485,1.0458,128.155,-1.2000000000000898e-05,0.8830039469145461,1.1999999999985355e-05,0.883943960950014,-3.999999999990677e-06,1.6958386938031578,119.91799999999999,24.803591900502365,-0.16442508610219242,-0.168010650630372,0.6166883700799614,0.33208899876445636,0.24508118101364865,0.2003529881222462,1.1657341758564144e-16,0.6941392111186644,1.3988810110276973e-16,0.6820810556388106,0.35307208854932626,0.2937377991455916
Challenger,Luuugia,44,2,Dust Devils,The Storm,Solar,,,,,250.682,0.977,0.614,0.977,2.75,35.527,0.295,0.197,0.818,2,0,3,56,34.0,211.59,39.09,5,2.84,36.25,36.25,1,1,1.77,0.52,1.88,4.96,3.31,186.62464,30.22170492361409,0.6692400000000001,0.17473462736389717,0.4144,0.11884689029727843,2.0374,0.3795164686808729,32.62,5.746559289406721,0.95,0.23954870764279512,0.2990891707317073,0.10817931142150597,0.22922946341463415,0.08634401365578256,0.965105756097561,0.2818743866560187,21.5944,11.742194953812229,1.0,0.0,1.0,0.0,21.5944,11.742194953812229,1.3684,0.25266380825120166,0.6656,0.20203300060468668,1.5604,0.5846258062498895,5.0692,3.5394207624035507,3.8276,2.4646319535919896,2.11958127980887,1.761299432419128,1.6794717935044767,1.8776523782402967,0.5058679208894274,0.11271194182463,0.03779993307384292,0.3732680709414265,0.5218840840515225,1.2481141777706477,0,0,1.2481141777706477,1.5894638918792992,0.7206743431232411,0.5466744652448539,-0.030852505912816325,-0.21001107254397244,,,,1.77,1.62,0.0007999999999999841,1.805911404249943,0.00040000000000000257,1.6302542746455229,0.9796715363978831,0.9934646546791976,0.4506,68.15,4.0000000000062204e-06,0.8954228965876031,36.673559999999995,26.24864620969369,0.5032214406368112,1.1991643206488753,0.0906,-0.063,0.4077,0.1763,-0.0945,0.1384,0.2694,0.6116,0.31329999999999997,2.8376,160.727,-1.2000000000000898e-05,0.8830039469145461,1.1999999999985355e-05,0.883943960950014,-3.999999999990677e-06,1.6958386938031578,119.91799999999999,24.803591900502365,0.6926492255636425,0.35442065768886,1.673274710837192,1.6452858990626062,1.3384727759870865,1.1356571173390084,1.1657341758564144e-16,0.6941392111186644,1.3988810110276973e-16,0.6820810556388106,1.9282483319592671,1.664988505325655
Challenger,Zacer,41,2,Dust Devils,The Storm,Solar,,,,,180.366,0.756,0.537,0.732,2.073,36.469,0.358,0.455,1.138,0,0,0,56,34.0,164.9,15.47,0,0.0,15.47,15.47,1,1,1.32,0.78,0.94,1.61,2.04,186.62464,30.22170492361409,0.6692400000000001,0.17473462736389717,0.4144,0.11884689029727843,2.0374,0.3795164686808729,32.62,5.746559289406721,0.95,0.23954870764279512,0.2990891707317073,0.10817931142150597,0.22922946341463415,0.08634401365578256,0.965105756097561,0.2818743866560187,21.5944,11.742194953812229,1.0,0.0,1.0,0.0,21.5944,11.742194953812229,1.3684,0.25266380825120166,0.6656,0.20203300060468668,1.5604,0.5846258062498895,5.0692,3.5394207624035507,3.8276,2.4646319535919896,-0.20709089761212388,0.49652436559878965,1.0315793681545538,0.09380357095895972,0.6697920975243914,-0.9100445673247894,-0.5445665025427517,-2.6147792652472526,-0.6133733751177182,-0.5215719909344247,0,0,-0.5215719909344247,-0.191558895336051,-0.5662441267396899,-1.0611916090047169,-0.9773350590990277,-0.725300991653024,,,,-1.13,-3.14,0.0007999999999999841,1.805911404249943,0.00040000000000000257,1.6302542746455229,-0.6261658226083687,-1.9263252664574908,-1.4234,14.5418,4.0000000000062204e-06,0.8954228965876031,36.673559999999995,26.24864620969369,-1.5896444076028184,-0.8431581508316677,-0.2861,-0.2176,-0.2867,-0.1127,-0.3264,-0.4372,-0.1722,-0.9031,-0.9358000000000001,-0.7131,132.799,-1.2000000000000898e-05,0.8830039469145461,1.1999999999985355e-05,0.883943960950014,-3.999999999990677e-06,1.6958386938031578,119.91799999999999,24.803591900502365,-1.0227451453140533,-1.0586779720676422,-0.42049754060085837,0.5193199457429843,-0.24331225561867564,-0.3374354181037885,1.1657341758564144e-16,0.6941392111186644,1.3988810110276973e-16,0.6820810556388106,-0.35052371587906317,-0.49471454354902117
Challenger,adammast,46,2,Dust Devils,The Storm,Solar,RSC000387,6.0,2.0,"[2, 3, 4, 5, 6, 9]",205.217,0.957,0.587,0.826,2.565,37.31,0.3482292682926829,0.2967365853658537,1.1426439024390245,4,0,2,56,34.0,197.78,7.44,6,3.26,4.18,4.18,1,1,1.61,0.79,1.05,2.78,2.37,186.62464,30.22170492361409,0.6692400000000001,0.17473462736389717,0.4144,0.11884689029727843,2.0374,0.3795164686808729,32.62,5.746559289406721,0.95,0.23954870764279512,0.2990891707317073,0.10817931142150597,0.22922946341463415,0.08634401365578256,0.965105756097561,0.2818743866560187,21.5944,11.742194953812229,1.0,0.0,1.0,0.0,21.5944,11.742194953812229,1.3684,0.25266380825120166,0.6656,0.20203300060468668,1.5604,0.5846258062498895,5.0692,3.5394207624035507,3.8276,2.4646319535919896,0.6151989124039342,1.646840150353939,1.452288735264893,1.3901900010659283,0.8161405397218487,-0.5176400291205225,-0.4542467216259853,-0.7818390539538984,-0.6298484528788334,-1.483061733219327,0,0,-1.483061733219327,0.9562113453138416,-0.6157409909651873,-0.8730370684010436,-0.6467724957474257,-0.5914067607034279,,,,-2.11,-2.26,0.0007999999999999841,1.805911404249943,0.00040000000000000257,1.6302542746455229,-1.1688281025484124,-1.386532171793565,-0.9945,4.389,4.0000000000062204e-06,0.8954228965876031,36.673559999999995,26.24864620969369,-1.1106528588781774,-1.229951432240998,-0.1999,-0.1774,-0.4182,-0.2104,-0.2661,-0.3054,-0.3214,-1.0059,-0.8929,-0.5269,158.66,-1.2000000000000898e-05,0.8830039469145461,1.1999999999985355e-05,0.883943960950014,-3.999999999990677e-06,1.6958386938031578,119.91799999999999,24.803591900502365,-1.1391659159790215,-1.0101454837027763,-0.31069936187053343,1.5619511946257805,0.1649668978721911,0.08367638973524233,1.1657341758564144e-16,0.6941392111186644,1.3988810110276973e-16,0.6820810556388106,0.2376567916489443,0.12267807329273225
Challenger,cdrch,45,2,Dust Devils,The Storm,Solar,RSC003542,1.0,2.0,[2],163.889,0.711,0.467,0.511,2.022,35.163,0.481,0.259,1.311,1,0,1,56,34.0,143.8,20.09,2,1.11,18.98,18.98,1,1,1.31,0.83,0.62,1.97,1.06,186.62464,30.22170492361409,0.6692400000000001,0.17473462736389717,0.4144,0.11884689029727843,2.0374,0.3795164686808729,32.62,5.746559289406721,0.95,0.23954870764279512,0.2990891707317073,0.10817931142150597,0.22922946341463415,0.08634401365578256,0.965105756097561,0.2818743866560187,21.5944,11.742194953812229,1.0,0.0,1.0,0.0,21.5944,11.742194953812229,1.3684,0.25266380825120166,0.6656,0.20203300060468668,1.5604,0.5846258062498895,5.0692,3.5394207624035507,3.8276,2.4646319535919896,-0.7522950825396758,0.23899098095211413,0.4425862542000778,-0.040577949235055734,0.442525670045343,-1.8326126837412045,-1.6815676387465794,-0.3447898160496513,-1.2271219389810892,-0.2226500249981974,0,0,-0.2226500249981974,-0.23113717949639215,-0.8137284478671764,-1.6085502725790388,-0.8756235011446888,-1.1229262835639457,,,,-1.45,-0.57,0.0007999999999999841,1.805911404249943,0.00040000000000000257,1.6302542746455229,-0.8033616691194034,-0.3498840695412535,-0.6285,11.7676,4.0000000000062204e-06,0.8954228965876031,36.673559999999995,26.24864620969369,-0.7019074477491996,-0.9488474110638956,-0.1263,-0.3369,-0.3226,-0.1446,-0.5053,-0.193,-0.2209,-0.9303999999999999,-0.9191999999999999,-0.4538,126.48299999999999,-1.2000000000000898e-05,0.8830039469145461,1.1999999999985355e-05,0.883943960950014,-3.999999999990677e-06,1.6958386938031578,119.91799999999999,24.803591900502365,-1.0536623344108782,-1.0398985010453397,-0.26759384701990635,0.26467940717356475,-0.31408714618153866,-0.3848973371204301,1.1657341758564144e-16,0.6941392111186644,1.3988810110276973e-16,0.6820810556388106,-0.4524843736681589,-0.5642985301211018
Challenger,Lt_Col_Thorin,5,2,FA,Free Agent,N/A,RSC001459,1.0,2.0,[2],75.0,0.4,0.0,1.0,0.4,100.0,0.733,0.133,1.533,0,0,0,56,34.0,101.0,-26.0,0,0.0,-26.0,-26.0,1,1,0.0,0.8,1.25,7.52,1.36,186.62464,30.22170492361409,0.6692400000000001,0.17473462736389717,0.4144,0.11884689029727843,2.0374,0.3795164686808729,32.62,5.746559289406721,0.95,0.23954870764279512,0.2990891707317073,0.10817931142150597,0.22922946341463415,0.08634401365578256,0.965105756097561,0.2818743866560187,21.5944,11.742194953812229,1.0,0.0,1.0,0.0,21.5944,11.742194953812229,1.3684,0.25266380825120166,0.6656,0.20203300060468668,1.5604,0.5846258062498895,5.0692,3.5394207624035507,3.8276,2.4646319535919896,-3.6935255731644956,-1.5408508551615747,-3.4868392346104966,-4.314437277758436,11.725277093061429,0.20872581819375927,-4.011033381212958,1.114489115577378,-2.01470680127975,-4.053279662551334,0,0,-4.053279662551334,-5.415892404501078,-0.6652378551906847,-0.5309379036670924,0.6924296839847064,-1.0012042554279492,,,,-6.07,-2.94,0.0007999999999999841,1.805911404249943,0.00040000000000000257,1.6302542746455229,-3.361626703122467,-1.8036450176702348,-0.4807,-32.5,4.0000000000062204e-06,0.8954228965876031,36.673559999999995,26.24864620969369,-0.5368457762605031,-2.6353191493149857,-0.0966,-0.3004,-0.896,-0.6051,-0.4505,-0.1476,-0.9244,-1.8981000000000001,-1.5225,-9.4692,144.0,-1.2000000000000898e-05,0.8830039469145461,1.1999999999985355e-05,0.883943960950014,-3.999999999990677e-06,1.6958386938031578,119.91799999999999,24.803591900502365,-2.1495804255829563,-1.7224078304281736,-5.583783430937049,0.9709077659640198,-1.828619960409771,-1.6795443598491138,1.1657341758564144e-16,0.6941392111186644,1.3988810110276973e-16,0.6820810556388106,-2.634370643696665,-2.4623823605188946
Challenger,TheMuffinMan,14,2,FA,Free Agent,N/A,,,,,138.929,0.357,0.286,1.214,1.429,24.983,0.405,0.333,1.214,0,0,2,56,34.0,133.49,5.44,2,3.57,1.87,1.87,1,1,1.07,0.81,1.5,3.65,3.0,186.62464,30.22170492361409,0.6692400000000001,0.17473462736389717,0.4144,0.11884689029727843,2.0374,0.3795164686808729,32.62,5.746559289406721,0.95,0.23954870764279512,0.2990891707317073,0.10817931142150597,0.22922946341463415,0.08634401365578256,0.965105756097561,0.2818743866560187,21.5944,11.742194953812229,1.0,0.0,1.0,0.0,21.5944,11.742194953812229,1.3684,0.25266380825120166,0.6656,0.20203300060468668,1.5604,0.5846258062498895,5.0692,3.5394207624035507,3.8276,2.4646319535919896,-1.5781915719365136,-1.7869383116017312,-1.0803816547393528,-1.6030924879615438,-1.3289691475172174,1.102072320063048,-0.9790303513360846,-1.2018266489099703,-0.8829970216704132,-1.679788155245733,0,0,-1.679788155245733,-1.181015999344579,-0.714734719416182,-0.10331394774965329,-0.40096956402443934,-0.3357905016178354,,,,-2.56,-2.88,0.0007999999999999841,1.805911404249943,0.00040000000000000257,1.6302542746455229,-1.418009761704555,-1.766840943034058,-1.0429,2.805,4.0000000000062204e-06,0.8954228965876031,36.673559999999995,26.24864620969369,-1.1647055307323921,-1.2902974016043636,-0.2096,-0.1007,-0.4387,-0.2552,-0.1511,-0.3203,-0.39,-1.0042,-0.8613999999999999,-2.8608,74.973,-1.2000000000000898e-05,0.8830039469145461,1.1999999999985355e-05,0.883943960950014,-3.999999999990677e-06,1.6958386938031578,119.91799999999999,24.803591900502365,-1.1372406697715267,-0.9745097404978049,-1.686950539844247,-1.8120359414190204,-1.5555804433501588,-1.4470049646725887,1.1657341758564144e-16,0.6941392111186644,1.3988810110276973e-16,0.6820810556388106,-2.2410208477391858,-2.1214560244858
Challenger,mtiptonatc,3,2,FA,Free Agent,N/A,RSC000868,5.0,2.0,"[2, 3, 4, 5, 6]",63.333,0.333,0.0,0.667,0.333,100.0,0.333,0.2967365853658537,0.444,0,0,0,56,34.0,74.65,-11.32,0,0.0,-11.32,-11.32,1,1,0.0,0.11,6.06,2.25,2.0,186.62464,30.22170492361409,0.6692400000000001,0.17473462736389717,0.4144,0.11884689029727843,2.0374,0.3795164686808729,32.62,5.746559289406721,0.95,0.23954870764279512,0.2990891707317073,0.10817931142150597,0.22922946341463415,0.08634401365578256,0.965105756097561,0.2818743866560187,21.5944,11.742194953812229,1.0,0.0,1.0,0.0,21.5944,11.742194953812229,1.3684,0.25266380825120166,0.6656,0.20203300060468668,1.5604,0.5846258062498895,5.0692,3.5394207624035507,3.8276,2.4646319535919896,-4.079572622114532,-1.9242894500799579,-3.4868392346104966,-4.4909777062486125,11.725277093061429,-1.181388130976676,-0.31346871063140497,-0.7818390539538984,1.8487162394555725,-2.8030875087211857,0,0,-2.8030875087211857,-5.415892404501078,2.7500457763686326,7.696547008184433,-0.7965145116246471,-0.7415305954044902,,,,-0.95,-3.58,0.0007999999999999841,1.805911404249943,0.00040000000000000257,1.6302542746455229,-0.5264931589459118,-2.1962218137894536,-1.4544,-68.5992,4.0000000000062204e-06,0.8954228965876031,36.673559999999995,26.24864620969369,-1.6242649205672945,-4.010597695553629,-0.2924,-0.2225,-1.3636,-0.0948,-0.3337,-0.4467,-0.1448,-1.9732999999999998,-0.9252,-8.219,136.63,-1.2000000000000898e-05,0.8830039469145461,1.1999999999985355e-05,0.883943960950014,-3.999999999990677e-06,1.6958386938031578,119.91799999999999,24.803591900502365,-2.2347442578203647,-1.0466862616558106,-4.846567088033438,0.6737733819778547,-1.7765293660586066,-1.3392921882783215,1.1657341758564144e-16,0.6941392111186644,1.3988810110276973e-16,0.6820810556388106,-2.5593272035382912,-1.9635381707295663
Challenger,Fittz,22,2,Foxes,The Pack,Lunar,,,,,170.455,0.682,0.409,0.955,1.455,46.873,0.258,0.182,0.97,1,1,1,56,34.0,157.64,12.82,3,3.41,9.41,9.41,1,1,0.77,0.71,1.35,5.25,3.7,186.62464,30.22170492361409,0.6692400000000001,0.17473462736389717,0.4144,0.11884689029727843,2.0374,0.3795164686808729,32.62,5.746559289406721,0.95,0.23954870764279512,0.2990891707317073,0.10817931142150597,0.22922946341463415,0.08634401365578256,0.965105756097561,0.2818743866560187,21.5944,11.742194953812229,1.0,0.0,1.0,0.0,21.5944,11.742194953812229,1.3684,0.25266380825120166,0.6656,0.20203300060468668,1.5604,0.5846258062498895,5.0692,3.5394207624035507,3.8276,2.4646319535919896,-0.5350340108497865,0.07302502195759056,-0.04543661164791684,-1.534584261980281,2.480266761760234,0.020872581819375926,0.3798246651026364,0.5469917532779778,-0.01736320905386695,-1.0376594876790224,0,0,-1.0376594876790224,-2.3683645241548126,-0.2197660771612082,-0.35988832130011655,0.051081804661512444,-0.05177243596717703,,,,-1.06,-0.49,0.0007999999999999841,1.805911404249943,0.00040000000000000257,1.6302542746455229,-0.58740423118408,-0.30081197002635124,-0.1143,12.7035,4.0000000000062204e-06,0.8954228965876031,36.673559999999995,26.24864620969369,-0.1276536488352095,-0.9131922388876496,-0.023,-0.0155,-0.3105,-0.1057,-0.0233,-0.0351,-0.1615,-0.45470000000000005,-0.2199,-3.406,129.623,-1.2000000000000898e-05,0.8830039469145461,1.1999999999985355e-05,0.883943960950014,-3.999999999990677e-06,1.6958386938031578,119.91799999999999,24.803591900502365,-0.5149331456431225,-0.24878500189497393,-2.0084433811104834,0.39127397511339623,-0.5556980609167025,-0.44068178118368295,1.1657341758564144e-16,0.6941392111186644,1.3988810110276973e-16,0.6820810556388106,-0.8005570813686608,-0.6460841824304264
Challenger,OptimusTitz,42,2,Foxes,The Pack,Lunar,RSC001542,1.0,2.0,[2],135.595,0.19,0.5,0.905,1.31,14.504,0.23,0.238,0.913,0,2,5,56,34.0,108.68,26.91,7,4.17,22.74,22.74,1,1,1.12,0.68,1.33,3.8,3.93,186.62464,30.22170492361409,0.6692400000000001,0.17473462736389717,0.4144,0.11884689029727843,2.0374,0.3795164686808729,32.62,5.746559289406721,0.95,0.23954870764279512,0.2990891707317073,0.10817931142150597,0.22922946341463415,0.08634401365578256,0.965105756097561,0.2818743866560187,21.5944,11.742194953812229,1.0,0.0,1.0,0.0,21.5944,11.742194953812229,1.3684,0.25266380825120166,0.6656,0.20203300060468668,1.5604,0.5846258062498895,5.0692,3.5394207624035507,3.8276,2.4646319535919896,-1.6885096366660433,-2.7426733168460595,0.7202544364929019,-1.9166493684142454,-3.1524950997017047,-0.18785323637438286,0.6386541920433452,-0.10157666077847959,0.18485452586065387,0.09756267925257593,0,0,0.09756267925257593,-0.9831245785428732,-0.07127548448471657,-0.3940982377735117,-0.3585897482101314,0.04154778560375356,,,,0.28,-0.0,0.0007999999999999841,1.805911404249943,0.00040000000000000257,1.6302542746455229,0.1546033760808778,-0.0002453604975745132,-0.1902,30.2442,4.0000000000062204e-06,0.8954228965876031,36.673559999999995,26.24864620969369,-0.2124180660611369,-0.24494063231442456,-0.0382,0.0125,-0.0833,0.0278,0.0187,-0.0584,0.0425,-0.0812,0.002800000000000004,-0.8856,46.604,-1.2000000000000898e-05,0.8830039469145461,1.1999999999985355e-05,0.883943960950014,-3.999999999990677e-06,1.6958386938031578,119.91799999999999,24.803591900502365,-0.09194522887886601,0.0031540460969987625,-0.5222171207887266,-2.9557815776881537,-1.3536531792182436,-1.18815185851823,1.1657341758564144e-16,0.6941392111186644,1.3988810110276973e-16,0.6820810556388106,-1.9501177249974346,-1.7419511195857116
Challenger,pandafan,48,2,Foxes,The Pack,Lunar,RSC001552,1.0,2.0,[2],192.917,0.646,0.208,1.417,2.188,29.525,0.292,0.167,0.854,3,0,7,56,34.0,177.65,15.27,10,5.21,10.06,10.06,1,1,1.54,0.56,2.53,8.49,4.85,186.62464,30.22170492361409,0.6692400000000001,0.17473462736389717,0.4144,0.11884689029727843,2.0374,0.3795164686808729,32.62,5.746559289406721,0.95,0.23954870764279512,0.2990891707317073,0.10817931142150597,0.22922946341463415,0.08634401365578256,0.965105756097561,0.2818743866560187,21.5944,11.742194953812229,1.0,0.0,1.0,0.0,21.5944,11.742194953812229,1.3684,0.25266380825120166,0.6656,0.20203300060468668,1.5604,0.5846258062498895,5.0692,3.5394207624035507,3.8276,2.4646319535919896,0.20820665200404995,-0.13300168575974985,-1.736688267431483,0.39682072433762167,-0.53858314934736,1.94949914192971,0.0655316681032046,0.7207154356145287,0.3941676198949829,-0.9823035680612026,0,0,-0.9823035680612026,0.6791633561914535,0.5226868862212516,1.6584967506301953,0.9664858262505648,0.41482867188747574,,,,-0.59,-0.26,0.0007999999999999841,1.805911404249943,0.00040000000000000257,1.6302542746455229,-0.3271478316209978,-0.15972968392100706,0.4372,25.4518,4.0000000000062204e-06,0.8954228965876031,36.673559999999995,26.24864620969369,0.48825644471023105,-0.42751766740091046,0.0879,0.1244,-0.1454,-0.0589,0.1867,0.1343,-0.09,0.008,0.231,-0.3031,116.00500000000002,-1.2000000000000898e-05,0.8830039469145461,1.1999999999985355e-05,0.883943960950014,-3.999999999990677e-06,1.6958386938031578,119.91799999999999,24.803591900502365,0.009073572126145178,0.26131520798190294,-0.17872926305288175,-0.1577594090282027,-0.10836638583393127,0.004837672809916593,1.1657341758564144e-16,0.6941392111186644,1.3988810110276973e-16,0.6820810556388106,-0.15611621429552974,0.0070925189461326955
Challenger,zcgentry,38,2,Foxes,The Pack,Lunar,RSC001828,13.0,2.0,"[2, 8, 9, 10, 11, 12, 13, 14, 15, 16, 17, 18, 19]",184.605,0.658,0.316,1.053,2.026,32.478,0.272,0.237,0.921,2,0,4,56,34.0,161.88,22.72,6,3.95,18.77,18.77,1,1,1.37,0.65,1.62,4.44,3.87,186.62464,30.22170492361409,0.6692400000000001,0.17473462736389717,0.4144,0.11884689029727843,2.0374,0.3795164686808729,32.62,5.746559289406721,0.95,0.23954870764279512,0.2990891707317073,0.10817931142150597,0.22922946341463415,0.08634401365578256,0.965105756097561,0.2818743866560187,21.5944,11.742194953812229,1.0,0.0,1.0,0.0,21.5944,11.742194953812229,1.3684,0.25266380825120166,0.6656,0.20203300060468668,1.5604,0.5846258062498895,5.0692,3.5394207624035507,3.8276,2.4646319535919896,-0.06682746738162809,-0.06432611652063638,-0.8279560344731487,-0.03003822216101533,-0.02471043851609788,0.4299751854791436,0.25040990163228194,-0.08999508195604283,0.15647308938142282,-0.24053424518241617,0,0,-0.24053424518241617,0.00633252546565476,0.0772151081917756,0.10194555109071764,-0.17776920073575053,0.01720337997655425,,,,-0.08,-0.33,0.0007999999999999841,1.805911404249943,0.00040000000000000257,1.6302542746455229,-0.04474195124403625,-0.20266777099654662,-0.1895,30.4074,4.0000000000062204e-06,0.8954228965876031,36.673559999999995,26.24864620969369,-0.2116363125425842,-0.23872316880425962,-0.0381,0.0052,-0.0812,-0.0081,0.0077,-0.0582,-0.0123,-0.1222,-0.06280000000000001,-0.2342,118.53800000000001,-1.2000000000000898e-05,0.8830039469145461,1.1999999999985355e-05,0.883943960950014,-3.999999999990677e-06,1.6958386938031578,119.91799999999999,24.803591900502365,-0.1383776374125595,-0.07105880324414812,-0.13810039885030714,-0.05563710310731371,-0.10520656927865306,-0.0815969741403659,1.1657341758564144e-16,0.6941392111186644,1.3988810110276973e-16,0.6820810556388106,-0.15156407762803636,-0.11962943914920124
Challenger,Grumpy_Mittens,19,2,Novus,Paradigm,Lunar,RSC003545,2.0,1.0,"[1, 2]",170.263,0.579,0.263,1.053,1.947,29.738,0.14,0.2967365853658537,0.351,0,0,0,56,34.0,150.54,19.72,0,0.0,19.72,19.72,1,1,1.37,0.21,5.01,3.55,7.52,186.62464,30.22170492361409,0.6692400000000001,0.17473462736389717,0.4144,0.11884689029727843,2.0374,0.3795164686808729,32.62,5.746559289406721,0.95,0.23954870764279512,0.2990891707317073,0.10817931142150597,0.22922946341463415,0.08634401365578256,0.965105756097561,0.2818743866560187,21.5944,11.742194953812229,1.0,0.0,1.0,0.0,21.5944,11.742194953812229,1.3684,0.25266380825120166,0.6656,0.20203300060468668,1.5604,0.5846258062498895,5.0692,3.5394207624035507,3.8276,2.4646319535919896,-0.541387060768224,-0.5164402806781334,-1.273907963610109,-0.23819783187331245,-0.5015174915732119,0.4299751854791436,1.4706062429241946,-0.7818390539538984,2.1786504385266334,-0.15962943958714101,0,0,-0.15962943958714101,0.00633252546565476,2.2550771341136593,5.900526393331191,-0.42922277456731134,1.498154722297844,,,,2.02,-0.94,0.0007999999999999841,1.805911404249943,0.00040000000000000257,1.6302542746455229,1.1181057914846289,-0.5768425297976767,-0.4986,98.7972,4.0000000000062204e-06,0.8954228965876031,36.673559999999995,26.24864620969369,-0.5568363305206362,2.3667369167807824,-0.1002,0.4494,0.8047,0.2013,0.6742,-0.1531,0.3075,1.3552,0.8286,-0.1533,107.108,-1.2000000000000898e-05,0.8830039469145461,1.1999999999985355e-05,0.883943960950014,-3.999999999990677e-06,1.6958386938031578,119.91799999999999,24.803591900502365,1.5347745666771662,0.9373761647847896,-0.09039538993901128,-0.5164574571048534,0.2754858688779904,0.16733088777080596,1.1657341758564144e-16,0.6941392111186644,1.3988810110276973e-16,0.6820810556388106,0.39687409163072834,0.24532405113361522
Challenger,Ignite,53,2,Novus,Paradigm,Lunar,RSC000292,9.0,1.0,"[1, 2, 3, 4, 5, 6, 7, 8, 11]",138.113,0.415,0.208,0.925,1.245,33.333,0.447,0.252,1.415,0,1,6,56,34.0,117.08,21.03,7,3.3,17.73,17.73,1,1,0.83,0.97,0.95,3.67,2.07,186.62464,30.22170492361409,0.6692400000000001,0.17473462736389717,0.4144,0.11884689029727843,2.0374,0.3795164686808729,32.62,5.746559289406721,0.95,0.23954870764279512,0.2990891707317073,0.10817931142150597,0.22922946341463415,0.08634401365578256,0.965105756097561,0.2818743866560187,21.5944,11.742194953812229,1.0,0.0,1.0,0.0,21.5944,11.742194953812229,1.3684,0.25266380825120166,0.6656,0.20203300060468668,1.5604,0.5846258062498895,5.0692,3.5394207624035507,3.8276,2.4646319535919896,-1.605192034089872,-1.4550063936126831,-1.736688267431483,-2.087919933367402,0.12407424409843887,-0.10436290909687916,-1.3672746417471475,-0.2637187642925941,-1.596080613211093,-0.3291037165709279,0,0,-0.3291037165709279,-2.130894819192766,-1.5066845470241392,-1.0440866507680193,-0.39531892191586493,-0.7131287888394244,,,,-1.93,-0.59,0.0007999999999999841,1.805911404249943,0.00040000000000000257,1.6302542746455229,-1.0691554388859554,-0.3621520944199791,-0.3797,16.8435,4.0000000000062204e-06,0.8954228965876031,36.673559999999995,26.24864620969369,-0.4240499114407579,-0.7554698189606711,-0.0763,-0.2139,-0.2569,-0.1924,-0.3209,-0.1166,-0.294,-0.7395,-0.7315,-2.46,87.283,-1.2000000000000898e-05,0.8830039469145461,1.1999999999985355e-05,0.883943960950014,-3.999999999990677e-06,1.6958386938031578,119.91799999999999,24.803591900502365,-0.8374685102869251,-0.8275547232811132,-1.4506073065729568,-1.3157368550052224,-1.1943233231714725,-1.152832910691835,1.1657341758564144e-16,0.6941392111186644,1.3988810110276973e-16,0.6820810556388106,-1.7205818430091553,-1.690169960243415
Challenger,Mootsmcboots,36,2,Novus,Paradigm,Lunar,RSC001495,2.0,1.0,"[1, 2]",152.083,0.361,0.306,0.806,1.806,19.989,0.213,0.139,0.63,0,0,3,56,34.0,115.4,36.68,3,2.08,34.6,34.6,1,1,1.44,0.42,1.92,5.8,3.78,186.62464,30.22170492361409,0.6692400000000001,0.17473462736389717,0.4144,0.11884689029727843,2.0374,0.3795164686808729,32.62,5.746559289406721,0.95,0.23954870764279512,0.2990891707317073,0.10817931142150597,0.22922946341463415,0.08634401365578256,0.965105756097561,0.2818743866560187,21.5944,11.742194953812229,1.0,0.0,1.0,0.0,21.5944,11.742194953812229,1.3684,0.25266380825120166,0.6656,0.20203300060468668,1.5604,0.5846258062498895,5.0692,3.5394207624035507,3.8276,2.4646319535919896,-1.1429414749202478,-1.7640464551886934,-0.9120979078952167,-0.6097232112332365,-2.198010907724234,-0.6011303563980257,0.7958006905430612,1.0449996426427575,1.1888478413134513,1.1075953048946436,0,0,1.1075953048946436,0.283380514588042,1.2156429853782147,0.6150942981916442,0.20647446264730832,-0.0193132284642448,,,,2.3,2.15,0.0007999999999999841,1.805911404249943,0.00040000000000000257,1.6302542746455229,1.273152157181784,1.3185673139654255,0.7292,66.432,4.0000000000062204e-06,0.8954228965876031,36.673559999999995,26.24864620969369,0.8143593410207817,1.1337133260994674,0.1466,-0.0058,0.3855,0.2292,-0.0087,0.2239,0.3501,0.7555,0.5653,1.391,74.149,-1.2000000000000898e-05,0.8830039469145461,1.1999999999985355e-05,0.883943960950014,-3.999999999990677e-06,1.6958386938031578,119.91799999999999,24.803591900502365,0.8556156545392154,0.6395066033286315,0.820245466200843,-1.8452569363178806,-0.23428333265498358,-0.21163094385478198,1.1657341758564144e-16,0.6941392111186644,1.3988810110276973e-16,0.6820810556388106,-0.3375163496057457,-0.3102724259898654
Challenger,XxXGu5XxX,36,2,Novus,Paradigm,Lunar,,,,,239.306,0.833,0.361,1.333,2.556,32.59,0.481,0.315,1.324,2,0,4,56,34.0,202.89,36.42,6,4.17,32.25,32.25,1,1,1.72,0.84,1.59,4.23,2.77,186.62464,30.22170492361409,0.6692400000000001,0.17473462736389717,0.4144,0.11884689029727843,2.0374,0.3795164686808729,32.62,5.746559289406721,0.95,0.23954870764279512,0.2990891707317073,0.10817931142150597,0.22922946341463415,0.08634401365578256,0.965105756097561,0.2818743866560187,21.5944,11.742194953812229,1.0,0.0,1.0,0.0,21.5944,11.742194953812229,1.3684,0.25266380825120166,0.6656,0.20203300060468668,1.5604,0.5846258062498895,5.0692,3.5394207624035507,3.8276,2.4646319535919896,1.7431630721414662,0.9371926015497671,-0.44931760407384297,1.3664756151493378,-0.00522051517945641,1.5988397673641945,-1.6815676387465794,-0.9933582301061087,-1.27324177325984,0.9074623647379101,0,0,0.9074623647379101,1.3915724710775934,-0.8632253120926737,0.050630676380624906,-0.23710094287578168,-0.42911072318876603,,,,-0.37,-0.09,0.0007999999999999841,1.805911404249943,0.00040000000000000257,1.6302542746455229,-0.20532568714466143,-0.05545147245183962,-0.1517,51.2775,4.0000000000062204e-06,0.8954228965876031,36.673559999999995,26.24864620969369,-0.16942162254073895,0.5563692650406762,-0.0305,-0.1287,0.1892,-0.037,-0.1931,-0.0466,-0.0565,-0.006999999999999999,-0.2962,2.299,141.45,-1.2000000000000898e-05,0.8830039469145461,1.1999999999985355e-05,0.883943960950014,-3.999999999990677e-06,1.6958386938031578,119.91799999999999,24.803591900502365,-0.007913894410571951,-0.33510269099146034,1.3556737491607525,0.868100075439634,0.710660357293768,0.5038366505602647,1.1657341758564144e-16,0.6941392111186644,1.3988810110276973e-16,0.6820810556388106,1.0238009118494809,0.7386756257119482
Challenger,Dravaco,44,2,Sneks,The Snake Pit,Solar,RSC000097,7.0,1.0,"[1, 2, 3, 4, 6, 8, 13]",220.227,0.614,0.432,1.273,2.182,28.139,0.098,0.068,0.614,0,0,6,56,34.0,177.38,42.85,6,3.41,39.44,39.44,1,1,1.57,0.52,2.45,18.72,12.99,186.62464,30.22170492361409,0.6692400000000001,0.17473462736389717,0.4144,0.11884689029727843,2.0374,0.3795164686808729,32.62,5.746559289406721,0.95,0.23954870764279512,0.2990891707317073,0.10817931142150597,0.22922946341463415,0.08634401365578256,0.965105756097561,0.2818743866560187,21.5944,11.742194953812229,1.0,0.0,1.0,0.0,21.5944,11.742194953812229,1.3684,0.25266380825120166,0.6656,0.20203300060468668,1.5604,0.5846258062498895,5.0692,3.5394207624035507,3.8276,2.4646319535919896,1.1118618252984265,-0.3161365370640524,0.14808969722283966,0.3810111337265605,-0.7797709506382939,1.3483687855316835,1.8588505333352578,1.867291739035766,1.2456107142719135,1.519783998664256,0,0,1.519783998664256,0.797898208672477,0.7206743431232411,1.5216570847366153,3.8567892647863684,3.7175530353108455,,,,2.77,3.39,0.0007999999999999841,1.805911404249943,0.00040000000000000257,1.6302542746455229,1.5334085567448665,2.0791848564464117,3.0213,96.628,4.0000000000062204e-06,0.8954228965876031,36.673559999999995,26.24864620969369,3.374155397984525,2.2840964642915065,0.6073,1.1153,0.7766,0.276,1.6729,0.9279,0.4217,2.7752,3.0225,2.3177,111.359,-1.2000000000000898e-05,0.8830039469145461,1.1999999999985355e-05,0.883943960950014,-3.999999999990677e-06,1.6958386938031578,119.91799999999999,24.803591900502365,3.142921398819721,3.4193208320034194,1.366700741331843,-0.3450709894894959,1.2681448659743073,1.5715109545047916,1.1657341758564144e-16,0.6941392111186644,1.3988810110276973e-16,0.6820810556388106,1.8269316091949104,2.3039944322056787
Challenger,Gringo,34,2,Sneks,The Snake Pit,Solar,RSC001355,1.0,2.0,[2],214.706,0.647,0.324,1.324,2.294,28.204,0.176,0.127,0.725,1,0,7,56,34.0,179.31,35.4,8,5.88,29.52,29.52,1,1,1.65,0.55,2.41,10.43,7.52,186.62464,30.22170492361409,0.6692400000000001,0.17473462736389717,0.4144,0.11884689029727843,2.0374,0.3795164686808729,32.62,5.746559289406721,0.95,0.23954870764279512,0.2990891707317073,0.10817931142150597,0.22922946341463415,0.08634401365578256,0.965105756097561,0.2818743866560187,21.5944,11.742194953812229,1.0,0.0,1.0,0.0,21.5944,11.742194953812229,1.3684,0.25266380825120166,0.6656,0.20203300060468668,1.5604,0.5846258062498895,5.0692,3.5394207624035507,3.8276,2.4646319535919896,0.9291785513416976,-0.1272787216564904,-0.7606425357354942,0.6761234917996918,-0.768459834416136,1.5612691200893183,1.137825422571855,1.1839785885119984,0.8518182831225831,0.6749675023430665,0,0,0.6749675023430665,1.1145244819552054,0.572183750446749,1.453237251789825,1.5145981107822812,1.498154722297844,,,,1.53,1.86,0.0007999999999999841,1.805911404249943,0.00040000000000000257,1.6302542746455229,0.8467746515146071,1.1406809532239046,1.3389,71.1432,4.0000000000062204e-06,0.8954228965876031,36.673559999999995,26.24864620969369,1.4952666556801744,1.3131968683120228,0.2691,0.4494,0.4465,0.1524,0.6742,0.4112,0.2329,1.3174000000000001,1.3182999999999998,1.7895,115.844,-1.2000000000000898e-05,0.8830039469145461,1.1999999999985355e-05,0.883943960950014,-3.999999999990677e-06,1.6958386938031578,119.91799999999999,24.803591900502365,1.4919661510046391,1.4913705599427105,1.0552324384029619,-0.16425040439072391,0.7115614264440411,0.7906738636131344,1.1657341758564144e-16,0.6941392111186644,1.3988810110276973e-16,0.6820810556388106,1.0250990219919995,1.1592080692999454
Challenger,Rakkety_Tam,49,2,Sneks,The Snake Pit,Solar,RSC001598,1.0,2.0,[2],143.265,0.592,0.245,1.143,1.49,39.732,0.401,0.184,1.442,0,0,9,56,34.0,151.5,-8.24,9,4.59,-12.83,-12.83,1,1,0.9,1.04,1.1,6.21,2.85,186.62464,30.22170492361409,0.6692400000000001,0.17473462736389717,0.4144,0.11884689029727843,2.0374,0.3795164686808729,32.62,5.746559289406721,0.95,0.23954870764279512,0.2990891707317073,0.10817931142150597,0.22922946341463415,0.08634401365578256,0.965105756097561,0.2818743866560187,21.5944,11.742194953812229,1.0,0.0,1.0,0.0,21.5944,11.742194953812229,1.3684,0.25266380825120166,0.6656,0.20203300060468668,1.5604,0.5846258062498895,5.0692,3.5394207624035507,3.8276,2.4646319535919896,-1.4347185279451404,-0.44204174733576046,-1.4253633357698314,-1.442361650082428,1.237610131876713,0.8056816582279103,-0.9420547046302691,0.5238285956331042,-1.6918679613284973,-2.931683568141044,0,0,-2.931683568141044,-1.853846830070378,-1.853162596602621,-0.7875122772175557,0.3223126258730835,-0.3966515156858336,,,,-4.62,-2.41,0.0007999999999999841,1.805911404249943,0.00040000000000000257,1.6302542746455229,-2.558708023619341,-1.478542358384007,-0.5241,-14.113,4.0000000000062204e-06,0.8954228965876031,36.673559999999995,26.24864620969369,-0.5853144944107699,-1.9348258799436442,-0.1054,-0.119,-0.6578,-0.4606,-0.1785,-0.161,-0.7036,-1.3428,-1.0431,-4.7855,113.832,-1.2000000000000898e-05,0.8830039469145461,1.1999999999985355e-05,0.883943960950014,-3.999999999990677e-06,1.6958386938031578,119.91799999999999,24.803591900502365,-1.520704414393688,-1.1800657576515605,-2.821905183250566,-0.24536768805153314,-1.3618939314481833,-1.2376159147393118,1.1657341758564144e-16,0.6941392111186644,1.3988810110276973e-16,0.6820810556388106,-1.9619896263364456,-1.8144704423438487
Challenger,WrathofMcGrath,40,2,Sneks,The Snake Pit,Solar,,,,,174.75,0.675,0.375,0.975,1.65,40.909,0.233,0.242,0.85,0,0,1,56,34.0,158.32,16.43,1,0.62,15.81,15.81,1,1,0.97,0.62,1.57,4.03,4.18,186.62464,30.22170492361409,0.6692400000000001,0.17473462736389717,0.4144,0.11884689029727843,2.0374,0.3795164686808729,32.62,5.746559289406721,0.95,0.23954870764279512,0.2990891707317073,0.10817931142150597,0.22922946341463415,0.08634401365578256,0.965105756097561,0.2818743866560187,21.5944,11.742194953812229,1.0,0.0,1.0,0.0,21.5944,11.742194953812229,1.3684,0.25266380825120166,0.6656,0.20203300060468668,1.5604,0.5846258062498895,5.0692,3.5394207624035507,3.8276,2.4646319535919896,-0.39291760772641277,0.03296427323477436,-0.3315189812829477,-1.020772567120812,1.4424283440840935,0.10436290909687963,0.6109224570139834,-0.14790297606822658,0.4083583381345984,-0.49261658682664206,0,0,-0.49261658682664206,-1.5767988409479905,0.22570570086826777,0.01642075990722975,-0.2936073639615257,0.14298280905041708,,,,-0.08,-0.64,0.0007999999999999841,1.805911404249943,0.00040000000000000257,1.6302542746455229,-0.04474195124403625,-0.3928221566167931,-0.3402,24.8217,4.0000000000062204e-06,0.8954228965876031,36.673559999999995,26.24864620969369,-0.3799366771795704,-0.4515227149361735,-0.0684,0.0429,-0.1535,-0.0081,0.0643,-0.1045,-0.0123,-0.1871,-0.0525,-2.0694,124.90899999999999,-1.2000000000000898e-05,0.8830039469145461,1.1999999999985355e-05,0.883943960950014,-3.999999999990677e-06,1.6958386938031578,119.91799999999999,24.803591900502365,-0.21187674262808892,-0.059406480862839985,-1.2202787963040795,0.20122085623812064,-0.31890625757412255,-0.24418999521239165,1.1657341758564144e-16,0.6941392111186644,1.3988810110276973e-16,0.6820810556388106,-0.4594269455836937,-0.35800729721732694
Challenger,3dgE,23,2,Spartans,The Sovereign,Lunar,,,,,201.522,0.913,0.348,0.783,2.304,39.627,0.507,0.246,1.188,2,1,1,56,34.0,176.37,25.15,4,4.35,20.8,20.8,1,1,1.39,0.68,1.15,3.18,1.54,186.62464,30.22170492361409,0.6692400000000001,0.17473462736389717,0.4144,0.11884689029727843,2.0374,0.3795164686808729,32.62,5.746559289406721,0.95,0.23954870764279512,0.2990891707317073,0.10817931142150597,0.22922946341463415,0.08634401365578256,0.965105756097561,0.2818743866560187,21.5944,11.742194953812229,1.0,0.0,1.0,0.0,21.5944,11.742194953812229,1.3684,0.25266380825120166,0.6656,0.20203300060468668,1.5604,0.5846258062498895,5.0692,3.5394207624035507,3.8276,2.4646319535919896,0.49293579027567574,1.3950297298105236,-0.5587020395225314,0.7024728094847922,1.2193383287486124,-0.697144232767155,-1.9219093423343807,-0.1942292913579736,-0.7907573531129123,-0.06765345006830167,0,0,-0.06765345006830167,0.08548909378633619,-0.07127548448471657,-0.7019874860340681,-0.5337596535759376,-0.9281710385463514,,,,-0.86,-0.26,0.0007999999999999841,1.805911404249943,0.00040000000000000257,1.6302542746455229,-0.4766568271146833,-0.15972968392100706,-0.358,23.92,4.0000000000062204e-06,0.8954228965876031,36.673559999999995,26.24864620969369,-0.3998155523656245,-0.4858749627738924,-0.072,-0.2785,-0.1652,-0.0858,-0.4177,-0.1099,-0.1311,-0.6015,-0.6587000000000001,0.0178,153.967,-1.2000000000000898e-05,0.8830039469145461,1.1999999999985355e-05,0.883943960950014,-3.999999999990677e-06,1.6958386938031578,119.91799999999999,24.803591900502365,-0.6811838181491275,-0.7451965612074015,0.010498640032839448,1.37274472731953,0.32714186374746657,0.1986291509599516,1.1657341758564144e-16,0.6941392111186644,1.3988810110276973e-16,0.6820810556388106,0.4712914333426713,0.29121047904478614
Challenger,Creation,41,2,Spartans,The Sovereign,Lunar,,,,,171.341,0.61,0.488,0.659,1.78,34.27,0.333,0.22,0.618,1,0,1,56,34.0,140.76,30.58,2,1.22,29.36,29.36,1,1,1.17,0.28,2.35,3.0,1.98,186.62464,30.22170492361409,0.6692400000000001,0.17473462736389717,0.4144,0.11884689029727843,2.0374,0.3795164686808729,32.62,5.746559289406721,0.95,0.23954870764279512,0.2990891707317073,0.10817931142150597,0.22922946341463415,0.08634401365578256,0.965105756097561,0.2818743866560187,21.5944,11.742194953812229,1.0,0.0,1.0,0.0,21.5944,11.742194953812229,1.3684,0.25266380825120166,0.6656,0.20203300060468668,1.5604,0.5846258062498895,5.0692,3.5394207624035507,3.8276,2.4646319535919896,-0.5057173325803316,-0.33902839347709024,0.6192841883864203,-0.6782314372144991,0.2871283348701607,-1.2147842618876774,-0.31346871063140497,0.10689175802538159,1.231419996032298,0.661341429821757,0,0,0.661341429821757,-0.7852331577411683,1.9085990845351775,1.3506075023696396,-0.5846154325531072,-0.7496453972802233,,,,1.89,0.77,0.0007999999999999841,1.805911404249943,0.00040000000000000257,1.6302542746455229,1.046119978839521,0.4720735973333604,-0.088,68.996,4.0000000000062204e-06,0.8954228965876031,36.673559999999995,26.24864620969369,-0.09828205235244415,1.231394554286127,-0.0177,-0.2249,0.4187,0.1883,-0.3373,-0.027,0.2877,0.36440000000000006,-0.0766,-0.1239,113.07,-1.2000000000000898e-05,0.8830039469145461,1.1999999999985355e-05,0.883943960950014,-3.999999999990677e-06,1.6958386938031578,119.91799999999999,24.803591900502365,0.41269577703854426,-0.08667065264823083,-0.07305883540264418,-0.27608904498470244,0.006028102870124688,-0.1515944377504198,1.1657341758564144e-16,0.6941392111186644,1.3988810110276973e-16,0.6820810556388106,0.008684285188859697,-0.22225281951049422
Challenger,MoatsArt,44,2,Spartans,The Sovereign,Lunar,RSC001492,5.0,2.0,"[2, 7, 10, 11, 12]",187.273,0.682,0.295,0.773,2.25,30.311,0.295,0.189,0.811,2,1,2,56,34.0,149.51,37.76,5,2.84,34.92,34.92,1,1,1.57,0.52,1.49,4.09,2.62,186.62464,30.22170492361409,0.6692400000000001,0.17473462736389717,0.4144,0.11884689029727843,2.0374,0.3795164686808729,32.62,5.746559289406721,0.95,0.23954870764279512,0.2990891707317073,0.10817931142150597,0.22922946341463415,0.08634401365578256,0.965105756097561,0.2818743866560187,21.5944,11.742194953812229,1.0,0.0,1.0,0.0,21.5944,11.742194953812229,1.3684,0.25266380825120166,0.6656,0.20203300060468668,1.5604,0.5846258062498895,5.0692,3.5394207624035507,3.8276,2.4646319535919896,0.021453455443322552,0.07302502195759056,-1.0046539686594915,0.5601864939852473,-0.4018056516455746,-0.7388893964059069,0.03779993307384292,0.4659207015209205,0.5467178409708493,1.1348474499372627,0,0,1.1348474499372627,0.797898208672477,0.7206743431232411,-0.12041890598635087,-0.27665543763580264,-0.4899717372567642,,,,1.68,1.6,0.0007999999999999841,1.805911404249943,0.00040000000000000257,1.6302542746455229,0.9298352045666546,0.9811966298004721,0.3145,52.0308,4.0000000000062204e-06,0.8954228965876031,36.673559999999995,26.24864620969369,0.3512262208153525,0.5850678879708675,0.0632,-0.147,0.1989,0.1674,-0.2205,0.0966,0.2557,0.2825,0.13179999999999997,1.9327,121.011,-1.2000000000000898e-05,0.8830039469145461,1.1999999999985355e-05,0.883943960950014,-3.999999999990677e-06,1.6958386938031578,119.91799999999999,24.803591900502365,0.31994420974806864,0.14909089922211985,1.1396744319270355,0.04406619833064848,0.4309201651694217,0.34902205475036996,1.1657341758564144e-16,0.6941392111186644,1.3988810110276973e-16,0.6820810556388106,0.6207979008633687,0.5117017279177902
Challenger,intrude_N313,28,2,Spartans,The Sovereign,Lunar,RSC000778,5.0,1.0,"[1, 2, 3, 5, 6]",177.5,0.536,0.5,1.179,1.286,41.68,0.153,0.306,0.819,0,0,2,56,34.0,158.66,18.84,2,1.79,17.05,17.05,1,1,0.75,0.67,1.76,3.85,7.71,186.62464,30.22170492361409,0.6692400000000001,0.17473462736389717,0.4144,0.11884689029727843,2.0374,0.3795164686808729,32.62,5.746559289406721,0.95,0.23954870764279512,0.2990891707317073,0.10817931142150597,0.22922946341463415,0.08634401365578256,0.965105756097561,0.2818743866560187,21.5944,11.742194953812229,1.0,0.0,1.0,0.0,21.5944,11.742194953812229,1.3684,0.25266380825120166,0.6656,0.20203300060468668,1.5604,0.5846258062498895,5.0692,3.5394207624035507,3.8276,2.4646319535919896,-0.3019234031654631,-0.7625277371182894,0.7202544364929019,-1.979887730858488,1.57659558419615,0.9559642473274169,1.3504353911302942,-0.889124020704178,0.5183364044916187,-0.38701452478649334,0,0,-0.38701452478649334,-2.447521092475495,-0.021778620259219183,0.3414149664044833,-0.34446314293869534,1.5752453401173085,,,,0.13,-1.28,0.0007999999999999841,1.805911404249943,0.00040000000000000257,1.6302542746455229,0.07154282302883026,-0.7853989527360117,-0.5517,30.008,4.0000000000062204e-06,0.8954228965876031,36.673559999999995,26.24864620969369,-0.6161379188565617,-0.25393919163489614,-0.1109,0.4726,-0.0863,0.0129,0.7089,-0.1694,0.0197,0.28830000000000006,0.5592,-2.8345,108.14000000000001,-1.2000000000000898e-05,0.8830039469145461,1.1999999999985355e-05,0.883943960950014,-3.999999999990677e-06,1.6958386938031578,119.91799999999999,24.803591900502365,0.3265126968089327,0.632605713374653,-1.6714419893576329,-0.4748505799985134,-0.5334803791790185,-0.31905000089543545,1.1657341758564144e-16,0.6941392111186644,1.3988810110276973e-16,0.6820810556388106,-0.7685495512049659,-0.4677596573865049
Challenger,Laprius_,48,2,Tens,House of Cards,Lunar,,,,,181.771,0.625,0.312,0.875,1.854,33.711,0.292,0.201,0.799,0,0,4,56,34.0,146.51,35.26,4,2.08,33.18,33.18,1,1,1.23,0.51,1.72,4.35,3.0,186.62464,30.22170492361409,0.6692400000000001,0.17473462736389717,0.4144,0.11884689029727843,2.0374,0.3795164686808729,32.62,5.746559289406721,0.95,0.23954870764279512,0.2990891707317073,0.10817931142150597,0.22922946341463415,0.08634401365578256,0.965105756097561,0.2818743866560187,21.5944,11.742194953812229,1.0,0.0,1.0,0.0,21.5944,11.742194953812229,1.3684,0.25266380825120166,0.6656,0.20203300060468668,1.5604,0.5846258062498895,5.0692,3.5394207624035507,3.8276,2.4646319535919896,-0.16060113128189413,-0.25318393192819844,-0.8616127838419759,-0.4832464863447516,0.18985273535960276,-0.3130887272906384,0.0655316681032046,0.32694175565167954,0.589289995689696,0.9866639112680216,0,0,0.9866639112680216,-0.5477634527791214,0.7701712073487386,0.27299513345769305,-0.20319709022433552,-0.3357905016178354,,,,1.58,1.31,0.0007999999999999841,1.805911404249943,0.00040000000000000257,1.6302542746455229,0.8744615025319563,0.8033102690589511,0.2699,57.0696,4.0000000000062204e-06,0.8954228965876031,36.673559999999995,26.24864620969369,0.3014173537761382,0.7770320738472104,0.0543,-0.1007,0.2642,0.1574,-0.1511,0.0829,0.2405,0.3752,0.17229999999999998,0.4389,114.75099999999999,-1.2000000000000898e-05,0.8830039469145461,1.1999999999985355e-05,0.883943960950014,-3.999999999990677e-06,1.6958386938031578,119.91799999999999,24.803591900502365,0.4249267529449805,0.19490828334279742,0.25881235143638326,-0.2083166027213724,0.12677852227111808,0.0650843007021569,1.1657341758564144e-16,0.6941392111186644,1.3988810110276973e-16,0.6820810556388106,0.18264134951662447,0.0954201852757827
Challenger,MuellCity,36,2,Tens,House of Cards,Lunar,RSC001505,1.0,2.0,[2],186.25,0.583,0.583,0.944,1.889,30.863,0.157,0.167,0.528,0,0,2,56,34.0,160.15,26.1,2,1.39,24.71,24.71,1,1,1.31,0.37,2.55,5.65,6.01,186.62464,30.22170492361409,0.6692400000000001,0.17473462736389717,0.4144,0.11884689029727843,2.0374,0.3795164686808729,32.62,5.746559289406721,0.95,0.23954870764279512,0.2990891707317073,0.10817931142150597,0.22922946341463415,0.08634401365578256,0.965105756097561,0.2818743866560187,21.5944,11.742194953812229,1.0,0.0,1.0,0.0,21.5944,11.742194953812229,1.3684,0.25266380825120166,0.6656,0.20203300060468668,1.5604,0.5846258062498895,5.0692,3.5394207624035507,3.8276,2.4646319535919896,-0.012396388653350592,-0.49354842426509554,1.4186319858960657,-0.3910238744468983,-0.30574817234355756,-0.025047098183251112,1.3134597444244787,0.7207154356145287,1.5507111564236469,0.2653336971711995,0,0,0.2653336971711995,-0.23113717949639215,1.4631273065057016,1.6927066671035904,0.16409464683300048,0.8854871806799953,,,,1.82,0.99,0.0007999999999999841,1.805911404249943,0.00040000000000000257,1.6302542746455229,1.0073583874152323,0.6070218709993418,0.3723,63.0105,4.0000000000062204e-06,0.8954228965876031,36.673559999999995,26.24864620969369,0.41577672563298884,1.0033637464424245,0.0748,0.2656,0.3411,0.1813,0.3985,0.1143,0.277,0.8628,0.7898000000000001,0.0342,108.053,-1.2000000000000898e-05,0.8830039469145461,1.1999999999985355e-05,0.883943960950014,-3.999999999990677e-06,1.6958386938031578,119.91799999999999,24.803591900502365,0.9771326651651987,0.8934819795037455,0.020169371134758512,-0.47835813649875786,0.1365562551113972,0.19002451173428747,1.1657341758564144e-16,0.6941392111186644,1.3988810110276973e-16,0.6820810556388106,0.1967274761662363,0.278595205310779
Challenger,cthulu33,36,2,Tens,House of Cards,Lunar,,,,,145.694,0.583,0.361,0.75,1.722,33.856,0.5,0.444,1.611,0,0,2,56,34.0,136.32,9.37,2,1.39,7.98,7.98,1,1,1.14,1.11,0.68,1.69,1.5,186.62464,30.22170492361409,0.6692400000000001,0.17473462736389717,0.4144,0.11884689029727843,2.0374,0.3795164686808729,32.62,5.746559289406721,0.95,0.23954870764279512,0.2990891707317073,0.10817931142150597,0.22922946341463415,0.08634401365578256,0.965105756097561,0.2818743866560187,21.5944,11.742194953812229,1.0,0.0,1.0,0.0,21.5944,11.742194953812229,1.3684,0.25266380825120166,0.6656,0.20203300060468668,1.5604,0.5846258062498895,5.0692,3.5394207624035507,3.8276,2.4646319535919896,-1.354345828716578,-0.49354842426509554,-0.44931760407384297,-0.831057479788085,0.21508522539364763,-0.8349032727750361,-1.8572019605992034,-2.4873818982004483,-2.291425806952253,-1.1594425108382262,0,0,-1.1594425108382262,-0.9039680102221918,-2.199640646181103,-1.5059205231588533,-0.9547324906647302,-0.9444006422978176,,,,-3.45,-3.65,0.0007999999999999841,1.805911404249943,0.00040000000000000257,1.6302542746455229,-1.9108357098133704,-2.2391599008649927,-1.5584,5.4264,4.0000000000062204e-06,0.8954228965876031,36.673559999999995,26.24864620969369,-1.7404111576094086,-1.1904293939723392,-0.3133,-0.2833,-0.4047,-0.344,-0.425,-0.4786,-0.5255,-1.3453,-1.4291,-2.0634,109.376,-1.2000000000000898e-05,0.8830039469145461,1.1999999999985355e-05,0.883943960950014,-3.999999999990677e-06,1.6958386938031578,119.91799999999999,24.803591900502365,-1.5235356588164743,-1.6167450235918457,-1.216740723949719,-0.42501908765022345,-1.00129439793595,-1.0917226547387513,1.1657341758564144e-16,0.6941392111186644,1.3988810110276973e-16,0.6820810556388106,-1.4424979627966545,-1.6005761275927632
Challenger,ryryboltwrap,48,2,Tens,House of Cards,Lunar,RSC000096,8.0,2.0,"[2, 3, 4, 6, 7, 9, 10, 11]",219.583,0.771,0.438,1.292,2.417,31.899,0.389,0.174,1.042,2,0,8,56,34.0,196.81,22.77,10,5.21,17.56,17.56,1,1,1.65,0.65,1.99,7.43,3.32,186.62464,30.22170492361409,0.6692400000000001,0.17473462736389717,0.4144,0.11884689029727843,2.0374,0.3795164686808729,32.62,5.746559289406721,0.95,0.23954870764279512,0.2990891707317073,0.10817931142150597,0.22922946341463415,0.08634401365578256,0.965105756097561,0.2818743866560187,21.5944,11.742194953812229,1.0,0.0,1.0,0.0,21.5944,11.742194953812229,1.3684,0.25266380825120166,0.6656,0.20203300060468668,1.5604,0.5846258062498895,5.0692,3.5394207624035507,3.8276,2.4646319535919896,1.0905526370303347,0.5823688271476815,0.1985748212760805,1.0002200993264334,-0.12546638147962674,1.4276845964453124,-0.8311277645128224,0.6396443838574718,-0.2727961373669464,-0.34358141862481945,0,0,-0.34358141862481945,1.1145244819552054,0.0772151081917756,0.7348290058485273,0.6670017944961216,-0.20595367160610598,,,,-0.62,0.3,0.0007999999999999841,1.805911404249943,0.00040000000000000257,1.6302542746455229,-0.3437599422314073,0.18377501268330917,0.4399,34.9444,4.0000000000062204e-06,0.8954228965876031,36.673559999999995,26.24864620969369,0.4912717797103629,-0.0658761593335587,0.0884,-0.0618,-0.0224,-0.0619,-0.0927,0.1351,-0.0945,-0.05769999999999999,-0.05210000000000001,0.7709,133.169,-1.2000000000000898e-05,0.8830039469145461,1.1999999999985355e-05,0.883943960950014,-3.999999999990677e-06,1.6958386938031578,119.91799999999999,24.803591900502365,-0.06533153130467584,-0.05895396348880861,0.45458568837767166,0.534237140054366,0.3148735865531747,0.27784435023468945,1.1657341758564144e-16,0.6941392111186644,1.3988810110276973e-16,0.6820810556388106,0.45361734578533464,0.4073479946961305
Challenger,Duck Norris,39,2,Zombies,The Dungeon,Solar,,,,,204.615,0.795,0.564,1.026,2.308,34.445,0.154,0.162,0.957,3,1,1,56,34.0,189.26,15.36,5,3.21,12.15,12.15,1,1,1.51,0.8,1.28,6.33,6.66,186.62464,30.22170492361409,0.6692400000000001,0.17473462736389717,0.4144,0.11884689029727843,2.0374,0.3795164686808729,32.62,5.746559289406721,0.95,0.23954870764279512,0.2990891707317073,0.10817931142150597,0.22922946341463415,0.08634401365578256,0.965105756097561,0.2818743866560187,21.5944,11.742194953812229,1.0,0.0,1.0,0.0,21.5944,11.742194953812229,1.3684,0.25266380825120166,0.6656,0.20203300060468668,1.5604,0.5846258062498895,5.0692,3.5394207624035507,3.8276,2.4646319535919896,0.5952794538055007,0.7197199656259085,1.2587624263941364,0.7130125365588327,0.31758134008366196,0.3172632436545141,1.3411914794538404,0.7786233297267124,0.028756625224883505,-0.8043129957515971,0,0,-0.8043129957515971,0.5604285037104301,-0.6652378551906847,-0.4796230289569996,0.3562164785245299,1.149218241641321,,,,-0.78,-0.03,0.0007999999999999841,1.805911404249943,0.00040000000000000257,1.6302542746455229,-0.4323578654869247,-0.018647397815662884,0.18,15.552,4.0000000000062204e-06,0.8954228965876031,36.673559999999995,26.24864620969369,0.20101786617915707,-0.8046723564813698,0.0362,0.3448,-0.2736,-0.0778,0.5171,0.0553,-0.1189,0.0296,0.4535,-0.2439,137.025,-1.2000000000000898e-05,0.8830039469145461,1.1999999999985355e-05,0.883943960950014,-3.999999999990677e-06,1.6958386938031578,119.91799999999999,24.803591900502365,0.03353552393901785,0.5130279972868599,-0.14382028248985684,0.6896984948237893,0.24811464455713025,0.41898578925374247,1.1657341758564144e-16,0.6941392111186644,1.3988810110276973e-16,0.6820810556388106,0.3574421968718239,0.6142756579880914
Challenger,Juanma2060,35,2,Zombies,The Dungeon,Solar,,,,,211.571,0.914,0.486,0.829,2.314,39.499,0.219,0.276,1.029,3,0,1,56,34.0,186.09,25.48,4,2.86,22.62,22.62,1,1,1.4,0.81,1.02,3.0,3.79,186.62464,30.22170492361409,0.6692400000000001,0.17473462736389717,0.4144,0.11884689029727843,2.0374,0.3795164686808729,32.62,5.746559289406721,0.95,0.23954870764279512,0.2990891707317073,0.10817931142150597,0.22922946341463415,0.08634401365578256,0.965105756097561,0.2818743866560187,21.5944,11.742194953812229,1.0,0.0,1.0,0.0,21.5944,11.742194953812229,1.3684,0.25266380825120166,0.6656,0.20203300060468668,1.5604,0.5846258062498895,5.0692,3.5394207624035507,3.8276,2.4646319535919896,0.8254451581422152,1.400752693913783,0.6024558137020066,0.7288221271698938,1.197064130649594,-0.505116480028897,0.7403372204843379,-0.5416766560310761,-0.22667630308819553,0.08734312486159403,0,0,0.08734312486159403,0.12506737794667733,-0.714734719416182,-0.9243519431111362,-0.5846154325531072,-0.015255827526378161,,,,-0.14,-0.45,0.0007999999999999841,1.805911404249943,0.00040000000000000257,1.6302542746455229,-0.07796617246485527,-0.2762759202689001,-0.4397,23.0724,4.0000000000062204e-06,0.8954228965876031,36.673559999999995,26.24864620969369,-0.49105735588813126,-0.5181661519357541,-0.0884,-0.0046,-0.1762,-0.014,-0.0069,-0.135,-0.0214,-0.2832,-0.1633,0.2124,154.03900000000002,-1.2000000000000898e-05,0.8830039469145461,1.1999999999985355e-05,0.883943960950014,-3.999999999990677e-06,1.6958386938031578,119.91799999999999,24.803591900502365,-0.32070977823999003,-0.18475379346953316,0.12525012005926933,1.375647532699042,0.47824231867642286,0.45139162319806647,1.1657341758564144e-16,0.6941392111186644,1.3988810110276973e-16,0.6820810556388106,0.6889717667810389,0.6617858969493156
Challenger,Sir Bacon,21,2,Zombies,The Dungeon,Solar,,,,,188.571,0.619,0.429,1.381,1.571,39.402,0.349,0.222,1.444,0,0,3,56,34.0,177.78,10.79,3,3.57,7.22,7.22,1,1,0.95,1.1,1.26,6.22,3.96,186.62464,30.22170492361409,0.6692400000000001,0.17473462736389717,0.4144,0.11884689029727843,2.0374,0.3795164686808729,32.62,5.746559289406721,0.95,0.23954870764279512,0.2990891707317073,0.10817931142150597,0.22922946341463415,0.08634401365578256,0.965105756097561,0.2818743866560187,21.5944,11.742194953812229,1.0,0.0,1.0,0.0,21.5944,11.742194953812229,1.3684,0.25266380825120166,0.6656,0.20203300060468668,1.5604,0.5846258062498895,5.0692,3.5394207624035507,3.8276,2.4646319535919896,0.06440271999609085,-0.28752171654775516,0.12284713519621925,-1.2289321768331098,1.1801844649026814,1.7992165528302035,-0.4613712974546667,0.0837286003805081,-1.698963320448305,-1.2241663553144464,0,0,-1.2241663553144464,-1.6559554092686728,-2.1501437819556055,-0.5138329454303948,0.32513794692737064,0.05371998841735312,,,,-2.92,-1.14,0.0007999999999999841,1.805911404249943,0.00040000000000000257,1.6302542746455229,-1.617355089029469,-0.6995227785849325,-0.1565,9.0972,4.0000000000062204e-06,0.8954228965876031,36.673559999999995,26.24864620969369,-0.1747822180965288,-1.0505821816370848,-0.0315,0.0161,-0.3572,-0.2911,0.0242,-0.0481,-0.4448,-0.6637000000000001,-0.46869999999999995,-2.8801,117.012,-1.2000000000000898e-05,0.8830039469145461,1.1999999999985355e-05,0.883943960950014,-3.999999999990677e-06,1.6958386938031578,119.91799999999999,24.803591900502365,-0.751625179388048,-0.5302508085424943,-1.698331339250774,-0.11716045045641693,-0.7534499509783316,-0.6618776070014936,1.1657341758564144e-16,0.6941392111186644,1.3988810110276973e-16,0.6820810556388106,-1.085445021559988,-0.9703796953891424
Challenger,paintballpaki,46,2,Zombies,The Dungeon,Solar,,,,,182.065,0.761,0.478,0.652,2.065,36.852,0.319,0.239,0.957,0,0,1,56,34.0,157.81,24.25,1,0.54,23.71,23.71,1,1,1.3,0.64,1.02,2.73,2.04,186.62464,30.22170492361409,0.6692400000000001,0.17473462736389717,0.4144,0.11884689029727843,2.0374,0.3795164686808729,32.62,5.746559289406721,0.95,0.23954870764279512,0.2990891707317073,0.10817931142150597,0.22922946341463415,0.08634401365578256,0.965105756097561,0.2818743866560187,21.5944,11.742194953812229,1.0,0.0,1.0,0.0,21.5944,11.742194953812229,1.3684,0.25266380825120166,0.6656,0.20203300060468668,1.5604,0.5846258062498895,5.0692,3.5394207624035507,3.8276,2.4646319535919896,-0.15087302359428678,0.5251391861150869,0.5351423149643522,0.07272411681087891,0.7364406746487974,-1.2440058764348039,-0.18405394716105047,-0.11315823960091634,0.028756625224883505,0.18017074391301505,0,0,0.18017074391301505,-0.2707154636567333,0.126711972417273,-0.9243519431111362,-0.6608991010188616,-0.725300991653024,,,,0.21,0.07,0.0007999999999999841,1.805911404249943,0.00040000000000000257,1.6302542746455229,0.11584178465658893,0.04269272657796502,-0.3302,24.1842,4.0000000000062204e-06,0.8954228965876031,36.673559999999995,26.24864620969369,-0.36876876977167483,-0.47580968177275534,-0.0664,-0.2176,-0.1618,0.0209,-0.3264,-0.1014,0.0319,-0.4249,-0.39590000000000003,-0.0905,133.602,-1.2000000000000898e-05,0.8830039469145461,1.1999999999985355e-05,0.883943960950014,-3.999999999990677e-06,1.6958386938031578,119.91799999999999,24.803591900502365,-0.48118471212351116,-0.44789264646878263,-0.05336356596336999,0.5516942890728201,0.0474785978182595,0.0066456296474933785,1.1657341758564144e-16,0.6941392111186644,1.3988810110276973e-16,0.6820810556388106,0.06839924478800669,0.009743167021798019
Elite,Dred,43,2,Blizzards,The Storm,Solar,RSC003610,2.0,1.0,"[1, 2]",230.581,0.814,0.721,1.302,2.302,35.361,0.3482292682926829,0.2967365853658537,1.1426439024390245,1,0,6,72,43.0,214.68,15.9,7,4.07,11.83,11.83,1,1,1.49,0.79,1.65,4.39,3.74,234.56482978723406,29.002137895948547,0.8229787234042553,0.19398526270353886,0.5723404255319149,0.15623077643077507,2.4348936170212765,0.3724277130935761,33.67282978723404,4.937735307850936,1.1690851063829788,0.2263540733286866,0.4102110015568241,0.2559965777906769,0.32272226258432796,0.09920394477425672,1.2628283341982356,0.42446570982544296,27.753617021276597,10.943218155061572,1.0,0.0,1.0,0.0,27.753617021276597,10.943218155061572,1.612340425531915,0.25010617541840846,0.8527659574468085,0.217482654257455,1.446808510638298,0.42539550079885363,3.9144680851063827,1.3222244243346601,3.4438297872340424,1.5279690316567702,-0.13736331444002248,-0.04628559550926917,0.9515383451605341,-0.3568306341045185,0.34189159756736753,0.5871990358398225,0.24211938221620435,0.26194197496486576,0.2831428522427305,-1.4551128192497413,0,0,-1.4551128192497413,-0.4891539576231925,0.2886021308738783,0.47765312275312505,0.35964538707784305,0.1938326017280741,,,,-1.17,-1.19,-0.0008510638297872418,1.5274856148005964,0.0002127659574468276,1.4990337313281428,-0.7654074937542621,-0.7939866469201592,-0.1826,19.5195,8.267618268485208e-18,0.8445572580789967,39.32008085106383,17.860702699132506,-0.21620795778291718,-1.1086115246756523,-0.0389,0.0581,-0.3769,-0.1378,0.0872,-0.0595,-0.2105,-0.49550000000000005,-0.1828,-1.9443,139.78099999999998,-1.0638297872334529e-05,0.8350502107356083,-1.0638297872351065e-05,0.8537403462396571,-6.3829787234035525e-06,1.7891332792850647,140.31963829787233,25.994999773723652,-0.5933647526004977,-0.21410416235712967,-1.0867237446939748,-0.020720842568224266,-0.49751411645282717,-0.35391486699396657,1.464549521845951e-16,0.6946430883489975,1.3877787807814457e-16,0.6714232356723332,-0.7162154562500591,-0.5271114376010121
Elite,Duke,61,2,Blizzards,The Storm,Solar,RSC001268,1.0,2.0,[2],271.721,1.082,0.852,1.279,2.557,42.315,0.295,0.306,1.049,5,4,8,72,43.0,249.27,22.45,17,6.97,15.48,15.48,1,1,1.48,0.75,1.71,4.18,4.34,234.56482978723406,29.002137895948547,0.8229787234042553,0.19398526270353886,0.5723404255319149,0.15623077643077507,2.4348936170212765,0.3724277130935761,33.67282978723404,4.937735307850936,1.1690851063829788,0.2263540733286866,0.4102110015568241,0.2559965777906769,0.32272226258432796,0.09920394477425672,1.2628283341982356,0.42446570982544296,27.753617021276597,10.943218155061572,1.0,0.0,1.0,0.0,27.753617021276597,10.943218155061572,1.612340425531915,0.25010617541840846,0.8527659574468085,0.217482654257455,1.446808510638298,0.42539550079885363,3.9144680851063827,1.3222244243346601,3.4438297872340424,1.5279690316567702,1.281152801426976,1.3352626533882541,1.7900415069114157,0.3278659956973799,1.7502295432938688,0.485588317456142,0.4500489910885831,0.16856449229292508,0.5037587942879304,-1.1215729091172029,0,0,-1.1215729091172029,-0.5291369767680448,0.47252484478672313,0.6186983380582366,0.20082212218037948,0.5865107172978787,,,,-0.62,-0.95,-0.0008510638297872418,1.5274856148005964,0.0002127659574468276,1.4990337313281428,-0.40533863636485945,-0.633883511824353,-0.1915,26.4708,8.267618268485208e-18,0.8445572580789967,39.32008085106383,17.860702699132506,-0.2267460236332346,-0.7194163111895882,-0.0408,0.176,-0.2446,-0.073,0.2639,-0.0624,-0.1115,-0.1824,0.09000000000000001,-1.6507,176.085,-1.0638297872334529e-05,0.8350502107356083,-1.0638297872351065e-05,0.8537403462396571,-6.3829787234035525e-06,1.7891332792850647,140.31963829787233,25.994999773723652,-0.2184172392956564,0.10543092954939848,-0.9226219399825214,1.3758554342547114,0.22915656093903713,0.3160510625556503,1.464549521845951e-16,0.6946430883489975,1.3877787807814457e-16,0.6714232356723332,0.3298910833240823,0.47071808922306774
Elite,GCP_Volts,23,2,Blizzards,The Storm,Solar,,,,,199.348,0.826,0.478,0.783,1.87,44.171,0.304,0.261,0.884,2,1,0,72,43.0,169.83,29.52,3,3.26,26.26,26.26,1,1,1.04,0.58,1.35,3.0,2.58,234.56482978723406,29.002137895948547,0.8229787234042553,0.19398526270353886,0.5723404255319149,0.15623077643077507,2.4348936170212765,0.3724277130935761,33.67282978723404,4.937735307850936,1.1690851063829788,0.2263540733286866,0.4102110015568241,0.2559965777906769,0.32272226258432796,0.09920394477425672,1.2628283341982356,0.42446570982544296,27.753617021276597,10.943218155061572,1.0,0.0,1.0,0.0,27.753617021276597,10.943218155061572,1.612340425531915,0.25010617541840846,0.8527659574468085,0.217482654257455,1.446808510638298,0.42539550079885363,3.9144680851063827,1.3222244243346601,3.4438297872340424,1.5279690316567702,-1.214283923260487,0.0155747738443513,-0.6038530159498797,-1.5167872775336173,2.12611036401121,-1.7056689137745193,0.41489227111336874,0.6221754863153868,0.8924827740597108,-0.13648791426000692,0,0,-0.13648791426000692,-2.2883898191415435,1.254196378916313,-0.22757295377243153,-0.6916133662910823,-0.5653450883735487,,,,0.76,0.49,-0.0008510638297872418,1.5274856148005964,0.0002127659574468276,1.4990337313281428,0.4981068603576418,0.32673529875048374,-0.213,35.451,8.267618268485208e-18,0.8445572580789967,39.32008085106383,17.860702699132506,-0.25220314900197893,-0.21662534314799098,-0.0454,-0.1696,-0.0737,0.0897,-0.2544,-0.0694,0.137,-0.199,-0.18680000000000002,-2.4249,145.471,-1.0638297872334529e-05,0.8350502107356083,-1.0638297872351065e-05,0.8537403462396571,-6.3829787234035525e-06,1.7891332792850647,140.31963829787233,25.994999773723652,-0.23829628343765694,-0.21878942763435152,-1.3553454318340448,0.19816740707706368,-0.36531407729879345,-0.34145840814616835,1.464549521845951e-16,0.6946430883489975,1.3877787807814457e-16,0.6714232356723332,-0.5259018385500083,-0.5085591174160771
Elite,Shamu,70,2,Blizzards,The Storm,Solar,RSC000193,13.0,1.0,"[1, 2, 3, 4, 6, 8, 11, 12, 13, 14, 15, 16, 17]",261.071,0.971,0.671,1.1,2.957,32.837,0.324,0.338,1.343,4,1,7,72,43.0,222.92,38.15,12,4.29,33.86,33.86,1,1,1.99,1.02,1.08,3.25,3.4,234.56482978723406,29.002137895948547,0.8229787234042553,0.19398526270353886,0.5723404255319149,0.15623077643077507,2.4348936170212765,0.3724277130935761,33.67282978723404,4.937735307850936,1.1690851063829788,0.2263540733286866,0.4102110015568241,0.2559965777906769,0.32272226258432796,0.09920394477425672,1.2628283341982356,0.42446570982544296,27.753617021276597,10.943218155061572,1.0,0.0,1.0,0.0,27.753617021276597,10.943218155061572,1.612340425531915,0.25010617541840846,0.8527659574468085,0.217482654257455,1.446808510638298,0.42539550079885363,3.9144680851063827,1.3222244243346601,3.4438297872340424,1.5279690316567702,0.9139384933573723,0.7630542368672647,0.6314989704464576,1.4018999247983972,-0.16927391508918704,-0.3052081430081485,0.33676622672400347,-0.15400332567860364,-0.1888766605781516,0.5580061451940456,0,0,0.5580061451940456,1.5099969996194198,-0.7689534741249783,-0.8622764226454329,-0.5025380509369589,-0.028684997094815506,,,,0.37,0.4,-0.0008510638297872418,1.5274856148005964,0.0002127659574468276,1.4990337313281428,0.24278530693606531,0.2666966230895565,-0.141,36.5688,8.267618268485208e-18,0.8445572580789967,39.32008085106383,17.860702699132506,-0.16695138032525364,-0.15404101940498985,-0.0301,-0.0086,-0.0524,0.0437,-0.0129,-0.0459,0.0668,-0.0474,0.007999999999999993,2.068,159.507,-1.0638297872334529e-05,0.8350502107356083,-1.0638297872351065e-05,0.8537403462396571,-6.3829787234035525e-06,1.7891332792850647,140.31963829787233,25.994999773723652,-0.056750314044447296,0.00938299136635115,1.1558705027302918,0.738117402159884,0.5886043929664648,0.5468843819793687,1.464549521845951e-16,0.6946430883489975,1.3877787807814457e-16,0.6714232356723332,0.8473479443456903,0.8145151268584607
Elite,Corrupt,26,2,Coyotes,The Pack,Lunar,RSC001214,6.0,1.0,"[1, 2, 20, 21, 22, 23]",256.731,0.923,0.615,1.346,2.731,33.797,0.128,0.308,0.705,3,0,3,72,43.0,227.08,29.65,6,5.77,23.88,23.88,1,1,1.81,0.58,2.32,4.37,10.52,234.56482978723406,29.002137895948547,0.8229787234042553,0.19398526270353886,0.5723404255319149,0.15623077643077507,2.4348936170212765,0.3724277130935761,33.67282978723404,4.937735307850936,1.1690851063829788,0.2263540733286866,0.4102110015568241,0.2559965777906769,0.32272226258432796,0.09920394477425672,1.2628283341982356,0.42446570982544296,27.753617021276597,10.943218155061572,1.0,0.0,1.0,0.0,27.753617021276597,10.943218155061572,1.612340425531915,0.25010617541840846,0.8527659574468085,0.217482654257455,1.446808510638298,0.42539550079885363,3.9144680851063827,1.3222244243346601,3.4438297872340424,1.5279690316567702,0.7642943527919174,0.5156127594527834,0.27305487076669116,0.7950707548563224,0.02514719907495337,0.7815847579651233,1.1024014617397822,0.14840400366970455,1.3141893945394003,-0.35397421182588157,0,0,-0.35397421182588157,0.7903026550120796,1.254196378916313,2.0526580269935355,0.3445193618495135,4.631095307666868,,,,0.96,-0.21,-0.0008510638297872418,1.5274856148005964,0.0002127659574468276,1.4990337313281428,0.6290409903174246,-0.1402321786122841,0.1167,55.4016,8.267618268485208e-18,0.8445572580789967,39.32008085106383,17.860702699132506,0.13817890839685887,0.9003855794384424,0.0249,1.3893,0.3061,0.1132,2.084,0.038,0.173,1.8335,2.295,0.4363,153.407,-1.0638297872334529e-05,0.8350502107356083,-1.0638297872351065e-05,0.8537403462396571,-6.3829787234035525e-06,1.7891332792850647,140.31963829787233,25.994999773723652,2.195689091177769,2.688183413617927,0.24386466230904322,0.5034568884804026,0.9918036143042666,1.315045364254286,1.464549521845951e-16,0.6946430883489975,1.3877787807814457e-16,0.6714232356723332,1.427788789580487,1.9585937667728437
Elite,DeadSet | snorkz,28,2,Coyotes,The Pack,Lunar,,,,,266.429,1.071,0.571,1.393,2.679,39.978,0.262,0.167,0.679,1,1,2,72,43.0,241.84,24.59,4,3.57,21.02,21.02,1,1,1.61,0.42,3.32,8.34,5.32,234.56482978723406,29.002137895948547,0.8229787234042553,0.19398526270353886,0.5723404255319149,0.15623077643077507,2.4348936170212765,0.3724277130935761,33.67282978723404,4.937735307850936,1.1690851063829788,0.2263540733286866,0.4102110015568241,0.2559965777906769,0.32272226258432796,0.09920394477425672,1.2628283341982356,0.42446570982544296,27.753617021276597,10.943218155061572,1.0,0.0,1.0,0.0,27.753617021276597,10.943218155061572,1.612340425531915,0.25010617541840846,0.8527659574468085,0.217482654257455,1.446808510638298,0.42539550079885363,3.9144680851063827,1.3222244243346601,3.4438297872340424,1.5279690316567702,1.0986834945439377,1.2785573148141014,-0.008579778981696795,0.6554463440731899,1.2769356435005372,0.9892240520535124,0.5789569643310355,1.5697184516067515,1.3754428701398018,-0.6153232920941171,0,0,-0.6153232920941171,-0.009357727884965144,1.9898872345676915,4.403411615412059,3.3470353696729913,1.2278849727285601,,,,0.76,0.95,-0.0008510638297872418,1.5274856148005964,0.0002127659574468276,1.4990337313281428,0.4981068603576418,0.6335996410174456,2.0717,69.7864,8.267618268485208e-18,0.8445572580789967,39.32008085106383,17.860702699132506,2.4530012384384965,1.7057738243644758,0.4415,0.3684,0.58,0.0897,0.5525,0.6746,0.137,1.4796,1.3641,-0.6247,173.868,-1.0638297872334529e-05,0.8350502107356083,-1.0638297872351065e-05,0.8537403462396571,-6.3829787234035525e-06,1.7891332792850647,140.31963829787233,25.994999773723652,1.7718822404636736,1.597805051976479,-0.34915991125652945,1.2905698016600533,1.0066758839777707,1.0199287706866438,1.464549521845951e-16,0.6946430883489975,1.3877787807814457e-16,0.6714232356723332,1.4491987336552954,1.519054921692325
Elite,Nagz,41,2,Coyotes,The Pack,Lunar,RSC000106,12.0,1.0,"[1, 2, 3, 7, 8, 9, 10, 11, 12, 13, 14, 15]",237.439,0.683,0.659,1.317,2.61,26.169,0.374,0.301,1.285,2,1,4,72,43.0,202.42,35.02,7,4.27,30.75,30.75,1,1,1.93,0.91,1.45,4.38,3.52,234.56482978723406,29.002137895948547,0.8229787234042553,0.19398526270353886,0.5723404255319149,0.15623077643077507,2.4348936170212765,0.3724277130935761,33.67282978723404,4.937735307850936,1.1690851063829788,0.2263540733286866,0.4102110015568241,0.2559965777906769,0.32272226258432796,0.09920394477425672,1.2628283341982356,0.42446570982544296,27.753617021276597,10.943218155061572,1.0,0.0,1.0,0.0,27.753617021276597,10.943218155061572,1.612340425531915,0.25010617541840846,0.8527659574468085,0.217482654257455,1.446808510638298,0.42539550079885363,3.9144680851063827,1.3222244243346601,3.4438297872340424,1.5279690316567702,0.09910201182677086,-0.7215946276196248,0.5546895205150791,0.4701754913032645,-1.5196905705542882,0.6534668956552655,0.14145111575059058,0.21896571385097646,-0.052234291931101316,0.2738118656016635,0,0,0.2738118656016635,1.270098884750306,-0.2631660108646556,0.007502405069420504,0.35208237446367824,0.04985062601914553,,,,0.22,0.49,-0.0008510638297872418,1.5274856148005964,0.0002127659574468276,1.4990337313281428,0.14458470946622823,0.32673529875048374,0.3402,44.5875,8.267618268485208e-18,0.8445572580789967,39.32008085106383,17.860702699132506,0.4028146069975269,0.2949166803606226,0.0725,0.015,0.1003,0.026,0.0224,0.1108,0.0398,0.2138,0.173,1.5439,120.569,-1.0638297872334529e-05,0.8350502107356083,-1.0638297872351065e-05,0.8537403462396571,-6.3829787234035525e-06,1.7891332792850647,140.31963829787233,25.994999773723652,0.2560452479971514,0.20265018405175123,0.862935367003886,-0.759786053848584,0.013573059390675601,0.014641582316142876,1.464549521845951e-16,0.6946430883489975,1.3877787807814457e-16,0.6714232356723332,0.019539616269608918,0.02180678525592179
Elite,StarFax,49,2,Coyotes,The Pack,Lunar,,,,,203.163,0.571,0.531,1.306,1.612,35.422,0.306,0.272,1.061,1,0,9,72,43.0,174.21,28.95,10,5.1,23.85,23.85,1,1,1.04,0.75,1.74,4.8,4.27,234.56482978723406,29.002137895948547,0.8229787234042553,0.19398526270353886,0.5723404255319149,0.15623077643077507,2.4348936170212765,0.3724277130935761,33.67282978723404,4.937735307850936,1.1690851063829788,0.2263540733286866,0.4102110015568241,0.2559965777906769,0.32272226258432796,0.09920394477425672,1.2628283341982356,0.42446570982544296,27.753617021276597,10.943218155061572,1.0,0.0,1.0,0.0,27.753617021276597,10.943218155061572,1.612340425531915,0.25010617541840846,0.8527659574468085,0.217482654257455,1.446808510638298,0.42539550079885363,3.9144680851063827,1.3222244243346601,3.4438297872340424,1.5279690316567702,-1.0827418964731124,-1.2989580749200824,-0.26461127875295787,-2.2095391618037734,0.35424543919654733,0.6048704651239407,0.4070796666744322,0.5112927988876738,0.4754879593954372,-0.3567156357447789,0,0,-0.3567156357447789,-2.2883898191415435,0.47252484478672313,0.6892209457107924,0.6697289042586053,0.5406982704814013,,,,0.12,0.15,-0.0008510638297872418,1.5274856148005964,0.0002127659574468276,1.4990337313281428,0.07911764448633683,0.0999225240314251,0.4019,41.499,8.267618268485208e-18,0.8445572580789967,39.32008085106383,17.860702699132506,0.47587063654410955,0.12199515246631389,0.0857,0.1622,0.0415,0.0142,0.2433,0.1309,0.0218,0.3036,0.39599999999999996,-2.6451,108.642,-1.0638297872334529e-05,0.8350502107356083,-1.0638297872351065e-05,0.8537403462396571,-6.3829787234035525e-06,1.7891332792850647,140.31963829787233,25.994999773723652,0.3635836916086964,0.4638537232568677,-1.4784217853676347,-1.218605061496974,-0.7666332884171811,-0.6079775613243958,1.464549521845951e-16,0.6946430883489975,1.3877787807814457e-16,0.6714232356723332,-1.1036362432386502,-0.90550569152644
Elite,Benji,35,2,Devin's Heart,Cole World,Solar,RSC002015,7.0,1.0,"[1, 2, 7, 8, 9, 10, 11]",211.429,0.6,0.429,1.029,1.857,32.31,0.086,0.162,0.829,1,0,3,72,43.0,158.67,52.76,4,2.86,49.9,49.9,1,1,1.26,0.74,1.39,6.35,11.97,234.56482978723406,29.002137895948547,0.8229787234042553,0.19398526270353886,0.5723404255319149,0.15623077643077507,2.4348936170212765,0.3724277130935761,33.67282978723404,4.937735307850936,1.1690851063829788,0.2263540733286866,0.4102110015568241,0.2559965777906769,0.32272226258432796,0.09920394477425672,1.2628283341982356,0.42446570982544296,27.753617021276597,10.943218155061572,1.0,0.0,1.0,0.0,27.753617021276597,10.943218155061572,1.612340425531915,0.25010617541840846,0.8527659574468085,0.217482654257455,1.446808510638298,0.42539550079885363,3.9144680851063827,1.3222244243346601,3.4438297872340424,1.5279690316567702,-0.7977284250643474,-1.1494621823154998,-0.917491603169675,-1.5516933802294006,-0.27600300588554416,-0.618876012801248,1.2664661549574492,1.6201196731648029,1.022057433983638,2.0237541338312828,0,0,2.0237541338312828,-1.4087633979547942,0.5185055232649344,-0.13354281023569103,1.8419958594541697,5.580067420293897,,,,3.05,3.64,-0.0008510638297872418,1.5274856148005964,0.0002127659574468276,1.4990337313281428,1.9973026483971545,2.4280889468829394,2.1175,69.361,8.267618268485208e-18,0.8445572580789967,39.32008085106383,17.860702699132506,2.507230835735636,1.6819561724408112,0.4513,1.674,0.5719,0.3595,2.511,0.6895,0.5493,3.0566999999999998,3.7498,0.615,110.88,-1.0638297872334529e-05,0.8350502107356083,-1.0638297872351065e-05,0.8537403462396571,-6.3829787234035525e-06,1.7891332792850647,140.31963829787233,25.994999773723652,3.6605111872316876,4.392214394943503,0.34374542696141624,-1.1325115812322724,0.8477753245731303,1.4316804912045231,1.464549521845951e-16,0.6946430883489975,1.3877787807814457e-16,0.6714232356723332,1.2204473618071863,2.1323070384522844
Elite,ChrisakaMrXD,52,2,Devin's Heart,Cole World,Solar,RSC000310,16.0,2.0,"[2, 3, 4, 5, 6, 7, 8, 9, 10, 11, 12, 13, 14, 15, 16, 17]",197.885,0.577,0.538,0.942,2.077,27.78,0.314,0.41,1.378,0,1,0,72,43.0,159.06,38.82,1,0.48,38.34,38.34,1,1,1.5,1.06,0.89,2.3,3.0,234.56482978723406,29.002137895948547,0.8229787234042553,0.19398526270353886,0.5723404255319149,0.15623077643077507,2.4348936170212765,0.3724277130935761,33.67282978723404,4.937735307850936,1.1690851063829788,0.2263540733286866,0.4102110015568241,0.2559965777906769,0.32272226258432796,0.09920394477425672,1.2628283341982356,0.42446570982544296,27.753617021276597,10.943218155061572,1.0,0.0,1.0,0.0,27.753617021276597,10.943218155061572,1.612340425531915,0.25010617541840846,0.8527659574468085,0.217482654257455,1.446808510638298,0.42539550079885363,3.9144680851063827,1.3222244243346601,3.4438297872340424,1.5279690316567702,-1.2647284803220682,-1.2680278902432722,-0.21980576629298704,-0.9609747192238411,-1.193427638347588,-1.0032295997308196,0.3758292489186861,-0.8797809161145421,-0.27133326234792304,0.9673921170827506,0,0,0.9673921170827506,-0.4491709384783403,-0.952876188037823,-1.3089196044449525,-1.2210242492826275,-0.29047040747468533,,,,0.7,0.09,-0.0008510638297872418,1.5274856148005964,0.0002127659574468276,1.4990337313281428,0.4588266213697069,0.05989674025747355,-0.619,34.1226,8.267618268485208e-18,0.8445572580789967,39.32008085106383,17.860702699132506,-0.7329284001512909,-0.2910009162918473,-0.1319,-0.0871,-0.0989,0.0826,-0.1307,-0.2016,0.1262,-0.23529999999999995,-0.20610000000000003,0.5182,106.25,-1.0638297872334529e-05,0.8350502107356083,-1.0638297872351065e-05,0.8537403462396571,-6.3829787234035525e-06,1.7891332792850647,140.31963829787233,25.994999773723652,-0.28176672333853753,-0.24139583259694683,0.2896410172336618,-1.3106227580086656,-0.539029047252095,-0.4988686817858195,1.464549521845951e-16,0.6946430883489975,1.3877787807814457e-16,0.6714232356723332,-0.7759798611589728,-0.7430018135822704
Elite,Natty,60,2,Devin's Heart,Cole World,Solar,RSC000688,4.0,1.0,"[1, 2, 3, 7]",258.583,0.933,0.517,1.433,2.617,35.652,0.222,0.233,0.9,5,0,11,72,43.0,227.0,31.58,16,6.67,24.91,24.91,1,1,1.68,0.68,2.11,6.15,6.45,234.56482978723406,29.002137895948547,0.8229787234042553,0.19398526270353886,0.5723404255319149,0.15623077643077507,2.4348936170212765,0.3724277130935761,33.67282978723404,4.937735307850936,1.1690851063829788,0.2263540733286866,0.4102110015568241,0.2559965777906769,0.32272226258432796,0.09920394477425672,1.2628283341982356,0.42446570982544296,27.753617021276597,10.943218155061572,1.0,0.0,1.0,0.0,27.753617021276597,10.943218155061572,1.612340425531915,0.25010617541840846,0.8527659574468085,0.217482654257455,1.446808510638298,0.42539550079885363,3.9144680851063827,1.3222244243346601,3.4438297872340424,1.5279690316567702,0.8281517141576374,0.5671630672474671,-0.3542223036728995,0.4889710850625327,0.40082549779837373,1.165938344894695,0.7352090531097659,0.9044223270404741,0.8547883275363866,-0.259851990610398,0,0,-0.259851990610398,0.27052340612899994,0.7943895941342011,1.5589997734256458,1.6907356071708715,1.9674287570516926,,,,0.59,0.64,-0.0008510638297872418,1.5274856148005964,0.0002127659574468276,1.4990337313281428,0.3868128498918264,0.42679975818536264,1.0967,52.5601,8.267618268485208e-18,0.8445572580789967,39.32008085106383,17.860702699132506,1.2985502042745085,0.7412932946685932,0.2337,0.5902,0.252,0.0696,0.8853,0.3571,0.1064,1.1454999999999997,1.3488,0.0107,155.122,-1.0638297872334529e-05,0.8350502107356083,-1.0638297872351065e-05,0.8537403462396571,-6.3829787234035525e-06,1.7891332792850647,140.31963829787233,25.994999773723652,1.3717865387864219,1.5798839122911055,0.005984117059742838,0.569431114867339,0.6820777153525854,0.8383849543630226,1.464549521845951e-16,0.6946430883489975,1.3877787807814457e-16,0.6714232356723332,0.9819110371827393,1.2486683656747466
Elite,henrY,51,2,Devin's Heart,Cole World,Solar,,,,,232.549,0.706,0.529,1.51,2.275,31.033,0.484,0.32,1.353,0,2,6,72,43.0,205.87,26.68,8,3.92,22.76,22.76,1,1,1.57,0.87,1.74,4.72,3.12,234.56482978723406,29.002137895948547,0.8229787234042553,0.19398526270353886,0.5723404255319149,0.15623077643077507,2.4348936170212765,0.3724277130935761,33.67282978723404,4.937735307850936,1.1690851063829788,0.2263540733286866,0.4102110015568241,0.2559965777906769,0.32272226258432796,0.09920394477425672,1.2628283341982356,0.42446570982544296,27.753617021276597,10.943218155061572,1.0,0.0,1.0,0.0,27.753617021276597,10.943218155061572,1.612340425531915,0.25010617541840846,0.8527659574468085,0.217482654257455,1.446808510638298,0.42539550079885363,3.9144680851063827,1.3222244243346601,3.4438297872340424,1.5279690316567702,-0.06950624793476537,-0.6030289196918528,-0.2774128537415209,-0.42932792431883754,-0.534623592122637,1.5061133586139708,-0.28824212839091784,0.027441071930381276,-0.21243568965522924,-0.4563207047980575,0,0,-0.4563207047980575,-0.16928980446437428,-0.07924329695181076,0.6892209457107924,0.6092248033452858,-0.2119347843607243,,,,-0.67,-0.43,-0.0008510638297872418,1.5274856148005964,0.0002127659574468276,1.4990337313281428,-0.43807216885480516,-0.28699338578343975,0.188,39.6024,8.267618268485208e-18,0.8445572580789967,39.32008085106383,17.860702699132506,0.22260184043367157,0.015806721252343947,0.0401,-0.0636,0.0054,-0.0789,-0.0954,0.0612,-0.1205,-0.097,-0.1547,-0.6256,124.383,-1.0638297872334529e-05,0.8350502107356083,-1.0638297872351065e-05,0.8537403462396571,-6.3829787234035525e-06,1.7891332792850647,140.31963829787233,25.994999773723652,-0.11614793991452117,-0.18119017378464639,-0.3496629481238329,-0.6130655293939051,-0.37796402792278894,-0.3770987676453843,1.464549521845951e-16,0.6946430883489975,1.3877787807814457e-16,0.6714232356723332,-0.5441125583227501,-0.5616409257385538
Elite,NightWOLF907,52,2,Dukes,The Kingdom,Lunar,RSC001522,2.0,1.0,"[1, 2]",223.365,0.596,0.519,1.519,2.635,22.619,0.173,0.199,0.808,0,1,13,72,43.0,198.48,24.89,14,6.73,18.16,18.16,1,1,2.04,0.64,2.37,7.63,8.78,234.56482978723406,29.002137895948547,0.8229787234042553,0.19398526270353886,0.5723404255319149,0.15623077643077507,2.4348936170212765,0.3724277130935761,33.67282978723404,4.937735307850936,1.1690851063829788,0.2263540733286866,0.4102110015568241,0.2559965777906769,0.32272226258432796,0.09920394477425672,1.2628283341982356,0.42446570982544296,27.753617021276597,10.943218155061572,1.0,0.0,1.0,0.0,27.753617021276597,10.943218155061572,1.612340425531915,0.25010617541840846,0.8527659574468085,0.217482654257455,1.446808510638298,0.42539550079885363,3.9144680851063827,1.3222244243346601,3.4438297872340424,1.5279690316567702,-0.38617255829262886,-1.170082305433373,-0.34142072868433637,0.537302611872078,-2.2386436489737704,1.5458740745032364,0.9266178618637106,1.2471506336352232,1.0715313950455005,-0.8766723723623526,0,0,-0.8766723723623526,1.7099120953436813,0.9783123080470458,2.1701957064144626,2.810061474067281,3.4923287725144343,,,,0.19,0.37,-0.0008510638297872418,1.5274856148005964,0.0002127659574468276,1.4990337313281428,0.12494458997226082,0.2466837312025807,1.6053,43.0392,8.267618268485208e-18,0.8445572580789967,39.32008085106383,17.860702699132506,1.900759225788154,0.20822916161729796,0.3421,1.0477,0.0708,0.0225,1.5715,0.5227,0.0344,1.4831,2.1286,0.8332,108.56899999999999,-1.0638297872334529e-05,0.8350502107356083,-1.0638297872351065e-05,0.8537403462396571,-6.3829787234035525e-06,1.7891332792850647,140.31963829787233,25.994999773723652,1.7760736051924089,2.493276378085499,0.4657039207898875,-1.2214132938737943,0.22327903077724687,0.6693707064292069,1.464549521845951e-16,0.6946430883489975,1.3877787807814457e-16,0.6714232356723332,0.32142986020047826,0.996943017259343
Elite,NoxPhoenix,48,2,Dukes,The Kingdom,Lunar,RSC001534,2.0,1.0,"[1, 2]",236.25,1.083,0.375,0.792,2.625,41.257,0.347,0.194,1.062,4,0,4,72,43.0,198.44,37.81,8,4.17,33.64,33.64,1,1,1.54,0.72,1.1,4.08,2.28,234.56482978723406,29.002137895948547,0.8229787234042553,0.19398526270353886,0.5723404255319149,0.15623077643077507,2.4348936170212765,0.3724277130935761,33.67282978723404,4.937735307850936,1.1690851063829788,0.2263540733286866,0.4102110015568241,0.2559965777906769,0.32272226258432796,0.09920394477425672,1.2628283341982356,0.42446570982544296,27.753617021276597,10.943218155061572,1.0,0.0,1.0,0.0,27.753617021276597,10.943218155061572,1.612340425531915,0.25010617541840846,0.8527659574468085,0.217482654257455,1.446808510638298,0.42539550079885363,3.9144680851063827,1.3222244243346601,3.4438297872340424,1.5279690316567702,0.058105034146511976,1.3404176841677218,-1.263134127860878,0.510451763644553,1.535961273725471,-1.6659081978852532,0.24692127567623368,1.2975518551932745,0.47313205648772916,0.5379023697887967,0,0,0.5379023697887967,-0.2892388618989311,0.6104668802213568,-0.8152613508770623,0.12519199603873044,-0.7616841461584513,,,,1.01,1.84,-0.0008510638297872418,1.5274856148005964,0.0002127659574468276,1.4990337313281428,0.6617745228073701,1.2273154336643932,0.6432,37.004,8.267618268485208e-18,0.8445572580789967,39.32008085106383,17.860702699132506,0.7615824668454124,-0.1296746768634317,0.1371,-0.2285,-0.0441,0.1191,-0.3428,0.2094,0.182,-0.016400000000000012,0.048600000000000004,0.2487,175.80700000000002,-1.0638297872334529e-05,0.8350502107356083,-1.0638297872351065e-05,0.8537403462396571,-6.3829787234035525e-06,1.7891332792850647,140.31963829787233,25.994999773723652,-0.019626797875651143,0.05693843393015264,0.13900942196889107,1.3651610698607943,0.5771201285769535,0.5475956199944808,1.464549521845951e-16,0.6946430883489975,1.3877787807814457e-16,0.6714232356723332,0.8308153327324276,0.815574425937379
Elite,Taxicab,15,2,Dukes,The Kingdom,Lunar,RSC003552,1.0,2.0,[2],163.0,0.2,0.333,1.267,1.8,11.111,0.267,0.267,1.044,0,1,3,72,43.0,126.87,36.13,4,6.67,29.46,29.46,1,1,1.6,0.78,1.62,4.75,4.75,234.56482978723406,29.002137895948547,0.8229787234042553,0.19398526270353886,0.5723404255319149,0.15623077643077507,2.4348936170212765,0.3724277130935761,33.67282978723404,4.937735307850936,1.1690851063829788,0.2263540733286866,0.4102110015568241,0.2559965777906769,0.32272226258432796,0.09920394477425672,1.2628283341982356,0.42446570982544296,27.753617021276597,10.943218155061572,1.0,0.0,1.0,0.0,27.753617021276597,10.943218155061572,1.612340425531915,0.25010617541840846,0.8527659574468085,0.217482654257455,1.446808510638298,0.42539550079885363,3.9144680851063827,1.3222244243346601,3.4438297872340424,1.5279690316567702,-2.4675708406045236,-3.211474494102846,-1.5319672026207025,-1.7047432151262956,-4.569266755016419,0.43257402960378727,0.5594254532336942,0.5616940204457251,0.5155383088264689,0.1559306370890678,0,0,0.1559306370890678,-0.04934074702981743,0.33458280935208956,0.40713051510056986,0.6319138411877808,0.8548407629372454,,,,0.67,0.72,-0.0008510638297872418,1.5274856148005964,0.0002127659574468276,1.4990337313281428,0.43918650187573954,0.4801674698839647,0.5606,47.7252,8.267618268485208e-18,0.8445572580789967,39.32008085106383,17.860702699132506,0.6637797433357249,0.47059285911211146,0.1195,0.2565,0.16,0.0791,0.3847,0.1825,0.1208,0.6151,0.688,0.1066,49.111000000000004,-1.0638297872334529e-05,0.8350502107356083,-1.0638297872351065e-05,0.8537403462396571,-6.3829787234035525e-06,1.7891332792850647,140.31963829787233,25.994999773723652,0.7366151524661159,0.8058780884940606,0.059585489920193746,-3.50869933032537,-1.1443086495378776,-0.9264800059386624,1.464549521845951e-16,0.6946430883489975,1.3877787807814457e-16,0.6714232356723332,-1.6473332402365497,-1.3798748043191071
Elite,sdo929,44,2,Dukes,The Kingdom,Lunar,RSC000701,1.0,2.0,[2],250.909,0.977,0.659,0.955,2.841,34.389,0.333,0.333,2.0,4,1,3,72,43.0,213.5,37.41,8,4.55,32.86,32.86,1,1,1.86,1.67,0.57,2.87,2.87,234.56482978723406,29.002137895948547,0.8229787234042553,0.19398526270353886,0.5723404255319149,0.15623077643077507,2.4348936170212765,0.3724277130935761,33.67282978723404,4.937735307850936,1.1690851063829788,0.2263540733286866,0.4102110015568241,0.2559965777906769,0.32272226258432796,0.09920394477425672,1.2628283341982356,0.42446570982544296,27.753617021276597,10.943218155061572,1.0,0.0,1.0,0.0,27.753617021276597,10.943218155061572,1.612340425531915,0.25010617541840846,0.8527659574468085,0.217482654257455,1.446808510638298,0.42539550079885363,3.9144680851063827,1.3222244243346601,3.4438297872340424,1.5279690316567702,0.5635505310472001,0.7939844215440749,0.5546895205150791,1.0904300853591031,0.14504021947617524,-0.9457974545574354,0.3016095067487891,-0.10360210412055226,-1.7367048709421509,0.46662534789745963,0,0,0.46662534789745963,0.990217750736341,-3.757697575208703,-2.06116075273888,-0.7899325302752263,-0.375550665848143,,,,-1.27,0.36,-0.0008510638297872418,1.5274856148005964,0.0002127659574468276,1.4990337313281428,-0.8308745587341536,0.24001276724025544,-0.3059,18.7302,8.267618268485208e-18,0.8445572580789967,39.32008085106383,17.860702699132506,-0.3622016116418092,-1.1528035149515075,-0.0652,-0.1127,-0.392,-0.1496,-0.169,-0.0996,-0.2285,-0.7195,-0.4971,1.4568,160.49900000000002,-1.0638297872334529e-05,0.8350502107356083,-1.0638297872351065e-05,0.8537403462396571,-6.3829787234035525e-06,1.7891332792850647,140.31963829787233,25.994999773723652,-0.8616120952395411,-0.5822488815148342,0.8142525768459582,0.7762785873353021,0.246027639253481,0.24198135727780498,1.464549521845951e-16,0.6946430883489975,1.3877787807814457e-16,0.6714232356723332,0.35417848875201574,0.3604006302157469
Elite,Barnacle Boi,4,2,FA,Free Agent,N/A,,,,,205.0,0.75,0.25,1.0,1.5,50.0,0.917,0.75,2.417,0,0,0,72,43.0,159.5,45.5,0,0.0,45.5,45.5,1,1,0.75,1.5,0.67,1.33,1.09,234.56482978723406,29.002137895948547,0.8229787234042553,0.19398526270353886,0.5723404255319149,0.15623077643077507,2.4348936170212765,0.3724277130935761,33.67282978723404,4.937735307850936,1.1690851063829788,0.2263540733286866,0.4102110015568241,0.2559965777906769,0.32272226258432796,0.09920394477425672,1.2628283341982356,0.42446570982544296,27.753617021276597,10.943218155061572,1.0,0.0,1.0,0.0,27.753617021276597,10.943218155061572,1.612340425531915,0.25010617541840846,0.8527659574468085,0.217482654257455,1.446808510638298,0.42539550079885363,3.9144680851063827,1.3222244243346601,3.4438297872340424,1.5279690316567702,-1.019401738358196,-0.3762075653952444,-2.0632325646460705,-2.510268661952059,3.3066110665766075,-0.7469938751111049,-1.979670989420674,-4.307063982062032,-2.719116383456287,1.6216786257263052,0,0,1.6216786257263052,-3.4478973743422587,-2.976026041079114,-1.8260853938970276,-1.954636472856626,-1.540495742038564,,,,-1.1,-2.69,-0.0008510638297872418,1.5274856148005964,0.0002127659574468276,1.4990337313281428,-0.7195805482683383,-1.7946312412689474,-1.8794,30.485,8.267618268485208e-18,0.8445572580789967,39.32008085106383,17.860702699132506,-2.225307972931076,-0.49466591543976307,-0.4006,-0.4621,-0.1682,-0.1295,-0.6932,-0.612,-0.1979,-1.1603999999999999,-1.5031,-1.8262,140.0,-1.0638297872334529e-05,0.8350502107356083,-1.0638297872351065e-05,0.8537403462396571,-6.3829787234035525e-06,1.7891332792850647,140.31963829787233,25.994999773723652,-1.3896042977821934,-1.760593098736122,-1.0207141291067043,-0.012296145437763322,-0.7390806913020393,-0.9536352428376527,1.464549521845951e-16,0.6946430883489975,1.3877787807814457e-16,0.6714232356723332,-1.0639718492825714,-1.4203190955742322
Elite,Creature,12,2,FA,Free Agent,N/A,RSC003618,2.0,1.0,"[1, 2]",201.667,0.667,0.417,1.25,2.0,33.35,0.083,0.083,0.278,0,0,2,72,43.0,178.8,22.87,2,4.17,18.7,18.7,1,1,1.33,0.2,6.25,15.06,15.06,234.56482978723406,29.002137895948547,0.8229787234042553,0.19398526270353886,0.5723404255319149,0.15623077643077507,2.4348936170212765,0.3724277130935761,33.67282978723404,4.937735307850936,1.1690851063829788,0.2263540733286866,0.4102110015568241,0.2559965777906769,0.32272226258432796,0.09920394477425672,1.2628283341982356,0.42446570982544296,27.753617021276597,10.943218155061572,1.0,0.0,1.0,0.0,27.753617021276597,10.943218155061572,1.612340425531915,0.25010617541840846,0.8527659574468085,0.217482654257455,1.446808510638298,0.42539550079885363,3.9144680851063827,1.3222244243346601,3.4438297872340424,1.5279690316567702,-1.134324300686458,-0.8040751200911187,-0.9943010531010535,-1.1677262505757868,-0.0653801322077242,0.35747045514628517,1.2781850616158539,2.4164589737820137,2.320159936130614,-0.8273267418221963,0,0,-0.8273267418221963,-1.1288822639408282,3.0014621610883374,11.291119629478333,8.429379846391825,7.602359715478392,,,,1.49,1.59,-0.0008510638297872418,1.5274856148005964,0.0002127659574468276,1.4990337313281428,0.9760164347108489,1.060541334606262,4.966,116.875,8.267618268485208e-18,0.8445572580789967,39.32008085106383,17.860702699132506,5.88000393400858,4.342209847807556,1.0584,2.2807,1.4764,0.1757,3.4211,1.617,0.2684,4.9912,5.3065,-1.9562,120.05000000000001,-1.0638297872334529e-05,0.8350502107356083,-1.0638297872351065e-05,0.8537403462396571,-6.3829787234035525e-06,1.7891332792850647,140.31963829787233,25.994999773723652,5.977138349442532,6.215602509206304,-1.0933750099394322,-0.779751431979674,1.3653438298405192,1.9431204857843756,1.464549521845951e-16,0.6946430883489975,1.3877787807814457e-16,0.6714232356723332,1.9655328797492517,2.894032232647745
Elite,Freshwater,4,2,FA,Free Agent,N/A,RSC003601,1.0,2.0,[2],138.75,0.0,0.5,1.25,1.0,0.0,0.3482292682926829,0.2967365853658537,0.917,0,0,0,72,43.0,106.25,32.5,0,0.0,32.5,32.5,1,1,1.0,0.57,2.19,4.21,3.59,234.56482978723406,29.002137895948547,0.8229787234042553,0.19398526270353886,0.5723404255319149,0.15623077643077507,2.4348936170212765,0.3724277130935761,33.67282978723404,4.937735307850936,1.1690851063829788,0.2263540733286866,0.4102110015568241,0.2559965777906769,0.32272226258432796,0.09920394477425672,1.2628283341982356,0.42446570982544296,27.753617021276597,10.943218155061572,1.0,0.0,1.0,0.0,27.753617021276597,10.943218155061572,1.612340425531915,0.25010617541840846,0.8527659574468085,0.217482654257455,1.446808510638298,0.42539550079885363,3.9144680851063827,1.3222244243346601,3.4438297872340424,1.5279690316567702,-3.3037160960681766,-4.24248064999652,-0.4630356910756857,-3.852811073328331,-6.8194886294724375,0.35747045514628517,0.24211938221620435,0.26194197496486576,0.8147379781053546,0.4337282608706888,0,0,0.4337282608706888,-2.4483218957209525,1.3001770573945242,1.7470600604991278,0.22351116002287447,0.09566307283562266,,,,1.25,0.7,-0.0008510638297872418,1.5274856148005964,0.0002127659574468276,1.4990337313281428,0.8188954787591095,0.46682554195931414,0.3379,71.175,8.267618268485208e-18,0.8445572580789967,39.32008085106383,17.860702699132506,0.40009128660924265,1.783519925589678,0.072,0.0287,0.6064,0.1474,0.043,0.11,0.2252,0.8544999999999999,0.3782,-2.0146,10.0,-1.0638297872334529e-05,0.8350502107356083,-1.0638297872351065e-05,0.8537403462396571,-6.3829787234035525e-06,1.7891332792850647,140.31963829787233,25.994999773723652,1.0233044999115932,0.4430042927732306,-1.126016513328904,-5.013257912377535,-1.9716371385789921,-1.8978150945455572,1.464549521845951e-16,0.6946430883489975,1.3877787807814457e-16,0.6714232356723332,-2.8383455786843115,-2.8265555818085
Elite,Gibleedoo,16,2,FA,Free Agent,N/A,RSC003567,3.0,1.0,"[1, 2, 11]",214.062,0.562,0.562,1.25,1.875,29.973,0.104,0.25,0.688,0,1,3,72,43.0,174.3,39.76,4,6.25,33.51,33.51,1,1,1.31,0.58,2.16,5.0,12.02,234.56482978723406,29.002137895948547,0.8229787234042553,0.19398526270353886,0.5723404255319149,0.15623077643077507,2.4348936170212765,0.3724277130935761,33.67282978723404,4.937735307850936,1.1690851063829788,0.2263540733286866,0.4102110015568241,0.2559965777906769,0.32272226258432796,0.09920394477425672,1.2628283341982356,0.42446570982544296,27.753617021276597,10.943218155061572,1.0,0.0,1.0,0.0,27.753617021276597,10.943218155061572,1.612340425531915,0.25010617541840846,0.8527659574468085,0.217482654257455,1.446808510638298,0.42539550079885363,3.9144680851063827,1.3222244243346601,3.4438297872340424,1.5279690316567702,-0.7069420144401903,-1.3453533519352974,-0.06618686643022999,-1.503361853419855,-0.7492969056788772,0.35747045514628517,1.1961527150070206,0.7330581737430998,1.3542397439704321,0.5260228661402403,0,0,0.5260228661402403,-1.2088483022305327,1.254196378916313,1.6765374528465726,0.8209891565419041,5.61279059659138,,,,1.88,1.26,-0.0008510638297872418,1.5274856148005964,0.0002127659574468276,1.4990337313281428,1.2313379881324253,0.8403995238495284,0.8301,72.3816,8.267618268485208e-18,0.8445572580789967,39.32008085106383,17.860702699132506,0.9828818497020785,1.8510760581968577,0.1769,1.6838,0.6294,0.2216,2.5258,0.2703,0.3386,2.7117,3.1347,-0.6828,104.923,-1.0638297872334529e-05,0.8350502107356083,-1.0638297872351065e-05,0.8537403462396571,-6.3829787234035525e-06,1.7891332792850647,140.31963829787233,25.994999773723652,3.2473623782563754,3.671737726938718,-0.38163373569023323,-1.36167103696812,0.42392006140099303,0.886901420901308,1.464549521845951e-16,0.6946430883489975,1.3877787807814457e-16,0.6714232356723332,0.6102703222867311,1.3209275070935018
Elite,Liefx,4,2,FA,Free Agent,N/A,RSC003526,1.0,2.0,[2],171.25,0.5,0.25,0.75,2.75,18.182,0.917,0.333,2.417,0,0,0,72,43.0,132.75,38.5,0,0.0,38.5,38.5,1,1,2.25,1.5,0.5,2.25,0.82,234.56482978723406,29.002137895948547,0.8229787234042553,0.19398526270353886,0.5723404255319149,0.15623077643077507,2.4348936170212765,0.3724277130935761,33.67282978723404,4.937735307850936,1.1690851063829788,0.2263540733286866,0.4102110015568241,0.2559965777906769,0.32272226258432796,0.09920394477425672,1.2628283341982356,0.42446570982544296,27.753617021276597,10.943218155061572,1.0,0.0,1.0,0.0,27.753617021276597,10.943218155061572,1.612340425531915,0.25010617541840846,0.8527659574468085,0.217482654257455,1.446808510638298,0.42539550079885363,3.9144680851063827,1.3222244243346601,3.4438297872340424,1.5279690316567702,-2.1831090526632804,-1.6649652602623364,-2.0632325646460705,0.846087366488621,-3.1372337360011633,-1.851458205368495,-1.979670989420674,-0.10360210412055226,-2.719116383456287,0.982013044650204,0,0,0.982013044650204,2.5495554973855783,-2.976026041079114,-2.225713503928177,-1.258839312353452,-1.7172008940449763,,,,-1.74,0.88,-0.0008510638297872418,1.5274856148005964,0.0002127659574468276,1.4990337313281428,-1.138569764139643,0.5869028932811687,-0.3913,19.25,8.267618268485208e-18,0.8445572580789967,39.32008085106383,17.860702699132506,-0.46331968171114724,-1.123700516667725,-0.0834,-0.5152,-0.3821,-0.2049,-0.7727,-0.1274,-0.3131,-1.1856,-1.2132,3.5316,95.682,-1.0638297872334529e-05,0.8350502107356083,-1.0638297872351065e-05,0.8537403462396571,-6.3829787234035525e-06,1.7891332792850647,140.31963829787233,25.994999773723652,-1.4197821238290858,-1.4210284977694707,1.9739202349362976,-1.7171624807242,-0.622434629720478,-0.7128490357837889,1.464549521845951e-16,0.6946430883489975,1.3877787807814457e-16,0.6714232356723332,-0.8960495543112049,-1.0616984904759423
Elite,Parkdog,12,2,FA,Free Agent,N/A,RSC001556,2.0,1.0,"[1, 2]",148.333,0.167,0.25,1.0,1.0,16.7,0.083,0.194,0.833,0,0,1,72,43.0,96.2,52.13,1,2.08,50.05,50.05,1,1,0.83,0.75,1.33,5.15,12.05,234.56482978723406,29.002137895948547,0.8229787234042553,0.19398526270353886,0.5723404255319149,0.15623077643077507,2.4348936170212765,0.3724277130935761,33.67282978723404,4.937735307850936,1.1690851063829788,0.2263540733286866,0.4102110015568241,0.2559965777906769,0.32272226258432796,0.09920394477425672,1.2628283341982356,0.42446570982544296,27.753617021276597,10.943218155061572,1.0,0.0,1.0,0.0,27.753617021276597,10.943218155061572,1.612340425531915,0.25010617541840846,0.8527659574468085,0.217482654257455,1.446808510638298,0.42539550079885363,3.9144680851063827,1.3222244243346601,3.4438297872340424,1.5279690316567702,-2.9732921792389733,-3.3815905098253025,-2.0632325646460705,-3.852811073328331,-3.4373713309920566,-0.7469938751111049,1.2781850616158539,1.2975518551932745,1.0126338223528069,2.0374612534257706,0,0,2.0374612534257706,-3.128033221183441,0.47252484478672313,-0.274588025540802,0.9344343457543783,5.632424502369871,,,,3.05,3.34,-0.0008510638297872418,1.5274856148005964,0.0002127659574468276,1.4990337313281428,1.9973026483971545,2.2279600280131815,1.5424,66.5665,8.267618268485208e-18,0.8445572580789967,39.32008085106383,17.860702699132506,1.8262823334302927,1.5254953630833088,0.3287,1.6897,0.5187,0.3595,2.5346,0.5022,0.5493,2.8966000000000003,3.5861000000000005,-1.0906,43.4,-1.0638297872334529e-05,0.8350502107356083,-1.0638297872351065e-05,0.8537403462396571,-6.3829787234035525e-06,1.7891332792850647,140.31963829787233,25.994999773723652,3.4687861892115506,4.200469913473201,-0.6095653295639755,-3.728395427640701,-0.511241367598742,0.19166993234327423,1.464549521845951e-16,0.6946430883489975,1.3877787807814457e-16,0.6714232356723332,-0.7359770451525575,0.2854681252598361
Elite,Seifer,16,2,FA,Free Agent,N/A,RSC000204,1.0,2.0,[2],201.562,0.625,0.5,1.125,2.562,24.395,0.312,0.458,1.375,0,0,0,72,43.0,177.24,24.32,0,0.0,24.32,24.32,1,1,1.94,1.06,1.06,2.46,3.61,234.56482978723406,29.002137895948547,0.8229787234042553,0.19398526270353886,0.5723404255319149,0.15623077643077507,2.4348936170212765,0.3724277130935761,33.67282978723404,4.937735307850936,1.1690851063829788,0.2263540733286866,0.4102110015568241,0.2559965777906769,0.32272226258432796,0.09920394477425672,1.2628283341982356,0.42446570982544296,27.753617021276597,10.943218155061572,1.0,0.0,1.0,0.0,27.753617021276597,10.943218155061572,1.612340425531915,0.25010617541840846,0.8527659574468085,0.217482654257455,1.446808510638298,0.42539550079885363,3.9144680851063827,1.3222244243346601,3.4438297872340424,1.5279690316567702,-1.1379447234420734,-1.0205864128287905,-0.4630356910756857,0.3412914198111423,-1.8789645877701087,-0.19476170998240988,0.38364185335762263,-1.3636326430718353,-0.26426555362480003,-0.31376666101538364,0,0,-0.31376666101538364,1.3100819038951583,-0.952876188037823,-0.9092914944138034,-1.1000160474559886,0.10875234335461616,,,,-0.58,-1.68,-0.0008510638297872418,1.5274856148005964,0.0002127659574468276,1.4990337313281428,-0.37915181037290285,-1.1208638810740967,-1.1098,25.7792,8.267618268485208e-18,0.8445572580789967,39.32008085106383,17.860702699132506,-1.3140612899643014,-0.7581381919380759,-0.2365,0.0326,-0.2578,-0.0682,0.0489,-0.3614,-0.1043,-0.5299,-0.4168,0.9963,112.515,-1.0638297872334529e-05,0.8350502107356083,-1.0638297872351065e-05,0.8537403462396571,-6.3829787234035525e-06,1.7891332792850647,140.31963829787233,25.994999773723652,-0.6345598802200652,-0.48819218107460616,0.5568653797423331,-1.0696148697788372,-0.48689705585372645,-0.4466905344120639,1.464549521845951e-16,0.6946430883489975,1.3877787807814457e-16,0.6714232356723332,-0.7009312609889575,-0.6652890616226115
Elite,Skillett,3,2,FA,Free Agent,N/A,RSC003529,1.0,2.0,[2],160.0,0.0,0.333,1.0,1.333,0.0,0.3482292682926829,0.333,0.222,0,0,0,72,43.0,86.98,73.02,0,0.0,73.02,73.02,1,1,1.33,-0.13,-7.69,3.0,2.87,234.56482978723406,29.002137895948547,0.8229787234042553,0.19398526270353886,0.5723404255319149,0.15623077643077507,2.4348936170212765,0.3724277130935761,33.67282978723404,4.937735307850936,1.1690851063829788,0.2263540733286866,0.4102110015568241,0.2559965777906769,0.32272226258432796,0.09920394477425672,1.2628283341982356,0.42446570982544296,27.753617021276597,10.943218155061572,1.0,0.0,1.0,0.0,27.753617021276597,10.943218155061572,1.612340425531915,0.25010617541840846,0.8527659574468085,0.217482654257455,1.446808510638298,0.42539550079885363,3.9144680851063827,1.3222244243346601,3.4438297872340424,1.5279690316567702,-2.5710114907649753,-4.24248064999652,-1.5319672026207025,-2.9586778273517336,-6.8194886294724375,-0.7469938751111049,0.24211938221620435,-0.10360210412055226,2.452090498962249,4.136478167328348,0,0,4.136478167328348,-1.1288822639408282,4.518824550869305,-21.478385393075882,-0.6916133662910823,-0.375550665848143,,,,6.59,4.03,-0.0008510638297872418,1.5274856148005964,0.0002127659574468276,1.4990337313281428,4.31483674868531,2.688256541413624,0.8969,-561.5238,8.267618268485208e-18,0.8445572580789967,39.32008085106383,17.860702699132506,1.061976546196596,-33.640551045074325,0.1912,-0.1127,-11.4378,0.7767,-0.169,0.292,1.1866,-10.5826,1.3096,3.0076,13.33,-1.0638297872334529e-05,0.8350502107356083,-1.0638297872351065e-05,0.8537403462396571,-6.3829787234035525e-06,1.7891332792850647,140.31963829787233,25.994999773723652,-12.672997654092878,1.5339683125743317,1.6810409921951477,-4.885156353270539,-5.682270699266176,-0.7416191240208259,1.464549521845951e-16,0.6946430883489975,1.3877787807814457e-16,0.6714232356723332,-8.180129903504245,-1.104547898581737
Elite,Sparcnova,20,2,FA,Free Agent,N/A,RSC000220,13.0,1.0,"[1, 2, 4, 5, 6, 8, 9, 14, 15, 16, 17, 19, 20]",232.0,0.9,0.8,1.0,2.4,37.5,0.5,0.417,1.45,1,1,2,72,43.0,211.0,21.0,4,5.0,16.0,16.0,1,1,1.5,0.95,1.05,2.4,2.0,234.56482978723406,29.002137895948547,0.8229787234042553,0.19398526270353886,0.5723404255319149,0.15623077643077507,2.4348936170212765,0.3724277130935761,33.67282978723404,4.937735307850936,1.1690851063829788,0.2263540733286866,0.4102110015568241,0.2559965777906769,0.32272226258432796,0.09920394477425672,1.2628283341982356,0.42446570982544296,27.753617021276597,10.943218155061572,1.0,0.0,1.0,0.0,27.753617021276597,10.943218155061572,1.612340425531915,0.25010617541840846,0.8527659574468085,0.217482654257455,1.446808510638298,0.42539550079885363,3.9144680851063827,1.3222244243346601,3.4438297872340424,1.5279690316567702,-0.0884358869141283,0.39704705152501085,1.457200557208776,-0.09369232147476957,0.7750861425643463,-0.7469938751111049,-0.35074296390241,-0.950342626295814,-0.44095827170288204,-1.0740548945229782,0,0,-1.0740548945229782,-0.4491709384783403,-0.4470887247774999,-0.9327990302979886,-1.1453941231409783,-0.94493393342436,,,,-1.52,-2.02,-0.0008510638297872418,1.5274856148005964,0.0002127659574468276,1.4990337313281428,-0.994542221183882,-1.3476766557931552,-1.2405,16.8,8.267618268485208e-18,0.8445572580789967,39.32008085106383,17.860702699132506,-1.4688169311594126,-1.2608731711411123,-0.2644,-0.2835,-0.4287,-0.179,-0.4252,-0.4039,-0.2735,-1.1556,-1.1026,-1.5232,151.5,-1.0638297872334529e-05,0.8350502107356083,-1.0638297872351065e-05,0.8537403462396571,-6.3829787234035525e-06,1.7891332792850647,140.31963829787233,25.994999773723652,-1.3838561404399283,-1.2914809128542872,-0.851358383781192,0.4300966262530626,-0.5145006394648732,-0.5660835917980984,1.464549521845951e-16,0.6946430883489975,1.3877787807814457e-16,0.6714232356723332,-0.7406690545035435,-0.8431099219127377
Elite,Stover,4,2,FA,Free Agent,N/A,,,,,212.5,0.75,0.25,1.25,2.25,33.333,0.3482292682926829,0.2967365853658537,0.5,0,0,1,72,43.0,181.25,31.25,1,6.25,25.0,25.0,1,1,1.5,0.15,8.33,4.21,3.59,234.56482978723406,29.002137895948547,0.8229787234042553,0.19398526270353886,0.5723404255319149,0.15623077643077507,2.4348936170212765,0.3724277130935761,33.67282978723404,4.937735307850936,1.1690851063829788,0.2263540733286866,0.4102110015568241,0.2559965777906769,0.32272226258432796,0.09920394477425672,1.2628283341982356,0.42446570982544296,27.753617021276597,10.943218155061572,1.0,0.0,1.0,0.0,27.753617021276597,10.943218155061572,1.612340425531915,0.25010617541840846,0.8527659574468085,0.217482654257455,1.446808510638298,0.42539550079885363,3.9144680851063827,1.3222244243346601,3.4438297872340424,1.5279690316567702,-0.7608001129570661,-0.3762075653952444,-2.0632325646460705,-0.4964550448876509,-0.0688230061043815,0.35747045514628517,0.24211938221620435,0.26194197496486576,1.7971494906194911,-0.2516277188537053,0,0,-0.2516277188537053,-0.4491709384783403,3.231365553479393,16.180687093388862,0.22351116002287447,0.09566307283562266,,,,1.55,0.01,-0.0008510638297872418,1.5274856148005964,0.0002127659574468276,1.4990337313281428,1.0152966736987838,0.006529028558871515,0.1215,208.25,8.267618268485208e-18,0.8445572580789967,39.32008085106383,17.860702699132506,0.14386235964197389,9.458189971279298,0.0259,0.0287,3.2158,0.1828,0.043,0.0396,0.2792,3.4532000000000003,0.3618,-0.7008,130.833,-1.0638297872334529e-05,0.8350502107356083,-1.0638297872351065e-05,0.8537403462396571,-6.3829787234035525e-06,1.7891332792850647,140.31963829787233,25.994999773723652,4.135332934358387,0.42379470513662115,-0.3916944730363033,-0.36494088788035484,1.112926005466324,-0.05586751111099206,1.464549521845951e-16,0.6946430883489975,1.3877787807814457e-16,0.6714232356723332,1.602155155839074,-0.08320759268190796
Elite,Ven,22,2,FA,Free Agent,N/A,,,,,215.455,0.636,0.273,0.909,2.0,31.8,0.106,0.076,0.318,0,0,2,72,43.0,149.06,66.4,2,2.27,64.13,64.13,1,1,1.36,0.21,4.33,11.96,8.58,234.56482978723406,29.002137895948547,0.8229787234042553,0.19398526270353886,0.5723404255319149,0.15623077643077507,2.4348936170212765,0.3724277130935761,33.67282978723404,4.937735307850936,1.1690851063829788,0.2263540733286866,0.4102110015568241,0.2559965777906769,0.32272226258432796,0.09920394477425672,1.2628283341982356,0.42446570982544296,27.753617021276597,10.943218155061572,1.0,0.0,1.0,0.0,27.753617021276597,10.943218155061572,1.612340425531915,0.25010617541840846,0.8527659574468085,0.217482654257455,1.446808510638298,0.42539550079885363,3.9144680851063827,1.3222244243346601,3.4438297872340424,1.5279690316567702,-0.6589110725490205,-0.9638810742546383,-1.9160144522775948,-1.1677262505757868,-0.37928922278524474,-1.1490188913247947,1.188340110568084,2.4870206839632854,2.2259238198223037,3.3241028793617,0,0,3.3241028793617,-1.0089332065062713,2.955481482610126,6.7776727397147685,6.084845936000698,3.3614360673244996,,,,5.55,5.81,-0.0008510638297872418,1.5274856148005964,0.0002127659574468276,1.4990337313281428,3.6339792728944396,3.8756881267075194,5.0465,277.6829,8.267618268485208e-18,0.8445572580789967,39.32008085106383,17.860702699132506,5.975320147598529,13.345657400171241,1.0756,1.0084,4.5375,0.6541,1.5126,1.6432,0.9993,7.275599999999999,4.1551,2.3152,115.39999999999999,-1.0638297872334529e-05,0.8350502107356083,-1.0638297872351065e-05,0.8537403462396571,-6.3829787234035525e-06,1.7891332792850647,140.31963829787233,25.994999773723652,8.712782231248916,4.866948899158004,1.294037962282987,-0.9586319874894436,2.8411555911327713,1.912241155114919,1.464549521845951e-16,0.6946430883489975,1.3877787807814457e-16,0.6714232356723332,4.090094091176415,2.848041374677905
Elite,basedBara,35,2,FA,Free Agent,N/A,,,,,202.286,0.629,0.6,1.0,1.943,32.373,0.219,0.248,0.695,0,2,4,72,43.0,169.33,32.96,6,4.29,28.67,28.67,1,1,1.31,0.48,2.08,4.03,4.57,234.56482978723406,29.002137895948547,0.8229787234042553,0.19398526270353886,0.5723404255319149,0.15623077643077507,2.4348936170212765,0.3724277130935761,33.67282978723404,4.937735307850936,1.1690851063829788,0.2263540733286866,0.4102110015568241,0.2559965777906769,0.32272226258432796,0.09920394477425672,1.2628283341982356,0.42446570982544296,27.753617021276597,10.943218155061572,1.0,0.0,1.0,0.0,27.753617021276597,10.943218155061572,1.612340425531915,0.25010617541840846,0.8527659574468085,0.217482654257455,1.446808510638298,0.42539550079885363,3.9144680851063827,1.3222244243346601,3.4438297872340424,1.5279690316567702,-1.1129810465366847,-0.999966289710917,0.17704305835246797,-1.3207760854726818,-0.26324412026852334,-0.7469938751111049,0.7469279597681707,0.7532186623663203,1.3377484236164778,0.08373980722476504,0,0,0.08373980722476504,-1.2088483022305327,1.7140031636984245,1.4884771657730904,0.08737693296790591,0.7370373282663042,,,,1.42,0.84,-0.0008510638297872418,1.5274856148005964,0.0002127659574468276,1.4990337313281428,0.9301894892249248,0.5602190374318677,0.3096,59.6336,8.267618268485208e-18,0.8445572580789967,39.32008085106383,17.860702699132506,0.36658260530991865,1.1373303442267588,0.066,0.2211,0.3867,0.1674,0.3317,0.1008,0.2558,0.8412,0.6883,-1.1251,114.703,-1.0638297872334529e-05,0.8350502107356083,-1.0638297872351065e-05,0.8537403462396571,-6.3829787234035525e-06,1.7891332792850647,140.31963829787233,25.994999773723652,1.0073773139424,0.8062294833898523,-0.6288484094772764,-0.985444836347574,-0.23153249149690222,-0.18319196600373197,1.464549521845951e-16,0.6946430883489975,1.3877787807814457e-16,0.6714232356723332,-0.33331144494246734,-0.27284126653777757
Elite,bobandrews43,12,2,FA,Free Agent,N/A,,,,,132.5,0.25,0.75,0.583,1.75,14.286,0.25,0.75,0.972,0,0,0,72,43.0,113.23,19.27,0,0.0,19.27,19.27,1,1,1.5,0.72,0.81,0.78,2.33,234.56482978723406,29.002137895948547,0.8229787234042553,0.19398526270353886,0.5723404255319149,0.15623077643077507,2.4348936170212765,0.3724277130935761,33.67282978723404,4.937735307850936,1.1690851063829788,0.2263540733286866,0.4102110015568241,0.2559965777906769,0.32272226258432796,0.09920394477425672,1.2628283341982356,0.42446570982544296,27.753617021276597,10.943218155061572,1.0,0.0,1.0,0.0,27.753617021276597,10.943218155061572,1.612340425531915,0.25010617541840846,0.8527659574468085,0.217482654257455,1.446808510638298,0.42539550079885363,3.9144680851063827,1.3222244243346601,3.4438297872340424,1.5279690316567702,-3.5192174505691183,-2.9537229551294284,1.137161182494699,-1.8389974562639229,-3.9262594243173043,-2.5892403779804316,0.6258325909646547,-4.307063982062032,0.6851633181814278,-0.7752396873631424,0,0,-0.7752396873631424,-0.4491709384783403,0.6104668802213568,-1.4969798915184342,-2.370602166635697,-0.7289609698609674,,,,-0.09,-5.08,-0.0008510638297872418,1.5274856148005964,0.0002127659574468276,1.4990337313281428,-0.05836319197143509,-3.3889916282646837,-2.8492,15.6087,8.267618268485208e-18,0.8445572580789967,39.32008085106383,17.860702699132506,-3.3736019349128568,-1.327572674518315,-0.6072,-0.2187,-0.4514,-0.0105,-0.328,-0.9277,-0.016,-1.2877999999999998,-1.2717,-1.2244,56.786,-1.0638297872334529e-05,0.8350502107356083,-1.0638297872351065e-05,0.8537403462396571,-6.3829787234035525e-06,1.7891332792850647,140.31963829787233,25.994999773723652,-1.5421699739081491,-1.4895505024488398,-0.6843501438364293,-3.21345024139258,-1.9790707267825574,-1.9169063224016076,1.464549521845951e-16,0.6946430883489975,1.3877787807814457e-16,0.6714232356723332,-2.849046884618605,-2.8549895513849823
Elite,tykilla,4,2,FA,Free Agent,N/A,RSC000056,2.0,1.0,"[1, 2]",123.75,0.25,0.25,1.0,1.0,25.0,0.3482292682926829,0.2967365853658537,1.1426439024390245,0,0,1,72,43.0,104.5,19.25,1,6.25,13.0,13.0,1,1,0.75,0.79,1.27,3.37,2.87,234.56482978723406,29.002137895948547,0.8229787234042553,0.19398526270353886,0.5723404255319149,0.15623077643077507,2.4348936170212765,0.3724277130935761,33.67282978723404,4.937735307850936,1.1690851063829788,0.2263540733286866,0.4102110015568241,0.2559965777906769,0.32272226258432796,0.09920394477425672,1.2628283341982356,0.42446570982544296,27.753617021276597,10.943218155061572,1.0,0.0,1.0,0.0,27.753617021276597,10.943218155061572,1.612340425531915,0.25010617541840846,0.8527659574468085,0.217482654257455,1.446808510638298,0.42539550079885363,3.9144680851063827,1.3222244243346601,3.4438297872340424,1.5279690316567702,-3.8209193468704368,-2.9537229551294284,-2.0632325646460705,-3.852811073328331,-1.756438781447915,-0.7469938751111049,0.24211938221620435,0.26194197496486576,0.2831428522427305,-1.3481972864127358,0,0,-1.3481972864127358,-3.4478973743422587,0.2886021308738783,-0.4156332408459136,-0.4117818995669797,-0.375550665848143,,,,-1.07,-1.09,-0.0008510638297872418,1.5274856148005964,0.0002127659574468276,1.4990337313281428,-0.6999404287743708,-0.7272770072969067,-0.5601,16.51,8.267618268485208e-18,0.8445572580789967,39.32008085106383,17.860702699132506,-0.6631877171643588,-1.2771099343236765,-0.1194,-0.1127,-0.4342,-0.126,-0.169,-0.1824,-0.1925,-0.7922999999999999,-0.5439,-4.7961,60.0,-1.0638297872334529e-05,0.8350502107356083,-1.0638297872351065e-05,0.8537403462396571,-6.3829787234035525e-06,1.7891332792850647,140.31963829787233,25.994999773723652,-0.94879248159723,-0.6370664852583295,-2.680679898223004,-3.089811078939161,-2.2728095230229615,-2.010521758094951,1.464549521845951e-16,0.6946430883489975,1.3877787807814457e-16,0.6714232356723332,-3.2719097924444807,-2.994417904053774
Elite,Nicnac,43,2,Falcons,Birds of Prey,Solar,RSC003583,1.0,2.0,[2],223.953,0.674,0.512,1.233,2.186,30.833,1.167,0.667,2.167,0,1,6,72,43.0,185.14,38.81,7,4.07,34.74,34.74,1,1,1.51,1.0,1.23,1.85,1.06,234.56482978723406,29.002137895948547,0.8229787234042553,0.19398526270353886,0.5723404255319149,0.15623077643077507,2.4348936170212765,0.3724277130935761,33.67282978723404,4.937735307850936,1.1690851063829788,0.2263540733286866,0.4102110015568241,0.2559965777906769,0.32272226258432796,0.09920394477425672,1.2628283341982356,0.42446570982544296,27.753617021276597,10.943218155061572,1.0,0.0,1.0,0.0,27.753617021276597,10.943218155061572,1.612340425531915,0.25010617541840846,0.8527659574468085,0.217482654257455,1.446808510638298,0.42539550079885363,3.9144680851063827,1.3222244243346601,3.4438297872340424,1.5279690316567702,-0.36589819086118053,-0.7679899046348402,-0.3862262411443072,-0.6683004735438138,-0.5751279909068338,0.282366880688783,-2.9562465442877386,-3.4704037041983806,-2.130140656529347,0.6384212468150413,0,0,0.6384212468150413,-0.40918791933348797,-0.6769921171685559,-0.5096633843826546,-1.5613598169200493,-1.5601296478170543,,,,-1.49,-2.83,-0.0008510638297872418,1.5274856148005964,0.0002127659574468276,1.4990337313281428,-0.9749021016899146,-1.888024736741501,-1.7149,42.7302,8.267618268485208e-18,0.8445572580789967,39.32008085106383,17.860702699132506,-2.0305313625516135,0.19092861050208312,-0.3655,-0.468,0.0649,-0.1755,-0.7021,-0.5584,-0.2681,-0.9440999999999999,-1.5286,0.2292,120.093,-1.0638297872334529e-05,0.8350502107356083,-1.0638297872351065e-05,0.8537403462396571,-6.3829787234035525e-06,1.7891332792850647,140.31963829787233,25.994999773723652,-1.1305779575463675,-1.790461664878411,0.12811028984398187,-0.7780972677029173,-0.6497398548135931,-0.9655532127618589,1.464549521845951e-16,0.6946430883489975,1.3877787807814457e-16,0.6714232356723332,-0.9353578344209418,-1.4380694046058702
Elite,Panda,52,2,Falcons,Birds of Prey,Solar,RSC006747,8.0,2.0,"[2, 18, 19, 20, 21, 22, 23, 24]",253.558,0.808,0.462,1.154,2.769,29.18,0.404,0.359,1.16,2,0,5,72,43.0,197.37,56.19,7,3.37,52.82,52.82,1,1,1.96,0.76,1.52,3.21,2.86,234.56482978723406,29.002137895948547,0.8229787234042553,0.19398526270353886,0.5723404255319149,0.15623077643077507,2.4348936170212765,0.3724277130935761,33.67282978723404,4.937735307850936,1.1690851063829788,0.2263540733286866,0.4102110015568241,0.2559965777906769,0.32272226258432796,0.09920394477425672,1.2628283341982356,0.42446570982544296,27.753617021276597,10.943218155061572,1.0,0.0,1.0,0.0,27.753617021276597,10.943218155061572,1.612340425531915,0.25010617541840846,0.8527659574468085,0.217482654257455,1.446808510638298,0.42539550079885363,3.9144680851063827,1.3222244243346601,3.4438297872340424,1.5279690316567702,0.6548886251388792,-0.07721578018607883,-0.706265615858384,0.8971039781209197,-0.9098968468582149,-0.06664384767255302,0.024262049166542718,-0.3656884562224188,0.24225357153236887,2.2905860619373137,0,0,2.2905860619373137,1.390047942184863,0.42654416630851194,0.17205515625871728,-0.5327901013936187,-0.3820953011076399,,,,2.53,1.92,-0.0008510638297872418,1.5274856148005964,0.0002127659574468276,1.4990337313281428,1.6568739105017192,1.2806831453629952,0.3195,80.2864,8.267618268485208e-18,0.8445572580789967,39.32008085106383,17.860702699132506,0.37830472350296845,2.2936566292504215,0.0681,-0.1146,0.7798,0.2982,-0.1719,0.104,0.4556,1.0315,0.3877,3.6806,137.67000000000002,-1.0638297872334529e-05,0.8350502107356083,-1.0638297872351065e-05,0.8537403462396571,-6.3829787234035525e-06,1.7891332792850647,140.31963829787233,25.994999773723652,1.2352678019076233,0.45413179780663243,2.057200782967655,-0.10192876787599092,0.9223110788803862,0.6386865505995335,1.464549521845951e-16,0.6946430883489975,1.3877787807814457e-16,0.6714232356723332,1.3277481549157881,0.9512428475311571
Elite,Poofy,44,2,Falcons,Birds of Prey,Solar,RSC000482,10.0,2.0,"[2, 3, 4, 5, 7, 8, 9, 10, 11, 12]",240.227,0.841,0.523,1.341,2.523,33.333,0.265,0.227,0.902,1,0,8,72,43.0,211.92,28.31,9,5.11,23.2,23.2,1,1,1.68,0.64,2.1,5.91,5.06,234.56482978723406,29.002137895948547,0.8229787234042553,0.19398526270353886,0.5723404255319149,0.15623077643077507,2.4348936170212765,0.3724277130935761,33.67282978723404,4.937735307850936,1.1690851063829788,0.2263540733286866,0.4102110015568241,0.2559965777906769,0.32272226258432796,0.09920394477425672,1.2628283341982356,0.42446570982544296,27.753617021276597,10.943218155061572,1.0,0.0,1.0,0.0,27.753617021276597,10.943218155061572,1.612340425531915,0.25010617541840846,0.8527659574468085,0.217482654257455,1.446808510638298,0.42539550079885363,3.9144680851063827,1.3222244243346601,3.4438297872340424,1.5279690316567702,0.19523285604255125,0.09290023553637689,-0.3158175787072102,0.23657311172379392,-0.0688230061043815,0.759495471359975,0.5672380576726307,0.9649037929101357,0.850076521720971,-0.41611315398755994,0,0,-0.41611315398755994,0.27052340612899994,0.9783123080470458,1.535492237541461,1.509223304430913,1.0577244559816443,,,,0.43,0.55,-0.0008510638297872418,1.5274856148005964,0.0002127659574468276,1.4990337313281428,0.2820655459240001,0.36676108252443534,0.9723,48.72,8.267618268485208e-18,0.8445572580789967,39.32008085106383,17.860702699132506,1.151254092838611,0.5262905557121627,0.2072,0.3173,0.1789,0.0508,0.476,0.3166,0.0776,0.7542,0.8702,-0.1456,142.663,-1.0638297872334529e-05,0.8350502107356083,-1.0638297872351065e-05,0.8537403462396571,-6.3829787234035525e-06,1.7891332792850647,140.31963829787233,25.994999773723652,0.9031919621138432,1.0192919218715146,-0.08137661889529862,0.09014663291116488,0.3121403135603036,0.42063916806175355,1.464549521845951e-16,0.6946430883489975,1.3877787807814457e-16,0.6714232356723332,0.4493535152018675,0.6264888459520531
Elite,PxlBuzzard,48,2,Falcons,Birds of Prey,Solar,RSC001590,2.0,1.0,"[1, 2]",210.833,0.812,0.604,0.896,2.208,36.775,0.396,0.396,1.347,5,2,1,72,43.0,184.55,26.28,8,4.17,22.11,22.11,1,1,1.4,0.95,0.94,2.26,2.26,234.56482978723406,29.002137895948547,0.8229787234042553,0.19398526270353886,0.5723404255319149,0.15623077643077507,2.4348936170212765,0.3724277130935761,33.67282978723404,4.937735307850936,1.1690851063829788,0.2263540733286866,0.4102110015568241,0.2559965777906769,0.32272226258432796,0.09920394477425672,1.2628283341982356,0.42446570982544296,27.753617021276597,10.943218155061572,1.0,0.0,1.0,0.0,27.753617021276597,10.943218155061572,1.612340425531915,0.25010617541840846,0.8527659574468085,0.217482654257455,1.446808510638298,0.42539550079885363,3.9144680851063827,1.3222244243346601,3.4438297872340424,1.5279690316567702,-0.8182786342295573,-0.05659565706820534,0.20264620832959415,-0.6092286074432572,0.6282576969716348,-1.206451036498179,0.05551246692228882,-0.7386574957519989,-0.19830027220898266,-0.5157182230408385,0,0,-0.5157182230408385,-0.849001129926863,-0.4470887247774999,-1.1913819250240265,-1.2512762997392874,-0.7747734166774448,,,,-0.71,-1.25,-0.0008510638297872418,1.5274856148005964,0.0002127659574468276,1.4990337313281428,-0.4642589948467617,-0.8340124306941108,-1.0552,20.7834,8.267618268485208e-18,0.8445572580789967,39.32008085106383,17.860702699132506,-1.2494120320511182,-1.0378472316189526,-0.2249,-0.2324,-0.3529,-0.0836,-0.3486,-0.3436,-0.1277,-0.8937999999999999,-0.8199000000000001,-1.3647,140.055,-1.0638297872334529e-05,0.8350502107356083,-1.0638297872351065e-05,0.8537403462396571,-6.3829787234035525e-06,1.7891332792850647,140.31963829787233,25.994999773723652,-1.0703420587305466,-0.9603497893866352,-0.7627680021505198,-0.010180353920980849,-0.563232381530113,-0.570869163682332,1.464549521845951e-16,0.6946430883489975,1.3877787807814457e-16,0.6714232356723332,-0.810822695823237,-0.8502374260412499
Elite,Cearu,59,2,Gladiators,The Sovereign,Lunar,RSC000252,8.0,2.0,"[2, 3, 4, 5, 6, 7, 10, 14]",301.61,1.254,0.898,1.051,3.034,41.332,0.373,0.294,1.209,10,4,8,72,43.0,260.55,41.06,22,9.32,31.74,31.74,1,1,1.78,0.84,1.25,3.57,2.82,234.56482978723406,29.002137895948547,0.8229787234042553,0.19398526270353886,0.5723404255319149,0.15623077643077507,2.4348936170212765,0.3724277130935761,33.67282978723404,4.937735307850936,1.1690851063829788,0.2263540733286866,0.4102110015568241,0.2559965777906769,0.32272226258432796,0.09920394477425672,1.2628283341982356,0.42446570982544296,27.753617021276597,10.943218155061572,1.0,0.0,1.0,0.0,27.753617021276597,10.943218155061572,1.612340425531915,0.25010617541840846,0.8527659574468085,0.217482654257455,1.446808510638298,0.42539550079885363,3.9144680851063827,1.3222244243346601,3.4438297872340424,1.5279690316567702,2.311731998975559,2.221927947456813,2.084477731648367,1.6086514561503429,1.5511504232695452,-0.5216831517385977,0.14535741797005886,0.28952742403224835,0.1268143290546882,0.3642788549252834,0,0,0.3642788549252834,0.6703535975775228,0.058698738482822845,-0.4626483126142841,-0.26052164728368127,-0.4082738421456269,,,,0.49,0.65,-0.0008510638297872418,1.5274856148005964,0.0002127659574468276,1.4990337313281428,0.321345784911935,0.4334707221476879,0.0657,39.675,8.267618268485208e-18,0.8445572580789967,39.32008085106383,17.860702699132506,0.07779223891751179,0.019871510931840735,0.014,-0.1225,0.0068,0.0578,-0.1837,0.0214,0.0884,-0.0439,-0.0739,1.0346,197.072,-1.0638297872334529e-05,0.8350502107356083,-1.0638297872351065e-05,0.8537403462396571,-6.3829787234035525e-06,1.7891332792850647,140.31963829787233,25.994999773723652,-0.052558949315712256,-0.08654781518476562,0.5782723930953599,2.183203008122134,1.0120702961104158,0.8901193311929483,1.464549521845951e-16,0.6946430883489975,1.3877787807814457e-16,0.6714232356723332,1.4569644657602043,1.3257201775294871
Elite,DeadSet | anubis,60,2,Gladiators,The Sovereign,Lunar,RSC003534,1.0,2.0,[2],310.75,1.367,0.933,0.917,3.483,39.248,0.328,0.289,1.044,6,4,5,72,43.0,270.45,40.3,15,6.25,34.05,34.05,1,1,2.12,0.72,1.27,3.17,2.8,234.56482978723406,29.002137895948547,0.8229787234042553,0.19398526270353886,0.5723404255319149,0.15623077643077507,2.4348936170212765,0.3724277130935761,33.67282978723404,4.937735307850936,1.1690851063829788,0.2263540733286866,0.4102110015568241,0.2559965777906769,0.32272226258432796,0.09920394477425672,1.2628283341982356,0.42446570982544296,27.753617021276597,10.943218155061572,1.0,0.0,1.0,0.0,27.753617021276597,10.943218155061572,1.612340425531915,0.25010617541840846,0.8527659574468085,0.217482654257455,1.446808510638298,0.42539550079885363,3.9144680851063827,1.3222244243346601,3.4438297872340424,1.5279690316567702,2.626881179797736,2.8044464255367383,2.3085052939482207,2.814254541566236,1.1290945879382204,-1.1136760327565582,0.3211410178461304,0.3399286455902997,0.5155383088264689,0.5753684966803966,0,0,0.5753684966803966,2.0297762485024995,0.6104668802213568,-0.4156332408459136,-0.5630421518502785,-0.4213631126646204,,,,1.09,0.92,-0.0008510638297872418,1.5274856148005964,0.0002127659574468276,1.4990337313281428,0.7141481747912833,0.6135867491304698,-0.01,43.2435,8.267618268485208e-18,0.8445572580789967,39.32008085106383,17.860702699132506,-0.011840523427322966,0.21966768133522147,-0.0021,-0.1264,0.0747,0.1285,-0.1896,-0.0033,0.1964,0.07469999999999999,0.003500000000000003,2.6051,210.77799999999996,-1.0638297872334529e-05,0.8350502107356083,-1.0638297872351065e-05,0.8537403462396571,-6.3829787234035525e-06,1.7891332792850647,140.31963829787233,25.994999773723652,0.08946843834942404,0.004112067929476614,1.4560717265399705,2.7104582541042594,1.5068472524628058,1.326867013018917,1.464549521845951e-16,0.6946430883489975,1.3877787807814457e-16,0.6714232356723332,2.1692395386013636,1.9762006176182623
Elite,Metaquixotism,42,2,Gladiators,The Sovereign,Lunar,,,,,236.429,1.0,1.0,0.881,2.548,39.246,0.5,0.46,1.563,6,3,1,72,43.0,225.7,10.73,10,5.95,4.78,4.78,1,1,1.55,1.06,0.83,1.92,1.76,234.56482978723406,29.002137895948547,0.8229787234042553,0.19398526270353886,0.5723404255319149,0.15623077643077507,2.4348936170212765,0.3724277130935761,33.67282978723404,4.937735307850936,1.1690851063829788,0.2263540733286866,0.4102110015568241,0.2559965777906769,0.32272226258432796,0.09920394477425672,1.2628283341982356,0.42446570982544296,27.753617021276597,10.943218155061572,1.0,0.0,1.0,0.0,27.753617021276597,10.943218155061572,1.612340425531915,0.25010617541840846,0.8527659574468085,0.217482654257455,1.446808510638298,0.42539550079885363,3.9144680851063827,1.3222244243346601,3.4438297872340424,1.5279690316567702,0.06427699293941902,0.9125501294718475,2.7373580560650836,0.3037002322926073,1.1286895439503795,-1.2727188963136227,-0.35074296390241,-1.3837931316950558,-0.7071753002738591,-2.0993474401906718,0,0,-2.0993474401906718,-0.24925584275407883,-0.952876188037823,-1.449964819750064,-1.508418728620895,-1.102005179652282,,,,-2.81,-3.48,-0.0008510638297872418,1.5274856148005964,0.0002127659574468276,1.4990337313281428,-1.839067359424481,-2.3216373942926425,-1.8906,3.9674,8.267618268485208e-18,0.8445572580789967,39.32008085106383,17.860702699132506,-2.238569359169678,-1.9793555408534351,-0.4029,-0.3306,-0.673,-0.331,-0.4959,-0.6156,-0.5057,-1.7375,-1.6172,-2.3486,164.726,-1.0638297872334529e-05,0.8350502107356083,-1.0638297872351065e-05,0.8537403462396571,-6.3829787234035525e-06,1.7891332792850647,140.31963829787233,25.994999773723652,-2.0807004649116214,-1.8942402907688745,-1.312699084083759,0.9388867826341812,-0.6655051930697775,-0.7347446547393466,1.464549521845951e-16,0.6946430883489975,1.3877787807814457e-16,0.6714232356723332,-0.9580534294979113,-1.094309245946197
Elite,Vroko,29,2,Gladiators,The Sovereign,Lunar,RSC001792,3.0,2.0,"[2, 8, 9]",241.207,0.897,0.793,1.172,2.655,33.785,0.425,0.391,1.322,2,1,4,72,43.0,222.7,18.51,7,6.03,12.48,12.48,1,1,1.76,0.9,1.3,3.0,2.76,234.56482978723406,29.002137895948547,0.8229787234042553,0.19398526270353886,0.5723404255319149,0.15623077643077507,2.4348936170212765,0.3724277130935761,33.67282978723404,4.937735307850936,1.1690851063829788,0.2263540733286866,0.4102110015568241,0.2559965777906769,0.32272226258432796,0.09920394477425672,1.2628283341982356,0.42446570982544296,27.753617021276597,10.943218155061572,1.0,0.0,1.0,0.0,27.753617021276597,10.943218155061572,1.612340425531915,0.25010617541840846,0.8527659574468085,0.217482654257455,1.446808510638298,0.42539550079885363,3.9144680851063827,1.3222244243346601,3.4438297872340424,1.5279690316567702,0.22902346842829854,0.38158195918660576,1.4123950447488054,0.5910043083271288,0.022716935147901504,0.012877584105979136,-0.05777029744229057,-0.6882562741939475,-0.13940269951628884,-1.3957153010069603,0,0,-1.3957153010069603,0.5903875592878182,-0.21718533238644436,-0.3451106331933578,-0.6916133662910823,-0.4475416537026074,,,,-1.54,-2.08,-0.0008510638297872418,1.5274856148005964,0.0002127659574468276,1.4990337313281428,-1.0076356341798605,-1.387702439567107,-1.0188,16.224,8.267618268485208e-18,0.8445572580789967,39.32008085106383,17.860702699132506,-1.2063125267756627,-1.2931227421519984,-0.2171,-0.1343,-0.4397,-0.1814,-0.2014,-0.3317,-0.2771,-0.9724999999999999,-0.8102,-0.8053,150.035,-1.0638297872334529e-05,0.8350502107356083,-1.0638297872351065e-05,0.8537403462396571,-6.3829787234035525e-06,1.7891332792850647,140.31963829787233,25.994999773723652,-1.1645878884881031,-0.9489880210893722,-0.4501026426287654,0.37373963403331817,-0.3563458630975135,-0.35307357441465803,1.464549521845951e-16,0.6946430883489975,1.3877787807814457e-16,0.6714232356723332,-0.5129913031229658,-0.525858438695685
Elite,Apocalypse,45,2,Kings,House of Cards,Lunar,RSC000269,4.0,1.0,"[1, 2, 3, 5]",284.444,1.044,0.578,1.133,3.022,34.547,0.348,0.244,1.244,3,1,5,72,43.0,228.1,56.34,9,5.0,51.34,51.34,1,1,1.98,0.9,1.26,4.64,3.26,234.56482978723406,29.002137895948547,0.8229787234042553,0.19398526270353886,0.5723404255319149,0.15623077643077507,2.4348936170212765,0.3724277130935761,33.67282978723404,4.937735307850936,1.1690851063829788,0.2263540733286866,0.4102110015568241,0.2559965777906769,0.32272226258432796,0.09920394477425672,1.2628283341982356,0.42446570982544296,27.753617021276597,10.943218155061572,1.0,0.0,1.0,0.0,27.753617021276597,10.943218155061572,1.612340425531915,0.25010617541840846,0.8527659574468085,0.217482654257455,1.446808510638298,0.42539550079885363,3.9144680851063827,1.3222244243346601,3.4438297872340424,1.5279690316567702,1.719844598757453,1.1393714837684559,0.036225733478274014,1.5764304382773124,0.17703869451568904,-0.1594188514141734,0.2430149734567654,0.7935396396127614,0.04435772728491673,2.155342481938367,0,0,2.155342481938367,1.4700139804745675,-0.21718533238644436,-0.4391407767300988,0.5487207024319664,-0.12030989072777006,,,,2.2,2.95,-0.0008510638297872418,1.5274856148005964,0.0002127659574468276,1.4990337313281428,1.440832596068078,1.967792433482497,1.2157,64.6884,8.267618268485208e-18,0.8445572580789967,39.32008085106383,17.860702699132506,1.4394524330596516,1.4203427253827092,0.2591,-0.0361,0.4829,0.2593,-0.0541,0.3958,0.3962,0.9652,0.7379,3.6254,169.167,-1.0638297872334529e-05,0.8350502107356083,-1.0638297872351065e-05,0.8537403462396571,-6.3829787234035525e-06,1.7891332792850647,140.31963829787233,25.994999773723652,1.1558713786175847,0.8643267728274029,2.0263478551063736,1.1097273303801776,1.372442407974595,1.2315560332933546,1.464549521845951e-16,0.6946430883489975,1.3877787807814457e-16,0.6714232356723332,1.9757519091373472,1.8342469665353915
Elite,El Diablo Rojo,56,2,Kings,House of Cards,Lunar,RSC000425,10.0,1.0,"[1, 2, 3, 4, 5, 6, 7, 9, 10, 11]",260.089,0.821,0.714,1.446,2.643,31.063,0.3482292682926829,0.2967365853658537,1.1426439024390245,1,2,9,72,43.0,226.65,33.44,12,5.36,28.08,28.08,1,1,1.82,0.79,1.83,4.87,4.15,234.56482978723406,29.002137895948547,0.8229787234042553,0.19398526270353886,0.5723404255319149,0.15623077643077507,2.4348936170212765,0.3724277130935761,33.67282978723404,4.937735307850936,1.1690851063829788,0.2263540733286866,0.4102110015568241,0.2559965777906769,0.32272226258432796,0.09920394477425672,1.2628283341982356,0.42446570982544296,27.753617021276597,10.943218155061572,1.0,0.0,1.0,0.0,27.753617021276597,10.943218155061572,1.612340425531915,0.25010617541840846,0.8527659574468085,0.217482654257455,1.446808510638298,0.42539550079885363,3.9144680851063827,1.3222244243346601,3.4438297872340424,1.5279690316567702,0.8800789205381834,-0.01020038005299056,0.9067328327005633,0.5587832904540982,-0.5285479323050081,1.2233704900680789,0.24211938221620435,0.26194197496486576,0.2831428522427305,0.029825136819779063,0,0,0.029825136819779063,0.8302856741569319,0.2886021308738783,0.9007887686684597,0.7226699925577601,0.46216264736744084,,,,0.31,0.29,-0.0008510638297872418,1.5274856148005964,0.0002127659574468276,1.4990337313281428,0.20350506794813047,0.19331601950397864,0.4739,51.3864,8.267618268485208e-18,0.8445572580789967,39.32008085106383,17.860702699132506,0.5611224052208348,0.6755791948500567,0.101,0.1386,0.2297,0.0366,0.208,0.1543,0.056,0.5058999999999999,0.41829999999999995,0.8601,139.593,-1.0638297872334529e-05,0.8350502107356083,-1.0638297872351065e-05,0.8537403462396571,-6.3829787234035525e-06,1.7891332792850647,140.31963829787233,25.994999773723652,0.6058445729295822,0.48997407717737934,0.48073913382373656,-0.027953002661952095,0.3185470741343902,0.3013039420303457,1.464549521845951e-16,0.6946430883489975,1.3877787807814457e-16,0.6714232356723332,0.4585766121872762,0.4487541181511738
Elite,Prussia,32,2,Kings,House of Cards,Lunar,RSC000159,12.0,1.0,"[1, 2, 3, 4, 5, 6, 7, 8, 9, 12, 16, 19]",198.125,0.719,0.469,1.0,2.156,33.349,0.135,0.094,0.802,2,0,2,72,43.0,173.91,24.22,4,3.12,21.1,21.1,1,1,1.44,0.67,1.49,10.64,7.41,234.56482978723406,29.002137895948547,0.8229787234042553,0.19398526270353886,0.5723404255319149,0.15623077643077507,2.4348936170212765,0.3724277130935761,33.67282978723404,4.937735307850936,1.1690851063829788,0.2263540733286866,0.4102110015568241,0.2559965777906769,0.32272226258432796,0.09920394477425672,1.2628283341982356,0.42446570982544296,27.753617021276597,10.943218155061572,1.0,0.0,1.0,0.0,27.753617021276597,10.943218155061572,1.612340425531915,0.25010617541840846,0.8527659574468085,0.217482654257455,1.446808510638298,0.42539550079885363,3.9144680851063827,1.3222244243346601,3.4438297872340424,1.5279690316567702,-1.2564532283092318,-0.536013519558764,-0.6614601033984135,-0.7488530182263896,-0.06558265420164616,-0.7469938751111049,1.0750573462035045,2.305576286354301,1.0856668124917472,-0.60801282831039,0,0,-0.60801282831039,-0.6890690533474539,0.8403702726124123,0.10153254860616152,5.086528270930926,2.5957137419633804,,,,0.48,1.7,-0.0008510638297872418,1.5274856148005964,0.0002127659574468276,1.4990337313281428,0.31479907841394583,1.1339219381918397,3.2288,31.439,8.267618268485208e-18,0.8445572580789967,39.32008085106383,17.860702699132506,3.823068204214036,-0.44125256345298286,0.6882,0.7787,-0.15,0.0567,1.1681,1.0513,0.0866,1.3736,2.3059999999999996,-1.2971,126.809,-1.0638297872334529e-05,0.8350502107356083,-1.0638297872351065e-05,0.8537403462396571,-6.3829787234035525e-06,1.7891332792850647,140.31963829787233,25.994999773723652,1.6449437658219834,2.7010678931302867,-0.7249843441175011,-0.5197398890354752,0.13918971419533918,0.7193245546111434,1.464549521845951e-16,0.6946430883489975,1.3877787807814457e-16,0.6714232356723332,0.2003758714797841,1.0713429568621406
Elite,Ukrops,52,2,Kings,House of Cards,Lunar,RSC000440,1.0,2.0,[2],186.154,0.692,0.423,1.058,2.0,34.6,0.481,0.397,1.609,2,0,5,72,43.0,170.66,15.49,7,3.37,12.12,12.12,1,1,1.31,1.13,0.94,2.66,2.2,234.56482978723406,29.002137895948547,0.8229787234042553,0.19398526270353886,0.5723404255319149,0.15623077643077507,2.4348936170212765,0.3724277130935761,33.67282978723404,4.937735307850936,1.1690851063829788,0.2263540733286866,0.4102110015568241,0.2559965777906769,0.32272226258432796,0.09920394477425672,1.2628283341982356,0.42446570982544296,27.753617021276597,10.943218155061572,1.0,0.0,1.0,0.0,27.753617021276597,10.943218155061572,1.612340425531915,0.25010617541840846,0.8527659574468085,0.217482654257455,1.446808510638298,0.42539550079885363,3.9144680851063827,1.3222244243346601,3.4438297872340424,1.5279690316567702,-1.6692159026661553,-0.67519935060441,-0.9558963281353643,-1.1677262505757868,0.1877723601935019,-0.4907581504913902,-0.27652322173251304,-0.7487377400636092,-0.8155468340284162,-1.4286123880337314,0,0,-1.4286123880337314,-1.2088483022305327,-1.2747409373853005,-1.1913819250240265,-0.9487557951726898,-0.814041228234425,,,,-2.24,-2.18,-0.0008510638297872418,1.5274856148005964,0.0002127659574468276,1.4990337313281428,-1.4659050890391003,-1.4544120791903594,-1.1864,11.3928,8.267618268485208e-18,0.8445572580789967,39.32008085106383,17.860702699132506,-1.4047596994175953,-1.5636160190058062,-0.2529,-0.2442,-0.5316,-0.2639,-0.3663,-0.3863,-0.4031,-1.2926,-1.1557,-2.6375,123.79999999999998,-1.0638297872334529e-05,0.8350502107356083,-1.0638297872351065e-05,0.8537403462396571,-6.3829787234035525e-06,1.7891332792850647,140.31963829787233,25.994999773723652,-1.5479181312504144,-1.3536778094094069,-1.4741739184881832,-0.6354929194717971,-1.1630371090931653,-1.1240503152107737,1.464549521845951e-16,0.6946430883489975,1.3877787807814457e-16,0.6714232356723332,-1.6742945097998887,-1.6741307948409028
Elite,Melted,63,2,Leviathans,πολύ κεφάλη,Lunar,RSC000329,14.0,1.0,"[1, 2, 3, 4, 5, 6, 7, 8, 9, 12, 15, 16, 20, 21]",220.159,0.667,0.825,1.063,2.095,31.838,0.333,0.333,1.296,1,2,4,72,43.0,189.49,30.67,7,2.78,27.89,27.89,1,1,1.43,0.96,1.11,3.19,3.19,234.56482978723406,29.002137895948547,0.8229787234042553,0.19398526270353886,0.5723404255319149,0.15623077643077507,2.4348936170212765,0.3724277130935761,33.67282978723404,4.937735307850936,1.1690851063829788,0.2263540733286866,0.4102110015568241,0.2559965777906769,0.32272226258432796,0.09920394477425672,1.2628283341982356,0.42446570982544296,27.753617021276597,10.943218155061572,1.0,0.0,1.0,0.0,27.753617021276597,10.943218155061572,1.612340425531915,0.25010617541840846,0.8527659574468085,0.217482654257455,1.446808510638298,0.42539550079885363,3.9144680851063827,1.3222244243346601,3.4438297872340424,1.5279690316567702,-0.4967161330974325,-0.8040751200911187,1.617220244565814,-0.9126431924142947,-0.37159338701624745,-0.46866886388624285,0.3016095067487891,-0.10360210412055226,-0.07814922391588698,0.012462785333427954,0,0,0.012462785333427954,-0.7290520724923062,-0.4930694032557111,-0.7917538149928771,-0.5479161266219486,-0.16612233754424718,,,,-0.07,-0.09,-0.0008510638297872418,1.5274856148005964,0.0002127659574468276,1.4990337313281428,-0.045269778975456816,-0.060180611064381044,-0.3187,30.9579,8.267618268485208e-18,0.8445572580789967,39.32008085106383,17.860702699132506,-0.3773574816287826,-0.46818879368447136,-0.0679,-0.0498,-0.1592,-0.0081,-0.0748,-0.1038,-0.0124,-0.28500000000000003,-0.191,-0.7166,119.488,-1.0638297872334529e-05,0.8350502107356083,-1.0638297872351065e-05,0.8537403462396571,-6.3829787234035525e-06,1.7891332792850647,140.31963829787233,25.994999773723652,-0.34128410248657537,-0.2237089561754344,-0.40052556470674255,-0.8013709743875218,-0.5413140460463992,-0.4741032687792998,1.464549521845951e-16,0.6946430883489975,1.3877787807814457e-16,0.6714232356723332,-0.7792693184826397,-0.7061168627930402
Elite,Python,45,2,Leviathans,πολύ κεφάλη,Lunar,RSC003412,18.0,1.0,"[1, 2, 9, 10, 11, 12, 13, 14, 15, 16, 17, 18, 19, 20, 21, 22, 23, 24]",245.667,1.0,0.422,1.111,2.489,40.177,0.274,0.185,1.059,4,2,8,72,43.0,209.32,36.35,14,7.78,28.57,28.57,1,1,1.49,0.78,1.42,6.01,4.05,234.56482978723406,29.002137895948547,0.8229787234042553,0.19398526270353886,0.5723404255319149,0.15623077643077507,2.4348936170212765,0.3724277130935761,33.67282978723404,4.937735307850936,1.1690851063829788,0.2263540733286866,0.4102110015568241,0.2559965777906769,0.32272226258432796,0.09920394477425672,1.2628283341982356,0.42446570982544296,27.753617021276597,10.943218155061572,1.0,0.0,1.0,0.0,27.753617021276597,10.943218155061572,1.612340425531915,0.25010617541840846,0.8527659574468085,0.217482654257455,1.446808510638298,0.42539550079885363,3.9144680851063827,1.3222244243346601,3.4438297872340424,1.5279690316567702,0.3828052350001707,0.9125501294718475,-0.9622971156296458,0.14528022775020674,1.317237520290812,-0.2566117124768238,0.5320813376974164,1.388274053997767,0.4801997652108527,0.07460172749510632,0,0,0.07460172749510632,-0.4891539576231925,0.33458280935208956,-0.06302020258313526,1.5848534305725621,0.396716294772473,,,,0.55,1.46,-0.0008510638297872418,1.5274856148005964,0.0002127659574468276,1.4990337313281428,0.36062602389986986,0.9738188030960335,1.2977,40.5694,8.267618268485208e-18,0.8445572580789967,39.32008085106383,17.860702699132506,1.5365447251636999,0.06994792814041145,0.2766,0.119,0.0238,0.0649,0.1785,0.4225,0.0992,0.4843,0.7001999999999999,-0.4146,165.067,-1.0638297872334529e-05,0.8350502107356083,-1.0638297872351065e-05,0.8537403462396571,-6.3829787234035525e-06,1.7891332792850647,140.31963829787233,25.994999773723652,0.579977864889389,0.8201681475895871,-0.23172874923378972,0.9520046900382312,0.5096278091356676,0.6151740476334886,1.464549521845951e-16,0.6946430883489975,1.3877787807814457e-16,0.6714232356723332,0.733654185413307,0.9162239478016884
Elite,Valcept,12,2,Leviathans,πολύ κεφάλη,Lunar,RSC003658,1.0,2.0,[2],232.083,0.917,0.333,1.083,2.167,42.317,0.333,0.333,1.25,2,0,0,72,43.0,191.75,40.33,2,4.17,36.16,36.16,1,1,1.25,0.92,1.18,3.25,3.25,234.56482978723406,29.002137895948547,0.8229787234042553,0.19398526270353886,0.5723404255319149,0.15623077643077507,2.4348936170212765,0.3724277130935761,33.67282978723404,4.937735307850936,1.1690851063829788,0.2263540733286866,0.4102110015568241,0.2559965777906769,0.32272226258432796,0.09920394477425672,1.2628283341982356,0.42446570982544296,27.753617021276597,10.943218155061572,1.0,0.0,1.0,0.0,27.753617021276597,10.943218155061572,1.612340425531915,0.25010617541840846,0.8527659574468085,0.217482654257455,1.446808510638298,0.42539550079885363,3.9144680851063827,1.3222244243346601,3.4438297872340424,1.5279690316567702,-0.08557402892635585,0.4846825747759732,-1.5319672026207025,-0.7193170851761126,1.7506345872817113,-0.38031171746565157,0.3016095067487891,-0.10360210412055226,0.030222309838670143,0.7681819789761928,0,0,0.7681819789761928,-1.4487464170996465,-0.30914668934286677,-0.6272010638035809,-0.5025380509369589,-0.12685452598726665,,,,0.8,0.66,-0.0008510638297872418,1.5274856148005964,0.0002127659574468276,1.4990337313281428,0.5242936863495984,0.4401416861100132,-0.0595,42.6688,8.267618268485208e-18,0.8445572580789967,39.32008085106383,17.860702699132506,-0.0704511143925716,0.18749089581446401,-0.0127,-0.0381,0.0637,0.0944,-0.0571,-0.0194,0.1442,0.1073,0.0677,-0.6806,155.687,-1.0638297872334529e-05,0.8350502107356083,-1.0638297872351065e-05,0.8537403462396571,-6.3829787234035525e-06,1.7891332792850647,140.31963829787233,25.994999773723652,0.12850800696564196,0.07931057562888681,-0.38040409001460246,0.5911660640851925,0.17616496362879616,0.15324703171871942,1.464549521845951e-16,0.6946430883489975,1.3877787807814457e-16,0.6714232356723332,0.25360500461826885,0.22824207381691902
Elite,Xero,72,2,Leviathans,πολύ κεφάλη,Lunar,RSC000408,20.0,2.0,"[2, 3, 4, 5, 6, 7, 8, 9, 10, 11, 12, 13, 14, 15, 16, 17, 18, 19, 20, 21]",241.042,0.806,0.681,1.042,2.681,30.063,0.259,0.269,1.069,5,5,8,72,43.0,200.85,40.19,18,6.25,33.94,33.94,1,1,1.88,0.81,1.29,3.87,4.02,234.56482978723406,29.002137895948547,0.8229787234042553,0.19398526270353886,0.5723404255319149,0.15623077643077507,2.4348936170212765,0.3724277130935761,33.67282978723404,4.937735307850936,1.1690851063829788,0.2263540733286866,0.4102110015568241,0.2559965777906769,0.32272226258432796,0.09920394477425672,1.2628283341982356,0.42446570982544296,27.753617021276597,10.943218155061572,1.0,0.0,1.0,0.0,27.753617021276597,10.943218155061572,1.612340425531915,0.25010617541840846,0.8527659574468085,0.217482654257455,1.446808510638298,0.42539550079885363,3.9144680851063827,1.3222244243346601,3.4438297872340424,1.5279690316567702,0.22333423266947397,-0.08752584174501557,0.6955068453892731,0.6608165137186957,-0.731069926225989,-0.5614438676278632,0.5906758709894403,0.5415335318225046,0.4566407361337751,0.5653166089777723,0,0,0.5653166089777723,1.0701837890260446,0.19664077391745594,-0.368618169077543,-0.033631268858733104,0.3770823889939826,,,,1.02,1.11,-0.0008510638297872418,1.5274856148005964,0.0002127659574468276,1.4990337313281428,0.6683212293053593,0.7403350644146497,0.3301,43.7826,8.267618268485208e-18,0.8445572580789967,39.32008085106383,17.860702699132506,0.39085567833593077,0.24985126420322298,0.0704,0.1131,0.0849,0.1203,0.1697,0.1075,0.1838,0.38870000000000005,0.46099999999999997,1.6355,137.473,-1.0638297872334529e-05,0.8350502107356083,-1.0638297872351065e-05,0.8537403462396571,-6.3829787234035525e-06,1.7891332792850647,140.31963829787233,25.994999773723652,0.4654937311559401,0.5399892840117223,0.9141333414983313,-0.10950714839973823,0.3566260741261144,0.3959651421403827,1.464549521845951e-16,0.6946430883489975,1.3877787807814457e-16,0.6714232356723332,0.5133946916159926,0.5897400046691574
Elite,Kranne,56,2,Lightning,Electric Mayhem,Lunar,RSC001435,1.0,2.0,[2],226.964,0.696,0.375,1.661,1.946,35.766,0.298,0.327,0.988,1,1,10,72,43.0,202.49,24.47,12,5.36,19.11,19.11,1,1,1.25,0.69,2.41,5.08,5.57,234.56482978723406,29.002137895948547,0.8229787234042553,0.19398526270353886,0.5723404255319149,0.15623077643077507,2.4348936170212765,0.3724277130935761,33.67282978723404,4.937735307850936,1.1690851063829788,0.2263540733286866,0.4102110015568241,0.2559965777906769,0.32272226258432796,0.09920394477425672,1.2628283341982356,0.42446570982544296,27.753617021276597,10.943218155061572,1.0,0.0,1.0,0.0,27.753617021276597,10.943218155061572,1.612340425531915,0.25010617541840846,0.8527659574468085,0.217482654257455,1.446808510638298,0.42539550079885363,3.9144680851063827,1.3222244243346601,3.4438297872340424,1.5279690316567702,-0.26207825831680703,-0.6545792274865365,-1.263134127860878,-1.3127208310044243,0.423913005105365,2.1732098140894345,0.4383300844301783,-0.04312063825089063,0.6474688716581036,-0.7898606149305961,0,0,-0.7898606149305961,-1.4487464170996465,0.7484089156559903,2.2642258499512034,0.8814932574552237,1.3915008542159788,,,,-0.14,-0.83,-0.0008510638297872418,1.5274856148005964,0.0002127659574468276,1.4990337313281428,-0.09109672446138078,-0.5538319442764499,0.2069,46.0551,8.267618268485208e-18,0.8445572580789967,39.32008085106383,17.860702699132506,0.24498042971131195,0.3770858998321099,0.0441,0.4175,0.1282,-0.0164,0.6262,0.0674,-0.0251,0.5734,0.6685,-2.2386,124.826,-1.0638297872334529e-05,0.8350502107356083,-1.0638297872351065e-05,0.8537403462396571,-6.3829787234035525e-06,1.7891332792850647,140.31963829787233,25.994999773723652,0.6866780355551869,0.7830374202676043,-1.25121680030222,-0.5960237904496413,-0.3496343005282442,-0.2016456285273619,1.464549521845951e-16,0.6946430883489975,1.3877787807814457e-16,0.6714232356723332,-0.5033294167789714,-0.3003256631794149
Elite,LDub,16,2,Lightning,Electric Mayhem,Lunar,RSC003620,1.0,2.0,[2],190.0,0.438,0.5,1.562,1.688,25.948,0.417,0.292,1.542,0,0,3,72,43.0,174.71,15.29,3,4.69,10.6,10.6,1,1,1.25,1.12,1.39,5.35,3.75,234.56482978723406,29.002137895948547,0.8229787234042553,0.19398526270353886,0.5723404255319149,0.15623077643077507,2.4348936170212765,0.3724277130935761,33.67282978723404,4.937735307850936,1.1690851063829788,0.2263540733286866,0.4102110015568241,0.2559965777906769,0.32272226258432796,0.09920394477425672,1.2628283341982356,0.42446570982544296,27.753617021276597,10.943218155061572,1.0,0.0,1.0,0.0,27.753617021276597,10.943218155061572,1.612340425531915,0.25010617541840846,0.8527659574468085,0.217482654257455,1.446808510638298,0.42539550079885363,3.9144680851063827,1.3222244243346601,3.4438297872340424,1.5279690316567702,-1.5366049891604558,-1.9845771685893752,-0.4630356910756857,-2.0054727152745806,-1.564447931210825,1.7358419393075082,-0.026519879686544477,0.3096879126554689,-0.6577013392119962,-1.5675111999245417,0,0,-1.5675111999245417,-1.4487464170996465,-1.2287602589070903,-0.13354281023569103,1.0856945980376764,0.2003772369875707,,,,-2.23,-1.26,-0.0008510638297872418,1.5274856148005964,0.0002127659574468276,1.4990337313281428,-1.459358382541111,-0.840683394656436,0.1803,14.734,8.267618268485208e-18,0.8445572580789967,39.32008085106383,17.860702699132506,0.21348463739463286,-1.3765461116072422,0.0384,0.0601,-0.468,-0.2627,0.0902,0.0587,-0.4013,-0.6322000000000001,-0.25239999999999996,-3.0163,86.62799999999999,-1.0638297872334529e-05,0.8350502107356083,-1.0638297872351065e-05,0.8537403462396571,-6.3829787234035525e-06,1.7891332792850647,140.31963829787233,25.994999773723652,-0.7570674835770926,-0.2956277781807893,-1.6858965466377014,-2.0654602333232215,-1.5312084305019087,-1.2664319664617238,1.464549521845951e-16,0.6946430883489975,1.3877787807814457e-16,0.6714232356723332,-2.2043096032830753,-1.8861902585089654
Elite,Nick ^_^,47,2,Lightning,Electric Mayhem,Lunar,RSC003623,1.0,2.0,[2],188.723,0.617,0.34,1.085,2.043,30.201,0.454,0.383,1.383,2,0,4,72,43.0,160.98,27.74,6,3.19,24.55,24.55,1,1,1.43,0.93,1.17,2.83,2.39,234.56482978723406,29.002137895948547,0.8229787234042553,0.19398526270353886,0.5723404255319149,0.15623077643077507,2.4348936170212765,0.3724277130935761,33.67282978723404,4.937735307850936,1.1690851063829788,0.2263540733286866,0.4102110015568241,0.2559965777906769,0.32272226258432796,0.09920394477425672,1.2628283341982356,0.42446570982544296,27.753617021276597,10.943218155061572,1.0,0.0,1.0,0.0,27.753617021276597,10.943218155061572,1.612340425531915,0.25010617541840846,0.8527659574468085,0.217482654257455,1.446808510638298,0.42539550079885363,3.9144680851063827,1.3222244243346601,3.4438297872340424,1.5279690316567702,-1.5806362259120876,-1.0618266590645373,-1.4871616901607316,-1.0522676031974272,-0.7031218910648933,-0.37147600282359244,-0.1710530618068702,-0.6076143197010654,-0.28311277688646214,-0.29274907763716884,0,0,-0.29274907763716884,-0.7290520724923062,-0.35512736782107795,-0.6507085996877661,-0.820184580731886,-0.6896931583039868,,,,-0.58,-0.9,-0.0008510638297872418,1.5274856148005964,0.0002127659574468276,1.4990337313281428,-0.37915181037290285,-0.6005286920127267,-0.7169,28.7235,8.267618268485208e-18,0.8445572580789967,39.32008085106383,17.860702699132506,-0.8488471245047826,-0.5932902545642005,-0.1528,-0.2069,-0.2017,-0.0682,-0.3104,-0.2334,-0.1043,-0.6295999999999999,-0.6481000000000001,-1.0218,112.33099999999999,-1.0638297872334529e-05,0.8350502107356083,-1.0638297872351065e-05,0.8537403462396571,-6.3829787234035525e-06,1.7891332792850647,140.31963829787233,25.994999773723652,-0.7539538983500321,-0.759117645729958,-0.5711109557078856,-1.076693154125891,-0.8336820061469962,-0.8283232231471966,1.464549521845951e-16,0.6946430883489975,1.3877787807814457e-16,0.6714232356723332,-1.2001587867640942,-1.2336826894555577
Elite,classy,43,2,Lightning,Electric Mayhem,Lunar,RSC001199,5.0,2.0,"[2, 9, 10, 23, 24]",245.0,0.698,0.837,1.442,2.093,33.349,0.3482292682926829,0.2967365853658537,1.1426439024390245,4,3,8,72,43.0,214.77,30.23,15,8.72,21.51,21.51,1,1,1.4,0.79,1.83,4.86,4.14,234.56482978723406,29.002137895948547,0.8229787234042553,0.19398526270353886,0.5723404255319149,0.15623077643077507,2.4348936170212765,0.3724277130935761,33.67282978723404,4.937735307850936,1.1690851063829788,0.2263540733286866,0.4102110015568241,0.2559965777906769,0.32272226258432796,0.09920394477425672,1.2628283341982356,0.42446570982544296,27.753617021276597,10.943218155061572,1.0,0.0,1.0,0.0,27.753617021276597,10.943218155061572,1.612340425531915,0.25010617541840846,0.8527659574468085,0.217482654257455,1.446808510638298,0.42539550079885363,3.9144680851063827,1.3222244243346601,3.4438297872340424,1.5279690316567702,0.3598069304478302,-0.6442691659275998,1.6940296944971924,-0.9180133620598003,-0.06558265420164616,1.2056990607839604,0.24211938221620435,0.26194197496486576,0.2831428522427305,-0.5705467014187898,0,0,-0.5705467014187898,-0.849001129926863,0.2886021308738783,0.9007887686684597,0.7151069799435953,0.4556180121079436,,,,-0.29,-0.31,-0.0008510638297872418,1.5274856148005964,0.0002127659574468276,1.4990337313281428,-0.18929732193121787,-0.20694181823553667,0.2817,39.3633,8.267618268485208e-18,0.8445572580789967,39.32008085106383,17.860702699132506,0.3335475449476877,0.0024197899525125253,0.06,0.1367,0.0008,-0.0341,0.205,0.0917,-0.0521,0.1634,0.24459999999999996,-1.4195,124.07899999999998,-1.0638297872334529e-05,0.8350502107356083,-1.0638297872351065e-05,0.8537403462396571,-6.3829787234035525e-06,1.7891332792850647,140.31963829787233,25.994999773723652,0.19568959590336665,0.28651643251402176,-0.7933973580707774,-0.624760086141211,-0.39954375448748336,-0.3007224239422138,1.464549521845951e-16,0.6946430883489975,1.3877787807814457e-16,0.6714232356723332,-0.575178478255797,-0.4478880204988497
Elite,Czexmix,46,2,Nebulas,Galaxy Squad,Lunar,RSC000127,6.0,1.0,"[1, 2, 3, 4, 5, 6]",207.283,0.696,0.587,1.196,2.283,30.486,0.623,0.333,1.63,0,0,5,72,43.0,189.95,17.33,5,2.72,14.61,14.61,1,1,1.59,1.01,1.18,3.59,1.92,234.56482978723406,29.002137895948547,0.8229787234042553,0.19398526270353886,0.5723404255319149,0.15623077643077507,2.4348936170212765,0.3724277130935761,33.67282978723404,4.937735307850936,1.1690851063829788,0.2263540733286866,0.4102110015568241,0.2559965777906769,0.32272226258432796,0.09920394477425672,1.2628283341982356,0.42446570982544296,27.753617021276597,10.943218155061572,1.0,0.0,1.0,0.0,27.753617021276597,10.943218155061572,1.612340425531915,0.25010617541840846,0.8527659574468085,0.217482654257455,1.446808510638298,0.42539550079885363,3.9144680851063827,1.3222244243346601,3.4438297872340424,1.5279690316567702,-0.9406834035860925,-0.6545792274865365,0.0938328209268079,-0.4078472457368172,-0.6454031227974136,0.11890615981068868,-0.8312181368970059,-0.10360210412055226,-0.865020795090279,-1.2010742027652326,0,0,-1.2010742027652326,-0.08932376617466971,-0.7229727956467671,-0.6272010638035809,-0.24539562205535137,-0.997291015500334,,,,-2.07,-1.3,-0.0008510638297872418,1.5274856148005964,0.0002127659574468276,1.4990337313281428,-1.3546110785732846,-0.867367250505737,-0.5377,17.2398,8.267618268485208e-18,0.8445572580789967,39.32008085106383,17.860702699132506,-0.6366649446871553,-1.2362492799421754,-0.1146,-0.2992,-0.4203,-0.2438,-0.4488,-0.1751,-0.3725,-1.0779,-0.9964,-1.2904,122.916,-1.0638297872334529e-05,0.8350502107356083,-1.0638297872351065e-05,0.8537403462396571,-6.3829787234035525e-06,1.7891332792850647,140.31963829787233,25.994999773723652,-1.2908078434620103,-1.1670871197440478,-0.7212395141053528,-0.669499459486987,-0.8885010409457035,-0.8809521366982191,1.464549521845951e-16,0.6946430883489975,1.3877787807814457e-16,0.6714232356723332,-1.2790756229324338,-1.3120668006314575
Elite,Dondochaka,52,2,Nebulas,Galaxy Squad,Lunar,RSC001252,4.0,1.0,"[1, 2, 8, 9]",221.25,0.904,0.5,1.212,2.135,42.342,0.519,0.353,1.41,4,2,5,72,43.0,205.83,15.42,11,5.29,10.13,10.13,1,1,1.23,0.89,1.36,3.43,2.34,234.56482978723406,29.002137895948547,0.8229787234042553,0.19398526270353886,0.5723404255319149,0.15623077643077507,2.4348936170212765,0.3724277130935761,33.67282978723404,4.937735307850936,1.1690851063829788,0.2263540733286866,0.4102110015568241,0.2559965777906769,0.32272226258432796,0.09920394477425672,1.2628283341982356,0.42446570982544296,27.753617021276597,10.943218155061572,1.0,0.0,1.0,0.0,27.753617021276597,10.943218155061572,1.612340425531915,0.25010617541840846,0.8527659574468085,0.217482654257455,1.446808510638298,0.42539550079885363,3.9144680851063827,1.3222244243346601,3.4438297872340424,1.5279690316567702,-0.45909821665574785,0.41766717464288433,-0.4630356910756857,-0.805239799504194,1.7556976371297355,0.1895918769471617,-0.424962706072307,-0.30520699035275717,-0.3467221553945715,-1.610460174653937,0,0,-1.610460174653937,-1.528712455389351,-0.17120465390823317,-0.20406541788824625,-0.36640382388199005,-0.7224163346014707,,,,-1.96,-1.92,-0.0008510638297872418,1.5274856148005964,0.0002127659574468276,1.4990337313281428,-1.2825973070954042,-1.2809670161699027,-0.7962,13.7768,8.267618268485208e-18,0.8445572580789967,39.32008085106383,17.860702699132506,-0.9427424752834537,-1.4301386278774162,-0.1697,-0.2167,-0.4862,-0.2309,-0.3251,-0.2593,-0.3527,-1.1035,-0.9371,-3.1392,154.09199999999998,-1.0638297872334529e-05,0.8350502107356083,-1.0638297872351065e-05,0.8537403462396571,-6.3829787234035525e-06,1.7891332792850647,140.31963829787233,25.994999773723652,-1.321464682620758,-1.0976280620092345,-1.7545890255172574,0.5298081100985074,-0.6978991381151066,-0.669421671292373,1.464549521845951e-16,0.6946430883489975,1.3877787807814457e-16,0.6714232356723332,-1.0046873708537836,-0.99701892297791
Elite,SpenSah,46,2,Nebulas,Galaxy Squad,Lunar,RSC003537,1.0,2.0,[2],246.848,0.913,0.543,1.217,2.5,36.52,0.377,0.319,1.167,2,2,5,72,43.0,212.82,34.03,9,4.89,29.14,29.14,1,1,1.59,0.79,1.54,3.82,3.23,234.56482978723406,29.002137895948547,0.8229787234042553,0.19398526270353886,0.5723404255319149,0.15623077643077507,2.4348936170212765,0.3724277130935761,33.67282978723404,4.937735307850936,1.1690851063829788,0.2263540733286866,0.4102110015568241,0.2559965777906769,0.32272226258432796,0.09920394477425672,1.2628283341982356,0.42446570982544296,27.753617021276597,10.943218155061572,1.0,0.0,1.0,0.0,27.753617021276597,10.943218155061572,1.612340425531915,0.25010617541840846,0.8527659574468085,0.217482654257455,1.446808510638298,0.42539550079885363,3.9144680851063827,1.3222244243346601,3.4438297872340424,1.5279690316567702,0.42352637094666906,0.4640624516580997,-0.1878018288215793,0.17481616080048507,0.5766145885217856,0.21168116355231,0.1297322090921858,0.03752131624199155,0.22576225117841425,0.1266887819541603,0,0,0.1266887819541603,-0.08932376617466971,0.2886021308738783,0.21907022802708778,-0.07144633192955796,-0.13994379650626015,,,,0.35,0.16,-0.0008510638297872418,1.5274856148005964,0.0002127659574468276,1.4990337313281428,0.22969189394008702,0.10659348799375036,0.0122,44.8756,8.267618268485208e-18,0.8445572580789967,39.32008085106383,17.860702699132506,0.014445438581333996,0.3110470647499217,0.0026,-0.042,0.1058,0.0413,-0.063,0.004,0.0632,0.1077,0.004200000000000009,0.0374,152.82,-1.0638297872334529e-05,0.8350502107356083,-1.0638297872351065e-05,0.8537403462396571,-6.3829787234035525e-06,1.7891332792850647,140.31963829787233,25.994999773723652,0.1289870200774974,0.00493198935299044,0.020907544123080057,0.48087562265583544,0.24056100260113994,0.18010583048683615,1.464549521845951e-16,0.6946430883489975,1.3877787807814457e-16,0.6714232356723332,0.3463087830800944,0.2682448579642706
Elite,sidneycheeks,36,2,Nebulas,Galaxy Squad,Lunar,RSC001660,1.0,2.0,[2],244.722,0.778,0.75,1.028,2.611,29.797,0.278,0.176,0.889,1,1,3,72,43.0,200.01,44.71,5,3.47,41.24,41.24,1,1,1.83,0.61,1.69,5.84,3.7,234.56482978723406,29.002137895948547,0.8229787234042553,0.19398526270353886,0.5723404255319149,0.15623077643077507,2.4348936170212765,0.3724277130935761,33.67282978723404,4.937735307850936,1.1690851063829788,0.2263540733286866,0.4102110015568241,0.2559965777906769,0.32272226258432796,0.09920394477425672,1.2628283341982356,0.42446570982544296,27.753617021276597,10.943218155061572,1.0,0.0,1.0,0.0,27.753617021276597,10.943218155061572,1.612340425531915,0.25010617541840846,0.8527659574468085,0.217482654257455,1.446808510638298,0.42539550079885363,3.9144680851063827,1.3222244243346601,3.4438297872340424,1.5279690316567702,0.3502214301996286,-0.23186670357013,1.137161182494699,0.472860576126018,-0.7849407766089695,-0.6232938701222771,0.5164561288195433,1.4789962528022593,0.880703259521172,1.2323964292428495,0,0,1.2323964292428495,0.8702686933017841,1.1162543434816794,0.5716832662898661,1.4562822161317583,0.1676540606900871,,,,2.11,2.71,-0.0008510638297872418,1.5274856148005964,0.0002127659574468276,1.4990337313281428,1.3819122375861754,1.8076892983866906,1.6214,69.6956,8.267618268485208e-18,0.8445572580789967,39.32008085106383,17.860702699132506,1.9198224685061438,1.7006900378231764,0.3456,0.0503,0.5782,0.2487,0.0754,0.528,0.38,1.2228,0.9834,2.1027,133.707,-1.0638297872334529e-05,0.8350502107356083,-1.0638297872351065e-05,0.8537403462396571,-6.3829787234035525e-06,1.7891332792850647,140.31963829787233,25.994999773723652,1.4643558226524849,1.1518849292168922,1.1752653686141046,-0.2543811638943173,0.6988066054434015,0.6512404411521878,1.464549521845951e-16,0.6946430883489975,1.3877787807814457e-16,0.6714232356723332,1.0059937501203668,0.9699402799190657
Elite,Aimz,57,2,Oxi Cleans,Cleanup Crew,Solar,RSC002671,2.0,1.0,"[1, 2]",240.789,0.667,0.895,1.035,2.421,27.551,0.3482292682926829,0.5,1.167,4,4,5,72,43.0,194.66,46.13,13,5.7,40.43,40.43,1,1,1.75,0.82,1.26,2.07,2.97,234.56482978723406,29.002137895948547,0.8229787234042553,0.19398526270353886,0.5723404255319149,0.15623077643077507,2.4348936170212765,0.3724277130935761,33.67282978723404,4.937735307850936,1.1690851063829788,0.2263540733286866,0.4102110015568241,0.2559965777906769,0.32272226258432796,0.09920394477425672,1.2628283341982356,0.42446570982544296,27.753617021276597,10.943218155061572,1.0,0.0,1.0,0.0,27.753617021276597,10.943218155061572,1.612340425531915,0.25010617541840846,0.8527659574468085,0.217482654257455,1.446808510638298,0.42539550079885363,3.9144680851063827,1.3222244243346601,3.4438297872340424,1.5279690316567702,0.21461073783927537,-0.8040751200911187,2.065275369165522,-0.0373055401969664,-1.239805174955493,-0.5923688688750707,0.24211938221620435,-1.7870029041594662,0.22576225117841425,1.1583779834326147,0,0,1.1583779834326147,0.5504045401429659,0.15066009543924525,-0.4391407767300988,-1.394973539408421,-0.31010431325317545,,,,1.38,-0.63,-0.0008510638297872418,1.5274856148005964,0.0002127659574468276,1.4990337313281428,0.9040026632329683,-0.42041266502994484,-0.9369,50.9418,8.267618268485208e-18,0.8445572580789967,39.32008085106383,17.860702699132506,-1.1093386399058875,0.6506865572260289,-0.1997,-0.093,0.2212,0.1627,-0.1395,-0.3051,0.2486,0.09120000000000003,-0.196,1.7088,118.461,-1.0638297872334529e-05,0.8350502107356083,-1.0638297872351065e-05,0.8537403462396571,-6.3829787234035525e-06,1.7891332792850647,140.31963829787233,25.994999773723652,0.10922772921346076,-0.2295655377719617,0.9551028996909388,-0.840878572346346,-0.04242849538154286,-0.16531780522764394,1.464549521845951e-16,0.6946430883489975,1.3877787807814457e-16,0.6714232356723332,-0.061079561710439705,-0.2462199644641464
Elite,Daelisk,53,2,Oxi Cleans,Cleanup Crew,Solar,RSC001224,1.0,2.0,[2],260.849,0.925,0.679,1.283,2.547,36.317,0.264,0.283,1.145,4,1,8,72,43.0,225.05,35.8,13,6.13,29.67,29.67,1,1,1.62,0.88,1.46,4.53,4.86,234.56482978723406,29.002137895948547,0.8229787234042553,0.19398526270353886,0.5723404255319149,0.15623077643077507,2.4348936170212765,0.3724277130935761,33.67282978723404,4.937735307850936,1.1690851063829788,0.2263540733286866,0.4102110015568241,0.2559965777906769,0.32272226258432796,0.09920394477425672,1.2628283341982356,0.42446570982544296,27.753617021276597,10.943218155061572,1.0,0.0,1.0,0.0,27.753617021276597,10.943218155061572,1.612340425531915,0.25010617541840846,0.8527659574468085,0.217482654257455,1.446808510638298,0.42539550079885363,3.9144680851063827,1.3222244243346601,3.4438297872340424,1.5279690316567702,0.9062838852454975,0.5259228210117202,0.6827052704007099,0.301015147469855,0.5355026237558259,0.5032597467402603,0.571144359892099,0.40041011145996136,0.27759211514798504,0.17512060452135092,0,0,0.17512060452135092,0.03062529125988714,-0.12522397543002198,0.03100994095360576,0.4655275636761525,0.9268317507917099,,,,0.45,0.58,-0.0008510638297872418,1.5274856148005964,0.0002127659574468276,1.4990337313281428,0.29515895891997845,0.3867739744114111,0.4285,43.3182,8.267618268485208e-18,0.8445572580789967,39.32008085106383,17.860702699132506,0.5073664288607886,0.22385004757569577,0.0913,0.278,0.0761,0.0531,0.4171,0.1395,0.0812,0.4985,0.6377999999999999,0.2057,154.287,-1.0638297872334529e-05,0.8350502107356083,-1.0638297872351065e-05,0.8537403462396571,-6.3829787234035525e-06,1.7891332792850647,140.31963829787233,25.994999773723652,0.5969828303602568,0.7470780092649267,0.11497543830883487,0.5373095527489178,0.4429715234618373,0.5198567478897015,1.464549521845951e-16,0.6946430883489975,1.3877787807814457e-16,0.6714232356723332,0.6376965824488023,0.7742608838509142
Elite,Prine,49,2,Oxi Cleans,Cleanup Crew,Solar,RSC002018,4.0,1.0,"[1, 2, 8, 9]",262.653,1.286,0.408,0.939,3.122,41.192,1.667,0.2967365853658537,3.333,9,0,4,72,43.0,233.74,28.91,13,6.63,22.28,22.28,1,1,1.84,1.67,0.56,3.16,0.56,234.56482978723406,29.002137895948547,0.8229787234042553,0.19398526270353886,0.5723404255319149,0.15623077643077507,2.4348936170212765,0.3724277130935761,33.67282978723404,4.937735307850936,1.1690851063829788,0.2263540733286866,0.4102110015568241,0.2559965777906769,0.32272226258432796,0.09920394477425672,1.2628283341982356,0.42446570982544296,27.753617021276597,10.943218155061572,1.0,0.0,1.0,0.0,27.753617021276597,10.943218155061572,1.612340425531915,0.25010617541840846,0.8527659574468085,0.217482654257455,1.446808510638298,0.42539550079885363,3.9144680851063827,1.3222244243346601,3.4438297872340424,1.5279690316567702,0.9684861962086504,2.386888932399801,-1.0519081405495874,1.844938920552567,1.5227973441206077,-1.0164831716939084,-4.909397654021868,0.26194197496486576,-4.877123446916597,-0.5001834875004187,0,0,-0.5001834875004187,0.9102517124466365,-3.757697575208703,-2.084668288623065,-0.5706051644644432,-1.8873614107918917,,,,-5.38,-0.24,-0.0008510638297872418,1.5274856148005964,0.0002127659574468276,1.4990337313281428,-3.5215709294076896,-0.16024507049925987,-0.3777,12.4768,8.267618268485208e-18,0.8445572580789967,39.32008085106383,17.860702699132506,-0.447216569849988,-1.5029241180061523,-0.0805,-0.5662,-0.511,-0.6339,-0.8493,-0.123,-0.9684,-1.7915999999999999,-1.9407,0.4101,201.012,-1.0638297872334529e-05,0.8350502107356083,-1.0638297872351065e-05,0.8537403462396571,-6.3829787234035525e-06,1.7891332792850647,140.31963829787233,25.994999773723652,-2.145486988290069,-2.2731611200641892,0.22922070017198573,2.334770618597078,0.2877871303495445,-0.013734057289451207,1.464549521845951e-16,0.6946430883489975,1.3877787807814457e-16,0.6714232356723332,0.41429495978077946,-0.020455141496106662
Elite,Resonant,24,2,Oxi Cleans,Cleanup Crew,Solar,,,,,202.292,0.708,0.375,1.167,2.042,34.672,0.208,0.292,0.917,1,0,1,72,43.0,176.49,25.8,2,2.08,23.72,23.72,1,1,1.33,0.71,1.64,4.0,5.61,234.56482978723406,29.002137895948547,0.8229787234042553,0.19398526270353886,0.5723404255319149,0.15623077643077507,2.4348936170212765,0.3724277130935761,33.67282978723404,4.937735307850936,1.1690851063829788,0.2263540733286866,0.4102110015568241,0.2559965777906769,0.32272226258432796,0.09920394477425672,1.2628283341982356,0.42446570982544296,27.753617021276597,10.943218155061572,1.0,0.0,1.0,0.0,27.753617021276597,10.943218155061572,1.612340425531915,0.25010617541840846,0.8527659574468085,0.217482654257455,1.446808510638298,0.42539550079885363,3.9144680851063827,1.3222244243346601,3.4438297872340424,1.5279690316567702,-1.1127741652363639,-0.592718858132916,-1.263134127860878,-1.0549526880201805,0.20235394375581167,-0.009211702499168195,0.7898972841823215,0.3096879126554689,0.8147379781053546,-0.3685951393933353,0,0,-0.3685951393933353,-1.1288822639408282,0.656447558699568,0.4541455868689398,0.06468789512541093,1.417679395253966,,,,0.45,-0.06,-0.0008510638297872418,1.5274856148005964,0.0002127659574468276,1.4990337313281428,0.29515895891997845,-0.040167719177405276,0.0154,38.9008,8.267618268485208e-18,0.8445572580789967,39.32008085106383,17.860702699132506,0.01823440607807734,-0.02347504788174969,0.0033,0.4253,-0.008,0.0531,0.638,0.005,0.0812,0.4737,0.7242,-1.4975,125.892,-1.0638297872334529e-05,0.8350502107356083,-1.0638297872351065e-05,0.8537403462396571,-6.3829787234035525e-06,1.7891332792850647,140.31963829787233,25.994999773723652,0.5672840174252199,0.8482797392529181,-0.8369938865704142,-0.555015903960735,-0.2607909852079833,-0.06137236250159672,1.464549521845951e-16,0.6946430883489975,1.3877787807814457e-16,0.6714232356723332,-0.3754316275251828,-0.09140637267362563
Elite,MrAnderson213,28,2,Primarch,Paradigm,Lunar,,,,,207.679,0.607,0.607,1.0,1.821,33.333,0.5,0.512,1.643,0,0,4,72,43.0,166.26,41.42,4,3.57,37.85,37.85,1,1,1.21,1.14,0.88,1.95,2.0,234.56482978723406,29.002137895948547,0.8229787234042553,0.19398526270353886,0.5723404255319149,0.15623077643077507,2.4348936170212765,0.3724277130935761,33.67282978723404,4.937735307850936,1.1690851063829788,0.2263540733286866,0.4102110015568241,0.2559965777906769,0.32272226258432796,0.09920394477425672,1.2628283341982356,0.42446570982544296,27.753617021276597,10.943218155061572,1.0,0.0,1.0,0.0,27.753617021276597,10.943218155061572,1.612340425531915,0.25010617541840846,0.8527659574468085,0.217482654257455,1.446808510638298,0.42539550079885363,3.9144680851063827,1.3222244243346601,3.4438297872340424,1.5279690316567702,-0.9270292377649123,-1.113376966859221,0.2218485708124388,-1.6483564338484924,-0.0688230061043815,-0.7469938751111049,-0.35074296390241,-1.9079658358987894,-0.8956475328904802,0.9226155264074234,0,0,0.9226155264074234,-1.6086784936790555,-1.3207216158635118,-1.3324271403291377,-1.4857296907784001,-0.94493393342436,,,,0.03,-0.99,-0.0008510638297872418,1.5274856148005964,0.0002127659574468276,1.4990337313281428,0.020197286004434583,-0.660567367673654,-1.0979,33.308,8.267618268485208e-18,0.8445572580789967,39.32008085106383,17.860702699132506,-1.2999710670857874,-0.3366094241832845,-0.234,-0.2835,-0.1144,0.0036,-0.4252,-0.3575,0.0056,-0.6283,-0.7770999999999999,-0.6861,112.243,-1.0638297872334529e-05,0.8350502107356083,-1.0638297872351065e-05,0.8537403462396571,-6.3829787234035525e-06,1.7891332792850647,140.31963829787233,25.994999773723652,-0.752397105736502,-0.9102174509203614,-0.38347820420367945,-1.0800784205527423,-0.7838615282491361,-0.8449499807760148,1.464549521845951e-16,0.6946430883489975,1.3877787807814457e-16,0.6714232356723332,-1.1284378141761835,-1.2584461422904434
Elite,Notta,4,2,Primarch,Paradigm,Lunar,RSC001532,1.0,2.0,[2],215.0,0.75,0.5,1.0,2.5,30.0,0.25,0.25,1.0,0,0,0,72,43.0,182.0,33.0,0,0.0,33.0,33.0,1,1,1.75,0.75,1.33,4.0,4.0,234.56482978723406,29.002137895948547,0.8229787234042553,0.19398526270353886,0.5723404255319149,0.15623077643077507,2.4348936170212765,0.3724277130935761,33.67282978723404,4.937735307850936,1.1690851063829788,0.2263540733286866,0.4102110015568241,0.2559965777906769,0.32272226258432796,0.09920394477425672,1.2628283341982356,0.42446570982544296,27.753617021276597,10.943218155061572,1.0,0.0,1.0,0.0,27.753617021276597,10.943218155061572,1.612340425531915,0.25010617541840846,0.8527659574468085,0.217482654257455,1.446808510638298,0.42539550079885363,3.9144680851063827,1.3222244243346601,3.4438297872340424,1.5279690316567702,-0.6745995711566894,-0.3762075653952444,-0.4630356910756857,0.17481616080048507,-0.7438288118430105,-0.7469938751111049,0.6258325909646547,0.7330581737430998,0.6191980367656105,0.4794186595189817,0,0,0.4794186595189817,0.5504045401429659,0.47252484478672313,-0.274588025540802,0.06468789512541093,0.3639931184749894,,,,1.1,1.21,-0.0008510638297872418,1.5274856148005964,0.0002127659574468276,1.4990337313281428,0.7206948812892725,0.8070447040379021,0.4136,43.89,8.267618268485208e-18,0.8445572580789967,39.32008085106383,17.860702699132506,0.48972404895407745,0.2558644654646277,0.0882,0.1092,0.087,0.1297,0.1638,0.1347,0.1982,0.4141,0.4967,1.0298,130.0,-1.0638297872334529e-05,0.8350502107356083,-1.0638297872351065e-05,0.8537403462396571,-6.3829787234035525e-06,1.7891332792850647,140.31963829787233,25.994999773723652,0.4959110637587602,0.5818052766109271,0.5755895298030747,-0.3969855121254381,0.16026561923704574,0.22794881343195106,1.464549521845951e-16,0.6946430883489975,1.3877787807814457e-16,0.6714232356723332,0.23071649588849882,0.3395009307410894
Elite,Yung clipz,43,2,Primarch,Paradigm,Lunar,,,,,239.884,0.86,0.442,1.442,2.465,34.888,1.0,0.667,2.0,1,0,9,72,43.0,214.94,24.94,10,5.81,19.13,19.13,1,1,1.6,1.0,1.44,2.16,1.44,234.56482978723406,29.002137895948547,0.8229787234042553,0.19398526270353886,0.5723404255319149,0.15623077643077507,2.4348936170212765,0.3724277130935761,33.67282978723404,4.937735307850936,1.1690851063829788,0.2263540733286866,0.4102110015568241,0.2559965777906769,0.32272226258432796,0.09920394477425672,1.2628283341982356,0.42446570982544296,27.753617021276597,10.943218155061572,1.0,0.0,1.0,0.0,27.753617021276597,10.943218155061572,1.612340425531915,0.25010617541840846,0.8527659574468085,0.217482654257455,1.446808510638298,0.42539550079885363,3.9144680851063827,1.3222244243346601,3.4438297872340424,1.5279690316567702,0.18340614170753897,0.19084582034627595,-0.8342813657440149,0.08083819200414563,0.24609869444274377,1.2056990607839604,-2.303894073636539,-3.4704037041983806,-1.7367048709421509,-0.7880329989846645,0,0,-0.7880329989846645,-0.04934074702981743,-0.6769921171685559,-0.01600513081476475,-1.3269064258809364,-1.3114335079561779,,,,-2.52,-4.26,-0.0008510638297872418,1.5274856148005964,0.0002127659574468276,1.4990337313281428,-1.649212870982796,-2.841972583354013,-2.039,27.5472,8.267618268485208e-18,0.8445572580789967,39.32008085106383,17.860702699132506,-2.414282726831151,-0.6591499253629947,-0.4346,-0.3934,-0.2241,-0.2969,-0.5901,-0.6639,-0.4535,-1.349,-1.7075,-0.8374,145.538,-1.0638297872334529e-05,0.8350502107356083,-1.0638297872351065e-05,0.8537403462396571,-6.3829787234035525e-06,1.7891332792850647,140.31963829787233,25.994999773723652,-1.6154589800220307,-2.000010154402157,-0.4680442908959237,0.20074482583387138,-0.579175491615621,-0.8400665542756909,1.464549521845951e-16,0.6946430883489975,1.3877787807814457e-16,0.6714232356723332,-0.8337742091297337,-1.2511728960861563
Elite,Zebu,44,2,Primarch,Paradigm,Lunar,RSC001077,7.0,1.0,"[1, 2, 6, 7, 9, 10, 11]",200.568,0.659,0.386,1.455,1.818,36.249,0.424,0.356,1.326,0,0,9,72,43.0,186.32,14.25,9,5.11,9.14,9.14,1,1,1.16,0.9,1.62,4.09,3.43,234.56482978723406,29.002137895948547,0.8229787234042553,0.19398526270353886,0.5723404255319149,0.15623077643077507,2.4348936170212765,0.3724277130935761,33.67282978723404,4.937735307850936,1.1690851063829788,0.2263540733286866,0.4102110015568241,0.2559965777906769,0.32272226258432796,0.09920394477425672,1.2628283341982356,0.42446570982544296,27.753617021276597,10.943218155061572,1.0,0.0,1.0,0.0,27.753617021276597,10.943218155061572,1.612340425531915,0.25010617541840846,0.8527659574468085,0.217482654257455,1.446808510638298,0.42539550079885363,3.9144680851063827,1.3222244243346601,3.4438297872340424,1.5279690316567702,-1.1722180588619033,-0.8453153663268658,-1.192725465423781,-1.6564116883167497,0.5217311281691996,1.2631312059573454,-0.053863995222822314,-0.335447723287588,-0.1488263111471199,-1.7009271639775572,0,0,-1.7009271639775572,-1.808593589403317,-0.21718533238644436,0.40713051510056986,0.13275500865289522,-0.009051091316325102,,,,-1.85,-2.04,-0.0008510638297872418,1.5274856148005964,0.0002127659574468276,1.4990337313281428,-1.2105835356175236,-1.3610185837178057,-0.5693,14.8068,8.267618268485208e-18,0.8445572580789967,39.32008085106383,17.860702699132506,-0.6740809987174958,-1.3724701241600328,-0.1213,-0.0027,-0.4666,-0.2179,-0.0041,-0.1854,-0.3329,-0.8085,-0.5224,-3.5095,120.32900000000001,-1.0638297872334529e-05,0.8350502107356083,-1.0638297872351065e-05,0.8537403462396571,-6.3829787234035525e-06,1.7891332792850647,140.31963829787233,25.994999773723652,-0.9681925126273752,-0.6118831843932622,-1.9615607499200203,-0.7690185986490881,-1.1567323711050745,-0.9923745492517815,1.464549521845951e-16,0.6946430883489975,1.3877787807814457e-16,0.6714232356723332,-1.6652182833264122,-1.4780163934274066
Elite,ButterandCream,47,2,Quads,The Quad Dynasty,Solar,RSC001172,2.0,1.0,"[1, 2]",243.404,0.851,0.532,0.936,2.553,33.333,0.128,0.199,0.823,1,1,4,72,43.0,190.58,52.82,6,3.19,49.63,49.63,1,1,1.7,0.7,1.34,4.7,7.31,234.56482978723406,29.002137895948547,0.8229787234042553,0.19398526270353886,0.5723404255319149,0.15623077643077507,2.4348936170212765,0.3724277130935761,33.67282978723404,4.937735307850936,1.1690851063829788,0.2263540733286866,0.4102110015568241,0.2559965777906769,0.32272226258432796,0.09920394477425672,1.2628283341982356,0.42446570982544296,27.753617021276597,10.943218155061572,1.0,0.0,1.0,0.0,27.753617021276597,10.943218155061572,1.612340425531915,0.25010617541840846,0.8527659574468085,0.217482654257455,1.446808510638298,0.42539550079885363,3.9144680851063827,1.3222244243346601,3.4438297872340424,1.5279690316567702,0.30477650456246963,0.1444505433310606,-0.2582104912586763,0.3171256564063697,-0.0688230061043815,-1.0297367436569966,1.1024014617397822,1.2471506336352232,1.0361928514298844,1.999081318561205,0,0,1.999081318561205,0.3504894444187045,0.7024282371777791,-0.2510804896566168,0.5940987781169563,2.5302673893684124,,,,3.04,3.25,-0.0008510638297872418,1.5274856148005964,0.0002127659574468276,1.4990337313281428,1.9907559418991656,2.1679213523522542,1.3338,66.5042,8.267618268485208e-18,0.8445572580789967,39.32008085106383,17.860702699132506,1.5792890147363359,1.5220072584409852,0.2843,0.7591,0.5175,0.3583,1.1386,0.4343,0.5475,1.9192,2.1204,2.3496,143.963,-1.0638297872334529e-05,0.8350502107356083,-1.0638297872351065e-05,0.8537403462396571,-6.3829787234035525e-06,1.7891332792850647,140.31963829787233,25.994999773723652,2.298317650392796,2.483671584267195,1.313265149211032,0.14015625058056194,1.1690889151488262,1.3591085197265278,1.464549521845951e-16,0.6946430883489975,1.3877787807814457e-16,0.6714232356723332,1.683006618445559,2.0242202645334086
Elite,Jhogue44,19,2,Quads,The Quad Dynasty,Solar,RSC003638,1.0,2.0,[2],197.632,0.526,0.579,1.105,1.789,29.402,0.263,0.368,1.474,0,0,1,72,43.0,162.43,35.2,1,1.32,33.88,33.88,1,1,1.26,1.21,0.91,3.0,4.2,234.56482978723406,29.002137895948547,0.8229787234042553,0.19398526270353886,0.5723404255319149,0.15623077643077507,2.4348936170212765,0.3724277130935761,33.67282978723404,4.937735307850936,1.1690851063829788,0.2263540733286866,0.4102110015568241,0.2559965777906769,0.32272226258432796,0.09920394477425672,1.2628283341982356,0.42446570982544296,27.753617021276597,10.943218155061572,1.0,0.0,1.0,0.0,27.753617021276597,10.943218155061572,1.612340425531915,0.25010617541840846,0.8527659574468085,0.217482654257455,1.446808510638298,0.42539550079885363,3.9144680851063827,1.3222244243346601,3.4438297872340424,1.5279690316567702,-1.2734519751522657,-1.5309344599961587,0.04262652097255556,-1.7342791481765738,-0.8649369642077569,-0.28311885640300116,0.5750506621115673,-0.45641065502691125,-0.49749994148786836,0.5598337611399775,0,0,0.5598337611399775,-1.4087633979547942,-1.64258636521099,-1.2619045326765819,-0.6916133662910823,0.49488582366492445,,,,0.06,0.1,-0.0008510638297872418,1.5274856148005964,0.0002127659574468276,1.4990337313281428,0.039837405498402,0.06656770421979881,-0.3353,30.8308,8.267618268485208e-18,0.8445572580789967,39.32008085106383,17.860702699132506,-0.39701275051813867,-0.4753049750655192,-0.0715,0.1485,-0.1616,0.0072,0.2227,-0.1092,0.011,-0.0774,0.1245,-0.8489,99.89200000000001,-1.0638297872334529e-05,0.8350502107356083,-1.0638297872351065e-05,0.8537403462396571,-6.3829787234035525e-06,1.7891332792850647,140.31963829787233,25.994999773723652,-0.09267629743360488,0.14584134256543668,-0.4744719842003573,-1.5552082573486887,-0.7807739168266616,-0.6154117118274389,1.464549521845951e-16,0.6946430883489975,1.3877787807814457e-16,0.6714232356723332,-1.1239929251759733,-0.9165779185630852
Elite,Mezberry,36,2,Quads,The Quad Dynasty,Solar,RSC000403,3.0,2.0,"[2, 5, 8]",257.222,0.972,0.5,1.389,2.528,38.449,0.556,0.407,1.722,3,0,7,72,43.0,226.65,30.57,10,6.94,23.63,23.63,1,1,1.56,1.17,1.19,3.41,2.5,234.56482978723406,29.002137895948547,0.8229787234042553,0.19398526270353886,0.5723404255319149,0.15623077643077507,2.4348936170212765,0.3724277130935761,33.67282978723404,4.937735307850936,1.1690851063829788,0.2263540733286866,0.4102110015568241,0.2559965777906769,0.32272226258432796,0.09920394477425672,1.2628283341982356,0.42446570982544296,27.753617021276597,10.943218155061572,1.0,0.0,1.0,0.0,27.753617021276597,10.943218155061572,1.612340425531915,0.25010617541840846,0.8527659574468085,0.217482654257455,1.446808510638298,0.42539550079885363,3.9144680851063827,1.3222244243346601,3.4438297872340424,1.5279690316567702,0.7812241392015108,0.7682092676467331,-0.4630356910756857,0.24999853583755635,0.9672795147953568,0.971552622769394,-0.5694958881926327,-0.8495401831797114,-1.0817638625993933,-0.37681941115002804,0,0,-0.37681941115002804,-0.20927282360922655,-1.4586636512981452,-0.6036935279193956,-0.38152984911031995,-0.6177021704495227,,,,-1.46,-1.23,-0.0008510638297872418,1.5274856148005964,0.0002127659574468276,1.4990337313281428,-0.9552619821959472,-0.8206705027694602,-0.5879,28.1197,8.267618268485208e-18,0.8445572580789967,39.32008085106383,17.860702699132506,-0.6961043722923165,-0.6270963152870703,-0.1253,-0.1853,-0.2132,-0.1719,-0.278,-0.1914,-0.2627,-0.6957,-0.7321,-0.5861,160.929,-1.0638297872334529e-05,0.8350502107356083,-1.0638297872351065e-05,0.8537403462396571,-6.3829787234035525e-06,1.7891332792850647,140.31963829787233,25.994999773723652,-0.8331108150841426,-0.857508216551616,-0.32758521894773474,0.7928202301028712,-0.046246486052506974,-0.1362084563310692,1.464549521845951e-16,0.6946430883489975,1.3877787807814457e-16,0.6714232356723332,-0.06657589606545153,-0.20286527050955616
Elite,Uorodin,48,2,Quads,The Quad Dynasty,Solar,RSC000226,4.0,2.0,"[2, 3, 6, 7]",243.333,0.667,0.625,1.271,2.521,26.458,0.243,0.236,0.875,1,3,7,72,43.0,195.61,47.72,11,5.73,41.99,41.99,1,1,1.85,0.63,2.02,5.39,5.23,234.56482978723406,29.002137895948547,0.8229787234042553,0.19398526270353886,0.5723404255319149,0.15623077643077507,2.4348936170212765,0.3724277130935761,33.67282978723404,4.937735307850936,1.1690851063829788,0.2263540733286866,0.4102110015568241,0.2559965777906769,0.32272226258432796,0.09920394477425672,1.2628283341982356,0.42446570982544296,27.753617021276597,10.943218155061572,1.0,0.0,1.0,0.0,27.753617021276597,10.943218155061572,1.612340425531915,0.25010617541840846,0.8527659574468085,0.217482654257455,1.446808510638298,0.42539550079885363,3.9144680851063827,1.3222244243346601,3.4438297872340424,1.5279690316567702,0.302328409175339,-0.8040751200911187,0.3370627457095066,0.23120294207828823,-1.4611617143111253,0.4502454588879055,0.6531767065009325,0.8741815941056436,0.9136859002290807,1.3009320272152889,0,0,1.3009320272152889,0.9502347315914887,1.024292986525257,1.347431950467979,1.1159466484943361,1.1689832553930897,,,,2.21,2.18,-0.0008510638297872418,1.5274856148005964,0.0002127659574468276,1.4990337313281428,1.4473793025660668,1.4541282083834521,1.2749,84.8198,8.267618268485208e-18,0.8445572580789967,39.32008085106383,17.860702699132506,1.5095483317494034,2.5474764299808927,0.2717,0.3507,0.8661,0.2605,0.526,0.4151,0.398,1.749,1.3391000000000002,2.2512,118.368,-1.0638297872334529e-05,0.8350502107356083,-1.0638297872351065e-05,0.8537403462396571,-6.3829787234035525e-06,1.7891332792850647,140.31963829787233,25.994999773723652,2.0944975712983087,1.5685221439938426,1.2582664517191824,-0.8444561834565415,0.6931336671100046,0.6253885799657859,1.464549521845951e-16,0.6946430883489975,1.3877787807814457e-16,0.6714232356723332,0.9978270549807376,0.9314372019603249
Elite,Chrono,34,2,Reverb,Studio City,Lunar,RSC003584,2.0,1.0,"[1, 2]",244.559,0.765,0.382,1.147,2.971,25.749,0.158,0.105,0.439,1,0,2,72,43.0,190.69,53.87,3,2.21,51.66,51.66,1,1,2.21,0.28,4.1,10.92,7.26,234.56482978723406,29.002137895948547,0.8229787234042553,0.19398526270353886,0.5723404255319149,0.15623077643077507,2.4348936170212765,0.3724277130935761,33.67282978723404,4.937735307850936,1.1690851063829788,0.2263540733286866,0.4102110015568241,0.2559965777906769,0.32272226258432796,0.09920394477425672,1.2628283341982356,0.42446570982544296,27.753617021276597,10.943218155061572,1.0,0.0,1.0,0.0,27.753617021276597,10.943218155061572,1.612340425531915,0.25010617541840846,0.8527659574468085,0.217482654257455,1.446808510638298,0.42539550079885363,3.9144680851063827,1.3222244243346601,3.4438297872340424,1.5279690316567702,0.3446011548742437,-0.2988821037032188,-1.2183286154009072,1.4394911123169334,-1.6047498080011007,-0.09756884891975948,0.9852123951557343,2.1946935989265883,1.9408595679896645,2.184584337073274,0,0,2.184584337073274,2.3896234208061693,2.6336167332626474,6.2369994143785075,5.298292624127543,2.497544213070929,,,,4.13,4.38,-0.0008510638297872418,1.5274856148005964,0.0002127659574468276,1.4990337313281428,2.704346950179982,2.921740280095008,4.1813,211.806,8.267618268485208e-18,0.8445572580789967,39.32008085106383,17.860702699132506,4.950878060666548,9.657286281200673,0.8912,0.7493,3.2835,0.4868,1.1239,1.3615,0.7437,5.410799999999999,3.2291,4.5742,131.959,-1.0638297872334529e-05,0.8350502107356083,-1.0638297872351065e-05,0.8537403462396571,-6.3829787234035525e-06,1.7891332792850647,140.31963829787233,25.994999773723652,6.479623103778882,3.7823099874811525,2.5566604992147766,-0.32162486519132244,2.699924012958492,2.010737563335131,1.464549521845951e-16,0.6946430883489975,1.3877787807814457e-16,0.6714232356723332,3.886778776386552,2.994739318667857
Elite,NinjaB,33,2,Reverb,Studio City,Lunar,RSC003636,2.0,2.0,"[2, 14]",255.303,0.697,0.667,1.455,2.364,29.484,0.162,0.303,0.828,1,0,5,72,43.0,209.62,45.68,6,4.55,41.13,41.13,1,1,1.67,0.67,2.17,4.8,8.98,234.56482978723406,29.002137895948547,0.8229787234042553,0.19398526270353886,0.5723404255319149,0.15623077643077507,2.4348936170212765,0.3724277130935761,33.67282978723404,4.937735307850936,1.1690851063829788,0.2263540733286866,0.4102110015568241,0.2559965777906769,0.32272226258432796,0.09920394477425672,1.2628283341982356,0.42446570982544296,27.753617021276597,10.943218155061572,1.0,0.0,1.0,0.0,27.753617021276597,10.943218155061572,1.612340425531915,0.25010617541840846,0.8527659574468085,0.217482654257455,1.446808510638298,0.42539550079885363,3.9144680851063827,1.3222244243346601,3.4438297872340424,1.5279690316567702,0.7150566033155423,-0.6494241967070682,0.6058958204693314,-0.19035537509386125,-0.8483301607062363,1.2631312059573454,0.9695871862778614,0.1988052252277559,1.0244133368913455,1.2223445415402252,0,0,1.2223445415402252,0.23054038698414767,0.8403702726124123,1.7000449887307574,0.6697289042586053,3.62322147770437,,,,2.25,1.42,-0.0008510638297872418,1.5274856148005964,0.0002127659574468276,1.4990337313281428,1.4735661285580235,0.9471349472467324,0.8001,89.2521,8.267618268485208e-18,0.8445572580789967,39.32008085106383,17.860702699132506,0.9473602794201097,2.7956357591328906,0.1705,1.087,0.9505,0.2652,1.6304,0.2605,0.4052,2.4732000000000003,2.2961,1.4529,122.82399999999998,-1.0638297872334529e-05,0.8350502107356083,-1.0638297872351065e-05,0.8537403462396571,-6.3829787234035525e-06,1.7891332792850647,140.31963829787233,25.994999773723652,2.961750810312573,2.689471861569163,0.8120727504209764,-0.6730386016605141,0.927421969352607,1.0283923081309145,1.464549521845951e-16,0.6946430883489975,1.3877787807814457e-16,0.6714232356723332,1.33510573258113,1.5316602903995842
Elite,Peach Tundra,20,2,Reverb,Studio City,Lunar,,,,,200.75,0.3,0.45,1.05,2.65,11.321,0.15,0.167,0.95,0,0,2,72,43.0,138.85,61.9,2,2.5,59.4,59.4,1,1,2.35,0.8,1.31,6.29,7.0,234.56482978723406,29.002137895948547,0.8229787234042553,0.19398526270353886,0.5723404255319149,0.15623077643077507,2.4348936170212765,0.3724277130935761,33.67282978723404,4.937735307850936,1.1690851063829788,0.2263540733286866,0.4102110015568241,0.2559965777906769,0.32272226258432796,0.09920394477425672,1.2628283341982356,0.42446570982544296,27.753617021276597,10.943218155061572,1.0,0.0,1.0,0.0,27.753617021276597,10.943218155061572,1.612340425531915,0.25010617541840846,0.8527659574468085,0.217482654257455,1.446808510638298,0.42539550079885363,3.9144680851063827,1.3222244243346601,3.4438297872340424,1.5279690316567702,-1.1659426594188362,-2.69597141615601,-0.7830750657897626,0.5775788842133663,-4.526737136293013,-0.5261010090596268,1.0164628129114806,1.5697184516067515,0.7369931821509987,2.8918717081488485,0,0,2.8918717081488485,2.9493856888341012,0.24262145239566715,-0.3216030973091725,1.7966177837691804,2.3273836963240138,,,,3.63,4.46,-0.0008510638297872418,1.5274856148005964,0.0002127659574468276,1.4990337313281428,2.3770116252805247,2.97510799179361,2.3505,77.814,8.267618268485208e-18,0.8445572580789967,39.32008085106383,17.860702699132506,2.7831150315922604,2.155229824793277,0.501,0.6982,0.7328,0.4279,1.0473,0.7654,0.6537,2.3599,2.4664,5.8413,67.821,-1.0638297872334529e-05,0.8350502107356083,-1.0638297872351065e-05,0.8537403462396571,-6.3829787234035525e-06,1.7891332792850647,140.31963829787233,25.994999773723652,2.826070346379521,2.8889470307468823,3.264880515392851,-2.788945525252731,0.6985427433602194,0.9351297469020539,1.464549521845951e-16,0.6946430883489975,1.3877787807814457e-16,0.6714232356723332,1.005613897376407,1.3927574996204244
Elite,Ricky,40,2,Reverb,Studio City,Lunar,,,,,219.125,0.775,0.325,1.05,2.275,34.066,0.258,0.125,1.075,1,0,2,72,43.0,176.35,42.78,3,1.88,40.9,40.9,1,1,1.5,0.82,1.28,8.4,4.07,234.56482978723406,29.002137895948547,0.8229787234042553,0.19398526270353886,0.5723404255319149,0.15623077643077507,2.4348936170212765,0.3724277130935761,33.67282978723404,4.937735307850936,1.1690851063829788,0.2263540733286866,0.4102110015568241,0.2559965777906769,0.32272226258432796,0.09920394477425672,1.2628283341982356,0.42446570982544296,27.753617021276597,10.943218155061572,1.0,0.0,1.0,0.0,27.753617021276597,10.943218155061572,1.612340425531915,0.25010617541840846,0.8527659574468085,0.217482654257455,1.446808510638298,0.42539550079885363,3.9144680851063827,1.3222244243346601,3.4438297872340424,1.5279690316567702,-0.532368677186068,-0.2473317959085351,-1.583173502574955,-0.42932792431883754,0.07962561543969833,-0.5261010090596268,0.5945821732089086,1.9930887126943828,0.4425053186875285,1.20132695816201,0,0,1.20132695816201,-0.4491709384783403,0.15066009543924525,-0.3921257049617283,3.392413445357981,0.4098055652914668,,,,1.64,3.19,-0.0008510638297872418,1.5274856148005964,0.0002127659574468276,1.4990337313281428,1.0742170321806859,2.1278955685783028,2.7981,52.352,8.267618268485208e-18,0.8445572580789967,39.32008085106383,17.860702699132506,3.3130968601992357,0.7296420173641393,0.5964,0.1229,0.2481,0.1934,0.1844,0.9111,0.2954,1.1608,1.3908999999999998,0.7522,134.316,-1.0638297872334529e-05,0.8350502107356083,-1.0638297872351065e-05,0.8537403462396571,-6.3829787234035525e-06,1.7891332792850647,140.31963829787233,25.994999773723652,1.3901087903148925,1.629196329333865,0.42043060273257227,-0.23095358146303754,0.479870730956494,0.6694385870626698,1.464549521845951e-16,0.6946430883489975,1.3877787807814457e-16,0.6714232356723332,0.6908162465087405,0.9970441168785644
Elite,Macklishh,30,2,Stingrays,The Aquarium,Solar,RSC003655,1.0,2.0,[2],251.833,1.033,0.4,1.533,2.667,38.733,0.4,0.267,1.1,1,0,3,72,43.0,237.35,14.48,4,3.33,11.15,11.15,1,1,1.63,0.7,2.19,5.74,3.83,234.56482978723406,29.002137895948547,0.8229787234042553,0.19398526270353886,0.5723404255319149,0.15623077643077507,2.4348936170212765,0.3724277130935761,33.67282978723404,4.937735307850936,1.1690851063829788,0.2263540733286866,0.4102110015568241,0.2559965777906769,0.32272226258432796,0.09920394477425672,1.2628283341982356,0.42446570982544296,27.753617021276597,10.943218155061572,1.0,0.0,1.0,0.0,27.753617021276597,10.943218155061572,1.612340425531915,0.25010617541840846,0.8527659574468085,0.217482654257455,1.446808510638298,0.42539550079885363,3.9144680851063827,1.3222244243346601,3.4438297872340424,1.5279690316567702,0.5954102512966196,1.0826661451943032,-1.1031144405038393,0.6232253262001594,1.0247957610689151,1.6077240769976504,0.039887258044415765,0.5616940204457251,0.38360774599483416,-1.5172517614114198,0,0,-1.5172517614114198,0.07060831040473853,0.7024282371777791,1.7470600604991278,1.3806520899901091,0.2527343190635447,,,,-1.13,-0.96,-0.0008510638297872418,1.5274856148005964,0.0002127659574468276,1.4990337313281428,-0.7392206677623055,-0.6405544757866782,0.4307,24.4185,8.267618268485208e-18,0.8445572580789967,39.32008085106383,17.860702699132506,0.5099713440147997,-0.8343222045674382,0.0918,0.0758,-0.2837,-0.1331,0.1137,0.1402,-0.2033,-0.24919999999999998,0.050600000000000006,-1.4466,168.703,-1.0638297872334529e-05,0.8350502107356083,-1.0638297872351065e-05,0.8537403462396571,-6.3829787234035525e-06,1.7891332792850647,140.31963829787233,25.994999773723652,-0.2984124289755139,0.05928106656876355,-0.8085443570751384,1.0918777437658695,0.11996801953414088,0.22273776868518522,1.464549521845951e-16,0.6946430883489975,1.3877787807814457e-16,0.6714232356723332,0.1727045464733211,0.33173973858999
Elite,Mako,42,2,Stingrays,The Aquarium,Solar,RSC000406,6.0,1.0,"[1, 2, 3, 4, 5, 6]",201.786,0.738,0.238,1.262,2.19,33.699,0.5,0.31,1.341,1,1,4,72,43.0,179.53,22.26,6,3.57,18.69,18.69,1,1,1.45,0.84,1.5,4.07,2.52,234.56482978723406,29.002137895948547,0.8229787234042553,0.19398526270353886,0.5723404255319149,0.15623077643077507,2.4348936170212765,0.3724277130935761,33.67282978723404,4.937735307850936,1.1690851063829788,0.2263540733286866,0.4102110015568241,0.2559965777906769,0.32272226258432796,0.09920394477425672,1.2628283341982356,0.42446570982544296,27.753617021276597,10.943218155061572,1.0,0.0,1.0,0.0,27.753617021276597,10.943218155061572,1.612340425531915,0.25010617541840846,0.8527659574468085,0.217482654257455,1.446808510638298,0.42539550079885363,3.9144680851063827,1.3222244243346601,3.4438297872340424,1.5279690316567702,-1.1302211548967602,-0.4380679347488649,-2.140042014577449,-0.6575601342528037,0.005300043670697446,0.4104847429986399,-0.35074296390241,0.128243515046484,-0.18416485476273609,-0.828240549795162,0,0,-0.828240549795162,-0.6490860342026017,0.058698738482822845,0.1250400844903468,0.11762898342456567,-0.6046128999305292,,,,-1.01,-0.7,-0.0008510638297872418,1.5274856148005964,0.0002127659574468276,1.4990337313281428,-0.6606601897864359,-0.4671094127662216,-0.1572,28.035,8.267618268485208e-18,0.8445572580789967,39.32008085106383,17.860702699132506,-0.18613302827751688,-0.6318385699131503,-0.0335,-0.1814,-0.2148,-0.1189,-0.2721,-0.0512,-0.1817,-0.5486,-0.505,-1.4773,129.399,-1.0638297872334529e-05,0.8350502107356083,-1.0638297872351065e-05,0.8537403462396571,-6.3829787234035525e-06,1.7891332792850647,140.31963829787233,25.994999773723652,-0.6569537431993067,-0.5915022804373472,-0.8257035035487135,-0.4201053430633673,-0.6077768184392708,-0.5860076765294423,1.464549521845951e-16,0.6946430883489975,1.3877787807814457e-16,0.6714232356723332,-0.874948342009438,-0.8727843264802126
Elite,Spyhop,26,2,Stingrays,The Aquarium,Solar,RSC001704,2.0,1.0,"[1, 2]",143.269,0.154,0.5,0.923,1.077,14.299,0.654,0.59,1.872,0,0,1,72,43.0,103.78,39.49,1,0.96,38.53,38.53,1,1,0.92,1.22,0.76,1.56,1.41,234.56482978723406,29.002137895948547,0.8229787234042553,0.19398526270353886,0.5723404255319149,0.15623077643077507,2.4348936170212765,0.3724277130935761,33.67282978723404,4.937735307850936,1.1690851063829788,0.2263540733286866,0.4102110015568241,0.2559965777906769,0.32272226258432796,0.09920394477425672,1.2628283341982356,0.42446570982544296,27.753617021276597,10.943218155061572,1.0,0.0,1.0,0.0,27.753617021276597,10.943218155061572,1.612340425531915,0.25010617541840846,0.8527659574468085,0.217482654257455,1.446808510638298,0.42539550079885363,3.9144680851063827,1.3222244243346601,3.4438297872340424,1.5279690316567702,-3.147899996709816,-3.4486059099583914,-0.4630356910756857,-3.646059541976385,-3.923626638396332,-1.087168888830381,-0.952313505700522,-2.6942248922043897,-1.4351492987555576,0.9847544685691018,0,0,0.9847544685691018,-2.7681860488797705,-1.6885670436892013,-1.6145175709393604,-1.7806871827308324,-1.331067413734668,,,,-0.45,-1.71,-0.0008510638297872418,1.5274856148005964,0.0002127659574468276,1.4990337313281428,-0.2940446258990441,-1.1408767729610725,-1.48,29.2828,8.267618268485208e-18,0.8445572580789967,39.32008085106383,17.860702699132506,-1.7523974672437974,-0.5619756971572757,-0.3154,-0.3993,-0.1911,-0.0529,-0.599,-0.4819,-0.0809,-0.9587000000000001,-1.1618,-1.7834,40.469,-1.0638297872334529e-05,0.8350502107356083,-1.0638297872351065e-05,0.8537403462396571,-6.3829787234035525e-06,1.7891332792850647,140.31963829787233,25.994999773723652,-1.148061936129091,-1.3608228389571702,-0.9967919314171599,-3.841147881016859,-2.184453412811977,-2.1663724362890555,1.464549521845951e-16,0.6946430883489975,1.3877787807814457e-16,0.6714232356723332,-3.1447133779217564,-3.226537780033405
Elite,delta hx,46,2,Stingrays,The Aquarium,Solar,,,,,182.283,0.457,0.478,0.826,1.978,23.104,0.42,0.326,1.261,1,1,2,72,43.0,136.46,45.82,4,2.17,43.65,43.65,1,1,1.52,0.84,0.98,2.53,1.97,234.56482978723406,29.002137895948547,0.8229787234042553,0.19398526270353886,0.5723404255319149,0.15623077643077507,2.4348936170212765,0.3724277130935761,33.67282978723404,4.937735307850936,1.1690851063829788,0.2263540733286866,0.4102110015568241,0.2559965777906769,0.32272226258432796,0.09920394477425672,1.2628283341982356,0.42446570982544296,27.753617021276597,10.943218155061572,1.0,0.0,1.0,0.0,27.753617021276597,10.943218155061572,1.612340425531915,0.25010617541840846,0.8527659574468085,0.217482654257455,1.446808510638298,0.42539550079885363,3.9144680851063827,1.3222244243346601,3.4438297872340424,1.5279690316567702,-1.8026888215898589,-1.886631583779476,-0.6038530159498797,-1.2267981166763429,-2.140420481922095,-1.5157010489702487,-0.03823878634494926,-0.03304039393928036,0.004307377853885007,1.4526241507276212,0,0,1.4526241507276212,-0.36920490018863567,0.058698738482822845,-1.0973517814872855,-1.0470749591568342,-0.9645678392028503,,,,1.46,1.42,-0.0008510638297872418,1.5274856148005964,0.0002127659574468276,1.4990337313281428,0.9563763152168815,0.9471349472467324,-0.1098,42.777,8.267618268485208e-18,0.8445572580789967,39.32008085106383,17.860702699132506,-0.13000894723200607,0.1935488881467175,-0.0234,-0.2894,0.0658,0.1721,-0.4341,-0.0358,0.263,-0.0749,-0.20689999999999997,1.0834,88.584,-1.0638297872334529e-05,0.8350502107356083,-1.0638297872351065e-05,0.8537403462396571,-6.3829787234035525e-06,1.7891332792850647,140.31963829787233,25.994999773723652,-0.08968246548450841,-0.2423328856523911,0.6055481699002608,-1.9902149931991115,-0.662183205016462,-0.668078991036574,1.464549521845951e-16,0.6946430883489975,1.3877787807814457e-16,0.6714232356723332,-0.9532711346632918,-0.9950191705349454
Elite,BestPayload,20,2,Tarrasques,The Dungeon,Solar,RSC003652,2.0,1.0,"[1, 2]",222.75,0.9,0.7,0.75,2.85,31.579,0.567,0.567,1.483,2,0,1,72,43.0,196.25,26.5,3,3.75,22.75,22.75,1,1,1.95,0.92,0.82,1.32,1.32,234.56482978723406,29.002137895948547,0.8229787234042553,0.19398526270353886,0.5723404255319149,0.15623077643077507,2.4348936170212765,0.3724277130935761,33.67282978723404,4.937735307850936,1.1690851063829788,0.2263540733286866,0.4102110015568241,0.2559965777906769,0.32272226258432796,0.09920394477425672,1.2628283341982356,0.42446570982544296,27.753617021276597,10.943218155061572,1.0,0.0,1.0,0.0,27.753617021276597,10.943218155061572,1.612340425531915,0.25010617541840846,0.8527659574468085,0.217482654257455,1.446808510638298,0.42539550079885363,3.9144680851063827,1.3222244243346601,3.4438297872340424,1.5279690316567702,-0.40737789157552184,0.39704705152501085,0.8171218077806217,1.1145958487638756,-0.42404658344178153,-1.851458205368495,-0.6124652126067832,-2.462379273037353,-0.5187030676572385,-0.4572345127710235,0,0,-0.4572345127710235,1.3500649230400108,-0.30914668934286677,-1.4734723556342493,-1.9621994854707905,-1.3899691310701388,,,,-0.98,-2.92,-0.0008510638297872418,1.5274856148005964,0.0002127659574468276,1.4990337313281428,-0.6410200702924684,-1.9480634124024283,-1.9556,18.655,8.267618268485208e-18,0.8445572580789967,39.32008085106383,17.860702699132506,-2.315532761447277,-1.1570138756112618,-0.4168,-0.417,-0.3934,-0.1154,-0.6255,-0.6368,-0.1763,-1.3426,-1.4386,0.8928,150.079,-1.0638297872334529e-05,0.8350502107356083,-1.0638297872351065e-05,0.8537403462396571,-6.3829787234035525e-06,1.7891332792850647,140.31963829787233,25.994999773723652,-1.6077947702323439,-1.6850431961409202,0.4990161400024305,0.37543226724674433,-0.24566500947731953,-0.4190977886469569,1.464549521845951e-16,0.6946430883489975,1.3877787807814457e-16,0.6714232356723332,-0.35365645120173494,-0.6241931562396574
Elite,Envee,60,2,Tarrasques,The Dungeon,Solar,,,,,258.917,0.967,0.683,0.933,3.0,32.233,0.289,0.228,0.739,5,4,2,72,43.0,214.03,44.89,11,4.58,40.31,40.31,1,1,2.03,0.45,2.07,4.09,3.23,234.56482978723406,29.002137895948547,0.8229787234042553,0.19398526270353886,0.5723404255319149,0.15623077643077507,2.4348936170212765,0.3724277130935761,33.67282978723404,4.937735307850936,1.1690851063829788,0.2263540733286866,0.4102110015568241,0.2559965777906769,0.32272226258432796,0.09920394477425672,1.2628283341982356,0.42446570982544296,27.753617021276597,10.943218155061572,1.0,0.0,1.0,0.0,27.753617021276597,10.943218155061572,1.612340425531915,0.25010617541840846,0.8527659574468085,0.217482654257455,1.446808510638298,0.42539550079885363,3.9144680851063827,1.3222244243346601,3.4438297872340424,1.5279690316567702,0.839668106542166,0.7424341137493913,0.7083084203778361,1.517358572176757,-0.29159719941746076,-1.0429903156200853,0.47348680440539265,0.9548235485985255,1.2340886956773363,1.1474122877570248,0,0,1.1474122877570248,1.6699290761988281,1.851945199133058,1.4649696298889048,0.13275500865289522,-0.13994379650626015,,,,2.38,2.1,-0.0008510638297872418,1.5274856148005964,0.0002127659574468276,1.4990337313281428,1.5586733130318822,1.4007604966848501,0.7287,83.4417,8.267618268485208e-18,0.8445572580789967,39.32008085106383,17.860702699132506,0.8628189421490238,2.4703182115605764,0.1553,-0.042,0.8399,0.2806,-0.063,0.2373,0.4286,1.2338,0.6029,2.8173,158.933,-1.0638297872334529e-05,0.8350502107356083,-1.0638297872351065e-05,0.8537403462396571,-6.3829787234035525e-06,1.7891332792850647,140.31963829787233,25.994999773723652,1.4775286832285093,0.7061990697211664,1.574676641253085,0.716036232512011,1.1991616516085455,0.918175065493531,1.464549521845951e-16,0.6946430883489975,1.3877787807814457e-16,0.6714232356723332,1.7262989752891218,1.3675056457855699
Elite,Murloc,60,2,Tarrasques,The Dungeon,Solar,RSC000080,18.0,2.0,"[2, 3, 4, 5, 6, 7, 8, 9, 10, 11, 12, 13, 14, 15, 16, 17, 19, 20]",195.0,0.733,0.6,0.733,2.283,32.107,0.439,0.339,1.133,2,2,4,72,43.0,167.91,27.09,8,3.33,23.76,23.76,1,1,1.55,0.69,1.06,2.16,1.67,234.56482978723406,29.002137895948547,0.8229787234042553,0.19398526270353886,0.5723404255319149,0.15623077643077507,2.4348936170212765,0.3724277130935761,33.67282978723404,4.937735307850936,1.1690851063829788,0.2263540733286866,0.4102110015568241,0.2559965777906769,0.32272226258432796,0.09920394477425672,1.2628283341982356,0.42446570982544296,27.753617021276597,10.943218155061572,1.0,0.0,1.0,0.0,27.753617021276597,10.943218155061572,1.612340425531915,0.25010617541840846,0.8527659574468085,0.217482654257455,1.446808510638298,0.42539550079885363,3.9144680851063827,1.3222244243346601,3.4438297872340424,1.5279690316567702,-1.3642039055597026,-0.46384308864620677,0.17704305835246797,-0.4078472457368172,-0.3171149706515039,-1.9265617798259975,-0.11245852851484625,-0.1640835699902139,0.3058629500404782,-0.3649399075014716,0,0,-0.3649399075014716,-0.24925584275407883,0.7484089156559903,-0.9092914944138034,-1.3269064258809364,-1.1609068969877527,,,,-0.06,-0.53,-0.0008510638297872418,1.5274856148005964,0.0002127659574468276,1.4990337313281428,-0.03872307247746767,-0.3537030254066923,-0.8695,25.1856,8.267618268485208e-18,0.8445572580789967,39.32008085106383,17.860702699132506,-1.029533512005731,-0.7913731665076279,-0.1853,-0.3483,-0.2691,-0.007,-0.5224,-0.2831,-0.0106,-0.8097,-0.8161,-0.6142,128.237,-1.0638297872334529e-05,0.8350502107356083,-1.0638297872351065e-05,0.8537403462396571,-6.3829787234035525e-06,1.7891332792850647,140.31963829787233,25.994999773723652,-0.9696295519629414,-0.9558987873732744,-0.3432911478046552,-0.46480624747247534,-0.5985888610440178,-0.6320796395125181,1.464549521845951e-16,0.6946430883489975,1.3877787807814457e-16,0.6714232356723332,-0.86172146687117,-0.9414026889903235
Elite,Queue,24,2,Tarrasques,The Dungeon,Solar,RSC000014,5.0,1.0,"[1, 2, 8, 9, 24]",180.417,0.5,0.375,1.25,2.292,21.815,0.403,0.417,1.292,0,2,3,72,43.0,162.92,17.5,5,5.21,12.29,12.29,1,1,1.79,0.89,1.4,3.0,3.1,234.56482978723406,29.002137895948547,0.8229787234042553,0.19398526270353886,0.5723404255319149,0.15623077643077507,2.4348936170212765,0.3724277130935761,33.67282978723404,4.937735307850936,1.1690851063829788,0.2263540733286866,0.4102110015568241,0.2559965777906769,0.32272226258432796,0.09920394477425672,1.2628283341982356,0.42446570982544296,27.753617021276597,10.943218155061572,1.0,0.0,1.0,0.0,27.753617021276597,10.943218155061572,1.612340425531915,0.25010617541840846,0.8527659574468085,0.217482654257455,1.446808510638298,0.42539550079885363,3.9144680851063827,1.3222244243346601,3.4438297872340424,1.5279690316567702,-1.8670289059896594,-1.6649652602623364,-1.263134127860878,-0.3836814823320446,-2.401471332086239,0.35747045514628517,0.028168351386010978,-0.950342626295814,-0.06872561228505593,-1.4130776524933117,0,0,-1.4130776524933117,0.710336616722375,-0.17120465390823317,-0.11003527435150577,-0.6916133662910823,-0.2250240548797178,,,,-1.48,-2.36,-0.0008510638297872418,1.5274856148005964,0.0002127659574468276,1.4990337313281428,-0.9683553951919255,-1.574489430512214,-1.1066,17.206,8.267618268485208e-18,0.8445572580789967,39.32008085106383,17.860702699132506,-1.3102723224675583,-1.2381417026855226,-0.2358,-0.0675,-0.421,-0.1743,-0.1013,-0.3603,-0.2663,-0.8986,-0.7279,-0.7027,94.735,-1.0638297872334529e-05,0.8350502107356083,-1.0638297872351065e-05,0.8537403462396571,-6.3829787234035525e-06,1.7891332792850647,140.31963829787233,25.994999773723652,-1.0760902160728116,-0.8525886880105332,-0.3927564397561662,-1.753592563749523,-1.162591035538002,-1.0665903436955215,1.464549521845951e-16,0.6946430883489975,1.3877787807814457e-16,0.6714232356723332,-1.6736523475691762,-1.5885514337725979
Elite,Nobody Special,50,2,Thunder Eagles,The Birdcage,Lunar,RSC001526,1.0,2.0,[2],210.0,0.76,0.38,1.24,2.0,38.0,0.46,0.287,1.26,1,1,8,72,43.0,185.68,24.32,10,5.0,19.32,19.32,1,1,1.24,0.8,1.55,4.32,2.7,234.56482978723406,29.002137895948547,0.8229787234042553,0.19398526270353886,0.5723404255319149,0.15623077643077507,2.4348936170212765,0.3724277130935761,33.67282978723404,4.937735307850936,1.1690851063829788,0.2263540733286866,0.4102110015568241,0.2559965777906769,0.32272226258432796,0.09920394477425672,1.2628283341982356,0.42446570982544296,27.753617021276597,10.943218155061572,1.0,0.0,1.0,0.0,27.753617021276597,10.943218155061572,1.612340425531915,0.25010617541840846,0.8527659574468085,0.217482654257455,1.446808510638298,0.42539550079885363,3.9144680851063827,1.3222244243346601,3.4438297872340424,1.5279690316567702,-0.8470006547574427,-0.3246572576005607,-1.2311301903894702,-1.1677262505757868,0.8763471395248367,0.3132918819359895,-0.19449087512367974,0.3600891342135203,0.006663280761592509,-0.770670647498313,0,0,-0.770670647498313,-1.4887294362444987,0.24262145239566715,0.24257776391127306,0.30670429877868893,-0.4868094652595876,,,,-0.76,-0.41,-0.0008510638297872418,1.5274856148005964,0.0002127659574468276,1.4990337313281428,-0.4969925273367074,-0.2736514578587892,0.0339,29.946,8.267618268485208e-18,0.8445572580789967,39.32008085106383,17.860702699132506,0.04013937441862481,-0.5248438994239082,0.0072,-0.146,-0.1784,-0.0895,-0.2191,0.011,-0.1367,-0.40670000000000006,-0.3448,-2.2594,134.0,-1.0638297872334529e-05,0.8350502107356083,-1.0638297872351065e-05,0.8537403462396571,-6.3829787234035525e-06,1.7891332792850647,140.31963829787233,25.994999773723652,-0.4870238417685913,-0.4038574060846134,-1.2628425412354563,-0.24310976545036816,-0.5989292600973557,-0.5521446878924874,1.464549521845951e-16,0.6946430883489975,1.3877787807814457e-16,0.6714232356723332,-0.8622115013349794,-0.8223496872871766
Elite,Reverse Fridge,54,2,Thunder Eagles,The Birdcage,Lunar,RSC001612,13.0,2.0,"[2, 8, 9, 10, 11, 12, 15, 16, 17, 18, 19, 20, 22]",181.944,0.593,0.444,0.889,2.259,26.251,0.395,0.346,1.34,0,0,2,72,43.0,154.76,27.18,2,0.93,26.25,26.25,1,1,1.67,0.94,0.95,2.57,2.25,234.56482978723406,29.002137895948547,0.8229787234042553,0.19398526270353886,0.5723404255319149,0.15623077643077507,2.4348936170212765,0.3724277130935761,33.67282978723404,4.937735307850936,1.1690851063829788,0.2263540733286866,0.4102110015568241,0.2559965777906769,0.32272226258432796,0.09920394477425672,1.2628283341982356,0.42446570982544296,27.753617021276597,10.943218155061572,1.0,0.0,1.0,0.0,27.753617021276597,10.943218155061572,1.612340425531915,0.25010617541840846,0.8527659574468085,0.217482654257455,1.446808510638298,0.42539550079885363,3.9144680851063827,1.3222244243346601,3.4438297872340424,1.5279690316567702,-1.8143776150579898,-1.1855473977717783,-0.8214797907554519,-0.4722892814828783,-1.5030837670527677,-1.237376037745386,0.059418769141757075,-0.23464528017148525,-0.18180895185502857,-0.13740172223297292,0,0,-0.13740172223297292,0.23054038698414767,-0.40110804629928865,-1.167874389139841,-1.0168229087001743,-0.7813180519369414,,,,-0.32,-0.37,-0.0008510638297872418,1.5274856148005964,0.0002127659574468276,1.4990337313281428,-0.2089374414251853,-0.24696760200948822,-0.655,24.9375,8.267618268485208e-18,0.8445572580789967,39.32008085106383,17.860702699132506,-0.7755542844896536,-0.8052639973545044,-0.1396,-0.2344,-0.2738,-0.0376,-0.3516,-0.2133,-0.0575,-0.6853999999999999,-0.6224,0.0931,108.141,-1.0638297872334529e-05,0.8350502107356083,-1.0638297872351065e-05,0.8537403462396571,-6.3829787234035525e-06,1.7891332792850647,140.31963829787233,25.994999773723652,-0.8207762274538651,-0.7290148163238076,0.052039936910641224,-1.2378779987680262,-0.7519565716011128,-0.7247524212274585,1.464549521845951e-16,0.6946430883489975,1.3877787807814457e-16,0.6714232356723332,-1.0825078147517975,-1.0794270777682038
Elite,Spoopy Ougi,50,2,Thunder Eagles,The Birdcage,Lunar,RSC001703,5.0,1.0,"[1, 2, 19, 20, 21]",234.8,0.6,0.6,1.58,2.16,27.778,0.44,0.34,1.333,3,3,12,72,43.0,201.66,33.14,18,9.0,24.14,24.14,1,1,1.56,0.89,1.78,4.65,3.59,234.56482978723406,29.002137895948547,0.8229787234042553,0.19398526270353886,0.5723404255319149,0.15623077643077507,2.4348936170212765,0.3724277130935761,33.67282978723404,4.937735307850936,1.1690851063829788,0.2263540733286866,0.4102110015568241,0.2559965777906769,0.32272226258432796,0.09920394477425672,1.2628283341982356,0.42446570982544296,27.753617021276597,10.943218155061572,1.0,0.0,1.0,0.0,27.753617021276597,10.943218155061572,1.612340425531915,0.25010617541840846,0.8527659574468085,0.217482654257455,1.446808510638298,0.42539550079885363,3.9144680851063827,1.3222244243346601,3.4438297872340424,1.5279690316567702,0.008108719902293922,-1.1494621823154998,0.17704305835246797,-0.7381126789353795,-1.1938326823354304,1.8153633710860404,-0.11636483073431451,-0.17416381430182418,-0.16531763150107398,-0.33021520452876907,0,0,-0.33021520452876907,-0.20927282360922655,-0.17120465390823317,0.7832510892475334,0.5562837150461317,0.09566307283562266,,,,-0.5,-0.5,-0.0008510638297872418,1.5274856148005964,0.0002127659574468276,1.4990337313281428,-0.3267781583889898,-0.3336901335197165,0.138,42.9692,8.267618268485208e-18,0.8445572580789967,39.32008085106383,17.860702699132506,0.1633992232970568,0.20430994291805832,0.0294,0.0287,0.0695,-0.0588,0.043,0.0449,-0.0899,0.06880000000000003,-0.001999999999999988,-0.5395,109.37799999999999,-1.0638297872334529e-05,0.8350502107356083,-1.0638297872351065e-05,0.8537403462396571,-6.3829787234035525e-06,1.7891332792850647,140.31963829787233,25.994999773723652,0.08240299494955643,-0.0023301718267033787,-0.30153908781846456,-1.1902919241087615,-0.5303393350211365,-0.501806542486267,1.464549521845951e-16,0.6946430883489975,1.3877787807814457e-16,0.6714232356723332,-0.7634702538848086,-0.7473773855678087
Elite,The Wizard,50,2,Thunder Eagles,The Birdcage,Lunar,,,,,218.8,0.86,0.54,1.08,2.2,39.091,0.393,0.4,1.12,4,2,6,72,43.0,196.56,22.24,12,6.0,16.24,16.24,1,1,1.34,0.73,1.48,2.7,2.75,234.56482978723406,29.002137895948547,0.8229787234042553,0.19398526270353886,0.5723404255319149,0.15623077643077507,2.4348936170212765,0.3724277130935761,33.67282978723404,4.937735307850936,1.1690851063829788,0.2263540733286866,0.4102110015568241,0.2559965777906769,0.32272226258432796,0.09920394477425672,1.2628283341982356,0.42446570982544296,27.753617021276597,10.943218155061572,1.0,0.0,1.0,0.0,27.753617021276597,10.943218155061572,1.612340425531915,0.25010617541840846,0.8527659574468085,0.217482654257455,1.446808510638298,0.42539550079885363,3.9144680851063827,1.3222244243346601,3.4438297872340424,1.5279690316567702,-0.5435747476201166,0.19084582034627595,-0.20700419130442396,-0.6307092860252776,1.097298634892627,-0.3935652894287398,0.0672313735806936,-0.7789784729984399,0.3364896878406789,-1.0521235031717977,0,0,-1.0521235031717977,-1.088899244795976,0.5644862017431456,0.07802501272197626,-0.91850374471603,-0.454086288962104,,,,-0.72,-1.83,-0.0008510638297872418,1.5274856148005964,0.0002127659574468276,1.4990337313281428,-0.4708057013447508,-1.2209283405089757,-1.0606,24.0352,8.267618268485208e-18,0.8445572580789967,39.32008085106383,17.860702699132506,-1.2558059147018725,-0.8557827263877034,-0.226,-0.1362,-0.291,-0.0847,-0.2043,-0.3453,-0.1295,-0.7379,-0.6791,-2.141,147.091,-1.0638297872334529e-05,0.8350502107356083,-1.0638297872351065e-05,0.8537403462396571,-6.3829787234035525e-06,1.7891332792850647,140.31963829787233,25.994999773723652,-0.8836466983848911,-0.795428451628427,-1.196665246692418,0.26048708448046715,-0.51050819328178,-0.511595689444583,1.464549521845951e-16,0.6946430883489975,1.3877787807814457e-16,0.6714232356723332,-0.7349215760501374,-0.7619570820069909
Elite,Badb0yz143,26,2,Titans,The Acropolis,Solar,,,,,182.885,0.346,0.231,1.654,1.577,21.94,0.756,0.513,2.013,0,0,7,72,43.0,156.2,26.68,7,6.73,19.95,19.95,1,1,1.23,1.26,1.31,3.22,2.19,234.56482978723406,29.002137895948547,0.8229787234042553,0.19398526270353886,0.5723404255319149,0.15623077643077507,2.4348936170212765,0.3724277130935761,33.67282978723404,4.937735307850936,1.1690851063829788,0.2263540733286866,0.4102110015568241,0.2559965777906769,0.32272226258432796,0.09920394477425672,1.2628283341982356,0.42446570982544296,27.753617021276597,10.943218155061572,1.0,0.0,1.0,0.0,27.753617021276597,10.943218155061572,1.612340425531915,0.25010617541840846,0.8527659574468085,0.217482654257455,1.446808510638298,0.42539550079885363,3.9144680851063827,1.3222244243346601,3.4438297872340424,1.5279690316567702,-1.781931731124328,-2.458840000300465,-2.1848475270374195,-2.303517130600113,-2.3761560828461166,2.142284812842227,-1.3507563320862843,-1.9180460802103996,-1.7673316087423516,-0.713100745201464,0,0,-0.713100745201464,-1.528712455389351,-1.872489757602046,-0.3216030973091725,-0.5252270887794536,-0.8205858634939219,,,,-2.48,-2.63,-0.0008510638297872418,1.5274856148005964,0.0002127659574468276,1.4990337313281428,-1.6230260449908394,-1.7546054574949959,-1.103,26.1345,8.267618268485208e-18,0.8445572580789967,39.32008085106383,17.860702699132506,-1.306009734033722,-0.7382453575975066,-0.2351,-0.2462,-0.251,-0.2921,-0.3693,-0.3592,-0.4463,-1.0244,-1.1748,-2.2418,72.30999999999999,-1.0638297872334529e-05,0.8350502107356083,-1.0638297872351065e-05,0.8537403462396571,-6.3829787234035525e-06,1.7891332792850647,140.31963829787233,25.994999773723652,-1.2267398397513458,-1.3760499511081412,-1.25300537583041,-2.616258468546634,-1.7896389860108086,-1.7929943193193432,1.464549521845951e-16,0.6946430883489975,1.3877787807814457e-16,0.6714232356723332,-2.576343184043417,-2.670438292955291
Elite,Big Boi Johnny,34,2,Titans,The Acropolis,Solar,RSC000294,10.0,1.0,"[1, 2, 3, 4, 5, 6, 8, 9, 10, 11]",190.882,0.559,0.5,1.176,2.029,27.551,0.402,0.363,1.127,0,2,5,72,43.0,168.22,22.66,7,5.15,17.51,17.51,1,1,1.47,0.72,1.63,3.24,2.93,234.56482978723406,29.002137895948547,0.8229787234042553,0.19398526270353886,0.5723404255319149,0.15623077643077507,2.4348936170212765,0.3724277130935761,33.67282978723404,4.937735307850936,1.1690851063829788,0.2263540733286866,0.4102110015568241,0.2559965777906769,0.32272226258432796,0.09920394477425672,1.2628283341982356,0.42446570982544296,27.753617021276597,10.943218155061572,1.0,0.0,1.0,0.0,27.753617021276597,10.943218155061572,1.612340425531915,0.25010617541840846,0.8527659574468085,0.217482654257455,1.446808510638298,0.42539550079885363,3.9144680851063827,1.3222244243346601,3.4438297872340424,1.5279690316567702,-1.5061934380132826,-1.3608184442737024,-0.4630356910756857,-1.0898587907159634,-1.239805174955493,0.030549013390097392,0.032074653605479245,-0.40600943346885987,0.3199983674867248,-0.9360698906051333,0,0,-0.9360698906051333,-0.5691199959128971,0.6104668802213568,0.43063805098475455,-0.5101010635511237,-0.33628285429116245,,,,-0.62,-1.34,-0.0008510638297872418,1.5274856148005964,0.0002127659574468276,1.4990337313281428,-0.40533863636485945,-0.8940511063550381,-0.6906,28.5413,8.267618268485208e-18,0.8445572580789967,39.32008085106383,17.860702699132506,-0.8177065478909232,-0.6034914209499357,-0.1472,-0.1009,-0.2052,-0.073,-0.1513,-0.2249,-0.1115,-0.5263,-0.48769999999999997,-1.5052,103.741,-1.0638297872334529e-05,0.8350502107356083,-1.0638297872351065e-05,0.8537403462396571,-6.3829787234035525e-06,1.7891332792850647,140.31963829787233,25.994999773723652,-0.6302487622133662,-0.5712385081133629,-0.841297646435122,-1.407141320110603,-0.997988984112135,-0.9369777136295916,1.464549521845951e-16,0.6946430883489975,1.3877787807814457e-16,0.6714232356723332,-1.4366931750290919,-1.3955098123635
Elite,Bloo,28,2,Titans,The Acropolis,Solar,RSC003628,2.0,1.0,"[1, 2]",199.643,0.821,0.357,0.75,2.107,38.965,0.405,0.31,1.071,1,0,1,72,43.0,163.77,35.87,2,1.79,34.08,34.08,1,1,1.29,0.67,1.12,2.42,1.85,234.56482978723406,29.002137895948547,0.8229787234042553,0.19398526270353886,0.5723404255319149,0.15623077643077507,2.4348936170212765,0.3724277130935761,33.67282978723404,4.937735307850936,1.1690851063829788,0.2263540733286866,0.4102110015568241,0.2559965777906769,0.32272226258432796,0.09920394477425672,1.2628283341982356,0.42446570982544296,27.753617021276597,10.943218155061572,1.0,0.0,1.0,0.0,27.753617021276597,10.943218155061572,1.612340425531915,0.25010617541840846,0.8527659574468085,0.217482654257455,1.446808510638298,0.42539550079885363,3.9144680851063827,1.3222244243346601,3.4438297872340424,1.5279690316567702,-1.204112259328043,-0.01020038005299056,-1.3783483027579457,-0.8804221745412641,1.071780863658584,-1.851458205368495,0.020355746947074455,0.128243515046484,0.45192893031835957,0.5781099205992943,0,0,0.5781099205992943,-1.2888143405202372,0.8403702726124123,-0.7682462791086918,-1.1302680979126483,-1.0431034623168112,,,,1.03,0.71,-0.0008510638297872418,1.5274856148005964,0.0002127659574468276,1.4990337313281428,0.6748679358033485,0.4734965059216394,-0.3765,38.1696,8.267618268485208e-18,0.8445572580789967,39.32008085106383,17.860702699132506,-0.44579570703870924,-0.06441408663723541,-0.0802,-0.3129,-0.0219,0.1215,-0.4694,-0.1226,0.1856,-0.2935,-0.4064,-0.7107,142.135,-1.0638297872334529e-05,0.8350502107356083,-1.0638297872351065e-05,0.8537403462396571,-6.3829787234035525e-06,1.7891332792850647,140.31963829787233,25.994999773723652,-0.3514631311135033,-0.47601049135382945,-0.3972278785766418,0.06983503435005489,-0.1953003467431274,-0.26059827503390603,1.464549521845951e-16,0.6946430883489975,1.3877787807814457e-16,0.6714232356723332,-0.2811520765394936,-0.38812817488056506
Elite,KittenDuck,37,2,Titans,The Acropolis,Solar,RSC001420,4.0,1.0,"[1, 2, 8, 9]",192.568,0.649,0.595,0.757,2.108,30.787,0.369,0.369,1.261,1,1,0,72,43.0,158.88,33.69,2,1.35,32.34,32.34,1,1,1.46,0.89,0.85,2.05,2.05,234.56482978723406,29.002137895948547,0.8229787234042553,0.19398526270353886,0.5723404255319149,0.15623077643077507,2.4348936170212765,0.3724277130935761,33.67282978723404,4.937735307850936,1.1690851063829788,0.2263540733286866,0.4102110015568241,0.2559965777906769,0.32272226258432796,0.09920394477425672,1.2628283341982356,0.42446570982544296,27.753617021276597,10.943218155061572,1.0,0.0,1.0,0.0,27.753617021276597,10.943218155061572,1.612340425531915,0.25010617541840846,0.8527659574468085,0.217482654257455,1.446808510638298,0.42539550079885363,3.9144680851063827,1.3222244243346601,3.4438297872340424,1.5279690316567702,-1.4480597926231085,-0.8968656741215495,0.14503912088106027,-0.8777370897185118,-0.5844440026271988,-1.820533204121288,0.1609826268479319,-0.4664908993385215,0.004307377853885007,0.41910733330323535,0,0,0.41910733330323535,-0.6091030150577494,-0.17120465390823317,-1.4029497479816935,-1.410099564636751,-0.9122107571268765,,,,0.42,-0.05,-0.0008510638297872418,1.5274856148005964,0.0002127659574468276,1.4990337313281428,0.275518839426011,-0.03349675521508002,-0.7631,27.489,8.267618268485208e-18,0.8445572580789967,39.32008085106383,17.860702699132506,-0.9035503427390147,-0.6624084757672195,-0.1626,-0.2737,-0.2252,0.0496,-0.4105,-0.2485,0.0758,-0.6119,-0.5832,-0.19,116.767,-1.0638297872334529e-05,0.8350502107356083,-1.0638297872351065e-05,0.8537403462396571,-6.3829787234035525e-06,1.7891332792850647,140.31963829787233,25.994999773723652,-0.7327575681504291,-0.6830992166070339,-0.10619310434893804,-0.9060449510632382,-0.6329001160891503,-0.6249022140693244,1.464549521845951e-16,0.6946430883489975,1.3877787807814457e-16,0.6714232356723332,-0.9111155450972737,-0.9307128214643561
Elite,CU | Zeta,30,2,Vehicular Mayhem,CCA Comrades,Solar,,,,,146.5,0.367,0.333,1.1,1.133,32.392,0.456,0.444,1.722,0,0,2,72,43.0,127.38,19.12,2,1.67,17.45,17.45,1,1,0.77,1.27,0.87,2.48,2.41,234.56482978723406,29.002137895948547,0.8229787234042553,0.19398526270353886,0.5723404255319149,0.15623077643077507,2.4348936170212765,0.3724277130935761,33.67282978723404,4.937735307850936,1.1690851063829788,0.2263540733286866,0.4102110015568241,0.2559965777906769,0.32272226258432796,0.09920394477425672,1.2628283341982356,0.42446570982544296,27.753617021276597,10.943218155061572,1.0,0.0,1.0,0.0,27.753617021276597,10.943218155061572,1.612340425531915,0.25010617541840846,0.8527659574468085,0.217482654257455,1.446808510638298,0.42539550079885363,3.9144680851063827,1.3222244243346601,3.4438297872340424,1.5279690316567702,-3.036494416487009,-2.3505843539316293,-1.5319672026207025,-3.4956947919022423,-0.2593962023840236,-0.3052081430081485,-0.17886566624580671,-1.2225092227092913,-1.0817638625993933,-0.9415527384429287,0,0,-0.9415527384429287,-3.3679313360525542,-1.9184704360802574,-1.3559346762133229,-1.0848900222276587,-0.6766038877849934,,,,-2.02,-2.16,-0.0008510638297872418,1.5274856148005964,0.0002127659574468276,1.4990337313281428,-1.321877546083339,-1.441070151265709,-1.2523,15.1815,8.267618268485208e-18,0.8445572580789967,39.32008085106383,17.860702699132506,-1.4827887488036537,-1.3514911063513888,-0.2669,-0.203,-0.4595,-0.2379,-0.3045,-0.4078,-0.3635,-1.1673,-1.0757999999999999,-4.3095,80.422,-1.0638297872334529e-05,0.8350502107356083,-1.0638297872351065e-05,0.8537403462396571,-6.3829787234035525e-06,1.7891332792850647,140.31963829787233,25.994999773723652,-1.3978672739616997,-1.260089635496901,-2.408704631967577,-2.304198454289592,-2.0333258327544437,-1.911636409415232,1.464549521845951e-16,0.6946430883489975,1.3877787807814457e-16,0.6714232356723332,-2.9271518954966913,-2.8471406824355805
Elite,DJDizzeeD,59,2,Vehicular Mayhem,CCA Comrades,Solar,RSC001249,1.0,2.0,[2],210.847,0.678,0.458,1.254,2.373,28.571,0.277,0.203,1.006,1,0,3,72,43.0,185.91,24.94,4,1.69,23.25,23.25,1,1,1.7,0.73,1.72,6.18,4.53,234.56482978723406,29.002137895948547,0.8229787234042553,0.19398526270353886,0.5723404255319149,0.15623077643077507,2.4348936170212765,0.3724277130935761,33.67282978723404,4.937735307850936,1.1690851063829788,0.2263540733286866,0.4102110015568241,0.2559965777906769,0.32272226258432796,0.09920394477425672,1.2628283341982356,0.42446570982544296,27.753617021276597,10.943218155061572,1.0,0.0,1.0,0.0,27.753617021276597,10.943218155061572,1.612340425531915,0.25010617541840846,0.8527659574468085,0.217482654257455,1.446808510638298,0.42539550079885363,3.9144680851063827,1.3222244243346601,3.4438297872340424,1.5279690316567702,-0.8177959111954748,-0.7473697815169666,-0.7318687658355102,-0.1661896116890874,-1.033232741156092,0.3751418844304034,0.5203624310390116,1.2068296563887821,0.6050626193193639,-0.41154411412273056,0,0,-0.41154411412273056,0.3504894444187045,0.5644862017431456,0.6422058739424219,1.7134246450133659,0.7108587872283172,,,,0.19,0.8,-0.0008510638297872418,1.5274856148005964,0.0002127659574468276,1.4990337313281428,0.12494458997226082,0.5335351815825667,1.1589,39.99,8.267618268485208e-18,0.8445572580789967,39.32008085106383,17.860702699132506,1.3721982599924574,0.03750799507841938,0.247,0.2133,0.0128,0.0225,0.3199,0.3774,0.0344,0.4956,0.7317,-0.0611,120.10100000000001,-1.0638297872334529e-05,0.8350502107356083,-1.0638297872351065e-05,0.8537403462396571,-6.3829787234035525e-06,1.7891332792850647,140.31963829787233,25.994999773723652,0.5935099852993049,0.8570646116477091,-0.034147046354025413,-0.7777895162095668,-0.124477213850643,0.05462632769867354,1.464549521845951e-16,0.6946430883489975,1.3877787807814457e-16,0.6714232356723332,-0.17919592944701443,0.0813590069518119
Elite,Inciner8,40,2,Vehicular Mayhem,CCA Comrades,Solar,RSC001354,2.0,2.0,"[2, 7]",188.125,0.475,0.475,1.05,2.15,22.093,0.367,0.317,1.242,0,1,3,72,43.0,152.6,35.53,4,2.5,33.03,33.03,1,1,1.67,0.88,1.19,3.31,2.86,234.56482978723406,29.002137895948547,0.8229787234042553,0.19398526270353886,0.5723404255319149,0.15623077643077507,2.4348936170212765,0.3724277130935761,33.67282978723404,4.937735307850936,1.1690851063829788,0.2263540733286866,0.4102110015568241,0.2559965777906769,0.32272226258432796,0.09920394477425672,1.2628283341982356,0.42446570982544296,27.753617021276597,10.943218155061572,1.0,0.0,1.0,0.0,27.753617021276597,10.943218155061572,1.612340425531915,0.25010617541840846,0.8527659574468085,0.217482654257455,1.446808510638298,0.42539550079885363,3.9144680851063827,1.3222244243346601,3.4438297872340424,1.5279690316567702,-1.6012553955107383,-1.7938410297490457,-0.6230553784327243,-0.7649635271629055,-2.3451702177762064,-0.5261010090596268,0.1687952312868684,0.05768180486521209,0.049069533100332255,0.4821600834378794,0,0,0.4821600834378794,0.23054038698414767,-0.12522397543002198,-0.6036935279193956,-0.45715997525196933,-0.3820953011076399,,,,0.53,0.54,-0.0008510638297872418,1.5274856148005964,0.0002127659574468276,1.4990337313281428,0.3475326109038916,0.3600901185621101,-0.0731,39.3057,8.267618268485208e-18,0.8445572580789967,39.32008085106383,17.860702699132506,-0.08655422625373081,-0.0008051671485761341,-0.0156,-0.1146,-0.0003,0.0626,-0.1719,-0.0238,0.0956,-0.06789999999999997,-0.10009999999999998,0.7127,91.093,-1.0638297872334529e-05,0.8350502107356083,-1.0638297872351065e-05,0.8537403462396571,-6.3829787234035525e-06,1.7891332792850647,140.31963829787233,25.994999773723652,-0.08129973602703829,-0.11723630275056852,0.39835287355647414,-1.893696431097174,-0.6767522094675442,-0.6330205466416563,1.464549521845951e-16,0.6946430883489975,1.3877787807814457e-16,0.6714232356723332,-0.9742445016994619,-0.9428040511701653
Elite,chrmil11,51,2,Vehicular Mayhem,CCA Comrades,Solar,RSC001194,1.0,2.0,[2],235.392,0.784,0.275,1.275,2.686,29.188,0.379,0.222,1.248,4,0,8,72,43.0,191.68,43.71,12,5.88,37.83,37.83,1,1,1.9,0.87,1.47,5.74,3.36,234.56482978723406,29.002137895948547,0.8229787234042553,0.19398526270353886,0.5723404255319149,0.15623077643077507,2.4348936170212765,0.3724277130935761,33.67282978723404,4.937735307850936,1.1690851063829788,0.2263540733286866,0.4102110015568241,0.2559965777906769,0.32272226258432796,0.09920394477425672,1.2628283341982356,0.42446570982544296,27.753617021276597,10.943218155061572,1.0,0.0,1.0,0.0,27.753617021276597,10.943218155061572,1.612340425531915,0.25010617541840846,0.8527659574468085,0.217482654257455,1.446808510638298,0.42539550079885363,3.9144680851063827,1.3222244243346601,3.4438297872340424,1.5279690316567702,0.028521008200622575,-0.20093651889331976,-1.9032128772890318,0.674241937832458,-0.9082766709068473,0.46791688817202376,0.12191960465324927,1.0153050144681872,0.03493411565408567,0.9207879104614913,0,0,0.9207879104614913,1.1501498273157493,-0.07924329695181076,0.05451747683779101,1.3806520899901091,-0.054863538132802515,,,,0.96,1.94,-0.0008510638297872418,1.5274856148005964,0.0002127659574468276,1.4990337313281428,0.6290409903174246,1.2940250732876457,1.3399,55.6101,8.267618268485208e-18,0.8445572580789967,39.32008085106383,17.860702699132506,1.586511734027003,0.9120592522783205,0.2856,-0.0165,0.3101,0.1132,-0.0247,0.4363,0.173,0.6923999999999999,0.5846,2.0709,134.448,-1.0638297872334529e-05,0.8350502107356083,-1.0638297872351065e-05,0.8537403462396571,-6.3829787234035525e-06,1.7891332792850647,140.31963829787233,25.994999773723652,0.8291844363321785,0.6847639810778766,1.1574913993027143,-0.22587568182276005,0.4958032690722478,0.47038828280760847,1.464549521845951e-16,0.6946430883489975,1.3877787807814457e-16,0.6714232356723332,0.7137525405322248,0.7005838609928097
Elite,Comentix,55,2,Vipers,The Snake Pit,Solar,RSC001851,3.0,1.0,"[1, 2, 7]",251.273,0.873,0.673,1.0,2.618,33.346,0.279,0.345,0.945,4,0,3,72,43.0,204.13,47.14,7,3.18,43.96,43.96,1,1,1.74,0.67,1.49,2.9,3.58,234.56482978723406,29.002137895948547,0.8229787234042553,0.19398526270353886,0.5723404255319149,0.15623077643077507,2.4348936170212765,0.3724277130935761,33.67282978723404,4.937735307850936,1.1690851063829788,0.2263540733286866,0.4102110015568241,0.2559965777906769,0.32272226258432796,0.09920394477425672,1.2628283341982356,0.42446570982544296,27.753617021276597,10.943218155061572,1.0,0.0,1.0,0.0,27.753617021276597,10.943218155061572,1.612340425531915,0.25010617541840846,0.8527659574468085,0.217482654257455,1.446808510638298,0.42539550079885363,3.9144680851063827,1.3222244243346601,3.4438297872340424,1.5279690316567702,0.5761013299333351,0.25786122047936477,0.6443005454350207,0.49165616988528493,-0.06619022018340913,-0.7469938751111049,0.5125498266000751,-0.22456503585987497,0.7487726966895375,1.480952197889563,0,0,1.480952197889563,0.5104215209981137,0.8403702726124123,0.10153254860616152,-0.7672434924327316,0.08911843757612604,,,,2.23,1.26,-0.0008510638297872418,1.5274856148005964,0.0002127659574468276,1.4990337313281428,1.4604727155620452,0.8403995238495284,-0.0117,65.5004,8.267618268485208e-18,0.8445572580789967,39.32008085106383,17.860702699132506,-0.013853412409967868,1.4658056622938889,-0.0025,0.0267,0.4984,0.2629,0.0401,-0.0038,0.4016,0.7855000000000001,0.4379,1.9914,146.826,-1.0638297872334529e-05,0.8350502107356083,-1.0638297872351065e-05,0.8537403462396571,-6.3829787234035525e-06,1.7891332792850647,140.31963829787233,25.994999773723652,0.940674738116531,0.5129318770357663,1.1130564760242383,0.2502928162632432,0.7110650386102969,0.5624117189148913,1.464549521845951e-16,0.6946430883489975,1.3877787807814457e-16,0.6714232356723332,1.0236408459779403,0.8376411316056366
Elite,Deifik,24,2,Vipers,The Snake Pit,Solar,RSC003524,5.0,1.0,"[1, 2, 16, 17, 18]",207.708,0.417,0.958,1.167,1.917,21.753,0.236,0.583,1.361,0,2,3,72,43.0,175.29,32.42,5,5.21,27.21,27.21,1,1,1.5,1.12,1.04,2.0,4.94,234.56482978723406,29.002137895948547,0.8229787234042553,0.19398526270353886,0.5723404255319149,0.15623077643077507,2.4348936170212765,0.3724277130935761,33.67282978723404,4.937735307850936,1.1690851063829788,0.2263540733286866,0.4102110015568241,0.2559965777906769,0.32272226258432796,0.09920394477425672,1.2628283341982356,0.42446570982544296,27.753617021276597,10.943218155061572,1.0,0.0,1.0,0.0,27.753617021276597,10.943218155061572,1.612340425531915,0.25010617541840846,0.8527659574468085,0.217482654257455,1.446808510638298,0.42539550079885363,3.9144680851063827,1.3222244243346601,3.4438297872340424,1.5279690316567702,-0.9260293114800281,-2.092832814958211,2.4685249813052588,-1.390588290864248,-2.41402769570934,-0.009211702499168195,0.6805208220372103,-2.6236631820231175,-0.23128291291689135,-0.04967615682825041,0,0,-0.04967615682825041,-0.4491709384783403,-1.2287602589070903,-0.9563065661821739,-1.4479146277075754,0.9791888328676839,,,,-0.28,-2.67,-0.0008510638297872418,1.5274856148005964,0.0002127659574468276,1.4990337313281428,-0.18275061543322876,-1.7812893133442969,-1.6046,28.2984,8.267618268485208e-18,0.8445572580789967,39.32008085106383,17.860702699132506,-1.8999303891482415,-0.6170911098362972,-0.342,0.2938,-0.2098,-0.0329,0.4406,-0.5225,-0.0503,-0.2909,-0.13219999999999998,-0.4988,82.62299999999999,-1.0638297872334529e-05,0.8350502107356083,-1.0638297872351065e-05,0.8537403462396571,-6.3829787234035525e-06,1.7891332792850647,140.31963829787233,25.994999773723652,-0.34834954588644296,-0.15483555660027362,-0.2787906428192951,-2.219528324681635,-1.07804015357639,-0.9278741738021288,1.464549521845951e-16,0.6946430883489975,1.3877787807814457e-16,0.6714232356723332,-1.5519338947698118,-1.381951241042466
Elite,Memlo,51,2,Vipers,The Snake Pit,Solar,RSC000082,16.0,1.0,"[1, 2, 3, 4, 5, 6, 7, 8, 9, 10, 11, 12, 13, 14, 15, 16]",220.784,0.902,0.529,0.922,2.451,36.801,0.346,0.405,1.157,3,1,3,72,43.0,193.71,27.07,7,3.43,23.64,23.64,1,1,1.55,0.81,1.14,2.28,2.66,234.56482978723406,29.002137895948547,0.8229787234042553,0.19398526270353886,0.5723404255319149,0.15623077643077507,2.4348936170212765,0.3724277130935761,33.67282978723404,4.937735307850936,1.1690851063829788,0.2263540733286866,0.4102110015568241,0.2559965777906769,0.32272226258432796,0.09920394477425672,1.2628283341982356,0.42446570982544296,27.753617021276597,10.943218155061572,1.0,0.0,1.0,0.0,27.753617021276597,10.943218155061572,1.612340425531915,0.25010617541840846,0.8527659574468085,0.217482654257455,1.446808510638298,0.42539550079885363,3.9144680851063827,1.3222244243346601,3.4438297872340424,1.5279690316567702,-0.4751659976473383,0.4073571130839476,-0.2774128537415209,0.043247004485610585,0.633523268813581,-1.0915867461514104,0.2508275778957019,-0.8293796945564913,0.24932128025549188,-0.375905603177062,0,0,-0.375905603177062,-0.24925584275407883,0.19664077391745594,-0.7212312073403219,-1.2361502745109574,-0.5129880062975747,,,,-0.13,-1.21,-0.0008510638297872418,1.5274856148005964,0.0002127659574468276,1.4990337313281428,-0.08455001796339164,-0.8073285748448097,-1.0346,26.9496,8.267618268485208e-18,0.8445572580789967,39.32008085106383,17.860702699132506,-1.225020553790833,-0.6926088552867891,-0.2205,-0.1539,-0.2355,-0.0152,-0.2308,-0.3369,-0.0233,-0.6251,-0.591,-0.6252,151.51100000000002,-1.0638297872334529e-05,0.8350502107356083,-1.0638297872351065e-05,0.8537403462396571,-6.3829787234035525e-06,1.7891332792850647,140.31963829787233,25.994999773723652,-0.7485650008416584,-0.6922354838976164,-0.3494393761828091,0.43051978455642,-0.16916716802453774,-0.20577252140260952,1.464549521845951e-16,0.6946430883489975,1.3877787807814457e-16,0.6714232356723332,-0.24353106057185175,-0.3064721482219159
Elite,UCS | Fikison,48,2,Vipers,The Snake Pit,Solar,,,,,252.396,0.938,0.604,1.458,2.354,39.847,0.347,0.319,1.076,4,0,10,72,43.0,230.65,21.75,14,7.29,14.46,14.46,1,1,1.42,0.73,2.0,4.57,4.2,234.56482978723406,29.002137895948547,0.8229787234042553,0.19398526270353886,0.5723404255319149,0.15623077643077507,2.4348936170212765,0.3724277130935761,33.67282978723404,4.937735307850936,1.1690851063829788,0.2263540733286866,0.4102110015568241,0.2559965777906769,0.32272226258432796,0.09920394477425672,1.2628283341982356,0.42446570982544296,27.753617021276597,10.943218155061572,1.0,0.0,1.0,0.0,27.753617021276597,10.943218155061572,1.612340425531915,0.25010617541840846,0.8527659574468085,0.217482654257455,1.446808510638298,0.42539550079885363,3.9144680851063827,1.3222244243346601,3.4438297872340424,1.5279690316567702,0.6148226133100639,0.5929382211448084,0.20264620832959415,-0.21720622332138612,1.2504052622968886,1.2763847779204336,0.24692127567623368,0.03752131624199155,0.4401494157798205,-1.2147813223597204,0,0,-1.2147813223597204,-0.7690350916371586,0.5644862017431456,1.3004168786996084,0.49577961413281224,0.49488582366492445,,,,-0.77,-1.18,-0.0008510638297872418,1.5274856148005964,0.0002127659574468276,1.4990337313281428,-0.5035392338346966,-0.7873156829578339,-0.1073,28.92,8.267618268485208e-18,0.8445572580789967,39.32008085106383,17.860702699132506,-0.12704881637517534,-0.5822884477870491,-0.0229,0.1485,-0.198,-0.0906,0.2227,-0.0349,-0.1385,-0.16300000000000003,0.04930000000000001,-1.9838,157.187,-1.0638297872334529e-05,0.8350502107356083,-1.0638297872351065e-05,0.8537403462396571,-6.3829787234035525e-06,1.7891332792850647,140.31963829787233,25.994999773723652,-0.19518510337066788,0.05775835535366647,-1.1088014738700729,0.6488694690883438,-0.10423969442190256,-0.009416002715547156,1.464549521845951e-16,0.6946430883489975,1.3877787807814457e-16,0.6714232356723332,-0.1500622350819841,-0.014023945278150124
Premier,Jbob,54,2,Aces,House of Cards,Lunar,RSC000067,3.0,2.0,"[2, 3, 4]",296.759,1.111,0.741,1.0,2.944,37.738,0.235,0.191,0.883,4,1,4,64,38.0,234.59,62.17,9,4.17,58.0,58.0,1,1,1.83,0.65,1.54,5.24,4.26,247.49997368421052,29.558754759719395,0.8177368421052632,0.1954365431278352,0.6115526315789473,0.12572271019092962,2.5564473684210527,0.3766032895443033,31.791552631578945,4.974454568484047,1.279078947368421,0.26283911239438357,0.38276919127086007,0.11243580503847198,0.3613878048780488,0.10020129355867154,1.3154210526315788,0.351038816024124,31.275526315789474,12.252864794057384,1.0,0.0,1.0,0.0,31.275526315789474,12.252864794057384,1.739473684210526,0.25530000760547783,0.9321052631578948,0.28107090472879614,1.0992105263157896,2.8547460544787304,3.8202631578947375,1.2301296060965137,3.65078947368421,1.277555481587728,1.666478399249628,1.5005543651215376,1.0296259778719894,1.0290739415683088,1.1953968594054765,-1.0617862190527791,1.3142538644188846,1.7004551421113188,1.231832586291147,2.1810796196144957,0,0,2.1810796196144957,0.35458798704529154,1.0036800622607902,0.15440584390778586,1.154135982963955,0.47685641453212774,,,,3.41,3.88,-0.0005263157894736555,1.5883408773094034,0.0,1.6519701587514848,2.147225677127187,2.3487107073001856,1.7156,89.32,2.6315789473564445e-06,0.8915402837564074,34.09234210526316,90.67670377449419,1.9243071790234434,0.6090611545836918,0.3464,0.1431,0.2071,0.3865,0.2146,0.5292,0.5905,1.0831,1.3343,2.5357,178.278,-2.631578947371053e-06,0.6864820690112515,1.3157894736840656e-05,0.861921712495305,7.894736842110237e-06,1.6974713260933045,139.1297105263158,26.52112193614323,1.577758080613749,1.5480371624963922,1.4938055602382405,1.4761173968410646,1.514434626603288,1.509130462318518,1.7529837230923523e-17,0.6690628109463618,-1.1686558153949016e-17,0.6579485908117413,2.2635163721940885,2.293690545725821
Premier,Seb,52,2,Aces,House of Cards,Lunar,RSC000129,11.0,2.0,"[2, 3, 4, 5, 6, 7, 8, 9, 10, 11, 12]",243.462,0.827,0.654,1.288,2.962,27.92,0.288,0.25,1.109,3,1,8,64,38.0,218.44,25.02,12,5.77,19.25,19.25,1,1,2.14,0.82,1.57,5.15,4.47,247.49997368421052,29.558754759719395,0.8177368421052632,0.1954365431278352,0.6115526315789473,0.12572271019092962,2.5564473684210527,0.3766032895443033,31.791552631578945,4.974454568484047,1.279078947368421,0.26283911239438357,0.38276919127086007,0.11243580503847198,0.3613878048780488,0.10020129355867154,1.3154210526315788,0.351038816024124,31.275526315789474,12.252864794057384,1.0,0.0,1.0,0.0,31.275526315789474,12.252864794057384,1.739473684210526,0.25530000760547783,0.9321052631578948,0.28107090472879614,1.0992105263157896,2.8547460544787304,3.8202631578947375,1.2301296060965137,3.65078947368421,1.277555481587728,-0.13660838276290296,0.047397266378569294,0.3376268961796139,1.0768695941813824,-0.778286861057571,0.03394111534737354,0.8428737735139893,1.1116403882832824,0.5880291386847465,-0.9814460959058188,0,0,-0.9814460959058188,1.5688456868689893,0.3988504725028889,0.1649146595528531,1.0809729605035896,0.6412328373384507,,,,-0.39,0.13,-0.0005263157894736555,1.5883408773094034,0.0,1.6519701587514848,-0.24520787053612939,0.07869391545077942,0.6099,30.2225,2.6315789473564445e-06,0.8915402837564074,34.09234210526316,90.67670377449419,0.6840940107061869,-0.042677357514970427,0.1231,0.1924,-0.0145,-0.0441,0.2886,0.1881,-0.0674,0.2569,0.4093,0.5874,140.24,-2.631578947371053e-06,0.6864820690112515,1.3157894736840656e-05,0.861921712495305,7.894736842110237e-06,1.6974713260933045,139.1297105263158,26.52112193614323,0.3742306509898611,0.4748538482925067,0.3460394860483616,0.04186434783405999,0.23367251519333582,0.28806218118887106,1.7529837230923523e-17,0.6690628109463618,-1.1686558153949016e-17,0.6579485908117413,0.34925348019689756,0.43781867643105
Premier,Slepy,18,2,Aces,House of Cards,Lunar,RSC003594,1.0,2.0,[2],231.111,0.833,0.444,0.944,2.389,34.868,0.296,0.185,1.296,1,0,2,64,38.0,183.2,47.91,3,4.17,43.74,43.74,1,1,1.56,1.0,0.94,5.1,3.19,247.49997368421052,29.558754759719395,0.8177368421052632,0.1954365431278352,0.6115526315789473,0.12572271019092962,2.5564473684210527,0.3766032895443033,31.791552631578945,4.974454568484047,1.279078947368421,0.26283911239438357,0.38276919127086007,0.11243580503847198,0.3613878048780488,0.10020129355867154,1.3154210526315788,0.351038816024124,31.275526315789474,12.252864794057384,1.0,0.0,1.0,0.0,31.275526315789474,12.252864794057384,1.739473684210526,0.25530000760547783,0.9321052631578948,0.28107090472879614,1.0992105263157896,2.8547460544787304,3.8202631578947375,1.2301296060965137,3.65078947368421,1.277555481587728,-0.5544541310158395,0.07809776846468837,-1.3327157148019833,-0.44462534733477027,0.6184491839390941,-1.274844311852809,0.7717220616792881,1.7603346086023055,0.05532451610776893,1.0172701563030202,0,0,1.0172701563030202,-0.702991299897929,-0.24155732841724228,-0.055770468993558565,1.040326836914497,-0.3606805969096133,,,,1.07,2.78,-0.0005263157894736555,1.5883408773094034,0.0,1.6519701587514848,0.6739902819871448,1.6828391150243598,1.3423,41.1156,2.6315789473564445e-06,0.8915402837564074,34.09234210526316,90.67670377449419,1.5055936258599887,0.07745382884895256,0.271,-0.1082,0.0263,0.1213,-0.1623,0.414,0.1853,0.3104,0.43699999999999994,0.3143,142.058,-2.631578947371053e-06,0.6864820690112515,1.3157894736840656e-05,0.861921712495305,7.894736842110237e-06,1.6974713260933045,139.1297105263158,26.52112193614323,0.4521642233511271,0.5069913378097474,0.18515311595070932,0.11041348404244929,0.24337092862954318,0.28698213720735094,1.7529837230923523e-17,0.6690628109463618,-1.1686558153949016e-17,0.6579485908117413,0.36374900031479107,0.43617714395176066
Premier,Sweazy.,26,2,Aces,House of Cards,Lunar,,,,,322.885,0.962,1.038,1.538,3.692,26.056,0.256,0.282,0.936,1,1,4,64,38.0,272.69,50.19,6,5.77,44.42,44.42,1,1,2.73,0.68,2.26,5.45,6.01,247.49997368421052,29.558754759719395,0.8177368421052632,0.1954365431278352,0.6115526315789473,0.12572271019092962,2.5564473684210527,0.3766032895443033,31.791552631578945,4.974454568484047,1.279078947368421,0.26283911239438357,0.38276919127086007,0.11243580503847198,0.3613878048780488,0.10020129355867154,1.3154210526315788,0.351038816024124,31.275526315789474,12.252864794057384,1.0,0.0,1.0,0.0,31.275526315789474,12.252864794057384,1.739473684210526,0.25530000760547783,0.9321052631578948,0.28107090472879614,1.0992105263157896,2.8547460544787304,3.8202631578947375,1.2301296060965137,3.65078947368421,1.277555481587728,2.5503451322150728,0.738158563316248,3.3919676705459625,3.015248839044891,-1.1530013095137865,0.985093315347506,1.1274806208527937,0.7922832336646864,1.080852131763982,1.0727673817624734,0,0,1.0727673817624734,3.879852276856026,0.8969454287741017,0.40661741938939905,1.3248497020381416,1.846659937918153,,,,2.15,1.87,-0.0005263157894736555,1.5883408773094034,0.0,1.6519701587514848,1.353945079744087,1.131981706868904,1.2342,100.3892,2.6315789473564445e-06,0.8915402837564074,34.09234210526316,90.67670377449419,1.3843427951689373,0.7311344053662548,0.2492,0.554,0.2486,0.2437,0.831,0.3807,0.3723,1.2955,1.584,4.9526,159.17600000000002,-2.631578947371053e-06,0.6864820690112515,1.3157894736840656e-05,0.861921712495305,7.894736842110237e-06,1.6974713260933045,139.1297105263158,26.52112193614323,1.887161646399411,1.8377386474225654,2.917629316697471,0.7558612913115473,1.7128677753447419,1.7074365598485763,1.7529837230923523e-17,0.6690628109463618,-1.1686558153949016e-17,0.6579485908117413,2.5601001091690643,2.595091141911306
Premier,43,48,2,Cobras,The Snake Pit,Solar,RSC001088,1.0,2.0,[2],319.375,1.208,0.938,1.479,2.896,41.713,0.389,0.375,1.333,8,4,11,64,38.0,280.96,38.42,23,11.98,26.44,26.44,1,1,1.69,0.94,1.57,3.94,3.8,247.49997368421052,29.558754759719395,0.8177368421052632,0.1954365431278352,0.6115526315789473,0.12572271019092962,2.5564473684210527,0.3766032895443033,31.791552631578945,4.974454568484047,1.279078947368421,0.26283911239438357,0.38276919127086007,0.11243580503847198,0.3613878048780488,0.10020129355867154,1.3154210526315788,0.351038816024124,31.275526315789474,12.252864794057384,1.0,0.0,1.0,0.0,31.275526315789474,12.252864794057384,1.739473684210526,0.25530000760547783,0.9321052631578948,0.28107090472879614,1.0992105263157896,2.8547460544787304,3.8202631578947375,1.2301296060965137,3.65078947368421,1.277555481587728,2.4315985872901433,1.996879148847129,2.5965664272213917,0.9016188679334479,1.9944794412796483,0.7606213961474749,-0.055416588399113266,-0.1358484969456086,-0.050076933279119426,-0.39464455023895256,0,0,-0.39464455023895256,-0.19378645803637878,-0.028088061443865088,0.1649146595528531,0.09733676964756195,0.11679377409922968,,,,-0.44,-0.53,-0.0005263157894736555,1.5883408773094034,0.0,1.6519701587514848,-0.276687259321173,-0.3208290399147161,-0.0992,41.5108,2.6315789473564445e-06,0.8915402837564074,34.09234210526316,90.67670377449419,-0.11127105907202299,0.08181216989521328,-0.02,0.035,0.0278,-0.0498,0.0526,-0.0306,-0.0761,-0.007000000000000006,-0.054099999999999995,-0.5884,191.47299999999998,-2.631578947371053e-06,0.6864820690112515,1.3157894736840656e-05,0.861921712495305,7.894736842110237e-06,1.6974713260933045,139.1297105263158,26.52112193614323,-0.010193082582813895,-0.06278198716920198,-0.3466378993812231,1.9736453683865567,0.6925021972693639,0.6022064418999861,1.7529837230923523e-17,0.6690628109463618,-1.1686558153949016e-17,0.6579485908117413,1.0350331627158413,0.9152788687593607
Premier,AdverseMeteor,48,2,Cobras,The Snake Pit,Solar,,,,,317.812,1.104,0.708,1.646,3.479,31.733,0.382,0.333,1.285,5,1,11,64,38.0,274.41,43.4,17,8.85,34.55,34.55,1,1,2.38,0.9,1.83,4.94,4.31,247.49997368421052,29.558754759719395,0.8177368421052632,0.1954365431278352,0.6115526315789473,0.12572271019092962,2.5564473684210527,0.3766032895443033,31.791552631578945,4.974454568484047,1.279078947368421,0.26283911239438357,0.38276919127086007,0.11243580503847198,0.3613878048780488,0.10020129355867154,1.3154210526315788,0.351038816024124,31.275526315789474,12.252864794057384,1.0,0.0,1.0,0.0,31.275526315789474,12.252864794057384,1.739473684210526,0.25530000760547783,0.9321052631578948,0.28107090472879614,1.0992105263157896,2.8547460544787304,3.8202631578947375,1.2301296060965137,3.65078947368421,1.277555481587728,2.378720852327846,1.4647371126877327,0.7671435675748811,2.449666949790196,-0.011770663652233974,1.3959910657475627,0.006841159456250312,0.2833077684912986,0.08666008214170913,0.2672414769318794,0,0,0.2672414769318794,2.508916164151851,0.11422478320505265,0.25599106181010234,0.9102592414294031,0.5159936580574426,,,,0.35,0.55,-0.0005263157894736555,1.5883408773094034,0.0,1.6519701587514848,0.2206870834825164,0.33293579613791296,0.6389,63.2265,2.6315789473564445e-06,0.8915402837564074,34.09234210526316,90.67670377449419,0.7166219856371813,0.32129705516414886,0.129,0.1548,0.1092,0.0397,0.2322,0.1971,0.0607,0.43270000000000003,0.49,2.7762,176.923,-2.631578947371053e-06,0.6864820690112515,1.3157894736840656e-05,0.861921712495305,7.894736842110237e-06,1.6974713260933045,139.1297105263158,26.52112193614323,0.6303189130666942,0.5684818412181862,1.6354868931144226,1.425026043946473,1.2195971200314926,1.1329189666554662,1.7529837230923523e-17,0.6690628109463618,-1.1686558153949016e-17,0.6579485908117413,1.8228439842687156,1.7218958783052218
Premier,Bort,25,2,Cobras,The Snake Pit,Solar,RSC003562,2.0,1.0,"[1, 2]",201.0,0.68,0.36,1.44,2.72,25.0,0.4,0.267,1.693,1,0,3,64,38.0,195.28,5.72,4,4.0,1.72,1.72,1,1,2.04,1.29,1.12,5.39,3.6,247.49997368421052,29.558754759719395,0.8177368421052632,0.1954365431278352,0.6115526315789473,0.12572271019092962,2.5564473684210527,0.3766032895443033,31.791552631578945,4.974454568484047,1.279078947368421,0.26283911239438357,0.38276919127086007,0.11243580503847198,0.3613878048780488,0.10020129355867154,1.3154210526315788,0.351038816024124,31.275526315789474,12.252864794057384,1.0,0.0,1.0,0.0,31.275526315789474,12.252864794057384,1.739473684210526,0.25530000760547783,0.9321052631578948,0.28107090472879614,1.0992105263157896,2.8547460544787304,3.8202631578947375,1.2301296060965137,3.65078947368421,1.277555481587728,-1.573137098034232,-0.7047650347313469,-2.000852759194622,0.4342835979389588,-1.365285889755076,0.6122416529474537,-0.15325019217182748,0.941981899892153,-1.075604548935333,-2.412131922823783,0,0,-2.412131922823783,1.1771496546677962,-1.273325452121898,0.007282424876844808,1.276074353731231,-0.03975520000203014,,,,-3.49,-1.47,-0.0005263157894736555,1.5883408773094034,0.0,1.6519701587514848,-2.196929975208835,-0.8898465824049673,0.2581,1.9264,2.6315789473564445e-06,0.8915402837564074,34.09234210526316,90.67670377449419,0.2894960251639866,-0.3547321502252367,0.0521,-0.0119,-0.1206,-0.3954,-0.0179,0.0796,-0.6042,-0.4758,-0.5425,-1.235,120.2,-2.631578947371053e-06,0.6864820690112515,1.3157894736840656e-05,0.861921712495305,7.894736842110237e-06,1.6974713260933045,139.1297105263158,26.52112193614323,-0.6930951147877021,-0.6294227770688535,-0.7275574413260856,-0.7137597938689841,-0.7106658145855785,-0.6833364225386362,1.7529837230923523e-17,0.6690628109463618,-1.1686558153949016e-17,0.6579485908117413,-1.0621810134393377,-1.0385863456224944
Premier,Fredrick,61,2,Cobras,The Snake Pit,Solar,RSC003630,3.0,1.0,"[1, 2, 16]",234.098,0.689,0.902,0.885,2.426,28.401,0.399,0.557,1.694,0,2,3,64,38.0,188.7,45.4,5,2.05,43.35,43.35,1,1,1.74,1.3,0.68,1.59,2.22,247.49997368421052,29.558754759719395,0.8177368421052632,0.1954365431278352,0.6115526315789473,0.12572271019092962,2.5564473684210527,0.3766032895443033,31.791552631578945,4.974454568484047,1.279078947368421,0.26283911239438357,0.38276919127086007,0.11243580503847198,0.3613878048780488,0.10020129355867154,1.3154210526315788,0.351038816024124,31.275526315789474,12.252864794057384,1.0,0.0,1.0,0.0,31.275526315789474,12.252864794057384,1.739473684210526,0.25530000760547783,0.9321052631578948,0.28107090472879614,1.0992105263157896,2.8547460544787304,3.8202631578947375,1.2301296060965137,3.65078947368421,1.277555481587728,-0.45340115959396826,-0.6587142816021688,2.310221979624547,-0.34637872807456405,-0.6815928429741811,-1.49931623105284,-0.1443562281924898,-1.9521923138388741,-1.0784532367566,0.9854408652306866,0,0,0.9854408652306866,0.002061558064217767,-1.3089036632841275,-0.14684687125080778,-1.8130310390397635,-1.1199431213007243,,,,-0.09,-0.97,-0.0005263157894736555,1.5883408773094034,0.0,1.6519701587514848,-0.05633153782586757,-0.5871776768250464,-1.2369,29.478,2.6315789473564445e-06,0.8915402837564074,34.09234210526316,90.67670377449419,-1.3873771652441702,-0.050887845644882065,-0.2497,-0.336,-0.0173,-0.0101,-0.504,-0.3815,-0.0155,-0.6131,-0.9009999999999999,0.9875,121.56099999999999,-2.631578947371053e-06,0.6864820690112515,1.3157894736840656e-05,0.861921712495305,7.894736842110237e-06,1.6974713260933045,139.1297105263158,26.52112193614323,-0.893100338810166,-1.045353823708954,0.5817430256897774,-0.6624422062014276,-0.40262937735168597,-0.517002397550549,1.7529837230923523e-17,0.6690628109463618,-1.1686558153949016e-17,0.6579485908117413,-0.6017811343933215,-0.7857793219265041
Premier,Eldino,12,2,Eagles,Birds of Prey,Solar,RSC001275,2.0,1.0,"[1, 2]",211.25,1.0,0.25,1.083,2.5,40.0,0.417,0.278,1.278,0,0,0,64,38.0,199.23,12.02,0,0.0,12.02,12.02,1,1,1.5,0.86,1.26,3.9,2.6,247.49997368421052,29.558754759719395,0.8177368421052632,0.1954365431278352,0.6115526315789473,0.12572271019092962,2.5564473684210527,0.3766032895443033,31.791552631578945,4.974454568484047,1.279078947368421,0.26283911239438357,0.38276919127086007,0.11243580503847198,0.3613878048780488,0.10020129355867154,1.3154210526315788,0.351038816024124,31.275526315789474,12.252864794057384,1.0,0.0,1.0,0.0,31.275526315789474,12.252864794057384,1.739473684210526,0.25530000760547783,0.9321052631578948,0.28107090472879614,1.0992105263157896,2.8547460544787304,3.8202631578947375,1.2301296060965137,3.65078947368421,1.277555481587728,-1.2263701221138532,0.9325950765283354,-2.8757941268516487,-0.14988548955415396,1.6501200795814202,-0.7460036886527353,-0.3044475798205671,0.8322028779920105,0.10660089689057964,-1.5715121842467703,0,0,-1.5715121842467703,-0.9380089192186448,0.2565376278539708,0.05632356455382513,0.0648198707762883,-0.8225000705083303,,,,-1.46,-0.74,-0.0005263157894736555,1.5883408773094034,0.0,1.6519701587514848,-0.918866790536063,-0.44794998025828286,-0.1762,15.1452,2.6315789473564445e-06,0.8915402837564074,34.09234210526316,90.67670377449419,-0.1976384407853528,-0.2089527002699966,-0.0356,-0.2468,-0.071,-0.1654,-0.3701,-0.0544,-0.2527,-0.5187999999999999,-0.6772,-2.5095,165.0,-2.631578947371053e-06,0.6864820690112515,1.3157894736840656e-05,0.861921712495305,7.894736842110237e-06,1.6974713260933045,139.1297105263158,26.52112193614323,-0.75573331313414,-0.7857014715804896,-1.47838013883417,0.975459844269557,-0.2583706931116693,-0.31792627801535617,1.7529837230923523e-17,0.6690628109463618,-1.1686558153949016e-17,0.6579485908117413,-0.38616806805659193,-0.4832083880947537
Premier,Thundah,50,2,Eagles,Birds of Prey,Solar,RSC001747,1.0,2.0,[2],257.1,0.96,0.48,1.22,2.56,37.5,0.413,0.38,1.3,3,2,7,64,38.0,215.14,41.96,12,6.0,35.96,35.96,1,1,1.6,0.89,1.37,3.21,2.95,247.49997368421052,29.558754759719395,0.8177368421052632,0.1954365431278352,0.6115526315789473,0.12572271019092962,2.5564473684210527,0.3766032895443033,31.791552631578945,4.974454568484047,1.279078947368421,0.26283911239438357,0.38276919127086007,0.11243580503847198,0.3613878048780488,0.10020129355867154,1.3154210526315788,0.351038816024124,31.275526315789474,12.252864794057384,1.0,0.0,1.0,0.0,31.275526315789474,12.252864794057384,1.739473684210526,0.25530000760547783,0.9321052631578948,0.28107090472879614,1.0992105263157896,2.8547460544787304,3.8202631578947375,1.2301296060965137,3.65078947368421,1.277555481587728,0.3247777652958423,0.7279250626208749,-1.0463712672051382,0.009433352489422253,1.1475524180253376,-0.2247722830526627,-0.26887172390321645,-0.18574805235476427,0.043929764822699884,0.3823166061933931,0,0,0.3823166061933931,-0.5463128870174517,0.14980299436728217,0.0948558885857383,-0.4960966347531818,-0.5485393658311252,,,,0.43,0.2,-0.0005263157894736555,1.5883408773094034,0.0,1.6519701587514848,0.2710541055385862,0.12106756223196835,-0.206,49.2652,2.6315789473564445e-06,0.8915402837564074,34.09234210526316,90.67670377449419,-0.2310637391627194,0.16732917346081022,-0.0416,-0.1646,0.0569,0.0488,-0.2468,-0.0635,0.0745,-0.10049999999999998,-0.2358,-0.164,159.1,-2.631578947371053e-06,0.6864820690112515,1.3157894736840656e-05,0.861921712495305,7.894736842110237e-06,1.6974713260933045,139.1297105263158,26.52112193614323,-0.14639474642913863,-0.27358999602417067,-0.09661894855938624,0.75299565085399,0.22680087790894599,0.1384538882435154,1.7529837230923523e-17,0.6690628109463618,-1.1686558153949016e-17,0.6579485908117413,0.3389829388187717,0.21043268452433114
Premier,nebluh,60,2,Eagles,Birds of Prey,Solar,RSC001514,1.0,2.0,[2],225.417,0.65,0.617,1.333,2.183,29.776,0.289,0.339,1.189,3,1,8,64,38.0,193.66,31.76,12,5.0,26.76,26.76,1,1,1.53,0.9,1.48,3.93,4.61,247.49997368421052,29.558754759719395,0.8177368421052632,0.1954365431278352,0.6115526315789473,0.12572271019092962,2.5564473684210527,0.3766032895443033,31.791552631578945,4.974454568484047,1.279078947368421,0.26283911239438357,0.38276919127086007,0.11243580503847198,0.3613878048780488,0.10020129355867154,1.3154210526315788,0.351038816024124,31.275526315789474,12.252864794057384,1.0,0.0,1.0,0.0,31.275526315789474,12.252864794057384,1.739473684210526,0.25530000760547783,0.9321052631578948,0.28107090472879614,1.0992105263157896,2.8547460544787304,3.8202631578947375,1.2301296060965137,3.65078947368421,1.277555481587728,-0.7470874150051695,-0.8582675451619423,0.04332843614952273,-0.9916200383510481,-0.4051806291183357,0.20514851134739712,0.8339798095346517,0.22342830200031175,0.3601341129833656,-0.36852820884626863,0,0,-0.36852820884626863,-0.8205001095582869,0.11422478320505265,0.1333882126176514,0.08920754492974373,0.7508171192093331,,,,-0.01,-0.15,-0.0005263157894736555,1.5883408773094034,0.0,1.6519701587514848,-0.005964515769797759,-0.09080067167397625,0.0046,39.6048,2.6315789473564445e-06,0.8915402837564074,34.09234210526316,90.67670377449419,0.005156658094777428,0.06079243802736686,0.0009,0.2252,0.0207,-0.0011,0.3379,0.0014,-0.0016,0.24570000000000003,0.3377,-1.189,116.606,-2.631578947371053e-06,0.6864820690112515,1.3157894736840656e-05,0.861921712495305,7.894736842110237e-06,1.6974713260933045,139.1297105263158,26.52112193614323,0.3579155853740446,0.3917836587822384,-0.7004583090503916,-0.8492744228750094,-0.4107213694201748,-0.317135322894202,1.7529837230923523e-17,0.6690628109463618,-1.1686558153949016e-17,0.6579485908117413,-0.6138756521816335,-0.4820062347165113
Premier,sparkcity,56,2,Eagles,Birds of Prey,Solar,RSC001698,1.0,2.0,[2],262.411,0.893,0.714,0.893,3.018,29.589,0.321,0.202,1.185,3,2,4,64,38.0,206.08,56.33,9,4.02,52.31,52.31,1,1,2.12,0.86,1.04,4.42,2.78,247.49997368421052,29.558754759719395,0.8177368421052632,0.1954365431278352,0.6115526315789473,0.12572271019092962,2.5564473684210527,0.3766032895443033,31.791552631578945,4.974454568484047,1.279078947368421,0.26283911239438357,0.38276919127086007,0.11243580503847198,0.3613878048780488,0.10020129355867154,1.3154210526315788,0.351038816024124,31.275526315789474,12.252864794057384,1.0,0.0,1.0,0.0,31.275526315789474,12.252864794057384,1.739473684210526,0.25530000760547783,0.9321052631578948,0.28107090472879614,1.0992105263157896,2.8547460544787304,3.8202631578947375,1.2301296060965137,3.65078947368421,1.277555481587728,0.5044538052093178,0.3851027893258791,0.8148676421743554,1.225567180088719,-0.44277269020273086,-1.4688793606528356,0.5493729621958467,1.5906761202111763,0.3715288642684346,1.7166984242258356,0,0,1.7166984242258356,1.4905064804287507,0.2565376278539708,-0.020741083510001136,0.4875395561028455,-0.6816059938171964,,,,2.09,3.31,-0.0005263157894736555,1.5883408773094034,0.0,1.6519701587514848,1.3161698132020347,2.003668154939076,1.2001,54.4024,2.6315789473564445e-06,0.8915402837564074,34.09234210526316,90.67670377449419,1.3460943832673198,0.22398319578583664,0.2423,-0.2045,0.0762,0.2369,-0.3067,0.3702,0.3619,0.3509,0.4254,3.2072,149.069,-2.631578947371053e-06,0.6864820690112515,1.3157894736840656e-05,0.861921712495305,7.894736842110237e-06,1.6974713260933045,139.1297105263158,26.52112193614323,0.511160665979749,0.4935330389505419,1.8893939803062505,0.374768816252032,0.8287269209568177,0.7857845447044484,1.7529837230923523e-17,0.6690628109463618,-1.1686558153949016e-17,0.6579485908117413,1.2386384467918903,1.1942947453310753
Premier,Cryo,7,2,FA,Free Agent,N/A,RSC003613,1.0,2.0,[2],206.429,0.714,0.714,1.0,1.857,38.449,0.429,0.429,1.19,0,0,2,64,38.0,182.67,23.76,2,7.14,16.62,16.62,1,1,1.14,0.76,1.32,2.33,2.33,247.49997368421052,29.558754759719395,0.8177368421052632,0.1954365431278352,0.6115526315789473,0.12572271019092962,2.5564473684210527,0.3766032895443033,31.791552631578945,4.974454568484047,1.279078947368421,0.26283911239438357,0.38276919127086007,0.11243580503847198,0.3613878048780488,0.10020129355867154,1.3154210526315788,0.351038816024124,31.275526315789474,12.252864794057384,1.0,0.0,1.0,0.0,31.275526315789474,12.252864794057384,1.739473684210526,0.25530000760547783,0.9321052631578948,0.28107090472879614,1.0992105263157896,2.8547460544787304,3.8202631578947375,1.2301296060965137,3.65078947368421,1.277555481587728,-1.3894690090321113,-0.5307955229100061,0.8148676421743554,-1.8572524134544777,1.338327102352026,-1.0617862190527791,-0.41117514757261897,-0.6747636953644894,0.35728542516209866,-1.1960897767269394,0,0,-1.1960897767269394,-2.348114635142939,0.6123197394762657,0.07734119584395958,-1.2114684099212016,-1.0338411855450313,,,,-0.84,-1.87,-0.0005263157894736555,1.5883408773094034,0.0,1.6519701587514848,-0.528522369601522,-1.131981706868904,-1.1741,21.9384,2.6315789473564445e-06,0.8915402837564074,34.09234210526316,90.67670377449419,-1.3169372747039476,-0.1340359938037564,-0.237,-0.3102,-0.0456,-0.0951,-0.4652,-0.3622,-0.1453,-0.6879,-0.9727,-3.5442,128.41899999999998,-2.631578947371053e-06,0.6864820690112515,1.3157894736840656e-05,0.861921712495305,7.894736842110237e-06,1.6974713260933045,139.1297105263158,26.52112193614323,-1.0020616698872258,-1.1285400330369741,-2.0879338815659194,-0.4038558607024521,-1.0559648433665638,-1.0979082546434933,1.7529837230923523e-17,0.6690628109463618,-1.1686558153949016e-17,0.6579485908117413,-1.5782746045516192,-1.668683951870698
Premier,Dopler,4,2,FA,Free Agent,N/A,RSC003639,2.0,1.0,"[1, 2]",158.75,0.25,0.25,0.75,1.5,16.667,0.3482292682926829,0.25,0.583,0,0,0,64,38.0,95.25,63.5,0,0.0,63.5,63.5,1,1,1.25,0.23,3.26,3.0,2.15,247.49997368421052,29.558754759719395,0.8177368421052632,0.1954365431278352,0.6115526315789473,0.12572271019092962,2.5564473684210527,0.3766032895443033,31.791552631578945,4.974454568484047,1.279078947368421,0.26283911239438357,0.38276919127086007,0.11243580503847198,0.3613878048780488,0.10020129355867154,1.3154210526315788,0.351038816024124,31.275526315789474,12.252864794057384,1.0,0.0,1.0,0.0,31.275526315789474,12.252864794057384,1.739473684210526,0.25530000760547783,0.9321052631578948,0.28107090472879614,1.0992105263157896,2.8547460544787304,3.8202631578947375,1.2301296060965137,3.65078947368421,1.277555481587728,-3.0024936573157937,-2.9049676842365457,-2.8757941268516487,-2.8051995236137555,-3.0404444192538107,-2.0129384190529116,0.3071968308170043,1.1116403882832824,2.086438932671325,2.62995423730125,0,0,2.62995423730125,-1.9172489997216267,2.4979649310744296,0.7569112742249731,-0.6668103538273683,-1.1747352622361655,,,,4.72,3.74,-0.0005263157894736555,1.5883408773094034,0.0,1.6519701587514848,2.97198566329533,2.263963413737808,0.7107,207.01,2.6315789473564445e-06,0.8915402837564074,34.09234210526316,90.67670377449419,0.7971567649490914,1.9069689423732188,0.1435,-0.3524,0.6484,0.535,-0.5286,0.2192,0.8173,0.9745,0.5079,0.7127,56.667,-2.631578947371053e-06,0.6864820690112515,1.3157894736840656e-05,0.861921712495305,7.894736842110237e-06,1.6974713260933045,139.1297105263158,26.52112193614323,1.4195602122318147,0.5892493885957533,0.4198551659210669,-3.1093220989996975,-0.6619130747646922,-0.7828909603805337,1.7529837230923523e-17,0.6690628109463618,-1.1686558153949016e-17,0.6579485908117413,-0.9893138042278025,-1.1898968571612036
Premier,Matteo,20,2,FA,Free Agent,N/A,,,,,235.0,0.65,0.85,1.55,2.3,28.261,0.3482292682926829,0.2967365853658537,1.1426439024390245,0,0,3,64,38.0,218.85,16.15,3,3.75,12.4,12.4,1,1,1.65,0.79,1.96,5.22,4.45,247.49997368421052,29.558754759719395,0.8177368421052632,0.1954365431278352,0.6115526315789473,0.12572271019092962,2.5564473684210527,0.3766032895443033,31.791552631578945,4.974454568484047,1.279078947368421,0.26283911239438357,0.38276919127086007,0.11243580503847198,0.3613878048780488,0.10020129355867154,1.3154210526315788,0.351038816024124,31.275526315789474,12.252864794057384,1.0,0.0,1.0,0.0,31.275526315789474,12.252864794057384,1.739473684210526,0.25530000760547783,0.9321052631578948,0.28107090472879614,1.0992105263157896,2.8547460544787304,3.8202631578947375,1.2301296060965137,3.65078947368421,1.277555481587728,-0.42288566571297537,-0.8582675451619423,1.8966133330957706,-0.6809482963660747,-0.7097366320213219,1.0307486209475123,0.3071968308170043,0.6452134220636527,0.4921881635467936,-1.540499028842958,0,0,-1.540499028842958,-0.350464870916856,0.5055851059895772,0.3015292629387269,1.137877533528318,0.625577939928325,,,,-1.05,-0.9,-0.0005263157894736555,1.5883408773094034,0.0,1.6519701587514848,-0.6607358024987053,-0.5448040300438576,0.347,24.304,2.6315789473564445e-06,0.8915402837564074,34.09234210526316,90.67670377449419,0.38921109314210367,-0.10794770539526882,0.0701,0.1877,-0.0367,-0.1189,0.2815,0.107,-0.1817,0.10219999999999999,0.20679999999999996,-1.891,116.261,-2.631578947371053e-06,0.6864820690112515,1.3157894736840656e-05,0.861921712495305,7.894736842110237e-06,1.6974713260933045,139.1297105263158,26.52112193614323,0.1488788071713964,0.23991371734516956,-1.114014632040329,-0.862282922320496,-0.5965671132125265,-0.4818198767869897,1.7529837230923523e-17,0.6690628109463618,-1.1686558153949016e-17,0.6579485908117413,-0.891645901479275,-0.7323062675649877
Premier,SmilezRL,17,2,FA,Free Agent,N/A,,,,,220.882,0.706,0.353,0.882,2.118,33.333,0.608,0.451,1.588,1,0,1,64,38.0,159.7,61.18,2,2.94,58.24,58.24,1,1,1.41,0.98,0.9,1.96,1.45,247.49997368421052,29.558754759719395,0.8177368421052632,0.1954365431278352,0.6115526315789473,0.12572271019092962,2.5564473684210527,0.3766032895443033,31.791552631578945,4.974454568484047,1.279078947368421,0.26283911239438357,0.38276919127086007,0.11243580503847198,0.3613878048780488,0.10020129355867154,1.3154210526315788,0.351038816024124,31.275526315789474,12.252864794057384,1.0,0.0,1.0,0.0,31.275526315789474,12.252864794057384,1.739473684210526,0.25530000760547783,0.9321052631578948,0.28107090472879614,1.0992105263157896,2.8547460544787304,3.8202631578947375,1.2301296060965137,3.65078947368421,1.277555481587728,-0.9005106575221371,-0.5717295256914982,-2.056530846227342,-1.164215450564922,0.30987263974365853,-1.5107300574528415,-2.0031946998740575,-0.8943217391647744,-0.7764923277022708,2.200666875659009,0,0,2.200666875659009,-1.2905353481997186,-0.17040090609278322,-0.0697822231869815,-1.5122497244804827,-1.7226566715905758,,,,1.42,1.31,-0.0005263157894736555,1.5883408773094034,0.0,1.6519701587514848,0.8943460034824502,0.7929925326193926,-0.4288,52.416,2.6315789473564445e-06,0.8915402837564074,34.09234210526316,90.67670377449419,-0.48096831897739317,0.20207679736910522,-0.0866,-0.5168,0.0687,0.161,-0.7752,-0.1323,0.2459,-0.37370000000000003,-0.6616,0.9101,125.113,-2.631578947371053e-06,0.6864820690112515,1.3157894736840656e-05,0.861921712495305,7.894736842110237e-06,1.6974713260933045,139.1297105263158,26.52112193614323,-0.5443658112720898,-0.7676023800112133,0.5361457900780664,-0.5285112206061572,-0.2462858426411746,-0.368630001803966,1.7529837230923523e-17,0.6690628109463618,-1.1686558153949016e-17,0.6579485908117413,-0.36810571236624773,-0.5602717399989721
Premier,Sugar,11,2,FA,Free Agent,N/A,RSC001719,2.0,1.0,"[1, 2]",104.091,0.091,0.455,0.727,0.818,11.125,0.091,0.455,0.909,0,0,1,64,38.0,81.47,22.62,1,2.27,20.35,20.35,1,1,0.73,0.82,0.89,1.6,7.99,247.49997368421052,29.558754759719395,0.8177368421052632,0.1954365431278352,0.6115526315789473,0.12572271019092962,2.5564473684210527,0.3766032895443033,31.791552631578945,4.974454568484047,1.279078947368421,0.26283911239438357,0.38276919127086007,0.11243580503847198,0.3613878048780488,0.10020129355867154,1.3154210526315788,0.351038816024124,31.275526315789474,12.252864794057384,1.0,0.0,1.0,0.0,31.275526315789474,12.252864794057384,1.739473684210526,0.25530000760547783,0.9321052631578948,0.28107090472879614,1.0992105263157896,2.8547460544787304,3.8202631578947375,1.2301296060965137,3.65078947368421,1.277555481587728,-4.851658158470135,-3.7185309895187006,-1.2452215780362803,-4.616123694842403,-4.154536411391335,-2.1004444214529236,2.594984677443506,-0.934241383492099,1.1577667029381982,-0.8916711723684678,0,0,-0.8916711723684678,-3.954068367167829,0.3988504725028889,-0.07328516173533724,-1.8049018143219453,3.396494781520628,,,,0.27,-1.83,-0.0005263157894736555,1.5883408773094034,0.0,1.6519701587514848,0.1703200614264466,-1.1077681944225104,-1.4772,18.1115,2.6315789473564445e-06,0.8915402837564074,34.09234210526316,90.67670377449419,-1.656910695448237,-0.17623977758395643,-0.2982,1.0189,-0.0599,0.0307,1.5284,-0.4557,0.0468,0.6914999999999999,1.1195,-4.8457,28.405,-2.631578947371053e-06,0.6864820690112515,1.3157894736840656e-05,0.861921712495305,7.894736842110237e-06,1.6974713260933045,139.1297105263158,26.52112193614323,1.007313464975024,1.2988265939655872,-2.8546625914966937,-4.174963291255756,-2.108330772764652,-1.668575169225044,1.7529837230923523e-17,0.6690628109463618,-1.1686558153949016e-17,0.6579485908117413,-3.151170171575528,-2.536026663065645
Premier,Theclamhammer69,40,2,FA,Free Agent,N/A,,,,,206.875,0.725,0.525,1.225,2.125,34.118,0.333,0.375,1.35,2,1,5,64,38.0,189.82,17.06,8,5.0,12.06,12.06,1,1,1.4,1.02,1.2,3.27,3.68,247.49997368421052,29.558754759719395,0.8177368421052632,0.1954365431278352,0.6115526315789473,0.12572271019092962,2.5564473684210527,0.3766032895443033,31.791552631578945,4.974454568484047,1.279078947368421,0.26283911239438357,0.38276919127086007,0.11243580503847198,0.3613878048780488,0.10020129355867154,1.3154210526315788,0.351038816024124,31.275526315789474,12.252864794057384,1.0,0.0,1.0,0.0,31.275526315789474,12.252864794057384,1.739473684210526,0.25530000760547783,0.9321052631578948,0.28107090472879614,1.0992105263157896,2.8547460544787304,3.8202631578947375,1.2301296060965137,3.65078947368421,1.277555481587728,-1.374380416714015,-0.47451126908545443,-0.6884407077090814,-1.1456282523265044,0.4676788854722692,-0.20574923905265963,0.44264539444379486,-0.1358484969456086,-0.0985046262406632,-1.568247641572685,0,0,-1.568247641572685,-1.329704951419838,-0.3127137507417014,0.03530593326369067,-0.4473212864462713,0.022864389638473932,,,,-1.67,-1.7,-0.0005263157894736555,1.5883408773094034,0.0,1.6519701587514848,-1.0510802234332464,-1.0290742789717309,-0.7207,14.472,2.6315789473564445e-06,0.8915402837564074,34.09234210526316,90.67670377449419,-0.8083792114724706,-0.2163768783882727,-0.1455,0.0069,-0.0736,-0.1892,0.0103,-0.2223,-0.289,-0.4014,-0.501,-2.898,127.868,-2.631578947371053e-06,0.6864820690112515,1.3157894736840656e-05,0.861921712495305,7.894736842110237e-06,1.6974713260933045,139.1297105263158,26.52112193614323,-0.5847164646254929,-0.5812745527018685,-1.7072499842495412,-0.4246317540197359,-0.8237666306816831,-0.7951172487477421,1.7529837230923523e-17,0.6690628109463618,-1.1686558153949016e-17,0.6579485908117413,-1.2312246581400916,-1.2084792943575875
Premier,Bismarck,60,2,Hurricanes,The Storm,Solar,RSC000336,13.0,1.0,"[1, 2, 3, 5, 6, 7, 8, 9, 10, 11, 13, 14, 15]",267.0,0.933,0.633,1.333,2.55,36.588,0.489,0.556,1.506,3,3,11,64,38.0,226.43,40.57,17,7.08,33.49,33.49,1,1,1.62,1.02,1.31,2.4,2.73,247.49997368421052,29.558754759719395,0.8177368421052632,0.1954365431278352,0.6115526315789473,0.12572271019092962,2.5564473684210527,0.3766032895443033,31.791552631578945,4.974454568484047,1.279078947368421,0.26283911239438357,0.38276919127086007,0.11243580503847198,0.3613878048780488,0.10020129355867154,1.3154210526315788,0.351038816024124,31.275526315789474,12.252864794057384,1.0,0.0,1.0,0.0,31.275526315789474,12.252864794057384,1.739473684210526,0.25530000760547783,0.9321052631578948,0.28107090472879614,1.0992105263157896,2.8547460544787304,3.8202631578947375,1.2301296060965137,3.65078947368421,1.277555481587728,0.6597039176482075,0.5897728032333396,0.17059263508145403,-0.017119787851174375,0.9642157350896787,0.20514851134739712,-0.9448129863328777,-1.942212402757043,-0.5428999263583554,0.1807310960686144,0,0,0.1807310960686144,-0.4679736805772131,-0.3127137507417014,0.07383825729560385,-1.1545638368964728,-0.7207432373425113,,,,-0.36,-1.76,-0.0005263157894736555,1.5883408773094034,0.0,1.6519701587514848,-0.2263202372651032,-1.0653945476413214,-1.1127,43.8719,2.6315789473564445e-06,0.8915402837564074,34.09234210526316,90.67670377449419,-1.248067700194877,0.10785083144462143,-0.2247,-0.2162,0.0367,-0.0407,-0.3243,-0.3432,-0.0622,-0.4449,-0.7297,-0.2872,155.388,-2.631578947371053e-06,0.6864820690112515,1.3157894736840656e-05,0.861921712495305,7.894736842110237e-06,1.6974713260933045,139.1297105263158,26.52112193614323,-0.6480830141154943,-0.8466118759001696,-0.16919749413254903,0.6130317379796542,-0.014338022882039725,-0.15856072327920415,1.7529837230923523e-17,0.6690628109463618,-1.1686558153949016e-17,0.6579485908117413,-0.02143001022842564,-0.24099257220625783
Premier,Premium Manatee,40,2,Hurricanes,The Storm,Solar,RSC001579,4.0,1.0,"[1, 2, 12, 13]",238.5,0.85,0.525,1.25,2.6,32.692,0.483,0.358,1.517,3,1,3,64,38.0,208.5,30.0,7,4.38,25.62,25.62,1,1,1.75,1.03,1.21,3.49,2.59,247.49997368421052,29.558754759719395,0.8177368421052632,0.1954365431278352,0.6115526315789473,0.12572271019092962,2.5564473684210527,0.3766032895443033,31.791552631578945,4.974454568484047,1.279078947368421,0.26283911239438357,0.38276919127086007,0.11243580503847198,0.3613878048780488,0.10020129355867154,1.3154210526315788,0.351038816024124,31.275526315789474,12.252864794057384,1.0,0.0,1.0,0.0,31.275526315789474,12.252864794057384,1.739473684210526,0.25530000760547783,0.9321052631578948,0.28107090472879614,1.0992105263157896,2.8547460544787304,3.8202631578947375,1.2301296060965137,3.65078947368421,1.277555481587728,-0.304477430032846,0.16508252437535909,-0.6884407077090814,0.11564591385180639,0.18101429132067928,-0.1106340190526467,-0.8914492024568518,0.033809991445520715,-0.5742354923922949,-0.4615676750577051,0,0,-0.4615676750577051,0.04123116128433708,-0.3482919619039309,0.03880887181204642,-0.2684783426542662,-0.8303275192133934,,,,-1.04,-0.43,-0.0005263157894736555,1.5883408773094034,0.0,1.6519701587514848,-0.6544399247416965,-0.26029525879873194,-0.2646,31.0002,2.6315789473564445e-06,0.8915402837564074,34.09234210526316,90.67670377449419,-0.2967926816094873,-0.034100733446961976,-0.0534,-0.2491,-0.0116,-0.1178,-0.3736,-0.0816,-0.18,-0.4319,-0.6352,-0.4203,143.692,-2.631578947371053e-06,0.6864820690112515,1.3157894736840656e-05,0.861921712495305,7.894736842110237e-06,1.6974713260933045,139.1297105263158,26.52112193614323,-0.6291458843828502,-0.7369731481247457,-0.24760824426069813,0.1720247538799136,-0.2056624662447637,-0.29228632647569697,1.7529837230923523e-17,0.6690628109463618,-1.1686558153949016e-17,0.6579485908117413,-0.3073888772174658,-0.44423885172409894
Premier,Sponge,40,2,Hurricanes,The Storm,Solar,RSC000231,2.0,1.0,"[1, 2]",280.5,0.975,0.65,1.275,2.95,33.051,0.2,0.3,0.842,4,1,2,64,38.0,232.18,48.32,7,4.38,43.94,43.94,1,1,1.98,0.64,1.99,4.25,6.37,247.49997368421052,29.558754759719395,0.8177368421052632,0.1954365431278352,0.6115526315789473,0.12572271019092962,2.5564473684210527,0.3766032895443033,31.791552631578945,4.974454568484047,1.279078947368421,0.26283911239438357,0.38276919127086007,0.11243580503847198,0.3613878048780488,0.10020129355867154,1.3154210526315788,0.351038816024124,31.275526315789474,12.252864794057384,1.0,0.0,1.0,0.0,31.275526315789474,12.252864794057384,1.739473684210526,0.25530000760547783,0.9321052631578948,0.28107090472879614,1.0992105263157896,2.8547460544787304,3.8202631578947375,1.2301296060965137,3.65078947368421,1.277555481587728,1.1164213981287063,0.8046763178361725,0.30581084644663104,1.045005825772667,0.2531830075201331,-0.015518799052633809,1.625542603695702,0.612644834191726,1.3486287869631046,1.0335928696734473,0,0,1.0335928696734473,0.9421320353470803,1.0392582734230198,0.3120380785837941,0.34934273589993264,2.128448091300421,,,,2.38,1.65,-0.0005263157894736555,1.5883408773094034,0.0,1.6519701587514848,1.4987502681552878,0.9988073884137387,0.6546,87.4406,2.6315789473564445e-06,0.8915402837564074,34.09234210526316,90.67670377449419,0.7342319582722368,0.5883347725939593,0.1322,0.6385,0.2,0.2698,0.9578,0.2019,0.4122,1.2405,1.5718999999999999,1.9757,160.051,-2.631578947371053e-06,0.6864820690112515,1.3157894736840656e-05,0.861921712495305,7.894736842110237e-06,1.6974713260933045,139.1297105263158,26.52112193614323,1.807043020607455,1.8237002494746009,1.163903080360228,0.7888538623689396,1.2261195734452977,1.2928042295291133,1.7529837230923523e-17,0.6690628109463618,-1.1686558153949016e-17,0.6579485908117413,1.8325926256624576,1.9649015859037278
Premier,Swoops,60,2,Hurricanes,The Storm,Solar,RSC001725,2.0,1.0,"[1, 2]",241.917,0.983,0.633,0.9,3.1,31.71,0.478,0.472,1.383,5,0,3,64,38.0,212.25,29.67,8,3.33,26.34,26.34,1,1,2.12,0.9,1.0,1.91,1.88,247.49997368421052,29.558754759719395,0.8177368421052632,0.1954365431278352,0.6115526315789473,0.12572271019092962,2.5564473684210527,0.3766032895443033,31.791552631578945,4.974454568484047,1.279078947368421,0.26283911239438357,0.38276919127086007,0.11243580503847198,0.3613878048780488,0.10020129355867154,1.3154210526315788,0.351038816024124,31.275526315789474,12.252864794057384,1.0,0.0,1.0,0.0,31.275526315789474,12.252864794057384,1.739473684210526,0.25530000760547783,0.9321052631578948,0.28107090472879614,1.0992105263157896,2.8547460544787304,3.8202631578947375,1.2301296060965137,3.65078947368421,1.277555481587728,-0.18887716108455965,0.8456103206176647,0.17059263508145403,1.443302930881607,-0.016394286138549874,-1.442247099052832,-0.8469793825601635,-1.1038998718832276,-0.1925113243424825,-0.4028059069241664,0,0,-0.4028059069241664,1.4905064804287507,0.11422478320505265,-0.03475283770342411,-1.5528958480695747,-1.3860763772728666,,,,-0.6,-1.51,-0.0005263157894736555,1.5883408773094034,0.0,1.6519701587514848,-0.3774213034333126,-0.914060094851361,-1.2526,26.34,2.6315789473564445e-06,0.8915402837564074,34.09234210526316,90.67670377449419,-1.4049871378792256,-0.08549430870957353,-0.2529,-0.4158,-0.0291,-0.0679,-0.6237,-0.3864,-0.1038,-0.7656999999999999,-1.1139000000000001,1.0877,161.01000000000002,-2.631578947371053e-06,0.6864820690112515,1.3157894736840656e-05,0.861921712495305,7.894736842110237e-06,1.6974713260933045,139.1297105263158,26.52112193614323,-1.1153931078256651,-1.2923600157024755,0.6407720051250932,0.8250137202478439,0.13493420390044325,-0.06615378576174408,1.7529837230923523e-17,0.6690628109463618,-1.1686558153949016e-17,0.6579485908117413,0.20167643708904454,-0.10054552389895252
Premier,A Dead Cow,55,2,Hydras,πολύ κεφάλη,Lunar,,,,,251.909,0.836,0.709,1.455,2.545,32.849,0.352,0.297,1.273,4,3,8,64,38.0,227.43,24.48,15,6.82,17.66,17.66,1,1,1.71,0.92,1.58,4.9,4.13,247.49997368421052,29.558754759719395,0.8177368421052632,0.1954365431278352,0.6115526315789473,0.12572271019092962,2.5564473684210527,0.3766032895443033,31.791552631578945,4.974454568484047,1.279078947368421,0.26283911239438357,0.38276919127086007,0.11243580503847198,0.3613878048780488,0.10020129355867154,1.3154210526315788,0.351038816024124,31.275526315789474,12.252864794057384,1.0,0.0,1.0,0.0,31.275526315789474,12.252864794057384,1.739473684210526,0.25530000760547783,0.9321052631578948,0.28107090472879614,1.0992105263157896,2.8547460544787304,3.8202631578947375,1.2301296060965137,3.65078947368421,1.277555481587728,0.14916143631996934,0.0934480195077479,0.7750975800081269,-0.030396358021472097,0.21257554046640056,0.6693107849474621,0.27366007883637994,0.6425845674372195,0.12084433599691627,-1.1112116672007168,0,0,-1.1112116672007168,-0.11544725159614017,0.043068360880593584,0.16841759810120882,0.8777423425581294,0.3750995813663088,,,,-0.99,-0.47,-0.0005263157894736555,1.5883408773094034,0.0,1.6519701587514848,-0.6229605359566529,-0.2845087712451256,0.3315,27.9028,2.6315789473564445e-06,0.8915402837564074,34.09234210526316,90.67670377449419,0.37182545136864126,-0.0682594519608483,0.0669,0.1125,-0.0232,-0.1121,0.1688,0.1023,-0.1713,0.0441,0.0998,-1.2267,141.899,-2.631578947371053e-06,0.6864820690112515,1.3157894736840656e-05,0.861921712495305,7.894736842110237e-06,1.6974713260933045,139.1297105263158,26.52112193614323,0.06424440428934863,0.11577251235077421,-0.7226678152850363,0.10441826255887754,-0.13215235168792375,-0.08954069620690314,1.7529837230923523e-17,0.6690628109463618,-1.1686558153949016e-17,0.6579485908117413,-0.19751860292608361,-0.136090718115883
Premier,Deztination,35,2,Hydras,πολύ κεφάλη,Lunar,RSC003617,2.0,1.0,"[1, 2]",244.857,1.0,0.629,1.371,2.514,39.777,0.579,0.544,2.053,4,0,2,64,38.0,234.74,10.12,6,4.29,5.83,5.83,1,1,1.51,1.47,0.93,2.52,2.37,247.49997368421052,29.558754759719395,0.8177368421052632,0.1954365431278352,0.6115526315789473,0.12572271019092962,2.5564473684210527,0.3766032895443033,31.791552631578945,4.974454568484047,1.279078947368421,0.26283911239438357,0.38276919127086007,0.11243580503847198,0.3613878048780488,0.10020129355867154,1.3154210526315788,0.351038816024124,31.275526315789474,12.252864794057384,1.0,0.0,1.0,0.0,31.275526315789474,12.252864794057384,1.739473684210526,0.25530000760547783,0.9321052631578948,0.28107090472879614,1.0992105263157896,2.8547460544787304,3.8202631578947375,1.2301296060965137,3.65078947368421,1.277555481587728,-0.08941424311325107,0.9325950765283354,0.1387765853484712,-0.11271109307732011,1.6052910441706179,0.3497236457474174,-1.7452697444732657,-1.8224534697750694,-2.101132164591546,-2.076700163061499,0,0,-2.076700163061499,-0.8988393159985255,-1.9137332530420288,-0.05927340754191427,-1.057013140282652,-1.0025313907247793,,,,-4.18,-3.9,-0.0005263157894736555,1.5883408773094034,0.0,1.6519701587514848,-2.6313455404424366,-2.3608174635233827,-1.6698,5.4219,2.6315789473564445e-06,0.8915402837564074,34.09234210526316,90.67670377449419,-1.872941315162358,-0.31618310891146073,-0.3371,-0.3008,-0.1075,-0.4736,-0.4511,-0.5151,-0.7236,-1.219,-1.6898,-2.9755,164.917,-2.631578947371053e-06,0.6864820690112515,1.3157894736840656e-05,0.861921712495305,7.894736842110237e-06,1.6974713260933045,139.1297105263158,26.52112193614323,-1.7757162545800933,-1.9605181461349268,-1.7529061310183733,0.9723302632435415,-0.6703389140889751,-0.8548658351307055,1.7529837230923523e-17,0.6690628109463618,-1.1686558153949016e-17,0.6579485908117413,-1.0019072994668592,-1.2992897120974427
Premier,Fee-fe,27,2,Hydras,πολύ κεφάλη,Lunar,,,,,312.037,0.63,0.815,1.852,2.593,24.296,0.509,0.439,1.825,1,0,9,64,38.0,235.24,76.8,10,9.26,67.54,67.54,1,1,1.96,1.32,1.4,4.22,3.64,247.49997368421052,29.558754759719395,0.8177368421052632,0.1954365431278352,0.6115526315789473,0.12572271019092962,2.5564473684210527,0.3766032895443033,31.791552631578945,4.974454568484047,1.279078947368421,0.26283911239438357,0.38276919127086007,0.11243580503847198,0.3613878048780488,0.10020129355867154,1.3154210526315788,0.351038816024124,31.275526315789474,12.252864794057384,1.0,0.0,1.0,0.0,31.275526315789474,12.252864794057384,1.739473684210526,0.25530000760547783,0.9321052631578948,0.28107090472879614,1.0992105263157896,2.8547460544787304,3.8202631578947375,1.2301296060965137,3.65078947368421,1.277555481587728,2.1833472634556315,-0.9606025521156726,1.618222897932171,0.09705871561338889,-1.506808943249269,2.1797404785476724,-1.1226922659196308,-0.7745628061828007,-1.4516313413426107,2.9596730473838844,0,0,2.9596730473838844,0.8637928289068417,-1.3800600856085865,0.10536470423080546,0.3249550617464772,-0.008445405181778103,,,,1.51,2.19,-0.0005263157894736555,1.5883408773094034,0.0,1.6519701587514848,0.9510089032955288,1.3256898064400533,0.7953,94.556,2.6315789473564445e-06,0.8915402837564074,34.09234210526316,90.67670377449419,0.8920487194029577,0.6668047621702835,0.1606,-0.0025,0.2267,0.1712,-0.0038,0.2453,0.2615,0.556,0.503,3.8235,113.226,-2.631578947371053e-06,0.6864820690112515,1.3157894736840656e-05,0.861921712495305,7.894736842110237e-06,1.6974713260933045,139.1297105263158,26.52112193614323,0.8099303050693878,0.5835644175259165,2.2524634416434277,-0.9767200116452831,0.48475412525851025,0.4223977888124874,1.7529837230923523e-17,0.6690628109463618,-1.1686558153949016e-17,0.6579485908117413,0.7245270807577028,0.6419920867850115
Premier,MeesterKyle,35,2,Hydras,πολύ κεφάλη,Lunar,RSC001479,1.0,2.0,[2],262.143,1.171,0.514,0.943,3.114,37.604,0.39,0.286,1.257,4,0,3,64,38.0,227.69,34.45,7,5.0,29.45,29.45,1,1,1.94,0.87,1.08,3.3,2.42,247.49997368421052,29.558754759719395,0.8177368421052632,0.1954365431278352,0.6115526315789473,0.12572271019092962,2.5564473684210527,0.3766032895443033,31.791552631578945,4.974454568484047,1.279078947368421,0.26283911239438357,0.38276919127086007,0.11243580503847198,0.3613878048780488,0.10020129355867154,1.3154210526315788,0.351038816024124,31.275526315789474,12.252864794057384,1.0,0.0,1.0,0.0,31.275526315789474,12.252864794057384,1.739473684210526,0.25530000760547783,0.9321052631578948,0.28107090472879614,1.0992105263157896,2.8547460544787304,3.8202631578947375,1.2301296060965137,3.65078947368421,1.277555481587728,0.495387117448667,1.8075593859827284,-0.7759348444747841,1.4804773273584408,1.1684592327460703,-1.2786489206528096,-0.06431055237845092,0.7523635893373619,0.16642334113719245,-0.14898771401401992,0,0,-0.14898771401401992,0.7854536224666031,0.22095941669174127,-0.006729329316578165,-0.42293361229281623,-0.9633941471994645,,,,0.02,0.6,-0.0005263157894736555,1.5883408773094034,0.0,1.6519701587514848,0.012923117501228421,0.363202686695905,-0.0534,31.806,2.6315789473564445e-06,0.8915402837564074,34.09234210526316,90.67670377449419,-0.05989929176721126,-0.02521421721448001,-0.0108,-0.289,-0.0086,0.0023,-0.4335,-0.0165,0.0036,-0.3060999999999999,-0.4464,0.6365,185.844,-2.631578947371053e-06,0.6864820690112515,1.3157894736840656e-05,0.861921712495305,7.894736842110237e-06,1.6974713260933045,139.1297105263158,26.52112193614323,-0.4458927366623404,-0.5179277322094012,0.37496486419480873,1.7613994455499085,0.6586556884539894,0.5169242749209606,1.7529837230923523e-17,0.6690628109463618,-1.1686558153949016e-17,0.6579485908117413,0.9844452234945595,0.7856605852490808
Premier,.Tinkz,27,2,K.O.B.,Cole World,Solar,RSC001081,1.0,2.0,[2],246.667,1.074,0.37,1.37,2.704,39.719,0.395,0.272,1.037,4,0,4,64,38.0,231.03,15.64,8,7.41,8.23,8.23,1,1,1.63,0.64,2.14,5.04,3.47,247.49997368421052,29.558754759719395,0.8177368421052632,0.1954365431278352,0.6115526315789473,0.12572271019092962,2.5564473684210527,0.3766032895443033,31.791552631578945,4.974454568484047,1.279078947368421,0.26283911239438357,0.38276919127086007,0.11243580503847198,0.3613878048780488,0.10020129355867154,1.3154210526315788,0.351038816024124,31.275526315789474,12.252864794057384,1.0,0.0,1.0,0.0,31.275526315789474,12.252864794057384,1.739473684210526,0.25530000760547783,0.9321052631578948,0.28107090472879614,1.0992105263157896,2.8547460544787304,3.8202631578947375,1.2301296060965137,3.65078947368421,1.277555481587728,-0.028180269804384088,1.3112346022571373,-1.921312634862165,0.3917985733940052,1.5936314744225168,0.34591903694741727,-0.10878037227513919,0.8920823444829973,0.7931346618159894,-1.8808276026163702,0,0,-1.8808276026163702,-0.42880407735709464,1.0392582734230198,0.3645821568091303,0.9915514886075868,-0.14151203316784908,,,,-1.09,-0.99,-0.0005263157894736555,1.5883408773094034,0.0,1.6519701587514848,-0.6859193135267403,-0.5992844330482433,0.2439,17.6122,2.6315789473564445e-06,0.8915402837564074,34.09234210526316,90.67670377449419,0.273568533990879,-0.18174615330358687,0.0492,-0.0425,-0.0618,-0.1235,-0.0637,0.0752,-0.1886,-0.1786,-0.17709999999999998,-2.3096,174.159,-2.631578947371053e-06,0.6864820690112515,1.3157894736840656e-05,0.861921712495305,7.894736842110237e-06,1.6974713260933045,139.1297105263158,26.52112193614323,-0.2601631950537158,-0.20548636300388082,-1.3606167357491437,1.3208072252006036,0.0751025170602464,0.06674803929087042,1.7529837230923523e-17,0.6690628109463618,-1.1686558153949016e-17,0.6579485908117413,0.11225032363406505,0.10144871532974989
Premier,ICN | Jinglestown,48,2,K.O.B.,Cole World,Solar,,,,,283.542,0.812,0.812,1.208,2.938,27.638,0.262,0.226,1.214,2,1,8,64,38.0,220.04,63.5,11,5.73,57.77,57.77,1,1,2.13,0.95,1.27,5.35,4.61,247.49997368421052,29.558754759719395,0.8177368421052632,0.1954365431278352,0.6115526315789473,0.12572271019092962,2.5564473684210527,0.3766032895443033,31.791552631578945,4.974454568484047,1.279078947368421,0.26283911239438357,0.38276919127086007,0.11243580503847198,0.3613878048780488,0.10020129355867154,1.3154210526315788,0.351038816024124,31.275526315789474,12.252864794057384,1.0,0.0,1.0,0.0,31.275526315789474,12.252864794057384,1.739473684210526,0.25530000760547783,0.9321052631578948,0.28107090472879614,1.0992105263157896,2.8547460544787304,3.8202631578947375,1.2301296060965137,3.65078947368421,1.277555481587728,1.219335070396978,-0.029353988836727827,1.5943608606324347,1.0131420573639518,-0.8349764932810972,-0.2704275886526691,1.0741168369767677,1.3511582542472294,0.28891691745168435,2.1623084992385047,0,0,2.1623084992385047,1.5296760836488692,-0.06366627260609463,0.05982650310218088,1.243557454859957,0.7508171192093331,,,,2.45,3.51,-0.0005263157894736555,1.5883408773094034,0.0,1.6519701587514848,1.5428214124543491,2.124735717171044,1.6577,73.3679,2.6315789473564445e-06,0.8915402837564074,34.09234210526316,90.67670377449419,1.8593633945922512,0.43313835042363324,0.3347,0.2252,0.1473,0.2777,0.3379,0.5113,0.4243,0.9849000000000001,1.2734999999999999,3.692,138.21800000000002,-2.631578947371053e-06,0.6864820690112515,1.3157894736840656e-05,0.861921712495305,7.894736842110237e-06,1.6974713260933045,139.1297105263158,26.52112193614323,1.43470991601793,1.477497113303315,2.174995270029216,-0.03437677065513903,1.0469522869317496,1.1006220726924878,1.7529837230923523e-17,0.6690628109463618,-1.1686558153949016e-17,0.6579485908117413,1.5648041855007286,1.6728086176681372
Premier,Molokoa,44,2,K.O.B.,Cole World,Solar,RSC002974,5.0,2.0,"[2, 8, 9, 10, 16]",245.682,0.909,0.591,1.023,2.682,33.893,0.25,0.205,1.098,3,0,3,64,38.0,205.58,40.1,6,3.41,36.69,36.69,1,1,1.77,0.85,1.2,4.99,4.09,247.49997368421052,29.558754759719395,0.8177368421052632,0.1954365431278352,0.6115526315789473,0.12572271019092962,2.5564473684210527,0.3766032895443033,31.791552631578945,4.974454568484047,1.279078947368421,0.26283911239438357,0.38276919127086007,0.11243580503847198,0.3613878048780488,0.10020129355867154,1.3154210526315788,0.351038816024124,31.275526315789474,12.252864794057384,1.0,0.0,1.0,0.0,31.275526315789474,12.252864794057384,1.739473684210526,0.25530000760547783,0.9321052631578948,0.28107090472879614,1.0992105263157896,2.8547460544787304,3.8202631578947375,1.2301296060965137,3.65078947368421,1.277555481587728,-0.06150373041722096,0.46697079488886334,-0.16347588711486563,0.3333816646446933,0.4224477959322215,-0.9742802166527673,1.1808444047288198,1.5607363869656832,0.6193647047186861,0.44189450999545293,0,0,0.44189450999545293,0.1195703677245757,0.2921158390162003,0.03530593326369067,0.950905365018495,0.34378978654605674,,,,1.06,2.0,-0.0005263157894736555,1.5883408773094034,0.0,1.6519701587514848,0.667694404230136,1.2106756223196833,1.073,44.028,2.6315789473564445e-06,0.8915402837564074,34.09234210526316,90.67670377449419,1.2035321207249274,0.1095723320451308,0.2166,0.1031,0.0373,0.1202,0.1547,0.331,0.1836,0.47719999999999996,0.6693,0.5615,151.613,-2.631578947371053e-06,0.6864820690112515,1.3157894736840656e-05,0.861921712495305,7.894736842110237e-06,1.6974713260933045,139.1297105263158,26.52112193614323,0.6951421648438219,0.7765053744471123,0.33078149635400345,0.4706923599891853,0.5069848624097163,0.5594389584999124,1.7529837230923523e-17,0.6690628109463618,-1.1686558153949016e-17,0.6579485908117413,0.7577537625990707,0.8502776148660901
Premier,Mythic,32,2,K.O.B.,Cole World,Solar,,,,,240.469,0.844,0.531,1.094,2.562,32.943,0.25,0.44,1.548,2,1,5,64,38.0,198.93,41.54,8,6.25,35.29,35.29,1,1,1.72,1.3,0.84,2.49,4.38,247.49997368421052,29.558754759719395,0.8177368421052632,0.1954365431278352,0.6115526315789473,0.12572271019092962,2.5564473684210527,0.3766032895443033,31.791552631578945,4.974454568484047,1.279078947368421,0.26283911239438357,0.38276919127086007,0.11243580503847198,0.3613878048780488,0.10020129355867154,1.3154210526315788,0.351038816024124,31.275526315789474,12.252864794057384,1.0,0.0,1.0,0.0,31.275526315789474,12.252864794057384,1.739473684210526,0.25530000760547783,0.9321052631578948,0.28107090472879614,1.0992105263157896,2.8547460544787304,3.8202631578947375,1.2301296060965137,3.65078947368421,1.277555481587728,-0.23786433973165344,0.13438202228924,-0.6407166331096071,0.014743980557540871,0.2314720845409095,-0.7041529918527291,1.1808444047288198,-0.7845427172646319,-0.6625448148515803,0.327635516402461,0,0,0.327635516402461,-0.07627764837602086,-1.3089036632841275,-0.09079985447711596,-1.081400814436107,0.5707857989928838,,,,-0.33,-0.46,-0.0005263157894736555,1.5883408773094034,0.0,1.6519701587514848,-0.20743260399407704,-0.2784553931335272,-0.704,29.6436,2.6315789473564445e-06,0.8915402837564074,34.09234210526316,90.67670377449419,-0.7896475845294497,-0.04906157723076071,-0.1421,0.1712,-0.0167,-0.0373,0.2569,-0.2172,-0.057,-0.024900000000000005,-0.01729999999999999,0.2514,142.96299999999997,-2.631578947371053e-06,0.6864820690112515,1.3157894736840656e-05,0.861921712495305,7.894736842110237e-06,1.6974713260933045,139.1297105263158,26.52112193614323,-0.03626805352237767,-0.02008669423655009,0.14809799812155394,0.14453722896466656,0.08583289341630156,0.07954224428183287,1.7529837230923523e-17,0.6690628109463618,-1.1686558153949016e-17,0.6579485908117413,0.12828824440995973,0.12089431513744558
Premier,Lobster,28,2,Knights,The Sovereign,Lunar,RSC003688,1.0,2.0,[2],226.071,0.679,0.607,1.214,2.357,28.808,0.357,0.31,1.298,1,1,4,64,38.0,191.02,35.05,6,5.36,29.69,29.69,1,1,1.68,0.94,1.29,3.92,3.4,247.49997368421052,29.558754759719395,0.8177368421052632,0.1954365431278352,0.6115526315789473,0.12572271019092962,2.5564473684210527,0.3766032895443033,31.791552631578945,4.974454568484047,1.279078947368421,0.26283911239438357,0.38276919127086007,0.11243580503847198,0.3613878048780488,0.10020129355867154,1.3154210526315788,0.351038816024124,31.275526315789474,12.252864794057384,1.0,0.0,1.0,0.0,31.275526315789474,12.252864794057384,1.739473684210526,0.25530000760547783,0.9321052631578948,0.28107090472879614,1.0992105263157896,2.8547460544787304,3.8202631578947375,1.2301296060965137,3.65078947368421,1.277555481587728,-0.7249619903952255,-0.7098817850790334,-0.03621168818293433,-0.5295953964246765,-0.5997748276728508,-0.2475999358526659,0.22919025893969167,0.5128457233734147,0.04962714046523441,-0.12940045796950683,0,0,-0.12940045796950683,-0.2329560612564981,-0.028088061443865088,0.06683238019889236,0.08107832021192513,-0.1963041741032903,,,,-0.08,0.38,-0.0005263157894736555,1.5883408773094034,0.0,1.6519701587514848,-0.05003566006885885,0.23002836824073986,0.1511,38.3001,2.6315789473564445e-06,0.8915402837564074,34.09234210526316,90.67670377449419,0.16947901421169712,0.04640395735161708,0.0305,-0.0589,0.0158,-0.009,-0.0883,0.0466,-0.0138,-0.0216,-0.0555,-0.3624,120.27799999999999,-2.631578947371053e-06,0.6864820690112515,1.3157894736840656e-05,0.861921712495305,7.894736842110237e-06,1.6974713260933045,139.1297105263158,26.52112193614323,-0.03146093597486032,-0.06440626461772678,-0.21349868428759644,-0.7108187418204398,-0.3523542503575309,-0.33289693713147217,1.7529837230923523e-17,0.6690628109463618,-1.1686558153949016e-17,0.6579485908117413,-0.5266385227108055,-0.5059619273912601
Premier,Mikeisonfire,36,2,Knights,The Sovereign,Lunar,RSC003556,1.0,2.0,[2],265.972,0.972,0.806,1.306,2.667,36.445,0.435,0.389,1.657,4,1,3,64,38.0,238.61,27.36,8,5.56,21.8,21.8,1,1,1.69,1.22,1.07,3.36,3.0,247.49997368421052,29.558754759719395,0.8177368421052632,0.1954365431278352,0.6115526315789473,0.12572271019092962,2.5564473684210527,0.3766032895443033,31.791552631578945,4.974454568484047,1.279078947368421,0.26283911239438357,0.38276919127086007,0.11243580503847198,0.3613878048780488,0.10020129355867154,1.3154210526315788,0.351038816024124,31.275526315789474,12.252864794057384,1.0,0.0,1.0,0.0,31.275526315789474,12.252864794057384,1.739473684210526,0.25530000760547783,0.9321052631578948,0.28107090472879614,1.0992105263157896,2.8547460544787304,3.8202631578947375,1.2301296060965137,3.65078947368421,1.277555481587728,0.6249257272827288,0.789326066793113,1.5466367860329604,0.293551954133799,0.9354688648486706,0.10242407374738313,-0.4645389314486449,-0.2755672520912445,-0.9730517873697115,-0.773331500432869,0,0,-0.773331500432869,-0.19378645803637878,-1.0242779739862913,-0.010232267864933907,-0.37415826398590574,-0.5094021223058103,,,,-1.75,-1.05,-0.0005263157894736555,1.5883408773094034,0.0,1.6519701587514848,-1.1014472454893163,-0.6356047017178338,-0.497,23.326,2.6315789473564445e-06,0.8915402837564074,34.09234210526316,90.67670377449419,-0.5574651427806281,-0.11873327610185523,-0.1003,-0.1528,-0.0404,-0.1983,-0.2292,-0.1533,-0.3029,-0.4918,-0.6854,-0.9671,160.315,-2.631578947371053e-06,0.6864820690112515,1.3157894736840656e-05,0.861921712495305,7.894736842110237e-06,1.6974713260933045,139.1297105263158,26.52112193614323,-0.7164023513817256,-0.7952150966361349,-0.5697344513987291,0.7988081923793993,-0.07071780088186658,-0.1672513577335652,1.7529837230923523e-17,0.6690628109463618,-1.1686558153949016e-17,0.6579485908117413,-0.10569680413388868,-0.2542012553400556
Premier,Veni,52,2,Knights,The Sovereign,Lunar,RSC003273,3.0,2.0,"[2, 9, 10]",253.365,0.808,0.731,1.115,2.769,29.18,0.538,0.365,1.731,3,4,5,64,38.0,208.6,44.77,12,5.77,39.0,39.0,1,1,1.96,1.19,0.94,3.05,2.07,247.49997368421052,29.558754759719395,0.8177368421052632,0.1954365431278352,0.6115526315789473,0.12572271019092962,2.5564473684210527,0.3766032895443033,31.791552631578945,4.974454568484047,1.279078947368421,0.26283911239438357,0.38276919127086007,0.11243580503847198,0.3613878048780488,0.10020129355867154,1.3154210526315788,0.351038816024124,31.275526315789474,12.252864794057384,1.0,0.0,1.0,0.0,31.275526315789474,12.252864794057384,1.739473684210526,0.25530000760547783,0.9321052631578948,0.28107090472879614,1.0992105263157896,2.8547460544787304,3.8202631578947375,1.2301296060965137,3.65078947368421,1.277555481587728,0.19841926236290375,-0.049820990227473876,0.9500858535395323,0.5643939856078791,-0.5249927596333058,-0.6242562070527182,-1.3806172213204229,-0.03604938612729724,-1.1838546861434889,0.6304218494238899,0,0,0.6304218494238899,0.8637928289068417,-0.9175433404996026,-0.055770468993558565,-0.6261642302382764,-1.2373548518766695,,,,-0.55,0.59,-0.0005263157894736555,1.5883408773094034,0.0,1.6519701587514848,-0.345941914648269,0.3571493085843066,-0.164,36.66,2.6315789473564445e-06,0.8915402837564074,34.09234210526316,90.67670377449419,-0.1839542582281759,0.028316621445817026,-0.0331,-0.3712,0.0096,-0.0623,-0.5568,-0.0506,-0.0951,-0.457,-0.7024999999999999,1.4942,137.67000000000002,-2.631578947371053e-06,0.6864820690112515,1.3157894736840656e-05,0.861921712495305,7.894736842110237e-06,1.6974713260933045,139.1297105263158,26.52112193614323,-0.6657091117897246,-0.8150544854716877,0.8802458588222579,-0.055039546585940895,-0.004033443642975847,-0.13457702484227194,1.7529837230923523e-17,0.6690628109463618,-1.1686558153949016e-17,0.6579485908117413,-0.006028497738905447,-0.20454033449062958
Premier,Zeke,43,2,Knights,The Sovereign,Lunar,RSC000396,5.0,2.0,"[2, 3, 4, 6, 7]",234.302,0.767,0.628,0.953,2.395,32.025,0.476,0.419,1.686,2,1,4,64,38.0,186.37,47.93,7,4.07,43.86,43.86,1,1,1.63,1.21,0.79,2.27,2.0,247.49997368421052,29.558754759719395,0.8177368421052632,0.1954365431278352,0.6115526315789473,0.12572271019092962,2.5564473684210527,0.3766032895443033,31.791552631578945,4.974454568484047,1.279078947368421,0.26283911239438357,0.38276919127086007,0.11243580503847198,0.3613878048780488,0.10020129355867154,1.3154210526315788,0.351038816024124,31.275526315789474,12.252864794057384,1.0,0.0,1.0,0.0,31.275526315789474,12.252864794057384,1.739473684210526,0.25530000760547783,0.9321052631578948,0.28107090472879614,1.0992105263157896,2.8547460544787304,3.8202631578947375,1.2301296060965137,3.65078947368421,1.277555481587728,-0.44649965100004146,-0.2596077544826209,0.1308225729152255,-0.42869346313041207,0.04692923921751609,-1.2406028326528042,-0.8291914546014882,-0.574964584546178,-1.0556637341864619,1.0270637843252763,0,0,1.0270637843252763,-0.42880407735709464,-0.9886997628240617,-0.10831454721889464,-1.260243758228112,-1.2921469928121105,,,,-0.03,0.45,-0.0005263157894736555,1.5883408773094034,0.0,1.6519701587514848,-0.01855627128381521,0.2724020150219288,-0.5399,34.6494,2.6315789473564445e-06,0.8915402837564074,34.09234210526316,90.67670377449419,-0.6055841125923405,0.006143340809147653,-0.109,-0.3876,0.0021,-0.0033,-0.5815,-0.1665,-0.0051,-0.4978,-0.7531,0.5983,132.675,-2.631578947371053e-06,0.6864820690112515,1.3157894736840656e-05,0.861921712495305,7.894736842110237e-06,1.6974713260933045,139.1297105263158,26.52112193614323,-0.7251425651044845,-0.8737605132540841,0.3524608021745586,-0.2433799950792896,-0.2414846279290649,-0.35253041100828386,1.7529837230923523e-17,0.6690628109463618,-1.1686558153949016e-17,0.6579485908117413,-0.3609296825024468,-0.5358023650044618
Premier,Aech.,46,2,Olympians,The Acropolis,Solar,RSC003611,1.0,2.0,[2],252.391,0.63,0.5,2.217,1.848,34.091,0.391,0.377,1.652,1,1,17,64,38.0,232.85,19.54,19,10.33,9.21,9.21,1,1,1.22,1.26,1.76,5.88,5.67,247.49997368421052,29.558754759719395,0.8177368421052632,0.1954365431278352,0.6115526315789473,0.12572271019092962,2.5564473684210527,0.3766032895443033,31.791552631578945,4.974454568484047,1.279078947368421,0.26283911239438357,0.38276919127086007,0.11243580503847198,0.3613878048780488,0.10020129355867154,1.3154210526315788,0.351038816024124,31.275526315789474,12.252864794057384,1.0,0.0,1.0,0.0,31.275526315789474,12.252864794057384,1.739473684210526,0.25530000760547783,0.9321052631578948,0.28107090472879614,1.0992105263157896,2.8547460544787304,3.8202631578947375,1.2301296060965137,3.65078947368421,1.277555481587728,0.16546794191934713,-0.9606025521156726,-0.8872910185402241,-1.8811502397610138,0.46225115472746336,3.5684226905478655,-0.07320451635778857,-0.15580831910927087,-0.9588083482633749,-1.8008463071012757,0,0,-1.8008463071012757,-2.0347578093819845,-1.1665908186352094,0.23147049197161212,1.674406364904333,1.580526681946011,,,,-2.76,-1.96,-0.0005263157894736555,1.5883408773094034,0.0,1.6519701587514848,-1.7373308989471976,-1.1864621098732897,0.3298,16.2096,2.6315789473564445e-06,0.8915402837564074,34.09234210526316,90.67670377449419,0.36991863904510014,-0.19721429386908604,0.0666,0.4742,-0.0671,-0.3127,0.7112,0.1017,-0.4778,0.16100000000000003,0.33510000000000006,-3.8356,115.571,-2.631578947371053e-06,0.6864820690112515,1.3157894736840656e-05,0.861921712495305,7.894736842110237e-06,1.6974713260933045,139.1297105263158,26.52112193614323,0.2345329016544328,0.3887671435206924,-2.2596009934167283,-0.888299921211469,-0.8880163791611415,-0.7065853526478666,1.7529837230923523e-17,0.6690628109463618,-1.1686558153949016e-17,0.6579485908117413,-1.3272541301542062,-1.0739218268955024
Premier,Tiamat,59,2,Olympians,The Acropolis,Solar,RSC001748,2.0,1.0,"[1, 2]",224.746,0.712,0.61,1.203,2.39,29.791,0.395,0.39,1.565,4,3,4,64,38.0,194.17,30.58,11,4.66,25.92,25.92,1,1,1.68,1.17,1.03,3.08,3.05,247.49997368421052,29.558754759719395,0.8177368421052632,0.1954365431278352,0.6115526315789473,0.12572271019092962,2.5564473684210527,0.3766032895443033,31.791552631578945,4.974454568484047,1.279078947368421,0.26283911239438357,0.38276919127086007,0.11243580503847198,0.3613878048780488,0.10020129355867154,1.3154210526315788,0.351038816024124,31.275526315789474,12.252864794057384,1.0,0.0,1.0,0.0,31.275526315789474,12.252864794057384,1.739473684210526,0.25530000760547783,0.9321052631578948,0.28107090472879614,1.0992105263157896,2.8547460544787304,3.8202631578947375,1.2301296060965137,3.65078947368421,1.277555481587728,-0.7697879653312741,-0.5410290236053791,-0.012349650883197212,-0.4419700333007098,-0.40216522314899905,-0.28945063265267135,-0.10878037227513919,-0.28554716317307566,-0.7109725078131235,-0.43708360500206384,0,0,-0.43708360500206384,-0.2329560612564981,-0.8463869181751436,-0.02424402205835688,-0.601776556084821,-0.47026487878049544,,,,-1.15,-0.72,-0.0005263157894736555,1.5883408773094034,0.0,1.6519701587514848,-0.7236945800687925,-0.435843224035086,-0.5238,26.6976,2.6315789473564445e-06,0.8915402837564074,34.09234210526316,90.67670377449419,-0.5875254782340987,-0.08155062764139835,-0.1058,-0.1411,-0.0277,-0.1303,-0.2116,-0.1616,-0.199,-0.40490000000000004,-0.5722,-0.67,124.891,-2.631578947371053e-06,0.6864820690112515,1.3157894736840656e-05,0.861921712495305,7.894736842110237e-06,1.6974713260933045,139.1297105263158,26.52112193614323,-0.5898149226304356,-0.6638806629411297,-0.3947094035920192,-0.5368819072058614,-0.5159632263202335,-0.5535600086326466,1.7529837230923523e-17,0.6690628109463618,-1.1686558153949016e-17,0.6579485908117413,-0.7711730765463183,-0.8413423424916745
Premier,b900cool,48,2,Olympians,The Acropolis,Solar,RSC001119,1.0,2.0,[2],241.875,0.896,0.646,1.146,2.333,38.405,0.375,0.375,1.493,7,2,4,64,38.0,210.55,31.32,13,6.77,24.55,24.55,1,1,1.44,1.12,1.02,3.06,3.06,247.49997368421052,29.558754759719395,0.8177368421052632,0.1954365431278352,0.6115526315789473,0.12572271019092962,2.5564473684210527,0.3766032895443033,31.791552631578945,4.974454568484047,1.279078947368421,0.26283911239438357,0.38276919127086007,0.11243580503847198,0.3613878048780488,0.10020129355867154,1.3154210526315788,0.351038816024124,31.275526315789474,12.252864794057384,1.0,0.0,1.0,0.0,31.275526315789474,12.252864794057384,1.739473684210526,0.25530000760547783,0.9321052631578948,0.28107090472879614,1.0992105263157896,2.8547460544787304,3.8202631578947375,1.2301296060965137,3.65078947368421,1.277555481587728,-0.19029805991272128,0.40045304036893864,0.27399479671364824,-0.5933229332421069,1.3294819115086396,-0.5063133342527022,0.06909890731161389,-0.1358484969456086,-0.5058669846818813,-0.5488941915894918,0,0,-0.5488941915894918,-1.1730265385393608,-0.6684958623639967,-0.027746960606712622,-0.6180350055204578,-0.46243743007543225,,,,-1.05,-0.68,-0.0005263157894736555,1.5883408773094034,0.0,1.6519701587514848,-0.6607358024987053,-0.4116297115886924,-0.521,25.041,2.6315789473564445e-06,0.8915402837564074,34.09234210526316,90.67670377449419,-0.5843848461717959,-0.09981992869715611,-0.1052,-0.1387,-0.0339,-0.1189,-0.2081,-0.1607,-0.1817,-0.3967,-0.5505,-1.7219,151.335,-2.631578947371053e-06,0.6864820690112515,1.3157894736840656e-05,0.861921712495305,7.894736842110237e-06,1.6974713260933045,139.1297105263158,26.52112193614323,-0.5778699638759985,-0.6387043624889953,-1.0143958653485934,0.46021014884180805,-0.2804999121864765,-0.3332610990962096,1.7529837230923523e-17,0.6690628109463618,-1.1686558153949016e-17,0.6579485908117413,-0.41924301814013687,-0.5065154082708044
Premier,crazyninja,16,2,Olympians,The Acropolis,Solar,RSC003593,1.0,2.0,[2],213.75,0.625,0.5,1.875,1.938,32.25,0.375,0.438,1.25,1,1,3,64,38.0,213.76,-0.01,5,7.81,-7.82,-7.82,1,1,1.31,0.88,2.13,4.28,5.0,247.49997368421052,29.558754759719395,0.8177368421052632,0.1954365431278352,0.6115526315789473,0.12572271019092962,2.5564473684210527,0.3766032895443033,31.791552631578945,4.974454568484047,1.279078947368421,0.26283911239438357,0.38276919127086007,0.11243580503847198,0.3613878048780488,0.10020129355867154,1.3154210526315788,0.351038816024124,31.275526315789474,12.252864794057384,1.0,0.0,1.0,0.0,31.275526315789474,12.252864794057384,1.739473684210526,0.25530000760547783,0.9321052631578948,0.28107090472879614,1.0992105263157896,2.8547460544787304,3.8202631578947375,1.2301296060965137,3.65078947368421,1.277555481587728,-1.141792810913761,-0.9861863038541051,-0.8872910185402241,-1.64217197669565,0.09216032875756382,2.2672464809476844,0.06909890731161389,-0.7645828951009697,0.18636415588606295,-3.190725350593171,0,0,-3.190725350593171,-1.6822313804009108,0.1853812055295117,0.3610792182607745,0.37373041005338803,1.05608761870679,,,,-3.0,-3.96,-0.0005263157894736555,1.5883408773094034,0.0,1.6519701587514848,-1.8884319651154071,-2.397137732192973,-0.9286,-16.6566,2.6315789473564445e-06,0.8915402837564074,34.09234210526316,90.67670377449419,-1.041571142098461,-0.5596690218412854,-0.1875,0.3168,-0.1903,-0.3399,0.4752,-0.2864,-0.5193,-0.4008999999999999,-0.33049999999999996,-4.873,114.13,-2.631578947371053e-06,0.6864820690112515,1.3157894736840656e-05,0.861921712495305,7.894736842110237e-06,1.6974713260933045,139.1297105263158,26.52112193614323,-0.5839881134819296,-0.3834607634350981,-2.870745337390747,-0.9426339725185592,-1.3448709075519623,-1.1817114164545,1.7529837230923523e-17,0.6690628109463618,-1.1686558153949016e-17,0.6579485908117413,-2.0100816927034066,-1.7960543315345785
Premier,Crayman,25,2,Paragon,Paradigm,Lunar,RSC000339,3.0,2.0,"[2, 3, 5]",219.4,0.8,0.32,1.04,2.32,34.483,0.347,0.253,1.333,2,0,3,64,38.0,178.48,40.92,5,5.0,35.92,35.92,1,1,1.52,0.99,1.05,4.11,3.0,247.49997368421052,29.558754759719395,0.8177368421052632,0.1954365431278352,0.6115526315789473,0.12572271019092962,2.5564473684210527,0.3766032895443033,31.791552631578945,4.974454568484047,1.279078947368421,0.26283911239438357,0.38276919127086007,0.11243580503847198,0.3613878048780488,0.10020129355867154,1.3154210526315788,0.351038816024124,31.275526315789474,12.252864794057384,1.0,0.0,1.0,0.0,31.275526315789474,12.252864794057384,1.739473684210526,0.25530000760547783,0.9321052631578948,0.28107090472879614,1.0992105263157896,2.8547460544787304,3.8202631578947375,1.2301296060965137,3.65078947368421,1.277555481587728,-0.9506480876015518,-0.09075499300896597,-2.3190132565244497,-0.6278420156848826,0.5410537640594563,-0.9096018670527578,0.3181298987330682,1.0817006550377888,-0.050076933279119426,0.37905206351930765,0,0,0.37905206351930765,-0.8596697127784062,-0.20597911725501275,-0.017238144961645392,0.23553358985047518,-0.5094021223058103,,,,0.33,1.46,-0.0005263157894736555,1.5883408773094034,0.0,1.6519701587514848,0.20809532796849894,0.8837932042933688,0.5402,37.716,2.6315789473564445e-06,0.8915402837564074,34.09234210526316,90.67670377449419,0.605914705441004,0.03996239104311286,0.1091,-0.1528,0.0136,0.0375,-0.2292,0.1666,0.0572,0.007400000000000011,-0.005399999999999988,-0.4806,137.683,-2.631578947371053e-06,0.6864820690112515,1.3157894736840656e-05,0.861921712495305,7.894736842110237e-06,1.6974713260933045,139.1297105263158,26.52112193614323,0.01078343035180727,-0.006280335924089294,-0.28313167200470557,-0.05454937124451764,-0.09470676792298116,-0.0901015092987914,1.7529837230923523e-17,0.6690628109463618,-1.1686558153949016e-17,0.6579485908117413,-0.14155138557024616,-0.1369430842425379
Premier,Kiingz,50,2,Paragon,Paradigm,Lunar,RSC003568,1.0,2.0,[2],260.7,0.7,0.64,1.6,2.68,26.119,0.3482292682926829,0.333,0.238,3,1,15,64,38.0,220.0,40.7,19,9.5,31.2,31.2,1,1,1.98,-0.11,-14.55,4.8,4.59,247.49997368421052,29.558754759719395,0.8177368421052632,0.1954365431278352,0.6115526315789473,0.12572271019092962,2.5564473684210527,0.3766032895443033,31.791552631578945,4.974454568484047,1.279078947368421,0.26283911239438357,0.38276919127086007,0.11243580503847198,0.3613878048780488,0.10020129355867154,1.3154210526315788,0.351038816024124,31.275526315789474,12.252864794057384,1.0,0.0,1.0,0.0,31.275526315789474,12.252864794057384,1.739473684210526,0.25530000760547783,0.9321052631578948,0.28107090472879614,1.0992105263157896,2.8547460544787304,3.8202631578947375,1.2301296060965137,3.65078947368421,1.277555481587728,0.44656909342397416,-0.6024300277776172,0.22627072211417398,0.3280710365765747,-1.1403366044425733,1.220979060947539,0.3071968308170043,0.2833077684912986,3.0692362310085293,-0.006163972022779903,0,0,-0.006163972022779903,0.9421320353470803,3.707624110590233,-5.4818222803966,0.7964500953799449,0.7351622217992069,,,,3.06,0.28,-0.0005263157894736555,1.5883408773094034,0.0,1.6519701587514848,1.9268699556318813,0.16949458712475568,0.5018,-453.96,2.6315789473564445e-06,0.8915402837564074,34.09234210526316,90.67670377449419,0.5628431800151357,-5.382334401115979,0.1013,0.2205,-1.83,0.3468,0.3308,0.1548,0.5299,-1.1614000000000002,1.0155,0.936,122.919,-2.631578947371053e-06,0.6864820690112515,1.3157894736840656e-05,0.861921712495305,7.894736842110237e-06,1.6974713260933045,139.1297105263158,26.52112193614323,-1.6918102028416089,1.178165983503745,0.5514037797724245,-0.6112377359203528,-0.6539134407673174,0.38355771561555296,1.7529837230923523e-17,0.6690628109463618,-1.1686558153949016e-17,0.6579485908117413,-0.9773573273970851,0.5829600077755928
Premier,Relic,29,2,Paragon,Paradigm,Lunar,RSC001606,3.0,1.0,"[1, 2, 6]",171.379,0.414,0.379,1.034,1.862,22.234,0.253,0.356,1.356,0,0,3,64,38.0,137.91,33.47,3,2.59,30.88,30.88,1,1,1.45,1.1,0.94,2.9,4.09,247.49997368421052,29.558754759719395,0.8177368421052632,0.1954365431278352,0.6115526315789473,0.12572271019092962,2.5564473684210527,0.3766032895443033,31.791552631578945,4.974454568484047,1.279078947368421,0.26283911239438357,0.38276919127086007,0.11243580503847198,0.3613878048780488,0.10020129355867154,1.3154210526315788,0.351038816024124,31.275526315789474,12.252864794057384,1.0,0.0,1.0,0.0,31.275526315789474,12.252864794057384,1.739473684210526,0.25530000760547783,0.9321052631578948,0.28107090472879614,1.0992105263157896,2.8547460544787304,3.8202631578947375,1.2301296060965137,3.65078947368421,1.277555481587728,-2.575242912057407,-2.0658206272159583,-1.8497265229629536,-1.8439758432841793,-1.9213267505007257,-0.932429519852761,1.1541625127908066,0.05376981360918299,-0.11559675316826676,-0.032280313415463814,0,0,-0.032280313415463814,-1.1338569353192414,-0.5973394400395377,-0.055770468993558565,-0.7481026010055525,0.34378978654605674,,,,-0.15,0.02,-0.0005263157894736555,1.5883408773094034,0.0,1.6519701587514848,-0.09410680436791993,0.012106756223196834,-0.3908,29.0272,2.6315789473564445e-06,0.8915402837564074,34.09234210526316,90.67670377449419,-0.4383454552747109,-0.05585935410554584,-0.0789,0.1031,-0.019,-0.0169,0.1547,-0.1205,-0.0259,-0.011700000000000002,0.008300000000000009,-1.1661,82.25399999999999,-2.631578947371053e-06,0.6864820690112515,1.3157894736840656e-05,0.861921712495305,7.894736842110237e-06,1.6974713260933045,139.1297105263158,26.52112193614323,-0.017039583332308293,0.009614379107903385,-0.6869676540696658,-2.144543909690527,-1.0489218929746824,-0.9330622928221481,1.7529837230923523e-17,0.6690628109463618,-1.1686558153949016e-17,0.6579485908117413,-1.5677480138090856,-1.4181385990522246
Premier,Whitebark,55,2,Paragon,Paradigm,Lunar,RSC000404,8.0,1.0,"[1, 2, 3, 4, 5, 6, 10, 11]",195.727,0.509,0.364,1.345,1.909,26.663,0.285,0.261,1.321,3,0,5,64,38.0,164.86,30.87,8,3.64,27.23,27.23,1,1,1.4,1.04,1.29,5.15,4.72,247.49997368421052,29.558754759719395,0.8177368421052632,0.1954365431278352,0.6115526315789473,0.12572271019092962,2.5564473684210527,0.3766032895443033,31.791552631578945,4.974454568484047,1.279078947368421,0.26283911239438357,0.38276919127086007,0.11243580503847198,0.3613878048780488,0.10020129355867154,1.3154210526315788,0.351038816024124,31.275526315789474,12.252864794057384,1.0,0.0,1.0,0.0,31.275526315789474,12.252864794057384,1.739473684210526,0.25530000760547783,0.9321052631578948,0.28107090472879614,1.0992105263157896,2.8547460544787304,3.8202631578947375,1.2301296060965137,3.65078947368421,1.277555481587728,-1.751527562817467,-1.57972934418574,-1.9690367094616392,-1.7191760836833783,-1.0309778812879697,0.2508038169474035,0.8695556654520022,1.0018613663831397,-0.01589267942391229,-0.3301698324257643,0,0,-0.3301698324257643,-1.329704951419838,-0.38387017306616045,0.06683238019889236,1.0809729605035896,0.8369190549650257,,,,-0.35,0.67,-0.0005263157894736555,1.5883408773094034,0.0,1.6519701587514848,-0.22002435950809446,0.40557633347709393,0.7635,35.1267,2.6315789473564445e-06,0.8915402837564074,34.09234210526316,90.67670377449419,0.8563801124096604,0.011407096328834463,0.1541,0.2511,0.0039,-0.0396,0.3766,0.2355,-0.0605,0.3695,0.5516,-1.6599,96.65299999999999,-2.631578947371053e-06,0.6864820690112515,1.3157894736840656e-05,0.861921712495305,7.894736842110237e-06,1.6974713260933045,139.1297105263158,26.52112193614323,0.5382553285203013,0.6399500489532773,-0.9778709479335277,-1.6016181603700612,-0.7270481616783776,-0.5552915456559577,1.7529837230923523e-17,0.6690628109463618,-1.1686558153949016e-17,0.6579485908117413,-1.0866665278406342,-0.8439740633396131
Premier,Jarrrl,64,2,Phoenix,The Birdcage,Lunar,,,,,249.844,0.703,0.656,1.516,2.422,29.026,0.433,0.233,1.767,4,2,10,64,38.0,213.73,36.11,16,6.25,29.86,29.86,1,1,1.72,1.33,1.14,6.51,3.5,247.49997368421052,29.558754759719395,0.8177368421052632,0.1954365431278352,0.6115526315789473,0.12572271019092962,2.5564473684210527,0.3766032895443033,31.791552631578945,4.974454568484047,1.279078947368421,0.26283911239438357,0.38276919127086007,0.11243580503847198,0.3613878048780488,0.10020129355867154,1.3154210526315788,0.351038816024124,31.275526315789474,12.252864794057384,1.0,0.0,1.0,0.0,31.275526315789474,12.252864794057384,1.739473684210526,0.25530000760547783,0.9321052631578948,0.28107090472879614,1.0992105263157896,2.8547460544787304,3.8202631578947375,1.2301296060965137,3.65078947368421,1.277555481587728,0.07930057726869309,-0.5870797767345577,0.3535349210461053,-0.3569999842108025,-0.5559509275851605,0.9013919217474943,-0.44675100348996954,1.2812988766744113,-1.2864074477091096,-0.11552615160464368,0,0,-0.11552615160464368,-0.07627764837602086,-1.415638296770816,0.014288301973556216,2.1865475221268924,-0.11802968705266022,,,,-1.4,1.17,-0.0005263157894736555,1.5883408773094034,0.0,1.6519701587514848,-0.8810915239940107,0.7082452390570148,1.4917,34.0404,2.6315789473564445e-06,0.8915402837564074,34.09234210526316,90.67670377449419,1.6731687794700079,-0.0005728274529291943,0.3012,-0.0354,-0.0002,-0.1586,-0.0531,0.4601,-0.2423,0.10700000000000001,0.16470000000000004,-0.1918,123.54599999999999,-2.631578947371053e-06,0.6864820690112515,1.3157894736840656e-05,0.861921712495305,7.894736842110237e-06,1.6974713260933045,139.1297105263158,26.52112193614323,0.1558709781496035,0.19106937407167388,-0.11299625023904472,-0.5875962021455122,-0.21411004563337782,-0.16222598320108558,1.7529837230923523e-17,0.6690628109463618,-1.1686558153949016e-17,0.6579485908117413,-0.32001486576503635,-0.24656331127777015
Premier,Loosecannon33,24,2,Phoenix,The Birdcage,Lunar,RSC002924,2.0,1.0,"[1, 2]",224.583,0.75,0.5,1.208,3.0,25.0,0.159,0.116,0.652,1,1,3,64,38.0,198.86,25.72,5,5.21,20.51,20.51,1,1,2.25,0.49,2.47,10.41,7.6,247.49997368421052,29.558754759719395,0.8177368421052632,0.1954365431278352,0.6115526315789473,0.12572271019092962,2.5564473684210527,0.3766032895443033,31.791552631578945,4.974454568484047,1.279078947368421,0.26283911239438357,0.38276919127086007,0.11243580503847198,0.3613878048780488,0.10020129355867154,1.3154210526315788,0.351038816024124,31.275526315789474,12.252864794057384,1.0,0.0,1.0,0.0,31.275526315789474,12.252864794057384,1.739473684210526,0.25530000760547783,0.9321052631578948,0.28107090472879614,1.0992105263157896,2.8547460544787304,3.8202631578947375,1.2301296060965137,3.65078947368421,1.277555481587728,-0.7753024060215205,-0.3465925103932916,-0.8872910185402241,1.1777715274756466,-1.365285889755076,-0.2704275886526691,1.9901951268485454,2.4489484732486533,1.8898794730038837,-0.8786130016721259,0,0,-0.8786130016721259,1.999711322290301,1.5729314408564623,0.48017912890486975,5.356945162076071,3.09122428202317,,,,1.01,1.57,-0.0005263157894736555,1.5883408773094034,0.0,1.6519701587514848,0.6362150154450924,0.9503803635209515,3.2859,50.6597,2.6315789473564445e-06,0.8915402837564074,34.09234210526316,90.67670377449419,3.685640938821389,0.18270798567996646,0.6634,0.9274,0.0621,0.1145,1.3911,1.0136,0.175,1.7674,2.5797,1.1211,130.0,-2.631578947371053e-06,0.6864820690112515,1.3157894736840656e-05,0.861921712495305,7.894736842110237e-06,1.6974713260933045,139.1297105263158,26.52112193614323,2.574579455694391,2.9929479727769532,0.660448331603532,-0.34424299802617836,0.8902350707016313,1.2317593094062047,1.7529837230923523e-17,0.6690628109463618,-1.1686558153949016e-17,0.6579485908117413,1.330570248617511,1.8721209021612568
Premier,Raw,24,2,Phoenix,The Birdcage,Lunar,RSC003569,1.0,2.0,[2],279.375,1.25,0.583,1.208,3.208,38.965,0.25,0.194,0.583,3,1,4,64,38.0,255.09,24.28,8,8.33,15.95,15.95,1,1,1.96,0.33,3.66,6.23,4.83,247.49997368421052,29.558754759719395,0.8177368421052632,0.1954365431278352,0.6115526315789473,0.12572271019092962,2.5564473684210527,0.3766032895443033,31.791552631578945,4.974454568484047,1.279078947368421,0.26283911239438357,0.38276919127086007,0.11243580503847198,0.3613878048780488,0.10020129355867154,1.3154210526315788,0.351038816024124,31.275526315789474,12.252864794057384,1.0,0.0,1.0,0.0,31.275526315789474,12.252864794057384,1.739473684210526,0.25530000760547783,0.9321052631578948,0.28107090472879614,1.0992105263157896,2.8547460544787304,3.8202631578947375,1.2301296060965137,3.65078947368421,1.277555481587728,1.0783616080886649,2.2117826634499624,-0.22710798658083128,1.7300768465600442,1.4420570676972027,-0.2704275886526691,1.1808444047288198,1.6705154088658254,2.086438932671325,-1.2507708665178714,0,0,-1.2507708665178714,0.8637928289068417,2.142182819452134,0.8970288161592028,1.9589292300279777,0.923020990720719,,,,0.84,0.42,-0.0005263157894736555,1.5883408773094034,0.0,1.6519701587514848,0.529185093575944,0.2542418806871335,1.1577,58.377,2.6315789473564445e-06,0.8915402837564074,34.09234210526316,90.67670377449419,1.2985362406095902,0.2678158433629312,0.2337,0.2769,0.0911,0.0953,0.4154,0.3571,0.1455,0.6970000000000001,0.9179999999999999,-0.387,196.045,-2.631578947371053e-06,0.6864820690112515,1.3157894736840656e-05,0.861921712495305,7.894736842110237e-06,1.6974713260933045,139.1297105263158,26.52112193614323,1.0153253275542198,1.0650466611957676,-0.22799082893938058,2.1460362653858738,1.1319143404336094,1.14387392107177,1.7529837230923523e-17,0.6690628109463618,-1.1686558153949016e-17,0.6579485908117413,1.6917908482053623,1.7385460460680073
Premier,fishrulesoy,36,2,Phoenix,The Birdcage,Lunar,RSC003619,2.0,1.0,"[1, 2]",256.25,0.944,0.5,1.361,2.639,35.771,0.389,0.296,1.574,2,1,5,64,38.0,223.37,32.88,8,5.56,27.32,27.32,1,1,1.69,1.18,1.15,4.6,3.5,247.49997368421052,29.558754759719395,0.8177368421052632,0.1954365431278352,0.6115526315789473,0.12572271019092962,2.5564473684210527,0.3766032895443033,31.791552631578945,4.974454568484047,1.279078947368421,0.26283911239438357,0.38276919127086007,0.11243580503847198,0.3613878048780488,0.10020129355867154,1.3154210526315788,0.351038816024124,31.275526315789474,12.252864794057384,1.0,0.0,1.0,0.0,31.275526315789474,12.252864794057384,1.739473684210526,0.25530000760547783,0.9321052631578948,0.28107090472879614,1.0992105263157896,2.8547460544787304,3.8202631578947375,1.2301296060965137,3.65078947368421,1.277555481587728,0.2960214794878101,0.6460570570578907,-0.8872910185402241,0.21920316118013006,0.7999766232931509,0.311677557747412,-0.055416588399113266,0.6525644785190506,-0.7366106982045292,-0.322824611409072,0,0,-0.322824611409072,-0.19378645803637878,-0.8819651293373731,0.017791240521911958,0.6338656010235766,-0.11802968705266022,,,,-1.06,0.33,-0.0005263157894736555,1.5883408773094034,0.0,1.6519701587514848,-0.667031680255714,0.19976147768274777,0.4298,31.418,2.6315789473564445e-06,0.8915402837564074,34.09234210526316,90.67670377449419,0.4820840698416324,-0.029493155286213706,0.0868,-0.0354,-0.01,-0.1201,-0.0531,0.1326,-0.1834,-0.07869999999999999,-0.10390000000000002,-0.5166,156.56099999999998,-2.631578947371053e-06,0.6864820690112515,1.3157894736840656e-05,0.861921712495305,7.894736842110237e-06,1.6974713260933045,139.1297105263158,26.52112193614323,-0.11463863656978164,-0.12055985640958417,-0.3043396885682921,0.6572606360943074,0.14290178845625617,0.1153483611737269,1.7529837230923523e-17,0.6690628109463618,-1.1686558153949016e-17,0.6579485908117413,0.21358501192754603,0.17531515802992506
Premier,luckytaurus,24,2,Phoenix,The Birdcage,Lunar,RSC001460,2.0,1.0,"[1, 2]",215.833,0.708,0.583,1.042,1.583,44.725,0.542,0.444,2.125,0,0,4,64,38.0,175.17,40.66,4,4.17,36.49,36.49,1,1,0.88,1.58,0.66,2.35,1.92,247.49997368421052,29.558754759719395,0.8177368421052632,0.1954365431278352,0.6115526315789473,0.12572271019092962,2.5564473684210527,0.3766032895443033,31.791552631578945,4.974454568484047,1.279078947368421,0.26283911239438357,0.38276919127086007,0.11243580503847198,0.3613878048780488,0.10020129355867154,1.3154210526315788,0.351038816024124,31.275526315789474,12.252864794057384,1.0,0.0,1.0,0.0,31.275526315789474,12.252864794057384,1.739473684210526,0.25530000760547783,0.9321052631578948,0.28107090472879614,1.0992105263157896,2.8547460544787304,3.8202631578947375,1.2301296060965137,3.65078947368421,1.277555481587728,-1.071322995221844,-0.5614960249961252,-0.22710798658083128,-2.5848084587868083,2.599972959922417,-0.9019926494527567,-1.4161930772377733,-0.8244623615919564,-2.306237687722789,0.4255717966250258,0,0,0.4255717966250258,-3.36652431886604,-2.305093575826554,-0.15385274834751925,-1.1952099604855646,-1.3547665824526145,,,,-1.88,-0.4,-0.0005263157894736555,1.5883408773094034,0.0,1.6519701587514848,-1.1832936563304295,-0.2421351244639367,-0.7473,24.0834,2.6315789473564445e-06,0.8915402837564074,34.09234210526316,90.67670377449419,-0.8382152160643481,-0.11038052430924933,-0.1509,-0.4064,-0.0375,-0.213,-0.6096,-0.2305,-0.3254,-0.8078,-1.1655000000000002,-2.941,131.355,-2.631578947371053e-06,0.6864820690112515,1.3157894736840656e-05,0.861921712495305,7.894736842110237e-06,1.6974713260933045,139.1297105263158,26.52112193614323,-1.1767202741136893,-1.3522262416623896,-1.732581781811603,-0.2931516451315867,-0.9733754295992849,-1.0622447165471116,1.7529837230923523e-17,0.6690628109463618,-1.1686558153949016e-17,0.6579485908117413,-1.4548341555891973,-1.6144798110085952
Premier,MARKsman,57,2,Quasars,Galaxy Squad,Lunar,,,,,194.737,0.474,0.649,1.105,2.158,21.965,0.462,0.579,1.556,0,1,4,64,38.0,164.41,30.33,5,2.19,28.14,28.14,1,1,1.68,1.09,1.01,1.91,2.39,247.49997368421052,29.558754759719395,0.8177368421052632,0.1954365431278352,0.6115526315789473,0.12572271019092962,2.5564473684210527,0.3766032895443033,31.791552631578945,4.974454568484047,1.279078947368421,0.26283911239438357,0.38276919127086007,0.11243580503847198,0.3613878048780488,0.10020129355867154,1.3154210526315788,0.351038816024124,31.275526315789474,12.252864794057384,1.0,0.0,1.0,0.0,31.275526315789474,12.252864794057384,1.739473684210526,0.25530000760547783,0.9321052631578948,0.28107090472879614,1.0992105263157896,2.8547460544787304,3.8202631578947375,1.2301296060965137,3.65078947368421,1.277555481587728,-1.7850201780527037,-1.758815606354768,0.29785683401338536,-1.058002889202538,-1.9754030308841604,-0.6623022950527235,-0.7046759588907615,-2.171750357639158,-0.6853343174217185,-0.25590148659031947,0,0,-0.25590148659031947,-0.2329560612564981,-0.5617612288773081,-0.031249899155068366,-1.5528958480695747,-0.9868764933146533,,,,-0.94,-2.43,-0.0005263157894736555,1.5883408773094034,0.0,1.6519701587514848,-0.5914811471716093,-1.4709708811184155,-1.5144,28.4214,2.6315789473564445e-06,0.8915402837564074,34.09234210526316,90.67670377449419,-1.6986362357045468,-0.0625402321567218,-0.3058,-0.2961,-0.0213,-0.1065,-0.4441,-0.4671,-0.1627,-0.7297,-1.0739,-0.4889,90.945,-2.631578947371053e-06,0.6864820690112515,1.3157894736840656e-05,0.861921712495305,7.894736842110237e-06,1.6974713260933045,139.1297105263158,26.52112193614323,-1.0629518254891124,-1.245952088601767,-0.28802129804575466,-1.8168428410507484,-1.1552769893040602,-1.2215693697499574,1.7529837230923523e-17,0.6690628109463618,-1.1686558153949016e-17,0.6579485908117413,-1.7267093169772334,-1.85663346165519
Premier,Pixie Gangstereo,39,2,Quasars,Galaxy Squad,Lunar,RSC002533,1.0,2.0,[2],245.256,0.872,0.538,1.333,2.308,37.782,0.556,0.444,1.504,2,0,6,64,38.0,213.16,32.1,8,5.13,26.97,26.97,1,1,1.44,0.95,1.4,3.0,2.4,247.49997368421052,29.558754759719395,0.8177368421052632,0.1954365431278352,0.6115526315789473,0.12572271019092962,2.5564473684210527,0.3766032895443033,31.791552631578945,4.974454568484047,1.279078947368421,0.26283911239438357,0.38276919127086007,0.11243580503847198,0.3613878048780488,0.10020129355867154,1.3154210526315788,0.351038816024124,31.275526315789474,12.252864794057384,1.0,0.0,1.0,0.0,31.275526315789474,12.252864794057384,1.739473684210526,0.25530000760547783,0.9321052631578948,0.28107090472879614,1.0992105263157896,2.8547460544787304,3.8202631578947375,1.2301296060965137,3.65078947368421,1.277555481587728,-0.07591570424571628,0.27765103202446234,-0.5850385460768872,-0.6597057840935978,1.2042420502488629,0.20514851134739712,-1.5407085729485006,-0.8244623615919564,-0.5372025507158208,-0.35138935980732006,0,0,-0.35138935980732006,-1.1730265385393608,-0.06366627260609463,0.10536470423080546,-0.6668103538273683,-0.9790490446095904,,,,-0.89,-1.18,-0.0005263157894736555,1.5883408773094034,0.0,1.6519701587514848,-0.5600017583865656,-0.7142986171686132,-0.6891,37.758,2.6315789473564445e-06,0.8915402837564074,34.09234210526316,90.67670377449419,-0.7729349353407665,0.04042557506118714,-0.1391,-0.2937,0.0137,-0.1008,-0.4406,-0.2126,-0.154,-0.5199,-0.8072,-1.5244,148.062,-2.631578947371053e-06,0.6864820690112515,1.3157894736840656e-05,0.861921712495305,7.894736842110237e-06,1.6974713260933045,139.1297105263158,26.52112193614323,-0.7573356856499793,-0.9365272346577925,-0.8980463300344729,0.3367990801894099,-0.3576736532980369,-0.4688943442032029,1.7529837230923523e-17,0.6690628109463618,-1.1686558153949016e-17,0.6579485908117413,-0.5345890512015191,-0.7126610661551939
Premier,Skadaddy,27,2,Quasars,Galaxy Squad,Lunar,,,,,281.667,0.889,0.259,1.519,2.741,32.433,0.222,0.148,0.716,0,0,5,64,38.0,215.84,65.83,5,4.63,61.2,61.2,1,1,1.85,0.49,3.1,10.26,6.84,247.49997368421052,29.558754759719395,0.8177368421052632,0.1954365431278352,0.6115526315789473,0.12572271019092962,2.5564473684210527,0.3766032895443033,31.791552631578945,4.974454568484047,1.279078947368421,0.26283911239438357,0.38276919127086007,0.11243580503847198,0.3613878048780488,0.10020129355867154,1.3154210526315788,0.351038816024124,31.275526315789474,12.252864794057384,1.0,0.0,1.0,0.0,31.275526315789474,12.252864794057384,1.739473684210526,0.25530000760547783,0.9321052631578948,0.28107090472879614,1.0992105263157896,2.8547460544787304,3.8202631578947375,1.2301296060965137,3.65078947368421,1.277555481587728,1.1559020869969088,0.36463578793513307,-2.8042080149524375,0.4900451926542102,0.12894828158346905,0.9128057481474954,1.4298753961502737,2.1295913186300575,1.7075634524427794,2.442243033541335,0,0,2.442243033541335,0.43292719348553016,1.5729314408564623,0.7008642574512812,5.235006791308795,2.496338180438382,,,,4.15,4.57,-0.0005263157894736555,1.5883408773094034,0.0,1.6519701587514848,2.613120631145833,2.7663937970004766,4.0748,189.72,2.6315789473564445e-06,0.8915402837564074,34.09234210526316,90.67670377449419,4.570514022375231,1.7162915215993135,0.8227,0.7489,0.5835,0.4704,1.1234,1.2569,0.7186,2.6255,3.0989,2.8752,148.743,-2.631578947371053e-06,0.6864820690112515,1.3157894736840656e-05,0.861921712495305,7.894736842110237e-06,1.6974713260933045,139.1297105263158,26.52112193614323,3.8245756882776134,3.5953228665441506,1.6938089386642858,0.36247672692093486,1.8644290813393436,1.9751349135886254,1.7529837230923523e-17,0.6690628109463618,-1.1686558153949016e-17,0.6579485908117413,2.7866278783335536,3.0019593341659276
Premier,Skull,54,2,Quasars,Galaxy Squad,Lunar,RSC007043,2.0,1.0,"[1, 2]",220.185,0.741,0.481,1.481,2.5,29.64,0.457,0.37,1.272,3,0,7,64,38.0,207.57,12.62,10,4.63,7.99,7.99,1,1,1.76,0.82,1.81,4.0,3.24,247.49997368421052,29.558754759719395,0.8177368421052632,0.1954365431278352,0.6115526315789473,0.12572271019092962,2.5564473684210527,0.3766032895443033,31.791552631578945,4.974454568484047,1.279078947368421,0.26283911239438357,0.38276919127086007,0.11243580503847198,0.3613878048780488,0.10020129355867154,1.3154210526315788,0.351038816024124,31.275526315789474,12.252864794057384,1.0,0.0,1.0,0.0,31.275526315789474,12.252864794057384,1.739473684210526,0.25530000760547783,0.9321052631578948,0.28107090472879614,1.0992105263157896,2.8547460544787304,3.8202631578947375,1.2301296060965137,3.65078947368421,1.277555481587728,-0.924090811884723,-0.3926432635224702,-1.0384172547718924,-0.14988548955415396,-0.4325203099069864,0.768230613747476,-0.6602061389940732,-0.08594894153645291,0.12369302381818321,-1.900414858660883,0,0,-1.900414858660883,0.08040076450445639,0.3988504725028889,0.24898518471339084,0.14611211795447243,-0.32154335338429807,,,,-1.78,-1.99,-0.0005263157894736555,1.5883408773094034,0.0,1.6519701587514848,-1.1203348787603424,-1.204622244208085,-0.4887,14.4619,2.6315789473564445e-06,0.8915402837564074,34.09234210526316,90.67670377449419,-0.548155412024516,-0.21648826311642866,-0.0987,-0.0965,-0.0736,-0.2017,-0.1447,-0.1507,-0.3081,-0.4705,-0.6034999999999999,-1.82,128.74,-2.631578947371053e-06,0.6864820690112515,1.3157894736840656e-05,0.861921712495305,7.894736842110237e-06,1.6974713260933045,139.1297105263158,26.52112193614323,-0.6853745926659318,-0.7001948658974341,-1.0721877104843667,-0.3917523003488245,-0.6723652175500664,-0.6784338250007984,1.7529837230923523e-17,0.6690628109463618,-1.1686558153949016e-17,0.6579485908117413,-1.0049358693229915,-1.0311350073168841
Premier,Clark,19,2,Sharks,The Aquarium,Solar,RSC001198,1.0,2.0,[2],204.211,0.526,0.632,1.053,2.211,23.79,0.649,0.544,2.123,0,1,3,64,38.0,166.33,37.88,4,5.26,32.62,32.62,1,1,1.68,1.47,0.72,1.94,1.62,247.49997368421052,29.558754759719395,0.8177368421052632,0.1954365431278352,0.6115526315789473,0.12572271019092962,2.5564473684210527,0.3766032895443033,31.791552631578945,4.974454568484047,1.279078947368421,0.26283911239438357,0.38276919127086007,0.11243580503847198,0.3613878048780488,0.10020129355867154,1.3154210526315788,0.351038816024124,31.275526315789474,12.252864794057384,1.0,0.0,1.0,0.0,31.275526315789474,12.252864794057384,1.739473684210526,0.25530000760547783,0.9321052631578948,0.28107090472879614,1.0992105263157896,2.8547460544787304,3.8202631578947375,1.2301296060965137,3.65078947368421,1.277555481587728,-1.464505999528833,-1.4927445882750692,0.16263862264820833,-0.9172712453973791,-1.6085286379482202,-0.8601419526527513,-2.367847223026901,-1.8224534697750694,-2.300540312080255,0.10972729290725469,0,0,0.10972729290725469,-0.2329560612564981,-1.9137332530420288,-0.13283511705738485,-1.5285081739161195,-1.5895900436045045,,,,-2.19,-1.71,-0.0005263157894736555,1.5883408773094034,0.0,1.6519701587514848,-1.3784658667977003,-1.0351276570833292,-1.2966,23.4864,2.6315789473564445e-06,0.8915402837564074,34.09234210526316,90.67670377449419,-1.4543399274296998,-0.11696435428044781,-0.2618,-0.4769,-0.0398,-0.2481,-0.7153,-0.3999,-0.3791,-1.0266,-1.4943,-0.1232,98.5,-2.631578947371053e-06,0.6864820690112515,1.3157894736840656e-05,0.861921712495305,7.894736842110237e-06,1.6974713260933045,139.1297105263158,26.52112193614323,-1.4954467345369606,-1.7336994024302137,-0.07258319645398816,-1.5319755560923403,-1.12588510787671,-1.262410928314285,1.7529837230923523e-17,0.6690628109463618,-1.1686558153949016e-17,0.6579485908117413,-1.6827793885064273,-1.9187075494101915
Premier,Havs,46,2,Sharks,The Aquarium,Solar,RSC001325,2.0,1.0,"[1, 2]",265.217,1.022,0.478,1.326,2.674,38.22,0.449,0.428,1.457,3,0,8,64,38.0,228.42,36.8,11,5.98,30.82,30.82,1,1,1.65,1.01,1.31,3.1,2.95,247.49997368421052,29.558754759719395,0.8177368421052632,0.1954365431278352,0.6115526315789473,0.12572271019092962,2.5564473684210527,0.3766032895443033,31.791552631578945,4.974454568484047,1.279078947368421,0.26283911239438357,0.38276919127086007,0.11243580503847198,0.3613878048780488,0.10020129355867154,1.3154210526315788,0.351038816024124,31.275526315789474,12.252864794057384,1.0,0.0,1.0,0.0,31.275526315789474,12.252864794057384,1.739473684210526,0.25530000760547783,0.9321052631578948,0.28107090472879614,1.0992105263157896,2.8547460544787304,3.8202631578947375,1.2301296060965137,3.65078947368421,1.277555481587728,0.5993833793003011,1.0451635841774387,-1.0622792920716295,0.31213915237221646,1.292291904553489,0.1785162497473938,-0.5890544271593721,-0.6647837842826583,-0.40331422311625986,-0.03717712742659194,0,0,-0.03717712742659194,-0.350464870916856,-0.27713553957947185,0.07383825729560385,-0.5855181066491841,-0.5485393658311252,,,,-0.44,-0.7,-0.0005263157894736555,1.5883408773094034,0.0,1.6519701587514848,-0.276687259321173,-0.4237364678118892,-0.5095,40.3742,2.6315789473564445e-06,0.8915402837564074,34.09234210526316,90.67670377449419,-0.5714858216301946,0.06927752811085117,-0.1029,-0.1646,0.0236,-0.0498,-0.2468,-0.1572,-0.0761,-0.2937,-0.4801,-0.3876,167.16,-2.631578947371053e-06,0.6864820690112515,1.3157894736840656e-05,0.861921712495305,7.894736842110237e-06,1.6974713260933045,139.1297105263158,26.52112193614323,-0.4278296283019723,-0.5570264107917482,-0.22834429588210703,1.056904362536951,0.21992500778696064,0.10287237518489734,1.7529837230923523e-17,0.6690628109463618,-1.1686558153949016e-17,0.6579485908117413,0.32870607092312565,0.15635321151456377
Premier,Leveled,52,2,Sharks,The Aquarium,Solar,RSC003546,3.0,1.0,"[1, 2, 15]",215.096,0.5,0.577,1.269,2.192,22.81,0.436,0.41,1.66,2,1,5,64,38.0,173.1,42.0,8,3.85,38.15,38.15,1,1,1.69,1.22,1.04,3.1,2.91,247.49997368421052,29.558754759719395,0.8177368421052632,0.1954365431278352,0.6115526315789473,0.12572271019092962,2.5564473684210527,0.3766032895443033,31.791552631578945,4.974454568484047,1.279078947368421,0.26283911239438357,0.38276919127086007,0.11243580503847198,0.3613878048780488,0.10020129355867154,1.3154210526315788,0.351038816024124,31.275526315789474,12.252864794057384,1.0,0.0,1.0,0.0,31.275526315789474,12.252864794057384,1.739473684210526,0.25530000760547783,0.9321052631578948,0.28107090472879614,1.0992105263157896,2.8547460544787304,3.8202631578947375,1.2301296060965137,3.65078947368421,1.277555481587728,-1.096256386563631,-1.6257800973149186,-0.2748320611803055,-0.9677222120445107,-1.8055351612782047,-0.038346451852637006,-0.4734328954279825,-0.4851453848096978,-0.981597850833513,0.5610503175995732,0,0,0.5610503175995732,-0.19378645803637878,-1.0242779739862913,-0.020741083510001136,-0.5855181066491841,-0.5798491606513771,,,,-0.42,0.08,-0.0005263157894736555,1.5883408773094034,0.0,1.6519701587514848,-0.2640955038071555,0.048427024892787336,-0.2876,39.676,2.6315789473564445e-06,0.8915402837564074,34.09234210526316,90.67670377449419,-0.32259073069268973,0.06157764521991185,-0.0581,-0.174,0.0209,-0.0475,-0.2609,-0.0887,-0.0726,-0.2587,-0.4222,0.3673,94.73,-2.631578947371053e-06,0.6864820690112515,1.3157894736840656e-05,0.861921712495305,7.894736842110237e-06,1.6974713260933045,139.1297105263158,26.52112193614323,-0.3768450482525459,-0.48985093631347254,0.2163760292248784,-1.674126405105338,-0.7355879000747583,-0.74669563334934,1.7529837230923523e-17,0.6690628109463618,-1.1686558153949016e-17,0.6579485908117413,-1.0994302598201497,-1.1348844632801893
Premier,PlantingCargo85,18,2,Sharks,The Aquarium,Solar,RSC001573,5.0,2.0,"[2, 7, 8, 9, 12]",384.722,1.611,1.0,1.389,3.5,46.029,0.259,0.111,1.13,5,0,2,64,38.0,325.27,59.45,7,9.72,49.73,49.73,1,1,1.89,0.87,1.6,12.51,5.36,247.49997368421052,29.558754759719395,0.8177368421052632,0.1954365431278352,0.6115526315789473,0.12572271019092962,2.5564473684210527,0.3766032895443033,31.791552631578945,4.974454568484047,1.279078947368421,0.26283911239438357,0.38276919127086007,0.11243580503847198,0.3613878048780488,0.10020129355867154,1.3154210526315788,0.351038816024124,31.275526315789474,12.252864794057384,1.0,0.0,1.0,0.0,31.275526315789474,12.252864794057384,1.739473684210526,0.25530000760547783,0.9321052631578948,0.28107090472879614,1.0992105263157896,2.8547460544787304,3.8202631578947375,1.2301296060965137,3.65078947368421,1.277555481587728,4.642348009287118,4.058929538964792,3.089715198082626,2.505428544505447,2.86211225219007,0.41820660414742694,1.1007987289147807,2.498848028657809,0.5282066944381344,1.5061354217473213,0,0,1.5061354217473213,0.5896056063660066,0.22095941669174127,0.17542347519792031,7.064082352817937,1.3378757720890584,,,,2.03,4.0,-0.0005263157894736555,1.5883408773094034,0.0,1.6519701587514848,1.2783945466599822,2.4213512446393666,4.882,79.568,2.6315789473564445e-06,0.8915402837564074,34.09234210526316,90.67670377449419,5.4759133797648385,0.5015142368632104,0.9857,0.4014,0.1705,0.2301,0.602,1.5059,0.3516,1.7876999999999998,2.4595,2.0957,242.129,-2.631578947371053e-06,0.6864820690112515,1.3157894736840656e-05,0.861921712495305,7.894736842110237e-06,1.6974713260933045,139.1297105263158,26.52112193614323,2.6041505121230584,2.853492151839324,1.2345964689055162,3.8836701449389217,2.7461787735806675,2.8358212654510653,1.7529837230923523e-17,0.6690628109463618,-1.1686558153949016e-17,0.6579485908117413,4.104515642853189,4.31009550754168
Premier,Kri0s,60,2,Tide Pods,Cleanup Crew,Solar,RSC002888,19.0,1.0,"[1, 2, 8, 9, 10, 11, 12, 13, 14, 15, 16, 17, 18, 19, 20, 21, 22, 23, 24]",255.167,0.833,0.433,1.75,2.4,34.708,0.394,0.361,1.417,1,0,15,64,38.0,228.7,26.47,16,6.67,19.8,19.8,1,1,1.57,1.02,1.72,4.85,4.44,247.49997368421052,29.558754759719395,0.8177368421052632,0.1954365431278352,0.6115526315789473,0.12572271019092962,2.5564473684210527,0.3766032895443033,31.791552631578945,4.974454568484047,1.279078947368421,0.26283911239438357,0.38276919127086007,0.11243580503847198,0.3613878048780488,0.10020129355867154,1.3154210526315788,0.351038816024124,31.275526315789474,12.252864794057384,1.0,0.0,1.0,0.0,31.275526315789474,12.252864794057384,1.739473684210526,0.25530000760547783,0.9321052631578948,0.28107090472879614,1.0992105263157896,2.8547460544787304,3.8202631578947375,1.2301296060965137,3.65078947368421,1.277555481587728,0.2593825882759301,0.07809776846468837,-1.420209851567686,-0.41541689296011436,0.586284853599504,1.7916703809476182,-0.09988640829580155,0.0038702582000273073,-0.28936671026556937,-0.9365586341371432,0,0,-0.9365586341371432,-0.6638216966778097,-0.3127137507417014,0.21745873777818917,0.8370962189690367,0.6177504912232622,,,,-1.23,-0.93,-0.0005263157894736555,1.5883408773094034,0.0,1.6519701587514848,-0.7740616021248624,-0.5629641643786528,0.1791,34.056,2.6315789473564445e-06,0.8915402837564074,34.09234210526316,90.67670377449419,0.20088533483472615,-0.00040078767478733397,0.0362,0.1853,-0.0001,-0.1393,0.278,0.0552,-0.2129,0.0821,0.12030000000000005,-1.6004,142.00799999999998,-2.631578947371053e-06,0.6864820690112515,1.3157894736840656e-05,0.861921712495305,7.894736842110237e-06,1.6974713260933045,139.1297105263158,26.52112193614323,0.11959909120015443,0.1395565749898874,-0.9428188094464889,0.10852819426774067,-0.17168210074740475,-0.13138373433481573,1.7529837230923523e-17,0.6690628109463618,-1.1686558153949016e-17,0.6579485908117413,-0.2566008720535035,-0.19968693020942807
Premier,Pixel,20,2,Tide Pods,Cleanup Crew,Solar,RSC001570,3.0,2.0,"[2, 17, 18]",164.25,0.4,0.4,1.0,2.2,18.182,0.433,0.483,1.383,0,0,1,64,38.0,139.0,25.25,1,1.25,24.0,24.0,1,1,1.8,0.95,1.05,2.07,2.31,247.49997368421052,29.558754759719395,0.8177368421052632,0.1954365431278352,0.6115526315789473,0.12572271019092962,2.5564473684210527,0.3766032895443033,31.791552631578945,4.974454568484047,1.279078947368421,0.26283911239438357,0.38276919127086007,0.11243580503847198,0.3613878048780488,0.10020129355867154,1.3154210526315788,0.351038816024124,31.275526315789474,12.252864794057384,1.0,0.0,1.0,0.0,31.275526315789474,12.252864794057384,1.739473684210526,0.25530000760547783,0.9321052631578948,0.28107090472879614,1.0992105263157896,2.8547460544787304,3.8202631578947375,1.2301296060965137,3.65078947368421,1.277555481587728,-2.8164235726755904,-2.137455132083569,-1.6826922618647937,-0.9464796997720338,-2.735888416350825,-1.0617862190527791,-0.44675100348996954,-1.2136788937833702,-0.1925113243424825,-0.5937816533581673,0,0,-0.5937816533581673,0.23707917738493364,-0.06366627260609463,-0.017238144961645392,-1.4228282525844804,-1.0494960829551574,,,,-0.79,-1.81,-0.0005263157894736555,1.5883408773094034,0.0,1.6519701587514848,-0.4970429808164784,-1.0956614381993135,-1.2691,25.2,2.6315789473564445e-06,0.8915402837564074,34.09234210526316,90.67670377449419,-1.4234944339606532,-0.09806644634301784,-0.2562,-0.3148,-0.0333,-0.0895,-0.4723,-0.3915,-0.1367,-0.6938000000000001,-1.0005,-0.3567,80.182,-2.631578947371053e-06,0.6864820690112515,1.3157894736840656e-05,0.861921712495305,7.894736842110237e-06,1.6974713260933045,139.1297105263158,26.52112193614323,-1.0106562133812722,-1.1607935423719666,-0.21014074833169524,-2.222670317954434,-1.279322679647151,-1.3149125110119897,1.7529837230923523e-17,0.6690628109463618,-1.1686558153949016e-17,0.6579485908117413,-1.9121114770040826,-1.998503423177367
Premier,alaindodger,56,2,Tide Pods,Cleanup Crew,Solar,RSC001099,2.0,2.0,"[2, 9]",279.464,0.929,0.482,1.464,3.036,30.599,0.375,0.315,1.357,2,0,10,64,38.0,230.81,48.65,12,5.36,43.29,43.29,1,1,2.11,0.98,1.49,4.65,3.9,247.49997368421052,29.558754759719395,0.8177368421052632,0.1954365431278352,0.6115526315789473,0.12572271019092962,2.5564473684210527,0.3766032895443033,31.791552631578945,4.974454568484047,1.279078947368421,0.26283911239438357,0.38276919127086007,0.11243580503847198,0.3613878048780488,0.10020129355867154,1.3154210526315788,0.351038816024124,31.275526315789474,12.252864794057384,1.0,0.0,1.0,0.0,31.275526315789474,12.252864794057384,1.739473684210526,0.25530000760547783,0.9321052631578948,0.28107090472879614,1.0992105263157896,2.8547460544787304,3.8202631578947375,1.2301296060965137,3.65078947368421,1.277555481587728,1.081372560367388,0.5693058018425936,-1.0304632423386468,1.2733628327017925,-0.23973535493407316,0.7035522641474665,0.06909890731161389,0.462946167964259,-0.1184454409895337,0.9805440512195582,0,0,0.9805440512195582,1.4513368772086306,-0.17040090609278322,0.13689115116600714,0.6745117246126692,0.19506826114985976,,,,0.86,1.44,-0.0005263157894736555,1.5883408773094034,0.0,1.6519701587514848,0.5417768490899615,0.871686448070172,0.7672,64.5021,2.6315789473564445e-06,0.8915402837564074,34.09234210526316,90.67670377449419,0.8605302333491321,0.3353646154845186,0.1549,0.0585,0.114,0.0975,0.0878,0.2366,0.149,0.42490000000000006,0.47340000000000004,2.4319,153.859,-2.631578947371053e-06,0.6864820690112515,1.3157894736840656e-05,0.861921712495305,7.894736842110237e-06,1.6974713260933045,139.1297105263158,26.52112193614323,0.6189566352271078,0.5492225514713922,1.4326557791465662,0.5553795766690777,0.8132245806621495,0.7634630551846007,1.7529837230923523e-17,0.6690628109463618,-1.1686558153949016e-17,0.6579485908117413,1.2154682151768037,1.16036885836731
Premier,wayprotein,44,2,Tide Pods,Cleanup Crew,Solar,RSC001797,2.0,1.0,"[1, 2]",224.205,0.727,0.614,1.068,2.5,29.08,0.2,0.2967365853658537,0.333,2,2,3,64,38.0,189.28,34.93,7,3.98,30.95,30.95,1,1,1.77,0.13,8.22,3.6,5.34,247.49997368421052,29.558754759719395,0.8177368421052632,0.1954365431278352,0.6115526315789473,0.12572271019092962,2.5564473684210527,0.3766032895443033,31.791552631578945,4.974454568484047,1.279078947368421,0.26283911239438357,0.38276919127086007,0.11243580503847198,0.3613878048780488,0.10020129355867154,1.3154210526315788,0.351038816024124,31.275526315789474,12.252864794057384,1.0,0.0,1.0,0.0,31.275526315789474,12.252864794057384,1.739473684210526,0.25530000760547783,0.9321052631578948,0.28107090472879614,1.0992105263157896,2.8547460544787304,3.8202631578947375,1.2301296060965137,3.65078947368421,1.277555481587728,-0.788090495474974,-0.4642777683900814,0.019466398849785613,-0.14988548955415396,-0.5450954660955494,-0.8030728206527429,1.625542603695702,0.6452134220636527,2.7986108879881395,-0.02656736373581419,0,0,-0.02656736373581419,0.1195703677245757,2.853747042696724,2.4943687942094206,-0.1790568707582638,1.322220874678932,,,,2.77,0.62,-0.0005263157894736555,1.5883408773094034,0.0,1.6519701587514848,1.744289500678628,0.37530944291910184,0.0815,254.409,2.6315789473564445e-06,0.8915402837564074,34.09234210526316,90.67670377449419,0.0914118743773107,2.4296941631518387,0.0165,0.3967,0.8261,0.314,0.595,0.0251,0.4797,1.5533,1.0998,0.093,126.78,-2.631578947371053e-06,0.6864820690112515,1.3157894736840656e-05,0.861921712495305,7.894736842110237e-06,1.6974713260933045,139.1297105263158,26.52112193614323,2.2626994960206144,1.2759706898684884,0.054782725241773196,-0.46565565951738597,0.5752199056951272,0.35590009257916194,1.7529837230923523e-17,0.6690628109463618,-1.1686558153949016e-17,0.6579485908117413,0.8597397677528995,0.540923861756542
Premier,Lucho.,16,2,Wheelchairs,The Quad Dynasty,Solar,RSC003669,1.0,2.0,[2],180.625,0.5,0.688,1.438,1.562,32.01,0.708,0.646,1.854,0,1,3,64,38.0,181.99,-1.37,4,6.25,-7.62,-7.62,1,1,1.06,1.15,1.25,2.23,2.03,247.49997368421052,29.558754759719395,0.8177368421052632,0.1954365431278352,0.6115526315789473,0.12572271019092962,2.5564473684210527,0.3766032895443033,31.791552631578945,4.974454568484047,1.279078947368421,0.26283911239438357,0.38276919127086007,0.11243580503847198,0.3613878048780488,0.10020129355867154,1.3154210526315788,0.351038816024124,31.275526315789474,12.252864794057384,1.0,0.0,1.0,0.0,31.275526315789474,12.252864794057384,1.739473684210526,0.25530000760547783,0.9321052631578948,0.28107090472879614,1.0992105263157896,2.8547460544787304,3.8202631578947375,1.2301296060965137,3.65078947368421,1.277555481587728,-2.262442184314985,-1.6257800973149186,0.608063318909967,-2.64057005350206,0.04391383324817948,0.6046324353474527,-2.892591097807822,-2.840404400121844,-1.5342432881593617,-3.174402637222744,0,0,-3.174402637222744,-2.6614714609038925,-0.7752304958506845,0.05282062600546939,-1.2927606570993857,-1.2686646466969216,,,,-4.71,-6.01,-0.0005263157894736555,1.5883408773094034,0.0,1.6519701587514848,-2.9650270615638994,-3.6380802450706486,-2.3951,-9.525,2.6315789473564445e-06,0.8915402837564074,34.09234210526316,90.67670377449419,-2.6864771847296054,-0.4810203755722754,-0.4836,-0.3806,-0.1635,-0.5337,-0.5709,-0.7388,-0.8154,-1.5614,-2.1250999999999998,-5.8359,97.63,-2.631578947371053e-06,0.6864820690112515,1.3157894736840656e-05,0.861921712495305,7.894736842110237e-06,1.6974713260933045,139.1297105263158,26.52112193614323,-2.274491117692196,-2.4655524128083877,-3.4380008693095654,-1.564779598172263,-2.304754142820913,-2.3746618290996655,1.7529837230923523e-17,0.6690628109463618,-1.1686558153949016e-17,0.6579485908117413,-3.4447500370868513,-3.6091905389901915
Premier,Pizzle,55,2,Wheelchairs,The Quad Dynasty,Solar,RSC001571,1.0,2.0,[2],239.727,1.055,0.545,0.982,2.782,37.922,0.624,0.461,1.588,6,2,4,64,38.0,216.54,23.19,12,5.45,17.74,17.74,1,1,1.73,0.96,1.02,2.13,1.57,247.49997368421052,29.558754759719395,0.8177368421052632,0.1954365431278352,0.6115526315789473,0.12572271019092962,2.5564473684210527,0.3766032895443033,31.791552631578945,4.974454568484047,1.279078947368421,0.26283911239438357,0.38276919127086007,0.11243580503847198,0.3613878048780488,0.10020129355867154,1.3154210526315788,0.351038816024124,31.275526315789474,12.252864794057384,1.0,0.0,1.0,0.0,31.275526315789474,12.252864794057384,1.739473684210526,0.25530000760547783,0.9321052631578948,0.28107090472879614,1.0992105263157896,2.8547460544787304,3.8202631578947375,1.2301296060965137,3.65078947368421,1.277555481587728,-0.26296688569584054,1.214016345651093,-0.5293604590441673,0.5989130680506537,1.2323858392960036,-1.1302691774527887,-2.1454981235434603,-0.9941208499830857,-0.7764923277022708,-1.104682581852546,0,0,-1.104682581852546,-0.03710804515590154,-0.09924448376832416,-0.027746960606712622,-1.3740529042775698,-1.6287272871298195,,,,-1.88,-2.1,-0.0005263157894736555,1.5883408773094034,0.0,1.6519701587514848,-1.1832936563304295,-1.2712094034356676,-1.3257,18.0948,2.6315789473564445e-06,0.8915402837564074,34.09234210526316,90.67670377449419,-1.4869800677914908,-0.1764239483720955,-0.2677,-0.4886,-0.06,-0.213,-0.7329,-0.4089,-0.3254,-1.0293,-1.4672,-1.1418,171.242,-2.631578947371053e-06,0.6864820690112515,1.3157894736840656e-05,0.861921712495305,7.894736842110237e-06,1.6974713260933045,139.1297105263158,26.52112193614323,-1.4993798307122024,-1.7022580318194838,-0.6726522428892449,1.2108194197441275,-0.19208368181747187,-0.4064447599133264,1.7529837230923523e-17,0.6690628109463618,-1.1686558153949016e-17,0.6579485908117413,-0.28709364602970155,-0.6177454676388575
Premier,Rocket van Persie,42,2,Wheelchairs,The Quad Dynasty,Solar,RSC001625,1.0,2.0,[2],277.976,1.262,0.619,1.119,3.119,40.462,0.643,0.5,1.754,4,1,2,64,38.0,252.12,25.86,7,4.17,21.69,21.69,1,1,1.86,1.11,1.01,2.24,1.74,247.49997368421052,29.558754759719395,0.8177368421052632,0.1954365431278352,0.6115526315789473,0.12572271019092962,2.5564473684210527,0.3766032895443033,31.791552631578945,4.974454568484047,1.279078947368421,0.26283911239438357,0.38276919127086007,0.11243580503847198,0.3613878048780488,0.10020129355867154,1.3154210526315788,0.351038816024124,31.275526315789474,12.252864794057384,1.0,0.0,1.0,0.0,31.275526315789474,12.252864794057384,1.739473684210526,0.25530000760547783,0.9321052631578948,0.28107090472879614,1.0992105263157896,2.8547460544787304,3.8202631578947375,1.2301296060965137,3.65078947368421,1.277555481587728,1.031032144741093,2.2731836676222006,0.059236461016014146,1.4937538975287399,1.7429945834369849,-0.6090377718527161,-2.3144834391508753,-1.3833373821744994,-1.2493745060326356,-0.782308992786604,0,0,-0.782308992786604,0.47209679670564947,-0.6329176512017671,-0.031249899155068366,-1.284631432381567,-1.4956606591437485,,,,-2.03,-2.17,-0.0005263157894736555,1.5883408773094034,0.0,1.6519701587514848,-1.2777318226855605,-1.3135830502168564,-1.2982,21.9069,2.6315789473564445e-06,0.8915402837564074,34.09234210526316,90.67670377449419,-1.4561345743224443,-0.1343833818173121,-0.2621,-0.4487,-0.0457,-0.23,-0.673,-0.4004,-0.3514,-0.9864999999999999,-1.4247999999999998,-0.3102,197.85200000000003,-2.631578947371053e-06,0.6864820690112515,1.3157894736840656e-05,0.861921712495305,7.894736842110237e-06,1.6974713260933045,139.1297105263158,26.52112193614323,-1.4370329728231892,-1.6530656290927326,-0.18274706027039594,2.2141706378438295,0.36210566783287257,0.09201588352179058,1.7529837230923523e-17,0.6690628109463618,-1.1686558153949016e-17,0.6579485908117413,0.5412132641488309,0.13985269488649013
Premier,Speedy,28,2,Wheelchairs,The Quad Dynasty,Solar,,,,,266.071,0.75,1.179,1.321,2.464,30.438,0.821,0.595,2.214,2,3,5,64,38.0,233.89,32.18,10,8.93,23.25,23.25,1,1,1.71,1.39,0.95,2.22,1.61,247.49997368421052,29.558754759719395,0.8177368421052632,0.1954365431278352,0.6115526315789473,0.12572271019092962,2.5564473684210527,0.3766032895443033,31.791552631578945,4.974454568484047,1.279078947368421,0.26283911239438357,0.38276919127086007,0.11243580503847198,0.3613878048780488,0.10020129355867154,1.3154210526315788,0.351038816024124,31.275526315789474,12.252864794057384,1.0,0.0,1.0,0.0,31.275526315789474,12.252864794057384,1.739473684210526,0.25530000760547783,0.9321052631578948,0.28107090472879614,1.0992105263157896,2.8547460544787304,3.8202631578947375,1.2301296060965137,3.65078947368421,1.277555481587728,0.628274988806254,-0.3465925103932916,4.513483423633606,-0.24547679478029968,-0.27210071233828514,0.1594932057473907,-3.897609027472976,-2.3314289349484563,-2.5597709038155747,-0.6549918284972702,0,0,-0.6549918284972702,-0.11544725159614017,-1.6291075637441925,-0.052267530445202826,-1.3008898818172039,-1.5974174923095676,,,,-3.21,-2.99,-0.0005263157894736555,1.5883408773094034,0.0,1.6519701587514848,-2.0206453980125905,-1.8099600553679267,-1.5402,22.0875,2.6315789473564445e-06,0.8915402837564074,34.09234210526316,90.67670377449419,-1.7275749168500523,-0.13239169053959277,-0.311,-0.4792,-0.045,-0.3637,-0.7188,-0.4751,-0.5557,-1.1989,-1.7496,-0.7704,130.078,-2.631578947371053e-06,0.6864820690112515,1.3157894736840656e-05,0.861921712495305,7.894736842110237e-06,1.6974713260933045,139.1297105263158,26.52112193614323,-1.7464365386088512,-2.0298979971504862,-0.45385620534157717,-0.34130194597763347,-0.8353860115742001,-1.043753388694121,1.7529837230923523e-17,0.6690628109463618,-1.1686558153949016e-17,0.6579485908117413,-1.2485913099736945,-1.5863752932526152
Premier,Azurified,36,2,White Noise,Studio City,Lunar,RSC001118,3.0,2.0,"[2, 22, 23]",219.583,0.778,0.333,1.056,2.667,29.171,0.296,0.222,1.176,2,0,4,64,38.0,181.31,38.27,6,4.17,34.1,34.1,1,1,1.89,0.88,1.2,4.76,3.57,247.49997368421052,29.558754759719395,0.8177368421052632,0.1954365431278352,0.6115526315789473,0.12572271019092962,2.5564473684210527,0.3766032895443033,31.791552631578945,4.974454568484047,1.279078947368421,0.26283911239438357,0.38276919127086007,0.11243580503847198,0.3613878048780488,0.10020129355867154,1.3154210526315788,0.351038816024124,31.275526315789474,12.252864794057384,1.0,0.0,1.0,0.0,31.275526315789474,12.252864794057384,1.739473684210526,0.25530000760547783,0.9321052631578948,0.28107090472879614,1.0992105263157896,2.8547460544787304,3.8202631578947375,1.2301296060965137,3.65078947368421,1.277555481587728,-0.9444570284217053,-0.20332350065806926,-2.215611094892256,0.293551954133799,-0.5268020032149078,-0.8487281262527493,0.7717220616792881,1.3910778985745538,0.3971670546598403,0.230515371848418,0,0,0.230515371848418,0.5896056063660066,0.1853812055295117,0.03530593326369067,0.7639331965086712,-0.06323754611721934,,,,0.63,1.62,-0.0005263157894736555,1.5883408773094034,0.0,1.6519701587514848,0.3969716606787608,0.9806472540789436,0.8658,40.92,2.6315789473564445e-06,0.8915402837564074,34.09234210526316,90.67670377449419,0.9711253481145129,0.0752967147076353,0.1748,-0.019,0.0256,0.0715,-0.0285,0.2671,0.1092,0.2529,0.3478,0.8201,133.641,-2.631578947371053e-06,0.6864820690112515,1.3157894736840656e-05,0.861921712495305,7.894736842110237e-06,1.6974713260933045,139.1297105263158,26.52112193614323,0.36840384184135516,0.4035016603751673,0.4831257486691001,-0.20695619663192805,0.169234741295533,0.20284661304315688,1.7529837230923523e-17,0.6690628109463618,-1.1686558153949016e-17,0.6579485908117413,0.25294298013090494,0.3083016148615741
Premier,Finesser McFlex,40,2,White Noise,Studio City,Lunar,RSC000338,1.0,2.0,[2],247.5,0.75,0.6,1.15,2.425,30.928,0.183,0.233,0.792,2,1,2,64,38.0,194.8,52.7,5,3.12,49.58,49.58,1,1,1.67,0.61,1.89,4.94,6.28,247.49997368421052,29.558754759719395,0.8177368421052632,0.1954365431278352,0.6115526315789473,0.12572271019092962,2.5564473684210527,0.3766032895443033,31.791552631578945,4.974454568484047,1.279078947368421,0.26283911239438357,0.38276919127086007,0.11243580503847198,0.3613878048780488,0.10020129355867154,1.3154210526315788,0.351038816024124,31.275526315789474,12.252864794057384,1.0,0.0,1.0,0.0,31.275526315789474,12.252864794057384,1.739473684210526,0.25530000760547783,0.9321052631578948,0.28107090472879614,1.0992105263157896,2.8547460544787304,3.8202631578947375,1.2301296060965137,3.65078947368421,1.277555481587728,8.902874866499586e-07,-0.3465925103932916,-0.09188977521565428,-0.34903404210862454,-0.17359745067329255,-0.49109489905270004,1.776739991344442,1.2812988766744113,1.4910631780264674,1.4938933867195008,0,0,1.4938933867195008,-0.2721256644766174,1.1459929069097083,0.27700869310023674,0.9102592414294031,2.0580010529548542,,,,2.98,2.78,-0.0005263157894736555,1.5883408773094034,0.0,1.6519701587514848,1.8765029335758114,1.6828391150243598,1.2734,93.7062,2.6315789473564445e-06,0.8915402837564074,34.09234210526316,90.67670377449419,1.428311644041178,0.6574330055379142,0.2571,0.6174,0.2235,0.3378,0.9261,0.3928,0.516,1.4358,1.8349,1.2218,130.178,-2.631578947371053e-06,0.6864820690112515,1.3157894736840656e-05,0.861921712495305,7.894736842110237e-06,1.6974713260933045,139.1297105263158,26.52112193614323,2.0915369772832544,2.12883237016176,0.7197718668244532,-0.3375313664282173,0.7495330599747895,0.9027669041884147,1.7529837230923523e-17,0.6690628109463618,-1.1686558153949016e-17,0.6579485908117413,1.1202730860419605,1.372093377500254
Premier,Nebula,32,2,White Noise,Studio City,Lunar,,,,,205.781,0.375,0.812,0.938,2.25,16.667,0.595,0.369,1.869,0,2,2,64,38.0,154.07,51.71,4,3.12,48.59,48.59,1,1,1.88,1.27,0.74,2.54,1.58,247.49997368421052,29.558754759719395,0.8177368421052632,0.1954365431278352,0.6115526315789473,0.12572271019092962,2.5564473684210527,0.3766032895443033,31.791552631578945,4.974454568484047,1.279078947368421,0.26283911239438357,0.38276919127086007,0.11243580503847198,0.3613878048780488,0.10020129355867154,1.3154210526315788,0.351038816024124,31.275526315789474,12.252864794057384,1.0,0.0,1.0,0.0,31.275526315789474,12.252864794057384,1.739473684210526,0.25530000760547783,0.9321052631578948,0.28107090472879614,1.0992105263157896,2.8547460544787304,3.8202631578947375,1.2301296060965137,3.65078947368421,1.277555481587728,-1.4113914480951752,-2.265373890775732,1.5943608606324347,-0.8137139980690543,-3.0404444192538107,-1.297671964652812,-1.8875731681426682,-0.07596903045462178,-1.5769736054783703,1.4130959555358855,0,0,1.4130959555358855,0.5504360031458873,-1.202169029797439,-0.12582923996067336,-1.040754690847015,-1.6208998384247564,,,,-0.16,1.34,-0.0005263157894736555,1.5883408773094034,0.0,1.6519701587514848,-0.10040268212492866,0.8111526669541879,-0.1704,35.9566,2.6315789473564445e-06,0.8915402837564074,34.09234210526316,90.67670377449419,-0.19113284579915393,0.020559391962163814,-0.0344,-0.4863,0.007,-0.0181,-0.7294,-0.0526,-0.0276,-0.5318,-0.8096,1.9635,76.667,-2.631578947371053e-06,0.6864820690112515,1.3157894736840656e-05,0.861921712495305,7.894736842110237e-06,1.6974713260933045,139.1297105263158,26.52112193614323,-0.7746704428667843,-0.939311710283835,1.1567159191914569,-2.3552061891164198,-0.8854104236109135,-0.9459870915894955,1.7529837230923523e-17,0.6690628109463618,-1.1686558153949016e-17,0.6579485908117413,-1.323359196064921,-1.4377826851523277
Premier,sean,36,2,White Noise,Studio City,Lunar,RSC002445,1.0,2.0,[2],275.972,0.917,0.278,1.25,3.167,28.955,0.455,0.242,1.182,3,0,3,64,38.0,208.52,67.45,6,4.17,63.28,63.28,1,1,2.25,0.73,1.71,5.17,2.75,247.49997368421052,29.558754759719395,0.8177368421052632,0.1954365431278352,0.6115526315789473,0.12572271019092962,2.5564473684210527,0.3766032895443033,31.791552631578945,4.974454568484047,1.279078947368421,0.26283911239438357,0.38276919127086007,0.11243580503847198,0.3613878048780488,0.10020129355867154,1.3154210526315788,0.351038816024124,31.275526315789474,12.252864794057384,1.0,0.0,1.0,0.0,31.275526315789474,12.252864794057384,1.739473684210526,0.25530000760547783,0.9321052631578948,0.28107090472879614,1.0992105263157896,2.8547460544787304,3.8202631578947375,1.2301296060965137,3.65078947368421,1.277555481587728,0.9632349720830984,0.5079047976703555,-2.653081778720769,1.6212089711635995,-0.5702238491733536,-0.1106340190526467,-0.642418211035398,1.1914796769379314,0.3800749277322367,2.6119992525937796,0,0,2.6119992525937796,1.999711322290301,0.7190543729629544,0.2139557992298334,1.097231409939226,-0.7050883399323853,,,,2.99,3.8,-0.0005263157894736555,1.5883408773094034,0.0,1.6519701587514848,1.8827988113328202,2.3002836824073984,1.6627,108.2088,2.6315789473564445e-06,0.8915402837564074,34.09234210526316,90.67670377449419,1.864971666132078,0.8173704469789576,0.3357,-0.2115,0.2779,0.3389,-0.3173,0.5129,0.5178,0.741,0.7134,4.6117,152.325,-2.631578947371053e-06,0.6864820690112515,1.3157894736840656e-05,0.861921712495305,7.894736842110237e-06,1.6974713260933045,139.1297105263158,26.52112193614323,1.0794202281877843,0.8276701140756435,2.716801182071731,0.49753888638102955,1.2887605490137481,1.1622143284246433,1.7529837230923523e-17,0.6690628109463618,-1.1686558153949016e-17,0.6579485908117413,1.9262175806645858,1.7664211834404362
Premier,Jonny,51,2,Wolves,The Pack,Lunar,RSC003645,2.0,1.0,"[1, 2]",210.196,0.49,0.471,1.392,1.902,25.762,0.281,0.34,1.092,1,1,8,64,38.0,170.91,39.29,10,4.9,34.39,34.39,1,1,1.41,0.81,1.72,4.09,4.95,247.49997368421052,29.558754759719395,0.8177368421052632,0.1954365431278352,0.6115526315789473,0.12572271019092962,2.5564473684210527,0.3766032895443033,31.791552631578945,4.974454568484047,1.279078947368421,0.26283911239438357,0.38276919127086007,0.11243580503847198,0.3613878048780488,0.10020129355867154,1.3154210526315788,0.351038816024124,31.275526315789474,12.252864794057384,1.0,0.0,1.0,0.0,31.275526315789474,12.252864794057384,1.739473684210526,0.25530000760547783,0.9321052631578948,0.28107090472879614,1.0992105263157896,2.8547460544787304,3.8202631578947375,1.2301296060965137,3.65078947368421,1.277555481587728,-1.2620279165158124,-1.6769476007917836,-1.1179573791043496,-1.7377632819217959,-1.212103266512782,0.42962043054742816,0.9051315213693524,0.2134483909184806,0.6364568316462896,0.2541833062355377,0,0,0.2541833062355377,-1.2905353481997186,0.43442868366511805,0.21745873777818917,0.219275140414838,1.016950375181475,,,,0.89,0.47,-0.0005263157894736555,1.5883408773094034,0.0,1.6519701587514848,0.5606644823609876,0.2845087712451256,0.2499,59.1508,2.6315789473564445e-06,0.8915402837564074,34.09234210526316,90.67670377449419,0.28029845983867097,0.2763494574864041,0.0505,0.3051,0.094,0.1009,0.4576,0.0771,0.1542,0.5505,0.6889,-1.0364,93.782,-2.631578947371053e-06,0.6864820690112515,1.3157894736840656e-05,0.861921712495305,7.894736842110237e-06,1.6974713260933045,139.1297105263158,26.52112193614323,0.8019184424901922,0.7992452587264595,-0.6105598832836332,-1.7098714992338055,-0.5841666821583398,-0.4423900082216581,1.7529837230923523e-17,0.6690628109463618,-1.1686558153949016e-17,0.6579485908117413,-0.8731118702174764,-0.6723777729744224
Premier,Maseter,12,2,Wolves,The Pack,Lunar,RSC000040,1.0,2.0,[2],223.75,0.5,0.583,1.083,1.917,26.082,0.167,0.194,0.694,1,0,2,64,38.0,160.05,63.7,3,6.25,57.45,57.45,1,1,1.42,0.53,2.04,5.58,6.49,247.49997368421052,29.558754759719395,0.8177368421052632,0.1954365431278352,0.6115526315789473,0.12572271019092962,2.5564473684210527,0.3766032895443033,31.791552631578945,4.974454568484047,1.279078947368421,0.26283911239438357,0.38276919127086007,0.11243580503847198,0.3613878048780488,0.10020129355867154,1.3154210526315788,0.351038816024124,31.275526315789474,12.252864794057384,1.0,0.0,1.0,0.0,31.275526315789474,12.252864794057384,1.739473684210526,0.25530000760547783,0.9321052631578948,0.28107090472879614,1.0992105263157896,2.8547460544787304,3.8202631578947375,1.2301296060965137,3.65078947368421,1.277555481587728,-0.8034835661133912,-1.6257800973149186,-0.22710798658083128,-1.6979335714109014,-1.1477746058336034,-0.7460036886527353,1.9190434150138442,1.6705154088658254,1.770234584510659,2.1361921578458207,0,0,2.1361921578458207,-1.2513657449795994,1.4306185962075442,0.32955277132557287,1.4305296233697808,2.2223774757611774,,,,3.91,3.81,-0.0005263157894736555,1.5883408773094034,0.0,1.6519701587514848,2.462019564977623,2.306337060518997,1.8422,117.198,2.6315789473564445e-06,0.8915402837564074,34.09234210526316,90.67670377449419,2.066308614411853,0.9165050606759378,0.3719,0.6667,0.3116,0.4432,1.0001,0.5682,0.6771,1.7934,2.2454,0.8848,95.25200000000001,-2.631578947371053e-06,0.6864820690112515,1.3157894736840656e-05,0.861921712495305,7.894736842110237e-06,1.6974713260933045,139.1297105263158,26.52112193614323,2.6124537151596794,2.6050937220327817,0.5212412673264347,-1.6544439798573842,0.3410672762378778,0.5715355602227988,1.7529837230923523e-17,0.6690628109463618,-1.1686558153949016e-17,0.6579485908117413,0.5097686953418502,0.8686629444979421
Premier,Synchify,55,2,Wolves,The Pack,Lunar,,,,,237.364,0.509,0.745,1.418,2.345,21.706,0.254,0.333,1.07,0,4,9,64,38.0,192.43,44.93,13,5.91,39.02,39.02,1,1,1.84,0.82,1.73,4.26,5.58,247.49997368421052,29.558754759719395,0.8177368421052632,0.1954365431278352,0.6115526315789473,0.12572271019092962,2.5564473684210527,0.3766032895443033,31.791552631578945,4.974454568484047,1.279078947368421,0.26283911239438357,0.38276919127086007,0.11243580503847198,0.3613878048780488,0.10020129355867154,1.3154210526315788,0.351038816024124,31.275526315789474,12.252864794057384,1.0,0.0,1.0,0.0,31.275526315789474,12.252864794057384,1.739473684210526,0.25530000760547783,0.9321052631578948,0.28107090472879614,1.0992105263157896,2.8547460544787304,3.8202631578947375,1.2301296060965137,3.65078947368421,1.277555481587728,-0.34290936024216784,-1.57972934418574,1.0614420276049723,-0.5614591648333916,-2.0274690406213707,0.528540259347442,1.1452685488114691,0.2833077684912986,0.6991279637141694,0.6320541207609329,0,0,0.6320541207609329,0.39375759026541085,0.3988504725028889,0.2209616763265449,0.3574719606177509,1.5100796436004442,,,,1.33,0.92,-0.0005263157894736555,1.5883408773094034,0.0,1.6519701587514848,0.8376831036693717,0.5569107862670544,0.4512,67.5046,2.6315789473564445e-06,0.8915402837564074,34.09234210526316,90.67670377449419,0.5060874720320903,0.3684767586813752,0.0911,0.453,0.1253,0.1508,0.6795,0.1392,0.2304,0.8202,1.0491,1.0258,96.056,-2.631578947371053e-06,0.6864820690112515,1.3157894736840656e-05,0.861921712495305,7.894736842110237e-06,1.6974713260933045,139.1297105263158,26.52112193614323,1.1947910493282006,1.21714864226834,0.6043059988671488,-1.6241285202800768,-0.09220774213959448,0.04720662933462405,1.7529837230923523e-17,0.6690628109463618,-1.1686558153949016e-17,0.6579485908117413,-0.13781627170275754,0.07174820342176444
Premier,TinyLettuce,50,2,Wolves,The Pack,Lunar,RSC001751,2.0,1.0,"[1, 2]",207.6,0.72,0.4,1.24,2.1,34.286,0.427,0.493,1.52,1,1,8,64,38.0,183.68,23.92,10,5.0,18.92,18.92,1,1,1.38,1.09,1.14,2.52,2.9,247.49997368421052,29.558754759719395,0.8177368421052632,0.1954365431278352,0.6115526315789473,0.12572271019092962,2.5564473684210527,0.3766032895443033,31.791552631578945,4.974454568484047,1.279078947368421,0.26283911239438357,0.38276919127086007,0.11243580503847198,0.3613878048780488,0.10020129355867154,1.3154210526315788,0.351038816024124,31.275526315789474,12.252864794057384,1.0,0.0,1.0,0.0,31.275526315789474,12.252864794057384,1.739473684210526,0.25530000760547783,0.9321052631578948,0.28107090472879614,1.0992105263157896,2.8547460544787304,3.8202631578947375,1.2301296060965137,3.65078947368421,1.277555481587728,-1.3498529964659884,-0.500095020823887,-1.6826922618647937,-1.2120111031779943,0.5014514323288378,-0.14868010705265206,-0.39338721961394363,-1.3134780046016816,-0.582781555856097,-1.0083785729670238,0,0,-1.0083785729670238,-1.4080441578600766,-0.5617612288773081,0.014288301973556216,-1.057013140282652,-0.5876766093564404,,,,-1.59,-2.32,-0.0005263157894736555,1.5883408773094034,0.0,1.6519701587514848,-1.0007132013771767,-1.4043837218908326,-1.2203,21.5688,2.6315789473564445e-06,0.8915402837564074,34.09234210526316,90.67670377449419,-1.3687577037319456,-0.1381120131628099,-0.2464,-0.1763,-0.047,-0.1801,-0.2645,-0.3764,-0.2752,-0.6498,-0.9161,-2.4164,127.286,-2.631578947371053e-06,0.6864820690112515,1.3157894736840656e-05,0.861921712495305,7.894736842110237e-06,1.6974713260933045,139.1297105263158,26.52112193614323,-0.9465613127477076,-1.0628728161894716,-1.4235338515544502,-0.4465765269973391,-0.8753499839253808,-0.9275648005678988,1.7529837230923523e-17,0.6690628109463618,-1.1686558153949016e-17,0.6579485908117413,-1.3083225813840023,-1.4097830947909162
Rival,Benific,20,2,Amplitude,Studio City,Lunar,,,,,170.75,0.6,0.4,0.65,1.75,34.286,0.2,0.067,0.583,1,1,0,56,34.0,134.55,36.2,2,2.5,33.7,33.7,1,1,1.15,0.38,1.71,9.7,3.25,201.94315555555556,30.307867543650012,0.7437111111111111,0.18227871044866512,0.4683333333333333,0.15747986884331944,2.1246222222222224,0.36829307060897276,34.8968,5.752138442669508,0.9214,0.19171467909844092,0.32750417344173444,0.14722598638179407,0.26628303523035235,0.10801127180000276,1.005280975609756,0.39403089666727814,27.006444444444444,11.366795973671326,1.0,0.0,1.0,0.0,27.006444444444444,11.366795973671326,1.3815555555555556,0.2527211502782857,0.6773333333333333,0.2692531758907827,0.36600000000000005,7.548438550154234,4.225111111111111,2.333512395726687,3.2695555555555553,1.3398116481525497,-1.0292098416568087,-0.7884141310709144,-0.4339178958887742,-1.0171850955620327,-0.10618659583522326,-1.415645381335889,0.8660439408507951,1.8450207270899595,1.071695085795093,0.5888691563620657,0,0,0.5888691563620657,-0.9162492149967532,1.1042890482151297,0.17805006837772278,2.346200902517141,-0.014595749770141385,,,,1.66,2.43,-0.0004444444444444461,1.5881492309597294,-1.2335811384723961e-17,1.6025221598240922,1.045521675215009,1.5163596865747802,1.9562,57.627,4.444444444439021e-06,0.8992878856870221,-7.970271111111114,323.2709365968693,2.1752717752459167,0.20291731697771925,0.3915,-0.0044,0.069,0.1882,-0.0066,0.5982,0.2875,0.6443,0.8790999999999999,-0.3274,111.786,-6.6666666666511295e-06,0.6098554968187136,2.2222222222219773e-06,0.8569242232036222,4.4444444444328525e-06,1.7195539646235376,130.51413333333335,25.177181437130365,1.0564907097298721,1.025875747205814,-0.19040079647405725,-0.7438534523850154,-0.00030766179114383174,0.09686686486994633,-2.220446049250313e-16,0.7014693272071238,-1.949058198786386e-16,0.7186404433911947,-0.0004385962139906453,0.13479183611326015
Rival,Caboose,37,2,Amplitude,Studio City,Lunar,RSC003571,2.0,1.0,"[1, 2]",205.405,0.73,0.486,0.838,2.378,30.698,0.279,0.315,0.892,2,1,2,56,34.0,168.85,36.56,5,3.38,33.18,33.18,1,1,1.65,0.61,1.37,2.66,3.0,201.94315555555556,30.307867543650012,0.7437111111111111,0.18227871044866512,0.4683333333333333,0.15747986884331944,2.1246222222222224,0.36829307060897276,34.8968,5.752138442669508,0.9214,0.19171467909844092,0.32750417344173444,0.14722598638179407,0.26628303523035235,0.10801127180000276,1.005280975609756,0.39403089666727814,27.006444444444444,11.366795973671326,1.0,0.0,1.0,0.0,27.006444444444444,11.366795973671326,1.3815555555555556,0.2527211502782857,0.6773333333333333,0.2692531758907827,0.36600000000000005,7.548438550154234,4.225111111111111,2.333512395726687,3.2695555555555553,1.3398116481525497,0.11422263342871677,-0.0752205843313367,0.1121836511322197,0.6879786724165552,-0.7299546145922349,-0.43502146206121295,0.3294538867340367,-0.4510359331742116,0.2874926219438348,0.5431218761958281,0,0,0.5431218761958281,1.0622159805336624,0.25007442571687927,0.13300764036550125,-0.6707104337552551,-0.20118914171797375,,,,0.83,0.09,-0.0004444444444444461,1.5881492309597294,-1.2335811384723961e-17,1.6025221598240922,0.5229007628852367,0.05616146987314001,-0.3291,45.4566,4.444444444439021e-06,0.8992878856870221,-7.970271111111114,323.2709365968693,-0.36596116736635564,0.16526963937292136,-0.0659,-0.0604,0.0562,0.0941,-0.0905,-0.1006,0.1438,0.024000000000000007,-0.04729999999999998,1.6053,127.47800000000001,-6.6666666666511295e-06,0.6098554968187136,2.2222222222219773e-06,0.8569242232036222,4.4444444444328525e-06,1.7195539646235376,130.51413333333335,25.177181437130365,0.03936451633525721,-0.05520000595313112,0.9335534612936695,-0.12059067616106398,0.21681345447550004,0.15856018491124516,-2.220446049250313e-16,0.7014693272071238,-1.949058198786386e-16,0.7186404433911947,0.3090847255413656,0.22063910592481434
Rival,FoxHound3g,45,2,Amplitude,Studio City,Lunar,RSC000871,2.0,2.0,"[2, 3]",147.222,0.244,0.533,0.867,1.533,15.917,0.296,0.422,1.096,0,1,3,56,34.0,115.8,31.42,4,2.22,29.2,29.2,1,1,1.29,0.8,1.08,2.05,2.93,201.94315555555556,30.307867543650012,0.7437111111111111,0.18227871044866512,0.4683333333333333,0.15747986884331944,2.1246222222222224,0.36829307060897276,34.8968,5.752138442669508,0.9214,0.19171467909844092,0.32750417344173444,0.14722598638179407,0.26628303523035235,0.10801127180000276,1.005280975609756,0.39403089666727814,27.006444444444444,11.366795973671326,1.0,0.0,1.0,0.0,27.006444444444444,11.366795973671326,1.3815555555555556,0.2527211502782857,0.6773333333333333,0.2692531758907827,0.36600000000000005,7.548438550154234,4.225111111111111,2.333512395726687,3.2695555555555553,1.3398116481525497,-1.80550992169756,-2.7414672282962194,0.4106344965971819,-1.6063897733508123,-3.299607648384706,-0.283755006428417,0.21398514091144338,-1.4416732825623821,-0.23023327652107364,0.19297923184655047,0,0,0.19297923184655047,-0.3622789602482363,-0.45558113199906713,0.09458909882566523,-0.932118944426585,-0.2534352914633667,,,,-0.04,-1.25,-0.0004444444444444461,1.5881492309597294,-1.2335811384723961e-17,1.6025221598240922,-0.02490669943633185,-0.7800204149047223,-0.8606,31.536,4.444444444439021e-06,0.8992878856870221,-7.970271111111114,323.2709365968693,-0.9569843630073757,0.1222079272792063,-0.1723,-0.076,0.0416,-0.0045,-0.114,-0.2632,-0.0068,-0.2112,-0.38399999999999995,-0.1693,55.647,-6.6666666666511295e-06,0.6098554968187136,2.2222222222219773e-06,0.8569242232036222,4.4444444444328525e-06,1.7195539646235376,130.51413333333335,25.177181437130365,-0.3463006145472407,-0.4481168950816036,-0.09845834904140989,-2.9736105894253164,-1.3303071928118968,-1.2733765739956937,-2.220446049250313e-16,0.7014693272071238,-1.949058198786386e-16,0.7186404433911947,-1.89645810759605,-1.7719244522152868
Rival,KimJongDeux,37,2,Amplitude,Studio City,Lunar,RSC001417,1.0,2.0,[2],227.838,0.973,0.324,1.135,2.459,39.569,0.468,0.27,1.171,5,0,7,56,34.0,202.78,25.06,12,8.11,16.95,16.95,1,1,1.49,0.7,1.62,4.2,2.43,201.94315555555556,30.307867543650012,0.7437111111111111,0.18227871044866512,0.4683333333333333,0.15747986884331944,2.1246222222222224,0.36829307060897276,34.8968,5.752138442669508,0.9214,0.19171467909844092,0.32750417344173444,0.14722598638179407,0.26628303523035235,0.10801127180000276,1.005280975609756,0.39403089666727814,27.006444444444444,11.366795973671326,1.0,0.0,1.0,0.0,27.006444444444444,11.366795973671326,1.3815555555555556,0.2527211502782857,0.6773333333333333,0.2692531758907827,0.36600000000000005,7.548438550154234,4.225111111111111,2.333512395726687,3.2695555555555553,1.3398116481525497,0.8543934807406078,1.2579027376511047,-0.9165192630236063,0.907912215738634,0.812254441816196,1.1141556870056961,-0.9542868756465622,-0.03441274885208391,-0.42057368036846626,-0.8847211182234623,0,0,-0.8847211182234623,0.4291071179639297,-0.08418347004330566,0.16612707272742885,-0.010761078945668289,-0.6266220753590315,,,,-1.31,-0.92,-0.0004444444444444461,1.5881492309597294,-1.2335811384723961e-17,1.6025221598240922,-0.8245796616758629,-0.5740950253698756,-0.2755,27.459,4.444444444439021e-06,0.8992878856870221,-7.970271111111114,323.2709365968693,-0.3063584518699142,0.109596215125558,-0.0551,-0.188,0.0373,-0.1484,-0.282,-0.0842,-0.2268,-0.3542,-0.593,-0.4556,161.459,-6.6666666666511295e-06,0.6098554968187136,2.2222222222219773e-06,0.8569242232036222,4.4444444444328525e-06,1.7195539646235376,130.51413333333335,25.177181437130365,-0.5807823905514805,-0.6920124395658648,-0.26495501381033426,1.2290838330707792,0.22843749061753288,0.10207600076465434,-2.220446049250313e-16,0.7014693272071238,-1.949058198786386e-16,0.7186404433911947,0.32565570832162993,0.14204043441107736
Rival,Alatak,28,2,Aspirant,Paradigm,Lunar,RSC003580,1.0,2.0,[2],199.643,0.679,0.643,0.643,2.357,28.808,0.048,0.179,0.429,0,0,1,56,34.0,160.27,39.37,1,0.89,38.48,38.48,1,1,1.68,0.38,1.69,3.59,13.4,201.94315555555556,30.307867543650012,0.7437111111111111,0.18227871044866512,0.4683333333333333,0.15747986884331944,2.1246222222222224,0.36829307060897276,34.8968,5.752138442669508,0.9214,0.19171467909844092,0.32750417344173444,0.14722598638179407,0.26628303523035235,0.10801127180000276,1.005280975609756,0.39403089666727814,27.006444444444444,11.366795973671326,1.0,0.0,1.0,0.0,27.006444444444444,11.366795973671326,1.3815555555555556,0.2527211502782857,0.6773333333333333,0.2692531758907827,0.36600000000000005,7.548438550154234,4.225111111111111,2.333512395726687,3.2695555555555553,1.3398116481525497,-0.07589301861118508,-0.3550118988214784,1.109136475344965,0.6309588648886091,-1.058528069288654,-1.4521579740748396,1.8984703740881024,0.8080919127771081,1.4625273816950726,1.009392231736323,0,0,1.009392231736323,1.1809238922654874,1.1042890482151297,0.17540051378876856,-0.2721695896169982,7.561095963311853,,,,2.47,1.82,-0.0004444444444444461,1.5881492309597294,-1.2335811384723961e-17,1.6025221598240922,1.555549312548883,1.1357097241012757,0.3895,65.0312,4.444444444439021e-06,0.8992878856870221,-7.970271111111114,323.2709365968693,0.4331155370318323,0.22582132461275545,0.078,2.2683,0.0768,0.28,3.4025,0.1191,0.4278,2.7031,3.9494,2.1903,120.27799999999999,-6.6666666666511295e-06,0.6098554968187136,2.2222222222219773e-06,0.8569242232036222,4.4444444444328525e-06,1.7195539646235376,130.51413333333335,25.177181437130365,4.432372391111194,4.608806322469102,1.2737579631791769,-0.40656391021742766,1.6439719750381008,2.0028614324723693,-2.220446049250313e-16,0.7014693272071238,-1.949058198786386e-16,0.7186404433911947,2.3436120601074877,2.787014634218275
Rival,CasualRitter,31,2,Aspirant,Paradigm,Lunar,,,,,173.871,0.548,0.258,1.323,1.742,31.458,0.591,0.409,1.763,0,0,2,56,34.0,160.53,13.34,2,1.61,11.73,11.73,1,1,1.19,1.17,1.13,3.23,2.24,201.94315555555556,30.307867543650012,0.7437111111111111,0.18227871044866512,0.4683333333333333,0.15747986884331944,2.1246222222222224,0.36829307060897276,34.8968,5.752138442669508,0.9214,0.19171467909844092,0.32750417344173444,0.14722598638179407,0.26628303523035235,0.10801127180000276,1.005280975609756,0.39403089666727814,27.006444444444444,11.366795973671326,1.0,0.0,1.0,0.0,27.006444444444444,11.366795973671326,1.3815555555555556,0.2527211502782857,0.6773333333333333,0.2692531758907827,0.36600000000000005,7.548438550154234,4.225111111111111,2.333512395726687,3.2695555555555553,1.3398116481525497,-0.9262332796962854,-1.0736915497667452,-1.3356204502722762,-1.0389069270012503,-0.5978298391587545,2.094779606280372,-1.7897372130688565,-1.3213154737582118,-1.9229939347372194,-1.3439534306614596,0,0,-1.3439534306614596,-0.7579719993543198,-1.829752481235383,0.10121298529805071,-0.42644346476729117,-0.768433053239384,,,,-3.27,-2.67,-0.0004444444444444461,1.5881492309597294,-1.2335811384723961e-17,1.6025221598240922,-2.0587206112738796,-1.6661236062364866,-1.0091,13.2549,4.444444444439021e-06,0.8992878856870221,-7.970271111111114,323.2709365968693,-1.12211502067942,0.06565752967016543,-0.202,-0.2305,0.0223,-0.3706,-0.3458,-0.3086,-0.5661,-0.7807999999999999,-1.2205,-2.1019,103.678,-6.6666666666511295e-06,0.6098554968187136,2.2222222222219773e-06,0.8569242232036222,4.4444444444328525e-06,1.7195539646235376,130.51413333333335,25.177181437130365,-1.2802923600858072,-1.4242825551824863,-1.2223544521934298,-1.0658910887362645,-1.1788886164150483,-1.246798882544473,-2.220446049250313e-16,0.7014693272071238,-1.949058198786386e-16,0.7186404433911947,-1.6805989523572653,-1.7349411573066351
Rival,DLCrampton,48,2,Aspirant,Paradigm,Lunar,RSC000727,2.0,1.0,"[1, 2]",233.646,0.875,0.375,1.062,2.292,38.176,0.361,0.292,1.062,2,0,5,56,34.0,189.7,43.95,7,3.65,40.3,40.3,1,1,1.42,0.7,1.52,3.64,2.94,201.94315555555556,30.307867543650012,0.7437111111111111,0.18227871044866512,0.4683333333333333,0.15747986884331944,2.1246222222222224,0.36829307060897276,34.8968,5.752138442669508,0.9214,0.19171467909844092,0.32750417344173444,0.14722598638179407,0.26628303523035235,0.10801127180000276,1.005280975609756,0.39403089666727814,27.006444444444444,11.366795973671326,1.0,0.0,1.0,0.0,27.006444444444444,11.366795973671326,1.3815555555555556,0.2527211502782857,0.6773333333333333,0.2692531758907827,0.36600000000000005,7.548438550154234,4.225111111111111,2.333512395726687,3.2695555555555553,1.3398116481525497,1.0460268905024523,0.720264525493577,-0.5926683456041796,0.45446898444496436,0.570083636317724,0.7333815055852103,-0.2275130048808261,-0.2380951945206794,-0.1439456267769222,1.1695077123181536,0,0,1.1695077123181536,0.1521219905896713,-0.08418347004330566,0.1528792997826578,-0.25074266251279076,-0.24597155578545357,,,,1.03,0.93,-0.0004444444444444461,1.5881492309597294,-1.2335811384723961e-17,1.6025221598240922,0.648833512844218,0.5803351886891134,0.1399,61.256,4.444444444439021e-06,0.8992878856870221,-7.970271111111114,323.2709365968693,0.15556259322750757,0.21414319468328452,0.028,-0.0738,0.0728,0.1168,-0.1107,0.0428,0.1784,0.1438,0.11049999999999999,1.3216,148.596,-6.6666666666511295e-06,0.6098554968187136,2.2222222222219773e-06,0.8569242232036222,4.4444444444328525e-06,1.7195539646235376,130.51413333333335,25.177181437130365,0.23580449371503295,0.12894696495412442,0.7685688165331251,0.7181847067281406,0.572602946081161,0.49458179637173044,-2.220446049250313e-16,0.7014693272071238,-1.949058198786386e-16,0.7186404433911947,0.8162907826076449,0.6882187064755875
Rival,Tempest,20,2,Aspirant,Paradigm,Lunar,RSC004797,8.0,1.0,"[1, 2, 13, 19, 20, 21, 22, 23]",213.25,0.8,0.55,1.05,2.2,36.364,0.333,0.2,0.933,0,0,2,56,34.0,189.35,23.9,2,2.5,21.4,21.4,1,1,1.4,0.6,1.75,5.25,3.15,201.94315555555556,30.307867543650012,0.7437111111111111,0.18227871044866512,0.4683333333333333,0.15747986884331944,2.1246222222222224,0.36829307060897276,34.8968,5.752138442669508,0.9214,0.19171467909844092,0.32750417344173444,0.14722598638179407,0.26628303523035235,0.10801127180000276,1.005280975609756,0.39403089666727814,27.006444444444444,11.366795973671326,1.0,0.0,1.0,0.0,27.006444444444444,11.366795973671326,1.3815555555555556,0.2527211502782857,0.6773333333333333,0.2692531758907827,0.36600000000000005,7.548438550154234,4.225111111111111,2.333512395726687,3.2695555555555553,1.3398116481525497,0.3730663144861672,0.3088067100668978,0.5185848024036576,0.20466792289396207,0.25507035594210875,0.6707884894612948,-0.037329188231848685,0.6136677600934484,0.18343986784059335,-0.49322997064700874,0,0,-0.49322997064700874,0.07298338276845462,0.2872141919124554,0.18334917755563118,0.4392043902426862,-0.0892331065492744,,,,-0.31,0.12,-0.0004444444444444461,1.5881492309597294,-1.2335811384723961e-17,1.6025221598240922,-0.19491591188095655,0.07488195983085334,0.268,37.45,4.444444444439021e-06,0.8992878856870221,-7.970271111111114,323.2709365968693,0.2980086353001598,0.14050217934608783,0.0536,-0.0268,0.0478,-0.0351,-0.0402,0.082,-0.0536,0.0395,-0.011799999999999998,-0.4202,138.364,-6.6666666666511295e-06,0.6098554968187136,2.2222222222219773e-06,0.8569242232036222,4.4444444444328525e-06,1.7195539646235376,130.51413333333335,25.177181437130365,0.0647803731748776,-0.01377277232063701,-0.24436827985008305,0.3117849663302647,0.08011207412029306,0.04808509178662056,-2.220446049250313e-16,0.7014693272071238,-1.949058198786386e-16,0.7186404433911947,0.11420609713507612,0.06691119631357213
Rival,AnarchySoldat,21,2,Barbarians,The Sovereign,Lunar,RSC000571,3.0,1.0,"[1, 2, 3]",208.095,0.762,0.429,1.095,2.19,34.795,0.063,0.016,0.302,2,1,1,56,34.0,181.96,26.13,4,4.76,21.37,21.37,1,1,1.43,0.24,4.56,68.44,17.38,201.94315555555556,30.307867543650012,0.7437111111111111,0.18227871044866512,0.4683333333333333,0.15747986884331944,2.1246222222222224,0.36829307060897276,34.8968,5.752138442669508,0.9214,0.19171467909844092,0.32750417344173444,0.14722598638179407,0.26628303523035235,0.10801127180000276,1.005280975609756,0.39403089666727814,27.006444444444444,11.366795973671326,1.0,0.0,1.0,0.0,27.006444444444444,11.366795973671326,1.3815555555555556,0.2527211502782857,0.6773333333333333,0.2692531758907827,0.36600000000000005,7.548438550154234,4.225111111111111,2.333512395726687,3.2695555555555553,1.3398116481525497,0.20297846542929565,0.10033475025071335,-0.2497673742189043,0.17751563359493935,-0.0176977659725368,0.9055122999259776,1.7965861865975785,2.3171936693217043,1.784837132209991,-0.4958692368104453,0,0,-0.4958692368104453,0.19169129450027966,1.6242457749531953,0.5556115973036975,27.51855486453995,10.531662763121343,,,,1.29,1.82,-0.0004444444444444461,1.5881492309597294,-1.2335811384723961e-17,1.6025221598240922,0.8125460877908937,1.1357097241012757,15.1186,97.4472,4.444444444439021e-06,0.8992878856870221,-7.970271111111114,323.2709365968693,16.811741597081024,0.3260963457490475,3.0261,3.1595,0.1109,0.1463,4.7392,4.6232,0.2235,6.4428,9.5859,-0.3042,132.89499999999998,-6.6666666666511295e-06,0.6098554968187136,2.2222222222219773e-06,0.8569242232036222,4.4444444444328525e-06,1.7195539646235376,130.51413333333335,25.177181437130365,10.564480766796898,11.186400755414263,-0.1769089256300508,0.09456446396161808,3.47633902870751,4.466145367040675,-2.220446049250313e-16,0.7014693272071238,-1.949058198786386e-16,0.7186404433911947,4.9557962035894505,6.214714754941104
Rival,Baba--Yetu,45,2,Barbarians,The Sovereign,Lunar,RSC000353,4.0,2.0,"[2, 3, 4, 5]",216.889,0.844,0.4,0.733,2.467,34.212,0.296,0.274,1.015,2,0,2,56,34.0,170.85,46.04,4,2.22,43.82,43.82,1,1,1.62,0.72,1.02,2.68,2.48,201.94315555555556,30.307867543650012,0.7437111111111111,0.18227871044866512,0.4683333333333333,0.15747986884331944,2.1246222222222224,0.36829307060897276,34.8968,5.752138442669508,0.9214,0.19171467909844092,0.32750417344173444,0.14722598638179407,0.26628303523035235,0.10801127180000276,1.005280975609756,0.39403089666727814,27.006444444444444,11.366795973671326,1.0,0.0,1.0,0.0,27.006444444444444,11.366795973671326,1.3815555555555556,0.2527211502782857,0.6773333333333333,0.2692531758907827,0.36600000000000005,7.548438550154234,4.225111111111111,2.333512395726687,3.2695555555555553,1.3398116481525497,0.49313414818509205,0.550195295117216,-0.4339178958887742,0.9296340471778517,-0.11905137660111446,-0.9827103531454735,0.21398514091144338,-0.07144592079182864,-0.024665640365889013,1.4791816088280678,0,0,1.4791816088280678,0.9435080688018382,-0.15846300243445796,0.08664043505880259,-0.6621396629135721,-0.5893033969694651,,,,1.45,1.41,-0.0004444444444444461,1.5881492309597294,-1.2335811384723961e-17,1.6025221598240922,0.9132922877580786,0.8798630280125267,0.0626,44.6964,4.444444444439021e-06,0.8992878856870221,-7.970271111111114,323.2709365968693,0.06960569196118427,0.1629180515438305,0.0125,-0.1768,0.0554,0.1644,-0.2652,0.0191,0.2512,0.05549999999999998,0.005099999999999993,2.4227,143.28199999999998,-6.6666666666511295e-06,0.6098554968187136,2.2222222222219773e-06,0.8569242232036222,4.4444444444328525e-06,1.7195539646235376,130.51413333333335,25.177181437130365,0.09101609636416313,0.005948924817085534,1.408909290082069,0.5071205725926518,0.6132890491593932,0.5230812056798854,-2.220446049250313e-16,0.7014693272071238,-1.949058198786386e-16,0.7186404433911947,0.8742920401112659,0.7278761033981277
Rival,Buckaroo1000,35,2,Barbarians,The Sovereign,Lunar,RSC001168,1.0,2.0,[2],215.429,0.657,0.714,0.914,2.371,27.71,0.419,0.305,1.105,2,2,2,56,34.0,177.21,38.22,6,4.29,33.93,33.93,1,1,1.71,0.69,1.32,3.0,2.18,201.94315555555556,30.307867543650012,0.7437111111111111,0.18227871044866512,0.4683333333333333,0.15747986884331944,2.1246222222222224,0.36829307060897276,34.8968,5.752138442669508,0.9214,0.19171467909844092,0.32750417344173444,0.14722598638179407,0.26628303523035235,0.10801127180000276,1.005280975609756,0.39403089666727814,27.006444444444444,11.366795973671326,1.0,0.0,1.0,0.0,27.006444444444444,11.366795973671326,1.3815555555555556,0.2527211502782857,0.6773333333333333,0.2692531758907827,0.36600000000000005,7.548438550154234,4.225111111111111,2.333512395726687,3.2695555555555553,1.3398116481525497,0.44496183787994487,-0.4757061913466378,1.5599877525367156,0.6689720699072395,-1.2494136001122877,-0.0385990266097477,-0.6214651965108512,-0.35845300332484975,-0.2530741249827605,0.6091035302817472,0,0,0.6091035302817472,1.2996318039973125,-0.04704370384772951,0.1263837538931157,-0.5250073294466451,-0.8132154673068639,,,,0.36,0.25,-0.0004444444444444461,1.5881492309597294,-1.2335811384723961e-17,1.6025221598240922,0.2269588004816307,0.15600408298094445,-0.2049,44.7876,4.444444444439021e-06,0.8992878856870221,-7.970271111111114,323.2709365968693,-0.22785189004064607,0.16320016784219024,-0.041,-0.244,0.0555,0.0409,-0.3659,-0.0627,0.0624,-0.18860000000000002,-0.36619999999999997,1.9087,117.12,-6.6666666666511295e-06,0.6098554968187136,2.2222222222219773e-06,0.8569242232036222,4.4444444444328525e-06,1.7195539646235376,130.51413333333335,25.177181437130365,-0.3092426555423749,-0.4273449300489727,1.109994565348478,-0.5319949481549264,-0.015149522946865224,-0.09605745767172788,-2.220446049250313e-16,0.7014693272071238,-1.949058198786386e-16,0.7186404433911947,-0.021596843025456735,-0.13366553268062933
Rival,Feen,44,2,Barbarians,The Sovereign,Lunar,RSC000035,13.0,2.0,"[2, 3, 4, 5, 6, 7, 8, 9, 10, 18, 19, 20, 21]",150.227,0.568,0.159,0.795,1.523,37.295,0.326,0.212,1.106,0,0,2,56,34.0,125.3,24.93,2,1.14,23.79,23.79,1,1,0.96,0.78,1.02,3.75,2.44,201.94315555555556,30.307867543650012,0.7437111111111111,0.18227871044866512,0.4683333333333333,0.15747986884331944,2.1246222222222224,0.36829307060897276,34.8968,5.752138442669508,0.9214,0.19171467909844092,0.32750417344173444,0.14722598638179407,0.26628303523035235,0.10801127180000276,1.005280975609756,0.39403089666727814,27.006444444444444,11.366795973671326,1.0,0.0,1.0,0.0,27.006444444444444,11.366795973671326,1.3815555555555556,0.2527211502782857,0.6773333333333333,0.2692531758907827,0.36600000000000005,7.548438550154234,4.225111111111111,2.333512395726687,3.2695555555555553,1.3398116481525497,-1.7063607487749803,-0.9639694656529645,-1.9642722311452814,-1.6335420626498345,0.41692320584812337,-0.6593131031719098,0.010216765930395763,0.5025682442742144,-0.25561199703405935,-0.28296843295987967,0,0,-0.28296843295987967,-1.6680659892983107,-0.3813015996079148,0.08664043505880259,-0.2036034228835346,-0.6191583396811183,,,,-0.54,0.22,-0.0004444444444444461,1.5881492309597294,-1.2335811384723961e-17,1.6025221598240922,-0.339738574333785,0.13728359302323112,-0.0434,24.2658,4.444444444439021e-06,0.8992878856870221,-7.970271111111114,323.2709365968693,-0.04826534987879335,0.09971843262640921,-0.0087,-0.1857,0.0339,-0.0612,-0.2786,-0.0133,-0.0934,-0.22169999999999998,-0.3853,-1.951,109.325,-6.6666666666511295e-06,0.6098554968187136,2.2222222222219773e-06,0.8569242232036222,4.4444444444328525e-06,1.7195539646235376,130.51413333333335,25.177181437130365,-0.3635178078902093,-0.4496339487075823,-1.1345991370916808,-0.8416006925256695,-0.7629429206287908,-0.7551336216942773,-2.220446049250313e-16,0.7014693272071238,-1.949058198786386e-16,0.7186404433911947,-1.087635468918394,-1.0507808579918974
Rival,Amulon,56,2,Boas,The Snake Pit,Solar,RSC001104,2.0,1.0,"[1, 2]",245.179,0.893,0.5,1.0,2.607,34.254,0.19,0.143,0.601,2,0,5,56,34.0,197.37,47.81,7,3.12,44.69,44.69,1,1,1.71,0.41,2.44,6.99,5.26,201.94315555555556,30.307867543650012,0.7437111111111111,0.18227871044866512,0.4683333333333333,0.15747986884331944,2.1246222222222224,0.36829307060897276,34.8968,5.752138442669508,0.9214,0.19171467909844092,0.32750417344173444,0.14722598638179407,0.26628303523035235,0.10801127180000276,1.005280975609756,0.39403089666727814,27.006444444444444,11.366795973671326,1.0,0.0,1.0,0.0,27.006444444444444,11.366795973671326,1.3815555555555556,0.2527211502782857,0.6773333333333333,0.2692531758907827,0.36600000000000005,7.548438550154234,4.225111111111111,2.333512395726687,3.2695555555555553,1.3398116481525497,1.4265551471800282,0.8190144011959802,0.20108390297284673,1.3097660973641614,-0.11174974427452833,0.4099842556116466,0.9339667325111443,1.1413904602348104,1.0260133888717187,1.5557203275677338,0,0,1.5557203275677338,1.2996318039973125,0.9928697496284016,0.27475881087455134,1.1848614534691024,1.4856151214904307,,,,2.58,2.7,-0.0004444444444444461,1.5881492309597294,-1.2335811384723961e-17,1.6025221598240922,1.6248123250263227,1.6848440961942002,1.4199,109.0436,4.444444444439021e-06,0.8992878856870221,-7.970271111111114,323.2709365968693,1.578911022993275,0.3619684229672391,0.2842,0.4457,0.1231,0.2925,0.6685,0.4342,0.4468,1.1455,1.5495,2.8554,149.624,-6.6666666666511295e-06,0.6098554968187136,2.2222222222219773e-06,0.8569242232036222,4.4444444444328525e-06,1.7195539646235376,130.51413333333335,25.177181437130365,1.878324738634243,1.8082086324797315,1.6605443122459305,0.7590153295906321,1.3718002598919543,1.3950596065835434,-2.220446049250313e-16,0.7014693272071238,-1.949058198786386e-16,0.7186404433911947,1.9556097561011405,1.9412483939818255
Rival,Dallque,28,2,Boas,The Snake Pit,Solar,RSC003547,2.0,1.0,"[1, 2]",164.821,0.536,0.643,0.821,1.571,34.118,0.333,0.488,1.31,0,2,1,56,34.0,148.26,16.56,3,2.68,13.88,13.88,1,1,1.03,0.98,0.84,1.68,2.47,201.94315555555556,30.307867543650012,0.7437111111111111,0.18227871044866512,0.4683333333333333,0.15747986884331944,2.1246222222222224,0.36829307060897276,34.8968,5.752138442669508,0.9214,0.19171467909844092,0.32750417344173444,0.14722598638179407,0.26628303523035235,0.10801127180000276,1.005280975609756,0.39403089666727814,27.006444444444444,11.366795973671326,1.0,0.0,1.0,0.0,27.006444444444444,11.366795973671326,1.3815555555555556,0.2527211502782857,0.6773333333333333,0.2692531758907827,0.36600000000000005,7.548438550154234,4.225111111111111,2.333512395726687,3.2695555555555553,1.3398116481525497,-1.2248356141220254,-1.139524800235014,1.109136475344965,-1.5032110740145284,-0.1353931251415715,-0.5236949015700934,-0.037329188231848685,-2.0527206195681695,-0.7733378954989675,-1.1548060222818246,0,0,-1.1548060222818246,-1.3910808619240524,-1.124096923519437,0.06279444375821472,-1.0906782049977195,-0.5967671326473782,,,,-1.93,-3.21,-0.0004444444444444461,1.5881492309597294,-1.2335811384723961e-17,1.6025221598240922,-1.2149711865487047,-2.0030924254753266,-1.5195,11.6592,4.444444444439021e-06,0.8992878856870221,-7.970271111111114,323.2709365968693,-1.6896752070485197,0.06072142246300905,-0.3041,-0.179,0.0206,-0.2187,-0.2685,-0.4647,-0.3341,-0.6812,-1.0673000000000001,-2.5459,103.428,-6.6666666666511295e-06,0.6098554968187136,2.2222222222219773e-06,0.8569242232036222,4.4444444444328525e-06,1.7195539646235376,130.51413333333335,25.177181437130365,-1.1169749832325047,-1.24550362018254,-1.4805609459321738,-1.075820714918777,-1.1986814858359243,-1.2408315324674974,-2.220446049250313e-16,0.7014693272071238,-1.949058198786386e-16,0.7186404433911947,-1.7088152529896545,-1.7266374915001073
Rival,Kydd_Amigo,44,2,Boas,The Snake Pit,Solar,,,,,171.136,0.705,0.386,0.659,2.045,34.474,0.258,0.25,0.879,2,0,0,56,34.0,147.81,23.33,2,1.14,22.19,22.19,1,1,1.34,0.62,1.06,2.64,2.55,201.94315555555556,30.307867543650012,0.7437111111111111,0.18227871044866512,0.4683333333333333,0.15747986884331944,2.1246222222222224,0.36829307060897276,34.8968,5.752138442669508,0.9214,0.19171467909844092,0.32750417344173444,0.14722598638179407,0.26628303523035235,0.10801127180000276,1.005280975609756,0.39403089666727814,27.006444444444444,11.366795973671326,1.0,0.0,1.0,0.0,27.006444444444444,11.366795973671326,1.3815555555555556,0.2527211502782857,0.6773333333333333,0.2692531758907827,0.36600000000000005,7.548438550154234,4.225111111111111,2.333512395726687,3.2695555555555553,1.3398116481525497,-1.016473874685722,-0.21237318947356332,-0.5228181477294013,-0.21619256124088107,-0.07350309875431044,-1.3687006192429523,0.47209174922077,0.15075311084663973,0.32048495861071624,-0.42372929500984036,0,0,-0.42372929500984036,-0.16443244069519458,0.2129346595213031,0.09193954423671101,-0.679281204596938,-0.5370572472240722,,,,-0.1,-0.27,-0.0004444444444444461,1.5881492309597294,-1.2335811384723961e-17,1.6025221598240922,-0.06268652442402624,-0.16848440961942002,-0.4392,23.5214,4.444444444439021e-06,0.8992878856870221,-7.970271111111114,323.2709365968693,-0.4883913721454267,0.09741572020865699,-0.0879,-0.1611,0.0331,-0.0113,-0.2417,-0.1343,-0.0172,-0.2272,-0.3932,-0.5882,125.424,-6.6666666666511295e-06,0.6098554968187136,2.2222222222219773e-06,0.8569242232036222,4.4444444444328525e-06,1.7195539646235376,130.51413333333335,25.177181437130365,-0.37253633773652634,-0.4588529668962218,-0.3420680342377159,-0.20217248487658762,-0.29616435464787205,-0.3384196095311121,-2.220446049250313e-16,0.7014693272071238,-1.949058198786386e-16,0.7186404433911947,-0.42220570901801235,-0.4709164543177427
Rival,SunsetBrew,40,2,Boas,The Snake Pit,Solar,RSC000505,2.0,1.0,"[1, 2]",186.75,0.725,0.375,0.8,2.025,35.802,0.192,0.2,0.858,1,0,1,56,34.0,157.1,29.65,2,1.25,28.4,28.4,1,1,1.3,0.67,1.19,4.0,4.17,201.94315555555556,30.307867543650012,0.7437111111111111,0.18227871044866512,0.4683333333333333,0.15747986884331944,2.1246222222222224,0.36829307060897276,34.8968,5.752138442669508,0.9214,0.19171467909844092,0.32750417344173444,0.14722598638179407,0.26628303523035235,0.10801127180000276,1.005280975609756,0.39403089666727814,27.006444444444444,11.366795973671326,1.0,0.0,1.0,0.0,27.006444444444444,11.366795973671326,1.3815555555555556,0.2527211502782857,0.6773333333333333,0.2692531758907827,0.36600000000000005,7.548438550154234,4.225111111111111,2.333512395726687,3.2695555555555553,1.3398116481525497,-0.5012941122853355,-0.10265110535978202,-0.5926683456041796,-0.2704971398389253,0.15736756147682474,-0.633232679786945,0.9203821741790744,0.6136677600934484,0.3737802716879863,0.12259880082156997,0,0,0.12259880082156997,-0.322709656337628,0.02723582854342237,0.10916164906491335,-0.09646878736249781,0.6720679325978817,,,,0.5,0.74,-0.0004444444444444461,1.5881492309597294,-1.2335811384723961e-17,1.6025221598240922,0.3151117254529176,0.46177208562359556,0.1659,33.796,4.444444444439021e-06,0.8992878856870221,-7.970271111111114,323.2709365968693,0.1844743582071247,0.12919896712891077,0.0332,0.2016,0.0439,0.0567,0.3024,0.0507,0.0867,0.33540000000000003,0.4398,-0.2001,128.552,-6.6666666666511295e-06,0.6098554968187136,2.2222222222219773e-06,0.8569242232036222,4.4444444444328525e-06,1.7195539646235376,130.51413333333335,25.177181437130365,0.5499772789067278,0.5132283180577953,-0.11636997067914258,-0.07793300208099047,0.11889940912345551,0.14930665351096736,-2.220446049250313e-16,0.7014693272071238,-1.949058198786386e-16,0.7186404433911947,0.16950051058803906,0.20776266474289132
Rival,Chitown,27,2,Demigods,The Acropolis,Solar,,,,,172.778,0.704,0.481,0.704,2.074,33.944,0.346,0.321,1.198,2,0,1,56,34.0,155.32,17.46,3,2.78,14.68,14.68,1,1,1.37,0.85,0.83,2.19,2.03,201.94315555555556,30.307867543650012,0.7437111111111111,0.18227871044866512,0.4683333333333333,0.15747986884331944,2.1246222222222224,0.36829307060897276,34.8968,5.752138442669508,0.9214,0.19171467909844092,0.32750417344173444,0.14722598638179407,0.26628303523035235,0.10801127180000276,1.005280975609756,0.39403089666727814,27.006444444444444,11.366795973671326,1.0,0.0,1.0,0.0,27.006444444444444,11.366795973671326,1.3815555555555556,0.2527211502782857,0.6773333333333333,0.2692531758907827,0.36600000000000005,7.548438550154234,4.225111111111111,2.333512395726687,3.2695555555555553,1.3398116481525497,-0.9622965229589748,-0.21785929367925239,0.08043356118913862,-0.13745092227371725,-0.16564274478028934,-1.1339768087782696,-0.1256288173903023,-0.5065856910838287,-0.48909622575352746,-1.0844255912568441,0,0,-1.0844255912568441,-0.045724528963369544,-0.6412799629769474,0.06146966646373762,-0.8721235485348043,-0.9251715024755636,,,,-1.57,-1.59,-0.0004444444444444461,1.5881492309597294,-1.2335811384723961e-17,1.6025221598240922,-0.9882922366225386,-0.9921859677588067,-0.9286,12.1844,4.444444444439021e-06,0.8992878856870221,-7.970271111111114,323.2709365968693,-1.032599748338682,0.06234606588294922,-0.1859,-0.2776,0.0212,-0.1779,-0.4163,-0.284,-0.2718,-0.6202000000000001,-0.9721,-1.1302,125.08399999999999,-6.6666666666511295e-06,0.6098554968187136,2.2222222222219773e-06,0.8569242232036222,4.4444444444328525e-06,1.7195539646235376,130.51413333333335,25.177181437130365,-1.0169512885733534,-1.134408616187795,-0.657266051369246,-0.21567677648480546,-0.5993264696928253,-0.689150938338267,-2.220446049250313e-16,0.7014693272071238,-1.949058198786386e-16,0.7186404433911947,-0.8543872788836299,-0.9589648685596238
Rival,Shire,48,2,Demigods,The Acropolis,Solar,RSC001653,2.0,1.0,"[1, 2]",207.083,0.771,0.375,1.25,1.938,39.783,0.278,0.215,0.938,4,0,5,56,34.0,186.48,20.6,9,4.69,15.91,15.91,1,1,1.17,0.66,1.89,5.81,4.5,201.94315555555556,30.307867543650012,0.7437111111111111,0.18227871044866512,0.4683333333333333,0.15747986884331944,2.1246222222222224,0.36829307060897276,34.8968,5.752138442669508,0.9214,0.19171467909844092,0.32750417344173444,0.14722598638179407,0.26628303523035235,0.10801127180000276,1.005280975609756,0.39403089666727814,27.006444444444444,11.366795973671326,1.0,0.0,1.0,0.0,27.006444444444444,11.366795973671326,1.3815555555555556,0.2527211502782857,0.6773333333333333,0.2692531758907827,0.36600000000000005,7.548438550154234,4.225111111111111,2.333512395726687,3.2695555555555553,1.3398116481525497,0.16958779554654996,0.14970968810191493,-0.5926683456041796,-0.5067220567404175,0.8494579970040442,1.7140054248598864,0.3362461659000716,0.47479336531940586,0.17075050758410076,-0.9762156785559367,0,0,-0.9762156785559367,-0.8371106071755364,0.06437559473899851,0.20189605967831062,0.6791859738098085,0.9183712099690206,,,,-0.81,-0.5,-0.0004444444444444461,1.5881492309597294,-1.2335811384723961e-17,1.6025221598240922,-0.5097477867784098,-0.3120081659618889,0.2133,30.0699,4.444444444439021e-06,0.8992878856870221,-7.970271111111114,323.2709365968693,0.2371827297468883,0.11767272218024535,0.0427,0.2755,0.04,-0.0918,0.4133,0.0652,-0.1402,0.2664,0.3383,-1.8133,136.263,-6.6666666666511295e-06,0.6098554968187136,2.2222222222219773e-06,0.8569242232036222,4.4444444444328525e-06,1.7195539646235376,130.51413333333335,25.177181437130365,0.4368357226529337,0.3947814387986924,-1.054520231263246,0.22833638789242883,-0.049230118808636814,-0.01297118034242771,-2.220446049250313e-16,0.7014693272071238,-1.949058198786386e-16,0.7186404433911947,-0.07018142761087591,-0.018049610847418733
Rival,fieryprophet,40,2,Demigods,The Acropolis,Solar,RSC000633,5.0,2.0,"[2, 3, 4, 5, 6]",205.125,0.6,0.525,0.925,2.15,27.907,0.133,0.158,0.683,1,0,1,56,34.0,160.48,44.65,2,1.25,43.4,43.4,1,1,1.55,0.55,1.68,5.85,6.95,201.94315555555556,30.307867543650012,0.7437111111111111,0.18227871044866512,0.4683333333333333,0.15747986884331944,2.1246222222222224,0.36829307060897276,34.8968,5.752138442669508,0.9214,0.19171467909844092,0.32750417344173444,0.14722598638179407,0.26628303523035235,0.10801127180000276,1.005280975609756,0.39403089666727814,27.006444444444444,11.366795973671326,1.0,0.0,1.0,0.0,27.006444444444444,11.366795973671326,1.3815555555555556,0.2527211502782857,0.6773333333333333,0.2692531758907827,0.36600000000000005,7.548438550154234,4.225111111111111,2.333512395726687,3.2695555555555553,1.3398116481525497,0.10498410816471594,-0.7884141310709144,0.35983435268825215,0.06890647639885088,-1.2151654675328198,0.0187779048371749,1.3211266449751344,1.0025160654607677,0.8179078806652358,1.442231882539953,0,0,1.442231882539953,0.6665229414275798,0.4729130228903357,0.17407573649429145,0.6963275154931744,2.746986451057778,,,,2.26,2.44,-0.0004444444444444461,1.5881492309597294,-1.2335811384723961e-17,1.6025221598240922,1.4233199250919526,1.5225998498940179,1.0847,72.912,4.444444444439021e-06,0.8992878856870221,-7.970271111111114,323.2709365968693,1.2061716529483648,0.25019963737715856,0.2171,0.8241,0.0851,0.2562,1.2361,0.3317,0.3914,1.3825,1.9592,2.1088,109.407,-6.6666666666511295e-06,0.6098554968187136,2.2222222222219773e-06,0.8569242232036222,4.4444444444328525e-06,1.7195539646235376,130.51413333333335,25.177181437130365,2.266941388375536,2.286313917528544,1.2263619513780335,-0.8383437751378056,0.7438708749808737,0.9070486762925357,-2.220446049250313e-16,0.7014693272071238,-1.949058198786386e-16,0.7186404433911947,1.060446759579026,1.2621731557609825
Rival,qwertycube,51,2,Demigods,The Acropolis,Solar,RSC001593,1.0,2.0,[2],219.706,0.765,0.373,0.98,2.294,33.348,0.3482292682926829,0.077,0.333,1,0,4,56,34.0,173.95,45.76,5,2.45,43.31,43.31,1,1,1.53,-0.02,-49.0,12.73,2.81,201.94315555555556,30.307867543650012,0.7437111111111111,0.18227871044866512,0.4683333333333333,0.15747986884331944,2.1246222222222224,0.36829307060897276,34.8968,5.752138442669508,0.9214,0.19171467909844092,0.32750417344173444,0.14722598638179407,0.26628303523035235,0.10801127180000276,1.005280975609756,0.39403089666727814,27.006444444444444,11.366795973671326,1.0,0.0,1.0,0.0,27.006444444444444,11.366795973671326,1.3815555555555556,0.2527211502782857,0.6773333333333333,0.2692531758907827,0.36600000000000005,7.548438550154234,4.225111111111111,2.333512395726687,3.2695555555555553,1.3398116481525497,0.5860803112875563,0.11679306286778056,-0.605368381581412,0.45989944230476937,-0.26925638446233535,0.3056625620717873,-0.14077062997019485,1.7524377972405978,1.7061630986197356,1.434314084049643,0,0,1.434314084049643,0.5873843336063631,2.5898796960381745,-6.539895591915672,3.6446726850321074,-0.3430001195983263,,,,3.14,3.19,-0.0004444444444444461,1.5881492309597294,-1.2335811384723961e-17,1.6025221598240922,1.9774240249114703,1.9906120988368512,2.8673,-2122.19,4.444444444439021e-06,0.8992878856870221,-7.970271111111114,323.2709365968693,3.188406739589347,-6.54008600694407,0.5739,-0.1029,-2.2236,0.3559,-0.1544,0.8768,0.5438,-1.3966999999999996,1.2662,2.0217,132.788,-6.6666666666511295e-06,0.6098554968187136,2.2222222222219773e-06,0.8569242232036222,4.4444444444328525e-06,1.7195539646235376,130.51413333333335,25.177181437130365,-2.290203729603368,1.4776076384491514,1.1757092810973024,0.09031458395550385,-0.4021998912906382,0.9057265330669946,-2.220446049250313e-16,0.7014693272071238,-1.949058198786386e-16,0.7186404433911947,-0.5733677520754658,1.2603333717108363
Rival,Fuzzball,14,2,Dingoes,The Pack,Lunar,RSC001299,5.0,2.0,"[2, 8, 9, 10, 12]",117.143,0.286,0.071,0.571,1.071,26.704,0.143,0.048,0.667,0,0,0,56,34.0,75.41,41.73,0,0.0,41.73,41.73,1,1,0.78,0.52,1.1,11.9,3.99,201.94315555555556,30.307867543650012,0.7437111111111111,0.18227871044866512,0.4683333333333333,0.15747986884331944,2.1246222222222224,0.36829307060897276,34.8968,5.752138442669508,0.9214,0.19171467909844092,0.32750417344173444,0.14722598638179407,0.26628303523035235,0.10801127180000276,1.005280975609756,0.39403089666727814,27.006444444444444,11.366795973671326,1.0,0.0,1.0,0.0,27.006444444444444,11.366795973671326,1.3815555555555556,0.2527211502782857,0.6773333333333333,0.2692531758907827,0.36600000000000005,7.548438550154234,4.225111111111111,2.333512395726687,3.2695555555555553,1.3398116481525497,-2.7979584981828443,-2.511050851657279,-2.523073814143508,-2.860825538965633,-1.4243050791729215,-1.827716070818333,1.2532038533147853,2.020928293803747,0.858513833486013,1.2953127327753062,0,0,1.2953127327753062,-2.38031345968926,0.5843323214770642,0.09723865341461943,3.2889856951022653,0.5377206903954426,,,,2.15,3.32,-0.0004444444444444461,1.5881492309597294,-1.2335811384723961e-17,1.6025221598240922,1.354056912614513,2.0717342219869423,2.7169,45.903,4.444444444439021e-06,0.8992878856870221,-7.970271111111114,323.2709365968693,3.021163299091869,0.16665052441226122,0.5438,0.1613,0.0567,0.2437,0.242,0.8308,0.3724,1.0054999999999998,1.4452,-1.085,66.014,-6.6666666666511295e-06,0.6098554968187136,2.2222222222219773e-06,0.8569242232036222,4.4444444444328525e-06,1.7195539646235376,130.51413333333335,25.177181437130365,1.6487621607279939,1.686494253103136,-0.6309801650697161,-2.5618488508888833,-0.6510126718841387,-0.3991031246954754,-2.220446049250313e-16,0.7014693272071238,-1.949058198786386e-16,0.7186404433911947,-0.9280700475901393,-0.5553585640298034
Rival,SavorySweets,53,2,Dingoes,The Pack,Lunar,RSC001639,1.0,2.0,[2],236.698,1.057,0.774,0.66,2.755,38.367,0.308,0.27,0.956,3,0,4,56,34.0,209.57,27.13,7,3.3,23.83,23.83,1,1,1.7,0.65,1.02,2.44,2.14,201.94315555555556,30.307867543650012,0.7437111111111111,0.18227871044866512,0.4683333333333333,0.15747986884331944,2.1246222222222224,0.36829307060897276,34.8968,5.752138442669508,0.9214,0.19171467909844092,0.32750417344173444,0.14722598638179407,0.26628303523035235,0.10801127180000276,1.005280975609756,0.39403089666727814,27.006444444444444,11.366795973671326,1.0,0.0,1.0,0.0,27.006444444444444,11.366795973671326,1.3815555555555556,0.2527211502782857,0.6773333333333333,0.2692531758907827,0.36600000000000005,7.548438550154234,4.225111111111111,2.333512395726687,3.2695555555555553,1.3398116481525497,1.1467268158800616,1.7187354909289856,1.9409888318536888,1.7116199789896875,0.6032886785648216,-1.3634845345659592,0.13247779091902434,-0.03441274885208391,0.12506881066072648,-0.2794494114086307,0,0,-0.2794494114086307,1.260062500086704,0.10151536093457467,0.08664043505880259,-0.7649889130137675,-0.843070410018517,,,,-0.15,-0.31,-0.0004444444444444461,1.5881492309597294,-1.2335811384723961e-17,1.6025221598240922,-0.09416971191377155,-0.19344506289637112,-0.4964,24.3066,4.444444444439021e-06,0.8992878856870221,-7.970271111111114,323.2709365968693,-0.5519972551005845,0.09984464254935961,-0.0994,-0.2529,0.0339,-0.017,-0.3794,-0.1518,-0.0259,-0.33540000000000003,-0.5571,0.9806,171.617,-6.6666666666511295e-06,0.6098554968187136,2.2222222222219773e-06,0.8569242232036222,4.4444444444328525e-06,1.7195539646235376,130.51413333333335,25.177181437130365,-0.54995541580407,-0.6501184202023004,0.5702615769725131,1.6325444041186308,0.6255031002146878,0.4645313958751901,-2.220446049250313e-16,0.7014693272071238,-1.949058198786386e-16,0.7186404433911947,0.8917041358103386,0.6464030797976129
Rival,ToastyGloves,56,2,Dingoes,The Pack,Lunar,RSC003606,2.0,1.0,"[1, 2]",274.464,1.054,0.875,1.0,2.625,40.152,0.25,0.238,0.875,3,2,7,56,34.0,232.4,42.06,12,5.36,36.7,36.7,1,1,1.57,0.62,1.61,4.2,4.0,201.94315555555556,30.307867543650012,0.7437111111111111,0.18227871044866512,0.4683333333333333,0.15747986884331944,2.1246222222222224,0.36829307060897276,34.8968,5.752138442669508,0.9214,0.19171467909844092,0.32750417344173444,0.14722598638179407,0.26628303523035235,0.10801127180000276,1.005280975609756,0.39403089666727814,27.006444444444444,11.366795973671326,1.0,0.0,1.0,0.0,27.006444444444444,11.366795973671326,1.3815555555555556,0.2527211502782857,0.6773333333333333,0.2692531758907827,0.36600000000000005,7.548438550154234,4.225111111111111,2.333512395726687,3.2695555555555553,1.3398116481525497,2.3928059055952526,1.7022771783119188,2.582340648703926,1.3586402181024007,0.9136080524447736,0.4099842556116466,0.5264299825490494,0.26185262666587394,0.33063644681591053,0.8527957727057422,0,0,0.8527957727057422,0.7456615492487965,0.2129346595213031,0.16480229543295175,-0.010761078945668289,0.5451844260733557,,,,1.18,1.11,-0.0004444444444444461,1.5881492309597294,-1.2335811384723961e-17,1.6025221598240922,0.743283075313454,0.6926581284353934,0.3198,59.087,4.444444444439021e-06,0.8992878856870221,-7.970271111111114,323.2709365968693,0.3556097670672432,0.20743365245584694,0.064,0.1636,0.0705,0.1338,0.2453,0.0978,0.2044,0.43189999999999995,0.5475,1.5985,171.80200000000002,-6.6666666666511295e-06,0.6098554968187136,2.2222222222219773e-06,0.8569242232036222,4.4444444444328525e-06,1.7195539646235376,130.51413333333335,25.177181437130365,0.7082114843921062,0.6389103761484888,0.9295989474255986,1.6398923274936912,1.1406584366517833,1.0690291357392678,-2.220446049250313e-16,0.7014693272071238,-1.949058198786386e-16,0.7186404433911947,1.6260988077601,1.4875716299720385
Rival,Zeus,56,2,Dingoes,The Pack,Lunar,RSC003874,1.0,2.0,[2],220.536,1.018,0.625,0.804,2.554,39.859,0.381,0.351,1.155,3,1,3,56,34.0,204.42,16.12,7,3.12,13.0,13.0,1,1,1.54,0.77,1.04,2.29,2.11,201.94315555555556,30.307867543650012,0.7437111111111111,0.18227871044866512,0.4683333333333333,0.15747986884331944,2.1246222222222224,0.36829307060897276,34.8968,5.752138442669508,0.9214,0.19171467909844092,0.32750417344173444,0.14722598638179407,0.26628303523035235,0.10801127180000276,1.005280975609756,0.39403089666727814,27.006444444444444,11.366795973671326,1.0,0.0,1.0,0.0,27.006444444444444,11.366795973671326,1.3815555555555556,0.2527211502782857,0.6773333333333333,0.2692531758907827,0.36600000000000005,7.548438550154234,4.225111111111111,2.333512395726687,3.2695555555555553,1.3398116481525497,0.613465939748702,1.5047774269071126,0.9948361515498731,1.1658589640793433,0.8626704745473924,-0.6123683410789731,-0.3633585882015245,-0.7843344806319137,-0.3799677275476891,-1.232224496409303,0,0,-1.232224496409303,0.6269536375169714,-0.3441618334123387,0.0892899896477568,-0.8292696943263895,-0.8654616170522571,,,,-1.61,-2.02,-0.0004444444444444461,1.5881492309597294,-1.2335811384723961e-17,1.6025221598240922,-1.0134787866143349,-1.2605129904860313,-1.032,13.52,4.444444444439021e-06,0.8992878856870221,-7.970271111111114,323.2709365968693,-1.147579613680698,0.06647758483129669,-0.2066,-0.2596,0.0226,-0.1824,-0.3895,-0.3156,-0.2787,-0.626,-0.9838,-0.6053,167.199,-6.6666666666511295e-06,0.6098554968187136,2.2222222222219773e-06,0.8569242232036222,4.4444444444328525e-06,1.7195539646235376,130.51413333333335,25.177181437130365,-1.0264617382294694,-1.148062098821603,-0.3520124735236,1.457068050221269,0.14905147862141072,-0.019163335094648515,-2.220446049250313e-16,0.7014693272071238,-1.949058198786386e-16,0.7186404433911947,0.21248467016348999,-0.026666096058020887
Rival,Adamlol-,32,2,FA,Free Agent,N/A,,,,,213.438,0.938,0.312,0.656,2.5,37.52,0.073,0.146,0.417,5,0,0,56,34.0,171.79,41.65,5,3.91,37.74,37.74,1,1,1.56,0.34,1.93,4.49,8.99,201.94315555555556,30.307867543650012,0.7437111111111111,0.18227871044866512,0.4683333333333333,0.15747986884331944,2.1246222222222224,0.36829307060897276,34.8968,5.752138442669508,0.9214,0.19171467909844092,0.32750417344173444,0.14722598638179407,0.26628303523035235,0.10801127180000276,1.005280975609756,0.39403089666727814,27.006444444444444,11.366795973671326,1.0,0.0,1.0,0.0,27.006444444444444,11.366795973671326,1.3815555555555556,0.2527211502782857,0.6773333333333333,0.2692531758907827,0.36600000000000005,7.548438550154234,4.225111111111111,2.333512395726687,3.2695555555555553,1.3398116481525497,0.3792693243062817,1.0658890904519875,-0.992719478887001,1.0192366018646244,0.456039093311983,-1.384348873273931,1.7286633949372292,1.113615581280002,1.4929818463106554,0.9442903330382167,0,0,0.9442903330382167,0.7060922453381882,1.2528481129974343,0.20719516885621905,0.11351509825873442,4.26958852935209,,,,2.44,2.06,-0.0004444444444444461,1.5881492309597294,-1.2335811384723961e-17,1.6025221598240922,1.5366594000550358,1.2854736437629823,0.6643,72.8382,4.444444444439021e-06,0.8992878856870221,-7.970271111111114,323.2709365968693,0.7386906530471704,0.2499713458988806,0.133,1.2809,0.085,0.2766,1.9213,0.2031,0.4226,1.7754999999999999,2.547,1.6504,156.32,-6.6666666666511295e-06,0.6098554968187136,2.2222222222219773e-06,0.8569242232036222,4.4444444444328525e-06,1.7195539646235376,130.51413333333335,25.177181437130365,2.9113563392123623,2.972255549336433,0.9597811929774923,1.0249704372630495,1.6298766889492224,1.7882390634638692,-2.220446049250313e-16,0.7014693272071238,-1.949058198786386e-16,0.7186404433911947,2.323518115094955,2.4883640767910893
Rival,MrMenstration,4,2,FA,Free Agent,N/A,RSC000823,2.0,1.0,"[1, 2]",173.75,0.5,0.75,1.5,2.0,25.0,0.25,0.5,0.833,0,0,1,56,34.0,193.0,-19.25,1,6.25,-25.5,-25.5,1,1,1.5,0.58,2.59,3.0,6.0,201.94315555555556,30.307867543650012,0.7437111111111111,0.18227871044866512,0.4683333333333333,0.15747986884331944,2.1246222222222224,0.36829307060897276,34.8968,5.752138442669508,0.9214,0.19171467909844092,0.32750417344173444,0.14722598638179407,0.26628303523035235,0.10801127180000276,1.005280975609756,0.39403089666727814,27.006444444444444,11.366795973671326,1.0,0.0,1.0,0.0,27.006444444444444,11.366795973671326,1.3815555555555556,0.2527211502782857,0.6773333333333333,0.2692531758907827,0.36600000000000005,7.548438550154234,4.225111111111111,2.333512395726687,3.2695555555555553,1.3398116481525497,-0.9302256423996575,-1.3370245516398203,1.7885884001268995,-0.3383778630864803,-1.7205427335658836,3.018026594108126,0.5264299825490494,-2.163820135387404,0.43722707297045055,-4.6192827394864855,0,0,-4.6192827394864855,0.46867642187453806,0.3614937243036077,0.2946304702917079,-0.5250073294466451,2.037931561656015,,,,-4.18,-6.78,-0.0004444444444444461,1.5881492309597294,-1.2335811384723961e-17,1.6025221598240922,-2.6317146235872437,-4.230830730443214,-2.2667,-66.045,4.444444444439021e-06,0.8992878856870221,-7.970271111111114,323.2709365968693,-2.5205548529242865,-0.17964723182433873,-0.4537,0.6114,-0.0611,-0.4737,0.9171,-0.6932,-0.7237,-0.3771,-0.4998,-4.1506,95.0,-6.6666666666511295e-06,0.6098554968187136,2.2222222222219773e-06,0.8569242232036222,4.4444444444328525e-06,1.7195539646235376,130.51413333333335,25.177181437130365,-0.6183322693661455,-0.5832513642264718,-2.4137680641811885,-1.4105682727836417,-1.4199943353332056,-1.320409459296185,-2.220446049250313e-16,0.7014693272071238,-1.949058198786386e-16,0.7186404433911947,-2.024314221958734,-1.837371485892584
Rival,Solar,12,2,FA,Free Agent,N/A,RSC004474,4.0,1.0,"[1, 2, 17, 18]",163.75,0.667,0.0,0.667,1.833,36.388,0.083,0.2967365853658537,0.417,0,0,0,56,34.0,123.05,40.7,0,0.0,40.7,40.7,1,1,1.17,0.33,2.02,2.25,8.04,201.94315555555556,30.307867543650012,0.7437111111111111,0.18227871044866512,0.4683333333333333,0.15747986884331944,2.1246222222222224,0.36829307060897276,34.8968,5.752138442669508,0.9214,0.19171467909844092,0.32750417344173444,0.14722598638179407,0.26628303523035235,0.10801127180000276,1.005280975609756,0.39403089666727814,27.006444444444444,11.366795973671326,1.0,0.0,1.0,0.0,27.006444444444444,11.366795973671326,1.3815555555555556,0.2527211502782857,0.6773333333333333,0.2692531758907827,0.36600000000000005,7.548438550154234,4.225111111111111,2.333512395726687,3.2695555555555553,1.3398116481525497,-1.2601729732568283,-0.42084514928974714,-2.973925091335259,-0.7918210943801494,0.2592427172715872,-1.3269719418270085,1.6607406032768801,-0.28194788958591405,1.4929818463106554,1.2046979278306444,0,0,1.2046979278306444,-0.8371106071755364,1.2899878791930104,0.219118164506513,-0.8464112360097554,3.560533639950326,,,,2.7,0.92,-0.0004444444444444461,1.5881492309597294,-1.2335811384723961e-17,1.6025221598240922,1.7003719750017117,0.5740950253698756,-0.1788,82.214,4.444444444439021e-06,0.8992878856870221,-7.970271111111114,323.2709365968693,-0.19882892596495344,0.2789742624576678,-0.0358,1.0682,0.0949,0.3061,1.6022,-0.0547,0.4676,1.4334,2.0151000000000003,0.3676,121.418,-6.6666666666511295e-06,0.6098554968187136,2.2222222222219773e-06,0.8569242232036222,4.4444444444328525e-06,1.7195539646235376,130.51413333333335,25.177181437130365,2.3504037827714503,2.3515472234456265,0.2137737826890669,-0.3612848148251696,0.6888382437105589,0.8618620638865656,-2.220446049250313e-16,0.7014693272071238,-1.949058198786386e-16,0.7186404433911947,0.9819933915758584,1.199295241191161
Rival,Tacomnivore,20,2,FA,Free Agent,N/A,RSC001730,2.0,1.0,"[1, 2]",137.75,0.3,0.2,1.3,1.35,22.222,0.05,0.1,0.55,0,0,2,56,34.0,127.6,10.15,2,2.5,7.65,7.65,1,1,1.05,0.5,2.6,13.0,26.0,201.94315555555556,30.307867543650012,0.7437111111111111,0.18227871044866512,0.4683333333333333,0.15747986884331944,2.1246222222222224,0.36829307060897276,34.8968,5.752138442669508,0.9214,0.19171467909844092,0.32750417344173444,0.14722598638179407,0.26628303523035235,0.10801127180000276,1.005280975609756,0.39403089666727814,27.006444444444444,11.366795973671326,1.0,0.0,1.0,0.0,27.006444444444444,11.366795973671326,1.3815555555555556,0.2527211502782857,0.6773333333333333,0.2692531758907827,0.36600000000000005,7.548438550154234,4.225111111111111,2.333512395726687,3.2695555555555553,1.3398116481525497,-2.1180360334854726,-2.4342453927776324,-1.7039214936120164,-2.103276667522916,-2.203493557453001,1.9748096587095345,1.8848858157560324,1.5394970585870658,1.1554448634879457,-1.7028936288888594,0,0,-1.7028936288888594,-1.3119422541028358,0.6586118538682164,0.295955247586185,3.760378091394827,16.965402917482606,,,,-0.55,-0.16,-0.0004444444444444461,1.5881492309597294,-1.2335811384723961e-17,1.6025221598240922,-0.34603521183173414,-0.09984261310780444,1.9461,19.89,4.444444444439021e-06,0.8992878856870221,-7.970271111111114,323.2709365968693,2.164040666542296,0.08618241838997698,0.3895,5.0896,0.0293,-0.0623,7.6344,0.5951,-0.0952,5.4461,8.1343,-3.0148,65.72200000000001,-6.6666666666511295e-06,0.6098554968187136,2.2222222222219773e-06,0.8569242232036222,4.4444444444328525e-06,1.7195539646235376,130.51413333333335,25.177181437130365,8.93015918537434,9.492435337359938,-1.753247938981942,-2.573446654270058,1.4441969259403848,2.449753834051088,-2.220446049250313e-16,0.7014693272071238,-1.949058198786386e-16,0.7186404433911947,2.0588169288747173,3.4088727632568756
Rival,Zaz,4,2,FA,Free Agent,N/A,RSC002649,1.0,2.0,[2],126.25,0.25,0.25,1.0,2.0,12.5,0.25,0.2967365853658537,0.417,0,0,1,56,34.0,114.5,11.75,1,6.25,5.5,5.5,1,1,1.75,0.17,5.88,3.37,4.0,201.94315555555556,30.307867543650012,0.7437111111111111,0.18227871044866512,0.4683333333333333,0.15747986884331944,2.1246222222222224,0.36829307060897276,34.8968,5.752138442669508,0.9214,0.19171467909844092,0.32750417344173444,0.14722598638179407,0.26628303523035235,0.10801127180000276,1.005280975609756,0.39403089666727814,27.006444444444444,11.366795973671326,1.0,0.0,1.0,0.0,27.006444444444444,11.366795973671326,1.3815555555555556,0.2527211502782857,0.6773333333333333,0.2692531758907827,0.36600000000000005,7.548438550154234,4.225111111111111,2.333512395726687,3.2695555555555553,1.3398116481525497,-2.497475463971219,-2.708550603062085,-1.386420594181206,-0.3383778630864803,-3.893647592669184,0.4099842556116466,0.5264299825490494,-0.28194788958591405,1.4929818463106554,-1.8920410372684946,0,0,-1.8920410372684946,1.4579090196397457,1.884224138322228,0.7304822001746752,-0.3664480688755105,0.5451844260733557,,,,-0.4,-2.17,-0.0004444444444444461,1.5881492309597294,-1.2335811384723961e-17,1.6025221598240922,-0.25158564936249816,-1.3541154402745978,-0.8307,32.34,4.444444444439021e-06,0.8992878856870221,-7.970271111111114,323.2709365968693,-0.9237358332808159,0.124695005172641,-0.1663,0.1636,0.0424,-0.0453,0.2453,-0.254,-0.0692,-0.005600000000000015,-0.07790000000000001,-0.4341,57.5,-6.6666666666511295e-06,0.6098554968187136,2.2222222222219773e-06,0.8569242232036222,4.4444444444328525e-06,1.7195539646235376,130.51413333333335,25.177181437130365,-0.00917157156492113,-0.09090911438001342,-0.2524517714333455,-2.9000122001605324,-1.2311934769676403,-1.1409564629538,-2.220446049250313e-16,0.7014693272071238,-1.949058198786386e-16,0.7186404433911947,-1.7551636674829316,-1.5876596891343002
Rival,jRampag3,5,2,FA,Free Agent,N/A,RSC003662,2.0,1.0,"[1, 2]",183.0,0.2,0.0,2.0,1.2,16.667,0.3482292682926829,0.2967365853658537,0.467,0,0,2,56,34.0,146.0,37.0,2,10.0,27.0,27.0,1,1,1.0,0.12,16.67,6.74,5.74,201.94315555555556,30.307867543650012,0.7437111111111111,0.18227871044866512,0.4683333333333333,0.15747986884331944,2.1246222222222224,0.36829307060897276,34.8968,5.752138442669508,0.9214,0.19171467909844092,0.32750417344173444,0.14722598638179407,0.26628303523035235,0.10801127180000276,1.005280975609756,0.39403089666727814,27.006444444444444,11.366795973671326,1.0,0.0,1.0,0.0,27.006444444444444,11.366795973671326,1.3815555555555556,0.2527211502782857,0.6773333333333333,0.2692531758907827,0.36600000000000005,7.548438550154234,4.225111111111111,2.333512395726687,3.2695555555555553,1.3398116481525497,-0.6250243613567745,-2.982855813346538,-2.973925091335259,-2.5105610070082482,-3.1692213568385075,5.626068932604605,-0.14077062997019485,-0.28194788958591405,1.366088243745727,-0.0005669534721456392,0,0,-0.0005669534721456392,-1.5097887736558775,2.0699229693001087,2.1599169009154706,1.0777268179480657,1.8438744340302693,,,,1.37,-0.28,-0.0004444444444444461,1.5881492309597294,-1.2335811384723961e-17,1.6025221598240922,0.8629191877744862,-0.1747245729386578,0.4891,450.09,4.444444444439021e-06,0.8992878856870221,-7.970271111111114,323.2709365968693,0.5438698367229811,1.4169546942054028,0.0979,0.5532,0.4818,0.1553,0.8297,0.1496,0.2373,1.2882000000000002,1.2166000000000001,-1.5104,48.667,-6.6666666666511295e-06,0.6098554968187136,2.2222222222219773e-06,0.8569242232036222,4.4444444444328525e-06,1.7195539646235376,130.51413333333335,25.177181437130365,2.112314594828684,1.4197262077964274,-0.8783699002869721,-3.2508457524410677,-0.8404343577604438,-0.8132227638290866,-2.220446049250313e-16,0.7014693272071238,-1.949058198786386e-16,0.7186404433911947,-1.1981056407791975,-1.1316128549508944
Rival,polarpandah,25,2,FA,Free Agent,N/A,RSC001576,8.0,2.0,"[2, 10, 11, 12, 13, 14, 15, 16]",123.8,0.32,0.44,0.76,1.04,30.769,0.64,0.547,1.827,0,1,2,56,34.0,107.72,16.08,3,3.0,13.08,13.08,1,1,0.72,1.19,0.64,1.39,1.19,201.94315555555556,30.307867543650012,0.7437111111111111,0.18227871044866512,0.4683333333333333,0.15747986884331944,2.1246222222222224,0.36829307060897276,34.8968,5.752138442669508,0.9214,0.19171467909844092,0.32750417344173444,0.14722598638179407,0.26628303523035235,0.10801127180000276,1.005280975609756,0.39403089666727814,27.006444444444444,11.366795973671326,1.0,0.0,1.0,0.0,27.006444444444444,11.366795973671326,1.3815555555555556,0.2527211502782857,0.6773333333333333,0.2692531758907827,0.36600000000000005,7.548438550154234,4.225111111111111,2.333512395726687,3.2695555555555553,1.3398116481525497,-2.5783125600312258,-2.324523308663851,-0.1799171763441259,-2.9449976357926015,-0.7176113789925285,-0.8418760668666635,-2.1225588922045677,-2.598959905679404,-2.085417746020328,-1.225186453306805,0,0,-1.225186453306805,-2.61772928315291,-1.9040320136265352,0.036298897868672644,-1.2149543822021223,-1.5521252994202803,,,,-3.31,-3.82,-0.0004444444444444461,1.5881492309597294,-1.2335811384723961e-17,1.6025221598240922,-2.083907161265676,-2.383742387948831,-1.7643,8.3712,4.444444444439021e-06,0.8992878856870221,-7.970271111111114,323.2709365968693,-1.9618905942412226,0.05055038749582839,-0.3531,-0.4656,0.0172,-0.3751,-0.6985,-0.5395,-0.5731,-1.1766,-1.8111000000000002,-3.8429,73.169,-6.6666666666511295e-06,0.6098554968187136,2.2222222222219773e-06,0.8569242232036222,4.4444444444328525e-06,1.7195539646235376,130.51413333333335,25.177181437130365,-1.929298562480759,-2.1134916871078677,-2.2348263116509828,-2.277662949545373,-2.151136809582565,-2.201713651475717,-2.220446049250313e-16,0.7014693272071238,-1.949058198786386e-16,0.7186404433911947,-3.0666156396990907,-3.0637207684639116
Rival,russwalk97,1,2,FA,Free Agent,N/A,,,,,90.0,0.0,2.0,0.0,0.0,0.01,5.333,1.0,8.0,0,0,0,56,34.0,100.0,-10.0,0,0.0,-10.0,-10.0,1,1,0.0,2.67,0.0,0.0,0.0,201.94315555555556,30.307867543650012,0.7437111111111111,0.18227871044866512,0.4683333333333333,0.15747986884331944,2.1246222222222224,0.36829307060897276,34.8968,5.752138442669508,0.9214,0.19171467909844092,0.32750417344173444,0.14722598638179407,0.26628303523035235,0.10801127180000276,1.005280975609756,0.39403089666727814,27.006444444444444,11.366795973671326,1.0,0.0,1.0,0.0,27.006444444444444,11.366795973671326,1.3815555555555556,0.2527211502782857,0.6773333333333333,0.2692531758907827,0.36600000000000005,7.548438550154234,4.225111111111111,2.333512395726687,3.2695555555555553,1.3398116481525497,-3.6935345383284632,-4.08007665448435,9.726110885897164,-5.768835722890899,-6.065013967885203,-4.806100421381313,-33.998725018406425,-6.792966627855491,-17.7517019186864,-3.25566188837749,0,0,-3.25566188837749,-5.466719164716708,-7.4007174105718,-0.04848684897786201,-1.8106229556990867,-2.4403098450919622,,,,-21.01,-10.05,-0.0004444444444444461,1.5881492309597294,-1.2335811384723961e-17,1.6025221598240922,-13.22895553263552,-6.271364135833967,-3.9072,-0.0,4.444444444439021e-06,0.8992878856870221,-7.970271111111114,323.2709365968693,-4.344776024042053,0.02465508095164872,-0.7821,-0.7321,0.0084,-2.3812,-1.0981,-1.1948,-3.638,-3.8870000000000005,-5.9309,-8.7224,0.01,-6.6666666666511295e-06,0.6098554968187136,2.2222222222219773e-06,0.8569242232036222,4.4444444444328525e-06,1.7195539646235376,130.51413333333335,25.177181437130365,-6.373630070745736,-6.9211513242670035,-5.072480785070356,-5.183429037091131,-5.5462393501515415,-5.851890371476495,-2.220446049250313e-16,0.7014693272071238,-1.949058198786386e-16,0.7186404433911947,-7.906602805048802,-8.143001726791203
Rival,skrooms,8,2,FA,Free Agent,N/A,RSC001674,7.0,2.0,"[2, 12, 13, 14, 15, 16, 18]",146.25,0.625,0.25,0.875,1.125,55.556,1.0,0.2967365853658537,1.667,1,0,0,56,34.0,136.12,10.13,1,3.12,7.01,7.01,1,1,0.5,0.67,1.31,2.95,0.88,201.94315555555556,30.307867543650012,0.7437111111111111,0.18227871044866512,0.4683333333333333,0.15747986884331944,2.1246222222222224,0.36829307060897276,34.8968,5.752138442669508,0.9214,0.19171467909844092,0.32750417344173444,0.14722598638179407,0.26628303523035235,0.10801127180000276,1.005280975609756,0.39403089666727814,27.006444444444444,11.366795973671326,1.0,0.0,1.0,0.0,27.006444444444444,11.366795973671326,1.3815555555555556,0.2527211502782857,0.6773333333333333,0.2692531758907827,0.36600000000000005,7.548438550154234,4.225111111111111,2.333512395726687,3.2695555555555553,1.3398116481525497,-1.8375808022568774,-0.6512615259286878,-1.386420594181206,-2.714203176750914,3.5915686324149525,-0.24202632901247328,-4.567779391977137,-0.28194788958591405,-1.679358217812557,-1.759197973708844,0,0,-1.759197973708844,-3.488253969186293,0.02723582854342237,0.12505897659863863,-0.5464342565508523,-1.7835011054355925,,,,-3.44,-2.04,-0.0004444444444444461,1.5881492309597294,-1.2335811384723961e-17,1.6025221598240922,-2.1657634487390136,-1.2729933171245067,-0.8879,9.1831,4.444444444439021e-06,0.8992878856870221,-7.970271111111114,323.2709365968693,-0.9873417162359737,0.05306190309493239,-0.1777,-0.5351,0.018,-0.3898,-0.8026,-0.2715,-0.5956,-1.0846,-1.6697000000000002,-5.2475,129.30599999999998,-6.6666666666511295e-06,0.6098554968187136,2.2222222222219773e-06,0.8569242232036222,4.4444444444328525e-06,1.7195539646235376,130.51413333333335,25.177181437130365,-1.7784431541423669,-1.9484829311744967,-3.0516660438704415,-0.04798524951453282,-1.4300301725178133,-1.5290677128239365,-2.220446049250313e-16,0.7014693272071238,-1.949058198786386e-16,0.7186404433911947,-2.038621101526177,-2.1277228785071065
Rival,EOTP,15,2,Hellions,πολύ κεφάλη,Lunar,RSC003551,2.0,1.0,"[1, 2]",148.667,0.267,0.267,1.0,1.667,16.017,0.133,0.022,0.622,0,1,2,56,34.0,113.72,34.95,3,5.0,29.95,29.95,1,1,1.4,0.49,2.04,45.45,7.52,201.94315555555556,30.307867543650012,0.7437111111111111,0.18227871044866512,0.4683333333333333,0.15747986884331944,2.1246222222222224,0.36829307060897276,34.8968,5.752138442669508,0.9214,0.19171467909844092,0.32750417344173444,0.14722598638179407,0.26628303523035235,0.10801127180000276,1.005280975609756,0.39403089666727814,27.006444444444444,11.366795973671326,1.0,0.0,1.0,0.0,27.006444444444444,11.366795973671326,1.3815555555555556,0.2527211502782857,0.6773333333333333,0.2692531758907827,0.36600000000000005,7.548438550154234,4.225111111111111,2.333512395726687,3.2695555555555553,1.3398116481525497,-1.7578325323886992,-2.615286831565371,-1.2784702883747303,-1.242549096743916,-3.2822228095118797,0.4099842556116466,1.3211266449751344,2.2616439114120874,0.9727180757944487,0.25896088593246963,0,0,0.25896088593246963,0.07298338276845462,0.6957516200637925,0.2217677190954672,17.666453782025407,3.172419384698835,,,,1.23,2.52,-0.0004444444444444461,1.5881492309597294,-1.2335811384723961e-17,1.6025221598240922,0.7747662628031993,1.57252115644792,10.1023,61.098,4.444444444439021e-06,0.8992878856870221,-7.970271111111114,323.2709365968693,11.233661340648197,0.2136544405698981,2.0221,0.9517,0.0726,0.1395,1.4276,3.0893,0.2131,3.1859,4.7299999999999995,0.3319,59.387,-6.6666666666511295e-06,0.6098554968187136,2.2222222222219773e-06,0.8569242232036222,4.4444444444328525e-06,1.7195539646235376,130.51413333333335,25.177181437130365,5.224035338347886,5.519738676652902,0.1930125848816949,-2.8250633817349273,0.6460197068788893,1.2371956736081937,-2.220446049250313e-16,0.7014693272071238,-1.949058198786386e-16,0.7186404433911947,0.9209521811181608,1.721578134080497
Rival,Mattt,32,2,Hellions,πολύ κεφάλη,Lunar,RSC000397,7.0,2.0,"[2, 3, 5, 6, 7, 8, 11]",211.719,0.812,0.719,0.906,2.188,37.112,0.302,0.25,1.021,2,0,4,56,34.0,190.67,21.05,6,4.69,16.36,16.36,1,1,1.38,0.72,1.26,3.62,3.0,201.94315555555556,30.307867543650012,0.7437111111111111,0.18227871044866512,0.4683333333333333,0.15747986884331944,2.1246222222222224,0.36829307060897276,34.8968,5.752138442669508,0.9214,0.19171467909844092,0.32750417344173444,0.14722598638179407,0.26628303523035235,0.10801127180000276,1.005280975609756,0.39403089666727814,27.006444444444444,11.366795973671326,1.0,0.0,1.0,0.0,27.006444444444444,11.366795973671326,1.3815555555555556,0.2527211502782857,0.6773333333333333,0.2692531758907827,0.36600000000000005,7.548438550154234,4.225111111111111,2.333512395726687,3.2695555555555553,1.3398116481525497,0.3225513781319342,0.37463996053516657,1.5917378424797968,0.17208517573513551,0.38510895071085105,-0.08032770402569141,0.17323146591523386,0.15075311084663973,-0.03989287267368045,-0.9366266861043854,0,0,-0.9366266861043854,-0.006155225052762079,-0.15846300243445796,0.11843509012625308,-0.2593134333544737,-0.20118914171797375,,,,-0.98,-0.79,-0.0004444444444444461,1.5881492309597294,-1.2335811384723961e-17,1.6025221598240922,-0.6167906242435438,-0.49297290221978446,-0.3691,20.6136,4.444444444439021e-06,0.8992878856870221,-7.970271111111114,323.2709365968693,-0.41044080579653586,0.0884207884940682,-0.0739,-0.0604,0.0301,-0.111,-0.0905,-0.1129,-0.1696,-0.2152,-0.373,-0.9428,140.192,-6.6666666666511295e-06,0.6098554968187136,2.2222222222219773e-06,0.8569242232036222,4.4444444444328525e-06,1.7195539646235376,130.51413333333335,25.177181437130365,-0.3528595453445621,-0.43528028747716885,-0.5482843015344696,0.384390392976797,-0.11072425418729351,-0.1673198058874933,-2.220446049250313e-16,0.7014693272071238,-1.949058198786386e-16,0.7186404433911947,-0.15784618071347198,-0.23282826262592057
Rival,Taze,51,2,Hellions,πολύ κεφάλη,Lunar,RSC003578,2.0,1.0,"[1, 2]",171.961,0.569,0.529,0.686,1.608,35.386,0.425,0.301,1.229,1,1,3,56,34.0,138.53,33.43,5,2.45,30.98,30.98,1,1,1.04,0.8,0.86,2.28,1.61,201.94315555555556,30.307867543650012,0.7437111111111111,0.18227871044866512,0.4683333333333333,0.15747986884331944,2.1246222222222224,0.36829307060897276,34.8968,5.752138442669508,0.9214,0.19171467909844092,0.32750417344173444,0.14722598638179407,0.26628303523035235,0.10801127180000276,1.005280975609756,0.39403089666727814,27.006444444444444,11.366795973671326,1.0,0.0,1.0,0.0,27.006444444444444,11.366795973671326,1.3815555555555556,0.2527211502782857,0.6773333333333333,0.2692531758907827,0.36600000000000005,7.548438550154234,4.225111111111111,2.333512395726687,3.2695555555555553,1.3398116481525497,-0.989253219890005,-0.9584833614472754,0.385234424642717,-1.402747603608146,0.08504663176586745,-1.2278663329641422,-0.6622188715070607,-0.32141983138510505,-0.5677702593437834,0.34957569087713203,0,0,0.34957569087713203,-1.351511558013444,-0.45558113199906713,0.06544399834716894,-0.8335550797472311,-1.2386484009479217,,,,-0.22,0.03,-0.0004444444444444461,1.5881492309597294,-1.2335811384723961e-17,1.6025221598240922,-0.138246174399415,0.018720489957713343,-0.433,26.6428,4.444444444439021e-06,0.8992878856870221,-7.970271111111114,323.2709365968693,-0.48149702818874884,0.10707139799045678,-0.0867,-0.3716,0.0364,-0.0249,-0.5574,-0.1324,-0.038,-0.4468,-0.7278,-1.0019,108.36599999999999,-6.6666666666511295e-06,0.6098554968187136,2.2222222222219773e-06,0.8569242232036222,4.4444444444328525e-06,1.7195539646235376,130.51413333333335,25.177181437130365,-0.7326216385094707,-0.8493192309365749,-0.582653679417262,-0.8796907385617885,-0.7509579295755016,-0.7962532413170167,-2.220446049250313e-16,0.7014693272071238,-1.949058198786386e-16,0.7186404433911947,-1.0705499163668561,-1.107999485193979
Rival,Wolfgang3141,47,2,Hellions,πολύ κεφάλη,Lunar,,,,,270.0,0.957,0.532,1.106,2.894,33.068,0.255,0.199,0.794,4,2,7,56,34.0,214.28,55.72,13,6.91,48.81,48.81,1,1,1.94,0.54,2.05,5.56,4.34,201.94315555555556,30.307867543650012,0.7437111111111111,0.18227871044866512,0.4683333333333333,0.15747986884331944,2.1246222222222224,0.36829307060897276,34.8968,5.752138442669508,0.9214,0.19171467909844092,0.32750417344173444,0.14722598638179407,0.26628303523035235,0.10801127180000276,1.005280975609756,0.39403089666727814,27.006444444444444,11.366795973671326,1.0,0.0,1.0,0.0,27.006444444444444,11.366795973671326,1.3815555555555556,0.2527211502782857,0.6773333333333333,0.2692531758907827,0.36600000000000005,7.548438550154234,4.225111111111111,2.333512395726687,3.2695555555555553,1.3398116481525497,2.245517417100612,1.1701250703600796,0.40428447860856564,2.0890368002460953,-0.31793393330624947,0.9628892313729007,0.4924685867188748,0.6229260530783846,0.5362040829710946,1.9181795473463834,0,0,1.9181795473463834,2.2097257939413035,0.5100527890859119,0.22309249638994427,0.5720513382887717,0.7989514391224077,,,,2.45,2.54,-0.0004444444444444461,1.5881492309597294,-1.2335811384723961e-17,1.6025221598240922,1.542956037552985,1.5850014830863957,1.0481,100.0605,4.444444444439021e-06,0.8992878856870221,-7.970271111111114,323.2709365968693,1.1654727837847498,0.3341802769168496,0.2098,0.2397,0.1136,0.2777,0.3595,0.3205,0.4243,0.8408,1.1042999999999998,4.1279,157.708,-6.6666666666511295e-06,0.6098554968187136,2.2222222222219773e-06,0.8569242232036222,4.4444444444328525e-06,1.7195539646235376,130.51413333333335,25.177181437130365,1.3786981851482856,1.2886761137984246,2.400561797116543,1.08009972182836,1.535161975051745,1.4804411766855496,-2.220446049250313e-16,0.7014693272071238,-1.949058198786386e-16,0.7186404433911947,2.1884948001417825,2.060058253470249
Rival,Contagious_Tomfoolery,47,2,Jacks,House of Cards,Lunar,RSC000324,7.0,2.0,"[2, 4, 5, 6, 7, 8, 9]",197.128,0.83,0.319,0.915,2.34,35.47,0.475,0.376,1.383,3,0,2,56,34.0,174.51,22.62,5,2.66,19.96,19.96,1,1,1.51,0.91,1.01,2.43,1.93,201.94315555555556,30.307867543650012,0.7437111111111111,0.18227871044866512,0.4683333333333333,0.15747986884331944,2.1246222222222224,0.36829307060897276,34.8968,5.752138442669508,0.9214,0.19171467909844092,0.32750417344173444,0.14722598638179407,0.26628303523035235,0.10801127180000276,1.005280975609756,0.39403089666727814,27.006444444444444,11.366795973671326,1.0,0.0,1.0,0.0,27.006444444444444,11.366795973671326,1.3815555555555556,0.2527211502782857,0.6773333333333333,0.2692531758907827,0.36600000000000005,7.548438550154234,4.225111111111111,2.333512395726687,3.2695555555555553,1.3398116481525497,-0.15887477232176403,0.47338983623756914,-0.9482693529666874,0.5847999730802705,0.09964989641904094,-0.033382941932754734,-1.0018328298088064,-1.0157918052553183,-0.958602555243763,-0.6199147464919733,0,0,-0.6199147464919733,0.5082457257851464,-0.8641185601504043,0.08531565776432548,-0.7692742984346089,-0.9998088592546964,,,,-1.58,-1.64,-0.0004444444444444461,1.5881492309597294,-1.2335811384723961e-17,1.6025221598240922,-0.9945888741204877,-1.0233867843549955,-0.8887,20.1596,4.444444444439021e-06,0.8992878856870221,-7.970271111111114,323.2709365968693,-0.9882313090045772,0.08701639376319836,-0.1779,-0.2999,0.0296,-0.179,-0.4499,-0.2718,-0.2735,-0.6272,-0.9952000000000001,-0.1117,141.87,-6.6666666666511295e-06,0.6098554968187136,2.2222222222219773e-06,0.8569242232036222,4.4444444444328525e-06,1.7195539646235376,130.51413333333335,25.177181437130365,-1.0284294174686657,-1.1613654921571082,-0.06496129039422145,0.4510380439138215,-0.17650603860557088,-0.3177632107484807,-2.220446049250313e-16,0.7014693272071238,-1.949058198786386e-16,0.7186404433911947,-0.25162331660077486,-0.44217273557411635
Rival,Estoymuybien ;)~,55,2,Jacks,House of Cards,Lunar,,,,,200.727,0.836,0.545,0.8,2.218,37.692,0.825,0.619,2.238,1,0,3,56,34.0,178.63,22.1,4,1.82,20.28,20.28,1,1,1.38,1.41,0.57,1.29,0.97,201.94315555555556,30.307867543650012,0.7437111111111111,0.18227871044866512,0.4683333333333333,0.15747986884331944,2.1246222222222224,0.36829307060897276,34.8968,5.752138442669508,0.9214,0.19171467909844092,0.32750417344173444,0.14722598638179407,0.26628303523035235,0.10801127180000276,1.005280975609756,0.39403089666727814,27.006444444444444,11.366795973671326,1.0,0.0,1.0,0.0,27.006444444444444,11.366795973671326,1.3815555555555556,0.2527211502782857,0.6773333333333333,0.2692531758907827,0.36600000000000005,7.548438550154234,4.225111111111111,2.333512395726687,3.2695555555555553,1.3398116481525497,-0.040126727946267655,0.5063064614717036,0.48683471246057647,0.2535420436322013,0.4859410161732439,-0.633232679786945,-3.3791305379210264,-3.2655570005948085,-3.1284831591040403,-0.5917625740819811,0,0,-0.5917625740819811,-0.006155225052762079,-2.7211068699292094,0.02702545680733291,-1.2578082364105367,-1.7163274843343725,,,,-3.72,-3.86,-0.0004444444444444461,1.5881492309597294,-1.2335811384723961e-17,1.6025221598240922,-2.3420692986815874,-2.4087030412257824,-1.7987,11.5596,4.444444444439021e-06,0.8992878856870221,-7.970271111111114,323.2709365968693,-2.0001430832911775,0.06041332176874773,-0.36,-0.5149,0.0205,-0.4216,-0.7723,-0.55,-0.6441,-1.276,-1.9664000000000001,-0.5979,143.472,-6.6666666666511295e-06,0.6098554968187136,2.2222222222219773e-06,0.8569242232036222,4.4444444444328525e-06,1.7195539646235376,130.51413333333335,25.177181437130365,-2.0922879927941955,-2.2947212471959335,-0.3477090319612876,0.5146670884913624,-0.5784696408550873,-0.8160585146921919,-2.220446049250313e-16,0.7014693272071238,-1.949058198786386e-16,0.7186404433911947,-0.824654219961754,-1.1355588489304755
Rival,potatogamer-_-,11,2,Jacks,House of Cards,Lunar,RSC000702,1.0,2.0,[2],147.273,0.455,0.545,0.909,1.818,25.028,0.3482292682926829,0.2967365853658537,1.1426439024390245,0,0,0,56,34.0,142.74,4.53,0,0.0,4.53,4.53,1,1,1.36,0.79,1.15,3.06,2.61,201.94315555555556,30.307867543650012,0.7437111111111111,0.18227871044866512,0.4683333333333333,0.15747986884331944,2.1246222222222224,0.36829307060897276,34.8968,5.752138442669508,0.9214,0.19171467909844092,0.32750417344173444,0.14722598638179407,0.26628303523035235,0.10801127180000276,1.005280975609756,0.39403089666727814,27.006444444444444,11.366795973671326,1.0,0.0,1.0,0.0,27.006444444444444,11.366795973671326,1.3815555555555556,0.2527211502782857,0.6773333333333333,0.2692531758907827,0.36600000000000005,7.548438550154234,4.225111111111111,2.333512395726687,3.2695555555555553,1.3398116481525497,-1.8038271903101888,-1.583899240895828,0.48683471246057647,-0.8325495283286822,-1.7156749786814924,-0.06467944999471252,-0.14077062997019485,-0.28194788958591405,-0.3486095328845708,-1.9773773098862832,0,0,-1.9773773098862832,-0.08529383287397789,-0.41844136580349095,0.10386253988700493,-0.49929501692159617,-0.4922748331565924,,,,-2.33,-2.26,-0.0004444444444444461,1.5881492309597294,-1.2335811384723961e-17,1.6025221598240922,-1.4668366864666675,-1.4102769101477377,-0.9275,5.2095,4.444444444439021e-06,0.8992878856870221,-7.970271111111114,323.2709365968693,-1.0313765582818522,0.04077004648131042,-0.1856,-0.1477,0.0139,-0.264,-0.2215,-0.2836,-0.4034,-0.5834,-0.9085,-2.0627,88.708,-6.6666666666511295e-06,0.6098554968187136,2.2222222222219773e-06,0.8569242232036222,4.4444444444328525e-06,1.7195539646235376,130.51413333333335,25.177181437130365,-0.9566091252379965,-1.0601896849476085,-1.1995578428363154,-1.6604771045451192,-1.3037524707123918,-1.309741513896002,-2.220446049250313e-16,0.7014693272071238,-1.949058198786386e-16,0.7186404433911947,-1.8586022512249216,-1.822526864359955
Rival,tyty0804,51,2,Jacks,House of Cards,Lunar,,,,,198.235,0.49,0.627,1.294,1.725,28.406,0.392,0.366,1.32,1,1,5,56,34.0,171.36,26.88,7,3.43,23.45,23.45,1,1,1.24,0.93,1.39,3.54,3.3,201.94315555555556,30.307867543650012,0.7437111111111111,0.18227871044866512,0.4683333333333333,0.15747986884331944,2.1246222222222224,0.36829307060897276,34.8968,5.752138442669508,0.9214,0.19171467909844092,0.32750417344173444,0.14722598638179407,0.26628303523035235,0.10801127180000276,1.005280975609756,0.39403089666727814,27.006444444444444,11.366795973671326,1.0,0.0,1.0,0.0,27.006444444444444,11.366795973671326,1.3815555555555556,0.2527211502782857,0.6773333333333333,0.2692531758907827,0.36600000000000005,7.548438550154234,4.225111111111111,2.333512395726687,3.2695555555555553,1.3398116481525497,-0.12234960279587431,-1.391885593696711,1.0075361875271056,-1.0850658188095876,-1.1284151215574163,1.9435131506475767,-0.4380736590279086,-0.9232088754059564,-0.7987166160119532,-0.3128801161454963,0,0,-0.3128801161454963,-0.560125479801278,-0.9383980925415566,0.1356571949544554,-0.2935965167212055,0.02272292861942496,,,,-1.11,-1.24,-0.0004444444444444461,1.5881492309597294,-1.2335811384723961e-17,1.6025221598240922,-0.6986469117168818,-0.7737802515854845,-0.5193,32.5955,4.444444444439021e-06,0.8992878856870221,-7.970271111111114,323.2709365968693,-0.5774618481018627,0.12548536388131334,-0.1039,0.0068,0.0427,-0.1258,0.0102,-0.1588,-0.1921,-0.1802,-0.3407,-0.873,94.656,-6.6666666666511295e-06,0.6098554968187136,2.2222222222219773e-06,0.8569242232036222,4.4444444444328525e-06,1.7195539646235376,130.51413333333335,25.177181437130365,-0.29546890086799993,-0.39758733969323756,-0.5076923797710364,-1.424231438410779,-0.8042742551889315,-0.7936044248502241,-2.220446049250313e-16,0.7014693272071238,-1.949058198786386e-16,0.7186404433911947,-1.146556554926103,-1.104313613502298
Rival,Big Papa Jdog,48,2,Neutrinos,Galaxy Squad,Lunar,,,,,211.771,0.896,0.438,1.021,2.292,39.092,0.257,0.201,0.729,5,1,3,56,34.0,192.62,19.15,9,4.69,14.46,14.46,1,1,1.4,0.47,2.17,5.08,3.97,201.94315555555556,30.307867543650012,0.7437111111111111,0.18227871044866512,0.4683333333333333,0.15747986884331944,2.1246222222222224,0.36829307060897276,34.8968,5.752138442669508,0.9214,0.19171467909844092,0.32750417344173444,0.14722598638179407,0.26628303523035235,0.10801127180000276,1.005280975609756,0.39403089666727814,27.006444444444444,11.366795973671326,1.0,0.0,1.0,0.0,27.006444444444444,11.366795973671326,1.3815555555555556,0.2527211502782857,0.6773333333333333,0.2692531758907827,0.36600000000000005,7.548438550154234,4.225111111111111,2.333512395726687,3.2695555555555553,1.3398116481525497,0.32426710425239125,0.8354727138130473,-0.19261721232135834,0.45446898444496436,0.7293287603928134,0.5195220338284983,0.47888402838680494,0.6044094671085122,0.7011657663055018,-1.1037802097887137,0,0,-1.1037802097887137,0.07298338276845462,0.7700311524549449,0.23898982392366955,0.3663528380883812,0.5227932190396161,,,,-0.4,-0.5,-0.0004444444444444461,1.5881492309597294,-1.2335811384723961e-17,1.6025221598240922,-0.25158564936249816,-0.3120081659618889,0.0475,31.3782,4.444444444439021e-06,0.8992878856870221,-7.970271111111114,323.2709365968693,0.052814628453791236,0.12171979184191278,0.0095,0.1568,0.0414,-0.0453,0.2353,0.0145,-0.0692,0.1624,0.18060000000000004,-1.0308,151.61200000000002,-6.6666666666511295e-06,0.6098554968187136,2.2222222222219773e-06,0.8569242232036222,4.4444444444328525e-06,1.7195539646235376,130.51413333333335,25.177181437130365,0.2663035219225774,0.21075116432420446,-0.599460363356563,0.8379757169939734,0.2612161509257679,0.24210123664193706,-2.220446049250313e-16,0.7014693272071238,-1.949058198786386e-16,0.7186404433911947,0.37238428081494496,0.33688785381947745
Rival,Comandomoe,43,2,Neutrinos,Galaxy Squad,Lunar,RSC001206,1.0,2.0,[2],203.953,0.767,0.419,0.884,2.279,33.655,0.889,0.444,2.556,4,1,5,56,34.0,170.83,33.12,10,5.81,27.31,27.31,1,1,1.51,1.67,0.53,1.99,0.99,201.94315555555556,30.307867543650012,0.7437111111111111,0.18227871044866512,0.4683333333333333,0.15747986884331944,2.1246222222222224,0.36829307060897276,34.8968,5.752138442669508,0.9214,0.19171467909844092,0.32750417344173444,0.14722598638179407,0.26628303523035235,0.10801127180000276,1.005280975609756,0.39403089666727814,27.006444444444444,11.366795973671326,1.0,0.0,1.0,0.0,27.006444444444444,11.366795973671326,1.3815555555555556,0.2527211502782857,0.6773333333333333,0.2692531758907827,0.36600000000000005,7.548438550154234,4.225111111111111,2.333512395726687,3.2695555555555553,1.3398116481525497,0.06631428098825562,0.12776527127915868,-0.31326755410506646,0.4191710083562359,-0.21588492912275792,-0.1950815669195366,-3.8138364045472612,-1.645355728230978,-3.9355264714169857,0.026705463550034163,0,0,0.026705463550034163,0.5082457257851464,-3.6867407910141887,0.021726347629424502,-0.9578312569516336,-1.7014000129785463,,,,-3.91,-1.62,-0.0004444444444444461,1.5881492309597294,-1.2335811384723961e-17,1.6025221598240922,-2.4617054111426198,-1.01090645771652,-0.9828,14.4743,4.444444444439021e-06,0.8992878856870221,-7.970271111111114,323.2709365968693,-1.0928696584115762,0.06942959780854137,-0.1967,-0.5104,0.0236,-0.4431,-0.7656,-0.3005,-0.677,-1.1266,-1.7431,0.535,133.145,-6.6666666666511295e-06,0.6098554968187136,2.2222222222219773e-06,0.8569242232036222,4.4444444444328525e-06,1.7195539646235376,130.51413333333335,25.177181437130365,-1.8473119275142416,-2.034138112825907,0.31112460938245823,0.10449409014413182,-0.48381165548878335,-0.7013674664266855,-2.220446049250313e-16,0.7014693272071238,-1.949058198786386e-16,0.7186404433911947,-0.689711776016013,-0.975964368380104
Rival,Primed,50,2,Neutrinos,Galaxy Squad,Lunar,RSC000357,22.0,1.0,"[1, 2, 3, 4, 5, 6, 7, 8, 9, 10, 11, 12, 13, 15, 16, 17, 18, 19, 20, 21, 22, 24]",187.5,0.58,0.48,1.04,2.16,26.852,0.273,0.127,0.84,1,1,3,56,34.0,162.88,24.62,5,2.5,22.12,22.12,1,1,1.58,0.57,1.82,8.19,3.81,201.94315555555556,30.307867543650012,0.7437111111111111,0.18227871044866512,0.4683333333333333,0.15747986884331944,2.1246222222222224,0.36829307060897276,34.8968,5.752138442669508,0.9214,0.19171467909844092,0.32750417344173444,0.14722598638179407,0.26628303523035235,0.10801127180000276,1.005280975609756,0.39403089666727814,27.006444444444444,11.366795973671326,1.0,0.0,1.0,0.0,27.006444444444444,11.366795973671326,1.3815555555555556,0.2527211502782857,0.6773333333333333,0.2692531758907827,0.36600000000000005,7.548438550154234,4.225111111111111,2.333512395726687,3.2695555555555553,1.3398116481525497,-0.47654806247104764,-0.8981362151846958,0.0740835432005224,0.0960587656978736,-1.3985755176411385,0.6186276426913652,0.3702075617302462,1.2895231479937892,0.41946196861136054,-0.42988758272452615,0,0,-0.42988758272452615,0.7852308531594049,0.39863349049918384,0.19262261861697091,1.6991077039700788,0.4033734481930032,,,,-0.01,0.86,-0.0004444444444444461,1.5881492309597294,-1.2335811384723961e-17,1.6025221598240922,-0.006016786942484659,0.536654045454449,1.1528,40.2584,4.444444444439021e-06,0.8992878856870221,-7.970271111111114,323.2709365968693,1.2818982373757466,0.14918962904250818,0.2307,0.121,0.0507,-0.0011,0.1815,0.3525,-0.0017,0.4013,0.5323,0.3553,106.452,-6.6666666666511295e-06,0.6098554968187136,2.2222222222219773e-06,0.8569242232036222,4.4444444444328525e-06,1.7195539646235376,130.51413333333335,25.177181437130365,0.6580356637925976,0.6211725183678152,0.20662076495711523,-0.9557119566151046,-0.10934540705606349,-0.04599831344460392,-2.220446049250313e-16,0.7014693272071238,-1.949058198786386e-16,0.7186404433911947,-0.15588052508499306,-0.06400740991912748
Rival,Vision617,20,2,Neutrinos,Galaxy Squad,Lunar,,,,,206.5,0.7,0.7,1.2,1.9,36.842,0.533,0.433,1.633,1,0,0,56,34.0,192.4,14.1,1,1.25,12.85,12.85,1,1,1.2,1.1,1.09,2.77,2.25,201.94315555555556,30.307867543650012,0.7437111111111111,0.18227871044866512,0.4683333333333333,0.15747986884331944,2.1246222222222224,0.36829307060897276,34.8968,5.752138442669508,0.9214,0.19171467909844092,0.32750417344173444,0.14722598638179407,0.26628303523035235,0.10801127180000276,1.005280975609756,0.39403089666727814,27.006444444444444,11.366795973671326,1.0,0.0,1.0,0.0,27.006444444444444,11.366795973671326,1.3815555555555556,0.2527211502782857,0.6773333333333333,0.2692531758907827,0.36600000000000005,7.548438550154234,4.225111111111111,2.333512395726687,3.2695555555555553,1.3398116481525497,0.15035186615757692,-0.23980371050200863,1.4710875006960886,-0.6099007560767015,0.3381698857542192,1.4532011910102383,-1.3957850214388319,-1.5435145053966801,-1.5930705680684054,-1.2454208272264868,0,0,-1.2454208272264868,-0.7184026954437114,-1.5697741178663507,0.09591387612014232,-0.6235711941259989,-0.7609693175614709,,,,-2.84,-2.79,-0.0004444444444444461,1.5881492309597294,-1.2335811384723961e-17,1.6025221598240922,-1.7879651988620697,-1.74100556606734,-1.1488,14.0065,4.444444444439021e-06,0.8992878856870221,-7.970271111111114,323.2709365968693,-1.2774601578968243,0.06798251442726184,-0.2299,-0.2283,0.0231,-0.3218,-0.3424,-0.3513,-0.4917,-0.7568999999999999,-1.1854,-1.9638,125.842,-6.6666666666511295e-06,0.6098554968187136,2.2222222222219773e-06,0.8569242232036222,4.4444444444328525e-06,1.7195539646235376,130.51413333333335,25.177181437130365,-1.2411027485718118,-1.3833221072810626,-1.142042927902167,-0.18557014989942686,-0.7921435575220538,-0.8942243995727389,-2.220446049250313e-16,0.7014693272071238,-1.949058198786386e-16,0.7186404433911947,-1.129263286074027,-1.2443279637213016
Rival,BoomBoxSloth,14,2,Ogres,The Dungeon,Solar,RSC003676,1.0,2.0,[2],239.643,0.857,0.5,1.286,2.071,41.381,1.643,1.19,3.667,0,0,2,56,34.0,204.71,34.93,2,3.57,31.36,31.36,1,1,1.21,2.02,0.64,1.08,0.78,201.94315555555556,30.307867543650012,0.7437111111111111,0.18227871044866512,0.4683333333333333,0.15747986884331944,2.1246222222222224,0.36829307060897276,34.8968,5.752138442669508,0.9214,0.19171467909844092,0.32750417344173444,0.14722598638179407,0.26628303523035235,0.10801127180000276,1.005280975609756,0.39403089666727814,27.006444444444444,11.366795973671326,1.0,0.0,1.0,0.0,27.006444444444444,11.366795973671326,1.3815555555555556,0.2527211502782857,0.6773333333333333,0.2692531758907827,0.36600000000000005,7.548438550154234,4.225111111111111,2.333512395726687,3.2695555555555553,1.3398116481525497,1.2438963048174982,0.6215146497911739,0.20108390297284673,-0.14559660906342298,1.12726772219181,1.9017844732316331,-8.935214895737587,-8.552042294993363,-6.755102320409696,0.38300639561399763,0,0,0.38300639561399763,-0.6788333915331031,-4.986632607859353,0.036298897868672644,-1.3478013302482077,-1.8581384622147255,,,,-6.37,-8.17,-0.0004444444444444461,1.5881492309597294,-1.2335811384723961e-17,1.6025221598240922,-4.010678235638089,-5.098213431817265,-3.1105,20.0704,4.444444444439021e-06,0.8992878856870221,-7.970271111111114,323.2709365968693,-3.4588528256089384,0.08674046422576755,-0.6226,-0.5574,0.0295,-0.7219,-0.8362,-0.9512,-1.1029,-1.8724,-2.8903,-0.2958,147.791,-6.6666666666511295e-06,0.6098554968187136,2.2222222222219773e-06,0.8569242232036222,4.4444444444328525e-06,1.7195539646235376,130.51413333333335,25.177181437130365,-3.0702245746748154,-3.372879589535689,-0.17202393791066917,0.6862113104204497,-0.78513604871039,-1.1434015091614742,-2.220446049250313e-16,0.7014693272071238,-1.949058198786386e-16,0.7186404433911947,-1.1192735280905042,-1.591062011158004
Rival,F*sh,52,2,Ogres,The Dungeon,Solar,,,,,186.154,0.75,0.269,0.827,1.846,40.628,0.526,0.365,1.333,2,0,2,56,34.0,154.05,32.1,4,1.92,30.18,30.18,1,1,1.1,0.81,1.02,2.27,1.57,201.94315555555556,30.307867543650012,0.7437111111111111,0.18227871044866512,0.4683333333333333,0.15747986884331944,2.1246222222222224,0.36829307060897276,34.8968,5.752138442669508,0.9214,0.19171467909844092,0.32750417344173444,0.14722598638179407,0.26628303523035235,0.10801127180000276,1.005280975609756,0.39403089666727814,27.006444444444444,11.366795973671326,1.0,0.0,1.0,0.0,27.006444444444444,11.366795973671326,1.3815555555555556,0.2527211502782857,0.6773333333333333,0.2692531758907827,0.36600000000000005,7.548438550154234,4.225111111111111,2.333512395726687,3.2695555555555553,1.3398116481525497,-0.520958973204423,0.034501499782444586,-1.2657702523974979,-0.7565231182914204,0.9963598854794271,-0.4923983935081355,-1.3482390672765874,-0.9139505824210202,-0.8317089526788344,0.27919525985215154,0,0,0.27919525985215154,-1.114095734549794,-0.49272089819464326,0.08664043505880259,-0.8378404651680725,-1.268503343659575,,,,-0.55,-0.63,-0.0004444444444444461,1.5881492309597294,-1.2335811384723961e-17,1.6025221598240922,-0.34603521183173414,-0.39313028911198,-0.6288,30.7836,4.444444444439021e-06,0.8992878856870221,-7.970271111111114,323.2709365968693,-0.6992248583044812,0.11988046781773831,-0.1259,-0.3806,0.0408,-0.0623,-0.5708,-0.1923,-0.0952,-0.528,-0.8583000000000001,-0.8349,134.08800000000002,-6.6666666666511295e-06,0.6098554968187136,2.2222222222219773e-06,0.8569242232036222,4.4444444444328525e-06,1.7195539646235376,130.51413333333335,25.177181437130365,-0.8657679336950952,-1.0016080756982788,-0.48553547118669826,0.14194864010456984,-0.36001853929796207,-0.4660702329264739,-2.220446049250313e-16,0.7014693272071238,-1.949058198786386e-16,0.7186404433911947,-0.5132348989960307,-0.6485443968713107
Rival,Packrat31306,45,2,Ogres,The Dungeon,Solar,RSC001549,4.0,2.0,"[2, 10, 11, 12]",133.0,0.467,0.556,0.467,1.644,28.406,0.467,0.407,1.348,0,0,1,56,34.0,117.56,15.44,1,0.56,14.88,14.88,1,1,1.18,0.88,0.53,1.15,1.0,201.94315555555556,30.307867543650012,0.7437111111111111,0.18227871044866512,0.4683333333333333,0.15747986884331944,2.1246222222222224,0.36829307060897276,34.8968,5.752138442669508,0.9214,0.19171467909844092,0.32750417344173444,0.14722598638179407,0.26628303523035235,0.10801127180000276,1.005280975609756,0.39403089666727814,27.006444444444444,11.366795973671326,1.0,0.0,1.0,0.0,27.006444444444444,11.366795973671326,1.3815555555555556,0.2527211502782857,0.6773333333333333,0.2692531758907827,0.36600000000000005,7.548438550154234,4.225111111111111,2.333512395726687,3.2695555555555553,1.3398116481525497,-2.274761015642629,-1.518065990427559,0.5566849103353548,-1.3049993621316671,-1.1284151215574163,-2.3701888772256003,-0.9474945964805274,-1.3027988877883394,-0.8697770334483133,-1.066830483500599,0,0,-1.066830483500599,-0.7975413032649281,-0.7526992615636758,0.021726347629424502,-1.3178036323023175,-1.6939362773006328,,,,-1.94,-2.37,-0.0004444444444444461,1.5881492309597294,-1.2335811384723961e-17,1.6025221598240922,-1.221267824046654,-1.4789187066593534,-1.3935,7.8864,4.444444444439021e-06,0.8992878856870221,-7.970271111111114,323.2709365968693,-1.5495643459934518,0.04905071664665285,-0.2789,-0.5082,0.0167,-0.2198,-0.7623,-0.4261,-0.3358,-0.9902,-1.5242,-1.8644,91.54599999999999,-6.6666666666511295e-06,0.6098554968187136,2.2222222222219773e-06,0.8569242232036222,4.4444444444328525e-06,1.7195539646235376,130.51413333333335,25.177181437130365,-1.6236523873255821,-1.7786896214976544,-1.0842372398894844,-1.5477559881212364,-1.4476517378360976,-1.528884941896183,-2.220446049250313e-16,0.7014693272071238,-1.949058198786386e-16,0.7186404433911947,-2.063742036447799,-2.1274685497542034
Rival,The Static,43,2,Ogres,The Dungeon,Solar,RSC002850,6.0,1.0,"[1, 2, 8, 9, 10, 11]",185.581,0.674,0.302,1.163,2.163,31.16,0.279,0.163,0.961,2,0,4,56,34.0,170.42,15.16,6,3.49,11.67,11.67,1,1,1.49,0.68,1.71,7.13,4.17,201.94315555555556,30.307867543650012,0.7437111111111111,0.18227871044866512,0.4683333333333333,0.15747986884331944,2.1246222222222224,0.36829307060897276,34.8968,5.752138442669508,0.9214,0.19171467909844092,0.32750417344173444,0.14722598638179407,0.26628303523035235,0.10801127180000276,1.005280975609756,0.39403089666727814,27.006444444444444,11.366795973671326,1.0,0.0,1.0,0.0,27.006444444444444,11.366795973671326,1.3815555555555556,0.2527211502782857,0.6773333333333333,0.2692531758907827,0.36600000000000005,7.548438550154234,4.225111111111111,2.333512395726687,3.2695555555555553,1.3398116481525497,-0.5398649552625391,-0.3824424198499237,-1.0562196587731632,0.10420445248757933,-0.649636658999777,1.260206057961499,0.3294538867340367,0.9562246005360868,0.1123794504042336,-1.3492319629883331,0,0,-1.3492319629883331,0.4291071179639297,-0.009903937652153777,0.17805006837772278,1.244856849360883,0.6720679325978817,,,,-1.24,-0.39,-0.0004444444444444461,1.5881492309597294,-1.2335811384723961e-17,1.6025221598240922,-0.7805031991902195,-0.24336636945027335,0.5454,19.9557,4.444444444439021e-06,0.8992878856870221,-7.970271111111114,323.2709365968693,0.6064749278134597,0.08638565348649273,0.1092,0.2016,0.0294,-0.1405,0.3024,0.1668,-0.2146,0.1997,0.2546,-0.9201,120.19,-6.6666666666511295e-06,0.6098554968187136,2.2222222222219773e-06,0.8569242232036222,4.4444444444328525e-06,1.7195539646235376,130.51413333333335,25.177181437130365,0.3274655516075994,0.2971065245722203,-0.5350832037689979,-0.4100591386336719,-0.20043248844059042,-0.1571986489837932,-2.220446049250313e-16,0.7014693272071238,-1.949058198786386e-16,0.7186404433911947,-0.2857323630080952,-0.21874450628187275
Rival,Aust106,29,2,Owls,Birds of Prey,Solar,RSC002866,3.0,1.0,"[1, 2, 8]",188.448,0.517,0.517,1.448,1.517,34.08,0.3482292682926829,0.2967365853658537,1.1426439024390245,0,1,7,56,34.0,175.26,13.19,8,6.9,6.29,6.29,1,1,1.0,0.79,1.83,4.88,4.16,201.94315555555556,30.307867543650012,0.7437111111111111,0.18227871044866512,0.4683333333333333,0.15747986884331944,2.1246222222222224,0.36829307060897276,34.8968,5.752138442669508,0.9214,0.19171467909844092,0.32750417344173444,0.14722598638179407,0.26628303523035235,0.10801127180000276,1.005280975609756,0.39403089666727814,27.006444444444444,11.366795973671326,1.0,0.0,1.0,0.0,27.006444444444444,11.366795973671326,1.3815555555555556,0.2527211502782857,0.6773333333333333,0.2692531758907827,0.36600000000000005,7.548438550154234,4.225111111111111,2.333512395726687,3.2695555555555553,1.3398116481525497,-0.4452690555057876,-1.243760780143106,0.3090342087793224,-1.6498334362292477,-0.1419993639132462,2.746790190904492,-0.14077062997019485,-0.28194788958591405,-0.3486095328845708,-1.8225403616313265,0,0,-1.8225403616313265,-1.5097887736558775,-0.41844136580349095,0.19394739591144802,0.2806451296715517,0.6646041969199686,,,,-2.17,-2.1,-0.0004444444444444461,1.5881492309597294,-1.2335811384723961e-17,1.6025221598240922,-1.3660904864994825,-1.3104342970399334,-0.4672,11.5107,4.444444444439021e-06,0.8992878856870221,-7.970271111111114,323.2709365968693,-0.5195271190465529,0.060262055464035104,-0.0935,0.1994,0.0205,-0.2459,0.2991,-0.1429,-0.3757,-0.11950000000000002,-0.2195,-3.3323,100.95,-6.6666666666511295e-06,0.6098554968187136,2.2222222222219773e-06,0.8569242232036222,4.4444444444328525e-06,1.7195539646235376,130.51413333333335,25.177181437130365,-0.19593712601864782,-0.25615126317891956,-1.9378888438514268,-1.1742431696398417,-1.0575865072819757,-0.9902813688662533,-2.220446049250313e-16,0.7014693272071238,-1.949058198786386e-16,0.7186404433911947,-1.507673202893589,-1.3779928168156124
Rival,Dooober,41,2,Owls,Birds of Prey,Solar,RSC003561,9.0,2.0,"[2, 17, 18, 19, 20, 21, 22, 23, 24]",187.805,0.585,0.39,1.024,1.78,32.865,0.333,0.236,1.041,1,1,1,56,34.0,154.17,33.64,3,1.83,31.81,31.81,1,1,1.2,0.71,1.44,4.34,3.08,201.94315555555556,30.307867543650012,0.7437111111111111,0.18227871044866512,0.4683333333333333,0.15747986884331944,2.1246222222222224,0.36829307060897276,34.8968,5.752138442669508,0.9214,0.19171467909844092,0.32750417344173444,0.14722598638179407,0.26628303523035235,0.10801127180000276,1.005280975609756,0.39403089666727814,27.006444444444444,11.366795973671326,1.0,0.0,1.0,0.0,27.006444444444444,11.366795973671326,1.3815555555555556,0.2527211502782857,0.6773333333333333,0.2692531758907827,0.36600000000000005,7.548438550154234,4.225111111111111,2.333512395726687,3.2695555555555553,1.3398116481525497,-0.4664846688799037,-0.8707056941562504,-0.49741807577493635,-0.9357282276649663,-0.35322515621808637,0.5351702878594777,-0.037329188231848685,0.28036921263574627,-0.09065031369965189,0.422595388065549,0,0,0.422595388065549,-0.7184026954437114,-0.1213232362388818,0.14228108142684096,0.04923431694611219,-0.14147925629466734,,,,0.33,0.7,-0.0004444444444444461,1.5881492309597294,-1.2335811384723961e-17,1.6025221598240922,0.20806888798778353,0.43681143234664443,0.2314,45.8064,4.444444444439021e-06,0.8992878856870221,-7.970271111111114,323.2709365968693,0.2573097661365449,0.1663517038593933,0.0463,-0.0424,0.0566,0.0375,-0.0637,0.0708,0.0572,0.098,0.0643,-0.2958,109.16499999999999,-6.6666666666511295e-06,0.6098554968187136,2.2222222222219773e-06,0.8569242232036222,4.4444444444328525e-06,1.7195539646235376,130.51413333333335,25.177181437130365,0.160704736085703,0.07503321301549827,-0.17202393791066917,-0.8479556532824779,-0.33259616164058986,-0.31653649507405335,-2.220446049250313e-16,0.7014693272071238,-1.949058198786386e-16,0.7186404433911947,-0.47414213101064573,-0.4404657405313122
Rival,Friends Forever,44,2,Owls,Birds of Prey,Solar,,,,,159.205,0.773,0.227,0.614,2.045,37.8,0.3482292682926829,0.4,0.533,3,0,0,56,34.0,144.1,15.11,3,1.7,13.41,13.41,1,1,1.27,0.18,3.41,1.54,1.76,201.94315555555556,30.307867543650012,0.7437111111111111,0.18227871044866512,0.4683333333333333,0.15747986884331944,2.1246222222222224,0.36829307060897276,34.8968,5.752138442669508,0.9214,0.19171467909844092,0.32750417344173444,0.14722598638179407,0.26628303523035235,0.10801127180000276,1.005280975609756,0.39403089666727814,27.006444444444444,11.366795973671326,1.0,0.0,1.0,0.0,27.006444444444444,11.366795973671326,1.3815555555555556,0.2527211502782857,0.6773333333333333,0.2692531758907827,0.36600000000000005,7.548438550154234,4.225111111111111,2.333512395726687,3.2695555555555553,1.3398116481525497,-1.410134035131412,0.16068189651329307,-1.5324710079193788,-0.21619256124088107,0.5047166421558958,-1.6034244297076357,-0.14077062997019485,-1.2379908368937866,1.1985886883600214,-1.1961545255090007,0,0,-1.1961545255090007,-0.441417568069453,1.847084372126652,0.4032622084388305,-1.1506736008895,-1.1266923657792223,,,,0.0,-2.43,-0.0004444444444444461,1.5881492309597294,-1.2335811384723961e-17,1.6025221598240922,0.00027985055546440386,-1.5163596865747802,-1.3225,45.7281,4.444444444439021e-06,0.8992878856870221,-7.970271111111114,323.2709365968693,-1.470612987779882,0.16610949216902524,-0.2647,-0.338,0.0565,0.0001,-0.507,-0.4044,0.0001,-0.5461,-0.9113,-1.6376,135.55,-6.6666666666511295e-06,0.6098554968187136,2.2222222222219773e-06,0.8569242232036222,4.4444444444328525e-06,1.7195539646235376,130.51413333333335,25.177181437130365,-0.8954470955529745,-1.063457185065101,-0.95234257146618,0.2000170940199031,-0.472623198220389,-0.5819389373307584,-2.220446049250313e-16,0.7014693272071238,-1.949058198786386e-16,0.7186404433911947,-0.67376174536686,-0.8097776053135065
Rival,Giannis Antetokounmpo,30,2,Owls,Birds of Prey,Solar,RSC000474,1.0,2.0,[2],174.333,0.533,0.467,0.667,1.967,27.097,0.356,0.411,1.344,1,0,2,56,34.0,134.34,39.99,3,2.5,37.49,37.49,1,1,1.43,0.99,0.67,1.62,1.87,201.94315555555556,30.307867543650012,0.7437111111111111,0.18227871044866512,0.4683333333333333,0.15747986884331944,2.1246222222222224,0.36829307060897276,34.8968,5.752138442669508,0.9214,0.19171467909844092,0.32750417344173444,0.14722598638179407,0.26628303523035235,0.10801127180000276,1.005280975609756,0.39403089666727814,27.006444444444444,11.366795973671326,1.0,0.0,1.0,0.0,27.006444444444444,11.366795973671326,1.3815555555555556,0.2527211502782857,0.6773333333333333,0.2692531758907827,0.36600000000000005,7.548438550154234,4.225111111111111,2.333512395726687,3.2695555555555553,1.3398116481525497,-0.9109897130106845,-1.1559831128520812,-0.008466690651488053,-0.427980417773253,-1.3559826624027136,-1.3269719418270085,-0.1935516090506515,-1.3398320597280842,-0.859625545243119,0.9222964483429104,0,0,0.9222964483429104,0.19169129450027966,-1.161236689715013,0.04027322975210396,-1.1163905175227682,-1.044591273322176,,,,0.06,-0.42,-0.0004444444444444461,1.5881492309597294,-1.2335811384723961e-17,1.6025221598240922,0.03805967554315878,-0.26208685940798665,-0.7149,25.1183,4.444444444439021e-06,0.8992878856870221,-7.970271111111114,323.2709365968693,-0.794967280025444,0.10235553947237074,-0.1431,-0.3134,0.0348,0.0069,-0.4701,-0.2186,0.0105,-0.4148,-0.6782,1.114,100.06700000000001,-6.6666666666511295e-06,0.6098554968187136,2.2222222222219773e-06,0.8569242232036222,4.4444444444328525e-06,1.7195539646235376,130.51413333333335,25.177181437130365,-0.6801501921308997,-0.7914378002838508,0.6478398343255503,-1.2093146093164762,-0.5332586518618888,-0.5964468192293396,-2.220446049250313e-16,0.7014693272071238,-1.949058198786386e-16,0.7186404433911947,-0.7602023797462958,-0.8299655616580172
Rival,Belial,43,2,Rocs,The Birdcage,Lunar,RSC000337,5.0,2.0,"[2, 6, 10, 12, 18]",229.535,1.07,0.419,1.0,2.302,46.481,0.38,0.233,1.124,3,0,4,56,34.0,207.97,21.56,7,4.07,17.49,17.49,1,1,1.23,0.74,1.35,4.29,2.63,201.94315555555556,30.307867543650012,0.7437111111111111,0.18227871044866512,0.4683333333333333,0.15747986884331944,2.1246222222222224,0.36829307060897276,34.8968,5.752138442669508,0.9214,0.19171467909844092,0.32750417344173444,0.14722598638179407,0.26628303523035235,0.10801127180000276,1.005280975609756,0.39403089666727814,27.006444444444444,11.366795973671326,1.0,0.0,1.0,0.0,27.006444444444444,11.366795973671326,1.3815555555555556,0.2527211502782857,0.6773333333333333,0.2692531758907827,0.36600000000000005,7.548438550154234,4.225111111111111,2.333512395726687,3.2695555555555553,1.3398116481525497,0.9103855427870698,1.790054845602944,-0.31326755410506646,0.4816212737439871,2.013894504705957,0.4099842556116466,-0.3565663090354896,0.30814409159055456,-0.30129369395743366,-0.8372143272816006,0,0,-0.8372143272816006,-0.5996947837118863,-0.23274253482561025,0.13035808577654703,0.027807389841904902,-0.47734736180076576,,,,-1.14,-0.53,-0.0004444444444444461,1.5881492309597294,-1.2335811384723961e-17,1.6025221598240922,-0.7175368242107287,-0.33072865591960227,-0.1407,23.6115,4.444444444439021e-06,0.8992878856870221,-7.970271111111114,323.2709365968693,-0.15646207036020676,0.09769443378850583,-0.0282,-0.1432,0.0332,-0.1292,-0.2148,-0.043,-0.1973,-0.26739999999999997,-0.45509999999999995,-1.4369,176.501,-6.6666666666511295e-06,0.6098554968187136,2.2222222222219773e-06,0.8569242232036222,4.4444444444328525e-06,1.7195539646235376,130.51413333333335,25.177181437130365,-0.4384535922496062,-0.5310880587793594,-0.8356262577423829,1.8265295812201976,0.3603030574552656,0.24456512386935547,-2.220446049250313e-16,0.7014693272071238,-1.949058198786386e-16,0.7186404433911947,0.5136405021297227,0.3403163934321265
Rival,Jon Bovi,36,2,Rocs,The Birdcage,Lunar,RSC000519,14.0,2.0,"[2, 3, 6, 7, 8, 9, 10, 11, 12, 13, 14, 17, 18, 24]",203.333,0.778,0.222,1.0,2.5,31.12,0.296,0.176,0.935,2,0,3,56,34.0,170.9,32.43,5,3.47,28.96,28.96,1,1,1.72,0.64,1.56,5.68,3.38,201.94315555555556,30.307867543650012,0.7437111111111111,0.18227871044866512,0.4683333333333333,0.15747986884331944,2.1246222222222224,0.36829307060897276,34.8968,5.752138442669508,0.9214,0.19171467909844092,0.32750417344173444,0.14722598638179407,0.26628303523035235,0.10801127180000276,1.005280975609756,0.39403089666727814,27.006444444444444,11.366795973671326,1.0,0.0,1.0,0.0,27.006444444444444,11.366795973671326,1.3815555555555556,0.2527211502782857,0.6773333333333333,0.2692531758907827,0.36600000000000005,7.548438550154234,4.225111111111111,2.333512395726687,3.2695555555555553,1.3398116481525497,0.04585754647511088,0.18811241754173838,-1.56422109786246,1.0192366018646244,-0.6565905945489073,0.4099842556116466,0.21398514091144338,0.8358667917319167,0.1783641237379962,0.17186510253905649,0,0,0.17186510253905649,1.3392011079079207,0.1386551271301508,0.1581784089605662,0.6234759633388695,0.08243281404273138,,,,0.35,1.01,-0.0004444444444444461,1.5881492309597294,-1.2335811384723961e-17,1.6025221598240922,0.22066216298368163,0.6302564952430156,0.6267,45.1776,4.444444444439021e-06,0.8992878856870221,-7.970271111111114,323.2709365968693,0.6968797929228011,0.16440658622333393,0.1254,0.0247,0.0559,0.0397,0.0371,0.1916,0.0607,0.24570000000000003,0.2894,1.5111,133.92,-6.6666666666511295e-06,0.6098554968187136,2.2222222222219773e-06,0.8569242232036222,4.4444444444328525e-06,1.7195539646235376,130.51413333333335,25.177181437130365,0.40289325577679547,0.3377168831753413,0.8787718132977468,0.13527593130992,0.42433353652070216,0.39469132373316695,-2.220446049250313e-16,0.7014693272071238,-1.949058198786386e-16,0.7186404433911947,0.6049210137386504,0.5492194704081181
Rival,Spoilt,41,2,Rocs,The Birdcage,Lunar,RSC001075,11.0,2.0,"[2, 6, 7, 8, 9, 10, 11, 12, 13, 14, 15]",179.024,0.61,0.39,1.439,1.512,40.344,0.325,0.179,1.228,1,0,9,56,34.0,177.64,1.38,10,6.1,-4.72,-4.72,1,1,0.9,0.9,1.6,8.04,4.43,201.94315555555556,30.307867543650012,0.7437111111111111,0.18227871044866512,0.4683333333333333,0.15747986884331944,2.1246222222222224,0.36829307060897276,34.8968,5.752138442669508,0.9214,0.19171467909844092,0.32750417344173444,0.14722598638179407,0.26628303523035235,0.10801127180000276,1.005280975609756,0.39403089666727814,27.006444444444444,11.366795973671326,1.0,0.0,1.0,0.0,27.006444444444444,11.366795973671326,1.3815555555555556,0.2527211502782857,0.6773333333333333,0.2692531758907827,0.36600000000000005,7.548438550154234,4.225111111111111,2.333512395726687,3.2695555555555553,1.3398116481525497,-0.7562114201055856,-0.7335530890140238,-0.49741807577493635,-1.6634095808787586,0.9469869430806004,2.699845428811556,0.017009045096430683,0.8080919127771081,-0.5652323872924846,-2.7911510436126195,0,0,-2.7911510436126195,-1.9054818127619604,-0.8269787939548282,0.16347751813847464,1.6348269226574565,0.8661250602236272,,,,-3.36,-1.98,-0.0004444444444444461,1.5881492309597294,-1.2335811384723961e-17,1.6025221598240922,-2.115390348755421,-1.23555233720908,0.2857,-7.552,4.444444444439021e-06,0.8992878856870221,-7.970271111111114,323.2709365968693,0.3176908753055146,0.0012938716839637032,0.0572,0.2598,0.0004,-0.3808,0.3898,0.0874,-0.5817,-0.06340000000000001,-0.10450000000000004,-4.6966,116.464,-6.6666666666511295e-06,0.6098554968187136,2.2222222222219773e-06,0.8569242232036222,4.4444444444328525e-06,1.7195539646235376,130.51413333333335,25.177181437130365,-0.10394812158621526,-0.12195036549619215,-2.7312922659409957,-0.5580502872578397,-0.9949719068306558,-0.9051883934371381,-2.220446049250313e-16,0.7014693272071238,-1.949058198786386e-16,0.7186404433911947,-1.4184111382205438,-1.2595845415624556
Rival,TopsG0D,45,2,Rocs,The Birdcage,Lunar,,,,,230.111,0.689,0.844,1.022,2.556,26.956,0.222,0.178,0.637,1,4,4,56,34.0,194.91,35.2,9,5.0,30.2,30.2,1,1,1.87,0.42,2.43,5.74,4.6,201.94315555555556,30.307867543650012,0.7437111111111111,0.18227871044866512,0.4683333333333333,0.15747986884331944,2.1246222222222224,0.36829307060897276,34.8968,5.752138442669508,0.9214,0.19171467909844092,0.32750417344173444,0.14722598638179407,0.26628303523035235,0.10801127180000276,1.005280975609756,0.39403089666727814,27.006444444444444,11.366795973671326,1.0,0.0,1.0,0.0,27.006444444444444,11.366795973671326,1.3815555555555556,0.2527211502782857,0.6773333333333333,0.2692531758907827,0.36600000000000005,7.548438550154234,4.225111111111111,2.333512395726687,3.2695555555555553,1.3398116481525497,0.9293905090444426,-0.30015085676458836,2.3854900910568233,1.1712894219391483,-1.3804952852133991,0.5247381185054918,0.716613799198027,0.8173502057620443,0.9346499950249701,0.280954770627776,0,0,0.280954770627776,1.932740666567046,0.9557299834328254,0.2734340335800743,0.6491882758639185,0.9930085667481532,,,,1.22,1.1,-0.0004444444444444461,1.5881492309597294,-1.2335811384723961e-17,1.6025221598240922,0.7684696253052502,0.6864179651161556,0.6667,73.386,4.444444444439021e-06,0.8992878856870221,-7.970271111111114,323.2709365968693,0.7413594313529812,0.2516658997173178,0.1334,0.2979,0.0856,0.1383,0.4469,0.2039,0.2113,0.6552,0.8621000000000001,2.2137,121.416,-6.6666666666511295e-06,0.6098554968187136,2.2222222222219773e-06,0.8569242232036222,4.4444444444328525e-06,1.7195539646235376,130.51413333333335,25.177181437130365,1.074363796152573,1.0060373536353242,1.287366143254597,-0.36136425183463006,0.5575832106752383,0.5812916851747661,-2.220446049250313e-16,0.7014693272071238,-1.949058198786386e-16,0.7186404433911947,0.7948789619857465,0.8088769432898978
Rival,Effervescence,40,2,Scrubbing Bubbles,Cleanup Crew,Solar,RSC003531,1.0,2.0,[2],209.375,0.75,0.5,0.875,2.025,37.037,0.292,0.35,0.942,2,0,2,56,34.0,170.12,39.25,4,2.5,36.75,36.75,1,1,1.27,0.65,1.35,2.5,3.0,201.94315555555556,30.307867543650012,0.7437111111111111,0.18227871044866512,0.4683333333333333,0.15747986884331944,2.1246222222222224,0.36829307060897276,34.8968,5.752138442669508,0.9214,0.19171467909844092,0.32750417344173444,0.14722598638179407,0.26628303523035235,0.10801127180000276,1.005280975609756,0.39403089666727814,27.006444444444444,11.366795973671326,1.0,0.0,1.0,0.0,27.006444444444444,11.366795973671326,1.3815555555555556,0.2527211502782857,0.6773333333333333,0.2692531758907827,0.36600000000000005,7.548438550154234,4.225111111111111,2.333512395726687,3.2695555555555553,1.3398116481525497,0.24521172377901354,0.034501499782444586,0.20108390297284673,-0.2704971398389253,0.37207032155623077,-0.24202632901247328,0.2411542575755831,-0.7750761876469775,0.16059901937890647,0.8571945496448032,0,0,0.8571945496448032,-0.441417568069453,0.10151536093457467,0.13035808577654703,-0.7392766004887187,-0.20118914171797375,,,,1.02,0.08,-0.0004444444444444461,1.5881492309597294,-1.2335811384723961e-17,1.6025221598240922,0.6425368753462689,0.049921306553902235,-0.3684,49.6125,4.444444444439021e-06,0.8992878856870221,-7.970271111111114,323.2709365968693,-0.4096624121240077,0.17812541924521638,-0.0737,-0.0604,0.0606,0.1157,-0.0905,-0.1127,0.1767,0.04219999999999999,-0.026499999999999996,0.4158,132.287,-6.6666666666511295e-06,0.6098554968187136,2.2222222222219773e-06,0.8569242232036222,4.4444444444328525e-06,1.7195539646235376,130.51413333333335,25.177181437130365,0.06920765146306952,-0.030927147937472605,0.24180430745980444,0.0704156130857484,0.11629193323125951,0.07101179532623345,-2.220446049250313e-16,0.7014693272071238,-1.949058198786386e-16,0.7186404433911947,0.16578334749756213,0.0988140814774296
Rival,Kyomae,12,2,Scrubbing Bubbles,Cleanup Crew,Solar,RSC001440,1.0,2.0,[2],246.667,1.5,0.833,0.333,3.0,50.0,0.75,0.667,2.056,3,0,0,56,34.0,240.63,6.04,3,6.25,-0.21,-0.21,1,1,1.5,1.31,0.25,0.5,0.44,201.94315555555556,30.307867543650012,0.7437111111111111,0.18227871044866512,0.4683333333333333,0.15747986884331944,2.1246222222222224,0.36829307060897276,34.8968,5.752138442669508,0.9214,0.19171467909844092,0.32750417344173444,0.14722598638179407,0.26628303523035235,0.10801127180000276,1.005280975609756,0.39403089666727814,27.006444444444444,11.366795973671326,1.0,0.0,1.0,0.0,27.006444444444444,11.366795973671326,1.3815555555555556,0.2527211502782857,0.6773333333333333,0.2692531758907827,0.36600000000000005,7.548438550154234,4.225111111111111,2.333512395726687,3.2695555555555553,1.3398116481525497,1.4756513100115751,4.149079654049239,2.3156398931820448,2.376851066815729,2.6256669846407177,-3.0691442239426574,-2.869709600468408,-3.709955063871745,-2.6665904457677008,-2.3943813637092926,0,0,-2.3943813637092926,0.46867642187453806,-2.349709207973449,-0.015367416615934413,-1.5963536846570132,-2.1119054752637774,,,,-5.06,-6.1,-0.0004444444444444461,1.5881492309597294,-1.2335811384723961e-17,1.6025221598240922,-3.1858187234067614,-3.806499624735044,-2.6351,-0.0525,4.444444444439021e-06,0.8992878856870221,-7.970271111111114,323.2709365968693,-2.930212322866246,0.024492678477263993,-0.5274,-0.6336,0.0083,-0.5734,-0.9504,-0.8058,-0.8761,-1.7261000000000002,-2.6323,-1.9257,230.0,-6.6666666666511295e-06,0.6098554968187136,2.2222222222219773e-06,0.8569242232036222,4.4444444444328525e-06,1.7195539646235376,130.51413333333335,25.177181437130365,-2.830331680762786,-3.071802792995309,-1.119886019317829,3.951429865773165,0.34419326644173287,-0.07497901015606345,-2.220446049250313e-16,0.7014693272071238,-1.949058198786386e-16,0.7186404433911947,0.4906747210346699,-0.10433452618147201
Rival,Leerg,51,2,Scrubbing Bubbles,Cleanup Crew,Solar,RSC001446,6.0,2.0,"[2, 7, 9, 10, 11, 12]",244.412,0.902,0.725,0.961,2.216,40.704,0.209,0.19,0.569,5,3,4,56,34.0,203.39,41.02,12,5.88,35.14,35.14,1,1,1.31,0.36,2.67,5.06,4.6,201.94315555555556,30.307867543650012,0.7437111111111111,0.18227871044866512,0.4683333333333333,0.15747986884331944,2.1246222222222224,0.36829307060897276,34.8968,5.752138442669508,0.9214,0.19171467909844092,0.32750417344173444,0.14722598638179407,0.26628303523035235,0.10801127180000276,1.005280975609756,0.39403089666727814,27.006444444444444,11.366795973671326,1.0,0.0,1.0,0.0,27.006444444444444,11.366795973671326,1.3815555555555556,0.2527211502782857,0.6773333333333333,0.2692531758907827,0.36600000000000005,7.548438550154234,4.225111111111111,2.333512395726687,3.2695555555555553,1.3398116481525497,1.4012481869032831,0.8683893390471817,1.6298379504114942,0.24811158577239747,1.0095723630227753,0.206556953208921,0.8049134283564809,0.7062506899428102,1.107225294513273,0.7155539322070302,0,0,0.7155539322070302,-0.2831403524270196,1.178568580606282,0.3052286886475247,0.3577820672466981,0.9930085667481532,,,,1.82,1.42,-0.0004444444444444461,1.5881492309597294,-1.2335811384723961e-17,1.6025221598240922,1.146267875182194,0.8861031913317644,0.6061,93.8238,4.444444444439021e-06,0.8992878856870221,-7.970271111111114,323.2709365968693,0.6739727791312582,0.3148877909740833,0.1213,0.2979,0.1071,0.2063,0.4469,0.1853,0.3152,0.7326,0.9474,0.4324,153.06400000000002,-6.6666666666511295e-06,0.6098554968187136,2.2222222222219773e-06,0.8569242232036222,4.4444444444328525e-06,1.7195539646235376,130.51413333333335,25.177181437130365,1.201279107080742,1.1055794107860775,0.2514579736671539,0.8956469858620065,0.8225745525715791,0.8250145929048702,-2.220446049250313e-16,0.7014693272071238,-1.949058198786386e-16,0.7186404433911947,1.1726450760814187,1.148021379108176
Rival,PadmesDefense,43,2,Scrubbing Bubbles,Cleanup Crew,Solar,RSC000251,7.0,1.0,"[1, 2, 3, 4, 5, 6, 7]",189.651,0.791,0.581,0.837,1.605,49.283,0.163,0.287,0.674,5,3,2,56,34.0,171.91,17.74,10,5.81,11.93,11.93,1,1,0.81,0.51,1.64,2.92,5.13,201.94315555555556,30.307867543650012,0.7437111111111111,0.18227871044866512,0.4683333333333333,0.15747986884331944,2.1246222222222224,0.36829307060897276,34.8968,5.752138442669508,0.9214,0.19171467909844092,0.32750417344173444,0.14722598638179407,0.26628303523035235,0.10801127180000276,1.005280975609756,0.39403089666727814,27.006444444444444,11.366795973671326,1.0,0.0,1.0,0.0,27.006444444444444,11.366795973671326,1.3815555555555556,0.2527211502782857,0.6773333333333333,0.2692531758907827,0.36600000000000005,7.548438550154234,4.225111111111111,2.333512395726687,3.2695555555555553,1.3398116481525497,-0.4055763916036699,0.25943177221569624,0.7154353600507596,-1.410893290397853,2.501017689922553,-0.4402375467382059,1.117358269994087,-0.1918037295959985,0.840748729126923,-1.3263583229052145,0,0,-1.3263583229052145,-2.2616055479574353,0.6214720876726403,0.16877662731638302,-0.5592904128133769,1.388586557677558,,,,-0.49,-1.52,-0.0004444444444444461,1.5881492309597294,-1.2335811384723961e-17,1.6025221598240922,-0.3082553868440397,-0.9485048245241423,-0.7422,19.5652,4.444444444439021e-06,0.8992878856870221,-7.970271111111114,323.2709365968693,-0.825324633254042,0.0851776884151168,-0.1486,0.4166,0.029,-0.0555,0.6249,-0.227,-0.0848,0.24150000000000005,0.31310000000000004,-3.588,144.433,-6.6666666666511295e-06,0.6098554968187136,2.2222222222219773e-06,0.8569242232036222,4.4444444444328525e-06,1.7195539646235376,130.51413333333335,25.177181437130365,0.39600637843960806,0.36537393774126,-2.0865901962140323,0.5528365715369402,-0.21156261947794194,-0.15561090624156526,-2.220446049250313e-16,0.7014693272071238,-1.949058198786386e-16,0.7186404433911947,-0.3015992450023026,-0.21653513613463257
Rival,Christian,32,2,Seahorses,The Aquarium,Solar,RSC003677,1.0,2.0,[2],231.25,0.938,0.562,1.375,1.906,49.213,0.292,0.177,1.0,2,0,6,56,34.0,219.34,11.91,8,6.25,5.66,5.66,1,1,0.97,0.71,1.94,7.77,4.71,201.94315555555556,30.307867543650012,0.7437111111111111,0.18227871044866512,0.4683333333333333,0.15747986884331944,2.1246222222222224,0.36829307060897276,34.8968,5.752138442669508,0.9214,0.19171467909844092,0.32750417344173444,0.14722598638179407,0.26628303523035235,0.10801127180000276,1.005280975609756,0.39403089666727814,27.006444444444444,11.366795973671326,1.0,0.0,1.0,0.0,27.006444444444444,11.366795973671326,1.3815555555555556,0.2527211502782857,0.6773333333333333,0.2692531758907827,0.36600000000000005,7.548438550154234,4.225111111111111,2.333512395726687,3.2695555555555553,1.3398116481525497,0.9669715100290748,1.0658890904519875,0.5947850182670522,-0.5936093824972882,2.4888483027115744,2.366016009484006,0.2411542575755831,0.8266084987469805,0.013402440403589289,-1.8779649510634984,0,0,-1.8779649510634984,-1.6284966853877025,-0.1213232362388818,0.20851994615069616,1.5191215162947371,1.0751096592051996,,,,-1.86,-1.05,-0.0004444444444444461,1.5881492309597294,-1.2335811384723961e-17,1.6025221598240922,-1.1708947240630614,-0.6552171485199667,0.4972,10.9804,4.444444444439021e-06,0.8992878856870221,-7.970271111111114,323.2709365968693,0.5528769635050925,0.058621635803726126,0.0995,0.3225,0.0199,-0.2108,0.4838,0.152,-0.322,0.23110000000000008,0.3138,-3.5065,162.073,-6.6666666666511295e-06,0.6098554968187136,2.2222222222219773e-06,0.8569242232036222,4.4444444444328525e-06,1.7195539646235376,130.51413333333335,25.177181437130365,0.3789531583665725,0.3661908127706331,-2.039194184412889,1.2534709949750302,0.07586051045950093,0.10831927904017069,-2.220446049250313e-16,0.7014693272071238,-1.949058198786386e-16,0.7186404433911947,0.10814515691161748,0.1507280588454258
Rival,Enceladus,43,2,Seahorses,The Aquarium,Solar,,,,,163.256,0.581,0.465,0.907,1.791,32.44,0.248,0.457,1.062,0,1,4,56,34.0,150.96,12.3,5,2.91,9.39,9.39,1,1,1.21,0.81,1.12,1.98,3.66,201.94315555555556,30.307867543650012,0.7437111111111111,0.18227871044866512,0.4683333333333333,0.15747986884331944,2.1246222222222224,0.36829307060897276,34.8968,5.752138442669508,0.9214,0.19171467909844092,0.32750417344173444,0.14722598638179407,0.26628303523035235,0.10801127180000276,1.005280975609756,0.39403089666727814,27.006444444444444,11.366795973671326,1.0,0.0,1.0,0.0,27.006444444444444,11.366795973671326,1.3815555555555556,0.2527211502782857,0.6773333333333333,0.2692531758907827,0.36600000000000005,7.548438550154234,4.225111111111111,2.333512395726687,3.2695555555555553,1.3398116481525497,-1.2764723714011725,-0.8926501109790067,-0.021166726628720486,-0.9058607094360424,-0.4271107214275993,-0.07511161934869845,0.5400145408811192,-1.7657135370351484,-0.1439456267769222,-1.5498161914095272,0,0,-1.5498161914095272,-0.6788333915331031,-0.49272089819464326,0.09988820800357365,-0.9621166423724752,0.29141741302430385,,,,-1.69,-3.32,-0.0004444444444444461,1.5881492309597294,-1.2335811384723961e-17,1.6025221598240922,-1.0638518865979274,-2.0717342219869423,-1.4836,10.5168,4.444444444439021e-06,0.8992878856870221,-7.970271111111114,323.2709365968693,-1.6497547315574328,0.05718754462039737,-0.297,0.0874,0.0194,-0.1915,0.1311,-0.4537,-0.2926,-0.3817,-0.6152,-2.2286,108.44999999999999,-6.6666666666511295e-06,0.6098554968187136,2.2222222222219773e-06,0.8569242232036222,4.4444444444328525e-06,1.7195539646235376,130.51413333333335,25.177181437130365,-0.6258750397830651,-0.7179190476402696,-1.2960363502941028,-0.8763543841644641,-0.907010331373605,-0.9137039214258995,-2.220446049250313e-16,0.7014693272071238,-1.949058198786386e-16,0.7186404433911947,-1.2930149561704078,-1.2714340388556744
Rival,JohnWilkesBoost,42,2,Seahorses,The Aquarium,Solar,RSC001392,2.0,1.0,"[1, 2]",182.857,0.595,0.429,0.976,1.881,31.632,0.278,0.31,0.913,0,0,3,56,34.0,155.39,27.47,3,1.79,25.68,25.68,1,1,1.29,0.64,1.52,3.15,3.51,201.94315555555556,30.307867543650012,0.7437111111111111,0.18227871044866512,0.4683333333333333,0.15747986884331944,2.1246222222222224,0.36829307060897276,34.8968,5.752138442669508,0.9214,0.19171467909844092,0.32750417344173444,0.14722598638179407,0.26628303523035235,0.10801127180000276,1.005280975609756,0.39403089666727814,27.006444444444444,11.366795973671326,1.0,0.0,1.0,0.0,27.006444444444444,11.366795973671326,1.3815555555555556,0.2527211502782857,0.6773333333333333,0.2692531758907827,0.36600000000000005,7.548438550154234,4.225111111111111,2.333512395726687,3.2695555555555553,1.3398116481525497,-0.6297426081880321,-0.8158446520993597,-0.2497673742189043,-0.6614901057448432,-0.567580219520036,0.28479822336381544,0.3362461659000716,-0.4047444682495307,0.23419730886656479,-0.11669466466336337,0,0,-0.11669466466336337,-0.3622789602482363,0.1386551271301508,0.1528792997826578,-0.460726548134023,0.17946137785560412,,,,0.12,-0.52,-0.0004444444444444461,1.5881492309597294,-1.2335811384723961e-17,1.6025221598240922,0.07583950053085316,-0.32448849260036444,-0.3967,39.0336,4.444444444439021e-06,0.8992878856870221,-7.970271111111114,323.2709365968693,-0.44113175631336027,0.1454008566496241,-0.0794,0.0538,0.0494,0.0137,0.0808,-0.1213,0.0209,0.037500000000000006,-0.01960000000000001,-0.479,109.94200000000001,-6.6666666666511295e-06,0.6098554968187136,2.2222222222219773e-06,0.8569242232036222,4.4444444444328525e-06,1.7195539646235376,130.51413333333335,25.177181437130365,0.06150090777621691,-0.022875094076508975,-0.2785631938857545,-0.8170943751072282,-0.38175451282589346,-0.3701591792017868,-2.220446049250313e-16,0.7014693272071238,-1.949058198786386e-16,0.7186404433911947,-0.5442212481988853,-0.5150825876916156
Rival,tterb86,46,2,Seahorses,The Aquarium,Solar,RSC000430,15.0,2.0,"[2, 3, 4, 5, 6, 7, 8, 9, 10, 11, 12, 13, 14, 20, 21]",207.717,0.761,0.391,1.13,2.152,35.362,0.225,0.225,0.877,3,0,7,56,34.0,181.58,26.14,10,5.43,20.71,20.71,1,1,1.39,0.65,1.74,5.02,5.02,201.94315555555556,30.307867543650012,0.7437111111111111,0.18227871044866512,0.4683333333333333,0.15747986884331944,2.1246222222222224,0.36829307060897276,34.8968,5.752138442669508,0.9214,0.19171467909844092,0.32750417344173444,0.14722598638179407,0.26628303523035235,0.10801127180000276,1.005280975609756,0.39403089666727814,27.006444444444444,11.366795973671326,1.0,0.0,1.0,0.0,27.006444444444444,11.366795973671326,1.3815555555555556,0.2527211502782857,0.6773333333333333,0.2692531758907827,0.36600000000000005,7.548438550154234,4.225111111111111,2.333512395726687,3.2695555555555553,1.3398116481525497,0.19050645632289506,0.0948486460450243,-0.4910680577863202,0.0743369342586559,0.08087427043638895,1.0880752636207307,0.6962369616999222,0.382210435470044,0.3255607027133134,-0.5539330924060542,0,0,-0.5539330924060542,0.033414078857846266,0.10151536093457467,0.18202440026115407,0.3406405255633322,1.3064854652205116,,,,-0.23,-0.17,-0.0004444444444444461,1.5881492309597294,-1.2335811384723961e-17,1.6025221598240922,-0.14454281189736407,-0.10608277642704224,0.1307,36.0354,4.444444444439021e-06,0.8992878856870221,-7.970271111111114,323.2709365968693,0.14533227638856613,0.13612628334104715,0.0262,0.3919,0.0463,-0.026,0.5879,0.04,-0.0397,0.4384,0.5882000000000001,-0.5205,132.982,-6.6666666666511295e-06,0.6098554968187136,2.2222222222219773e-06,0.8569242232036222,4.4444444444328525e-06,1.7195539646235376,130.51413333333335,25.177181437130365,0.7188697469377536,0.6864058242848976,-0.3026973594041282,0.09801997387313316,0.19470671899959735,0.23720215405129624,-2.220446049250313e-16,0.7014693272071238,-1.949058198786386e-16,0.7186404433911947,0.27756982586083373,0.3300706997952445
Rival,Happy,51,2,Spastics,The Quad Dynasty,Solar,RSC003582,1.0,2.0,[2],196.471,0.667,0.392,1.0,1.745,38.223,0.261,0.17,0.83,2,0,5,56,34.0,160.75,35.72,7,3.43,32.29,32.29,1,1,1.08,0.57,1.75,5.88,3.83,201.94315555555556,30.307867543650012,0.7437111111111111,0.18227871044866512,0.4683333333333333,0.15747986884331944,2.1246222222222224,0.36829307060897276,34.8968,5.752138442669508,0.9214,0.19171467909844092,0.32750417344173444,0.14722598638179407,0.26628303523035235,0.10801127180000276,1.005280975609756,0.39403089666727814,27.006444444444444,11.366795973671326,1.0,0.0,1.0,0.0,27.006444444444444,11.366795973671326,1.3815555555555556,0.2527211502782857,0.6773333333333333,0.2692531758907827,0.36600000000000005,7.548438550154234,4.225111111111111,2.333512395726687,3.2695555555555553,1.3398116481525497,-0.18055231195907956,-0.42084514928974714,-0.48471803979770395,-1.0307612402115434,0.578254510587952,0.4099842556116466,0.45171491172266526,0.8914165496415336,0.44484068912434627,0.46482364668053733,0,0,0.46482364668053733,-1.1932343423710108,0.39863349049918384,0.18334917755563118,0.709183671755699,0.4183009195488298,,,,0.91,1.36,-0.0004444444444444461,1.5881492309597294,-1.2335811384723961e-17,1.6025221598240922,0.5732738628688292,0.8486622114163379,0.7747,56.5075,4.444444444439021e-06,0.8992878856870221,-7.970271111111114,323.2709365968693,0.8614544551144679,0.19945427754774395,0.1551,0.1255,0.0678,0.1032,0.1882,0.2369,0.1577,0.4516,0.5828,-0.7284,122.373,-6.6666666666511295e-06,0.6098554968187136,2.2222222222219773e-06,0.8569242232036222,4.4444444444328525e-06,1.7195539646235376,130.51413333333335,25.177181437130365,0.7405142185689142,0.6801042169154476,-0.4236008054588239,-0.3233536428079715,0.0006560175306706273,0.053970182045191606,-2.220446049250313e-16,0.7014693272071238,-1.949058198786386e-16,0.7186404433911947,0.0009352048695881838,0.07510039622945758
Rival,Sway | SilverKing98,39,2,Spastics,The Quad Dynasty,Solar,,,,,184.231,0.538,0.359,1.051,1.846,29.144,0.197,0.171,0.829,0,0,3,56,34.0,150.12,34.11,3,1.92,32.19,32.19,1,1,1.31,0.63,1.67,6.15,5.34,201.94315555555556,30.307867543650012,0.7437111111111111,0.18227871044866512,0.4683333333333333,0.15747986884331944,2.1246222222222224,0.36829307060897276,34.8968,5.752138442669508,0.9214,0.19171467909844092,0.32750417344173444,0.14722598638179407,0.26628303523035235,0.10801127180000276,1.005280975609756,0.39403089666727814,27.006444444444444,11.366795973671326,1.0,0.0,1.0,0.0,27.006444444444444,11.366795973671326,1.3815555555555556,0.2527211502782857,0.6773333333333333,0.2692531758907827,0.36600000000000005,7.548438550154234,4.225111111111111,2.333512395726687,3.2695555555555553,1.3398116481525497,-0.5844078449282569,-1.1285525918236359,-0.694268633422039,-0.7565231182914204,-1.0001150106759575,0.6760045741382872,0.8864207783488999,0.8821582566565974,0.44737856117564484,0.4560260928024147,0,0,0.4560260928024147,-0.2831403524270196,0.17579489332572695,0.17275095919981434,0.8248890781184189,1.5453250069137372,,,,0.9,1.34,-0.0004444444444444461,1.5881492309597294,-1.2335811384723961e-17,1.6025221598240922,0.5669772253708801,0.8361818847778623,0.8302,53.7573,4.444444444439021e-06,0.8992878856870221,-7.970271111111114,323.2709365968693,0.923169953436343,0.1909468625943558,0.1662,0.4636,0.0649,0.1021,0.6954,0.2539,0.1559,0.7968,1.1052,0.1729,101.404,-6.6666666666511295e-06,0.6098554968187136,2.2222222222219773e-06,0.8569242232036222,4.4444444444328525e-06,1.7195539646235376,130.51413333333335,25.177181437130365,1.3065499463777503,1.289726381693333,0.10054674590768521,-1.1562109684923991,-0.0041752836972270835,0.12378582303791408,-2.220446049250313e-16,0.7014693272071238,-1.949058198786386e-16,0.7186404433911947,-0.005952197102973285,0.17225000927276088
Rival,TQD | Wheelchair,39,2,Spastics,The Quad Dynasty,Solar,,,,,170.256,0.538,0.282,0.949,1.538,34.98,0.402,0.265,1.282,0,0,3,56,34.0,137.37,32.89,3,1.92,30.97,30.97,1,1,1.0,0.88,1.08,3.58,2.36,201.94315555555556,30.307867543650012,0.7437111111111111,0.18227871044866512,0.4683333333333333,0.15747986884331944,2.1246222222222224,0.36829307060897276,34.8968,5.752138442669508,0.9214,0.19171467909844092,0.32750417344173444,0.14722598638179407,0.26628303523035235,0.10801127180000276,1.005280975609756,0.39403089666727814,27.006444444444444,11.366795973671326,1.0,0.0,1.0,0.0,27.006444444444444,11.366795973671326,1.3815555555555556,0.2527211502782857,0.6773333333333333,0.2692531758907827,0.36600000000000005,7.548438550154234,4.225111111111111,2.333512395726687,3.2695555555555553,1.3398116481525497,-1.045509239801153,-1.1285525918236359,-1.1832200185454875,-1.592813628701301,0.014464185942191211,0.14396393708500546,-0.5059964506882578,0.011878716072597002,-0.7022774780626075,0.3486959354893196,0,0,0.3486959354893196,-1.5097887736558775,-0.7526992615636758,0.09458909882566523,-0.2764549750378396,-0.6788682251044248,,,,-0.35,0.36,-0.0004444444444444461,1.5881492309597294,-1.2335811384723961e-17,1.6025221598240922,-0.22010246187275279,0.22464587949255999,-0.0409,33.4476,4.444444444439021e-06,0.8992878856870221,-7.970271111111114,323.2709365968693,-0.04548537247690708,0.12812123337508907,-0.0082,-0.2037,0.0436,-0.0396,-0.3055,-0.0125,-0.0605,-0.2079,-0.3785,-1.1611,104.16,-6.6666666666511295e-06,0.6098554968187136,2.2222222222219773e-06,0.8569242232036222,4.4444444444328525e-06,1.7195539646235376,130.51413333333335,25.177181437130365,-0.34088949663945056,-0.4416985912793862,-0.6752358276226855,-1.0467467694563801,-0.7135059151316958,-0.7155648721454958,-2.220446049250313e-16,0.7014693272071238,-1.949058198786386e-16,0.7186404433911947,-1.0171591079719693,-0.9957202920125316
Rival,Taken,29,2,Spastics,The Quad Dynasty,Solar,RSC003555,2.0,1.0,"[1, 2]",132.931,0.379,0.138,0.966,0.966,39.234,0.23,0.184,0.828,0,0,2,56,34.0,109.52,23.41,2,1.72,21.69,21.69,1,1,0.59,0.6,1.61,5.25,4.2,201.94315555555556,30.307867543650012,0.7437111111111111,0.18227871044866512,0.4683333333333333,0.15747986884331944,2.1246222222222224,0.36829307060897276,34.8968,5.752138442669508,0.9214,0.19171467909844092,0.32750417344173444,0.14722598638179407,0.26628303523035235,0.10801127180000276,1.005280975609756,0.39403089666727814,27.006444444444444,11.366795973671326,1.0,0.0,1.0,0.0,27.006444444444444,11.366795973671326,1.3815555555555556,0.2527211502782857,0.6773333333333333,0.2692531758907827,0.36600000000000005,7.548438550154234,4.225111111111111,2.333512395726687,3.2695555555555553,1.3398116481525497,-2.277037652225543,-2.0008431605281967,-2.0976226089062218,-3.145924576605365,0.7540152315922274,0.23263737659388584,0.6622755658697477,0.7618004478524273,0.4499164332269434,-0.4677170644004531,0,0,-0.4677170644004531,-3.1321302339908184,0.2872141919124554,0.16480229543295175,0.4392043902426862,0.6944591396316218,,,,-0.02,0.29,-0.0004444444444444461,1.5881492309597294,-1.2335811384723961e-17,1.6025221598240922,-0.012313424440433724,0.18096473625789555,0.3178,34.9209,4.444444444439021e-06,0.8992878856870221,-7.970271111111114,323.2709365968693,0.3533857851457342,0.13267871081339422,0.0636,0.2083,0.0451,-0.0022,0.3125,0.0972,-0.0034,0.3148,0.4063,-3.5998,86.79400000000001,-6.6666666666511295e-06,0.6098554968187136,2.2222222222219773e-06,0.8569242232036222,4.4444444444328525e-06,1.7195539646235376,130.51413333333335,25.177181437130365,0.5161987853005225,0.4741350130806529,-2.0934524408674493,-1.7364983225984352,-1.089485888924413,-0.9379139767113633,-2.220446049250313e-16,0.7014693272071238,-1.949058198786386e-16,0.7186404433911947,-1.5531482941131063,-1.3051227290874945
Rival,Connor,43,2,Tropical Storms,The Storm,Solar,RSC002750,5.0,1.0,"[1, 2, 12, 13, 20]",241.163,1.14,0.512,0.628,2.698,42.254,0.116,0.07,0.372,5,2,1,56,34.0,202.38,38.78,8,4.65,34.13,34.13,1,1,1.56,0.26,2.42,8.97,5.41,201.94315555555556,30.307867543650012,0.7437111111111111,0.18227871044866512,0.4683333333333333,0.15747986884331944,2.1246222222222224,0.36829307060897276,34.8968,5.752138442669508,0.9214,0.19171467909844092,0.32750417344173444,0.14722598638179407,0.26628303523035235,0.10801127180000276,1.005280975609756,0.39403089666727814,27.006444444444444,11.366795973671326,1.0,0.0,1.0,0.0,27.006444444444444,11.366795973671326,1.3815555555555556,0.2527211502782857,0.6773333333333333,0.2692531758907827,0.36600000000000005,7.548438550154234,4.225111111111111,2.333512395726687,3.2695555555555553,1.3398116481525497,1.2940482991077886,2.174082140001177,0.2772841188362413,1.556851929985262,1.279037365551584,-1.530399244229734,1.436595390797728,1.817245848135151,1.6071860886190912,0.6266986380379926,0,0,0.6266986380379926,0.7060922453381882,1.549966242562043,0.2721092562855971,2.033367766795714,1.5975711566591304,,,,2.23,2.44,-0.0004444444444444461,1.5881492309597294,-1.2335811384723961e-17,1.6025221598240922,1.4044300125981055,1.5225998498940179,1.7933,82.5946,4.444444444439021e-06,0.8992878856870221,-7.970271111111114,323.2709365968693,1.9941284477390075,0.28015160306244546,0.3589,0.4793,0.0953,0.2528,0.7189,0.5484,0.3862,1.1863000000000001,1.6535000000000002,1.3328,183.23399999999998,-6.6666666666511295e-06,0.6098554968187136,2.2222222222219773e-06,0.8569242232036222,4.4444444444328525e-06,1.7195539646235376,130.51413333333335,25.177181437130365,1.9452258327669214,1.9295729225580243,0.7750821334923006,2.093954273567626,1.6887784102830556,1.7116724195457071,-2.220446049250313e-16,0.7014693272071238,-1.949058198786386e-16,0.7186404433911947,2.407487176961635,2.3818203321100198
Rival,Low Gravitas,27,2,Tropical Storms,The Storm,Solar,RSC000524,8.0,1.0,"[1, 2, 3, 4, 5, 6, 7, 8]",160.37,0.667,0.37,0.519,1.963,33.979,0.284,0.321,1.012,0,1,1,56,34.0,134.41,25.96,2,1.85,24.11,24.11,1,1,1.3,0.73,0.71,1.62,1.83,201.94315555555556,30.307867543650012,0.7437111111111111,0.18227871044866512,0.4683333333333333,0.15747986884331944,2.1246222222222224,0.36829307060897276,34.8968,5.752138442669508,0.9214,0.19171467909844092,0.32750417344173444,0.14722598638179407,0.26628303523035235,0.10801127180000276,1.005280975609756,0.39403089666727814,27.006444444444444,11.366795973671326,1.0,0.0,1.0,0.0,27.006444444444444,11.366795973671326,1.3815555555555556,0.2527211502782857,0.6773333333333333,0.2692531758907827,0.36600000000000005,7.548438550154234,4.225111111111111,2.333512395726687,3.2695555555555553,1.3398116481525497,-1.371695171086552,-0.42084514928974714,-0.6244184355472607,-0.43884133349286186,-0.1595580511748007,-2.0989524740219667,0.2954924909038624,-0.5065856910838287,-0.017052024211993578,-0.2548162605498875,0,0,-0.2548162605498875,-0.322709656337628,-0.1956027686300341,0.04557233893001237,-1.1163905175227682,-1.0744462160338293,,,,-0.27,-0.76,-0.0004444444444444461,1.5881492309597294,-1.2335811384723961e-17,1.6025221598240922,-0.16972936188916032,-0.47425241226207115,-0.8146,17.1181,4.444444444439021e-06,0.8992878856870221,-7.970271111111114,323.2709365968693,-0.9058327788126683,0.0776078770805098,-0.163,-0.3223,0.0264,-0.0306,-0.4835,-0.2491,-0.0467,-0.4895,-0.7792999999999999,-0.5775,120.30900000000001,-6.6666666666511295e-06,0.6098554968187136,2.2222222222219773e-06,0.8569242232036222,4.4444444444328525e-06,1.7195539646235376,130.51413333333335,25.177181437130365,-0.8026382247708767,-0.9094178938118832,-0.33584549035707506,-0.4053326365707953,-0.5176819511991178,-0.5902898243759376,-2.220446049250313e-16,0.7014693272071238,-1.949058198786386e-16,0.7186404433911947,-0.7379965611044613,-0.8213980020250694
Rival,Qudron,51,2,Tropical Storms,The Storm,Solar,RSC001592,9.0,1.0,"[1, 2, 7, 8, 9, 10, 11, 13, 14]",213.725,0.765,0.549,0.647,2.314,33.06,0.248,0.229,0.791,3,1,3,56,34.0,163.97,49.76,7,3.43,46.33,46.33,1,1,1.55,0.54,1.2,2.83,2.61,201.94315555555556,30.307867543650012,0.7437111111111111,0.18227871044866512,0.4683333333333333,0.15747986884331944,2.1246222222222224,0.36829307060897276,34.8968,5.752138442669508,0.9214,0.19171467909844092,0.32750417344173444,0.14722598638179407,0.26628303523035235,0.10801127180000276,1.005280975609756,0.39403089666727814,27.006444444444444,11.366795973671326,1.0,0.0,1.0,0.0,27.006444444444444,11.366795973671326,1.3815555555555556,0.2527211502782857,0.6773333333333333,0.2692531758907827,0.36600000000000005,7.548438550154234,4.225111111111111,2.333512395726687,3.2695555555555553,1.3398116481525497,0.38873881270188265,0.11679306286778056,0.5122347844150413,0.5142040209028136,-0.31932472041607485,-1.431293635366868,0.5400145408811192,0.3451772635302993,0.5438176991249903,1.7000002111689436,0,0,1.7000002111689436,0.6665229414275798,0.5100527890859119,0.11048642635939046,-0.59785888160095,-0.4922748331565924,,,,2.24,2.05,-0.0004444444444444461,1.5881492309597294,-1.2335811384723961e-17,1.6025221598240922,1.4107266500960547,1.2792334804437444,0.2844,55.596,4.444444444439021e-06,0.8992878856870221,-7.970271111111114,323.2709365968693,0.3162452870565337,0.19663466125437865,0.0569,-0.1477,0.0669,0.2539,-0.2215,0.087,0.3879,0.23,0.2534,2.3665,132.7,-6.6666666666511295e-06,0.6098554968187136,2.2222222222219773e-06,0.8569242232036222,4.4444444444328525e-06,1.7195539646235376,130.51413333333335,25.177181437130365,0.37714945239730896,0.29570616737900923,1.3762263960547774,0.08681935553925851,0.5307681884416053,0.47983176999888333,-2.220446049250313e-16,0.7014693272071238,-1.949058198786386e-16,0.7186404433911947,0.7566520271881894,0.6676938021113923
Rival,slayerof666,36,2,Tropical Storms,The Storm,Solar,RSC000025,12.0,1.0,"[1, 2, 3, 4, 5, 6, 7, 20, 21, 22, 23, 24]",185.972,0.639,0.583,0.778,1.917,33.333,0.3482292682926829,0.2967365853658537,1.1426439024390245,3,1,1,56,34.0,156.57,29.4,5,3.47,25.93,25.93,1,1,1.28,0.79,0.98,2.62,2.23,201.94315555555556,30.307867543650012,0.7437111111111111,0.18227871044866512,0.4683333333333333,0.15747986884331944,2.1246222222222224,0.36829307060897276,34.8968,5.752138442669508,0.9214,0.19171467909844092,0.32750417344173444,0.14722598638179407,0.26628303523035235,0.10801127180000276,1.005280975609756,0.39403089666727814,27.006444444444444,11.366795973671326,1.0,0.0,1.0,0.0,27.006444444444444,11.366795973671326,1.3815555555555556,0.2527211502782857,0.6773333333333333,0.2692531758907827,0.36600000000000005,7.548438550154234,4.225111111111111,2.333512395726687,3.2695555555555553,1.3398116481525497,-0.526964014626023,-0.574456067049041,0.728135396027992,-0.5637418642683636,-0.2718641102932594,-0.7479865426807901,-0.14077062997019485,-0.28194788958591405,-0.3486095328845708,-0.09470077996805698,0,0,-0.09470077996805698,-0.40184826415884467,-0.41844136580349095,0.08134132588089417,-0.687851975438621,-0.7758967889172975,,,,-0.44,-0.38,-0.0004444444444444461,1.5881492309597294,-1.2335811384723961e-17,1.6025221598240922,-0.27677219935429437,-0.23712620613103558,-0.476,25.4114,4.444444444439021e-06,0.8992878856870221,-7.970271111111114,323.2709365968693,-0.5293126395011926,0.1032622092865072,-0.0953,-0.2328,0.0351,-0.0498,-0.3492,-0.1456,-0.0761,-0.34280000000000005,-0.5709,-0.4965,116.40299999999999,-6.6666666666511295e-06,0.6098554968187136,2.2222222222219773e-06,0.8569242232036222,4.4444444444328525e-06,1.7195539646235376,130.51413333333335,25.177181437130365,-0.5620894377791147,-0.6662225279242275,-0.2887402516344663,-0.5604731160463731,-0.48763862882696296,-0.5375569933386573,-2.220446049250313e-16,0.7014693272071238,-1.949058198786386e-16,0.7186404433911947,-0.6951674291568518,-0.748019400079931
Veteran,Alpha,40,2,Alpha Squadron,CCA Comrades,Solar,,,,,213.875,0.675,0.6,1.025,2.5,27.0,0.275,0.308,1.008,2,1,3,60,36.0,180.92,32.96,6,3.75,29.21,29.21,1,1,1.82,0.73,1.4,3.33,3.73,219.43886666666668,38.54352288810649,0.8082499999999999,0.24919229692640515,0.5371833333333333,0.17076592083174594,2.35915,0.5235765148945783,33.830850000000005,5.332937295474007,1.0606166666666668,0.1987957039800004,0.34283959349593496,0.1005708728654733,0.301240325203252,0.09922202417945707,1.1160703252032522,0.31326266097610156,23.224666666666668,12.926462342828565,1.0,0.0,1.0,0.0,23.224666666666668,12.926462342828565,1.5506666666666669,0.32164759464551107,0.7728333333333333,0.24074806908542712,0.5623333333333334,8.178121778208554,3.937,1.6699257062536585,3.3930000000000002,1.298915192753592,-0.14435283154627118,-0.534727604518823,0.3678524752521278,0.269015121941365,-1.2808794893945699,-0.17916215468242724,0.6745451397909141,-0.06812675766946828,0.34498310416732614,0.4630294952008984,0,0,0.4630294952008984,0.8373553473333647,0.17791766096422681,0.1024277565661489,-0.36348922453667387,0.25944726944457996,,,,0.81,0.39,-0.00016666666666668902,1.5517016265548944,0.00016666666666665202,1.572484261101659,0.5221149819024214,0.24790921154290088,-0.0761,40.894,3.333333333341293e-06,0.8654971233326977,31.831433333333333,99.99369929482704,-0.08793019789631255,0.09063137708253081,-0.0158,0.0778,0.0308,0.094,0.1168,-0.0242,0.1436,0.1868,0.23620000000000002,1.3004,119.5,-1.4999999999980307e-05,0.7576521745285212,3.3333333333533203e-06,0.8411560412619127,1.6666666666738847e-06,1.610047649625616,138.24735,33.55208726580768,0.24657092829734562,0.2808000597752606,0.8076769241181866,-0.5587536134929255,0.07593973045286428,0.10501118484101588,-1.258252761241844e-16,0.7364455679708635,-1.1287267417022424e-16,0.7271746005770044,0.10311655573147378,0.1444098635426634
Veteran,Ashes.,48,2,Alpha Squadron,CCA Comrades,Solar,RSC001114,15.0,2.0,"[2, 11, 12, 13, 14, 15, 16, 17, 18, 19, 20, 21, 22, 23, 24]",247.812,0.938,0.521,1.083,2.708,34.638,0.538,0.333,2.0,2,1,3,60,36.0,208.66,39.15,6,3.12,36.03,36.03,1,1,1.77,1.46,0.74,3.25,2.01,219.43886666666668,38.54352288810649,0.8082499999999999,0.24919229692640515,0.5371833333333333,0.17076592083174594,2.35915,0.5235765148945783,33.830850000000005,5.332937295474007,1.0606166666666668,0.1987957039800004,0.34283959349593496,0.1005708728654733,0.301240325203252,0.09922202417945707,1.1160703252032522,0.31326266097610156,23.224666666666668,12.926462342828565,1.0,0.0,1.0,0.0,23.224666666666668,12.926462342828565,1.5506666666666669,0.32164759464551107,0.7728333333333333,0.24074806908542712,0.5623333333333334,8.178121778208554,3.937,1.6699257062536585,3.3930000000000002,1.298915192753592,0.7361323306045937,0.520682226538967,-0.09476910413102047,0.6662827496574034,0.1513518639502869,0.11259465312985359,-1.9405261279288852,-0.3200869470200099,-2.8216885856823573,0.9906293766784203,0,0,0.9906293766784203,0.6819057160214774,-2.854297728231549,0.02172462962584853,-0.4113955473751153,-1.0647346398868087,,,,-1.83,0.67,-0.00016666666666668902,1.5517016265548944,0.00016666666666665202,1.572484261101659,-1.1792430335952861,0.42597140709316744,-0.0178,26.6622,3.333333333341293e-06,0.8654971233326977,31.831433333333333,99.99369929482704,-0.020570066443178377,-0.05169559052007944,-0.0037,-0.3194,-0.0176,-0.2123,-0.4791,-0.0057,-0.3243,-0.5529999999999999,-0.8090999999999999,1.6725,155.518,-1.4999999999980307e-05,0.7576521745285212,3.3333333333533203e-06,0.8411560412619127,1.6666666666738847e-06,1.610047649625616,138.24735,33.55208726580768,-0.7298665780826361,-0.9618944567282742,1.0387880965648681,0.514741448517875,0.2455133947123945,0.04985828195069361,-1.258252761241844e-16,0.7364455679708635,-1.1287267417022424e-16,0.7271746005770044,0.3333761589316918,0.06856438867794855
Veteran,Dart,60,2,Alpha Squadron,CCA Comrades,Solar,RSC000399,8.0,2.0,"[2, 3, 4, 5, 7, 9, 10, 12]",236.083,0.883,0.45,1.067,2.817,31.345,0.261,0.272,1.017,2,0,6,60,36.0,199.79,36.29,8,3.33,32.96,32.96,1,1,1.93,0.76,1.4,3.92,4.09,219.43886666666668,38.54352288810649,0.8082499999999999,0.24919229692640515,0.5371833333333333,0.17076592083174594,2.35915,0.5235765148945783,33.830850000000005,5.332937295474007,1.0606166666666668,0.1987957039800004,0.34283959349593496,0.1005708728654733,0.301240325203252,0.09922202417945707,1.1160703252032522,0.31326266097610156,23.224666666666668,12.926462342828565,1.0,0.0,1.0,0.0,23.224666666666668,12.926462342828565,1.5506666666666669,0.32164759464551107,0.7728333333333333,0.24074806908542712,0.5623333333333334,8.178121778208554,3.937,1.6699257062536585,3.3930000000000002,1.298915192753592,0.43182698638243194,0.2999691439983648,-0.5105429286399261,0.8744662661047503,-0.46613148857191966,0.03211001649198301,0.8137504544223865,0.2946959149953111,0.316253219884416,0.7531320693271017,0,0,0.7531320693271017,1.1793445362195158,0.05330606962741399,0.1024277565661489,-0.010180093603168737,0.5366016225604519,,,,1.07,1.05,-0.00016666666666668902,1.5517016265548944,0.00016666666666665202,1.572484261101659,0.6896729682771957,0.6676272439113864,0.3084,46.144,3.333333333341293e-06,0.8654971233326977,31.831433333333333,99.99369929482704,0.3563231561985432,0.14313468516117892,0.0641,0.161,0.0487,0.1241,0.2415,0.098,0.1897,0.3979,0.5292,1.9325,147.815,-1.4999999999980307e-05,0.7576521745285212,3.3333333333533203e-06,0.8411560412619127,1.6666666666738847e-06,1.610047649625616,138.24735,33.55208726580768,0.5251948233998248,0.6291301978557501,1.200274000451289,0.2851581162209901,0.6114515183321864,0.6423747610901659,-1.258252761241844e-16,0.7364455679708635,-1.1287267417022424e-16,0.7271746005770044,0.8302738789194231,0.8833844864499519
Veteran,Teelore,23,2,Alpha Squadron,CCA Comrades,Solar,RSC001733,1.0,2.0,[2],167.609,0.609,0.391,1.217,1.739,35.02,0.406,0.348,1.304,1,0,2,60,36.0,167.21,0.4,3,3.26,-2.86,-2.86,1,1,1.13,0.9,1.35,3.5,3.0,219.43886666666668,38.54352288810649,0.8082499999999999,0.24919229692640515,0.5371833333333333,0.17076592083174594,2.35915,0.5235765148945783,33.830850000000005,5.332937295474007,1.0606166666666668,0.1987957039800004,0.34283959349593496,0.1005708728654733,0.301240325203252,0.09922202417945707,1.1160703252032522,0.31326266097610156,23.224666666666668,12.926462342828565,1.0,0.0,1.0,0.0,23.224666666666668,12.926462342828565,1.5506666666666669,0.32164759464551107,0.7728333333333333,0.24074806908542712,0.5623333333333334,8.178121778208554,3.937,1.6699257062536585,3.3930000000000002,1.298915192753592,-1.3447101557667942,-0.7995833035675463,-0.8560451208374673,-1.1844496121543318,0.2229821830099547,0.7866534849720197,-0.62801887568929,-0.47126306063033435,-0.5999108678039505,-2.017927718726393,0,0,-2.017927718726393,-1.3078495647706776,-0.5282146899443787,0.09631388331309586,-0.26168828850498593,-0.30256016881816045,,,,-2.62,-2.49,-0.00016666666666668902,1.5517016265548944,0.00016666666666665202,1.572484261101659,-1.6883615306571,-1.5835876569741267,-0.883,-3.861,3.333333333341293e-06,0.8654971233326977,31.831433333333333,99.99369929482704,-1.0202267685572726,-0.3569468235003063,-0.1836,-0.0908,-0.1214,-0.3039,-0.1362,-0.2806,-0.4643,-0.6997,-0.8811,-3.3258,113.31,-1.4999999999980307e-05,0.7576521745285212,3.3333333333533203e-06,0.8411560412619127,1.6666666666738847e-06,1.610047649625616,138.24735,33.55208726580768,-0.9234910471093236,-1.0474909411712614,-2.065654185725506,-0.7432428809105182,-1.1597758280561707,-1.1823208181704126,-1.258252761241844e-16,0.7364455679708635,-1.1287267417022424e-16,0.7271746005770044,-1.5748289873638774,-1.625910499668518
Veteran,Cortez7_7,31,2,Ascendant,Paradigm,Lunar,,,,,176.29,0.387,0.613,1.29,1.226,31.566,0.247,0.323,1.151,0,0,4,60,36.0,155.14,21.15,4,3.23,17.92,17.92,1,1,0.84,0.9,1.43,3.99,5.22,219.43886666666668,38.54352288810649,0.8082499999999999,0.24919229692640515,0.5371833333333333,0.17076592083174594,2.35915,0.5235765148945783,33.830850000000005,5.332937295474007,1.0606166666666668,0.1987957039800004,0.34283959349593496,0.1005708728654733,0.301240325203252,0.09922202417945707,1.1160703252032522,0.31326266097610156,23.224666666666668,12.926462342828565,1.0,0.0,1.0,0.0,23.224666666666668,12.926462342828565,1.5506666666666669,0.32164759464551107,0.7728333333333333,0.24074806908542712,0.5623333333333334,8.178121778208554,3.937,1.6699257062536585,3.3930000000000002,1.298915192753592,-1.1194842462099202,-1.69046156400416,0.4439800769227725,-2.164249097819368,-0.42469091131488723,1.1538646396323036,0.9529557690538587,-0.21930287127979325,-0.11150283499447304,-0.41037265463505773,0,0,-0.41037265463505773,-2.2094574263796223,-0.5282146899443787,0.10609608051798074,0.031737938880467643,1.40655834206305,,,,-0.52,-0.63,-0.00016666666666668902,1.5517016265548944,0.00016666666666665202,1.572484261101659,-0.33500856378392363,-0.400745929390213,-0.1715,25.6256,3.333333333341293e-06,0.8654971233326977,31.831433333333333,99.99369929482704,-0.19815586754689576,-0.062062243692332125,-0.0357,0.422,-0.0211,-0.0603,0.633,-0.0545,-0.0921,0.30489999999999995,0.4864,-2.6198,82.526,-1.4999999999980307e-05,0.7576521745285212,3.3333333333533203e-06,0.8411560412619127,1.6666666666738847e-06,1.610047649625616,138.24735,33.55208726580768,0.4024472049984484,0.5782478432146411,-1.6271578467108403,-1.6607416867559424,-0.9708217156648159,-0.7570857531568844,-1.258252761241844e-16,0.7364455679708635,-1.1287267417022424e-16,0.7271746005770044,-1.318253185146774,-1.0411333846866293
Veteran,Cruciform,52,2,Ascendant,Paradigm,Lunar,RSC003632,2.0,1.0,"[1, 2]",217.404,0.962,0.327,1.346,2.288,42.045,0.3482292682926829,0.2967365853658537,1.1426439024390245,2,1,7,60,36.0,212.15,5.25,10,4.81,0.44,0.44,1,1,1.33,0.79,1.7,4.54,3.87,219.43886666666668,38.54352288810649,0.8082499999999999,0.24919229692640515,0.5371833333333333,0.17076592083174594,2.35915,0.5235765148945783,33.830850000000005,5.332937295474007,1.0606166666666668,0.1987957039800004,0.34283959349593496,0.1005708728654733,0.301240325203252,0.09922202417945707,1.1160703252032522,0.31326266097610156,23.224666666666668,12.926462342828565,1.0,0.0,1.0,0.0,23.224666666666668,12.926462342828565,1.5506666666666669,0.32164759464551107,0.7728333333333333,0.24074806908542712,0.5623333333333334,8.178121778208554,3.937,1.6699257062536585,3.3930000000000002,1.298915192753592,-0.052793997906574165,0.6169933898294119,-1.2308271598314104,-0.13589226784613564,1.5402675007957127,1.4355608678648506,-0.0535908125601868,0.04539052568865833,-0.0848284221074133,-1.7626374534953337,0,0,-1.7626374534953337,-0.6860510395231287,-0.07130552170939884,0.13911099608446725,0.36109390839475203,0.3672295178785303,,,,-1.85,-1.72,-0.00016666666666668902,1.5517016265548944,0.00016666666666665202,1.572484261101659,-1.1921321094702688,-1.0939166192108936,-0.3228,0.748,3.333333333341293e-06,0.8654971233326977,31.831433333333333,99.99369929482704,-0.3729686958292148,-0.31085391932230844,-0.0671,0.1102,-0.1057,-0.2146,0.1653,-0.1026,-0.3278,-0.2772,-0.2651,-2.4487,161.125,-1.4999999999980307e-05,0.7576521745285212,3.3333333333533203e-06,0.8411560412619127,1.6666666666738847e-06,1.610047649625616,138.24735,33.55208726580768,-0.3658472968450058,-0.3151654631590377,-1.5208876999609686,0.6818547477764277,-0.2586273878377424,-0.24561152405473355,-1.258252761241844e-16,0.7364455679708635,-1.1287267417022424e-16,0.7271746005770044,-0.351183304083615,-0.3377614177665771
Veteran,Keube,40,2,Ascendant,Paradigm,Lunar,RSC003684,2.0,1.0,"[1, 2]",220.75,0.85,0.65,1.05,2.6,32.692,0.425,0.258,1.275,3,1,5,60,36.0,203.35,17.4,9,5.62,11.78,11.78,1,1,1.75,0.85,1.24,4.07,2.47,219.43886666666668,38.54352288810649,0.8082499999999999,0.24919229692640515,0.5371833333333333,0.17076592083174594,2.35915,0.5235765148945783,33.830850000000005,5.332937295474007,1.0606166666666668,0.1987957039800004,0.34283959349593496,0.1005708728654733,0.301240325203252,0.09922202417945707,1.1160703252032522,0.31326266097610156,23.224666666666668,12.926462342828565,1.0,0.0,1.0,0.0,23.224666666666668,12.926462342828565,1.5506666666666669,0.32164759464551107,0.7728333333333333,0.24074806908542712,0.5623333333333334,8.178121778208554,3.937,1.6699257062536585,3.3930000000000002,1.298915192753592,0.034016956289636344,0.1675412944740031,0.660650943216146,0.46000917372792194,-0.21355023262068576,-0.05340490993575392,-0.8169403741177163,0.4357936210316144,-0.5073367962256831,-0.8853672693376949,0,0,-0.8853672693376949,0.6197258634967225,-0.32052870438302405,0.08286336215637911,0.07964426171890907,-0.7105929664609719,,,,-1.39,-0.45,-0.00016666666666668902,1.5517016265548944,0.00016666666666665202,1.572484261101659,-0.8956833643456681,-0.2862773751078988,-0.0923,14.6072,3.333333333341293e-06,0.8654971233326977,31.831433333333333,99.99369929482704,-0.1066477644407512,-0.17225318649876561,-0.0192,-0.2132,-0.0586,-0.1612,-0.3198,-0.0293,-0.2463,-0.4522,-0.5953999999999999,-0.2656,143.692,-1.4999999999980307e-05,0.7576521745285212,3.3333333333533203e-06,0.8411560412619127,1.6666666666738847e-06,1.610047649625616,138.24735,33.55208726580768,-0.5968239981379184,-0.7078393355412413,-0.16496509698233278,0.16227455409453884,-0.17658267393292743,-0.26430851801822247,-1.258252761241844e-16,0.7364455679708635,-1.1287267417022424e-16,0.7271746005770044,-0.2397769524494084,-0.363473253615427
Veteran,Lank,24,2,Ascendant,Paradigm,Lunar,RSC000224,2.0,2.0,"[2, 3]",288.542,1.083,0.5,1.375,2.833,38.228,0.306,0.194,0.917,5,0,3,60,36.0,240.01,48.53,8,8.33,40.2,40.2,1,1,1.75,0.61,2.25,7.09,4.49,219.43886666666668,38.54352288810649,0.8082499999999999,0.24919229692640515,0.5371833333333333,0.17076592083174594,2.35915,0.5235765148945783,33.830850000000005,5.332937295474007,1.0606166666666668,0.1987957039800004,0.34283959349593496,0.1005708728654733,0.301240325203252,0.09922202417945707,1.1160703252032522,0.31326266097610156,23.224666666666668,12.926462342828565,1.0,0.0,1.0,0.0,23.224666666666668,12.926462342828565,1.5506666666666669,0.32164759464551107,0.7728333333333333,0.24074806908542712,0.5623333333333334,8.178121778208554,3.937,1.6699257062536585,3.3930000000000002,1.298915192753592,1.7928598154855402,1.1025621714187375,-0.21774446067590814,0.9050253143905994,0.824526851971764,1.5814392717709904,0.3663048002497974,1.0808117057690003,0.6354741563611982,1.3132234391067585,0,0,1.3132234391067585,0.6197258634967225,0.6763640263114776,0.20636360186805092,1.8881079488700712,0.84455090380031,,,,1.95,2.39,-0.00016666666666668902,1.5517016265548944,0.00016666666666665202,1.572484261101659,1.2567923067764315,1.5197820369019477,1.715,90.45,3.333333333341293e-06,0.8654971233326977,31.831433333333333,99.99369929482704,1.9815163106064084,0.5862226028245279,0.3567,0.2534,0.1993,0.2262,0.38,0.5449,0.3456,1.0356,1.2705000000000002,1.9329,174.858,-1.4999999999980307e-05,0.7576521745285212,3.3333333333533203e-06,0.8411560412619127,1.6666666666738847e-06,1.610047649625616,138.24735,33.55208726580768,1.3668739229111988,1.510417335600006,1.200522440303422,1.091158642678819,1.2116729105141473,1.2851094312771985,-1.258252761241844e-16,0.7364455679708635,-1.1287267417022424e-16,0.7271746005770044,1.6452986659322062,1.7672639146877236
Veteran,Madloo,21,2,Dragons,πολύ κεφάλη,Lunar,RSC003532,1.0,2.0,[2],169.524,0.333,0.762,0.476,1.857,17.932,0.317,0.365,1.46,0,2,0,60,36.0,117.1,52.42,2,2.38,50.04,50.04,1,1,1.52,1.14,0.42,1.3,1.5,219.43886666666668,38.54352288810649,0.8082499999999999,0.24919229692640515,0.5371833333333333,0.17076592083174594,2.35915,0.5235765148945783,33.830850000000005,5.332937295474007,1.0606166666666668,0.1987957039800004,0.34283959349593496,0.1005708728654733,0.301240325203252,0.09922202417945707,1.1160703252032522,0.31326266097610156,23.224666666666668,12.926462342828565,1.0,0.0,1.0,0.0,23.224666666666668,12.926462342828565,1.5506666666666669,0.32164759464551107,0.7728333333333333,0.24074806908542712,0.5623333333333334,8.178121778208554,3.937,1.6699257062536585,3.3930000000000002,1.298915192753592,-1.2950260621368652,-1.9071616814076606,1.3165195114555464,-0.9590766310461949,-2.981255754402578,-2.9407912493193584,0.2569291958964977,-0.6425959893887027,-1.097895528707731,2.0744525936139158,0,0,2.0744525936139158,-0.09534244053795796,-1.52510742063888,-0.017404159193691045,-1.579112166562124,-1.457369973467627,,,,0.98,1.43,-0.00016666666666668902,1.5517016265548944,0.00016666666666665202,1.572484261101659,0.6316721268397738,0.9092830807296052,-0.4096,21.0168,3.333333333341293e-06,0.8654971233326977,31.831433333333333,99.99369929482704,-0.4732578795364541,-0.10815314774430798,-0.0852,-0.4372,-0.0368,0.1137,-0.6558,-0.1301,0.1737,-0.4454999999999999,-0.6122000000000001,1.9791,69.802,-1.4999999999980307e-05,0.7576521745285212,3.3333333333533203e-06,0.8411560412619127,1.6666666666738847e-06,1.610047649625616,138.24735,33.55208726580768,-0.5879808901455611,-0.7278118485779386,1.2292172432247783,-2.0399729369371133,-0.6781342128521903,-0.7305028583545894,-1.258252761241844e-16,0.7364455679708635,-1.1287267417022424e-16,0.7271746005770044,-0.9208205498753436,-1.0045769719884934
Veteran,Randazzo,52,2,Dragons,πολύ κεφάλη,Lunar,,,,,228.173,0.981,0.615,0.865,2.673,36.7,0.397,0.25,1.218,3,3,2,60,36.0,204.88,23.29,8,3.85,19.44,19.44,1,1,1.69,0.82,1.05,3.46,2.18,219.43886666666668,38.54352288810649,0.8082499999999999,0.24919229692640515,0.5371833333333333,0.17076592083174594,2.35915,0.5235765148945783,33.830850000000005,5.332937295474007,1.0606166666666668,0.1987957039800004,0.34283959349593496,0.1005708728654733,0.301240325203252,0.09922202417945707,1.1160703252032522,0.31326266097610156,23.224666666666668,12.926462342828565,1.0,0.0,1.0,0.0,23.224666666666668,12.926462342828565,1.5506666666666669,0.32164759464551107,0.7728333333333333,0.24074806908542712,0.5623333333333334,8.178121778208554,3.937,1.6699257062536585,3.3930000000000002,1.298915192753592,0.22660443775959152,0.6932397274343474,0.45569201564133327,0.5994348315321083,0.5380055757330968,-0.9840085210611319,-0.5385297448547721,0.5164208816237877,-0.32538086243391723,-0.2927844112559034,0,0,-0.2927844112559034,0.4331863059224579,-0.1959171130462112,0.059630643794777505,-0.28564144992420665,-0.9338561953598689,,,,-0.62,0.22,-0.00016666666666668902,1.5517016265548944,0.00016666666666665202,1.572484261101659,-0.39945394315883676,0.1398000213873819,-0.0857,20.412,3.333333333341293e-06,0.8654971233326977,31.831433333333333,99.99369929482704,-0.09902208918190583,-0.11420152883496824,-0.0178,-0.2802,-0.0388,-0.0719,-0.4202,-0.0272,-0.1098,-0.4087,-0.5572,0.1404,161.53,-1.4999999999980307e-05,0.7576521745285212,3.3333333333533203e-06,0.8411560412619127,1.6666666666738847e-06,1.610047649625616,138.24735,33.55208726580768,-0.5394097895308231,-0.6624256451839899,0.08720135293261669,0.6939255318320215,0.12310934747944352,0.0057712580897597565,-1.258252761241844e-16,0.7364455679708635,-1.1287267417022424e-16,0.7271746005770044,0.16716693376083203,0.007936550706227148
Veteran,Rumble,54,2,Dragons,πολύ κεφάλη,Lunar,RSC001624,5.0,1.0,"[1, 2, 7, 18, 19]",276.296,1.222,0.852,1.037,3.019,40.477,0.34,0.327,1.074,8,1,6,60,36.0,254.1,22.2,15,6.94,15.26,15.26,1,1,1.8,0.73,1.42,3.17,3.05,219.43886666666668,38.54352288810649,0.8082499999999999,0.24919229692640515,0.5371833333333333,0.17076592083174594,2.35915,0.5235765148945783,33.830850000000005,5.332937295474007,1.0606166666666668,0.1987957039800004,0.34283959349593496,0.1005708728654733,0.301240325203252,0.09922202417945707,1.1160703252032522,0.31326266097610156,23.224666666666668,12.926462342828565,1.0,0.0,1.0,0.0,23.224666666666668,12.926462342828565,1.5506666666666669,0.32164759464551107,0.7728333333333333,0.24074806908542712,0.5623333333333334,8.178121778208554,3.937,1.6699257062536585,3.3930000000000002,1.298915192753592,1.475141063218119,1.6603643254758966,1.8435567537907787,1.260274250713595,1.2462456675874458,-0.11879867720402432,0.028234750430507462,-0.2596165015758799,0.13429728609264943,-0.6161520805485782,0,0,-0.6161520805485782,0.7751754948086098,0.17791766096422681,0.10487330586737012,-0.45930187021355673,-0.2640665086631784,,,,-0.48,-0.88,-0.00016666666666668902,1.5517016265548944,0.00016666666666665202,1.572484261101659,-0.3092304120339583,-0.5597300325600938,-0.5065,21.6692,3.333333333341293e-06,0.8654971233326977,31.831433333333333,99.99369929482704,-0.5852166572004112,-0.1016287366604013,-0.1053,-0.0792,-0.0346,-0.0557,-0.1188,-0.1609,-0.085,-0.27480000000000004,-0.3647,0.159,192.86700000000002,-1.4999999999980307e-05,0.7576521745285212,3.3333333333533203e-06,0.8411560412619127,1.6666666666738847e-06,1.610047649625616,138.24735,33.55208726580768,-0.36267961637013163,-0.43357393330517,0.0987538060567991,1.6279061736842195,0.5581417237068802,0.4363175626578828,-1.258252761241844e-16,0.7364455679708635,-1.1287267417022424e-16,0.7271746005770044,0.7578859157842912,0.6000176055539758
Veteran,Sora,53,2,Dragons,πολύ κεφάλη,Lunar,RSC002057,2.0,1.0,"[1, 2]",299.057,1.245,0.849,0.811,3.491,35.663,0.133,0.2967365853658537,0.2,4,5,5,60,36.0,248.09,50.97,14,6.6,44.37,44.37,1,1,2.25,0.07,11.59,2.73,6.1,219.43886666666668,38.54352288810649,0.8082499999999999,0.24919229692640515,0.5371833333333333,0.17076592083174594,2.35915,0.5235765148945783,33.830850000000005,5.332937295474007,1.0606166666666668,0.1987957039800004,0.34283959349593496,0.1005708728654733,0.301240325203252,0.09922202417945707,1.1160703252032522,0.31326266097610156,23.224666666666668,12.926462342828565,1.0,0.0,1.0,0.0,23.224666666666668,12.926462342828565,1.5506666666666669,0.32164759464551107,0.7728333333333333,0.24074806908542712,0.5623333333333334,8.178121778208554,3.937,1.6699257062536585,3.3930000000000002,1.298915192753592,2.065668298262933,1.7526625236292401,1.8259888457129374,2.1617661751461426,0.34355363629625135,-1.2556441697139444,2.086484759624418,0.04539052568865833,2.9242882708997295,1.6358175015350962,0,0,1.6358175015350962,2.174222176615593,2.9193726703741065,1.3484351255383622,-0.7227866458249843,2.084046760790737,,,,4.56,1.68,-0.00016666666666668902,1.5517016265548944,0.00016666666666665202,1.572484261101659,2.938816708461665,1.068267183899486,0.119,514.2483,3.333333333341293e-06,0.8654971233326977,31.831433333333333,99.99369929482704,0.13748938437652583,4.824472642464018,0.0247,0.6252,1.6403,0.529,0.9378,0.0378,0.8082,2.8192000000000004,1.7838,3.81,195.07300000000004,-1.4999999999980307e-05,0.7576521745285212,3.3333333333533203e-06,0.8411560412619127,1.6666666666738847e-06,1.610047649625616,138.24735,33.55208726580768,3.7209884624885654,2.120648939274802,2.3663885564003473,1.6936546912808614,2.5443129793616652,2.0259085181071144,-1.258252761241844e-16,0.7364455679708635,-1.1287267417022424e-16,0.7271746005770044,3.4548554435218324,2.786000111251933
Veteran,Babz,16,2,FA,Free Agent,N/A,RSC001120,1.0,2.0,[2],168.438,0.375,0.375,1.0,1.75,21.429,0.125,0.125,0.5,0,0,2,60,36.0,130.75,37.69,2,3.12,34.57,34.57,1,1,1.38,0.38,2.63,8.0,8.0,219.43886666666668,38.54352288810649,0.8082499999999999,0.24919229692640515,0.5371833333333333,0.17076592083174594,2.35915,0.5235765148945783,33.830850000000005,5.332937295474007,1.0606166666666668,0.1987957039800004,0.34283959349593496,0.1005708728654733,0.301240325203252,0.09922202417945707,1.1160703252032522,0.31326266097610156,23.224666666666668,12.926462342828565,1.0,0.0,1.0,0.0,23.224666666666668,12.926462342828565,1.5506666666666669,0.32164759464551107,0.7728333333333333,0.24074806908542712,0.5623333333333334,8.178121778208554,3.937,1.6699257062536585,3.3930000000000002,1.298915192753592,-1.323202002440836,-1.7386171456493824,-0.9497406305859531,-1.1634402664578105,-2.3255195613354185,-0.30491939942909946,2.166030653699545,1.7762218283764948,1.9666254614693819,0.8776827744852851,0,0,0.8776827744852851,-0.5306014082112421,1.6317195598937084,0.25282903859125416,2.433042371157342,3.5468058466800616,,,,2.84,2.65,-0.00016666666666668902,1.5517016265548944,0.00016666666666665202,1.572484261101659,1.8303561832131587,1.6851255041986235,2.0815,90.9191,3.333333333341293e-06,0.8654971233326977,31.831433333333333,99.99369929482704,2.404972368540777,0.5909138984092315,0.4329,1.064,0.2009,0.3295,1.5961,0.6614,0.5033,2.0273000000000003,2.7608,0.3471,76.429,-1.4999999999980307e-05,0.7576521745285212,3.3333333333533203e-06,0.8411560412619127,1.6666666666738847e-06,1.610047649625616,138.24735,33.55208726580768,2.675785892466522,3.28214567956367,0.2155826465223213,-1.8424591445015095,0.20423300127437527,0.7013128149702819,-1.258252761241844e-16,0.7364455679708635,-1.1287267417022424e-16,0.7271746005770044,0.27732260218104215,0.9644352462445726
Veteran,Csherrod5,4,2,FA,Free Agent,N/A,RSC001219,1.0,2.0,[2],215.0,1.0,0.0,1.25,2.25,44.444,0.3482292682926829,0.2967365853658537,1.1426439024390245,0,0,1,60,36.0,193.75,21.25,1,6.25,15.0,15.0,1,1,1.25,0.79,1.58,4.21,3.59,219.43886666666668,38.54352288810649,0.8082499999999999,0.24919229692640515,0.5371833333333333,0.17076592083174594,2.35915,0.5235765148945783,33.830850000000005,5.332937295474007,1.0606166666666668,0.1987957039800004,0.34283959349593496,0.1005708728654733,0.301240325203252,0.09922202417945707,1.1160703252032522,0.31326266097610156,23.224666666666668,12.926462342828565,1.0,0.0,1.0,0.0,23.224666666666668,12.926462342828565,1.5506666666666669,0.32164759464551107,0.7728333333333333,0.24074806908542712,0.5623333333333334,8.178121778208554,3.937,1.6699257062536585,3.3930000000000002,1.298915192753592,-0.11516504808221359,0.7694860650392829,-3.1457291403160883,-0.20847000752502684,1.9901134050473903,0.9526530480376272,-0.0535908125601868,0.04539052568865833,-0.0848284221074133,-0.6362658590213283,0,0,-0.6362658590213283,-0.9347704496221483,-0.07130552170939884,0.12443770027713993,0.1634803266861813,0.15166502101062967,,,,-0.72,-0.59,-0.00016666666666668902,1.5517016265548944,0.00016666666666665202,1.572484261101659,-0.46389932253374994,-0.37530847288303204,-0.0898,23.7,3.333333333341293e-06,0.8654971233326977,31.831433333333333,99.99369929482704,-0.10375925108512797,-0.08131945703256921,-0.0187,0.0455,-0.0276,-0.0835,0.0682,-0.0285,-0.1276,-0.08430000000000001,-0.08789999999999999,-1.571,166.94400000000002,-1.4999999999980307e-05,0.7576521745285212,3.3333333333533203e-06,0.8411560412619127,1.6666666666738847e-06,1.610047649625616,138.24735,33.55208726580768,-0.11124497867698944,-0.10450300422435257,-0.9757485544182318,0.8552865809109956,0.04195167970806912,0.03192231437784171,-1.258252761241844e-16,0.7364455679708635,-1.1287267417022424e-16,0.7271746005770044,0.05696507865972929,0.04389910532148929
Veteran,Cynder,11,2,FA,Free Agent,N/A,RSC003576,1.0,2.0,[2],195.455,0.727,0.273,1.364,1.727,42.096,0.242,0.273,1.182,1,0,2,60,36.0,181.37,14.09,3,6.82,7.27,7.27,1,1,1.0,0.94,1.45,5.0,5.64,219.43886666666668,38.54352288810649,0.8082499999999999,0.24919229692640515,0.5371833333333333,0.17076592083174594,2.35915,0.5235765148945783,33.830850000000005,5.332937295474007,1.0606166666666668,0.1987957039800004,0.34283959349593496,0.1005708728654733,0.301240325203252,0.09922202417945707,1.1160703252032522,0.31326266097610156,23.224666666666668,12.926462342828565,1.0,0.0,1.0,0.0,23.224666666666668,12.926462342828565,1.5506666666666669,0.32164759464551107,0.7728333333333333,0.24074806908542712,0.5623333333333334,8.178121778208554,3.937,1.6699257062536585,3.3930000000000002,1.298915192753592,-0.6222541394644405,-0.3260534173895262,-1.54704950523255,-1.2073688983687185,1.54983071093195,1.526106084082455,1.0026719528508132,0.28461750742128944,-0.21046132530227538,-1.2342639651534755,0,0,-1.2342639651534755,-1.7120186061815836,-0.694363478393462,0.10854162981920196,0.6365552647157899,1.7299050873649007,,,,-1.44,-0.95,-0.00016666666666668902,1.5517016265548944,0.00016666666666665202,1.572484261101659,-0.9279060540331246,-0.6042455814476604,0.0534,10.5415,3.333333333341293e-06,0.8654971233326977,31.831433333333333,99.99369929482704,0.06169479392497177,-0.21291274833788176,0.0111,0.519,-0.0724,-0.167,0.7785,0.017,-0.2552,0.29069999999999996,0.5403,-2.9463,132.066,-1.4999999999980307e-05,0.7576521745285212,3.3333333333533203e-06,0.8411560412619127,1.6666666666738847e-06,1.610047649625616,138.24735,33.55208726580768,0.3837050955221092,0.6423263225407106,-1.8299468760143647,-0.18423145931368956,-0.44115555872705825,-0.24858004658009147,-1.258252761241844e-16,0.7364455679708635,-1.1287267417022424e-16,0.7271746005770044,-0.5990334899327032,-0.34184368703588663
Veteran,Hero,20,2,FA,Free Agent,N/A,RSC002958,4.0,2.0,"[2, 9, 10, 11]",143.25,0.3,0.25,1.05,1.05,28.571,0.067,0.067,0.517,0,0,3,60,36.0,112.85,30.4,3,3.75,26.65,26.65,1,1,0.75,0.45,2.33,15.67,15.67,219.43886666666668,38.54352288810649,0.8082499999999999,0.24919229692640515,0.5371833333333333,0.17076592083174594,2.35915,0.5235765148945783,33.830850000000005,5.332937295474007,1.0606166666666668,0.1987957039800004,0.34283959349593496,0.1005708728654733,0.301240325203252,0.09922202417945707,1.1160703252032522,0.31326266097610156,23.224666666666668,12.926462342828565,1.0,0.0,1.0,0.0,23.224666666666668,12.926462342828565,1.5506666666666669,0.32164759464551107,0.7728333333333333,0.24074806908542712,0.5623333333333334,8.178121778208554,3.937,1.6699257062536585,3.3930000000000002,1.298915192753592,-1.9766970156787758,-2.039589530932022,-1.6817368004959983,-2.500398628963708,-0.9862951144135838,-0.05340490993575392,2.7427383857442154,2.360769467669751,1.9123579022683286,0.26498613793074344,0,0,0.26498613793074344,-2.489266762741019,1.340959180107812,0.2161457990729358,7.02606107329291,9.451733314454335,,,,2.18,2.63,-0.00016666666666668902,1.5517016265548944,0.00016666666666665202,1.572484261101659,1.405016679338732,1.6724067759450332,4.5098,62.0945,3.333333333341293e-06,0.8654971233326977,31.831433333333333,99.99369929482704,5.210643161124752,0.302649735734222,0.9379,2.8355,0.1029,0.2529,4.2533,1.4329,0.3864,4.1292,6.0726,-2.2243,69.071,-1.4999999999980307e-05,0.7576521745285212,3.3333333333533203e-06,0.8411560412619127,1.6666666666738847e-06,1.610047649625616,138.24735,33.55208726580768,5.450014055024083,7.21934619592874,-1.3815129429143806,-2.0617599570473333,0.6007921607521316,1.8139417875350046,-1.258252761241844e-16,0.7364455679708635,-1.1287267417022424e-16,0.7271746005770044,0.8157998185901246,2.494506527174716
Veteran,Kevo,14,2,FA,Free Agent,N/A,RSC000585,1.0,2.0,[2],230.0,0.571,0.429,1.429,2.429,23.508,0.143,0.143,0.452,0,0,4,60,36.0,184.29,45.71,4,7.14,38.57,38.57,1,1,1.86,0.31,4.61,9.99,9.99,219.43886666666668,38.54352288810649,0.8082499999999999,0.24919229692640515,0.5371833333333333,0.17076592083174594,2.35915,0.5235765148945783,33.830850000000005,5.332937295474007,1.0606166666666668,0.1987957039800004,0.34283959349593496,0.1005708728654733,0.301240325203252,0.09922202417945707,1.1160703252032522,0.31326266097610156,23.224666666666668,12.926462342828565,1.0,0.0,1.0,0.0,23.224666666666668,12.926462342828565,1.5506666666666669,0.32164759464551107,0.7728333333333333,0.24074806908542712,0.5623333333333334,8.178121778208554,3.937,1.6699257062536585,3.3930000000000002,1.298915192753592,0.274005398105221,-0.9520759787774172,-0.6335182851848138,0.1334093451729094,-1.93567811284053,1.8530749204238037,1.9870523920305094,1.594810492044105,2.1198515109782377,1.187125520219902,0,0,1.187125520219902,0.9617150523828745,1.9224799396796048,0.49493841941215533,3.6247121517635716,5.078853520848354,,,,3.31,2.78,-0.00016666666666668902,1.5517016265548944,0.00016666666666665202,1.572484261101659,2.1332494662752506,1.7677972378469615,2.752,177.8077,3.333333333341293e-06,0.8654971233326977,31.831433333333333,99.99369929482704,3.179671650518932,1.4598546478039787,0.5723,1.5237,0.4964,0.384,2.2855,0.8744,0.5866,2.9764000000000004,3.7465,2.1488,104.89799999999998,-1.4999999999980307e-05,0.7576521745285212,3.3333333333533203e-06,0.8411560412619127,1.6666666666738847e-06,1.610047649625616,138.24735,33.55208726580768,3.9284715335928277,4.453985328389399,1.3346178504921846,-0.9939575364059614,1.2591594111561384,1.7440777023677376,-1.258252761241844e-16,0.7364455679708635,-1.1287267417022424e-16,0.7271746005770044,1.709779331859535,2.3984304470808424
Veteran,KomaliBear,15,2,FA,Free Agent,N/A,RSC001068,1.0,2.0,[2],154.667,0.4,0.2,1.667,1.133,35.305,0.067,0.133,0.444,0,0,4,60,36.0,156.35,-1.68,4,6.67,-8.35,-8.35,1,1,0.73,0.38,4.39,12.53,24.88,219.43886666666668,38.54352288810649,0.8082499999999999,0.24919229692640515,0.5371833333333333,0.17076592083174594,2.35915,0.5235765148945783,33.830850000000005,5.332937295474007,1.0606166666666668,0.1987957039800004,0.34283959349593496,0.1005708728654733,0.301240325203252,0.09922202417945707,1.1160703252032522,0.31326266097610156,23.224666666666668,12.926462342828565,1.0,0.0,1.0,0.0,23.224666666666668,12.926462342828565,1.5506666666666669,0.32164759464551107,0.7728333333333333,0.24074806908542712,0.5623333333333334,8.178121778208554,3.937,1.6699257062536585,3.3930000000000002,1.298915192753592,-1.680486416737313,-1.6382930172218357,-1.9745352684600161,-2.341873565980866,0.27642365141834424,3.0502838904121274,2.7427383857442154,1.6955945677843214,2.1453891858963803,-2.4426378872471544,0,0,-2.4426378872471544,-2.5514466152657738,1.6317195598937084,0.4680373770987218,5.145737901884085,16.54226551500206,,,,-0.3,-0.75,-0.00016666666666668902,1.5517016265548944,0.00016666666666665202,1.572484261101659,-0.1932287291591146,-0.4770582989117558,2.503,-36.6565,3.333333333341293e-06,0.8654971233326977,31.831433333333333,99.99369929482704,2.8919757202988565,-0.6849224882799831,0.5206,4.9627,-0.2329,-0.0348,7.444,0.7953,-0.0531,5.2156,8.1862,-4.9941,86.63499999999999,-1.4999999999980307e-05,0.7576521745285212,3.3333333333533203e-06,0.8411560412619127,1.6666666666738847e-06,1.610047649625616,138.24735,33.55208726580768,6.883917416650486,9.732078550355094,-3.101834699009029,-1.5382753863005485,0.8188872242420032,2.5946119533116736,-1.258252761241844e-16,0.7364455679708635,-1.1287267417022424e-16,0.7271746005770044,1.1119453491970794,3.568072855202698
Veteran,Llama,24,2,FA,Free Agent,N/A,RSC000368,9.0,2.0,"[2, 3, 4, 6, 7, 8, 9, 14, 15]",161.458,0.542,0.167,0.958,1.792,30.246,0.208,0.167,0.917,1,0,0,60,36.0,135.08,26.38,1,1.04,25.34,25.34,1,1,1.25,0.71,1.35,5.74,4.61,219.43886666666668,38.54352288810649,0.8082499999999999,0.24919229692640515,0.5371833333333333,0.17076592083174594,2.35915,0.5235765148945783,33.830850000000005,5.332937295474007,1.0606166666666668,0.1987957039800004,0.34283959349593496,0.1005708728654733,0.301240325203252,0.09922202417945707,1.1160703252032522,0.31326266097610156,23.224666666666668,12.926462342828565,1.0,0.0,1.0,0.0,23.224666666666668,12.926462342828565,1.5506666666666669,0.32164759464551107,0.7728333333333333,0.24074806908542712,0.5623333333333334,8.178121778208554,3.937,1.6699257062536585,3.3930000000000002,1.298915192753592,-1.5042959834000553,-1.068451967753371,-2.1677822573162677,-1.0832227647074566,-0.6722092913116419,-0.5161915706035097,1.340742002670103,1.352928710267585,0.6354741563611982,0.1636436387026565,0,0,0.1636436387026565,-0.9347704496221483,0.2609920551887687,0.09631388331309586,1.0796887509713728,0.9369356881722674,,,,0.8,1.52,-0.00016666666666668902,1.5517016265548944,0.00016666666666665202,1.572484261101659,0.5156704439649302,0.9665173578707623,1.0265,34.209,3.333333333341293e-06,0.8654971233326977,31.831433333333333,99.99369929482704,1.1860197324677653,0.02377716479571897,0.2135,0.2811,0.0081,0.0928,0.4216,0.3262,0.1418,0.5955,0.8896000000000001,-0.7711,102.366,-1.4999999999980307e-05,0.7576521745285212,3.3333333333533203e-06,0.8411560412619127,1.6666666666738847e-06,1.610047649625616,138.24735,33.55208726580768,0.7860005158311366,1.0575881560953695,-0.47893096011535485,-1.069422290057228,-0.29770010502976196,-0.07690019241013946,-1.258252761241844e-16,0.7364455679708635,-1.1287267417022424e-16,0.7271746005770044,-0.40423911552624076,-0.10575203307310233
Veteran,Nicknamer6,8,2,FA,Free Agent,N/A,,,,,217.5,0.75,0.75,0.375,2.375,31.579,0.708,0.5,1.792,1,0,0,60,36.0,157.62,59.88,1,3.12,56.76,56.76,1,1,1.62,1.08,0.35,0.75,0.53,219.43886666666668,38.54352288810649,0.8082499999999999,0.24919229692640515,0.5371833333333333,0.17076592083174594,2.35915,0.5235765148945783,33.830850000000005,5.332937295474007,1.0606166666666668,0.1987957039800004,0.34283959349593496,0.1005708728654733,0.301240325203252,0.09922202417945707,1.1160703252032522,0.31326266097610156,23.224666666666668,12.926462342828565,1.0,0.0,1.0,0.0,23.224666666666668,12.926462342828565,1.5506666666666669,0.32164759464551107,0.7728333333333333,0.24074806908542712,0.5623333333333334,8.178121778208554,3.937,1.6699257062536585,3.3930000000000002,1.298915192753592,-0.05030330705097449,-0.23375521923618325,1.246247879144182,0.03027255720816909,-0.42225323029976736,-3.448850518095916,-3.6308763770253325,-2.0031810118816264,-2.1577090378106494,2.594316406448072,0,0,2.594316406448072,0.21555682208581647,-1.2758842379652553,-0.025963581747965328,-1.9084681360764084,-2.2041469804742824,,,,0.44,0.59,-0.00016666666666668902,1.5517016265548944,0.00016666666666665202,1.572484261101659,0.2836670782152428,0.3750964940788055,-0.8352,19.866,3.333333333341293e-06,0.8654971233326977,31.831433333333333,99.99369929482704,-0.9649983931977562,-0.11966187287514764,-0.1737,-0.6612,-0.0407,0.0511,-0.9919,-0.2654,0.078,-0.8244999999999999,-1.1793,2.8099,130.329,-1.4999999999980307e-05,0.7576521745285212,3.3333333333533203e-06,0.8411560412619127,1.6666666666738847e-06,1.610047649625616,138.24735,33.55208726580768,-1.0882104318027834,-1.4020030475726335,1.745226816104926,-0.2360017109299024,0.017701113481450537,-0.22690739909863608,-1.258252761241844e-16,0.7364455679708635,-1.1287267417022424e-16,0.7271746005770044,0.024035874817228832,-0.3120397754797646
Veteran,ProfessorFREAK,16,2,FA,Free Agent,N/A,RSC000598,2.0,1.0,"[1, 2]",204.688,0.562,0.812,0.938,1.938,28.999,0.125,0.229,0.583,1,2,1,60,36.0,169.65,35.04,4,6.25,28.79,28.79,1,1,1.38,0.46,2.04,4.1,7.5,219.43886666666668,38.54352288810649,0.8082499999999999,0.24919229692640515,0.5371833333333333,0.17076592083174594,2.35915,0.5235765148945783,33.830850000000005,5.332937295474007,1.0606166666666668,0.1987957039800004,0.34283959349593496,0.1005708728654733,0.301240325203252,0.09922202417945707,1.1160703252032522,0.31326266097610156,23.224666666666668,12.926462342828565,1.0,0.0,1.0,0.0,23.224666666666668,12.926462342828565,1.5506666666666669,0.32164759464551107,0.7728333333333333,0.24074806908542712,0.5623333333333334,8.178121778208554,3.937,1.6699257062536585,3.3930000000000002,1.298915192753592,-0.3827067574878689,-0.9881926650113336,1.6093179794195647,-0.804371449099084,-0.906039154838879,-0.6167973664008479,2.166030653699545,0.7280674406782425,1.7016720841936523,0.43053800689876354,0,0,0.43053800689876354,-0.5306014082112421,1.2994219829955411,0.18068533420522806,0.09760913278332421,3.1618692451302395,,,,2.13,1.16,-0.00016666666666668902,1.5517016265548944,0.00016666666666665202,1.572484261101659,1.3727939896512753,0.7375802493061339,0.3984,58.7316,3.333333333341293e-06,0.8654971233326977,31.831433333333333,99.99369929482704,0.46030963700098015,0.26901861673656763,0.0829,0.9486,0.0915,0.2471,1.4228,0.1266,0.3775,1.3700999999999999,1.9269,-0.1001,104.579,-1.4999999999980307e-05,0.7576521745285212,3.3333333333533203e-06,0.8411560412619127,1.6666666666738847e-06,1.610047649625616,138.24735,33.55208726580768,1.8083693890967945,2.290771952105239,-0.062173108162322584,-1.0034651416250584,0.17858910254809168,0.5401397838981172,-1.258252761241844e-16,0.7364455679708635,-1.1287267417022424e-16,0.7271746005770044,0.2425014289109789,0.7427924235383397
Veteran,R4bblerouser,12,2,FA,Free Agent,N/A,RSC001594,2.0,1.0,"[1, 2]",158.333,0.167,0.5,1.0,1.333,12.528,0.583,0.542,1.958,0,0,1,60,36.0,112.03,46.3,1,2.08,44.22,44.22,1,1,1.17,1.38,0.72,1.85,1.72,219.43886666666668,38.54352288810649,0.8082499999999999,0.24919229692640515,0.5371833333333333,0.17076592083174594,2.35915,0.5235765148945783,33.830850000000005,5.332937295474007,1.0606166666666668,0.1987957039800004,0.34283959349593496,0.1005708728654733,0.301240325203252,0.09922202417945707,1.1160703252032522,0.31326266097610156,23.224666666666668,12.926462342828565,1.0,0.0,1.0,0.0,23.224666666666668,12.926462342828565,1.5506666666666669,0.32164759464551107,0.7728333333333333,0.24074806908542712,0.5623333333333334,8.178121778208554,3.937,1.6699257062536585,3.3930000000000002,1.298915192753592,-1.585373159689104,-2.5733138941665703,-0.21774446067590814,-1.9598854624077524,-3.9945810009953524,-0.30491939942909946,-2.3879717821014737,-2.4264741299905364,-2.6876157923621085,1.6242133985700482,0,0,1.6242133985700482,-1.1834898597211678,-2.5220001513333816,0.019279080324627305,-1.2497561970478395,-1.2879978687857054,,,,-1.06,-0.8,-0.00016666666666668902,1.5517016265548944,0.00016666666666665202,1.572484261101659,-0.6830136124084547,-0.508855119545732,-0.9015,31.8384,3.333333333341293e-06,0.8654971233326977,31.831433333333333,99.99369929482704,-1.0416017673888847,6.967105643452692e-05,-0.1875,-0.3864,0.0,-0.1229,-0.5796,-0.2864,-0.1878,-0.6968000000000001,-1.0538,0.4407,42.558,-1.4999999999980307e-05,0.7576521745285212,3.3333333333533203e-06,0.8411560412619127,1.6666666666738847e-06,1.610047649625616,138.24735,33.55208726580768,-0.919663433202184,-1.25280361982826,0.27371757192143276,-2.8519641488151257,-1.3703708480639842,-1.4621363242436054,-1.258252761241844e-16,0.7364455679708635,-1.1287267417022424e-16,0.7271746005770044,-1.860790406872543,-2.010708739116324
Veteran,TwoToedSloth,12,2,FA,Free Agent,N/A,RSC000017,2.0,1.0,"[1, 2]",212.917,0.583,0.5,1.167,2.333,24.989,0.083,0.306,0.833,0,0,2,60,36.0,173.15,39.77,2,4.17,35.6,35.6,1,1,1.75,0.75,1.56,3.81,14.06,219.43886666666668,38.54352288810649,0.8082499999999999,0.24919229692640515,0.5371833333333333,0.17076592083174594,2.35915,0.5235765148945783,33.830850000000005,5.332937295474007,1.0606166666666668,0.1987957039800004,0.34283959349593496,0.1005708728654733,0.301240325203252,0.09922202417945707,1.1160703252032522,0.31326266097610156,23.224666666666668,12.926462342828565,1.0,0.0,1.0,0.0,23.224666666666668,12.926462342828565,1.5506666666666669,0.32164759464551107,0.7728333333333333,0.24074806908542712,0.5623333333333334,8.178121778208554,3.937,1.6699257062536585,3.3930000000000002,1.298915192753592,-0.16920785070944197,-0.9039203971321947,-0.21774446067590814,-0.04994494454218439,-1.6579699910411405,0.5351389954786742,2.5836465975939613,-0.04796994252142495,0.9036197430016958,0.957364281511949,0,0,0.957364281511949,0.6197258634967225,0.09484326673968493,0.1219921509759187,-0.07605128750602556,8.212237457463907,,,,1.86,0.91,-0.00016666666666668902,1.5517016265548944,0.00016666666666665202,1.572484261101659,1.1987914653390097,0.5785961461362531,0.2316,55.536,3.333333333341293e-06,0.8654971233326977,31.831433333333333,99.99369929482704,0.267588025913797,0.2370606031563528,0.0482,2.4637,0.0806,0.2158,3.6955,0.0736,0.3297,2.8083,4.0988,1.5771,106.619,-1.4999999999980307e-05,0.7576521745285212,3.3333333333533203e-06,0.8411560412619127,1.6666666666738847e-06,1.610047649625616,138.24735,33.55208726580768,3.7066019136651778,4.872813682129182,0.9795351918311583,-0.9426641552709565,1.110587471195539,1.8448548229936066,-1.258252761241844e-16,0.7364455679708635,-1.1287267417022424e-16,0.7271746005770044,1.508037415793747,2.5370176867147674
Veteran,awakenedfear46,5,2,FA,Free Agent,N/A,RSC003622,1.0,2.0,[2],162.0,0.4,0.2,1.0,1.4,28.571,0.2,0.2967365853658537,0.533,0,0,0,60,36.0,121.0,41.0,0,0.0,41.0,41.0,1,1,1.0,0.33,3.03,3.37,5.0,219.43886666666668,38.54352288810649,0.8082499999999999,0.24919229692640515,0.5371833333333333,0.17076592083174594,2.35915,0.5235765148945783,33.830850000000005,5.332937295474007,1.0606166666666668,0.1987957039800004,0.34283959349593496,0.1005708728654733,0.301240325203252,0.09922202417945707,1.1160703252032522,0.31326266097610156,23.224666666666668,12.926462342828565,1.0,0.0,1.0,0.0,23.224666666666668,12.926462342828565,1.5506666666666669,0.32164759464551107,0.7728333333333333,0.24074806908542712,0.5623333333333334,8.178121778208554,3.937,1.6699257062536585,3.3930000000000002,1.298915192753592,-1.4902339579444825,-1.6382930172218357,-1.9745352684600161,-1.8319194477107594,-0.9862951144135838,-0.30491939942909946,1.4202878967452295,0.04539052568865833,1.8612825524320433,1.3751119882536817,0,0,1.3751119882536817,-1.7120186061815836,1.8394055454550629,0.30174002461567856,-0.33953606311745316,1.2371862373811284,,,,3.24,1.42,-0.00016666666666668902,1.5517016265548944,0.00016666666666665202,1.572484261101659,2.0881377007128115,0.9029237166028099,0.2444,124.23,3.333333333341293e-06,0.8654971233326977,31.831433333333333,99.99369929482704,0.282377214294588,0.9240438879477151,0.0508,0.3712,0.3142,0.3759,0.5567,0.0777,0.5742,1.1120999999999999,1.2086000000000001,-0.3369,82.571,-1.4999999999980307e-05,0.7576521745285212,3.3333333333533203e-06,0.8411560412619127,1.6666666666738847e-06,1.610047649625616,138.24735,33.55208726580768,1.4678437380478147,1.436828135780271,-0.209249500625032,-1.6594004885275428,-0.23586912702399693,-0.07287280170781463,-1.258252761241844e-16,0.7364455679708635,-1.1287267417022424e-16,0.7271746005770044,-0.32028046237536545,-0.1002136235919005
Veteran,Apple.,32,2,Flailers,The Quad Dynasty,Solar,,,,,172.031,0.375,0.406,1.125,1.719,21.815,0.323,0.302,1.177,0,0,5,60,36.0,139.12,32.91,5,3.91,29.0,29.0,1,1,1.34,0.85,1.32,3.73,3.48,219.43886666666668,38.54352288810649,0.8082499999999999,0.24919229692640515,0.5371833333333333,0.17076592083174594,2.35915,0.5235765148945783,33.830850000000005,5.332937295474007,1.0606166666666668,0.1987957039800004,0.34283959349593496,0.1005708728654733,0.301240325203252,0.09922202417945707,1.1160703252032522,0.31326266097610156,23.224666666666668,12.926462342828565,1.0,0.0,1.0,0.0,23.224666666666668,12.926462342828565,1.5506666666666669,0.32164759464551107,0.7728333333333333,0.24074806908542712,0.5623333333333334,8.178121778208554,3.937,1.6699257062536585,3.3930000000000002,1.298915192753592,-1.2299827082307386,-1.7386171456493824,-0.7682055804482618,-1.222648422511643,-2.253139186578791,0.32386682430426383,0.19726977534015241,-0.007656312225338293,-0.1945002784784366,0.446783751049831,0,0,0.446783751049831,-0.6549611132607512,-0.32052870438302405,0.09264555936126402,-0.12395761034446699,0.06697896866966888,,,,0.25,0.44,-0.00016666666666668902,1.5517016265548944,0.00016666666666665202,1.572484261101659,0.16122085740290779,0.27970603217687706,0.0658,38.28,3.333333333341293e-06,0.8654971233326977,31.831433333333333,99.99369929482704,0.07602182016886308,0.06448972997441921,0.0137,0.0201,0.0219,0.029,0.0301,0.0209,0.0443,0.0847,0.0953,-0.2082,76.505,-1.4999999999980307e-05,0.7576521745285212,3.3333333333533203e-06,0.8411560412619127,1.6666666666738847e-06,1.610047649625616,138.24735,33.55208726580768,0.1118125214287377,0.11329249508058149,-0.1293139782012537,-1.8401940097157687,-0.7340942459291625,-0.648188200233745,-1.258252761241844e-16,0.7364455679708635,-1.1287267417022424e-16,0.7271746005770044,-0.9968072018571859,-0.8913790439316984
Veteran,Biggins,36,2,Flailers,The Quad Dynasty,Solar,RSC000084,9.0,1.0,"[1, 2, 4, 5, 6, 7, 8, 10, 12]",204.167,0.722,0.444,0.917,2.167,33.318,0.241,0.204,1.046,2,0,3,60,36.0,168.34,35.83,5,3.47,32.36,32.36,1,1,1.44,0.8,1.15,4.5,3.8,219.43886666666668,38.54352288810649,0.8082499999999999,0.24919229692640515,0.5371833333333333,0.17076592083174594,2.35915,0.5235765148945783,33.830850000000005,5.332937295474007,1.0606166666666668,0.1987957039800004,0.34283959349593496,0.1005708728654733,0.301240325203252,0.09922202417945707,1.1160703252032522,0.31326266097610156,23.224666666666668,12.926462342828565,1.0,0.0,1.0,0.0,23.224666666666668,12.926462342828565,1.5506666666666669,0.32164759464551107,0.7728333333333333,0.24074806908542712,0.5623333333333334,8.178121778208554,3.937,1.6699257062536585,3.3930000000000002,1.298915192753592,-0.39622394431877883,-0.3461182430750356,-0.5456787447956083,-0.3669950705078693,-0.09616651604646773,-0.7224334519880525,1.012615189610204,0.980027630028784,0.22367914830614863,0.7067156574669091,0,0,0.7067156574669091,-0.3440618506369775,-0.11284271882166978,0.0718583903008836,0.3371407469755313,0.31333839366155497,,,,0.93,1.69,-0.00016666666666668902,1.5517016265548944,0.00016666666666665202,1.572484261101659,0.5994494371523172,1.0746265480262813,0.6838,37.214,3.333333333341293e-06,0.8654971233326977,31.831433333333333,99.99369929482704,0.7900623216789303,0.053829058276926064,0.1422,0.094,0.0183,0.1079,0.141,0.2173,0.1648,0.3624,0.5230999999999999,0.3627,127.188,-1.4999999999980307e-05,0.7576521745285212,3.3333333333533203e-06,0.8411560412619127,1.6666666666738847e-06,1.610047649625616,138.24735,33.55208726580768,0.4783395497089769,0.6218782734793302,0.22527180075550654,-0.3296173472721738,0.08682849869907963,0.1841542965550711,-1.258252761241844e-16,0.7364455679708635,-1.1287267417022424e-16,0.7271746005770044,0.11790212674959707,0.2532463268229486
Veteran,CheesePie,44,2,Flailers,The Quad Dynasty,Solar,RSC000525,6.0,1.0,"[1, 2, 3, 4, 5, 7]",250.909,0.932,0.523,1.159,2.545,36.621,0.318,0.22,0.939,3,1,4,60,36.0,210.86,40.05,8,4.55,35.5,35.5,1,1,1.61,0.62,1.87,5.27,3.64,219.43886666666668,38.54352288810649,0.8082499999999999,0.24919229692640515,0.5371833333333333,0.17076592083174594,2.35915,0.5235765148945783,33.830850000000005,5.332937295474007,1.0606166666666668,0.1987957039800004,0.34283959349593496,0.1005708728654733,0.301240325203252,0.09922202417945707,1.1160703252032522,0.31326266097610156,23.224666666666668,12.926462342828565,1.0,0.0,1.0,0.0,23.224666666666668,12.926462342828565,1.5506666666666669,0.32164759464551107,0.7728333333333333,0.24074806908542712,0.5623333333333334,8.178121778208554,3.937,1.6699257062536585,3.3930000000000002,1.298915192753592,0.8164830553940922,0.49660443571635626,-0.08305716541245974,0.35496244524531545,0.5231919757181395,0.49489667715973884,0.24698595913710683,0.8187731088444374,0.5652455503363063,0.9496282128685835,0,0,0.9496282128685835,0.18446689582343903,0.6348268291992067,0.15989816514484767,0.7982391042955294,0.1901586811656121,,,,1.51,1.77,-0.00016666666666668902,1.5517016265548944,0.00016666666666665202,1.572484261101659,0.9732326375268137,1.125501461040643,0.9521,66.385,3.333333333341293e-06,0.8654971233326977,31.831433333333333,99.99369929482704,1.1000575750044175,0.3455574392221153,0.198,0.057,0.1175,0.1752,0.0856,0.3025,0.2676,0.5477,0.6557,1.1341,155.27100000000002,-1.4999999999980307e-05,0.7576521745285212,3.3333333333533203e-06,0.8411560412619127,1.6666666666738847e-06,1.610047649625616,138.24735,33.55208726580768,0.7229108797065581,0.7795184656618317,0.7043880555939106,0.507379760464217,0.6316972694992068,0.6635172333743894,-1.258252761241844e-16,0.7364455679708635,-1.1287267417022424e-16,0.7271746005770044,0.8577650500901639,0.9124593087380891
Veteran,Rayem Whisperwind,48,2,Flailers,The Quad Dynasty,Solar,RSC000325,8.0,2.0,"[2, 3, 4, 5, 6, 7, 8, 12]",227.708,0.896,0.458,1.208,2.25,39.822,0.285,0.181,0.882,2,2,7,60,36.0,203.86,23.85,11,5.73,18.12,18.12,1,1,1.35,0.6,2.01,6.67,4.24,219.43886666666668,38.54352288810649,0.8082499999999999,0.24919229692640515,0.5371833333333333,0.17076592083174594,2.35915,0.5235765148945783,33.830850000000005,5.332937295474007,1.0606166666666668,0.1987957039800004,0.34283959349593496,0.1005708728654733,0.301240325203252,0.09922202417945707,1.1160703252032522,0.31326266097610156,23.224666666666668,12.926462342828565,1.0,0.0,1.0,0.0,23.224666666666668,12.926462342828565,1.5506666666666669,0.32164759464551107,0.7728333333333333,0.24074806908542712,0.5623333333333334,8.178121778208554,3.937,1.6699257062536585,3.3930000000000002,1.298915192753592,0.21454015392778097,0.352137690780689,-0.46369517376568314,-0.20847000752502684,1.1234240472102694,0.741380876863217,0.5751127721970059,1.211831004231282,0.7472014841280722,-0.394900517348327,0,0,-0.394900517348327,-0.6238711869983739,0.7179012234237486,0.1770170102533962,1.6365997539682537,0.6520826030253989,,,,0.35,0.82,-0.00016666666666668902,1.5517016265548944,0.00016666666666665202,1.572484261101659,0.22566623677782094,0.521361868995096,1.1124,36.4212,3.333333333341293e-06,0.8654971233326977,31.831433333333333,99.99369929482704,1.2852690513669802,0.045900558725544695,0.2313,0.1956,0.0156,0.0406,0.2934,0.3534,0.0621,0.4831,0.7089000000000001,-1.0188,151.92200000000003,-1.4999999999980307e-05,0.7576521745285212,3.3333333333533203e-06,0.8411560412619127,1.6666666666738847e-06,1.610047649625616,138.24735,33.55208726580768,0.6376474802578601,0.8427647569447058,-0.6327773385486872,0.4075648078662337,0.20259971022344178,0.33196267235804156,-1.258252761241844e-16,0.7364455679708635,-1.1287267417022424e-16,0.7271746005770044,0.2751047993698531,0.45651026877813555
Veteran,Absolut3,52,2,Griffins,The Birdcage,Lunar,RSC001092,2.0,1.0,"[1, 2]",162.788,0.577,0.423,0.769,1.962,29.409,0.558,0.545,1.654,1,0,1,60,36.0,142.3,20.49,2,0.96,19.53,19.53,1,1,1.38,1.1,0.7,1.41,1.38,219.43886666666668,38.54352288810649,0.8082499999999999,0.24919229692640515,0.5371833333333333,0.17076592083174594,2.35915,0.5235765148945783,33.830850000000005,5.332937295474007,1.0606166666666668,0.1987957039800004,0.34283959349593496,0.1005708728654733,0.301240325203252,0.09922202417945707,1.1160703252032522,0.31326266097610156,23.224666666666668,12.926462342828565,1.0,0.0,1.0,0.0,23.224666666666668,12.926462342828565,1.5506666666666669,0.32164759464551107,0.7728333333333333,0.24074806908542712,0.5623333333333334,8.178121778208554,3.937,1.6699257062536585,3.3930000000000002,1.298915192753592,-1.4697895371714358,-0.927998187954806,-0.668654101340496,-0.7585328766703103,-0.829158445900493,-1.4669163408883548,-2.1393908631167027,-2.4567093527126014,-1.7171841454726893,-0.2858219494768745,0,0,-0.2858219494768745,-0.5306014082112421,-1.358958632189797,0.01683353102340608,-1.5132409726592673,-1.5497547578395845,,,,-2.0,-2.74,-0.00016666666666668902,1.5517016265548944,0.00016666666666665202,1.572484261101659,-1.2888001785326384,-1.7425717601440076,-1.621,13.671,3.333333333341293e-06,0.8654971233326977,31.831433333333333,99.99369929482704,-1.8729159111372558,-0.18161577640795237,-0.3371,-0.4649,-0.0617,-0.232,-0.6974,-0.5151,-0.3544,-1.0957,-1.5669,-0.8164,106.72899999999998,-1.4999999999980307e-05,0.7576521745285212,3.3333333333533203e-06,0.8411560412619127,1.6666666666738847e-06,1.610047649625616,138.24735,33.55208726580768,-1.4461583254635717,-1.8627974554907145,-0.507066773369412,-0.9393856707126476,-0.9898945444977789,-1.2049938492614978,-1.258252761241844e-16,0.7364455679708635,-1.1287267417022424e-16,0.7271746005770044,-1.3441516760366228,-1.657090124304877
Veteran,Angebro,51,2,Griffins,The Birdcage,Lunar,RSC002439,10.0,1.0,"[1, 2, 7, 8, 11, 12, 15, 16, 17, 20]",237.059,0.843,0.353,1.078,2.647,31.847,0.268,0.19,0.719,4,0,6,60,36.0,189.87,47.19,10,4.9,42.29,42.29,1,1,1.8,0.45,2.4,5.67,4.02,219.43886666666668,38.54352288810649,0.8082499999999999,0.24919229692640515,0.5371833333333333,0.17076592083174594,2.35915,0.5235765148945783,33.830850000000005,5.332937295474007,1.0606166666666668,0.1987957039800004,0.34283959349593496,0.1005708728654733,0.301240325203252,0.09922202417945707,1.1160703252032522,0.31326266097610156,23.224666666666668,12.926462342828565,1.0,0.0,1.0,0.0,23.224666666666668,12.926462342828565,1.5506666666666669,0.32164759464551107,0.7728333333333333,0.24074806908542712,0.5623333333333334,8.178121778208554,3.937,1.6699257062536585,3.3930000000000002,1.298915192753592,0.4571490100810277,0.13945053851429004,-1.0785719564901213,0.549776378067603,-0.3719994986034565,0.0874432041805196,0.7441477971066502,1.121125336065087,1.267531610585228,1.4749072737530957,0,0,1.4749072737530957,0.7751754948086098,1.340959180107812,0.22470522162721007,1.0377707184877365,0.48271049834347657,,,,2.74,2.6,-0.00016666666666668902,1.5517016265548944,0.00016666666666665202,1.572484261101659,1.7659108038382458,1.6533286835646475,1.3271,101.496,3.333333333341293e-06,0.8654971233326977,31.831433333333333,99.99369929482704,1.5333345783479049,0.6966895630220034,0.276,0.1448,0.2369,0.3179,0.2172,0.4217,0.4856,0.9756,1.1245,2.2501,142.617,-1.4999999999980307e-05,0.7576521745285212,3.3333333333533203e-06,0.8411560412619127,1.6666666666738847e-06,1.610047649625616,138.24735,33.55208726580768,1.287681911039343,1.3368466865906152,1.3975352430448555,0.1302348186383328,0.8543634737204273,0.9170316676768112,-1.258252761241844e-16,0.7364455679708635,-1.1287267417022424e-16,0.7271746005770044,1.1601176120517154,1.26108869444719
Veteran,Das2461,49,2,Griffins,The Birdcage,Lunar,RSC001233,1.0,2.0,[2],190.51,0.551,0.449,1.408,1.878,29.34,0.435,0.327,1.204,1,0,7,60,36.0,176.59,13.92,8,4.08,9.84,9.84,1,1,1.33,0.77,1.83,4.31,3.24,219.43886666666668,38.54352288810649,0.8082499999999999,0.24919229692640515,0.5371833333333333,0.17076592083174594,2.35915,0.5235765148945783,33.830850000000005,5.332937295474007,1.0606166666666668,0.1987957039800004,0.34283959349593496,0.1005708728654733,0.301240325203252,0.09922202417945707,1.1160703252032522,0.31326266097610156,23.224666666666668,12.926462342828565,1.0,0.0,1.0,0.0,23.224666666666668,12.926462342828565,1.5506666666666669,0.32164759464551107,0.7728333333333333,0.24074806908542712,0.5623333333333334,8.178121778208554,3.937,1.6699257062536585,3.3930000000000002,1.298915192753592,-0.750550663224232,-1.0323352815194542,-0.5163988979992065,-0.9189678801710182,-0.8420969066730505,1.747438834836598,-0.9163727417116251,-0.2596165015758799,-0.28068993132716763,-1.035447001018984,0,0,-1.035447001018984,-0.6860510395231287,0.01176887251514305,0.15500706654240523,0.22336323023423282,-0.11779060007424562,,,,-1.32,-1.3,-0.00016666666666668902,1.5517016265548944,0.00016666666666665202,1.572484261101659,-0.850571598783229,-0.8268233258854937,-0.2702,18.0072,3.333333333341293e-06,0.8654971233326977,31.831433333333333,99.99369929482704,-0.31219437482690165,-0.13825104412402212,-0.0562,-0.0353,-0.047,-0.1531,-0.053,-0.0859,-0.2339,-0.2916,-0.3728,-1.7215,103.22,-1.4999999999980307e-05,0.7576521745285212,3.3333333333533203e-06,0.8411560412619127,1.6666666666738847e-06,1.610047649625616,138.24735,33.55208726580768,-0.3848533796942512,-0.4432035378050061,-1.0692240487832563,-1.0439693281227171,-0.833279839719669,-0.8097241449541621,-1.258252761241844e-16,0.7364455679708635,-1.1287267417022424e-16,0.7271746005770044,-1.1314887018949873,-1.1135209402413884
Veteran,Funke,39,2,Griffins,The Birdcage,Lunar,RSC002228,12.0,1.0,"[1, 2, 8, 10, 11, 12, 13, 14, 15, 16, 17, 18]",160.641,0.359,0.308,1.205,1.744,20.585,0.581,0.462,1.692,1,0,6,60,36.0,137.43,23.21,7,4.49,18.72,18.72,1,1,1.38,1.11,1.09,2.61,2.07,219.43886666666668,38.54352288810649,0.8082499999999999,0.24919229692640515,0.5371833333333333,0.17076592083174594,2.35915,0.5235765148945783,33.830850000000005,5.332937295474007,1.0606166666666668,0.1987957039800004,0.34283959349593496,0.1005708728654733,0.301240325203252,0.09922202417945707,1.1160703252032522,0.31326266097610156,23.224666666666668,12.926462342828565,1.0,0.0,1.0,0.0,23.224666666666668,12.926462342828565,1.5506666666666669,0.32164759464551107,0.7728333333333333,0.24074806908542712,0.5623333333333334,8.178121778208554,3.937,1.6699257062536585,3.3930000000000002,1.298915192753592,-1.5254928003690644,-1.8028245878430122,-1.3420905776577374,-1.1748999095650041,-2.483781313393949,0.7262900074936167,-2.368085308582692,-1.6202015240688037,-1.8384881013338668,-0.3484841054881346,0,0,-0.3484841054881346,-0.5306014082112421,-1.4004958293020682,0.06452174239721996,-0.7946461300826464,-1.01854224770083,,,,-2.19,-1.97,-0.00016666666666668902,1.5517016265548944,0.00016666666666665202,1.572484261101659,-1.4112463993449733,-1.2529007223807742,-1.01,20.4048,3.333333333341293e-06,0.8654971233326977,31.831433333333333,99.99369929482704,-1.1669632470229336,-0.1142735333717618,-0.2101,-0.3056,-0.0389,-0.254,-0.4583,-0.3209,-0.3881,-0.8086,-1.1673,-0.8791,73.92500000000001,-1.4999999999980307e-05,0.7576521745285212,3.3333333333533203e-06,0.8411560412619127,1.6666666666738847e-06,1.610047649625616,138.24735,33.55208726580768,-1.0672245486567418,-1.3877369668321355,-0.5460097201912527,-1.9170893748106614,-1.2664424754326276,-1.3762892945105931,-1.258252761241844e-16,0.7364455679708635,-1.1287267417022424e-16,0.7271746005770044,-1.7196688126212372,-1.8926531446760153
Veteran,Admiral Peanut,42,2,Hawks,Birds of Prey,Solar,RSC000184,6.0,2.0,"[2, 3, 6, 7, 8, 9]",195.476,0.738,0.381,1.143,2.119,34.828,0.397,0.214,0.913,4,1,5,60,36.0,179.19,16.29,10,5.95,10.34,10.34,1,1,1.38,0.52,2.2,5.34,2.88,219.43886666666668,38.54352288810649,0.8082499999999999,0.24919229692640515,0.5371833333333333,0.17076592083174594,2.35915,0.5235765148945783,33.830850000000005,5.332937295474007,1.0606166666666668,0.1987957039800004,0.34283959349593496,0.1005708728654733,0.301240325203252,0.09922202417945707,1.1160703252032522,0.31326266097610156,23.224666666666668,12.926462342828565,1.0,0.0,1.0,0.0,23.224666666666668,12.926462342828565,1.5506666666666669,0.32164759464551107,0.7728333333333333,0.24074806908542712,0.5623333333333334,8.178121778208554,3.937,1.6699257062536585,3.3930000000000002,1.298915192753592,-0.6217093008397785,-0.2819108008814057,-0.914604814430271,-0.4586722153654158,0.18697950955588127,0.41441204052186825,-0.5385297448547721,0.8792435542885674,0.6482429938202695,-0.9967666578021569,0,0,-0.9967666578021569,-0.5306014082112421,1.0501988003219158,0.20024972861499787,0.8401571367791658,-0.3949449531901179,,,,-0.35,-0.12,-0.00016666666666668902,1.5517016265548944,0.00016666666666665202,1.572484261101659,-0.2254514188465712,-0.07641835892365605,0.4094,22.748,3.333333333341293e-06,0.8654971233326977,31.831433333333333,99.99369929482704,0.4730190957657225,-0.09084005689749738,0.0851,-0.1185,-0.0309,-0.0406,-0.1777,0.1301,-0.062,-0.10490000000000001,-0.1096,-1.5274,129.81799999999998,-1.4999999999980307e-05,0.7576521745285212,3.3333333333533203e-06,0.8411560412619127,1.6666666666738847e-06,1.610047649625616,138.24735,33.55208726580768,-0.1384342360863266,-0.13030083356341957,-0.9486686105357398,-0.2512317619235041,-0.4023165275225392,-0.37024423424640684,-1.258252761241844e-16,0.7364455679708635,-1.1287267417022424e-16,0.7271746005770044,-0.5462949945249127,-0.5091545193583801
Veteran,BDBR,46,2,Hawks,Birds of Prey,Solar,RSC000151,12.0,1.0,"[1, 2, 3, 5, 6, 7, 8, 9, 10, 11, 13, 14]",162.391,0.478,0.5,1.065,1.826,26.177,0.174,0.355,1.051,0,0,4,60,36.0,151.76,10.63,4,2.17,8.46,8.46,1,1,1.35,0.88,1.21,3.0,6.12,219.43886666666668,38.54352288810649,0.8082499999999999,0.24919229692640515,0.5371833333333333,0.17076592083174594,2.35915,0.5235765148945783,33.830850000000005,5.332937295474007,1.0606166666666668,0.1987957039800004,0.34283959349593496,0.1005708728654733,0.301240325203252,0.09922202417945707,1.1160703252032522,0.31326266097610156,23.224666666666668,12.926462342828565,1.0,0.0,1.0,0.0,23.224666666666668,12.926462342828565,1.5506666666666669,0.32164759464551107,0.7728333333333333,0.24074806908542712,0.5623333333333334,8.178121778208554,3.937,1.6699257062536585,3.3930000000000002,1.298915192753592,-1.480089581647197,-1.3252817365278904,-0.21774446067590814,-1.0182847871000273,-1.4352034490440617,0.022049436912249188,1.6788120524893924,-0.541811913648486,0.20771810148230985,-1.142204748297427,0,0,-1.142204748297427,-0.6238711869983739,-0.4451402957198369,0.07919503820454728,-0.5611028062452446,2.0994442248527303,,,,-0.93,-1.68,-0.00016666666666668902,1.5517016265548944,0.00016666666666665202,1.572484261101659,-0.5992346192210676,-1.0684791627037125,-0.7996,10.2366,3.333333333341293e-06,0.8654971233326977,31.831433333333333,99.99369929482704,-0.923865963013681,-0.21596194045848743,-0.1663,0.6298,-0.0734,-0.1079,0.9447,-0.2541,-0.1648,0.2822,0.5258,-1.7661,92.237,-1.4999999999980307e-05,0.7576521745285212,3.3333333333533203e-06,0.8411560412619127,1.6666666666738847e-06,1.610047649625616,138.24735,33.55208726580768,0.3724862271735963,0.6250881416459425,-1.0969250922960807,-1.3713111090673733,-0.7217737635796043,-0.5068987647569367,-1.258252761241844e-16,0.7364455679708635,-1.1287267417022424e-16,0.7271746005770044,-0.9800775440448577,-0.6970798544871045
Veteran,Dak,39,2,Hawks,Birds of Prey,Solar,RSC005389,1.0,2.0,[2],201.795,0.769,0.41,0.795,2.231,34.469,0.308,0.239,1.043,3,0,1,60,36.0,165.02,36.77,4,2.56,34.21,34.21,1,1,1.46,0.73,1.09,3.33,2.58,219.43886666666668,38.54352288810649,0.8082499999999999,0.24919229692640515,0.5371833333333333,0.17076592083174594,2.35915,0.5235765148945783,33.830850000000005,5.332937295474007,1.0606166666666668,0.1987957039800004,0.34283959349593496,0.1005708728654733,0.301240325203252,0.09922202417945707,1.1160703252032522,0.31326266097610156,23.224666666666668,12.926462342828565,1.0,0.0,1.0,0.0,23.224666666666668,12.926462342828565,1.5506666666666669,0.32164759464551107,0.7728333333333333,0.24074806908542712,0.5623333333333334,8.178121778208554,3.937,1.6699257062536585,3.3930000000000002,1.298915192753592,-0.45776476420921886,-0.15750888163124777,-0.7447817030111407,-0.24475887736447288,0.1196620107537333,-1.336128806351815,0.34641832673101564,0.6272833649380261,0.23325577640045247,0.8498329273691696,0,0,0.8498329273691696,-0.2818819981122226,0.17791766096422681,0.06452174239721996,-0.36348922453667387,-0.6259069141200111,,,,1.08,1.48,-0.00016666666666668902,1.5517016265548944,0.00016666666666665202,1.572484261101659,0.696117506214687,0.9410799013635813,0.2497,37.2889,3.333333333341293e-06,0.8654971233326977,31.831433333333333,99.99369929482704,0.2885008626085093,0.05457810547218144,0.0519,-0.1878,0.0186,0.1253,-0.2817,0.0793,0.1914,0.008000000000000007,-0.011000000000000038,0.568,133.679,-1.4999999999980307e-05,0.7576521745285212,3.3333333333533203e-06,0.8411560412619127,1.6666666666738847e-06,1.610047649625616,138.24735,33.55208726580768,0.010578732919215385,-0.013081203478995471,0.3527835548627457,-0.13615695392684352,0.044279760105545025,0.030419068361797127,-1.258252761241844e-16,0.7364455679708635,-1.1287267417022424e-16,0.7271746005770044,0.06012631758725857,0.0418318631284152
Veteran,US_BiPolarBear,51,2,Hawks,Birds of Prey,Solar,,,,,210.588,0.49,0.431,1.314,2.0,24.5,0.17,0.17,0.549,2,1,10,60,36.0,165.45,45.14,13,6.37,38.77,38.77,1,1,1.51,0.38,3.46,7.73,7.73,219.43886666666668,38.54352288810649,0.8082499999999999,0.24919229692640515,0.5371833333333333,0.17076592083174594,2.35915,0.5235765148945783,33.830850000000005,5.332937295474007,1.0606166666666668,0.1987957039800004,0.34283959349593496,0.1005708728654733,0.301240325203252,0.09922202417945707,1.1160703252032522,0.31326266097610156,23.224666666666668,12.926462342828565,1.0,0.0,1.0,0.0,23.224666666666668,12.926462342828565,1.5506666666666669,0.32164759464551107,0.7728333333333333,0.24074806908542712,0.5623333333333334,8.178121778208554,3.937,1.6699257062536585,3.3930000000000002,1.298915192753592,-0.22963304865414452,-1.277126154882668,-0.621806346466253,-0.6859551369914187,-1.7496642999944838,1.2745915945891095,1.7185849995269558,1.32269348754552,1.810207202595758,1.202597657506633,0,0,1.202597657506633,-0.1264323668003354,1.6317195598937084,0.35431933459193493,2.2713585315776026,3.338940081843158,,,,3.01,2.53,-0.00016666666666668902,1.5517016265548944,0.00016666666666665202,1.572484261101659,1.939913328150511,1.6088131346770806,1.96,134.1442,3.333333333341293e-06,0.8654971233326977,31.831433333333333,99.99369929482704,2.2645906194574867,1.0231921349864452,0.4076,1.0017,0.3479,0.3492,1.5025,0.6228,0.5335,2.1064000000000003,2.6588000000000003,1.0762,93.5,-1.4999999999980307e-05,0.7576521745285212,3.3333333333533203e-06,0.8411560412619127,1.6666666666738847e-06,1.610047649625616,138.24735,33.55208726580768,2.7801873614509187,3.1608839932694384,0.6684263869976653,-1.333668145456966,0.5644696955853864,0.9446553978227074,-1.258252761241844e-16,0.7364455679708635,-1.1287267417022424e-16,0.7271746005770044,0.766478501786189,1.2990764488654232
Veteran,Chinchilla,36,2,Jackals,The Pack,Lunar,,,,,168.611,0.472,0.417,1.167,1.611,29.299,0.315,0.259,0.889,0,1,5,60,36.0,150.68,17.93,6,4.17,13.76,13.76,1,1,1.14,0.57,2.05,4.51,3.7,219.43886666666668,38.54352288810649,0.8082499999999999,0.24919229692640515,0.5371833333333333,0.17076592083174594,2.35915,0.5235765148945783,33.830850000000005,5.332937295474007,1.0606166666666668,0.1987957039800004,0.34283959349593496,0.1005708728654733,0.301240325203252,0.09922202417945707,1.1160703252032522,0.31326266097610156,23.224666666666668,12.926462342828565,1.0,0.0,1.0,0.0,23.224666666666668,12.926462342828565,1.5506666666666669,0.32164759464551107,0.7728333333333333,0.24074806908542712,0.5623333333333334,8.178121778208554,3.937,1.6699257062536585,3.3930000000000002,1.298915192753592,-1.318713569961474,-1.3493595273505017,-0.7037899174961781,-1.4289219984411246,-0.8497849775668891,0.5351389954786742,0.27681566941527946,0.4257152134575927,0.7248560185746974,-0.7321931101990595,0,0,-0.7321931101990595,-1.2767596385083002,0.8425128147605615,0.18190810885583866,0.3431290373303364,0.2363510733515908,,,,-0.01,-0.31,-0.00016666666666668902,1.5517016265548944,0.00016666666666665202,1.572484261101659,-0.006337128971866448,-0.19724627733276548,0.0892,28.208,3.333333333341293e-06,0.8654971233326977,31.831433333333333,99.99369929482704,0.1030583051774967,-0.036236616495703394,0.0186,0.0709,-0.0123,-0.0011,0.1064,0.0283,-0.0017,0.0761,0.13299999999999998,-2.009,92.609,-1.4999999999980307e-05,0.7576521745285212,3.3333333333533203e-06,0.8411560412619127,1.6666666666738847e-06,1.610047649625616,138.24735,33.55208726580768,0.1004616663937717,0.15811176540697894,-1.2477901925038175,-1.3602238703792724,-0.847840550217795,-0.7259055333746627,-1.258252761241844e-16,0.7364455679708635,-1.1287267417022424e-16,0.7271746005770044,-1.1512603063847058,-0.9982547971266669
Veteran,Werts,53,2,Jackals,The Pack,Lunar,RSC001798,2.0,1.0,"[1, 2]",170.566,0.528,0.358,1.075,1.566,33.716,0.277,0.201,0.874,0,0,4,60,36.0,147.64,22.93,4,1.89,21.04,21.04,1,1,1.04,0.6,1.79,5.35,3.88,219.43886666666668,38.54352288810649,0.8082499999999999,0.24919229692640515,0.5371833333333333,0.17076592083174594,2.35915,0.5235765148945783,33.830850000000005,5.332937295474007,1.0606166666666668,0.1987957039800004,0.34283959349593496,0.1005708728654733,0.301240325203252,0.09922202417945707,1.1160703252032522,0.31326266097610156,23.224666666666668,12.926462342828565,1.0,0.0,1.0,0.0,23.224666666666668,12.926462342828565,1.5506666666666669,0.32164759464551107,0.7728333333333333,0.24074806908542712,0.5623333333333334,8.178121778208554,3.937,1.6699257062536585,3.3930000000000002,1.298915192753592,-1.2679916884750448,-1.124633479672797,-1.0492921096937193,-1.5148693217450748,-0.02153597419896082,0.0723523348109183,0.6546586662721323,1.0102628527508488,0.7727391590462148,-0.16900731296205676,0,0,-0.16900731296205676,-1.5876589011320739,0.7179012234237486,0.15011596793996276,0.8461454271339708,0.3749282499095266,,,,0.6,0.84,-0.00016666666666668902,1.5517016265548944,0.00016666666666665202,1.572484261101659,0.3867796852151038,0.5340805972486864,0.6995,37.6616,3.333333333341293e-06,0.8654971233326977,31.831433333333333,99.99369929482704,0.8082021855522443,0.05830534031425996,0.1455,0.1125,0.0198,0.0696,0.1687,0.2223,0.1064,0.3474,0.4974,-1.7567,102.17600000000002,-1.4999999999980307e-05,0.7576521745285212,3.3333333333533203e-06,0.8411560412619127,1.6666666666738847e-06,1.610047649625616,138.24735,33.55208726580768,0.45854154674101294,0.5913250838934307,-1.0910867557709563,-1.0750851270215802,-0.5733087644422561,-0.412361433555426,-1.258252761241844e-16,0.7364455679708635,-1.1287267417022424e-16,0.7271746005770044,-0.7784808401005113,-0.5670734830785096
Veteran,YourEvilTwin,36,2,Jackals,The Pack,Lunar,RSC001820,16.0,1.0,"[1, 2, 10, 11, 13, 14, 15, 16, 17, 18, 19, 20, 21, 22, 23, 24]",155.833,0.417,0.444,0.889,1.75,23.829,0.398,0.333,1.324,1,1,1,60,36.0,132.07,23.76,3,2.08,21.68,21.68,1,1,1.33,0.93,0.96,2.67,2.23,219.43886666666668,38.54352288810649,0.8082499999999999,0.24919229692640515,0.5371833333333333,0.17076592083174594,2.35915,0.5235765148945783,33.830850000000005,5.332937295474007,1.0606166666666668,0.1987957039800004,0.34283959349593496,0.1005708728654733,0.301240325203252,0.09922202417945707,1.1160703252032522,0.31326266097610156,23.224666666666668,12.926462342828565,1.0,0.0,1.0,0.0,23.224666666666668,12.926462342828565,1.5506666666666669,0.32164759464551107,0.7728333333333333,0.24074806908542712,0.5623333333333334,8.178121778208554,3.937,1.6699257062536585,3.3930000000000002,1.298915192753592,-1.6502349007203432,-1.5700726098911042,-0.5456787447956083,-1.1634402664578105,-1.8754861431595007,-0.863281566104326,-0.548472981614163,-0.3200869470200099,-0.6637550550993071,-0.119496473644518,0,0,-0.119496473644518,-0.6860510395231287,-0.6528262812811916,0.04862567193928199,-0.7587163879538154,-0.8953625352048867,,,,-0.78,-0.44,-0.00016666666666668902,1.5517016265548944,0.00016666666666665202,1.572484261101659,-0.5025665501586979,-0.2799180109811035,-0.5337,20.8128,3.333333333341293e-06,0.8654971233326977,31.831433333333333,99.99369929482704,-0.6166436825095921,-0.1101932762867926,-0.111,-0.2686,-0.0375,-0.0905,-0.4029,-0.1696,-0.1382,-0.5075999999999999,-0.7107,-0.8055,83.029,-1.4999999999980307e-05,0.7576521745285212,3.3333333333533203e-06,0.8411560412619127,1.6666666666738847e-06,1.610047649625616,138.24735,33.55208726580768,-0.669944622432932,-0.8449125946561917,-0.500296787398789,-1.6457500710029456,-1.014461886401719,-1.0505062923992465,-1.258252761241844e-16,0.7364455679708635,-1.1287267417022424e-16,0.7271746005770044,-1.3775110212108095,-1.444641069099061
Veteran,impulse^,31,2,Jackals,The Pack,Lunar,RSC001841,3.0,1.0,"[1, 2, 6]",164.839,0.613,0.226,1.032,1.968,31.148,0.097,0.172,0.677,0,0,1,60,36.0,151.1,13.74,1,0.81,12.93,12.93,1,1,1.36,0.58,1.78,6.0,10.64,219.43886666666668,38.54352288810649,0.8082499999999999,0.24919229692640515,0.5371833333333333,0.17076592083174594,2.35915,0.5235765148945783,33.830850000000005,5.332937295474007,1.0606166666666668,0.1987957039800004,0.34283959349593496,0.1005708728654733,0.301240325203252,0.09922202417945707,1.1160703252032522,0.31326266097610156,23.224666666666668,12.926462342828565,1.0,0.0,1.0,0.0,23.224666666666668,12.926462342828565,1.5506666666666669,0.32164759464551107,0.7728333333333333,0.24074806908542712,0.5623333333333334,8.178121778208554,3.937,1.6699257062536585,3.3930000000000002,1.298915192753592,-1.4165769648294075,-0.7835314430191388,-1.822280065118727,-0.747073233563117,-0.5030717316471928,-0.1439501261533583,2.4444412829624893,1.302536672397477,1.4016044039054765,-0.7964024799389925,0,0,-0.7964024799389925,-0.5927812607359964,0.8009756176482905,0.14889319328935216,1.2353843001963072,5.579271102863124,,,,0.61,0.51,-0.00016666666666668902,1.5517016265548944,0.00016666666666665202,1.572484261101659,0.39322422315259514,0.3242215810644437,0.8071,23.0154,3.333333333341293e-06,0.8654971233326977,31.831433333333333,99.99369929482704,0.9325238003782691,-0.08816588840602492,0.1679,1.6738,-0.03,0.0708,2.5107,0.2564,0.1081,1.8824999999999998,2.8752,-1.3892,112.12799999999999,-1.4999999999980307e-05,0.7576521745285212,3.3333333333533203e-06,0.8411560412619127,1.6666666666738847e-06,1.610047649625616,138.24735,33.55208726580768,2.4846691704824426,3.418148982623083,-0.8628326416238038,-0.7784716877098069,0.2755873379368563,0.87992995148399,-1.258252761241844e-16,0.7364455679708635,-1.1287267417022424e-16,0.7271746005770044,0.3742127727052323,1.2100669506137538
Veteran,Daft,53,2,Jesters,The Kingdom,Lunar,RSC001225,2.0,2.0,"[2, 11]",184.906,0.736,0.472,0.698,2.075,35.47,0.403,0.447,1.352,3,0,2,60,36.0,157.74,27.17,5,2.36,24.81,24.81,1,1,1.34,0.95,0.73,1.56,1.73,219.43886666666668,38.54352288810649,0.8082499999999999,0.24919229692640515,0.5371833333333333,0.17076592083174594,2.35915,0.5235765148945783,33.830850000000005,5.332937295474007,1.0606166666666668,0.1987957039800004,0.34283959349593496,0.1005708728654733,0.301240325203252,0.09922202417945707,1.1160703252032522,0.31326266097610156,23.224666666666668,12.926462342828565,1.0,0.0,1.0,0.0,23.224666666666668,12.926462342828565,1.5506666666666669,0.32164759464551107,0.7728333333333333,0.24074806908542712,0.5623333333333334,8.178121778208554,3.937,1.6699257062536585,3.3930000000000002,1.298915192753592,-0.8959447419198573,-0.2899367311556094,-0.3817116027357584,-0.5427095981515008,0.30736344891793843,-1.8240669159689056,-0.5981891654111174,-1.4690254104584786,-0.7531369173128063,0.12264247489281967,0,0,0.12264247489281967,-0.6549611132607512,-0.735900675505733,0.020501854975237918,-1.4234166173371894,-1.280299136754709,,,,-0.63,-1.35,-0.00016666666666668902,1.5517016265548944,0.00016666666666665202,1.572484261101659,-0.4058984810963281,-0.8586201465194698,-1.158,18.1113,3.333333333341293e-06,0.8654971233326977,31.831433333333333,99.99369929482704,-1.33796323767583,-0.13720997852954836,-0.2408,-0.3841,-0.0467,-0.0731,-0.5761,-0.3679,-0.1116,-0.7446999999999999,-1.0555999999999999,-0.5323,129.82,-1.4999999999980307e-05,0.7576521745285212,3.3333333333533203e-06,0.8411560412619127,1.6666666666738847e-06,1.610047649625616,138.24735,33.55208726580768,-0.9828850560132153,-1.2549435319393345,-0.3306123683919806,-0.2511721531133527,-0.5140862691955369,-0.6717463563106162,-1.258252761241844e-16,0.7364455679708635,-1.1287267417022424e-16,0.7271746005770044,-0.6980641768433807,-0.9237758796547532
Veteran,Majestic Wolfe,20,2,Jesters,The Kingdom,Lunar,RSC003527,2.0,1.0,"[1, 2]",227.5,0.6,0.7,1.75,2.1,28.571,0.3,0.183,1.05,0,1,6,60,36.0,215.75,11.75,7,8.75,3.0,3.0,1,1,1.5,0.75,2.33,9.56,5.83,219.43886666666668,38.54352288810649,0.8082499999999999,0.24919229692640515,0.5371833333333333,0.17076592083174594,2.35915,0.5235765148945783,33.830850000000005,5.332937295474007,1.0606166666666668,0.1987957039800004,0.34283959349593496,0.1005708728654733,0.301240325203252,0.09922202417945707,1.1160703252032522,0.31326266097610156,23.224666666666668,12.926462342828565,1.0,0.0,1.0,0.0,23.224666666666668,12.926462342828565,1.5506666666666669,0.32164759464551107,0.7728333333333333,0.24074806908542712,0.5623333333333334,8.178121778208554,3.937,1.6699257062536585,3.3930000000000002,1.298915192753592,0.20914365707398191,-0.835699989801463,0.9534494111801637,-0.4949610852048618,-0.9862951144135838,3.4677979429710803,0.42596422080614266,1.1916741890832387,0.21091031084707731,-1.564594096225179,0,0,-1.564594096225179,-0.15752229306271284,0.09484326673968493,0.2161457990729358,3.3672156665069495,1.8761809959538334,,,,-1.35,-0.37,-0.00016666666666668902,1.5517016265548944,0.00016666666666665202,1.572484261101659,-0.869905212595703,-0.2354024620935369,1.674,6.99,3.333333333341293e-06,0.8654971233326977,31.831433333333333,99.99369929482704,1.934144691574187,-0.2484299861743234,0.3481,0.5629,-0.0845,-0.1566,0.8443,0.5319,-0.2392,0.6699,1.137,-1.7221,109.571,-1.4999999999980307e-05,0.7576521745285212,3.3333333333533203e-06,0.8411560412619127,1.6666666666738847e-06,1.610047649625616,138.24735,33.55208726580768,0.8841986105522378,1.351707187361967,-1.0695967085614557,-0.8546815514879624,-0.33887819042453954,-0.023705693645629022,-1.258252761241844e-16,0.7364455679708635,-1.1287267417022424e-16,0.7271746005770044,-0.4601537508851526,-0.03259972725507563
Veteran,Vortexx,48,2,Jesters,The Kingdom,Lunar,,,,,256.562,1.062,0.667,1.062,2.542,41.778,0.34,0.299,0.896,4,1,3,60,36.0,225.5,31.06,8,4.17,26.89,26.89,1,1,1.48,0.56,1.9,3.55,3.12,219.43886666666668,38.54352288810649,0.8082499999999999,0.24919229692640515,0.5371833333333333,0.17076592083174594,2.35915,0.5235765148945783,33.830850000000005,5.332937295474007,1.0606166666666668,0.1987957039800004,0.34283959349593496,0.1005708728654733,0.301240325203252,0.09922202417945707,1.1160703252032522,0.31326266097610156,23.224666666666668,12.926462342828565,1.0,0.0,1.0,0.0,23.224666666666668,12.926462342828565,1.5506666666666669,0.32164759464551107,0.7728333333333333,0.24074806908542712,0.5623333333333334,8.178121778208554,3.937,1.6699257062536585,3.3930000000000002,1.298915192753592,0.9631484242139305,1.0182899035395987,0.7602024223239122,0.34923262369171854,1.4902012830236413,0.006958567542649013,0.028234750430507462,0.022578910496726702,0.7025105530213226,0.2835527026748206,0,0,0.2835527026748206,-0.21970214558746773,0.8840500118728319,0.16356648909667948,-0.2317468367309602,-0.21017538444620304,,,,0.99,0.31,-0.00016666666666668902,1.5517016265548944,0.00016666666666665202,1.572484261101659,0.6381166647772651,0.19703429852853901,-0.0302,51.091,3.333333333341293e-06,0.8654971233326977,31.831433333333333,99.99369929482704,-0.0348970926870697,0.19260780231643077,-0.0063,-0.0631,0.0655,0.1149,-0.0946,-0.0096,0.1755,0.111,0.07129999999999999,0.0639,173.398,-1.4999999999980307e-05,0.7576521745285212,3.3333333333533203e-06,0.8411560412619127,1.6666666666738847e-06,1.610047649625616,138.24735,33.55208726580768,0.14652501996590114,0.08476033359958575,0.03968723121218902,1.0476442112685302,0.4781264935234505,0.4205809849874305,-1.258252761241844e-16,0.7364455679708635,-1.1287267417022424e-16,0.7271746005770044,0.649235346531907,0.5783768914009161
Veteran,iGraphici,45,2,Jesters,The Kingdom,Lunar,,,,,270.667,1.111,0.511,0.867,3.422,32.466,0.37,0.222,0.926,5,1,2,60,36.0,220.29,50.38,8,4.44,45.94,45.94,1,1,2.31,0.56,1.55,3.91,2.34,219.43886666666668,38.54352288810649,0.8082499999999999,0.24919229692640515,0.5371833333333333,0.17076592083174594,2.35915,0.5235765148945783,33.830850000000005,5.332937295474007,1.0606166666666668,0.1987957039800004,0.34283959349593496,0.1005708728654733,0.301240325203252,0.09922202417945707,1.1160703252032522,0.31326266097610156,23.224666666666668,12.926462342828565,1.0,0.0,1.0,0.0,23.224666666666668,12.926462342828565,1.5506666666666669,0.32164759464551107,0.7728333333333333,0.24074806908542712,0.5623333333333334,8.178121778208554,3.937,1.6699257062536585,3.3930000000000002,1.298915192753592,1.3290983671121805,1.2149251952575897,-0.15332879772382413,2.0299802794134187,-0.25592837949891784,-0.9739479414813981,-0.2700623523512184,0.7986162936963941,0.6067442720782877,1.7572737792359334,0,0,1.7572737792359334,2.360761734189858,0.8840500118728319,0.12076937632530808,-0.01616838395797378,-0.8106764828639259,,,,2.36,2.56,-0.00016666666666668902,1.5517016265548944,0.00016666666666665202,1.572484261101659,1.5210183622135756,1.6278912270574666,0.7565,71.207,3.333333333341293e-06,0.8654971233326977,31.831433333333333,99.99369929482704,0.8740602900604544,0.3937804776135897,0.1573,-0.2432,0.1339,0.2738,-0.3648,0.2404,0.4183,0.3218,0.2939,4.118,177.786,-1.4999999999980307e-05,0.7576521745285212,3.3333333333533203e-06,0.8411560412619127,1.6666666666738847e-06,1.610047649625616,138.24735,33.55208726580768,0.4247529550090211,0.34939613133582115,2.557687242542723,1.17842594074,1.3021144069355122,1.177836729410982,-1.258252761241844e-16,0.7364455679708635,-1.1287267417022424e-16,0.7271746005770044,1.7681067869323221,1.6197440456203815
Veteran,Capital,55,2,Liches,The Dungeon,Solar,RSC001181,6.0,2.0,"[2, 8, 9, 10, 12, 13]",258.0,0.891,0.782,1.273,3.164,28.161,0.358,0.333,1.164,2,2,5,60,36.0,232.4,25.6,9,4.09,21.51,21.51,1,1,2.27,0.81,1.57,3.82,3.56,219.43886666666668,38.54352288810649,0.8082499999999999,0.24919229692640515,0.5371833333333333,0.17076592083174594,2.35915,0.5235765148945783,33.830850000000005,5.332937295474007,1.0606166666666668,0.1987957039800004,0.34283959349593496,0.1005708728654733,0.301240325203252,0.09922202417945707,1.1160703252032522,0.31326266097610156,23.224666666666668,12.926462342828565,1.0,0.0,1.0,0.0,23.224666666666668,12.926462342828565,1.5506666666666669,0.32164759464551107,0.7728333333333333,0.24074806908542712,0.5623333333333334,8.178121778208554,3.937,1.6699257062536585,3.3930000000000002,1.298915192753592,1.000456897655099,0.3320728650951797,1.4336388986411537,1.537215625804102,-1.0631758233519697,1.0683497132045656,-0.15074351123852783,-0.3200869470200099,-0.15300155673645446,-0.13264779033823906,0,0,-0.13264779033823906,2.2364020291403484,-0.15437991593394074,0.12321492562652932,-0.07006299715122052,0.1285688249176405,,,,-0.29,-0.45,-0.00016666666666668902,1.5517016265548944,0.00016666666666665202,1.572484261101659,-0.1867841912216233,-0.2862773751078988,-0.1717,33.7707,3.333333333341293e-06,0.8654971233326977,31.831433333333333,99.99369929482704,-0.1983869486153456,0.019393888618410068,-0.0357,0.0386,0.0066,-0.0336,0.0579,-0.0546,-0.0514,-0.024099999999999996,-0.048100000000000004,2.1038,148.901,-1.4999999999980307e-05,0.7576521745285212,3.3333333333533203e-06,0.8411560412619127,1.6666666666738847e-06,1.610047649625616,138.24735,33.55208726580768,-0.031788993432227464,-0.057187169768368,1.3066683671272272,0.3175257001330269,0.4693203713449271,0.40503479225107697,-1.258252761241844e-16,0.7364455679708635,-1.1287267417022424e-16,0.7271746005770044,0.6372777456425609,0.5569979918573706
Veteran,Hell,59,2,Liches,The Dungeon,Solar,RSC001330,3.0,2.0,"[2, 23, 24]",256.78,1.254,0.695,0.898,3.169,39.571,0.328,0.271,1.198,8,2,3,60,36.0,243.03,13.75,13,5.51,8.24,8.24,1,1,1.92,0.87,1.03,3.31,2.74,219.43886666666668,38.54352288810649,0.8082499999999999,0.24919229692640515,0.5371833333333333,0.17076592083174594,2.35915,0.5235765148945783,33.830850000000005,5.332937295474007,1.0606166666666668,0.1987957039800004,0.34283959349593496,0.1005708728654733,0.301240325203252,0.09922202417945707,1.1160703252032522,0.31326266097610156,23.224666666666668,12.926462342828565,1.0,0.0,1.0,0.0,23.224666666666668,12.926462342828565,1.5506666666666669,0.32164759464551107,0.7728333333333333,0.24074806908542712,0.5623333333333334,8.178121778208554,3.937,1.6699257062536585,3.3930000000000002,1.298915192753592,0.9688043680318535,1.7887792098631565,0.9241695643837619,1.5467653283934297,1.0763580522260372,-0.8180089579955239,0.14755359154319803,0.3047743225693328,-0.26153667513856066,-1.1592240993128309,0,0,-1.1592240993128309,1.1482546099571385,-0.40360309860756594,0.05718509449355628,-0.3754658052462842,-0.5027272016240678,,,,-1.42,-0.85,-0.00016666666666668902,1.5517016265548944,0.00016666666666665202,1.572484261101659,-0.915016978158142,-0.5406519401797081,-0.4531,8.4872,3.333333333341293e-06,0.8654971233326977,31.831433333333333,99.99369929482704,-0.5235180119242986,-0.233457042773304,-0.0942,-0.1508,-0.0794,-0.1647,-0.2262,-0.144,-0.2516,-0.48910000000000003,-0.6217999999999999,-0.011,196.661,-1.4999999999980307e-05,0.7576521745285212,3.3333333333533203e-06,0.8411560412619127,1.6666666666738847e-06,1.610047649625616,138.24735,33.55208726580768,-0.6455270854391099,-0.7392247131703367,-0.0068331310997068245,1.740984086540818,0.4815247510245001,0.3294244344226301,-1.258252761241844e-16,0.7364455679708635,-1.1287267417022424e-16,0.7271746005770044,0.6538497507035729,0.45301972065750895
Veteran,Namdorin,59,2,Liches,The Dungeon,Solar,RSC000094,12.0,2.0,"[2, 3, 4, 5, 6, 7, 8, 9, 10, 12, 13, 21]",246.186,0.949,0.763,0.729,2.729,34.775,0.356,0.435,1.435,7,3,2,60,36.0,201.89,44.3,12,5.08,39.22,39.22,1,1,1.78,1.08,0.68,1.68,2.05,219.43886666666668,38.54352288810649,0.8082499999999999,0.24919229692640515,0.5371833333333333,0.17076592083174594,2.35915,0.5235765148945783,33.830850000000005,5.332937295474007,1.0606166666666668,0.1987957039800004,0.34283959349593496,0.1005708728654733,0.301240325203252,0.09922202417945707,1.1160703252032522,0.31326266097610156,23.224666666666668,12.926462342828565,1.0,0.0,1.0,0.0,23.224666666666668,12.926462342828565,1.5506666666666669,0.32164759464551107,0.7728333333333333,0.24074806908542712,0.5623333333333334,8.178121778208554,3.937,1.6699257062536585,3.3930000000000002,1.298915192753592,0.6939462542378756,0.5648248430470876,1.3223754808148267,0.7063915005325802,0.17704127157116228,-1.6681279324830312,-0.13085703771974608,-1.3480845195702187,-1.0180902945885357,1.237409966401777,0,0,1.237409966401777,0.7129956422838549,-1.2758842379652553,0.014387981722184869,-1.3515571330795273,-1.0339397117628228,,,,0.22,-0.11,-0.00016666666666668902,1.5517016265548944,0.00016666666666665202,1.572484261101659,0.1418872435904338,-0.07005899479686081,-0.7493,26.6696,3.333333333341293e-06,0.8654971233326977,31.831433333333333,99.99369929482704,-0.8657490742985412,-0.05162158585726381,-0.1558,-0.3102,-0.0176,0.0255,-0.4653,-0.2381,0.039,-0.45809999999999995,-0.6644,1.9504,156.965,-1.4999999999980307e-05,0.7576521745285212,3.3333333333533203e-06,0.8411560412619127,1.6666666666738847e-06,1.610047649625616,138.24735,33.55208726580768,-0.6046112126386509,-0.7898692997991041,1.2113916838342387,0.5578684226621814,0.3507014235293622,0.1756189163589609,-1.258252761241844e-16,0.7364455679708635,-1.1287267417022424e-16,0.7271746005770044,0.47620820707177824,0.24150859534919053
Veteran,Robbinghope,4,2,Liches,The Dungeon,Solar,,,,,230.0,0.5,1.0,1.75,2.5,20.0,0.3482292682926829,0.25,0.333,0,0,1,60,36.0,224.75,5.25,1,6.25,-1.0,-1.0,1,1,2.0,-0.02,-87.5,7.0,5.03,219.43886666666668,38.54352288810649,0.8082499999999999,0.24919229692640515,0.5371833333333333,0.17076592083174594,2.35915,0.5235765148945783,33.830850000000005,5.332937295474007,1.0606166666666668,0.1987957039800004,0.34283959349593496,0.1005708728654733,0.301240325203252,0.09922202417945707,1.1160703252032522,0.31326266097610156,23.224666666666668,12.926462342828565,1.0,0.0,1.0,0.0,23.224666666666668,12.926462342828565,1.5506666666666669,0.32164759464551107,0.7728333333333333,0.24074806908542712,0.5623333333333334,8.178121778208554,3.937,1.6699257062536585,3.3930000000000002,1.298915192753592,0.274005398105221,-1.2369965035116495,2.7102402189642723,0.269015121941365,-2.593476959074329,3.4677979429710803,-0.0535908125601868,0.5164208816237877,2.499724425385609,-1.874036841959796,0,0,-1.874036841959796,1.396974020056158,3.293207444384545,-10.768038887362188,1.8342133356768247,1.260282433474118,,,,0.63,-1.36,-0.00016666666666668902,1.5517016265548944,0.00016666666666665202,1.572484261101659,0.40611329902757776,-0.8649795106462651,0.5656,87.5,3.333333333341293e-06,0.8654971233326977,31.831433333333333,99.99369929482704,0.6534934102250631,0.5567207439993828,0.1176,0.3781,0.1893,0.0731,0.5671,0.1797,0.1117,0.7581,0.8585,-0.4771,95.0,-1.4999999999980307e-05,0.7576521745285212,3.3333333333533203e-06,0.8411560412619127,1.6666666666738847e-06,1.610047649625616,138.24735,33.55208726580768,1.0006108680038657,1.0206152301762457,-0.29632766879763284,-1.288961537843656,-0.26539149927154765,-0.12689870206464976,-1.258252761241844e-16,0.7364455679708635,-1.1287267417022424e-16,0.7271746005770044,-0.3603681124767763,-0.1745092608624628
Veteran,Coax Cables,57,2,Mambas,The Snake Pit,Solar,RSC003553,1.0,2.0,[2],212.544,0.684,0.351,1.158,2.246,30.454,0.199,0.205,0.813,2,0,6,60,36.0,174.42,38.12,8,3.51,34.61,34.61,1,1,1.56,0.61,1.9,5.65,5.82,219.43886666666668,38.54352288810649,0.8082499999999999,0.24919229692640515,0.5371833333333333,0.17076592083174594,2.35915,0.5235765148945783,33.830850000000005,5.332937295474007,1.0606166666666668,0.1987957039800004,0.34283959349593496,0.1005708728654733,0.301240325203252,0.09922202417945707,1.1160703252032522,0.31326266097610156,23.224666666666668,12.926462342828565,1.0,0.0,1.0,0.0,23.224666666666668,12.926462342828565,1.5506666666666669,0.32164759464551107,0.7728333333333333,0.24074806908542712,0.5623333333333334,8.178121778208554,3.937,1.6699257062536585,3.3930000000000002,1.298915192753592,-0.1788852224713026,-0.4986109182849061,-1.090283895208682,-0.21610976959648912,-0.6332063950697286,0.48986638736987137,1.4302311335046205,0.9699492224547623,0.9674639302970524,0.8807772019426312,0,0,0.8807772019426312,0.02901726451155182,0.6763640263114776,0.16356648909667948,1.0257941377781263,1.8684822639228371,,,,1.85,1.85,-0.00016666666666668902,1.5517016265548944,0.00016666666666665202,1.572484261101659,1.1923469274015184,1.176376374055005,1.0966,65.759,3.333333333341293e-06,0.8654971233326977,31.831433333333333,99.99369929482704,1.2670136469594413,0.33929704477311834,0.2281,0.5605,0.1154,0.2146,0.8408,0.3484,0.3279,1.1185999999999998,1.5171000000000001,0.9098,121.31400000000002,-1.4999999999980307e-05,0.7576521745285212,3.3333333333533203e-06,0.8411560412619127,1.6666666666738847e-06,1.610047649625616,138.24735,33.55208726580768,1.4764228726672655,1.803585294817237,0.565075408510356,-0.5046884226858953,0.43791453920363566,0.675364383802458,-1.258252761241844e-16,0.7364455679708635,-1.1287267417022424e-16,0.7271746005770044,0.5946325950609309,0.9287513387659091
Veteran,Pulch,32,2,Mambas,The Snake Pit,Solar,RSC001588,1.0,2.0,[2],191.406,0.625,0.375,0.844,2.062,30.31,0.312,0.271,1.094,2,0,2,60,36.0,149.98,41.43,4,3.12,38.31,38.31,1,1,1.44,0.78,1.08,3.11,2.71,219.43886666666668,38.54352288810649,0.8082499999999999,0.24919229692640515,0.5371833333333333,0.17076592083174594,2.35915,0.5235765148945783,33.830850000000005,5.332937295474007,1.0606166666666668,0.1987957039800004,0.34283959349593496,0.1005708728654733,0.301240325203252,0.09922202417945707,1.1160703252032522,0.31326266097610156,23.224666666666668,12.926462342828565,1.0,0.0,1.0,0.0,23.224666666666668,12.926462342828565,1.5506666666666669,0.32164759464551107,0.7728333333333333,0.24074806908542712,0.5623333333333334,8.178121778208554,3.937,1.6699257062536585,3.3930000000000002,1.298915192753592,-0.7273042152386355,-0.7353758613739163,-0.9497406305859531,-0.5675388248837538,-0.660208400160284,-1.089644606648337,0.3066453796934521,0.3047743225693328,0.07045309879729285,1.167011741747152,0,0,1.167011741747152,-0.3440618506369775,-0.029768324597127895,0.06329896774660934,-0.4952316123423878,-0.5258233977170574,,,,1.24,1.47,-0.00016666666666668902,1.5517016265548944,0.00016666666666665202,1.572484261101659,0.7992301132145481,0.9347205372367862,0.1768,41.3748,3.333333333341293e-06,0.8654971233326977,31.831433333333333,99.99369929482704,0.20427181315853538,0.09543968003952398,0.0368,-0.1577,0.0324,0.1439,-0.2366,0.0562,0.2198,0.05539999999999998,0.03939999999999999,0.8229,113.43,-1.4999999999980307e-05,0.7576521745285212,3.3333333333533203e-06,0.8411560412619127,1.6666666666738847e-06,1.610047649625616,138.24735,33.55208726580768,0.07314042229798141,0.04683633563109559,0.5111018506344713,-0.7396663523014533,-0.13373270189094022,-0.1248809084238118,-1.258252761241844e-16,0.7364455679708635,-1.1287267417022424e-16,0.7271746005770044,-0.18159210633776404,-0.17173442021313748
Veteran,Shwae,34,2,Mambas,The Snake Pit,Solar,RSC000378,7.0,1.0,"[1, 2, 3, 4, 5, 6, 7]",159.706,0.618,0.412,1.059,1.353,45.676,0.265,0.265,1.108,2,0,3,60,36.0,156.29,3.42,5,3.68,-0.26,-0.26,1,1,0.74,0.84,1.26,4.0,4.0,219.43886666666668,38.54352288810649,0.8082499999999999,0.24919229692640515,0.5371833333333333,0.17076592083174594,2.35915,0.5235765148945783,33.830850000000005,5.332937295474007,1.0606166666666668,0.1987957039800004,0.34283959349593496,0.1005708728654733,0.301240325203252,0.09922202417945707,1.1160703252032522,0.31326266097610156,23.224666666666668,12.926462342828565,1.0,0.0,1.0,0.0,23.224666666666668,12.926462342828565,1.5506666666666669,0.32164759464551107,0.7728333333333333,0.24074806908542712,0.5623333333333334,8.178121778208554,3.937,1.6699257062536585,3.3930000000000002,1.298915192753592,-1.5497510915147479,-0.7634666173336294,-0.73306976429258,-1.921686652050441,2.221130559711028,-0.008132301826952279,0.773977507384823,0.3652447680134628,0.025762167690543247,-1.816789933998892,0,0,-1.816789933998892,-2.5203566890033966,-0.2789915072707531,0.08530891145760035,0.03772622923527269,0.467313034281484,,,,-1.79,-1.45,-0.00016666666666668902,1.5517016265548944,0.00016666666666665202,1.572484261101659,-1.1534648818453208,-0.9222137877874221,-0.4134,-0.3276,3.333333333341293e-06,0.8654971233326977,31.831433333333333,99.99369929482704,-0.4776484198370014,-0.32161059706885964,-0.086,0.1402,-0.1093,-0.2076,0.2103,-0.1314,-0.3172,-0.2627,-0.23829999999999998,-4.3371,121.006,-1.4999999999980307e-05,0.7576521745285212,3.3333333333533203e-06,0.8411560412619127,1.6666666666738847e-06,1.610047649625616,138.24735,33.55208726580768,-0.34670922730930726,-0.28330454950525913,-2.6937722418806502,-0.5138681794491622,-1.0472798220995119,-0.9448197024551581,-1.258252761241844e-16,0.7364455679708635,-1.1287267417022424e-16,0.7271746005770044,-1.4220736299426626,-1.2993023982210803
Veteran,newgamewhodis,49,2,Mambas,The Snake Pit,Solar,RSC000554,2.0,1.0,"[1, 2]",238.571,0.694,0.429,1.429,2.673,25.963,0.218,0.143,0.769,4,0,12,60,36.0,199.03,39.54,16,8.16,31.38,31.38,1,1,1.98,0.55,2.6,9.99,6.56,219.43886666666668,38.54352288810649,0.8082499999999999,0.24919229692640515,0.5371833333333333,0.17076592083174594,2.35915,0.5235765148945783,33.830850000000005,5.332937295474007,1.0606166666666668,0.1987957039800004,0.34283959349593496,0.1005708728654733,0.301240325203252,0.09922202417945707,1.1160703252032522,0.31326266097610156,23.224666666666668,12.926462342828565,1.0,0.0,1.0,0.0,23.224666666666668,12.926462342828565,1.5506666666666669,0.32164759464551107,0.7728333333333333,0.24074806908542712,0.5623333333333334,8.178121778208554,3.937,1.6699257062536585,3.3930000000000002,1.298915192753592,0.49637739105672113,-0.45848126691388785,-0.6335182851848138,0.5994348315321083,-1.475331428831414,1.8530749204238037,1.241309635076194,1.594810492044105,1.1079211423468365,0.6309021847619279,0,0,0.6309021847619279,1.334794167531403,0.9255872089851028,0.2491607146394223,3.6247121517635716,2.4381884342165736,,,,1.74,2.23,-0.00016666666666668902,1.5517016265548944,0.00016666666666665202,1.572484261101659,1.121457010089114,1.4180322108732237,2.5876,81.588,3.333333333341293e-06,0.8654971233326977,31.831433333333333,99.99369929482704,2.9897230122531475,0.49759701878776985,0.5382,0.7315,0.1692,0.2019,1.0972,0.8222,0.3084,1.6408,2.2278000000000002,1.9657,122.09299999999999,-1.4999999999980307e-05,0.7576521745285212,3.3333333333533203e-06,0.8411560412619127,1.6666666666738847e-06,1.610047649625616,138.24735,33.55208726580768,2.1656573493253175,2.6484939266732233,1.2208945081783242,-0.48147079113205055,0.851720126032682,1.1790827678245488,-1.258252761241844e-16,0.7364455679708635,-1.1287267417022424e-16,0.7271746005770044,1.1565282799914676,1.6214575796362536
Veteran,Falco5,53,2,Monsters,The Acropolis,Solar,,,,,148.679,0.283,0.34,1.189,1.321,21.423,0.3482292682926829,0.2967365853658537,1.1426439024390245,0,0,8,60,36.0,126.28,22.4,8,3.77,18.63,18.63,1,1,1.04,0.79,1.51,4.01,3.41,219.43886666666668,38.54352288810649,0.8082499999999999,0.24919229692640515,0.5371833333333333,0.17076592083174594,2.35915,0.5235765148945783,33.830850000000005,5.332937295474007,1.0606166666666668,0.1987957039800004,0.34283959349593496,0.1005708728654733,0.301240325203252,0.09922202417945707,1.1160703252032522,0.31326266097610156,23.224666666666668,12.926462342828565,1.0,0.0,1.0,0.0,23.224666666666668,12.926462342828565,1.5506666666666669,0.32164759464551107,0.7728333333333333,0.24074806908542712,0.5623333333333334,8.178121778208554,3.937,1.6699257062536585,3.3930000000000002,1.298915192753592,-1.8358432588553368,-2.107809938262754,-1.1546995581607657,-1.9828047486221392,-2.3266446448808584,0.6458053708557462,-0.0535908125601868,0.04539052568865833,-0.0848284221074133,-0.35544656726716345,0,0,-0.35544656726716345,-1.5876589011320739,-0.07130552170939884,0.11587827772286564,0.04371451959007774,0.013087844452693882,,,,-0.44,-0.31,-0.00016666666666668902,1.5517016265548944,0.00016666666666665202,1.572484261101659,-0.28345226028399306,-0.19724627733276548,-0.0695,28.1313,3.333333333341293e-06,0.8654971233326977,31.831433333333333,99.99369929482704,-0.08030452263746718,-0.037003664825157156,-0.0145,0.0039,-0.0126,-0.051,0.0059,-0.0221,-0.0779,-0.07419999999999999,-0.0941,-1.9431,62.93299999999999,-1.4999999999980307e-05,0.7576521745285212,3.3333333333533203e-06,0.8411560412619127,1.6666666666738847e-06,1.610047649625616,138.24735,33.55208726580768,-0.09791432334522703,-0.11187381260694315,-1.2068597268649135,-2.244699395400998,-1.2560436111178508,-1.1424876418347156,-1.258252761241844e-16,0.7364455679708635,-1.1287267417022424e-16,0.7271746005770044,-1.7055484692217528,-1.5711324913276192
Veteran,Hendothaneezy,47,2,Monsters,The Acropolis,Solar,,,,,159.894,0.66,0.106,0.936,2.128,31.015,0.3482292682926829,0.2967365853658537,1.1426439024390245,1,0,3,60,36.0,145.93,13.96,4,2.13,11.83,11.83,1,1,1.47,0.79,1.18,3.15,2.69,219.43886666666668,38.54352288810649,0.8082499999999999,0.24919229692640515,0.5371833333333333,0.17076592083174594,2.35915,0.5235765148945783,33.830850000000005,5.332937295474007,1.0606166666666668,0.1987957039800004,0.34283959349593496,0.1005708728654733,0.301240325203252,0.09922202417945707,1.1160703252032522,0.31326266097610156,23.224666666666668,12.926462342828565,1.0,0.0,1.0,0.0,23.224666666666668,12.926462342828565,1.5506666666666669,0.32164759464551107,0.7728333333333333,0.24074806908542712,0.5623333333333334,8.178121778208554,3.937,1.6699257062536585,3.3930000000000002,1.298915192753592,-1.5448734885891982,-0.594922081575351,-2.52499638823237,-0.4414827507046259,-0.5280110835711079,-0.6268579459805812,-0.0535908125601868,0.04539052568865833,-0.0848284221074133,-0.8814992350160121,0,0,-0.8814992350160121,-0.25079207184984514,-0.07130552170939884,0.07552671425271544,-0.47127845092316706,-0.5412208617790503,,,,-0.97,-0.84,-0.00016666666666668902,1.5517016265548944,0.00016666666666665202,1.572484261101659,-0.6250127709710328,-0.5342925760529129,-0.5009,13.9594,3.333333333341293e-06,0.8654971233326977,31.831433333333333,99.99369929482704,-0.5787463872838151,-0.17873159468416533,-0.1042,-0.1624,-0.0608,-0.1125,-0.2435,-0.1592,-0.1719,-0.43989999999999996,-0.5746,-1.1323,118.295,-1.4999999999980307e-05,0.7576521745285212,3.3333333333533203e-06,0.8411560412619127,1.6666666666738847e-06,1.610047649625616,138.24735,33.55208726580768,-0.580589635704188,-0.6831114622577118,-0.7032721465914133,-0.5946679216089512,-0.6193452280056442,-0.6561103518642464,-1.258252761241844e-16,0.7364455679708635,-1.1287267417022424e-16,0.7271746005770044,-0.8409925389491212,-0.9022734723457482
Veteran,UnearthlyLegend,34,2,Monsters,The Acropolis,Solar,RSC000583,13.0,2.0,"[2, 3, 4, 5, 6, 7, 8, 9, 10, 11, 12, 13, 14]",165.588,0.441,0.324,1.118,1.647,26.776,0.157,0.157,0.627,2,0,4,60,36.0,140.5,25.09,6,4.41,20.68,20.68,1,1,1.21,0.47,2.38,7.12,7.12,219.43886666666668,38.54352288810649,0.8082499999999999,0.24919229692640515,0.5371833333333333,0.17076592083174594,2.35915,0.5235765148945783,33.830850000000005,5.332937295474007,1.0606166666666668,0.1987957039800004,0.34283959349593496,0.1005708728654733,0.301240325203252,0.09922202417945707,1.1160703252032522,0.31326266097610156,23.224666666666668,12.926462342828565,1.0,0.0,1.0,0.0,23.224666666666668,12.926462342828565,1.5506666666666669,0.32164759464551107,0.7728333333333333,0.24074806908542712,0.5623333333333334,8.178121778208554,3.937,1.6699257062536585,3.3930000000000002,1.298915192753592,-1.3971443872164484,-1.4737614466006594,-1.2483950679092515,-1.360164139797964,-1.3228826084243224,0.28865479577519604,1.8478470773990372,1.4537127860078018,1.561214872143868,-0.19685716007817222,0,0,-0.19685716007817222,-1.059130154671658,1.2578847858832705,0.22225967232598884,1.9060728199344867,2.869317427952375,,,,1.36,1.26,-0.00016666666666668902,1.5517016265548944,0.00016666666666665202,1.572484261101659,0.876564568464444,0.8011738905740863,1.3868,49.2184,3.333333333341293e-06,0.8654971233326977,31.831433333333333,99.99369929482704,1.602312277280188,0.17388062237203528,0.2884,0.8608,0.0591,0.1578,1.2912,0.4406,0.2411,1.3660999999999999,1.9728999999999999,-1.256,87.346,-1.4999999999980307e-05,0.7576521745285212,3.3333333333533203e-06,0.8411560412619127,1.6666666666738847e-06,1.610047649625616,138.24735,33.55208726580768,1.8030899216386707,2.345458594943814,-0.7801021708635297,-1.5170844542918391,-0.22244169370912747,0.20480851342521655,-1.258252761241844e-16,0.7364455679708635,-1.1287267417022424e-16,0.7271746005770044,-0.3020477050626068,0.2816497073229779
Veteran,Call Me Steve,18,2,Monsters ,Free Agent,N/A,RSC003560,1.0,2.0,[2],233.056,0.611,0.5,1.167,2.278,26.822,0.833,0.537,1.611,0,0,3,60,36.0,175.4,57.66,3,4.17,53.49,53.49,1,1,1.67,0.78,1.5,2.17,1.4,219.43886666666668,38.54352288810649,0.8082499999999999,0.24919229692640515,0.5371833333333333,0.17076592083174594,2.35915,0.5235765148945783,33.830850000000005,5.332937295474007,1.0606166666666668,0.1987957039800004,0.34283959349593496,0.1005708728654733,0.301240325203252,0.09922202417945707,1.1160703252032522,0.31326266097610156,23.224666666666668,12.926462342828565,1.0,0.0,1.0,0.0,23.224666666666668,12.926462342828565,1.5506666666666669,0.32164759464551107,0.7728333333333333,0.24074806908542712,0.5623333333333334,8.178121778208554,3.937,1.6699257062536585,3.3930000000000002,1.298915192753592,0.353292390341808,-0.7915573732933425,-0.21774446067590814,-0.15499167302479092,-1.314256967909284,0.5351389954786742,-4.873780971949191,-2.376082092120428,-1.5799191427876729,2.3413469618100233,0,0,2.3413469618100233,0.371006453397703,-0.029768324597127895,0.11465550307225503,-1.058130905694074,-1.5343572937775918,,,,0.76,-0.03,-0.00016666666666668902,1.5517016265548944,0.00016666666666665202,1.572484261101659,0.4898922922149649,-0.019184081782498946,-0.5698,80.235,3.333333333341293e-06,0.8654971233326977,31.831433333333333,99.99369929482704,-0.6583538153647919,0.484066166248644,-0.1185,-0.4603,0.1646,0.0882,-0.6905,-0.181,0.1347,-0.32599999999999996,-0.7367999999999999,2.7124,110.702,-1.4999999999980307e-05,0.7576521745285212,3.3333333333533203e-06,0.8411560412619127,1.6666666666738847e-06,1.610047649625616,138.24735,33.55208726580768,-0.4302567998341151,-0.8759413202667745,1.6846696021475185,-0.8209727693475266,-0.015513059104438565,-0.241606020556415,-1.258252761241844e-16,0.7364455679708635,-1.1287267417022424e-16,0.7271746005770044,-0.021064773527229907,-0.3322531072519631
Veteran,Trader,35,2,Overdrive,Studio City,Lunar,RSC001760,1.0,2.0,[2],219.143,0.6,0.543,1.343,2.257,26.584,0.352,0.362,1.238,2,0,4,60,36.0,186.27,32.87,6,4.29,28.58,28.58,1,1,1.66,0.89,1.51,3.71,3.82,219.43886666666668,38.54352288810649,0.8082499999999999,0.24919229692640515,0.5371833333333333,0.17076592083174594,2.35915,0.5235765148945783,33.830850000000005,5.332937295474007,1.0606166666666668,0.1987957039800004,0.34283959349593496,0.1005708728654733,0.301240325203252,0.09922202417945707,1.1160703252032522,0.31326266097610156,23.224666666666668,12.926462342828565,1.0,0.0,1.0,0.0,23.224666666666668,12.926462342828565,1.5506666666666669,0.32164759464551107,0.7728333333333333,0.24074806908542712,0.5623333333333334,8.178121778208554,3.937,1.6699257062536585,3.3930000000000002,1.298915192753592,-0.007676170845244132,-0.835699989801463,0.03406222177314758,-0.19510042389996765,-1.3588852818783956,1.4204699984952494,-0.09108409068218255,-0.6123607666666376,-0.3892250497292738,0.4142922627476961,0,0,0.4142922627476961,0.33991652713532555,-0.4866774928321078,0.11587827772286564,-0.13593419105407734,0.3287358577235479,,,,0.03,-0.2,-0.00016666666666668902,1.5517016265548944,0.00016666666666665202,1.572484261101659,0.01944102277809882,-0.12729327193801793,-0.1319,43.1558,3.333333333341293e-06,0.8654971233326977,31.831433333333333,99.99369929482704,-0.15240181599382346,0.11325080226582344,-0.0274,0.0986,0.0385,0.0035,0.1479,-0.0419,0.0053,0.1132,0.11130000000000001,0.7542,109.154,-1.4999999999980307e-05,0.7576521745285212,3.3333333333533203e-06,0.8411560412619127,1.6666666666738847e-06,1.610047649625616,138.24735,33.55208726580768,0.1494287270678692,0.132313936067912,0.46843230603063635,-0.8671099884044626,-0.1710557928011164,-0.146810267951089,-1.258252761241844e-16,0.7364455679708635,-1.1287267417022424e-16,0.7271746005770044,-0.2322721464295429,-0.20189135846411121
Veteran,Zaannaah,47,2,Overdrive,Studio City,Lunar,,,,,232.872,0.766,0.468,1.255,2.0,38.3,0.312,0.284,1.149,2,0,10,60,36.0,191.54,41.33,12,6.38,34.95,34.95,1,1,1.23,0.84,1.49,4.42,4.02,219.43886666666668,38.54352288810649,0.8082499999999999,0.24919229692640515,0.5371833333333333,0.17076592083174594,2.35915,0.5235765148945783,33.830850000000005,5.332937295474007,1.0606166666666668,0.1987957039800004,0.34283959349593496,0.1005708728654733,0.301240325203252,0.09922202417945707,1.1160703252032522,0.31326266097610156,23.224666666666668,12.926462342828565,1.0,0.0,1.0,0.0,23.224666666666668,12.926462342828565,1.5506666666666669,0.32164759464551107,0.7728333333333333,0.24074806908542712,0.5623333333333334,8.178121778208554,3.937,1.6699257062536585,3.3930000000000002,1.298915192753592,0.34851856620190885,-0.16954777704255336,-0.40513548017287954,-0.6859551369914187,0.8380278545170408,0.9778044969869611,0.3066453796934521,0.17375502410705168,-0.10511841626493738,0.9070798353300739,0,0,0.9070798353300739,-0.9969503021469032,-0.2789915072707531,0.11343272842164441,0.2892344241370899,0.48271049834347657,,,,0.8,1.08,-0.00016666666666668902,1.5517016265548944,0.00016666666666665202,1.572484261101659,0.5156704439649302,0.6867053362917721,0.476,52.0755,3.333333333341293e-06,0.8654971233326977,31.831433333333333,99.99369929482704,0.5499690915595258,0.202453422659941,0.099,0.1448,0.0688,0.0928,0.2172,0.1512,0.1418,0.4054,0.5102,-0.0899,134.89999999999998,-1.4999999999980307e-05,0.7576521745285212,3.3333333333533203e-06,0.8411560412619127,1.6666666666738847e-06,1.610047649625616,138.24735,33.55208726580768,0.5350938248838069,0.6065422366832952,-0.055837891932932225,-0.0997657753296099,0.12159842125792064,0.1933001214907548,-1.258252761241844e-16,0.7364455679708635,-1.1287267417022424e-16,0.7271746005770044,0.16511528692196795,0.2658235330790893
Veteran,demonicstriipper,38,2,Overdrive,Studio City,Lunar,RSC001239,2.0,2.0,"[2, 7]",207.895,0.737,0.447,1.184,2.079,35.45,0.447,0.386,1.202,2,0,5,60,36.0,184.33,23.56,7,4.61,18.95,18.95,1,1,1.34,0.75,1.58,3.07,2.65,219.43886666666668,38.54352288810649,0.8082499999999999,0.24919229692640515,0.5371833333333333,0.17076592083174594,2.35915,0.5235765148945783,33.830850000000005,5.332937295474007,1.0606166666666668,0.1987957039800004,0.34283959349593496,0.1005708728654733,0.301240325203252,0.09922202417945707,1.1160703252032522,0.31326266097610156,23.224666666666668,12.926462342828565,1.0,0.0,1.0,0.0,23.224666666666668,12.926462342828565,1.5506666666666669,0.32164759464551107,0.7728333333333333,0.24074806908542712,0.5623333333333334,8.178121778208554,3.937,1.6699257062536585,3.3930000000000002,1.298915192753592,-0.2995021160929949,-0.28592376601850755,-0.5281108367177672,-0.5350698360800386,0.30361317043313985,0.620653921906411,-1.0356915828243156,-0.8542425484431576,-0.274305512597632,-0.3306911476083941,0,0,-0.3306911476083941,-0.6549611132607512,0.09484326673968493,0.12443770027713993,-0.5191847737616085,-0.5720157899030361,,,,-0.6,-1.18,-0.00016666666666668902,1.5517016265548944,0.00016666666666665202,1.572484261101659,-0.38656486728385414,-0.7505109563639508,-0.6279,29.941,3.333333333341293e-06,0.8654971233326977,31.831433333333333,99.99369929482704,-0.7254828657494762,-0.018905524514694412,-0.1306,-0.1716,-0.0064,-0.0696,-0.2574,-0.1995,-0.1063,-0.3782,-0.5632,-0.9857,129.94,-1.4999999999980307e-05,0.7576521745285212,3.3333333333533203e-06,0.8411560412619127,1.6666666666738847e-06,1.610047649625616,138.24735,33.55208726580768,-0.49915385016262964,-0.6695586855542389,-0.6122189407846853,-0.2475956245042878,-0.42905813436724793,-0.5038904448315635,-1.258252761241844e-16,0.7364455679708635,-1.1287267417022424e-16,0.7271746005770044,-0.582606716677563,-0.6929428564085328
Veteran,iminsideabox,40,2,Overdrive,Studio City,Lunar,RSC001263,1.0,2.0,[2],220.75,0.8,0.525,1.4,2.3,34.783,0.542,0.492,1.733,0,1,7,60,36.0,209.05,11.7,8,5.0,6.7,6.7,1,1,1.5,1.19,1.18,2.85,2.58,219.43886666666668,38.54352288810649,0.8082499999999999,0.24919229692640515,0.5371833333333333,0.17076592083174594,2.35915,0.5235765148945783,33.830850000000005,5.332937295474007,1.0606166666666668,0.1987957039800004,0.34283959349593496,0.1005708728654733,0.301240325203252,0.09922202417945707,1.1160703252032522,0.31326266097610156,23.224666666666668,12.926462342828565,1.0,0.0,1.0,0.0,23.224666666666668,12.926462342828565,1.5506666666666669,0.32164759464551107,0.7728333333333333,0.24074806908542712,0.5623333333333334,8.178121778208554,3.937,1.6699257062536585,3.3930000000000002,1.298915192753592,0.034016956289636344,-0.03310696238108986,-0.071345226693899,-0.1129729816317488,0.17854138296508248,1.7071965165176628,-1.9802990749664486,-1.922553751289453,-1.969368685289348,-1.2783595564206585,0,0,-1.2783595564206585,-0.15752229306271284,-1.7327934062002348,0.07552671425271544,-0.6509271615673221,-0.6259069141200111,,,,-3.25,-3.2,-0.00016666666666668902,1.5517016265548944,0.00016666666666665202,1.572484261101659,-2.094367420719053,-2.0351025099765883,-1.3015,7.906,3.333333333341293e-06,0.8654971233326977,31.831433333333333,99.99369929482704,-1.5037639042886046,-0.2392694089933631,-0.2707,-0.1878,-0.0814,-0.377,-0.2817,-0.4135,-0.576,-0.9169,-1.2711999999999999,-1.4359,137.78300000000002,-1.4999999999980307e-05,0.7576521745285212,3.3333333333533203e-06,0.8411560412619127,1.6666666666738847e-06,1.610047649625616,138.24735,33.55208726580768,-1.2101661300854416,-1.5112574492436128,-0.8918379943603263,-0.01383967549682689,-0.6456869516042146,-0.823526381522781,-1.258252761241844e-16,0.7364455679708635,-1.1287267417022424e-16,0.7271746005770044,-0.8767612701958175,-1.1325015764705237
Veteran,CAPTA1N CrUnK,52,2,Pine-Sols,Cleanup Crew,Solar,,,,,167.308,0.654,0.365,0.808,2.019,32.392,0.333,0.34,1.16,2,0,3,60,36.0,149.9,17.41,5,2.4,15.01,15.01,1,1,1.37,0.83,0.97,2.38,2.43,219.43886666666668,38.54352288810649,0.8082499999999999,0.24919229692640515,0.5371833333333333,0.17076592083174594,2.35915,0.5235765148945783,33.830850000000005,5.332937295474007,1.0606166666666668,0.1987957039800004,0.34283959349593496,0.1005708728654733,0.301240325203252,0.09922202417945707,1.1160703252032522,0.31326266097610156,23.224666666666668,12.926462342828565,1.0,0.0,1.0,0.0,23.224666666666668,12.926462342828565,1.5506666666666669,0.32164759464551107,0.7728333333333333,0.24074806908542712,0.5623333333333334,8.178121778208554,3.937,1.6699257062536585,3.3930000000000002,1.298915192753592,-1.352519509386956,-0.6189998723979622,-1.008300324178757,-0.6496662671519727,-0.2698044098926749,-1.2707350390835452,0.09783740774624362,-0.39063580003816156,-0.14023271927738315,-0.6354922521569917,0,0,-0.6354922521569917,-0.561691334473619,-0.23745431015848215,0.0498484465898926,-0.9323768082431654,-0.7413878945849577,,,,-0.78,-1.03,-0.00016666666666668902,1.5517016265548944,0.00016666666666665202,1.572484261101659,-0.5025665501586979,-0.6551204944620224,-0.8021,14.5597,3.333333333341293e-06,0.8654971233326977,31.831433333333333,99.99369929482704,-0.9267544763693043,-0.17272821642900105,-0.1668,-0.2224,-0.0587,-0.0905,-0.3336,-0.2549,-0.1382,-0.5384,-0.7267,-1.1972,117.982,-1.4999999999980307e-05,0.7576521745285212,3.3333333333533203e-06,0.8411560412619127,1.6666666666738847e-06,1.610047649625616,138.24735,33.55208726580768,-0.7105965218604846,-0.8639340356435223,-0.7435815125999853,-0.6039967003975952,-0.6768625407749941,-0.7414719894245396,-1.258252761241844e-16,0.7364455679708635,-1.1287267417022424e-16,0.7271746005770044,-0.9190937799245106,-1.01966156248608
Veteran,FlyingMongoose,45,2,Pine-Sols,Cleanup Crew,Solar,RSC001294,2.0,1.0,"[1, 2]",194.889,0.622,0.644,0.911,2.133,29.161,0.341,0.474,1.081,1,0,4,60,36.0,167.66,27.23,5,2.78,24.45,24.45,1,1,1.51,0.74,1.23,1.92,2.67,219.43886666666668,38.54352288810649,0.8082499999999999,0.24919229692640515,0.5371833333333333,0.17076592083174594,2.35915,0.5235765148945783,33.830850000000005,5.332937295474007,1.0606166666666668,0.1987957039800004,0.34283959349593496,0.1005708728654733,0.301240325203252,0.09922202417945707,1.1160703252032522,0.31326266097610156,23.224666666666668,12.926462342828565,1.0,0.0,1.0,0.0,23.224666666666668,12.926462342828565,1.5506666666666669,0.32164759464551107,0.7728333333333333,0.24074806908542712,0.5623333333333334,8.178121778208554,3.937,1.6699257062536585,3.3930000000000002,1.298915192753592,-0.6369388376339131,-0.747414756785222,0.6255151270604639,-0.43193304811529826,-0.875661899112004,-0.752615190727254,0.01829151367111658,-1.7411424149570631,0.11195182053927498,0.09479262777670418,0,0,0.09479262777670418,-0.1264323668003354,0.13638046385195587,0.08164058750576851,-1.2078381645642033,-0.5566183258410432,,,,0.21,-1.65,-0.00016666666666668902,1.5517016265548944,0.00016666666666665202,1.572484261101659,0.1354427056529425,-1.0494010703233267,-1.1334,30.0735,3.333333333341293e-06,0.8654971233326977,31.831433333333333,99.99369929482704,-1.3095402662564972,-0.017580441025090435,-0.2357,-0.167,-0.006,0.0244,-0.2505,-0.3601,0.0372,-0.38430000000000003,-0.5734,-0.0316,112.691,-1.4999999999980307e-05,0.7576521745285212,3.3333333333533203e-06,0.8411560412619127,1.6666666666738847e-06,1.610047649625616,138.24735,33.55208726580768,-0.5072050380362684,-0.6816848541836621,-0.019627783484554014,-0.7616918076522774,-0.47735388715370913,-0.5515936604645777,-1.258252761241844e-16,0.7364455679708635,-1.1287267417022424e-16,0.7271746005770044,-0.6481862447335618,-0.7585436290361277
Veteran,Frost6,27,2,Pine-Sols,Cleanup Crew,Solar,RSC000418,2.0,1.0,"[1, 2]",156.111,0.296,0.407,1.296,1.407,21.038,0.235,0.247,1.173,0,1,6,60,36.0,137.89,18.22,7,6.48,11.74,11.74,1,1,1.11,0.94,1.38,5.25,5.51,219.43886666666668,38.54352288810649,0.8082499999999999,0.24919229692640515,0.5371833333333333,0.17076592083174594,2.35915,0.5235765148945783,33.830850000000005,5.332937295474007,1.0606166666666668,0.1987957039800004,0.34283959349593496,0.1005708728654733,0.301240325203252,0.09922202417945707,1.1160703252032522,0.31326266097610156,23.224666666666668,12.926462342828565,1.0,0.0,1.0,0.0,23.224666666666668,12.926462342828565,1.5506666666666669,0.32164759464551107,0.7728333333333333,0.24074806908542712,0.5623333333333334,8.178121778208554,3.937,1.6699257062536585,3.3930000000000002,1.298915192753592,-1.6430222751176697,-2.0556413914804295,-0.7623496110889818,-1.8185498640857003,-2.398837505713245,1.1840463783715052,1.0722746101665492,0.5466561043458528,-0.18173144101936528,-0.8884616967950411,0,0,-0.8884616967950411,-1.3700294172954317,-0.694363478393462,0.09998220726492767,0.7862625235859193,1.629821570961947,,,,-1.07,-0.34,-0.00016666666666668902,1.5517016265548944,0.00016666666666665202,1.572484261101659,-0.689458150345946,-0.21632436971315122,0.315,16.2012,3.333333333341293e-06,0.8654971233326977,31.831433333333333,99.99369929482704,0.3639488314573886,-0.15631218210307707,0.0655,0.4889,-0.0531,-0.1241,0.7334,0.1001,-0.1896,0.3772000000000001,0.6439,-2.2585,64.708,-1.4999999999980307e-05,0.7576521745285212,3.3333333333533203e-06,0.8411560412619127,1.6666666666738847e-06,1.610047649625616,138.24735,33.55208726580768,0.49787357930403475,0.7654901529336756,-1.4027545502717484,-2.1917965763919143,-1.0911640779598064,-0.8195117983928385,-1.258252761241844e-16,0.7364455679708635,-1.1287267417022424e-16,0.7271746005770044,-1.4816629027536992,-1.126980779777739
Veteran,Scribbs,50,2,Pine-Sols,Cleanup Crew,Solar,RSC000036,3.0,2.0,"[2, 3, 12]",218.4,0.9,0.4,0.84,2.1,42.857,0.427,0.313,1.12,4,0,1,60,36.0,178.88,39.52,5,2.5,37.02,37.02,1,1,1.2,0.69,1.22,2.68,1.97,219.43886666666668,38.54352288810649,0.8082499999999999,0.24919229692640515,0.5371833333333333,0.17076592083174594,2.35915,0.5235765148945783,33.830850000000005,5.332937295474007,1.0606166666666668,0.1987957039800004,0.34283959349593496,0.1005708728654733,0.301240325203252,0.09922202417945707,1.1160703252032522,0.31326266097610156,23.224666666666668,12.926462342828565,1.0,0.0,1.0,0.0,23.224666666666668,12.926462342828565,1.5506666666666669,0.32164759464551107,0.7728333333333333,0.24074806908542712,0.5623333333333334,8.178121778208554,3.937,1.6699257062536585,3.3930000000000002,1.298915192753592,-0.026953080279728262,0.36818955132909653,-0.803341396603944,-0.4949610852048618,1.6925288072785643,-1.1097657658078046,-0.836826847636498,-0.11851879553957662,-0.012544344686670698,1.0672164562477382,0,0,1.0672164562477382,-1.0902200809340354,0.3440664494133106,0.0804178128551579,-0.75272809759901,-1.0955295680107944,,,,1.05,0.95,-0.00016666666666668902,1.5517016265548944,0.00016666666666665202,1.572484261101659,0.676783892402213,0.604033602643434,-0.1151,45.1644,3.333333333341293e-06,0.8654971233326977,31.831433333333333,99.99369929482704,-0.13299100624403523,0.13333806790520872,-0.0239,-0.3287,0.0453,0.1218,-0.493,-0.0366,0.1861,-0.18549999999999994,-0.34349999999999997,-0.023,153.857,-1.4999999999980307e-05,0.7576521745285212,3.3333333333533203e-06,0.8411560412619127,1.6666666666738847e-06,1.610047649625616,138.24735,33.55208726580768,-0.24481550536751945,-0.40837052399695706,-0.014286326663695479,0.4652363316874029,0.10144810770448198,0.0007081514093953134,-1.258252761241844e-16,0.7364455679708635,-1.1287267417022424e-16,0.7271746005770044,0.13775370796785863,0.0009738395824517475
Veteran,DementedL,47,2,Pulsars,Galaxy Squad,Lunar,RSC000388,10.0,1.0,"[1, 2, 3, 6, 7, 8, 9, 10, 11, 12]",169.787,0.574,0.468,1.234,1.617,35.498,0.383,0.34,1.411,0,1,6,60,36.0,167.31,2.48,7,3.72,-1.24,-1.24,1,1,1.04,1.03,1.2,3.63,3.22,219.43886666666668,38.54352288810649,0.8082499999999999,0.24919229692640515,0.5371833333333333,0.17076592083174594,2.35915,0.5235765148945783,33.830850000000005,5.332937295474007,1.0606166666666668,0.1987957039800004,0.34283959349593496,0.1005708728654733,0.301240325203252,0.09922202417945707,1.1160703252032522,0.31326266097610156,23.224666666666668,12.926462342828565,1.0,0.0,1.0,0.0,23.224666666666668,12.926462342828565,1.5506666666666669,0.32164759464551107,0.7728333333333333,0.24074806908542712,0.5623333333333334,8.178121778208554,3.937,1.6699257062536585,3.3930000000000002,1.298915192753592,-1.288202606980379,-0.9400370833661116,-0.40513548017287954,-1.4174623553339312,0.3126138387966572,0.8721684113997566,-0.39932443022329983,-0.39063580003816156,-0.9414772698341078,-1.8926034067038728,0,0,-1.8926034067038728,-1.5876589011320739,-1.0681982524039006,0.07797226355393667,-0.18384051389251876,-0.13318806413623852,,,,-2.83,-2.28,-0.00016666666666668902,1.5517016265548944,0.00016666666666665202,1.572484261101659,-1.8236968273444176,-1.4500410103114265,-0.779,-1.488,3.333333333341293e-06,0.8654971233326977,31.831433333333333,99.99369929482704,-0.9000646129633454,-0.33321532824875744,-0.162,-0.04,-0.1133,-0.3283,-0.0599,-0.2475,-0.5015,-0.6436,-0.8089,-3.4803,109.06799999999998,-1.4999999999980307e-05,0.7576521745285212,3.3333333333533203e-06,0.8411560412619127,1.6666666666738847e-06,1.610047649625616,138.24735,33.55208726580768,-0.8494465160091383,-0.9616566887159326,-2.16161407861186,-0.8696731672409594,-1.2118224184046018,-1.2165323945599646,-1.258252761241844e-16,0.7364455679708635,-1.1287267417022424e-16,0.7271746005770044,-1.6455016787507448,-1.6729577650191032
Veteran,Super Saiyan 4 Scott Sterling,44,2,Pulsars,Galaxy Squad,Lunar,,,,,209.091,0.727,0.545,1.0,1.886,38.547,0.341,0.25,1.045,4,2,3,60,36.0,175.81,33.28,9,5.11,28.17,28.17,1,1,1.16,0.7,1.43,4.0,2.93,219.43886666666668,38.54352288810649,0.8082499999999999,0.24919229692640515,0.5371833333333333,0.17076592083174594,2.35915,0.5235765148945783,33.830850000000005,5.332937295474007,1.0606166666666668,0.1987957039800004,0.34283959349593496,0.1005708728654733,0.301240325203252,0.09922202417945707,1.1160703252032522,0.31326266097610156,23.224666666666668,12.926462342828565,1.0,0.0,1.0,0.0,23.224666666666668,12.926462342828565,1.5506666666666669,0.32164759464551107,0.7728333333333333,0.24074806908542712,0.5623333333333334,8.178121778208554,3.937,1.6699257062536585,3.3930000000000002,1.298915192753592,-0.26847225918365014,-0.3260534173895262,0.04577416049170831,-0.9036883560280936,0.8843437938043122,-0.30491939942909946,0.01829151367111658,0.5164208816237877,0.22687135767091682,0.3825743813098981,0,0,0.3825743813098981,-1.2145797859835452,0.30252925230103966,0.10609608051798074,0.03772622923527269,-0.35645129303513545,,,,0.61,0.9,-0.00016666666666668902,1.5517016265548944,0.00016666666666665202,1.572484261101659,0.39322422315259514,0.5722367820094578,0.2889,40.2831,3.333333333341293e-06,0.8654971233326977,31.831433333333333,99.99369929482704,0.33379275202468184,0.08452199214819822,0.0601,-0.1069,0.0287,0.0708,-0.1604,0.0918,0.1081,0.05270000000000001,0.03950000000000002,-0.832,130.107,-1.4999999999980307e-05,0.7576521745285212,3.3333333333533203e-06,0.8411560412619127,1.6666666666738847e-06,1.610047649625616,138.24735,33.55208726580768,0.06957678176374794,0.04695521963726645,-0.5167559276025973,-0.24261828885667255,-0.21361107801333348,-0.19258191875811886,-1.258252761241844e-16,0.7364455679708635,-1.1287267417022424e-16,0.7271746005770044,-0.2900568450726077,-0.2648358710622006
Veteran,Zamma,42,2,Pulsars,Galaxy Squad,Lunar,RSC000174,2.0,1.0,"[1, 2]",210.0,0.786,0.476,1.19,1.857,42.326,0.532,0.373,1.611,1,1,6,60,36.0,188.8,21.2,8,4.76,16.44,16.44,1,1,1.07,1.08,1.1,3.19,2.24,219.43886666666668,38.54352288810649,0.8082499999999999,0.24919229692640515,0.5371833333333333,0.17076592083174594,2.35915,0.5235765148945783,33.830850000000005,5.332937295474007,1.0606166666666668,0.1987957039800004,0.34283959349593496,0.1005708728654733,0.301240325203252,0.09922202417945707,1.1160703252032522,0.31326266097610156,23.224666666666668,12.926462342828565,1.0,0.0,1.0,0.0,23.224666666666668,12.926462342828565,1.5506666666666669,0.32164759464551107,0.7728333333333333,0.24074806908542712,0.5623333333333334,8.178121778208554,3.937,1.6699257062536585,3.3930000000000002,1.298915192753592,-0.2448885301446918,-0.08928847430051601,-0.3582877252986369,-0.9590766310461949,1.592958913507143,0.6508356606456125,-1.8808667073725398,-0.723223249980876,-1.5799191427876729,-0.5248664705568661,0,0,-0.5248664705568661,-1.4943891223449415,-1.2758842379652553,0.06574451704783056,-0.44732528950394634,-0.8876638031738902,,,,-2.1,-1.25,-0.00016666666666668902,1.5517016265548944,0.00016666666666665202,1.572484261101659,-1.3532455579075515,-0.7950265052515175,-0.6107,18.084,3.333333333341293e-06,0.8654971233326977,31.831433333333333,99.99369929482704,-0.7056098938627883,-0.13748299573155734,-0.127,-0.2663,-0.0467,-0.2436,-0.3994,-0.194,-0.3721,-0.6836,-0.9654999999999999,-2.0193,139.496,-1.4999999999980307e-05,0.7576521745285212,3.3333333333533203e-06,0.8411560412619127,1.6666666666738847e-06,1.610047649625616,138.24735,33.55208726580768,-0.9022411905903756,-1.1478290423794297,-1.2541875186962412,0.037215270397572976,-0.6214841147837799,-0.7467391240957436,-1.258252761241844e-16,0.7364455679708635,-1.1287267417022424e-16,0.7271746005770044,-0.8438968768542687,-1.0269048499538005
Veteran,crabasaur,37,2,Pulsars,Galaxy Squad,Lunar,RSC000334,12.0,1.0,"[1, 2, 3, 4, 5, 6, 7, 8, 9, 10, 11, 12]",280.541,1.027,0.838,1.459,2.892,35.512,0.427,0.387,1.387,4,2,7,60,36.0,256.68,23.86,13,8.78,15.08,15.08,1,1,1.86,0.96,1.52,3.77,3.42,219.43886666666668,38.54352288810649,0.8082499999999999,0.24919229692640515,0.5371833333333333,0.17076592083174594,2.35915,0.5235765148945783,33.830850000000005,5.332937295474007,1.0606166666666668,0.1987957039800004,0.34283959349593496,0.1005708728654733,0.301240325203252,0.09922202417945707,1.1160703252032522,0.31326266097610156,23.224666666666668,12.926462342828565,1.0,0.0,1.0,0.0,23.224666666666668,12.926462342828565,1.5506666666666669,0.32164759464551107,0.7728333333333333,0.24074806908542712,0.5623333333333334,8.178121778208554,3.937,1.6699257062536585,3.3930000000000002,1.298915192753592,1.5852762994891632,0.8778361237410328,1.7615731827608534,1.0177118049446674,0.31523903373601725,2.003983614119811,-0.836826847636498,-0.8643209560171793,-0.86486424507968,-0.6300770041066359,0,0,-0.6300770041066359,0.9617150523828745,-0.7774378726180039,0.11710105237347625,-0.10000444892524628,0.020786576483690162,,,,-1.49,-1.49,-0.00016666666666668902,1.5517016265548944,0.00016666666666665202,1.572484261101659,-0.9601287437205813,-0.9476512442946031,-0.4984,22.9216,3.333333333341293e-06,0.8654971233326977,31.831433333333333,99.99369929482704,-0.5758578739281919,-0.08910394751036341,-0.1037,0.0062,-0.0303,-0.1728,0.0094,-0.1584,-0.264,-0.3006,-0.41300000000000003,0.3316,167.13199999999998,-1.4999999999980307e-05,0.7576521745285212,3.3333333333533203e-06,0.8411560412619127,1.6666666666738847e-06,1.610047649625616,138.24735,33.55208726580768,-0.3967321814750295,-0.49099490828567394,0.20595560225216925,0.860889809065196,0.2690423163474044,0.16295171248972154,-1.258252761241844e-16,0.7364455679708635,-1.1287267417022424e-16,0.7271746005770044,0.3653254606293575,0.22408883968227356
Veteran,Buck,59,2,Queens,House of Cards,Lunar,RSC004966,13.0,2.0,"[2, 7, 13, 14, 15, 16, 17, 19, 20, 21, 22, 23, 24]",275.847,1.102,0.847,0.966,3.051,36.119,0.288,0.316,0.859,6,5,4,60,36.0,238.12,37.73,15,6.36,31.37,31.37,1,1,1.95,0.57,1.69,3.06,3.35,219.43886666666668,38.54352288810649,0.8082499999999999,0.24919229692640515,0.5371833333333333,0.17076592083174594,2.35915,0.5235765148945783,33.830850000000005,5.332937295474007,1.0606166666666668,0.1987957039800004,0.34283959349593496,0.1005708728654733,0.301240325203252,0.09922202417945707,1.1160703252032522,0.31326266097610156,23.224666666666668,12.926462342828565,1.0,0.0,1.0,0.0,23.224666666666668,12.926462342828565,1.5506666666666669,0.32164759464551107,0.7728333333333333,0.24074806908542712,0.5623333333333334,8.178121778208554,3.937,1.6699257062536585,3.3930000000000002,1.298915192753592,1.4634918945289082,1.1788085090236735,1.8142769069943767,1.321392347285293,0.42905998574967624,-0.47594925228457446,0.5452830619188332,-0.1487540182616416,0.8206222995177322,0.6301285778975916,0,0,0.6301285778975916,1.2415243887442706,0.8425128147605615,0.13788822143385665,-0.5251730641164135,-0.03310454773328483,,,,1.45,0.48,-0.00016666666666668902,1.5517016265548944,0.00016666666666665202,1.572484261101659,0.9345654099018657,0.305143488684058,-0.1349,53.0153,3.333333333341293e-06,0.8654971233326977,31.831433333333333,99.99369929482704,-0.15586803202057137,0.21185201483752458,-0.0281,-0.0099,0.072,0.1682,-0.0149,-0.0429,0.257,0.2022,0.1992,1.8717,176.829,-1.4999999999980307e-05,0.7576521745285212,3.3333333333533203e-06,0.8411560412619127,1.6666666666738847e-06,1.610047649625616,138.24735,33.55208726580768,0.26689687801112194,0.23681297749205882,1.1625111429270798,1.1499031250827085,0.8619152283670652,0.7876929903290977,-1.258252761241844e-16,0.7364455679708635,-1.1287267417022424e-16,0.7271746005770044,1.1703719403755932,1.0832240148433028
Veteran,DGallub,51,2,Queens,House of Cards,Lunar,RSC001842,3.0,1.0,"[1, 2, 8]",255.196,1.118,0.647,1.216,2.608,42.868,0.3482292682926829,0.667,0.333,6,2,6,60,36.0,239.54,15.66,14,6.86,8.8,8.8,1,1,1.49,-0.02,-60.8,1.82,3.49,219.43886666666668,38.54352288810649,0.8082499999999999,0.24919229692640515,0.5371833333333333,0.17076592083174594,2.35915,0.5235765148945783,33.830850000000005,5.332937295474007,1.0606166666666668,0.1987957039800004,0.34283959349593496,0.1005708728654733,0.301240325203252,0.09922202417945707,1.1160703252032522,0.31326266097610156,23.224666666666668,12.926462342828565,1.0,0.0,1.0,0.0,23.224666666666668,12.926462342828565,1.5506666666666669,0.32164759464551107,0.7728333333333333,0.24074806908542712,0.5623333333333334,8.178121778208554,3.937,1.6699257062536585,3.3930000000000002,1.298915192753592,0.9277079689144612,1.2430159512173033,0.6430830351383049,0.4752886978708465,1.6945914604452044,0.7816231951821522,-0.0535908125601868,-3.686275076743243,2.499724425385609,-1.1159021149099844,0,0,-1.1159021149099844,-0.18861221932509029,3.293207444384545,-7.503230570231856,-1.267721068112255,0.0746777007006655,,,,1.38,-4.8,-0.00016666666666668902,1.5517016265548944,0.00016666666666665202,1.572484261101659,0.8894536443394264,-3.0526007702638256,-2.1066,-535.04,3.333333333341293e-06,0.8654971233326977,31.831433333333333,99.99369929482704,-2.4339807453335154,-5.669071524816156,-0.4381,0.0224,-1.9275,0.1601,0.0336,-0.6693,0.2446,-2.1831,-0.3911,-1.3045,180.74800000000002,-1.4999999999980307e-05,0.7576521745285212,3.3333333333533203e-06,0.8411560412619127,1.6666666666738847e-06,1.610047649625616,138.24735,33.55208726580768,-2.881381553954505,-0.4649593109342653,-0.8102255029346505,1.26670658857375,-0.6629341631678424,0.07557652680852778,-1.258252761241844e-16,0.7364455679708635,-1.1287267417022424e-16,0.7271746005770044,-0.9001808035785075,0.1039317472702688
Veteran,GiLLz | HOC,52,2,Queens,House of Cards,Lunar,,,,,224.615,1.096,0.731,0.923,2.769,39.581,0.321,0.327,1.199,4,2,0,60,36.0,226.45,-1.83,6,2.88,-4.71,-4.71,1,1,1.67,0.88,1.05,2.82,2.88,219.43886666666668,38.54352288810649,0.8082499999999999,0.24919229692640515,0.5371833333333333,0.17076592083174594,2.35915,0.5235765148945783,33.830850000000005,5.332937295474007,1.0606166666666668,0.1987957039800004,0.34283959349593496,0.1005708728654733,0.301240325203252,0.09922202417945707,1.1160703252032522,0.31326266097610156,23.224666666666668,12.926462342828565,1.0,0.0,1.0,0.0,23.224666666666668,12.926462342828565,1.5506666666666669,0.32164759464551107,0.7728333333333333,0.24074806908542712,0.5623333333333334,8.178121778208554,3.937,1.6699257062536585,3.3930000000000002,1.298915192753592,0.13429320792393223,1.1547307182010622,1.134984461317855,0.7827891212472029,1.0782331914684378,-0.692251713248851,0.21715624885893417,-0.2596165015758799,-0.2647288845033288,-2.161044988628653,0,0,-2.161044988628653,0.371006453397703,-0.4451402957198369,0.059630643794777505,-0.6688920326317378,-0.3949449531901179,,,,-2.43,-2.42,-0.00016666666666668902,1.5517016265548944,0.00016666666666665202,1.572484261101659,-1.565915309844765,-1.53907210808656,-1.0779,-4.9455,3.333333333341293e-06,0.8654971233326977,31.831433333333333,99.99369929482704,-1.2454152697616612,-0.3677925068548385,-0.2242,-0.1185,-0.125,-0.2819,-0.1777,-0.3425,-0.4306,-0.7496,-0.9508,-1.79,176.87100000000004,-1.4999999999980307e-05,0.7576521745285212,3.3333333333533203e-06,0.8411560412619127,1.6666666666738847e-06,1.610047649625616,138.24735,33.55208726580768,-0.989352403649417,-1.1303530934723198,-1.1117693734610248,1.151154910095882,-0.16620206000043147,-0.3045501193850564,-1.258252761241844e-16,0.7364455679708635,-1.1287267417022424e-16,0.7271746005770044,-0.22568139076234744,-0.418812922155696
Veteran,Valarmorr,19,2,Queens,House of Cards,Lunar,RSC001781,2.0,1.0,"[1, 2]",123.684,0.211,0.421,0.789,1.105,19.095,0.316,0.333,0.895,0,0,0,60,36.0,98.17,25.51,0,0.0,25.51,25.51,1,1,0.89,0.58,1.36,2.37,2.5,219.43886666666668,38.54352288810649,0.8082499999999999,0.24919229692640515,0.5371833333333333,0.17076592083174594,2.35915,0.5235765148945783,33.830850000000005,5.332937295474007,1.0606166666666668,0.1987957039800004,0.34283959349593496,0.1005708728654733,0.301240325203252,0.09922202417945707,1.1160703252032522,0.31326266097610156,23.224666666666668,12.926462342828565,1.0,0.0,1.0,0.0,23.224666666666668,12.926462342828565,1.5506666666666669,0.32164759464551107,0.7728333333333333,0.24074806908542712,0.5623333333333334,8.178121778208554,3.937,1.6699257062536585,3.3930000000000002,1.298915192753592,-2.4843309456856657,-2.3967434281340885,-0.6803660400590567,-2.395351900481102,-2.7631770605114983,-1.3663105450910167,0.26687243265588856,-0.3200869470200099,0.7057027623860904,0.17679495539637785,0,0,0.17679495539637785,-2.054007795067735,0.8009756176482905,0.09753665796370647,-0.9383650985979705,-0.6874967703679827,,,,0.88,-0.14,-0.00016666666666668902,1.5517016265548944,0.00016666666666665202,1.572484261101659,0.5672267474648607,-0.08913708717724653,-0.5392,34.6936,3.333333333341293e-06,0.8654971233326977,31.831433333333333,99.99369929482704,-0.6229984118919634,0.028623470147130948,-0.1121,-0.2062,0.0097,0.1021,-0.3094,-0.1713,0.156,-0.2065,-0.3247,-1.8772,51.245,-1.4999999999980307e-05,0.7576521745285212,3.3333333333533203e-06,0.8411560412619127,1.6666666666738847e-06,1.610047649625616,138.24735,33.55208726580768,-0.272532709522669,-0.3860203308368438,-1.165929261226009,-2.5930532819239094,-1.441958007443067,-1.367730336521587,-1.258252761241844e-16,0.7364455679708635,-1.1287267417022424e-16,0.7271746005770044,-1.9579967212187988,-1.8808829893622643
Veteran,B-rad,49,2,Sailfish,The Aquarium,Solar,RSC000414,4.0,2.0,"[2, 3, 4, 6]",221.633,0.694,0.51,1.265,2.224,31.205,0.279,0.238,0.898,3,1,7,60,36.0,189.24,32.39,11,5.61,26.78,26.78,1,1,1.53,0.62,2.04,5.32,4.53,219.43886666666668,38.54352288810649,0.8082499999999999,0.24919229692640515,0.5371833333333333,0.17076592083174594,2.35915,0.5235765148945783,33.830850000000005,5.332937295474007,1.0606166666666668,0.1987957039800004,0.34283959349593496,0.1005708728654733,0.301240325203252,0.09922202417945707,1.1160703252032522,0.31326266097610156,23.224666666666668,12.926462342828565,1.0,0.0,1.0,0.0,23.224666666666668,12.926462342828565,1.5506666666666669,0.32164759464551107,0.7728333333333333,0.24074806908542712,0.5623333333333334,8.178121778208554,3.937,1.6699257062536585,3.3930000000000002,1.298915192753592,0.056926123221870246,-0.45848126691388785,-0.15918476708310447,-0.25812846098953124,-0.4923834379655149,1.0281073948856303,0.6347721927533506,0.6373617725120477,0.6961261342917869,0.2750430271671187,0,0,0.2750430271671187,-0.06425251427558051,0.6348268291992067,0.18068533420522806,0.8281805560695557,0.8753458319242958,,,,0.97,0.91,-0.00016666666666668902,1.5517016265548944,0.00016666666666665202,1.572484261101659,0.6252275889022825,0.5785961461362531,0.7109,54.6312,3.333333333341293e-06,0.8654971233326977,31.831433333333333,99.99369929482704,0.8213738064538864,0.22801203303262693,0.1478,0.2626,0.0775,0.1125,0.3939,0.2259,0.1719,0.6004,0.7916999999999998,0.2108,122.84499999999998,-1.4999999999980307e-05,0.7576521745285212,3.3333333333533203e-06,0.8411560412619127,1.6666666666738847e-06,1.610047649625616,138.24735,33.55208726580768,0.7924678634673382,0.9412007140541407,0.1309267669080168,-0.4590578785152446,0.11324147060328832,0.24264187341409227,-1.258252761241844e-16,0.7364455679708635,-1.1287267417022424e-16,0.7271746005770044,0.15376760419008823,0.33367759712943623
Veteran,T_rodge,52,2,Sailfish,The Aquarium,Solar,RSC000027,2.0,1.0,"[1, 2]",233.077,0.731,0.558,0.865,2.577,28.366,0.3482292682926829,0.2967365853658537,1.1426439024390245,2,2,2,60,36.0,176.08,57.0,6,2.88,54.12,54.12,1,1,1.85,0.79,1.09,2.92,2.48,219.43886666666668,38.54352288810649,0.8082499999999999,0.24919229692640515,0.5371833333333333,0.17076592083174594,2.35915,0.5235765148945783,33.830850000000005,5.332937295474007,1.0606166666666668,0.1987957039800004,0.34283959349593496,0.1005708728654733,0.301240325203252,0.09922202417945707,1.1160703252032522,0.31326266097610156,23.224666666666668,12.926462342828565,1.0,0.0,1.0,0.0,23.224666666666668,12.926462342828565,1.5506666666666669,0.32164759464551107,0.7728333333333333,0.24074806908542712,0.5623333333333334,8.178121778208554,3.937,1.6699257062536585,3.3930000000000002,1.298915192753592,0.3538372289664701,-0.31000155684111874,0.12190176216235306,0.41608054181701365,-1.024735468882777,-0.9840085210611319,-0.0535908125601868,0.04539052568865833,-0.0848284221074133,2.390084194263225,0,0,2.390084194263225,0.930625126120497,-0.07130552170939884,0.06452174239721996,-0.609009129083686,-0.7028942344299756,,,,2.31,2.44,-0.00016666666666668902,1.5517016265548944,0.00016666666666665202,1.572484261101659,1.488795672526119,1.5515788575359237,0.4065,58.9908,3.333333333341293e-06,0.8654971233326977,31.831433333333333,99.99369929482704,0.4696684202731995,0.2716107800611363,0.0845,-0.2109,0.0923,0.268,-0.3163,0.1292,0.4094,0.2339,0.22229999999999997,3.3207,127.23599999999999,-1.4999999999980307e-05,0.7576521745285212,3.3333333333533203e-06,0.8411560412619127,1.6666666666738847e-06,1.610047649625616,138.24735,33.55208726580768,0.3087366576167524,0.26427518291751717,2.0624845072787097,-0.32818673582854824,0.5274792196473606,0.4825591300156198,-1.258252761241844e-16,0.7364455679708635,-1.1287267417022424e-16,0.7271746005770044,0.7162501107865038,0.6636083406003386
Veteran,TheVerge,48,2,Sailfish,The Aquarium,Solar,RSC001745,2.0,1.0,"[1, 2]",186.771,0.625,0.375,1.083,1.688,37.026,0.403,0.333,1.278,2,0,5,60,36.0,159.86,26.91,7,3.65,23.26,23.26,1,1,1.06,0.88,1.23,3.25,2.69,219.43886666666668,38.54352288810649,0.8082499999999999,0.24919229692640515,0.5371833333333333,0.17076592083174594,2.35915,0.5235765148945783,33.830850000000005,5.332937295474007,1.0606166666666668,0.1987957039800004,0.34283959349593496,0.1005708728654733,0.301240325203252,0.09922202417945707,1.1160703252032522,0.31326266097610156,23.224666666666668,12.926462342828565,1.0,0.0,1.0,0.0,23.224666666666668,12.926462342828565,1.5506666666666669,0.32164759464551107,0.7728333333333333,0.24074806908542712,0.5623333333333334,8.178121778208554,3.937,1.6699257062536585,3.3930000000000002,1.298915192753592,-0.8475578831105534,-0.7353758613739163,-0.9497406305859531,-1.2818565785654759,0.5991351150353257,0.11259465312985359,-0.5981891654111174,-0.3200869470200099,-0.516913424319987,0.0027334109206558254,0,0,0.0027334109206558254,-1.5254790486073189,-0.4451402957198369,0.08164058750576851,-0.4113955473751153,-0.5412208617790503,,,,-0.51,-0.32,-0.00016666666666668902,1.5517016265548944,0.00016666666666665202,1.572484261101659,-0.3285640258464323,-0.20360564145956073,-0.3137,28.6098,3.333333333341293e-06,0.8654971233326977,31.831433333333333,99.99369929482704,-0.3624545072147462,-0.032218363317417516,-0.0652,-0.1624,-0.011,-0.0591,-0.2435,-0.0997,-0.0904,-0.29769999999999996,-0.4336,-1.5227,116.406,-1.4999999999980307e-05,0.7576521745285212,3.3333333333533203e-06,0.8411560412619127,1.6666666666738847e-06,1.610047649625616,138.24735,33.55208726580768,-0.3929045675678898,-0.5154850135568619,-0.9457494422731775,-0.6509684427966461,-0.6453982338298201,-0.6675225109751,-1.258252761241844e-16,0.7364455679708635,-1.1287267417022424e-16,0.7271746005770044,-0.8763692279499934,-0.9179673086015774
Veteran,monomax,31,2,Sailfish,The Aquarium,Solar,RSC001493,2.0,1.0,"[1, 2]",194.677,0.871,0.258,0.968,2.258,38.574,0.258,0.204,1.032,3,0,3,60,36.0,177.76,16.92,6,4.84,12.08,12.08,1,1,1.39,0.77,1.26,4.75,3.75,219.43886666666668,38.54352288810649,0.8082499999999999,0.24919229692640515,0.5371833333333333,0.17076592083174594,2.35915,0.5235765148945783,33.830850000000005,5.332937295474007,1.0606166666666668,0.1987957039800004,0.34283959349593496,0.1005708728654733,0.301240325203252,0.09922202417945707,1.1160703252032522,0.31326266097610156,23.224666666666668,12.926462342828565,1.0,0.0,1.0,0.0,23.224666666666668,12.926462342828565,1.5506666666666669,0.32164759464551107,0.7728333333333333,0.24074806908542712,0.5623333333333334,8.178121778208554,3.937,1.6699257062536585,3.3930000000000002,1.298915192753592,-0.6424391132733627,0.25181356235314234,-1.6348890456217553,-0.1931904833821023,0.8894066697587915,-0.46588867270484063,0.8435801647005591,0.980027630028784,0.26837007941289825,-0.8621590634075986,0,0,-0.8621590634075986,-0.4995114819488647,0.01176887251514305,0.08530891145760035,0.4868480058456607,0.2748447335065729,,,,-0.59,0.12,-0.00016666666666668902,1.5517016265548944,0.00016666666666665202,1.572484261101659,-0.3801203293463628,0.07620638011942957,0.2938,15.2208,3.333333333341293e-06,0.8654971233326977,31.831433333333333,99.99369929482704,0.33945423820170345,-0.16611679986313546,0.0611,0.0825,-0.0565,-0.0684,0.1237,0.0933,-0.1045,0.01870000000000001,0.1125,-1.3617,148.254,-1.4999999999980307e-05,0.7576521745285212,3.3333333333533203e-06,0.8411560412619127,1.6666666666738847e-06,1.610047649625616,138.24735,33.55208726580768,0.024701308369696334,0.13374054414196176,-0.845752401789663,0.2982422500491519,-0.1009048167015485,-0.04211714875503973,-1.258252761241844e-16,0.7364455679708635,-1.1287267417022424e-16,0.7271746005770044,-0.13701598745386237,-0.05791889419902753
Veteran,Finalfear55,49,2,Surge,Electric Mayhem,Lunar,RSC000248,4.0,2.0,"[2, 3, 4, 5]",244.082,1.02,0.796,0.694,2.531,40.3,0.422,0.224,1.286,4,4,3,60,36.0,206.67,37.41,11,5.61,31.8,31.8,1,1,1.51,0.86,0.81,3.1,1.64,219.43886666666668,38.54352288810649,0.8082499999999999,0.24919229692640515,0.5371833333333333,0.17076592083174594,2.35915,0.5235765148945783,33.830850000000005,5.332937295474007,1.0606166666666668,0.1987957039800004,0.34283959349593496,0.1005708728654733,0.301240325203252,0.09922202417945707,1.1160703252032522,0.31326266097610156,23.224666666666668,12.926462342828565,1.0,0.0,1.0,0.0,23.224666666666668,12.926462342828565,1.5506666666666669,0.32164759464551107,0.7728333333333333,0.24074806908542712,0.5623333333333334,8.178121778208554,3.937,1.6699257062536585,3.3930000000000002,1.298915192753592,0.6393586129859845,0.8497453677813203,1.5156224696710787,0.3282232779951979,1.213055702996972,-1.8441880751283732,-0.7871106638395436,0.7784594785483507,-0.5424510992381296,0.6633936730640628,0,0,0.6633936730640628,-0.1264323668003354,-0.362065901495295,0.03028405218012282,-0.5012199026971929,-1.349587725033677,,,,0.12,1.44,-0.00016666666666668902,1.5517016265548944,0.00016666666666665202,1.572484261101659,0.07744186421552067,0.9156424448564005,0.1647,25.758,3.333333333341293e-06,0.8654971233326977,31.831433333333333,99.99369929482704,0.19029140851731882,-0.060738160265739166,0.0343,-0.4049,-0.0207,0.0139,-0.6073,0.0523,0.0213,-0.37739999999999996,-0.5337,0.537,167.61,-1.4999999999980307e-05,0.7576521745285212,3.3333333333533203e-06,0.8411560412619127,1.6666666666738847e-06,1.610047649625616,138.24735,33.55208726580768,-0.49809795667100487,-0.6344879037338482,0.33352946632244174,0.8751363146913052,0.2757351560821497,0.14130098371271654,-1.258252761241844e-16,0.7364455679708635,-1.1287267417022424e-16,0.7271746005770044,0.3744134910634141,0.1943150704116948
Veteran,Other Ninja,53,2,Surge,Electric Mayhem,Lunar,RSC001545,1.0,2.0,[2],266.509,0.925,0.811,1.075,2.604,35.522,0.333,0.214,1.346,6,4,7,60,36.0,220.36,46.15,17,8.02,38.13,38.13,1,1,1.68,1.01,1.06,5.02,3.23,219.43886666666668,38.54352288810649,0.8082499999999999,0.24919229692640515,0.5371833333333333,0.17076592083174594,2.35915,0.5235765148945783,33.830850000000005,5.332937295474007,1.0606166666666668,0.1987957039800004,0.34283959349593496,0.1005708728654733,0.301240325203252,0.09922202417945707,1.1160703252032522,0.31326266097610156,23.224666666666668,12.926462342828565,1.0,0.0,1.0,0.0,23.224666666666668,12.926462342828565,1.5506666666666669,0.32164759464551107,0.7728333333333333,0.24074806908542712,0.5623333333333334,8.178121778208554,3.937,1.6699257062536585,3.3930000000000002,1.298915192753592,1.2212203194290248,0.4685136797566432,1.6034620100602843,0.4676489357993842,0.31711417297841654,0.0723523348109183,0.09783740774624362,0.8792435542885674,-0.7339836611241993,1.1530868181890943,0,0,1.1530868181890943,0.40209637966008044,-0.9851238581793587,0.060853418445388115,0.6485318454254001,-0.12548933210524224,,,,0.42,2.03,-0.00016666666666668902,1.5517016265548944,0.00016666666666665202,1.572484261101659,0.27077800234026017,1.290844928337319,0.9504,40.4178,3.333333333341293e-06,0.8654971233326977,31.831433333333333,99.99369929482704,1.0980933859225936,0.0858690770240447,0.1977,-0.0376,0.0292,0.0487,-0.0565,0.302,0.0745,0.238,0.32,1.5552,154.06199999999998,-1.4999999999980307e-05,0.7576521745285212,3.3333333333533203e-06,0.8411560412619127,1.6666666666738847e-06,1.610047649625616,138.24735,33.55208726580768,0.31414811176132923,0.38042485694640404,0.965933109926879,0.4713462347278881,0.5530093104526512,0.5536785336630523,-1.258252761241844e-16,0.7364455679708635,-1.1287267417022424e-16,0.7271746005770044,0.750916747284343,0.7614107165235351
Veteran,Right,10,2,Surge,Electric Mayhem,Lunar,RSC001617,1.0,2.0,[2],154.5,0.9,0.3,0.8,2.3,39.13,1.233,1.033,3.1,0,0,0,60,36.0,173.6,-19.1,0,0.0,-19.1,-19.1,1,1,1.4,1.87,0.43,0.77,0.65,219.43886666666668,38.54352288810649,0.8082499999999999,0.24919229692640515,0.5371833333333333,0.17076592083174594,2.35915,0.5235765148945783,33.830850000000005,5.332937295474007,1.0606166666666668,0.1987957039800004,0.34283959349593496,0.1005708728654733,0.301240325203252,0.09922202417945707,1.1160703252032522,0.31326266097610156,23.224666666666668,12.926462342828565,1.0,0.0,1.0,0.0,23.224666666666668,12.926462342828565,1.5506666666666669,0.32164759464551107,0.7728333333333333,0.24074806908542712,0.5623333333333334,8.178121778208554,3.937,1.6699257062536585,3.3930000000000002,1.298915192753592,-1.6848191810381998,0.36818955132909653,-1.3889383325319802,-0.1129729816317488,0.9936644116362132,-1.3109773574024806,-8.851075675705541,-7.374972248835167,-6.333118886926966,-3.274265266408938,0,0,-3.274265266408938,-0.46842155568648725,-4.557322809834657,-0.01618138454308043,-1.8964915553667983,-2.111762196102325,,,,-9.61,-10.65,-0.00016666666666668902,1.5517016265548944,0.00016666666666665202,1.572484261101659,-6.19309354896353,-6.772828784439038,-4.1884,-8.213,3.333333333341293e-06,0.8654971233326977,31.831433333333333,99.99369929482704,-4.839303586828107,-0.400469565739978,-0.8711,-0.6335,-0.1362,-1.1148,-0.9503,-1.3308,-1.7031,-2.7556000000000003,-3.9842,-3.7427,152.13,-1.4999999999980307e-05,0.7576521745285212,3.3333333333533203e-06,0.8411560412619127,1.6666666666738847e-06,1.610047649625616,138.24735,33.55208726580768,-3.6370053338984625,-4.736580536657838,-2.3245906216110783,0.4137641241219452,-1.6623455783727057,-2.3035788791658938,-1.258252761241844e-16,0.7364455679708635,-1.1287267417022424e-16,0.7271746005770044,-2.2572551871728748,-3.1678483782822324
Veteran,Sonu,40,2,Surge,Electric Mayhem,Lunar,RSC001692,1.0,2.0,[2],250.875,1.2,0.525,0.675,2.975,40.336,0.317,0.342,1.308,7,1,0,60,36.0,214.48,36.4,8,5.0,31.4,31.4,1,1,1.78,0.99,0.68,1.97,2.13,219.43886666666668,38.54352288810649,0.8082499999999999,0.24919229692640515,0.5371833333333333,0.17076592083174594,2.35915,0.5235765148945783,33.830850000000005,5.332937295474007,1.0606166666666668,0.1987957039800004,0.34283959349593496,0.1005708728654733,0.301240325203252,0.09922202417945707,1.1160703252032522,0.31326266097610156,23.224666666666668,12.926462342828565,1.0,0.0,1.0,0.0,23.224666666666668,12.926462342828565,1.5506666666666669,0.32164759464551107,0.7728333333333333,0.24074806908542712,0.5623333333333334,8.178121778208554,3.937,1.6699257062536585,3.3930000000000002,1.298915192753592,0.8156009357160675,1.5720790924596557,-0.071345226693899,1.1762368679275097,1.219806204269611,-1.9397635811358438,0.2569291958964977,-0.4107926151862049,-0.6126797052630218,0.632449398490601,0,0,0.632449398490601,0.7129956422838549,-0.9020494639548168,0.014387981722184869,-1.1778967127901774,-0.9723498555148512,,,,0.02,0.22,-0.00016666666666668902,1.5517016265548944,0.00016666666666665202,1.572484261101659,0.012996484840607503,0.1398000213873819,-0.5586,21.352,3.333333333341293e-06,0.8654971233326977,31.831433333333333,99.99369929482704,-0.6454132755315997,-0.10480093653136267,-0.1162,-0.2917,-0.0356,0.0023,-0.4376,-0.1775,0.0036,-0.4412,-0.6114999999999999,1.3454,190.086,-1.4999999999980307e-05,0.7576521745285212,3.3333333333533203e-06,0.8411560412619127,1.6666666666738847e-06,1.610047649625616,138.24735,33.55208726580768,-0.5823054626280783,-0.7269796605347427,0.835626407483144,1.5450201231691427,0.6514663766208402,0.4659657179229488,-1.258252761241844e-16,0.7364455679708635,-1.1287267417022424e-16,0.7271746005770044,0.8846089988915715,0.6407893201346837
Veteran,PhunkaE_Phuzion,4,2,The Cut Off,Cole World,Solar,RSC003666,1.0,2.0,[2],220.0,1.0,0.5,0.75,1.5,66.667,1.333,0.667,2.667,0,0,0,60,36.0,182.75,37.25,0,0.0,37.25,37.25,1,1,0.5,1.33,0.56,1.12,0.56,219.43886666666668,38.54352288810649,0.8082499999999999,0.24919229692640515,0.5371833333333333,0.17076592083174594,2.35915,0.5235765148945783,33.830850000000005,5.332937295474007,1.0606166666666668,0.1987957039800004,0.34283959349593496,0.1005708728654733,0.301240325203252,0.09922202417945707,1.1160703252032522,0.31326266097610156,23.224666666666668,12.926462342828565,1.0,0.0,1.0,0.0,23.224666666666668,12.926462342828565,1.5506666666666669,0.32164759464551107,0.7728333333333333,0.24074806908542712,0.5623333333333334,8.178121778208554,3.937,1.6699257062536585,3.3930000000000002,1.298915192753592,0.014558433980264613,0.7694860650392829,-0.21774446067590814,-1.6409253959242025,6.157235343432146,-1.5624918468958262,-9.845399351644627,-3.686275076743243,-4.950892231982497,1.0850094141274784,0,0,1.0850094141274784,-3.2665149193004543,-2.314314165772028,-0.0002853140851424718,-1.686901392948617,-2.1810507843812927,,,,-3.87,-2.6,-0.00016666666666668902,1.5517016265548944,0.00016666666666665202,1.572484261101659,-2.4939287728435144,-1.6535406623688742,-1.6712,20.86,3.333333333341293e-06,0.8654971233326977,31.831433333333333,99.99369929482704,-1.9309172593181707,-0.10972124654559028,-0.3476,-0.6543,-0.0373,-0.4489,-0.9815,-0.531,-0.6858,-1.4881000000000002,-2.1983,-2.1815,181.667,-1.4999999999980307e-05,0.7576521745285212,3.3333333333533203e-06,0.8411560412619127,1.6666666666738847e-06,1.610047649625616,138.24735,33.55208726580768,-1.964074083105509,-2.613431070453244,-1.3549298787361546,1.294096836838171,-0.4963367799483115,-0.9046807378162333,-1.258252761241844e-16,0.7364455679708635,-1.1287267417022424e-16,0.7271746005770044,-0.6739626138505709,-1.244103874225502
Veteran,UCS | LORDMACCUS,42,2,The Cut Off,Cole World,Solar,,,,,196.667,0.571,0.571,0.952,1.857,30.749,0.413,0.325,1.437,0,2,3,60,36.0,158.48,38.19,5,2.98,35.21,35.21,1,1,1.29,1.02,0.93,2.93,2.31,219.43886666666668,38.54352288810649,0.8082499999999999,0.24919229692640515,0.5371833333333333,0.17076592083174594,2.35915,0.5235765148945783,33.830850000000005,5.332937295474007,1.0606166666666668,0.1987957039800004,0.34283959349593496,0.1005708728654733,0.301240325203252,0.09922202417945707,1.1160703252032522,0.31326266097610156,23.224666666666668,12.926462342828565,1.0,0.0,1.0,0.0,23.224666666666668,12.926462342828565,1.5506666666666669,0.32164759464551107,0.7728333333333333,0.24074806908542712,0.5623333333333334,8.178121778208554,3.937,1.6699257062536585,3.3930000000000002,1.298915192753592,-0.5908091674124961,-0.9520759787774172,0.19802936383299716,-0.9590766310461949,-0.5778897874189391,-0.5463733093427112,-0.6976215330050257,-0.2394596864278366,-1.0244747133180714,0.9271936138028238,0,0,0.9271936138028238,-0.8104107445726385,-1.0266610552916295,0.044957347987450165,-0.6030208387288807,-0.8337726789569151,,,,-0.1,0.69,-0.00016666666666668902,1.5517016265548944,0.00016666666666665202,1.572484261101659,-0.06433797040928829,0.4386901353467579,-0.1134,32.7453,3.333333333341293e-06,0.8654971233326977,31.831433333333333,99.99369929482704,-0.13102681716221143,0.009139242503391853,-0.0236,-0.2501,0.0031,-0.0116,-0.3752,-0.036,-0.0177,-0.2822,-0.42889999999999995,0.1168,106.41899999999998,-1.4999999999980307e-05,0.7576521745285212,3.3333333333533203e-06,0.8411560412619127,1.6666666666738847e-06,1.610047649625616,138.24735,33.55208726580768,-0.3724466311676604,-0.5098974652668335,0.07254340165677234,-0.948625036286065,-0.4827706843524254,-0.5280535827720915,-1.258252761241844e-16,0.7364455679708635,-1.1287267417022424e-16,0.7271746005770044,-0.6555415706860843,-0.7261716544459709
Veteran,bavarian,46,2,The Cut Off,Cole World,Solar,RSC000019,5.0,2.0,"[2, 3, 4, 5, 6]",191.739,0.674,0.435,1.174,2.174,31.003,0.558,0.254,1.58,1,0,4,60,36.0,177.81,13.93,5,2.72,11.21,11.21,1,1,1.5,1.02,1.15,4.62,2.1,219.43886666666668,38.54352288810649,0.8082499999999999,0.24919229692640515,0.5371833333333333,0.17076592083174594,2.35915,0.5235765148945783,33.830850000000005,5.332937295474007,1.0606166666666668,0.1987957039800004,0.34283959349593496,0.1005708728654733,0.301240325203252,0.09922202417945707,1.1160703252032522,0.31326266097610156,23.224666666666668,12.926462342828565,1.0,0.0,1.0,0.0,23.224666666666668,12.926462342828565,1.5506666666666669,0.32164759464551107,0.7728333333333333,0.24074806908542712,0.5623333333333334,8.178121778208554,3.937,1.6699257062536585,3.3930000000000002,1.298915192753592,-0.7186646313332746,-0.5387405696559248,-0.5983824690291316,-0.3536254868828101,-0.5302612506619877,0.570351024007742,-2.1393908631167027,0.4761072513277011,-1.4809606524798706,-0.9294628606048777,0,0,-0.9294628606048777,-0.15752229306271284,-1.0266610552916295,0.0718583903008836,0.40900023123319346,-0.9954460516078404,,,,-2.41,-0.45,-0.00016666666666668902,1.5517016265548944,0.00016666666666665202,1.572484261101659,-1.5530262339697825,-0.2862773751078988,0.0822,12.8915,3.333333333341293e-06,0.8654971233326977,31.831433333333333,99.99369929482704,0.0949704677817516,-0.18941126757886784,0.0171,-0.2986,-0.0644,-0.2795,-0.448,0.0261,-0.4271,-0.6254,-0.849,-1.087,120.143,-1.4999999999980307e-05,0.7576521745285212,3.3333333333533203e-06,0.8411560412619127,1.6666666666738847e-06,1.610047649625616,138.24735,33.55208726580768,-0.8254249390746754,-1.0093291751904296,-0.6751363333373561,-0.5395893810293533,-0.6705127923074704,-0.7600165672477046,-1.258252761241844e-16,0.7364455679708635,-1.1287267417022424e-16,0.7271746005770044,-0.9104716240671277,-1.045163797861807
Veteran,blackhawk,50,2,The Cut Off,Cole World,Solar,,,,,209.1,0.68,0.42,1.32,2.14,31.776,0.3482292682926829,0.2967365853658537,1.1426439024390245,2,1,10,60,36.0,185.64,23.46,13,6.5,16.96,16.96,1,1,1.46,0.79,1.67,4.45,3.79,219.43886666666668,38.54352288810649,0.8082499999999999,0.24919229692640515,0.5371833333333333,0.17076592083174594,2.35915,0.5235765148945783,33.830850000000005,5.332937295474007,1.0606166666666668,0.1987957039800004,0.34283959349593496,0.1005708728654733,0.301240325203252,0.09922202417945707,1.1160703252032522,0.31326266097610156,23.224666666666668,12.926462342828565,1.0,0.0,1.0,0.0,23.224666666666668,12.926462342828565,1.5506666666666669,0.32164759464551107,0.7728333333333333,0.24074806908542712,0.5623333333333334,8.178121778208554,3.937,1.6699257062536585,3.3930000000000002,1.298915192753592,-0.268238756915938,-0.5146627788333136,-0.6862220094183371,-0.418563464490239,-0.3853129872244943,1.304773333328311,-0.0535908125601868,0.04539052568865833,-0.0848284221074133,-0.48463891361136585,0,0,-0.48463891361136585,-0.2818819981122226,-0.07130552170939884,0.13544267213263542,0.3071992952015056,0.3056396616305587,,,,-0.57,-0.44,-0.00016666666666668902,1.5517016265548944,0.00016666666666665202,1.572484261101659,-0.36723125347138014,-0.2799180109811035,0.0313,28.3232,3.333333333341293e-06,0.8654971233326977,31.831433333333333,99.99369929482704,0.036160335861262244,-0.03508454390700619,0.0065,0.0917,-0.0119,-0.0661,0.1375,0.0099,-0.101,0.02020000000000001,0.0464,-0.7665,121.176,-1.4999999999980307e-05,0.7576521745285212,3.3333333333533203e-06,0.8411560412619127,1.6666666666738847e-06,1.610047649625616,138.24735,33.55208726580768,0.02668110866649273,0.05515821606305269,-0.4760739018158258,-0.5088014305863204,-0.32325575986485855,-0.2753629650216525,-1.258252761241844e-16,0.7364455679708635,-1.1287267417022424e-16,0.7271746005770044,-0.438940464745451,-0.37867516935156303
Veteran,Dribbs,31,2,Tornadoes,The Storm,Solar,RSC001261,2.0,2.0,"[2, 6]",278.387,1.032,0.742,1.032,3.0,34.4,0.323,0.301,1.323,4,1,1,60,36.0,229.12,49.27,6,4.84,44.43,44.43,1,1,1.97,1.0,1.03,3.43,3.2,219.43886666666668,38.54352288810649,0.8082499999999999,0.24919229692640515,0.5371833333333333,0.17076592083174594,2.35915,0.5235765148945783,33.830850000000005,5.332937295474007,1.0606166666666668,0.1987957039800004,0.34283959349593496,0.1005708728654733,0.301240325203252,0.09922202417945707,1.1160703252032522,0.31326266097610156,23.224666666666668,12.926462342828565,1.0,0.0,1.0,0.0,23.224666666666668,12.926462342828565,1.5506666666666669,0.32164759464551107,0.7728333333333333,0.24074806908542712,0.5623333333333334,8.178121778208554,3.937,1.6699257062536585,3.3930000000000002,1.298915192753592,1.5293914234166477,0.8979009494265426,1.199400124269939,1.2239853808741488,0.10672354998117517,-0.1439501261533583,0.19726977534015241,0.0024220953486833716,-0.6605628457345389,1.6404591427211157,0,0,1.6404591427211157,1.3037042412690256,-0.9435866610670878,0.05718509449355628,-0.30360632098862206,-0.14858552819823143,,,,0.98,1.64,-0.00016666666666668902,1.5517016265548944,0.00016666666666665202,1.572484261101659,0.6316721268397738,1.042829727392305,0.3292,45.7629,3.333333333341293e-06,0.8654971233326977,31.831433333333333,99.99369929482704,0.3803555873173286,0.1393234450261746,0.0685,-0.0446,0.0474,0.1137,-0.0669,0.1046,0.1737,0.185,0.21139999999999998,2.9442,167.6,-1.4999999999980307e-05,0.7576521745285212,3.3333333333533203e-06,0.8411560412619127,1.6666666666738847e-06,1.610047649625616,138.24735,33.55208726580768,0.24419516794118995,0.2513168262448983,1.8286404964585659,0.8748382706405492,0.9242526477206252,0.8543422270786128,-1.258252761241844e-16,0.7364455679708635,-1.1287267417022424e-16,0.7271746005770044,1.2550182768663116,1.1748790818610861
Veteran,Shnick,36,2,Tornadoes,The Storm,Solar,RSC000380,2.0,2.0,"[2, 3]",190.417,0.583,0.694,0.917,1.833,31.806,0.259,0.389,1.065,0,0,3,60,36.0,163.6,26.82,3,2.08,24.74,24.74,1,1,1.25,0.81,1.13,2.36,3.54,219.43886666666668,38.54352288810649,0.8082499999999999,0.24919229692640515,0.5371833333333333,0.17076592083174594,2.35915,0.5235765148945783,33.830850000000005,5.332937295474007,1.0606166666666668,0.1987957039800004,0.34283959349593496,0.1005708728654733,0.301240325203252,0.09922202417945707,1.1160703252032522,0.31326266097610156,23.224666666666668,12.926462342828565,1.0,0.0,1.0,0.0,23.224666666666668,12.926462342828565,1.5506666666666669,0.32164759464551107,0.7728333333333333,0.24074806908542712,0.5623333333333334,8.178121778208554,3.937,1.6699257062536585,3.3930000000000002,1.298915192753592,-0.7529635199905939,-0.9039203971321947,0.9183135950244815,-1.0049152034749687,-0.37968756949729515,-0.7224334519880525,0.8336369279411682,-0.8844777711652226,0.16302717037556025,0.11722722684246384,0,0,0.11722722684246384,-0.9347704496221483,-0.15437991593394074,0.06941284099966238,-0.9443533889527758,0.11317136085564758,,,,0.28,-0.77,-0.00016666666666668902,1.5517016265548944,0.00016666666666665202,1.572484261101659,0.18055447121538176,-0.48977702716534627,-0.7307,27.9562,3.333333333341293e-06,0.8654971233326977,31.831433333333333,99.99369929482704,-0.8442585349327042,-0.038754775157456456,-0.152,0.034,-0.0132,0.0325,0.0509,-0.2322,0.0497,-0.09869999999999998,-0.1316,-0.8175,108.43599999999999,-1.4999999999980307e-05,0.7576521745285212,3.3333333333533203e-06,0.8411560412619127,1.6666666666738847e-06,1.610047649625616,138.24735,33.55208726580768,-0.1302510615262348,-0.15645531492099896,-0.5077499829627776,-0.8885095512487005,-0.5354791662030877,-0.5043055603289983,-1.258252761241844e-16,0.7364455679708635,-1.1287267417022424e-16,0.7271746005770044,-0.7271130270747629,-0.6935137172404505
Veteran,Sillybunny,51,2,Tornadoes,The Storm,Solar,,,,,237.059,0.961,0.49,1.235,2.941,32.676,0.242,0.137,0.837,1,1,4,60,36.0,220.4,16.66,6,2.94,13.72,13.72,1,1,1.98,0.6,2.06,9.01,5.1,219.43886666666668,38.54352288810649,0.8082499999999999,0.24919229692640515,0.5371833333333333,0.17076592083174594,2.35915,0.5235765148945783,33.830850000000005,5.332937295474007,1.0606166666666668,0.1987957039800004,0.34283959349593496,0.1005708728654733,0.301240325203252,0.09922202417945707,1.1160703252032522,0.31326266097610156,23.224666666666668,12.926462342828565,1.0,0.0,1.0,0.0,23.224666666666668,12.926462342828565,1.5506666666666669,0.32164759464551107,0.7728333333333333,0.24074806908542712,0.5623333333333334,8.178121778208554,3.937,1.6699257062536585,3.3930000000000002,1.298915192753592,0.4571490100810277,0.6129804246923101,-0.2763041542687118,1.11129889032008,-0.21655045540852488,0.8771987011896241,1.0026719528508132,1.6552809374882347,0.8908509055426245,-0.7352875376564056,0,0,-0.7352875376564056,1.334794167531403,0.7179012234237486,0.1831308835064493,3.0378596969926646,1.3141735576910927,,,,0.16,0.92,-0.00016666666666668902,1.5517016265548944,0.00016666666666665202,1.572484261101659,0.10322001596548593,0.5849555102630483,1.885,28.2632,3.333333333341293e-06,0.8654971233326977,31.831433333333333,99.99369929482704,2.1779352187887895,-0.035684581713619296,0.392,0.3943,-0.0121,0.0186,0.5914,0.5989,0.0284,0.7928,1.2187000000000001,0.5995,158.18599999999998,-1.4999999999980307e-05,0.7576521745285212,3.3333333333533203e-06,0.8411560412619127,1.6666666666738847e-06,1.610047649625616,138.24735,33.55208726580768,1.046410248203089,1.4488354204035234,0.372348193218216,0.594259601259415,0.6835532345797037,0.8828311909871707,-1.258252761241844e-16,0.7364455679708635,-1.1287267417022424e-16,0.7271746005770044,0.9281788964568088,1.214056693243486
Veteran,gotmott,42,2,Tornadoes,The Storm,Solar,RSC000542,9.0,1.0,"[1, 2, 3, 4, 5, 6, 8, 9, 10]",211.429,0.786,0.452,1.143,2.214,35.501,0.214,0.19,1.016,3,0,4,60,36.0,188.49,22.94,7,4.17,18.77,18.77,1,1,1.43,0.8,1.43,6.02,5.34,219.43886666666668,38.54352288810649,0.8082499999999999,0.24919229692640515,0.5371833333333333,0.17076592083174594,2.35915,0.5235765148945783,33.830850000000005,5.332937295474007,1.0606166666666668,0.1987957039800004,0.34283959349593496,0.1005708728654733,0.301240325203252,0.09922202417945707,1.1160703252032522,0.31326266097610156,23.224666666666668,12.926462342828565,1.0,0.0,1.0,0.0,23.224666666666668,12.926462342828565,1.5506666666666669,0.32164759464551107,0.7728333333333333,0.24074806908542712,0.5623333333333334,8.178121778208554,3.937,1.6699257062536585,3.3930000000000002,1.298915192753592,-0.20781355897123546,-0.08928847430051601,-0.4988309899213654,-0.27722786616818734,0.31317638056937713,0.41441204052186825,1.2810825821137575,1.121125336065087,0.3194454292491835,-0.3446160711664518,0,0,-0.3446160711664518,-0.3751517768993549,-0.11284271882166978,0.10609608051798074,1.2473608809059173,1.4989431264350075,,,,-0.03,0.78,-0.00016666666666668902,1.5517016265548944,0.00016666666666665202,1.572484261101659,-0.019226204846849077,0.495924412487915,0.8942,26.8411,3.333333333341293e-06,0.8654971233326977,31.831433333333333,99.99369929482704,1.033159605688183,-0.04990647779336129,0.186,0.4497,-0.017,-0.0035,0.6745,0.2841,-0.0053,0.6152000000000001,0.9533,-0.7198,136.241,-1.4999999999980307e-05,0.7576521745285212,3.3333333333533203e-06,0.8411560412619127,1.6666666666738847e-06,1.610047649625616,138.24735,33.55208726580768,0.812001893062396,1.133317268026179,-0.4470685490793033,-0.05979806812330964,0.12333288920985491,0.3245031509070473,-1.258252761241844e-16,0.7364455679708635,-1.1287267417022424e-16,0.7271746005770044,0.16747047517669975,0.4462520427000035
Veteran,Cordell Walker,42,2,Vikings,The Sovereign,Lunar,RSC003661,1.0,2.0,[2],191.548,0.548,0.667,0.952,1.786,30.683,0.206,0.302,1.056,1,3,4,60,36.0,160.27,31.28,8,4.76,26.52,26.52,1,1,1.24,0.85,1.12,3.15,4.62,219.43886666666668,38.54352288810649,0.8082499999999999,0.24919229692640515,0.5371833333333333,0.17076592083174594,2.35915,0.5235765148945783,33.830850000000005,5.332937295474007,1.0606166666666668,0.1987957039800004,0.34283959349593496,0.1005708728654733,0.301240325203252,0.09922202417945707,1.1160703252032522,0.31326266097610156,23.224666666666668,12.926462342828565,1.0,0.0,1.0,0.0,23.224666666666668,12.926462342828565,1.5506666666666669,0.32164759464551107,0.7728333333333333,0.24074806908542712,0.5623333333333334,8.178121778208554,3.937,1.6699257062536585,3.3930000000000002,1.298915192753592,-0.7236200683480614,-1.0443741769307597,0.7602024223239122,-1.0946824078146502,-0.5902657064187767,-0.5463733093427112,1.3606284761888845,-0.007656312225338293,0.19175705465847034,0.25492924869436845,0,0,0.25492924869436845,-0.9658603758845257,-0.32052870438302405,0.0681900663490518,-0.47127845092316706,0.9446344202032637,,,,0.45,0.25,-0.00016666666666668902,1.5517016265548944,0.00016666666666665202,1.572484261101659,0.2901116161527341,0.15887811376776761,-0.1751,29.7024,3.333333333341293e-06,0.8654971233326977,31.831433333333333,99.99369929482704,-0.20231532677899322,-0.02129167485899257,-0.0364,0.2834,-0.0072,0.0522,0.4251,-0.0556,0.0798,0.29200000000000004,0.4493,-0.7109,103.34299999999999,-1.4999999999980307e-05,0.7576521745285212,3.3333333333533203e-06,0.8411560412619127,1.6666666666738847e-06,1.610047649625616,138.24735,33.55208726580768,0.38542092244599946,0.5341418769252685,-0.4415407623693451,-1.040303386298426,-0.40814845595191374,-0.2668222512659687,-1.258252761241844e-16,0.7364455679708635,-1.1287267417022424e-16,0.7271746005770044,-0.5542140162191342,-0.36693010324377157
Veteran,Huggie xD,28,2,Vikings,The Sovereign,Lunar,RSC000740,8.0,2.0,"[2, 3, 6, 7, 8, 9, 10, 11]",201.071,0.607,0.786,0.821,1.929,31.467,0.345,0.619,1.464,0,2,1,60,36.0,166.09,34.98,3,2.68,32.3,32.3,1,1,1.32,1.12,0.73,1.33,2.38,219.43886666666668,38.54352288810649,0.8082499999999999,0.24919229692640515,0.5371833333333333,0.17076592083174594,2.35915,0.5235765148945783,33.830850000000005,5.332937295474007,1.0606166666666668,0.1987957039800004,0.34283959349593496,0.1005708728654733,0.301240325203252,0.09922202417945707,1.1160703252032522,0.31326266097610156,23.224666666666668,12.926462342828565,1.0,0.0,1.0,0.0,23.224666666666668,12.926462342828565,1.5506666666666669,0.32164759464551107,0.7728333333333333,0.24074806908542712,0.5623333333333334,8.178121778208554,3.937,1.6699257062536585,3.3930000000000002,1.298915192753592,-0.4765487244118654,-0.80760923384175,1.457062776078275,-0.821560913759874,-0.4432547898146439,-1.205341271815276,-0.021481433366446385,-3.2025115131902036,-1.1106643661668023,0.7020740162808897,0,0,0.7020740162808897,-0.7171409657855061,-1.442033026414339,0.020501854975237918,-1.5611472954977084,-0.7798815547399401,,,,-0.41,-2.5,-0.00016666666666668902,1.5517016265548944,0.00016666666666665202,1.572484261101659,-0.26411864647151906,-1.589947021100922,-1.5747,23.579,3.333333333341293e-06,0.8654971233326977,31.831433333333333,99.99369929482704,-1.8194206437911131,-0.08252953327590566,-0.3275,-0.234,-0.0281,-0.0475,-0.3509,-0.5003,-0.0726,-0.6371,-0.9238,-0.0151,111.457,-1.4999999999980307e-05,0.7576521745285212,3.3333333333533203e-06,0.8411560412619127,1.6666666666738847e-06,1.610047649625616,138.24735,33.55208726580768,-0.8408673813896874,-1.0982544118061996,-0.009379639584069616,-0.7984704435154941,-0.5994069159524933,-0.7290022378882345,-1.258252761241844e-16,0.7364455679708635,-1.1287267417022424e-16,0.7271746005770044,-0.813918831236972,-1.0025133404134023
Veteran,Slurp,45,2,Vikings,The Sovereign,Lunar,RSC000236,10.0,2.0,"[2, 3, 4, 6, 7, 9, 10, 11, 13, 14]",324.111,1.422,1.0,0.911,3.578,39.743,0.2,0.185,0.763,6,2,2,60,36.0,279.91,44.2,10,5.56,38.64,38.64,1,1,2.16,0.56,1.63,4.92,4.56,219.43886666666668,38.54352288810649,0.8082499999999999,0.24919229692640515,0.5371833333333333,0.17076592083174594,2.35915,0.5235765148945783,33.830850000000005,5.332937295474007,1.0606166666666668,0.1987957039800004,0.34283959349593496,0.1005708728654733,0.301240325203252,0.09922202417945707,1.1160703252032522,0.31326266097610156,23.224666666666668,12.926462342828565,1.0,0.0,1.0,0.0,23.224666666666668,12.926462342828565,1.5506666666666669,0.32164759464551107,0.7728333333333333,0.24074806908542712,0.5623333333333334,8.178121778208554,3.937,1.6699257062536585,3.3930000000000002,1.298915192753592,2.715686722181598,2.4629573528962694,2.7102402189642723,2.3279310002004467,1.108610447195312,-0.752615190727254,1.4202878967452295,1.1715173739351954,1.1270743985354434,1.1925407682702578,0,0,1.1925407682702578,1.894412840254197,0.8840500118728319,0.13055157353019298,0.5886489418773485,0.8984420280172846,,,,2.32,2.36,-0.00016666666666668902,1.5517016265548944,0.00016666666666665202,1.572484261101659,1.4952402104636102,1.5007039445215618,1.0173,62.9832,3.333333333341293e-06,0.8654971233326977,31.831433333333333,99.99369929482704,1.1753900033190718,0.31153729571317335,0.2116,0.2695,0.1059,0.2691,0.4043,0.3232,0.4112,0.8561,1.1387,3.087,217.72299999999998,-1.4999999999980307e-05,0.7576521745285212,3.3333333333533203e-06,0.8411560412619127,1.6666666666738847e-06,1.610047649625616,138.24735,33.55208726580768,1.1299578207278969,1.3537282154668708,1.917333523670031,2.3687244662418414,1.8380559187278511,1.8543921397146186,-1.258252761241844e-16,0.7364455679708635,-1.1287267417022424e-16,0.7271746005770044,2.495847620880206,2.5501332668153984
Veteran,Zach,51,2,Vikings,The Sovereign,Lunar,,,,,272.843,1.314,0.647,1.275,3.255,40.369,0.275,0.209,0.967,9,2,9,60,36.0,268.98,3.86,20,9.8,-5.94,-5.94,1,1,1.94,0.69,1.85,6.1,4.64,219.43886666666668,38.54352288810649,0.8082499999999999,0.24919229692640515,0.5371833333333333,0.17076592083174594,2.35915,0.5235765148945783,33.830850000000005,5.332937295474007,1.0606166666666668,0.1987957039800004,0.34283959349593496,0.1005708728654733,0.301240325203252,0.09922202417945707,1.1160703252032522,0.31326266097610156,23.224666666666668,12.926462342828565,1.0,0.0,1.0,0.0,23.224666666666668,12.926462342828565,1.5506666666666669,0.32164759464551107,0.7728333333333333,0.24074806908542712,0.5623333333333334,8.178121778208554,3.937,1.6699257062536585,3.3930000000000002,1.298915192753592,1.3855540265057722,2.0295571180892686,0.6430830351383049,1.7110202129298684,1.22599416376953,1.0784102927842993,0.6745451397909141,0.9296355921586757,0.4758636881228071,-2.256198632942048,0,0,-2.256198632942048,1.2104344624818932,0.3440664494133106,0.15745261584362644,1.2952672037443589,0.9600318842652562,,,,-1.78,-1.33,-0.00016666666666668902,1.5517016265548944,0.00016666666666665202,1.572484261101659,-1.1470203439078295,-0.8459014182658794,0.2889,-10.989,3.333333333341293e-06,0.8654971233326977,31.831433333333333,99.99369929482704,0.33379275202468184,-0.42823131492594513,0.0601,0.288,-0.1456,-0.2065,0.432,0.0918,-0.3154,-0.004000000000000031,0.20840000000000003,-1.0458,204.319,-1.4999999999980307e-05,0.7576521745285212,3.3333333333533203e-06,0.8411560412619127,1.6666666666738847e-06,1.610047649625616,138.24735,33.55208726580768,-0.0052596694551558226,0.2477503060597739,-0.6495470285676618,1.969226220609303,0.6105770996102511,0.6521302749870198,-1.258252761241844e-16,0.7364455679708635,-1.1287267417022424e-16,0.7271746005770044,0.8290865288151316,0.8968001281529392
